Trial_Nr,Trial_Id,Block_Name,Block_Nr,Task_Name,Task_Nr,Exp_Subject_Id,Rec_Session_Id,Session_Nr,variable_name,timestamp,value
1,1,block_1,1,instructions,1,1079503,1259090,1,gaze_data,1741733968672,
1,1,block_1,1,instructions,1,1079503,1259090,1,gaze_data,1741734592608,
1,1,block_1,1,instructions,1,1079503,1259090,1,applied_drift,1741733968672,
1,1,block_1,1,instructions,1,1079503,1259090,1,applied_drift,1741734592609,
1,1,block_2,2,Provo_ID3,1,1079503,1259090,1,gaze_data,1741734646446,
1,1,block_2,2,Provo_ID3,1,1079503,1259090,1,gaze_data,1741734681903,311.5866959095001,94.13074553012848,1741734681825.6,0.9464472450290993
1,1,block_2,2,Provo_ID3,1,1079503,1259090,1,gaze_data,1741734681935,328.351628780365,107.6339989900589,1741734681892.4001,0.9464472450290993
1,1,block_2,2,Provo_ID3,1,1079503,1259090,1,gaze_data,1741734681971,309.8914444446564,132.1943312883377,1741734681925.7,1
1,1,block_2,2,Provo_ID3,1,1079503,1259090,1,gaze_data,1741734681989,308.9350759983063,105.49766421318054,1741734681958.7,1
1,1,block_2,2,Provo_ID3,1,1079503,1259090,1,gaze_data,1741734682028,290.84057807922363,112.76654005050659,1741734681992.8,0.962624017593646
1,1,block_2,2,Provo_ID3,1,1079503,1259090,1,gaze_data,1741734682086,308.4194839000702,117.4446627497673,1741734682033.6,1
1,1,block_2,2,Provo_ID3,1,1079503,1259090,1,gaze_data,1741734682109,318.4680759906769,230.96331479027867,1741734682059.1,1
1,1,block_2,2,Provo_ID3,1,1079503,1259090,1,gaze_data,1741734682143,338.38509917259216,236.68831624090672,1741734682091.7,1
1,1,block_2,2,Provo_ID3,1,1079503,1259090,1,gaze_data,1741734682167,368.7476694583893,272.87586256861687,1741734682125.6,1
1,1,block_2,2,Provo_ID3,1,1079503,1259090,1,gaze_data,1741734682208,351.8282175064087,270.49194127321243,1741734682158.4001,0.9890422887185832
1,1,block_2,2,Provo_ID3,1,1079503,1259090,1,gaze_data,1741734682246,363.49154114723206,283.93126875162125,1741734682199.8,1
1,1,block_2,2,Provo_ID3,1,1079503,1259090,1,gaze_data,1741734682270,232.6458215713501,195.7631692290306,1741734682225.2,1
1,1,block_2,2,Provo_ID3,1,1079503,1259090,1,gaze_data,1741734682317,129.17110919952393,140.68080335855484,1741734682258.8,0.9634263042906372
1,1,block_2,2,Provo_ID3,1,1079503,1259090,1,gaze_data,1741734682350,93.42308044433594,99.63156878948212,1741734682291.8,0.6264932405544457
1,1,block_2,2,Provo_ID3,1,1079503,1259090,1,gaze_data,1741734682378,81.51235580444336,96.02524936199188,1741734682325.9001,0.6264932405544457
1,1,block_2,2,Provo_ID3,1,1079503,1259090,1,gaze_data,1741734682407,60.11538505554199,123.08996021747589,1741734682358.5,0.9380744993757859
1,1,block_2,2,Provo_ID3,1,1079503,1259090,1,gaze_data,1741734682454,64.51959609985352,137.81545162200928,1741734682392.2,0.9250738316033975
1,1,block_2,2,Provo_ID3,1,1079503,1259090,1,gaze_data,1741734682487,69.70233917236328,132.98985213041306,1741734682425.3,0.9250738316033975
1,1,block_2,2,Provo_ID3,1,1079503,1259090,1,gaze_data,1741734682533,79.97305393218994,131.57296031713486,1741734682458.5,1
1,1,block_2,2,Provo_ID3,1,1079503,1259090,1,gaze_data,1741734682561,44.69935894012451,121.69541269540787,1741734682527.5,1
1,1,block_2,2,Provo_ID3,1,1079503,1259090,1,gaze_data,1741734682602,44.53244209289551,123.25928956270218,1741734682558.5,1
1,1,block_2,2,Provo_ID3,1,1079503,1259090,1,gaze_data,1741734682636,74.16708469390869,120.37409693002701,1741734682594,1
1,1,block_2,2,Provo_ID3,1,1079503,1259090,1,gaze_data,1741734682662,60.73887348175049,122.47772365808487,1741734682625.1,1
1,1,block_2,2,Provo_ID3,1,1079503,1259090,1,gaze_data,1741734682695,60.76986789703369,97.3549097776413,1741734682659.9001,1
1,1,block_2,2,Provo_ID3,1,1079503,1259090,1,gaze_data,1741734682752,158.311128616333,108.63373279571533,1741734682693.4001,1
1,1,block_2,2,Provo_ID3,1,1079503,1259090,1,gaze_data,1741734682770,184.70230102539062,119.13250237703323,1741734682725.7,1
1,1,block_2,2,Provo_ID3,1,1079503,1259090,1,gaze_data,1741734682805,223.4917402267456,94.68713998794556,1741734682758.5,0.9804069114031537
1,1,block_2,2,Provo_ID3,1,1079503,1259090,1,gaze_data,1741734682835,214.72244262695312,103.28823924064636,1741734682791.9001,0.9804069114031537
1,1,block_2,2,Provo_ID3,1,1079503,1259090,1,gaze_data,1741734682876,201.74877643585205,131.6355973482132,1741734682824.9001,0.9581247026730306
1,1,block_2,2,Provo_ID3,1,1079503,1259090,1,gaze_data,1741734682919,214.4059181213379,121.9549611210823,1741734682866.3,1
1,1,block_2,2,Provo_ID3,1,1079503,1259090,1,gaze_data,1741734682936,238.09161186218262,126.73758566379547,1741734682891.8,1
1,1,block_2,2,Provo_ID3,1,1079503,1259090,1,gaze_data,1741734682972,254.5060396194458,132.72008895874023,1741734682925.5,0.9882232321694295
1,1,block_2,2,Provo_ID3,1,1079503,1259090,1,gaze_data,1741734683021,259.12578105926514,98.71143698692322,1741734682958.2,0.9628884481866864
1,1,block_2,2,Provo_ID3,1,1079503,1259090,1,gaze_data,1741734683046,258.7223291397095,100.36443769931793,1741734682991.9001,0.9628884481866864
1,1,block_2,2,Provo_ID3,1,1079503,1259090,1,gaze_data,1741734683077,173.99747371673584,134.46246683597565,1741734683024.8,1
1,1,block_2,2,Provo_ID3,1,1079503,1259090,1,gaze_data,1741734683100,165.43586254119873,149.01594668626785,1741734683058.7,1
1,1,block_2,2,Provo_ID3,1,1079503,1259090,1,gaze_data,1741734683142,119.92883682250977,153.10332030057907,1741734683091.4001,0.8361574612954055
1,1,block_2,2,Provo_ID3,1,1079503,1259090,1,gaze_data,1741734683192,116.36083126068115,147.65565693378448,1741734683125.2,0.8688011930549231
1,1,block_2,2,Provo_ID3,1,1079503,1259090,1,gaze_data,1741734683219,106.76219463348389,153.432434797287,1741734683162.3,0.8688011930549231
1,1,block_2,2,Provo_ID3,1,1079503,1259090,1,gaze_data,1741734683256,126.53560638427734,175.3978118300438,1741734683191.9001,1
1,1,block_2,2,Provo_ID3,1,1079503,1259090,1,gaze_data,1741734683284,260.01877784729004,198.79647195339203,1741734683224.8,1
1,1,block_2,2,Provo_ID3,1,1079503,1259090,1,gaze_data,1741734683323,324.84134435653687,148.1014996767044,1741734683258.5,1
1,1,block_2,2,Provo_ID3,1,1079503,1259090,1,gaze_data,1741734683345,382.8385680913925,156.81763589382172,1741734683291.3,1
1,1,block_2,2,Provo_ID3,1,1079503,1259090,1,gaze_data,1741734683385,425.36366283893585,203.0219830572605,1741734683325,0.8745944515099779
1,1,block_2,2,Provo_ID3,1,1079503,1259090,1,gaze_data,1741734683408,429.10133600234985,192.25889295339584,1741734683358.1,0.8745944515099779
1,1,block_2,2,Provo_ID3,1,1079503,1259090,1,gaze_data,1741734683446,445.3804552555084,155.02614378929138,1741734683402.9001,1
1,1,block_2,2,Provo_ID3,1,1079503,1259090,1,gaze_data,1741734683472,453.5827875137329,155.89518696069717,1741734683424.8,1
1,1,block_2,2,Provo_ID3,1,1079503,1259090,1,gaze_data,1741734683509,444.78155970573425,167.4096643924713,1741734683457.9001,1
1,1,block_2,2,Provo_ID3,1,1079503,1259090,1,gaze_data,1741734683542,490.89452624320984,165.51875919103622,1741734683491.2,1
1,1,block_2,2,Provo_ID3,1,1079503,1259090,1,gaze_data,1741734683581,593.3606624603271,141.58993810415268,1741734683524.8,1
1,1,block_2,2,Provo_ID3,1,1079503,1259090,1,gaze_data,1741734683617,618.316125869751,165.48269093036652,1741734683558,1
1,1,block_2,2,Provo_ID3,1,1079503,1259090,1,gaze_data,1741734683655,629.0839195251465,175.2745196223259,1741734683604,1
1,1,block_2,2,Provo_ID3,1,1079503,1259090,1,gaze_data,1741734683672,597.1728563308716,190.61336517333984,1741734683624.8,1
1,1,block_2,2,Provo_ID3,1,1079503,1259090,1,gaze_data,1741734683709,603.1251668930054,152.36071348190308,1741734683658.2,0.9089439244024664
1,1,block_2,2,Provo_ID3,1,1079503,1259090,1,gaze_data,1741734683752,542.7719593048096,202.99353674054146,1741734683691.2,1
1,1,block_2,2,Provo_ID3,1,1079503,1259090,1,gaze_data,1741734683776,278.1411647796631,321.1807146668434,1741734683725.1,1
1,1,block_2,2,Provo_ID3,1,1079503,1259090,1,gaze_data,1741734683808,262.0601177215576,306.8171724677086,1741734683757.6,1
1,1,block_2,2,Provo_ID3,1,1079503,1259090,1,gaze_data,1741734683848,249.1311550140381,304.70553636550903,1741734683791.5,1
1,1,block_2,2,Provo_ID3,1,1079503,1259090,1,gaze_data,1741734683892,237.56177425384521,322.9824289679527,1741734683841.7,0.9739679839240702
1,1,block_2,2,Provo_ID3,1,1079503,1259090,1,gaze_data,1741734683934,218.64056587219238,314.8505970835686,1741734683862.9001,1
1,1,block_2,2,Provo_ID3,1,1079503,1259090,1,gaze_data,1741734683966,167.1300172805786,320.0782373547554,1741734683891.3,0.8697403021977199
1,1,block_2,2,Provo_ID3,1,1079503,1259090,1,gaze_data,1741734683986,172.19409942626953,315.2337580919266,1741734683925,0.8697403021977199
1,1,block_2,2,Provo_ID3,1,1079503,1259090,1,gaze_data,1741734684026,152.0705223083496,312.17869967222214,1741734683957.7,0.9056228731490079
1,1,block_2,2,Provo_ID3,1,1079503,1259090,1,gaze_data,1741734684068,147.74610996246338,299.35392588377,1741734683991.7,0.8506141832582794
1,1,block_2,2,Provo_ID3,1,1079503,1259090,1,gaze_data,1741734684087,147.74610996246338,299.35392588377,1741734684024.6,0.8506141832582794
1,1,block_2,2,Provo_ID3,1,1079503,1259090,1,gaze_data,1741734684142,417.2447144985199,277.89702862501144,1741734684091,0.9507712560212003
1,1,block_2,2,Provo_ID3,1,1079503,1259090,1,gaze_data,1741734684159,408.963480591774,281.9504611194134,1741734684124.7,0.9507712560212003
1,1,block_2,2,Provo_ID3,1,1079503,1259090,1,gaze_data,1741734684193,477.25953459739685,289.57996368408203,1741734684157.7,1
1,1,block_2,2,Provo_ID3,1,1079503,1259090,1,gaze_data,1741734684237,490.544855594635,275.9744957089424,1741734684191.4001,1
1,1,block_2,2,Provo_ID3,1,1079503,1259090,1,gaze_data,1741734684266,475.91782212257385,280.92621490359306,1741734684224.4001,1
1,1,block_2,2,Provo_ID3,1,1079503,1259090,1,gaze_data,1741734684302,492.20845103263855,274.34871569275856,1741734684259.8,1
1,1,block_2,2,Provo_ID3,1,1079503,1259090,1,gaze_data,1741734684325,500.6237864494324,278.30291390419006,1741734684290.9001,1
1,1,block_2,2,Provo_ID3,1,1079503,1259090,1,gaze_data,1741734684364,416.6425555944443,435.63221991062164,1741734684325,1
1,1,block_2,2,Provo_ID3,1,1079503,1259090,1,gaze_data,1741734684387,410.02956852316856,437.56348490715027,1741734684357.6,1
1,1,block_2,2,Provo_ID3,1,1079503,1259090,1,gaze_data,1741734684430,385.4770928621292,430.976277589798,1741734684391.4001,1
1,1,block_2,2,Provo_ID3,1,1079503,1259090,1,gaze_data,1741734684475,331.80352449417114,433.5276246070862,1741734684424.2,0.956009026476921
1,1,block_2,2,Provo_ID3,1,1079503,1259090,1,gaze_data,1741734684497,376.8174260854721,444.2566692829132,1741734684458,0.956009026476921
1,1,block_2,2,Provo_ID3,1,1079503,1259090,1,gaze_data,1741734684535,321.41953110694885,442.26176142692566,1741734684491.6,0.8719514323584963
1,1,block_2,2,Provo_ID3,1,1079503,1259090,1,gaze_data,1741734684581,310.20955443382263,411.15497648715973,1741734684530.8,0.7748656712035111
1,1,block_2,2,Provo_ID3,1,1079503,1259090,1,gaze_data,1741734684604,323.1270492076874,431.6078782081604,1741734684557.6,0.7748656712035111
1,1,block_2,2,Provo_ID3,1,1079503,1259090,1,gaze_data,1741734684646,315.1719629764557,329.22928631305695,1741734684591.3,0.707063709148222
1,1,block_2,2,Provo_ID3,1,1079503,1259090,1,gaze_data,1741734684668,269.80462074279785,234.48123633861542,1741734684624.2,0.707063709148222
1,1,block_2,2,Provo_ID3,1,1079503,1259090,1,gaze_data,1741734684709,270.6406593322754,228.56835220009089,1741734684657.7,0.9117590893425671
1,1,block_2,2,Provo_ID3,1,1079503,1259090,1,gaze_data,1741734684746,240.36338329315186,209.8489947617054,1741734684690.8,0.7194574008814456
1,1,block_2,2,Provo_ID3,1,1079503,1259090,1,gaze_data,1741734684785,228.66718769073486,238.25882226228714,1741734684730,0.7336821852043611
1,1,block_2,2,Provo_ID3,1,1079503,1259090,1,gaze_data,1741734684811,205.44862747192383,237.86081317812204,1741734684757.6,0.7336821852043611
1,1,block_2,2,Provo_ID3,1,1079503,1259090,1,gaze_data,1741734684848,222.6163625717163,248.12986180186272,1741734684791.2,0.5734898162494999
1,1,block_2,2,Provo_ID3,1,1079503,1259090,1,gaze_data,1741734684867,264.9294137954712,247.1509076654911,1741734684824.2,0.5734898162494999
1,1,block_2,2,Provo_ID3,1,1079503,1259090,1,gaze_data,1741734684911,379.71161901950836,217.03471280634403,1741734684858.1,0.7055589951535683
1,1,block_2,2,Provo_ID3,1,1079503,1259090,1,gaze_data,1741734684948,409.6827454864979,187.63667196035385,1741734684890.7,0.7218182011739267
1,1,block_2,2,Provo_ID3,1,1079503,1259090,1,gaze_data,1741734684971,455.716609954834,197.73102030158043,1741734684924.3,0.7218182011739267
1,1,block_2,2,Provo_ID3,1,1079503,1259090,1,gaze_data,1741734685023,490.3022050857544,187.66082674264908,1741734684966.3,0.6820426028547727
1,1,block_2,2,Provo_ID3,1,1079503,1259090,1,gaze_data,1741734685041,515.7420635223389,202.92577371001244,1741734684991.8,0.6820426028547727
1,1,block_2,2,Provo_ID3,1,1079503,1259090,1,gaze_data,1741734685078,506.1927795410156,213.52154798805714,1741734685024.2,0.8587402094050726
1,1,block_2,2,Provo_ID3,1,1079503,1259090,1,gaze_data,1741734685104,516.9119715690613,208.63928496837616,1741734685058,0.8587402094050726
1,1,block_2,2,Provo_ID3,1,1079503,1259090,1,gaze_data,1741734685147,462.99082040786743,262.3108312487602,1741734685090.8,0.9778889551552892
1,1,block_2,2,Provo_ID3,1,1079503,1259090,1,gaze_data,1741734685183,409.08726304769516,288.13490122556686,1741734685125.2,0.9610354421187015
1,1,block_2,2,Provo_ID3,1,1079503,1259090,1,gaze_data,1741734685214,396.889728307724,294.5297420024872,1741734685158.2,0.9610354421187015
1,1,block_2,2,Provo_ID3,1,1079503,1259090,1,gaze_data,1741734685296,415.9920483827591,299.5224431157112,1741734685230.9001,1
1,1,block_2,2,Provo_ID3,1,1079503,1259090,1,gaze_data,1741734685340,358.2327663898468,278.4334257245064,1741734685262.4001,0.9396552599073493
1,1,block_2,2,Provo_ID3,1,1079503,1259090,1,gaze_data,1741734685367,413.28392922878265,370.07921040058136,1741734685324.6,0.9396552599073493
1,1,block_2,2,Provo_ID3,1,1079503,1259090,1,gaze_data,1741734685407,414.4727110862732,369.02221143245697,1741734685357.5,0.907293894092732
1,1,block_2,2,Provo_ID3,1,1079503,1259090,1,gaze_data,1741734685447,423.5472798347473,369.02440190315247,1741734685399.6,0.907293894092732
1,1,block_2,2,Provo_ID3,1,1079503,1259090,1,gaze_data,1741734685496,341.809207201004,392.9426580667496,1741734685424.2,0.6881819734809452
1,1,block_2,2,Provo_ID3,1,1079503,1259090,1,gaze_data,1741734685521,358.09223651885986,415.27990102767944,1741734685457.9001,0.6881819734809452
1,1,block_2,2,Provo_ID3,1,1079503,1259090,1,gaze_data,1741734685555,400.6100356578827,442.48173236846924,1741734685492.1,0.8348322928319861
1,1,block_2,2,Provo_ID3,1,1079503,1259090,1,gaze_data,1741734685575,402.5852248072624,418.48014891147614,1741734685524.1,0.8348322928319861
1,1,block_2,2,Provo_ID3,1,1079503,1259090,1,gaze_data,1741734685625,398.43725711107254,403.9107024669647,1741734685557.2,0.5883580978964924
1,1,block_2,2,Provo_ID3,1,1079503,1259090,1,gaze_data,1741734685649,333.31505060195923,233.79020430147648,1741734685599.2,0.8147208355673162
1,1,block_2,2,Provo_ID3,1,1079503,1259090,1,gaze_data,1741734685684,354.12577986717224,149.47645217180252,1741734685623.8,0.8147208355673162
1,1,block_2,2,Provo_ID3,1,1079503,1259090,1,gaze_data,1741734685728,298.4144449234009,110.8632743358612,1741734685657.5,0.7525072929196194
1,1,block_2,2,Provo_ID3,1,1079503,1259090,1,gaze_data,1741734685750,302.5601089000702,133.62946212291718,1741734685690.5,0.7525072929196194
1,1,block_2,2,Provo_ID3,1,1079503,1259090,1,gaze_data,1741734685783,272.6217746734619,99.04292821884155,1741734685724,0.8971090320603405
1,1,block_2,2,Provo_ID3,1,1079503,1259090,1,gaze_data,1741734685809,294.04876232147217,70.5614298582077,1741734685757.1,0.8971090320603405
1,1,block_2,2,Provo_ID3,1,1079503,1259090,1,gaze_data,1741734685858,258.0174922943115,104.80256974697113,1741734685790.9001,1
1,1,block_2,2,Provo_ID3,1,1079503,1259090,1,gaze_data,1741734685890,277.77955532073975,106.82333111763,1741734685827.4001,0.9671933562784609
1,1,block_2,2,Provo_ID3,1,1079503,1259090,1,gaze_data,1741734685913,245.66872119903564,106.91008567810059,1741734685857.3,0.9671933562784609
1,1,block_2,2,Provo_ID3,1,1079503,1259090,1,gaze_data,1741734685950,233.8003635406494,116.1614716053009,1741734685891.4001,1
1,1,block_2,2,Provo_ID3,1,1079503,1259090,1,gaze_data,1741734685974,230.0271987915039,106.5976232290268,1741734685924.9001,1
1,1,block_2,2,Provo_ID3,1,1079503,1259090,1,gaze_data,1741734686022,218.2809829711914,133.42879563570023,1741734685956.8,0.9672059494746144
1,1,block_2,2,Provo_ID3,1,1079503,1259090,1,gaze_data,1741734686064,194.82650756835938,103.8454532623291,1741734685990.6,0.7943638107997613
1,1,block_2,2,Provo_ID3,1,1079503,1259090,1,gaze_data,1741734686087,208.87324810028076,102.06908583641052,1741734686058.3,0.7943638107997613
1,1,block_2,2,Provo_ID3,1,1079503,1259090,1,gaze_data,1741734686134,207.56847858428955,85.39295792579651,1741734686090.4001,0.9228123050444048
1,1,block_2,2,Provo_ID3,1,1079503,1259090,1,gaze_data,1741734686168,272.2882032394409,84.6949577331543,1741734686124.1,0.8503617144216249
1,1,block_2,2,Provo_ID3,1,1079503,1259090,1,gaze_data,1741734686191,264.96825218200684,73.11699390411377,1741734686156.9001,0.8503617144216249
1,1,block_2,2,Provo_ID3,1,1079503,1259090,1,gaze_data,1741734686238,273.93057346343994,96.68249487876892,1741734686190.5,0.7864466291504075
1,1,block_2,2,Provo_ID3,1,1079503,1259090,1,gaze_data,1741734686279,371.14041447639465,91.66622757911682,1741734686230.2,1
1,1,block_2,2,Provo_ID3,1,1079503,1259090,1,gaze_data,1741734686304,352.84937620162964,100.76909363269806,1741734686257.3,1
1,1,block_2,2,Provo_ID3,1,1079503,1259090,1,gaze_data,1741734686351,378.79476249217987,87.18644678592682,1741734686290.1,1
1,1,block_2,2,Provo_ID3,1,1079503,1259090,1,gaze_data,1741734686387,379.45219576358795,83.26514661312103,1741734686323.8,1
1,1,block_2,2,Provo_ID3,1,1079503,1259090,1,gaze_data,1741734686415,414.13324922323227,97.79210984706879,1741734686373.2,1
1,1,block_2,2,Provo_ID3,1,1079503,1259090,1,gaze_data,1741734686450,421.91906571388245,79.65916991233826,1741734686390.3,1
1,1,block_2,2,Provo_ID3,1,1079503,1259090,1,gaze_data,1741734686471,429.03030812740326,92.44652688503265,1741734686423.8,1
1,1,block_2,2,Provo_ID3,1,1079503,1259090,1,gaze_data,1741734686518,432.2466850280762,109.11581516265869,1741734686456.9001,1
1,1,block_2,2,Provo_ID3,1,1079503,1259090,1,gaze_data,1741734686555,430.7608038187027,110.34687459468842,1741734686489.9001,1
1,1,block_2,2,Provo_ID3,1,1079503,1259090,1,gaze_data,1741734686576,429.02337312698364,105.05529344081879,1741734686523.8,1
1,1,block_2,2,Provo_ID3,1,1079503,1259090,1,gaze_data,1741734686608,465.7351493835449,92.82646179199219,1741734686556.5,1
1,1,block_2,2,Provo_ID3,1,1079503,1259090,1,gaze_data,1741734686660,479.5530140399933,68.43647956848145,1741734686595.9001,1
1,1,block_2,2,Provo_ID3,1,1079503,1259090,1,gaze_data,1741734686681,490.5471861362457,98.83274734020233,1741734686623.5,1
1,1,block_2,2,Provo_ID3,1,1079503,1259090,1,gaze_data,1741734686715,266.7802333831787,269.98469829559326,1741734686657,1
1,1,block_2,2,Provo_ID3,1,1079503,1259090,1,gaze_data,1741734686739,235.01741886138916,270.76002433896065,1741734686689.8,1
1,1,block_2,2,Provo_ID3,1,1079503,1259090,1,gaze_data,1741734686781,261.8614673614502,255.99657222628593,1741734686723.6,1
1,1,block_2,2,Provo_ID3,1,1079503,1259090,1,gaze_data,1741734686819,270.6463098526001,258.602949231863,1741734686756.6,1
1,1,block_2,2,Provo_ID3,1,1079503,1259090,1,gaze_data,1741734686841,255.6333303451538,254.35109473764896,1741734686793.4001,1
1,1,block_2,2,Provo_ID3,1,1079503,1259090,1,gaze_data,1741734686877,271.0404872894287,265.9581698477268,1741734686823.3,1
1,1,block_2,2,Provo_ID3,1,1079503,1259090,1,gaze_data,1741734686923,290.84529876708984,250.46076104044914,1741734686856.7,1
1,1,block_2,2,Provo_ID3,1,1079503,1259090,1,gaze_data,1741734686947,268.4943437576294,246.2763510644436,1741734686889.8,1
1,1,block_2,2,Provo_ID3,1,1079503,1259090,1,gaze_data,1741734686985,256.64637088775635,252.32663229107857,1741734686923.5,1
1,1,block_2,2,Provo_ID3,1,1079503,1259090,1,gaze_data,1741734687004,229.42795753479004,251.84161812067032,1741734686956.5,1
1,1,block_2,2,Provo_ID3,1,1079503,1259090,1,gaze_data,1741734687041,162.41426467895508,292.07413494586945,1741734686990.3,1
1,1,block_2,2,Provo_ID3,1,1079503,1259090,1,gaze_data,1741734687106,140.5869960784912,290.90332090854645,1741734687060.5,1
1,1,block_2,2,Provo_ID3,1,1079503,1259090,1,gaze_data,1741734687128,137.96193599700928,288.3993148803711,1741734687090,1
1,1,block_2,2,Provo_ID3,1,1079503,1259090,1,gaze_data,1741734687161,266.0860061645508,297.40012288093567,1741734687123.5,1
1,1,block_2,2,Provo_ID3,1,1079503,1259090,1,gaze_data,1741734687204,217.73641109466553,232.31778610497713,1741734687156.4001,0.7466308035805214
1,1,block_2,2,Provo_ID3,1,1079503,1259090,1,gaze_data,1741734687230,315.887588262558,92.93145537376404,1741734687190.1,0.7466308035805214
1,1,block_2,2,Provo_ID3,1,1079503,1259090,1,gaze_data,1741734687263,322.86407351493835,205.7727374136448,1741734687223.2,0
1,1,block_2,2,Provo_ID3,1,1079503,1259090,1,gaze_data,1741734687292,363.48612904548645,258.0014079809189,1741734687256.6,0
1,1,block_2,2,Provo_ID3,1,1079503,1259090,1,gaze_data,1741734687492,338.5577380657196,369.5310413837433,1741734687289.7,0
1,1,block_2,2,Provo_ID3,1,1079503,1259090,1,gaze_data,1741734687584,446.6509819030762,384.8567068576813,1741734687405.9001,0
1,1,block_2,2,Provo_ID3,1,1079503,1259090,1,gaze_data,1741734687606,396.7116743326187,380.32688796520233,1741734687556.7,0
1,1,block_2,2,Provo_ID3,1,1079503,1259090,1,gaze_data,1741734687638,509.67092514038086,404.27463352680206,1741734687590,0.10936203140534125
1,1,block_2,2,Provo_ID3,1,1079503,1259090,1,gaze_data,1741734687666,492.3927068710327,411.96849048137665,1741734687622.9001,0.10936203140534125
1,1,block_2,2,Provo_ID3,1,1079503,1259090,1,gaze_data,1741734687708,347.8172302246094,359.86015796661377,1741734687657.2,0.7993001861971305
1,1,block_2,2,Provo_ID3,1,1079503,1259090,1,gaze_data,1741734687749,304.6935021877289,269.21622678637505,1741734687689.3,0.9087828839544375
1,1,block_2,2,Provo_ID3,1,1079503,1259090,1,gaze_data,1741734687770,310.5862557888031,148.28473180532455,1741734687723,0.9087828839544375
1,1,block_2,2,Provo_ID3,1,1079503,1259090,1,gaze_data,1741734687818,299.5063066482544,112.51266896724701,1741734687772,0.14116355422167537
1,1,block_2,2,Provo_ID3,1,1079503,1259090,1,gaze_data,1741734687850,163.4096622467041,157.69673734903336,1741734687792.2,0
1,1,block_2,2,Provo_ID3,1,1079503,1259090,1,gaze_data,1741734687872,225.88090896606445,231.11357437446713,1741734687823,0
1,1,block_2,2,Provo_ID3,1,1079503,1259090,1,gaze_data,1741734687906,226.95512771606445,228.61099001020193,1741734687856.3,0
1,1,block_2,2,Provo_ID3,1,1079503,1259090,1,gaze_data,1741734687955,332.50986337661743,157.9758733510971,1741734687889.4001,0.06319745317474043
1,1,block_2,2,Provo_ID3,1,1079503,1259090,1,gaze_data,1741734687983,309.7521722316742,149.13867264986038,1741734687923.1,0.06319745317474043
1,1,block_2,2,Provo_ID3,1,1079503,1259090,1,gaze_data,1741734688056,322.70769476890564,113.33126425743103,1741734687963.8,0.32788483278048136
1,1,block_2,2,Provo_ID3,1,1079503,1259090,1,gaze_data,1741734688114,337.46615052223206,60.745587944984436,1741734688031,0.32788483278048136
1,1,block_2,2,Provo_ID3,1,1079503,1259090,1,gaze_data,1741734688207,296.4495658874512,114.95124399662018,1741734688156.1,0.7839958530946802
1,1,block_2,2,Provo_ID3,1,1079503,1259090,1,gaze_data,1741734688240,295.1404333114624,117.98496395349503,1741734688189.6,0.7839958530946802
1,1,block_2,2,Provo_ID3,1,1079503,1259090,1,gaze_data,1741734688274,336.56479716300964,107.74657726287842,1741734688222.6,1
1,1,block_2,2,Provo_ID3,1,1079503,1259090,1,gaze_data,1741734688292,275.13318061828613,96.95268273353577,1741734688256.2,1
1,1,block_2,2,Provo_ID3,1,1079503,1259090,1,gaze_data,1741734688334,153.11706066131592,132.43158757686615,1741734688289.8,1
1,1,block_2,2,Provo_ID3,1,1079503,1259090,1,gaze_data,1741734688354,160.17367839813232,153.4949228167534,1741734688323.1,1
1,1,block_2,2,Provo_ID3,1,1079503,1259090,1,gaze_data,1741734688401,163.58716487884521,115.34902304410934,1741734688356.2,0.9361445983674033
1,1,block_2,2,Provo_ID3,1,1079503,1259090,1,gaze_data,1741734688427,155.05683422088623,108.95056128501892,1741734688389.5,0.9361445983674033
1,1,block_2,2,Provo_ID3,1,1079503,1259090,1,gaze_data,1741734688467,148.41747283935547,104.43162024021149,1741734688422.5,1
1,1,block_2,2,Provo_ID3,1,1079503,1259090,1,gaze_data,1741734688508,204.54673767089844,115.29990136623383,1741734688456.2,1
1,1,block_2,2,Provo_ID3,1,1079503,1259090,1,gaze_data,1741734688533,340.02373218536377,94.20568346977234,1741734688489.1,1
1,1,block_2,2,Provo_ID3,1,1079503,1259090,1,gaze_data,1741734688568,407.2786495089531,73.1815755367279,1741734688523.2,0.7850176324863263
1,1,block_2,2,Provo_ID3,1,1079503,1259090,1,gaze_data,1741734688589,420.5641806125641,56.743836402893066,1741734688555.8,0.7850176324863263
1,1,block_2,2,Provo_ID3,1,1079503,1259090,1,gaze_data,1741734688641,431.82053565979004,62.39057183265686,1741734688598.7,1
1,1,block_2,2,Provo_ID3,1,1079503,1259090,1,gaze_data,1741734688680,455.25370836257935,73.22234511375427,1741734688622.3,1
1,1,block_2,2,Provo_ID3,1,1079503,1259090,1,gaze_data,1741734688697,474.5616674423218,73.73257577419281,1741734688656.3,1
1,1,block_2,2,Provo_ID3,1,1079503,1259090,1,gaze_data,1741734688744,409.9351428449154,94.0885603427887,1741734688689.3,1
1,1,block_2,2,Provo_ID3,1,1079503,1259090,1,gaze_data,1741734688780,225.92394351959229,215.3389923274517,1741734688722.7,1
1,1,block_2,2,Provo_ID3,1,1079503,1259090,1,gaze_data,1741734688826,188.16659450531006,224.3309611454606,1741734688793.9001,1
1,1,block_2,2,Provo_ID3,1,1079503,1259090,1,gaze_data,1741734688864,179.7422170639038,207.8992635011673,1741734688822.6,0.9777867489544625
1,1,block_2,2,Provo_ID3,1,1079503,1259090,1,gaze_data,1741734688896,193.3833360671997,185.76714247465134,1741734688856.3,1
1,1,block_2,2,Provo_ID3,1,1079503,1259090,1,gaze_data,1741734688920,210.6074094772339,174.24771040678024,1741734688891.8,1
1,1,block_2,2,Provo_ID3,1,1079503,1259090,1,gaze_data,1741734688963,213.46828937530518,233.00912268459797,1741734688922.8,1
1,1,block_2,2,Provo_ID3,1,1079503,1259090,1,gaze_data,1741734689001,217.86675453186035,173.1501802802086,1741734688955.9001,1
1,1,block_2,2,Provo_ID3,1,1079503,1259090,1,gaze_data,1741734689025,206.38465881347656,165.3364211320877,1741734688989.3,1
1,1,block_2,2,Provo_ID3,1,1079503,1259090,1,gaze_data,1741734689087,198.81024360656738,298.5449492931366,1741734689037.7,1
1,1,block_2,2,Provo_ID3,1,1079503,1259090,1,gaze_data,1741734689123,267.58835315704346,306.9856896996498,1741734689056.3,1
1,1,block_2,2,Provo_ID3,1,1079503,1259090,1,gaze_data,1741734689151,260.0722551345825,333.1906035542488,1741734689089.3,1
1,1,block_2,2,Provo_ID3,1,1079503,1259090,1,gaze_data,1741734689190,266.40121936798096,337.35667020082474,1741734689122.7,1
1,1,block_2,2,Provo_ID3,1,1079503,1259090,1,gaze_data,1741734689207,257.9329252243042,335.2250665426254,1741734689155.6,1
1,1,block_2,2,Provo_ID3,1,1079503,1259090,1,gaze_data,1741734689243,309.3980014324188,304.2120546102524,1741734689189.1,1
1,1,block_2,2,Provo_ID3,1,1079503,1259090,1,gaze_data,1741734689281,401.5595182776451,191.5362983942032,1741734689242.2,0.9448848178058218
1,1,block_2,2,Provo_ID3,1,1079503,1259090,1,gaze_data,1741734689322,444.41007673740387,177.61656120419502,1741734689256.2,0.9448848178058218
1,1,block_2,2,Provo_ID3,1,1079503,1259090,1,gaze_data,1741734689358,462.0094895362854,171.29640132188797,1741734689288.8,0.8376643078094284
1,1,block_2,2,Provo_ID3,1,1079503,1259090,1,gaze_data,1741734689389,486.3671004772186,190.16170725226402,1741734689323.1,0.8376643078094284
1,1,block_2,2,Provo_ID3,1,1079503,1259090,1,gaze_data,1741734689425,534.9839210510254,228.0307974666357,1741734689355.6,1
1,1,block_2,2,Provo_ID3,1,1079503,1259090,1,gaze_data,1741734689441,506.2969923019409,203.18491607904434,1741734689389.3,1
1,1,block_2,2,Provo_ID3,1,1079503,1259090,1,gaze_data,1741734689482,450.9685754776001,207.1457639336586,1741734689421.9001,1
1,1,block_2,2,Provo_ID3,1,1079503,1259090,1,gaze_data,1741734689565,487.4443054199219,164.56724554300308,1741734689494.6,1
1,1,block_2,2,Provo_ID3,1,1079503,1259090,1,gaze_data,1741734689589,499.565589427948,134.1622605919838,1741734689531.2,1
1,1,block_2,2,Provo_ID3,1,1079503,1259090,1,gaze_data,1741734689626,449.3672698736191,135.93506664037704,1741734689555.8,1
1,1,block_2,2,Provo_ID3,1,1079503,1259090,1,gaze_data,1741734689652,478.24835777282715,135.47769039869308,1741734689590.6,1
1,1,block_2,2,Provo_ID3,1,1079503,1259090,1,gaze_data,1741734689717,534.7439050674438,136.9599238038063,1741734689626,1
1,1,block_2,2,Provo_ID3,1,1079503,1259090,1,gaze_data,1741734689779,676.7884016036987,153.9088249206543,1741734689689.4001,1
1,1,block_2,2,Provo_ID3,1,1079503,1259090,1,gaze_data,1741734689826,659.8759651184082,151.9382432103157,1741734689755.5,1
1,1,block_2,2,Provo_ID3,1,1079503,1259090,1,gaze_data,1741734689853,644.7088718414307,129.106967151165,1741734689793.2,1
1,1,block_2,2,Provo_ID3,1,1079503,1259090,1,gaze_data,1741734689883,637.7245426177979,195.11253982782364,1741734689822,0.8151925432539455
1,1,block_2,2,Provo_ID3,1,1079503,1259090,1,gaze_data,1741734689906,401.3057515025139,393.4860736131668,1741734689855.6,0.8151925432539455
1,1,block_2,2,Provo_ID3,1,1079503,1259090,1,gaze_data,1741734689952,310.35847067832947,378.64640951156616,1741734689888.4001,0.8388915792299776
1,1,block_2,2,Provo_ID3,1,1079503,1259090,1,gaze_data,1741734689985,373.8379567861557,345.61911076307297,1741734689922.3,0.9842745707641778
1,1,block_2,2,Provo_ID3,1,1079503,1259090,1,gaze_data,1741734690007,362.8725230693817,344.1997602581978,1741734689955,0.9842745707641778
1,1,block_2,2,Provo_ID3,1,1079503,1259090,1,gaze_data,1741734690044,341.4372503757477,361.74408197402954,1741734689991,0.960488759773833
1,1,block_2,2,Provo_ID3,1,1079503,1259090,1,gaze_data,1741734690071,379.47288751602173,331.24872148036957,1741734690022.2,0.960488759773833
1,1,block_2,2,Provo_ID3,1,1079503,1259090,1,gaze_data,1741734690114,292.18106269836426,334.94356125593185,1741734690055.6,0.9291420775821142
1,1,block_2,2,Provo_ID3,1,1079503,1259090,1,gaze_data,1741734690146,173.0121374130249,345.040625333786,1741734690088.5,0.9103982581232719
1,1,block_2,2,Provo_ID3,1,1079503,1259090,1,gaze_data,1741734690172,173.09176921844482,335.49721390008926,1741734690122.3,0.9103982581232719
1,1,block_2,2,Provo_ID3,1,1079503,1259090,1,gaze_data,1741734690221,206.000018119812,359.27478075027466,1741734690167.8,0.8751282100934707
1,1,block_2,2,Provo_ID3,1,1079503,1259090,1,gaze_data,1741734690254,193.35930347442627,354.8248618841171,1741734690189,0.7876081720491679
1,1,block_2,2,Provo_ID3,1,1079503,1259090,1,gaze_data,1741734690271,184.139084815979,369.4466710090637,1741734690221.7,0.7876081720491679
1,1,block_2,2,Provo_ID3,1,1079503,1259090,1,gaze_data,1741734690307,184.58874225616455,341.28515273332596,1741734690255.3,0.8243149653388953
1,1,block_2,2,Provo_ID3,1,1079503,1259090,1,gaze_data,1741734690355,308.67294669151306,301.61745697259903,1741734690288.3,0.7780415783082236
1,1,block_2,2,Provo_ID3,1,1079503,1259090,1,gaze_data,1741734690375,386.8861973285675,240.92989265918732,1741734690322.3,0.7780415783082236
1,1,block_2,2,Provo_ID3,1,1079503,1259090,1,gaze_data,1741734690430,439.1473650932312,248.93419668078423,1741734690389.9001,0.8020509438214752
1,1,block_2,2,Provo_ID3,1,1079503,1259090,1,gaze_data,1741734690460,450.49612522125244,280.033341050148,1741734690422,0.6989857172375219
1,1,block_2,2,Provo_ID3,1,1079503,1259090,1,gaze_data,1741734690504,448.2443958520889,241.21264033019543,1741734690455.3,0.8223181456991284
1,1,block_2,2,Provo_ID3,1,1079503,1259090,1,gaze_data,1741734690534,478.3359885215759,261.1134074628353,1741734690488.4001,0.8223181456991284
1,1,block_2,2,Provo_ID3,1,1079503,1259090,1,gaze_data,1741734690567,501.40548944473267,245.46498470008373,1741734690522.1,0.8109921758441034
1,1,block_2,2,Provo_ID3,1,1079503,1259090,1,gaze_data,1741734690593,502.12775468826294,277.2268936038017,1741734690555,0.8109921758441034
1,1,block_2,2,Provo_ID3,1,1079503,1259090,1,gaze_data,1741734690652,505.02450466156006,297.54768908023834,1741734690597.8,0.9747906935882082
1,1,block_2,2,Provo_ID3,1,1079503,1259090,1,gaze_data,1741734690682,494.79695558547974,281.7443035542965,1741734690621.7,0.9263164643459496
1,1,block_2,2,Provo_ID3,1,1079503,1259090,1,gaze_data,1741734690703,536.5119218826294,289.5185261964798,1741734690655.3,0.9263164643459496
1,1,block_2,2,Provo_ID3,1,1079503,1259090,1,gaze_data,1741734690744,507.98587799072266,300.9022682905197,1741734690688.1,0.851928055838838
1,1,block_2,2,Provo_ID3,1,1079503,1259090,1,gaze_data,1741734690783,492.47535467147827,291.7782872915268,1741734690721.9001,0.9622993220877323
1,1,block_2,2,Provo_ID3,1,1079503,1259090,1,gaze_data,1741734690807,511.5072727203369,312.1419832110405,1741734690755,0.9622993220877323
1,1,block_2,2,Provo_ID3,1,1079503,1259090,1,gaze_data,1741734690840,500.2127170562744,295.6908106803894,1741734690788.4001,1
1,1,block_2,2,Provo_ID3,1,1079503,1259090,1,gaze_data,1741734690889,510.5964183807373,306.08627796173096,1741734690821.6,1
1,1,block_2,2,Provo_ID3,1,1079503,1259090,1,gaze_data,1741734690912,514.2621755599976,312.04589307308197,1741734690876.1,1
1,1,block_2,2,Provo_ID3,1,1079503,1259090,1,gaze_data,1741734690941,513.1107926368713,309.4051092863083,1741734690888.6,1
1,1,block_2,2,Provo_ID3,1,1079503,1259090,1,gaze_data,1741734690984,501.3601064682007,301.4032304286957,1741734690922.1,1
1,1,block_2,2,Provo_ID3,1,1079503,1259090,1,gaze_data,1741734691013,497.2307860851288,307.9452574253082,1741734690954.9001,1
1,1,block_2,2,Provo_ID3,1,1079503,1259090,1,gaze_data,1741734691048,505.2797555923462,300.84862411022186,1741734690988.9001,1
1,1,block_2,2,Provo_ID3,1,1079503,1259090,1,gaze_data,1741734691069,505.8824300765991,294.0982863306999,1741734691021.5,1
1,1,block_2,2,Provo_ID3,1,1079503,1259090,1,gaze_data,1741734691112,509.04626846313477,296.98353111743927,1741734691055.1,0.9769762225327487
1,1,block_2,2,Provo_ID3,1,1079503,1259090,1,gaze_data,1741734691152,369.3526268005371,346.6742917895317,1741734691108.3,0.9395808925021951
1,1,block_2,2,Provo_ID3,1,1079503,1259090,1,gaze_data,1741734691172,337.49573826789856,374.862140417099,1741734691121.8,0.9395808925021951
1,1,block_2,2,Provo_ID3,1,1079503,1259090,1,gaze_data,1741734691210,360.71640849113464,376.94420516490936,1741734691154.9001,1
1,1,block_2,2,Provo_ID3,1,1079503,1259090,1,gaze_data,1741734691251,274.441123008728,392.83998906612396,1741734691188.4001,0.8073862072933391
1,1,block_2,2,Provo_ID3,1,1079503,1259090,1,gaze_data,1741734691274,287.50624656677246,405.7508021593094,1741734691221.3,0.8073862072933391
1,1,block_2,2,Provo_ID3,1,1079503,1259090,1,gaze_data,1741734691308,294.41635608673096,420.2175348997116,1741734691255.1,0.9635191851361391
1,1,block_2,2,Provo_ID3,1,1079503,1259090,1,gaze_data,1741734691381,315.33690094947815,389.64076936244965,1741734691288.3,0.9184079895650341
1,1,block_2,2,Provo_ID3,1,1079503,1259090,1,gaze_data,1741734691418,338.3568286895752,389.9048775434494,1741734691354.8,0.9184079895650341
1,1,block_2,2,Provo_ID3,1,1079503,1259090,1,gaze_data,1741734691473,376.21849179267883,398.5602170228958,1741734691424.3,0.8376260313796342
1,1,block_2,2,Provo_ID3,1,1079503,1259090,1,gaze_data,1741734691498,388.57748806476593,379.8726558685303,1741734691454.9001,0.8376260313796342
1,1,block_2,2,Provo_ID3,1,1079503,1259090,1,gaze_data,1741734691530,414.4199773669243,393.3618873357773,1741734691488.2,0.9353821304715639
1,1,block_2,2,Provo_ID3,1,1079503,1259090,1,gaze_data,1741734691562,427.0522356033325,400.8416146039963,1741734691521.6,0.9353821304715639
1,1,block_2,2,Provo_ID3,1,1079503,1259090,1,gaze_data,1741734691599,414.9736285209656,395.3104078769684,1741734691554.5,1
1,1,block_2,2,Provo_ID3,1,1079503,1259090,1,gaze_data,1741734691634,404.6198323369026,395.2606976032257,1741734691588.2,0.8760394435648706
1,1,block_2,2,Provo_ID3,1,1079503,1259090,1,gaze_data,1741734691656,392.0335441827774,414.0036016702652,1741734691621.1,0.8760394435648706
1,1,block_2,2,Provo_ID3,1,1079503,1259090,1,gaze_data,1741734691706,379.35100495815277,416.2507563829422,1741734691669,0.9654892012106719
1,1,block_2,2,Provo_ID3,1,1079503,1259090,1,gaze_data,1741734691746,337.74309158325195,247.0020655542612,1741734691687.8,0.948448592397273
1,1,block_2,2,Provo_ID3,1,1079503,1259090,1,gaze_data,1741734691783,264.4335985183716,127.4231880903244,1741734691721.5,0.9532083198968944
1,1,block_2,2,Provo_ID3,1,1079503,1259090,1,gaze_data,1741734691802,301.168817281723,117.84563064575195,1741734691756,0.9532083198968944
1,1,block_2,2,Provo_ID3,1,1079503,1259090,1,gaze_data,1741734691841,275.6709575653076,38.29602003097534,1741734691788.2,0.8952032473371827
1,1,block_2,2,Provo_ID3,1,1079503,1259090,1,gaze_data,1741734691894,250.82683563232422,49.515730142593384,1741734691821.1,0.9583601488380542
1,1,block_2,2,Provo_ID3,1,1079503,1259090,1,gaze_data,1741734691916,234.0632200241089,46.239084005355835,1741734691873,0.9583601488380542
1,1,block_2,2,Provo_ID3,1,1079503,1259090,1,gaze_data,1741734691950,183.8740110397339,68.02648901939392,1741734691889.5,0.9045605558850691
1,1,block_2,2,Provo_ID3,1,1079503,1259090,1,gaze_data,1741734691974,151.1204957962036,88.95634710788727,1741734691921.3,0.9045605558850691
1,1,block_2,2,Provo_ID3,1,1079503,1259090,1,gaze_data,1741734692025,134.40401554107666,95.76552212238312,1741734691954.3,0.9749177325576746
1,1,block_2,2,Provo_ID3,1,1079503,1259090,1,gaze_data,1741734692055,143.3926820755005,78.74940931797028,1741734691988.2,1
1,1,block_2,2,Provo_ID3,1,1079503,1259090,1,gaze_data,1741734692083,138.94779682159424,89.26661908626556,1741734692021,1
1,1,block_2,2,Provo_ID3,1,1079503,1259090,1,gaze_data,1741734692121,127.90546417236328,76.10226273536682,1741734692072.2,1
1,1,block_2,2,Provo_ID3,1,1079503,1259090,1,gaze_data,1741734692139,231.0389757156372,114.51902836561203,1741734692088,1
1,1,block_2,2,Provo_ID3,1,1079503,1259090,1,gaze_data,1741734692177,271.3016986846924,141.2875860929489,1741734692121.2,1
1,1,block_2,2,Provo_ID3,1,1079503,1259090,1,gaze_data,1741734692221,360.9129846096039,121.91340923309326,1741734692154.2,1
1,1,block_2,2,Provo_ID3,1,1079503,1259090,1,gaze_data,1741734692247,389.37753438949585,96.1068332195282,1741734692188.5,1
1,1,block_2,2,Provo_ID3,1,1079503,1259090,1,gaze_data,1741734692289,383.19877684116364,86.16564273834229,1741734692220.9001,1
1,1,block_2,2,Provo_ID3,1,1079503,1259090,1,gaze_data,1741734692328,404.136760532856,95.11712789535522,1741734692254.7,1
1,1,block_2,2,Provo_ID3,1,1079503,1259090,1,gaze_data,1741734692378,373.9364594221115,100.7445216178894,1741734692295,1
1,1,block_2,2,Provo_ID3,1,1079503,1259090,1,gaze_data,1741734692408,281.9167375564575,262.9595346748829,1741734692355.2,1
1,1,block_2,2,Provo_ID3,1,1079503,1259090,1,gaze_data,1741734692448,306.44814372062683,264.9954095482826,1741734692388.6,1
1,1,block_2,2,Provo_ID3,1,1079503,1259090,1,gaze_data,1741734692505,282.6209306716919,246.7974167317152,1741734692421.1,1
1,1,block_2,2,Provo_ID3,1,1079503,1259090,1,gaze_data,1741734692536,259.9097490310669,259.28423032164574,1741734692487.7,1
1,1,block_2,2,Provo_ID3,1,1079503,1259090,1,gaze_data,1741734692582,279.08170223236084,245.56731842458248,1741734692521.5,1
1,1,block_2,2,Provo_ID3,1,1079503,1259090,1,gaze_data,1741734692630,307.65355229377747,226.01793557405472,1741734692554.7,1
1,1,block_2,2,Provo_ID3,1,1079503,1259090,1,gaze_data,1741734692656,286.5177631378174,227.65085324645042,1741734692588.1,1
1,1,block_2,2,Provo_ID3,1,1079503,1259090,1,gaze_data,1741734692697,277.4200677871704,279.68644946813583,1741734692621.5,1
1,1,block_2,2,Provo_ID3,1,1079503,1259090,1,gaze_data,1741734692735,332.18042254447937,344.9525445699692,1741734692655,1
1,1,block_2,2,Provo_ID3,1,1079503,1259090,1,gaze_data,1741734692776,286.0410690307617,343.61129850149155,1741734692700.6,1
1,1,block_2,2,Provo_ID3,1,1079503,1259090,1,gaze_data,1741734692801,290.43776988983154,332.178658246994,1741734692754.2,1
1,1,block_2,2,Provo_ID3,1,1079503,1259090,1,gaze_data,1741734692839,277.42950916290283,320.53755074739456,1741734692787.7,1
1,1,block_2,2,Provo_ID3,1,1079503,1259090,1,gaze_data,1741734692869,271.4069128036499,332.0908457040787,1741734692820.7,1
1,1,block_2,2,Provo_ID3,1,1079503,1259090,1,gaze_data,1741734692906,313.3389174938202,270.7445755600929,1741734692857.5,1
1,1,block_2,2,Provo_ID3,1,1079503,1259090,1,gaze_data,1741734692933,398.21731448173523,188.81358057260513,1741734692888,1
1,1,block_2,2,Provo_ID3,1,1079503,1259090,1,gaze_data,1741734692991,431.7251682281494,141.24412685632706,1741734692928.9001,1
1,1,block_2,2,Provo_ID3,1,1079503,1259090,1,gaze_data,1741734693026,232.92338848114014,281.8201541900635,1741734692955.2,0
1,1,block_2,2,Provo_ID3,1,1079503,1259090,1,gaze_data,1741734693056,254.6290397644043,325.6413474678993,1741734692988,0
1,1,block_2,2,Provo_ID3,1,1079503,1259090,1,gaze_data,1741734693090,123.95312786102295,354.38931584358215,1741734693020.7,0
1,1,block_2,2,Provo_ID3,1,1079503,1259090,1,gaze_data,1741734693108,124.57830905914307,366.0249173641205,1741734693054.2,0
1,1,block_2,2,Provo_ID3,1,1079503,1259090,1,gaze_data,1741734693146,145.54266929626465,382.50305354595184,1741734693087.5,0.2387276362789262
1,1,block_2,2,Provo_ID3,1,1079503,1259090,1,gaze_data,1741734693204,102.8048038482666,357.8360289335251,1741734693157.8,0.41746828461693697
1,1,block_2,2,Provo_ID3,1,1079503,1259090,1,gaze_data,1741734693227,104.0318489074707,236.27089094370604,1741734693187.6,0.41746828461693697
1,1,block_2,2,Provo_ID3,1,1079503,1259090,1,gaze_data,1741734693267,233.54053497314453,87.94357478618622,1741734693221.3,0.4511796238293975
1,1,block_2,2,Provo_ID3,1,1079503,1259090,1,gaze_data,1741734693286,263.2490873336792,84.73474383354187,1741734693254.2,0.4511796238293975
1,1,block_2,2,Provo_ID3,1,1079503,1259090,1,gaze_data,1741734693351,230.09660243988037,85.00895500183105,1741734693287.2,0.5857695807089002
1,1,block_2,2,Provo_ID3,1,1079503,1259090,1,gaze_data,1741734693383,228.61135005950928,30.19898235797882,1741734693321.7,0.9285109126812823
1,1,block_2,2,Provo_ID3,1,1079503,1259090,1,gaze_data,1741734693425,235.55915355682373,46.363404393196106,1741734693395.1,0.9285109126812823
1,1,block_2,2,Provo_ID3,1,1079503,1259090,1,gaze_data,1741734693464,207.9538106918335,65.29051661491394,1741734693420.5,0.8211119036088763
1,1,block_2,2,Provo_ID3,1,1079503,1259090,1,gaze_data,1741734693495,258.48281383514404,58.04598927497864,1741734693455.5,0.9108188904911159
1,1,block_2,2,Provo_ID3,1,1079503,1259090,1,gaze_data,1741734693520,272.9288578033447,49.42477345466614,1741734693487,0.9108188904911159
1,1,block_2,2,Provo_ID3,1,1079503,1259090,1,gaze_data,1741734693564,278.77955436706543,57.91788399219513,1741734693520.6,0.8645725063056791
1,1,block_2,2,Provo_ID3,1,1079503,1259090,1,gaze_data,1741734693625,268.0243253707886,84.63636636734009,1741734693553.6,1
1,1,block_2,2,Provo_ID3,1,1079503,1259090,1,gaze_data,1741734693661,266.39764308929443,74.35957193374634,1741734693590.3,1
1,1,block_2,2,Provo_ID3,1,1079503,1259090,1,gaze_data,1741734693691,252.55744457244873,80.34350574016571,1741734693621,1
1,1,block_2,2,Provo_ID3,1,1079503,1259090,1,gaze_data,1741734693730,259.39526557922363,67.80332922935486,1741734693654.2,1
1,1,block_2,2,Provo_ID3,1,1079503,1259090,1,gaze_data,1741734693762,246.2338924407959,53.55364680290222,1741734693687.4001,1
1,1,block_2,2,Provo_ID3,1,1079503,1259090,1,gaze_data,1741734693795,243.1021213531494,79.4006496667862,1741734693720.9001,1
1,1,block_2,2,Provo_ID3,1,1079503,1259090,1,gaze_data,1741734693846,329.6136796474457,113.42134177684784,1741734693787.5,1
1,1,block_2,2,Provo_ID3,1,1079503,1259090,1,gaze_data,1741734693882,388.1435453891754,118.80145817995071,1741734693820.1,0.8767804524788501
1,1,block_2,2,Provo_ID3,1,1079503,1259090,1,gaze_data,1741734693904,408.66697132587433,108.78436863422394,1741734693854.2,0.8767804524788501
1,1,block_2,2,Provo_ID3,1,1079503,1259090,1,gaze_data,1741734693939,470.03034353256226,79.90506887435913,1741734693887,1
1,1,block_2,2,Provo_ID3,1,1079503,1259090,1,gaze_data,1741734693961,452.11596488952637,83.70018601417542,1741734693920.8,1
1,1,block_2,2,Provo_ID3,1,1079503,1259090,1,gaze_data,1741734693999,460.76825857162476,87.25584149360657,1741734693953.8,1
1,1,block_2,2,Provo_ID3,1,1079503,1259090,1,gaze_data,1741734694051,430.4345637559891,174.782345443964,1741734693998.2,1
1,1,block_2,2,Provo_ID3,1,1079503,1259090,1,gaze_data,1741734694080,365.8863961696625,263.71020674705505,1741734694020.3,1
1,1,block_2,2,Provo_ID3,1,1079503,1259090,1,gaze_data,1741734694117,327.12997794151306,273.7428717315197,1741734694054,1
1,1,block_2,2,Provo_ID3,1,1079503,1259090,1,gaze_data,1741734694146,316.9504225254059,264.36560451984406,1741734694089.5,1
1,1,block_2,2,Provo_ID3,1,1079503,1259090,1,gaze_data,1741734694184,330.93979954719543,269.30341348052025,1741734694120.8,1
1,1,block_2,2,Provo_ID3,1,1079503,1259090,1,gaze_data,1741734694208,317.2130882740021,270.67235708236694,1741734694153.4001,1
1,1,block_2,2,Provo_ID3,1,1079503,1259090,1,gaze_data,1741734694248,317.2528564929962,274.55021664500237,1741734694187,1
1,1,block_2,2,Provo_ID3,1,1079503,1259090,1,gaze_data,1741734694287,321.07022404670715,230.100482609123,1741734694231.3,1
1,1,block_2,2,Provo_ID3,1,1079503,1259090,1,gaze_data,1741734694326,384.6803456544876,75.17956793308258,1741734694254.5,1
1,1,block_2,2,Provo_ID3,1,1079503,1259090,1,gaze_data,1741734694353,429.93725538253784,59.62244272232056,1741734694286.1,1
1,1,block_2,2,Provo_ID3,1,1079503,1259090,1,gaze_data,1741734694381,419.7066754102707,56.735759973526,1741734694319.5,0.7390432179421071
1,1,block_2,2,Provo_ID3,1,1079503,1259090,1,gaze_data,1741734694418,436.2255334854126,55.88423311710358,1741734694352.6,0.7390432179421071
1,1,block_2,2,Provo_ID3,1,1079503,1259090,1,gaze_data,1741734694461,457.4542462825775,36.75285577774048,1741734694386.2,0.9673998271992383
1,1,block_2,2,Provo_ID3,1,1079503,1259090,1,gaze_data,1741734694484,496.237188577652,44.68148052692413,1741734694439.2,0.9673998271992383
1,1,block_2,2,Provo_ID3,1,1079503,1259090,1,gaze_data,1741734694559,260.3846549987793,130.0331488251686,1741734694491.2,0.8901531044252289
1,1,block_2,2,Provo_ID3,1,1079503,1259090,1,gaze_data,1741734694580,161.9783639907837,219.0387737005949,1741734694522.7,0.8901531044252289
1,1,block_2,2,Provo_ID3,1,1079503,1259090,1,gaze_data,1741734694624,168.31178665161133,207.43297822773457,1741734694553.4001,1
1,1,block_2,2,Provo_ID3,1,1079503,1259090,1,gaze_data,1741734694656,153.00250053405762,223.32147266715765,1741734694587,1
1,1,block_2,2,Provo_ID3,1,1079503,1259090,1,gaze_data,1741734694720,165.76590538024902,179.3989673256874,1741734694620.1,1
1,1,block_2,2,Provo_ID3,1,1079503,1259090,1,gaze_data,1741734694754,169.79284286499023,158.10125172138214,1741734694686.6,1
1,1,block_2,2,Provo_ID3,1,1079503,1259090,1,gaze_data,1741734694797,182.3525905609131,99.29061532020569,1741734694720.7,0.9960330556663406
1,1,block_2,2,Provo_ID3,1,1079503,1259090,1,gaze_data,1741734694847,239.77532386779785,78.51020097732544,1741734694753.3,0.9960330556663406
1,1,block_2,2,Provo_ID3,1,1079503,1259090,1,gaze_data,1741734694863,234.28099155426025,71.62733972072601,1741734694820.5,0.9960330556663406
1,1,block_2,2,Provo_ID3,1,1079503,1259090,1,gaze_data,1741734694901,238.3955717086792,53.28646898269653,1741734694853.4001,0.8965660681100034
1,1,block_2,2,Provo_ID3,1,1079503,1259090,1,gaze_data,1741734694948,245.39060592651367,45.05952298641205,1741734694886.5,0.8969504142008686
1,1,block_2,2,Provo_ID3,1,1079503,1259090,1,gaze_data,1741734694969,254.88550662994385,166.26922637224197,1741734694920,0.8969504142008686
1,1,block_2,2,Provo_ID3,1,1079503,1259090,1,gaze_data,1741734695002,389.0813559293747,270.4661212861538,1741734694953,0.9485057949224918
1,1,block_2,2,Provo_ID3,1,1079503,1259090,1,gaze_data,1741734695029,424.8338043689728,262.9992052912712,1741734694986.9001,0.9485057949224918
1,1,block_2,2,Provo_ID3,1,1079503,1259090,1,gaze_data,1741734695089,434.9947392940521,297.4721699953079,1741734695038.2,0.9418736966571424
1,1,block_2,2,Provo_ID3,1,1079503,1259090,1,gaze_data,1741734695128,452.91255712509155,280.3612783551216,1741734695060.8,0.9418736966571424
1,1,block_2,2,Provo_ID3,1,1079503,1259090,1,gaze_data,1741734695155,449.48593974113464,288.4295493364334,1741734695093.2,0.883500262492785
1,1,block_2,2,Provo_ID3,1,1079503,1259090,1,gaze_data,1741734695192,447.4033623933792,293.6718225479126,1741734695120.2,0.883500262492785
1,1,block_2,2,Provo_ID3,1,1079503,1259090,1,gaze_data,1741734695252,427.2669196128845,282.37796053290367,1741734695154.1,0.9702206845679098
1,1,block_2,2,Provo_ID3,1,1079503,1259090,1,gaze_data,1741734695283,302.7867615222931,285.93788892030716,1741734695221.6,0.9702206845679098
1,1,block_2,2,Provo_ID3,1,1079503,1259090,1,gaze_data,1741734695314,269.1291570663452,292.05887615680695,1741734695253.2,1
1,1,block_2,2,Provo_ID3,1,1079503,1259090,1,gaze_data,1741734695342,258.8656425476074,285.8026534318924,1741734695286.5,1
1,1,block_2,2,Provo_ID3,1,1079503,1259090,1,gaze_data,1741734695377,207.8411340713501,284.7915016114712,1741734695319.9001,0.945901967255447
1,1,block_2,2,Provo_ID3,1,1079503,1259090,1,gaze_data,1741734695397,212.68815994262695,301.8740698695183,1741734695353.4001,0.945901967255447
1,1,block_2,2,Provo_ID3,1,1079503,1259090,1,gaze_data,1741734695458,328.33232283592224,257.40830451250076,1741734695422.5,0.8206535366646701
1,1,block_2,2,Provo_ID3,1,1079503,1259090,1,gaze_data,1741734695508,347.672176361084,245.91029286384583,1741734695453.4001,0.8206389348186862
1,1,block_2,2,Provo_ID3,1,1079503,1259090,1,gaze_data,1741734695539,400.64742118120193,296.62201404571533,1741734695490.5,0.7710043541025473
1,1,block_2,2,Provo_ID3,1,1079503,1259090,1,gaze_data,1741734695596,404.6575725078583,285.8144775032997,1741734695527.6,0.7710043541025473
1,1,block_2,2,Provo_ID3,1,1079503,1259090,1,gaze_data,1741734695630,439.4847869873047,285.0683242082596,1741734695554.6,0.9195286012311392
1,1,block_2,2,Provo_ID3,1,1079503,1259090,1,gaze_data,1741734695701,352.63980627059937,142.66366362571716,1741734695653.3,0.948459593553725
1,1,block_2,2,Provo_ID3,1,1079503,1259090,1,gaze_data,1741734695730,337.67950534820557,126.41208469867706,1741734695686.1,0.948459593553725
1,1,block_2,2,Provo_ID3,1,1079503,1259090,1,gaze_data,1741734695763,318.045037984848,78.20311784744263,1741734695721.2,1
1,1,block_2,2,Provo_ID3,1,1079503,1259090,1,gaze_data,1741734695788,330.79758882522583,81.09427094459534,1741734695752.7,1
1,1,block_2,2,Provo_ID3,1,1079503,1259090,1,gaze_data,1741734695857,353.8014590740204,98.87779355049133,1741734695803.1,0.7781635740333748
1,1,block_2,2,Provo_ID3,1,1079503,1259090,1,gaze_data,1741734695910,353.9774775505066,113.29530030488968,1741734695819.8,1
1,1,block_2,2,Provo_ID3,1,1079503,1259090,1,gaze_data,1741734695927,284.417724609375,90.49794673919678,1741734695886,1
1,1,block_2,2,Provo_ID3,1,1079503,1259090,1,gaze_data,1741734695965,217.11931228637695,70.85219621658325,1741734695919.9001,0.9725507165373579
1,1,block_2,2,Provo_ID3,1,1079503,1259090,1,gaze_data,1741734695989,224.9958038330078,61.22893691062927,1741734695952.5,0.9725507165373579
1,1,block_2,2,Provo_ID3,1,1079503,1259090,1,gaze_data,1741734696034,231.92307949066162,65.08195996284485,1741734695986.4001,0.8919854799645441
1,1,block_2,2,Provo_ID3,1,1079503,1259090,1,gaze_data,1741734696066,225.91798305511475,63.87311816215515,1741734696019.2,0.9822622621922563
1,1,block_2,2,Provo_ID3,1,1079503,1259090,1,gaze_data,1741734696089,216.36784076690674,72.74743020534515,1741734696052.9001,0.9822622621922563
1,1,block_2,2,Provo_ID3,1,1079503,1259090,1,gaze_data,1741734696135,209.8731279373169,57.625970244407654,1741734696087.5,0.9913868682648506
1,1,block_2,2,Provo_ID3,1,1079503,1259090,1,gaze_data,1741734696156,229.93543148040771,71.93288803100586,1741734696119.5,0.9913868682648506
1,1,block_2,2,Provo_ID3,1,1079503,1259090,1,gaze_data,1741734696201,205.2535057067871,99.51395392417908,1741734696153.1,1
1,1,block_2,2,Provo_ID3,1,1079503,1259090,1,gaze_data,1741734696233,251.32887363433838,143.89220476150513,1741734696186.6,1
1,1,block_2,2,Provo_ID3,1,1079503,1259090,1,gaze_data,1741734696288,254.1093349456787,165.10307639837265,1741734696220.8,1
1,1,block_2,2,Provo_ID3,1,1079503,1259090,1,gaze_data,1741734696321,269.4026231765747,156.25562369823456,1741734696286.4001,1
1,1,block_2,2,Provo_ID3,1,1079503,1259090,1,gaze_data,1741734696381,246.32537364959717,115.404112637043,1741734696320.2,0.8384023088801724
1,1,block_2,2,Provo_ID3,1,1079503,1259090,1,gaze_data,1741734696403,243.53113174438477,117.79201626777649,1741734696353,0.8384023088801724
1,1,block_2,2,Provo_ID3,1,1079503,1259090,1,gaze_data,1741734696491,252.35192775726318,187.4386914074421,1741734696386.7,1
1,1,block_2,2,Provo_ID3,1,1079503,1259090,1,gaze_data,1741734696528,249.80034828186035,260.40509194135666,1741734696455.2,1
1,1,block_2,2,Provo_ID3,1,1079503,1259090,1,gaze_data,1741734696581,257.94596672058105,220.35194784402847,1741734696486.5,1
1,1,block_2,2,Provo_ID3,1,1079503,1259090,1,gaze_data,1741734696606,271.06354236602783,251.5535432845354,1741734696552.6,1
1,1,block_2,2,Provo_ID3,1,1079503,1259090,1,gaze_data,1741734696650,314.84249234199524,285.7253722846508,1741734696586.4001,0.8980180532392152
1,1,block_2,2,Provo_ID3,1,1079503,1259090,1,gaze_data,1741734696678,314.4016921520233,233.14881175756454,1741734696619.5,0.8980180532392152
1,1,block_2,2,Provo_ID3,1,1079503,1259090,1,gaze_data,1741734696716,342.2008693218231,190.56083858013153,1741734696653.3,0.9960201446828036
1,1,block_2,2,Provo_ID3,1,1079503,1259090,1,gaze_data,1741734696766,371.14158272743225,202.707851678133,1741734696686.3,0.9960201446828036
1,1,block_2,2,Provo_ID3,1,1079503,1259090,1,gaze_data,1741734696810,478.0022442340851,206.66632652282715,1741734696734.7,0.9695728905170062
1,1,block_2,2,Provo_ID3,1,1079503,1259090,1,gaze_data,1741734696849,457.5407385826111,202.28102281689644,1741734696786.6,0.9695728905170062
1,1,block_2,2,Provo_ID3,1,1079503,1259090,1,gaze_data,1741734696884,419.6449548006058,227.23798491060734,1741734696821.4001,0.9929696536004249
1,1,block_2,2,Provo_ID3,1,1079503,1259090,1,gaze_data,1741734696914,262.97757625579834,321.9925746321678,1741734696853,0.9929696536004249
1,1,block_2,2,Provo_ID3,1,1079503,1259090,1,gaze_data,1741734696948,166.33551120758057,347.1768334507942,1741734696887.7,0.9544729745993745
1,1,block_2,2,Provo_ID3,1,1079503,1259090,1,gaze_data,1741734696982,157.65447616577148,319.49637681245804,1741734696919.5,0.9544729745993745
1,1,block_2,2,Provo_ID3,1,1079503,1259090,1,gaze_data,1741734697021,168.60361099243164,294.9847489595413,1741734696957.1,0.679666940273626
1,1,block_2,2,Provo_ID3,1,1079503,1259090,1,gaze_data,1741734697090,176.43086910247803,292.96056777238846,1741734697039.4001,0.7271997719214016
1,1,block_2,2,Provo_ID3,1,1079503,1259090,1,gaze_data,1741734697121,158.6815595626831,312.71825581789017,1741734697054.5,0.7271997719214016
1,1,block_2,2,Provo_ID3,1,1079503,1259090,1,gaze_data,1741734697147,189.37702178955078,313.6531472206116,1741734697087.4001,0.7271997719214016
1,1,block_2,2,Provo_ID3,1,1079503,1259090,1,gaze_data,1741734697197,214.49215412139893,300.69507509469986,1741734697121.9001,0.8349603203828084
1,1,block_2,2,Provo_ID3,1,1079503,1259090,1,gaze_data,1741734697223,271.8513250350952,305.09666204452515,1741734697152.4001,0.8349603203828084
1,1,block_2,2,Provo_ID3,1,1079503,1259090,1,gaze_data,1741734697272,276.50489807128906,347.4154084920883,1741734697185.9001,0.9406302866547334
1,1,block_2,2,Provo_ID3,1,1079503,1259090,1,gaze_data,1741734697315,265.6681537628174,353.52942943573,1741734697218.9001,0.9406302866547334
1,1,block_2,2,Provo_ID3,1,1079503,1259090,1,gaze_data,1741734697358,287.29498386383057,320.0743705034256,1741734697288,1
1,1,block_2,2,Provo_ID3,1,1079503,1259090,1,gaze_data,1741734697399,285.5785369873047,341.8004646897316,1741734697319.6,1
1,1,block_2,2,Provo_ID3,1,1079503,1259090,1,gaze_data,1741734697439,258.0743074417114,352.1752119064331,1741734697363.6,1
1,1,block_2,2,Provo_ID3,1,1079503,1259090,1,gaze_data,1741734697475,359.1032803058624,362.8605216741562,1741734697421.2,1
1,1,block_2,2,Provo_ID3,1,1079503,1259090,1,gaze_data,1741734697573,373.3771741390228,345.1440617442131,1741734697455.8,0.9797751359261713
1,1,block_2,2,Provo_ID3,1,1079503,1259090,1,gaze_data,1741734697611,367.8894817829132,354.90066409111023,1741734697552.7,0.9797751359261713
1,1,block_2,2,Provo_ID3,1,1079503,1259090,1,gaze_data,1741734697671,367.3913240432739,372.187665104866,1741734697586.1,0.9792265641856477
1,1,block_2,2,Provo_ID3,1,1079503,1259090,1,gaze_data,1741734697713,367.51750111579895,352.52389907836914,1741734697619.4001,0.9792265641856477
1,1,block_2,2,Provo_ID3,1,1079503,1259090,1,gaze_data,1741734697769,391.5242999792099,367.4837112426758,1741734697685.8,0.923086881994303
1,1,block_2,2,Provo_ID3,1,1079503,1259090,1,gaze_data,1741734697821,409.8449982702732,387.27176785469055,1741734697752.6,0.923086881994303
1,1,block_2,2,Provo_ID3,1,1079503,1259090,1,gaze_data,1741734697867,394.40441131591797,406.6194951534271,1741734697786.2,0.9990707253843034
1,1,block_2,2,Provo_ID3,1,1079503,1259090,1,gaze_data,1741734697912,387.00247406959534,418.07467341423035,1741734697818.5,0.9990707253843034
1,1,block_2,2,Provo_ID3,1,1079503,1259090,1,gaze_data,1741734697990,354.09024357795715,301.98100060224533,1741734697885.9001,0.9843367066042856
1,1,block_2,2,Provo_ID3,1,1079503,1259090,1,gaze_data,1741734698019,362.7161920070648,153.73983830213547,1741734697952.1,0.9843367066042856
1,1,block_2,2,Provo_ID3,1,1079503,1259090,1,gaze_data,1741734698068,333.3003520965576,104.99184429645538,1741734697999.9001,0.7349926751418357
1,1,block_2,2,Provo_ID3,1,1079503,1259090,1,gaze_data,1741734698097,398.26058000326157,82.09056258201599,1741734698040.1,0.7349926751418357
1,1,block_2,2,Provo_ID3,1,1079503,1259090,1,gaze_data,1741734698162,448.9509105682373,277.6941530406475,1741734698064.5,0
1,1,block_2,2,Provo_ID3,1,1079503,1259090,1,gaze_data,1741734698189,403.64805310964584,257.2163701057434,1741734698119.5,0
1,1,block_2,2,Provo_ID3,1,1079503,1259090,1,gaze_data,1741734698255,340.87769985198975,282.4340857565403,1741734698151.7,0.07183155509810615
1,1,block_2,2,Provo_ID3,1,1079503,1259090,1,gaze_data,1741734698289,348.31026792526245,302.3393586277962,1741734698223.2,0.07183155509810615
1,1,block_2,2,Provo_ID3,1,1079503,1259090,1,gaze_data,1741734698343,313.8744533061981,310.42880415916443,1741734698252.2,0.5082165330916184
1,1,block_2,2,Provo_ID3,1,1079503,1259090,1,gaze_data,1741734698374,266.79022312164307,333.76837372779846,1741734698319,0.5082165330916184
1,1,block_2,2,Provo_ID3,1,1079503,1259090,1,gaze_data,1741734698422,292.738676071167,358.5408687591553,1741734698351.6,0.9516863115032925
1,1,block_2,2,Provo_ID3,1,1079503,1259090,1,gaze_data,1741734698449,271.1465358734131,358.14278423786163,1741734698385.5,0.9516863115032925
1,1,block_2,2,Provo_ID3,1,1079503,1259090,1,gaze_data,1741734698504,249.32076930999756,362.9868984222412,1741734698418.3,0.6956830154419138
1,1,block_2,2,Provo_ID3,1,1079503,1259090,1,gaze_data,1741734698545,242.5203561782837,368.00987124443054,1741734698452,0.6956830154419138
1,1,block_2,2,Provo_ID3,1,1079503,1259090,1,gaze_data,1741734698593,225.1147985458374,375.07491409778595,1741734698541.4001,0.8460303027377876
1,1,block_2,2,Provo_ID3,1,1079503,1259090,1,gaze_data,1741734698616,206.68997764587402,362.1644288301468,1741734698553.6,0.8460303027377876
1,1,block_2,2,Provo_ID3,1,1079503,1259090,1,gaze_data,1741734698659,187.20874786376953,357.7935457229614,1741734698585.9001,0.8638570904538598
1,1,block_2,2,Provo_ID3,1,1079503,1259090,1,gaze_data,1741734698684,222.31054306030273,387.05185651779175,1741734698619.1,0.8638570904538598
1,1,block_2,2,Provo_ID3,1,1079503,1259090,1,gaze_data,1741734698758,373.6204743385315,412.13635206222534,1741734698693.9001,0.9699644482875525
1,1,block_2,2,Provo_ID3,1,1079503,1259090,1,gaze_data,1741734698788,437.57841289043427,395.1275259256363,1741734698718.5,0.9699644482875525
1,1,block_2,2,Provo_ID3,1,1079503,1259090,1,gaze_data,1741734698840,423.11818301677704,419.60101425647736,1741734698751.9001,0.9719593409606162
1,1,block_2,2,Provo_ID3,1,1079503,1259090,1,gaze_data,1741734698866,411.8634007871151,409.95915830135345,1741734698818.3,0.9719593409606162
1,1,block_2,2,Provo_ID3,1,1079503,1259090,1,gaze_data,1741734698902,347.01899886131287,265.93993455171585,1741734698852.2,0.8271418662044596
1,1,block_2,2,Provo_ID3,1,1079503,1259090,1,gaze_x,"",
1,1,block_2,2,Provo_ID3,1,1079503,1259090,1,gaze_y,"",
1,1,block_2,2,Provo_ID3,1,1079503,1259090,1,el_x,"",
1,1,block_2,2,Provo_ID3,1,1079503,1259090,1,applied_drift,1741734646446,
1,1,block_2,2,Provo_ID3,1,1079503,1259090,1,applied_drift,1741734681903,-22.115808725357056,-37.14034855365753
1,1,block_2,2,Provo_ID3,1,1079503,1259090,1,applied_drift,1741734681935,-22.115808725357056,-37.14034855365753
1,1,block_2,2,Provo_ID3,1,1079503,1259090,1,applied_drift,1741734681971,-22.115808725357056,-37.14034855365753
1,1,block_2,2,Provo_ID3,1,1079503,1259090,1,applied_drift,1741734681989,-22.115808725357056,-37.14034855365753
1,1,block_2,2,Provo_ID3,1,1079503,1259090,1,applied_drift,1741734682028,-22.115808725357056,-37.14034855365753
1,1,block_2,2,Provo_ID3,1,1079503,1259090,1,applied_drift,1741734682086,-22.115808725357056,-37.14034855365753
1,1,block_2,2,Provo_ID3,1,1079503,1259090,1,applied_drift,1741734682109,-22.115808725357056,-37.14034855365753
1,1,block_2,2,Provo_ID3,1,1079503,1259090,1,applied_drift,1741734682143,-22.115808725357056,-37.14034855365753
1,1,block_2,2,Provo_ID3,1,1079503,1259090,1,applied_drift,1741734682167,-22.115808725357056,-37.14034855365753
1,1,block_2,2,Provo_ID3,1,1079503,1259090,1,applied_drift,1741734682208,-22.115808725357056,-37.14034855365753
1,1,block_2,2,Provo_ID3,1,1079503,1259090,1,applied_drift,1741734682246,-22.115808725357056,-37.14034855365753
1,1,block_2,2,Provo_ID3,1,1079503,1259090,1,applied_drift,1741734682270,-22.115808725357056,-37.14034855365753
1,1,block_2,2,Provo_ID3,1,1079503,1259090,1,applied_drift,1741734682317,-22.115808725357056,-37.14034855365753
1,1,block_2,2,Provo_ID3,1,1079503,1259090,1,applied_drift,1741734682350,-22.115808725357056,-37.14034855365753
1,1,block_2,2,Provo_ID3,1,1079503,1259090,1,applied_drift,1741734682378,-22.115808725357056,-37.14034855365753
1,1,block_2,2,Provo_ID3,1,1079503,1259090,1,applied_drift,1741734682407,-22.115808725357056,-37.14034855365753
1,1,block_2,2,Provo_ID3,1,1079503,1259090,1,applied_drift,1741734682454,-22.115808725357056,-37.14034855365753
1,1,block_2,2,Provo_ID3,1,1079503,1259090,1,applied_drift,1741734682487,-22.115808725357056,-37.14034855365753
1,1,block_2,2,Provo_ID3,1,1079503,1259090,1,applied_drift,1741734682533,-22.115808725357056,-37.14034855365753
1,1,block_2,2,Provo_ID3,1,1079503,1259090,1,applied_drift,1741734682561,-22.115808725357056,-37.14034855365753
1,1,block_2,2,Provo_ID3,1,1079503,1259090,1,applied_drift,1741734682602,-22.115808725357056,-37.14034855365753
1,1,block_2,2,Provo_ID3,1,1079503,1259090,1,applied_drift,1741734682636,-22.115808725357056,-37.14034855365753
1,1,block_2,2,Provo_ID3,1,1079503,1259090,1,applied_drift,1741734682662,-22.115808725357056,-37.14034855365753
1,1,block_2,2,Provo_ID3,1,1079503,1259090,1,applied_drift,1741734682695,-22.115808725357056,-37.14034855365753
1,1,block_2,2,Provo_ID3,1,1079503,1259090,1,applied_drift,1741734682752,-22.115808725357056,-37.14034855365753
1,1,block_2,2,Provo_ID3,1,1079503,1259090,1,applied_drift,1741734682770,-22.115808725357056,-37.14034855365753
1,1,block_2,2,Provo_ID3,1,1079503,1259090,1,applied_drift,1741734682805,-22.115808725357056,-37.14034855365753
1,1,block_2,2,Provo_ID3,1,1079503,1259090,1,applied_drift,1741734682835,-22.115808725357056,-37.14034855365753
1,1,block_2,2,Provo_ID3,1,1079503,1259090,1,applied_drift,1741734682876,-22.115808725357056,-37.14034855365753
1,1,block_2,2,Provo_ID3,1,1079503,1259090,1,applied_drift,1741734682919,-22.115808725357056,-37.14034855365753
1,1,block_2,2,Provo_ID3,1,1079503,1259090,1,applied_drift,1741734682936,-22.115808725357056,-37.14034855365753
1,1,block_2,2,Provo_ID3,1,1079503,1259090,1,applied_drift,1741734682972,-22.115808725357056,-37.14034855365753
1,1,block_2,2,Provo_ID3,1,1079503,1259090,1,applied_drift,1741734683021,-22.115808725357056,-37.14034855365753
1,1,block_2,2,Provo_ID3,1,1079503,1259090,1,applied_drift,1741734683046,-22.115808725357056,-37.14034855365753
1,1,block_2,2,Provo_ID3,1,1079503,1259090,1,applied_drift,1741734683077,-22.115808725357056,-37.14034855365753
1,1,block_2,2,Provo_ID3,1,1079503,1259090,1,applied_drift,1741734683100,-22.115808725357056,-37.14034855365753
1,1,block_2,2,Provo_ID3,1,1079503,1259090,1,applied_drift,1741734683142,-22.115808725357056,-37.14034855365753
1,1,block_2,2,Provo_ID3,1,1079503,1259090,1,applied_drift,1741734683192,-22.115808725357056,-37.14034855365753
1,1,block_2,2,Provo_ID3,1,1079503,1259090,1,applied_drift,1741734683219,-22.115808725357056,-37.14034855365753
1,1,block_2,2,Provo_ID3,1,1079503,1259090,1,applied_drift,1741734683256,-22.115808725357056,-37.14034855365753
1,1,block_2,2,Provo_ID3,1,1079503,1259090,1,applied_drift,1741734683284,-22.115808725357056,-37.14034855365753
1,1,block_2,2,Provo_ID3,1,1079503,1259090,1,applied_drift,1741734683323,-22.115808725357056,-37.14034855365753
1,1,block_2,2,Provo_ID3,1,1079503,1259090,1,applied_drift,1741734683345,-22.115808725357056,-37.14034855365753
1,1,block_2,2,Provo_ID3,1,1079503,1259090,1,applied_drift,1741734683385,-22.115808725357056,-37.14034855365753
1,1,block_2,2,Provo_ID3,1,1079503,1259090,1,applied_drift,1741734683408,-22.115808725357056,-37.14034855365753
1,1,block_2,2,Provo_ID3,1,1079503,1259090,1,applied_drift,1741734683446,-22.115808725357056,-37.14034855365753
1,1,block_2,2,Provo_ID3,1,1079503,1259090,1,applied_drift,1741734683472,-22.115808725357056,-37.14034855365753
1,1,block_2,2,Provo_ID3,1,1079503,1259090,1,applied_drift,1741734683509,-22.115808725357056,-37.14034855365753
1,1,block_2,2,Provo_ID3,1,1079503,1259090,1,applied_drift,1741734683542,-22.115808725357056,-37.14034855365753
1,1,block_2,2,Provo_ID3,1,1079503,1259090,1,applied_drift,1741734683581,-22.115808725357056,-37.14034855365753
1,1,block_2,2,Provo_ID3,1,1079503,1259090,1,applied_drift,1741734683617,-22.115808725357056,-37.14034855365753
1,1,block_2,2,Provo_ID3,1,1079503,1259090,1,applied_drift,1741734683655,-22.115808725357056,-37.14034855365753
1,1,block_2,2,Provo_ID3,1,1079503,1259090,1,applied_drift,1741734683672,-22.115808725357056,-37.14034855365753
1,1,block_2,2,Provo_ID3,1,1079503,1259090,1,applied_drift,1741734683709,-22.115808725357056,-37.14034855365753
1,1,block_2,2,Provo_ID3,1,1079503,1259090,1,applied_drift,1741734683752,-22.115808725357056,-37.14034855365753
1,1,block_2,2,Provo_ID3,1,1079503,1259090,1,applied_drift,1741734683776,-22.115808725357056,-37.14034855365753
1,1,block_2,2,Provo_ID3,1,1079503,1259090,1,applied_drift,1741734683808,-22.115808725357056,-37.14034855365753
1,1,block_2,2,Provo_ID3,1,1079503,1259090,1,applied_drift,1741734683848,-22.115808725357056,-37.14034855365753
1,1,block_2,2,Provo_ID3,1,1079503,1259090,1,applied_drift,1741734683892,-22.115808725357056,-37.14034855365753
1,1,block_2,2,Provo_ID3,1,1079503,1259090,1,applied_drift,1741734683934,-22.115808725357056,-37.14034855365753
1,1,block_2,2,Provo_ID3,1,1079503,1259090,1,applied_drift,1741734683966,-22.115808725357056,-37.14034855365753
1,1,block_2,2,Provo_ID3,1,1079503,1259090,1,applied_drift,1741734683986,-22.115808725357056,-37.14034855365753
1,1,block_2,2,Provo_ID3,1,1079503,1259090,1,applied_drift,1741734684026,-22.115808725357056,-37.14034855365753
1,1,block_2,2,Provo_ID3,1,1079503,1259090,1,applied_drift,1741734684068,-22.115808725357056,-37.14034855365753
1,1,block_2,2,Provo_ID3,1,1079503,1259090,1,applied_drift,1741734684087,-22.115808725357056,-37.14034855365753
1,1,block_2,2,Provo_ID3,1,1079503,1259090,1,applied_drift,1741734684142,-22.115808725357056,-37.14034855365753
1,1,block_2,2,Provo_ID3,1,1079503,1259090,1,applied_drift,1741734684159,-22.115808725357056,-37.14034855365753
1,1,block_2,2,Provo_ID3,1,1079503,1259090,1,applied_drift,1741734684193,-22.115808725357056,-37.14034855365753
1,1,block_2,2,Provo_ID3,1,1079503,1259090,1,applied_drift,1741734684237,-22.115808725357056,-37.14034855365753
1,1,block_2,2,Provo_ID3,1,1079503,1259090,1,applied_drift,1741734684266,-22.115808725357056,-37.14034855365753
1,1,block_2,2,Provo_ID3,1,1079503,1259090,1,applied_drift,1741734684302,-22.115808725357056,-37.14034855365753
1,1,block_2,2,Provo_ID3,1,1079503,1259090,1,applied_drift,1741734684325,-22.115808725357056,-37.14034855365753
1,1,block_2,2,Provo_ID3,1,1079503,1259090,1,applied_drift,1741734684365,-22.115808725357056,-37.14034855365753
1,1,block_2,2,Provo_ID3,1,1079503,1259090,1,applied_drift,1741734684387,-22.115808725357056,-37.14034855365753
1,1,block_2,2,Provo_ID3,1,1079503,1259090,1,applied_drift,1741734684430,-22.115808725357056,-37.14034855365753
1,1,block_2,2,Provo_ID3,1,1079503,1259090,1,applied_drift,1741734684475,-22.115808725357056,-37.14034855365753
1,1,block_2,2,Provo_ID3,1,1079503,1259090,1,applied_drift,1741734684497,-22.115808725357056,-37.14034855365753
1,1,block_2,2,Provo_ID3,1,1079503,1259090,1,applied_drift,1741734684535,-22.115808725357056,-37.14034855365753
1,1,block_2,2,Provo_ID3,1,1079503,1259090,1,applied_drift,1741734684581,-22.115808725357056,-37.14034855365753
1,1,block_2,2,Provo_ID3,1,1079503,1259090,1,applied_drift,1741734684604,-22.115808725357056,-37.14034855365753
1,1,block_2,2,Provo_ID3,1,1079503,1259090,1,applied_drift,1741734684646,-22.115808725357056,-37.14034855365753
1,1,block_2,2,Provo_ID3,1,1079503,1259090,1,applied_drift,1741734684668,-22.115808725357056,-37.14034855365753
1,1,block_2,2,Provo_ID3,1,1079503,1259090,1,applied_drift,1741734684710,-22.115808725357056,-37.14034855365753
1,1,block_2,2,Provo_ID3,1,1079503,1259090,1,applied_drift,1741734684746,-22.115808725357056,-37.14034855365753
1,1,block_2,2,Provo_ID3,1,1079503,1259090,1,applied_drift,1741734684785,-22.115808725357056,-37.14034855365753
1,1,block_2,2,Provo_ID3,1,1079503,1259090,1,applied_drift,1741734684811,-22.115808725357056,-37.14034855365753
1,1,block_2,2,Provo_ID3,1,1079503,1259090,1,applied_drift,1741734684848,-22.115808725357056,-37.14034855365753
1,1,block_2,2,Provo_ID3,1,1079503,1259090,1,applied_drift,1741734684867,-22.115808725357056,-37.14034855365753
1,1,block_2,2,Provo_ID3,1,1079503,1259090,1,applied_drift,1741734684911,-22.115808725357056,-37.14034855365753
1,1,block_2,2,Provo_ID3,1,1079503,1259090,1,applied_drift,1741734684948,-22.115808725357056,-37.14034855365753
1,1,block_2,2,Provo_ID3,1,1079503,1259090,1,applied_drift,1741734684971,-22.115808725357056,-37.14034855365753
1,1,block_2,2,Provo_ID3,1,1079503,1259090,1,applied_drift,1741734685023,-22.115808725357056,-37.14034855365753
1,1,block_2,2,Provo_ID3,1,1079503,1259090,1,applied_drift,1741734685041,-22.115808725357056,-37.14034855365753
1,1,block_2,2,Provo_ID3,1,1079503,1259090,1,applied_drift,1741734685078,-22.115808725357056,-37.14034855365753
1,1,block_2,2,Provo_ID3,1,1079503,1259090,1,applied_drift,1741734685104,-22.115808725357056,-37.14034855365753
1,1,block_2,2,Provo_ID3,1,1079503,1259090,1,applied_drift,1741734685148,-22.115808725357056,-37.14034855365753
1,1,block_2,2,Provo_ID3,1,1079503,1259090,1,applied_drift,1741734685183,-22.115808725357056,-37.14034855365753
1,1,block_2,2,Provo_ID3,1,1079503,1259090,1,applied_drift,1741734685214,-22.115808725357056,-37.14034855365753
1,1,block_2,2,Provo_ID3,1,1079503,1259090,1,applied_drift,1741734685296,-22.115808725357056,-37.14034855365753
1,1,block_2,2,Provo_ID3,1,1079503,1259090,1,applied_drift,1741734685340,-22.115808725357056,-37.14034855365753
1,1,block_2,2,Provo_ID3,1,1079503,1259090,1,applied_drift,1741734685367,-22.115808725357056,-37.14034855365753
1,1,block_2,2,Provo_ID3,1,1079503,1259090,1,applied_drift,1741734685407,-22.115808725357056,-37.14034855365753
1,1,block_2,2,Provo_ID3,1,1079503,1259090,1,applied_drift,1741734685447,-22.115808725357056,-37.14034855365753
1,1,block_2,2,Provo_ID3,1,1079503,1259090,1,applied_drift,1741734685496,-22.115808725357056,-37.14034855365753
1,1,block_2,2,Provo_ID3,1,1079503,1259090,1,applied_drift,1741734685521,-22.115808725357056,-37.14034855365753
1,1,block_2,2,Provo_ID3,1,1079503,1259090,1,applied_drift,1741734685555,-22.115808725357056,-37.14034855365753
1,1,block_2,2,Provo_ID3,1,1079503,1259090,1,applied_drift,1741734685575,-22.115808725357056,-37.14034855365753
1,1,block_2,2,Provo_ID3,1,1079503,1259090,1,applied_drift,1741734685625,-22.115808725357056,-37.14034855365753
1,1,block_2,2,Provo_ID3,1,1079503,1259090,1,applied_drift,1741734685649,-22.115808725357056,-37.14034855365753
1,1,block_2,2,Provo_ID3,1,1079503,1259090,1,applied_drift,1741734685684,-22.115808725357056,-37.14034855365753
1,1,block_2,2,Provo_ID3,1,1079503,1259090,1,applied_drift,1741734685728,-22.115808725357056,-37.14034855365753
1,1,block_2,2,Provo_ID3,1,1079503,1259090,1,applied_drift,1741734685750,-22.115808725357056,-37.14034855365753
1,1,block_2,2,Provo_ID3,1,1079503,1259090,1,applied_drift,1741734685783,-22.115808725357056,-37.14034855365753
1,1,block_2,2,Provo_ID3,1,1079503,1259090,1,applied_drift,1741734685809,-22.115808725357056,-37.14034855365753
1,1,block_2,2,Provo_ID3,1,1079503,1259090,1,applied_drift,1741734685858,-22.115808725357056,-37.14034855365753
1,1,block_2,2,Provo_ID3,1,1079503,1259090,1,applied_drift,1741734685890,-22.115808725357056,-37.14034855365753
1,1,block_2,2,Provo_ID3,1,1079503,1259090,1,applied_drift,1741734685913,-22.115808725357056,-37.14034855365753
1,1,block_2,2,Provo_ID3,1,1079503,1259090,1,applied_drift,1741734685950,-22.115808725357056,-37.14034855365753
1,1,block_2,2,Provo_ID3,1,1079503,1259090,1,applied_drift,1741734685974,-22.115808725357056,-37.14034855365753
1,1,block_2,2,Provo_ID3,1,1079503,1259090,1,applied_drift,1741734686022,-22.115808725357056,-37.14034855365753
1,1,block_2,2,Provo_ID3,1,1079503,1259090,1,applied_drift,1741734686064,-22.115808725357056,-37.14034855365753
1,1,block_2,2,Provo_ID3,1,1079503,1259090,1,applied_drift,1741734686087,-22.115808725357056,-37.14034855365753
1,1,block_2,2,Provo_ID3,1,1079503,1259090,1,applied_drift,1741734686134,-22.115808725357056,-37.14034855365753
1,1,block_2,2,Provo_ID3,1,1079503,1259090,1,applied_drift,1741734686168,-22.115808725357056,-37.14034855365753
1,1,block_2,2,Provo_ID3,1,1079503,1259090,1,applied_drift,1741734686191,-22.115808725357056,-37.14034855365753
1,1,block_2,2,Provo_ID3,1,1079503,1259090,1,applied_drift,1741734686238,-22.115808725357056,-37.14034855365753
1,1,block_2,2,Provo_ID3,1,1079503,1259090,1,applied_drift,1741734686279,-22.115808725357056,-37.14034855365753
1,1,block_2,2,Provo_ID3,1,1079503,1259090,1,applied_drift,1741734686304,-22.115808725357056,-37.14034855365753
1,1,block_2,2,Provo_ID3,1,1079503,1259090,1,applied_drift,1741734686351,-22.115808725357056,-37.14034855365753
1,1,block_2,2,Provo_ID3,1,1079503,1259090,1,applied_drift,1741734686387,-22.115808725357056,-37.14034855365753
1,1,block_2,2,Provo_ID3,1,1079503,1259090,1,applied_drift,1741734686415,-22.115808725357056,-37.14034855365753
1,1,block_2,2,Provo_ID3,1,1079503,1259090,1,applied_drift,1741734686450,-22.115808725357056,-37.14034855365753
1,1,block_2,2,Provo_ID3,1,1079503,1259090,1,applied_drift,1741734686471,-22.115808725357056,-37.14034855365753
1,1,block_2,2,Provo_ID3,1,1079503,1259090,1,applied_drift,1741734686518,-22.115808725357056,-37.14034855365753
1,1,block_2,2,Provo_ID3,1,1079503,1259090,1,applied_drift,1741734686555,-22.115808725357056,-37.14034855365753
1,1,block_2,2,Provo_ID3,1,1079503,1259090,1,applied_drift,1741734686576,-22.115808725357056,-37.14034855365753
1,1,block_2,2,Provo_ID3,1,1079503,1259090,1,applied_drift,1741734686608,-22.115808725357056,-37.14034855365753
1,1,block_2,2,Provo_ID3,1,1079503,1259090,1,applied_drift,1741734686660,-22.115808725357056,-37.14034855365753
1,1,block_2,2,Provo_ID3,1,1079503,1259090,1,applied_drift,1741734686681,-22.115808725357056,-37.14034855365753
1,1,block_2,2,Provo_ID3,1,1079503,1259090,1,applied_drift,1741734686715,-22.115808725357056,-37.14034855365753
1,1,block_2,2,Provo_ID3,1,1079503,1259090,1,applied_drift,1741734686739,-22.115808725357056,-37.14034855365753
1,1,block_2,2,Provo_ID3,1,1079503,1259090,1,applied_drift,1741734686781,-22.115808725357056,-37.14034855365753
1,1,block_2,2,Provo_ID3,1,1079503,1259090,1,applied_drift,1741734686819,-22.115808725357056,-37.14034855365753
1,1,block_2,2,Provo_ID3,1,1079503,1259090,1,applied_drift,1741734686841,-22.115808725357056,-37.14034855365753
1,1,block_2,2,Provo_ID3,1,1079503,1259090,1,applied_drift,1741734686877,-22.115808725357056,-37.14034855365753
1,1,block_2,2,Provo_ID3,1,1079503,1259090,1,applied_drift,1741734686923,-22.115808725357056,-37.14034855365753
1,1,block_2,2,Provo_ID3,1,1079503,1259090,1,applied_drift,1741734686947,-22.115808725357056,-37.14034855365753
1,1,block_2,2,Provo_ID3,1,1079503,1259090,1,applied_drift,1741734686985,-22.115808725357056,-37.14034855365753
1,1,block_2,2,Provo_ID3,1,1079503,1259090,1,applied_drift,1741734687004,-22.115808725357056,-37.14034855365753
1,1,block_2,2,Provo_ID3,1,1079503,1259090,1,applied_drift,1741734687041,-22.115808725357056,-37.14034855365753
1,1,block_2,2,Provo_ID3,1,1079503,1259090,1,applied_drift,1741734687106,-22.115808725357056,-37.14034855365753
1,1,block_2,2,Provo_ID3,1,1079503,1259090,1,applied_drift,1741734687128,-22.115808725357056,-37.14034855365753
1,1,block_2,2,Provo_ID3,1,1079503,1259090,1,applied_drift,1741734687161,-22.115808725357056,-37.14034855365753
1,1,block_2,2,Provo_ID3,1,1079503,1259090,1,applied_drift,1741734687204,-22.115808725357056,-37.14034855365753
1,1,block_2,2,Provo_ID3,1,1079503,1259090,1,applied_drift,1741734687230,-22.115808725357056,-37.14034855365753
1,1,block_2,2,Provo_ID3,1,1079503,1259090,1,applied_drift,1741734687263,-22.115808725357056,-37.14034855365753
1,1,block_2,2,Provo_ID3,1,1079503,1259090,1,applied_drift,1741734687292,-22.115808725357056,-37.14034855365753
1,1,block_2,2,Provo_ID3,1,1079503,1259090,1,applied_drift,1741734687492,-22.115808725357056,-37.14034855365753
1,1,block_2,2,Provo_ID3,1,1079503,1259090,1,applied_drift,1741734687584,-22.115808725357056,-37.14034855365753
1,1,block_2,2,Provo_ID3,1,1079503,1259090,1,applied_drift,1741734687606,-22.115808725357056,-37.14034855365753
1,1,block_2,2,Provo_ID3,1,1079503,1259090,1,applied_drift,1741734687638,-22.115808725357056,-37.14034855365753
1,1,block_2,2,Provo_ID3,1,1079503,1259090,1,applied_drift,1741734687666,-22.115808725357056,-37.14034855365753
1,1,block_2,2,Provo_ID3,1,1079503,1259090,1,applied_drift,1741734687708,-22.115808725357056,-37.14034855365753
1,1,block_2,2,Provo_ID3,1,1079503,1259090,1,applied_drift,1741734687749,-22.115808725357056,-37.14034855365753
1,1,block_2,2,Provo_ID3,1,1079503,1259090,1,applied_drift,1741734687770,-22.115808725357056,-37.14034855365753
1,1,block_2,2,Provo_ID3,1,1079503,1259090,1,applied_drift,1741734687818,-22.115808725357056,-37.14034855365753
1,1,block_2,2,Provo_ID3,1,1079503,1259090,1,applied_drift,1741734687850,-22.115808725357056,-37.14034855365753
1,1,block_2,2,Provo_ID3,1,1079503,1259090,1,applied_drift,1741734687872,-22.115808725357056,-37.14034855365753
1,1,block_2,2,Provo_ID3,1,1079503,1259090,1,applied_drift,1741734687906,-22.115808725357056,-37.14034855365753
1,1,block_2,2,Provo_ID3,1,1079503,1259090,1,applied_drift,1741734687955,-22.115808725357056,-37.14034855365753
1,1,block_2,2,Provo_ID3,1,1079503,1259090,1,applied_drift,1741734687983,-22.115808725357056,-37.14034855365753
1,1,block_2,2,Provo_ID3,1,1079503,1259090,1,applied_drift,1741734688056,-22.115808725357056,-37.14034855365753
1,1,block_2,2,Provo_ID3,1,1079503,1259090,1,applied_drift,1741734688114,-22.115808725357056,-37.14034855365753
1,1,block_2,2,Provo_ID3,1,1079503,1259090,1,applied_drift,1741734688207,-22.115808725357056,-37.14034855365753
1,1,block_2,2,Provo_ID3,1,1079503,1259090,1,applied_drift,1741734688240,-22.115808725357056,-37.14034855365753
1,1,block_2,2,Provo_ID3,1,1079503,1259090,1,applied_drift,1741734688274,-22.115808725357056,-37.14034855365753
1,1,block_2,2,Provo_ID3,1,1079503,1259090,1,applied_drift,1741734688292,-22.115808725357056,-37.14034855365753
1,1,block_2,2,Provo_ID3,1,1079503,1259090,1,applied_drift,1741734688334,-22.115808725357056,-37.14034855365753
1,1,block_2,2,Provo_ID3,1,1079503,1259090,1,applied_drift,1741734688354,-22.115808725357056,-37.14034855365753
1,1,block_2,2,Provo_ID3,1,1079503,1259090,1,applied_drift,1741734688401,-22.115808725357056,-37.14034855365753
1,1,block_2,2,Provo_ID3,1,1079503,1259090,1,applied_drift,1741734688427,-22.115808725357056,-37.14034855365753
1,1,block_2,2,Provo_ID3,1,1079503,1259090,1,applied_drift,1741734688467,-22.115808725357056,-37.14034855365753
1,1,block_2,2,Provo_ID3,1,1079503,1259090,1,applied_drift,1741734688508,-22.115808725357056,-37.14034855365753
1,1,block_2,2,Provo_ID3,1,1079503,1259090,1,applied_drift,1741734688533,-22.115808725357056,-37.14034855365753
1,1,block_2,2,Provo_ID3,1,1079503,1259090,1,applied_drift,1741734688568,-22.115808725357056,-37.14034855365753
1,1,block_2,2,Provo_ID3,1,1079503,1259090,1,applied_drift,1741734688589,-22.115808725357056,-37.14034855365753
1,1,block_2,2,Provo_ID3,1,1079503,1259090,1,applied_drift,1741734688641,-22.115808725357056,-37.14034855365753
1,1,block_2,2,Provo_ID3,1,1079503,1259090,1,applied_drift,1741734688680,-22.115808725357056,-37.14034855365753
1,1,block_2,2,Provo_ID3,1,1079503,1259090,1,applied_drift,1741734688697,-22.115808725357056,-37.14034855365753
1,1,block_2,2,Provo_ID3,1,1079503,1259090,1,applied_drift,1741734688744,-22.115808725357056,-37.14034855365753
1,1,block_2,2,Provo_ID3,1,1079503,1259090,1,applied_drift,1741734688780,-22.115808725357056,-37.14034855365753
1,1,block_2,2,Provo_ID3,1,1079503,1259090,1,applied_drift,1741734688826,-22.115808725357056,-37.14034855365753
1,1,block_2,2,Provo_ID3,1,1079503,1259090,1,applied_drift,1741734688864,-22.115808725357056,-37.14034855365753
1,1,block_2,2,Provo_ID3,1,1079503,1259090,1,applied_drift,1741734688896,-22.115808725357056,-37.14034855365753
1,1,block_2,2,Provo_ID3,1,1079503,1259090,1,applied_drift,1741734688920,-22.115808725357056,-37.14034855365753
1,1,block_2,2,Provo_ID3,1,1079503,1259090,1,applied_drift,1741734688963,-22.115808725357056,-37.14034855365753
1,1,block_2,2,Provo_ID3,1,1079503,1259090,1,applied_drift,1741734689001,-22.115808725357056,-37.14034855365753
1,1,block_2,2,Provo_ID3,1,1079503,1259090,1,applied_drift,1741734689025,-22.115808725357056,-37.14034855365753
1,1,block_2,2,Provo_ID3,1,1079503,1259090,1,applied_drift,1741734689087,-22.115808725357056,-37.14034855365753
1,1,block_2,2,Provo_ID3,1,1079503,1259090,1,applied_drift,1741734689123,-22.115808725357056,-37.14034855365753
1,1,block_2,2,Provo_ID3,1,1079503,1259090,1,applied_drift,1741734689151,-22.115808725357056,-37.14034855365753
1,1,block_2,2,Provo_ID3,1,1079503,1259090,1,applied_drift,1741734689190,-22.115808725357056,-37.14034855365753
1,1,block_2,2,Provo_ID3,1,1079503,1259090,1,applied_drift,1741734689207,-22.115808725357056,-37.14034855365753
1,1,block_2,2,Provo_ID3,1,1079503,1259090,1,applied_drift,1741734689243,-22.115808725357056,-37.14034855365753
1,1,block_2,2,Provo_ID3,1,1079503,1259090,1,applied_drift,1741734689281,-22.115808725357056,-37.14034855365753
1,1,block_2,2,Provo_ID3,1,1079503,1259090,1,applied_drift,1741734689322,-22.115808725357056,-37.14034855365753
1,1,block_2,2,Provo_ID3,1,1079503,1259090,1,applied_drift,1741734689358,-22.115808725357056,-37.14034855365753
1,1,block_2,2,Provo_ID3,1,1079503,1259090,1,applied_drift,1741734689389,-22.115808725357056,-37.14034855365753
1,1,block_2,2,Provo_ID3,1,1079503,1259090,1,applied_drift,1741734689425,-22.115808725357056,-37.14034855365753
1,1,block_2,2,Provo_ID3,1,1079503,1259090,1,applied_drift,1741734689441,-22.115808725357056,-37.14034855365753
1,1,block_2,2,Provo_ID3,1,1079503,1259090,1,applied_drift,1741734689482,-22.115808725357056,-37.14034855365753
1,1,block_2,2,Provo_ID3,1,1079503,1259090,1,applied_drift,1741734689565,-22.115808725357056,-37.14034855365753
1,1,block_2,2,Provo_ID3,1,1079503,1259090,1,applied_drift,1741734689589,-22.115808725357056,-37.14034855365753
1,1,block_2,2,Provo_ID3,1,1079503,1259090,1,applied_drift,1741734689626,-22.115808725357056,-37.14034855365753
1,1,block_2,2,Provo_ID3,1,1079503,1259090,1,applied_drift,1741734689652,-22.115808725357056,-37.14034855365753
1,1,block_2,2,Provo_ID3,1,1079503,1259090,1,applied_drift,1741734689717,-22.115808725357056,-37.14034855365753
1,1,block_2,2,Provo_ID3,1,1079503,1259090,1,applied_drift,1741734689779,-22.115808725357056,-37.14034855365753
1,1,block_2,2,Provo_ID3,1,1079503,1259090,1,applied_drift,1741734689826,-22.115808725357056,-37.14034855365753
1,1,block_2,2,Provo_ID3,1,1079503,1259090,1,applied_drift,1741734689853,-22.115808725357056,-37.14034855365753
1,1,block_2,2,Provo_ID3,1,1079503,1259090,1,applied_drift,1741734689883,-22.115808725357056,-37.14034855365753
1,1,block_2,2,Provo_ID3,1,1079503,1259090,1,applied_drift,1741734689906,-22.115808725357056,-37.14034855365753
1,1,block_2,2,Provo_ID3,1,1079503,1259090,1,applied_drift,1741734689952,-22.115808725357056,-37.14034855365753
1,1,block_2,2,Provo_ID3,1,1079503,1259090,1,applied_drift,1741734689985,-22.115808725357056,-37.14034855365753
1,1,block_2,2,Provo_ID3,1,1079503,1259090,1,applied_drift,1741734690007,-22.115808725357056,-37.14034855365753
1,1,block_2,2,Provo_ID3,1,1079503,1259090,1,applied_drift,1741734690044,-22.115808725357056,-37.14034855365753
1,1,block_2,2,Provo_ID3,1,1079503,1259090,1,applied_drift,1741734690071,-22.115808725357056,-37.14034855365753
1,1,block_2,2,Provo_ID3,1,1079503,1259090,1,applied_drift,1741734690114,-22.115808725357056,-37.14034855365753
1,1,block_2,2,Provo_ID3,1,1079503,1259090,1,applied_drift,1741734690146,-22.115808725357056,-37.14034855365753
1,1,block_2,2,Provo_ID3,1,1079503,1259090,1,applied_drift,1741734690173,-22.115808725357056,-37.14034855365753
1,1,block_2,2,Provo_ID3,1,1079503,1259090,1,applied_drift,1741734690221,-22.115808725357056,-37.14034855365753
1,1,block_2,2,Provo_ID3,1,1079503,1259090,1,applied_drift,1741734690254,-22.115808725357056,-37.14034855365753
1,1,block_2,2,Provo_ID3,1,1079503,1259090,1,applied_drift,1741734690271,-22.115808725357056,-37.14034855365753
1,1,block_2,2,Provo_ID3,1,1079503,1259090,1,applied_drift,1741734690307,-22.115808725357056,-37.14034855365753
1,1,block_2,2,Provo_ID3,1,1079503,1259090,1,applied_drift,1741734690355,-22.115808725357056,-37.14034855365753
1,1,block_2,2,Provo_ID3,1,1079503,1259090,1,applied_drift,1741734690375,-22.115808725357056,-37.14034855365753
1,1,block_2,2,Provo_ID3,1,1079503,1259090,1,applied_drift,1741734690430,-22.115808725357056,-37.14034855365753
1,1,block_2,2,Provo_ID3,1,1079503,1259090,1,applied_drift,1741734690460,-22.115808725357056,-37.14034855365753
1,1,block_2,2,Provo_ID3,1,1079503,1259090,1,applied_drift,1741734690504,-22.115808725357056,-37.14034855365753
1,1,block_2,2,Provo_ID3,1,1079503,1259090,1,applied_drift,1741734690534,-22.115808725357056,-37.14034855365753
1,1,block_2,2,Provo_ID3,1,1079503,1259090,1,applied_drift,1741734690567,-22.115808725357056,-37.14034855365753
1,1,block_2,2,Provo_ID3,1,1079503,1259090,1,applied_drift,1741734690593,-22.115808725357056,-37.14034855365753
1,1,block_2,2,Provo_ID3,1,1079503,1259090,1,applied_drift,1741734690652,-22.115808725357056,-37.14034855365753
1,1,block_2,2,Provo_ID3,1,1079503,1259090,1,applied_drift,1741734690682,-22.115808725357056,-37.14034855365753
1,1,block_2,2,Provo_ID3,1,1079503,1259090,1,applied_drift,1741734690703,-22.115808725357056,-37.14034855365753
1,1,block_2,2,Provo_ID3,1,1079503,1259090,1,applied_drift,1741734690744,-22.115808725357056,-37.14034855365753
1,1,block_2,2,Provo_ID3,1,1079503,1259090,1,applied_drift,1741734690783,-22.115808725357056,-37.14034855365753
1,1,block_2,2,Provo_ID3,1,1079503,1259090,1,applied_drift,1741734690807,-22.115808725357056,-37.14034855365753
1,1,block_2,2,Provo_ID3,1,1079503,1259090,1,applied_drift,1741734690841,-22.115808725357056,-37.14034855365753
1,1,block_2,2,Provo_ID3,1,1079503,1259090,1,applied_drift,1741734690889,-22.115808725357056,-37.14034855365753
1,1,block_2,2,Provo_ID3,1,1079503,1259090,1,applied_drift,1741734690912,-22.115808725357056,-37.14034855365753
1,1,block_2,2,Provo_ID3,1,1079503,1259090,1,applied_drift,1741734690941,-22.115808725357056,-37.14034855365753
1,1,block_2,2,Provo_ID3,1,1079503,1259090,1,applied_drift,1741734690984,-22.115808725357056,-37.14034855365753
1,1,block_2,2,Provo_ID3,1,1079503,1259090,1,applied_drift,1741734691013,-22.115808725357056,-37.14034855365753
1,1,block_2,2,Provo_ID3,1,1079503,1259090,1,applied_drift,1741734691048,-22.115808725357056,-37.14034855365753
1,1,block_2,2,Provo_ID3,1,1079503,1259090,1,applied_drift,1741734691069,-22.115808725357056,-37.14034855365753
1,1,block_2,2,Provo_ID3,1,1079503,1259090,1,applied_drift,1741734691112,-22.115808725357056,-37.14034855365753
1,1,block_2,2,Provo_ID3,1,1079503,1259090,1,applied_drift,1741734691152,-22.115808725357056,-37.14034855365753
1,1,block_2,2,Provo_ID3,1,1079503,1259090,1,applied_drift,1741734691172,-22.115808725357056,-37.14034855365753
1,1,block_2,2,Provo_ID3,1,1079503,1259090,1,applied_drift,1741734691210,-22.115808725357056,-37.14034855365753
1,1,block_2,2,Provo_ID3,1,1079503,1259090,1,applied_drift,1741734691251,-22.115808725357056,-37.14034855365753
1,1,block_2,2,Provo_ID3,1,1079503,1259090,1,applied_drift,1741734691274,-22.115808725357056,-37.14034855365753
1,1,block_2,2,Provo_ID3,1,1079503,1259090,1,applied_drift,1741734691308,-22.115808725357056,-37.14034855365753
1,1,block_2,2,Provo_ID3,1,1079503,1259090,1,applied_drift,1741734691381,-22.115808725357056,-37.14034855365753
1,1,block_2,2,Provo_ID3,1,1079503,1259090,1,applied_drift,1741734691418,-22.115808725357056,-37.14034855365753
1,1,block_2,2,Provo_ID3,1,1079503,1259090,1,applied_drift,1741734691473,-22.115808725357056,-37.14034855365753
1,1,block_2,2,Provo_ID3,1,1079503,1259090,1,applied_drift,1741734691498,-22.115808725357056,-37.14034855365753
1,1,block_2,2,Provo_ID3,1,1079503,1259090,1,applied_drift,1741734691530,-22.115808725357056,-37.14034855365753
1,1,block_2,2,Provo_ID3,1,1079503,1259090,1,applied_drift,1741734691562,-22.115808725357056,-37.14034855365753
1,1,block_2,2,Provo_ID3,1,1079503,1259090,1,applied_drift,1741734691599,-22.115808725357056,-37.14034855365753
1,1,block_2,2,Provo_ID3,1,1079503,1259090,1,applied_drift,1741734691634,-22.115808725357056,-37.14034855365753
1,1,block_2,2,Provo_ID3,1,1079503,1259090,1,applied_drift,1741734691656,-22.115808725357056,-37.14034855365753
1,1,block_2,2,Provo_ID3,1,1079503,1259090,1,applied_drift,1741734691706,-22.115808725357056,-37.14034855365753
1,1,block_2,2,Provo_ID3,1,1079503,1259090,1,applied_drift,1741734691746,-22.115808725357056,-37.14034855365753
1,1,block_2,2,Provo_ID3,1,1079503,1259090,1,applied_drift,1741734691783,-22.115808725357056,-37.14034855365753
1,1,block_2,2,Provo_ID3,1,1079503,1259090,1,applied_drift,1741734691802,-22.115808725357056,-37.14034855365753
1,1,block_2,2,Provo_ID3,1,1079503,1259090,1,applied_drift,1741734691841,-22.115808725357056,-37.14034855365753
1,1,block_2,2,Provo_ID3,1,1079503,1259090,1,applied_drift,1741734691894,-22.115808725357056,-37.14034855365753
1,1,block_2,2,Provo_ID3,1,1079503,1259090,1,applied_drift,1741734691916,-22.115808725357056,-37.14034855365753
1,1,block_2,2,Provo_ID3,1,1079503,1259090,1,applied_drift,1741734691950,-22.115808725357056,-37.14034855365753
1,1,block_2,2,Provo_ID3,1,1079503,1259090,1,applied_drift,1741734691974,-22.115808725357056,-37.14034855365753
1,1,block_2,2,Provo_ID3,1,1079503,1259090,1,applied_drift,1741734692025,-22.115808725357056,-37.14034855365753
1,1,block_2,2,Provo_ID3,1,1079503,1259090,1,applied_drift,1741734692055,-22.115808725357056,-37.14034855365753
1,1,block_2,2,Provo_ID3,1,1079503,1259090,1,applied_drift,1741734692083,-22.115808725357056,-37.14034855365753
1,1,block_2,2,Provo_ID3,1,1079503,1259090,1,applied_drift,1741734692121,-22.115808725357056,-37.14034855365753
1,1,block_2,2,Provo_ID3,1,1079503,1259090,1,applied_drift,1741734692139,-22.115808725357056,-37.14034855365753
1,1,block_2,2,Provo_ID3,1,1079503,1259090,1,applied_drift,1741734692177,-22.115808725357056,-37.14034855365753
1,1,block_2,2,Provo_ID3,1,1079503,1259090,1,applied_drift,1741734692221,-22.115808725357056,-37.14034855365753
1,1,block_2,2,Provo_ID3,1,1079503,1259090,1,applied_drift,1741734692247,-22.115808725357056,-37.14034855365753
1,1,block_2,2,Provo_ID3,1,1079503,1259090,1,applied_drift,1741734692289,-22.115808725357056,-37.14034855365753
1,1,block_2,2,Provo_ID3,1,1079503,1259090,1,applied_drift,1741734692328,-22.115808725357056,-37.14034855365753
1,1,block_2,2,Provo_ID3,1,1079503,1259090,1,applied_drift,1741734692378,-22.115808725357056,-37.14034855365753
1,1,block_2,2,Provo_ID3,1,1079503,1259090,1,applied_drift,1741734692408,-22.115808725357056,-37.14034855365753
1,1,block_2,2,Provo_ID3,1,1079503,1259090,1,applied_drift,1741734692448,-22.115808725357056,-37.14034855365753
1,1,block_2,2,Provo_ID3,1,1079503,1259090,1,applied_drift,1741734692505,-22.115808725357056,-37.14034855365753
1,1,block_2,2,Provo_ID3,1,1079503,1259090,1,applied_drift,1741734692536,-22.115808725357056,-37.14034855365753
1,1,block_2,2,Provo_ID3,1,1079503,1259090,1,applied_drift,1741734692582,-22.115808725357056,-37.14034855365753
1,1,block_2,2,Provo_ID3,1,1079503,1259090,1,applied_drift,1741734692630,-22.115808725357056,-37.14034855365753
1,1,block_2,2,Provo_ID3,1,1079503,1259090,1,applied_drift,1741734692656,-22.115808725357056,-37.14034855365753
1,1,block_2,2,Provo_ID3,1,1079503,1259090,1,applied_drift,1741734692697,-22.115808725357056,-37.14034855365753
1,1,block_2,2,Provo_ID3,1,1079503,1259090,1,applied_drift,1741734692735,-22.115808725357056,-37.14034855365753
1,1,block_2,2,Provo_ID3,1,1079503,1259090,1,applied_drift,1741734692776,-22.115808725357056,-37.14034855365753
1,1,block_2,2,Provo_ID3,1,1079503,1259090,1,applied_drift,1741734692801,-22.115808725357056,-37.14034855365753
1,1,block_2,2,Provo_ID3,1,1079503,1259090,1,applied_drift,1741734692839,-22.115808725357056,-37.14034855365753
1,1,block_2,2,Provo_ID3,1,1079503,1259090,1,applied_drift,1741734692869,-22.115808725357056,-37.14034855365753
1,1,block_2,2,Provo_ID3,1,1079503,1259090,1,applied_drift,1741734692906,-22.115808725357056,-37.14034855365753
1,1,block_2,2,Provo_ID3,1,1079503,1259090,1,applied_drift,1741734692933,-22.115808725357056,-37.14034855365753
1,1,block_2,2,Provo_ID3,1,1079503,1259090,1,applied_drift,1741734692991,-22.115808725357056,-37.14034855365753
1,1,block_2,2,Provo_ID3,1,1079503,1259090,1,applied_drift,1741734693026,-22.115808725357056,-37.14034855365753
1,1,block_2,2,Provo_ID3,1,1079503,1259090,1,applied_drift,1741734693056,-22.115808725357056,-37.14034855365753
1,1,block_2,2,Provo_ID3,1,1079503,1259090,1,applied_drift,1741734693090,-22.115808725357056,-37.14034855365753
1,1,block_2,2,Provo_ID3,1,1079503,1259090,1,applied_drift,1741734693108,-22.115808725357056,-37.14034855365753
1,1,block_2,2,Provo_ID3,1,1079503,1259090,1,applied_drift,1741734693146,-22.115808725357056,-37.14034855365753
1,1,block_2,2,Provo_ID3,1,1079503,1259090,1,applied_drift,1741734693204,-22.115808725357056,-37.14034855365753
1,1,block_2,2,Provo_ID3,1,1079503,1259090,1,applied_drift,1741734693227,-22.115808725357056,-37.14034855365753
1,1,block_2,2,Provo_ID3,1,1079503,1259090,1,applied_drift,1741734693267,-22.115808725357056,-37.14034855365753
1,1,block_2,2,Provo_ID3,1,1079503,1259090,1,applied_drift,1741734693286,-22.115808725357056,-37.14034855365753
1,1,block_2,2,Provo_ID3,1,1079503,1259090,1,applied_drift,1741734693351,-22.115808725357056,-37.14034855365753
1,1,block_2,2,Provo_ID3,1,1079503,1259090,1,applied_drift,1741734693383,-22.115808725357056,-37.14034855365753
1,1,block_2,2,Provo_ID3,1,1079503,1259090,1,applied_drift,1741734693425,-22.115808725357056,-37.14034855365753
1,1,block_2,2,Provo_ID3,1,1079503,1259090,1,applied_drift,1741734693464,-22.115808725357056,-37.14034855365753
1,1,block_2,2,Provo_ID3,1,1079503,1259090,1,applied_drift,1741734693496,-22.115808725357056,-37.14034855365753
1,1,block_2,2,Provo_ID3,1,1079503,1259090,1,applied_drift,1741734693520,-22.115808725357056,-37.14034855365753
1,1,block_2,2,Provo_ID3,1,1079503,1259090,1,applied_drift,1741734693564,-22.115808725357056,-37.14034855365753
1,1,block_2,2,Provo_ID3,1,1079503,1259090,1,applied_drift,1741734693625,-22.115808725357056,-37.14034855365753
1,1,block_2,2,Provo_ID3,1,1079503,1259090,1,applied_drift,1741734693661,-22.115808725357056,-37.14034855365753
1,1,block_2,2,Provo_ID3,1,1079503,1259090,1,applied_drift,1741734693691,-22.115808725357056,-37.14034855365753
1,1,block_2,2,Provo_ID3,1,1079503,1259090,1,applied_drift,1741734693730,-22.115808725357056,-37.14034855365753
1,1,block_2,2,Provo_ID3,1,1079503,1259090,1,applied_drift,1741734693762,-22.115808725357056,-37.14034855365753
1,1,block_2,2,Provo_ID3,1,1079503,1259090,1,applied_drift,1741734693795,-22.115808725357056,-37.14034855365753
1,1,block_2,2,Provo_ID3,1,1079503,1259090,1,applied_drift,1741734693846,-22.115808725357056,-37.14034855365753
1,1,block_2,2,Provo_ID3,1,1079503,1259090,1,applied_drift,1741734693882,-22.115808725357056,-37.14034855365753
1,1,block_2,2,Provo_ID3,1,1079503,1259090,1,applied_drift,1741734693904,-22.115808725357056,-37.14034855365753
1,1,block_2,2,Provo_ID3,1,1079503,1259090,1,applied_drift,1741734693939,-22.115808725357056,-37.14034855365753
1,1,block_2,2,Provo_ID3,1,1079503,1259090,1,applied_drift,1741734693961,-22.115808725357056,-37.14034855365753
1,1,block_2,2,Provo_ID3,1,1079503,1259090,1,applied_drift,1741734693999,-22.115808725357056,-37.14034855365753
1,1,block_2,2,Provo_ID3,1,1079503,1259090,1,applied_drift,1741734694051,-22.115808725357056,-37.14034855365753
1,1,block_2,2,Provo_ID3,1,1079503,1259090,1,applied_drift,1741734694080,-22.115808725357056,-37.14034855365753
1,1,block_2,2,Provo_ID3,1,1079503,1259090,1,applied_drift,1741734694117,-22.115808725357056,-37.14034855365753
1,1,block_2,2,Provo_ID3,1,1079503,1259090,1,applied_drift,1741734694146,-22.115808725357056,-37.14034855365753
1,1,block_2,2,Provo_ID3,1,1079503,1259090,1,applied_drift,1741734694184,-22.115808725357056,-37.14034855365753
1,1,block_2,2,Provo_ID3,1,1079503,1259090,1,applied_drift,1741734694208,-22.115808725357056,-37.14034855365753
1,1,block_2,2,Provo_ID3,1,1079503,1259090,1,applied_drift,1741734694248,-22.115808725357056,-37.14034855365753
1,1,block_2,2,Provo_ID3,1,1079503,1259090,1,applied_drift,1741734694287,-22.115808725357056,-37.14034855365753
1,1,block_2,2,Provo_ID3,1,1079503,1259090,1,applied_drift,1741734694326,-22.115808725357056,-37.14034855365753
1,1,block_2,2,Provo_ID3,1,1079503,1259090,1,applied_drift,1741734694353,-22.115808725357056,-37.14034855365753
1,1,block_2,2,Provo_ID3,1,1079503,1259090,1,applied_drift,1741734694381,-22.115808725357056,-37.14034855365753
1,1,block_2,2,Provo_ID3,1,1079503,1259090,1,applied_drift,1741734694418,-22.115808725357056,-37.14034855365753
1,1,block_2,2,Provo_ID3,1,1079503,1259090,1,applied_drift,1741734694461,-22.115808725357056,-37.14034855365753
1,1,block_2,2,Provo_ID3,1,1079503,1259090,1,applied_drift,1741734694484,-22.115808725357056,-37.14034855365753
1,1,block_2,2,Provo_ID3,1,1079503,1259090,1,applied_drift,1741734694559,-22.115808725357056,-37.14034855365753
1,1,block_2,2,Provo_ID3,1,1079503,1259090,1,applied_drift,1741734694580,-22.115808725357056,-37.14034855365753
1,1,block_2,2,Provo_ID3,1,1079503,1259090,1,applied_drift,1741734694624,-22.115808725357056,-37.14034855365753
1,1,block_2,2,Provo_ID3,1,1079503,1259090,1,applied_drift,1741734694656,-22.115808725357056,-37.14034855365753
1,1,block_2,2,Provo_ID3,1,1079503,1259090,1,applied_drift,1741734694720,-22.115808725357056,-37.14034855365753
1,1,block_2,2,Provo_ID3,1,1079503,1259090,1,applied_drift,1741734694755,-22.115808725357056,-37.14034855365753
1,1,block_2,2,Provo_ID3,1,1079503,1259090,1,applied_drift,1741734694797,-22.115808725357056,-37.14034855365753
1,1,block_2,2,Provo_ID3,1,1079503,1259090,1,applied_drift,1741734694847,-22.115808725357056,-37.14034855365753
1,1,block_2,2,Provo_ID3,1,1079503,1259090,1,applied_drift,1741734694863,-22.115808725357056,-37.14034855365753
1,1,block_2,2,Provo_ID3,1,1079503,1259090,1,applied_drift,1741734694901,-22.115808725357056,-37.14034855365753
1,1,block_2,2,Provo_ID3,1,1079503,1259090,1,applied_drift,1741734694948,-22.115808725357056,-37.14034855365753
1,1,block_2,2,Provo_ID3,1,1079503,1259090,1,applied_drift,1741734694969,-22.115808725357056,-37.14034855365753
1,1,block_2,2,Provo_ID3,1,1079503,1259090,1,applied_drift,1741734695002,-22.115808725357056,-37.14034855365753
1,1,block_2,2,Provo_ID3,1,1079503,1259090,1,applied_drift,1741734695029,-22.115808725357056,-37.14034855365753
1,1,block_2,2,Provo_ID3,1,1079503,1259090,1,applied_drift,1741734695089,-22.115808725357056,-37.14034855365753
1,1,block_2,2,Provo_ID3,1,1079503,1259090,1,applied_drift,1741734695128,-22.115808725357056,-37.14034855365753
1,1,block_2,2,Provo_ID3,1,1079503,1259090,1,applied_drift,1741734695155,-22.115808725357056,-37.14034855365753
1,1,block_2,2,Provo_ID3,1,1079503,1259090,1,applied_drift,1741734695192,-22.115808725357056,-37.14034855365753
1,1,block_2,2,Provo_ID3,1,1079503,1259090,1,applied_drift,1741734695252,-22.115808725357056,-37.14034855365753
1,1,block_2,2,Provo_ID3,1,1079503,1259090,1,applied_drift,1741734695283,-22.115808725357056,-37.14034855365753
1,1,block_2,2,Provo_ID3,1,1079503,1259090,1,applied_drift,1741734695314,-22.115808725357056,-37.14034855365753
1,1,block_2,2,Provo_ID3,1,1079503,1259090,1,applied_drift,1741734695342,-22.115808725357056,-37.14034855365753
1,1,block_2,2,Provo_ID3,1,1079503,1259090,1,applied_drift,1741734695377,-22.115808725357056,-37.14034855365753
1,1,block_2,2,Provo_ID3,1,1079503,1259090,1,applied_drift,1741734695397,-22.115808725357056,-37.14034855365753
1,1,block_2,2,Provo_ID3,1,1079503,1259090,1,applied_drift,1741734695458,-22.115808725357056,-37.14034855365753
1,1,block_2,2,Provo_ID3,1,1079503,1259090,1,applied_drift,1741734695508,-22.115808725357056,-37.14034855365753
1,1,block_2,2,Provo_ID3,1,1079503,1259090,1,applied_drift,1741734695539,-22.115808725357056,-37.14034855365753
1,1,block_2,2,Provo_ID3,1,1079503,1259090,1,applied_drift,1741734695596,-22.115808725357056,-37.14034855365753
1,1,block_2,2,Provo_ID3,1,1079503,1259090,1,applied_drift,1741734695630,-22.115808725357056,-37.14034855365753
1,1,block_2,2,Provo_ID3,1,1079503,1259090,1,applied_drift,1741734695701,-22.115808725357056,-37.14034855365753
1,1,block_2,2,Provo_ID3,1,1079503,1259090,1,applied_drift,1741734695730,-22.115808725357056,-37.14034855365753
1,1,block_2,2,Provo_ID3,1,1079503,1259090,1,applied_drift,1741734695763,-22.115808725357056,-37.14034855365753
1,1,block_2,2,Provo_ID3,1,1079503,1259090,1,applied_drift,1741734695788,-22.115808725357056,-37.14034855365753
1,1,block_2,2,Provo_ID3,1,1079503,1259090,1,applied_drift,1741734695857,-22.115808725357056,-37.14034855365753
1,1,block_2,2,Provo_ID3,1,1079503,1259090,1,applied_drift,1741734695910,-22.115808725357056,-37.14034855365753
1,1,block_2,2,Provo_ID3,1,1079503,1259090,1,applied_drift,1741734695927,-22.115808725357056,-37.14034855365753
1,1,block_2,2,Provo_ID3,1,1079503,1259090,1,applied_drift,1741734695965,-22.115808725357056,-37.14034855365753
1,1,block_2,2,Provo_ID3,1,1079503,1259090,1,applied_drift,1741734695989,-22.115808725357056,-37.14034855365753
1,1,block_2,2,Provo_ID3,1,1079503,1259090,1,applied_drift,1741734696034,-22.115808725357056,-37.14034855365753
1,1,block_2,2,Provo_ID3,1,1079503,1259090,1,applied_drift,1741734696066,-22.115808725357056,-37.14034855365753
1,1,block_2,2,Provo_ID3,1,1079503,1259090,1,applied_drift,1741734696089,-22.115808725357056,-37.14034855365753
1,1,block_2,2,Provo_ID3,1,1079503,1259090,1,applied_drift,1741734696135,-22.115808725357056,-37.14034855365753
1,1,block_2,2,Provo_ID3,1,1079503,1259090,1,applied_drift,1741734696156,-22.115808725357056,-37.14034855365753
1,1,block_2,2,Provo_ID3,1,1079503,1259090,1,applied_drift,1741734696201,-22.115808725357056,-37.14034855365753
1,1,block_2,2,Provo_ID3,1,1079503,1259090,1,applied_drift,1741734696234,-22.115808725357056,-37.14034855365753
1,1,block_2,2,Provo_ID3,1,1079503,1259090,1,applied_drift,1741734696288,-22.115808725357056,-37.14034855365753
1,1,block_2,2,Provo_ID3,1,1079503,1259090,1,applied_drift,1741734696321,-22.115808725357056,-37.14034855365753
1,1,block_2,2,Provo_ID3,1,1079503,1259090,1,applied_drift,1741734696381,-22.115808725357056,-37.14034855365753
1,1,block_2,2,Provo_ID3,1,1079503,1259090,1,applied_drift,1741734696403,-22.115808725357056,-37.14034855365753
1,1,block_2,2,Provo_ID3,1,1079503,1259090,1,applied_drift,1741734696491,-22.115808725357056,-37.14034855365753
1,1,block_2,2,Provo_ID3,1,1079503,1259090,1,applied_drift,1741734696528,-22.115808725357056,-37.14034855365753
1,1,block_2,2,Provo_ID3,1,1079503,1259090,1,applied_drift,1741734696581,-22.115808725357056,-37.14034855365753
1,1,block_2,2,Provo_ID3,1,1079503,1259090,1,applied_drift,1741734696606,-22.115808725357056,-37.14034855365753
1,1,block_2,2,Provo_ID3,1,1079503,1259090,1,applied_drift,1741734696650,-22.115808725357056,-37.14034855365753
1,1,block_2,2,Provo_ID3,1,1079503,1259090,1,applied_drift,1741734696678,-22.115808725357056,-37.14034855365753
1,1,block_2,2,Provo_ID3,1,1079503,1259090,1,applied_drift,1741734696716,-22.115808725357056,-37.14034855365753
1,1,block_2,2,Provo_ID3,1,1079503,1259090,1,applied_drift,1741734696766,-22.115808725357056,-37.14034855365753
1,1,block_2,2,Provo_ID3,1,1079503,1259090,1,applied_drift,1741734696810,-22.115808725357056,-37.14034855365753
1,1,block_2,2,Provo_ID3,1,1079503,1259090,1,applied_drift,1741734696849,-22.115808725357056,-37.14034855365753
1,1,block_2,2,Provo_ID3,1,1079503,1259090,1,applied_drift,1741734696884,-22.115808725357056,-37.14034855365753
1,1,block_2,2,Provo_ID3,1,1079503,1259090,1,applied_drift,1741734696914,-22.115808725357056,-37.14034855365753
1,1,block_2,2,Provo_ID3,1,1079503,1259090,1,applied_drift,1741734696948,-22.115808725357056,-37.14034855365753
1,1,block_2,2,Provo_ID3,1,1079503,1259090,1,applied_drift,1741734696982,-22.115808725357056,-37.14034855365753
1,1,block_2,2,Provo_ID3,1,1079503,1259090,1,applied_drift,1741734697021,-22.115808725357056,-37.14034855365753
1,1,block_2,2,Provo_ID3,1,1079503,1259090,1,applied_drift,1741734697090,-22.115808725357056,-37.14034855365753
1,1,block_2,2,Provo_ID3,1,1079503,1259090,1,applied_drift,1741734697121,-22.115808725357056,-37.14034855365753
1,1,block_2,2,Provo_ID3,1,1079503,1259090,1,applied_drift,1741734697148,-22.115808725357056,-37.14034855365753
1,1,block_2,2,Provo_ID3,1,1079503,1259090,1,applied_drift,1741734697197,-22.115808725357056,-37.14034855365753
1,1,block_2,2,Provo_ID3,1,1079503,1259090,1,applied_drift,1741734697223,-22.115808725357056,-37.14034855365753
1,1,block_2,2,Provo_ID3,1,1079503,1259090,1,applied_drift,1741734697272,-22.115808725357056,-37.14034855365753
1,1,block_2,2,Provo_ID3,1,1079503,1259090,1,applied_drift,1741734697315,-22.115808725357056,-37.14034855365753
1,1,block_2,2,Provo_ID3,1,1079503,1259090,1,applied_drift,1741734697358,-22.115808725357056,-37.14034855365753
1,1,block_2,2,Provo_ID3,1,1079503,1259090,1,applied_drift,1741734697399,-22.115808725357056,-37.14034855365753
1,1,block_2,2,Provo_ID3,1,1079503,1259090,1,applied_drift,1741734697439,-22.115808725357056,-37.14034855365753
1,1,block_2,2,Provo_ID3,1,1079503,1259090,1,applied_drift,1741734697475,-22.115808725357056,-37.14034855365753
1,1,block_2,2,Provo_ID3,1,1079503,1259090,1,applied_drift,1741734697573,-22.115808725357056,-37.14034855365753
1,1,block_2,2,Provo_ID3,1,1079503,1259090,1,applied_drift,1741734697611,-22.115808725357056,-37.14034855365753
1,1,block_2,2,Provo_ID3,1,1079503,1259090,1,applied_drift,1741734697671,-22.115808725357056,-37.14034855365753
1,1,block_2,2,Provo_ID3,1,1079503,1259090,1,applied_drift,1741734697713,-22.115808725357056,-37.14034855365753
1,1,block_2,2,Provo_ID3,1,1079503,1259090,1,applied_drift,1741734697769,-22.115808725357056,-37.14034855365753
1,1,block_2,2,Provo_ID3,1,1079503,1259090,1,applied_drift,1741734697821,-22.115808725357056,-37.14034855365753
1,1,block_2,2,Provo_ID3,1,1079503,1259090,1,applied_drift,1741734697867,-22.115808725357056,-37.14034855365753
1,1,block_2,2,Provo_ID3,1,1079503,1259090,1,applied_drift,1741734697912,-22.115808725357056,-37.14034855365753
1,1,block_2,2,Provo_ID3,1,1079503,1259090,1,applied_drift,1741734697990,-22.115808725357056,-37.14034855365753
1,1,block_2,2,Provo_ID3,1,1079503,1259090,1,applied_drift,1741734698019,-22.115808725357056,-37.14034855365753
1,1,block_2,2,Provo_ID3,1,1079503,1259090,1,applied_drift,1741734698068,-22.115808725357056,-37.14034855365753
1,1,block_2,2,Provo_ID3,1,1079503,1259090,1,applied_drift,1741734698097,-22.115808725357056,-37.14034855365753
1,1,block_2,2,Provo_ID3,1,1079503,1259090,1,applied_drift,1741734698162,-22.115808725357056,-37.14034855365753
1,1,block_2,2,Provo_ID3,1,1079503,1259090,1,applied_drift,1741734698189,-22.115808725357056,-37.14034855365753
1,1,block_2,2,Provo_ID3,1,1079503,1259090,1,applied_drift,1741734698255,-22.115808725357056,-37.14034855365753
1,1,block_2,2,Provo_ID3,1,1079503,1259090,1,applied_drift,1741734698289,-22.115808725357056,-37.14034855365753
1,1,block_2,2,Provo_ID3,1,1079503,1259090,1,applied_drift,1741734698343,-22.115808725357056,-37.14034855365753
1,1,block_2,2,Provo_ID3,1,1079503,1259090,1,applied_drift,1741734698374,-22.115808725357056,-37.14034855365753
1,1,block_2,2,Provo_ID3,1,1079503,1259090,1,applied_drift,1741734698422,-22.115808725357056,-37.14034855365753
1,1,block_2,2,Provo_ID3,1,1079503,1259090,1,applied_drift,1741734698449,-22.115808725357056,-37.14034855365753
1,1,block_2,2,Provo_ID3,1,1079503,1259090,1,applied_drift,1741734698504,-22.115808725357056,-37.14034855365753
1,1,block_2,2,Provo_ID3,1,1079503,1259090,1,applied_drift,1741734698545,-22.115808725357056,-37.14034855365753
1,1,block_2,2,Provo_ID3,1,1079503,1259090,1,applied_drift,1741734698593,-22.115808725357056,-37.14034855365753
1,1,block_2,2,Provo_ID3,1,1079503,1259090,1,applied_drift,1741734698616,-22.115808725357056,-37.14034855365753
1,1,block_2,2,Provo_ID3,1,1079503,1259090,1,applied_drift,1741734698659,-22.115808725357056,-37.14034855365753
1,1,block_2,2,Provo_ID3,1,1079503,1259090,1,applied_drift,1741734698684,-22.115808725357056,-37.14034855365753
1,1,block_2,2,Provo_ID3,1,1079503,1259090,1,applied_drift,1741734698758,-22.115808725357056,-37.14034855365753
1,1,block_2,2,Provo_ID3,1,1079503,1259090,1,applied_drift,1741734698788,-22.115808725357056,-37.14034855365753
1,1,block_2,2,Provo_ID3,1,1079503,1259090,1,applied_drift,1741734698840,-22.115808725357056,-37.14034855365753
1,1,block_2,2,Provo_ID3,1,1079503,1259090,1,applied_drift,1741734698866,-22.115808725357056,-37.14034855365753
1,1,block_2,2,Provo_ID3,1,1079503,1259090,1,applied_drift,1741734698902,-22.115808725357056,-37.14034855365753
1,1,block_2,2,Provo_ID3,1,1079503,1259090,1,error_trial,1741734681903,46.04515075683594
1,1,block_2,2,Provo_ID3,1,1079503,1259090,1,error_trial_x,1741734681903,34.71226586235894
1,1,block_2,2,Provo_ID3,1,1079503,1259090,1,error_trial_y,1741734681903,23.367385864257812
1,1,block_2,2,Provo_ID3,1,1079503,1259090,1,error_calibration,1741734681903,37.97401004367404
1,1,block_2,2,Provo_ID3,1,1079503,1259090,1,error_calibration_x,1741734681903,29.178551567925346
1,1,block_2,2,Provo_ID3,1,1079503,1259090,1,error_calibration_y,1741734681903,18.495686848958332
1,1,block_2,2,Provo_ID12,2,1079503,1259090,1,gaze_data,1741734702219,
1,1,block_2,2,Provo_ID12,2,1079503,1259090,1,gaze_data,1741734727056,320.0025737285614,261.9793735444546,1741734726973.4001,1
1,1,block_2,2,Provo_ID12,2,1079503,1259090,1,gaze_data,1741734727088,295.67131996154785,263.64146396517754,1741734727039.8,1
1,1,block_2,2,Provo_ID12,2,1079503,1259090,1,gaze_data,1741734727125,320.82024216651917,257.5467362999916,1741734727073.3,1
1,1,block_2,2,Provo_ID12,2,1079503,1259090,1,gaze_data,1741734727146,312.6870930194855,274.1177849471569,1741734727106.7,1
1,1,block_2,2,Provo_ID12,2,1079503,1259090,1,gaze_data,1741734727175,292.1905994415283,293.29700618982315,1741734727139.2,1
1,1,block_2,2,Provo_ID12,2,1079503,1259090,1,gaze_data,1741734727226,321.08301520347595,296.9882845878601,1741734727172.9001,1
1,1,block_2,2,Provo_ID12,2,1079503,1259090,1,gaze_data,1741734727258,316.35231375694275,298.43460619449615,1741734727223.2,1
1,1,block_2,2,Provo_ID12,2,1079503,1259090,1,gaze_data,1741734727302,274.591326713562,265.1867441833019,1741734727239.6,1
1,1,block_2,2,Provo_ID12,2,1079503,1259090,1,gaze_data,1741734727338,275.92947483062744,245.12351900339127,1741734727272.4001,1
1,1,block_2,2,Provo_ID12,2,1079503,1259090,1,gaze_data,1741734727364,289.7925138473511,240.6273152679205,1741734727306.6,1
1,1,block_2,2,Provo_ID12,2,1079503,1259090,1,gaze_data,1741734727394,239.90004062652588,212.03113943338394,1741734727339.2,1
1,1,block_2,2,Provo_ID12,2,1079503,1259090,1,gaze_data,1741734727438,146.60413265228271,120.96801996231079,1741734727389.3,1
1,1,block_2,2,Provo_ID12,2,1079503,1259090,1,gaze_data,1741734727469,148.26161861419678,64.37816321849823,1741734727406.2,1
1,1,block_2,2,Provo_ID12,2,1079503,1259090,1,gaze_data,1741734727492,144.1622257232666,78.80436480045319,1741734727439.7,1
1,1,block_2,2,Provo_ID12,2,1079503,1259090,1,gaze_data,1741734727536,94.88763809204102,96.26579880714417,1741734727472.4001,1
1,1,block_2,2,Provo_ID12,2,1079503,1259090,1,gaze_data,1741734727572,87.35711574554443,85.34950613975525,1741734727506.1,1
1,1,block_2,2,Provo_ID12,2,1079503,1259090,1,gaze_data,1741734727591,98.86765480041504,93.64835023880005,1741734727539.2,1
1,1,block_2,2,Provo_ID12,2,1079503,1259090,1,gaze_data,1741734727632,99.15046691894531,94.2881315946579,1741734727572.7,1
1,1,block_2,2,Provo_ID12,2,1079503,1259090,1,gaze_data,1741734727669,92.49982833862305,87.92968690395355,1741734727614.9001,1
1,1,block_2,2,Provo_ID12,2,1079503,1259090,1,gaze_data,1741734727697,96.63119316101074,92.33894050121307,1741734727639.7,1
1,1,block_2,2,Provo_ID12,2,1079503,1259090,1,gaze_data,1741734727735,80.54437637329102,93.46525967121124,1741734727672.5,1
1,1,block_2,2,Provo_ID12,2,1079503,1259090,1,gaze_data,1741734727753,90.70765972137451,91.1026656627655,1741734727706.2,1
1,1,block_2,2,Provo_ID12,2,1079503,1259090,1,gaze_data,1741734727798,79.39729690551758,87.58280277252197,1741734727739,1
1,1,block_2,2,Provo_ID12,2,1079503,1259090,1,gaze_data,1741734727841,103.49407196044922,143.6692237854004,1741734727772.7,1
1,1,block_2,2,Provo_ID12,2,1079503,1259090,1,gaze_data,1741734727869,237.9481315612793,184.89151298999786,1741734727806,1
1,1,block_2,2,Provo_ID12,2,1079503,1259090,1,gaze_data,1741734727902,286.6952896118164,163.541691750288,1741734727850.7,1
1,1,block_2,2,Provo_ID12,2,1079503,1259090,1,gaze_data,1741734727934,306.00796341896057,161.9090348482132,1741734727872.7,1
1,1,block_2,2,Provo_ID12,2,1079503,1259090,1,gaze_data,1741734727969,347.8858530521393,98.63328039646149,1741734727908.8,1
1,1,block_2,2,Provo_ID12,2,1079503,1259090,1,gaze_data,1741734727986,342.7649676799774,96.85235321521759,1741734727938.9001,1
1,1,block_2,2,Provo_ID12,2,1079503,1259090,1,gaze_data,1741734728030,335.6656491756439,106.11557811498642,1741734727972.6,1
1,1,block_2,2,Provo_ID12,2,1079503,1259090,1,gaze_data,1741734728074,377.63592004776,111.22859120368958,1741734728005.7,1
1,1,block_2,2,Provo_ID12,2,1079503,1259090,1,gaze_data,1741734728094,388.5036885738373,106.63415342569351,1741734728039.3,1
1,1,block_2,2,Provo_ID12,2,1079503,1259090,1,gaze_data,1741734728134,366.8270468711853,113.05050402879715,1741734728079.2,1
1,1,block_2,2,Provo_ID12,2,1079503,1259090,1,gaze_data,1741734728155,222.65045642852783,203.59708592295647,1741734728106.4001,1
1,1,block_2,2,Provo_ID12,2,1079503,1259090,1,gaze_data,1741734728197,185.4719877243042,200.36109946668148,1741734728138.7,1
1,1,block_2,2,Provo_ID12,2,1079503,1259090,1,gaze_data,1741734728240,202.28283405303955,201.61635652184486,1741734728172.5,1
1,1,block_2,2,Provo_ID12,2,1079503,1259090,1,gaze_data,1741734728262,195.5000400543213,199.08480197191238,1741734728205.5,1
1,1,block_2,2,Provo_ID12,2,1079503,1259090,1,gaze_data,1741734728295,174.05924797058105,194.0768402069807,1741734728239.9001,1
1,1,block_2,2,Provo_ID12,2,1079503,1259090,1,gaze_data,1741734728324,165.52138328552246,178.6755383014679,1741734728272.3,1
1,1,block_2,2,Provo_ID12,2,1079503,1259090,1,gaze_data,1741734728362,282.5411319732666,222.24612687714398,1741734728306.1,1
1,1,block_2,2,Provo_ID12,2,1079503,1259090,1,gaze_data,1741734728395,335.51809191703796,171.56281173229218,1741734728338.9001,1
1,1,block_2,2,Provo_ID12,2,1079503,1259090,1,gaze_data,1741734728423,351.87618136405945,162.08853423595428,1741734728382.3,1
1,1,block_2,2,Provo_ID12,2,1079503,1259090,1,gaze_data,1741734728463,429.43665385246277,157.36006051301956,1741734728405.5,1
1,1,block_2,2,Provo_ID12,2,1079503,1259090,1,gaze_data,1741734728500,399.8432755470276,189.57620337605476,1741734728439.8,1
1,1,block_2,2,Provo_ID12,2,1079503,1259090,1,gaze_data,1741734728519,401.8262103199959,209.0131811797619,1741734728472.1,1
1,1,block_2,2,Provo_ID12,2,1079503,1259090,1,gaze_data,1741734728561,447.5791573524475,215.7815409824252,1741734728505.7,1
1,1,block_2,2,Provo_ID12,2,1079503,1259090,1,gaze_data,1741734728596,427.42247581481934,212.20655404031277,1741734728538.7,1
1,1,block_2,2,Provo_ID12,2,1079503,1259090,1,gaze_data,1741734728622,433.1097185611725,207.93277993798256,1741734728591.8,1
1,1,block_2,2,Provo_ID12,2,1079503,1259090,1,gaze_data,1741734728668,483.0783188343048,207.61195234954357,1741734728605.6,1
1,1,block_2,2,Provo_ID12,2,1079503,1259090,1,gaze_data,1741734728699,482.99524188041687,189.06853571534157,1741734728638.9001,1
1,1,block_2,2,Provo_ID12,2,1079503,1259090,1,gaze_data,1741734728719,554.0473222732544,180.379918217659,1741734728672,1
1,1,block_2,2,Provo_ID12,2,1079503,1259090,1,gaze_data,1741734728768,601.8798112869263,154.42644655704498,1741734728705.5,1
1,1,block_2,2,Provo_ID12,2,1079503,1259090,1,gaze_data,1741734728803,618.0319786071777,175.86104795336723,1741734728738.5,1
1,1,block_2,2,Provo_ID12,2,1079503,1259090,1,gaze_data,1741734728830,624.1799116134644,191.71269461512566,1741734728772.7,1
1,1,block_2,2,Provo_ID12,2,1079503,1259090,1,gaze_data,1741734728866,614.2783880233765,207.64017514884472,1741734728805.9001,1
1,1,block_2,2,Provo_ID12,2,1079503,1259090,1,gaze_data,1741734728897,531.5237998962402,265.80114513635635,1741734728855.3,1
1,1,block_2,2,Provo_ID12,2,1079503,1259090,1,gaze_data,1741734728938,341.6652739048004,372.68853783607483,1741734728872.1,1
1,1,block_2,2,Provo_ID12,2,1079503,1259090,1,gaze_data,1741734728959,283.712363243103,394.85951364040375,1741734728905.6,1
1,1,block_2,2,Provo_ID12,2,1079503,1259090,1,gaze_data,1741734728994,325.15336871147156,292.6318109035492,1741734728938.4001,1
1,1,block_2,2,Provo_ID12,2,1079503,1259090,1,gaze_data,1741734729023,317.5990164279938,283.1158772110939,1741734728972.1,1
1,1,block_2,2,Provo_ID12,2,1079503,1259090,1,gaze_data,1741734729062,287.9814147949219,312.9967734217644,1741734729005.1,1
1,1,block_2,2,Provo_ID12,2,1079503,1259090,1,gaze_data,1741734729099,344.3589746952057,369.37246322631836,1741734729038.6,1
1,1,block_2,2,Provo_ID12,2,1079503,1259090,1,gaze_data,1741734729124,193.10314655303955,280.29095232486725,1741734729078.7,1
1,1,block_2,2,Provo_ID12,2,1079503,1259090,1,gaze_data,1741734729160,127.22651958465576,166.06820598244667,1741734729106,0.5969663296421919
1,1,block_2,2,Provo_ID12,2,1079503,1259090,1,gaze_data,1741734729190,112.25860118865967,287.2159130871296,1741734729138.4001,0
1,1,block_2,2,Provo_ID12,2,1079503,1259090,1,gaze_data,1741734729221,161.79499626159668,304.96370643377304,1741734729172.3,0
1,1,block_2,2,Provo_ID12,2,1079503,1259090,1,gaze_data,1741734729261,125.72143077850342,372.151842713356,1741734729205.2,0
1,1,block_2,2,Provo_ID12,2,1079503,1259090,1,gaze_data,1741734729295,271.3416337966919,371.6870456933975,1741734729238.8,0
1,1,block_2,2,Provo_ID12,2,1079503,1259090,1,gaze_data,1741734729317,225.34050941467285,350.0844746828079,1741734729271.8,0
1,1,block_2,2,Provo_ID12,2,1079503,1259090,1,gaze_data,1741734729373,317.44681000709534,316.152623295784,1741734729332.4001,0
1,1,block_2,2,Provo_ID12,2,1079503,1259090,1,gaze_data,1741734729406,352.7655899524689,294.31331753730774,1741734729343.6,0.18471097756130544
1,1,block_2,2,Provo_ID12,2,1079503,1259090,1,gaze_data,1741734729446,375.7057934999466,318.8502624630928,1741734729372.7,0.6631210221697597
1,1,block_2,2,Provo_ID12,2,1079503,1259090,1,gaze_data,1741734729471,378.924298286438,372.2305357456207,1741734729405,0.6631210221697597
1,1,block_2,2,Provo_ID12,2,1079503,1259090,1,gaze_data,1741734729507,433.7158530950546,389.8251414299011,1741734729438.7,0.9107167689630118
1,1,block_2,2,Provo_ID12,2,1079503,1259090,1,gaze_data,1741734729548,408.60457718372345,371.84130251407623,1741734729471.7,0.9099926068578474
1,1,block_2,2,Provo_ID12,2,1079503,1259090,1,gaze_data,1741734729579,437.8455728292465,367.6086872816086,1741734729505.8,0.9099926068578474
1,1,block_2,2,Provo_ID12,2,1079503,1259090,1,gaze_data,1741734729599,456.140673160553,379.19673919677734,1741734729542.5,0.9099926068578474
1,1,block_2,2,Provo_ID12,2,1079503,1259090,1,gaze_data,1741734729640,466.7177677154541,350.74201822280884,1741734729573.5,0.8341014536385365
1,1,block_2,2,Provo_ID12,2,1079503,1259090,1,gaze_data,1741734729673,517.699670791626,379.073029756546,1741734729605,0.8968645341733855
1,1,block_2,2,Provo_ID12,2,1079503,1259090,1,gaze_data,1741734729697,460.4042410850525,409.0256452560425,1741734729638.6,0.8968645341733855
1,1,block_2,2,Provo_ID12,2,1079503,1259090,1,gaze_data,1741734729751,428.4491717815399,389.04950618743896,1741734729671.5,0.9118623071075938
1,1,block_2,2,Provo_ID12,2,1079503,1259090,1,gaze_data,1741734729789,350.87937116622925,383.98433327674866,1741734729706,0.9696240136198266
1,1,block_2,2,Provo_ID12,2,1079503,1259090,1,gaze_data,1741734729816,333.3530604839325,365.74860513210297,1741734729772.9001,0.9696240136198266
1,1,block_2,2,Provo_ID12,2,1079503,1259090,1,gaze_data,1741734729854,277.1531105041504,388.6839658021927,1741734729804.9001,0.8519072186540518
1,1,block_2,2,Provo_ID12,2,1079503,1259090,1,gaze_data,1741734729870,202.58727073669434,406.4116984605789,1741734729838.4001,0.8519072186540518
1,1,block_2,2,Provo_ID12,2,1079503,1259090,1,gaze_data,1741734729922,223.0325222015381,386.2384170293808,1741734729871.4001,0.8902542760047768
1,1,block_2,2,Provo_ID12,2,1079503,1259090,1,gaze_data,1741734729958,224.86162185668945,392.0309752225876,1741734729904.9001,0.9848932495709368
1,1,block_2,2,Provo_ID12,2,1079503,1259090,1,gaze_data,1741734729986,201.1382818222046,410.1862519979477,1741734729938.2,0.9848932495709368
1,1,block_2,2,Provo_ID12,2,1079503,1259090,1,gaze_data,1741734730012,192.18096733093262,369.56695318222046,1741734729976.1,1
1,1,block_2,2,Provo_ID12,2,1079503,1259090,1,gaze_data,1741734730052,247.41835594177246,155.70687353610992,1741734730005.5,1
1,1,block_2,2,Provo_ID12,2,1079503,1259090,1,gaze_data,1741734730079,247.2428560256958,118.45313608646393,1741734730038.5,1
1,1,block_2,2,Provo_ID12,2,1079503,1259090,1,gaze_data,1741734730105,294.16515827178955,104.69588488340378,1741734730071.5,1
1,1,block_2,2,Provo_ID12,2,1079503,1259090,1,gaze_data,1741734730147,199.81539249420166,57.39425718784332,1741734730104.9001,0.8192928715660193
1,1,block_2,2,Provo_ID12,2,1079503,1259090,1,gaze_data,1741734730180,191.47310256958008,44.47685778141022,1741734730138.4001,1
1,1,block_2,2,Provo_ID12,2,1079503,1259090,1,gaze_data,1741734730232,200.51043033599854,79.92798686027527,1741734730176.8,1
1,1,block_2,2,Provo_ID12,2,1079503,1259090,1,gaze_data,1741734730251,249.43931102752686,106.84259831905365,1741734730204.6,1
1,1,block_2,2,Provo_ID12,2,1079503,1259090,1,gaze_data,1741734730296,351.7221927642822,113.6251300573349,1741734730238.3,1
1,1,block_2,2,Provo_ID12,2,1079503,1259090,1,gaze_data,1741734730329,351.3619065284729,91.41529202461243,1741734730271.2,1
1,1,block_2,2,Provo_ID12,2,1079503,1259090,1,gaze_data,1741734730389,325.64733028411865,110.65097004175186,1741734730341.6,1
1,1,block_2,2,Provo_ID12,2,1079503,1259090,1,gaze_data,1741734730411,350.4377484321594,83.55931043624878,1741734730371.5,1
1,1,block_2,2,Provo_ID12,2,1079503,1259090,1,gaze_data,1741734730447,343.7536597251892,108.92896205186844,1741734730404.6,1
1,1,block_2,2,Provo_ID12,2,1079503,1259090,1,gaze_data,1741734730470,383.38336050510406,185.73239296674728,1741734730438.1,1
1,1,block_2,2,Provo_ID12,2,1079503,1259090,1,gaze_data,1741734730513,398.2557252049446,205.40802404284477,1741734730471.1,1
1,1,block_2,2,Provo_ID12,2,1079503,1259090,1,gaze_data,1741734730588,459.905207157135,207.6531447470188,1741734730538.4001,1
1,1,block_2,2,Provo_ID12,2,1079503,1259090,1,gaze_data,1741734730617,463.3804678916931,222.63868981972337,1741734730571.5,1
1,1,block_2,2,Provo_ID12,2,1079503,1259090,1,gaze_data,1741734730654,458.95825028419495,205.75691610574722,1741734730605.1,1
1,1,block_2,2,Provo_ID12,2,1079503,1259090,1,gaze_data,1741734730677,452.53159403800964,202.90765948593616,1741734730638.2,1
1,1,block_2,2,Provo_ID12,2,1079503,1259090,1,gaze_data,1741734730707,288.5664224624634,216.75605364143848,1741734730671,1
1,1,block_2,2,Provo_ID12,2,1079503,1259090,1,gaze_data,1741734730757,257.94050693511963,215.37329200655222,1741734730704.8,1
1,1,block_2,2,Provo_ID12,2,1079503,1259090,1,gaze_data,1741734730783,227.01139450073242,203.95304299890995,1741734730737.7,1
1,1,block_2,2,Provo_ID12,2,1079503,1259090,1,gaze_data,1741734730827,189.87791538238525,176.90463960170746,1741734730772.7,1
1,1,block_2,2,Provo_ID12,2,1079503,1259090,1,gaze_data,1741734730843,192.1748399734497,188.3057452738285,1741734730804.5,1
1,1,block_2,2,Provo_ID12,2,1079503,1259090,1,gaze_data,1741734730877,218.32714080810547,214.1832284629345,1741734730838,1
1,1,block_2,2,Provo_ID12,2,1079503,1259090,1,gaze_data,1741734730920,200.06146430969238,230.17080537974834,1741734730871,1
1,1,block_2,2,Provo_ID12,2,1079503,1259090,1,gaze_data,1741734730948,313.50716948509216,303.653909265995,1741734730904.5,1
1,1,block_2,2,Provo_ID12,2,1079503,1259090,1,gaze_data,1741734730982,316.5707528591156,331.55247420072556,1741734730938.3,1
1,1,block_2,2,Provo_ID12,2,1079503,1259090,1,gaze_data,1741734731006,311.9221031665802,331.1840280890465,1741734730971.3,1
1,1,block_2,2,Provo_ID12,2,1079503,1259090,1,gaze_data,1741734731055,327.69343852996826,327.2559702396393,1741734731015.9001,1
1,1,block_2,2,Provo_ID12,2,1079503,1259090,1,gaze_data,1741734731089,322.14704155921936,323.9399328827858,1741734731037.6,1
1,1,block_2,2,Provo_ID12,2,1079503,1259090,1,gaze_data,1741734731141,325.02567172050476,309.72562581300735,1741734731070.9001,1
1,1,block_2,2,Provo_ID12,2,1079503,1259090,1,gaze_data,1741734731172,327.98789739608765,309.11814272403717,1741734731104.7,1
1,1,block_2,2,Provo_ID12,2,1079503,1259090,1,gaze_data,1741734731208,383.2330912351608,288.85286897420883,1741734731137.8,1
1,1,block_2,2,Provo_ID12,2,1079503,1259090,1,gaze_data,1741734731240,403.8009524345398,280.8550991117954,1741734731171.6,1
1,1,block_2,2,Provo_ID12,2,1079503,1259090,1,gaze_data,1741734731272,448.4241336584091,296.87964022159576,1741734731205.2,1
1,1,block_2,2,Provo_ID12,2,1079503,1259090,1,gaze_data,1741734731299,437.91394233703613,302.3783326148987,1741734731237.8,1
1,1,block_2,2,Provo_ID12,2,1079503,1259090,1,gaze_data,1741734731333,445.9521770477295,311.73565089702606,1741734731270.8,1
1,1,block_2,2,Provo_ID12,2,1079503,1259090,1,gaze_data,1741734731354,467.9271697998047,310.8393609523773,1741734731304.6,1
1,1,block_2,2,Provo_ID12,2,1079503,1259090,1,gaze_data,1741734731397,459.1307044029236,326.6113832592964,1741734731337.4001,1
1,1,block_2,2,Provo_ID12,2,1079503,1259090,1,gaze_data,1741734731439,430.01206517219543,334.59625244140625,1741734731371.1,1
1,1,block_2,2,Provo_ID12,2,1079503,1259090,1,gaze_data,1741734731477,421.3373303413391,321.42988443374634,1741734731415,1
1,1,block_2,2,Provo_ID12,2,1079503,1259090,1,gaze_data,1741734731513,422.6955145597458,319.28538382053375,1741734731438,1
1,1,block_2,2,Provo_ID12,2,1079503,1259090,1,gaze_data,1741734731534,356.16830587387085,396.4416593313217,1741734731471.1,1
1,1,block_2,2,Provo_ID12,2,1079503,1259090,1,gaze_data,1741734731564,424.2375522851944,399.7976541519165,1741734731504.6,1
1,1,block_2,2,Provo_ID12,2,1079503,1259090,1,gaze_data,1741734731591,439.29545283317566,418.97222995758057,1741734731537.4001,1
1,1,block_2,2,Provo_ID12,2,1079503,1259090,1,gaze_data,1741734731635,405.8071181178093,423.1217712163925,1741734731571,1
1,1,block_2,2,Provo_ID12,2,1079503,1259090,1,gaze_data,1741734731686,366.04225635528564,375.870218873024,1741734731603.9001,1
1,1,block_2,2,Provo_ID12,2,1079503,1259090,1,gaze_data,1741734731713,349.1525888442993,234.45514999330044,1741734731671,1
1,1,block_2,2,Provo_ID12,2,1079503,1259090,1,gaze_data,1741734731746,329.1890561580658,107.6352134346962,1741734731704.4001,1
1,1,block_2,2,Provo_ID12,2,1079503,1259090,1,gaze_data,1741734731790,235.61229705810547,90.1939183473587,1741734731737.3,0.789312237438923
1,1,block_2,2,Provo_ID12,2,1079503,1259090,1,gaze_data,1741734731816,234.93053913116455,86.06143891811371,1741734731771,0.789312237438923
1,1,block_2,2,Provo_ID12,2,1079503,1259090,1,gaze_data,1741734731855,227.48947143554688,28.893104195594788,1741734731804.1,1
1,1,block_2,2,Provo_ID12,2,1079503,1259090,1,gaze_data,1741734731880,221.15108966827393,22.351598739624023,1741734731837.6,1
1,1,block_2,2,Provo_ID12,2,1079503,1259090,1,gaze_data,1741734731925,239.30890560150146,48.797807097435,1741734731879.4001,1
1,1,block_2,2,Provo_ID12,2,1079503,1259090,1,gaze_data,1741734731958,220.51432132720947,40.189555287361145,1741734731904.3,1
1,1,block_2,2,Provo_ID12,2,1079503,1259090,1,gaze_data,1741734731994,328.6320745944977,71.69466316699982,1741734731937.3,1
1,1,block_2,2,Provo_ID12,2,1079503,1259090,1,gaze_data,1741734732031,419.0260320901871,49.67539608478546,1741734731971.3,1
1,1,block_2,2,Provo_ID12,2,1079503,1259090,1,gaze_data,1741734732070,436.65744960308075,71.15686535835266,1741734732004.2,1
1,1,block_2,2,Provo_ID12,2,1079503,1259090,1,gaze_data,1741734732097,439.32426273822784,77.42737829685211,1741734732037.6,1
1,1,block_2,2,Provo_ID12,2,1079503,1259090,1,gaze_data,1741734732130,448.75587224960327,102.82400101423264,1741734732070.4001,1
1,1,block_2,2,Provo_ID12,2,1079503,1259090,1,gaze_data,1741734732152,459.55408811569214,86.94807291030884,1741734732125.3,1
1,1,block_2,2,Provo_ID12,2,1079503,1259090,1,gaze_data,1741734732192,485.61596274375916,76.83301568031311,1741734732137.2,1
1,1,block_2,2,Provo_ID12,2,1079503,1259090,1,gaze_data,1741734732229,497.60902523994446,84.48674380779266,1741734732170.9001,1
1,1,block_2,2,Provo_ID12,2,1079503,1259090,1,gaze_data,1741734732254,489.99552726745605,88.2667064666748,1741734732203.8,1
1,1,block_2,2,Provo_ID12,2,1079503,1259090,1,gaze_data,1741734732295,501.74241065979004,127.86383777856827,1741734732237.7,1
1,1,block_2,2,Provo_ID12,2,1079503,1259090,1,gaze_data,1741734732330,327.5895059108734,311.42587065696716,1741734732270.7,1
1,1,block_2,2,Provo_ID12,2,1079503,1259090,1,gaze_data,1741734732355,326.324588060379,290.5795484781265,1741734732304.3,1
1,1,block_2,2,Provo_ID12,2,1079503,1259090,1,gaze_data,1741734732396,301.3388931751251,263.47187012434006,1741734732337.2,1
1,1,block_2,2,Provo_ID12,2,1079503,1259090,1,gaze_data,1741734732431,333.46742391586304,232.7780564315617,1741734732370.6,1
1,1,block_2,2,Provo_ID12,2,1079503,1259090,1,gaze_data,1741734732456,320.9820568561554,221.84769846498966,1741734732425.2,1
1,1,block_2,2,Provo_ID12,2,1079503,1259090,1,gaze_data,1741734732497,290.00656604766846,218.52929182350636,1741734732437.5,1
1,1,block_2,2,Provo_ID12,2,1079503,1259090,1,gaze_data,1741734732536,305.13113141059875,227.4783662520349,1741734732470.4001,1
1,1,block_2,2,Provo_ID12,2,1079503,1259090,1,gaze_data,1741734732553,288.48540782928467,231.93159690126777,1741734732504.3,1
1,1,block_2,2,Provo_ID12,2,1079503,1259090,1,gaze_data,1741734732594,206.618332862854,323.82768988609314,1741734732536.8,1
1,1,block_2,2,Provo_ID12,2,1079503,1259090,1,gaze_data,1741734732646,179.7271490097046,330.5314391851425,1741734732577,1
1,1,block_2,2,Provo_ID12,2,1079503,1259090,1,gaze_data,1741734732665,167.958402633667,326.9877642393112,1741734732603.9001,1
1,1,block_2,2,Provo_ID12,2,1079503,1259090,1,gaze_data,1741734732700,172.07486629486084,316.60997718572617,1741734732637.3,0.9982153017349327
1,1,block_2,2,Provo_ID12,2,1079503,1259090,1,gaze_data,1741734732727,167.4243688583374,291.2305951118469,1741734732670.3,0.9982153017349327
1,1,block_2,2,Provo_ID12,2,1079503,1259090,1,gaze_data,1741734732764,171.89490795135498,317.6656275987625,1741734732704.1,1
1,1,block_2,2,Provo_ID12,2,1079503,1259090,1,gaze_data,1741734732807,255.0957202911377,334.6339300274849,1741734732737.3,0.9690546744615687
1,1,block_2,2,Provo_ID12,2,1079503,1259090,1,gaze_data,1741734732844,358.00784826278687,372.083044052124,1741734732782.3,0.9690546744615687
1,1,block_2,2,Provo_ID12,2,1079503,1259090,1,gaze_data,1741734732876,377.884379029274,390.037140250206,1741734732806.8,1
1,1,block_2,2,Provo_ID12,2,1079503,1259090,1,gaze_data,1741734732903,394.5807307958603,375.71675181388855,1741734732837.8,1
1,1,block_2,2,Provo_ID12,2,1079503,1259090,1,gaze_data,1741734732940,430.26759922504425,386.06317937374115,1741734732870.3,1
1,1,block_2,2,Provo_ID12,2,1079503,1259090,1,gaze_data,1741734732961,439.1779273748398,373.0586528778076,1741734732903.8,1
1,1,block_2,2,Provo_ID12,2,1079503,1259090,1,gaze_data,1741734733015,429.83555495738983,397.4989414215088,1741734732938.8,1
1,1,block_2,2,Provo_ID12,2,1079503,1259090,1,gaze_data,1741734733038,425.01723766326904,394.47542130947113,1741734732983.8,1
1,1,block_2,2,Provo_ID12,2,1079503,1259090,1,gaze_data,1741734733086,415.1667430996895,382.40838646888733,1741734733003.8,1
1,1,block_2,2,Provo_ID12,2,1079503,1259090,1,gaze_data,1741734733113,431.47696256637573,374.7948318719864,1741734733038.5,1
1,1,block_2,2,Provo_ID12,2,1079503,1259090,1,gaze_data,1741734733144,442.9417550563812,360.683611035347,1741734733070.5,1
1,1,block_2,2,Provo_ID12,2,1079503,1259090,1,gaze_data,1741734733164,431.00581765174866,369.0875083208084,1741734733103.6,1
1,1,block_2,2,Provo_ID12,2,1079503,1259090,1,gaze_data,1741734733211,422.33304381370544,379.7335088253021,1741734733136.7,1
1,1,block_2,2,Provo_ID12,2,1079503,1259090,1,gaze_data,1741734733231,419.53163743019104,367.0033425092697,1741734733183.6,1
1,1,block_2,2,Provo_ID12,2,1079503,1259090,1,gaze_data,1741734733271,285.9835147857666,137.8979966044426,1741734733203.5,1
1,1,block_2,2,Provo_ID12,2,1079503,1259090,1,gaze_data,1741734733297,265.197491645813,96.59289419651031,1741734733237.1,1
1,1,block_2,2,Provo_ID12,2,1079503,1259090,1,gaze_data,1741734733341,216.60351753234863,110.14737039804459,1741734733270.2,1
1,1,block_2,2,Provo_ID12,2,1079503,1259090,1,gaze_data,1741734733382,215.48466682434082,37.62582540512085,1741734733305.5,1
1,1,block_2,2,Provo_ID12,2,1079503,1259090,1,gaze_data,1741734733399,211.28759384155273,34.98070538043976,1741734733336.9001,1
1,1,block_2,2,Provo_ID12,2,1079503,1259090,1,gaze_data,1741734733439,235.09507179260254,41.02533161640167,1741734733370.4001,1
1,1,block_2,2,Provo_ID12,2,1079503,1259090,1,gaze_data,1741734733462,235.09507179260254,41.02533161640167,1741734733403.3,1
1,1,block_2,2,Provo_ID12,2,1079503,1259090,1,gaze_data,1741734733509,248.74560832977295,54.382628202438354,1741734733441.4001,1
1,1,block_2,2,Provo_ID12,2,1079503,1259090,1,gaze_data,1741734733548,281.3837766647339,68.73003244400024,1741734733470.1,1
1,1,block_2,2,Provo_ID12,2,1079503,1259090,1,gaze_data,1741734733578,367.7079379558563,114.74054157733917,1741734733504.3,1
1,1,block_2,2,Provo_ID12,2,1079503,1259090,1,gaze_data,1741734733616,385.69070398807526,94.88618969917297,1741734733536.4001,1
1,1,block_2,2,Provo_ID12,2,1079503,1259090,1,gaze_data,1741734733643,393.82804930210114,97.07795679569244,1741734733581.6,1
1,1,block_2,2,Provo_ID12,2,1079503,1259090,1,gaze_data,1741734733682,406.89307898283005,119.93562281131744,1741734733603.2,1
1,1,block_2,2,Provo_ID12,2,1079503,1259090,1,gaze_data,1741734733712,423.19587022066116,116.5720283985138,1741734733637.3,1
1,1,block_2,2,Provo_ID12,2,1079503,1259090,1,gaze_data,1741734733759,321.3832437992096,155.2813708782196,1741734733675.2,1
1,1,block_2,2,Provo_ID12,2,1079503,1259090,1,gaze_data,1741734733780,188.95061016082764,199.70732778310776,1741734733736.4001,1
1,1,block_2,2,Provo_ID12,2,1079503,1259090,1,gaze_data,1741734733813,185.47887802124023,159.57604199647903,1741734733772.3,1
1,1,block_2,2,Provo_ID12,2,1079503,1259090,1,gaze_data,1741734733838,310.6396973133087,133.85643661022186,1741734733803.1,1
1,1,block_2,2,Provo_ID12,2,1079503,1259090,1,gaze_data,1741734733920,348.84729981422424,112.39901781082153,1741734733870.1,0.0718189851864899
1,1,block_2,2,Provo_ID12,2,1079503,1259090,1,gaze_data,1741734733942,315.36906361579895,130.81298619508743,1741734733903.4001,0.0718189851864899
1,1,block_2,2,Provo_ID12,2,1079503,1259090,1,gaze_data,1741734733982,151.24833583831787,372.85873889923096,1741734733936.3,0
1,1,block_2,2,Provo_ID12,2,1079503,1259090,1,gaze_data,1741734734046,234.39137935638428,382.7029526233673,1741734733974.8,0
1,1,block_2,2,Provo_ID12,2,1079503,1259090,1,gaze_data,1741734734072,179.7156810760498,364.472171664238,1741734734008.1,0
1,1,block_2,2,Provo_ID12,2,1079503,1259090,1,gaze_data,1741734734113,286.23106479644775,273.22060093283653,1741734734046.4001,0
1,1,block_2,2,Provo_ID12,2,1079503,1259090,1,gaze_data,1741734734165,249.5877504348755,256.23098984360695,1741734734069.6,0
1,1,block_2,2,Provo_ID12,2,1079503,1259090,1,gaze_data,1741734734190,224.78652000427246,243.17780919373035,1741734734137.6,0
1,1,block_2,2,Provo_ID12,2,1079503,1259090,1,gaze_data,1741734734235,294.49124336242676,302.2251933813095,1741734734172.1,0.2787147377948824
1,1,block_2,2,Provo_ID12,2,1079503,1259090,1,gaze_data,1741734734257,347.8549897670746,316.5335938334465,1741734734203.2,0.2787147377948824
1,1,block_2,2,Provo_ID12,2,1079503,1259090,1,gaze_data,1741734734302,363.64169120788574,303.7726491689682,1741734734236.5,0.8880025393440332
1,1,block_2,2,Provo_ID12,2,1079503,1259090,1,gaze_data,1741734734324,380.72452545166016,285.0430369377136,1741734734269.7,0.8880025393440332
1,1,block_2,2,Provo_ID12,2,1079503,1259090,1,gaze_data,1741734734366,343.3174133300781,282.7435903251171,1741734734303.2,1
1,1,block_2,2,Provo_ID12,2,1079503,1259090,1,gaze_data,1741734734391,371.23026847839355,282.2820045053959,1741734734336.2,1
1,1,block_2,2,Provo_ID12,2,1079503,1259090,1,gaze_data,1741734734435,380.27911484241486,300.8402422070503,1741734734369.9001,1
1,1,block_2,2,Provo_ID12,2,1079503,1259090,1,gaze_data,1741734734454,299.2751121520996,388.64312171936035,1741734734403.1,1
1,1,block_2,2,Provo_ID12,2,1079503,1259090,1,gaze_data,1741734734491,291.513466835022,368.87384057044983,1741734734436.6,1
1,1,block_2,2,Provo_ID12,2,1079503,1259090,1,gaze_data,1741734734515,263.6962652206421,387.1922254562378,1741734734469.5,1
1,1,block_2,2,Provo_ID12,2,1079503,1259090,1,gaze_data,1741734734575,230.66365718841553,381.48995339870453,1741734734536.6,0.8536564140167462
1,1,block_2,2,Provo_ID12,2,1079503,1259090,1,gaze_data,1741734734619,293.9350366592407,374.94625747203827,1741734734569.8,0.881565133858271
1,1,block_2,2,Provo_ID12,2,1079503,1259090,1,gaze_data,1741734734655,273.3412981033325,376.0571092367172,1741734734602.7,0.9869651590046451
1,1,block_2,2,Provo_ID12,2,1079503,1259090,1,gaze_data,1741734734673,268.7011480331421,365.85753262043,1741734734636.3,0.9869651590046451
1,1,block_2,2,Provo_ID12,2,1079503,1259090,1,gaze_data,1741734734708,286.311411857605,354.77585196495056,1741734734669.4001,0.9281428224520827
1,1,block_2,2,Provo_ID12,2,1079503,1259090,1,gaze_data,1741734734757,408.185638487339,296.7941001057625,1741734734703.1,0.9854844891605161
1,1,block_2,2,Provo_ID12,2,1079503,1259090,1,gaze_data,1741734734775,414.0559524297714,275.5553036928177,1741734734736.2,0.9854844891605161
1,1,block_2,2,Provo_ID12,2,1079503,1259090,1,gaze_data,1741734734811,410.1635381579399,266.89247637987137,1741734734769.6,1
1,1,block_2,2,Provo_ID12,2,1079503,1259090,1,gaze_data,1741734734869,412.46176064014435,286.02802976965904,1741734734811.6,1
1,1,block_2,2,Provo_ID12,2,1079503,1259090,1,gaze_data,1741734734886,400.17313063144684,297.9988366365433,1741734734836.4001,1
1,1,block_2,2,Provo_ID12,2,1079503,1259090,1,gaze_data,1741734734924,386.5643173456192,319.8440507054329,1741734734869.5,1
1,1,block_2,2,Provo_ID12,2,1079503,1259090,1,gaze_data,1741734734963,379.82208132743835,284.9108450114727,1741734734903.6,1
1,1,block_2,2,Provo_ID12,2,1079503,1259090,1,gaze_data,1741734735008,316.0999834537506,181.74411952495575,1741734734936.4001,1
1,1,block_2,2,Provo_ID12,2,1079503,1259090,1,gaze_data,1741734735040,343.7397241592407,160.5589672923088,1741734734969.8,1
1,1,block_2,2,Provo_ID12,2,1079503,1259090,1,gaze_data,1741734735076,356.5740644931793,90.44053256511688,1741734735003.3,1
1,1,block_2,2,Provo_ID12,2,1079503,1259090,1,gaze_data,1741734735107,339.87686038017273,97.80471622943878,1741734735037.1,1
1,1,block_2,2,Provo_ID12,2,1079503,1259090,1,gaze_data,1741734735138,311.0460102558136,90.86403846740723,1741734735069.5,1
1,1,block_2,2,Provo_ID12,2,1079503,1259090,1,gaze_data,1741734735159,306.8554222583771,94.48345601558685,1741734735103.7,1
1,1,block_2,2,Provo_ID12,2,1079503,1259090,1,gaze_data,1741734735201,315.2426064014435,126.28707885742188,1741734735136.1,1
1,1,block_2,2,Provo_ID12,2,1079503,1259090,1,gaze_data,1741734735223,299.81560707092285,125.51610767841339,1741734735169.7,1
1,1,block_2,2,Provo_ID12,2,1079503,1259090,1,gaze_data,1741734735263,289.85917568206787,102.60071456432343,1741734735202.7,1
1,1,block_2,2,Provo_ID12,2,1079503,1259090,1,gaze_data,1741734735312,278.5642623901367,91.33606255054474,1741734735236.2,1
1,1,block_2,2,Provo_ID12,2,1079503,1259090,1,gaze_data,1741734735343,284.22837257385254,94.3280965089798,1741734735274.3,1
1,1,block_2,2,Provo_ID12,2,1079503,1259090,1,gaze_data,1741734735361,274.20735359191895,89.47986960411072,1741734735307.5,1
1,1,block_2,2,Provo_ID12,2,1079503,1259090,1,gaze_data,1741734735401,184.5344066619873,138.840189576149,1741734735336.1,1
1,1,block_2,2,Provo_ID12,2,1079503,1259090,1,gaze_data,1741734735438,140.61782360076904,131.56451135873795,1741734735369.7,1
1,1,block_2,2,Provo_ID12,2,1079503,1259090,1,gaze_data,1741734735461,140.24479389190674,138.11295330524445,1741734735402.6,1
1,1,block_2,2,Provo_ID12,2,1079503,1259090,1,gaze_data,1741734735506,151.25629901885986,125.90978145599365,1741734735438.1,1
1,1,block_2,2,Provo_ID12,2,1079503,1259090,1,gaze_data,1741734735549,152.3664951324463,143.70731115341187,1741734735471.8,1
1,1,block_2,2,Provo_ID12,2,1079503,1259090,1,gaze_data,1741734735628,156.62312507629395,192.22883358597755,1741734735546.9001,1
1,1,block_2,2,Provo_ID12,2,1079503,1259090,1,gaze_data,1741734735691,364.4989848136902,140.7656729221344,1741734735605.7,1
1,1,block_2,2,Provo_ID12,2,1079503,1259090,1,gaze_data,1741734735712,359.904408454895,144.58409547805786,1741734735669.1,1
1,1,block_2,2,Provo_ID12,2,1079503,1259090,1,gaze_data,1741734735752,400.79357475042343,135.00378876924515,1741734735702.8,1
1,1,block_2,2,Provo_ID12,2,1079503,1259090,1,gaze_data,1741734735771,429.5828700065613,140.54602980613708,1741734735736.2,1
1,1,block_2,2,Provo_ID12,2,1079503,1259090,1,gaze_data,1741734735814,438.07245194911957,137.5882014632225,1741734735769.5,1
1,1,block_2,2,Provo_ID12,2,1079503,1259090,1,gaze_data,1741734735856,452.77607440948486,138.3106991648674,1741734735802.2,1
1,1,block_2,2,Provo_ID12,2,1079503,1259090,1,gaze_data,1741734735878,456.6933751106262,140.56470096111298,1741734735836.1,1
1,1,block_2,2,Provo_ID12,2,1079503,1259090,1,gaze_data,1741734735944,510.4248642921448,147.31548577547073,1741734735908.3,1
1,1,block_2,2,Provo_ID12,2,1079503,1259090,1,gaze_data,1741734735990,452.8806507587433,135.70371121168137,1741734735937.9001,1
1,1,block_2,2,Provo_ID12,2,1079503,1259090,1,gaze_data,1741734736024,460.70660948753357,148.74685406684875,1741734735971.5,1
1,1,block_2,2,Provo_ID12,2,1079503,1259090,1,gaze_data,1741734736061,419.6827605366707,232.64914928004146,1741734736002.6,1
1,1,block_2,2,Provo_ID12,2,1079503,1259090,1,gaze_data,1741734736090,427.6459604501724,303.89967411756516,1741734736036.4001,1
1,1,block_2,2,Provo_ID12,2,1079503,1259090,1,gaze_data,1741734736138,415.3203383088112,302.8646096587181,1741734736104.5,1
1,1,block_2,2,Provo_ID12,2,1079503,1259090,1,gaze_data,1741734736182,401.25811100006104,338.86970430612564,1741734736135.5,1
1,1,block_2,2,Provo_ID12,2,1079503,1259090,1,gaze_data,1741734736216,440.929639339447,371.8765288591385,1741734736169.3,0.8759406288766481
1,1,block_2,2,Provo_ID12,2,1079503,1259090,1,gaze_data,1741734736241,414.78717029094696,414.72234427928925,1741734736202.1,0.8759406288766481
1,1,block_2,2,Provo_ID12,2,1079503,1259090,1,gaze_data,1741734736279,421.29753082990646,371.7214673757553,1741734736235.8,0.9873119248881514
1,1,block_2,2,Provo_ID12,2,1079503,1259090,1,gaze_data,1741734736313,437.08128929138184,389.8358553647995,1741734736268.8,0.944173027487246
1,1,block_2,2,Provo_ID12,2,1079503,1259090,1,gaze_data,1741734736358,378.525972366333,384.81727838516235,1741734736302.9001,1
1,1,block_2,2,Provo_ID12,2,1079503,1259090,1,gaze_data,1741734736393,275.04706382751465,330.9306040406227,1741734736343.4001,1
1,1,block_2,2,Provo_ID12,2,1079503,1259090,1,gaze_data,1741734736425,259.9090576171875,289.93502110242844,1741734736369.1,1
1,1,block_2,2,Provo_ID12,2,1079503,1259090,1,gaze_data,1741734736472,217.6793336868286,208.36466029286385,1741734736402.1,0.8327586888397047
1,1,block_2,2,Provo_ID12,2,1079503,1259090,1,gaze_data,1741734736498,235.4595184326172,236.29424013197422,1741734736435.9001,0.8327586888397047
1,1,block_2,2,Provo_ID12,2,1079503,1259090,1,gaze_data,1741734736536,235.25028228759766,217.58941179141402,1741734736468.6,0.8696007200039433
1,1,block_2,2,Provo_ID12,2,1079503,1259090,1,gaze_data,1741734736563,236.92829608917236,241.34414121508598,1741734736515.6,0.8696007200039433
1,1,block_2,2,Provo_ID12,2,1079503,1259090,1,gaze_data,1741734736601,246.5510129928589,222.73429473862052,1741734736537.6,0.8798197280934437
1,1,block_2,2,Provo_ID12,2,1079503,1259090,1,gaze_data,1741734736618,246.25966548919678,239.8715004324913,1741734736569,0.8798197280934437
1,1,block_2,2,Provo_ID12,2,1079503,1259090,1,gaze_data,1741734736667,227.1900177001953,243.5314416885376,1741734736601.7,0.8783271933026806
1,1,block_2,2,Provo_ID12,2,1079503,1259090,1,gaze_data,1741734736700,208.30018520355225,286.1809641122818,1741734736635.5,0.9094221754009433
1,1,block_2,2,Provo_ID12,2,1079503,1259090,1,gaze_data,1741734736727,234.56242084503174,296.0410550236702,1741734736669.1,0.9094221754009433
1,1,block_2,2,Provo_ID12,2,1079503,1259090,1,gaze_data,1741734736765,244.69120502471924,287.6169219613075,1741734736702.2,0.8891435151343372
1,1,block_2,2,Provo_ID12,2,1079503,1259090,1,gaze_data,1741734736799,257.9587697982788,289.53515589237213,1741734736756.3,0.8891435151343372
1,1,block_2,2,Provo_ID12,2,1079503,1259090,1,gaze_data,1741734736831,277.4677038192749,281.20212852954865,1741734736769.1,1
1,1,block_2,2,Provo_ID12,2,1079503,1259090,1,gaze_data,1741734736854,274.552059173584,321.6832786798477,1741734736801.7,1
1,1,block_2,2,Provo_ID12,2,1079503,1259090,1,gaze_data,1741734736895,307.9660713672638,190.07469192147255,1741734736835.4001,1
1,1,block_2,2,Provo_ID12,2,1079503,1259090,1,gaze_data,1741734736939,264.9015426635742,179.97559383511543,1741734736868.6,0
1,1,block_2,2,Provo_ID12,2,1079503,1259090,1,gaze_data,1741734736975,340.15843868255615,103.33503633737564,1741734736939.6,0
1,1,block_2,2,Provo_ID12,2,1079503,1259090,1,gaze_data,1741734737017,290.1862382888794,231.66492711752653,1741734736968.7,0
1,1,block_2,2,Provo_ID12,2,1079503,1259090,1,gaze_data,1741734737036,346.64114713668823,362.20978796482086,1741734737001.7,0
1,1,block_2,2,Provo_ID12,2,1079503,1259090,1,gaze_data,1741734737080,361.739718914032,348.7342581152916,1741734737035.3,0
1,1,block_2,2,Provo_ID12,2,1079503,1259090,1,gaze_data,1741734737125,326.6283869743347,318.05988997220993,1741734737068.2,0
1,1,block_2,2,Provo_ID12,2,1079503,1259090,1,gaze_data,1741734737144,307.4364364147186,291.09734892845154,1741734737102.5,0
1,1,block_2,2,Provo_ID12,2,1079503,1259090,1,gaze_data,1741734737179,291.1057949066162,288.29774111509323,1741734737136.2,0.22576214386101393
1,1,block_2,2,Provo_ID12,2,1079503,1259090,1,gaze_data,1741734737258,250.19588470458984,293.2865232229233,1741734737195.4001,0.6167991662595596
1,1,block_2,2,Provo_ID12,2,1079503,1259090,1,gaze_data,1741734737279,303.50545048713684,292.8735375404358,1741734737235.4001,0.6167991662595596
1,1,block_2,2,Provo_ID12,2,1079503,1259090,1,gaze_data,1741734737315,288.7575626373291,281.2805086374283,1741734737268.6,0.6087993053697119
1,1,block_2,2,Provo_ID12,2,1079503,1259090,1,gaze_data,1741734737338,287.19961643218994,276.40894651412964,1741734737302.7,0.6087993053697119
1,1,block_2,2,Provo_ID12,2,1079503,1259090,1,gaze_data,1741734737382,235.3682518005371,276.9079975783825,1741734737335.4001,1
1,1,block_2,2,Provo_ID12,2,1079503,1259090,1,gaze_data,1741734737447,297.06199169158936,270.465636998415,1741734737369,1
1,1,block_2,2,Provo_ID12,2,1079503,1259090,1,gaze_data,1741734737503,283.9355945587158,305.05624264478683,1741734737435.7,1
1,1,block_2,2,Provo_ID12,2,1079503,1259090,1,gaze_data,1741734737519,273.37653636932373,302.06090062856674,1741734737468.1,1
1,1,block_2,2,Provo_ID12,2,1079503,1259090,1,gaze_data,1741734737554,296.90215587615967,291.6932463645935,1741734737502.2,1
1,1,block_2,2,Provo_ID12,2,1079503,1259090,1,gaze_data,1741734737599,230.76331615447998,336.9786351919174,1741734737534.8,1
1,1,block_2,2,Provo_ID12,2,1079503,1259090,1,gaze_data,1741734737630,219.29185390472412,363.3540481328964,1741734737568.8,1
1,1,block_2,2,Provo_ID12,2,1079503,1259090,1,gaze_data,1741734737664,199.1008758544922,374.9381214380264,1741734737601.3,1
1,1,block_2,2,Provo_ID12,2,1079503,1259090,1,gaze_data,1741734737692,181.194806098938,384.0702682733536,1741734737635.4001,1
1,1,block_2,2,Provo_ID12,2,1079503,1259090,1,gaze_data,1741734737728,149.4755506515503,386.1240655183792,1741734737668.2,0.9813038760945658
1,1,block_2,2,Provo_ID12,2,1079503,1259090,1,gaze_data,1741734737753,163.58168125152588,385.1289063692093,1741734737725,0.9813038760945658
1,1,block_2,2,Provo_ID12,2,1079503,1259090,1,gaze_data,1741734737790,134.56292152404785,401.35728418827057,1741734737735.7,0.927067497542331
1,1,block_2,2,Provo_ID12,2,1079503,1259090,1,gaze_data,1741734737830,175.64373016357422,399.31478202342987,1741734737768.4001,0.8897697749641131
1,1,block_2,2,Provo_ID12,2,1079503,1259090,1,gaze_data,1741734737860,163.16664218902588,392.4014925956726,1741734737801.5,0.8897697749641131
1,1,block_2,2,Provo_ID12,2,1079503,1259090,1,gaze_data,1741734737899,156.0955286026001,372.3599672317505,1741734737835.1,0.8702876377948505
1,1,block_2,2,Provo_ID12,2,1079503,1259090,1,gaze_data,1741734737927,169.6148157119751,382.4627608060837,1741734737868.1,0.8702876377948505
1,1,block_2,2,Provo_ID12,2,1079503,1259090,1,gaze_data,1741734737960,179.57134246826172,379.341384768486,1741734737904.5,0.8892831702318285
1,1,block_2,2,Provo_ID12,2,1079503,1259090,1,gaze_data,1741734737994,185.8553171157837,393.47793757915497,1741734737934.4001,0.8892831702318285
1,1,block_2,2,Provo_ID12,2,1079503,1259090,1,gaze_data,1741734738036,208.43126773834229,374.7882604598999,1741734737969.1,1
1,1,block_2,2,Provo_ID12,2,1079503,1259090,1,gaze_data,1741734738053,199.03151988983154,376.464968919754,1741734738001.3,1
1,1,block_2,2,Provo_ID12,2,1079503,1259090,1,gaze_data,1741734738086,165.7806158065796,387.0834767818451,1741734738034.8,0.9696341557777233
1,1,block_2,2,Provo_ID12,2,1079503,1259090,1,gaze_data,1741734738142,210.98501682281494,384.3058705329895,1741734738092.9001,0.9257674448557558
1,1,block_2,2,Provo_ID12,2,1079503,1259090,1,gaze_data,1741734738160,202.44989395141602,397.0435619354248,1741734738107.5,0.9257674448557558
1,1,block_2,2,Provo_ID12,2,1079503,1259090,1,gaze_data,1741734738198,200.1201868057251,383.77826511859894,1741734738134.7,0.9398378057661554
1,1,block_2,2,Provo_ID12,2,1079503,1259090,1,gaze_data,1741734738240,157.06453323364258,377.17603743076324,1741734738168.8,0.9643665280002653
1,1,block_2,2,Provo_ID12,2,1079503,1259090,1,gaze_data,1741734738267,170.89948654174805,376.9797742366791,1741734738201.7,0.9643665280002653
1,1,block_2,2,Provo_ID12,2,1079503,1259090,1,gaze_data,1741734738300,193.99919509887695,371.5643048286438,1741734738235,1
1,1,block_2,2,Provo_ID12,2,1079503,1259090,1,gaze_data,1741734738327,188.6289119720459,371.2555229663849,1741734738292.2,1
1,1,block_2,2,Provo_ID12,2,1079503,1259090,1,gaze_data,1741734738367,147.58906364440918,379.92112934589386,1741734738302.3,0.9673705695531138
1,1,block_2,2,Provo_ID12,2,1079503,1259090,1,gaze_data,1741734738406,127.71844863891602,379.79423105716705,1741734738334.8,0.8974702560306551
1,1,block_2,2,Provo_ID12,2,1079503,1259090,1,gaze_data,1741734738434,139.38086032867432,368.9407169818878,1741734738368.9001,0.8974702560306551
1,1,block_2,2,Provo_ID12,2,1079503,1259090,1,gaze_data,1741734738480,185.26511192321777,370.29354870319366,1741734738401.3,0.920893075242677
1,1,block_2,2,Provo_ID12,2,1079503,1259090,1,gaze_data,1741734738497,165.3775930404663,264.1926169395447,1741734738435.3,0.920893075242677
1,1,block_2,2,Provo_ID12,2,1079503,1259090,1,gaze_data,1741734738530,161.42830848693848,264.3562316894531,1741734738467.7,0.9689769145505602
1,1,block_2,2,Provo_ID12,2,1079503,1259090,1,gaze_data,1741734738561,166.66128635406494,233.7039964273572,1741734738501.5,0.9689769145505602
1,1,block_2,2,Provo_ID12,2,1079503,1259090,1,gaze_data,1741734738601,165.53914546966553,225.0064671880864,1741734738535,0.9426485307601946
1,1,block_2,2,Provo_ID12,2,1079503,1259090,1,gaze_data,1741734738638,169.67005729675293,203.22413966059685,1741734738568.3,0.991110507301233
1,1,block_2,2,Provo_ID12,2,1079503,1259090,1,gaze_data,1741734738668,194.15404796600342,208.00709202885628,1741734738604.5,0.991110507301233
1,1,block_2,2,Provo_ID12,2,1079503,1259090,1,gaze_data,1741734738714,167.59841442108154,169.07185167074203,1741734738634.9001,0.9314848756522216
1,1,block_2,2,Provo_ID12,2,1079503,1259090,1,gaze_data,1741734738731,290.1108503341675,192.40537136793137,1741734738668,0.9314848756522216
1,1,block_2,2,Provo_ID12,2,1079503,1259090,1,gaze_data,1741734738765,301.1760175228119,194.92078609764576,1741734738701,1
1,1,block_2,2,Provo_ID12,2,1079503,1259090,1,gaze_data,1741734738815,339.2095983028412,197.56621904671192,1741734738734.5,1
1,1,block_2,2,Provo_ID12,2,1079503,1259090,1,gaze_data,1741734738842,348.5512912273407,204.01331447064877,1741734738768.6,1
1,1,block_2,2,Provo_ID12,2,1079503,1259090,1,gaze_data,1741734738860,348.5512912273407,204.01331447064877,1741734738801.3,1
1,1,block_2,2,Provo_ID12,2,1079503,1259090,1,gaze_data,1741734738901,385.8893573284149,203.90114225447178,1741734738839.1,1
1,1,block_2,2,Provo_ID12,2,1079503,1259090,1,gaze_data,1741734738940,343.6699628829956,221.2273840792477,1741734738867.7,1
1,1,block_2,2,Provo_ID12,2,1079503,1259090,1,gaze_data,1741734738962,320.89534401893616,216.92816019058228,1741734738901.4001,1
1,1,block_2,2,Provo_ID12,2,1079503,1259090,1,gaze_data,1741734739003,309.4028890132904,179.13411036133766,1741734738934.4001,1
1,1,block_2,2,Provo_ID12,2,1079503,1259090,1,gaze_data,1741734739036,325.81130266189575,179.2641006410122,1741734738968.3,1
1,1,block_2,2,Provo_ID12,2,1079503,1259090,1,gaze_data,1741734739058,345.3259587287903,194.7182085365057,1741734739000.9001,1
1,1,block_2,2,Provo_ID12,2,1079503,1259090,1,gaze_data,1741734739107,348.1198012828827,199.3713028728962,1741734739034.5,1
1,1,block_2,2,Provo_ID12,2,1079503,1259090,1,gaze_data,1741734739140,248.2491970062256,269.0240204334259,1741734739070.1,1
1,1,block_2,2,Provo_ID12,2,1079503,1259090,1,gaze_data,1741734739170,251.71353816986084,285.56055799126625,1741734739101.4001,1
1,1,block_2,2,Provo_ID12,2,1079503,1259090,1,gaze_data,1741734739208,236.2074851989746,274.7150830924511,1741734739134.1,1
1,1,block_2,2,Provo_ID12,2,1079503,1259090,1,gaze_data,1741734739231,247.1604824066162,283.8490962982178,1741734739168,1
1,1,block_2,2,Provo_ID12,2,1079503,1259090,1,gaze_data,1741734739265,260.94417572021484,254.49767746031284,1741734739201,1
1,1,block_2,2,Provo_ID12,2,1079503,1259090,1,gaze_data,1741734739296,259.430193901062,275.1105673611164,1741734739234.8,1
1,1,block_2,2,Provo_ID12,2,1079503,1259090,1,gaze_data,1741734739338,234.4709873199463,265.4099002480507,1741734739267.9001,1
1,1,block_2,2,Provo_ID12,2,1079503,1259090,1,gaze_data,1741734739378,232.71148204803467,276.04417353868484,1741734739303.9001,1
1,1,block_2,2,Provo_ID12,2,1079503,1259090,1,gaze_data,1741734739399,238.17260265350342,283.4242641925812,1741734739334.4001,1
1,1,block_2,2,Provo_ID12,2,1079503,1259090,1,gaze_data,1741734739445,264.4404649734497,284.7078166902065,1741734739367.8,1
1,1,block_2,2,Provo_ID12,2,1079503,1259090,1,gaze_data,1741734739462,242.5285816192627,290.60738384723663,1741734739406.6,1
1,1,block_2,2,Provo_ID12,2,1079503,1259090,1,gaze_data,1741734739497,247.0449924468994,298.6207291483879,1741734739434.3,1
1,1,block_2,2,Provo_ID12,2,1079503,1259090,1,gaze_data,1741734739545,219.5795774459839,296.10708951950073,1741734739467.5,0.9630655758518585
1,1,block_2,2,Provo_ID12,2,1079503,1259090,1,gaze_data,1741734739572,206.32143020629883,369.73308622837067,1741734739501.5,0.9630655758518585
1,1,block_2,2,Provo_ID12,2,1079503,1259090,1,gaze_data,1741734739606,201.85158252716064,360.835200548172,1741734739534.1,1
1,1,block_2,2,Provo_ID12,2,1079503,1259090,1,gaze_data,1741734739631,190.5484914779663,369.09999549388885,1741734739567.5,1
1,1,block_2,2,Provo_ID12,2,1079503,1259090,1,gaze_data,1741734739669,178.30350399017334,402.10383236408234,1741734739601,0.8467066823446427
1,1,block_2,2,Provo_ID12,2,1079503,1259090,1,gaze_data,1741734739707,154.97207641601562,405.98078668117523,1741734739634.4001,0.8487909491362666
1,1,block_2,2,Provo_ID12,2,1079503,1259090,1,gaze_data,1741734739737,160.5085849761963,397.6764887571335,1741734739668.1,0.8487909491362666
1,1,block_2,2,Provo_ID12,2,1079503,1259090,1,gaze_data,1741734739773,167.20654964447021,386.6427004337311,1741734739700.9001,0.9072699388369858
1,1,block_2,2,Provo_ID12,2,1079503,1259090,1,gaze_data,1741734739794,168.68863105773926,388.19942474365234,1741734739734,0.9072699388369858
1,1,block_2,2,Provo_ID12,2,1079503,1259090,1,gaze_data,1741734739836,196.2245225906372,388.32530975341797,1741734739767.9001,0.7925892233475467
1,1,block_2,2,Provo_ID12,2,1079503,1259090,1,gaze_data,1741734739859,232.90812969207764,380.7805985212326,1741734739824.3,0.7925892233475467
1,1,block_2,2,Provo_ID12,2,1079503,1259090,1,gaze_data,1741734739903,297.18613624572754,413.31026554107666,1741734739834.5,0.8454064976533879
1,1,block_2,2,Provo_ID12,2,1079503,1259090,1,gaze_data,1741734739937,217.66352653503418,402.228182554245,1741734739867.2,0.46121912261698794
1,1,block_2,2,Provo_ID12,2,1079503,1259090,1,gaze_data,1741734739959,212.30194568634033,393.36901009082794,1741734739901,0.46121912261698794
1,1,block_2,2,Provo_ID12,2,1079503,1259090,1,gaze_data,1741734739998,180.95076084136963,388.2375866174698,1741734739934.1,0.5701053947715934
1,1,block_2,2,Provo_ID12,2,1079503,1259090,1,gaze_data,1741734740032,148.9734172821045,337.29006201028824,1741734739967.8,0.5701053947715934
1,1,block_2,2,Provo_ID12,2,1079503,1259090,1,gaze_data,1741734740069,222.4445104598999,239.77837096899748,1741734740001.4001,0.8456010581679423
1,1,block_2,2,Provo_ID12,2,1079503,1259090,1,gaze_data,1741734740118,254.8581838607788,234.32358019053936,1741734740034.4001,0.7289452447012471
1,1,block_2,2,Provo_ID12,2,1079503,1259090,1,gaze_data,1741734740138,304.3062746524811,203.90607826411724,1741734740068.5,0.7289452447012471
1,1,block_2,2,Provo_ID12,2,1079503,1259090,1,gaze_data,1741734740173,293.9587354660034,245.20823396742344,1741734740100.8,0.6501480629965131
1,1,block_2,2,Provo_ID12,2,1079503,1259090,1,gaze_data,1741734740197,277.9802083969116,230.02757402136922,1741734740133.8,0.6501480629965131
1,1,block_2,2,Provo_ID12,2,1079503,1259090,1,gaze_data,1741734740241,306.2164008617401,267.9188869893551,1741734740167.3,0.8607943246346288
1,1,block_2,2,Provo_ID12,2,1079503,1259090,1,gaze_data,1741734740275,336.45622730255127,210.1361010223627,1741734740200.4001,1
1,1,block_2,2,Provo_ID12,2,1079503,1259090,1,gaze_data,1741734740306,336.883670091629,210.77110469341278,1741734740234.3,1
1,1,block_2,2,Provo_ID12,2,1079503,1259090,1,gaze_data,1741734740345,395.6145107746124,186.7927148938179,1741734740267,1
1,1,block_2,2,Provo_ID12,2,1079503,1259090,1,gaze_data,1741734740367,386.5402042865753,197.03528694808483,1741734740302.3,1
1,1,block_2,2,Provo_ID12,2,1079503,1259090,1,gaze_data,1741734740403,394.76187229156494,179.986784607172,1741734740333.5,1
1,1,block_2,2,Provo_ID12,2,1079503,1259090,1,gaze_data,1741734740448,413.7999027967453,163.8231448829174,1741734740367.4001,0.9744306849690898
1,1,block_2,2,Provo_ID12,2,1079503,1259090,1,gaze_data,1741734740475,430.97393810749054,176.51666924357414,1741734740400.2,0.9744306849690898
1,1,block_2,2,Provo_ID12,2,1079503,1259090,1,gaze_data,1741734740520,410.03809347748756,183.0562524497509,1741734740433.9001,1
1,1,block_2,2,Provo_ID12,2,1079503,1259090,1,gaze_data,1741734740543,420.47128081321716,179.93456721305847,1741734740502.9001,1
1,1,block_2,2,Provo_ID12,2,1079503,1259090,1,gaze_data,1741734740586,386.83855533599854,211.84570100158453,1741734740533.8,1
1,1,block_2,2,Provo_ID12,2,1079503,1259090,1,gaze_data,1741734740627,335.08569598197937,279.13608998060226,1741734740567.1,0.9835973269099951
1,1,block_2,2,Provo_ID12,2,1079503,1259090,1,gaze_data,1741734740653,288.14141750335693,278.26107516884804,1741734740600.3,0.9835973269099951
1,1,block_2,2,Provo_ID12,2,1079503,1259090,1,gaze_data,1741734740687,267.20755100250244,287.18271702528,1741734740633.7,1
1,1,block_2,2,Provo_ID12,2,1079503,1259090,1,gaze_data,1741734740714,261.17053031921387,284.9280893802643,1741734740666.7,1
1,1,block_2,2,Provo_ID12,2,1079503,1259090,1,gaze_data,1741734740742,218.9990997314453,263.87004032731056,1741734740700.7,1
1,1,block_2,2,Provo_ID12,2,1079503,1259090,1,gaze_data,1741734740792,193.12424659729004,245.3053392469883,1741734740733.2,1
1,1,block_2,2,Provo_ID12,2,1079503,1259090,1,gaze_data,1741734740826,215.48848152160645,274.0000359714031,1741734740777.4001,1
1,1,block_2,2,Provo_ID12,2,1079503,1259090,1,gaze_data,1741734740861,247.1304178237915,248.9669568836689,1741734740800.4001,1
1,1,block_2,2,Provo_ID12,2,1079503,1259090,1,gaze_data,1741734740887,259.86366271972656,277.3006021976471,1741734740834,1
1,1,block_2,2,Provo_ID12,2,1079503,1259090,1,gaze_data,1741734740934,300.7220208644867,297.559155523777,1741734740867,1
1,1,block_2,2,Provo_ID12,2,1079503,1259090,1,gaze_data,1741734740966,272.77488708496094,303.4747004508972,1741734740900.5,1
1,1,block_2,2,Provo_ID12,2,1079503,1259090,1,gaze_data,1741734740992,275.1932621002197,330.2118390798569,1741734740933.6,1
1,1,block_2,2,Provo_ID12,2,1079503,1259090,1,gaze_data,1741734741034,346.2815046310425,293.6051920056343,1741734740976.6,1
1,1,block_2,2,Provo_ID12,2,1079503,1259090,1,gaze_data,1741734741055,357.30411410331726,302.42881029844284,1741734741000.1,1
1,1,block_2,2,Provo_ID12,2,1079503,1259090,1,gaze_data,1741734741089,332.09012746810913,294.5015862584114,1741734741033.6,1
1,1,block_2,2,Provo_ID12,2,1079503,1259090,1,gaze_data,1741734741121,331.6424489021301,289.285546541214,1741734741066.6,1
1,1,block_2,2,Provo_ID12,2,1079503,1259090,1,gaze_data,1741734741154,327.32293605804443,299.31720197200775,1741734741100.8,1
1,1,block_2,2,Provo_ID12,2,1079503,1259090,1,gaze_data,1741734741205,392.1376407146454,318.9136892557144,1741734741133.4001,1
1,1,block_2,2,Provo_ID12,2,1079503,1259090,1,gaze_data,1741734741233,415.69325625896454,270.4951785504818,1741734741167.2,1
1,1,block_2,2,Provo_ID12,2,1079503,1259090,1,gaze_data,1741734741270,393.70591938495636,287.2587539255619,1741734741205.1,1
1,1,block_2,2,Provo_ID12,2,1079503,1259090,1,gaze_data,1741734741293,417.3107624053955,286.7797002196312,1741734741236.7,1
1,1,block_2,2,Provo_ID12,2,1079503,1259090,1,gaze_data,1741734741331,426.5664339065552,263.69520127773285,1741734741266.7,1
1,1,block_2,2,Provo_ID12,2,1079503,1259090,1,gaze_data,1741734741368,434.59146320819855,269.02846470475197,1741734741301,0.9816891185166363
1,1,block_2,2,Provo_ID12,2,1079503,1259090,1,gaze_data,1741734741397,428.45663130283356,287.8676936030388,1741734741334,0.9816891185166363
1,1,block_2,2,Provo_ID12,2,1079503,1259090,1,gaze_data,1741734741431,436.2398087978363,294.652684032917,1741734741366.7,1
1,1,block_2,2,Provo_ID12,2,1079503,1259090,1,gaze_data,1741734741454,410.97184866666794,269.3754382431507,1741734741399.9001,1
1,1,block_2,2,Provo_ID12,2,1079503,1259090,1,gaze_data,1741734741501,281.55839443206787,142.64457523822784,1741734741433.5,0.9371412915183868
1,1,block_2,2,Provo_ID12,2,1079503,1259090,1,gaze_data,1741734741538,277.49860286712646,127.49534696340561,1741734741471.5,0.9838753184571503
1,1,block_2,2,Provo_ID12,2,1079503,1259090,1,gaze_data,1741734741554,257.1627616882324,127.55747735500336,1741734741500.3,0.9838753184571503
1,1,block_2,2,Provo_ID12,2,1079503,1259090,1,gaze_x,"",
1,1,block_2,2,Provo_ID12,2,1079503,1259090,1,gaze_y,"",
1,1,block_2,2,Provo_ID12,2,1079503,1259090,1,el_x,"",
1,1,block_2,2,Provo_ID12,2,1079503,1259090,1,applied_drift,1741734702219,
1,1,block_2,2,Provo_ID12,2,1079503,1259090,1,applied_drift,1741734727056,-22.115808725357056,-25
1,1,block_2,2,Provo_ID12,2,1079503,1259090,1,applied_drift,1741734727088,-22.115808725357056,-25
1,1,block_2,2,Provo_ID12,2,1079503,1259090,1,applied_drift,1741734727125,-22.115808725357056,-25
1,1,block_2,2,Provo_ID12,2,1079503,1259090,1,applied_drift,1741734727146,-22.115808725357056,-25
1,1,block_2,2,Provo_ID12,2,1079503,1259090,1,applied_drift,1741734727175,-22.115808725357056,-25
1,1,block_2,2,Provo_ID12,2,1079503,1259090,1,applied_drift,1741734727226,-22.115808725357056,-25
1,1,block_2,2,Provo_ID12,2,1079503,1259090,1,applied_drift,1741734727258,-22.115808725357056,-25
1,1,block_2,2,Provo_ID12,2,1079503,1259090,1,applied_drift,1741734727302,-22.115808725357056,-25
1,1,block_2,2,Provo_ID12,2,1079503,1259090,1,applied_drift,1741734727338,-22.115808725357056,-25
1,1,block_2,2,Provo_ID12,2,1079503,1259090,1,applied_drift,1741734727364,-22.115808725357056,-25
1,1,block_2,2,Provo_ID12,2,1079503,1259090,1,applied_drift,1741734727394,-22.115808725357056,-25
1,1,block_2,2,Provo_ID12,2,1079503,1259090,1,applied_drift,1741734727438,-22.115808725357056,-25
1,1,block_2,2,Provo_ID12,2,1079503,1259090,1,applied_drift,1741734727469,-22.115808725357056,-25
1,1,block_2,2,Provo_ID12,2,1079503,1259090,1,applied_drift,1741734727492,-22.115808725357056,-25
1,1,block_2,2,Provo_ID12,2,1079503,1259090,1,applied_drift,1741734727536,-22.115808725357056,-25
1,1,block_2,2,Provo_ID12,2,1079503,1259090,1,applied_drift,1741734727572,-22.115808725357056,-25
1,1,block_2,2,Provo_ID12,2,1079503,1259090,1,applied_drift,1741734727591,-22.115808725357056,-25
1,1,block_2,2,Provo_ID12,2,1079503,1259090,1,applied_drift,1741734727632,-22.115808725357056,-25
1,1,block_2,2,Provo_ID12,2,1079503,1259090,1,applied_drift,1741734727669,-22.115808725357056,-25
1,1,block_2,2,Provo_ID12,2,1079503,1259090,1,applied_drift,1741734727697,-22.115808725357056,-25
1,1,block_2,2,Provo_ID12,2,1079503,1259090,1,applied_drift,1741734727735,-22.115808725357056,-25
1,1,block_2,2,Provo_ID12,2,1079503,1259090,1,applied_drift,1741734727753,-22.115808725357056,-25
1,1,block_2,2,Provo_ID12,2,1079503,1259090,1,applied_drift,1741734727798,-22.115808725357056,-25
1,1,block_2,2,Provo_ID12,2,1079503,1259090,1,applied_drift,1741734727841,-22.115808725357056,-25
1,1,block_2,2,Provo_ID12,2,1079503,1259090,1,applied_drift,1741734727869,-22.115808725357056,-25
1,1,block_2,2,Provo_ID12,2,1079503,1259090,1,applied_drift,1741734727902,-22.115808725357056,-25
1,1,block_2,2,Provo_ID12,2,1079503,1259090,1,applied_drift,1741734727934,-22.115808725357056,-25
1,1,block_2,2,Provo_ID12,2,1079503,1259090,1,applied_drift,1741734727969,-22.115808725357056,-25
1,1,block_2,2,Provo_ID12,2,1079503,1259090,1,applied_drift,1741734727986,-22.115808725357056,-25
1,1,block_2,2,Provo_ID12,2,1079503,1259090,1,applied_drift,1741734728030,-22.115808725357056,-25
1,1,block_2,2,Provo_ID12,2,1079503,1259090,1,applied_drift,1741734728074,-22.115808725357056,-25
1,1,block_2,2,Provo_ID12,2,1079503,1259090,1,applied_drift,1741734728094,-22.115808725357056,-25
1,1,block_2,2,Provo_ID12,2,1079503,1259090,1,applied_drift,1741734728134,-22.115808725357056,-25
1,1,block_2,2,Provo_ID12,2,1079503,1259090,1,applied_drift,1741734728155,-22.115808725357056,-25
1,1,block_2,2,Provo_ID12,2,1079503,1259090,1,applied_drift,1741734728197,-22.115808725357056,-25
1,1,block_2,2,Provo_ID12,2,1079503,1259090,1,applied_drift,1741734728240,-22.115808725357056,-25
1,1,block_2,2,Provo_ID12,2,1079503,1259090,1,applied_drift,1741734728262,-22.115808725357056,-25
1,1,block_2,2,Provo_ID12,2,1079503,1259090,1,applied_drift,1741734728295,-22.115808725357056,-25
1,1,block_2,2,Provo_ID12,2,1079503,1259090,1,applied_drift,1741734728324,-22.115808725357056,-25
1,1,block_2,2,Provo_ID12,2,1079503,1259090,1,applied_drift,1741734728362,-22.115808725357056,-25
1,1,block_2,2,Provo_ID12,2,1079503,1259090,1,applied_drift,1741734728395,-22.115808725357056,-25
1,1,block_2,2,Provo_ID12,2,1079503,1259090,1,applied_drift,1741734728423,-22.115808725357056,-25
1,1,block_2,2,Provo_ID12,2,1079503,1259090,1,applied_drift,1741734728463,-22.115808725357056,-25
1,1,block_2,2,Provo_ID12,2,1079503,1259090,1,applied_drift,1741734728500,-22.115808725357056,-25
1,1,block_2,2,Provo_ID12,2,1079503,1259090,1,applied_drift,1741734728519,-22.115808725357056,-25
1,1,block_2,2,Provo_ID12,2,1079503,1259090,1,applied_drift,1741734728561,-22.115808725357056,-25
1,1,block_2,2,Provo_ID12,2,1079503,1259090,1,applied_drift,1741734728596,-22.115808725357056,-25
1,1,block_2,2,Provo_ID12,2,1079503,1259090,1,applied_drift,1741734728622,-22.115808725357056,-25
1,1,block_2,2,Provo_ID12,2,1079503,1259090,1,applied_drift,1741734728668,-22.115808725357056,-25
1,1,block_2,2,Provo_ID12,2,1079503,1259090,1,applied_drift,1741734728699,-22.115808725357056,-25
1,1,block_2,2,Provo_ID12,2,1079503,1259090,1,applied_drift,1741734728719,-22.115808725357056,-25
1,1,block_2,2,Provo_ID12,2,1079503,1259090,1,applied_drift,1741734728768,-22.115808725357056,-25
1,1,block_2,2,Provo_ID12,2,1079503,1259090,1,applied_drift,1741734728803,-22.115808725357056,-25
1,1,block_2,2,Provo_ID12,2,1079503,1259090,1,applied_drift,1741734728830,-22.115808725357056,-25
1,1,block_2,2,Provo_ID12,2,1079503,1259090,1,applied_drift,1741734728866,-22.115808725357056,-25
1,1,block_2,2,Provo_ID12,2,1079503,1259090,1,applied_drift,1741734728897,-22.115808725357056,-25
1,1,block_2,2,Provo_ID12,2,1079503,1259090,1,applied_drift,1741734728938,-22.115808725357056,-25
1,1,block_2,2,Provo_ID12,2,1079503,1259090,1,applied_drift,1741734728959,-22.115808725357056,-25
1,1,block_2,2,Provo_ID12,2,1079503,1259090,1,applied_drift,1741734728994,-22.115808725357056,-25
1,1,block_2,2,Provo_ID12,2,1079503,1259090,1,applied_drift,1741734729023,-22.115808725357056,-25
1,1,block_2,2,Provo_ID12,2,1079503,1259090,1,applied_drift,1741734729062,-22.115808725357056,-25
1,1,block_2,2,Provo_ID12,2,1079503,1259090,1,applied_drift,1741734729099,-22.115808725357056,-25
1,1,block_2,2,Provo_ID12,2,1079503,1259090,1,applied_drift,1741734729124,-22.115808725357056,-25
1,1,block_2,2,Provo_ID12,2,1079503,1259090,1,applied_drift,1741734729160,-22.115808725357056,-25
1,1,block_2,2,Provo_ID12,2,1079503,1259090,1,applied_drift,1741734729190,-22.115808725357056,-25
1,1,block_2,2,Provo_ID12,2,1079503,1259090,1,applied_drift,1741734729221,-22.115808725357056,-25
1,1,block_2,2,Provo_ID12,2,1079503,1259090,1,applied_drift,1741734729261,-22.115808725357056,-25
1,1,block_2,2,Provo_ID12,2,1079503,1259090,1,applied_drift,1741734729295,-22.115808725357056,-25
1,1,block_2,2,Provo_ID12,2,1079503,1259090,1,applied_drift,1741734729317,-22.115808725357056,-25
1,1,block_2,2,Provo_ID12,2,1079503,1259090,1,applied_drift,1741734729373,-22.115808725357056,-25
1,1,block_2,2,Provo_ID12,2,1079503,1259090,1,applied_drift,1741734729406,-22.115808725357056,-25
1,1,block_2,2,Provo_ID12,2,1079503,1259090,1,applied_drift,1741734729446,-22.115808725357056,-25
1,1,block_2,2,Provo_ID12,2,1079503,1259090,1,applied_drift,1741734729471,-22.115808725357056,-25
1,1,block_2,2,Provo_ID12,2,1079503,1259090,1,applied_drift,1741734729507,-22.115808725357056,-25
1,1,block_2,2,Provo_ID12,2,1079503,1259090,1,applied_drift,1741734729548,-22.115808725357056,-25
1,1,block_2,2,Provo_ID12,2,1079503,1259090,1,applied_drift,1741734729579,-22.115808725357056,-25
1,1,block_2,2,Provo_ID12,2,1079503,1259090,1,applied_drift,1741734729599,-22.115808725357056,-25
1,1,block_2,2,Provo_ID12,2,1079503,1259090,1,applied_drift,1741734729640,-22.115808725357056,-25
1,1,block_2,2,Provo_ID12,2,1079503,1259090,1,applied_drift,1741734729673,-22.115808725357056,-25
1,1,block_2,2,Provo_ID12,2,1079503,1259090,1,applied_drift,1741734729698,-22.115808725357056,-25
1,1,block_2,2,Provo_ID12,2,1079503,1259090,1,applied_drift,1741734729751,-22.115808725357056,-25
1,1,block_2,2,Provo_ID12,2,1079503,1259090,1,applied_drift,1741734729789,-22.115808725357056,-25
1,1,block_2,2,Provo_ID12,2,1079503,1259090,1,applied_drift,1741734729816,-22.115808725357056,-25
1,1,block_2,2,Provo_ID12,2,1079503,1259090,1,applied_drift,1741734729854,-22.115808725357056,-25
1,1,block_2,2,Provo_ID12,2,1079503,1259090,1,applied_drift,1741734729870,-22.115808725357056,-25
1,1,block_2,2,Provo_ID12,2,1079503,1259090,1,applied_drift,1741734729922,-22.115808725357056,-25
1,1,block_2,2,Provo_ID12,2,1079503,1259090,1,applied_drift,1741734729958,-22.115808725357056,-25
1,1,block_2,2,Provo_ID12,2,1079503,1259090,1,applied_drift,1741734729986,-22.115808725357056,-25
1,1,block_2,2,Provo_ID12,2,1079503,1259090,1,applied_drift,1741734730012,-22.115808725357056,-25
1,1,block_2,2,Provo_ID12,2,1079503,1259090,1,applied_drift,1741734730052,-22.115808725357056,-25
1,1,block_2,2,Provo_ID12,2,1079503,1259090,1,applied_drift,1741734730079,-22.115808725357056,-25
1,1,block_2,2,Provo_ID12,2,1079503,1259090,1,applied_drift,1741734730105,-22.115808725357056,-25
1,1,block_2,2,Provo_ID12,2,1079503,1259090,1,applied_drift,1741734730147,-22.115808725357056,-25
1,1,block_2,2,Provo_ID12,2,1079503,1259090,1,applied_drift,1741734730180,-22.115808725357056,-25
1,1,block_2,2,Provo_ID12,2,1079503,1259090,1,applied_drift,1741734730232,-22.115808725357056,-25
1,1,block_2,2,Provo_ID12,2,1079503,1259090,1,applied_drift,1741734730251,-22.115808725357056,-25
1,1,block_2,2,Provo_ID12,2,1079503,1259090,1,applied_drift,1741734730296,-22.115808725357056,-25
1,1,block_2,2,Provo_ID12,2,1079503,1259090,1,applied_drift,1741734730329,-22.115808725357056,-25
1,1,block_2,2,Provo_ID12,2,1079503,1259090,1,applied_drift,1741734730389,-22.115808725357056,-25
1,1,block_2,2,Provo_ID12,2,1079503,1259090,1,applied_drift,1741734730411,-22.115808725357056,-25
1,1,block_2,2,Provo_ID12,2,1079503,1259090,1,applied_drift,1741734730447,-22.115808725357056,-25
1,1,block_2,2,Provo_ID12,2,1079503,1259090,1,applied_drift,1741734730470,-22.115808725357056,-25
1,1,block_2,2,Provo_ID12,2,1079503,1259090,1,applied_drift,1741734730513,-22.115808725357056,-25
1,1,block_2,2,Provo_ID12,2,1079503,1259090,1,applied_drift,1741734730588,-22.115808725357056,-25
1,1,block_2,2,Provo_ID12,2,1079503,1259090,1,applied_drift,1741734730617,-22.115808725357056,-25
1,1,block_2,2,Provo_ID12,2,1079503,1259090,1,applied_drift,1741734730654,-22.115808725357056,-25
1,1,block_2,2,Provo_ID12,2,1079503,1259090,1,applied_drift,1741734730677,-22.115808725357056,-25
1,1,block_2,2,Provo_ID12,2,1079503,1259090,1,applied_drift,1741734730707,-22.115808725357056,-25
1,1,block_2,2,Provo_ID12,2,1079503,1259090,1,applied_drift,1741734730757,-22.115808725357056,-25
1,1,block_2,2,Provo_ID12,2,1079503,1259090,1,applied_drift,1741734730783,-22.115808725357056,-25
1,1,block_2,2,Provo_ID12,2,1079503,1259090,1,applied_drift,1741734730827,-22.115808725357056,-25
1,1,block_2,2,Provo_ID12,2,1079503,1259090,1,applied_drift,1741734730843,-22.115808725357056,-25
1,1,block_2,2,Provo_ID12,2,1079503,1259090,1,applied_drift,1741734730877,-22.115808725357056,-25
1,1,block_2,2,Provo_ID12,2,1079503,1259090,1,applied_drift,1741734730920,-22.115808725357056,-25
1,1,block_2,2,Provo_ID12,2,1079503,1259090,1,applied_drift,1741734730948,-22.115808725357056,-25
1,1,block_2,2,Provo_ID12,2,1079503,1259090,1,applied_drift,1741734730982,-22.115808725357056,-25
1,1,block_2,2,Provo_ID12,2,1079503,1259090,1,applied_drift,1741734731006,-22.115808725357056,-25
1,1,block_2,2,Provo_ID12,2,1079503,1259090,1,applied_drift,1741734731055,-22.115808725357056,-25
1,1,block_2,2,Provo_ID12,2,1079503,1259090,1,applied_drift,1741734731089,-22.115808725357056,-25
1,1,block_2,2,Provo_ID12,2,1079503,1259090,1,applied_drift,1741734731141,-22.115808725357056,-25
1,1,block_2,2,Provo_ID12,2,1079503,1259090,1,applied_drift,1741734731172,-22.115808725357056,-25
1,1,block_2,2,Provo_ID12,2,1079503,1259090,1,applied_drift,1741734731208,-22.115808725357056,-25
1,1,block_2,2,Provo_ID12,2,1079503,1259090,1,applied_drift,1741734731240,-22.115808725357056,-25
1,1,block_2,2,Provo_ID12,2,1079503,1259090,1,applied_drift,1741734731272,-22.115808725357056,-25
1,1,block_2,2,Provo_ID12,2,1079503,1259090,1,applied_drift,1741734731299,-22.115808725357056,-25
1,1,block_2,2,Provo_ID12,2,1079503,1259090,1,applied_drift,1741734731333,-22.115808725357056,-25
1,1,block_2,2,Provo_ID12,2,1079503,1259090,1,applied_drift,1741734731354,-22.115808725357056,-25
1,1,block_2,2,Provo_ID12,2,1079503,1259090,1,applied_drift,1741734731397,-22.115808725357056,-25
1,1,block_2,2,Provo_ID12,2,1079503,1259090,1,applied_drift,1741734731439,-22.115808725357056,-25
1,1,block_2,2,Provo_ID12,2,1079503,1259090,1,applied_drift,1741734731477,-22.115808725357056,-25
1,1,block_2,2,Provo_ID12,2,1079503,1259090,1,applied_drift,1741734731513,-22.115808725357056,-25
1,1,block_2,2,Provo_ID12,2,1079503,1259090,1,applied_drift,1741734731534,-22.115808725357056,-25
1,1,block_2,2,Provo_ID12,2,1079503,1259090,1,applied_drift,1741734731564,-22.115808725357056,-25
1,1,block_2,2,Provo_ID12,2,1079503,1259090,1,applied_drift,1741734731591,-22.115808725357056,-25
1,1,block_2,2,Provo_ID12,2,1079503,1259090,1,applied_drift,1741734731635,-22.115808725357056,-25
1,1,block_2,2,Provo_ID12,2,1079503,1259090,1,applied_drift,1741734731686,-22.115808725357056,-25
1,1,block_2,2,Provo_ID12,2,1079503,1259090,1,applied_drift,1741734731713,-22.115808725357056,-25
1,1,block_2,2,Provo_ID12,2,1079503,1259090,1,applied_drift,1741734731746,-22.115808725357056,-25
1,1,block_2,2,Provo_ID12,2,1079503,1259090,1,applied_drift,1741734731790,-22.115808725357056,-25
1,1,block_2,2,Provo_ID12,2,1079503,1259090,1,applied_drift,1741734731816,-22.115808725357056,-25
1,1,block_2,2,Provo_ID12,2,1079503,1259090,1,applied_drift,1741734731855,-22.115808725357056,-25
1,1,block_2,2,Provo_ID12,2,1079503,1259090,1,applied_drift,1741734731880,-22.115808725357056,-25
1,1,block_2,2,Provo_ID12,2,1079503,1259090,1,applied_drift,1741734731925,-22.115808725357056,-25
1,1,block_2,2,Provo_ID12,2,1079503,1259090,1,applied_drift,1741734731958,-22.115808725357056,-25
1,1,block_2,2,Provo_ID12,2,1079503,1259090,1,applied_drift,1741734731994,-22.115808725357056,-25
1,1,block_2,2,Provo_ID12,2,1079503,1259090,1,applied_drift,1741734732031,-22.115808725357056,-25
1,1,block_2,2,Provo_ID12,2,1079503,1259090,1,applied_drift,1741734732070,-22.115808725357056,-25
1,1,block_2,2,Provo_ID12,2,1079503,1259090,1,applied_drift,1741734732097,-22.115808725357056,-25
1,1,block_2,2,Provo_ID12,2,1079503,1259090,1,applied_drift,1741734732130,-22.115808725357056,-25
1,1,block_2,2,Provo_ID12,2,1079503,1259090,1,applied_drift,1741734732152,-22.115808725357056,-25
1,1,block_2,2,Provo_ID12,2,1079503,1259090,1,applied_drift,1741734732192,-22.115808725357056,-25
1,1,block_2,2,Provo_ID12,2,1079503,1259090,1,applied_drift,1741734732229,-22.115808725357056,-25
1,1,block_2,2,Provo_ID12,2,1079503,1259090,1,applied_drift,1741734732254,-22.115808725357056,-25
1,1,block_2,2,Provo_ID12,2,1079503,1259090,1,applied_drift,1741734732295,-22.115808725357056,-25
1,1,block_2,2,Provo_ID12,2,1079503,1259090,1,applied_drift,1741734732330,-22.115808725357056,-25
1,1,block_2,2,Provo_ID12,2,1079503,1259090,1,applied_drift,1741734732355,-22.115808725357056,-25
1,1,block_2,2,Provo_ID12,2,1079503,1259090,1,applied_drift,1741734732396,-22.115808725357056,-25
1,1,block_2,2,Provo_ID12,2,1079503,1259090,1,applied_drift,1741734732431,-22.115808725357056,-25
1,1,block_2,2,Provo_ID12,2,1079503,1259090,1,applied_drift,1741734732456,-22.115808725357056,-25
1,1,block_2,2,Provo_ID12,2,1079503,1259090,1,applied_drift,1741734732497,-22.115808725357056,-25
1,1,block_2,2,Provo_ID12,2,1079503,1259090,1,applied_drift,1741734732536,-22.115808725357056,-25
1,1,block_2,2,Provo_ID12,2,1079503,1259090,1,applied_drift,1741734732553,-22.115808725357056,-25
1,1,block_2,2,Provo_ID12,2,1079503,1259090,1,applied_drift,1741734732594,-22.115808725357056,-25
1,1,block_2,2,Provo_ID12,2,1079503,1259090,1,applied_drift,1741734732646,-22.115808725357056,-25
1,1,block_2,2,Provo_ID12,2,1079503,1259090,1,applied_drift,1741734732665,-22.115808725357056,-25
1,1,block_2,2,Provo_ID12,2,1079503,1259090,1,applied_drift,1741734732700,-22.115808725357056,-25
1,1,block_2,2,Provo_ID12,2,1079503,1259090,1,applied_drift,1741734732727,-22.115808725357056,-25
1,1,block_2,2,Provo_ID12,2,1079503,1259090,1,applied_drift,1741734732764,-22.115808725357056,-25
1,1,block_2,2,Provo_ID12,2,1079503,1259090,1,applied_drift,1741734732807,-22.115808725357056,-25
1,1,block_2,2,Provo_ID12,2,1079503,1259090,1,applied_drift,1741734732844,-22.115808725357056,-25
1,1,block_2,2,Provo_ID12,2,1079503,1259090,1,applied_drift,1741734732876,-22.115808725357056,-25
1,1,block_2,2,Provo_ID12,2,1079503,1259090,1,applied_drift,1741734732903,-22.115808725357056,-25
1,1,block_2,2,Provo_ID12,2,1079503,1259090,1,applied_drift,1741734732940,-22.115808725357056,-25
1,1,block_2,2,Provo_ID12,2,1079503,1259090,1,applied_drift,1741734732961,-22.115808725357056,-25
1,1,block_2,2,Provo_ID12,2,1079503,1259090,1,applied_drift,1741734733015,-22.115808725357056,-25
1,1,block_2,2,Provo_ID12,2,1079503,1259090,1,applied_drift,1741734733038,-22.115808725357056,-25
1,1,block_2,2,Provo_ID12,2,1079503,1259090,1,applied_drift,1741734733086,-22.115808725357056,-25
1,1,block_2,2,Provo_ID12,2,1079503,1259090,1,applied_drift,1741734733113,-22.115808725357056,-25
1,1,block_2,2,Provo_ID12,2,1079503,1259090,1,applied_drift,1741734733144,-22.115808725357056,-25
1,1,block_2,2,Provo_ID12,2,1079503,1259090,1,applied_drift,1741734733164,-22.115808725357056,-25
1,1,block_2,2,Provo_ID12,2,1079503,1259090,1,applied_drift,1741734733211,-22.115808725357056,-25
1,1,block_2,2,Provo_ID12,2,1079503,1259090,1,applied_drift,1741734733231,-22.115808725357056,-25
1,1,block_2,2,Provo_ID12,2,1079503,1259090,1,applied_drift,1741734733271,-22.115808725357056,-25
1,1,block_2,2,Provo_ID12,2,1079503,1259090,1,applied_drift,1741734733297,-22.115808725357056,-25
1,1,block_2,2,Provo_ID12,2,1079503,1259090,1,applied_drift,1741734733341,-22.115808725357056,-25
1,1,block_2,2,Provo_ID12,2,1079503,1259090,1,applied_drift,1741734733382,-22.115808725357056,-25
1,1,block_2,2,Provo_ID12,2,1079503,1259090,1,applied_drift,1741734733399,-22.115808725357056,-25
1,1,block_2,2,Provo_ID12,2,1079503,1259090,1,applied_drift,1741734733439,-22.115808725357056,-25
1,1,block_2,2,Provo_ID12,2,1079503,1259090,1,applied_drift,1741734733462,-22.115808725357056,-25
1,1,block_2,2,Provo_ID12,2,1079503,1259090,1,applied_drift,1741734733509,-22.115808725357056,-25
1,1,block_2,2,Provo_ID12,2,1079503,1259090,1,applied_drift,1741734733548,-22.115808725357056,-25
1,1,block_2,2,Provo_ID12,2,1079503,1259090,1,applied_drift,1741734733578,-22.115808725357056,-25
1,1,block_2,2,Provo_ID12,2,1079503,1259090,1,applied_drift,1741734733616,-22.115808725357056,-25
1,1,block_2,2,Provo_ID12,2,1079503,1259090,1,applied_drift,1741734733643,-22.115808725357056,-25
1,1,block_2,2,Provo_ID12,2,1079503,1259090,1,applied_drift,1741734733682,-22.115808725357056,-25
1,1,block_2,2,Provo_ID12,2,1079503,1259090,1,applied_drift,1741734733712,-22.115808725357056,-25
1,1,block_2,2,Provo_ID12,2,1079503,1259090,1,applied_drift,1741734733759,-22.115808725357056,-25
1,1,block_2,2,Provo_ID12,2,1079503,1259090,1,applied_drift,1741734733780,-22.115808725357056,-25
1,1,block_2,2,Provo_ID12,2,1079503,1259090,1,applied_drift,1741734733813,-22.115808725357056,-25
1,1,block_2,2,Provo_ID12,2,1079503,1259090,1,applied_drift,1741734733838,-22.115808725357056,-25
1,1,block_2,2,Provo_ID12,2,1079503,1259090,1,applied_drift,1741734733920,-22.115808725357056,-25
1,1,block_2,2,Provo_ID12,2,1079503,1259090,1,applied_drift,1741734733942,-22.115808725357056,-25
1,1,block_2,2,Provo_ID12,2,1079503,1259090,1,applied_drift,1741734733982,-22.115808725357056,-25
1,1,block_2,2,Provo_ID12,2,1079503,1259090,1,applied_drift,1741734734046,-22.115808725357056,-25
1,1,block_2,2,Provo_ID12,2,1079503,1259090,1,applied_drift,1741734734072,-22.115808725357056,-25
1,1,block_2,2,Provo_ID12,2,1079503,1259090,1,applied_drift,1741734734113,-22.115808725357056,-25
1,1,block_2,2,Provo_ID12,2,1079503,1259090,1,applied_drift,1741734734165,-22.115808725357056,-25
1,1,block_2,2,Provo_ID12,2,1079503,1259090,1,applied_drift,1741734734190,-22.115808725357056,-25
1,1,block_2,2,Provo_ID12,2,1079503,1259090,1,applied_drift,1741734734235,-22.115808725357056,-25
1,1,block_2,2,Provo_ID12,2,1079503,1259090,1,applied_drift,1741734734257,-22.115808725357056,-25
1,1,block_2,2,Provo_ID12,2,1079503,1259090,1,applied_drift,1741734734302,-22.115808725357056,-25
1,1,block_2,2,Provo_ID12,2,1079503,1259090,1,applied_drift,1741734734324,-22.115808725357056,-25
1,1,block_2,2,Provo_ID12,2,1079503,1259090,1,applied_drift,1741734734366,-22.115808725357056,-25
1,1,block_2,2,Provo_ID12,2,1079503,1259090,1,applied_drift,1741734734391,-22.115808725357056,-25
1,1,block_2,2,Provo_ID12,2,1079503,1259090,1,applied_drift,1741734734435,-22.115808725357056,-25
1,1,block_2,2,Provo_ID12,2,1079503,1259090,1,applied_drift,1741734734454,-22.115808725357056,-25
1,1,block_2,2,Provo_ID12,2,1079503,1259090,1,applied_drift,1741734734491,-22.115808725357056,-25
1,1,block_2,2,Provo_ID12,2,1079503,1259090,1,applied_drift,1741734734515,-22.115808725357056,-25
1,1,block_2,2,Provo_ID12,2,1079503,1259090,1,applied_drift,1741734734575,-22.115808725357056,-25
1,1,block_2,2,Provo_ID12,2,1079503,1259090,1,applied_drift,1741734734619,-22.115808725357056,-25
1,1,block_2,2,Provo_ID12,2,1079503,1259090,1,applied_drift,1741734734656,-22.115808725357056,-25
1,1,block_2,2,Provo_ID12,2,1079503,1259090,1,applied_drift,1741734734673,-22.115808725357056,-25
1,1,block_2,2,Provo_ID12,2,1079503,1259090,1,applied_drift,1741734734708,-22.115808725357056,-25
1,1,block_2,2,Provo_ID12,2,1079503,1259090,1,applied_drift,1741734734757,-22.115808725357056,-25
1,1,block_2,2,Provo_ID12,2,1079503,1259090,1,applied_drift,1741734734775,-22.115808725357056,-25
1,1,block_2,2,Provo_ID12,2,1079503,1259090,1,applied_drift,1741734734811,-22.115808725357056,-25
1,1,block_2,2,Provo_ID12,2,1079503,1259090,1,applied_drift,1741734734869,-22.115808725357056,-25
1,1,block_2,2,Provo_ID12,2,1079503,1259090,1,applied_drift,1741734734886,-22.115808725357056,-25
1,1,block_2,2,Provo_ID12,2,1079503,1259090,1,applied_drift,1741734734924,-22.115808725357056,-25
1,1,block_2,2,Provo_ID12,2,1079503,1259090,1,applied_drift,1741734734963,-22.115808725357056,-25
1,1,block_2,2,Provo_ID12,2,1079503,1259090,1,applied_drift,1741734735008,-22.115808725357056,-25
1,1,block_2,2,Provo_ID12,2,1079503,1259090,1,applied_drift,1741734735040,-22.115808725357056,-25
1,1,block_2,2,Provo_ID12,2,1079503,1259090,1,applied_drift,1741734735077,-22.115808725357056,-25
1,1,block_2,2,Provo_ID12,2,1079503,1259090,1,applied_drift,1741734735108,-22.115808725357056,-25
1,1,block_2,2,Provo_ID12,2,1079503,1259090,1,applied_drift,1741734735138,-22.115808725357056,-25
1,1,block_2,2,Provo_ID12,2,1079503,1259090,1,applied_drift,1741734735159,-22.115808725357056,-25
1,1,block_2,2,Provo_ID12,2,1079503,1259090,1,applied_drift,1741734735201,-22.115808725357056,-25
1,1,block_2,2,Provo_ID12,2,1079503,1259090,1,applied_drift,1741734735223,-22.115808725357056,-25
1,1,block_2,2,Provo_ID12,2,1079503,1259090,1,applied_drift,1741734735263,-22.115808725357056,-25
1,1,block_2,2,Provo_ID12,2,1079503,1259090,1,applied_drift,1741734735312,-22.115808725357056,-25
1,1,block_2,2,Provo_ID12,2,1079503,1259090,1,applied_drift,1741734735343,-22.115808725357056,-25
1,1,block_2,2,Provo_ID12,2,1079503,1259090,1,applied_drift,1741734735361,-22.115808725357056,-25
1,1,block_2,2,Provo_ID12,2,1079503,1259090,1,applied_drift,1741734735401,-22.115808725357056,-25
1,1,block_2,2,Provo_ID12,2,1079503,1259090,1,applied_drift,1741734735438,-22.115808725357056,-25
1,1,block_2,2,Provo_ID12,2,1079503,1259090,1,applied_drift,1741734735461,-22.115808725357056,-25
1,1,block_2,2,Provo_ID12,2,1079503,1259090,1,applied_drift,1741734735506,-22.115808725357056,-25
1,1,block_2,2,Provo_ID12,2,1079503,1259090,1,applied_drift,1741734735549,-22.115808725357056,-25
1,1,block_2,2,Provo_ID12,2,1079503,1259090,1,applied_drift,1741734735628,-22.115808725357056,-25
1,1,block_2,2,Provo_ID12,2,1079503,1259090,1,applied_drift,1741734735691,-22.115808725357056,-25
1,1,block_2,2,Provo_ID12,2,1079503,1259090,1,applied_drift,1741734735712,-22.115808725357056,-25
1,1,block_2,2,Provo_ID12,2,1079503,1259090,1,applied_drift,1741734735752,-22.115808725357056,-25
1,1,block_2,2,Provo_ID12,2,1079503,1259090,1,applied_drift,1741734735771,-22.115808725357056,-25
1,1,block_2,2,Provo_ID12,2,1079503,1259090,1,applied_drift,1741734735814,-22.115808725357056,-25
1,1,block_2,2,Provo_ID12,2,1079503,1259090,1,applied_drift,1741734735856,-22.115808725357056,-25
1,1,block_2,2,Provo_ID12,2,1079503,1259090,1,applied_drift,1741734735878,-22.115808725357056,-25
1,1,block_2,2,Provo_ID12,2,1079503,1259090,1,applied_drift,1741734735944,-22.115808725357056,-25
1,1,block_2,2,Provo_ID12,2,1079503,1259090,1,applied_drift,1741734735990,-22.115808725357056,-25
1,1,block_2,2,Provo_ID12,2,1079503,1259090,1,applied_drift,1741734736024,-22.115808725357056,-25
1,1,block_2,2,Provo_ID12,2,1079503,1259090,1,applied_drift,1741734736061,-22.115808725357056,-25
1,1,block_2,2,Provo_ID12,2,1079503,1259090,1,applied_drift,1741734736090,-22.115808725357056,-25
1,1,block_2,2,Provo_ID12,2,1079503,1259090,1,applied_drift,1741734736138,-22.115808725357056,-25
1,1,block_2,2,Provo_ID12,2,1079503,1259090,1,applied_drift,1741734736182,-22.115808725357056,-25
1,1,block_2,2,Provo_ID12,2,1079503,1259090,1,applied_drift,1741734736216,-22.115808725357056,-25
1,1,block_2,2,Provo_ID12,2,1079503,1259090,1,applied_drift,1741734736241,-22.115808725357056,-25
1,1,block_2,2,Provo_ID12,2,1079503,1259090,1,applied_drift,1741734736279,-22.115808725357056,-25
1,1,block_2,2,Provo_ID12,2,1079503,1259090,1,applied_drift,1741734736313,-22.115808725357056,-25
1,1,block_2,2,Provo_ID12,2,1079503,1259090,1,applied_drift,1741734736358,-22.115808725357056,-25
1,1,block_2,2,Provo_ID12,2,1079503,1259090,1,applied_drift,1741734736393,-22.115808725357056,-25
1,1,block_2,2,Provo_ID12,2,1079503,1259090,1,applied_drift,1741734736425,-22.115808725357056,-25
1,1,block_2,2,Provo_ID12,2,1079503,1259090,1,applied_drift,1741734736472,-22.115808725357056,-25
1,1,block_2,2,Provo_ID12,2,1079503,1259090,1,applied_drift,1741734736498,-22.115808725357056,-25
1,1,block_2,2,Provo_ID12,2,1079503,1259090,1,applied_drift,1741734736536,-22.115808725357056,-25
1,1,block_2,2,Provo_ID12,2,1079503,1259090,1,applied_drift,1741734736563,-22.115808725357056,-25
1,1,block_2,2,Provo_ID12,2,1079503,1259090,1,applied_drift,1741734736601,-22.115808725357056,-25
1,1,block_2,2,Provo_ID12,2,1079503,1259090,1,applied_drift,1741734736618,-22.115808725357056,-25
1,1,block_2,2,Provo_ID12,2,1079503,1259090,1,applied_drift,1741734736667,-22.115808725357056,-25
1,1,block_2,2,Provo_ID12,2,1079503,1259090,1,applied_drift,1741734736700,-22.115808725357056,-25
1,1,block_2,2,Provo_ID12,2,1079503,1259090,1,applied_drift,1741734736727,-22.115808725357056,-25
1,1,block_2,2,Provo_ID12,2,1079503,1259090,1,applied_drift,1741734736765,-22.115808725357056,-25
1,1,block_2,2,Provo_ID12,2,1079503,1259090,1,applied_drift,1741734736799,-22.115808725357056,-25
1,1,block_2,2,Provo_ID12,2,1079503,1259090,1,applied_drift,1741734736831,-22.115808725357056,-25
1,1,block_2,2,Provo_ID12,2,1079503,1259090,1,applied_drift,1741734736854,-22.115808725357056,-25
1,1,block_2,2,Provo_ID12,2,1079503,1259090,1,applied_drift,1741734736896,-22.115808725357056,-25
1,1,block_2,2,Provo_ID12,2,1079503,1259090,1,applied_drift,1741734736939,-22.115808725357056,-25
1,1,block_2,2,Provo_ID12,2,1079503,1259090,1,applied_drift,1741734736975,-22.115808725357056,-25
1,1,block_2,2,Provo_ID12,2,1079503,1259090,1,applied_drift,1741734737017,-22.115808725357056,-25
1,1,block_2,2,Provo_ID12,2,1079503,1259090,1,applied_drift,1741734737036,-22.115808725357056,-25
1,1,block_2,2,Provo_ID12,2,1079503,1259090,1,applied_drift,1741734737080,-22.115808725357056,-25
1,1,block_2,2,Provo_ID12,2,1079503,1259090,1,applied_drift,1741734737125,-22.115808725357056,-25
1,1,block_2,2,Provo_ID12,2,1079503,1259090,1,applied_drift,1741734737144,-22.115808725357056,-25
1,1,block_2,2,Provo_ID12,2,1079503,1259090,1,applied_drift,1741734737179,-22.115808725357056,-25
1,1,block_2,2,Provo_ID12,2,1079503,1259090,1,applied_drift,1741734737258,-22.115808725357056,-25
1,1,block_2,2,Provo_ID12,2,1079503,1259090,1,applied_drift,1741734737279,-22.115808725357056,-25
1,1,block_2,2,Provo_ID12,2,1079503,1259090,1,applied_drift,1741734737315,-22.115808725357056,-25
1,1,block_2,2,Provo_ID12,2,1079503,1259090,1,applied_drift,1741734737338,-22.115808725357056,-25
1,1,block_2,2,Provo_ID12,2,1079503,1259090,1,applied_drift,1741734737382,-22.115808725357056,-25
1,1,block_2,2,Provo_ID12,2,1079503,1259090,1,applied_drift,1741734737447,-22.115808725357056,-25
1,1,block_2,2,Provo_ID12,2,1079503,1259090,1,applied_drift,1741734737503,-22.115808725357056,-25
1,1,block_2,2,Provo_ID12,2,1079503,1259090,1,applied_drift,1741734737520,-22.115808725357056,-25
1,1,block_2,2,Provo_ID12,2,1079503,1259090,1,applied_drift,1741734737554,-22.115808725357056,-25
1,1,block_2,2,Provo_ID12,2,1079503,1259090,1,applied_drift,1741734737599,-22.115808725357056,-25
1,1,block_2,2,Provo_ID12,2,1079503,1259090,1,applied_drift,1741734737630,-22.115808725357056,-25
1,1,block_2,2,Provo_ID12,2,1079503,1259090,1,applied_drift,1741734737664,-22.115808725357056,-25
1,1,block_2,2,Provo_ID12,2,1079503,1259090,1,applied_drift,1741734737692,-22.115808725357056,-25
1,1,block_2,2,Provo_ID12,2,1079503,1259090,1,applied_drift,1741734737728,-22.115808725357056,-25
1,1,block_2,2,Provo_ID12,2,1079503,1259090,1,applied_drift,1741734737753,-22.115808725357056,-25
1,1,block_2,2,Provo_ID12,2,1079503,1259090,1,applied_drift,1741734737790,-22.115808725357056,-25
1,1,block_2,2,Provo_ID12,2,1079503,1259090,1,applied_drift,1741734737830,-22.115808725357056,-25
1,1,block_2,2,Provo_ID12,2,1079503,1259090,1,applied_drift,1741734737860,-22.115808725357056,-25
1,1,block_2,2,Provo_ID12,2,1079503,1259090,1,applied_drift,1741734737899,-22.115808725357056,-25
1,1,block_2,2,Provo_ID12,2,1079503,1259090,1,applied_drift,1741734737927,-22.115808725357056,-25
1,1,block_2,2,Provo_ID12,2,1079503,1259090,1,applied_drift,1741734737960,-22.115808725357056,-25
1,1,block_2,2,Provo_ID12,2,1079503,1259090,1,applied_drift,1741734737994,-22.115808725357056,-25
1,1,block_2,2,Provo_ID12,2,1079503,1259090,1,applied_drift,1741734738036,-22.115808725357056,-25
1,1,block_2,2,Provo_ID12,2,1079503,1259090,1,applied_drift,1741734738053,-22.115808725357056,-25
1,1,block_2,2,Provo_ID12,2,1079503,1259090,1,applied_drift,1741734738086,-22.115808725357056,-25
1,1,block_2,2,Provo_ID12,2,1079503,1259090,1,applied_drift,1741734738142,-22.115808725357056,-25
1,1,block_2,2,Provo_ID12,2,1079503,1259090,1,applied_drift,1741734738160,-22.115808725357056,-25
1,1,block_2,2,Provo_ID12,2,1079503,1259090,1,applied_drift,1741734738198,-22.115808725357056,-25
1,1,block_2,2,Provo_ID12,2,1079503,1259090,1,applied_drift,1741734738240,-22.115808725357056,-25
1,1,block_2,2,Provo_ID12,2,1079503,1259090,1,applied_drift,1741734738267,-22.115808725357056,-25
1,1,block_2,2,Provo_ID12,2,1079503,1259090,1,applied_drift,1741734738300,-22.115808725357056,-25
1,1,block_2,2,Provo_ID12,2,1079503,1259090,1,applied_drift,1741734738327,-22.115808725357056,-25
1,1,block_2,2,Provo_ID12,2,1079503,1259090,1,applied_drift,1741734738367,-22.115808725357056,-25
1,1,block_2,2,Provo_ID12,2,1079503,1259090,1,applied_drift,1741734738406,-22.115808725357056,-25
1,1,block_2,2,Provo_ID12,2,1079503,1259090,1,applied_drift,1741734738434,-22.115808725357056,-25
1,1,block_2,2,Provo_ID12,2,1079503,1259090,1,applied_drift,1741734738480,-22.115808725357056,-25
1,1,block_2,2,Provo_ID12,2,1079503,1259090,1,applied_drift,1741734738497,-22.115808725357056,-25
1,1,block_2,2,Provo_ID12,2,1079503,1259090,1,applied_drift,1741734738530,-22.115808725357056,-25
1,1,block_2,2,Provo_ID12,2,1079503,1259090,1,applied_drift,1741734738561,-22.115808725357056,-25
1,1,block_2,2,Provo_ID12,2,1079503,1259090,1,applied_drift,1741734738601,-22.115808725357056,-25
1,1,block_2,2,Provo_ID12,2,1079503,1259090,1,applied_drift,1741734738638,-22.115808725357056,-25
1,1,block_2,2,Provo_ID12,2,1079503,1259090,1,applied_drift,1741734738668,-22.115808725357056,-25
1,1,block_2,2,Provo_ID12,2,1079503,1259090,1,applied_drift,1741734738714,-22.115808725357056,-25
1,1,block_2,2,Provo_ID12,2,1079503,1259090,1,applied_drift,1741734738731,-22.115808725357056,-25
1,1,block_2,2,Provo_ID12,2,1079503,1259090,1,applied_drift,1741734738765,-22.115808725357056,-25
1,1,block_2,2,Provo_ID12,2,1079503,1259090,1,applied_drift,1741734738815,-22.115808725357056,-25
1,1,block_2,2,Provo_ID12,2,1079503,1259090,1,applied_drift,1741734738842,-22.115808725357056,-25
1,1,block_2,2,Provo_ID12,2,1079503,1259090,1,applied_drift,1741734738860,-22.115808725357056,-25
1,1,block_2,2,Provo_ID12,2,1079503,1259090,1,applied_drift,1741734738901,-22.115808725357056,-25
1,1,block_2,2,Provo_ID12,2,1079503,1259090,1,applied_drift,1741734738940,-22.115808725357056,-25
1,1,block_2,2,Provo_ID12,2,1079503,1259090,1,applied_drift,1741734738962,-22.115808725357056,-25
1,1,block_2,2,Provo_ID12,2,1079503,1259090,1,applied_drift,1741734739003,-22.115808725357056,-25
1,1,block_2,2,Provo_ID12,2,1079503,1259090,1,applied_drift,1741734739036,-22.115808725357056,-25
1,1,block_2,2,Provo_ID12,2,1079503,1259090,1,applied_drift,1741734739058,-22.115808725357056,-25
1,1,block_2,2,Provo_ID12,2,1079503,1259090,1,applied_drift,1741734739107,-22.115808725357056,-25
1,1,block_2,2,Provo_ID12,2,1079503,1259090,1,applied_drift,1741734739140,-22.115808725357056,-25
1,1,block_2,2,Provo_ID12,2,1079503,1259090,1,applied_drift,1741734739170,-22.115808725357056,-25
1,1,block_2,2,Provo_ID12,2,1079503,1259090,1,applied_drift,1741734739208,-22.115808725357056,-25
1,1,block_2,2,Provo_ID12,2,1079503,1259090,1,applied_drift,1741734739231,-22.115808725357056,-25
1,1,block_2,2,Provo_ID12,2,1079503,1259090,1,applied_drift,1741734739265,-22.115808725357056,-25
1,1,block_2,2,Provo_ID12,2,1079503,1259090,1,applied_drift,1741734739296,-22.115808725357056,-25
1,1,block_2,2,Provo_ID12,2,1079503,1259090,1,applied_drift,1741734739338,-22.115808725357056,-25
1,1,block_2,2,Provo_ID12,2,1079503,1259090,1,applied_drift,1741734739378,-22.115808725357056,-25
1,1,block_2,2,Provo_ID12,2,1079503,1259090,1,applied_drift,1741734739399,-22.115808725357056,-25
1,1,block_2,2,Provo_ID12,2,1079503,1259090,1,applied_drift,1741734739445,-22.115808725357056,-25
1,1,block_2,2,Provo_ID12,2,1079503,1259090,1,applied_drift,1741734739462,-22.115808725357056,-25
1,1,block_2,2,Provo_ID12,2,1079503,1259090,1,applied_drift,1741734739497,-22.115808725357056,-25
1,1,block_2,2,Provo_ID12,2,1079503,1259090,1,applied_drift,1741734739545,-22.115808725357056,-25
1,1,block_2,2,Provo_ID12,2,1079503,1259090,1,applied_drift,1741734739572,-22.115808725357056,-25
1,1,block_2,2,Provo_ID12,2,1079503,1259090,1,applied_drift,1741734739606,-22.115808725357056,-25
1,1,block_2,2,Provo_ID12,2,1079503,1259090,1,applied_drift,1741734739631,-22.115808725357056,-25
1,1,block_2,2,Provo_ID12,2,1079503,1259090,1,applied_drift,1741734739669,-22.115808725357056,-25
1,1,block_2,2,Provo_ID12,2,1079503,1259090,1,applied_drift,1741734739707,-22.115808725357056,-25
1,1,block_2,2,Provo_ID12,2,1079503,1259090,1,applied_drift,1741734739737,-22.115808725357056,-25
1,1,block_2,2,Provo_ID12,2,1079503,1259090,1,applied_drift,1741734739773,-22.115808725357056,-25
1,1,block_2,2,Provo_ID12,2,1079503,1259090,1,applied_drift,1741734739794,-22.115808725357056,-25
1,1,block_2,2,Provo_ID12,2,1079503,1259090,1,applied_drift,1741734739836,-22.115808725357056,-25
1,1,block_2,2,Provo_ID12,2,1079503,1259090,1,applied_drift,1741734739859,-22.115808725357056,-25
1,1,block_2,2,Provo_ID12,2,1079503,1259090,1,applied_drift,1741734739903,-22.115808725357056,-25
1,1,block_2,2,Provo_ID12,2,1079503,1259090,1,applied_drift,1741734739937,-22.115808725357056,-25
1,1,block_2,2,Provo_ID12,2,1079503,1259090,1,applied_drift,1741734739959,-22.115808725357056,-25
1,1,block_2,2,Provo_ID12,2,1079503,1259090,1,applied_drift,1741734739998,-22.115808725357056,-25
1,1,block_2,2,Provo_ID12,2,1079503,1259090,1,applied_drift,1741734740032,-22.115808725357056,-25
1,1,block_2,2,Provo_ID12,2,1079503,1259090,1,applied_drift,1741734740069,-22.115808725357056,-25
1,1,block_2,2,Provo_ID12,2,1079503,1259090,1,applied_drift,1741734740118,-22.115808725357056,-25
1,1,block_2,2,Provo_ID12,2,1079503,1259090,1,applied_drift,1741734740138,-22.115808725357056,-25
1,1,block_2,2,Provo_ID12,2,1079503,1259090,1,applied_drift,1741734740173,-22.115808725357056,-25
1,1,block_2,2,Provo_ID12,2,1079503,1259090,1,applied_drift,1741734740197,-22.115808725357056,-25
1,1,block_2,2,Provo_ID12,2,1079503,1259090,1,applied_drift,1741734740241,-22.115808725357056,-25
1,1,block_2,2,Provo_ID12,2,1079503,1259090,1,applied_drift,1741734740275,-22.115808725357056,-25
1,1,block_2,2,Provo_ID12,2,1079503,1259090,1,applied_drift,1741734740306,-22.115808725357056,-25
1,1,block_2,2,Provo_ID12,2,1079503,1259090,1,applied_drift,1741734740345,-22.115808725357056,-25
1,1,block_2,2,Provo_ID12,2,1079503,1259090,1,applied_drift,1741734740367,-22.115808725357056,-25
1,1,block_2,2,Provo_ID12,2,1079503,1259090,1,applied_drift,1741734740403,-22.115808725357056,-25
1,1,block_2,2,Provo_ID12,2,1079503,1259090,1,applied_drift,1741734740448,-22.115808725357056,-25
1,1,block_2,2,Provo_ID12,2,1079503,1259090,1,applied_drift,1741734740475,-22.115808725357056,-25
1,1,block_2,2,Provo_ID12,2,1079503,1259090,1,applied_drift,1741734740520,-22.115808725357056,-25
1,1,block_2,2,Provo_ID12,2,1079503,1259090,1,applied_drift,1741734740543,-22.115808725357056,-25
1,1,block_2,2,Provo_ID12,2,1079503,1259090,1,applied_drift,1741734740586,-22.115808725357056,-25
1,1,block_2,2,Provo_ID12,2,1079503,1259090,1,applied_drift,1741734740627,-22.115808725357056,-25
1,1,block_2,2,Provo_ID12,2,1079503,1259090,1,applied_drift,1741734740653,-22.115808725357056,-25
1,1,block_2,2,Provo_ID12,2,1079503,1259090,1,applied_drift,1741734740687,-22.115808725357056,-25
1,1,block_2,2,Provo_ID12,2,1079503,1259090,1,applied_drift,1741734740714,-22.115808725357056,-25
1,1,block_2,2,Provo_ID12,2,1079503,1259090,1,applied_drift,1741734740742,-22.115808725357056,-25
1,1,block_2,2,Provo_ID12,2,1079503,1259090,1,applied_drift,1741734740792,-22.115808725357056,-25
1,1,block_2,2,Provo_ID12,2,1079503,1259090,1,applied_drift,1741734740826,-22.115808725357056,-25
1,1,block_2,2,Provo_ID12,2,1079503,1259090,1,applied_drift,1741734740861,-22.115808725357056,-25
1,1,block_2,2,Provo_ID12,2,1079503,1259090,1,applied_drift,1741734740887,-22.115808725357056,-25
1,1,block_2,2,Provo_ID12,2,1079503,1259090,1,applied_drift,1741734740934,-22.115808725357056,-25
1,1,block_2,2,Provo_ID12,2,1079503,1259090,1,applied_drift,1741734740966,-22.115808725357056,-25
1,1,block_2,2,Provo_ID12,2,1079503,1259090,1,applied_drift,1741734740992,-22.115808725357056,-25
1,1,block_2,2,Provo_ID12,2,1079503,1259090,1,applied_drift,1741734741034,-22.115808725357056,-25
1,1,block_2,2,Provo_ID12,2,1079503,1259090,1,applied_drift,1741734741055,-22.115808725357056,-25
1,1,block_2,2,Provo_ID12,2,1079503,1259090,1,applied_drift,1741734741089,-22.115808725357056,-25
1,1,block_2,2,Provo_ID12,2,1079503,1259090,1,applied_drift,1741734741121,-22.115808725357056,-25
1,1,block_2,2,Provo_ID12,2,1079503,1259090,1,applied_drift,1741734741154,-22.115808725357056,-25
1,1,block_2,2,Provo_ID12,2,1079503,1259090,1,applied_drift,1741734741205,-22.115808725357056,-25
1,1,block_2,2,Provo_ID12,2,1079503,1259090,1,applied_drift,1741734741233,-22.115808725357056,-25
1,1,block_2,2,Provo_ID12,2,1079503,1259090,1,applied_drift,1741734741270,-22.115808725357056,-25
1,1,block_2,2,Provo_ID12,2,1079503,1259090,1,applied_drift,1741734741293,-22.115808725357056,-25
1,1,block_2,2,Provo_ID12,2,1079503,1259090,1,applied_drift,1741734741331,-22.115808725357056,-25
1,1,block_2,2,Provo_ID12,2,1079503,1259090,1,applied_drift,1741734741368,-22.115808725357056,-25
1,1,block_2,2,Provo_ID12,2,1079503,1259090,1,applied_drift,1741734741397,-22.115808725357056,-25
1,1,block_2,2,Provo_ID12,2,1079503,1259090,1,applied_drift,1741734741431,-22.115808725357056,-25
1,1,block_2,2,Provo_ID12,2,1079503,1259090,1,applied_drift,1741734741454,-22.115808725357056,-25
1,1,block_2,2,Provo_ID12,2,1079503,1259090,1,applied_drift,1741734741501,-22.115808725357056,-25
1,1,block_2,2,Provo_ID12,2,1079503,1259090,1,applied_drift,1741734741538,-22.115808725357056,-25
1,1,block_2,2,Provo_ID12,2,1079503,1259090,1,applied_drift,1741734741554,-22.115808725357056,-25
1,1,block_2,2,Provo_ID12,2,1079503,1259090,1,error_trial,1741734702219,""
1,1,block_2,2,Provo_ID12,2,1079503,1259090,1,error_trial,1741734727056,75.53371853298611
1,1,block_2,2,Provo_ID12,2,1079503,1259090,1,error_trial_x,1741734702219,""
1,1,block_2,2,Provo_ID12,2,1079503,1259090,1,error_trial_x,1741734727056,48.71396806504991
1,1,block_2,2,Provo_ID12,2,1079503,1259090,1,error_trial_y,1741734702219,""
1,1,block_2,2,Provo_ID12,2,1079503,1259090,1,error_trial_y,1741734727056,47.82484690348307
1,1,block_2,2,Provo_ID12,2,1079503,1259090,1,error_calibration,1741734702219,""
1,1,block_2,2,Provo_ID12,2,1079503,1259090,1,error_calibration,1741734727056,37.97401004367404
1,1,block_2,2,Provo_ID12,2,1079503,1259090,1,error_calibration_x,1741734702219,""
1,1,block_2,2,Provo_ID12,2,1079503,1259090,1,error_calibration_x,1741734727056,29.178551567925346
1,1,block_2,2,Provo_ID12,2,1079503,1259090,1,error_calibration_y,1741734702219,""
1,1,block_2,2,Provo_ID12,2,1079503,1259090,1,error_calibration_y,1741734727056,18.495686848958332
1,1,block_2,2,Provo_ID12,2,1079503,1259090,1,gaze_conf,"",
1,1,block_2,2,Provo_ID7,3,1079503,1259090,1,gaze_data,1741734745071,
1,1,block_2,2,Provo_ID7,3,1079503,1259090,1,gaze_data,1741734769391,322.08271622657776,188.09583634138107,1741734769288,0.9984752060842781
1,1,block_2,2,Provo_ID7,3,1079503,1259090,1,gaze_data,1741734769409,317.18403697013855,193.81101094186306,1741734769362.6,0.9984752060842781
1,1,block_2,2,Provo_ID7,3,1079503,1259090,1,gaze_data,1741734769447,349.772709608078,184.35910940170288,1741734769387.4001,1
1,1,block_2,2,Provo_ID7,3,1079503,1259090,1,gaze_data,1741734769472,315.6947433948517,198.08621928095818,1741734769421.6,1
1,1,block_2,2,Provo_ID7,3,1079503,1259090,1,gaze_data,1741734769514,313.2515847682953,259.2269688844681,1741734769455.4001,1
1,1,block_2,2,Provo_ID7,3,1079503,1259090,1,gaze_data,1741734769548,333.3640396595001,230.31861372292042,1741734769487.9001,1
1,1,block_2,2,Provo_ID7,3,1079503,1259090,1,gaze_data,1741734769607,310.5952560901642,190.95649793744087,1741734769555.8,1
1,1,block_2,2,Provo_ID7,3,1079503,1259090,1,gaze_data,1741734769625,152.032208442688,99.54429268836975,1741734769587.5,1
1,1,block_2,2,Provo_ID7,3,1079503,1259090,1,gaze_data,1741734769659,140.82891941070557,57.722634077072144,1741734769621.9001,1
1,1,block_2,2,Provo_ID7,3,1079503,1259090,1,gaze_data,1741734769707,150.3758192062378,24.001574516296387,1741734769654.5,0.8834663852100699
1,1,block_2,2,Provo_ID7,3,1079503,1259090,1,gaze_data,1741734769731,160.75987815856934,26.818177103996277,1741734769687.6,0.8834663852100699
1,1,block_2,2,Provo_ID7,3,1079503,1259090,1,gaze_data,1741734769771,125.16603469848633,62.080031633377075,1741734769723.6,0.8541243002170584
1,1,block_2,2,Provo_ID7,3,1079503,1259090,1,gaze_data,1741734769791,112.24024295806885,45.692405104637146,1741734769754.9001,0.8541243002170584
1,1,block_2,2,Provo_ID7,3,1079503,1259090,1,gaze_data,1741734769827,95.27053833007812,67.52588450908661,1741734769787.7,1
1,1,block_2,2,Provo_ID7,3,1079503,1259090,1,gaze_data,1741734769883,91.86315536499023,34.75484848022461,1741734769821.3,1
1,1,block_2,2,Provo_ID7,3,1079503,1259090,1,gaze_data,1741734769900,93.50569248199463,39.13587927818298,1741734769854.2,1
1,1,block_2,2,Provo_ID7,3,1079503,1259090,1,gaze_data,1741734769937,84.56087112426758,25.1338392496109,1741734769888.1,1
1,1,block_2,2,Provo_ID7,3,1079503,1259090,1,gaze_data,1741734769967,102.94961929321289,14.478093385696411,1741734769920.8,1
1,1,block_2,2,Provo_ID7,3,1079503,1259090,1,gaze_data,1741734770017,95.66812515258789,39.9438202381134,1741734769968.2,1
1,1,block_2,2,Provo_ID7,3,1079503,1259090,1,gaze_data,1741734770057,120.96774578094482,81.32385313510895,1741734769987.7,1
1,1,block_2,2,Provo_ID7,3,1079503,1259090,1,gaze_data,1741734770079,224.55360889434814,121.99699729681015,1741734770021.2,1
1,1,block_2,2,Provo_ID7,3,1079503,1259090,1,gaze_data,1741734770117,244.54479217529297,117.02139526605606,1741734770053.9001,1
1,1,block_2,2,Provo_ID7,3,1079503,1259090,1,gaze_data,1741734770137,270.0125455856323,110.34309715032578,1741734770087.8,1
1,1,block_2,2,Provo_ID7,3,1079503,1259090,1,gaze_data,1741734770180,293.34235191345215,89.80996012687683,1741734770120.7,1
1,1,block_2,2,Provo_ID7,3,1079503,1259090,1,gaze_data,1741734770224,290.80917835235596,98.42444062232971,1741734770160.3,1
1,1,block_2,2,Provo_ID7,3,1079503,1259090,1,gaze_data,1741734770241,286.21985912323,113.1179615855217,1741734770187.6,1
1,1,block_2,2,Provo_ID7,3,1079503,1259090,1,gaze_data,1741734770282,301.1743485927582,128.58540415763855,1741734770221.1,1
1,1,block_2,2,Provo_ID7,3,1079503,1259090,1,gaze_data,1741734770325,290.2782201766968,94.67727541923523,1741734770254.2,1
1,1,block_2,2,Provo_ID7,3,1079503,1259090,1,gaze_data,1741734770352,296.91290855407715,146.76038026809692,1741734770288,1
1,1,block_2,2,Provo_ID7,3,1079503,1259090,1,gaze_data,1741734770390,271.31221294403076,159.51261520385742,1741734770320.9001,1
1,1,block_2,2,Provo_ID7,3,1079503,1259090,1,gaze_data,1741734770408,273.65407943725586,147.16573655605316,1741734770354.7,1
1,1,block_2,2,Provo_ID7,3,1079503,1259090,1,gaze_data,1741734770443,311.2817943096161,135.22304445505142,1741734770387.3,1
1,1,block_2,2,Provo_ID7,3,1079503,1259090,1,gaze_data,1741734770487,350.85558891296387,126.22924000024796,1741734770420.9001,1
1,1,block_2,2,Provo_ID7,3,1079503,1259090,1,gaze_data,1741734770513,321.95906043052673,142.3397719860077,1741734770454.1,1
1,1,block_2,2,Provo_ID7,3,1079503,1259090,1,gaze_data,1741734770566,243.91701221466064,219.44996798411012,1741734770487.7,0.9014186505197967
1,1,block_2,2,Provo_ID7,3,1079503,1259090,1,gaze_data,1741734770589,199.91068840026855,248.79871904850006,1741734770521.5,0.9014186505197967
1,1,block_2,2,Provo_ID7,3,1079503,1259090,1,gaze_data,1741734770616,172.77510166168213,230.39739802479744,1741734770559,0.9027220268309057
1,1,block_2,2,Provo_ID7,3,1079503,1259090,1,gaze_data,1741734770650,169.02740001678467,228.03492322564125,1741734770587.5,0.9027220268309057
1,1,block_2,2,Provo_ID7,3,1079503,1259090,1,gaze_data,1741734770694,171.65989875793457,231.88038393855095,1741734770622.2,0.8009539896392646
1,1,block_2,2,Provo_ID7,3,1079503,1259090,1,gaze_data,1741734770730,167.96367168426514,197.97563031315804,1741734770654.2,1
1,1,block_2,2,Provo_ID7,3,1079503,1259090,1,gaze_data,1741734770753,303.85454297065735,93.74398589134216,1741734770687.9001,1
1,1,block_2,2,Provo_ID7,3,1079503,1259090,1,gaze_data,1741734770794,371.7822253704071,87.75418102741241,1741734770720.7,1
1,1,block_2,2,Provo_ID7,3,1079503,1259090,1,gaze_data,1741734770814,396.23544812202454,58.092689514160156,1741734770758,1
1,1,block_2,2,Provo_ID7,3,1079503,1259090,1,gaze_data,1741734770860,332.2738766670227,70.57868540287018,1741734770787.2,0.8810899162093726
1,1,block_2,2,Provo_ID7,3,1079503,1259090,1,gaze_data,1741734770895,405.4524540901184,64.94896709918976,1741734770821.3,1
1,1,block_2,2,Provo_ID7,3,1079503,1259090,1,gaze_data,1741734770912,362.9543960094452,64.44235742092133,1741734770854.1,1
1,1,block_2,2,Provo_ID7,3,1079503,1259090,1,gaze_data,1741734770955,373.1292277574539,66.69787168502808,1741734770887.7,1
1,1,block_2,2,Provo_ID7,3,1079503,1259090,1,gaze_data,1741734770989,329.0057182312012,112.23932206630707,1741734770920.8,1
1,1,block_2,2,Provo_ID7,3,1079503,1259090,1,gaze_data,1741734771017,198.05550575256348,235.76664589345455,1741734770954.1,1
1,1,block_2,2,Provo_ID7,3,1079503,1259090,1,gaze_data,1741734771049,162.93394565582275,223.90925642102957,1741734770987.2,0.906368839737564
1,1,block_2,2,Provo_ID7,3,1079503,1259090,1,gaze_data,1741734771079,148.03698062896729,288.22770565748215,1741734771021.7,0.906368839737564
1,1,block_2,2,Provo_ID7,3,1079503,1259090,1,gaze_data,1741734771120,157.15453624725342,220.0147746130824,1741734771054.2,0.9292162061128066
1,1,block_2,2,Provo_ID7,3,1079503,1259090,1,gaze_data,1741734771162,184.44199562072754,216.30299035459757,1741734771087.5,0.9491962921971249
1,1,block_2,2,Provo_ID7,3,1079503,1259090,1,gaze_data,1741734771180,159.27939414978027,236.72926649451256,1741734771121,0.9491962921971249
1,1,block_2,2,Provo_ID7,3,1079503,1259090,1,gaze_data,1741734771215,172.9341983795166,264.85900431871414,1741734771154.1,1
1,1,block_2,2,Provo_ID7,3,1079503,1259090,1,gaze_data,1741734771268,267.79794692993164,232.96480290591717,1741734771187.4001,0.9891669239957146
1,1,block_2,2,Provo_ID7,3,1079503,1259090,1,gaze_data,1741734771292,271.5643644332886,240.08974842727184,1741734771260.1,0.9891669239957146
1,1,block_2,2,Provo_ID7,3,1079503,1259090,1,gaze_data,1741734771340,352.9843807220459,267.3557497560978,1741734771287.4001,1
1,1,block_2,2,Provo_ID7,3,1079503,1259090,1,gaze_data,1741734771374,352.7726650238037,302.119380235672,1741734771320.3,1
1,1,block_2,2,Provo_ID7,3,1079503,1259090,1,gaze_data,1741734771395,362.4906301498413,315.5589759349823,1741734771354,1
1,1,block_2,2,Provo_ID7,3,1079503,1259090,1,gaze_data,1741734771441,323.635596036911,364.7881358861923,1741734771388.2,1
1,1,block_2,2,Provo_ID7,3,1079503,1259090,1,gaze_data,1741734771462,357.61109590530396,336.6701439023018,1741734771420.7,1
1,1,block_2,2,Provo_ID7,3,1079503,1259090,1,gaze_data,1741734771496,356.28089904785156,322.8412702679634,1741734771453.7,1
1,1,block_2,2,Provo_ID7,3,1079503,1259090,1,gaze_data,1741734771544,228.90026569366455,321.8693345785141,1741734771487.2,0.8959976444489275
1,1,block_2,2,Provo_ID7,3,1079503,1259090,1,gaze_data,1741734771561,229.436993598938,366.6694074869156,1741734771520.2,0.8959976444489275
1,1,block_2,2,Provo_ID7,3,1079503,1259090,1,gaze_data,1741734771595,212.62097358703613,351.9444227218628,1741734771554,0.6686466690728403
1,1,block_2,2,Provo_ID7,3,1079503,1259090,1,gaze_data,1741734771665,390.1666849851608,324.3431508541107,1741734771620.6,0.7536640301473043
1,1,block_2,2,Provo_ID7,3,1079503,1259090,1,gaze_data,1741734771707,459.3955099582672,308.34800601005554,1741734771654.3,0.8464920617014171
1,1,block_2,2,Provo_ID7,3,1079503,1259090,1,gaze_data,1741734771723,482.1634769439697,331.58861696720123,1741734771687.2,0.8464920617014171
1,1,block_2,2,Provo_ID7,3,1079503,1259090,1,gaze_data,1741734771772,456.48841857910156,337.80542612075806,1741734771720.2,0.8601207135001636
1,1,block_2,2,Provo_ID7,3,1079503,1259090,1,gaze_data,1741734771806,454.1550040245056,329.238785803318,1741734771753.8,0.8240750060543389
1,1,block_2,2,Provo_ID7,3,1079503,1259090,1,gaze_data,1741734771841,465.77322483062744,329.03937101364136,1741734771803.1,0.8240750060543389
1,1,block_2,2,Provo_ID7,3,1079503,1259090,1,gaze_data,1741734771880,445.8983510732651,320.362551510334,1741734771820.5,0.9512334103564046
1,1,block_2,2,Provo_ID7,3,1079503,1259090,1,gaze_data,1741734771904,470.9660053253174,343.4768080711365,1741734771853.6,0.9512334103564046
1,1,block_2,2,Provo_ID7,3,1079503,1259090,1,gaze_data,1741734771948,468.31796169281006,360.0383162498474,1741734771887.2,0.6225746913880648
1,1,block_2,2,Provo_ID7,3,1079503,1259090,1,gaze_data,1741734771979,457.5246751308441,380.51887452602386,1741734771920.1,0.9425832875957942
1,1,block_2,2,Provo_ID7,3,1079503,1259090,1,gaze_data,1741734772008,485.0939869880676,392.03516244888306,1741734771953.9001,0.9425832875957942
1,1,block_2,2,Provo_ID7,3,1079503,1259090,1,gaze_data,1741734772073,404.22274470329285,363.4495049715042,1741734772022,0.9240602941238767
1,1,block_2,2,Provo_ID7,3,1079503,1259090,1,gaze_data,1741734772097,317.50720143318176,132.79373794794083,1741734772053.4001,0.9240602941238767
1,1,block_2,2,Provo_ID7,3,1079503,1259090,1,gaze_data,1741734772135,262.22028732299805,90.4617965221405,1741734772087.4001,0.8538309996411102
1,1,block_2,2,Provo_ID7,3,1079503,1259090,1,gaze_data,1741734772155,270.8815813064575,97.83769249916077,1741734772120,0.8538309996411102
1,1,block_2,2,Provo_ID7,3,1079503,1259090,1,gaze_data,1741734772198,173.53863716125488,44.42179799079895,1741734772153.9001,0.6574331943376936
1,1,block_2,2,Provo_ID7,3,1079503,1259090,1,gaze_data,1741734772249,171.36752605438232,6.284511089324951,1741734772186.6,0.778629570308603
1,1,block_2,2,Provo_ID7,3,1079503,1259090,1,gaze_data,1741734772277,188.86053562164307,20.247018337249756,1741734772229.8,0.778629570308603
1,1,block_2,2,Provo_ID7,3,1079503,1259090,1,gaze_data,1741734772312,178.17275524139404,25.323933362960815,1741734772253.4001,0.8626209871312693
1,1,block_2,2,Provo_ID7,3,1079503,1259090,1,gaze_data,1741734772338,236.0889196395874,40.507665276527405,1741734772287.4001,0.8626209871312693
1,1,block_2,2,Provo_ID7,3,1079503,1259090,1,gaze_data,1741734772382,330.90915083885193,79.48004305362701,1741734772320,0.861531908027978
1,1,block_2,2,Provo_ID7,3,1079503,1259090,1,gaze_data,1741734772414,434.449177980423,68.92985701560974,1741734772353.6,0.8330477179926277
1,1,block_2,2,Provo_ID7,3,1079503,1259090,1,gaze_data,1741734772465,459.77064967155457,69.81838345527649,1741734772420.5,1
1,1,block_2,2,Provo_ID7,3,1079503,1259090,1,gaze_data,1741734772506,438.8742059469223,68.20622682571411,1741734772453.2,1
1,1,block_2,2,Provo_ID7,3,1079503,1259090,1,gaze_data,1741734772533,466.7779326438904,72.18762338161469,1741734772486.6,1
1,1,block_2,2,Provo_ID7,3,1079503,1259090,1,gaze_data,1741734772566,356.4089775085449,108.96255671977997,1741734772519.9001,1
1,1,block_2,2,Provo_ID7,3,1079503,1259090,1,gaze_data,1741734772592,179.18684482574463,222.28941079229116,1741734772553.6,1
1,1,block_2,2,Provo_ID7,3,1079503,1259090,1,gaze_data,1741734772651,217.02039241790771,219.9635434895754,1741734772593.7,1
1,1,block_2,2,Provo_ID7,3,1079503,1259090,1,gaze_data,1741734772685,200.38673877716064,163.02139535546303,1741734772620.3,0.9450541825717074
1,1,block_2,2,Provo_ID7,3,1079503,1259090,1,gaze_data,1741734772715,189.29927349090576,187.29030564427376,1741734772653.3,0.9450541825717074
1,1,block_2,2,Provo_ID7,3,1079503,1259090,1,gaze_data,1741734772753,198.14040660858154,157.11152404546738,1741734772686.9001,1
1,1,block_2,2,Provo_ID7,3,1079503,1259090,1,gaze_data,1741734772779,200.7166862487793,165.60443714261055,1741734772722.1,1
1,1,block_2,2,Provo_ID7,3,1079503,1259090,1,gaze_data,1741734772811,306.5369427204132,192.30562299489975,1741734772753.5,1
1,1,block_2,2,Provo_ID7,3,1079503,1259090,1,gaze_data,1741734772836,342.12339520454407,182.20437914133072,1741734772786.4001,1
1,1,block_2,2,Provo_ID7,3,1079503,1259090,1,gaze_data,1741734772879,397.9653224349022,181.89991116523743,1741734772825.3,1
1,1,block_2,2,Provo_ID7,3,1079503,1259090,1,gaze_data,1741734772903,402.80434489250183,184.69778299331665,1741734772853.3,1
1,1,block_2,2,Provo_ID7,3,1079503,1259090,1,gaze_data,1741734772946,398.98523837327957,199.07276555895805,1741734772887,1
1,1,block_2,2,Provo_ID7,3,1079503,1259090,1,gaze_data,1741734772980,346.3012158870697,209.74407754838467,1741734772919.8,1
1,1,block_2,2,Provo_ID7,3,1079503,1259090,1,gaze_data,1741734773006,268.1704521179199,288.50479274988174,1741734772953.3,1
1,1,block_2,2,Provo_ID7,3,1079503,1259090,1,gaze_data,1741734773053,233.0427646636963,299.38191026449203,1741734772986.7,1
1,1,block_2,2,Provo_ID7,3,1079503,1259090,1,gaze_data,1741734773073,229.59086894989014,283.46159905195236,1741734773028,1
1,1,block_2,2,Provo_ID7,3,1079503,1259090,1,gaze_data,1741734773114,261.7724657058716,284.8253533244133,1741734773053.2,1
1,1,block_2,2,Provo_ID7,3,1079503,1259090,1,gaze_data,1741734773146,269.89424228668213,283.7649568915367,1741734773086.8,1
1,1,block_2,2,Provo_ID7,3,1079503,1259090,1,gaze_data,1741734773171,256.6326856613159,298.1419175863266,1741734773120,1
1,1,block_2,2,Provo_ID7,3,1079503,1259090,1,gaze_data,1741734773210,253.68645191192627,302.3274526000023,1741734773153.5,0.9858394120533607
1,1,block_2,2,Provo_ID7,3,1079503,1259090,1,gaze_data,1741734773243,246.7012643814087,295.67152857780457,1741734773186.5,1
1,1,block_2,2,Provo_ID7,3,1079503,1259090,1,gaze_data,1741734773280,373.9469915628433,285.128353536129,1741734773219.9001,1
1,1,block_2,2,Provo_ID7,3,1079503,1259090,1,gaze_data,1741734773325,443.15339624881744,320.0913801789284,1741734773286.9001,1
1,1,block_2,2,Provo_ID7,3,1079503,1259090,1,gaze_data,1741734773364,460.5413615703583,332.9705208539963,1741734773319.6,0.755574359450692
1,1,block_2,2,Provo_ID7,3,1079503,1259090,1,gaze_data,1741734773396,449.2289125919342,308.9826166629791,1741734773353.4001,0.6941312623636589
1,1,block_2,2,Provo_ID7,3,1079503,1259090,1,gaze_data,1741734773425,478.96711230278015,318.3672562241554,1741734773386.1,0.6941312623636589
1,1,block_2,2,Provo_ID7,3,1079503,1259090,1,gaze_data,1741734773459,490.69690108299255,302.93494313955307,1741734773420.2,0.8048398251180959
1,1,block_2,2,Provo_ID7,3,1079503,1259090,1,gaze_data,1741734773501,292.9826259613037,315.6110778450966,1741734773453,0.9103231034603319
1,1,block_2,2,Provo_ID7,3,1079503,1259090,1,gaze_data,1741734773560,269.1598176956177,335.98599433898926,1741734773494.7,0.7303496912187417
1,1,block_2,2,Provo_ID7,3,1079503,1259090,1,gaze_data,1741734773576,252.68001556396484,361.4910751581192,1741734773519.7,0.7303496912187417
1,1,block_2,2,Provo_ID7,3,1079503,1259090,1,gaze_data,1741734773609,253.48656177520752,379.90885078907013,1741734773553.3,0.73201623041121
1,1,block_2,2,Provo_ID7,3,1079503,1259090,1,gaze_data,1741734773639,244.5575475692749,398.43270778656006,1741734773586.1,0.73201623041121
1,1,block_2,2,Provo_ID7,3,1079503,1259090,1,gaze_data,1741734773686,249.94096755981445,364.1066908836365,1741734773619.9001,0.9035065830453
1,1,block_2,2,Provo_ID7,3,1079503,1259090,1,gaze_data,1741734773719,212.7962589263916,384.9879711866379,1741734773652.7,0.6971840493334135
1,1,block_2,2,Provo_ID7,3,1079503,1259090,1,gaze_data,1741734773748,309.98430848121643,387.5781059265137,1741734773686.7,0.6971840493334135
1,1,block_2,2,Provo_ID7,3,1079503,1259090,1,gaze_data,1741734773780,342.4479305744171,383.29600393772125,1741734773719.4001,0.7981856973299872
1,1,block_2,2,Provo_ID7,3,1079503,1259090,1,gaze_data,1741734773806,393.4674024581909,367.89942383766174,1741734773754.4001,0.7981856973299872
1,1,block_2,2,Provo_ID7,3,1079503,1259090,1,gaze_data,1741734773844,347.9530096054077,356.5314471721649,1741734773786,0.6173336859872868
1,1,block_2,2,Provo_ID7,3,1079503,1259090,1,gaze_data,1741734773888,372.2719192504883,344.9676841497421,1741734773819.6,0.8223070009292333
1,1,block_2,2,Provo_ID7,3,1079503,1259090,1,gaze_data,1741734773909,384.7118318080902,345.5057352781296,1741734773857.1,0.8223070009292333
1,1,block_2,2,Provo_ID7,3,1079503,1259090,1,gaze_data,1741734773947,369.3660378456116,336.452080309391,1741734773887.1,0.8303138164552591
1,1,block_2,2,Provo_ID7,3,1079503,1259090,1,gaze_data,1741734773970,364.9373173713684,111.84667646884918,1741734773919.6,0.8303138164552591
1,1,block_2,2,Provo_ID7,3,1079503,1259090,1,gaze_data,1741734774008,289.7846460342407,45.32106816768646,1741734773953.2,0.038016943107664035
1,1,block_2,2,Provo_ID7,3,1079503,1259090,1,gaze_data,1741734774047,126.14719867706299,147.4376603960991,1741734773986.3,0
1,1,block_2,2,Provo_ID7,3,1079503,1259090,1,gaze_data,1741734774071,83.18965435028076,205.64487241208553,1741734774019.9001,0
1,1,block_2,2,Provo_ID7,3,1079503,1259090,1,gaze_data,1741734774112,25.003838539123535,181.3106745481491,1741734774052.4001,0
1,1,block_2,2,Provo_ID7,3,1079503,1259090,1,gaze_data,1741734774143,102.18331813812256,113.85858654975891,1741734774086.2,0
1,1,block_2,2,Provo_ID7,3,1079503,1259090,1,gaze_data,1741734774169,127.7972936630249,97.1209317445755,1741734774141.9001,0
1,1,block_2,2,Provo_ID7,3,1079503,1259090,1,gaze_data,1741734774218,159.56377983093262,40.30654430389404,1741734774153.4001,0.5398208914438407
1,1,block_2,2,Provo_ID7,3,1079503,1259090,1,gaze_data,1741734774256,148.1804609298706,17.807847261428833,1741734774186,0.6865501042223306
1,1,block_2,2,Provo_ID7,3,1079503,1259090,1,gaze_data,1741734774284,172.82915115356445,16.74010455608368,1741734774219.6,0.6865501042223306
1,1,block_2,2,Provo_ID7,3,1079503,1259090,1,gaze_data,1741734774317,172.06761837005615,5.637159943580627,1741734774252.3,0.9108490787210881
1,1,block_2,2,Provo_ID7,3,1079503,1259090,1,gaze_data,1741734774335,248.8607406616211,37.728703022003174,1741734774286.1,0.9108490787210881
1,1,block_2,2,Provo_ID7,3,1079503,1259090,1,gaze_data,1741734774380,340.8724367618561,43.495482206344604,1741734774318.8,0.9158903878005176
1,1,block_2,2,Provo_ID7,3,1079503,1259090,1,gaze_data,1741734774416,378.2681852579117,41.958799958229065,1741734774352.5,1
1,1,block_2,2,Provo_ID7,3,1079503,1259090,1,gaze_data,1741734774435,393.16155314445496,40.055087208747864,1741734774385.7,1
1,1,block_2,2,Provo_ID7,3,1079503,1259090,1,gaze_data,1741734774475,410.9308399260044,33.40621888637543,1741734774419.4001,1
1,1,block_2,2,Provo_ID7,3,1079503,1259090,1,gaze_data,1741734774516,422.1213161945343,37.768757343292236,1741734774452.3,1
1,1,block_2,2,Provo_ID7,3,1079503,1259090,1,gaze_data,1741734774567,272.00355529785156,154.3634444475174,1741734774518.9001,1
1,1,block_2,2,Provo_ID7,3,1079503,1259090,1,gaze_data,1741734774590,250.89526176452637,183.66894721984863,1741734774552.4001,1
1,1,block_2,2,Provo_ID7,3,1079503,1259090,1,gaze_data,1741734774633,261.6905212402344,186.07934787869453,1741734774585.6,1
1,1,block_2,2,Provo_ID7,3,1079503,1259090,1,gaze_data,1741734774680,235.41159629821777,147.22648113965988,1741734774619.3,1
1,1,block_2,2,Provo_ID7,3,1079503,1259090,1,gaze_data,1741734774722,212.03784942626953,144.79804635047913,1741734774667.3,0.9573376035026904
1,1,block_2,2,Provo_ID7,3,1079503,1259090,1,gaze_data,1741734774748,233.47222805023193,160.80906093120575,1741734774686.6,0.9573376035026904
1,1,block_2,2,Provo_ID7,3,1079503,1259090,1,gaze_data,1741734774780,187.28773593902588,175.6632536649704,1741734774718.8,1
1,1,block_2,2,Provo_ID7,3,1079503,1259090,1,gaze_data,1741734774803,145.38850784301758,295.94551622867584,1741734774752.5,1
1,1,block_2,2,Provo_ID7,3,1079503,1259090,1,gaze_data,1741734774846,194.00925636291504,290.72968512773514,1741734774785.4001,1
1,1,block_2,2,Provo_ID7,3,1079503,1259090,1,gaze_data,1741734774873,167.55750179290771,267.0635752379894,1741734774819.2,0.9235361832276991
1,1,block_2,2,Provo_ID7,3,1079503,1259090,1,gaze_data,1741734774920,155.89354038238525,288.7631490826607,1741734774869,0.9235361832276991
1,1,block_2,2,Provo_ID7,3,1079503,1259090,1,gaze_data,1741734774955,208.25331211090088,289.43387269973755,1741734774886,1
1,1,block_2,2,Provo_ID7,3,1079503,1259090,1,gaze_data,1741734774972,196.828293800354,279.3237030506134,1741734774918.9001,1
1,1,block_2,2,Provo_ID7,3,1079503,1259090,1,gaze_data,1741734775014,208.81505012512207,258.616591244936,1741734774952.3,0.9046901906874214
1,1,block_2,2,Provo_ID7,3,1079503,1259090,1,gaze_data,1741734775063,274.27260875701904,323.07853400707245,1741734774985.8,0.9276465525762561
1,1,block_2,2,Provo_ID7,3,1079503,1259090,1,gaze_data,1741734775093,334.4626545906067,332.77054727077484,1741734775025.8,0.9276465525762561
1,1,block_2,2,Provo_ID7,3,1079503,1259090,1,gaze_data,1741734775130,313.58601450920105,323.6943170428276,1741734775052.5,0.7822062566616007
1,1,block_2,2,Provo_ID7,3,1079503,1259090,1,gaze_data,1741734775146,337.65121698379517,326.1294573545456,1741734775085.9001,0.7822062566616007
1,1,block_2,2,Provo_ID7,3,1079503,1259090,1,gaze_data,1741734775179,341.94432497024536,307.32440799474716,1741734775118.7,0.7832385912459889
1,1,block_2,2,Provo_ID7,3,1079503,1259090,1,gaze_data,1741734775225,353.3048093318939,333.0661714076996,1741734775152.5,0.9585196188912851
1,1,block_2,2,Provo_ID7,3,1079503,1259090,1,gaze_data,1741734775251,351.58851146698,345.83010375499725,1741734775187.1,0.9585196188912851
1,1,block_2,2,Provo_ID7,3,1079503,1259090,1,gaze_data,1741734775273,372.2434252500534,324.3169769644737,1741734775220.5,0.9585196188912851
1,1,block_2,2,Provo_ID7,3,1079503,1259090,1,gaze_data,1741734775322,399.27659034729004,161.93526089191437,1741734775259.6,0.9902412062463783
1,1,block_2,2,Provo_ID7,3,1079503,1259090,1,gaze_data,1741734775362,348.5437333583832,113.95989209413528,1741734775286.1,1
1,1,block_2,2,Provo_ID7,3,1079503,1259090,1,gaze_data,1741734775388,353.25523018836975,92.62753129005432,1741734775319.4001,1
1,1,block_2,2,Provo_ID7,3,1079503,1259090,1,gaze_data,1741734775427,259.29245948791504,34.996336698532104,1741734775352.2,0.6425330070662589
1,1,block_2,2,Provo_ID7,3,1079503,1259090,1,gaze_data,1741734775444,248.81150722503662,45.21801173686981,1741734775385.4001,0.6425330070662589
1,1,block_2,2,Provo_ID7,3,1079503,1259090,1,gaze_data,1741734775486,257.66518115997314,44.97615098953247,1741734775418.9001,0.9241681555944083
1,1,block_2,2,Provo_ID7,3,1079503,1259090,1,gaze_data,1741734775531,278.8193702697754,51.15205645561218,1741734775452.2,0.8856909094572218
1,1,block_2,2,Provo_ID7,3,1079503,1259090,1,gaze_data,1741734775554,270.4249382019043,74.82506930828094,1741734775486,0.8856909094572218
1,1,block_2,2,Provo_ID7,3,1079503,1259090,1,gaze_data,1741734775587,279.61437702178955,43.28208267688751,1741734775523.6,1
1,1,block_2,2,Provo_ID7,3,1079503,1259090,1,gaze_data,1741734775610,333.44889283180237,77.40867733955383,1741734775552.4001,1
1,1,block_2,2,Provo_ID7,3,1079503,1259090,1,gaze_data,1741734775654,371.5719938278198,95.90317904949188,1741734775585.6,1
1,1,block_2,2,Provo_ID7,3,1079503,1259090,1,gaze_data,1741734775691,385.5441838502884,105.85761666297913,1741734775619.4001,1
1,1,block_2,2,Provo_ID7,3,1079503,1259090,1,gaze_data,1741734775716,405.2047699689865,106.23399764299393,1741734775651.7,1
1,1,block_2,2,Provo_ID7,3,1079503,1259090,1,gaze_data,1741734775752,359.38788056373596,97.51555919647217,1741734775686.8,1
1,1,block_2,2,Provo_ID7,3,1079503,1259090,1,gaze_data,1741734775794,396.7218518257141,125.06449073553085,1741734775718.9001,1
1,1,block_2,2,Provo_ID7,3,1079503,1259090,1,gaze_data,1741734775821,471.61039113998413,141.31656140089035,1741734775753.2,1
1,1,block_2,2,Provo_ID7,3,1079503,1259090,1,gaze_data,1741734775856,544.0793514251709,166.82467088103294,1741734775787.3,1
1,1,block_2,2,Provo_ID7,3,1079503,1259090,1,gaze_data,1741734775886,570.4780101776123,169.66836005449295,1741734775820,1
1,1,block_2,2,Provo_ID7,3,1079503,1259090,1,gaze_data,1741734775917,535.5736494064331,146.159990131855,1741734775857.3,0.9917845145101114
1,1,block_2,2,Provo_ID7,3,1079503,1259090,1,gaze_data,1741734775953,536.2357378005981,137.12531924247742,1741734775885.5,0.8547704397985352
1,1,block_2,2,Provo_ID7,3,1079503,1259090,1,gaze_data,1741734775987,552.6674032211304,131.8882167339325,1741734775919.9001,0.8547704397985352
1,1,block_2,2,Provo_ID7,3,1079503,1259090,1,gaze_data,1741734776028,620.9014415740967,66.22616052627563,1741734775952.2,0.9404460948542357
1,1,block_2,2,Provo_ID7,3,1079503,1259090,1,gaze_data,1741734776046,633.1411838531494,68.99980306625366,1741734775985.4001,0.9404460948542357
1,1,block_2,2,Provo_ID7,3,1079503,1259090,1,gaze_data,1741734776077,565.6109094619751,73.90925884246826,1741734776018.5,1
1,1,block_2,2,Provo_ID7,3,1079503,1259090,1,gaze_data,1741734776126,564.5456314086914,56.24682307243347,1741734776065,0.9287452040474857
1,1,block_2,2,Provo_ID7,3,1079503,1259090,1,gaze_data,1741734776157,559.6388339996338,64.26033973693848,1741734776087.3,0.9287452040474857
1,1,block_2,2,Provo_ID7,3,1079503,1259090,1,gaze_data,1741734776195,366.3102984428406,127.34006196260452,1741734776119.5,0.8957140926014526
1,1,block_2,2,Provo_ID7,3,1079503,1259090,1,gaze_data,1741734776222,290.7024621963501,106.383515894413,1741734776153,0.8957140926014526
1,1,block_2,2,Provo_ID7,3,1079503,1259090,1,gaze_data,1741734776256,269.9110507965088,105.5818110704422,1741734776185,1
1,1,block_2,2,Provo_ID7,3,1079503,1259090,1,gaze_data,1741734776273,247.60205745697021,108.21680575609207,1741734776218.7,1
1,1,block_2,2,Provo_ID7,3,1079503,1259090,1,gaze_data,1741734776313,241.52987003326416,84.9725216627121,1741734776257.9001,0.7672682104464776
1,1,block_2,2,Provo_ID7,3,1079503,1259090,1,gaze_data,1741734776362,257.2273015975952,79.76057231426239,1741734776285.5,0.9883550111130202
1,1,block_2,2,Provo_ID7,3,1079503,1259090,1,gaze_data,1741734776381,247.77929782867432,89.99594151973724,1741734776319.1,0.9883550111130202
1,1,block_2,2,Provo_ID7,3,1079503,1259090,1,gaze_data,1741734776417,253.1139612197876,95.47000229358673,1741734776352,1
1,1,block_2,2,Provo_ID7,3,1079503,1259090,1,gaze_data,1741734776443,268.4075593948364,72.85327315330505,1741734776384.9001,1
1,1,block_2,2,Provo_ID7,3,1079503,1259090,1,gaze_data,1741734776485,240.55325984954834,92.07822978496552,1741734776418.8,1
1,1,block_2,2,Provo_ID7,3,1079503,1259090,1,gaze_data,1741734776522,269.63837146759033,148.15276712179184,1741734776451.5,0.9471904430419418
1,1,block_2,2,Provo_ID7,3,1079503,1259090,1,gaze_data,1741734776542,279.89981174468994,75.41917860507965,1741734776486.6,0.9471904430419418
1,1,block_2,2,Provo_ID7,3,1079503,1259090,1,gaze_data,1741734776586,361.44829988479614,90.3324842453003,1741734776518.2,0.573688859735262
1,1,block_2,2,Provo_ID7,3,1079503,1259090,1,gaze_data,1741734776623,132.8803300857544,275.1142740249634,1741734776552.1,0
1,1,block_2,2,Provo_ID7,3,1079503,1259090,1,gaze_data,1741734776652,150.7279396057129,324.2380455136299,1741734776585.1,0
1,1,block_2,2,Provo_ID7,3,1079503,1259090,1,gaze_data,1741734776690,131.81917667388916,403.13126742839813,1741734776618.3,0
1,1,block_2,2,Provo_ID7,3,1079503,1259090,1,gaze_data,1741734776712,177.90663242340088,321.50736302137375,1741734776651.6,0
1,1,block_2,2,Provo_ID7,3,1079503,1259090,1,gaze_data,1741734776752,267.0233726501465,186.63490042090416,1741734776685,0
1,1,block_2,2,Provo_ID7,3,1079503,1259090,1,gaze_data,1741734776789,273.5497713088989,184.5162309706211,1741734776718.4001,0.44002178727411023
1,1,block_2,2,Provo_ID7,3,1079503,1259090,1,gaze_data,1741734776821,239.97015953063965,189.21535313129425,1741734776752.2,0.44002178727411023
1,1,block_2,2,Provo_ID7,3,1079503,1259090,1,gaze_data,1741734776851,246.16093635559082,204.2071245610714,1741734776784.7,0.6671038244271386
1,1,block_2,2,Provo_ID7,3,1079503,1259090,1,gaze_data,1741734776872,262.693190574646,208.99542272090912,1741734776818.5,0.6671038244271386
1,1,block_2,2,Provo_ID7,3,1079503,1259090,1,gaze_data,1741734776921,258.0820322036743,220.74639927595854,1741734776852,0.7028458448170889
1,1,block_2,2,Provo_ID7,3,1079503,1259090,1,gaze_data,1741734776954,217.26877689361572,245.70327475667,1741734776885,0.7318555783480851
1,1,block_2,2,Provo_ID7,3,1079503,1259090,1,gaze_data,1741734776975,224.92856979370117,265.5566021800041,1741734776918,0.7318555783480851
1,1,block_2,2,Provo_ID7,3,1079503,1259090,1,gaze_data,1741734777022,204.78997230529785,248.08807522058487,1741734776951.6,0.7587625455742927
1,1,block_2,2,Provo_ID7,3,1079503,1259090,1,gaze_data,1741734777067,205.71520328521729,252.2858329117298,1741734776984.5,0.7212019885467205
1,1,block_2,2,Provo_ID7,3,1079503,1259090,1,gaze_data,1741734777091,199.0764856338501,263.63584622740746,1741734777019,0.7212019885467205
1,1,block_2,2,Provo_ID7,3,1079503,1259090,1,gaze_data,1741734777126,338.5367155075073,179.01978120207787,1741734777051.5,0.637333953950164
1,1,block_2,2,Provo_ID7,3,1079503,1259090,1,gaze_data,1741734777145,344.35210824012756,150.92284828424454,1741734777084.9001,0.637333953950164
1,1,block_2,2,Provo_ID7,3,1079503,1259090,1,gaze_data,1741734777187,492.1503245830536,133.280648291111,1741734777117.7,0.6549283853221531
1,1,block_2,2,Provo_ID7,3,1079503,1259090,1,gaze_data,1741734777228,435.54556369781494,124.62080121040344,1741734777151.8,0.8027279727565585
1,1,block_2,2,Provo_ID7,3,1079503,1259090,1,gaze_data,1741734777256,469.73356008529663,136.77524626255035,1741734777185.2,0.8027279727565585
1,1,block_2,2,Provo_ID7,3,1079503,1259090,1,gaze_data,1741734777282,475.7065713405609,144.60103809833527,1741734777218.7,0.8027279727565585
1,1,block_2,2,Provo_ID7,3,1079503,1259090,1,gaze_data,1741734777322,478.2450020313263,176.58584043383598,1741734777251.5,0.7770480329322822
1,1,block_2,2,Provo_ID7,3,1079503,1259090,1,gaze_data,1741734777357,490.014123916626,171.0829682648182,1741734777285.1,1
1,1,block_2,2,Provo_ID7,3,1079503,1259090,1,gaze_data,1741734777376,470.67856788635254,174.83996078372002,1741734777318.2,1
1,1,block_2,2,Provo_ID7,3,1079503,1259090,1,gaze_data,1741734777415,308.09157490730286,234.83574613928795,1741734777351.4001,0.907840360824852
1,1,block_2,2,Provo_ID7,3,1079503,1259090,1,gaze_data,1741734777461,261.0903024673462,209.62276998907328,1741734777384.9001,0.7591626398022929
1,1,block_2,2,Provo_ID7,3,1079503,1259090,1,gaze_data,1741734777481,223.0130434036255,186.92964538931847,1741734777418.2,0.7591626398022929
1,1,block_2,2,Provo_ID7,3,1079503,1259090,1,gaze_data,1741734777514,222.36640453338623,175.16921311616898,1741734777451.3,0.916722682009442
1,1,block_2,2,Provo_ID7,3,1079503,1259090,1,gaze_data,1741734777557,204.84366416931152,207.65516199171543,1741734777484.8,0.9125238361990093
1,1,block_2,2,Provo_ID7,3,1079503,1259090,1,gaze_data,1741734777583,214.60986137390137,169.1734366118908,1741734777517.8,0.9125238361990093
1,1,block_2,2,Provo_ID7,3,1079503,1259090,1,gaze_data,1741734777631,244.2958116531372,201.58842243254185,1741734777552,0.9418447611221379
1,1,block_2,2,Provo_ID7,3,1079503,1259090,1,gaze_data,1741734777659,414.12724256515503,188.730089366436,1741734777586.1,0.9418447611221379
1,1,block_2,2,Provo_ID7,3,1079503,1259090,1,gaze_data,1741734777700,374.42289888858795,164.3335022032261,1741734777618,1
1,1,block_2,2,Provo_ID7,3,1079503,1259090,1,gaze_data,1741734777721,446.87198996543884,166.6785016655922,1741734777684.8,1
1,1,block_2,2,Provo_ID7,3,1079503,1259090,1,gaze_data,1741734777765,442.59510338306427,144.35940086841583,1741734777717.7,0.9837839049952604
1,1,block_2,2,Provo_ID7,3,1079503,1259090,1,gaze_data,1741734777803,470.75430154800415,141.50806367397308,1741734777751.2,1
1,1,block_2,2,Provo_ID7,3,1079503,1259090,1,gaze_data,1741734777824,450.8213400840759,138.0018651485443,1741734777784.4001,1
1,1,block_2,2,Provo_ID7,3,1079503,1259090,1,gaze_data,1741734777867,468.3665990829468,125.22587776184082,1741734777818,0.9939651488346812
1,1,block_2,2,Provo_ID7,3,1079503,1259090,1,gaze_data,1741734777904,460.01731157302856,126.8651694059372,1741734777850.9001,0.9890891194679239
1,1,block_2,2,Provo_ID7,3,1079503,1259090,1,gaze_data,1741734777955,434.79864597320557,155.6974858045578,1741734777895.7,1
1,1,block_2,2,Provo_ID7,3,1079503,1259090,1,gaze_data,1741734777971,401.3220891356468,183.73209834098816,1741734777917.7,1
1,1,block_2,2,Provo_ID7,3,1079503,1259090,1,gaze_data,1741734778013,454.3645739555359,182.5188383460045,1741734777951.2,1
1,1,block_2,2,Provo_ID7,3,1079503,1259090,1,gaze_data,1741734778048,461.5734100341797,181.19052648544312,1741734777984.2,1
1,1,block_2,2,Provo_ID7,3,1079503,1259090,1,gaze_data,1741734778075,405.8925285935402,180.73199912905693,1741734778017.9001,1
1,1,block_2,2,Provo_ID7,3,1079503,1259090,1,gaze_data,1741734778113,399.56810772418976,194.6042276918888,1741734778051.1,1
1,1,block_2,2,Provo_ID7,3,1079503,1259090,1,gaze_data,1741734778151,340.7884120941162,314.029923081398,1741734778098.2,1
1,1,block_2,2,Provo_ID7,3,1079503,1259090,1,gaze_data,1741734778180,322.1642196178436,323.97832572460175,1741734778117.7,1
1,1,block_2,2,Provo_ID7,3,1079503,1259090,1,gaze_data,1741734778219,303.32358479499817,306.7539021372795,1741734778152.3,1
1,1,block_2,2,Provo_ID7,3,1079503,1259090,1,gaze_data,1741734778246,293.1412935256958,292.4757733941078,1741734778184.6,1
1,1,block_2,2,Provo_ID7,3,1079503,1259090,1,gaze_data,1741734778287,265.1445150375366,264.67179730534554,1741734778217.7,0.9044720106639755
1,1,block_2,2,Provo_ID7,3,1079503,1259090,1,gaze_data,1741734778314,255.33199310302734,293.82839649915695,1741734778259.8,0.9044720106639755
1,1,block_2,2,Provo_ID7,3,1079503,1259090,1,gaze_data,1741734778346,266.28241539001465,310.9570950269699,1741734778288,0.9690623590209086
1,1,block_2,2,Provo_ID7,3,1079503,1259090,1,gaze_data,1741734778371,393.15083026885986,339.67763781547546,1741734778317.7,0.9690623590209086
1,1,block_2,2,Provo_ID7,3,1079503,1259090,1,gaze_data,1741734778409,477.04252004623413,310.42636036872864,1741734778351.2,0.8971796918378279
1,1,block_2,2,Provo_ID7,3,1079503,1259090,1,gaze_data,1741734778443,456.30823373794556,333.32981020212173,1741734778384.1,0.7682648072687526
1,1,block_2,2,Provo_ID7,3,1079503,1259090,1,gaze_data,1741734778486,459.17437076568604,334.5888614654541,1741734778440.7,0.9143292147907389
1,1,block_2,2,Provo_ID7,3,1079503,1259090,1,gaze_data,1741734778513,477.9827117919922,321.42380475997925,1741734778451.4001,0.9143292147907389
1,1,block_2,2,Provo_ID7,3,1079503,1259090,1,gaze_data,1741734778559,463.3729577064514,303.55648547410965,1741734778484.2,0.771108552754753
1,1,block_2,2,Provo_ID7,3,1079503,1259090,1,gaze_data,1741734778587,483.55274200439453,329.80885207653046,1741734778517.9001,0.771108552754753
1,1,block_2,2,Provo_ID7,3,1079503,1259090,1,gaze_data,1741734778633,335.62373518943787,348.78785014152527,1741734778554.1,0.7569531016041898
1,1,block_2,2,Provo_ID7,3,1079503,1259090,1,gaze_data,1741734778664,238.19749355316162,346.06744945049286,1741734778585.1,0.7569531016041898
1,1,block_2,2,Provo_ID7,3,1079503,1259090,1,gaze_data,1741734778694,220.4601526260376,333.3107814192772,1741734778617.6,0.6339065928451625
1,1,block_2,2,Provo_ID7,3,1079503,1259090,1,gaze_data,1741734778714,195.71025371551514,350.4483312368393,1741734778650.5,0.6339065928451625
1,1,block_2,2,Provo_ID7,3,1079503,1259090,1,gaze_data,1741734778757,170.0573205947876,352.5002062320709,1741734778683.9001,0.754136844429638
1,1,block_2,2,Provo_ID7,3,1079503,1259090,1,gaze_data,1741734778795,179.98905181884766,333.9750602841377,1741734778717.2,0.7567081890177396
1,1,block_2,2,Provo_ID7,3,1079503,1259090,1,gaze_data,1741734778831,160.98191738128662,347.6735860109329,1741734778751,0.7567081890177396
1,1,block_2,2,Provo_ID7,3,1079503,1259090,1,gaze_data,1741734778868,232.9984188079834,362.16064393520355,1741734778786.3,0.6231726936885198
1,1,block_2,2,Provo_ID7,3,1079503,1259090,1,gaze_data,1741734778889,421.67895436286926,371.29606902599335,1741734778817.8,0.6231726936885198
1,1,block_2,2,Provo_ID7,3,1079503,1259090,1,gaze_data,1741734778922,414.71087485551834,360.5549395084381,1741734778850.6,0.6049810103174992
1,1,block_2,2,Provo_ID7,3,1079503,1259090,1,gaze_data,1741734778947,426.50412023067474,356.0938745737076,1741734778884.3,0.6049810103174992
1,1,block_2,2,Provo_ID7,3,1079503,1259090,1,gaze_data,1741734778985,399.3478626012802,338.51265013217926,1741734778917.1,0.5125299257812155
1,1,block_2,2,Provo_ID7,3,1079503,1259090,1,gaze_data,1741734779018,356.9226145744324,368.7864601612091,1741734778950.8,0.6172435607307243
1,1,block_2,2,Provo_ID7,3,1079503,1259090,1,gaze_data,1741734779064,364.15708661079407,307.13941007852554,1741734778983.7,0.9296517823088748
1,1,block_2,2,Provo_ID7,3,1079503,1259090,1,gaze_data,1741734779096,385.0925087928772,266.66581109166145,1741734779020,0.9296517823088748
1,1,block_2,2,Provo_ID7,3,1079503,1259090,1,gaze_data,1741734779132,372.5430637598038,228.34740057587624,1741734779051.7,0.8656557166250254
1,1,block_2,2,Provo_ID7,3,1079503,1259090,1,gaze_data,1741734779159,357.3405921459198,241.61614514887333,1741734779084.4001,0.8656557166250254
1,1,block_2,2,Provo_ID7,3,1079503,1259090,1,gaze_data,1741734779190,403.7231370806694,233.79628024995327,1741734779117.1,0.7492683454531476
1,1,block_2,2,Provo_ID7,3,1079503,1259090,1,gaze_data,1741734779213,412.356249243021,251.7169624567032,1741734779150.8,0.7492683454531476
1,1,block_2,2,Provo_ID7,3,1079503,1259090,1,gaze_data,1741734779262,386.60701513290405,240.71138389408588,1741734779183.5,0.9508715577195934
1,1,block_2,2,Provo_ID7,3,1079503,1259090,1,gaze_data,1741734779302,425.1992166042328,153.13622951507568,1741734779225.3,0.9879790902870305
1,1,block_2,2,Provo_ID7,3,1079503,1259090,1,gaze_data,1741734779319,395.53355276584625,154.630845785141,1741734779250.7,0.9879790902870305
1,1,block_2,2,Provo_ID7,3,1079503,1259090,1,gaze_data,1741734779362,387.3601019382477,140.6409427523613,1741734779284.3,0.9194454066909321
1,1,block_2,2,Provo_ID7,3,1079503,1259090,1,gaze_data,1741734779385,393.8357174396515,125.57496726512909,1741734779317.1,0.9194454066909321
1,1,block_2,2,Provo_ID7,3,1079503,1259090,1,gaze_data,1741734779420,371.08840346336365,139.3873155117035,1741734779350.6,1
1,1,block_2,2,Provo_ID7,3,1079503,1259090,1,gaze_data,1741734779465,341.1249816417694,154.6967312693596,1741734779383.6,0.9555090639432002
1,1,block_2,2,Provo_ID7,3,1079503,1259090,1,gaze_data,1741734779493,378.2886892557144,248.32709357142448,1741734779417.4001,0.9555090639432002
1,1,block_2,2,Provo_ID7,3,1079503,1259090,1,gaze_data,1741734779529,505.94050884246826,272.0919907093048,1741734779452.5,0.9894033164712797
1,1,block_2,2,Provo_ID7,3,1079503,1259090,1,gaze_data,1741734779548,507.9190969467163,271.9169691205025,1741734779484.1,0.9894033164712797
1,1,block_2,2,Provo_ID7,3,1079503,1259090,1,gaze_data,1741734779595,397.9751408100128,380.00566363334656,1741734779516.8,0.4671822937661265
1,1,block_2,2,Provo_ID7,3,1079503,1259090,1,gaze_data,1741734779632,359.01381969451904,382.5591713190079,1741734779550.5,0.4103622221756224
1,1,block_2,2,Provo_ID7,3,1079503,1259090,1,gaze_data,1741734779657,368.3435797691345,358.14227759838104,1741734779583.9001,0.4103622221756224
1,1,block_2,2,Provo_ID7,3,1079503,1259090,1,gaze_data,1741734779694,359.77885723114014,371.73030376434326,1741734779617,0.5656210186205296
1,1,block_2,2,Provo_ID7,3,1079503,1259090,1,gaze_data,1741734779725,356.22358322143555,369.4080322980881,1741734779661.2,0.5656210186205296
1,1,block_2,2,Provo_ID7,3,1079503,1259090,1,gaze_data,1741734779766,380.14418482780457,349.2261379957199,1741734779683.8,0.7708920622486244
1,1,block_2,2,Provo_ID7,3,1079503,1259090,1,gaze_data,1741734779794,459.009051322937,352.47669219970703,1741734779718.5,0.7708920622486244
1,1,block_2,2,Provo_ID7,3,1079503,1259090,1,gaze_data,1741734779832,470.94346284866333,340.010142326355,1741734779750.3,0.9998944719035374
1,1,block_2,2,Provo_ID7,3,1079503,1259090,1,gaze_data,1741734779852,461.5687608718872,351.1821389198303,1741734779785.4001,0.9998944719035374
1,1,block_2,2,Provo_ID7,3,1079503,1259090,1,gaze_data,1741734779891,496.27795219421387,366.8074816465378,1741734779817,0.9398005457416643
1,1,block_2,2,Provo_ID7,3,1079503,1259090,1,gaze_data,1741734779914,457.4723720550537,350.99530816078186,1741734779876.7,0.9398005457416643
1,1,block_2,2,Provo_ID7,3,1079503,1259090,1,gaze_data,1741734779955,211.07544898986816,150.20668357610703,1741734779885,0.8504676877024502
1,1,block_2,2,Provo_ID7,3,1079503,1259090,1,gaze_data,1741734779988,230.0029993057251,79.55542802810669,1741734779916.8,0.915988202514007
1,1,block_2,2,Provo_ID7,3,1079503,1259090,1,gaze_data,1741734780013,228.0862808227539,78.11129689216614,1741734779950.4001,0.915988202514007
1,1,block_2,2,Provo_ID7,3,1079503,1259090,1,gaze_data,1741734780060,222.19784259796143,25.79270899295807,1741734779983.3,0.7172094989418576
1,1,block_2,2,Provo_ID7,3,1079503,1259090,1,gaze_data,1741734780105,209.79726314544678,12.12986409664154,1741734780017.2,0.9186571627754714
1,1,block_2,2,Provo_ID7,3,1079503,1259090,1,gaze_data,1741734780127,216.45402908325195,25.67121982574463,1741734780088.1,0.9186571627754714
1,1,block_2,2,Provo_ID7,3,1079503,1259090,1,gaze_data,1741734780166,217.91179180145264,49.233829975128174,1741734780116.9001,0.9852068537393897
1,1,block_2,2,Provo_ID7,3,1079503,1259090,1,gaze_data,1741734780190,209.11290645599365,64.7621214389801,1741734780150.8,0.9852068537393897
1,1,block_2,2,Provo_ID7,3,1079503,1259090,1,gaze_data,1741734780230,326.8367350101471,68.046173453331,1741734780183.4001,0.7715490264787954
1,1,block_2,2,Provo_ID7,3,1079503,1259090,1,gaze_data,1741734780271,333.4241211414337,29.386749863624573,1741734780216.9001,0.7800729791181906
1,1,block_2,2,Provo_ID7,3,1079503,1259090,1,gaze_data,1741734780290,350.51493644714355,37.227293848991394,1741734780250,0.7800729791181906
1,1,block_2,2,Provo_ID7,3,1079503,1259090,1,gaze_data,1741734780332,405.2887663245201,64.65928852558136,1741734780284.3,1
1,1,block_2,2,Provo_ID7,3,1079503,1259090,1,gaze_data,1741734780357,402.571165561676,64.22295272350311,1741734780316.7,1
1,1,block_2,2,Provo_ID7,3,1079503,1259090,1,gaze_data,1741734780405,390.39154052734375,67.84591674804688,1741734780350.7,1
1,1,block_2,2,Provo_ID7,3,1079503,1259090,1,gaze_data,1741734780435,390.307080745697,57.329586148262024,1741734780392.9001,1
1,1,block_2,2,Provo_ID7,3,1079503,1259090,1,gaze_data,1741734780483,399.0886628627777,68.45851838588715,1741734780417,1
1,1,block_2,2,Provo_ID7,3,1079503,1259090,1,gaze_data,1741734780520,423.9593505859375,65.60700237751007,1741734780450.8,1
1,1,block_2,2,Provo_ID7,3,1079503,1259090,1,gaze_data,1741734780575,398.4461024403572,47.58176803588867,1741734780483.7,1
1,1,block_2,2,Provo_ID7,3,1079503,1259090,1,gaze_data,1741734780595,444.91676688194275,75.30204057693481,1741734780541.5,1
1,1,block_2,2,Provo_ID7,3,1079503,1259090,1,gaze_data,1741734780635,436.5501940250397,98.93993139266968,1741734780585,1
1,1,block_2,2,Provo_ID7,3,1079503,1259090,1,gaze_data,1741734780661,437.63009309768677,80.90413212776184,1741734780616.9001,1
1,1,block_2,2,Provo_ID7,3,1079503,1259090,1,gaze_data,1741734780712,417.94500201940536,74.13277626037598,1741734780649.7,1
1,1,block_2,2,Provo_ID7,3,1079503,1259090,1,gaze_data,1741734780730,406.4349502325058,58.569347858428955,1741734780683.5,1
1,1,block_2,2,Provo_ID7,3,1079503,1259090,1,gaze_data,1741734780770,403.37332785129547,43.99842619895935,1741734780716.3,1
1,1,block_2,2,Provo_ID7,3,1079503,1259090,1,gaze_data,1741734780805,391.11526012420654,52.50026881694794,1741734780749.6,1
1,1,block_2,2,Provo_ID7,3,1079503,1259090,1,gaze_data,1741734780825,379.2182683944702,48.089599609375,1741734780783.1,1
1,1,block_2,2,Provo_ID7,3,1079503,1259090,1,gaze_data,1741734780861,236.36434078216553,72.28479385375977,1741734780817.1,1
1,1,block_2,2,Provo_ID7,3,1079503,1259090,1,gaze_data,1741734780916,210.4337453842163,74.43675994873047,1741734780856.6,0.9923995093941711
1,1,block_2,2,Provo_ID7,3,1079503,1259090,1,gaze_data,1741734780935,222.23780155181885,117.66195893287659,1741734780883.4001,0.9923995093941711
1,1,block_2,2,Provo_ID7,3,1079503,1259090,1,gaze_data,1741734780983,206.8540334701538,138.21337968111038,1741734780916.1,1
1,1,block_2,2,Provo_ID7,3,1079503,1259090,1,gaze_data,1741734781020,196.52550220489502,117.63773709535599,1741734780949.9001,1
1,1,block_2,2,Provo_ID7,3,1079503,1259090,1,gaze_data,1741734781056,144.38941478729248,112.3719871044159,1741734781020,1
1,1,block_2,2,Provo_ID7,3,1079503,1259090,1,gaze_data,1741734781095,180.69159984588623,190.13795852661133,1741734781049.4001,1
1,1,block_2,2,Provo_ID7,3,1079503,1259090,1,gaze_data,1741734781130,183.3486557006836,233.15693847835064,1741734781083.5,0.8449134457407523
1,1,block_2,2,Provo_ID7,3,1079503,1259090,1,gaze_data,1741734781159,189.53869342803955,251.26003697514534,1741734781116.1,0.8449134457407523
1,1,block_2,2,Provo_ID7,3,1079503,1259090,1,gaze_data,1741734781191,218.5851812362671,223.6354559659958,1741734781149.8,1
1,1,block_2,2,Provo_ID7,3,1079503,1259090,1,gaze_data,1741734781239,229.80384826660156,222.61685356497765,1741734781187,0.9865162135496539
1,1,block_2,2,Provo_ID7,3,1079503,1259090,1,gaze_data,1741734781257,224.65503215789795,218.85593738406897,1741734781216.5,0.9865162135496539
1,1,block_2,2,Provo_ID7,3,1079503,1259090,1,gaze_data,1741734781297,313.7926757335663,221.25013303011656,1741734781250.6,0.970220306236341
1,1,block_2,2,Provo_ID7,3,1079503,1259090,1,gaze_data,1741734781322,354.0579915046692,206.93257302045822,1741734781283.2,0.970220306236341
1,1,block_2,2,Provo_ID7,3,1079503,1259090,1,gaze_data,1741734781363,417.68557727336884,202.2376511245966,1741734781316.1,1
1,1,block_2,2,Provo_ID7,3,1079503,1259090,1,gaze_data,1741734781400,456.8729639053345,210.28039082884789,1741734781349.7,0.8933921390672777
1,1,block_2,2,Provo_ID7,3,1079503,1259090,1,gaze_data,1741734781421,453.5747766494751,233.45768302679062,1741734781382.6,0.8933921390672777
1,1,block_2,2,Provo_ID7,3,1079503,1259090,1,gaze_data,1741734781473,419.1912040114403,220.1162226498127,1741734781425.6,0.9220259182363626
1,1,block_2,2,Provo_ID7,3,1079503,1259090,1,gaze_data,1741734781508,386.82735562324524,239.52790386974812,1741734781449.6,0.871722230872793
1,1,block_2,2,Provo_ID7,3,1079503,1259090,1,gaze_data,1741734781535,413.53151202201843,262.1721647679806,1741734781483.1,0.871722230872793
1,1,block_2,2,Provo_ID7,3,1079503,1259090,1,gaze_data,1741734781573,383.6108237504959,251.35912969708443,1741734781516,0.8845252812422593
1,1,block_2,2,Provo_ID7,3,1079503,1259090,1,gaze_data,1741734781590,442.4255847930908,247.94494211673737,1741734781549.7,0.8845252812422593
1,1,block_2,2,Provo_ID7,3,1079503,1259090,1,gaze_data,1741734781635,408.530929684639,246.83227241039276,1741734781582.9001,1
1,1,block_2,2,Provo_ID7,3,1079503,1259090,1,gaze_data,1741734781684,411.27620711922646,223.38790856301785,1741734781630.8,1
1,1,block_2,2,Provo_ID7,3,1079503,1259090,1,gaze_data,1741734781703,213.12599182128906,338.890141248703,1741734781649.1,1
1,1,block_2,2,Provo_ID7,3,1079503,1259090,1,gaze_data,1741734781747,172.77123928070068,342.14349687099457,1741734781682.9001,1
1,1,block_2,2,Provo_ID7,3,1079503,1259090,1,gaze_data,1741734781784,121.52068614959717,358.5272490978241,1741734781716.5,0.7522369915848013
1,1,block_2,2,Provo_ID7,3,1079503,1259090,1,gaze_data,1741734781810,98.98257255554199,346.72894179821014,1741734781749.9001,0.7522369915848013
1,1,block_2,2,Provo_ID7,3,1079503,1259090,1,gaze_data,1741734781841,149.84545707702637,335.0732162594795,1741734781782.4001,0.7841177166566382
1,1,block_2,2,Provo_ID7,3,1079503,1259090,1,gaze_data,1741734781872,135.7588291168213,331.0980558395386,1741734781816.4001,0.7841177166566382
1,1,block_2,2,Provo_ID7,3,1079503,1259090,1,gaze_data,1741734781913,117.42804050445557,335.2882921695709,1741734781850,0.8213945657586104
1,1,block_2,2,Provo_ID7,3,1079503,1259090,1,gaze_data,1741734781951,90.48967361450195,331.57913237810135,1741734781883.1,0.7947722159129675
1,1,block_2,2,Provo_ID7,3,1079503,1259090,1,gaze_data,1741734781980,99.38256740570068,332.61716216802597,1741734781915.8,0.7947722159129675
1,1,block_2,2,Provo_ID7,3,1079503,1259090,1,gaze_data,1741734782019,119.4779634475708,327.0830273628235,1741734781949.7,0.8999940338679124
1,1,block_2,2,Provo_ID7,3,1079503,1259090,1,gaze_data,1741734782041,170.282244682312,321.54372185468674,1741734781982.8,0.8999940338679124
1,1,block_2,2,Provo_ID7,3,1079503,1259090,1,gaze_data,1741734782079,169.2340850830078,351.31408870220184,1741734782016.4001,0.7884074498820142
1,1,block_2,2,Provo_ID7,3,1079503,1259090,1,gaze_data,1741734782103,172.14043140411377,344.8015362024307,1741734782049.2,0.7884074498820142
1,1,block_2,2,Provo_ID7,3,1079503,1259090,1,gaze_data,1741734782148,147.08566665649414,340.710586309433,1741734782082.7,0.7896808808905802
1,1,block_2,2,Provo_ID7,3,1079503,1259090,1,gaze_data,1741734782178,123.9595890045166,343.82179975509644,1741734782115.8,0.8344693457623196
1,1,block_2,2,Provo_ID7,3,1079503,1259090,1,gaze_data,1741734782214,135.2242946624756,351.35697424411774,1741734782169.5,0.8344693457623196
1,1,block_2,2,Provo_ID7,3,1079503,1259090,1,gaze_data,1741734782247,146.65157794952393,352.36931443214417,1741734782182.5,0.7628018925180697
1,1,block_2,2,Provo_ID7,3,1079503,1259090,1,gaze_data,1741734782283,146.27625942230225,352.12782621383667,1741734782216,0.9358104094315838
1,1,block_2,2,Provo_ID7,3,1079503,1259090,1,gaze_data,1741734782302,136.42022609710693,347.4215030670166,1741734782249.4001,0.9358104094315838
1,1,block_2,2,Provo_ID7,3,1079503,1259090,1,gaze_data,1741734782345,176.2432098388672,335.7967793941498,1741734782282.7,0.8106558004839819
1,1,block_2,2,Provo_ID7,3,1079503,1259090,1,gaze_data,1741734782397,161.39540672302246,356.2383711338043,1741734782340.3,0.7855419960687806
1,1,block_2,2,Provo_ID7,3,1079503,1259090,1,gaze_data,1741734782431,185.23075580596924,369.97101306915283,1741734782355.9001,0.7855419960687806
1,1,block_2,2,Provo_ID7,3,1079503,1259090,1,gaze_data,1741734782473,199.37264919281006,356.4927488565445,1741734782382.4001,0.7855419960687806
1,1,block_2,2,Provo_ID7,3,1079503,1259090,1,gaze_data,1741734782552,188.11242580413818,340.82034826278687,1741734782449.2,0.871505727644811
1,1,block_2,2,Provo_ID7,3,1079503,1259090,1,gaze_x,"",
1,1,block_2,2,Provo_ID7,3,1079503,1259090,1,gaze_y,"",
1,1,block_2,2,Provo_ID7,3,1079503,1259090,1,el_x,"",
1,1,block_2,2,Provo_ID7,3,1079503,1259090,1,applied_drift,1741734745071,
1,1,block_2,2,Provo_ID7,3,1079503,1259090,1,applied_drift,1741734769392,-22.115808725357056,-12.090691924095154
1,1,block_2,2,Provo_ID7,3,1079503,1259090,1,applied_drift,1741734769409,-22.115808725357056,-12.090691924095154
1,1,block_2,2,Provo_ID7,3,1079503,1259090,1,applied_drift,1741734769447,-22.115808725357056,-12.090691924095154
1,1,block_2,2,Provo_ID7,3,1079503,1259090,1,applied_drift,1741734769472,-22.115808725357056,-12.090691924095154
1,1,block_2,2,Provo_ID7,3,1079503,1259090,1,applied_drift,1741734769514,-22.115808725357056,-12.090691924095154
1,1,block_2,2,Provo_ID7,3,1079503,1259090,1,applied_drift,1741734769548,-22.115808725357056,-12.090691924095154
1,1,block_2,2,Provo_ID7,3,1079503,1259090,1,applied_drift,1741734769607,-22.115808725357056,-12.090691924095154
1,1,block_2,2,Provo_ID7,3,1079503,1259090,1,applied_drift,1741734769625,-22.115808725357056,-12.090691924095154
1,1,block_2,2,Provo_ID7,3,1079503,1259090,1,applied_drift,1741734769659,-22.115808725357056,-12.090691924095154
1,1,block_2,2,Provo_ID7,3,1079503,1259090,1,applied_drift,1741734769707,-22.115808725357056,-12.090691924095154
1,1,block_2,2,Provo_ID7,3,1079503,1259090,1,applied_drift,1741734769731,-22.115808725357056,-12.090691924095154
1,1,block_2,2,Provo_ID7,3,1079503,1259090,1,applied_drift,1741734769771,-22.115808725357056,-12.090691924095154
1,1,block_2,2,Provo_ID7,3,1079503,1259090,1,applied_drift,1741734769791,-22.115808725357056,-12.090691924095154
1,1,block_2,2,Provo_ID7,3,1079503,1259090,1,applied_drift,1741734769827,-22.115808725357056,-12.090691924095154
1,1,block_2,2,Provo_ID7,3,1079503,1259090,1,applied_drift,1741734769883,-22.115808725357056,-12.090691924095154
1,1,block_2,2,Provo_ID7,3,1079503,1259090,1,applied_drift,1741734769900,-22.115808725357056,-12.090691924095154
1,1,block_2,2,Provo_ID7,3,1079503,1259090,1,applied_drift,1741734769937,-22.115808725357056,-12.090691924095154
1,1,block_2,2,Provo_ID7,3,1079503,1259090,1,applied_drift,1741734769967,-22.115808725357056,-12.090691924095154
1,1,block_2,2,Provo_ID7,3,1079503,1259090,1,applied_drift,1741734770017,-22.115808725357056,-12.090691924095154
1,1,block_2,2,Provo_ID7,3,1079503,1259090,1,applied_drift,1741734770057,-22.115808725357056,-12.090691924095154
1,1,block_2,2,Provo_ID7,3,1079503,1259090,1,applied_drift,1741734770079,-22.115808725357056,-12.090691924095154
1,1,block_2,2,Provo_ID7,3,1079503,1259090,1,applied_drift,1741734770117,-22.115808725357056,-12.090691924095154
1,1,block_2,2,Provo_ID7,3,1079503,1259090,1,applied_drift,1741734770137,-22.115808725357056,-12.090691924095154
1,1,block_2,2,Provo_ID7,3,1079503,1259090,1,applied_drift,1741734770180,-22.115808725357056,-12.090691924095154
1,1,block_2,2,Provo_ID7,3,1079503,1259090,1,applied_drift,1741734770224,-22.115808725357056,-12.090691924095154
1,1,block_2,2,Provo_ID7,3,1079503,1259090,1,applied_drift,1741734770241,-22.115808725357056,-12.090691924095154
1,1,block_2,2,Provo_ID7,3,1079503,1259090,1,applied_drift,1741734770282,-22.115808725357056,-12.090691924095154
1,1,block_2,2,Provo_ID7,3,1079503,1259090,1,applied_drift,1741734770325,-22.115808725357056,-12.090691924095154
1,1,block_2,2,Provo_ID7,3,1079503,1259090,1,applied_drift,1741734770352,-22.115808725357056,-12.090691924095154
1,1,block_2,2,Provo_ID7,3,1079503,1259090,1,applied_drift,1741734770390,-22.115808725357056,-12.090691924095154
1,1,block_2,2,Provo_ID7,3,1079503,1259090,1,applied_drift,1741734770408,-22.115808725357056,-12.090691924095154
1,1,block_2,2,Provo_ID7,3,1079503,1259090,1,applied_drift,1741734770443,-22.115808725357056,-12.090691924095154
1,1,block_2,2,Provo_ID7,3,1079503,1259090,1,applied_drift,1741734770487,-22.115808725357056,-12.090691924095154
1,1,block_2,2,Provo_ID7,3,1079503,1259090,1,applied_drift,1741734770513,-22.115808725357056,-12.090691924095154
1,1,block_2,2,Provo_ID7,3,1079503,1259090,1,applied_drift,1741734770566,-22.115808725357056,-12.090691924095154
1,1,block_2,2,Provo_ID7,3,1079503,1259090,1,applied_drift,1741734770589,-22.115808725357056,-12.090691924095154
1,1,block_2,2,Provo_ID7,3,1079503,1259090,1,applied_drift,1741734770616,-22.115808725357056,-12.090691924095154
1,1,block_2,2,Provo_ID7,3,1079503,1259090,1,applied_drift,1741734770650,-22.115808725357056,-12.090691924095154
1,1,block_2,2,Provo_ID7,3,1079503,1259090,1,applied_drift,1741734770694,-22.115808725357056,-12.090691924095154
1,1,block_2,2,Provo_ID7,3,1079503,1259090,1,applied_drift,1741734770730,-22.115808725357056,-12.090691924095154
1,1,block_2,2,Provo_ID7,3,1079503,1259090,1,applied_drift,1741734770753,-22.115808725357056,-12.090691924095154
1,1,block_2,2,Provo_ID7,3,1079503,1259090,1,applied_drift,1741734770794,-22.115808725357056,-12.090691924095154
1,1,block_2,2,Provo_ID7,3,1079503,1259090,1,applied_drift,1741734770814,-22.115808725357056,-12.090691924095154
1,1,block_2,2,Provo_ID7,3,1079503,1259090,1,applied_drift,1741734770860,-22.115808725357056,-12.090691924095154
1,1,block_2,2,Provo_ID7,3,1079503,1259090,1,applied_drift,1741734770895,-22.115808725357056,-12.090691924095154
1,1,block_2,2,Provo_ID7,3,1079503,1259090,1,applied_drift,1741734770912,-22.115808725357056,-12.090691924095154
1,1,block_2,2,Provo_ID7,3,1079503,1259090,1,applied_drift,1741734770955,-22.115808725357056,-12.090691924095154
1,1,block_2,2,Provo_ID7,3,1079503,1259090,1,applied_drift,1741734770989,-22.115808725357056,-12.090691924095154
1,1,block_2,2,Provo_ID7,3,1079503,1259090,1,applied_drift,1741734771017,-22.115808725357056,-12.090691924095154
1,1,block_2,2,Provo_ID7,3,1079503,1259090,1,applied_drift,1741734771049,-22.115808725357056,-12.090691924095154
1,1,block_2,2,Provo_ID7,3,1079503,1259090,1,applied_drift,1741734771079,-22.115808725357056,-12.090691924095154
1,1,block_2,2,Provo_ID7,3,1079503,1259090,1,applied_drift,1741734771120,-22.115808725357056,-12.090691924095154
1,1,block_2,2,Provo_ID7,3,1079503,1259090,1,applied_drift,1741734771162,-22.115808725357056,-12.090691924095154
1,1,block_2,2,Provo_ID7,3,1079503,1259090,1,applied_drift,1741734771180,-22.115808725357056,-12.090691924095154
1,1,block_2,2,Provo_ID7,3,1079503,1259090,1,applied_drift,1741734771215,-22.115808725357056,-12.090691924095154
1,1,block_2,2,Provo_ID7,3,1079503,1259090,1,applied_drift,1741734771268,-22.115808725357056,-12.090691924095154
1,1,block_2,2,Provo_ID7,3,1079503,1259090,1,applied_drift,1741734771292,-22.115808725357056,-12.090691924095154
1,1,block_2,2,Provo_ID7,3,1079503,1259090,1,applied_drift,1741734771340,-22.115808725357056,-12.090691924095154
1,1,block_2,2,Provo_ID7,3,1079503,1259090,1,applied_drift,1741734771374,-22.115808725357056,-12.090691924095154
1,1,block_2,2,Provo_ID7,3,1079503,1259090,1,applied_drift,1741734771395,-22.115808725357056,-12.090691924095154
1,1,block_2,2,Provo_ID7,3,1079503,1259090,1,applied_drift,1741734771441,-22.115808725357056,-12.090691924095154
1,1,block_2,2,Provo_ID7,3,1079503,1259090,1,applied_drift,1741734771463,-22.115808725357056,-12.090691924095154
1,1,block_2,2,Provo_ID7,3,1079503,1259090,1,applied_drift,1741734771496,-22.115808725357056,-12.090691924095154
1,1,block_2,2,Provo_ID7,3,1079503,1259090,1,applied_drift,1741734771544,-22.115808725357056,-12.090691924095154
1,1,block_2,2,Provo_ID7,3,1079503,1259090,1,applied_drift,1741734771561,-22.115808725357056,-12.090691924095154
1,1,block_2,2,Provo_ID7,3,1079503,1259090,1,applied_drift,1741734771595,-22.115808725357056,-12.090691924095154
1,1,block_2,2,Provo_ID7,3,1079503,1259090,1,applied_drift,1741734771665,-22.115808725357056,-12.090691924095154
1,1,block_2,2,Provo_ID7,3,1079503,1259090,1,applied_drift,1741734771707,-22.115808725357056,-12.090691924095154
1,1,block_2,2,Provo_ID7,3,1079503,1259090,1,applied_drift,1741734771723,-22.115808725357056,-12.090691924095154
1,1,block_2,2,Provo_ID7,3,1079503,1259090,1,applied_drift,1741734771772,-22.115808725357056,-12.090691924095154
1,1,block_2,2,Provo_ID7,3,1079503,1259090,1,applied_drift,1741734771806,-22.115808725357056,-12.090691924095154
1,1,block_2,2,Provo_ID7,3,1079503,1259090,1,applied_drift,1741734771841,-22.115808725357056,-12.090691924095154
1,1,block_2,2,Provo_ID7,3,1079503,1259090,1,applied_drift,1741734771880,-22.115808725357056,-12.090691924095154
1,1,block_2,2,Provo_ID7,3,1079503,1259090,1,applied_drift,1741734771904,-22.115808725357056,-12.090691924095154
1,1,block_2,2,Provo_ID7,3,1079503,1259090,1,applied_drift,1741734771948,-22.115808725357056,-12.090691924095154
1,1,block_2,2,Provo_ID7,3,1079503,1259090,1,applied_drift,1741734771979,-22.115808725357056,-12.090691924095154
1,1,block_2,2,Provo_ID7,3,1079503,1259090,1,applied_drift,1741734772008,-22.115808725357056,-12.090691924095154
1,1,block_2,2,Provo_ID7,3,1079503,1259090,1,applied_drift,1741734772073,-22.115808725357056,-12.090691924095154
1,1,block_2,2,Provo_ID7,3,1079503,1259090,1,applied_drift,1741734772097,-22.115808725357056,-12.090691924095154
1,1,block_2,2,Provo_ID7,3,1079503,1259090,1,applied_drift,1741734772135,-22.115808725357056,-12.090691924095154
1,1,block_2,2,Provo_ID7,3,1079503,1259090,1,applied_drift,1741734772155,-22.115808725357056,-12.090691924095154
1,1,block_2,2,Provo_ID7,3,1079503,1259090,1,applied_drift,1741734772198,-22.115808725357056,-12.090691924095154
1,1,block_2,2,Provo_ID7,3,1079503,1259090,1,applied_drift,1741734772249,-22.115808725357056,-12.090691924095154
1,1,block_2,2,Provo_ID7,3,1079503,1259090,1,applied_drift,1741734772277,-22.115808725357056,-12.090691924095154
1,1,block_2,2,Provo_ID7,3,1079503,1259090,1,applied_drift,1741734772312,-22.115808725357056,-12.090691924095154
1,1,block_2,2,Provo_ID7,3,1079503,1259090,1,applied_drift,1741734772338,-22.115808725357056,-12.090691924095154
1,1,block_2,2,Provo_ID7,3,1079503,1259090,1,applied_drift,1741734772382,-22.115808725357056,-12.090691924095154
1,1,block_2,2,Provo_ID7,3,1079503,1259090,1,applied_drift,1741734772414,-22.115808725357056,-12.090691924095154
1,1,block_2,2,Provo_ID7,3,1079503,1259090,1,applied_drift,1741734772465,-22.115808725357056,-12.090691924095154
1,1,block_2,2,Provo_ID7,3,1079503,1259090,1,applied_drift,1741734772506,-22.115808725357056,-12.090691924095154
1,1,block_2,2,Provo_ID7,3,1079503,1259090,1,applied_drift,1741734772533,-22.115808725357056,-12.090691924095154
1,1,block_2,2,Provo_ID7,3,1079503,1259090,1,applied_drift,1741734772566,-22.115808725357056,-12.090691924095154
1,1,block_2,2,Provo_ID7,3,1079503,1259090,1,applied_drift,1741734772592,-22.115808725357056,-12.090691924095154
1,1,block_2,2,Provo_ID7,3,1079503,1259090,1,applied_drift,1741734772651,-22.115808725357056,-12.090691924095154
1,1,block_2,2,Provo_ID7,3,1079503,1259090,1,applied_drift,1741734772685,-22.115808725357056,-12.090691924095154
1,1,block_2,2,Provo_ID7,3,1079503,1259090,1,applied_drift,1741734772715,-22.115808725357056,-12.090691924095154
1,1,block_2,2,Provo_ID7,3,1079503,1259090,1,applied_drift,1741734772753,-22.115808725357056,-12.090691924095154
1,1,block_2,2,Provo_ID7,3,1079503,1259090,1,applied_drift,1741734772779,-22.115808725357056,-12.090691924095154
1,1,block_2,2,Provo_ID7,3,1079503,1259090,1,applied_drift,1741734772811,-22.115808725357056,-12.090691924095154
1,1,block_2,2,Provo_ID7,3,1079503,1259090,1,applied_drift,1741734772836,-22.115808725357056,-12.090691924095154
1,1,block_2,2,Provo_ID7,3,1079503,1259090,1,applied_drift,1741734772879,-22.115808725357056,-12.090691924095154
1,1,block_2,2,Provo_ID7,3,1079503,1259090,1,applied_drift,1741734772903,-22.115808725357056,-12.090691924095154
1,1,block_2,2,Provo_ID7,3,1079503,1259090,1,applied_drift,1741734772946,-22.115808725357056,-12.090691924095154
1,1,block_2,2,Provo_ID7,3,1079503,1259090,1,applied_drift,1741734772980,-22.115808725357056,-12.090691924095154
1,1,block_2,2,Provo_ID7,3,1079503,1259090,1,applied_drift,1741734773006,-22.115808725357056,-12.090691924095154
1,1,block_2,2,Provo_ID7,3,1079503,1259090,1,applied_drift,1741734773053,-22.115808725357056,-12.090691924095154
1,1,block_2,2,Provo_ID7,3,1079503,1259090,1,applied_drift,1741734773073,-22.115808725357056,-12.090691924095154
1,1,block_2,2,Provo_ID7,3,1079503,1259090,1,applied_drift,1741734773114,-22.115808725357056,-12.090691924095154
1,1,block_2,2,Provo_ID7,3,1079503,1259090,1,applied_drift,1741734773146,-22.115808725357056,-12.090691924095154
1,1,block_2,2,Provo_ID7,3,1079503,1259090,1,applied_drift,1741734773171,-22.115808725357056,-12.090691924095154
1,1,block_2,2,Provo_ID7,3,1079503,1259090,1,applied_drift,1741734773210,-22.115808725357056,-12.090691924095154
1,1,block_2,2,Provo_ID7,3,1079503,1259090,1,applied_drift,1741734773243,-22.115808725357056,-12.090691924095154
1,1,block_2,2,Provo_ID7,3,1079503,1259090,1,applied_drift,1741734773280,-22.115808725357056,-12.090691924095154
1,1,block_2,2,Provo_ID7,3,1079503,1259090,1,applied_drift,1741734773325,-22.115808725357056,-12.090691924095154
1,1,block_2,2,Provo_ID7,3,1079503,1259090,1,applied_drift,1741734773364,-22.115808725357056,-12.090691924095154
1,1,block_2,2,Provo_ID7,3,1079503,1259090,1,applied_drift,1741734773396,-22.115808725357056,-12.090691924095154
1,1,block_2,2,Provo_ID7,3,1079503,1259090,1,applied_drift,1741734773425,-22.115808725357056,-12.090691924095154
1,1,block_2,2,Provo_ID7,3,1079503,1259090,1,applied_drift,1741734773459,-22.115808725357056,-12.090691924095154
1,1,block_2,2,Provo_ID7,3,1079503,1259090,1,applied_drift,1741734773501,-22.115808725357056,-12.090691924095154
1,1,block_2,2,Provo_ID7,3,1079503,1259090,1,applied_drift,1741734773560,-22.115808725357056,-12.090691924095154
1,1,block_2,2,Provo_ID7,3,1079503,1259090,1,applied_drift,1741734773576,-22.115808725357056,-12.090691924095154
1,1,block_2,2,Provo_ID7,3,1079503,1259090,1,applied_drift,1741734773609,-22.115808725357056,-12.090691924095154
1,1,block_2,2,Provo_ID7,3,1079503,1259090,1,applied_drift,1741734773639,-22.115808725357056,-12.090691924095154
1,1,block_2,2,Provo_ID7,3,1079503,1259090,1,applied_drift,1741734773686,-22.115808725357056,-12.090691924095154
1,1,block_2,2,Provo_ID7,3,1079503,1259090,1,applied_drift,1741734773719,-22.115808725357056,-12.090691924095154
1,1,block_2,2,Provo_ID7,3,1079503,1259090,1,applied_drift,1741734773748,-22.115808725357056,-12.090691924095154
1,1,block_2,2,Provo_ID7,3,1079503,1259090,1,applied_drift,1741734773780,-22.115808725357056,-12.090691924095154
1,1,block_2,2,Provo_ID7,3,1079503,1259090,1,applied_drift,1741734773806,-22.115808725357056,-12.090691924095154
1,1,block_2,2,Provo_ID7,3,1079503,1259090,1,applied_drift,1741734773844,-22.115808725357056,-12.090691924095154
1,1,block_2,2,Provo_ID7,3,1079503,1259090,1,applied_drift,1741734773888,-22.115808725357056,-12.090691924095154
1,1,block_2,2,Provo_ID7,3,1079503,1259090,1,applied_drift,1741734773909,-22.115808725357056,-12.090691924095154
1,1,block_2,2,Provo_ID7,3,1079503,1259090,1,applied_drift,1741734773947,-22.115808725357056,-12.090691924095154
1,1,block_2,2,Provo_ID7,3,1079503,1259090,1,applied_drift,1741734773970,-22.115808725357056,-12.090691924095154
1,1,block_2,2,Provo_ID7,3,1079503,1259090,1,applied_drift,1741734774008,-22.115808725357056,-12.090691924095154
1,1,block_2,2,Provo_ID7,3,1079503,1259090,1,applied_drift,1741734774047,-22.115808725357056,-12.090691924095154
1,1,block_2,2,Provo_ID7,3,1079503,1259090,1,applied_drift,1741734774071,-22.115808725357056,-12.090691924095154
1,1,block_2,2,Provo_ID7,3,1079503,1259090,1,applied_drift,1741734774112,-22.115808725357056,-12.090691924095154
1,1,block_2,2,Provo_ID7,3,1079503,1259090,1,applied_drift,1741734774143,-22.115808725357056,-12.090691924095154
1,1,block_2,2,Provo_ID7,3,1079503,1259090,1,applied_drift,1741734774169,-22.115808725357056,-12.090691924095154
1,1,block_2,2,Provo_ID7,3,1079503,1259090,1,applied_drift,1741734774218,-22.115808725357056,-12.090691924095154
1,1,block_2,2,Provo_ID7,3,1079503,1259090,1,applied_drift,1741734774256,-22.115808725357056,-12.090691924095154
1,1,block_2,2,Provo_ID7,3,1079503,1259090,1,applied_drift,1741734774284,-22.115808725357056,-12.090691924095154
1,1,block_2,2,Provo_ID7,3,1079503,1259090,1,applied_drift,1741734774317,-22.115808725357056,-12.090691924095154
1,1,block_2,2,Provo_ID7,3,1079503,1259090,1,applied_drift,1741734774335,-22.115808725357056,-12.090691924095154
1,1,block_2,2,Provo_ID7,3,1079503,1259090,1,applied_drift,1741734774380,-22.115808725357056,-12.090691924095154
1,1,block_2,2,Provo_ID7,3,1079503,1259090,1,applied_drift,1741734774416,-22.115808725357056,-12.090691924095154
1,1,block_2,2,Provo_ID7,3,1079503,1259090,1,applied_drift,1741734774435,-22.115808725357056,-12.090691924095154
1,1,block_2,2,Provo_ID7,3,1079503,1259090,1,applied_drift,1741734774475,-22.115808725357056,-12.090691924095154
1,1,block_2,2,Provo_ID7,3,1079503,1259090,1,applied_drift,1741734774516,-22.115808725357056,-12.090691924095154
1,1,block_2,2,Provo_ID7,3,1079503,1259090,1,applied_drift,1741734774567,-22.115808725357056,-12.090691924095154
1,1,block_2,2,Provo_ID7,3,1079503,1259090,1,applied_drift,1741734774590,-22.115808725357056,-12.090691924095154
1,1,block_2,2,Provo_ID7,3,1079503,1259090,1,applied_drift,1741734774633,-22.115808725357056,-12.090691924095154
1,1,block_2,2,Provo_ID7,3,1079503,1259090,1,applied_drift,1741734774680,-22.115808725357056,-12.090691924095154
1,1,block_2,2,Provo_ID7,3,1079503,1259090,1,applied_drift,1741734774722,-22.115808725357056,-12.090691924095154
1,1,block_2,2,Provo_ID7,3,1079503,1259090,1,applied_drift,1741734774748,-22.115808725357056,-12.090691924095154
1,1,block_2,2,Provo_ID7,3,1079503,1259090,1,applied_drift,1741734774780,-22.115808725357056,-12.090691924095154
1,1,block_2,2,Provo_ID7,3,1079503,1259090,1,applied_drift,1741734774803,-22.115808725357056,-12.090691924095154
1,1,block_2,2,Provo_ID7,3,1079503,1259090,1,applied_drift,1741734774846,-22.115808725357056,-12.090691924095154
1,1,block_2,2,Provo_ID7,3,1079503,1259090,1,applied_drift,1741734774873,-22.115808725357056,-12.090691924095154
1,1,block_2,2,Provo_ID7,3,1079503,1259090,1,applied_drift,1741734774920,-22.115808725357056,-12.090691924095154
1,1,block_2,2,Provo_ID7,3,1079503,1259090,1,applied_drift,1741734774955,-22.115808725357056,-12.090691924095154
1,1,block_2,2,Provo_ID7,3,1079503,1259090,1,applied_drift,1741734774972,-22.115808725357056,-12.090691924095154
1,1,block_2,2,Provo_ID7,3,1079503,1259090,1,applied_drift,1741734775014,-22.115808725357056,-12.090691924095154
1,1,block_2,2,Provo_ID7,3,1079503,1259090,1,applied_drift,1741734775063,-22.115808725357056,-12.090691924095154
1,1,block_2,2,Provo_ID7,3,1079503,1259090,1,applied_drift,1741734775093,-22.115808725357056,-12.090691924095154
1,1,block_2,2,Provo_ID7,3,1079503,1259090,1,applied_drift,1741734775130,-22.115808725357056,-12.090691924095154
1,1,block_2,2,Provo_ID7,3,1079503,1259090,1,applied_drift,1741734775146,-22.115808725357056,-12.090691924095154
1,1,block_2,2,Provo_ID7,3,1079503,1259090,1,applied_drift,1741734775179,-22.115808725357056,-12.090691924095154
1,1,block_2,2,Provo_ID7,3,1079503,1259090,1,applied_drift,1741734775225,-22.115808725357056,-12.090691924095154
1,1,block_2,2,Provo_ID7,3,1079503,1259090,1,applied_drift,1741734775251,-22.115808725357056,-12.090691924095154
1,1,block_2,2,Provo_ID7,3,1079503,1259090,1,applied_drift,1741734775273,-22.115808725357056,-12.090691924095154
1,1,block_2,2,Provo_ID7,3,1079503,1259090,1,applied_drift,1741734775322,-22.115808725357056,-12.090691924095154
1,1,block_2,2,Provo_ID7,3,1079503,1259090,1,applied_drift,1741734775362,-22.115808725357056,-12.090691924095154
1,1,block_2,2,Provo_ID7,3,1079503,1259090,1,applied_drift,1741734775388,-22.115808725357056,-12.090691924095154
1,1,block_2,2,Provo_ID7,3,1079503,1259090,1,applied_drift,1741734775427,-22.115808725357056,-12.090691924095154
1,1,block_2,2,Provo_ID7,3,1079503,1259090,1,applied_drift,1741734775444,-22.115808725357056,-12.090691924095154
1,1,block_2,2,Provo_ID7,3,1079503,1259090,1,applied_drift,1741734775486,-22.115808725357056,-12.090691924095154
1,1,block_2,2,Provo_ID7,3,1079503,1259090,1,applied_drift,1741734775531,-22.115808725357056,-12.090691924095154
1,1,block_2,2,Provo_ID7,3,1079503,1259090,1,applied_drift,1741734775554,-22.115808725357056,-12.090691924095154
1,1,block_2,2,Provo_ID7,3,1079503,1259090,1,applied_drift,1741734775587,-22.115808725357056,-12.090691924095154
1,1,block_2,2,Provo_ID7,3,1079503,1259090,1,applied_drift,1741734775610,-22.115808725357056,-12.090691924095154
1,1,block_2,2,Provo_ID7,3,1079503,1259090,1,applied_drift,1741734775654,-22.115808725357056,-12.090691924095154
1,1,block_2,2,Provo_ID7,3,1079503,1259090,1,applied_drift,1741734775691,-22.115808725357056,-12.090691924095154
1,1,block_2,2,Provo_ID7,3,1079503,1259090,1,applied_drift,1741734775716,-22.115808725357056,-12.090691924095154
1,1,block_2,2,Provo_ID7,3,1079503,1259090,1,applied_drift,1741734775752,-22.115808725357056,-12.090691924095154
1,1,block_2,2,Provo_ID7,3,1079503,1259090,1,applied_drift,1741734775794,-22.115808725357056,-12.090691924095154
1,1,block_2,2,Provo_ID7,3,1079503,1259090,1,applied_drift,1741734775821,-22.115808725357056,-12.090691924095154
1,1,block_2,2,Provo_ID7,3,1079503,1259090,1,applied_drift,1741734775856,-22.115808725357056,-12.090691924095154
1,1,block_2,2,Provo_ID7,3,1079503,1259090,1,applied_drift,1741734775886,-22.115808725357056,-12.090691924095154
1,1,block_2,2,Provo_ID7,3,1079503,1259090,1,applied_drift,1741734775917,-22.115808725357056,-12.090691924095154
1,1,block_2,2,Provo_ID7,3,1079503,1259090,1,applied_drift,1741734775953,-22.115808725357056,-12.090691924095154
1,1,block_2,2,Provo_ID7,3,1079503,1259090,1,applied_drift,1741734775987,-22.115808725357056,-12.090691924095154
1,1,block_2,2,Provo_ID7,3,1079503,1259090,1,applied_drift,1741734776028,-22.115808725357056,-12.090691924095154
1,1,block_2,2,Provo_ID7,3,1079503,1259090,1,applied_drift,1741734776046,-22.115808725357056,-12.090691924095154
1,1,block_2,2,Provo_ID7,3,1079503,1259090,1,applied_drift,1741734776077,-22.115808725357056,-12.090691924095154
1,1,block_2,2,Provo_ID7,3,1079503,1259090,1,applied_drift,1741734776126,-22.115808725357056,-12.090691924095154
1,1,block_2,2,Provo_ID7,3,1079503,1259090,1,applied_drift,1741734776157,-22.115808725357056,-12.090691924095154
1,1,block_2,2,Provo_ID7,3,1079503,1259090,1,applied_drift,1741734776195,-22.115808725357056,-12.090691924095154
1,1,block_2,2,Provo_ID7,3,1079503,1259090,1,applied_drift,1741734776222,-22.115808725357056,-12.090691924095154
1,1,block_2,2,Provo_ID7,3,1079503,1259090,1,applied_drift,1741734776256,-22.115808725357056,-12.090691924095154
1,1,block_2,2,Provo_ID7,3,1079503,1259090,1,applied_drift,1741734776273,-22.115808725357056,-12.090691924095154
1,1,block_2,2,Provo_ID7,3,1079503,1259090,1,applied_drift,1741734776313,-22.115808725357056,-12.090691924095154
1,1,block_2,2,Provo_ID7,3,1079503,1259090,1,applied_drift,1741734776362,-22.115808725357056,-12.090691924095154
1,1,block_2,2,Provo_ID7,3,1079503,1259090,1,applied_drift,1741734776381,-22.115808725357056,-12.090691924095154
1,1,block_2,2,Provo_ID7,3,1079503,1259090,1,applied_drift,1741734776417,-22.115808725357056,-12.090691924095154
1,1,block_2,2,Provo_ID7,3,1079503,1259090,1,applied_drift,1741734776443,-22.115808725357056,-12.090691924095154
1,1,block_2,2,Provo_ID7,3,1079503,1259090,1,applied_drift,1741734776485,-22.115808725357056,-12.090691924095154
1,1,block_2,2,Provo_ID7,3,1079503,1259090,1,applied_drift,1741734776522,-22.115808725357056,-12.090691924095154
1,1,block_2,2,Provo_ID7,3,1079503,1259090,1,applied_drift,1741734776542,-22.115808725357056,-12.090691924095154
1,1,block_2,2,Provo_ID7,3,1079503,1259090,1,applied_drift,1741734776586,-22.115808725357056,-12.090691924095154
1,1,block_2,2,Provo_ID7,3,1079503,1259090,1,applied_drift,1741734776623,-22.115808725357056,-12.090691924095154
1,1,block_2,2,Provo_ID7,3,1079503,1259090,1,applied_drift,1741734776652,-22.115808725357056,-12.090691924095154
1,1,block_2,2,Provo_ID7,3,1079503,1259090,1,applied_drift,1741734776690,-22.115808725357056,-12.090691924095154
1,1,block_2,2,Provo_ID7,3,1079503,1259090,1,applied_drift,1741734776712,-22.115808725357056,-12.090691924095154
1,1,block_2,2,Provo_ID7,3,1079503,1259090,1,applied_drift,1741734776752,-22.115808725357056,-12.090691924095154
1,1,block_2,2,Provo_ID7,3,1079503,1259090,1,applied_drift,1741734776789,-22.115808725357056,-12.090691924095154
1,1,block_2,2,Provo_ID7,3,1079503,1259090,1,applied_drift,1741734776821,-22.115808725357056,-12.090691924095154
1,1,block_2,2,Provo_ID7,3,1079503,1259090,1,applied_drift,1741734776851,-22.115808725357056,-12.090691924095154
1,1,block_2,2,Provo_ID7,3,1079503,1259090,1,applied_drift,1741734776872,-22.115808725357056,-12.090691924095154
1,1,block_2,2,Provo_ID7,3,1079503,1259090,1,applied_drift,1741734776921,-22.115808725357056,-12.090691924095154
1,1,block_2,2,Provo_ID7,3,1079503,1259090,1,applied_drift,1741734776954,-22.115808725357056,-12.090691924095154
1,1,block_2,2,Provo_ID7,3,1079503,1259090,1,applied_drift,1741734776975,-22.115808725357056,-12.090691924095154
1,1,block_2,2,Provo_ID7,3,1079503,1259090,1,applied_drift,1741734777022,-22.115808725357056,-12.090691924095154
1,1,block_2,2,Provo_ID7,3,1079503,1259090,1,applied_drift,1741734777067,-22.115808725357056,-12.090691924095154
1,1,block_2,2,Provo_ID7,3,1079503,1259090,1,applied_drift,1741734777091,-22.115808725357056,-12.090691924095154
1,1,block_2,2,Provo_ID7,3,1079503,1259090,1,applied_drift,1741734777126,-22.115808725357056,-12.090691924095154
1,1,block_2,2,Provo_ID7,3,1079503,1259090,1,applied_drift,1741734777145,-22.115808725357056,-12.090691924095154
1,1,block_2,2,Provo_ID7,3,1079503,1259090,1,applied_drift,1741734777187,-22.115808725357056,-12.090691924095154
1,1,block_2,2,Provo_ID7,3,1079503,1259090,1,applied_drift,1741734777228,-22.115808725357056,-12.090691924095154
1,1,block_2,2,Provo_ID7,3,1079503,1259090,1,applied_drift,1741734777256,-22.115808725357056,-12.090691924095154
1,1,block_2,2,Provo_ID7,3,1079503,1259090,1,applied_drift,1741734777282,-22.115808725357056,-12.090691924095154
1,1,block_2,2,Provo_ID7,3,1079503,1259090,1,applied_drift,1741734777322,-22.115808725357056,-12.090691924095154
1,1,block_2,2,Provo_ID7,3,1079503,1259090,1,applied_drift,1741734777357,-22.115808725357056,-12.090691924095154
1,1,block_2,2,Provo_ID7,3,1079503,1259090,1,applied_drift,1741734777376,-22.115808725357056,-12.090691924095154
1,1,block_2,2,Provo_ID7,3,1079503,1259090,1,applied_drift,1741734777415,-22.115808725357056,-12.090691924095154
1,1,block_2,2,Provo_ID7,3,1079503,1259090,1,applied_drift,1741734777461,-22.115808725357056,-12.090691924095154
1,1,block_2,2,Provo_ID7,3,1079503,1259090,1,applied_drift,1741734777481,-22.115808725357056,-12.090691924095154
1,1,block_2,2,Provo_ID7,3,1079503,1259090,1,applied_drift,1741734777514,-22.115808725357056,-12.090691924095154
1,1,block_2,2,Provo_ID7,3,1079503,1259090,1,applied_drift,1741734777557,-22.115808725357056,-12.090691924095154
1,1,block_2,2,Provo_ID7,3,1079503,1259090,1,applied_drift,1741734777583,-22.115808725357056,-12.090691924095154
1,1,block_2,2,Provo_ID7,3,1079503,1259090,1,applied_drift,1741734777631,-22.115808725357056,-12.090691924095154
1,1,block_2,2,Provo_ID7,3,1079503,1259090,1,applied_drift,1741734777659,-22.115808725357056,-12.090691924095154
1,1,block_2,2,Provo_ID7,3,1079503,1259090,1,applied_drift,1741734777700,-22.115808725357056,-12.090691924095154
1,1,block_2,2,Provo_ID7,3,1079503,1259090,1,applied_drift,1741734777721,-22.115808725357056,-12.090691924095154
1,1,block_2,2,Provo_ID7,3,1079503,1259090,1,applied_drift,1741734777765,-22.115808725357056,-12.090691924095154
1,1,block_2,2,Provo_ID7,3,1079503,1259090,1,applied_drift,1741734777803,-22.115808725357056,-12.090691924095154
1,1,block_2,2,Provo_ID7,3,1079503,1259090,1,applied_drift,1741734777824,-22.115808725357056,-12.090691924095154
1,1,block_2,2,Provo_ID7,3,1079503,1259090,1,applied_drift,1741734777867,-22.115808725357056,-12.090691924095154
1,1,block_2,2,Provo_ID7,3,1079503,1259090,1,applied_drift,1741734777904,-22.115808725357056,-12.090691924095154
1,1,block_2,2,Provo_ID7,3,1079503,1259090,1,applied_drift,1741734777955,-22.115808725357056,-12.090691924095154
1,1,block_2,2,Provo_ID7,3,1079503,1259090,1,applied_drift,1741734777971,-22.115808725357056,-12.090691924095154
1,1,block_2,2,Provo_ID7,3,1079503,1259090,1,applied_drift,1741734778013,-22.115808725357056,-12.090691924095154
1,1,block_2,2,Provo_ID7,3,1079503,1259090,1,applied_drift,1741734778048,-22.115808725357056,-12.090691924095154
1,1,block_2,2,Provo_ID7,3,1079503,1259090,1,applied_drift,1741734778075,-22.115808725357056,-12.090691924095154
1,1,block_2,2,Provo_ID7,3,1079503,1259090,1,applied_drift,1741734778113,-22.115808725357056,-12.090691924095154
1,1,block_2,2,Provo_ID7,3,1079503,1259090,1,applied_drift,1741734778151,-22.115808725357056,-12.090691924095154
1,1,block_2,2,Provo_ID7,3,1079503,1259090,1,applied_drift,1741734778180,-22.115808725357056,-12.090691924095154
1,1,block_2,2,Provo_ID7,3,1079503,1259090,1,applied_drift,1741734778219,-22.115808725357056,-12.090691924095154
1,1,block_2,2,Provo_ID7,3,1079503,1259090,1,applied_drift,1741734778246,-22.115808725357056,-12.090691924095154
1,1,block_2,2,Provo_ID7,3,1079503,1259090,1,applied_drift,1741734778287,-22.115808725357056,-12.090691924095154
1,1,block_2,2,Provo_ID7,3,1079503,1259090,1,applied_drift,1741734778314,-22.115808725357056,-12.090691924095154
1,1,block_2,2,Provo_ID7,3,1079503,1259090,1,applied_drift,1741734778346,-22.115808725357056,-12.090691924095154
1,1,block_2,2,Provo_ID7,3,1079503,1259090,1,applied_drift,1741734778371,-22.115808725357056,-12.090691924095154
1,1,block_2,2,Provo_ID7,3,1079503,1259090,1,applied_drift,1741734778409,-22.115808725357056,-12.090691924095154
1,1,block_2,2,Provo_ID7,3,1079503,1259090,1,applied_drift,1741734778443,-22.115808725357056,-12.090691924095154
1,1,block_2,2,Provo_ID7,3,1079503,1259090,1,applied_drift,1741734778486,-22.115808725357056,-12.090691924095154
1,1,block_2,2,Provo_ID7,3,1079503,1259090,1,applied_drift,1741734778513,-22.115808725357056,-12.090691924095154
1,1,block_2,2,Provo_ID7,3,1079503,1259090,1,applied_drift,1741734778559,-22.115808725357056,-12.090691924095154
1,1,block_2,2,Provo_ID7,3,1079503,1259090,1,applied_drift,1741734778587,-22.115808725357056,-12.090691924095154
1,1,block_2,2,Provo_ID7,3,1079503,1259090,1,applied_drift,1741734778633,-22.115808725357056,-12.090691924095154
1,1,block_2,2,Provo_ID7,3,1079503,1259090,1,applied_drift,1741734778664,-22.115808725357056,-12.090691924095154
1,1,block_2,2,Provo_ID7,3,1079503,1259090,1,applied_drift,1741734778694,-22.115808725357056,-12.090691924095154
1,1,block_2,2,Provo_ID7,3,1079503,1259090,1,applied_drift,1741734778714,-22.115808725357056,-12.090691924095154
1,1,block_2,2,Provo_ID7,3,1079503,1259090,1,applied_drift,1741734778757,-22.115808725357056,-12.090691924095154
1,1,block_2,2,Provo_ID7,3,1079503,1259090,1,applied_drift,1741734778795,-22.115808725357056,-12.090691924095154
1,1,block_2,2,Provo_ID7,3,1079503,1259090,1,applied_drift,1741734778831,-22.115808725357056,-12.090691924095154
1,1,block_2,2,Provo_ID7,3,1079503,1259090,1,applied_drift,1741734778868,-22.115808725357056,-12.090691924095154
1,1,block_2,2,Provo_ID7,3,1079503,1259090,1,applied_drift,1741734778889,-22.115808725357056,-12.090691924095154
1,1,block_2,2,Provo_ID7,3,1079503,1259090,1,applied_drift,1741734778922,-22.115808725357056,-12.090691924095154
1,1,block_2,2,Provo_ID7,3,1079503,1259090,1,applied_drift,1741734778947,-22.115808725357056,-12.090691924095154
1,1,block_2,2,Provo_ID7,3,1079503,1259090,1,applied_drift,1741734778985,-22.115808725357056,-12.090691924095154
1,1,block_2,2,Provo_ID7,3,1079503,1259090,1,applied_drift,1741734779018,-22.115808725357056,-12.090691924095154
1,1,block_2,2,Provo_ID7,3,1079503,1259090,1,applied_drift,1741734779064,-22.115808725357056,-12.090691924095154
1,1,block_2,2,Provo_ID7,3,1079503,1259090,1,applied_drift,1741734779096,-22.115808725357056,-12.090691924095154
1,1,block_2,2,Provo_ID7,3,1079503,1259090,1,applied_drift,1741734779132,-22.115808725357056,-12.090691924095154
1,1,block_2,2,Provo_ID7,3,1079503,1259090,1,applied_drift,1741734779159,-22.115808725357056,-12.090691924095154
1,1,block_2,2,Provo_ID7,3,1079503,1259090,1,applied_drift,1741734779190,-22.115808725357056,-12.090691924095154
1,1,block_2,2,Provo_ID7,3,1079503,1259090,1,applied_drift,1741734779213,-22.115808725357056,-12.090691924095154
1,1,block_2,2,Provo_ID7,3,1079503,1259090,1,applied_drift,1741734779262,-22.115808725357056,-12.090691924095154
1,1,block_2,2,Provo_ID7,3,1079503,1259090,1,applied_drift,1741734779302,-22.115808725357056,-12.090691924095154
1,1,block_2,2,Provo_ID7,3,1079503,1259090,1,applied_drift,1741734779319,-22.115808725357056,-12.090691924095154
1,1,block_2,2,Provo_ID7,3,1079503,1259090,1,applied_drift,1741734779362,-22.115808725357056,-12.090691924095154
1,1,block_2,2,Provo_ID7,3,1079503,1259090,1,applied_drift,1741734779385,-22.115808725357056,-12.090691924095154
1,1,block_2,2,Provo_ID7,3,1079503,1259090,1,applied_drift,1741734779420,-22.115808725357056,-12.090691924095154
1,1,block_2,2,Provo_ID7,3,1079503,1259090,1,applied_drift,1741734779465,-22.115808725357056,-12.090691924095154
1,1,block_2,2,Provo_ID7,3,1079503,1259090,1,applied_drift,1741734779493,-22.115808725357056,-12.090691924095154
1,1,block_2,2,Provo_ID7,3,1079503,1259090,1,applied_drift,1741734779529,-22.115808725357056,-12.090691924095154
1,1,block_2,2,Provo_ID7,3,1079503,1259090,1,applied_drift,1741734779548,-22.115808725357056,-12.090691924095154
1,1,block_2,2,Provo_ID7,3,1079503,1259090,1,applied_drift,1741734779595,-22.115808725357056,-12.090691924095154
1,1,block_2,2,Provo_ID7,3,1079503,1259090,1,applied_drift,1741734779632,-22.115808725357056,-12.090691924095154
1,1,block_2,2,Provo_ID7,3,1079503,1259090,1,applied_drift,1741734779657,-22.115808725357056,-12.090691924095154
1,1,block_2,2,Provo_ID7,3,1079503,1259090,1,applied_drift,1741734779694,-22.115808725357056,-12.090691924095154
1,1,block_2,2,Provo_ID7,3,1079503,1259090,1,applied_drift,1741734779725,-22.115808725357056,-12.090691924095154
1,1,block_2,2,Provo_ID7,3,1079503,1259090,1,applied_drift,1741734779767,-22.115808725357056,-12.090691924095154
1,1,block_2,2,Provo_ID7,3,1079503,1259090,1,applied_drift,1741734779794,-22.115808725357056,-12.090691924095154
1,1,block_2,2,Provo_ID7,3,1079503,1259090,1,applied_drift,1741734779832,-22.115808725357056,-12.090691924095154
1,1,block_2,2,Provo_ID7,3,1079503,1259090,1,applied_drift,1741734779852,-22.115808725357056,-12.090691924095154
1,1,block_2,2,Provo_ID7,3,1079503,1259090,1,applied_drift,1741734779891,-22.115808725357056,-12.090691924095154
1,1,block_2,2,Provo_ID7,3,1079503,1259090,1,applied_drift,1741734779914,-22.115808725357056,-12.090691924095154
1,1,block_2,2,Provo_ID7,3,1079503,1259090,1,applied_drift,1741734779955,-22.115808725357056,-12.090691924095154
1,1,block_2,2,Provo_ID7,3,1079503,1259090,1,applied_drift,1741734779988,-22.115808725357056,-12.090691924095154
1,1,block_2,2,Provo_ID7,3,1079503,1259090,1,applied_drift,1741734780013,-22.115808725357056,-12.090691924095154
1,1,block_2,2,Provo_ID7,3,1079503,1259090,1,applied_drift,1741734780060,-22.115808725357056,-12.090691924095154
1,1,block_2,2,Provo_ID7,3,1079503,1259090,1,applied_drift,1741734780105,-22.115808725357056,-12.090691924095154
1,1,block_2,2,Provo_ID7,3,1079503,1259090,1,applied_drift,1741734780127,-22.115808725357056,-12.090691924095154
1,1,block_2,2,Provo_ID7,3,1079503,1259090,1,applied_drift,1741734780166,-22.115808725357056,-12.090691924095154
1,1,block_2,2,Provo_ID7,3,1079503,1259090,1,applied_drift,1741734780190,-22.115808725357056,-12.090691924095154
1,1,block_2,2,Provo_ID7,3,1079503,1259090,1,applied_drift,1741734780230,-22.115808725357056,-12.090691924095154
1,1,block_2,2,Provo_ID7,3,1079503,1259090,1,applied_drift,1741734780271,-22.115808725357056,-12.090691924095154
1,1,block_2,2,Provo_ID7,3,1079503,1259090,1,applied_drift,1741734780290,-22.115808725357056,-12.090691924095154
1,1,block_2,2,Provo_ID7,3,1079503,1259090,1,applied_drift,1741734780332,-22.115808725357056,-12.090691924095154
1,1,block_2,2,Provo_ID7,3,1079503,1259090,1,applied_drift,1741734780357,-22.115808725357056,-12.090691924095154
1,1,block_2,2,Provo_ID7,3,1079503,1259090,1,applied_drift,1741734780405,-22.115808725357056,-12.090691924095154
1,1,block_2,2,Provo_ID7,3,1079503,1259090,1,applied_drift,1741734780435,-22.115808725357056,-12.090691924095154
1,1,block_2,2,Provo_ID7,3,1079503,1259090,1,applied_drift,1741734780483,-22.115808725357056,-12.090691924095154
1,1,block_2,2,Provo_ID7,3,1079503,1259090,1,applied_drift,1741734780520,-22.115808725357056,-12.090691924095154
1,1,block_2,2,Provo_ID7,3,1079503,1259090,1,applied_drift,1741734780575,-22.115808725357056,-12.090691924095154
1,1,block_2,2,Provo_ID7,3,1079503,1259090,1,applied_drift,1741734780595,-22.115808725357056,-12.090691924095154
1,1,block_2,2,Provo_ID7,3,1079503,1259090,1,applied_drift,1741734780635,-22.115808725357056,-12.090691924095154
1,1,block_2,2,Provo_ID7,3,1079503,1259090,1,applied_drift,1741734780661,-22.115808725357056,-12.090691924095154
1,1,block_2,2,Provo_ID7,3,1079503,1259090,1,applied_drift,1741734780712,-22.115808725357056,-12.090691924095154
1,1,block_2,2,Provo_ID7,3,1079503,1259090,1,applied_drift,1741734780730,-22.115808725357056,-12.090691924095154
1,1,block_2,2,Provo_ID7,3,1079503,1259090,1,applied_drift,1741734780770,-22.115808725357056,-12.090691924095154
1,1,block_2,2,Provo_ID7,3,1079503,1259090,1,applied_drift,1741734780805,-22.115808725357056,-12.090691924095154
1,1,block_2,2,Provo_ID7,3,1079503,1259090,1,applied_drift,1741734780825,-22.115808725357056,-12.090691924095154
1,1,block_2,2,Provo_ID7,3,1079503,1259090,1,applied_drift,1741734780861,-22.115808725357056,-12.090691924095154
1,1,block_2,2,Provo_ID7,3,1079503,1259090,1,applied_drift,1741734780916,-22.115808725357056,-12.090691924095154
1,1,block_2,2,Provo_ID7,3,1079503,1259090,1,applied_drift,1741734780935,-22.115808725357056,-12.090691924095154
1,1,block_2,2,Provo_ID7,3,1079503,1259090,1,applied_drift,1741734780983,-22.115808725357056,-12.090691924095154
1,1,block_2,2,Provo_ID7,3,1079503,1259090,1,applied_drift,1741734781020,-22.115808725357056,-12.090691924095154
1,1,block_2,2,Provo_ID7,3,1079503,1259090,1,applied_drift,1741734781056,-22.115808725357056,-12.090691924095154
1,1,block_2,2,Provo_ID7,3,1079503,1259090,1,applied_drift,1741734781095,-22.115808725357056,-12.090691924095154
1,1,block_2,2,Provo_ID7,3,1079503,1259090,1,applied_drift,1741734781130,-22.115808725357056,-12.090691924095154
1,1,block_2,2,Provo_ID7,3,1079503,1259090,1,applied_drift,1741734781159,-22.115808725357056,-12.090691924095154
1,1,block_2,2,Provo_ID7,3,1079503,1259090,1,applied_drift,1741734781191,-22.115808725357056,-12.090691924095154
1,1,block_2,2,Provo_ID7,3,1079503,1259090,1,applied_drift,1741734781239,-22.115808725357056,-12.090691924095154
1,1,block_2,2,Provo_ID7,3,1079503,1259090,1,applied_drift,1741734781257,-22.115808725357056,-12.090691924095154
1,1,block_2,2,Provo_ID7,3,1079503,1259090,1,applied_drift,1741734781297,-22.115808725357056,-12.090691924095154
1,1,block_2,2,Provo_ID7,3,1079503,1259090,1,applied_drift,1741734781322,-22.115808725357056,-12.090691924095154
1,1,block_2,2,Provo_ID7,3,1079503,1259090,1,applied_drift,1741734781363,-22.115808725357056,-12.090691924095154
1,1,block_2,2,Provo_ID7,3,1079503,1259090,1,applied_drift,1741734781400,-22.115808725357056,-12.090691924095154
1,1,block_2,2,Provo_ID7,3,1079503,1259090,1,applied_drift,1741734781421,-22.115808725357056,-12.090691924095154
1,1,block_2,2,Provo_ID7,3,1079503,1259090,1,applied_drift,1741734781473,-22.115808725357056,-12.090691924095154
1,1,block_2,2,Provo_ID7,3,1079503,1259090,1,applied_drift,1741734781508,-22.115808725357056,-12.090691924095154
1,1,block_2,2,Provo_ID7,3,1079503,1259090,1,applied_drift,1741734781535,-22.115808725357056,-12.090691924095154
1,1,block_2,2,Provo_ID7,3,1079503,1259090,1,applied_drift,1741734781573,-22.115808725357056,-12.090691924095154
1,1,block_2,2,Provo_ID7,3,1079503,1259090,1,applied_drift,1741734781590,-22.115808725357056,-12.090691924095154
1,1,block_2,2,Provo_ID7,3,1079503,1259090,1,applied_drift,1741734781635,-22.115808725357056,-12.090691924095154
1,1,block_2,2,Provo_ID7,3,1079503,1259090,1,applied_drift,1741734781684,-22.115808725357056,-12.090691924095154
1,1,block_2,2,Provo_ID7,3,1079503,1259090,1,applied_drift,1741734781703,-22.115808725357056,-12.090691924095154
1,1,block_2,2,Provo_ID7,3,1079503,1259090,1,applied_drift,1741734781747,-22.115808725357056,-12.090691924095154
1,1,block_2,2,Provo_ID7,3,1079503,1259090,1,applied_drift,1741734781784,-22.115808725357056,-12.090691924095154
1,1,block_2,2,Provo_ID7,3,1079503,1259090,1,applied_drift,1741734781810,-22.115808725357056,-12.090691924095154
1,1,block_2,2,Provo_ID7,3,1079503,1259090,1,applied_drift,1741734781841,-22.115808725357056,-12.090691924095154
1,1,block_2,2,Provo_ID7,3,1079503,1259090,1,applied_drift,1741734781872,-22.115808725357056,-12.090691924095154
1,1,block_2,2,Provo_ID7,3,1079503,1259090,1,applied_drift,1741734781913,-22.115808725357056,-12.090691924095154
1,1,block_2,2,Provo_ID7,3,1079503,1259090,1,applied_drift,1741734781951,-22.115808725357056,-12.090691924095154
1,1,block_2,2,Provo_ID7,3,1079503,1259090,1,applied_drift,1741734781980,-22.115808725357056,-12.090691924095154
1,1,block_2,2,Provo_ID7,3,1079503,1259090,1,applied_drift,1741734782019,-22.115808725357056,-12.090691924095154
1,1,block_2,2,Provo_ID7,3,1079503,1259090,1,applied_drift,1741734782041,-22.115808725357056,-12.090691924095154
1,1,block_2,2,Provo_ID7,3,1079503,1259090,1,applied_drift,1741734782079,-22.115808725357056,-12.090691924095154
1,1,block_2,2,Provo_ID7,3,1079503,1259090,1,applied_drift,1741734782103,-22.115808725357056,-12.090691924095154
1,1,block_2,2,Provo_ID7,3,1079503,1259090,1,applied_drift,1741734782148,-22.115808725357056,-12.090691924095154
1,1,block_2,2,Provo_ID7,3,1079503,1259090,1,applied_drift,1741734782178,-22.115808725357056,-12.090691924095154
1,1,block_2,2,Provo_ID7,3,1079503,1259090,1,applied_drift,1741734782214,-22.115808725357056,-12.090691924095154
1,1,block_2,2,Provo_ID7,3,1079503,1259090,1,applied_drift,1741734782247,-22.115808725357056,-12.090691924095154
1,1,block_2,2,Provo_ID7,3,1079503,1259090,1,applied_drift,1741734782283,-22.115808725357056,-12.090691924095154
1,1,block_2,2,Provo_ID7,3,1079503,1259090,1,applied_drift,1741734782302,-22.115808725357056,-12.090691924095154
1,1,block_2,2,Provo_ID7,3,1079503,1259090,1,applied_drift,1741734782345,-22.115808725357056,-12.090691924095154
1,1,block_2,2,Provo_ID7,3,1079503,1259090,1,applied_drift,1741734782398,-22.115808725357056,-12.090691924095154
1,1,block_2,2,Provo_ID7,3,1079503,1259090,1,applied_drift,1741734782431,-22.115808725357056,-12.090691924095154
1,1,block_2,2,Provo_ID7,3,1079503,1259090,1,applied_drift,1741734782473,-22.115808725357056,-12.090691924095154
1,1,block_2,2,Provo_ID7,3,1079503,1259090,1,applied_drift,1741734782552,-22.115808725357056,-12.090691924095154
1,1,block_2,2,Provo_ID7,3,1079503,1259090,1,error_trial,1741734745071,""
1,1,block_2,2,Provo_ID7,3,1079503,1259090,1,error_trial,1741734769392,73.99393717447917
1,1,block_2,2,Provo_ID7,3,1079503,1259090,1,error_trial_x,1741734745071,""
1,1,block_2,2,Provo_ID7,3,1079503,1259090,1,error_trial_x,1741734769392,60.37187364366319
1,1,block_2,2,Provo_ID7,3,1079503,1259090,1,error_trial_y,1741734745071,""
1,1,block_2,2,Provo_ID7,3,1079503,1259090,1,error_trial_y,1741734769392,32.14178721110026
1,1,block_2,2,Provo_ID7,3,1079503,1259090,1,error_calibration,1741734745071,""
1,1,block_2,2,Provo_ID7,3,1079503,1259090,1,error_calibration,1741734769392,37.97401004367404
1,1,block_2,2,Provo_ID7,3,1079503,1259090,1,error_calibration_x,1741734745071,""
1,1,block_2,2,Provo_ID7,3,1079503,1259090,1,error_calibration_x,1741734769392,29.178551567925346
1,1,block_2,2,Provo_ID7,3,1079503,1259090,1,error_calibration_y,1741734745071,""
1,1,block_2,2,Provo_ID7,3,1079503,1259090,1,error_calibration_y,1741734769392,18.495686848958332
1,1,block_2,2,Provo_ID7,3,1079503,1259090,1,gaze_conf,"",
1,1,block_2,2,Provo_ID2,4,1079503,1259090,1,gaze_data,1741734787064,
1,1,block_2,2,Provo_ID2,4,1079503,1259090,1,gaze_data,1741734811038,313.47936391830444,231.6458359360695,1741734810970.5,0.9294350249724044
1,1,block_2,2,Provo_ID2,4,1079503,1259090,1,gaze_data,1741734811070,296.5344309806824,221.17094919085503,1741734811004.3,0.9581310968730969
1,1,block_2,2,Provo_ID2,4,1079503,1259090,1,gaze_data,1741734811099,293.50966215133667,225.4922766238451,1741734811037,0.9581310968730969
1,1,block_2,2,Provo_ID2,4,1079503,1259090,1,gaze_data,1741734811141,318.0681347846985,212.44793608784676,1741734811070.4001,1
1,1,block_2,2,Provo_ID2,4,1079503,1259090,1,gaze_data,1741734811186,299.9200701713562,214.21971768140793,1741734811138.6,0.9641015137157751
1,1,block_2,2,Provo_ID2,4,1079503,1259090,1,gaze_data,1741734811211,305.61636686325073,204.86926138401031,1741734811170.1,0.9641015137157751
1,1,block_2,2,Provo_ID2,4,1079503,1259090,1,gaze_data,1741734811248,316.74731969833374,207.79016837477684,1741734811203.6,0.9703585246706479
1,1,block_2,2,Provo_ID2,4,1079503,1259090,1,gaze_data,1741734811285,294.37241554260254,210.85395142436028,1741734811236.6,1
1,1,block_2,2,Provo_ID2,4,1079503,1259090,1,gaze_data,1741734811312,198.81024360656738,165.60832262039185,1741734811270.2,1
1,1,block_2,2,Provo_ID2,4,1079503,1259090,1,gaze_data,1741734811360,125.28433799743652,132.1519896388054,1741734811319.7,1
1,1,block_2,2,Provo_ID2,4,1079503,1259090,1,gaze_data,1741734811403,121.9184398651123,117.50777661800385,1741734811339.2,1
1,1,block_2,2,Provo_ID2,4,1079503,1259090,1,gaze_data,1741734811422,135.30559539794922,103.41041386127472,1741734811369.9001,1
1,1,block_2,2,Provo_ID2,4,1079503,1259090,1,gaze_data,1741734811463,107.91277885437012,108.01819562911987,1741734811403.9001,1
1,1,block_2,2,Provo_ID2,4,1079503,1259090,1,gaze_data,1741734811502,102.9271125793457,92.64812469482422,1741734811436.7,1
1,1,block_2,2,Provo_ID2,4,1079503,1259090,1,gaze_data,1741734811521,93.1297779083252,92.27480590343475,1741734811470.5,1
1,1,block_2,2,Provo_ID2,4,1079503,1259090,1,gaze_data,1741734811558,95.44491767883301,114.97560739517212,1741734811502.9001,1
1,1,block_2,2,Provo_ID2,4,1079503,1259090,1,gaze_data,1741734811612,85.4970932006836,93.77778172492981,1741734811543.6,1
1,1,block_2,2,Provo_ID2,4,1079503,1259090,1,gaze_data,1741734811629,79.85739707946777,84.80202257633209,1741734811569.8,1
1,1,block_2,2,Provo_ID2,4,1079503,1259090,1,gaze_data,1741734811684,108.4174633026123,59.199994802474976,1741734811603.5,1
1,1,block_2,2,Provo_ID2,4,1079503,1259090,1,gaze_data,1741734811709,109.90729331970215,79.00032997131348,1741734811637.2,1
1,1,block_2,2,Provo_ID2,4,1079503,1259090,1,gaze_data,1741734811744,94.87581253051758,93.7068372964859,1741734811670.6,1
1,1,block_2,2,Provo_ID2,4,1079503,1259090,1,gaze_data,1741734811764,101.82757377624512,84.56098139286041,1741734811703.2,1
1,1,block_2,2,Provo_ID2,4,1079503,1259090,1,gaze_data,1741734811815,230.77434301376343,135.68289428949356,1741734811737.2,1
1,1,block_2,2,Provo_ID2,4,1079503,1259090,1,gaze_data,1741734811851,295.19277811050415,140.7211035490036,1741734811774.4001,1
1,1,block_2,2,Provo_ID2,4,1079503,1259090,1,gaze_data,1741734811879,326.8130302429199,133.95354747772217,1741734811804,1
1,1,block_2,2,Provo_ID2,4,1079503,1259090,1,gaze_data,1741734811912,336.7272615432739,131.11927956342697,1741734811836.3,1
1,1,block_2,2,Provo_ID2,4,1079503,1259090,1,gaze_data,1741734811939,343.79640221595764,129.751718044281,1741734811870.2,1
1,1,block_2,2,Provo_ID2,4,1079503,1259090,1,gaze_data,1741734811982,354.1899263858795,145.84950953722,1741734811903.3,1
1,1,block_2,2,Provo_ID2,4,1079503,1259090,1,gaze_data,1741734812007,466.2068843841553,97.74979054927826,1741734811937.3,1
1,1,block_2,2,Provo_ID2,4,1079503,1259090,1,gaze_data,1741734812049,453.2470226287842,89.08048868179321,1741734811971,1
1,1,block_2,2,Provo_ID2,4,1079503,1259090,1,gaze_data,1741734812067,457.55579471588135,78.86726260185242,1741734812004,1
1,1,block_2,2,Provo_ID2,4,1079503,1259090,1,gaze_data,1741734812109,510.0443363189697,73.12754392623901,1741734812036.6,1
1,1,block_2,2,Provo_ID2,4,1079503,1259090,1,gaze_data,1741734812144,524.3223667144775,82.47671127319336,1741734812070,1
1,1,block_2,2,Provo_ID2,4,1079503,1259090,1,gaze_data,1741734812172,565.9114718437195,87.99851536750793,1741734812103.5,1
1,1,block_2,2,Provo_ID2,4,1079503,1259090,1,gaze_data,1741734812211,507.5190782546997,79.09227013587952,1741734812136.6,1
1,1,block_2,2,Provo_ID2,4,1079503,1259090,1,gaze_data,1741734812229,447.6431578397751,96.76898121833801,1741734812170.3,1
1,1,block_2,2,Provo_ID2,4,1079503,1259090,1,gaze_data,1741734812272,289.7846221923828,206.07607662677765,1741734812203.3,1
1,1,block_2,2,Provo_ID2,4,1079503,1259090,1,gaze_data,1741734812319,241.79699420928955,188.0044773221016,1741734812269.9001,1
1,1,block_2,2,Provo_ID2,4,1079503,1259090,1,gaze_data,1741734812347,240.48653841018677,183.30632746219635,1741734812303.6,1
1,1,block_2,2,Provo_ID2,4,1079503,1259090,1,gaze_data,1741734812376,226.14089250564575,179.86918836832047,1741734812336.5,1
1,1,block_2,2,Provo_ID2,4,1079503,1259090,1,gaze_data,1741734812428,228.38882207870483,167.75769591331482,1741734812369.4001,1
1,1,block_2,2,Provo_ID2,4,1079503,1259090,1,gaze_data,1741734812452,233.10891389846802,155.6352660059929,1741734812403.1,1
1,1,block_2,2,Provo_ID2,4,1079503,1259090,1,gaze_data,1741734812501,237.40590810775757,197.0008336007595,1741734812446.1,1
1,1,block_2,2,Provo_ID2,4,1079503,1259090,1,gaze_data,1741734812522,296.5470314025879,229.71573881804943,1741734812469.9001,1
1,1,block_2,2,Provo_ID2,4,1079503,1259090,1,gaze_data,1741734812562,355.1862120628357,189.78907018899918,1741734812502.8,1
1,1,block_2,2,Provo_ID2,4,1079503,1259090,1,gaze_data,1741734812597,430.86432814598083,189.53944966197014,1741734812536.5,0.903880064374313
1,1,block_2,2,Provo_ID2,4,1079503,1259090,1,gaze_data,1741734812622,415.99007695913315,161.20237708091736,1741734812569.7,0.903880064374313
1,1,block_2,2,Provo_ID2,4,1079503,1259090,1,gaze_data,1741734812665,448.9836037158966,193.2897813618183,1741734812602.8,1
1,1,block_2,2,Provo_ID2,4,1079503,1259090,1,gaze_data,1741734812705,488.5200500488281,197.70186245441437,1741734812636.2,1
1,1,block_2,2,Provo_ID2,4,1079503,1259090,1,gaze_data,1741734812732,467.27492809295654,195.04766017198563,1741734812670,1
1,1,block_2,2,Provo_ID2,4,1079503,1259090,1,gaze_data,1741734812756,491.3658857345581,183.41005444526672,1741734812702.6,1
1,1,block_2,2,Provo_ID2,4,1079503,1259090,1,gaze_data,1741734812802,515.6663656234741,197.8366956114769,1741734812736.6,1
1,1,block_2,2,Provo_ID2,4,1079503,1259090,1,gaze_data,1741734812840,516.7869448661804,211.3259755074978,1741734812769.3,1
1,1,block_2,2,Provo_ID2,4,1079503,1259090,1,gaze_data,1741734812867,312.2865915298462,302.4826407432556,1741734812803.1,1
1,1,block_2,2,Provo_ID2,4,1079503,1259090,1,gaze_data,1741734812895,258.29118490219116,298.32146167755127,1741734812836.2,1
1,1,block_2,2,Provo_ID2,4,1079503,1259090,1,gaze_data,1741734812921,241.84280633926392,301.8556743860245,1741734812869.5,1
1,1,block_2,2,Provo_ID2,4,1079503,1259090,1,gaze_data,1741734812959,241.4215087890625,307.65089988708496,1741734812902.6,1
1,1,block_2,2,Provo_ID2,4,1079503,1259090,1,gaze_data,1741734812992,249.73992109298706,313.01549673080444,1741734812936.8,1
1,1,block_2,2,Provo_ID2,4,1079503,1259090,1,gaze_data,1741734813026,241.45851135253906,323.28241914510727,1741734812969.8,1
1,1,block_2,2,Provo_ID2,4,1079503,1259090,1,gaze_data,1741734813058,203.93816232681274,337.1879518032074,1741734813005.2,1
1,1,block_2,2,Provo_ID2,4,1079503,1259090,1,gaze_data,1741734813101,316.66979789733887,349.27669763565063,1741734813035.8,0.9786295790256365
1,1,block_2,2,Provo_ID2,4,1079503,1259090,1,gaze_data,1741734813124,320.53805589675903,345.77125161886215,1741734813069.7,0.9786295790256365
1,1,block_2,2,Provo_ID2,4,1079503,1259090,1,gaze_data,1741734813158,423.97223114967346,350.2615451812744,1741734813102.6,1
1,1,block_2,2,Provo_ID2,4,1079503,1259090,1,gaze_data,1741734813203,390.8438980579376,319.9035957455635,1741734813136,1
1,1,block_2,2,Provo_ID2,4,1079503,1259090,1,gaze_data,1741734813229,396.19878232479095,332.56008327007294,1741734813169.5,1
1,1,block_2,2,Provo_ID2,4,1079503,1259090,1,gaze_data,1741734813271,390.93010425567627,327.0837798714638,1741734813202.8,1
1,1,block_2,2,Provo_ID2,4,1079503,1259090,1,gaze_data,1741734813298,389.1492575407028,344.1519796848297,1741734813247.9001,1
1,1,block_2,2,Provo_ID2,4,1079503,1259090,1,gaze_data,1741734813341,377.2319734096527,320.9390178322792,1741734813269.6,1
1,1,block_2,2,Provo_ID2,4,1079503,1259090,1,gaze_data,1741734813374,332.29249715805054,335.37129163742065,1741734813302.8,1
1,1,block_2,2,Provo_ID2,4,1079503,1259090,1,gaze_data,1741734813403,353.5727381706238,339.89689350128174,1741734813347.9001,1
1,1,block_2,2,Provo_ID2,4,1079503,1259090,1,gaze_data,1741734813469,379.1027247905731,331.2495931982994,1741734813369,1
1,1,block_2,2,Provo_ID2,4,1079503,1259090,1,gaze_data,1741734813533,405.6612551212311,274.70043152570724,1741734813477.7,1
1,1,block_2,2,Provo_ID2,4,1079503,1259090,1,gaze_data,1741734813558,401.11471116542816,149.14750158786774,1741734813514.1,1
1,1,block_2,2,Provo_ID2,4,1079503,1259090,1,gaze_data,1741734813622,302.4066209793091,160.42466312646866,1741734813540.5,1
1,1,block_2,2,Provo_ID2,4,1079503,1259090,1,gaze_data,1741734813653,129.1499137878418,333.20216685533524,1741734813604.3,0
1,1,block_2,2,Provo_ID2,4,1079503,1259090,1,gaze_data,1741734813675,173.20032119750977,383.9782238006592,1741734813635.6,0
1,1,block_2,2,Provo_ID2,4,1079503,1259090,1,gaze_data,1741734813709,221.76326513290405,385.94450652599335,1741734813669.8,0
1,1,block_2,2,Provo_ID2,4,1079503,1259090,1,gaze_data,1741734813756,328.04731130599976,286.5871846675873,1741734813702.2,0
1,1,block_2,2,Provo_ID2,4,1079503,1259090,1,gaze_data,1741734813773,301.34358406066895,295.38313895463943,1741734813735.9001,0
1,1,block_2,2,Provo_ID2,4,1079503,1259090,1,gaze_data,1741734813829,267.5392150878906,276.6939014196396,1741734813788.7,0.17102505085306705
1,1,block_2,2,Provo_ID2,4,1079503,1259090,1,gaze_data,1741734813865,150.78415870666504,233.22998117655516,1741734813802.7,0.3344564729131613
1,1,block_2,2,Provo_ID2,4,1079503,1259090,1,gaze_data,1741734813897,187.6739501953125,268.8896045088768,1741734813835.4001,0.3344564729131613
1,1,block_2,2,Provo_ID2,4,1079503,1259090,1,gaze_data,1741734813939,44.27361488342285,380.8949202299118,1741734813869.2,0
1,1,block_2,2,Provo_ID2,4,1079503,1259090,1,gaze_data,1741734813965,92.32182502746582,370.302951335907,1741734813902.3,0
1,1,block_2,2,Provo_ID2,4,1079503,1259090,1,gaze_data,1741734813999,297.3997116088867,353.14219295978546,1741734813935.8,0
1,1,block_2,2,Provo_ID2,4,1079503,1259090,1,gaze_data,1741734814019,229.22896146774292,424.9918222427368,1741734813969.3,0
1,1,block_2,2,Provo_ID2,4,1079503,1259090,1,gaze_data,1741734814063,226.32259130477905,402.39424109458923,1741734814002.5,0
1,1,block_2,2,Provo_ID2,4,1079503,1259090,1,gaze_data,1741734814114,344.2668080329895,379.90663051605225,1741734814035.3,0.21705466848433552
1,1,block_2,2,Provo_ID2,4,1079503,1259090,1,gaze_data,1741734814146,306.2305688858032,365.00797271728516,1741734814102.4001,0.21705466848433552
1,1,block_2,2,Provo_ID2,4,1079503,1259090,1,gaze_data,1741734814180,342.447966337204,369.9405550956726,1741734814135.9001,0.321201397252106
1,1,block_2,2,Provo_ID2,4,1079503,1259090,1,gaze_data,1741734814226,448.9921748638153,377.31430530548096,1741734814168.6,0.6240307759930576
1,1,block_2,2,Provo_ID2,4,1079503,1259090,1,gaze_data,1741734814255,523.0918884277344,421.5368390083313,1741734814202.3,0.6240307759930576
1,1,block_2,2,Provo_ID2,4,1079503,1259090,1,gaze_data,1741734814292,517.8954124450684,425.80243051052094,1741734814235.1,0.3722742428519627
1,1,block_2,2,Provo_ID2,4,1079503,1259090,1,gaze_data,1741734814335,511.00332736968994,455.40634393692017,1741734814282,0.3722742428519627
1,1,block_2,2,Provo_ID2,4,1079503,1259090,1,gaze_data,1741734814367,510.98331212997437,412.5286102294922,1741734814303.1,0.43716370871192484
1,1,block_2,2,Provo_ID2,4,1079503,1259090,1,gaze_data,1741734814390,510.37678718566895,436.6398960351944,1741734814335.6,0.43716370871192484
1,1,block_2,2,Provo_ID2,4,1079503,1259090,1,gaze_data,1741734814429,532.3221802711487,389.2433702945709,1741734814368.6,0.7096744498484282
1,1,block_2,2,Provo_ID2,4,1079503,1259090,1,gaze_data,1741734814455,526.1592626571655,388.1278097629547,1741734814402.4001,0.7096744498484282
1,1,block_2,2,Provo_ID2,4,1079503,1259090,1,gaze_data,1741734814508,551.4474391937256,338.6905252933502,1741734814435.7,0.7270709350043969
1,1,block_2,2,Provo_ID2,4,1079503,1259090,1,gaze_data,1741734814543,556.0528993606567,327.13498771190643,1741734814476.6,0.9184552041332763
1,1,block_2,2,Provo_ID2,4,1079503,1259090,1,gaze_data,1741734814582,479.03708815574646,327.7936488389969,1741734814536.6,0.9184552041332763
1,1,block_2,2,Provo_ID2,4,1079503,1259090,1,gaze_data,1741734814658,309.24062728881836,343.4043884277344,1741734814569.6,1
1,1,block_2,2,Provo_ID2,4,1079503,1259090,1,gaze_data,1741734814712,241.7481541633606,364.56938683986664,1741734814635.4001,1
1,1,block_2,2,Provo_ID2,4,1079503,1259090,1,gaze_data,1741734814772,189.93453979492188,397.0096468925476,1741734814669.3,0.927857747962743
1,1,block_2,2,Provo_ID2,4,1079503,1259090,1,gaze_data,1741734814818,158.27856063842773,432.37265050411224,1741734814736.1,0.927857747962743
1,1,block_2,2,Provo_ID2,4,1079503,1259090,1,gaze_data,1741734814843,178.7132740020752,477.1100640296936,1741734814770.9001,0.927857747962743
1,1,block_2,2,Provo_ID2,4,1079503,1259090,1,gaze_data,1741734814930,308.5254430770874,434.4239592552185,1741734814802.6,0.9105046284828311
1,1,block_2,2,Provo_ID2,4,1079503,1259090,1,gaze_data,1741734814977,400.39316415786743,406.11632764339447,1741734814902,0.9105046284828311
1,1,block_2,2,Provo_ID2,4,1079503,1259090,1,gaze_data,1741734815054,521.0924625396729,325.4546731710434,1741734814935.9001,1
1,1,block_2,2,Provo_ID2,4,1079503,1259090,1,gaze_data,1741734815091,595.4360008239746,337.9615381360054,1741734815035.9001,1
1,1,block_2,2,Provo_ID2,4,1079503,1259090,1,gaze_data,1741734815121,591.8712258338928,368.4335708618164,1741734815069.2,0.8430511588889391
1,1,block_2,2,Provo_ID2,4,1079503,1259090,1,gaze_data,1741734815141,624.2608547210693,370.0578570365906,1741734815101.8,0.8430511588889391
1,1,block_2,2,Provo_ID2,4,1079503,1259090,1,gaze_data,1741734815169,674.5936870574951,350.90648233890533,1741734815135.3,0.8430511588889391
1,1,block_2,2,Provo_ID2,4,1079503,1259090,1,gaze_data,1741734815213,533.9123964309692,372.18787372112274,1741734815168.1,0.8955751978951225
1,1,block_2,2,Provo_ID2,4,1079503,1259090,1,gaze_data,1741734815289,468.40643286705017,317.76682883501053,1741734815235.1,0.859441642722901
1,1,block_2,2,Provo_ID2,4,1079503,1259090,1,gaze_data,1741734815317,330.0277590751648,172.51805067062378,1741734815271.9001,0.859441642722901
1,1,block_2,2,Provo_ID2,4,1079503,1259090,1,gaze_data,1741734815352,192.76480674743652,116.61573350429535,1741734815302.7,1
1,1,block_2,2,Provo_ID2,4,1079503,1259090,1,gaze_data,1741734815373,195.7557201385498,98.53265285491943,1741734815335.1,1
1,1,block_2,2,Provo_ID2,4,1079503,1259090,1,gaze_data,1741734815416,134.20395851135254,45.34452259540558,1741734815368.2,0.8608153561261704
1,1,block_2,2,Provo_ID2,4,1079503,1259090,1,gaze_data,1741734815449,132.5265884399414,64.13041651248932,1741734815404.2,1
1,1,block_2,2,Provo_ID2,4,1079503,1259090,1,gaze_data,1741734815502,139.5646572113037,63.07045221328735,1741734815446.5,0.9646776922489746
1,1,block_2,2,Provo_ID2,4,1079503,1259090,1,gaze_data,1741734815518,154.7438144683838,117.94297993183136,1741734815468.5,0.9646776922489746
1,1,block_2,2,Provo_ID2,4,1079503,1259090,1,gaze_data,1741734815563,131.3337802886963,116.15971326828003,1741734815501.3,1
1,1,block_2,2,Provo_ID2,4,1079503,1259090,1,gaze_data,1741734815599,162.18562126159668,95.57147920131683,1741734815535,1
1,1,block_2,2,Provo_ID2,4,1079503,1259090,1,gaze_data,1741734815622,162.03527450561523,108.01341235637665,1741734815568.1,1
1,1,block_2,2,Provo_ID2,4,1079503,1259090,1,gaze_data,1741734815663,152.83584594726562,113.78938555717468,1741734815601.7,1
1,1,block_2,2,Provo_ID2,4,1079503,1259090,1,gaze_data,1741734815692,240.19232988357544,131.3097909092903,1741734815648,1
1,1,block_2,2,Provo_ID2,4,1079503,1259090,1,gaze_data,1741734815726,279.5309782028198,163.02940100431442,1741734815668.4001,1
1,1,block_2,2,Provo_ID2,4,1079503,1259090,1,gaze_data,1741734815759,293.6343312263489,156.87257647514343,1741734815701.3,1
1,1,block_2,2,Provo_ID2,4,1079503,1259090,1,gaze_data,1741734815786,308.61873626708984,161.21829897165298,1741734815735.1,1
1,1,block_2,2,Provo_ID2,4,1079503,1259090,1,gaze_data,1741734815829,373.5608220100403,152.53233015537262,1741734815767.9001,1
1,1,block_2,2,Provo_ID2,4,1079503,1259090,1,gaze_data,1741734815864,375.59945583343506,153.98690700531006,1741734815801.9001,1
1,1,block_2,2,Provo_ID2,4,1079503,1259090,1,gaze_data,1741734815894,374.91952180862427,155.76469749212265,1741734815855.7,1
1,1,block_2,2,Provo_ID2,4,1079503,1259090,1,gaze_data,1741734815929,269.54106092453003,272.9717329144478,1741734815868.4001,1
1,1,block_2,2,Provo_ID2,4,1079503,1259090,1,gaze_data,1741734815976,209.8530888557434,285.2765753865242,1741734815901.3,1
1,1,block_2,2,Provo_ID2,4,1079503,1259090,1,gaze_data,1741734815993,203.33811044692993,269.21792924404144,1741734815935.1,1
1,1,block_2,2,Provo_ID2,4,1079503,1259090,1,gaze_data,1741734816030,211.09310388565063,279.9077093601227,1741734815967.9001,1
1,1,block_2,2,Provo_ID2,4,1079503,1259090,1,gaze_data,1741734816056,186.04869842529297,273.3990088105202,1741734816001.7,1
1,1,block_2,2,Provo_ID2,4,1079503,1259090,1,gaze_data,1741734816100,175.7706642150879,306.0427963733673,1741734816053.8,1
1,1,block_2,2,Provo_ID2,4,1079503,1259090,1,gaze_data,1741734816144,161.3985538482666,310.93713492155075,1741734816068.5,1
1,1,block_2,2,Provo_ID2,4,1079503,1259090,1,gaze_data,1741734816170,151.4521598815918,294.5992335677147,1741734816102.1,1
1,1,block_2,2,Provo_ID2,4,1079503,1259090,1,gaze_data,1741734816203,198.96702766418457,309.9001705646515,1741734816134.8,1
1,1,block_2,2,Provo_ID2,4,1079503,1259090,1,gaze_data,1741734816224,266.53411388397217,336.91174387931824,1741734816167.9001,1
1,1,block_2,2,Provo_ID2,4,1079503,1259090,1,gaze_data,1741734816266,370.2124774456024,325.4588231444359,1741734816201.3,1
1,1,block_2,2,Provo_ID2,4,1079503,1259090,1,gaze_data,1741734816304,334.14560556411743,357.49173760414124,1741734816234.6,1
1,1,block_2,2,Provo_ID2,4,1079503,1259090,1,gaze_data,1741734816329,344.7604775428772,351.04014575481415,1741734816268.4001,1
1,1,block_2,2,Provo_ID2,4,1079503,1259090,1,gaze_data,1741734816361,405.85117638111115,339.2163425683975,1741734816301.6,1
1,1,block_2,2,Provo_ID2,4,1079503,1259090,1,gaze_data,1741734816392,442.31606125831604,217.53318645060062,1741734816334.7,1
1,1,block_2,2,Provo_ID2,4,1079503,1259090,1,gaze_data,1741734816428,589.9321675300598,129.46819365024567,1741734816367.9001,1
1,1,block_2,2,Provo_ID2,4,1079503,1259090,1,gaze_data,1741734816474,537.958812713623,82.22251236438751,1741734816402,0.8911240707846613
1,1,block_2,2,Provo_ID2,4,1079503,1259090,1,gaze_data,1741734816499,530.5458545684814,61.553797125816345,1741734816434.6,0.8911240707846613
1,1,block_2,2,Provo_ID2,4,1079503,1259090,1,gaze_data,1741734816537,472.2348749637604,45.04246115684509,1741734816468.1,0.8978706503009932
1,1,block_2,2,Provo_ID2,4,1079503,1259090,1,gaze_data,1741734816560,506.58118724823,44.36657428741455,1741734816501.1,0.8978706503009932
1,1,block_2,2,Provo_ID2,4,1079503,1259090,1,gaze_data,1741734816592,496.02742195129395,58.03534984588623,1741734816534.5,0.8630385064848207
1,1,block_2,2,Provo_ID2,4,1079503,1259090,1,gaze_data,1741734816646,467.79693365097046,68.35629642009735,1741734816577.3,1
1,1,block_2,2,Provo_ID2,4,1079503,1259090,1,gaze_data,1741734816676,374.2062211036682,174.64740425348282,1741734816602.3,1
1,1,block_2,2,Provo_ID2,4,1079503,1259090,1,gaze_data,1741734816707,375.335168838501,170.9933117032051,1741734816634.7,1
1,1,block_2,2,Provo_ID2,4,1079503,1259090,1,gaze_data,1741734816735,283.388090133667,260.51478683948517,1741734816669.6,1
1,1,block_2,2,Provo_ID2,4,1079503,1259090,1,gaze_data,1741734816775,198.9151954650879,278.7579394876957,1741734816701.5,1
1,1,block_2,2,Provo_ID2,4,1079503,1259090,1,gaze_data,1741734816803,155.14369010925293,283.11434984207153,1741734816734.8,1
1,1,block_2,2,Provo_ID2,4,1079503,1259090,1,gaze_data,1741734816846,161.3090991973877,293.8368231058121,1741734816767.6,0.9635461844249038
1,1,block_2,2,Provo_ID2,4,1079503,1259090,1,gaze_data,1741734816882,183.78782272338867,273.32224920392036,1741734816836.8,1
1,1,block_2,2,Provo_ID2,4,1079503,1259090,1,gaze_data,1741734816915,183.86483192443848,279.94967103004456,1741734816867.8,1
1,1,block_2,2,Provo_ID2,4,1079503,1259090,1,gaze_data,1741734816950,181.2556266784668,283.32552909851074,1741734816901,1
1,1,block_2,2,Provo_ID2,4,1079503,1259090,1,gaze_data,1741734816975,166.24407768249512,298.89672100543976,1741734816934.4001,1
1,1,block_2,2,Provo_ID2,4,1079503,1259090,1,gaze_data,1741734817015,142.8478240966797,286.4090822637081,1741734816967.5,0.9895153417668436
1,1,block_2,2,Provo_ID2,4,1079503,1259090,1,gaze_data,1741734817072,137.9948616027832,304.23776656389236,1741734817009.4001,1
1,1,block_2,2,Provo_ID2,4,1079503,1259090,1,gaze_data,1741734817111,219.8402762413025,344.36739832162857,1741734817034.7,1
1,1,block_2,2,Provo_ID2,4,1079503,1259090,1,gaze_data,1741734817133,274.6534585952759,352.6674270629883,1741734817067.8,1
1,1,block_2,2,Provo_ID2,4,1079503,1259090,1,gaze_data,1741734817165,311.800742149353,346.994324028492,1741734817101.1,1
1,1,block_2,2,Provo_ID2,4,1079503,1259090,1,gaze_data,1741734817197,357.04307556152344,353.813773393631,1741734817134.5,1
1,1,block_2,2,Provo_ID2,4,1079503,1259090,1,gaze_data,1741734817233,360.1348340511322,341.0568371415138,1741734817167.5,1
1,1,block_2,2,Provo_ID2,4,1079503,1259090,1,gaze_data,1741734817266,393.3177977800369,315.8573418855667,1741734817201.2,1
1,1,block_2,2,Provo_ID2,4,1079503,1259090,1,gaze_data,1741734817291,344.1866457462311,356.9670379161835,1741734817252.6,1
1,1,block_2,2,Provo_ID2,4,1079503,1259090,1,gaze_data,1741734817333,296.1469531059265,381.93965554237366,1741734817267.8,1
1,1,block_2,2,Provo_ID2,4,1079503,1259090,1,gaze_data,1741734817364,260.142183303833,406.3945770263672,1741734817302.1,0.895870241659765
1,1,block_2,2,Provo_ID2,4,1079503,1259090,1,gaze_data,1741734817393,238.47647905349731,382.8355133533478,1741734817334.4001,0.895870241659765
1,1,block_2,2,Provo_ID2,4,1079503,1259090,1,gaze_data,1741734817432,224.31482076644897,372.3608613014221,1741734817367.2,0.9301488469152708
1,1,block_2,2,Provo_ID2,4,1079503,1259090,1,gaze_data,1741734817465,210.3831171989441,371.3039815425873,1741734817401,0.8637607216987289
1,1,block_2,2,Provo_ID2,4,1079503,1259090,1,gaze_data,1741734817488,234.20814275741577,377.2025316953659,1741734817434.3,0.8637607216987289
1,1,block_2,2,Provo_ID2,4,1079503,1259090,1,gaze_data,1741734817527,216.99694395065308,415.40367007255554,1741734817467.8,0.9325275740430108
1,1,block_2,2,Provo_ID2,4,1079503,1259090,1,gaze_data,1741734817575,181.49175643920898,413.8215094804764,1741734817514.2,0.9503594793557619
1,1,block_2,2,Provo_ID2,4,1079503,1259090,1,gaze_data,1741734817601,187.4000072479248,399.989253282547,1741734817534.4001,0.9503594793557619
1,1,block_2,2,Provo_ID2,4,1079503,1259090,1,gaze_data,1741734817640,277.35350131988525,344.4595918059349,1741734817567.6,0.893341715637618
1,1,block_2,2,Provo_ID2,4,1079503,1259090,1,gaze_data,1741734817667,475.53691267967224,295.3034847974777,1741734817601.1,0.893341715637618
1,1,block_2,2,Provo_ID2,4,1079503,1259090,1,gaze_data,1741734817704,530.5801272392273,292.25306063890457,1741734817633.9001,0.9699638028446991
1,1,block_2,2,Provo_ID2,4,1079503,1259090,1,gaze_data,1741734817732,555.8754801750183,267.01730340719223,1741734817667.8,0.9699638028446991
1,1,block_2,2,Provo_ID2,4,1079503,1259090,1,gaze_data,1741734817776,494.63305473327637,253.67956273257732,1741734817706.6,0.8982805556577538
1,1,block_2,2,Provo_ID2,4,1079503,1259090,1,gaze_data,1741734817823,718.6689853668213,100.7530003786087,1741734817767.3,1
1,1,block_2,2,Provo_ID2,4,1079503,1259090,1,gaze_data,1741734817844,750.0720977783203,97.77461588382721,1741734817800.8,1
1,1,block_2,2,Provo_ID2,4,1079503,1259090,1,gaze_data,1741734817880,737.4003887176514,55.268293619155884,1741734817833.9001,0.7875373093894362
1,1,block_2,2,Provo_ID2,4,1079503,1259090,1,gaze_data,1741734817945,737.7365112304688,7.364159822463989,1741734817867.6,0.983105888513137
1,1,block_2,2,Provo_ID2,4,1079503,1259090,1,gaze_data,1741734817961,785.5949878692627,4.200881719589233,1741734817906.7,0.983105888513137
1,1,block_2,2,Provo_ID2,4,1079503,1259090,1,gaze_data,1741734817998,793.7390327453613,14.636179804801941,1741734817933.9001,1
1,1,block_2,2,Provo_ID2,4,1079503,1259090,1,gaze_data,1741734818047,739.5913600921631,-0.8708178997039795,1741734817967.5,1
1,1,block_2,2,Provo_ID2,4,1079503,1259090,1,gaze_data,1741734818073,764.5029067993164,21.17244005203247,1741734818001.5,1
1,1,block_2,2,Provo_ID2,4,1079503,1259090,1,gaze_data,1741734818115,768.0877208709717,15.697813034057617,1741734818033.8,1
1,1,block_2,2,Provo_ID2,4,1079503,1259090,1,gaze_data,1741734818142,794.7020530700684,14.458394050598145,1741734818068.9001,1
1,1,block_2,2,Provo_ID2,4,1079503,1259090,1,gaze_data,1741734818178,796.6478824615479,25.42065680027008,1741734818100.5,1
1,1,block_2,2,Provo_ID2,4,1079503,1259090,1,gaze_data,1741734818199,804.7393321990967,36.85378134250641,1741734818134.4001,1
1,1,block_2,2,Provo_ID2,4,1079503,1259090,1,gaze_data,1741734818237,756.2981128692627,21.7739999294281,1741734818167,1
1,1,block_2,2,Provo_ID2,4,1079503,1259090,1,gaze_data,1741734818261,751.2268543243408,5.544102191925049,1741734818201,1
1,1,block_2,2,Provo_ID2,4,1079503,1259090,1,gaze_data,1741734818305,736.1156940460205,6.471371650695801,1741734818254.8,1
1,1,block_2,2,Provo_ID2,4,1079503,1259090,1,gaze_data,1741734818332,737.4472618103027,30.728137493133545,1741734818272.7,1
1,1,block_2,2,Provo_ID2,4,1079503,1259090,1,gaze_data,1741734818483,703.4624576568604,22.773882746696472,1741734818307.3,1
1,1,block_2,2,Provo_ID2,4,1079503,1259090,1,gaze_data,1741734818533,429.90311682224274,412.83222138881683,1741734818459.9001,1
1,1,block_2,2,Provo_ID2,4,1079503,1259090,1,gaze_data,1741734818581,455.9899091720581,380.3025394678116,1741734818502,1
1,1,block_2,2,Provo_ID2,4,1079503,1259090,1,gaze_data,1741734818608,471.99199199676514,287.53524124622345,1741734818535.8,1
1,1,block_2,2,Provo_ID2,4,1079503,1259090,1,gaze_data,1741734818644,305.25301694869995,333.76989364624023,1741734818567.9001,1
1,1,block_2,2,Provo_ID2,4,1079503,1259090,1,gaze_data,1741734818671,302.3244261741638,355.0717294216156,1741734818601.7,1
1,1,block_2,2,Provo_ID2,4,1079503,1259090,1,gaze_data,1741734818711,295.10594606399536,367.3024535179138,1741734818634.4001,1
1,1,block_2,2,Provo_ID2,4,1079503,1259090,1,gaze_data,1741734818733,189.8219108581543,433.60856771469116,1741734818669,1
1,1,block_2,2,Provo_ID2,4,1079503,1259090,1,gaze_data,1741734818764,219.17039155960083,451.6279011964798,1741734818704.2,1
1,1,block_2,2,Provo_ID2,4,1079503,1259090,1,gaze_data,1741734818796,214.56061601638794,482.2740912437439,1741734818733.9001,1
1,1,block_2,2,Provo_ID2,4,1079503,1259090,1,gaze_data,1741734818837,178.98120880126953,428.29976081848145,1741734818767.3,1
1,1,block_2,2,Provo_ID2,4,1079503,1259090,1,gaze_data,1741734818868,131.3183307647705,392.22409427165985,1741734818800.5,0.8571467439654588
1,1,block_2,2,Provo_ID2,4,1079503,1259090,1,gaze_data,1741734818894,120.29895782470703,386.2270027399063,1741734818833.5,0.8571467439654588
1,1,block_2,2,Provo_ID2,4,1079503,1259090,1,gaze_data,1741734818929,167.5002098083496,361.7608308792114,1741734818867.5,0.8904933654738332
1,1,block_2,2,Provo_ID2,4,1079503,1259090,1,gaze_data,1741734818975,170.30606269836426,380.9656411409378,1741734818910.8,0.9159822226108836
1,1,block_2,2,Provo_ID2,4,1079503,1259090,1,gaze_data,1741734818997,158.46729278564453,210.6911264359951,1741734818934.4001,0.9159822226108836
1,1,block_2,2,Provo_ID2,4,1079503,1259090,1,gaze_data,1741734819040,187.77356147766113,119.22452449798584,1741734818967.2,0.9485796248297902
1,1,block_2,2,Provo_ID2,4,1079503,1259090,1,gaze_data,1741734819068,158.78515243530273,122.39588648080826,1741734819000.8,0.9485796248297902
1,1,block_2,2,Provo_ID2,4,1079503,1259090,1,gaze_data,1741734819107,163.85221481323242,107.25805759429932,1741734819033.4001,1
1,1,block_2,2,Provo_ID2,4,1079503,1259090,1,gaze_data,1741734819126,179.84910011291504,93.54079365730286,1741734819067.1,1
1,1,block_2,2,Provo_ID2,4,1079503,1259090,1,gaze_data,1741734819169,183.50238800048828,94.33618783950806,1741734819099.8,1
1,1,block_2,2,Provo_ID2,4,1079503,1259090,1,gaze_data,1741734819193,187.261962890625,112.76034116744995,1741734819136.9001,1
1,1,block_2,2,Provo_ID2,4,1079503,1259090,1,gaze_data,1741734819240,190.62819480895996,66.64619445800781,1741734819166.6,1
1,1,block_2,2,Provo_ID2,4,1079503,1259090,1,gaze_data,1741734819274,209.04628038406372,73.94293546676636,1741734819200.5,1
1,1,block_2,2,Provo_ID2,4,1079503,1259090,1,gaze_data,1741734819296,286.62174940109253,87.79036104679108,1741734819233.4001,1
1,1,block_2,2,Provo_ID2,4,1079503,1259090,1,gaze_data,1741734819340,309.2241883277893,118.05992424488068,1741734819267,1
1,1,block_2,2,Provo_ID2,4,1079503,1259090,1,gaze_data,1741734819360,296.36223316192627,117.78510212898254,1741734819299.9001,1
1,1,block_2,2,Provo_ID2,4,1079503,1259090,1,gaze_data,1741734819397,317.223596572876,112.30184733867645,1741734819333.8,1
1,1,block_2,2,Provo_ID2,4,1079503,1259090,1,gaze_data,1741734819444,309.7716212272644,107.433220744133,1741734819366.7,1
1,1,block_2,2,Provo_ID2,4,1079503,1259090,1,gaze_data,1741734819465,391.1514490842819,60.901305079460144,1741734819418.3,1
1,1,block_2,2,Provo_ID2,4,1079503,1259090,1,gaze_data,1741734819501,412.82538175582886,53.05489003658295,1741734819433.1,1
1,1,block_2,2,Provo_ID2,4,1079503,1259090,1,gaze_data,1741734819527,337.5986099243164,92.1950250864029,1741734819467,1
1,1,block_2,2,Provo_ID2,4,1079503,1259090,1,gaze_data,1741734819574,380.8914840221405,175.8456289768219,1741734819500.6,0
1,1,block_2,2,Provo_ID2,4,1079503,1259090,1,gaze_data,1741734819610,403.30024659633636,177.08117365837097,1741734819533.6,0
1,1,block_2,2,Provo_ID2,4,1079503,1259090,1,gaze_data,1741734819632,401.3693153858185,173.72400909662247,1741734819567.1,0
1,1,block_2,2,Provo_ID2,4,1079503,1259090,1,gaze_data,1741734819672,421.62241637706757,146.4707687497139,1741734819600.2,0.08589196639870436
1,1,block_2,2,Provo_ID2,4,1079503,1259090,1,gaze_data,1741734819692,445.0152039527893,132.04111009836197,1741734819636.3,0.08589196639870436
1,1,block_2,2,Provo_ID2,4,1079503,1259090,1,gaze_data,1741734819730,387.26693987846375,158.5896372795105,1741734819666.7,0.6977035155887287
1,1,block_2,2,Provo_ID2,4,1079503,1259090,1,gaze_data,1741734819773,373.2651889324188,133.8786542415619,1741734819700,1
1,1,block_2,2,Provo_ID2,4,1079503,1259090,1,gaze_data,1741734819802,313.89384269714355,212.0365522801876,1741734819733.9001,1
1,1,block_2,2,Provo_ID2,4,1079503,1259090,1,gaze_data,1741734819843,321.0097670555115,253.19988690316677,1741734819766.4001,1
1,1,block_2,2,Provo_ID2,4,1079503,1259090,1,gaze_data,1741734819862,306.23027086257935,252.38957479596138,1741734819809.2,1
1,1,block_2,2,Provo_ID2,4,1079503,1259090,1,gaze_data,1741734819897,261.64432764053345,248.81900511682034,1741734819834.1,1
1,1,block_2,2,Provo_ID2,4,1079503,1259090,1,gaze_data,1741734819939,274.1721272468567,196.2928868830204,1741734819866.7,1
1,1,block_2,2,Provo_ID2,4,1079503,1259090,1,gaze_data,1741734819972,265.8884048461914,200.3134474158287,1741734819901,1
1,1,block_2,2,Provo_ID2,4,1079503,1259090,1,gaze_data,1741734820010,294.6280241012573,213.69666829705238,1741734819933.5,1
1,1,block_2,2,Provo_ID2,4,1079503,1259090,1,gaze_data,1741734820031,311.72648668289185,196.84549272060394,1741734819966.3,1
1,1,block_2,2,Provo_ID2,4,1079503,1259090,1,gaze_data,1741734820087,253.91122102737427,232.78782460838556,1741734820000.1,1
1,1,block_2,2,Provo_ID2,4,1079503,1259090,1,gaze_data,1741734820108,267.06401109695435,245.31138725578785,1741734820033.1,1
1,1,block_2,2,Provo_ID2,4,1079503,1259090,1,gaze_data,1741734820145,371.164333820343,335.7880771160126,1741734820066.8,1
1,1,block_2,2,Provo_ID2,4,1079503,1259090,1,gaze_data,1741734820165,401.54772102832794,355.9654116630554,1741734820099.5,1
1,1,block_2,2,Provo_ID2,4,1079503,1259090,1,gaze_data,1741734820216,430.5315524339676,349.13424998521805,1741734820133,0.9791987397007742
1,1,block_2,2,Provo_ID2,4,1079503,1259090,1,gaze_data,1741734820251,359.07748341560364,351.9662082195282,1741734820166.1,1
1,1,block_2,2,Provo_ID2,4,1079503,1259090,1,gaze_data,1741734820273,358.6346507072449,348.935267329216,1741734820200,1
1,1,block_2,2,Provo_ID2,4,1079503,1259090,1,gaze_data,1741734820304,369.4006025791168,374.7343182563782,1741734820232.9001,1
1,1,block_2,2,Provo_ID2,4,1079503,1259090,1,gaze_data,1741734820335,377.02155113220215,378.5027027130127,1741734820266.6,1
1,1,block_2,2,Provo_ID2,4,1079503,1259090,1,gaze_data,1741734820374,386.6116404533386,385.7070416212082,1741734820299.4001,1
1,1,block_2,2,Provo_ID2,4,1079503,1259090,1,gaze_data,1741734820409,375.7854223251343,343.07551980018616,1741734820333.1,1
1,1,block_2,2,Provo_ID2,4,1079503,1259090,1,gaze_data,1741734820433,375.7854223251343,343.07551980018616,1741734820366.1,1
1,1,block_2,2,Provo_ID2,4,1079503,1259090,1,gaze_data,1741734820479,358.7426543235779,365.70120453834534,1741734820404.5,1
1,1,block_2,2,Provo_ID2,4,1079503,1259090,1,gaze_data,1741734820512,362.98136711120605,376.096373796463,1741734820432.6,1
1,1,block_2,2,Provo_ID2,4,1079503,1259090,1,gaze_data,1741734820532,382.9405903816223,384.8971486091614,1741734820466.3,1
1,1,block_2,2,Provo_ID2,4,1079503,1259090,1,gaze_data,1741734820575,326.78236961364746,365.53016901016235,1741734820499.2,1
1,1,block_2,2,Provo_ID2,4,1079503,1259090,1,gaze_data,1741734820596,326.78236961364746,365.53016901016235,1741734820533.1,1
1,1,block_2,2,Provo_ID2,4,1079503,1259090,1,gaze_data,1741734820647,257.4064612388611,425.7245570421219,1741734820572.9001,0.9932147616417542
1,1,block_2,2,Provo_ID2,4,1079503,1259090,1,gaze_data,1741734820684,248.54882955551147,362.0507627725601,1741734820599.8,1
1,1,block_2,2,Provo_ID2,4,1079503,1259090,1,gaze_data,1741734820701,264.1377568244934,363.52447271347046,1741734820632.8,1
1,1,block_2,2,Provo_ID2,4,1079503,1259090,1,gaze_data,1741734820737,225.64727067947388,344.405597448349,1741734820666.3,0.7536009710768643
1,1,block_2,2,Provo_ID2,4,1079503,1259090,1,gaze_data,1741734820784,225.71014165878296,387.8786325454712,1741734820699.3,0.7408861721279894
1,1,block_2,2,Provo_ID2,4,1079503,1259090,1,gaze_data,1741734820812,320.8901882171631,384.34057533741,1741734820734.1,0.7408861721279894
1,1,block_2,2,Provo_ID2,4,1079503,1259090,1,gaze_data,1741734820847,332.494580745697,365.5189782381058,1741734820770.7,0.8622918458099025
1,1,block_2,2,Provo_ID2,4,1079503,1259090,1,gaze_data,1741734820865,344.1933512687683,362.20929622650146,1741734820800.8,0.8622918458099025
1,1,block_2,2,Provo_ID2,4,1079503,1259090,1,gaze_data,1741734820910,398.54367673397064,367.10647344589233,1741734820832.4001,0.9163658954826395
1,1,block_2,2,Provo_ID2,4,1079503,1259090,1,gaze_data,1741734820947,359.1800630092621,375.3135710954666,1741734820865.8,0.8709868421061854
1,1,block_2,2,Provo_ID2,4,1079503,1259090,1,gaze_data,1741734820964,368.57768297195435,383.9808464050293,1741734820899.1,0.8709868421061854
1,1,block_2,2,Provo_ID2,4,1079503,1259090,1,gaze_data,1741734821004,398.105263710022,376.0735899209976,1741734820932.8,0.8015570770159685
1,1,block_2,2,Provo_ID2,4,1079503,1259090,1,gaze_data,1741734821047,365.4049813747406,403.97847294807434,1741734820965.8,0.9857954353316822
1,1,block_2,2,Provo_ID2,4,1079503,1259090,1,gaze_data,1741734821078,365.4049813747406,403.97847294807434,1741734820999.6,0.9857954353316822
1,1,block_2,2,Provo_ID2,4,1079503,1259090,1,gaze_data,1741734821113,352.855920791626,387.39704191684723,1741734821040.8,1
1,1,block_2,2,Provo_ID2,4,1079503,1259090,1,gaze_data,1741734821132,373.3717739582062,391.841059923172,1741734821068,1
1,1,block_2,2,Provo_ID2,4,1079503,1259090,1,gaze_data,1741734821177,356.92111253738403,400.378754734993,1741734821099,1
1,1,block_2,2,Provo_ID2,4,1079503,1259090,1,gaze_data,1741734821215,374.02146458625793,395.69897055625916,1741734821132.7,1
1,1,block_2,2,Provo_ID2,4,1079503,1259090,1,gaze_data,1741734821242,373.5380947589874,402.68873274326324,1741734821166,1
1,1,block_2,2,Provo_ID2,4,1079503,1259090,1,gaze_data,1741734821278,305.3757309913635,243.62326078116894,1741734821203,1
1,1,block_2,2,Provo_ID2,4,1079503,1259090,1,gaze_data,1741734821299,308.39184522628784,151.50695145130157,1741734821232.3,1
1,1,block_2,2,Provo_ID2,4,1079503,1259090,1,gaze_data,1741734821340,299.86664056777954,85.74462532997131,1741734821266,1
1,1,block_2,2,Provo_ID2,4,1079503,1259090,1,gaze_data,1741734821385,244.01216506958008,40.59775769710541,1741734821299,0.9780849865094106
1,1,block_2,2,Provo_ID2,4,1079503,1259090,1,gaze_data,1741734821411,277.7690291404724,44.53740119934082,1741734821332.8,0.9780849865094106
1,1,block_2,2,Provo_ID2,4,1079503,1259090,1,gaze_data,1741734821446,281.6947340965271,57.19674229621887,1741734821365.8,1
1,1,block_2,2,Provo_ID2,4,1079503,1259090,1,gaze_data,1741734821468,278.8605570793152,64.36601877212524,1741734821399.7,1
1,1,block_2,2,Provo_ID2,4,1079503,1259090,1,gaze_data,1741734821512,276.8060564994812,70.49982845783234,1741734821432.2,1
1,1,block_2,2,Provo_ID2,4,1079503,1259090,1,gaze_data,1741734821532,184.9937915802002,176.04284584522247,1741734821474.8,1
1,1,block_2,2,Provo_ID2,4,1079503,1259090,1,gaze_data,1741734821568,175.34503936767578,166.79555773735046,1741734821501.8,1
1,1,block_2,2,Provo_ID2,4,1079503,1259090,1,gaze_data,1741734821611,171.25883102416992,120.76902985572815,1741734821532.6,1
1,1,block_2,2,Provo_ID2,4,1079503,1259090,1,gaze_data,1741734821635,164.03989791870117,122.90938049554825,1741734821565.6,1
1,1,block_2,2,Provo_ID2,4,1079503,1259090,1,gaze_data,1741734821668,225.34500360488892,145.45100778341293,1741734821599.4001,1
1,1,block_2,2,Provo_ID2,4,1079503,1259090,1,gaze_data,1741734821717,312.46654987335205,158.25798213481903,1741734821632.2,1
1,1,block_2,2,Provo_ID2,4,1079503,1259090,1,gaze_data,1741734821735,312.46654987335205,158.25798213481903,1741734821665.7,1
1,1,block_2,2,Provo_ID2,4,1079503,1259090,1,gaze_data,1741734821778,440.02186954021454,138.43898326158524,1741734821727.2,0.9979233621224459
1,1,block_2,2,Provo_ID2,4,1079503,1259090,1,gaze_data,1741734821806,423.2027515769005,135.29682010412216,1741734821732.8,0.9979233621224459
1,1,block_2,2,Provo_ID2,4,1079503,1259090,1,gaze_data,1741734821839,463.1807565689087,99.09114837646484,1741734821765.6,1
1,1,block_2,2,Provo_ID2,4,1079503,1259090,1,gaze_data,1741734821863,448.1088399887085,110.51269471645355,1741734821799,1
1,1,block_2,2,Provo_ID2,4,1079503,1259090,1,gaze_data,1741734821907,416.31705313920975,155.64817041158676,1741734821831.9001,1
1,1,block_2,2,Provo_ID2,4,1079503,1259090,1,gaze_data,1741734821951,421.8747988343239,149.01494085788727,1741734821865.7,1
1,1,block_2,2,Provo_ID2,4,1079503,1259090,1,gaze_data,1741734821974,274.3894100189209,283.3408884704113,1741734821924.1,1
1,1,block_2,2,Provo_ID2,4,1079503,1259090,1,gaze_data,1741734822015,272.45566844940186,256.88130632042885,1741734821938,1
1,1,block_2,2,Provo_ID2,4,1079503,1259090,1,gaze_data,1741734822036,282.70808458328247,252.25793980062008,1741734821965.6,1
1,1,block_2,2,Provo_ID2,4,1079503,1259090,1,gaze_data,1741734822068,262.97651529312134,239.92626871913671,1741734821999,1
1,1,block_2,2,Provo_ID2,4,1079503,1259090,1,gaze_data,1741734822107,265.5994653701782,233.0033503472805,1741734822032.1,1
1,1,block_2,2,Provo_ID2,4,1079503,1259090,1,gaze_data,1741734822140,265.5994653701782,233.0033503472805,1741734822066.4001,1
1,1,block_2,2,Provo_ID2,4,1079503,1259090,1,gaze_data,1741734822177,183.71191024780273,306.97759091854095,1741734822106,1
1,1,block_2,2,Provo_ID2,4,1079503,1259090,1,gaze_data,1741734822202,162.2950553894043,313.3324593305588,1741734822132.5,1
1,1,block_2,2,Provo_ID2,4,1079503,1259090,1,gaze_data,1741734822245,160.76292991638184,319.67530995607376,1741734822165.3,0.9872185776611313
1,1,block_2,2,Provo_ID2,4,1079503,1259090,1,gaze_data,1741734822263,153.6536693572998,338.12074214220047,1741734822199.3,0.9872185776611313
1,1,block_2,2,Provo_ID2,4,1079503,1259090,1,gaze_data,1741734822307,117.49792098999023,352.6858448982239,1741734822231.8,0.9504910469159729
1,1,block_2,2,Provo_ID2,4,1079503,1259090,1,gaze_data,1741734822349,113.26117515563965,339.4505441188812,1741734822265.7,0.9335636381131334
1,1,block_2,2,Provo_ID2,4,1079503,1259090,1,gaze_data,1741734822376,113.26117515563965,339.4505441188812,1741734822299.2,0.9335636381131334
1,1,block_2,2,Provo_ID2,4,1079503,1259090,1,gaze_data,1741734822412,154.19268608093262,355.55485486984253,1741734822344.9001,0.9746767098336817
1,1,block_2,2,Provo_ID2,4,1079503,1259090,1,gaze_data,1741734822439,220.33547163009644,416.06389582157135,1741734822365.7,0.9746767098336817
1,1,block_2,2,Provo_ID2,4,1079503,1259090,1,gaze_data,1741734822477,315.97769260406494,408.04958939552307,1741734822398.9001,0.8740633444111374
1,1,block_2,2,Provo_ID2,4,1079503,1259090,1,gaze_data,1741734822496,355.4320275783539,406.6997528076172,1741734822432.1,0.8740633444111374
1,1,block_2,2,Provo_ID2,4,1079503,1259090,1,gaze_data,1741734822539,308.99596214294434,430.0412446260452,1741734822465.5,0.8808676724902069
1,1,block_2,2,Provo_ID2,4,1079503,1259090,1,gaze_data,1741734822584,338.3455753326416,397.931507229805,1741734822498.8,0.9200501484307305
1,1,block_2,2,Provo_ID2,4,1079503,1259090,1,gaze_data,1741734822605,405.3131341934204,371.17471396923065,1741734822532.2,0.9200501484307305
1,1,block_2,2,Provo_ID2,4,1079503,1259090,1,gaze_data,1741734822634,452.4978756904602,362.8239393234253,1741734822570,0.8841650631625835
1,1,block_2,2,Provo_ID2,4,1079503,1259090,1,gaze_data,1741734822679,446.05081379413605,365.5929625034332,1741734822598.9001,0.7696285956292971
1,1,block_2,2,Provo_ID2,4,1079503,1259090,1,gaze_data,1741734822706,462.45906949043274,366.02450013160706,1741734822631.7,0.7696285956292971
1,1,block_2,2,Provo_ID2,4,1079503,1259090,1,gaze_data,1741734822740,508.87675285339355,379.1532129049301,1741734822665.5,0.8618291770938824
1,1,block_2,2,Provo_ID2,4,1079503,1259090,1,gaze_data,1741734822763,497.9402422904968,398.1667220592499,1741734822698.6,0.8618291770938824
1,1,block_2,2,Provo_ID2,4,1079503,1259090,1,gaze_data,1741734822807,501.7577886581421,390.80118238925934,1741734822732,0.832034894921176
1,1,block_2,2,Provo_ID2,4,1079503,1259090,1,gaze_data,1741734822828,421.44702821969986,198.58043491840363,1741734822769.8,0.832034894921176
1,1,block_2,2,Provo_ID2,4,1079503,1259090,1,gaze_data,1741734822867,365.92235565185547,152.49850451946259,1741734822798.8,0.8658098758101422
1,1,block_2,2,Provo_ID2,4,1079503,1259090,1,gaze_data,1741734822903,314.21775817871094,116.72457158565521,1741734822831.6,0.9230718002238598
1,1,block_2,2,Provo_ID2,4,1079503,1259090,1,gaze_data,1741734822929,342.5691604614258,134.27154570817947,1741734822865.3,0.9230718002238598
1,1,block_2,2,Provo_ID2,4,1079503,1259090,1,gaze_data,1741734822969,291.7659878730774,142.6589846611023,1741734822898.2,0.891184535892235
1,1,block_2,2,Provo_ID2,4,1079503,1259090,1,gaze_data,1741734823010,249.77596998214722,139.9535894393921,1741734822932.9001,1
1,1,block_2,2,Provo_ID2,4,1079503,1259090,1,gaze_data,1741734823031,264.24983739852905,150.5736991763115,1741734822966.9001,1
1,1,block_2,2,Provo_ID2,4,1079503,1259090,1,gaze_data,1741734823068,288.0634903907776,133.93156826496124,1741734822998.7,1
1,1,block_2,2,Provo_ID2,4,1079503,1259090,1,gaze_data,1741734823109,191.05114936828613,99.45399165153503,1741734823031.6,1
1,1,block_2,2,Provo_ID2,4,1079503,1259090,1,gaze_data,1741734823135,176.36547088623047,95.71003019809723,1741734823065.3,1
1,1,block_2,2,Provo_ID2,4,1079503,1259090,1,gaze_data,1741734823171,173.6729621887207,74.12753105163574,1741734823098.2,1
1,1,block_2,2,Provo_ID2,4,1079503,1259090,1,gaze_data,1741734823196,191.1362648010254,56.132546067237854,1741734823132,1
1,1,block_2,2,Provo_ID2,4,1079503,1259090,1,gaze_data,1741734823236,194.5937156677246,88.66727948188782,1741734823164.8,1
1,1,block_2,2,Provo_ID2,4,1079503,1259090,1,gaze_data,1741734823286,194.72084045410156,94.09492313861847,1741734823198.6,1
1,1,block_2,2,Provo_ID2,4,1079503,1259090,1,gaze_data,1741734823310,224.16387796401978,103.72101366519928,1741734823232.3,1
1,1,block_2,2,Provo_ID2,4,1079503,1259090,1,gaze_data,1741734823345,253.6665439605713,112.87370920181274,1741734823273.6,1
1,1,block_2,2,Provo_ID2,4,1079503,1259090,1,gaze_data,1741734823365,256.67426586151123,125.53066611289978,1741734823298.6,1
1,1,block_2,2,Provo_ID2,4,1079503,1259090,1,gaze_data,1741734823404,277.187180519104,100.22609531879425,1741734823331.7,1
1,1,block_2,2,Provo_ID2,4,1079503,1259090,1,gaze_data,1741734823435,255.5097460746765,69.1525399684906,1741734823365,1
1,1,block_2,2,Provo_ID2,4,1079503,1259090,1,gaze_data,1741734823476,266.45116806030273,89.30564522743225,1741734823398.4001,1
1,1,block_2,2,Provo_ID2,4,1079503,1259090,1,gaze_data,1741734823507,266.45116806030273,89.30564522743225,1741734823431.4001,1
1,1,block_2,2,Provo_ID2,4,1079503,1259090,1,gaze_data,1741734823543,260.2725386619568,80.3956151008606,1741734823471.8,1
1,1,block_2,2,Provo_ID2,4,1079503,1259090,1,gaze_data,1741734823573,274.64380264282227,73.80980849266052,1741734823498.2,1
1,1,block_2,2,Provo_ID2,4,1079503,1259090,1,gaze_data,1741734823605,259.9677562713623,72.41058945655823,1741734823531.8,1
1,1,block_2,2,Provo_ID2,4,1079503,1259090,1,gaze_data,1741734823632,265.9036636352539,71.77751362323761,1741734823564.5,1
1,1,block_2,2,Provo_ID2,4,1079503,1259090,1,gaze_data,1741734823681,258.7346315383911,58.7600976228714,1741734823598.4001,1
1,1,block_2,2,Provo_ID2,4,1079503,1259090,1,gaze_data,1741734823716,281.9195628166199,63.73468637466431,1741734823631.3,1
1,1,block_2,2,Provo_ID2,4,1079503,1259090,1,gaze_data,1741734823744,268.55236291885376,51.75081491470337,1741734823670.3,1
1,1,block_2,2,Provo_ID2,4,1079503,1259090,1,gaze_data,1741734823775,238.32844495773315,62.7915620803833,1741734823697.8,1
1,1,block_2,2,Provo_ID2,4,1079503,1259090,1,gaze_data,1741734823800,215.47225713729858,57.47824013233185,1741734823731.8,1
1,1,block_2,2,Provo_ID2,4,1079503,1259090,1,gaze_data,1741734823833,243.2194709777832,51.44017040729523,1741734823764.6,1
1,1,block_2,2,Provo_ID2,4,1079503,1259090,1,gaze_data,1741734823861,246.13544940948486,77.67969965934753,1741734823798.2,1
1,1,block_2,2,Provo_ID2,4,1079503,1259090,1,gaze_data,1741734823901,237.9207730293274,77.22825407981873,1741734823831.2,1
1,1,block_2,2,Provo_ID2,4,1079503,1259090,1,gaze_data,1741734823947,229.56441640853882,76.8393486738205,1741734823865,1
1,1,block_2,2,Provo_ID2,4,1079503,1259090,1,gaze_data,1741734823965,256.728196144104,79.17057573795319,1741734823901.1,1
1,1,block_2,2,Provo_ID2,4,1079503,1259090,1,gaze_data,1741734823999,246.6146469116211,84.42409932613373,1741734823931.6,1
1,1,block_2,2,Provo_ID2,4,1079503,1259090,1,gaze_data,1741734824043,230.99125623703003,143.38756948709488,1741734823964.6,1
1,1,block_2,2,Provo_ID2,4,1079503,1259090,1,gaze_data,1741734824069,228.45162153244019,174.5362490415573,1741734823998.2,1
1,1,block_2,2,Provo_ID2,4,1079503,1259090,1,gaze_data,1741734824114,210.5014443397522,185.5712592601776,1741734824031.1,1
1,1,block_2,2,Provo_ID2,4,1079503,1259090,1,gaze_data,1741734824149,222.1194624900818,210.10777205228806,1741734824067,1
1,1,block_2,2,Provo_ID2,4,1079503,1259090,1,gaze_data,1741734824181,241.11889600753784,196.00268676877022,1741734824097.8,1
1,1,block_2,2,Provo_ID2,4,1079503,1259090,1,gaze_data,1741734824208,220.66084146499634,194.79400515556335,1741734824131.6,1
1,1,block_2,2,Provo_ID2,4,1079503,1259090,1,gaze_data,1741734824251,244.9818253517151,229.13320027291775,1741734824164.3,1
1,1,block_2,2,Provo_ID2,4,1079503,1259090,1,gaze_data,1741734824276,377.232164144516,202.97760739922523,1741734824198.9001,1
1,1,block_2,2,Provo_ID2,4,1079503,1259090,1,gaze_data,1741734824311,413.7741595506668,198.98090735077858,1741734824231.1,1
1,1,block_2,2,Provo_ID2,4,1079503,1259090,1,gaze_data,1741734824338,413.7741595506668,198.98090735077858,1741734824264.9001,1
1,1,block_2,2,Provo_ID2,4,1079503,1259090,1,gaze_data,1741734824373,509.44995880126953,171.56598567962646,1741734824307.9001,1
1,1,block_2,2,Provo_ID2,4,1079503,1259090,1,gaze_data,1741734824399,498.69424700737,146.88972979784012,1741734824331.3,1
1,1,block_2,2,Provo_ID2,4,1079503,1259090,1,gaze_data,1741734824438,512.5790596008301,168.15385818481445,1741734824364.2,0.965774375968413
1,1,block_2,2,Provo_ID2,4,1079503,1259090,1,gaze_data,1741734824468,516.5391683578491,168.09399276971817,1741734824398,1
1,1,block_2,2,Provo_ID2,4,1079503,1259090,1,gaze_data,1741734824517,537.1952414512634,184.11771804094315,1741734824431,1
1,1,block_2,2,Provo_ID2,4,1079503,1259090,1,gaze_data,1741734824543,537.1952414512634,184.11771804094315,1741734824464.8,1
1,1,block_2,2,Provo_ID2,4,1079503,1259090,1,gaze_data,1741734824566,291.72123670578003,352.17005610466003,1741734824507.8,1
1,1,block_2,2,Provo_ID2,4,1079503,1259090,1,gaze_data,1741734824605,317.5929069519043,370.1735347509384,1741734824531.2,0.9965915348941055
1,1,block_2,2,Provo_ID2,4,1079503,1259090,1,gaze_data,1741734824639,263.6865973472595,309.8212242126465,1741734824564.7,0.9503274414666993
1,1,block_2,2,Provo_ID2,4,1079503,1259090,1,gaze_data,1741734824677,226.87381505966187,322.05520421266556,1741734824598,0.9017772333035956
1,1,block_2,2,Provo_ID2,4,1079503,1259090,1,gaze_data,1741734824705,210.27055978775024,316.40731394290924,1741734824631.3,0.9017772333035956
1,1,block_2,2,Provo_ID2,4,1079503,1259090,1,gaze_data,1741734824742,200.13214349746704,276.7493151128292,1741734824665,0.7000941349013283
1,1,block_2,2,Provo_ID2,4,1079503,1259090,1,gaze_data,1741734824786,195.6798553466797,298.3957588672638,1741734824732.9001,0.7000941349013283
1,1,block_2,2,Provo_ID2,4,1079503,1259090,1,gaze_data,1741734824841,218.89716386795044,310.4978933930397,1741734824767.9001,0.8751836293670547
1,1,block_2,2,Provo_ID2,4,1079503,1259090,1,gaze_data,1741734824900,218.93564462661743,321.325047314167,1741734824799.5,0.8751836293670547
1,1,block_2,2,Provo_ID2,4,1079503,1259090,1,gaze_data,1741734824982,200.15090703964233,355.36027550697327,1741734824902.2,0.8751836293670547
1,1,block_2,2,Provo_ID2,4,1079503,1259090,1,gaze_data,1741734825048,389.7593826055527,431.569567322731,1741734824933.7,0.8478255915903237
1,1,block_2,2,Provo_ID2,4,1079503,1259090,1,gaze_data,1741734825098,416.0526394844055,437.9949480295181,1741734824998.7,0.8478255915903237
1,1,block_2,2,Provo_ID2,4,1079503,1259090,1,gaze_data,1741734825139,412.2929185628891,432.0639133453369,1741734825065.2,0.8478255915903237
1,1,block_2,2,Provo_ID2,4,1079503,1259090,1,gaze_data,1741734825202,393.05579364299774,397.211155295372,1741734825098.5,0.7717041954591353
1,1,block_2,2,Provo_ID2,4,1079503,1259090,1,gaze_data,1741734825234,409.57223176956177,382.63500332832336,1741734825165.7,0.7717041954591353
1,1,block_2,2,Provo_ID2,4,1079503,1259090,1,gaze_data,1741734825289,456.9706857204437,408.0185204744339,1741734825211.6,1
1,1,block_2,2,Provo_ID2,4,1079503,1259090,1,gaze_data,1741734825347,459.7823202610016,432.8518569469452,1741734825265.2,1
1,1,block_2,2,Provo_ID2,4,1079503,1259090,1,gaze_data,1741734825381,458.0406904220581,442.00409054756165,1741734825297.6,1
1,1,block_2,2,Provo_ID2,4,1079503,1259090,1,gaze_data,1741734825430,402.47450172901154,404.0938228368759,1741734825364,0.9023816175467119
1,1,block_2,2,Provo_ID2,4,1079503,1259090,1,gaze_data,1741734825457,357.4153423309326,258.35845470428467,1741734825398.1,0.9023816175467119
1,1,block_2,2,Provo_ID2,4,1079503,1259090,1,gaze_data,1741734825495,413.78474086523056,167.72851943969727,1741734825432.5,0.9291955426440808
1,1,block_2,2,Provo_ID2,4,1079503,1259090,1,gaze_data,1741734825519,427.2584468126297,168.29079240560532,1741734825465.1,0.9291955426440808
1,1,block_2,2,Provo_ID2,4,1079503,1259090,1,gaze_data,1741734825552,362.71750926971436,131.38181567192078,1741734825498.7,0.8119619067743602
1,1,block_2,2,Provo_ID2,4,1079503,1259090,1,gaze_x,"",
1,1,block_2,2,Provo_ID2,4,1079503,1259090,1,gaze_y,"",
1,1,block_2,2,Provo_ID2,4,1079503,1259090,1,el_x,"",
1,1,block_2,2,Provo_ID2,4,1079503,1259090,1,applied_drift,1741734787064,
1,1,block_2,2,Provo_ID2,4,1079503,1259090,1,applied_drift,1741734811038,-38.09398412704468,-46.41757309436798
1,1,block_2,2,Provo_ID2,4,1079503,1259090,1,applied_drift,1741734811070,-38.09398412704468,-46.41757309436798
1,1,block_2,2,Provo_ID2,4,1079503,1259090,1,applied_drift,1741734811099,-38.09398412704468,-46.41757309436798
1,1,block_2,2,Provo_ID2,4,1079503,1259090,1,applied_drift,1741734811141,-38.09398412704468,-46.41757309436798
1,1,block_2,2,Provo_ID2,4,1079503,1259090,1,applied_drift,1741734811186,-38.09398412704468,-46.41757309436798
1,1,block_2,2,Provo_ID2,4,1079503,1259090,1,applied_drift,1741734811211,-38.09398412704468,-46.41757309436798
1,1,block_2,2,Provo_ID2,4,1079503,1259090,1,applied_drift,1741734811248,-38.09398412704468,-46.41757309436798
1,1,block_2,2,Provo_ID2,4,1079503,1259090,1,applied_drift,1741734811285,-38.09398412704468,-46.41757309436798
1,1,block_2,2,Provo_ID2,4,1079503,1259090,1,applied_drift,1741734811312,-38.09398412704468,-46.41757309436798
1,1,block_2,2,Provo_ID2,4,1079503,1259090,1,applied_drift,1741734811360,-38.09398412704468,-46.41757309436798
1,1,block_2,2,Provo_ID2,4,1079503,1259090,1,applied_drift,1741734811403,-38.09398412704468,-46.41757309436798
1,1,block_2,2,Provo_ID2,4,1079503,1259090,1,applied_drift,1741734811422,-38.09398412704468,-46.41757309436798
1,1,block_2,2,Provo_ID2,4,1079503,1259090,1,applied_drift,1741734811463,-38.09398412704468,-46.41757309436798
1,1,block_2,2,Provo_ID2,4,1079503,1259090,1,applied_drift,1741734811502,-38.09398412704468,-46.41757309436798
1,1,block_2,2,Provo_ID2,4,1079503,1259090,1,applied_drift,1741734811521,-38.09398412704468,-46.41757309436798
1,1,block_2,2,Provo_ID2,4,1079503,1259090,1,applied_drift,1741734811558,-38.09398412704468,-46.41757309436798
1,1,block_2,2,Provo_ID2,4,1079503,1259090,1,applied_drift,1741734811612,-38.09398412704468,-46.41757309436798
1,1,block_2,2,Provo_ID2,4,1079503,1259090,1,applied_drift,1741734811629,-38.09398412704468,-46.41757309436798
1,1,block_2,2,Provo_ID2,4,1079503,1259090,1,applied_drift,1741734811684,-38.09398412704468,-46.41757309436798
1,1,block_2,2,Provo_ID2,4,1079503,1259090,1,applied_drift,1741734811709,-38.09398412704468,-46.41757309436798
1,1,block_2,2,Provo_ID2,4,1079503,1259090,1,applied_drift,1741734811744,-38.09398412704468,-46.41757309436798
1,1,block_2,2,Provo_ID2,4,1079503,1259090,1,applied_drift,1741734811764,-38.09398412704468,-46.41757309436798
1,1,block_2,2,Provo_ID2,4,1079503,1259090,1,applied_drift,1741734811815,-38.09398412704468,-46.41757309436798
1,1,block_2,2,Provo_ID2,4,1079503,1259090,1,applied_drift,1741734811851,-38.09398412704468,-46.41757309436798
1,1,block_2,2,Provo_ID2,4,1079503,1259090,1,applied_drift,1741734811879,-38.09398412704468,-46.41757309436798
1,1,block_2,2,Provo_ID2,4,1079503,1259090,1,applied_drift,1741734811912,-38.09398412704468,-46.41757309436798
1,1,block_2,2,Provo_ID2,4,1079503,1259090,1,applied_drift,1741734811939,-38.09398412704468,-46.41757309436798
1,1,block_2,2,Provo_ID2,4,1079503,1259090,1,applied_drift,1741734811982,-38.09398412704468,-46.41757309436798
1,1,block_2,2,Provo_ID2,4,1079503,1259090,1,applied_drift,1741734812007,-38.09398412704468,-46.41757309436798
1,1,block_2,2,Provo_ID2,4,1079503,1259090,1,applied_drift,1741734812049,-38.09398412704468,-46.41757309436798
1,1,block_2,2,Provo_ID2,4,1079503,1259090,1,applied_drift,1741734812067,-38.09398412704468,-46.41757309436798
1,1,block_2,2,Provo_ID2,4,1079503,1259090,1,applied_drift,1741734812109,-38.09398412704468,-46.41757309436798
1,1,block_2,2,Provo_ID2,4,1079503,1259090,1,applied_drift,1741734812144,-38.09398412704468,-46.41757309436798
1,1,block_2,2,Provo_ID2,4,1079503,1259090,1,applied_drift,1741734812172,-38.09398412704468,-46.41757309436798
1,1,block_2,2,Provo_ID2,4,1079503,1259090,1,applied_drift,1741734812211,-38.09398412704468,-46.41757309436798
1,1,block_2,2,Provo_ID2,4,1079503,1259090,1,applied_drift,1741734812229,-38.09398412704468,-46.41757309436798
1,1,block_2,2,Provo_ID2,4,1079503,1259090,1,applied_drift,1741734812272,-38.09398412704468,-46.41757309436798
1,1,block_2,2,Provo_ID2,4,1079503,1259090,1,applied_drift,1741734812319,-38.09398412704468,-46.41757309436798
1,1,block_2,2,Provo_ID2,4,1079503,1259090,1,applied_drift,1741734812347,-38.09398412704468,-46.41757309436798
1,1,block_2,2,Provo_ID2,4,1079503,1259090,1,applied_drift,1741734812376,-38.09398412704468,-46.41757309436798
1,1,block_2,2,Provo_ID2,4,1079503,1259090,1,applied_drift,1741734812428,-38.09398412704468,-46.41757309436798
1,1,block_2,2,Provo_ID2,4,1079503,1259090,1,applied_drift,1741734812452,-38.09398412704468,-46.41757309436798
1,1,block_2,2,Provo_ID2,4,1079503,1259090,1,applied_drift,1741734812501,-38.09398412704468,-46.41757309436798
1,1,block_2,2,Provo_ID2,4,1079503,1259090,1,applied_drift,1741734812522,-38.09398412704468,-46.41757309436798
1,1,block_2,2,Provo_ID2,4,1079503,1259090,1,applied_drift,1741734812562,-38.09398412704468,-46.41757309436798
1,1,block_2,2,Provo_ID2,4,1079503,1259090,1,applied_drift,1741734812597,-38.09398412704468,-46.41757309436798
1,1,block_2,2,Provo_ID2,4,1079503,1259090,1,applied_drift,1741734812622,-38.09398412704468,-46.41757309436798
1,1,block_2,2,Provo_ID2,4,1079503,1259090,1,applied_drift,1741734812665,-38.09398412704468,-46.41757309436798
1,1,block_2,2,Provo_ID2,4,1079503,1259090,1,applied_drift,1741734812705,-38.09398412704468,-46.41757309436798
1,1,block_2,2,Provo_ID2,4,1079503,1259090,1,applied_drift,1741734812732,-38.09398412704468,-46.41757309436798
1,1,block_2,2,Provo_ID2,4,1079503,1259090,1,applied_drift,1741734812756,-38.09398412704468,-46.41757309436798
1,1,block_2,2,Provo_ID2,4,1079503,1259090,1,applied_drift,1741734812802,-38.09398412704468,-46.41757309436798
1,1,block_2,2,Provo_ID2,4,1079503,1259090,1,applied_drift,1741734812840,-38.09398412704468,-46.41757309436798
1,1,block_2,2,Provo_ID2,4,1079503,1259090,1,applied_drift,1741734812867,-38.09398412704468,-46.41757309436798
1,1,block_2,2,Provo_ID2,4,1079503,1259090,1,applied_drift,1741734812895,-38.09398412704468,-46.41757309436798
1,1,block_2,2,Provo_ID2,4,1079503,1259090,1,applied_drift,1741734812921,-38.09398412704468,-46.41757309436798
1,1,block_2,2,Provo_ID2,4,1079503,1259090,1,applied_drift,1741734812959,-38.09398412704468,-46.41757309436798
1,1,block_2,2,Provo_ID2,4,1079503,1259090,1,applied_drift,1741734812992,-38.09398412704468,-46.41757309436798
1,1,block_2,2,Provo_ID2,4,1079503,1259090,1,applied_drift,1741734813026,-38.09398412704468,-46.41757309436798
1,1,block_2,2,Provo_ID2,4,1079503,1259090,1,applied_drift,1741734813058,-38.09398412704468,-46.41757309436798
1,1,block_2,2,Provo_ID2,4,1079503,1259090,1,applied_drift,1741734813101,-38.09398412704468,-46.41757309436798
1,1,block_2,2,Provo_ID2,4,1079503,1259090,1,applied_drift,1741734813124,-38.09398412704468,-46.41757309436798
1,1,block_2,2,Provo_ID2,4,1079503,1259090,1,applied_drift,1741734813158,-38.09398412704468,-46.41757309436798
1,1,block_2,2,Provo_ID2,4,1079503,1259090,1,applied_drift,1741734813203,-38.09398412704468,-46.41757309436798
1,1,block_2,2,Provo_ID2,4,1079503,1259090,1,applied_drift,1741734813229,-38.09398412704468,-46.41757309436798
1,1,block_2,2,Provo_ID2,4,1079503,1259090,1,applied_drift,1741734813271,-38.09398412704468,-46.41757309436798
1,1,block_2,2,Provo_ID2,4,1079503,1259090,1,applied_drift,1741734813298,-38.09398412704468,-46.41757309436798
1,1,block_2,2,Provo_ID2,4,1079503,1259090,1,applied_drift,1741734813341,-38.09398412704468,-46.41757309436798
1,1,block_2,2,Provo_ID2,4,1079503,1259090,1,applied_drift,1741734813374,-38.09398412704468,-46.41757309436798
1,1,block_2,2,Provo_ID2,4,1079503,1259090,1,applied_drift,1741734813403,-38.09398412704468,-46.41757309436798
1,1,block_2,2,Provo_ID2,4,1079503,1259090,1,applied_drift,1741734813469,-38.09398412704468,-46.41757309436798
1,1,block_2,2,Provo_ID2,4,1079503,1259090,1,applied_drift,1741734813533,-38.09398412704468,-46.41757309436798
1,1,block_2,2,Provo_ID2,4,1079503,1259090,1,applied_drift,1741734813558,-38.09398412704468,-46.41757309436798
1,1,block_2,2,Provo_ID2,4,1079503,1259090,1,applied_drift,1741734813622,-38.09398412704468,-46.41757309436798
1,1,block_2,2,Provo_ID2,4,1079503,1259090,1,applied_drift,1741734813654,-38.09398412704468,-46.41757309436798
1,1,block_2,2,Provo_ID2,4,1079503,1259090,1,applied_drift,1741734813675,-38.09398412704468,-46.41757309436798
1,1,block_2,2,Provo_ID2,4,1079503,1259090,1,applied_drift,1741734813709,-38.09398412704468,-46.41757309436798
1,1,block_2,2,Provo_ID2,4,1079503,1259090,1,applied_drift,1741734813756,-38.09398412704468,-46.41757309436798
1,1,block_2,2,Provo_ID2,4,1079503,1259090,1,applied_drift,1741734813773,-38.09398412704468,-46.41757309436798
1,1,block_2,2,Provo_ID2,4,1079503,1259090,1,applied_drift,1741734813829,-38.09398412704468,-46.41757309436798
1,1,block_2,2,Provo_ID2,4,1079503,1259090,1,applied_drift,1741734813865,-38.09398412704468,-46.41757309436798
1,1,block_2,2,Provo_ID2,4,1079503,1259090,1,applied_drift,1741734813897,-38.09398412704468,-46.41757309436798
1,1,block_2,2,Provo_ID2,4,1079503,1259090,1,applied_drift,1741734813939,-38.09398412704468,-46.41757309436798
1,1,block_2,2,Provo_ID2,4,1079503,1259090,1,applied_drift,1741734813965,-38.09398412704468,-46.41757309436798
1,1,block_2,2,Provo_ID2,4,1079503,1259090,1,applied_drift,1741734813999,-38.09398412704468,-46.41757309436798
1,1,block_2,2,Provo_ID2,4,1079503,1259090,1,applied_drift,1741734814019,-38.09398412704468,-46.41757309436798
1,1,block_2,2,Provo_ID2,4,1079503,1259090,1,applied_drift,1741734814063,-38.09398412704468,-46.41757309436798
1,1,block_2,2,Provo_ID2,4,1079503,1259090,1,applied_drift,1741734814114,-38.09398412704468,-46.41757309436798
1,1,block_2,2,Provo_ID2,4,1079503,1259090,1,applied_drift,1741734814146,-38.09398412704468,-46.41757309436798
1,1,block_2,2,Provo_ID2,4,1079503,1259090,1,applied_drift,1741734814180,-38.09398412704468,-46.41757309436798
1,1,block_2,2,Provo_ID2,4,1079503,1259090,1,applied_drift,1741734814226,-38.09398412704468,-46.41757309436798
1,1,block_2,2,Provo_ID2,4,1079503,1259090,1,applied_drift,1741734814255,-38.09398412704468,-46.41757309436798
1,1,block_2,2,Provo_ID2,4,1079503,1259090,1,applied_drift,1741734814292,-38.09398412704468,-46.41757309436798
1,1,block_2,2,Provo_ID2,4,1079503,1259090,1,applied_drift,1741734814335,-38.09398412704468,-46.41757309436798
1,1,block_2,2,Provo_ID2,4,1079503,1259090,1,applied_drift,1741734814367,-38.09398412704468,-46.41757309436798
1,1,block_2,2,Provo_ID2,4,1079503,1259090,1,applied_drift,1741734814390,-38.09398412704468,-46.41757309436798
1,1,block_2,2,Provo_ID2,4,1079503,1259090,1,applied_drift,1741734814429,-38.09398412704468,-46.41757309436798
1,1,block_2,2,Provo_ID2,4,1079503,1259090,1,applied_drift,1741734814455,-38.09398412704468,-46.41757309436798
1,1,block_2,2,Provo_ID2,4,1079503,1259090,1,applied_drift,1741734814508,-38.09398412704468,-46.41757309436798
1,1,block_2,2,Provo_ID2,4,1079503,1259090,1,applied_drift,1741734814544,-38.09398412704468,-46.41757309436798
1,1,block_2,2,Provo_ID2,4,1079503,1259090,1,applied_drift,1741734814582,-38.09398412704468,-46.41757309436798
1,1,block_2,2,Provo_ID2,4,1079503,1259090,1,applied_drift,1741734814658,-38.09398412704468,-46.41757309436798
1,1,block_2,2,Provo_ID2,4,1079503,1259090,1,applied_drift,1741734814712,-38.09398412704468,-46.41757309436798
1,1,block_2,2,Provo_ID2,4,1079503,1259090,1,applied_drift,1741734814772,-38.09398412704468,-46.41757309436798
1,1,block_2,2,Provo_ID2,4,1079503,1259090,1,applied_drift,1741734814818,-38.09398412704468,-46.41757309436798
1,1,block_2,2,Provo_ID2,4,1079503,1259090,1,applied_drift,1741734814843,-38.09398412704468,-46.41757309436798
1,1,block_2,2,Provo_ID2,4,1079503,1259090,1,applied_drift,1741734814930,-38.09398412704468,-46.41757309436798
1,1,block_2,2,Provo_ID2,4,1079503,1259090,1,applied_drift,1741734814977,-38.09398412704468,-46.41757309436798
1,1,block_2,2,Provo_ID2,4,1079503,1259090,1,applied_drift,1741734815054,-38.09398412704468,-46.41757309436798
1,1,block_2,2,Provo_ID2,4,1079503,1259090,1,applied_drift,1741734815091,-38.09398412704468,-46.41757309436798
1,1,block_2,2,Provo_ID2,4,1079503,1259090,1,applied_drift,1741734815121,-38.09398412704468,-46.41757309436798
1,1,block_2,2,Provo_ID2,4,1079503,1259090,1,applied_drift,1741734815141,-38.09398412704468,-46.41757309436798
1,1,block_2,2,Provo_ID2,4,1079503,1259090,1,applied_drift,1741734815169,-38.09398412704468,-46.41757309436798
1,1,block_2,2,Provo_ID2,4,1079503,1259090,1,applied_drift,1741734815213,-38.09398412704468,-46.41757309436798
1,1,block_2,2,Provo_ID2,4,1079503,1259090,1,applied_drift,1741734815289,-38.09398412704468,-46.41757309436798
1,1,block_2,2,Provo_ID2,4,1079503,1259090,1,applied_drift,1741734815317,-38.09398412704468,-46.41757309436798
1,1,block_2,2,Provo_ID2,4,1079503,1259090,1,applied_drift,1741734815352,-38.09398412704468,-46.41757309436798
1,1,block_2,2,Provo_ID2,4,1079503,1259090,1,applied_drift,1741734815373,-38.09398412704468,-46.41757309436798
1,1,block_2,2,Provo_ID2,4,1079503,1259090,1,applied_drift,1741734815416,-38.09398412704468,-46.41757309436798
1,1,block_2,2,Provo_ID2,4,1079503,1259090,1,applied_drift,1741734815449,-38.09398412704468,-46.41757309436798
1,1,block_2,2,Provo_ID2,4,1079503,1259090,1,applied_drift,1741734815502,-38.09398412704468,-46.41757309436798
1,1,block_2,2,Provo_ID2,4,1079503,1259090,1,applied_drift,1741734815518,-38.09398412704468,-46.41757309436798
1,1,block_2,2,Provo_ID2,4,1079503,1259090,1,applied_drift,1741734815563,-38.09398412704468,-46.41757309436798
1,1,block_2,2,Provo_ID2,4,1079503,1259090,1,applied_drift,1741734815599,-38.09398412704468,-46.41757309436798
1,1,block_2,2,Provo_ID2,4,1079503,1259090,1,applied_drift,1741734815622,-38.09398412704468,-46.41757309436798
1,1,block_2,2,Provo_ID2,4,1079503,1259090,1,applied_drift,1741734815663,-38.09398412704468,-46.41757309436798
1,1,block_2,2,Provo_ID2,4,1079503,1259090,1,applied_drift,1741734815692,-38.09398412704468,-46.41757309436798
1,1,block_2,2,Provo_ID2,4,1079503,1259090,1,applied_drift,1741734815726,-38.09398412704468,-46.41757309436798
1,1,block_2,2,Provo_ID2,4,1079503,1259090,1,applied_drift,1741734815759,-38.09398412704468,-46.41757309436798
1,1,block_2,2,Provo_ID2,4,1079503,1259090,1,applied_drift,1741734815786,-38.09398412704468,-46.41757309436798
1,1,block_2,2,Provo_ID2,4,1079503,1259090,1,applied_drift,1741734815829,-38.09398412704468,-46.41757309436798
1,1,block_2,2,Provo_ID2,4,1079503,1259090,1,applied_drift,1741734815864,-38.09398412704468,-46.41757309436798
1,1,block_2,2,Provo_ID2,4,1079503,1259090,1,applied_drift,1741734815894,-38.09398412704468,-46.41757309436798
1,1,block_2,2,Provo_ID2,4,1079503,1259090,1,applied_drift,1741734815929,-38.09398412704468,-46.41757309436798
1,1,block_2,2,Provo_ID2,4,1079503,1259090,1,applied_drift,1741734815976,-38.09398412704468,-46.41757309436798
1,1,block_2,2,Provo_ID2,4,1079503,1259090,1,applied_drift,1741734815993,-38.09398412704468,-46.41757309436798
1,1,block_2,2,Provo_ID2,4,1079503,1259090,1,applied_drift,1741734816030,-38.09398412704468,-46.41757309436798
1,1,block_2,2,Provo_ID2,4,1079503,1259090,1,applied_drift,1741734816056,-38.09398412704468,-46.41757309436798
1,1,block_2,2,Provo_ID2,4,1079503,1259090,1,applied_drift,1741734816100,-38.09398412704468,-46.41757309436798
1,1,block_2,2,Provo_ID2,4,1079503,1259090,1,applied_drift,1741734816144,-38.09398412704468,-46.41757309436798
1,1,block_2,2,Provo_ID2,4,1079503,1259090,1,applied_drift,1741734816170,-38.09398412704468,-46.41757309436798
1,1,block_2,2,Provo_ID2,4,1079503,1259090,1,applied_drift,1741734816203,-38.09398412704468,-46.41757309436798
1,1,block_2,2,Provo_ID2,4,1079503,1259090,1,applied_drift,1741734816224,-38.09398412704468,-46.41757309436798
1,1,block_2,2,Provo_ID2,4,1079503,1259090,1,applied_drift,1741734816266,-38.09398412704468,-46.41757309436798
1,1,block_2,2,Provo_ID2,4,1079503,1259090,1,applied_drift,1741734816304,-38.09398412704468,-46.41757309436798
1,1,block_2,2,Provo_ID2,4,1079503,1259090,1,applied_drift,1741734816329,-38.09398412704468,-46.41757309436798
1,1,block_2,2,Provo_ID2,4,1079503,1259090,1,applied_drift,1741734816361,-38.09398412704468,-46.41757309436798
1,1,block_2,2,Provo_ID2,4,1079503,1259090,1,applied_drift,1741734816392,-38.09398412704468,-46.41757309436798
1,1,block_2,2,Provo_ID2,4,1079503,1259090,1,applied_drift,1741734816428,-38.09398412704468,-46.41757309436798
1,1,block_2,2,Provo_ID2,4,1079503,1259090,1,applied_drift,1741734816474,-38.09398412704468,-46.41757309436798
1,1,block_2,2,Provo_ID2,4,1079503,1259090,1,applied_drift,1741734816499,-38.09398412704468,-46.41757309436798
1,1,block_2,2,Provo_ID2,4,1079503,1259090,1,applied_drift,1741734816537,-38.09398412704468,-46.41757309436798
1,1,block_2,2,Provo_ID2,4,1079503,1259090,1,applied_drift,1741734816560,-38.09398412704468,-46.41757309436798
1,1,block_2,2,Provo_ID2,4,1079503,1259090,1,applied_drift,1741734816592,-38.09398412704468,-46.41757309436798
1,1,block_2,2,Provo_ID2,4,1079503,1259090,1,applied_drift,1741734816646,-38.09398412704468,-46.41757309436798
1,1,block_2,2,Provo_ID2,4,1079503,1259090,1,applied_drift,1741734816676,-38.09398412704468,-46.41757309436798
1,1,block_2,2,Provo_ID2,4,1079503,1259090,1,applied_drift,1741734816707,-38.09398412704468,-46.41757309436798
1,1,block_2,2,Provo_ID2,4,1079503,1259090,1,applied_drift,1741734816735,-38.09398412704468,-46.41757309436798
1,1,block_2,2,Provo_ID2,4,1079503,1259090,1,applied_drift,1741734816775,-38.09398412704468,-46.41757309436798
1,1,block_2,2,Provo_ID2,4,1079503,1259090,1,applied_drift,1741734816803,-38.09398412704468,-46.41757309436798
1,1,block_2,2,Provo_ID2,4,1079503,1259090,1,applied_drift,1741734816846,-38.09398412704468,-46.41757309436798
1,1,block_2,2,Provo_ID2,4,1079503,1259090,1,applied_drift,1741734816882,-38.09398412704468,-46.41757309436798
1,1,block_2,2,Provo_ID2,4,1079503,1259090,1,applied_drift,1741734816915,-38.09398412704468,-46.41757309436798
1,1,block_2,2,Provo_ID2,4,1079503,1259090,1,applied_drift,1741734816950,-38.09398412704468,-46.41757309436798
1,1,block_2,2,Provo_ID2,4,1079503,1259090,1,applied_drift,1741734816975,-38.09398412704468,-46.41757309436798
1,1,block_2,2,Provo_ID2,4,1079503,1259090,1,applied_drift,1741734817015,-38.09398412704468,-46.41757309436798
1,1,block_2,2,Provo_ID2,4,1079503,1259090,1,applied_drift,1741734817072,-38.09398412704468,-46.41757309436798
1,1,block_2,2,Provo_ID2,4,1079503,1259090,1,applied_drift,1741734817111,-38.09398412704468,-46.41757309436798
1,1,block_2,2,Provo_ID2,4,1079503,1259090,1,applied_drift,1741734817133,-38.09398412704468,-46.41757309436798
1,1,block_2,2,Provo_ID2,4,1079503,1259090,1,applied_drift,1741734817165,-38.09398412704468,-46.41757309436798
1,1,block_2,2,Provo_ID2,4,1079503,1259090,1,applied_drift,1741734817197,-38.09398412704468,-46.41757309436798
1,1,block_2,2,Provo_ID2,4,1079503,1259090,1,applied_drift,1741734817233,-38.09398412704468,-46.41757309436798
1,1,block_2,2,Provo_ID2,4,1079503,1259090,1,applied_drift,1741734817266,-38.09398412704468,-46.41757309436798
1,1,block_2,2,Provo_ID2,4,1079503,1259090,1,applied_drift,1741734817291,-38.09398412704468,-46.41757309436798
1,1,block_2,2,Provo_ID2,4,1079503,1259090,1,applied_drift,1741734817333,-38.09398412704468,-46.41757309436798
1,1,block_2,2,Provo_ID2,4,1079503,1259090,1,applied_drift,1741734817364,-38.09398412704468,-46.41757309436798
1,1,block_2,2,Provo_ID2,4,1079503,1259090,1,applied_drift,1741734817393,-38.09398412704468,-46.41757309436798
1,1,block_2,2,Provo_ID2,4,1079503,1259090,1,applied_drift,1741734817432,-38.09398412704468,-46.41757309436798
1,1,block_2,2,Provo_ID2,4,1079503,1259090,1,applied_drift,1741734817465,-38.09398412704468,-46.41757309436798
1,1,block_2,2,Provo_ID2,4,1079503,1259090,1,applied_drift,1741734817488,-38.09398412704468,-46.41757309436798
1,1,block_2,2,Provo_ID2,4,1079503,1259090,1,applied_drift,1741734817527,-38.09398412704468,-46.41757309436798
1,1,block_2,2,Provo_ID2,4,1079503,1259090,1,applied_drift,1741734817575,-38.09398412704468,-46.41757309436798
1,1,block_2,2,Provo_ID2,4,1079503,1259090,1,applied_drift,1741734817601,-38.09398412704468,-46.41757309436798
1,1,block_2,2,Provo_ID2,4,1079503,1259090,1,applied_drift,1741734817640,-38.09398412704468,-46.41757309436798
1,1,block_2,2,Provo_ID2,4,1079503,1259090,1,applied_drift,1741734817667,-38.09398412704468,-46.41757309436798
1,1,block_2,2,Provo_ID2,4,1079503,1259090,1,applied_drift,1741734817704,-38.09398412704468,-46.41757309436798
1,1,block_2,2,Provo_ID2,4,1079503,1259090,1,applied_drift,1741734817732,-38.09398412704468,-46.41757309436798
1,1,block_2,2,Provo_ID2,4,1079503,1259090,1,applied_drift,1741734817776,-38.09398412704468,-46.41757309436798
1,1,block_2,2,Provo_ID2,4,1079503,1259090,1,applied_drift,1741734817823,-38.09398412704468,-46.41757309436798
1,1,block_2,2,Provo_ID2,4,1079503,1259090,1,applied_drift,1741734817844,-38.09398412704468,-46.41757309436798
1,1,block_2,2,Provo_ID2,4,1079503,1259090,1,applied_drift,1741734817880,-38.09398412704468,-46.41757309436798
1,1,block_2,2,Provo_ID2,4,1079503,1259090,1,applied_drift,1741734817945,-38.09398412704468,-46.41757309436798
1,1,block_2,2,Provo_ID2,4,1079503,1259090,1,applied_drift,1741734817961,-38.09398412704468,-46.41757309436798
1,1,block_2,2,Provo_ID2,4,1079503,1259090,1,applied_drift,1741734817998,-38.09398412704468,-46.41757309436798
1,1,block_2,2,Provo_ID2,4,1079503,1259090,1,applied_drift,1741734818047,-38.09398412704468,-46.41757309436798
1,1,block_2,2,Provo_ID2,4,1079503,1259090,1,applied_drift,1741734818073,-38.09398412704468,-46.41757309436798
1,1,block_2,2,Provo_ID2,4,1079503,1259090,1,applied_drift,1741734818115,-38.09398412704468,-46.41757309436798
1,1,block_2,2,Provo_ID2,4,1079503,1259090,1,applied_drift,1741734818142,-38.09398412704468,-46.41757309436798
1,1,block_2,2,Provo_ID2,4,1079503,1259090,1,applied_drift,1741734818178,-38.09398412704468,-46.41757309436798
1,1,block_2,2,Provo_ID2,4,1079503,1259090,1,applied_drift,1741734818199,-38.09398412704468,-46.41757309436798
1,1,block_2,2,Provo_ID2,4,1079503,1259090,1,applied_drift,1741734818237,-38.09398412704468,-46.41757309436798
1,1,block_2,2,Provo_ID2,4,1079503,1259090,1,applied_drift,1741734818261,-38.09398412704468,-46.41757309436798
1,1,block_2,2,Provo_ID2,4,1079503,1259090,1,applied_drift,1741734818305,-38.09398412704468,-46.41757309436798
1,1,block_2,2,Provo_ID2,4,1079503,1259090,1,applied_drift,1741734818332,-38.09398412704468,-46.41757309436798
1,1,block_2,2,Provo_ID2,4,1079503,1259090,1,applied_drift,1741734818484,-38.09398412704468,-46.41757309436798
1,1,block_2,2,Provo_ID2,4,1079503,1259090,1,applied_drift,1741734818533,-38.09398412704468,-46.41757309436798
1,1,block_2,2,Provo_ID2,4,1079503,1259090,1,applied_drift,1741734818581,-38.09398412704468,-46.41757309436798
1,1,block_2,2,Provo_ID2,4,1079503,1259090,1,applied_drift,1741734818608,-38.09398412704468,-46.41757309436798
1,1,block_2,2,Provo_ID2,4,1079503,1259090,1,applied_drift,1741734818644,-38.09398412704468,-46.41757309436798
1,1,block_2,2,Provo_ID2,4,1079503,1259090,1,applied_drift,1741734818672,-38.09398412704468,-46.41757309436798
1,1,block_2,2,Provo_ID2,4,1079503,1259090,1,applied_drift,1741734818711,-38.09398412704468,-46.41757309436798
1,1,block_2,2,Provo_ID2,4,1079503,1259090,1,applied_drift,1741734818733,-38.09398412704468,-46.41757309436798
1,1,block_2,2,Provo_ID2,4,1079503,1259090,1,applied_drift,1741734818764,-38.09398412704468,-46.41757309436798
1,1,block_2,2,Provo_ID2,4,1079503,1259090,1,applied_drift,1741734818796,-38.09398412704468,-46.41757309436798
1,1,block_2,2,Provo_ID2,4,1079503,1259090,1,applied_drift,1741734818837,-38.09398412704468,-46.41757309436798
1,1,block_2,2,Provo_ID2,4,1079503,1259090,1,applied_drift,1741734818868,-38.09398412704468,-46.41757309436798
1,1,block_2,2,Provo_ID2,4,1079503,1259090,1,applied_drift,1741734818894,-38.09398412704468,-46.41757309436798
1,1,block_2,2,Provo_ID2,4,1079503,1259090,1,applied_drift,1741734818929,-38.09398412704468,-46.41757309436798
1,1,block_2,2,Provo_ID2,4,1079503,1259090,1,applied_drift,1741734818975,-38.09398412704468,-46.41757309436798
1,1,block_2,2,Provo_ID2,4,1079503,1259090,1,applied_drift,1741734818997,-38.09398412704468,-46.41757309436798
1,1,block_2,2,Provo_ID2,4,1079503,1259090,1,applied_drift,1741734819040,-38.09398412704468,-46.41757309436798
1,1,block_2,2,Provo_ID2,4,1079503,1259090,1,applied_drift,1741734819068,-38.09398412704468,-46.41757309436798
1,1,block_2,2,Provo_ID2,4,1079503,1259090,1,applied_drift,1741734819107,-38.09398412704468,-46.41757309436798
1,1,block_2,2,Provo_ID2,4,1079503,1259090,1,applied_drift,1741734819126,-38.09398412704468,-46.41757309436798
1,1,block_2,2,Provo_ID2,4,1079503,1259090,1,applied_drift,1741734819169,-38.09398412704468,-46.41757309436798
1,1,block_2,2,Provo_ID2,4,1079503,1259090,1,applied_drift,1741734819193,-38.09398412704468,-46.41757309436798
1,1,block_2,2,Provo_ID2,4,1079503,1259090,1,applied_drift,1741734819240,-38.09398412704468,-46.41757309436798
1,1,block_2,2,Provo_ID2,4,1079503,1259090,1,applied_drift,1741734819274,-38.09398412704468,-46.41757309436798
1,1,block_2,2,Provo_ID2,4,1079503,1259090,1,applied_drift,1741734819296,-38.09398412704468,-46.41757309436798
1,1,block_2,2,Provo_ID2,4,1079503,1259090,1,applied_drift,1741734819340,-38.09398412704468,-46.41757309436798
1,1,block_2,2,Provo_ID2,4,1079503,1259090,1,applied_drift,1741734819360,-38.09398412704468,-46.41757309436798
1,1,block_2,2,Provo_ID2,4,1079503,1259090,1,applied_drift,1741734819397,-38.09398412704468,-46.41757309436798
1,1,block_2,2,Provo_ID2,4,1079503,1259090,1,applied_drift,1741734819444,-38.09398412704468,-46.41757309436798
1,1,block_2,2,Provo_ID2,4,1079503,1259090,1,applied_drift,1741734819465,-38.09398412704468,-46.41757309436798
1,1,block_2,2,Provo_ID2,4,1079503,1259090,1,applied_drift,1741734819501,-38.09398412704468,-46.41757309436798
1,1,block_2,2,Provo_ID2,4,1079503,1259090,1,applied_drift,1741734819527,-38.09398412704468,-46.41757309436798
1,1,block_2,2,Provo_ID2,4,1079503,1259090,1,applied_drift,1741734819574,-38.09398412704468,-46.41757309436798
1,1,block_2,2,Provo_ID2,4,1079503,1259090,1,applied_drift,1741734819610,-38.09398412704468,-46.41757309436798
1,1,block_2,2,Provo_ID2,4,1079503,1259090,1,applied_drift,1741734819632,-38.09398412704468,-46.41757309436798
1,1,block_2,2,Provo_ID2,4,1079503,1259090,1,applied_drift,1741734819672,-38.09398412704468,-46.41757309436798
1,1,block_2,2,Provo_ID2,4,1079503,1259090,1,applied_drift,1741734819692,-38.09398412704468,-46.41757309436798
1,1,block_2,2,Provo_ID2,4,1079503,1259090,1,applied_drift,1741734819730,-38.09398412704468,-46.41757309436798
1,1,block_2,2,Provo_ID2,4,1079503,1259090,1,applied_drift,1741734819773,-38.09398412704468,-46.41757309436798
1,1,block_2,2,Provo_ID2,4,1079503,1259090,1,applied_drift,1741734819802,-38.09398412704468,-46.41757309436798
1,1,block_2,2,Provo_ID2,4,1079503,1259090,1,applied_drift,1741734819843,-38.09398412704468,-46.41757309436798
1,1,block_2,2,Provo_ID2,4,1079503,1259090,1,applied_drift,1741734819862,-38.09398412704468,-46.41757309436798
1,1,block_2,2,Provo_ID2,4,1079503,1259090,1,applied_drift,1741734819897,-38.09398412704468,-46.41757309436798
1,1,block_2,2,Provo_ID2,4,1079503,1259090,1,applied_drift,1741734819939,-38.09398412704468,-46.41757309436798
1,1,block_2,2,Provo_ID2,4,1079503,1259090,1,applied_drift,1741734819972,-38.09398412704468,-46.41757309436798
1,1,block_2,2,Provo_ID2,4,1079503,1259090,1,applied_drift,1741734820010,-38.09398412704468,-46.41757309436798
1,1,block_2,2,Provo_ID2,4,1079503,1259090,1,applied_drift,1741734820031,-38.09398412704468,-46.41757309436798
1,1,block_2,2,Provo_ID2,4,1079503,1259090,1,applied_drift,1741734820087,-38.09398412704468,-46.41757309436798
1,1,block_2,2,Provo_ID2,4,1079503,1259090,1,applied_drift,1741734820108,-38.09398412704468,-46.41757309436798
1,1,block_2,2,Provo_ID2,4,1079503,1259090,1,applied_drift,1741734820145,-38.09398412704468,-46.41757309436798
1,1,block_2,2,Provo_ID2,4,1079503,1259090,1,applied_drift,1741734820165,-38.09398412704468,-46.41757309436798
1,1,block_2,2,Provo_ID2,4,1079503,1259090,1,applied_drift,1741734820216,-38.09398412704468,-46.41757309436798
1,1,block_2,2,Provo_ID2,4,1079503,1259090,1,applied_drift,1741734820251,-38.09398412704468,-46.41757309436798
1,1,block_2,2,Provo_ID2,4,1079503,1259090,1,applied_drift,1741734820273,-38.09398412704468,-46.41757309436798
1,1,block_2,2,Provo_ID2,4,1079503,1259090,1,applied_drift,1741734820304,-38.09398412704468,-46.41757309436798
1,1,block_2,2,Provo_ID2,4,1079503,1259090,1,applied_drift,1741734820335,-38.09398412704468,-46.41757309436798
1,1,block_2,2,Provo_ID2,4,1079503,1259090,1,applied_drift,1741734820374,-38.09398412704468,-46.41757309436798
1,1,block_2,2,Provo_ID2,4,1079503,1259090,1,applied_drift,1741734820409,-38.09398412704468,-46.41757309436798
1,1,block_2,2,Provo_ID2,4,1079503,1259090,1,applied_drift,1741734820433,-38.09398412704468,-46.41757309436798
1,1,block_2,2,Provo_ID2,4,1079503,1259090,1,applied_drift,1741734820479,-38.09398412704468,-46.41757309436798
1,1,block_2,2,Provo_ID2,4,1079503,1259090,1,applied_drift,1741734820512,-38.09398412704468,-46.41757309436798
1,1,block_2,2,Provo_ID2,4,1079503,1259090,1,applied_drift,1741734820532,-38.09398412704468,-46.41757309436798
1,1,block_2,2,Provo_ID2,4,1079503,1259090,1,applied_drift,1741734820575,-38.09398412704468,-46.41757309436798
1,1,block_2,2,Provo_ID2,4,1079503,1259090,1,applied_drift,1741734820596,-38.09398412704468,-46.41757309436798
1,1,block_2,2,Provo_ID2,4,1079503,1259090,1,applied_drift,1741734820647,-38.09398412704468,-46.41757309436798
1,1,block_2,2,Provo_ID2,4,1079503,1259090,1,applied_drift,1741734820684,-38.09398412704468,-46.41757309436798
1,1,block_2,2,Provo_ID2,4,1079503,1259090,1,applied_drift,1741734820701,-38.09398412704468,-46.41757309436798
1,1,block_2,2,Provo_ID2,4,1079503,1259090,1,applied_drift,1741734820737,-38.09398412704468,-46.41757309436798
1,1,block_2,2,Provo_ID2,4,1079503,1259090,1,applied_drift,1741734820784,-38.09398412704468,-46.41757309436798
1,1,block_2,2,Provo_ID2,4,1079503,1259090,1,applied_drift,1741734820812,-38.09398412704468,-46.41757309436798
1,1,block_2,2,Provo_ID2,4,1079503,1259090,1,applied_drift,1741734820847,-38.09398412704468,-46.41757309436798
1,1,block_2,2,Provo_ID2,4,1079503,1259090,1,applied_drift,1741734820865,-38.09398412704468,-46.41757309436798
1,1,block_2,2,Provo_ID2,4,1079503,1259090,1,applied_drift,1741734820910,-38.09398412704468,-46.41757309436798
1,1,block_2,2,Provo_ID2,4,1079503,1259090,1,applied_drift,1741734820947,-38.09398412704468,-46.41757309436798
1,1,block_2,2,Provo_ID2,4,1079503,1259090,1,applied_drift,1741734820964,-38.09398412704468,-46.41757309436798
1,1,block_2,2,Provo_ID2,4,1079503,1259090,1,applied_drift,1741734821004,-38.09398412704468,-46.41757309436798
1,1,block_2,2,Provo_ID2,4,1079503,1259090,1,applied_drift,1741734821047,-38.09398412704468,-46.41757309436798
1,1,block_2,2,Provo_ID2,4,1079503,1259090,1,applied_drift,1741734821078,-38.09398412704468,-46.41757309436798
1,1,block_2,2,Provo_ID2,4,1079503,1259090,1,applied_drift,1741734821113,-38.09398412704468,-46.41757309436798
1,1,block_2,2,Provo_ID2,4,1079503,1259090,1,applied_drift,1741734821132,-38.09398412704468,-46.41757309436798
1,1,block_2,2,Provo_ID2,4,1079503,1259090,1,applied_drift,1741734821177,-38.09398412704468,-46.41757309436798
1,1,block_2,2,Provo_ID2,4,1079503,1259090,1,applied_drift,1741734821215,-38.09398412704468,-46.41757309436798
1,1,block_2,2,Provo_ID2,4,1079503,1259090,1,applied_drift,1741734821242,-38.09398412704468,-46.41757309436798
1,1,block_2,2,Provo_ID2,4,1079503,1259090,1,applied_drift,1741734821278,-38.09398412704468,-46.41757309436798
1,1,block_2,2,Provo_ID2,4,1079503,1259090,1,applied_drift,1741734821299,-38.09398412704468,-46.41757309436798
1,1,block_2,2,Provo_ID2,4,1079503,1259090,1,applied_drift,1741734821340,-38.09398412704468,-46.41757309436798
1,1,block_2,2,Provo_ID2,4,1079503,1259090,1,applied_drift,1741734821385,-38.09398412704468,-46.41757309436798
1,1,block_2,2,Provo_ID2,4,1079503,1259090,1,applied_drift,1741734821411,-38.09398412704468,-46.41757309436798
1,1,block_2,2,Provo_ID2,4,1079503,1259090,1,applied_drift,1741734821446,-38.09398412704468,-46.41757309436798
1,1,block_2,2,Provo_ID2,4,1079503,1259090,1,applied_drift,1741734821468,-38.09398412704468,-46.41757309436798
1,1,block_2,2,Provo_ID2,4,1079503,1259090,1,applied_drift,1741734821512,-38.09398412704468,-46.41757309436798
1,1,block_2,2,Provo_ID2,4,1079503,1259090,1,applied_drift,1741734821532,-38.09398412704468,-46.41757309436798
1,1,block_2,2,Provo_ID2,4,1079503,1259090,1,applied_drift,1741734821568,-38.09398412704468,-46.41757309436798
1,1,block_2,2,Provo_ID2,4,1079503,1259090,1,applied_drift,1741734821611,-38.09398412704468,-46.41757309436798
1,1,block_2,2,Provo_ID2,4,1079503,1259090,1,applied_drift,1741734821635,-38.09398412704468,-46.41757309436798
1,1,block_2,2,Provo_ID2,4,1079503,1259090,1,applied_drift,1741734821668,-38.09398412704468,-46.41757309436798
1,1,block_2,2,Provo_ID2,4,1079503,1259090,1,applied_drift,1741734821717,-38.09398412704468,-46.41757309436798
1,1,block_2,2,Provo_ID2,4,1079503,1259090,1,applied_drift,1741734821735,-38.09398412704468,-46.41757309436798
1,1,block_2,2,Provo_ID2,4,1079503,1259090,1,applied_drift,1741734821778,-38.09398412704468,-46.41757309436798
1,1,block_2,2,Provo_ID2,4,1079503,1259090,1,applied_drift,1741734821806,-38.09398412704468,-46.41757309436798
1,1,block_2,2,Provo_ID2,4,1079503,1259090,1,applied_drift,1741734821839,-38.09398412704468,-46.41757309436798
1,1,block_2,2,Provo_ID2,4,1079503,1259090,1,applied_drift,1741734821863,-38.09398412704468,-46.41757309436798
1,1,block_2,2,Provo_ID2,4,1079503,1259090,1,applied_drift,1741734821907,-38.09398412704468,-46.41757309436798
1,1,block_2,2,Provo_ID2,4,1079503,1259090,1,applied_drift,1741734821951,-38.09398412704468,-46.41757309436798
1,1,block_2,2,Provo_ID2,4,1079503,1259090,1,applied_drift,1741734821974,-38.09398412704468,-46.41757309436798
1,1,block_2,2,Provo_ID2,4,1079503,1259090,1,applied_drift,1741734822015,-38.09398412704468,-46.41757309436798
1,1,block_2,2,Provo_ID2,4,1079503,1259090,1,applied_drift,1741734822036,-38.09398412704468,-46.41757309436798
1,1,block_2,2,Provo_ID2,4,1079503,1259090,1,applied_drift,1741734822068,-38.09398412704468,-46.41757309436798
1,1,block_2,2,Provo_ID2,4,1079503,1259090,1,applied_drift,1741734822107,-38.09398412704468,-46.41757309436798
1,1,block_2,2,Provo_ID2,4,1079503,1259090,1,applied_drift,1741734822140,-38.09398412704468,-46.41757309436798
1,1,block_2,2,Provo_ID2,4,1079503,1259090,1,applied_drift,1741734822177,-38.09398412704468,-46.41757309436798
1,1,block_2,2,Provo_ID2,4,1079503,1259090,1,applied_drift,1741734822202,-38.09398412704468,-46.41757309436798
1,1,block_2,2,Provo_ID2,4,1079503,1259090,1,applied_drift,1741734822245,-38.09398412704468,-46.41757309436798
1,1,block_2,2,Provo_ID2,4,1079503,1259090,1,applied_drift,1741734822263,-38.09398412704468,-46.41757309436798
1,1,block_2,2,Provo_ID2,4,1079503,1259090,1,applied_drift,1741734822307,-38.09398412704468,-46.41757309436798
1,1,block_2,2,Provo_ID2,4,1079503,1259090,1,applied_drift,1741734822349,-38.09398412704468,-46.41757309436798
1,1,block_2,2,Provo_ID2,4,1079503,1259090,1,applied_drift,1741734822376,-38.09398412704468,-46.41757309436798
1,1,block_2,2,Provo_ID2,4,1079503,1259090,1,applied_drift,1741734822412,-38.09398412704468,-46.41757309436798
1,1,block_2,2,Provo_ID2,4,1079503,1259090,1,applied_drift,1741734822439,-38.09398412704468,-46.41757309436798
1,1,block_2,2,Provo_ID2,4,1079503,1259090,1,applied_drift,1741734822477,-38.09398412704468,-46.41757309436798
1,1,block_2,2,Provo_ID2,4,1079503,1259090,1,applied_drift,1741734822496,-38.09398412704468,-46.41757309436798
1,1,block_2,2,Provo_ID2,4,1079503,1259090,1,applied_drift,1741734822539,-38.09398412704468,-46.41757309436798
1,1,block_2,2,Provo_ID2,4,1079503,1259090,1,applied_drift,1741734822584,-38.09398412704468,-46.41757309436798
1,1,block_2,2,Provo_ID2,4,1079503,1259090,1,applied_drift,1741734822605,-38.09398412704468,-46.41757309436798
1,1,block_2,2,Provo_ID2,4,1079503,1259090,1,applied_drift,1741734822634,-38.09398412704468,-46.41757309436798
1,1,block_2,2,Provo_ID2,4,1079503,1259090,1,applied_drift,1741734822679,-38.09398412704468,-46.41757309436798
1,1,block_2,2,Provo_ID2,4,1079503,1259090,1,applied_drift,1741734822706,-38.09398412704468,-46.41757309436798
1,1,block_2,2,Provo_ID2,4,1079503,1259090,1,applied_drift,1741734822740,-38.09398412704468,-46.41757309436798
1,1,block_2,2,Provo_ID2,4,1079503,1259090,1,applied_drift,1741734822763,-38.09398412704468,-46.41757309436798
1,1,block_2,2,Provo_ID2,4,1079503,1259090,1,applied_drift,1741734822807,-38.09398412704468,-46.41757309436798
1,1,block_2,2,Provo_ID2,4,1079503,1259090,1,applied_drift,1741734822828,-38.09398412704468,-46.41757309436798
1,1,block_2,2,Provo_ID2,4,1079503,1259090,1,applied_drift,1741734822867,-38.09398412704468,-46.41757309436798
1,1,block_2,2,Provo_ID2,4,1079503,1259090,1,applied_drift,1741734822903,-38.09398412704468,-46.41757309436798
1,1,block_2,2,Provo_ID2,4,1079503,1259090,1,applied_drift,1741734822929,-38.09398412704468,-46.41757309436798
1,1,block_2,2,Provo_ID2,4,1079503,1259090,1,applied_drift,1741734822969,-38.09398412704468,-46.41757309436798
1,1,block_2,2,Provo_ID2,4,1079503,1259090,1,applied_drift,1741734823010,-38.09398412704468,-46.41757309436798
1,1,block_2,2,Provo_ID2,4,1079503,1259090,1,applied_drift,1741734823031,-38.09398412704468,-46.41757309436798
1,1,block_2,2,Provo_ID2,4,1079503,1259090,1,applied_drift,1741734823068,-38.09398412704468,-46.41757309436798
1,1,block_2,2,Provo_ID2,4,1079503,1259090,1,applied_drift,1741734823109,-38.09398412704468,-46.41757309436798
1,1,block_2,2,Provo_ID2,4,1079503,1259090,1,applied_drift,1741734823135,-38.09398412704468,-46.41757309436798
1,1,block_2,2,Provo_ID2,4,1079503,1259090,1,applied_drift,1741734823171,-38.09398412704468,-46.41757309436798
1,1,block_2,2,Provo_ID2,4,1079503,1259090,1,applied_drift,1741734823196,-38.09398412704468,-46.41757309436798
1,1,block_2,2,Provo_ID2,4,1079503,1259090,1,applied_drift,1741734823236,-38.09398412704468,-46.41757309436798
1,1,block_2,2,Provo_ID2,4,1079503,1259090,1,applied_drift,1741734823286,-38.09398412704468,-46.41757309436798
1,1,block_2,2,Provo_ID2,4,1079503,1259090,1,applied_drift,1741734823310,-38.09398412704468,-46.41757309436798
1,1,block_2,2,Provo_ID2,4,1079503,1259090,1,applied_drift,1741734823345,-38.09398412704468,-46.41757309436798
1,1,block_2,2,Provo_ID2,4,1079503,1259090,1,applied_drift,1741734823365,-38.09398412704468,-46.41757309436798
1,1,block_2,2,Provo_ID2,4,1079503,1259090,1,applied_drift,1741734823404,-38.09398412704468,-46.41757309436798
1,1,block_2,2,Provo_ID2,4,1079503,1259090,1,applied_drift,1741734823435,-38.09398412704468,-46.41757309436798
1,1,block_2,2,Provo_ID2,4,1079503,1259090,1,applied_drift,1741734823476,-38.09398412704468,-46.41757309436798
1,1,block_2,2,Provo_ID2,4,1079503,1259090,1,applied_drift,1741734823507,-38.09398412704468,-46.41757309436798
1,1,block_2,2,Provo_ID2,4,1079503,1259090,1,applied_drift,1741734823543,-38.09398412704468,-46.41757309436798
1,1,block_2,2,Provo_ID2,4,1079503,1259090,1,applied_drift,1741734823573,-38.09398412704468,-46.41757309436798
1,1,block_2,2,Provo_ID2,4,1079503,1259090,1,applied_drift,1741734823605,-38.09398412704468,-46.41757309436798
1,1,block_2,2,Provo_ID2,4,1079503,1259090,1,applied_drift,1741734823632,-38.09398412704468,-46.41757309436798
1,1,block_2,2,Provo_ID2,4,1079503,1259090,1,applied_drift,1741734823681,-38.09398412704468,-46.41757309436798
1,1,block_2,2,Provo_ID2,4,1079503,1259090,1,applied_drift,1741734823716,-38.09398412704468,-46.41757309436798
1,1,block_2,2,Provo_ID2,4,1079503,1259090,1,applied_drift,1741734823744,-38.09398412704468,-46.41757309436798
1,1,block_2,2,Provo_ID2,4,1079503,1259090,1,applied_drift,1741734823775,-38.09398412704468,-46.41757309436798
1,1,block_2,2,Provo_ID2,4,1079503,1259090,1,applied_drift,1741734823800,-38.09398412704468,-46.41757309436798
1,1,block_2,2,Provo_ID2,4,1079503,1259090,1,applied_drift,1741734823833,-38.09398412704468,-46.41757309436798
1,1,block_2,2,Provo_ID2,4,1079503,1259090,1,applied_drift,1741734823861,-38.09398412704468,-46.41757309436798
1,1,block_2,2,Provo_ID2,4,1079503,1259090,1,applied_drift,1741734823901,-38.09398412704468,-46.41757309436798
1,1,block_2,2,Provo_ID2,4,1079503,1259090,1,applied_drift,1741734823947,-38.09398412704468,-46.41757309436798
1,1,block_2,2,Provo_ID2,4,1079503,1259090,1,applied_drift,1741734823965,-38.09398412704468,-46.41757309436798
1,1,block_2,2,Provo_ID2,4,1079503,1259090,1,applied_drift,1741734823999,-38.09398412704468,-46.41757309436798
1,1,block_2,2,Provo_ID2,4,1079503,1259090,1,applied_drift,1741734824043,-38.09398412704468,-46.41757309436798
1,1,block_2,2,Provo_ID2,4,1079503,1259090,1,applied_drift,1741734824069,-38.09398412704468,-46.41757309436798
1,1,block_2,2,Provo_ID2,4,1079503,1259090,1,applied_drift,1741734824114,-38.09398412704468,-46.41757309436798
1,1,block_2,2,Provo_ID2,4,1079503,1259090,1,applied_drift,1741734824149,-38.09398412704468,-46.41757309436798
1,1,block_2,2,Provo_ID2,4,1079503,1259090,1,applied_drift,1741734824181,-38.09398412704468,-46.41757309436798
1,1,block_2,2,Provo_ID2,4,1079503,1259090,1,applied_drift,1741734824208,-38.09398412704468,-46.41757309436798
1,1,block_2,2,Provo_ID2,4,1079503,1259090,1,applied_drift,1741734824251,-38.09398412704468,-46.41757309436798
1,1,block_2,2,Provo_ID2,4,1079503,1259090,1,applied_drift,1741734824276,-38.09398412704468,-46.41757309436798
1,1,block_2,2,Provo_ID2,4,1079503,1259090,1,applied_drift,1741734824311,-38.09398412704468,-46.41757309436798
1,1,block_2,2,Provo_ID2,4,1079503,1259090,1,applied_drift,1741734824338,-38.09398412704468,-46.41757309436798
1,1,block_2,2,Provo_ID2,4,1079503,1259090,1,applied_drift,1741734824373,-38.09398412704468,-46.41757309436798
1,1,block_2,2,Provo_ID2,4,1079503,1259090,1,applied_drift,1741734824399,-38.09398412704468,-46.41757309436798
1,1,block_2,2,Provo_ID2,4,1079503,1259090,1,applied_drift,1741734824438,-38.09398412704468,-46.41757309436798
1,1,block_2,2,Provo_ID2,4,1079503,1259090,1,applied_drift,1741734824468,-38.09398412704468,-46.41757309436798
1,1,block_2,2,Provo_ID2,4,1079503,1259090,1,applied_drift,1741734824517,-38.09398412704468,-46.41757309436798
1,1,block_2,2,Provo_ID2,4,1079503,1259090,1,applied_drift,1741734824543,-38.09398412704468,-46.41757309436798
1,1,block_2,2,Provo_ID2,4,1079503,1259090,1,applied_drift,1741734824566,-38.09398412704468,-46.41757309436798
1,1,block_2,2,Provo_ID2,4,1079503,1259090,1,applied_drift,1741734824605,-38.09398412704468,-46.41757309436798
1,1,block_2,2,Provo_ID2,4,1079503,1259090,1,applied_drift,1741734824639,-38.09398412704468,-46.41757309436798
1,1,block_2,2,Provo_ID2,4,1079503,1259090,1,applied_drift,1741734824677,-38.09398412704468,-46.41757309436798
1,1,block_2,2,Provo_ID2,4,1079503,1259090,1,applied_drift,1741734824705,-38.09398412704468,-46.41757309436798
1,1,block_2,2,Provo_ID2,4,1079503,1259090,1,applied_drift,1741734824742,-38.09398412704468,-46.41757309436798
1,1,block_2,2,Provo_ID2,4,1079503,1259090,1,applied_drift,1741734824786,-38.09398412704468,-46.41757309436798
1,1,block_2,2,Provo_ID2,4,1079503,1259090,1,applied_drift,1741734824841,-38.09398412704468,-46.41757309436798
1,1,block_2,2,Provo_ID2,4,1079503,1259090,1,applied_drift,1741734824901,-38.09398412704468,-46.41757309436798
1,1,block_2,2,Provo_ID2,4,1079503,1259090,1,applied_drift,1741734824983,-38.09398412704468,-46.41757309436798
1,1,block_2,2,Provo_ID2,4,1079503,1259090,1,applied_drift,1741734825048,-38.09398412704468,-46.41757309436798
1,1,block_2,2,Provo_ID2,4,1079503,1259090,1,applied_drift,1741734825098,-38.09398412704468,-46.41757309436798
1,1,block_2,2,Provo_ID2,4,1079503,1259090,1,applied_drift,1741734825139,-38.09398412704468,-46.41757309436798
1,1,block_2,2,Provo_ID2,4,1079503,1259090,1,applied_drift,1741734825202,-38.09398412704468,-46.41757309436798
1,1,block_2,2,Provo_ID2,4,1079503,1259090,1,applied_drift,1741734825234,-38.09398412704468,-46.41757309436798
1,1,block_2,2,Provo_ID2,4,1079503,1259090,1,applied_drift,1741734825289,-38.09398412704468,-46.41757309436798
1,1,block_2,2,Provo_ID2,4,1079503,1259090,1,applied_drift,1741734825347,-38.09398412704468,-46.41757309436798
1,1,block_2,2,Provo_ID2,4,1079503,1259090,1,applied_drift,1741734825381,-38.09398412704468,-46.41757309436798
1,1,block_2,2,Provo_ID2,4,1079503,1259090,1,applied_drift,1741734825430,-38.09398412704468,-46.41757309436798
1,1,block_2,2,Provo_ID2,4,1079503,1259090,1,applied_drift,1741734825459,-38.09398412704468,-46.41757309436798
1,1,block_2,2,Provo_ID2,4,1079503,1259090,1,applied_drift,1741734825495,-38.09398412704468,-46.41757309436798
1,1,block_2,2,Provo_ID2,4,1079503,1259090,1,applied_drift,1741734825519,-38.09398412704468,-46.41757309436798
1,1,block_2,2,Provo_ID2,4,1079503,1259090,1,applied_drift,1741734825552,-38.09398412704468,-46.41757309436798
1,1,block_2,2,Provo_ID2,4,1079503,1259090,1,error_trial,1741734787064,""
1,1,block_2,2,Provo_ID2,4,1079503,1259090,1,error_trial,1741734811038,77.95427110460069
1,1,block_2,2,Provo_ID2,4,1079503,1259090,1,error_trial_x,1741734787064,""
1,1,block_2,2,Provo_ID2,4,1079503,1259090,1,error_trial_x,1741734811038,61.269310845269096
1,1,block_2,2,Provo_ID2,4,1079503,1259090,1,error_trial_y,1741734787064,""
1,1,block_2,2,Provo_ID2,4,1079503,1259090,1,error_trial_y,1741734811038,41.20417700873481
1,1,block_2,2,Provo_ID2,4,1079503,1259090,1,error_calibration,1741734787064,""
1,1,block_2,2,Provo_ID2,4,1079503,1259090,1,error_calibration,1741734811038,37.97401004367404
1,1,block_2,2,Provo_ID2,4,1079503,1259090,1,error_calibration_x,1741734787064,""
1,1,block_2,2,Provo_ID2,4,1079503,1259090,1,error_calibration_x,1741734811038,29.178551567925346
1,1,block_2,2,Provo_ID2,4,1079503,1259090,1,error_calibration_y,1741734787064,""
1,1,block_2,2,Provo_ID2,4,1079503,1259090,1,error_calibration_y,1741734811038,18.495686848958332
1,1,block_2,2,Provo_ID2,4,1079503,1259090,1,gaze_conf,"",
1,1,block_2,2,Provo_ID11,5,1079503,1259090,1,gaze_data,1741734828742,
1,1,block_2,2,Provo_ID11,5,1079503,1259090,1,gaze_data,1741734852505,345.3651189804077,140.79269617795944,1741734852452.8,1
1,1,block_2,2,Provo_ID11,5,1079503,1259090,1,gaze_data,1741734852538,360.59452295303345,144.1516414284706,1741734852485.7,1
1,1,block_2,2,Provo_ID11,5,1079503,1259090,1,gaze_data,1741734852563,376.85715556144714,140.8119559288025,1741734852519.2,1
1,1,block_2,2,Provo_ID11,5,1079503,1259090,1,gaze_data,1741734852606,379.4272840023041,144.8954701423645,1741734852552.2,1
1,1,block_2,2,Provo_ID11,5,1079503,1259090,1,gaze_data,1741734852648,374.0767002105713,143.99914294481277,1741734852594.3,1
1,1,block_2,2,Provo_ID11,5,1079503,1259090,1,gaze_data,1741734852675,344.4233298301697,141.62800312042236,1741734852619,1
1,1,block_2,2,Provo_ID11,5,1079503,1259090,1,gaze_data,1741734852714,349.53538179397583,155.66520988941193,1741734852652.6,1
1,1,block_2,2,Provo_ID11,5,1079503,1259090,1,gaze_data,1741734852748,330.0182342529297,146.3026463985443,1741734852685.8,1
1,1,block_2,2,Provo_ID11,5,1079503,1259090,1,gaze_data,1741734852772,182.69658088684082,107.86721706390381,1741734852719.2,1
1,1,block_2,2,Provo_ID11,5,1079503,1259090,1,gaze_data,1741734852813,152.2569179534912,103.32997739315033,1741734852752.1,1
1,1,block_2,2,Provo_ID11,5,1079503,1259090,1,gaze_data,1741734852851,145.27254104614258,110.01805067062378,1741734852786.1,1
1,1,block_2,2,Provo_ID11,5,1079503,1259090,1,gaze_data,1741734852906,129.55303192138672,90.5996173620224,1741734852852.8,1
1,1,block_2,2,Provo_ID11,5,1079503,1259090,1,gaze_data,1741734852927,126.6324520111084,85.53884029388428,1741734852885.5,1
1,1,block_2,2,Provo_ID11,5,1079503,1259090,1,gaze_data,1741734852964,105.39240837097168,81.45276308059692,1741734852919,1
1,1,block_2,2,Provo_ID11,5,1079503,1259090,1,gaze_data,1741734853011,89.25786018371582,74.31319952011108,1741734852952,1
1,1,block_2,2,Provo_ID11,5,1079503,1259090,1,gaze_data,1741734853033,91.71266555786133,76.26210749149323,1741734852986,1
1,1,block_2,2,Provo_ID11,5,1079503,1259090,1,gaze_data,1741734853066,97.70894050598145,68.49457919597626,1741734853018.6,1
1,1,block_2,2,Provo_ID11,5,1079503,1259090,1,gaze_data,1741734853116,94.47684288024902,67.0647382736206,1741734853061.6,1
1,1,block_2,2,Provo_ID11,5,1079503,1259090,1,gaze_data,1741734853136,82.85136222839355,69.7243869304657,1741734853085.6,1
1,1,block_2,2,Provo_ID11,5,1079503,1259090,1,gaze_data,1741734853181,89.11480903625488,76.82096064090729,1741734853118.9001,1
1,1,block_2,2,Provo_ID11,5,1079503,1259090,1,gaze_data,1741734853216,211.23207807540894,118.18123459815979,1741734853152,1
1,1,block_2,2,Provo_ID11,5,1079503,1259090,1,gaze_data,1741734853235,256.02108240127563,158.26573818922043,1741734853185.7,1
1,1,block_2,2,Provo_ID11,5,1079503,1259090,1,gaze_data,1741734853286,368.66926550865173,99.3683397769928,1741734853239.8,1
1,1,block_2,2,Provo_ID11,5,1079503,1259090,1,gaze_data,1741734853318,400.3233343362808,97.07987904548645,1741734853252.4001,1
1,1,block_2,2,Provo_ID11,5,1079503,1259090,1,gaze_data,1741734853336,384.41434502601624,71.07715904712677,1741734853285.2,1
1,1,block_2,2,Provo_ID11,5,1079503,1259090,1,gaze_data,1741734853377,371.67258858680725,80.55094480514526,1741734853318.7,1
1,1,block_2,2,Provo_ID11,5,1079503,1259090,1,gaze_data,1741734853418,405.66471815109253,85.31830310821533,1741734853351.9001,1
1,1,block_2,2,Provo_ID11,5,1079503,1259090,1,gaze_data,1741734853445,428.5659521818161,92.75992810726166,1741734853385.7,1
1,1,block_2,2,Provo_ID11,5,1079503,1259090,1,gaze_data,1741734853487,422.5103974342346,88.11258375644684,1741734853418.5,1
1,1,block_2,2,Provo_ID11,5,1079503,1259090,1,gaze_data,1741734853508,439.29995596408844,101.56651437282562,1741734853452.6,1
1,1,block_2,2,Provo_ID11,5,1079503,1259090,1,gaze_data,1741734853555,421.459698677063,121.76114171743393,1741734853507.5,1
1,1,block_2,2,Provo_ID11,5,1079503,1259090,1,gaze_data,1741734853587,437.95264959335327,112.10898160934448,1741734853519.4001,1
1,1,block_2,2,Provo_ID11,5,1079503,1259090,1,gaze_data,1741734853614,514.5004749298096,64.29653465747833,1741734853551.9001,1
1,1,block_2,2,Provo_ID11,5,1079503,1259090,1,gaze_data,1741734853645,562.5861644744873,51.54246687889099,1741734853585.6,1
1,1,block_2,2,Provo_ID11,5,1079503,1259090,1,gaze_data,1741734853668,603.0049800872803,36.48579716682434,1741734853618.5,1
1,1,block_2,2,Provo_ID11,5,1079503,1259090,1,gaze_data,1741734853706,584.9627017974854,54.15796339511871,1741734853652,1
1,1,block_2,2,Provo_ID11,5,1079503,1259090,1,gaze_data,1741734853745,581.4037680625916,52.33646035194397,1741734853684.9001,1
1,1,block_2,2,Provo_ID11,5,1079503,1259090,1,gaze_data,1741734853772,570.1441645622253,50.47387480735779,1741734853735.2,1
1,1,block_2,2,Provo_ID11,5,1079503,1259090,1,gaze_data,1741734853811,609.9734783172607,76.28867626190186,1741734853751.9001,1
1,1,block_2,2,Provo_ID11,5,1079503,1259090,1,gaze_data,1741734853852,591.1496162414551,70.16577422618866,1741734853785.7,1
1,1,block_2,2,Provo_ID11,5,1079503,1259090,1,gaze_data,1741734853874,468.8196897506714,207.6945923268795,1741734853818.4001,1
1,1,block_2,2,Provo_ID11,5,1079503,1259090,1,gaze_data,1741734853921,340.70655703544617,242.28068105876446,1741734853852,1
1,1,block_2,2,Provo_ID11,5,1079503,1259090,1,gaze_data,1741734853947,325.1456618309021,203.41199859976768,1741734853885.2,1
1,1,block_2,2,Provo_ID11,5,1079503,1259090,1,gaze_data,1741734853985,303.52373123168945,198.382618278265,1741734853919,1
1,1,block_2,2,Provo_ID11,5,1079503,1259090,1,gaze_data,1741734854011,265.64502716064453,194.74501758813858,1741734853951.8,1
1,1,block_2,2,Provo_ID11,5,1079503,1259090,1,gaze_data,1741734854045,280.496621131897,233.75568762421608,1741734853985.3,1
1,1,block_2,2,Provo_ID11,5,1079503,1259090,1,gaze_data,1741734854075,286.9445204734802,226.28023512661457,1741734854038,1
1,1,block_2,2,Provo_ID11,5,1079503,1259090,1,gaze_data,1741734854118,247.98930883407593,239.81186971068382,1741734854052.2,1
1,1,block_2,2,Provo_ID11,5,1079503,1259090,1,gaze_data,1741734854150,176.4254093170166,262.5954210758209,1741734854085,1
1,1,block_2,2,Provo_ID11,5,1079503,1259090,1,gaze_data,1741734854172,169.90046501159668,279.85470220446587,1741734854118.5,1
1,1,block_2,2,Provo_ID11,5,1079503,1259090,1,gaze_data,1741734854209,193.6534881591797,263.92504423856735,1741734854151.3,1
1,1,block_2,2,Provo_ID11,5,1079503,1259090,1,gaze_data,1741734854244,192.15083122253418,274.2013990879059,1741734854185.6,1
1,1,block_2,2,Provo_ID11,5,1079503,1259090,1,gaze_data,1741734854278,175.1722812652588,276.1903092265129,1741734854219.4001,1
1,1,block_2,2,Provo_ID11,5,1079503,1259090,1,gaze_data,1741734854322,163.1317138671875,301.7287239432335,1741734854262.1,1
1,1,block_2,2,Provo_ID11,5,1079503,1259090,1,gaze_data,1741734854348,164.46428298950195,301.54161751270294,1741734854285.2,1
1,1,block_2,2,Provo_ID11,5,1079503,1259090,1,gaze_data,1741734854387,238.32029104232788,387.01238334178925,1741734854318.5,1
1,1,block_2,2,Provo_ID11,5,1079503,1259090,1,gaze_data,1741734854408,267.7536129951477,371.3139206171036,1741734854351.7,1
1,1,block_2,2,Provo_ID11,5,1079503,1259090,1,gaze_data,1741734854446,317.8578853607178,362.7642899751663,1741734854385,1
1,1,block_2,2,Provo_ID11,5,1079503,1259090,1,gaze_data,1741734854470,318.9319133758545,352.47445702552795,1741734854418.4001,1
1,1,block_2,2,Provo_ID11,5,1079503,1259090,1,gaze_data,1741734854514,279.25376892089844,383.2421213388443,1741734854452,1
1,1,block_2,2,Provo_ID11,5,1079503,1259090,1,gaze_data,1741734854551,246.36495113372803,391.31053388118744,1741734854484.9001,1
1,1,block_2,2,Provo_ID11,5,1079503,1259090,1,gaze_data,1741734854575,233.02778005599976,392.31609404087067,1741734854518.6,1
1,1,block_2,2,Provo_ID11,5,1079503,1259090,1,gaze_data,1741734854609,253.42196226119995,385.3727787733078,1741734854551.3,1
1,1,block_2,2,Provo_ID11,5,1079503,1259090,1,gaze_data,1741734854664,303.0158042907715,382.7463299036026,1741734854585.2,1
1,1,block_2,2,Provo_ID11,5,1079503,1259090,1,gaze_data,1741734854689,350.6826639175415,385.6900691986084,1741734854619.9001,1
1,1,block_2,2,Provo_ID11,5,1079503,1259090,1,gaze_data,1741734854725,351.2357711791992,394.3263649940491,1741734854651.7,1
1,1,block_2,2,Provo_ID11,5,1079503,1259090,1,gaze_data,1741734854760,386.76982522010803,415.52673876285553,1741734854685.2,1
1,1,block_2,2,Provo_ID11,5,1079503,1259090,1,gaze_data,1741734854791,366.29713773727417,393.5798466205597,1741734854738.4001,1
1,1,block_2,2,Provo_ID11,5,1079503,1259090,1,gaze_data,1741734854811,380.86904287338257,406.79821968078613,1741734854751.5,1
1,1,block_2,2,Provo_ID11,5,1079503,1259090,1,gaze_data,1741734854854,391.12742245197296,377.6068449020386,1741734854785,1
1,1,block_2,2,Provo_ID11,5,1079503,1259090,1,gaze_data,1741734854891,385.3691041469574,375.2846032381058,1741734854818.2,1
1,1,block_2,2,Provo_ID11,5,1079503,1259090,1,gaze_data,1741734854914,380.1541566848755,373.49287271499634,1741734854851.9001,1
1,1,block_2,2,Provo_ID11,5,1079503,1259090,1,gaze_data,1741734854956,386.5693926811218,379.6066552400589,1741734854884.8,1
1,1,block_2,2,Provo_ID11,5,1079503,1259090,1,gaze_data,1741734854975,431.98123574256897,382.5445234775543,1741734854918.3,1
1,1,block_2,2,Provo_ID11,5,1079503,1259090,1,gaze_data,1741734855027,459.90926027297974,381.6833108663559,1741734854951.3,1
1,1,block_2,2,Provo_ID11,5,1079503,1259090,1,gaze_data,1741734855054,478.8944602012634,386.5643799304962,1741734854985.2,1
1,1,block_2,2,Provo_ID11,5,1079503,1259090,1,gaze_data,1741734855098,457.57107734680176,396.38397693634033,1741734855017.8,1
1,1,block_2,2,Provo_ID11,5,1079503,1259090,1,gaze_data,1741734855123,461.67994141578674,392.87855327129364,1741734855053.6,1
1,1,block_2,2,Provo_ID11,5,1079503,1259090,1,gaze_data,1741734855154,483.0719828605652,390.05879163742065,1741734855084.6,1
1,1,block_2,2,Provo_ID11,5,1079503,1259090,1,gaze_data,1741734855177,422.2414493560791,370.45631408691406,1741734855118.4001,1
1,1,block_2,2,Provo_ID11,5,1079503,1259090,1,gaze_data,1741734855224,322.73865938186646,171.58924639225006,1741734855151.4001,1
1,1,block_2,2,Provo_ID11,5,1079503,1259090,1,gaze_data,1741734855270,196.4198112487793,93.24503540992737,1741734855184.9001,0.9295519286062963
1,1,block_2,2,Provo_ID11,5,1079503,1259090,1,gaze_data,1741734855291,211.06401681900024,85.99416017532349,1741734855233.1,0.9295519286062963
1,1,block_2,2,Provo_ID11,5,1079503,1259090,1,gaze_data,1741734855330,233.0623984336853,59.22532677650452,1741734855252,1
1,1,block_2,2,Provo_ID11,5,1079503,1259090,1,gaze_data,1741734855354,233.83721113204956,54.570308327674866,1741734855284.4001,1
1,1,block_2,2,Provo_ID11,5,1079503,1259090,1,gaze_data,1741734855391,221.54558897018433,73.71929883956909,1741734855318,1
1,1,block_2,2,Provo_ID11,5,1079503,1259090,1,gaze_data,1741734855420,252.2216558456421,103.28662991523743,1741734855351.1,1
1,1,block_2,2,Provo_ID11,5,1079503,1259090,1,gaze_data,1741734855457,318.5979723930359,121.2392807006836,1741734855385,1
1,1,block_2,2,Provo_ID11,5,1079503,1259090,1,gaze_data,1741734855497,339.02668952941895,135.7566624879837,1741734855417.7,1
1,1,block_2,2,Provo_ID11,5,1079503,1259090,1,gaze_data,1741734855520,315.0959849357605,138.92073035240173,1741734855452.6,1
1,1,block_2,2,Provo_ID11,5,1079503,1259090,1,gaze_data,1741734855554,394.69249844551086,99.16766583919525,1741734855484.3,1
1,1,block_2,2,Provo_ID11,5,1079503,1259090,1,gaze_data,1741734855584,372.84632325172424,105.53493201732635,1741734855518.1,1
1,1,block_2,2,Provo_ID11,5,1079503,1259090,1,gaze_data,1741734855625,355.0088047981262,121.13671600818634,1741734855550.9001,1
1,1,block_2,2,Provo_ID11,5,1079503,1259090,1,gaze_data,1741734855666,344.03194785118103,269.62193697690964,1741734855584.8,1
1,1,block_2,2,Provo_ID11,5,1079503,1259090,1,gaze_data,1741734855688,322.0273733139038,270.39329931139946,1741734855617.7,1
1,1,block_2,2,Provo_ID11,5,1079503,1259090,1,gaze_data,1741734855724,315.0635361671448,250.85757710039616,1741734855651.2,1
1,1,block_2,2,Provo_ID11,5,1079503,1259090,1,gaze_data,1741734855755,315.0635361671448,250.85757710039616,1741734855684.4001,1
1,1,block_2,2,Provo_ID11,5,1079503,1259090,1,gaze_data,1741734855786,251.55616998672485,256.11692517995834,1741734855732.3,1
1,1,block_2,2,Provo_ID11,5,1079503,1259090,1,gaze_data,1741734855815,244.25402879714966,244.8081210255623,1741734855750.9001,1
1,1,block_2,2,Provo_ID11,5,1079503,1259090,1,gaze_data,1741734855858,267.94888973236084,241.64218679070473,1741734855784.6,1
1,1,block_2,2,Provo_ID11,5,1079503,1259090,1,gaze_data,1741734855892,249.66543912887573,212.88291960954666,1741734855817.6,1
1,1,block_2,2,Provo_ID11,5,1079503,1259090,1,gaze_data,1741734855916,218.44197511672974,266.1572530865669,1741734855851.5,1
1,1,block_2,2,Provo_ID11,5,1079503,1259090,1,gaze_data,1741734855962,219.38074827194214,268.9981371164322,1741734855884,1
1,1,block_2,2,Provo_ID11,5,1079503,1259090,1,gaze_data,1741734855997,260.08514165878296,304.48336005210876,1741734855917.8,1
1,1,block_2,2,Provo_ID11,5,1079503,1259090,1,gaze_data,1741734856027,251.21431350708008,277.55744233727455,1741734855951.4001,1
1,1,block_2,2,Provo_ID11,5,1079503,1259090,1,gaze_data,1741734856068,265.31755924224854,304.8630863428116,1741734855986.6,1
1,1,block_2,2,Provo_ID11,5,1079503,1259090,1,gaze_data,1741734856088,277.6095390319824,297.20596075057983,1741734856018,1
1,1,block_2,2,Provo_ID11,5,1079503,1259090,1,gaze_data,1741734856126,248.41549396514893,293.63854825496674,1741734856051.4001,1
1,1,block_2,2,Provo_ID11,5,1079503,1259090,1,gaze_data,1741734856149,248.81975650787354,289.6931901574135,1741734856084.2,1
1,1,block_2,2,Provo_ID11,5,1079503,1259090,1,gaze_data,1741734856191,346.51392102241516,309.3472108244896,1741734856117.7,1
1,1,block_2,2,Provo_ID11,5,1079503,1259090,1,gaze_data,1741734856225,350.946170091629,306.96818828582764,1741734856150.8,1
1,1,block_2,2,Provo_ID11,5,1079503,1259090,1,gaze_data,1741734856249,466.3273870944977,189.78800103068352,1741734856191.7,1
1,1,block_2,2,Provo_ID11,5,1079503,1259090,1,gaze_data,1741734856292,545.3998327255249,278.1768910586834,1741734856219.4001,0.7375008948824411
1,1,block_2,2,Provo_ID11,5,1079503,1259090,1,gaze_data,1741734856324,577.0334243774414,384.946471452713,1741734856251.3,0
1,1,block_2,2,Provo_ID11,5,1079503,1259090,1,gaze_data,1741734856350,550.5569815635681,378.1394273042679,1741734856285,0
1,1,block_2,2,Provo_ID11,5,1079503,1259090,1,gaze_data,1741734856401,546.0147500038147,377.8877764940262,1741734856317.7,0.08432129135010655
1,1,block_2,2,Provo_ID11,5,1079503,1259090,1,gaze_data,1741734856433,525.0908851623535,387.3738557100296,1741734856350.6,0.7173882079691918
1,1,block_2,2,Provo_ID11,5,1079503,1259090,1,gaze_data,1741734856454,541.169798374176,385.4883074760437,1741734856390.8,0.7173882079691918
1,1,block_2,2,Provo_ID11,5,1079503,1259090,1,gaze_data,1741734856490,509.3701124191284,388.79205882549286,1741734856417.2,0.9076956486804098
1,1,block_2,2,Provo_ID11,5,1079503,1259090,1,gaze_data,1741734856514,318.89511346817017,407.409793138504,1741734856451.1,0.9076956486804098
1,1,block_2,2,Provo_ID11,5,1079503,1259090,1,gaze_data,1741734856554,319.9204921722412,404.1376322507858,1741734856483.9001,0.9464515787700991
1,1,block_2,2,Provo_ID11,5,1079503,1259090,1,gaze_data,1741734856589,302.57564783096313,388.41498494148254,1741734856517.9001,0.9668503058964282
1,1,block_2,2,Provo_ID11,5,1079503,1259090,1,gaze_data,1741734856616,284.80833768844604,400.778329372406,1741734856573.8,0.9668503058964282
1,1,block_2,2,Provo_ID11,5,1079503,1259090,1,gaze_data,1741734856658,310.43330430984497,372.335022687912,1741734856586.9001,0.7153562338203527
1,1,block_2,2,Provo_ID11,5,1079503,1259090,1,gaze_data,1741734856697,281.16180896759033,386.9432717561722,1741734856617.3,1
1,1,block_2,2,Provo_ID11,5,1079503,1259090,1,gaze_data,1741734856719,287.5863790512085,388.97708654403687,1741734856650.9001,1
1,1,block_2,2,Provo_ID11,5,1079503,1259090,1,gaze_data,1741734856753,275.3154993057251,386.3287925720215,1741734856683.7,0.9247432557889783
1,1,block_2,2,Provo_ID11,5,1079503,1259090,1,gaze_data,1741734856780,269.4048285484314,394.8093116283417,1741734856717.4001,0.9247432557889783
1,1,block_2,2,Provo_ID11,5,1079503,1259090,1,gaze_data,1741734856824,285.03037691116333,406.2788099050522,1741734856750.5,1
1,1,block_2,2,Provo_ID11,5,1079503,1259090,1,gaze_data,1741734856865,314.5265817642212,370.3653573989868,1741734856789.4001,0.9086282157911199
1,1,block_2,2,Provo_ID11,5,1079503,1259090,1,gaze_data,1741734856881,306.95881843566895,365.01403748989105,1741734856817.2,0.9086282157911199
1,1,block_2,2,Provo_ID11,5,1079503,1259090,1,gaze_data,1741734856923,284.2820644378662,320.7990735769272,1741734856850.7,0.9076223813044512
1,1,block_2,2,Provo_ID11,5,1079503,1259090,1,gaze_data,1741734856960,310.18513441085815,344.0115138888359,1741734856883.8,0.9671557199884355
1,1,block_2,2,Provo_ID11,5,1079503,1259090,1,gaze_data,1741734856986,279.489529132843,165.03425538539886,1741734856917.7,0.9671557199884355
1,1,block_2,2,Provo_ID11,5,1079503,1259090,1,gaze_data,1741734857024,267.06340312957764,114.10102844238281,1741734856953,1
1,1,block_2,2,Provo_ID11,5,1079503,1259090,1,gaze_data,1741734857048,288.17259073257446,88.42452466487885,1741734856984.1,1
1,1,block_2,2,Provo_ID11,5,1079503,1259090,1,gaze_data,1741734857088,193.01505088806152,82.70328342914581,1741734857017,0.9910479374422168
1,1,block_2,2,Provo_ID11,5,1079503,1259090,1,gaze_data,1741734857122,223.37011098861694,69.11662817001343,1741734857050.8,1
1,1,block_2,2,Provo_ID11,5,1079503,1259090,1,gaze_data,1741734857145,208.39351415634155,78.32904756069183,1741734857083.6,1
1,1,block_2,2,Provo_ID11,5,1079503,1259090,1,gaze_data,1741734857182,234.27594900131226,91.13377928733826,1741734857117.4001,1
1,1,block_2,2,Provo_ID11,5,1079503,1259090,1,gaze_data,1741734857219,221.56497240066528,95.62743306159973,1741734857150.3,1
1,1,block_2,2,Provo_ID11,5,1079503,1259090,1,gaze_data,1741734857244,297.2257137298584,132.44979679584503,1741734857184,1
1,1,block_2,2,Provo_ID11,5,1079503,1259090,1,gaze_data,1741734857289,307.2705268859863,85.53892970085144,1741734857222.2,1
1,1,block_2,2,Provo_ID11,5,1079503,1259090,1,gaze_data,1741734857326,387.7444565296173,96.90897762775421,1741734857250.9001,1
1,1,block_2,2,Provo_ID11,5,1079503,1259090,1,gaze_data,1741734857350,417.7153915166855,102.67809629440308,1741734857283.6,1
1,1,block_2,2,Provo_ID11,5,1079503,1259090,1,gaze_data,1741734857383,420.17328292131424,94.5458471775055,1741734857317.3,1
1,1,block_2,2,Provo_ID11,5,1079503,1259090,1,gaze_data,1741734857430,424.9940946698189,95.47803401947021,1741734857351.7,1
1,1,block_2,2,Provo_ID11,5,1079503,1259090,1,gaze_data,1741734857463,435.63771545886993,90.13309180736542,1741734857384,1
1,1,block_2,2,Provo_ID11,5,1079503,1259090,1,gaze_data,1741734857494,439.1523391008377,81.75466060638428,1741734857418.8,1
1,1,block_2,2,Provo_ID11,5,1079503,1259090,1,gaze_data,1741734857517,439.1523391008377,81.75466060638428,1741734857450.6,1
1,1,block_2,2,Provo_ID11,5,1079503,1259090,1,gaze_data,1741734857550,371.6534614562988,157.2739988565445,1741734857483.7,1
1,1,block_2,2,Provo_ID11,5,1079503,1259090,1,gaze_data,1741734857592,360.15376448631287,215.5919935554266,1741734857517.8,1
1,1,block_2,2,Provo_ID11,5,1079503,1259090,1,gaze_data,1741734857619,359.3562662601471,185.31327545642853,1741734857550.1,1
1,1,block_2,2,Provo_ID11,5,1079503,1259090,1,gaze_data,1741734857653,325.07983446121216,178.0697762966156,1741734857583.8,1
1,1,block_2,2,Provo_ID11,5,1079503,1259090,1,gaze_data,1741734857678,311.92883253097534,164.20747190713882,1741734857616.8,1
1,1,block_2,2,Provo_ID11,5,1079503,1259090,1,gaze_data,1741734857726,258.9519262313843,243.31375062465668,1741734857651.4001,1
1,1,block_2,2,Provo_ID11,5,1079503,1259090,1,gaze_data,1741734857768,228.34466695785522,350.92652440071106,1741734857690.9001,1
1,1,block_2,2,Provo_ID11,5,1079503,1259090,1,gaze_data,1741734857790,241.13236665725708,371.65229618549347,1741734857717.8,1
1,1,block_2,2,Provo_ID11,5,1079503,1259090,1,gaze_data,1741734857828,214.78880643844604,363.3412033319473,1741734857750.3,0.9893542481596889
1,1,block_2,2,Provo_ID11,5,1079503,1259090,1,gaze_data,1741734857847,197.11041450500488,342.76701360940933,1741734857783.5,0.9893542481596889
1,1,block_2,2,Provo_ID11,5,1079503,1259090,1,gaze_data,1741734857895,244.9148416519165,350.7774829864502,1741734857816.7,1
1,1,block_2,2,Provo_ID11,5,1079503,1259090,1,gaze_data,1741734857918,324.97373819351196,319.81533616781235,1741734857850.5,1
1,1,block_2,2,Provo_ID11,5,1079503,1259090,1,gaze_data,1741734857957,323.8357663154602,305.20272850990295,1741734857883.5,0.8375013263663487
1,1,block_2,2,Provo_ID11,5,1079503,1259090,1,gaze_data,1741734858005,362.4742269515991,313.5574743151665,1741734857917.2,0.8680580261172657
1,1,block_2,2,Provo_ID11,5,1079503,1259090,1,gaze_data,1741734858031,386.9843542575836,311.81679517030716,1741734857983.9001,0.8680580261172657
1,1,block_2,2,Provo_ID11,5,1079503,1259090,1,gaze_data,1741734858066,381.96539282798767,347.09945172071457,1741734858016.6,1
1,1,block_2,2,Provo_ID11,5,1079503,1259090,1,gaze_data,1741734858091,375.605309009552,351.04178488254547,1741734858050.3,1
1,1,block_2,2,Provo_ID11,5,1079503,1259090,1,gaze_data,1741734858143,372.1342980861664,356.7651569843292,1741734858083.3,1
1,1,block_2,2,Provo_ID11,5,1079503,1259090,1,gaze_data,1741734858180,433.93421173095703,372.66424894332886,1741734858121.2,1
1,1,block_2,2,Provo_ID11,5,1079503,1259090,1,gaze_data,1741734858197,513.9669418334961,381.7719578742981,1741734858149.9001,1
1,1,block_2,2,Provo_ID11,5,1079503,1259090,1,gaze_data,1741734858235,481.82039856910706,395.65346240997314,1741734858183.6,1
1,1,block_2,2,Provo_ID11,5,1079503,1259090,1,gaze_data,1741734858276,481.5122723579407,408.44543874263763,1741734858216.4001,0.9083822760378933
1,1,block_2,2,Provo_ID11,5,1079503,1259090,1,gaze_data,1741734858310,477.62244939804077,404.46048080921173,1741734858265.1,0.9083822760378933
1,1,block_2,2,Provo_ID11,5,1079503,1259090,1,gaze_data,1741734858344,429.56857681274414,393.58553886413574,1741734858283.2,0.8303725931506429
1,1,block_2,2,Provo_ID11,5,1079503,1259090,1,gaze_data,1741734858391,331.0777187347412,170.41553407907486,1741734858317,0.781477035900596
1,1,block_2,2,Provo_ID11,5,1079503,1259090,1,gaze_data,1741734858422,274.65102672576904,109.60628688335419,1741734858350.1,0.781477035900596
1,1,block_2,2,Provo_ID11,5,1079503,1259090,1,gaze_data,1741734858452,258.4628224372864,34.59847569465637,1741734858383.5,0.6084639395467326
1,1,block_2,2,Provo_ID11,5,1079503,1259090,1,gaze_data,1741734858476,264.90373611450195,57.54341781139374,1741734858416.5,0.6084639395467326
1,1,block_2,2,Provo_ID11,5,1079503,1259090,1,gaze_data,1741734858519,273.3437776565552,28.600162267684937,1741734858467.6,0.8098445040341558
1,1,block_2,2,Provo_ID11,5,1079503,1259090,1,gaze_data,1741734858543,273.9022731781006,12.910595536231995,1741734858483.2,0.8098445040341558
1,1,block_2,2,Provo_ID11,5,1079503,1259090,1,gaze_data,1741734858576,267.3565864562988,37.443628907203674,1741734858517.3,1
1,1,block_2,2,Provo_ID11,5,1079503,1259090,1,gaze_data,1741734858606,251.35996341705322,41.541507840156555,1741734858549.6,1
1,1,block_2,2,Provo_ID11,5,1079503,1259090,1,gaze_data,1741734858643,346.4084804058075,60.575029253959656,1741734858583.6,1
1,1,block_2,2,Provo_ID11,5,1079503,1259090,1,gaze_data,1741734858682,387.7569794654846,76.79685056209564,1741734858616.4001,0.8805810572412365
1,1,block_2,2,Provo_ID11,5,1079503,1259090,1,gaze_data,1741734858705,448.6158490180969,83.27873647212982,1741734858651.7,0.8805810572412365
1,1,block_2,2,Provo_ID11,5,1079503,1259090,1,gaze_data,1741734858771,486.74798607826233,101.91056728363037,1741734858720.8,1
1,1,block_2,2,Provo_ID11,5,1079503,1259090,1,gaze_data,1741734858798,471.0814118385315,114.30852711200714,1741734858749.7,1
1,1,block_2,2,Provo_ID11,5,1079503,1259090,1,gaze_data,1741734858837,456.87517523765564,116.07038080692291,1741734858783.2,1
1,1,block_2,2,Provo_ID11,5,1079503,1259090,1,gaze_data,1741734858858,442.24029183387756,123.56991171836853,1741734858816.2,1
1,1,block_2,2,Provo_ID11,5,1079503,1259090,1,gaze_data,1741734858901,387.4496877193451,211.3402582705021,1741734858850,1
1,1,block_2,2,Provo_ID11,5,1079503,1259090,1,gaze_data,1741734858948,360.1509213447571,252.01270952820778,1741734858882.8,1
1,1,block_2,2,Provo_ID11,5,1079503,1259090,1,gaze_data,1741734858964,347.89050221443176,214.43443596363068,1741734858922.1,1
1,1,block_2,2,Provo_ID11,5,1079503,1259090,1,gaze_data,1741734858994,342.8097128868103,199.58505257964134,1741734858949.4001,1
1,1,block_2,2,Provo_ID11,5,1079503,1259090,1,gaze_data,1741734859045,324.18055534362793,191.62000566720963,1741734858983.2,1
1,1,block_2,2,Provo_ID11,5,1079503,1259090,1,gaze_data,1741734859065,347.1628785133362,213.61823603510857,1741734859016.2,1
1,1,block_2,2,Provo_ID11,5,1079503,1259090,1,gaze_data,1741734859108,348.6068546772003,207.29021206498146,1741734859049.7,1
1,1,block_2,2,Provo_ID11,5,1079503,1259090,1,gaze_data,1741734859128,351.3291537761688,233.6379498243332,1741734859082.8,1
1,1,block_2,2,Provo_ID11,5,1079503,1259090,1,gaze_data,1741734859208,309.9476456642151,274.2284297943115,1741734859150.4001,1
1,1,block_2,2,Provo_ID11,5,1079503,1259090,1,gaze_data,1741734859234,339.83280062675476,330.536088347435,1741734859183.2,1
1,1,block_2,2,Provo_ID11,5,1079503,1259090,1,gaze_data,1741734859267,327.39996910095215,363.6279761791229,1741734859216,1
1,1,block_2,2,Provo_ID11,5,1079503,1259090,1,gaze_data,1741734859292,330.65497875213623,331.5973713994026,1741734859249.7,1
1,1,block_2,2,Provo_ID11,5,1079503,1259090,1,gaze_data,1741734859334,291.48353338241577,325.7160097360611,1741734859282.9001,1
1,1,block_2,2,Provo_ID11,5,1079503,1259090,1,gaze_data,1741734859370,339.5331680774689,295.29570639133453,1741734859316.4001,1
1,1,block_2,2,Provo_ID11,5,1079503,1259090,1,gaze_data,1741734859408,452.9171943664551,280.8233968913555,1741734859351.3,1
1,1,block_2,2,Provo_ID11,5,1079503,1259090,1,gaze_data,1741734859435,469.58213448524475,296.31922245025635,1741734859383.2,1
1,1,block_2,2,Provo_ID11,5,1079503,1259090,1,gaze_data,1741734859467,489.56061601638794,319.44914758205414,1741734859415.7,1
1,1,block_2,2,Provo_ID11,5,1079503,1259090,1,gaze_data,1741734859490,512.183678150177,325.7471904158592,1741734859449.5,1
1,1,block_2,2,Provo_ID11,5,1079503,1259090,1,gaze_data,1741734859537,498.9090144634247,345.83399295806885,1741734859482.7,1
1,1,block_2,2,Provo_ID11,5,1079503,1259090,1,gaze_data,1741734859565,467.18547344207764,363.51797580718994,1741734859525.2,1
1,1,block_2,2,Provo_ID11,5,1079503,1259090,1,gaze_data,1741734859597,467.5913393497467,372.1911072731018,1741734859549.3,1
1,1,block_2,2,Provo_ID11,5,1079503,1259090,1,gaze_data,1741734859636,451.28350853919983,356.91574811935425,1741734859582.9001,1
1,1,block_2,2,Provo_ID11,5,1079503,1259090,1,gaze_data,1741734859656,289.0452027320862,393.2039052248001,1741734859615.7,1
1,1,block_2,2,Provo_ID11,5,1079503,1259090,1,gaze_data,1741734859699,310.8825445175171,388.51087391376495,1741734859649.6,1
1,1,block_2,2,Provo_ID11,5,1079503,1259090,1,gaze_data,1741734859732,288.0596995353699,413.81598114967346,1741734859682.6,1
1,1,block_2,2,Provo_ID11,5,1079503,1259090,1,gaze_data,1741734859762,284.1332197189331,406.55741691589355,1741734859716.2,1
1,1,block_2,2,Provo_ID11,5,1079503,1259090,1,gaze_data,1741734859793,287.551748752594,405.05265295505524,1741734859751.7,0.9947388959080317
1,1,block_2,2,Provo_ID11,5,1079503,1259090,1,gaze_data,1741734859838,300.29425621032715,384.6768945455551,1741734859782.8,0.8651681010097273
1,1,block_2,2,Provo_ID11,5,1079503,1259090,1,gaze_data,1741734859872,302.67319679260254,381.5597653388977,1741734859815.9001,0.8651681010097273
1,1,block_2,2,Provo_ID11,5,1079503,1259090,1,gaze_data,1741734859905,326.54508352279663,396.64529860019684,1741734859849.4001,0.9881132481957611
1,1,block_2,2,Provo_ID11,5,1079503,1259090,1,gaze_data,1741734859925,316.41591787338257,401.3409674167633,1741734859882.4001,0.9881132481957611
1,1,block_2,2,Provo_ID11,5,1079503,1259090,1,gaze_data,1741734859961,260.71884632110596,405.9418499469757,1741734859916,0.9934275649454531
1,1,block_2,2,Provo_ID11,5,1079503,1259090,1,gaze_data,1741734860018,268.34598779678345,333.7319478392601,1741734859949,0.9719547312514774
1,1,block_2,2,Provo_ID11,5,1079503,1259090,1,gaze_data,1741734860045,276.3816475868225,217.0783545821905,1741734859992.6,0.9719547312514774
1,1,block_2,2,Provo_ID11,5,1079503,1259090,1,gaze_data,1741734860074,226.2473464012146,160.48288941383362,1741734860019,0.6049967645308019
1,1,block_2,2,Provo_ID11,5,1079503,1259090,1,gaze_data,1741734860117,216.38485193252563,156.87860399484634,1741734860049.4001,0.747104973998181
1,1,block_2,2,Provo_ID11,5,1079503,1259090,1,gaze_data,1741734860146,231.13142251968384,163.54676187038422,1741734860082.7,0.747104973998181
1,1,block_2,2,Provo_ID11,5,1079503,1259090,1,gaze_data,1741734860183,214.67469930648804,178.64131778478622,1741734860116,0.8778669506735008
1,1,block_2,2,Provo_ID11,5,1079503,1259090,1,gaze_data,1741734860202,224.1024136543274,164.9174526333809,1741734860148.9001,0.8778669506735008
1,1,block_2,2,Provo_ID11,5,1079503,1259090,1,gaze_data,1741734860246,207.056725025177,165.4003769159317,1741734860182.5,0.9129230564687614
1,1,block_2,2,Provo_ID11,5,1079503,1259090,1,gaze_data,1741734860286,208.37353467941284,158.44831466674805,1741734860230.8,0.8751726079221838
1,1,block_2,2,Provo_ID11,5,1079503,1259090,1,gaze_data,1741734860311,205.4742455482483,140.79949855804443,1741734860249.2,0.8751726079221838
1,1,block_2,2,Provo_ID11,5,1079503,1259090,1,gaze_data,1741734860353,196.30069732666016,148.61316829919815,1741734860282.4001,0.9524653917753625
1,1,block_2,2,Provo_ID11,5,1079503,1259090,1,gaze_data,1741734860378,200.35213232040405,141.66174679994583,1741734860316,0.9524653917753625
1,1,block_2,2,Provo_ID11,5,1079503,1259090,1,gaze_data,1741734860406,218.7200427055359,116.21666550636292,1741734860348.9001,0.9164111423975307
1,1,block_2,2,Provo_ID11,5,1079503,1259090,1,gaze_data,1741734860456,259.4650626182556,157.26071447134018,1741734860405.5,1
1,1,block_2,2,Provo_ID11,5,1079503,1259090,1,gaze_data,1741734860482,224.9221682548523,149.10052567720413,1741734860415.5,1
1,1,block_2,2,Provo_ID11,5,1079503,1259090,1,gaze_data,1741734860517,206.8299412727356,141.76026582717896,1741734860449.1,1
1,1,block_2,2,Provo_ID11,5,1079503,1259090,1,gaze_data,1741734860542,174.46799278259277,153.91641706228256,1741734860482.2,1
1,1,block_2,2,Provo_ID11,5,1079503,1259090,1,gaze_data,1741734860580,175.7132053375244,196.77668288350105,1741734860516.1,1
1,1,block_2,2,Provo_ID11,5,1079503,1259090,1,gaze_data,1741734860604,179.0879726409912,184.00797471404076,1741734860549,1
1,1,block_2,2,Provo_ID11,5,1079503,1259090,1,gaze_data,1741734860648,157.2056770324707,178.86406034231186,1741734860607.4001,0.9837340022912229
1,1,block_2,2,Provo_ID11,5,1079503,1259090,1,gaze_data,1741734860686,163.61279487609863,200.49770027399063,1741734860616.2,1
1,1,block_2,2,Provo_ID11,5,1079503,1259090,1,gaze_data,1741734860711,164.66073989868164,186.2066186964512,1741734860649.8,1
1,1,block_2,2,Provo_ID11,5,1079503,1259090,1,gaze_data,1741734860756,195.53537368774414,178.44075560569763,1741734860682.2,1
1,1,block_2,2,Provo_ID11,5,1079503,1259090,1,gaze_data,1741734860783,205.04072904586792,232.42916110903025,1741734860716,1
1,1,block_2,2,Provo_ID11,5,1079503,1259090,1,gaze_data,1741734860805,204.7817349433899,236.73553057014942,1741734860749.4001,1
1,1,block_2,2,Provo_ID11,5,1079503,1259090,1,gaze_data,1741734860849,199.31292533874512,238.98163195699453,1741734860782.8,1
1,1,block_2,2,Provo_ID11,5,1079503,1259090,1,gaze_data,1741734860894,218.90422105789185,244.37558688223362,1741734860838.2,0.9998267728406676
1,1,block_2,2,Provo_ID11,5,1079503,1259090,1,gaze_data,1741734860911,245.962393283844,257.112717628479,1741734860849.2,0.9998267728406676
1,1,block_2,2,Provo_ID11,5,1079503,1259090,1,gaze_data,1741734860944,263.2797122001648,268.4662438929081,1741734860882.1,1
1,1,block_2,2,Provo_ID11,5,1079503,1259090,1,gaze_data,1741734860988,335.0772261619568,340.8473342657089,1741734860915.7,1
1,1,block_2,2,Provo_ID11,5,1079503,1259090,1,gaze_data,1741734861017,373.81160855293274,362.8857344388962,1741734860949.1,1
1,1,block_2,2,Provo_ID11,5,1079503,1259090,1,gaze_data,1741734861059,352.18104124069214,377.99150347709656,1741734860982.3,0.6142015028823617
1,1,block_2,2,Provo_ID11,5,1079503,1259090,1,gaze_data,1741734861080,348.9509165287018,393.157696723938,1741734861029.8,0.6142015028823617
1,1,block_2,2,Provo_ID11,5,1079503,1259090,1,gaze_data,1741734861109,331.0690641403198,377.82198786735535,1741734861052.2,0.7833747230638283
1,1,block_2,2,Provo_ID11,5,1079503,1259090,1,gaze_data,1741734861154,334.1481566429138,381.71469271183014,1741734861082,0.8014589326377701
1,1,block_2,2,Provo_ID11,5,1079503,1259090,1,gaze_data,1741734861183,348.3818292617798,375.1217186450958,1741734861116.7,0.8014589326377701
1,1,block_2,2,Provo_ID11,5,1079503,1259090,1,gaze_data,1741734861209,340.1951014995575,387.41389513015747,1741734861148.5,0.8807690699285782
1,1,block_2,2,Provo_ID11,5,1079503,1259090,1,gaze_data,1741734861244,295.78970670700073,412.7976208925247,1741734861182.1,0.8807690699285782
1,1,block_2,2,Provo_ID11,5,1079503,1259090,1,gaze_data,1741734861292,303.3133625984192,391.4023697376251,1741734861249.2,0.788265992661277
1,1,block_2,2,Provo_ID11,5,1079503,1259090,1,gaze_data,1741734861336,248.01764488220215,347.5115954875946,1741734861281.8,0.8220079146415116
1,1,block_2,2,Provo_ID11,5,1079503,1259090,1,gaze_data,1741734861373,196.84901237487793,190.43999761343002,1741734861315.4001,0.7111687545708844
1,1,block_2,2,Provo_ID11,5,1079503,1259090,1,gaze_data,1741734861394,214.1598343849182,165.98810851573944,1741734861348.7,0.7111687545708844
1,1,block_2,2,Provo_ID11,5,1079503,1259090,1,gaze_data,1741734861424,189.0373706817627,113.82125914096832,1741734861382.1,0.7812256372074633
1,1,block_2,2,Provo_ID11,5,1079503,1259090,1,gaze_data,1741734861479,197.69630432128906,117.97445118427277,1741734861415.1,0.7559716717575449
1,1,block_2,2,Provo_ID11,5,1079503,1259090,1,gaze_data,1741734861507,184.11531448364258,131.96366131305695,1741734861459.3,0.7559716717575449
1,1,block_2,2,Provo_ID11,5,1079503,1259090,1,gaze_data,1741734861541,163.89899253845215,144.61979120969772,1741734861481.7,1
1,1,block_2,2,Provo_ID11,5,1079503,1259090,1,gaze_data,1741734861571,182.78369903564453,142.09446161985397,1741734861515.7,1
1,1,block_2,2,Provo_ID11,5,1079503,1259090,1,gaze_data,1741734861612,196.95100784301758,161.55015528202057,1741734861548.9001,0.8473902067527086
1,1,block_2,2,Provo_ID11,5,1079503,1259090,1,gaze_data,1741734861652,250.08894205093384,253.99148128926754,1741734861582.2,0.9833488851629135
1,1,block_2,2,Provo_ID11,5,1079503,1259090,1,gaze_data,1741734861680,262.9776120185852,248.63447472453117,1741734861630.2,0.9833488851629135
1,1,block_2,2,Provo_ID11,5,1079503,1259090,1,gaze_data,1741734861715,305.4699897766113,208.58243331313133,1741734861648.7,0.8878379061389401
1,1,block_2,2,Provo_ID11,5,1079503,1259090,1,gaze_data,1741734861735,297.8125214576721,230.81965316087008,1741734861681.8,0.8878379061389401
1,1,block_2,2,Provo_ID11,5,1079503,1259090,1,gaze_data,1741734861774,322.33794927597046,186.66018396615982,1741734861715.4001,0.939095525830715
1,1,block_2,2,Provo_ID11,5,1079503,1259090,1,gaze_data,1741734861807,313.859760761261,181.36574178934097,1741734861748.3,0.9528335756792448
1,1,block_2,2,Provo_ID11,5,1079503,1259090,1,gaze_data,1741734861852,312.07040548324585,190.09920805692673,1741734861782.2,1
1,1,block_2,2,Provo_ID11,5,1079503,1259090,1,gaze_data,1741734861889,311.7054224014282,189.3360786139965,1741734861822.5,1
1,1,block_2,2,Provo_ID11,5,1079503,1259090,1,gaze_data,1741734861920,214.54304456710815,304.2599618434906,1741734861855,0.9661792186408107
1,1,block_2,2,Provo_ID11,5,1079503,1259090,1,gaze_data,1741734861945,249.4033694267273,294.18367743492126,1741734861883,0.9661792186408107
1,1,block_2,2,Provo_ID11,5,1079503,1259090,1,gaze_data,1741734861979,252.82737016677856,288.68930637836456,1741734861915.2,0.9283227665757857
1,1,block_2,2,Provo_ID11,5,1079503,1259090,1,gaze_data,1741734862004,251.8761157989502,336.73608899116516,1741734861948.2,0.9283227665757857
1,1,block_2,2,Provo_ID11,5,1079503,1259090,1,gaze_data,1741734862046,221.38537168502808,317.73313730955124,1741734861982.1,0.9233214138649721
1,1,block_2,2,Provo_ID11,5,1079503,1259090,1,gaze_data,1741734862084,244.0996527671814,320.2391028404236,1741734862014.9001,0.9816085367302358
1,1,block_2,2,Provo_ID11,5,1079503,1259090,1,gaze_data,1741734862109,305.380117893219,316.81054681539536,1741734862064.2,0.9816085367302358
1,1,block_2,2,Provo_ID11,5,1079503,1259090,1,gaze_data,1741734862145,351.32636427879333,385.2340489625931,1741734862081.7,0.8643241572160449
1,1,block_2,2,Provo_ID11,5,1079503,1259090,1,gaze_data,1741734862179,270.89996337890625,438.64547312259674,1741734862115.2,0.5518630578619294
1,1,block_2,2,Provo_ID11,5,1079503,1259090,1,gaze_data,1741734862206,276.7970085144043,429.1357457637787,1741734862148.4001,0.5518630578619294
1,1,block_2,2,Provo_ID11,5,1079503,1259090,1,gaze_data,1741734862252,271.23236656188965,416.57811999320984,1741734862181.8,0.6099532388949933
1,1,block_2,2,Provo_ID11,5,1079503,1259090,1,gaze_data,1741734862285,286.9935631752014,445.3528881072998,1741734862222.2,0.7626722227606698
1,1,block_2,2,Provo_ID11,5,1079503,1259090,1,gaze_data,1741734862308,297.1328139305115,434.029421210289,1741734862248.7,0.7626722227606698
1,1,block_2,2,Provo_ID11,5,1079503,1259090,1,gaze_data,1741734862359,313.1100296974182,441.4667248725891,1741734862281.5,0.7800814081423536
1,1,block_2,2,Provo_ID11,5,1079503,1259090,1,gaze_data,1741734862380,329.55394983291626,406.5543621778488,1741734862330.9001,0.7800814081423536
1,1,block_2,2,Provo_ID11,5,1079503,1259090,1,gaze_data,1741734862413,264.66403007507324,210.16390845179558,1741734862348.2,0.6880014766756621
1,1,block_2,2,Provo_ID11,5,1079503,1259090,1,gaze_data,1741734862443,325.641930103302,121.46004885435104,1741734862381.7,0.6880014766756621
1,1,block_2,2,Provo_ID11,5,1079503,1259090,1,gaze_data,1741734862485,298.6546754837036,117.06911623477936,1741734862414.7,0.7738694979879956
1,1,block_2,2,Provo_ID11,5,1079503,1259090,1,gaze_data,1741734862518,222.37595319747925,104.6757459640503,1741734862448.6,0.9002784484281197
1,1,block_2,2,Provo_ID11,5,1079503,1259090,1,gaze_data,1741734862537,246.57951593399048,92.45288968086243,1741734862481.5,0.9002784484281197
1,1,block_2,2,Provo_ID11,5,1079503,1259090,1,gaze_data,1741734862576,226.84816122055054,126.96490287780762,1741734862514.9001,0.9791183180469627
1,1,block_2,2,Provo_ID11,5,1079503,1259090,1,gaze_data,1741734862618,254.147469997406,95.72129547595978,1741734862548.2,1
1,1,block_2,2,Provo_ID11,5,1079503,1259090,1,gaze_data,1741734862644,237.27411031723022,92.28769540786743,1741734862581.8,1
1,1,block_2,2,Provo_ID11,5,1079503,1259090,1,gaze_data,1741734862679,227.24872827529907,92.88424849510193,1741734862614.6,1
1,1,block_2,2,Provo_ID11,5,1079503,1259090,1,gaze_data,1741734862706,205.89557886123657,97.25580215454102,1741734862648.3,1
1,1,block_2,2,Provo_ID11,5,1079503,1259090,1,gaze_data,1741734862755,323.1402277946472,161.71909719705582,1741734862681.8,1
1,1,block_2,2,Provo_ID11,5,1079503,1259090,1,gaze_data,1741734862788,423.856982588768,200.40893778204918,1741734862717.5,1
1,1,block_2,2,Provo_ID11,5,1079503,1259090,1,gaze_data,1741734862809,454.02299761772156,219.97404880821705,1741734862748.1,1
1,1,block_2,2,Provo_ID11,5,1079503,1259090,1,gaze_data,1741734862847,482.2773814201355,198.04107248783112,1741734862781.6,0.8355641266581184
1,1,block_2,2,Provo_ID11,5,1079503,1259090,1,gaze_data,1741734862872,517.2453880310059,204.26969826221466,1741734862814.3,0.8355641266581184
1,1,block_2,2,Provo_ID11,5,1079503,1259090,1,gaze_data,1741734862913,487.059485912323,201.75295546650887,1741734862848.5,1
1,1,block_2,2,Provo_ID11,5,1079503,1259090,1,gaze_data,1741734862945,510.9440088272095,201.70039534568787,1741734862881.1,1
1,1,block_2,2,Provo_ID11,5,1079503,1259090,1,gaze_data,1741734862994,515.774655342102,202.1154336631298,1741734862930.4001,1
1,1,block_2,2,Provo_ID11,5,1079503,1259090,1,gaze_data,1741734863020,248.0982780456543,295.9710195660591,1741734862948.2,1
1,1,block_2,2,Provo_ID11,5,1079503,1259090,1,gaze_data,1741734863055,226.29307508468628,279.4677712023258,1741734862981.6,1
1,1,block_2,2,Provo_ID11,5,1079503,1259090,1,gaze_data,1741734863074,218.7576413154602,356.0458332300186,1741734863014.6,1
1,1,block_2,2,Provo_ID11,5,1079503,1259090,1,gaze_data,1741734863116,194.3704128265381,301.1384069919586,1741734863048.4001,1
1,1,block_2,2,Provo_ID11,5,1079503,1259090,1,gaze_data,1741734863155,231.66576623916626,261.38821095228195,1741734863081.5,1
1,1,block_2,2,Provo_ID11,5,1079503,1259090,1,gaze_data,1741734863178,225.11383295059204,257.8610837459564,1741734863115.1,1
1,1,block_2,2,Provo_ID11,5,1079503,1259090,1,gaze_data,1741734863211,256.9599747657776,243.68455111980438,1741734863147.8,1
1,1,block_2,2,Provo_ID11,5,1079503,1259090,1,gaze_data,1741734863241,316.16530418395996,333.1670746207237,1741734863196.7,1
1,1,block_2,2,Provo_ID11,5,1079503,1259090,1,gaze_data,1741734863277,442.00702607631683,392.7411198616028,1741734863214.4001,1
1,1,block_2,2,Provo_ID11,5,1079503,1259090,1,gaze_data,1741734863322,467.9973244667053,348.82960319519043,1741734863248.5,0.9616607199846503
1,1,block_2,2,Provo_ID11,5,1079503,1259090,1,gaze_data,1741734863348,504.26666736602783,422.2784399986267,1741734863281.8,0.9616607199846503
1,1,block_2,2,Provo_ID11,5,1079503,1259090,1,gaze_data,1741734863386,488.64182233810425,425.2866417169571,1741734863314.9001,0.8526696446599193
1,1,block_2,2,Provo_ID11,5,1079503,1259090,1,gaze_data,1741734863424,442.55533814430237,474.5579868555069,1741734863381.9001,0.8526696446599193
1,1,block_2,2,Provo_ID11,5,1079503,1259090,1,gaze_data,1741734863467,507.3655843734741,473.2224255800247,1741734863414.4001,0.8726329798321362
1,1,block_2,2,Provo_ID11,5,1079503,1259090,1,gaze_data,1741734863503,444.64730620384216,390.40461778640747,1741734863448.1,0.9818022495308689
1,1,block_2,2,Provo_ID11,5,1079503,1259090,1,gaze_data,1741734863526,454.7560691833496,399.2415577173233,1741734863481.3,0.9818022495308689
1,1,block_2,2,Provo_ID11,5,1079503,1259090,1,gaze_data,1741734863562,404.06629741191864,389.5853966474533,1741734863514.8,0.981649419210131
1,1,block_2,2,Provo_ID11,5,1079503,1259090,1,gaze_data,1741734863615,452.07386016845703,408.52265655994415,1741734863547.5,0.981649419210131
1,1,block_2,2,Provo_ID11,5,1079503,1259090,1,gaze_data,1741734863641,440.255206823349,402.77636647224426,1741734863588.1,0.9592487516855885
1,1,block_2,2,Provo_ID11,5,1079503,1259090,1,gaze_data,1741734863664,421.3994234800339,401.19338631629944,1741734863614.3,0.9592487516855885
1,1,block_2,2,Provo_ID11,5,1079503,1259090,1,gaze_data,1741734863694,427.4973928928375,378.03316712379456,1741734863647.8,0.9598101699020862
1,1,block_2,2,Provo_ID11,5,1079503,1259090,1,gaze_data,1741734863742,400.7286638021469,226.81550718843937,1741734863680.8,0.5342145118875102
1,1,block_2,2,Provo_ID11,5,1079503,1259090,1,gaze_data,1741734863768,445.59063017368317,76.00680589675903,1741734863714.4001,0.5342145118875102
1,1,block_2,2,Provo_ID11,5,1079503,1259090,1,gaze_data,1741734863803,365.66617488861084,84.94391143321991,1741734863747.4001,0
1,1,block_2,2,Provo_ID11,5,1079503,1259090,1,gaze_data,1741734863826,427.1212935447693,134.9823236465454,1741734863781.1,0
1,1,block_2,2,Provo_ID11,5,1079503,1259090,1,gaze_data,1741734863870,338.17533254623413,319.9104577302933,1741734863814.3,0
1,1,block_2,2,Provo_ID11,5,1079503,1259090,1,gaze_data,1741734863922,430.0750404596329,329.86551374197006,1741734863853.5,0
1,1,block_2,2,Provo_ID11,5,1079503,1259090,1,gaze_data,1741734863962,451.42826437950134,312.4667093157768,1741734863880.8,0
1,1,block_2,2,Provo_ID11,5,1079503,1259090,1,gaze_data,1741734863992,414.853073656559,287.5203400850296,1741734863915.9001,0
1,1,block_2,2,Provo_ID11,5,1079503,1259090,1,gaze_data,1741734864027,416.52082949876785,300.7286176085472,1741734863947.8,0.1504228948460508
1,1,block_2,2,Provo_ID11,5,1079503,1259090,1,gaze_data,1741734864048,362.07751631736755,307.2441577911377,1741734863981.7,0.1504228948460508
1,1,block_2,2,Provo_ID11,5,1079503,1259090,1,gaze_data,1741734864079,343.216210603714,317.9107144474983,1741734864013.9001,0.5193729545659499
1,1,block_2,2,Provo_ID11,5,1079503,1259090,1,gaze_data,1741734864135,341.735965013504,328.52370142936707,1741734864047.8,0.791238552862747
1,1,block_2,2,Provo_ID11,5,1079503,1259090,1,gaze_data,1741734864158,324.82542991638184,310.146889090538,1741734864088.6,0.791238552862747
1,1,block_2,2,Provo_ID11,5,1079503,1259090,1,gaze_data,1741734864196,352.55693793296814,303.2347321510315,1741734864115.9001,0.7746755658916031
1,1,block_2,2,Provo_ID11,5,1079503,1259090,1,gaze_data,1741734864221,371.834921836853,303.847736120224,1741734864147.4001,0.7746755658916031
1,1,block_2,2,Provo_ID11,5,1079503,1259090,1,gaze_data,1741734864257,360.61073541641235,307.41939544677734,1741734864181.1,0.9687281625097679
1,1,block_2,2,Provo_ID11,5,1079503,1259090,1,gaze_data,1741734864291,286.0666751861572,232.89773184806108,1741734864213.9001,1
1,1,block_2,2,Provo_ID11,5,1079503,1259090,1,gaze_data,1741734864319,326.09031200408936,145.21486908197403,1741734864247.7,1
1,1,block_2,2,Provo_ID11,5,1079503,1259090,1,gaze_data,1741734864357,334.63146686553955,126.24513953924179,1741734864280.6,0.9611798598504961
1,1,block_2,2,Provo_ID11,5,1079503,1259090,1,gaze_data,1741734864395,274.2229700088501,131.38766437768936,1741734864314.4001,0.9209595869451777
1,1,block_2,2,Provo_ID11,5,1079503,1259090,1,gaze_data,1741734864420,239.49557542800903,139.7881418466568,1741734864347.7,0.9209595869451777
1,1,block_2,2,Provo_ID11,5,1079503,1259090,1,gaze_x,"",
1,1,block_2,2,Provo_ID11,5,1079503,1259090,1,gaze_y,"",
1,1,block_2,2,Provo_ID11,5,1079503,1259090,1,el_x,"",
1,1,block_2,2,Provo_ID11,5,1079503,1259090,1,applied_drift,1741734828742,
1,1,block_2,2,Provo_ID11,5,1079503,1259090,1,applied_drift,1741734852505,-38.09398412704468,-46.41757309436798
1,1,block_2,2,Provo_ID11,5,1079503,1259090,1,applied_drift,1741734852538,-38.09398412704468,-46.41757309436798
1,1,block_2,2,Provo_ID11,5,1079503,1259090,1,applied_drift,1741734852563,-38.09398412704468,-46.41757309436798
1,1,block_2,2,Provo_ID11,5,1079503,1259090,1,applied_drift,1741734852606,-38.09398412704468,-46.41757309436798
1,1,block_2,2,Provo_ID11,5,1079503,1259090,1,applied_drift,1741734852648,-38.09398412704468,-46.41757309436798
1,1,block_2,2,Provo_ID11,5,1079503,1259090,1,applied_drift,1741734852675,-38.09398412704468,-46.41757309436798
1,1,block_2,2,Provo_ID11,5,1079503,1259090,1,applied_drift,1741734852714,-38.09398412704468,-46.41757309436798
1,1,block_2,2,Provo_ID11,5,1079503,1259090,1,applied_drift,1741734852748,-38.09398412704468,-46.41757309436798
1,1,block_2,2,Provo_ID11,5,1079503,1259090,1,applied_drift,1741734852772,-38.09398412704468,-46.41757309436798
1,1,block_2,2,Provo_ID11,5,1079503,1259090,1,applied_drift,1741734852813,-38.09398412704468,-46.41757309436798
1,1,block_2,2,Provo_ID11,5,1079503,1259090,1,applied_drift,1741734852851,-38.09398412704468,-46.41757309436798
1,1,block_2,2,Provo_ID11,5,1079503,1259090,1,applied_drift,1741734852906,-38.09398412704468,-46.41757309436798
1,1,block_2,2,Provo_ID11,5,1079503,1259090,1,applied_drift,1741734852927,-38.09398412704468,-46.41757309436798
1,1,block_2,2,Provo_ID11,5,1079503,1259090,1,applied_drift,1741734852964,-38.09398412704468,-46.41757309436798
1,1,block_2,2,Provo_ID11,5,1079503,1259090,1,applied_drift,1741734853011,-38.09398412704468,-46.41757309436798
1,1,block_2,2,Provo_ID11,5,1079503,1259090,1,applied_drift,1741734853033,-38.09398412704468,-46.41757309436798
1,1,block_2,2,Provo_ID11,5,1079503,1259090,1,applied_drift,1741734853066,-38.09398412704468,-46.41757309436798
1,1,block_2,2,Provo_ID11,5,1079503,1259090,1,applied_drift,1741734853116,-38.09398412704468,-46.41757309436798
1,1,block_2,2,Provo_ID11,5,1079503,1259090,1,applied_drift,1741734853136,-38.09398412704468,-46.41757309436798
1,1,block_2,2,Provo_ID11,5,1079503,1259090,1,applied_drift,1741734853181,-38.09398412704468,-46.41757309436798
1,1,block_2,2,Provo_ID11,5,1079503,1259090,1,applied_drift,1741734853216,-38.09398412704468,-46.41757309436798
1,1,block_2,2,Provo_ID11,5,1079503,1259090,1,applied_drift,1741734853235,-38.09398412704468,-46.41757309436798
1,1,block_2,2,Provo_ID11,5,1079503,1259090,1,applied_drift,1741734853286,-38.09398412704468,-46.41757309436798
1,1,block_2,2,Provo_ID11,5,1079503,1259090,1,applied_drift,1741734853318,-38.09398412704468,-46.41757309436798
1,1,block_2,2,Provo_ID11,5,1079503,1259090,1,applied_drift,1741734853336,-38.09398412704468,-46.41757309436798
1,1,block_2,2,Provo_ID11,5,1079503,1259090,1,applied_drift,1741734853377,-38.09398412704468,-46.41757309436798
1,1,block_2,2,Provo_ID11,5,1079503,1259090,1,applied_drift,1741734853418,-38.09398412704468,-46.41757309436798
1,1,block_2,2,Provo_ID11,5,1079503,1259090,1,applied_drift,1741734853445,-38.09398412704468,-46.41757309436798
1,1,block_2,2,Provo_ID11,5,1079503,1259090,1,applied_drift,1741734853487,-38.09398412704468,-46.41757309436798
1,1,block_2,2,Provo_ID11,5,1079503,1259090,1,applied_drift,1741734853508,-38.09398412704468,-46.41757309436798
1,1,block_2,2,Provo_ID11,5,1079503,1259090,1,applied_drift,1741734853555,-38.09398412704468,-46.41757309436798
1,1,block_2,2,Provo_ID11,5,1079503,1259090,1,applied_drift,1741734853587,-38.09398412704468,-46.41757309436798
1,1,block_2,2,Provo_ID11,5,1079503,1259090,1,applied_drift,1741734853614,-38.09398412704468,-46.41757309436798
1,1,block_2,2,Provo_ID11,5,1079503,1259090,1,applied_drift,1741734853645,-38.09398412704468,-46.41757309436798
1,1,block_2,2,Provo_ID11,5,1079503,1259090,1,applied_drift,1741734853668,-38.09398412704468,-46.41757309436798
1,1,block_2,2,Provo_ID11,5,1079503,1259090,1,applied_drift,1741734853706,-38.09398412704468,-46.41757309436798
1,1,block_2,2,Provo_ID11,5,1079503,1259090,1,applied_drift,1741734853746,-38.09398412704468,-46.41757309436798
1,1,block_2,2,Provo_ID11,5,1079503,1259090,1,applied_drift,1741734853772,-38.09398412704468,-46.41757309436798
1,1,block_2,2,Provo_ID11,5,1079503,1259090,1,applied_drift,1741734853811,-38.09398412704468,-46.41757309436798
1,1,block_2,2,Provo_ID11,5,1079503,1259090,1,applied_drift,1741734853852,-38.09398412704468,-46.41757309436798
1,1,block_2,2,Provo_ID11,5,1079503,1259090,1,applied_drift,1741734853874,-38.09398412704468,-46.41757309436798
1,1,block_2,2,Provo_ID11,5,1079503,1259090,1,applied_drift,1741734853921,-38.09398412704468,-46.41757309436798
1,1,block_2,2,Provo_ID11,5,1079503,1259090,1,applied_drift,1741734853947,-38.09398412704468,-46.41757309436798
1,1,block_2,2,Provo_ID11,5,1079503,1259090,1,applied_drift,1741734853985,-38.09398412704468,-46.41757309436798
1,1,block_2,2,Provo_ID11,5,1079503,1259090,1,applied_drift,1741734854011,-38.09398412704468,-46.41757309436798
1,1,block_2,2,Provo_ID11,5,1079503,1259090,1,applied_drift,1741734854045,-38.09398412704468,-46.41757309436798
1,1,block_2,2,Provo_ID11,5,1079503,1259090,1,applied_drift,1741734854075,-38.09398412704468,-46.41757309436798
1,1,block_2,2,Provo_ID11,5,1079503,1259090,1,applied_drift,1741734854118,-38.09398412704468,-46.41757309436798
1,1,block_2,2,Provo_ID11,5,1079503,1259090,1,applied_drift,1741734854150,-38.09398412704468,-46.41757309436798
1,1,block_2,2,Provo_ID11,5,1079503,1259090,1,applied_drift,1741734854172,-38.09398412704468,-46.41757309436798
1,1,block_2,2,Provo_ID11,5,1079503,1259090,1,applied_drift,1741734854209,-38.09398412704468,-46.41757309436798
1,1,block_2,2,Provo_ID11,5,1079503,1259090,1,applied_drift,1741734854244,-38.09398412704468,-46.41757309436798
1,1,block_2,2,Provo_ID11,5,1079503,1259090,1,applied_drift,1741734854278,-38.09398412704468,-46.41757309436798
1,1,block_2,2,Provo_ID11,5,1079503,1259090,1,applied_drift,1741734854322,-38.09398412704468,-46.41757309436798
1,1,block_2,2,Provo_ID11,5,1079503,1259090,1,applied_drift,1741734854348,-38.09398412704468,-46.41757309436798
1,1,block_2,2,Provo_ID11,5,1079503,1259090,1,applied_drift,1741734854387,-38.09398412704468,-46.41757309436798
1,1,block_2,2,Provo_ID11,5,1079503,1259090,1,applied_drift,1741734854408,-38.09398412704468,-46.41757309436798
1,1,block_2,2,Provo_ID11,5,1079503,1259090,1,applied_drift,1741734854446,-38.09398412704468,-46.41757309436798
1,1,block_2,2,Provo_ID11,5,1079503,1259090,1,applied_drift,1741734854470,-38.09398412704468,-46.41757309436798
1,1,block_2,2,Provo_ID11,5,1079503,1259090,1,applied_drift,1741734854514,-38.09398412704468,-46.41757309436798
1,1,block_2,2,Provo_ID11,5,1079503,1259090,1,applied_drift,1741734854551,-38.09398412704468,-46.41757309436798
1,1,block_2,2,Provo_ID11,5,1079503,1259090,1,applied_drift,1741734854575,-38.09398412704468,-46.41757309436798
1,1,block_2,2,Provo_ID11,5,1079503,1259090,1,applied_drift,1741734854609,-38.09398412704468,-46.41757309436798
1,1,block_2,2,Provo_ID11,5,1079503,1259090,1,applied_drift,1741734854664,-38.09398412704468,-46.41757309436798
1,1,block_2,2,Provo_ID11,5,1079503,1259090,1,applied_drift,1741734854689,-38.09398412704468,-46.41757309436798
1,1,block_2,2,Provo_ID11,5,1079503,1259090,1,applied_drift,1741734854725,-38.09398412704468,-46.41757309436798
1,1,block_2,2,Provo_ID11,5,1079503,1259090,1,applied_drift,1741734854760,-38.09398412704468,-46.41757309436798
1,1,block_2,2,Provo_ID11,5,1079503,1259090,1,applied_drift,1741734854791,-38.09398412704468,-46.41757309436798
1,1,block_2,2,Provo_ID11,5,1079503,1259090,1,applied_drift,1741734854811,-38.09398412704468,-46.41757309436798
1,1,block_2,2,Provo_ID11,5,1079503,1259090,1,applied_drift,1741734854854,-38.09398412704468,-46.41757309436798
1,1,block_2,2,Provo_ID11,5,1079503,1259090,1,applied_drift,1741734854891,-38.09398412704468,-46.41757309436798
1,1,block_2,2,Provo_ID11,5,1079503,1259090,1,applied_drift,1741734854914,-38.09398412704468,-46.41757309436798
1,1,block_2,2,Provo_ID11,5,1079503,1259090,1,applied_drift,1741734854956,-38.09398412704468,-46.41757309436798
1,1,block_2,2,Provo_ID11,5,1079503,1259090,1,applied_drift,1741734854975,-38.09398412704468,-46.41757309436798
1,1,block_2,2,Provo_ID11,5,1079503,1259090,1,applied_drift,1741734855027,-38.09398412704468,-46.41757309436798
1,1,block_2,2,Provo_ID11,5,1079503,1259090,1,applied_drift,1741734855054,-38.09398412704468,-46.41757309436798
1,1,block_2,2,Provo_ID11,5,1079503,1259090,1,applied_drift,1741734855098,-38.09398412704468,-46.41757309436798
1,1,block_2,2,Provo_ID11,5,1079503,1259090,1,applied_drift,1741734855123,-38.09398412704468,-46.41757309436798
1,1,block_2,2,Provo_ID11,5,1079503,1259090,1,applied_drift,1741734855154,-38.09398412704468,-46.41757309436798
1,1,block_2,2,Provo_ID11,5,1079503,1259090,1,applied_drift,1741734855177,-38.09398412704468,-46.41757309436798
1,1,block_2,2,Provo_ID11,5,1079503,1259090,1,applied_drift,1741734855224,-38.09398412704468,-46.41757309436798
1,1,block_2,2,Provo_ID11,5,1079503,1259090,1,applied_drift,1741734855270,-38.09398412704468,-46.41757309436798
1,1,block_2,2,Provo_ID11,5,1079503,1259090,1,applied_drift,1741734855291,-38.09398412704468,-46.41757309436798
1,1,block_2,2,Provo_ID11,5,1079503,1259090,1,applied_drift,1741734855330,-38.09398412704468,-46.41757309436798
1,1,block_2,2,Provo_ID11,5,1079503,1259090,1,applied_drift,1741734855354,-38.09398412704468,-46.41757309436798
1,1,block_2,2,Provo_ID11,5,1079503,1259090,1,applied_drift,1741734855391,-38.09398412704468,-46.41757309436798
1,1,block_2,2,Provo_ID11,5,1079503,1259090,1,applied_drift,1741734855420,-38.09398412704468,-46.41757309436798
1,1,block_2,2,Provo_ID11,5,1079503,1259090,1,applied_drift,1741734855457,-38.09398412704468,-46.41757309436798
1,1,block_2,2,Provo_ID11,5,1079503,1259090,1,applied_drift,1741734855497,-38.09398412704468,-46.41757309436798
1,1,block_2,2,Provo_ID11,5,1079503,1259090,1,applied_drift,1741734855520,-38.09398412704468,-46.41757309436798
1,1,block_2,2,Provo_ID11,5,1079503,1259090,1,applied_drift,1741734855554,-38.09398412704468,-46.41757309436798
1,1,block_2,2,Provo_ID11,5,1079503,1259090,1,applied_drift,1741734855584,-38.09398412704468,-46.41757309436798
1,1,block_2,2,Provo_ID11,5,1079503,1259090,1,applied_drift,1741734855625,-38.09398412704468,-46.41757309436798
1,1,block_2,2,Provo_ID11,5,1079503,1259090,1,applied_drift,1741734855666,-38.09398412704468,-46.41757309436798
1,1,block_2,2,Provo_ID11,5,1079503,1259090,1,applied_drift,1741734855688,-38.09398412704468,-46.41757309436798
1,1,block_2,2,Provo_ID11,5,1079503,1259090,1,applied_drift,1741734855724,-38.09398412704468,-46.41757309436798
1,1,block_2,2,Provo_ID11,5,1079503,1259090,1,applied_drift,1741734855755,-38.09398412704468,-46.41757309436798
1,1,block_2,2,Provo_ID11,5,1079503,1259090,1,applied_drift,1741734855786,-38.09398412704468,-46.41757309436798
1,1,block_2,2,Provo_ID11,5,1079503,1259090,1,applied_drift,1741734855815,-38.09398412704468,-46.41757309436798
1,1,block_2,2,Provo_ID11,5,1079503,1259090,1,applied_drift,1741734855858,-38.09398412704468,-46.41757309436798
1,1,block_2,2,Provo_ID11,5,1079503,1259090,1,applied_drift,1741734855892,-38.09398412704468,-46.41757309436798
1,1,block_2,2,Provo_ID11,5,1079503,1259090,1,applied_drift,1741734855916,-38.09398412704468,-46.41757309436798
1,1,block_2,2,Provo_ID11,5,1079503,1259090,1,applied_drift,1741734855962,-38.09398412704468,-46.41757309436798
1,1,block_2,2,Provo_ID11,5,1079503,1259090,1,applied_drift,1741734855998,-38.09398412704468,-46.41757309436798
1,1,block_2,2,Provo_ID11,5,1079503,1259090,1,applied_drift,1741734856027,-38.09398412704468,-46.41757309436798
1,1,block_2,2,Provo_ID11,5,1079503,1259090,1,applied_drift,1741734856068,-38.09398412704468,-46.41757309436798
1,1,block_2,2,Provo_ID11,5,1079503,1259090,1,applied_drift,1741734856088,-38.09398412704468,-46.41757309436798
1,1,block_2,2,Provo_ID11,5,1079503,1259090,1,applied_drift,1741734856126,-38.09398412704468,-46.41757309436798
1,1,block_2,2,Provo_ID11,5,1079503,1259090,1,applied_drift,1741734856149,-38.09398412704468,-46.41757309436798
1,1,block_2,2,Provo_ID11,5,1079503,1259090,1,applied_drift,1741734856191,-38.09398412704468,-46.41757309436798
1,1,block_2,2,Provo_ID11,5,1079503,1259090,1,applied_drift,1741734856226,-38.09398412704468,-46.41757309436798
1,1,block_2,2,Provo_ID11,5,1079503,1259090,1,applied_drift,1741734856250,-38.09398412704468,-46.41757309436798
1,1,block_2,2,Provo_ID11,5,1079503,1259090,1,applied_drift,1741734856292,-38.09398412704468,-46.41757309436798
1,1,block_2,2,Provo_ID11,5,1079503,1259090,1,applied_drift,1741734856324,-38.09398412704468,-46.41757309436798
1,1,block_2,2,Provo_ID11,5,1079503,1259090,1,applied_drift,1741734856351,-38.09398412704468,-46.41757309436798
1,1,block_2,2,Provo_ID11,5,1079503,1259090,1,applied_drift,1741734856401,-38.09398412704468,-46.41757309436798
1,1,block_2,2,Provo_ID11,5,1079503,1259090,1,applied_drift,1741734856433,-38.09398412704468,-46.41757309436798
1,1,block_2,2,Provo_ID11,5,1079503,1259090,1,applied_drift,1741734856454,-38.09398412704468,-46.41757309436798
1,1,block_2,2,Provo_ID11,5,1079503,1259090,1,applied_drift,1741734856490,-38.09398412704468,-46.41757309436798
1,1,block_2,2,Provo_ID11,5,1079503,1259090,1,applied_drift,1741734856514,-38.09398412704468,-46.41757309436798
1,1,block_2,2,Provo_ID11,5,1079503,1259090,1,applied_drift,1741734856554,-38.09398412704468,-46.41757309436798
1,1,block_2,2,Provo_ID11,5,1079503,1259090,1,applied_drift,1741734856589,-38.09398412704468,-46.41757309436798
1,1,block_2,2,Provo_ID11,5,1079503,1259090,1,applied_drift,1741734856616,-38.09398412704468,-46.41757309436798
1,1,block_2,2,Provo_ID11,5,1079503,1259090,1,applied_drift,1741734856658,-38.09398412704468,-46.41757309436798
1,1,block_2,2,Provo_ID11,5,1079503,1259090,1,applied_drift,1741734856697,-38.09398412704468,-46.41757309436798
1,1,block_2,2,Provo_ID11,5,1079503,1259090,1,applied_drift,1741734856719,-38.09398412704468,-46.41757309436798
1,1,block_2,2,Provo_ID11,5,1079503,1259090,1,applied_drift,1741734856753,-38.09398412704468,-46.41757309436798
1,1,block_2,2,Provo_ID11,5,1079503,1259090,1,applied_drift,1741734856780,-38.09398412704468,-46.41757309436798
1,1,block_2,2,Provo_ID11,5,1079503,1259090,1,applied_drift,1741734856824,-38.09398412704468,-46.41757309436798
1,1,block_2,2,Provo_ID11,5,1079503,1259090,1,applied_drift,1741734856865,-38.09398412704468,-46.41757309436798
1,1,block_2,2,Provo_ID11,5,1079503,1259090,1,applied_drift,1741734856881,-38.09398412704468,-46.41757309436798
1,1,block_2,2,Provo_ID11,5,1079503,1259090,1,applied_drift,1741734856923,-38.09398412704468,-46.41757309436798
1,1,block_2,2,Provo_ID11,5,1079503,1259090,1,applied_drift,1741734856960,-38.09398412704468,-46.41757309436798
1,1,block_2,2,Provo_ID11,5,1079503,1259090,1,applied_drift,1741734856986,-38.09398412704468,-46.41757309436798
1,1,block_2,2,Provo_ID11,5,1079503,1259090,1,applied_drift,1741734857024,-38.09398412704468,-46.41757309436798
1,1,block_2,2,Provo_ID11,5,1079503,1259090,1,applied_drift,1741734857048,-38.09398412704468,-46.41757309436798
1,1,block_2,2,Provo_ID11,5,1079503,1259090,1,applied_drift,1741734857088,-38.09398412704468,-46.41757309436798
1,1,block_2,2,Provo_ID11,5,1079503,1259090,1,applied_drift,1741734857122,-38.09398412704468,-46.41757309436798
1,1,block_2,2,Provo_ID11,5,1079503,1259090,1,applied_drift,1741734857145,-38.09398412704468,-46.41757309436798
1,1,block_2,2,Provo_ID11,5,1079503,1259090,1,applied_drift,1741734857182,-38.09398412704468,-46.41757309436798
1,1,block_2,2,Provo_ID11,5,1079503,1259090,1,applied_drift,1741734857219,-38.09398412704468,-46.41757309436798
1,1,block_2,2,Provo_ID11,5,1079503,1259090,1,applied_drift,1741734857244,-38.09398412704468,-46.41757309436798
1,1,block_2,2,Provo_ID11,5,1079503,1259090,1,applied_drift,1741734857289,-38.09398412704468,-46.41757309436798
1,1,block_2,2,Provo_ID11,5,1079503,1259090,1,applied_drift,1741734857326,-38.09398412704468,-46.41757309436798
1,1,block_2,2,Provo_ID11,5,1079503,1259090,1,applied_drift,1741734857350,-38.09398412704468,-46.41757309436798
1,1,block_2,2,Provo_ID11,5,1079503,1259090,1,applied_drift,1741734857383,-38.09398412704468,-46.41757309436798
1,1,block_2,2,Provo_ID11,5,1079503,1259090,1,applied_drift,1741734857430,-38.09398412704468,-46.41757309436798
1,1,block_2,2,Provo_ID11,5,1079503,1259090,1,applied_drift,1741734857463,-38.09398412704468,-46.41757309436798
1,1,block_2,2,Provo_ID11,5,1079503,1259090,1,applied_drift,1741734857494,-38.09398412704468,-46.41757309436798
1,1,block_2,2,Provo_ID11,5,1079503,1259090,1,applied_drift,1741734857517,-38.09398412704468,-46.41757309436798
1,1,block_2,2,Provo_ID11,5,1079503,1259090,1,applied_drift,1741734857550,-38.09398412704468,-46.41757309436798
1,1,block_2,2,Provo_ID11,5,1079503,1259090,1,applied_drift,1741734857592,-38.09398412704468,-46.41757309436798
1,1,block_2,2,Provo_ID11,5,1079503,1259090,1,applied_drift,1741734857619,-38.09398412704468,-46.41757309436798
1,1,block_2,2,Provo_ID11,5,1079503,1259090,1,applied_drift,1741734857653,-38.09398412704468,-46.41757309436798
1,1,block_2,2,Provo_ID11,5,1079503,1259090,1,applied_drift,1741734857678,-38.09398412704468,-46.41757309436798
1,1,block_2,2,Provo_ID11,5,1079503,1259090,1,applied_drift,1741734857726,-38.09398412704468,-46.41757309436798
1,1,block_2,2,Provo_ID11,5,1079503,1259090,1,applied_drift,1741734857768,-38.09398412704468,-46.41757309436798
1,1,block_2,2,Provo_ID11,5,1079503,1259090,1,applied_drift,1741734857790,-38.09398412704468,-46.41757309436798
1,1,block_2,2,Provo_ID11,5,1079503,1259090,1,applied_drift,1741734857828,-38.09398412704468,-46.41757309436798
1,1,block_2,2,Provo_ID11,5,1079503,1259090,1,applied_drift,1741734857847,-38.09398412704468,-46.41757309436798
1,1,block_2,2,Provo_ID11,5,1079503,1259090,1,applied_drift,1741734857895,-38.09398412704468,-46.41757309436798
1,1,block_2,2,Provo_ID11,5,1079503,1259090,1,applied_drift,1741734857918,-38.09398412704468,-46.41757309436798
1,1,block_2,2,Provo_ID11,5,1079503,1259090,1,applied_drift,1741734857957,-38.09398412704468,-46.41757309436798
1,1,block_2,2,Provo_ID11,5,1079503,1259090,1,applied_drift,1741734858005,-38.09398412704468,-46.41757309436798
1,1,block_2,2,Provo_ID11,5,1079503,1259090,1,applied_drift,1741734858031,-38.09398412704468,-46.41757309436798
1,1,block_2,2,Provo_ID11,5,1079503,1259090,1,applied_drift,1741734858066,-38.09398412704468,-46.41757309436798
1,1,block_2,2,Provo_ID11,5,1079503,1259090,1,applied_drift,1741734858091,-38.09398412704468,-46.41757309436798
1,1,block_2,2,Provo_ID11,5,1079503,1259090,1,applied_drift,1741734858143,-38.09398412704468,-46.41757309436798
1,1,block_2,2,Provo_ID11,5,1079503,1259090,1,applied_drift,1741734858180,-38.09398412704468,-46.41757309436798
1,1,block_2,2,Provo_ID11,5,1079503,1259090,1,applied_drift,1741734858197,-38.09398412704468,-46.41757309436798
1,1,block_2,2,Provo_ID11,5,1079503,1259090,1,applied_drift,1741734858235,-38.09398412704468,-46.41757309436798
1,1,block_2,2,Provo_ID11,5,1079503,1259090,1,applied_drift,1741734858276,-38.09398412704468,-46.41757309436798
1,1,block_2,2,Provo_ID11,5,1079503,1259090,1,applied_drift,1741734858310,-38.09398412704468,-46.41757309436798
1,1,block_2,2,Provo_ID11,5,1079503,1259090,1,applied_drift,1741734858344,-38.09398412704468,-46.41757309436798
1,1,block_2,2,Provo_ID11,5,1079503,1259090,1,applied_drift,1741734858391,-38.09398412704468,-46.41757309436798
1,1,block_2,2,Provo_ID11,5,1079503,1259090,1,applied_drift,1741734858422,-38.09398412704468,-46.41757309436798
1,1,block_2,2,Provo_ID11,5,1079503,1259090,1,applied_drift,1741734858453,-38.09398412704468,-46.41757309436798
1,1,block_2,2,Provo_ID11,5,1079503,1259090,1,applied_drift,1741734858476,-38.09398412704468,-46.41757309436798
1,1,block_2,2,Provo_ID11,5,1079503,1259090,1,applied_drift,1741734858519,-38.09398412704468,-46.41757309436798
1,1,block_2,2,Provo_ID11,5,1079503,1259090,1,applied_drift,1741734858543,-38.09398412704468,-46.41757309436798
1,1,block_2,2,Provo_ID11,5,1079503,1259090,1,applied_drift,1741734858576,-38.09398412704468,-46.41757309436798
1,1,block_2,2,Provo_ID11,5,1079503,1259090,1,applied_drift,1741734858606,-38.09398412704468,-46.41757309436798
1,1,block_2,2,Provo_ID11,5,1079503,1259090,1,applied_drift,1741734858643,-38.09398412704468,-46.41757309436798
1,1,block_2,2,Provo_ID11,5,1079503,1259090,1,applied_drift,1741734858682,-38.09398412704468,-46.41757309436798
1,1,block_2,2,Provo_ID11,5,1079503,1259090,1,applied_drift,1741734858705,-38.09398412704468,-46.41757309436798
1,1,block_2,2,Provo_ID11,5,1079503,1259090,1,applied_drift,1741734858771,-38.09398412704468,-46.41757309436798
1,1,block_2,2,Provo_ID11,5,1079503,1259090,1,applied_drift,1741734858798,-38.09398412704468,-46.41757309436798
1,1,block_2,2,Provo_ID11,5,1079503,1259090,1,applied_drift,1741734858837,-38.09398412704468,-46.41757309436798
1,1,block_2,2,Provo_ID11,5,1079503,1259090,1,applied_drift,1741734858858,-38.09398412704468,-46.41757309436798
1,1,block_2,2,Provo_ID11,5,1079503,1259090,1,applied_drift,1741734858901,-38.09398412704468,-46.41757309436798
1,1,block_2,2,Provo_ID11,5,1079503,1259090,1,applied_drift,1741734858948,-38.09398412704468,-46.41757309436798
1,1,block_2,2,Provo_ID11,5,1079503,1259090,1,applied_drift,1741734858964,-38.09398412704468,-46.41757309436798
1,1,block_2,2,Provo_ID11,5,1079503,1259090,1,applied_drift,1741734858994,-38.09398412704468,-46.41757309436798
1,1,block_2,2,Provo_ID11,5,1079503,1259090,1,applied_drift,1741734859045,-38.09398412704468,-46.41757309436798
1,1,block_2,2,Provo_ID11,5,1079503,1259090,1,applied_drift,1741734859065,-38.09398412704468,-46.41757309436798
1,1,block_2,2,Provo_ID11,5,1079503,1259090,1,applied_drift,1741734859108,-38.09398412704468,-46.41757309436798
1,1,block_2,2,Provo_ID11,5,1079503,1259090,1,applied_drift,1741734859128,-38.09398412704468,-46.41757309436798
1,1,block_2,2,Provo_ID11,5,1079503,1259090,1,applied_drift,1741734859208,-38.09398412704468,-46.41757309436798
1,1,block_2,2,Provo_ID11,5,1079503,1259090,1,applied_drift,1741734859234,-38.09398412704468,-46.41757309436798
1,1,block_2,2,Provo_ID11,5,1079503,1259090,1,applied_drift,1741734859268,-38.09398412704468,-46.41757309436798
1,1,block_2,2,Provo_ID11,5,1079503,1259090,1,applied_drift,1741734859292,-38.09398412704468,-46.41757309436798
1,1,block_2,2,Provo_ID11,5,1079503,1259090,1,applied_drift,1741734859334,-38.09398412704468,-46.41757309436798
1,1,block_2,2,Provo_ID11,5,1079503,1259090,1,applied_drift,1741734859370,-38.09398412704468,-46.41757309436798
1,1,block_2,2,Provo_ID11,5,1079503,1259090,1,applied_drift,1741734859408,-38.09398412704468,-46.41757309436798
1,1,block_2,2,Provo_ID11,5,1079503,1259090,1,applied_drift,1741734859435,-38.09398412704468,-46.41757309436798
1,1,block_2,2,Provo_ID11,5,1079503,1259090,1,applied_drift,1741734859467,-38.09398412704468,-46.41757309436798
1,1,block_2,2,Provo_ID11,5,1079503,1259090,1,applied_drift,1741734859490,-38.09398412704468,-46.41757309436798
1,1,block_2,2,Provo_ID11,5,1079503,1259090,1,applied_drift,1741734859537,-38.09398412704468,-46.41757309436798
1,1,block_2,2,Provo_ID11,5,1079503,1259090,1,applied_drift,1741734859565,-38.09398412704468,-46.41757309436798
1,1,block_2,2,Provo_ID11,5,1079503,1259090,1,applied_drift,1741734859597,-38.09398412704468,-46.41757309436798
1,1,block_2,2,Provo_ID11,5,1079503,1259090,1,applied_drift,1741734859636,-38.09398412704468,-46.41757309436798
1,1,block_2,2,Provo_ID11,5,1079503,1259090,1,applied_drift,1741734859656,-38.09398412704468,-46.41757309436798
1,1,block_2,2,Provo_ID11,5,1079503,1259090,1,applied_drift,1741734859699,-38.09398412704468,-46.41757309436798
1,1,block_2,2,Provo_ID11,5,1079503,1259090,1,applied_drift,1741734859732,-38.09398412704468,-46.41757309436798
1,1,block_2,2,Provo_ID11,5,1079503,1259090,1,applied_drift,1741734859762,-38.09398412704468,-46.41757309436798
1,1,block_2,2,Provo_ID11,5,1079503,1259090,1,applied_drift,1741734859793,-38.09398412704468,-46.41757309436798
1,1,block_2,2,Provo_ID11,5,1079503,1259090,1,applied_drift,1741734859838,-38.09398412704468,-46.41757309436798
1,1,block_2,2,Provo_ID11,5,1079503,1259090,1,applied_drift,1741734859872,-38.09398412704468,-46.41757309436798
1,1,block_2,2,Provo_ID11,5,1079503,1259090,1,applied_drift,1741734859905,-38.09398412704468,-46.41757309436798
1,1,block_2,2,Provo_ID11,5,1079503,1259090,1,applied_drift,1741734859925,-38.09398412704468,-46.41757309436798
1,1,block_2,2,Provo_ID11,5,1079503,1259090,1,applied_drift,1741734859961,-38.09398412704468,-46.41757309436798
1,1,block_2,2,Provo_ID11,5,1079503,1259090,1,applied_drift,1741734860018,-38.09398412704468,-46.41757309436798
1,1,block_2,2,Provo_ID11,5,1079503,1259090,1,applied_drift,1741734860045,-38.09398412704468,-46.41757309436798
1,1,block_2,2,Provo_ID11,5,1079503,1259090,1,applied_drift,1741734860074,-38.09398412704468,-46.41757309436798
1,1,block_2,2,Provo_ID11,5,1079503,1259090,1,applied_drift,1741734860117,-38.09398412704468,-46.41757309436798
1,1,block_2,2,Provo_ID11,5,1079503,1259090,1,applied_drift,1741734860146,-38.09398412704468,-46.41757309436798
1,1,block_2,2,Provo_ID11,5,1079503,1259090,1,applied_drift,1741734860183,-38.09398412704468,-46.41757309436798
1,1,block_2,2,Provo_ID11,5,1079503,1259090,1,applied_drift,1741734860202,-38.09398412704468,-46.41757309436798
1,1,block_2,2,Provo_ID11,5,1079503,1259090,1,applied_drift,1741734860246,-38.09398412704468,-46.41757309436798
1,1,block_2,2,Provo_ID11,5,1079503,1259090,1,applied_drift,1741734860286,-38.09398412704468,-46.41757309436798
1,1,block_2,2,Provo_ID11,5,1079503,1259090,1,applied_drift,1741734860311,-38.09398412704468,-46.41757309436798
1,1,block_2,2,Provo_ID11,5,1079503,1259090,1,applied_drift,1741734860353,-38.09398412704468,-46.41757309436798
1,1,block_2,2,Provo_ID11,5,1079503,1259090,1,applied_drift,1741734860378,-38.09398412704468,-46.41757309436798
1,1,block_2,2,Provo_ID11,5,1079503,1259090,1,applied_drift,1741734860406,-38.09398412704468,-46.41757309436798
1,1,block_2,2,Provo_ID11,5,1079503,1259090,1,applied_drift,1741734860456,-38.09398412704468,-46.41757309436798
1,1,block_2,2,Provo_ID11,5,1079503,1259090,1,applied_drift,1741734860482,-38.09398412704468,-46.41757309436798
1,1,block_2,2,Provo_ID11,5,1079503,1259090,1,applied_drift,1741734860517,-38.09398412704468,-46.41757309436798
1,1,block_2,2,Provo_ID11,5,1079503,1259090,1,applied_drift,1741734860542,-38.09398412704468,-46.41757309436798
1,1,block_2,2,Provo_ID11,5,1079503,1259090,1,applied_drift,1741734860580,-38.09398412704468,-46.41757309436798
1,1,block_2,2,Provo_ID11,5,1079503,1259090,1,applied_drift,1741734860604,-38.09398412704468,-46.41757309436798
1,1,block_2,2,Provo_ID11,5,1079503,1259090,1,applied_drift,1741734860648,-38.09398412704468,-46.41757309436798
1,1,block_2,2,Provo_ID11,5,1079503,1259090,1,applied_drift,1741734860686,-38.09398412704468,-46.41757309436798
1,1,block_2,2,Provo_ID11,5,1079503,1259090,1,applied_drift,1741734860711,-38.09398412704468,-46.41757309436798
1,1,block_2,2,Provo_ID11,5,1079503,1259090,1,applied_drift,1741734860756,-38.09398412704468,-46.41757309436798
1,1,block_2,2,Provo_ID11,5,1079503,1259090,1,applied_drift,1741734860783,-38.09398412704468,-46.41757309436798
1,1,block_2,2,Provo_ID11,5,1079503,1259090,1,applied_drift,1741734860805,-38.09398412704468,-46.41757309436798
1,1,block_2,2,Provo_ID11,5,1079503,1259090,1,applied_drift,1741734860849,-38.09398412704468,-46.41757309436798
1,1,block_2,2,Provo_ID11,5,1079503,1259090,1,applied_drift,1741734860894,-38.09398412704468,-46.41757309436798
1,1,block_2,2,Provo_ID11,5,1079503,1259090,1,applied_drift,1741734860911,-38.09398412704468,-46.41757309436798
1,1,block_2,2,Provo_ID11,5,1079503,1259090,1,applied_drift,1741734860944,-38.09398412704468,-46.41757309436798
1,1,block_2,2,Provo_ID11,5,1079503,1259090,1,applied_drift,1741734860988,-38.09398412704468,-46.41757309436798
1,1,block_2,2,Provo_ID11,5,1079503,1259090,1,applied_drift,1741734861017,-38.09398412704468,-46.41757309436798
1,1,block_2,2,Provo_ID11,5,1079503,1259090,1,applied_drift,1741734861059,-38.09398412704468,-46.41757309436798
1,1,block_2,2,Provo_ID11,5,1079503,1259090,1,applied_drift,1741734861080,-38.09398412704468,-46.41757309436798
1,1,block_2,2,Provo_ID11,5,1079503,1259090,1,applied_drift,1741734861109,-38.09398412704468,-46.41757309436798
1,1,block_2,2,Provo_ID11,5,1079503,1259090,1,applied_drift,1741734861154,-38.09398412704468,-46.41757309436798
1,1,block_2,2,Provo_ID11,5,1079503,1259090,1,applied_drift,1741734861183,-38.09398412704468,-46.41757309436798
1,1,block_2,2,Provo_ID11,5,1079503,1259090,1,applied_drift,1741734861209,-38.09398412704468,-46.41757309436798
1,1,block_2,2,Provo_ID11,5,1079503,1259090,1,applied_drift,1741734861244,-38.09398412704468,-46.41757309436798
1,1,block_2,2,Provo_ID11,5,1079503,1259090,1,applied_drift,1741734861292,-38.09398412704468,-46.41757309436798
1,1,block_2,2,Provo_ID11,5,1079503,1259090,1,applied_drift,1741734861336,-38.09398412704468,-46.41757309436798
1,1,block_2,2,Provo_ID11,5,1079503,1259090,1,applied_drift,1741734861373,-38.09398412704468,-46.41757309436798
1,1,block_2,2,Provo_ID11,5,1079503,1259090,1,applied_drift,1741734861394,-38.09398412704468,-46.41757309436798
1,1,block_2,2,Provo_ID11,5,1079503,1259090,1,applied_drift,1741734861424,-38.09398412704468,-46.41757309436798
1,1,block_2,2,Provo_ID11,5,1079503,1259090,1,applied_drift,1741734861479,-38.09398412704468,-46.41757309436798
1,1,block_2,2,Provo_ID11,5,1079503,1259090,1,applied_drift,1741734861507,-38.09398412704468,-46.41757309436798
1,1,block_2,2,Provo_ID11,5,1079503,1259090,1,applied_drift,1741734861541,-38.09398412704468,-46.41757309436798
1,1,block_2,2,Provo_ID11,5,1079503,1259090,1,applied_drift,1741734861571,-38.09398412704468,-46.41757309436798
1,1,block_2,2,Provo_ID11,5,1079503,1259090,1,applied_drift,1741734861612,-38.09398412704468,-46.41757309436798
1,1,block_2,2,Provo_ID11,5,1079503,1259090,1,applied_drift,1741734861652,-38.09398412704468,-46.41757309436798
1,1,block_2,2,Provo_ID11,5,1079503,1259090,1,applied_drift,1741734861680,-38.09398412704468,-46.41757309436798
1,1,block_2,2,Provo_ID11,5,1079503,1259090,1,applied_drift,1741734861715,-38.09398412704468,-46.41757309436798
1,1,block_2,2,Provo_ID11,5,1079503,1259090,1,applied_drift,1741734861735,-38.09398412704468,-46.41757309436798
1,1,block_2,2,Provo_ID11,5,1079503,1259090,1,applied_drift,1741734861774,-38.09398412704468,-46.41757309436798
1,1,block_2,2,Provo_ID11,5,1079503,1259090,1,applied_drift,1741734861807,-38.09398412704468,-46.41757309436798
1,1,block_2,2,Provo_ID11,5,1079503,1259090,1,applied_drift,1741734861853,-38.09398412704468,-46.41757309436798
1,1,block_2,2,Provo_ID11,5,1079503,1259090,1,applied_drift,1741734861889,-38.09398412704468,-46.41757309436798
1,1,block_2,2,Provo_ID11,5,1079503,1259090,1,applied_drift,1741734861920,-38.09398412704468,-46.41757309436798
1,1,block_2,2,Provo_ID11,5,1079503,1259090,1,applied_drift,1741734861945,-38.09398412704468,-46.41757309436798
1,1,block_2,2,Provo_ID11,5,1079503,1259090,1,applied_drift,1741734861979,-38.09398412704468,-46.41757309436798
1,1,block_2,2,Provo_ID11,5,1079503,1259090,1,applied_drift,1741734862004,-38.09398412704468,-46.41757309436798
1,1,block_2,2,Provo_ID11,5,1079503,1259090,1,applied_drift,1741734862046,-38.09398412704468,-46.41757309436798
1,1,block_2,2,Provo_ID11,5,1079503,1259090,1,applied_drift,1741734862084,-38.09398412704468,-46.41757309436798
1,1,block_2,2,Provo_ID11,5,1079503,1259090,1,applied_drift,1741734862109,-38.09398412704468,-46.41757309436798
1,1,block_2,2,Provo_ID11,5,1079503,1259090,1,applied_drift,1741734862145,-38.09398412704468,-46.41757309436798
1,1,block_2,2,Provo_ID11,5,1079503,1259090,1,applied_drift,1741734862179,-38.09398412704468,-46.41757309436798
1,1,block_2,2,Provo_ID11,5,1079503,1259090,1,applied_drift,1741734862206,-38.09398412704468,-46.41757309436798
1,1,block_2,2,Provo_ID11,5,1079503,1259090,1,applied_drift,1741734862252,-38.09398412704468,-46.41757309436798
1,1,block_2,2,Provo_ID11,5,1079503,1259090,1,applied_drift,1741734862285,-38.09398412704468,-46.41757309436798
1,1,block_2,2,Provo_ID11,5,1079503,1259090,1,applied_drift,1741734862308,-38.09398412704468,-46.41757309436798
1,1,block_2,2,Provo_ID11,5,1079503,1259090,1,applied_drift,1741734862359,-38.09398412704468,-46.41757309436798
1,1,block_2,2,Provo_ID11,5,1079503,1259090,1,applied_drift,1741734862380,-38.09398412704468,-46.41757309436798
1,1,block_2,2,Provo_ID11,5,1079503,1259090,1,applied_drift,1741734862413,-38.09398412704468,-46.41757309436798
1,1,block_2,2,Provo_ID11,5,1079503,1259090,1,applied_drift,1741734862443,-38.09398412704468,-46.41757309436798
1,1,block_2,2,Provo_ID11,5,1079503,1259090,1,applied_drift,1741734862485,-38.09398412704468,-46.41757309436798
1,1,block_2,2,Provo_ID11,5,1079503,1259090,1,applied_drift,1741734862518,-38.09398412704468,-46.41757309436798
1,1,block_2,2,Provo_ID11,5,1079503,1259090,1,applied_drift,1741734862537,-38.09398412704468,-46.41757309436798
1,1,block_2,2,Provo_ID11,5,1079503,1259090,1,applied_drift,1741734862576,-38.09398412704468,-46.41757309436798
1,1,block_2,2,Provo_ID11,5,1079503,1259090,1,applied_drift,1741734862618,-38.09398412704468,-46.41757309436798
1,1,block_2,2,Provo_ID11,5,1079503,1259090,1,applied_drift,1741734862644,-38.09398412704468,-46.41757309436798
1,1,block_2,2,Provo_ID11,5,1079503,1259090,1,applied_drift,1741734862679,-38.09398412704468,-46.41757309436798
1,1,block_2,2,Provo_ID11,5,1079503,1259090,1,applied_drift,1741734862706,-38.09398412704468,-46.41757309436798
1,1,block_2,2,Provo_ID11,5,1079503,1259090,1,applied_drift,1741734862755,-38.09398412704468,-46.41757309436798
1,1,block_2,2,Provo_ID11,5,1079503,1259090,1,applied_drift,1741734862788,-38.09398412704468,-46.41757309436798
1,1,block_2,2,Provo_ID11,5,1079503,1259090,1,applied_drift,1741734862809,-38.09398412704468,-46.41757309436798
1,1,block_2,2,Provo_ID11,5,1079503,1259090,1,applied_drift,1741734862847,-38.09398412704468,-46.41757309436798
1,1,block_2,2,Provo_ID11,5,1079503,1259090,1,applied_drift,1741734862872,-38.09398412704468,-46.41757309436798
1,1,block_2,2,Provo_ID11,5,1079503,1259090,1,applied_drift,1741734862913,-38.09398412704468,-46.41757309436798
1,1,block_2,2,Provo_ID11,5,1079503,1259090,1,applied_drift,1741734862945,-38.09398412704468,-46.41757309436798
1,1,block_2,2,Provo_ID11,5,1079503,1259090,1,applied_drift,1741734862994,-38.09398412704468,-46.41757309436798
1,1,block_2,2,Provo_ID11,5,1079503,1259090,1,applied_drift,1741734863020,-38.09398412704468,-46.41757309436798
1,1,block_2,2,Provo_ID11,5,1079503,1259090,1,applied_drift,1741734863055,-38.09398412704468,-46.41757309436798
1,1,block_2,2,Provo_ID11,5,1079503,1259090,1,applied_drift,1741734863074,-38.09398412704468,-46.41757309436798
1,1,block_2,2,Provo_ID11,5,1079503,1259090,1,applied_drift,1741734863116,-38.09398412704468,-46.41757309436798
1,1,block_2,2,Provo_ID11,5,1079503,1259090,1,applied_drift,1741734863155,-38.09398412704468,-46.41757309436798
1,1,block_2,2,Provo_ID11,5,1079503,1259090,1,applied_drift,1741734863178,-38.09398412704468,-46.41757309436798
1,1,block_2,2,Provo_ID11,5,1079503,1259090,1,applied_drift,1741734863211,-38.09398412704468,-46.41757309436798
1,1,block_2,2,Provo_ID11,5,1079503,1259090,1,applied_drift,1741734863241,-38.09398412704468,-46.41757309436798
1,1,block_2,2,Provo_ID11,5,1079503,1259090,1,applied_drift,1741734863277,-38.09398412704468,-46.41757309436798
1,1,block_2,2,Provo_ID11,5,1079503,1259090,1,applied_drift,1741734863322,-38.09398412704468,-46.41757309436798
1,1,block_2,2,Provo_ID11,5,1079503,1259090,1,applied_drift,1741734863348,-38.09398412704468,-46.41757309436798
1,1,block_2,2,Provo_ID11,5,1079503,1259090,1,applied_drift,1741734863386,-38.09398412704468,-46.41757309436798
1,1,block_2,2,Provo_ID11,5,1079503,1259090,1,applied_drift,1741734863424,-38.09398412704468,-46.41757309436798
1,1,block_2,2,Provo_ID11,5,1079503,1259090,1,applied_drift,1741734863467,-38.09398412704468,-46.41757309436798
1,1,block_2,2,Provo_ID11,5,1079503,1259090,1,applied_drift,1741734863503,-38.09398412704468,-46.41757309436798
1,1,block_2,2,Provo_ID11,5,1079503,1259090,1,applied_drift,1741734863526,-38.09398412704468,-46.41757309436798
1,1,block_2,2,Provo_ID11,5,1079503,1259090,1,applied_drift,1741734863562,-38.09398412704468,-46.41757309436798
1,1,block_2,2,Provo_ID11,5,1079503,1259090,1,applied_drift,1741734863615,-38.09398412704468,-46.41757309436798
1,1,block_2,2,Provo_ID11,5,1079503,1259090,1,applied_drift,1741734863641,-38.09398412704468,-46.41757309436798
1,1,block_2,2,Provo_ID11,5,1079503,1259090,1,applied_drift,1741734863664,-38.09398412704468,-46.41757309436798
1,1,block_2,2,Provo_ID11,5,1079503,1259090,1,applied_drift,1741734863694,-38.09398412704468,-46.41757309436798
1,1,block_2,2,Provo_ID11,5,1079503,1259090,1,applied_drift,1741734863742,-38.09398412704468,-46.41757309436798
1,1,block_2,2,Provo_ID11,5,1079503,1259090,1,applied_drift,1741734863768,-38.09398412704468,-46.41757309436798
1,1,block_2,2,Provo_ID11,5,1079503,1259090,1,applied_drift,1741734863803,-38.09398412704468,-46.41757309436798
1,1,block_2,2,Provo_ID11,5,1079503,1259090,1,applied_drift,1741734863826,-38.09398412704468,-46.41757309436798
1,1,block_2,2,Provo_ID11,5,1079503,1259090,1,applied_drift,1741734863870,-38.09398412704468,-46.41757309436798
1,1,block_2,2,Provo_ID11,5,1079503,1259090,1,applied_drift,1741734863922,-38.09398412704468,-46.41757309436798
1,1,block_2,2,Provo_ID11,5,1079503,1259090,1,applied_drift,1741734863962,-38.09398412704468,-46.41757309436798
1,1,block_2,2,Provo_ID11,5,1079503,1259090,1,applied_drift,1741734863992,-38.09398412704468,-46.41757309436798
1,1,block_2,2,Provo_ID11,5,1079503,1259090,1,applied_drift,1741734864027,-38.09398412704468,-46.41757309436798
1,1,block_2,2,Provo_ID11,5,1079503,1259090,1,applied_drift,1741734864048,-38.09398412704468,-46.41757309436798
1,1,block_2,2,Provo_ID11,5,1079503,1259090,1,applied_drift,1741734864079,-38.09398412704468,-46.41757309436798
1,1,block_2,2,Provo_ID11,5,1079503,1259090,1,applied_drift,1741734864135,-38.09398412704468,-46.41757309436798
1,1,block_2,2,Provo_ID11,5,1079503,1259090,1,applied_drift,1741734864158,-38.09398412704468,-46.41757309436798
1,1,block_2,2,Provo_ID11,5,1079503,1259090,1,applied_drift,1741734864196,-38.09398412704468,-46.41757309436798
1,1,block_2,2,Provo_ID11,5,1079503,1259090,1,applied_drift,1741734864221,-38.09398412704468,-46.41757309436798
1,1,block_2,2,Provo_ID11,5,1079503,1259090,1,applied_drift,1741734864257,-38.09398412704468,-46.41757309436798
1,1,block_2,2,Provo_ID11,5,1079503,1259090,1,applied_drift,1741734864291,-38.09398412704468,-46.41757309436798
1,1,block_2,2,Provo_ID11,5,1079503,1259090,1,applied_drift,1741734864319,-38.09398412704468,-46.41757309436798
1,1,block_2,2,Provo_ID11,5,1079503,1259090,1,applied_drift,1741734864357,-38.09398412704468,-46.41757309436798
1,1,block_2,2,Provo_ID11,5,1079503,1259090,1,applied_drift,1741734864395,-38.09398412704468,-46.41757309436798
1,1,block_2,2,Provo_ID11,5,1079503,1259090,1,applied_drift,1741734864420,-38.09398412704468,-46.41757309436798
1,1,block_2,2,Provo_ID11,5,1079503,1259090,1,error_trial,1741734828742,""
1,1,block_2,2,Provo_ID11,5,1079503,1259090,1,error_trial,1741734852505,45.49989488389757
1,1,block_2,2,Provo_ID11,5,1079503,1259090,1,error_trial_x,1741734828742,""
1,1,block_2,2,Provo_ID11,5,1079503,1259090,1,error_trial_x,1741734852505,37.37309349907769
1,1,block_2,2,Provo_ID11,5,1079503,1259090,1,error_trial_y,1741734828742,""
1,1,block_2,2,Provo_ID11,5,1079503,1259090,1,error_trial_y,1741734852505,19.307804107666016
1,1,block_2,2,Provo_ID11,5,1079503,1259090,1,error_calibration,1741734828742,""
1,1,block_2,2,Provo_ID11,5,1079503,1259090,1,error_calibration,1741734852505,37.97401004367404
1,1,block_2,2,Provo_ID11,5,1079503,1259090,1,error_calibration_x,1741734828742,""
1,1,block_2,2,Provo_ID11,5,1079503,1259090,1,error_calibration_x,1741734852506,29.178551567925346
1,1,block_2,2,Provo_ID11,5,1079503,1259090,1,error_calibration_y,1741734828742,""
1,1,block_2,2,Provo_ID11,5,1079503,1259090,1,error_calibration_y,1741734852506,18.495686848958332
1,1,block_2,2,Provo_ID11,5,1079503,1259090,1,gaze_conf,"",
