Trial_Nr,Trial_Id,Block_Name,Block_Nr,Task_Name,Task_Nr,Exp_Subject_Id,Rec_Session_Id,Session_Nr,variable_name,timestamp,value
1,1,block_1,1,instructions,1,1078535,1258031,1,gaze_data,1741717411670,
1,1,block_1,1,instructions,1,1078535,1258031,1,gaze_data,1741717966341,
1,1,block_1,1,instructions,1,1078535,1258031,1,applied_drift,1741717411670,
1,1,block_1,1,instructions,1,1078535,1258031,1,applied_drift,1741717966341,
1,1,block_2,2,Provo_ID11,2,1078535,1258031,1,gaze_data,1741718118412,
1,1,block_2,2,Provo_ID11,2,1078535,1258031,1,gaze_data,1741718141975,717.7525520324707,416.17304208221765,1741718141921.2002,0.7179864707479545
1,1,block_2,2,Provo_ID11,2,1078535,1258031,1,gaze_data,1741718141999,734.7618818283081,436.0796549832226,1741718141955.1,0.6818625810653262
1,1,block_2,2,Provo_ID11,2,1078535,1258031,1,gaze_data,1741718142026,735.4888916015625,437.7849189940347,1741718141986.8,0.6818625810653262
1,1,block_2,2,Provo_ID11,2,1078535,1258031,1,gaze_data,1741718142063,722.4174737930298,420.2885211936305,1741718142018.4001,0.7521169736412
1,1,block_2,2,Provo_ID11,2,1078535,1258031,1,gaze_data,1741718142103,739.7886276245117,427.35245015771164,1741718142068.2002,0.7420130780205627
1,1,block_2,2,Provo_ID11,2,1078535,1258031,1,gaze_data,1741718142140,731.1490535736084,426.1329468832616,1741718142097.3,0.7313728561606118
1,1,block_2,2,Provo_ID11,2,1078535,1258031,1,gaze_data,1741718142167,719.4909334182739,411.58823108466225,1741718142128.8,0.6794326596087485
1,1,block_2,2,Provo_ID11,2,1078535,1258031,1,gaze_data,1741718142193,719.4004058837891,415.955951880995,1741718142162.1,0.6794326596087485
1,1,block_2,2,Provo_ID11,2,1078535,1258031,1,gaze_data,1741718142231,570.7060694694519,315.6707647824236,1741718142194.7002,0.7332048504578775
1,1,block_2,2,Provo_ID11,2,1078535,1258031,1,gaze_data,1741718142273,335.400265455246,188.96445276421736,1741718142226.8,0.7336195461355486
1,1,block_2,2,Provo_ID11,2,1078535,1258031,1,gaze_data,1741718142303,208.43570232391357,198.2158298864799,1741718142257.7002,0.6918725458498947
1,1,block_2,2,Provo_ID11,2,1078535,1258031,1,gaze_data,1741718142331,178.60071659088135,144.68615070599537,1741718142291.3,0.6918725458498947
1,1,block_2,2,Provo_ID11,2,1078535,1258031,1,gaze_data,1741718142367,169.13249492645264,127.56449602172587,1741718142322.8,0.7616630002650759
1,1,block_2,2,Provo_ID11,2,1078535,1258031,1,gaze_data,1741718142407,185.47496795654297,109.7057847294011,1741718142353.3,1
1,1,block_2,2,Provo_ID11,2,1078535,1258031,1,gaze_data,1741718142433,184.65466499328613,112.85673542808814,1741718142403,1
1,1,block_2,2,Provo_ID11,2,1078535,1258031,1,gaze_data,1741718142474,176.615571975708,101.20589531424764,1741718142434.3,1
1,1,block_2,2,Provo_ID11,2,1078535,1258031,1,gaze_data,1741718142519,47.49424457550049,101.53908222719801,1741718142465.8,1
1,1,block_2,2,Provo_ID11,2,1078535,1258031,1,gaze_data,1741718142545,25.110578536987305,80.14384867570922,1741718142499.3,1
1,1,block_2,2,Provo_ID11,2,1078535,1258031,1,gaze_data,1741718142578,9.51693058013916,80.55203783279386,1741718142531,1
1,1,block_2,2,Provo_ID11,2,1078535,1258031,1,gaze_data,1741718142603,28.108906745910645,75.71783003734663,1741718142562,1
1,1,block_2,2,Provo_ID11,2,1078535,1258031,1,gaze_data,1741718142638,5.362820625305176,58.96327748991662,1741718142594.6,1
1,1,block_2,2,Provo_ID11,2,1078535,1258031,1,gaze_data,1741718142664,1.5642404556274414,77.25923749216209,1741718142626.5,1
1,1,block_2,2,Provo_ID11,2,1078535,1258031,1,gaze_data,1741718142711,15.395665168762207,88.63209788556213,1741718142658.4001,1
1,1,block_2,2,Provo_ID11,2,1078535,1258031,1,gaze_data,1741718142732,11.869359016418457,90.74371900579159,1741718142691.1,1
1,1,block_2,2,Provo_ID11,2,1078535,1258031,1,gaze_data,1741718142783,9.593701362609863,99.08464477274268,1741718142723.6,1
1,1,block_2,2,Provo_ID11,2,1078535,1258031,1,gaze_data,1741718142807,1.5564680099487305,92.46158392982731,1741718142771,1
1,1,block_2,2,Provo_ID11,2,1078535,1258031,1,gaze_data,1741718142833,1.3289690017700195,100.25690951730061,1741718142802,1
1,1,block_2,2,Provo_ID11,2,1078535,1258031,1,gaze_data,1741718142874,6.9380998611450195,113.69447273701235,1741718142834,1
1,1,block_2,2,Provo_ID11,2,1078535,1258031,1,gaze_data,1741718142915,-3.665924072265625,107.46808000345293,1741718142867.5,1
1,1,block_2,2,Provo_ID11,2,1078535,1258031,1,gaze_data,1741718142945,-9.06209945678711,111.16935250040248,1741718142897.7002,1
1,1,block_2,2,Provo_ID11,2,1078535,1258031,1,gaze_data,1741718142974,-10.498619079589844,109.45398243802747,1741718142931.6,1
1,1,block_2,2,Provo_ID11,2,1078535,1258031,1,gaze_data,1741718143011,186.36629581451416,129.4981404136939,1741718142962,1
1,1,block_2,2,Provo_ID11,2,1078535,1258031,1,gaze_data,1741718143042,169.18952465057373,111.5687463392146,1741718142994.6,1
1,1,block_2,2,Provo_ID11,2,1078535,1258031,1,gaze_data,1741718143067,186.97645664215088,105.37188234143039,1741718143026.6,1
1,1,block_2,2,Provo_ID11,2,1078535,1258031,1,gaze_data,1741718143112,193.85745525360107,101.38329859669452,1741718143058.7002,1
1,1,block_2,2,Provo_ID11,2,1078535,1258031,1,gaze_data,1741718143144,201.75654888153076,102.65478436186619,1741718143107.5,1
1,1,block_2,2,Provo_ID11,2,1078535,1258031,1,gaze_data,1741718143164,211.6919755935669,111.62084798750804,1741718143139.7002,1
1,1,block_2,2,Provo_ID11,2,1078535,1258031,1,gaze_data,1741718143199,301.08927488327026,89.07196806206362,1741718143169.9001,1
1,1,block_2,2,Provo_ID11,2,1078535,1258031,1,gaze_data,1741718143243,344.0795600414276,102.52427703129237,1741718143202.7002,1
1,1,block_2,2,Provo_ID11,2,1078535,1258031,1,gaze_data,1741718143284,338.2975697517395,116.44442096966725,1741718143235.6,1
1,1,block_2,2,Provo_ID11,2,1078535,1258031,1,gaze_data,1741718143315,349.8023331165314,112.32595547160979,1741718143265.8,1
1,1,block_2,2,Provo_ID11,2,1078535,1258031,1,gaze_data,1741718143343,344.969779253006,106.46930123616713,1741718143298.6,1
1,1,block_2,2,Provo_ID11,2,1078535,1258031,1,gaze_data,1741718143379,336.2121820449829,105.56549850099775,1741718143332.4001,1
1,1,block_2,2,Provo_ID11,2,1078535,1258031,1,gaze_data,1741718143410,360.31285524368286,109.76409001877923,1741718143361.8,1
1,1,block_2,2,Provo_ID11,2,1078535,1258031,1,gaze_data,1741718143441,361.65579557418823,111.40307263024717,1741718143393.9001,1
1,1,block_2,2,Provo_ID11,2,1078535,1258031,1,gaze_data,1741718143479,373.1190800666809,109.94240932505974,1741718143427.2002,1
1,1,block_2,2,Provo_ID11,2,1078535,1258031,1,gaze_data,1741718143508,359.6983015537262,104.56235558764277,1741718143474.5,1
1,1,block_2,2,Provo_ID11,2,1078535,1258031,1,gaze_data,1741718143532,417.93645173311234,82.39558420574329,1741718143506.9001,1
1,1,block_2,2,Provo_ID11,2,1078535,1258031,1,gaze_data,1741718143595,454.0124833583832,85.65230959149606,1741718143539.3,1
1,1,block_2,2,Provo_ID11,2,1078535,1258031,1,gaze_data,1741718143619,477.2184371948242,86.43350663257525,1741718143572.6,1
1,1,block_2,2,Provo_ID11,2,1078535,1258031,1,gaze_data,1741718143651,483.25068950653076,87.99946054719275,1741718143602.9001,1
1,1,block_2,2,Provo_ID11,2,1078535,1258031,1,gaze_data,1741718143692,491.6978180408478,100.59830340801247,1741718143634.3,1
1,1,block_2,2,Provo_ID11,2,1078535,1258031,1,gaze_data,1741718143720,506.4847946166992,81.9634145873229,1741718143666.8,1
1,1,block_2,2,Provo_ID11,2,1078535,1258031,1,gaze_data,1741718143749,496.68306708335876,89.33119535963344,1741718143699.5,1
1,1,block_2,2,Provo_ID11,2,1078535,1258031,1,gaze_data,1741718143785,493.91676783561707,75.32833372434669,1741718143730.5,1
1,1,block_2,2,Provo_ID11,2,1078535,1258031,1,gaze_data,1741718143822,510.7594966888428,76.59783849488629,1741718143762.7002,1
1,1,block_2,2,Provo_ID11,2,1078535,1258031,1,gaze_data,1741718143846,508.38167667388916,75.65604683633998,1741718143809.4001,1
1,1,block_2,2,Provo_ID11,2,1078535,1258031,1,gaze_data,1741718143887,473.9063560962677,77.94215932585412,1741718143841.2002,1
1,1,block_2,2,Provo_ID11,2,1078535,1258031,1,gaze_data,1741718143919,189.7996187210083,55.376455840733456,1741718143874.2002,1
1,1,block_2,2,Provo_ID11,2,1078535,1258031,1,gaze_data,1741718143942,79.59234714508057,129.06225456850132,1741718143905.9001,1
1,1,block_2,2,Provo_ID11,2,1078535,1258031,1,gaze_data,1741718143994,25.281167030334473,109.93749407522073,1741718143937,1
1,1,block_2,2,Provo_ID11,2,1078535,1258031,1,gaze_data,1741718144005,17.62988567352295,104.84040978156564,1741718143973.2002,1
1,1,block_2,2,Provo_ID11,2,1078535,1258031,1,gaze_data,1741718144047,28.60844135284424,105.35992934750372,1741718144000.9001,1
1,1,block_2,2,Provo_ID11,2,1078535,1258031,1,gaze_data,1741718144080,53.74140739440918,102.51014941167935,1741718144036.4001,1
1,1,block_2,2,Provo_ID11,2,1078535,1258031,1,gaze_data,1741718144109,43.15323829650879,89.30745321344139,1741718144067.1,1
1,1,block_2,2,Provo_ID11,2,1078535,1258031,1,gaze_data,1741718144147,27.516746520996094,102.25929293353232,1741718144099.8,1
1,1,block_2,2,Provo_ID11,2,1078535,1258031,1,gaze_data,1741718144191,32.84010887145996,103.94030837847198,1741718144129.7002,1
1,1,block_2,2,Provo_ID11,2,1078535,1258031,1,gaze_data,1741718144226,21.268010139465332,105.2061416063288,1741718144179.6,1
1,1,block_2,2,Provo_ID11,2,1078535,1258031,1,gaze_data,1741718144246,62.84074783325195,85.6124364890142,1741718144212.5,1
1,1,block_2,2,Provo_ID11,2,1078535,1258031,1,gaze_data,1741718144286,171.40600681304932,114.64178288060518,1741718144241.5,1
1,1,block_2,2,Provo_ID11,2,1078535,1258031,1,gaze_data,1741718144324,199.2384672164917,95.847922964365,1741718144273.6,1
1,1,block_2,2,Provo_ID11,2,1078535,1258031,1,gaze_data,1741718144349,208.03849697113037,92.50105487550417,1741718144306.4001,1
1,1,block_2,2,Provo_ID11,2,1078535,1258031,1,gaze_data,1741718144376,195.01841068267822,92.47503384075041,1741718144339.5,1
1,1,block_2,2,Provo_ID11,2,1078535,1258031,1,gaze_data,1741718144420,186.38653755187988,95.13387121502593,1741718144370.5,1
1,1,block_2,2,Provo_ID11,2,1078535,1258031,1,gaze_data,1741718144448,290.7341241836548,132.7856307950299,1741718144403.8,1
1,1,block_2,2,Provo_ID11,2,1078535,1258031,1,gaze_data,1741718144483,438.91294598579407,147.76506320514804,1741718144434.8,1
1,1,block_2,2,Provo_ID11,2,1078535,1258031,1,gaze_data,1741718144519,359.4181716442108,120.33965220420325,1741718144468.7002,1
1,1,block_2,2,Provo_ID11,2,1078535,1258031,1,gaze_data,1741718144549,517.1257972717285,145.1424273906716,1741718144514.9001,0
1,1,block_2,2,Provo_ID11,2,1078535,1258031,1,gaze_data,1741718144591,623.7470388412476,120.46832003976155,1741718144545.8,0
1,1,block_2,2,Provo_ID11,2,1078535,1258031,1,gaze_data,1741718144627,619.0841197967529,143.78799306079262,1741718144578.6,0.052947471893338066
1,1,block_2,2,Provo_ID11,2,1078535,1258031,1,gaze_data,1741718144653,585.2768301963806,114.55719589928484,1741718144611.9001,0.052947471893338066
1,1,block_2,2,Provo_ID11,2,1078535,1258031,1,gaze_data,1741718144692,593.1663036346436,81.2166838739027,1741718144643.5,0.30666916125935895
1,1,block_2,2,Provo_ID11,2,1078535,1258031,1,gaze_data,1741718144710,596.0628986358643,80.21398780144217,1741718144673.2002,0.30666916125935895
1,1,block_2,2,Provo_ID11,2,1078535,1258031,1,gaze_data,1741718144757,480.8773696422577,109.53588837398107,1741718144707,0.8827276140840209
1,1,block_2,2,Provo_ID11,2,1078535,1258031,1,gaze_data,1741718144793,166.26458168029785,185.94337637150366,1741718144738.9001,1
1,1,block_2,2,Provo_ID11,2,1078535,1258031,1,gaze_data,1741718144822,123.96907806396484,212.45615301318387,1741718144769.9001,0.8748647582223543
1,1,block_2,2,Provo_ID11,2,1078535,1258031,1,gaze_data,1741718144848,116.88530445098877,188.81846239665066,1741718144803.3,0.8748647582223543
1,1,block_2,2,Provo_ID11,2,1078535,1258031,1,gaze_data,1741718144890,110.69357395172119,183.45141917661059,1741718144834.6,1
1,1,block_2,2,Provo_ID11,2,1078535,1258031,1,gaze_data,1741718144929,91.16899967193604,194.69176890276,1741718144882.1,1
1,1,block_2,2,Provo_ID11,2,1078535,1258031,1,gaze_data,1741718144958,50.69468021392822,197.350991677307,1741718144914,1
1,1,block_2,2,Provo_ID11,2,1078535,1258031,1,gaze_data,1741718144984,22.35398292541504,208.94860000775847,1741718144945.8,1
1,1,block_2,2,Provo_ID11,2,1078535,1258031,1,gaze_data,1741718145012,12.588143348693848,185.68609655549884,1741718144978.3,1
1,1,block_2,2,Provo_ID11,2,1078535,1258031,1,gaze_data,1741718145048,23.027467727661133,201.30590223697158,1741718145010.5,1
1,1,block_2,2,Provo_ID11,2,1078535,1258031,1,gaze_data,1741718145091,171.49279117584229,189.8305532989171,1741718145042.6,1
1,1,block_2,2,Provo_ID11,2,1078535,1258031,1,gaze_data,1741718145131,168.64678859710693,196.4716255535531,1741718145073.5,1
1,1,block_2,2,Provo_ID11,2,1078535,1258031,1,gaze_data,1741718145151,170.82242965698242,198.99555421444444,1741718145105.8,1
1,1,block_2,2,Provo_ID11,2,1078535,1258031,1,gaze_data,1741718145194,192.72613525390625,204.5539272581419,1741718145139.4001,1
1,1,block_2,2,Provo_ID11,2,1078535,1258031,1,gaze_data,1741718145221,197.0353364944458,195.98418544016278,1741718145172.5,1
1,1,block_2,2,Provo_ID11,2,1078535,1258031,1,gaze_data,1741718145248,193.09325218200684,173.07026256966745,1741718145201.5,1
1,1,block_2,2,Provo_ID11,2,1078535,1258031,1,gaze_data,1741718145294,190.9059762954712,169.55759044324498,1741718145251,1
1,1,block_2,2,Provo_ID11,2,1078535,1258031,1,gaze_data,1741718145328,205.68549633026123,175.9852142499481,1741718145282.7002,1
1,1,block_2,2,Provo_ID11,2,1078535,1258031,1,gaze_data,1741718145360,170.90630531311035,188.07322487655276,1741718145314.5,1
1,1,block_2,2,Provo_ID11,2,1078535,1258031,1,gaze_data,1741718145403,47.73459434509277,334.2592715182687,1741718145347.1,1
1,1,block_2,2,Provo_ID11,2,1078535,1258031,1,gaze_data,1741718145427,21.7008113861084,325.0478475574816,1741718145379.8,1
1,1,block_2,2,Provo_ID11,2,1078535,1258031,1,gaze_data,1741718145467,19.31583881378174,323.9375075135469,1741718145410.7002,1
1,1,block_2,2,Provo_ID11,2,1078535,1258031,1,gaze_data,1741718145491,50.967955589294434,321.12340782314476,1741718145442.6,1
1,1,block_2,2,Provo_ID11,2,1078535,1258031,1,gaze_data,1741718145518,39.75415229797363,329.1295008131842,1741718145475.4001,1
1,1,block_2,2,Provo_ID11,2,1078535,1258031,1,gaze_data,1741718145561,54.48455810546875,313.41412144989874,1741718145506.4001,1
1,1,block_2,2,Provo_ID11,2,1078535,1258031,1,gaze_data,1741718145597,127.20768451690674,315.80081037740644,1741718145539.3,1
1,1,block_2,2,Provo_ID11,2,1078535,1258031,1,gaze_data,1741718145622,152.8395175933838,325.92695488588413,1741718145586.3,1
1,1,block_2,2,Provo_ID11,2,1078535,1258031,1,gaze_data,1741718145659,158.72762203216553,298.3558365166058,1741718145618.2002,1
1,1,block_2,2,Provo_ID11,2,1078535,1258031,1,gaze_data,1741718145706,175.06706714630127,311.72967277742003,1741718145649.1,1
1,1,block_2,2,Provo_ID11,2,1078535,1258031,1,gaze_data,1741718145724,171.209716796875,311.6463965293901,1741718145683,1
1,1,block_2,2,Provo_ID11,2,1078535,1258031,1,gaze_data,1741718145766,162.37099170684814,309.2535337501906,1741718145715.5,1
1,1,block_2,2,Provo_ID11,2,1078535,1258031,1,gaze_data,1741718145803,165.61498641967773,304.77429636129847,1741718145745.8,1
1,1,block_2,2,Provo_ID11,2,1078535,1258031,1,gaze_data,1741718145828,56.61499500274658,363.2810662987434,1741718145778,1
1,1,block_2,2,Provo_ID11,2,1078535,1258031,1,gaze_data,1741718145858,21.171283721923828,397.1679753698651,1741718145811.6,1
1,1,block_2,2,Provo_ID11,2,1078535,1258031,1,gaze_data,1741718145894,37.633442878723145,382.28555211793315,1741718145843.5,0.9882276646284831
1,1,block_2,2,Provo_ID11,2,1078535,1258031,1,gaze_data,1741718145928,41.347575187683105,403.2106047855799,1741718145874.8,0.9882276646284831
1,1,block_2,2,Provo_ID11,2,1078535,1258031,1,gaze_data,1741718145952,51.96876525878906,404.8475766130228,1741718145905.3,0.8903652659863814
1,1,block_2,2,Provo_ID11,2,1078535,1258031,1,gaze_data,1741718145996,78.94177436828613,392.52784546957616,1741718145954.4001,1
1,1,block_2,2,Provo_ID11,2,1078535,1258031,1,gaze_data,1741718146034,92.14386940002441,396.55738218228885,1741718145985.3,0.9674935438929975
1,1,block_2,2,Provo_ID11,2,1078535,1258031,1,gaze_data,1741718146056,216.14444255828857,373.11515559860527,1741718146018.6,0.9674935438929975
1,1,block_2,2,Provo_ID11,2,1078535,1258031,1,gaze_data,1741718146097,246.57012224197388,380.32015223306587,1741718146051.6,0.9868046613728745
1,1,block_2,2,Provo_ID11,2,1078535,1258031,1,gaze_data,1741718146135,244.15284395217896,395.24998530389945,1741718146084.3,0.912915613958723
1,1,block_2,2,Provo_ID11,2,1078535,1258031,1,gaze_data,1741718146161,262.18905448913574,410.9115501287961,1741718146113.2002,0.770991354215444
1,1,block_2,2,Provo_ID11,2,1078535,1258031,1,gaze_data,1741718146189,269.25649642944336,403.22631869036826,1741718146146.9001,0.770991354215444
1,1,block_2,2,Provo_ID11,2,1078535,1258031,1,gaze_data,1741718146233,270.30192613601685,406.1693766629101,1741718146178.2002,0.9125990623660967
1,1,block_2,2,Provo_ID11,2,1078535,1258031,1,gaze_data,1741718146264,301.25319957733154,398.9529706909444,1741718146210.5,0.7445313056968498
1,1,block_2,2,Provo_ID11,2,1078535,1258031,1,gaze_data,1741718146295,442.42886304855347,373.6665125782733,1741718146243.4001,0.7445313056968498
1,1,block_2,2,Provo_ID11,2,1078535,1258031,1,gaze_data,1741718146328,454.47415113449097,377.8887121899785,1741718146291.1,0.6090434303271638
1,1,block_2,2,Provo_ID11,2,1078535,1258031,1,gaze_data,1741718146351,453.4677982330322,357.04626550902,1741718146323.2002,0.6090434303271638
1,1,block_2,2,Provo_ID11,2,1078535,1258031,1,gaze_data,1741718146398,453.29474210739136,389.27333939359914,1741718146356.6,0.6988650851188254
1,1,block_2,2,Provo_ID11,2,1078535,1258031,1,gaze_data,1741718146424,443.7457889318466,377.3825308247399,1741718146388.1,0.6033586595493223
1,1,block_2,2,Provo_ID11,2,1078535,1258031,1,gaze_data,1741718146484,455.53983449935913,392.18245235285895,1741718146418.6,0.6207881105921762
1,1,block_2,2,Provo_ID11,2,1078535,1258031,1,gaze_data,1741718146507,453.65243554115295,385.2918529717369,1741718146451.5,0.6207881105921762
1,1,block_2,2,Provo_ID11,2,1078535,1258031,1,gaze_data,1741718146544,456.48412704467773,369.6045203219267,1741718146483,0.6017545778255114
1,1,block_2,2,Provo_ID11,2,1078535,1258031,1,gaze_data,1741718146574,454.0051579475403,371.9296867056162,1741718146513.9001,0.5969798739692448
1,1,block_2,2,Provo_ID11,2,1078535,1258031,1,gaze_data,1741718146623,467.8484797477722,375.72875777966544,1741718146578.6,0.6676040569995493
1,1,block_2,2,Provo_ID11,2,1078535,1258031,1,gaze_data,1741718146646,470.9780991077423,372.77984619140625,1741718146611,0.6676040569995493
1,1,block_2,2,Provo_ID11,2,1078535,1258031,1,gaze_data,1741718146689,465.4319167137146,365.84121141413027,1741718146658.6,0.6691620482777915
1,1,block_2,2,Provo_ID11,2,1078535,1258031,1,gaze_data,1741718146725,289.4604682922363,185.41590303764426,1741718146692.5,0.6059677188701402
1,1,block_2,2,Provo_ID11,2,1078535,1258031,1,gaze_data,1741718146750,282.18876123428345,115.6853797896048,1741718146724.4001,0.6059677188701402
1,1,block_2,2,Provo_ID11,2,1078535,1258031,1,gaze_data,1741718146794,149.92289543151855,137.02813932538808,1741718146754.4001,0.283347265530305
1,1,block_2,2,Provo_ID11,2,1078535,1258031,1,gaze_data,1741718146825,86.01646423339844,121.1118528486074,1741718146788.2002,0.7367836344356684
1,1,block_2,2,Provo_ID11,2,1078535,1258031,1,gaze_data,1741718146849,85.18145084381104,125.8206324049811,1741718146819.6,0.7367836344356684
1,1,block_2,2,Provo_ID11,2,1078535,1258031,1,gaze_data,1741718146891,74.2548942565918,103.56366618853588,1741718146851.1,1
1,1,block_2,2,Provo_ID11,2,1078535,1258031,1,gaze_data,1741718146927,9.919047355651855,118.67854352111155,1741718146882.9001,1
1,1,block_2,2,Provo_ID11,2,1078535,1258031,1,gaze_data,1741718146944,22.705745697021484,126.08216093315737,1741718146913.8,1
1,1,block_2,2,Provo_ID11,2,1078535,1258031,1,gaze_data,1741718146983,26.519417762756348,122.36119020011058,1741718146945.8,1
1,1,block_2,2,Provo_ID11,2,1078535,1258031,1,gaze_data,1741718147025,63.600730895996094,97.43453582300282,1741718146994.9001,1
1,1,block_2,2,Provo_ID11,2,1078535,1258031,1,gaze_data,1741718147064,287.0715022087097,119.80902864203794,1741718147024.8,1
1,1,block_2,2,Provo_ID11,2,1078535,1258031,1,gaze_data,1741718147091,311.64945363998413,120.8657179892451,1741718147058.3,1
1,1,block_2,2,Provo_ID11,2,1078535,1258031,1,gaze_data,1741718147114,314.4782066345215,102.94202858351834,1741718147090.3,1
1,1,block_2,2,Provo_ID11,2,1078535,1258031,1,gaze_data,1741718147156,297.7416753768921,98.04536732572278,1741718147122,1
1,1,block_2,2,Provo_ID11,2,1078535,1258031,1,gaze_data,1741718147194,321.4476764202118,110.78191910286529,1741718147154.2002,1
1,1,block_2,2,Provo_ID11,2,1078535,1258031,1,gaze_data,1741718147227,315.96864461898804,127.58400062676883,1741718147184.7002,1
1,1,block_2,2,Provo_ID11,2,1078535,1258031,1,gaze_data,1741718147251,324.53922629356384,126.0611445164215,1741718147218.6,1
1,1,block_2,2,Provo_ID11,2,1078535,1258031,1,gaze_data,1741718147285,141.73948764801025,170.05388173001967,1741718147248.8,1
1,1,block_2,2,Provo_ID11,2,1078535,1258031,1,gaze_data,1741718147332,32.33308792114258,223.4847851016775,1741718147282.8,1
1,1,block_2,2,Provo_ID11,2,1078535,1258031,1,gaze_data,1741718147366,38.51819038391113,233.2114080027748,1741718147314.4001,1
1,1,block_2,2,Provo_ID11,2,1078535,1258031,1,gaze_data,1741718147397,28.775715827941895,228.08050576621696,1741718147363.5,1
1,1,block_2,2,Provo_ID11,2,1078535,1258031,1,gaze_data,1741718147441,34.600830078125,245.76645207767115,1741718147395.1,1
1,1,block_2,2,Provo_ID11,2,1078535,1258031,1,gaze_data,1741718147470,30.419397354125977,267.09393896404936,1741718147426.3,1
1,1,block_2,2,Provo_ID11,2,1078535,1258031,1,gaze_data,1741718147495,73.40264320373535,257.0600559292543,1741718147457.6,1
1,1,block_2,2,Provo_ID11,2,1078535,1258031,1,gaze_data,1741718147528,296.10592126846313,251.99299375819538,1741718147491.2002,1
1,1,block_2,2,Provo_ID11,2,1078535,1258031,1,gaze_data,1741718147572,341.2936568260193,283.65550092916425,1741718147523.2002,0
1,1,block_2,2,Provo_ID11,2,1078535,1258031,1,gaze_data,1741718147606,333.13785791397095,239.19620875939887,1741718147555.1,0
1,1,block_2,2,Provo_ID11,2,1078535,1258031,1,gaze_data,1741718147638,346.6611921787262,247.45090075014988,1741718147586.5,0.0054119637054674714
1,1,block_2,2,Provo_ID11,2,1078535,1258031,1,gaze_data,1741718147665,302.6497721672058,249.7363206362776,1741718147618.9001,0.0054119637054674714
1,1,block_2,2,Provo_ID11,2,1078535,1258031,1,gaze_data,1741718147704,288.3001446723938,245.91581609399097,1741718147653.2002,0.17042133066107706
1,1,block_2,2,Provo_ID11,2,1078535,1258031,1,gaze_data,1741718147732,259.59224700927734,243.52191254787488,1741718147698.7002,0.4575619882853166
1,1,block_2,2,Provo_ID11,2,1078535,1258031,1,gaze_data,1741718147755,156.3159465789795,305.2744379271137,1741718147728.9001,0.4575619882853166
1,1,block_2,2,Provo_ID11,2,1078535,1258031,1,gaze_data,1741718147797,165.86709022521973,301.2311012781106,1741718147761.8,0.34504462678029657
1,1,block_2,2,Provo_ID11,2,1078535,1258031,1,gaze_data,1741718147833,145.06268501281738,285.8062876537927,1741718147792.8,0.3413242888944849
1,1,block_2,2,Provo_ID11,2,1078535,1258031,1,gaze_data,1741718147860,135.0621223449707,285.64283697827517,1741718147826.3,0.3413242888944849
1,1,block_2,2,Provo_ID11,2,1078535,1258031,1,gaze_data,1741718147891,130.98299503326416,272.9445496763945,1741718147857.6,0.4290255198411382
1,1,block_2,2,Provo_ID11,2,1078535,1258031,1,gaze_data,1741718147926,135.21370887756348,294.46852926059813,1741718147890.2002,0.615482764078252
1,1,block_2,2,Provo_ID11,2,1078535,1258031,1,gaze_data,1741718147959,140.86716175079346,312.539519767182,1741718147922.4001,0.7465960156651671
1,1,block_2,2,Provo_ID11,2,1078535,1258031,1,gaze_data,1741718147992,144.2680835723877,301.52408740525647,1741718147953.1,0.8429618028327321
1,1,block_2,2,Provo_ID11,2,1078535,1258031,1,gaze_data,1741718148029,146.71080112457275,316.4563929957061,1741718147986.1,0.6909718794316714
1,1,block_2,2,Provo_ID11,2,1078535,1258031,1,gaze_data,1741718148080,243.72559785842896,302.55145654243915,1741718148019.8,0.7005876779658586
1,1,block_2,2,Provo_ID11,2,1078535,1258031,1,gaze_data,1741718148100,398.80607426166534,301.79212491579534,1741718148066.3,0.9404236253935148
1,1,block_2,2,Provo_ID11,2,1078535,1258031,1,gaze_data,1741718148131,418.73109489679337,319.0060224553768,1741718148096.8,0.6548098451304851
1,1,block_2,2,Provo_ID11,2,1078535,1258031,1,gaze_data,1741718148166,419.32746917009354,312.7513670352431,1741718148130.4001,0.6548098451304851
1,1,block_2,2,Provo_ID11,2,1078535,1258031,1,gaze_data,1741718148198,425.4094988107681,307.71533610246706,1741718148163,0.7613604422437255
1,1,block_2,2,Provo_ID11,2,1078535,1258031,1,gaze_data,1741718148236,492.62410402297974,310.60678395169936,1741718148193.5,0.7811596930185496
1,1,block_2,2,Provo_ID11,2,1078535,1258031,1,gaze_data,1741718148265,504.46574687957764,318.09154022282996,1741718148225.9001,0.5430578659716924
1,1,block_2,2,Provo_ID11,2,1078535,1258031,1,gaze_data,1741718148298,514.516031742096,324.18424560811667,1741718148257.1,0.5964773082413317
1,1,block_2,2,Provo_ID11,2,1078535,1258031,1,gaze_data,1741718148333,508.6691737174988,319.2767856953718,1741718148289.9001,0.6519453997074767
1,1,block_2,2,Provo_ID11,2,1078535,1258031,1,gaze_data,1741718148362,502.94305086135864,316.37602866083836,1741718148322.6,0.6519453997074767
1,1,block_2,2,Provo_ID11,2,1078535,1258031,1,gaze_data,1741718148397,506.5990686416626,313.32810457771615,1741718148355.6,0.7041333761877349
1,1,block_2,2,Provo_ID11,2,1078535,1258031,1,gaze_data,1741718148432,421.6967612504959,359.1036103552696,1741718148402.1,0.7160680753463278
1,1,block_2,2,Provo_ID11,2,1078535,1258031,1,gaze_data,1741718148470,179.04605865478516,408.5396441875466,1741718148434.2002,0.7095721023478028
1,1,block_2,2,Provo_ID11,2,1078535,1258031,1,gaze_data,1741718148498,172.66974449157715,394.48547032287996,1741718148465.6,0.6416064651078632
1,1,block_2,2,Provo_ID11,2,1078535,1258031,1,gaze_data,1741718148531,192.67685413360596,374.4495565617162,1741718148497.1,0.474284632164676
1,1,block_2,2,Provo_ID11,2,1078535,1258031,1,gaze_data,1741718148569,193.80393028259277,377.6716666728452,1741718148529.4001,0.6824742460829377
1,1,block_2,2,Provo_ID11,2,1078535,1258031,1,gaze_data,1741718148597,169.86336708068848,382.7823796137812,1741718148561,0.563432817705534
1,1,block_2,2,Provo_ID11,2,1078535,1258031,1,gaze_data,1741718148631,186.97655200958252,375.4475905941779,1741718148594.2002,0.7370121542032547
1,1,block_2,2,Provo_ID11,2,1078535,1258031,1,gaze_data,1741718148670,128.9862871170044,383.24661751372696,1741718148625.2002,0.6230232871086514
1,1,block_2,2,Provo_ID11,2,1078535,1258031,1,gaze_data,1741718148703,124.96557235717773,390.1482091808526,1741718148658.2002,0.6230232871086514
1,1,block_2,2,Provo_ID11,2,1078535,1258031,1,gaze_data,1741718148736,126.3918399810791,389.1398382290325,1741718148693,0.6825722983764967
1,1,block_2,2,Provo_ID11,2,1078535,1258031,1,gaze_data,1741718148769,147.2620964050293,396.3742667837412,1741718148721.3,0.6941775662765493
1,1,block_2,2,Provo_ID11,2,1078535,1258031,1,gaze_data,1741718148801,244.14137601852417,399.76967668843633,1741718148769.7002,0.7699534089649684
1,1,block_2,2,Provo_ID11,2,1078535,1258031,1,gaze_data,1741718148836,291.1973237991333,398.8645408779318,1741718148800.9001,0.8457539132224244
1,1,block_2,2,Provo_ID11,2,1078535,1258031,1,gaze_data,1741718148877,279.4148921966553,402.44629833031115,1741718148834.1,0.5199262779167606
1,1,block_2,2,Provo_ID11,2,1078535,1258031,1,gaze_data,1741718148895,274.25808906555176,399.48094299713597,1741718148867.5,0.5199262779167606
1,1,block_2,2,Provo_ID11,2,1078535,1258031,1,gaze_data,1741718148929,335.66794991493225,381.0497987296214,1741718148896.9001,0.7395757078852968
1,1,block_2,2,Provo_ID11,2,1078535,1258031,1,gaze_data,1741718148967,457.88187980651855,407.2510146267243,1741718148929.5,0.6738357264225279
1,1,block_2,2,Provo_ID11,2,1078535,1258031,1,gaze_data,1741718149003,467.0414328575134,406.47936508609,1741718148961.9001,0.598740141118936
1,1,block_2,2,Provo_ID11,2,1078535,1258031,1,gaze_data,1741718149030,478.633189201355,405.58683018880913,1741718148993,0.5824773872516347
1,1,block_2,2,Provo_ID11,2,1078535,1258031,1,gaze_data,1741718149069,469.83768939971924,406.0194913322134,1741718149024.5,0.5775395760558178
1,1,block_2,2,Provo_ID11,2,1078535,1258031,1,gaze_data,1741718149094,474.58348870277405,394.04485541155435,1741718149057.8,0.5775395760558178
1,1,block_2,2,Provo_ID11,2,1078535,1258031,1,gaze_data,1741718149135,470.4115331172943,404.311218592712,1741718149104.4001,0.5420355145986597
1,1,block_2,2,Provo_ID11,2,1078535,1258031,1,gaze_data,1741718149169,481.5774083137512,398.7096658239137,1741718149136.7002,0.6188356256190659
1,1,block_2,2,Provo_ID11,2,1078535,1258031,1,gaze_data,1741718149193,470.9469199180603,394.89903646539454,1741718149168.5,0.6188356256190659
1,1,block_2,2,Provo_ID11,2,1078535,1258031,1,gaze_data,1741718149232,402.44539082050323,319.2501390833658,1741718149202.2002,0.6081576066836711
1,1,block_2,2,Provo_ID11,2,1078535,1258031,1,gaze_data,1741718149259,256.61299228668213,141.3204929575227,1741718149235.1,0.5599336233422498
1,1,block_2,2,Provo_ID11,2,1078535,1258031,1,gaze_data,1741718149298,204.18260097503662,141.00296037057475,1741718149265.8,0.5567588161443506
1,1,block_2,2,Provo_ID11,2,1078535,1258031,1,gaze_data,1741718149333,67.25921630859375,126.00636927010956,1741718149298.1,0.31941541701335235
1,1,block_2,2,Provo_ID11,2,1078535,1258031,1,gaze_data,1741718149366,90.1102066040039,154.08074964411605,1741718149329.5,0.8205550629533684
1,1,block_2,2,Provo_ID11,2,1078535,1258031,1,gaze_data,1741718149403,78.97255420684814,121.05597539475579,1741718149361.4001,1
1,1,block_2,2,Provo_ID11,2,1078535,1258031,1,gaze_data,1741718149432,29.268765449523926,145.1056598324062,1741718149393.2002,1
1,1,block_2,2,Provo_ID11,2,1078535,1258031,1,gaze_data,1741718149454,30.979490280151367,120.93207386207166,1741718149426.4001,1
1,1,block_2,2,Provo_ID11,2,1078535,1258031,1,gaze_data,1741718149499,23.356270790100098,125.71536413759574,1741718149473,1
1,1,block_2,2,Provo_ID11,2,1078535,1258031,1,gaze_data,1741718149543,13.299012184143066,139.74388188757246,1741718149505.2002,1
1,1,block_2,2,Provo_ID11,2,1078535,1258031,1,gaze_data,1741718149569,13.066363334655762,135.69421499256455,1741718149541.3,1
1,1,block_2,2,Provo_ID11,2,1078535,1258031,1,gaze_data,1741718149598,47.02332019805908,98.91152371553433,1741718149569.5,1
1,1,block_2,2,Provo_ID11,2,1078535,1258031,1,gaze_data,1741718149635,138.0276918411255,134.1508042010723,1741718149602.7002,1
1,1,block_2,2,Provo_ID11,2,1078535,1258031,1,gaze_data,1741718149671,177.66008377075195,124.75706915534758,1741718149633.9001,1
1,1,block_2,2,Provo_ID11,2,1078535,1258031,1,gaze_data,1741718149705,186.73503398895264,124.07335045539376,1741718149666.3,1
1,1,block_2,2,Provo_ID11,2,1078535,1258031,1,gaze_data,1741718149736,198.98977279663086,125.66618184981273,1741718149697.7002,1
1,1,block_2,2,Provo_ID11,2,1078535,1258031,1,gaze_data,1741718149760,241.15638732910156,134.22620115466336,1741718149728.7002,1
1,1,block_2,2,Provo_ID11,2,1078535,1258031,1,gaze_data,1741718149802,247.8774905204773,129.15774446764632,1741718149761.7002,1
1,1,block_2,2,Provo_ID11,2,1078535,1258031,1,gaze_data,1741718149841,320.6890642642975,99.47761155002287,1741718149810.2002,1
1,1,block_2,2,Provo_ID11,2,1078535,1258031,1,gaze_data,1741718149869,382.4003219604492,102.59199576884701,1741718149841.3,1
1,1,block_2,2,Provo_ID11,2,1078535,1258031,1,gaze_data,1741718149906,394.23819184303284,105.42775234793375,1741718149873.1,1
1,1,block_2,2,Provo_ID11,2,1078535,1258031,1,gaze_data,1741718149944,391.66941344738007,103.3960189322846,1741718149906.7002,1
1,1,block_2,2,Provo_ID11,2,1078535,1258031,1,gaze_data,1741718149969,403.1304135918617,100.35248878462454,1741718149937.1,1
1,1,block_2,2,Provo_ID11,2,1078535,1258031,1,gaze_data,1741718149999,399.213245511055,95.306396484375,1741718149970.7002,1
1,1,block_2,2,Provo_ID11,2,1078535,1258031,1,gaze_data,1741718150030,385.53938269615173,98.41773473776861,1741718150001.4001,1
1,1,block_2,2,Provo_ID11,2,1078535,1258031,1,gaze_data,1741718150078,136.15355491638184,169.91679466727498,1741718150034,1
1,1,block_2,2,Provo_ID11,2,1078535,1258031,1,gaze_data,1741718150105,56.987571716308594,186.61250943992763,1741718150067.1,1
1,1,block_2,2,Provo_ID11,2,1078535,1258031,1,gaze_data,1741718150134,50.54135322570801,206.1146475487831,1741718150097.2002,1
1,1,block_2,2,Provo_ID11,2,1078535,1258031,1,gaze_data,1741718150158,38.56949806213379,172.98842365984802,1741718150128.5,1
1,1,block_2,2,Provo_ID11,2,1078535,1258031,1,gaze_data,1741718150214,24.245285987854004,199.80400482641124,1741718150179.3,1
1,1,block_2,2,Provo_ID11,2,1078535,1258031,1,gaze_data,1741718150236,21.649646759033203,199.38585856472852,1741718150208.8,1
1,1,block_2,2,Provo_ID11,2,1078535,1258031,1,gaze_data,1741718150285,0.28030872344970703,211.59272700742113,1741718150241.5,1
1,1,block_2,2,Provo_ID11,2,1078535,1258031,1,gaze_data,1741718150308,11.883711814880371,219.2130040708695,1741718150273.6,1
1,1,block_2,2,Provo_ID11,2,1078535,1258031,1,gaze_data,1741718150346,18.517708778381348,237.38955096412377,1741718150306.7002,1
1,1,block_2,2,Provo_ID11,2,1078535,1258031,1,gaze_data,1741718150381,215.86885452270508,194.39953868146057,1741718150338.6,1
1,1,block_2,2,Provo_ID11,2,1078535,1258031,1,gaze_data,1741718150417,288.9212489128113,247.53956329279504,1741718150368.3,1
1,1,block_2,2,Provo_ID11,2,1078535,1258031,1,gaze_data,1741718150449,314.06482458114624,236.56637042825497,1741718150402.6,1
1,1,block_2,2,Provo_ID11,2,1078535,1258031,1,gaze_data,1741718150484,327.46039628982544,224.60920043014912,1741718150434.5,1
1,1,block_2,2,Provo_ID11,2,1078535,1258031,1,gaze_data,1741718150515,338.2357358932495,223.14376113471653,1741718150466.9001,1
1,1,block_2,2,Provo_ID11,2,1078535,1258031,1,gaze_data,1741718150551,354.2062759399414,211.93193975601693,1741718150499.3,1
1,1,block_2,2,Provo_ID11,2,1078535,1258031,1,gaze_data,1741718150578,358.7493658065796,230.48712705583222,1741718150548.3,1
1,1,block_2,2,Provo_ID11,2,1078535,1258031,1,gaze_data,1741718150608,345.6729054450989,230.88001703233368,1741718150576.8,1
1,1,block_2,2,Provo_ID11,2,1078535,1258031,1,gaze_data,1741718150644,344.86220479011536,229.91606811639286,1741718150609.7002,1
1,1,block_2,2,Provo_ID11,2,1078535,1258031,1,gaze_data,1741718150679,359.46536660194397,218.96560316230625,1741718150641.5,1
1,1,block_2,2,Provo_ID11,2,1078535,1258031,1,gaze_data,1741718150721,349.9329745769501,221.4285904052718,1741718150674.2002,1
1,1,block_2,2,Provo_ID11,2,1078535,1258031,1,gaze_data,1741718150756,349.24426078796387,220.45406322934363,1741718150707.4001,1
1,1,block_2,2,Provo_ID11,2,1078535,1258031,1,gaze_data,1741718150787,348.9832282066345,227.07020432209504,1741718150738.8,1
1,1,block_2,2,Provo_ID11,2,1078535,1258031,1,gaze_data,1741718150822,385.08586287498474,209.1355991984138,1741718150770.5,1
1,1,block_2,2,Provo_ID11,2,1078535,1258031,1,gaze_data,1741718150852,465.022075176239,188.2625848766004,1741718150801.8,1
1,1,block_2,2,Provo_ID11,2,1078535,1258031,1,gaze_data,1741718150880,483.12413692474365,195.51790882863605,1741718150834.8,1
1,1,block_2,2,Provo_ID11,2,1078535,1258031,1,gaze_data,1741718150924,515.7691478729248,232.0208679310929,1741718150882.6,1
1,1,block_2,2,Provo_ID11,2,1078535,1258031,1,gaze_data,1741718150958,535.2109909057617,225.7786996193925,1741718150914.3,1
1,1,block_2,2,Provo_ID11,2,1078535,1258031,1,gaze_data,1741718150986,530.5750131607056,239.62610228201314,1741718150945.2002,1
1,1,block_2,2,Provo_ID11,2,1078535,1258031,1,gaze_data,1741718151015,391.29399061203003,270.13585303714115,1741718150978.6,1
1,1,block_2,2,Provo_ID11,2,1078535,1258031,1,gaze_data,1741718151052,106.37555122375488,346.93077070852684,1741718151010.2002,1
1,1,block_2,2,Provo_ID11,2,1078535,1258031,1,gaze_data,1741718151098,91.65642261505127,292.90647775645886,1741718151042.3,0.8511123353538043
1,1,block_2,2,Provo_ID11,2,1078535,1258031,1,gaze_data,1741718151119,77.84872055053711,314.6783162611426,1741718151076.1,0.8511123353538043
1,1,block_2,2,Provo_ID11,2,1078535,1258031,1,gaze_data,1741718151148,85.53962707519531,296.3989042666884,1741718151105.1,0.9889437500429974
1,1,block_2,2,Provo_ID11,2,1078535,1258031,1,gaze_data,1741718151186,99.96867179870605,308.04682502001845,1741718151137.3,1
1,1,block_2,2,Provo_ID11,2,1078535,1258031,1,gaze_data,1741718151224,92.09959506988525,311.9532049348711,1741718151168.5,0.8731672299917934
1,1,block_2,2,Provo_ID11,2,1078535,1258031,1,gaze_data,1741718151266,146.9048023223877,323.22230142523046,1741718151201,0.9430186248839272
1,1,block_2,2,Provo_ID11,2,1078535,1258031,1,gaze_data,1741718151291,263.26167583465576,313.4414979020323,1741718151250.9001,0.9610455854028928
1,1,block_2,2,Provo_ID11,2,1078535,1258031,1,gaze_data,1741718151316,284.60941314697266,305.60527892536817,1741718151281.3,0.9610455854028928
1,1,block_2,2,Provo_ID11,2,1078535,1258031,1,gaze_data,1741718151357,298.48105907440186,321.2634775488599,1741718151314,0.9795243308602268
1,1,block_2,2,Provo_ID11,2,1078535,1258031,1,gaze_data,1741718151382,288.50778341293335,322.06538566539706,1741718151347,0.8788262068817132
1,1,block_2,2,Provo_ID11,2,1078535,1258031,1,gaze_data,1741718151412,279.03947830200195,327.3642037282021,1741718151378.7002,0.8788262068817132
1,1,block_2,2,Provo_ID11,2,1078535,1258031,1,gaze_data,1741718151449,308.44385623931885,328.3856894602745,1741718151409.8,0.8451710088217568
1,1,block_2,2,Provo_ID11,2,1078535,1258031,1,gaze_data,1741718151486,344.8249280452728,310.24048612846985,1741718151442,0.9549194126912055
1,1,block_2,2,Provo_ID11,2,1078535,1258031,1,gaze_data,1741718151519,483.8909924030304,288.1495064096182,1741718151474,0.8811531751911863
1,1,block_2,2,Provo_ID11,2,1078535,1258031,1,gaze_data,1741718151545,518.9189195632935,281.34294290604663,1741718151506.4001,0.8811531751911863
1,1,block_2,2,Provo_ID11,2,1078535,1258031,1,gaze_data,1741718151587,537.2971653938293,305.7982024815491,1741718151538.7002,0.6760959396196013
1,1,block_2,2,Provo_ID11,2,1078535,1258031,1,gaze_data,1741718151625,560.7939958572388,317.52842388028955,1741718151586.8,0.5899580143020451
1,1,block_2,2,Provo_ID11,2,1078535,1258031,1,gaze_data,1741718151652,598.904287815094,319.2014334258702,1741718151617.8,0.5899416680628016
1,1,block_2,2,Provo_ID11,2,1078535,1258031,1,gaze_data,1741718151681,595.9794044494629,314.3566131591797,1741718151650.1,0.5899416680628016
1,1,block_2,2,Provo_ID11,2,1078535,1258031,1,gaze_data,1741718151720,579.6581864356995,311.50231268297307,1741718151682.3,0.5945790119404055
1,1,block_2,2,Provo_ID11,2,1078535,1258031,1,gaze_data,1741718151765,484.8341941833496,357.4827992735095,1741718151714.4001,0.6626223038986293
1,1,block_2,2,Provo_ID11,2,1078535,1258031,1,gaze_data,1741718151791,279.0228605270386,428.7248921756372,1741718151746.1,0.45744758565718824
1,1,block_2,2,Provo_ID11,2,1078535,1258031,1,gaze_data,1741718151817,247.92999029159546,421.7671028186856,1741718151777,0.45744758565718824
1,1,block_2,2,Provo_ID11,2,1078535,1258031,1,gaze_data,1741718151856,267.09673404693604,392.8247712439415,1741718151809.6,0.40992061376236527
1,1,block_2,2,Provo_ID11,2,1078535,1258031,1,gaze_data,1741718151886,260.41598320007324,385.89988427151826,1741718151841.8,0.4227025804648134
1,1,block_2,2,Provo_ID11,2,1078535,1258031,1,gaze_data,1741718151912,254.57167625427246,384.418979073812,1741718151874.1,0.4227025804648134
1,1,block_2,2,Provo_ID11,2,1078535,1258031,1,gaze_data,1741718151965,261.4227294921875,388.6588586902412,1741718151906.7002,0.4678960446462263
1,1,block_2,2,Provo_ID11,2,1078535,1258031,1,gaze_data,1741718151991,257.07454681396484,394.59537828821937,1741718151953.2002,0.3829412620218589
1,1,block_2,2,Provo_ID11,2,1078535,1258031,1,gaze_data,1741718152012,243.3387041091919,385.64458917381967,1741718151984.6,0.3829412620218589
1,1,block_2,2,Provo_ID11,2,1078535,1258031,1,gaze_data,1741718152050,237.16439008712769,382.62403409548284,1741718152018,0.4573233957533121
1,1,block_2,2,Provo_ID11,2,1078535,1258031,1,gaze_data,1741718152085,353.63020300865173,364.1357686669604,1741718152051.7002,0.5350937610992674
1,1,block_2,2,Provo_ID11,2,1078535,1258031,1,gaze_data,1741718152131,498.7218379974365,375.89185470614154,1741718152082.5,0.5280834157752045
1,1,block_2,2,Provo_ID11,2,1078535,1258031,1,gaze_data,1741718152159,518.1868076324463,399.66857148871765,1741718152114.6,0.4461425576276299
1,1,block_2,2,Provo_ID11,2,1078535,1258031,1,gaze_data,1741718152192,519.6107268333435,402.48252223215496,1741718152146.1,0.4461425576276299
1,1,block_2,2,Provo_ID11,2,1078535,1258031,1,gaze_data,1741718152223,517.7087068557739,395.0274287490679,1741718152179.7002,0.3732599355345342
1,1,block_2,2,Provo_ID11,2,1078535,1258031,1,gaze_data,1741718152261,539.696741104126,399.0363660965462,1741718152208.6,0.5036626450402187
1,1,block_2,2,Provo_ID11,2,1078535,1258031,1,gaze_data,1741718152286,530.8781981468201,386.38829626385404,1741718152241.6,0.3397110168841915
1,1,block_2,2,Provo_ID11,2,1078535,1258031,1,gaze_data,1741718152311,534.0410828590393,386.43341229949755,1741718152290.4001,0.3397110168841915
1,1,block_2,2,Provo_ID11,2,1078535,1258031,1,gaze_data,1741718152356,536.5782737731934,411.64398193359375,1741718152323,0.6977914203787627
1,1,block_2,2,Provo_ID11,2,1078535,1258031,1,gaze_data,1741718152394,567.6466345787048,409.22697485139724,1741718152355.2002,0.47591973344259336
1,1,block_2,2,Provo_ID11,2,1078535,1258031,1,gaze_data,1741718152421,567.4680352210999,417.31177141764675,1741718152385.5,0.5805226328205263
1,1,block_2,2,Provo_ID11,2,1078535,1258031,1,gaze_data,1741718152449,564.2154932022095,411.54469388684583,1741718152418.1,0.5805226328205263
1,1,block_2,2,Provo_ID11,2,1078535,1258031,1,gaze_data,1741718152487,559.0821862220764,403.575778059225,1741718152450.6,0.4226185190894774
1,1,block_2,2,Provo_ID11,2,1078535,1258031,1,gaze_data,1741718152523,559.9563837051392,405.0057880790528,1741718152484.4001,0.3842421867176266
1,1,block_2,2,Provo_ID11,2,1078535,1258031,1,gaze_data,1741718152548,546.3599681854248,330.04193502496486,1741718152513,0.3842421867176266
1,1,block_2,2,Provo_ID11,2,1078535,1258031,1,gaze_data,1741718152579,498.3801603317261,191.02374509203202,1741718152546.4001,0.355889598470483
1,1,block_2,2,Provo_ID11,2,1078535,1258031,1,gaze_data,1741718152619,477.4693489074707,170.77372379261604,1741718152576.9001,0.37755517241860015
1,1,block_2,2,Provo_ID11,2,1078535,1258031,1,gaze_data,1741718152662,436.19686365127563,187.39535606864217,1741718152609.3,0.5706965417958024
1,1,block_2,2,Provo_ID11,2,1078535,1258031,1,gaze_data,1741718152685,421.30814492702484,167.44673267621022,1741718152658.5,0.832584814294536
1,1,block_2,2,Provo_ID11,2,1078535,1258031,1,gaze_data,1741718152708,421.45145684480667,148.74622899384406,1741718152690,0.832584814294536
1,1,block_2,2,Provo_ID11,2,1078535,1258031,1,gaze_data,1741718152747,434.90015268325806,154.780547168922,1741718152722.1,0.950418189695069
1,1,block_2,2,Provo_ID11,2,1078535,1258031,1,gaze_data,1741718152790,271.74315452575684,117.87795358521302,1741718152757.3,0.9293650239051066
1,1,block_2,2,Provo_ID11,2,1078535,1258031,1,gaze_data,1741718152822,120.20590305328369,165.02650833957367,1741718152785.6,0.9451999016959913
1,1,block_2,2,Provo_ID11,2,1078535,1258031,1,gaze_data,1741718152869,115.17443656921387,121.35299798464827,1741718152817.8,1
1,1,block_2,2,Provo_ID11,2,1078535,1258031,1,gaze_data,1741718152889,100.36756992340088,116.33583118496645,1741718152852.3,1
1,1,block_2,2,Provo_ID11,2,1078535,1258031,1,gaze_data,1741718152924,48.19691181182861,114.55987694465158,1741718152883.7002,1
1,1,block_2,2,Provo_ID11,2,1078535,1258031,1,gaze_data,1741718152960,28.346657752990723,135.54059109305095,1741718152913.6,1
1,1,block_2,2,Provo_ID11,2,1078535,1258031,1,gaze_data,1741718152993,16.33002758026123,115.32054164663055,1741718152946.7002,1
1,1,block_2,2,Provo_ID11,2,1078535,1258031,1,gaze_data,1741718153037,27.023696899414062,124.25750848269514,1741718152995.7002,1
1,1,block_2,2,Provo_ID11,2,1078535,1258031,1,gaze_data,1741718153067,24.878787994384766,112.87503356271607,1741718153025.8,1
1,1,block_2,2,Provo_ID11,2,1078535,1258031,1,gaze_data,1741718153097,28.893065452575684,108.62045288085938,1741718153058.9001,1
1,1,block_2,2,Provo_ID11,2,1078535,1258031,1,gaze_data,1741718153135,17.165112495422363,115.22298883202278,1741718153091.3,1
1,1,block_2,2,Provo_ID11,2,1078535,1258031,1,gaze_data,1741718153161,40.1738166809082,104.59732088763388,1741718153122.9001,1
1,1,block_2,2,Provo_ID11,2,1078535,1258031,1,gaze_data,1741718153197,138.3812427520752,107.54939759889548,1741718153155.4001,1
1,1,block_2,2,Provo_ID11,2,1078535,1258031,1,gaze_data,1741718153237,121.28322124481201,95.9226198672214,1741718153186.7002,1
1,1,block_2,2,Provo_ID11,2,1078535,1258031,1,gaze_data,1741718153270,117.5405740737915,89.0345972685907,1741718153217.5,1
1,1,block_2,2,Provo_ID11,2,1078535,1258031,1,gaze_data,1741718153306,110.50899028778076,83.64404277015404,1741718153249,1
1,1,block_2,2,Provo_ID11,2,1078535,1258031,1,gaze_data,1741718153333,181.33106231689453,89.24376349128508,1741718153283,1
1,1,block_2,2,Provo_ID11,2,1078535,1258031,1,gaze_data,1741718153367,282.9553484916687,117.96178093701278,1741718153315.2002,1
1,1,block_2,2,Provo_ID11,2,1078535,1258031,1,gaze_data,1741718153401,306.2380790710449,115.37169003434916,1741718153361.5,1
1,1,block_2,2,Provo_ID11,2,1078535,1258031,1,gaze_data,1741718153443,311.9851350784302,117.6257342423379,1741718153394.3,1
1,1,block_2,2,Provo_ID11,2,1078535,1258031,1,gaze_data,1741718153477,314.5415782928467,119.06139679948058,1741718153429,1
1,1,block_2,2,Provo_ID11,2,1078535,1258031,1,gaze_data,1741718153499,406.22011721134186,92.62042097310957,1741718153457.2002,1
1,1,block_2,2,Provo_ID11,2,1078535,1258031,1,gaze_data,1741718153524,432.26838409900665,96.74032380937754,1741718153490.4001,1
1,1,block_2,2,Provo_ID11,2,1078535,1258031,1,gaze_data,1741718153566,451.53573751449585,96.31567601268048,1741718153521.9001,1
1,1,block_2,2,Provo_ID11,2,1078535,1258031,1,gaze_data,1741718153590,455.1877021789551,93.22471370407402,1741718153553.5,1
1,1,block_2,2,Provo_ID11,2,1078535,1258031,1,gaze_data,1741718153632,476.3311743736267,97.15901372748186,1741718153585.9001,1
1,1,block_2,2,Provo_ID11,2,1078535,1258031,1,gaze_data,1741718153656,454.4546127319336,94.04045154629458,1741718153618.5,1
1,1,block_2,2,Provo_ID11,2,1078535,1258031,1,gaze_data,1741718153700,155.01186847686768,140.65185513775674,1741718153649.1,1
1,1,block_2,2,Provo_ID11,2,1078535,1258031,1,gaze_data,1741718153734,76.07097625732422,185.03668034154268,1741718153698.5,0.9585207171525028
1,1,block_2,2,Provo_ID11,2,1078535,1258031,1,gaze_data,1741718153771,53.4024715423584,189.92833325764622,1741718153732.2002,0.9494002491731788
1,1,block_2,2,Provo_ID11,2,1078535,1258031,1,gaze_data,1741718153808,45.10033130645752,192.3021159306524,1741718153763.5,0.9494002491731788
1,1,block_2,2,Provo_ID11,2,1078535,1258031,1,gaze_data,1741718153829,67.84994602203369,178.854763171678,1741718153794.1,1
1,1,block_2,2,Provo_ID11,2,1078535,1258031,1,gaze_data,1741718153872,46.245694160461426,185.9132630188915,1741718153825.4001,0.9768602217152482
1,1,block_2,2,Provo_ID11,2,1078535,1258031,1,gaze_data,1741718153900,58.03542137145996,193.0527751202697,1741718153858.5,1
1,1,block_2,2,Provo_ID11,2,1078535,1258031,1,gaze_data,1741718153928,58.658719062805176,193.9279558343122,1741718153889.1,1
1,1,block_2,2,Provo_ID11,2,1078535,1258031,1,gaze_data,1741718153968,58.2827091217041,199.0458442952783,1741718153923.8,1
1,1,block_2,2,Provo_ID11,2,1078535,1258031,1,gaze_data,1741718153992,55.27825355529785,180.5431030836126,1741718153953.5,1
1,1,block_2,2,Provo_ID11,2,1078535,1258031,1,gaze_data,1741718154035,169.6791648864746,169.73472562115518,1741718153988.3,1
1,1,block_2,2,Provo_ID11,2,1078535,1258031,1,gaze_data,1741718154064,183.17639827728271,173.57495074158376,1741718154020.5,1
1,1,block_2,2,Provo_ID11,2,1078535,1258031,1,gaze_data,1741718154119,158.1991672515869,183.12613390014383,1741718154066.2002,1
1,1,block_2,2,Provo_ID11,2,1078535,1258031,1,gaze_data,1741718154147,145.79098224639893,179.83735885123627,1741718154099.5,1
1,1,block_2,2,Provo_ID11,2,1078535,1258031,1,gaze_data,1741718154174,145.30563354492188,184.63174939931343,1741718154129.4001,1
1,1,block_2,2,Provo_ID11,2,1078535,1258031,1,gaze_data,1741718154215,150.86491107940674,195.87741467026981,1741718154162.3,1
1,1,block_2,2,Provo_ID11,2,1078535,1258031,1,gaze_data,1741718154237,156.00461959838867,191.5390233931469,1741718154194.5,0.9686188418625683
1,1,block_2,2,Provo_ID11,2,1078535,1258031,1,gaze_data,1741718154261,35.236358642578125,216.46218496392967,1741718154226.5,0.9686188418625683
1,1,block_2,2,Provo_ID11,2,1078535,1258031,1,gaze_data,1741718154306,25.4591703414917,239.44047805802683,1741718154257.9001,0.967213662989757
1,1,block_2,2,Provo_ID11,2,1078535,1258031,1,gaze_data,1741718154338,32.96082019805908,220.03674967428609,1741718154290.8,0.9100262934929138
1,1,block_2,2,Provo_ID11,2,1078535,1258031,1,gaze_data,1741718154383,28.63938808441162,228.83134648494763,1741718154323.4001,1
1,1,block_2,2,Provo_ID11,2,1078535,1258031,1,gaze_data,1741718154409,35.16130447387695,220.6945255366427,1741718154355.1,1
1,1,block_2,2,Provo_ID11,2,1078535,1258031,1,gaze_data,1741718154438,42.673492431640625,221.26146702342334,1741718154401.1,0.8962994481391635
1,1,block_2,2,Provo_ID11,2,1078535,1258031,1,gaze_data,1741718154471,45.423340797424316,217.79717287117384,1741718154434.9001,0.9272657491787077
1,1,block_2,2,Provo_ID11,2,1078535,1258031,1,gaze_data,1741718154500,183.36622714996338,224.68246686031915,1741718154467.6,0.9272657491787077
1,1,block_2,2,Provo_ID11,2,1078535,1258031,1,gaze_data,1741718154545,175.79712867736816,243.31545902177723,1741718154498.8,1
1,1,block_2,2,Provo_ID11,2,1078535,1258031,1,gaze_data,1741718154570,180.69045543670654,241.49160529941386,1741718154530.2002,1
1,1,block_2,2,Provo_ID11,2,1078535,1258031,1,gaze_data,1741718154604,326.4633119106293,247.31546513687763,1741718154562.2002,1
1,1,block_2,2,Provo_ID11,2,1078535,1258031,1,gaze_data,1741718154645,342.5023913383484,236.43426191780935,1741718154596,1
1,1,block_2,2,Provo_ID11,2,1078535,1258031,1,gaze_data,1741718154666,341.4681673049927,226.05337888454926,1741718154629.9001,1
1,1,block_2,2,Provo_ID11,2,1078535,1258031,1,gaze_data,1741718154710,340.493768453598,237.12700587291263,1741718154657.9001,0.9062106922503375
1,1,block_2,2,Provo_ID11,2,1078535,1258031,1,gaze_data,1741718154750,337.98877596855164,248.39499177746555,1741718154689.5,0.9640149068571238
1,1,block_2,2,Provo_ID11,2,1078535,1258031,1,gaze_data,1741718154782,352.32446789741516,236.3514455435333,1741718154722.3,0.9775692085266607
1,1,block_2,2,Provo_ID11,2,1078535,1258031,1,gaze_data,1741718154809,357.1134150028229,239.54086086496613,1741718154770.3,0.9775692085266607
1,1,block_2,2,Provo_ID11,2,1078535,1258031,1,gaze_data,1741718154841,358.4810793399811,243.72075302223323,1741718154804,0.9738138498533586
1,1,block_2,2,Provo_ID11,2,1078535,1258031,1,gaze_data,1741718154873,351.62373781204224,248.5881033791896,1741718154836.8,0.9738138498533586
1,1,block_2,2,Provo_ID11,2,1078535,1258031,1,gaze_data,1741718154907,388.643079996109,246.17863673708703,1741718154867.5,0.8903440474856033
1,1,block_2,2,Provo_ID11,2,1078535,1258031,1,gaze_data,1741718154944,466.89725518226624,221.71543968473753,1741718154898.7002,0.9314047321838235
1,1,block_2,2,Provo_ID11,2,1078535,1258031,1,gaze_data,1741718154978,493.5603082180023,246.20984112621647,1741718154930.2002,0.997869778003249
1,1,block_2,2,Provo_ID11,2,1078535,1258031,1,gaze_data,1741718155007,503.13416719436646,241.06990479078314,1741718154962.1,0.997869778003249
1,1,block_2,2,Provo_ID11,2,1078535,1258031,1,gaze_data,1741718155033,495.2456831932068,236.08898144223426,1741718154994.2002,1
1,1,block_2,2,Provo_ID11,2,1078535,1258031,1,gaze_data,1741718155071,512.0588421821594,244.52043251980928,1741718155027.5,1
1,1,block_2,2,Provo_ID11,2,1078535,1258031,1,gaze_data,1741718155108,514.4612073898315,238.48522717937212,1741718155059.5,1
1,1,block_2,2,Provo_ID11,2,1078535,1258031,1,gaze_data,1741718155131,511.32094860076904,238.60747540074678,1741718155105.1,1
1,1,block_2,2,Provo_ID11,2,1078535,1258031,1,gaze_data,1741718155173,591.3946390151978,234.175779090269,1741718155138.3,1
1,1,block_2,2,Provo_ID11,2,1078535,1258031,1,gaze_data,1741718155210,597.6180911064148,221.5377091844273,1741718155170.7002,0.9642509611774179
1,1,block_2,2,Provo_ID11,2,1078535,1258031,1,gaze_data,1741718155243,591.7689204216003,220.66699222473673,1741718155201.4001,0.987669068972667
1,1,block_2,2,Provo_ID11,2,1078535,1258031,1,gaze_data,1741718155281,591.5228128433228,214.976830906568,1741718155237.3,0.987669068972667
1,1,block_2,2,Provo_ID11,2,1078535,1258031,1,gaze_data,1741718155314,582.2129487991333,214.99324393117246,1741718155266.3,0.9688391984131415
1,1,block_2,2,Provo_ID11,2,1078535,1258031,1,gaze_data,1741718155340,363.40497732162476,265.9271480204485,1741718155297,0.9688391984131415
1,1,block_2,2,Provo_ID11,2,1078535,1258031,1,gaze_data,1741718155372,125.88105201721191,346.0316598027492,1741718155330.1,0.9537121415322805
1,1,block_2,2,Provo_ID11,2,1078535,1258031,1,gaze_data,1741718155412,63.675808906555176,320.3043410162605,1741718155363.4001,0.6668235214883634
1,1,block_2,2,Provo_ID11,2,1078535,1258031,1,gaze_data,1741718155440,63.042569160461426,319.5303455609303,1741718155394.8,0.7739862702604524
1,1,block_2,2,Provo_ID11,2,1078535,1258031,1,gaze_data,1741718155471,63.80190849304199,317.5725047345275,1741718155427.4001,0.7739862702604524
1,1,block_2,2,Provo_ID11,2,1078535,1258031,1,gaze_data,1741718155511,56.30319118499756,332.504497536351,1741718155473.6,0.9673520255673314
1,1,block_2,2,Provo_ID11,2,1078535,1258031,1,gaze_data,1741718155552,77.5280237197876,312.41705557270836,1741718155505.6,0.9127503901190284
1,1,block_2,2,Provo_ID11,2,1078535,1258031,1,gaze_data,1741718155576,79.83095645904541,303.93948586023294,1741718155538.6,0.9127503901190284
1,1,block_2,2,Provo_ID11,2,1078535,1258031,1,gaze_data,1741718155609,54.97913360595703,333.5624231433662,1741718155569.2002,0.9542925540813716
1,1,block_2,2,Provo_ID11,2,1078535,1258031,1,gaze_data,1741718155641,60.247135162353516,342.4552569937551,1741718155603.7002,0.8544769612037242
1,1,block_2,2,Provo_ID11,2,1078535,1258031,1,gaze_data,1741718155669,64.6597146987915,345.61900223672,1741718155635.9001,0.8544769612037242
1,1,block_2,2,Provo_ID11,2,1078535,1258031,1,gaze_data,1741718155708,210.04531383514404,292.5676532008901,1741718155667.7002,1
1,1,block_2,2,Provo_ID11,2,1078535,1258031,1,gaze_data,1741718155745,303.2498240470886,298.507561342318,1741718155698.8,0.9709909018094063
1,1,block_2,2,Provo_ID11,2,1078535,1258031,1,gaze_data,1741718155773,303.0573606491089,300.1621908324401,1741718155731.9001,0.9709909018094063
1,1,block_2,2,Provo_ID11,2,1078535,1258031,1,gaze_data,1741718155806,298.85566234588623,321.9037335244797,1741718155763.6,0.9812252342253375
1,1,block_2,2,Provo_ID11,2,1078535,1258031,1,gaze_data,1741718155845,299.2200970649719,305.4057123345563,1741718155811.1,0.8556822310582746
1,1,block_2,2,Provo_ID11,2,1078535,1258031,1,gaze_data,1741718155877,305.10438680648804,309.4733422335213,1741718155843.1,0.8556822310582746
1,1,block_2,2,Provo_ID11,2,1078535,1258031,1,gaze_data,1741718155899,304.8393487930298,321.80813191511106,1741718155875.1,0.9387514499484207
1,1,block_2,2,Provo_ID11,2,1078535,1258031,1,gaze_data,1741718155940,311.406409740448,323.0483537123674,1741718155905.8,0.7940372173263993
1,1,block_2,2,Provo_ID11,2,1078535,1258031,1,gaze_data,1741718155979,384.07697081565857,315.90905013673995,1741718155937.7002,0.9016735489757597
1,1,block_2,2,Provo_ID11,2,1078535,1258031,1,gaze_data,1741718156012,395.7193925976753,313.4730672112256,1741718155969.3,0.7877520368450879
1,1,block_2,2,Provo_ID11,2,1078535,1258031,1,gaze_data,1741718156046,397.4266782402992,310.38656586421547,1741718156002.4001,0.7877520368450879
1,1,block_2,2,Provo_ID11,2,1078535,1258031,1,gaze_data,1741718156073,471.2266147136688,283.3244476814849,1741718156038.4001,0.6985508418492904
1,1,block_2,2,Provo_ID11,2,1078535,1258031,1,gaze_data,1741718156096,506.9241762161255,281.1950422936562,1741718156066.9001,0.6985508418492904
1,1,block_2,2,Provo_ID11,2,1078535,1258031,1,gaze_data,1741718156145,532.5506806373596,303.73396139082837,1741718156097.2002,0.6816944238199438
1,1,block_2,2,Provo_ID11,2,1078535,1258031,1,gaze_data,1741718156178,544.7984218597412,308.3663758383397,1741718156130.7002,0.7226561029416088
1,1,block_2,2,Provo_ID11,2,1078535,1258031,1,gaze_data,1741718156199,550.4336357116699,298.1468490302692,1741718156178.1,0.7226561029416088
1,1,block_2,2,Provo_ID11,2,1078535,1258031,1,gaze_data,1741718156245,510.2532625198364,320.10371690199844,1741718156210.4001,0.7789185627180797
1,1,block_2,2,Provo_ID11,2,1078535,1258031,1,gaze_data,1741718156277,226.0715126991272,385.73617666248646,1741718156242.1,0.8209272581364204
1,1,block_2,2,Provo_ID11,2,1078535,1258031,1,gaze_data,1741718156300,106.83987140655518,400.84066494426605,1741718156274.7002,0.8209272581364204
1,1,block_2,2,Provo_ID11,2,1078535,1258031,1,gaze_data,1741718156342,99.28886890411377,361.3055529149649,1741718156307.9001,0.47119292964693704
1,1,block_2,2,Provo_ID11,2,1078535,1258031,1,gaze_data,1741718156373,104.49259281158447,360.47013917869185,1741718156338.3,0.5219056157419761
1,1,block_2,2,Provo_ID11,2,1078535,1258031,1,gaze_data,1741718156415,97.03097343444824,364.3167839133041,1741718156369.2002,0.8032823646722579
1,1,block_2,2,Provo_ID11,2,1078535,1258031,1,gaze_data,1741718156433,99.21057224273682,379.8202564297426,1741718156401.5,0.8032823646722579
1,1,block_2,2,Provo_ID11,2,1078535,1258031,1,gaze_data,1741718156475,98.74157905578613,378.0172236312237,1741718156434.2002,0.8433787585751853
1,1,block_2,2,Provo_ID11,2,1078535,1258031,1,gaze_data,1741718156503,77.86669731140137,385.355289484053,1741718156468.1,0.8730928801190414
1,1,block_2,2,Provo_ID11,2,1078535,1258031,1,gaze_data,1741718156533,133.2263469696045,378.23672677327653,1741718156498.7002,0.8730928801190414
1,1,block_2,2,Provo_ID11,2,1078535,1258031,1,gaze_data,1741718156579,238.7412428855896,401.11359536259914,1741718156549,0.9841523435726236
1,1,block_2,2,Provo_ID11,2,1078535,1258031,1,gaze_data,1741718156613,235.16689538955688,396.0225136316262,1741718156579.1,0.9335280078880865
1,1,block_2,2,Provo_ID11,2,1078535,1258031,1,gaze_data,1741718156650,242.27246046066284,403.71429873650607,1741718156610.6,0.8289865667098115
1,1,block_2,2,Provo_ID11,2,1078535,1258031,1,gaze_data,1741718156683,233.4182620048523,396.79866137059804,1741718156642.3,0.7831375508406957
1,1,block_2,2,Provo_ID11,2,1078535,1258031,1,gaze_data,1741718156711,233.11463594436646,389.91439223548076,1741718156675.4001,0.7831375508406957
1,1,block_2,2,Provo_ID11,2,1078535,1258031,1,gaze_data,1741718156758,235.62631607055664,389.87036351268046,1741718156707.6,0.762473948141484
1,1,block_2,2,Provo_ID11,2,1078535,1258031,1,gaze_data,1741718156787,251.88531875610352,391.6784605080031,1741718156739.6,0.815659732364967
1,1,block_2,2,Provo_ID11,2,1078535,1258031,1,gaze_data,1741718156815,431.2102496623993,365.4510895238781,1741718156771.5,0.815659732364967
1,1,block_2,2,Provo_ID11,2,1078535,1258031,1,gaze_data,1741718156841,458.2603693008423,372.4347211792257,1741718156801.7002,0.8153687533801026
1,1,block_2,2,Provo_ID11,2,1078535,1258031,1,gaze_data,1741718156889,491.4878249168396,395.02867990357237,1741718156835,0.5255590408754407
1,1,block_2,2,Provo_ID11,2,1078535,1258031,1,gaze_data,1741718156927,500.14827251434326,393.3053933100173,1741718156883.1,0.5255590408754407
1,1,block_2,2,Provo_ID11,2,1078535,1258031,1,gaze_data,1741718156953,490.4296100139618,388.36139670680245,1741718156916.5,0.5073481346098981
1,1,block_2,2,Provo_ID11,2,1078535,1258031,1,gaze_data,1741718156977,483.0456256866455,382.02638439914926,1741718156945.1,0.5073481346098981
1,1,block_2,2,Provo_ID11,2,1078535,1258031,1,gaze_data,1741718157019,481.5971851348877,390.25318700165656,1741718156977.6,0.5906249268513638
1,1,block_2,2,Provo_ID11,2,1078535,1258031,1,gaze_data,1741718157044,487.9985451698303,386.31199073377763,1741718157010.8,0.5906249268513638
1,1,block_2,2,Provo_ID11,2,1078535,1258031,1,gaze_data,1741718157078,484.19480323791504,383.5058894953862,1741718157042.9001,0.6830251399014551
1,1,block_2,2,Provo_ID11,2,1078535,1258031,1,gaze_data,1741718157119,470.9219992160797,385.1878730955972,1741718157073.2002,0.5900835255682958
1,1,block_2,2,Provo_ID11,2,1078535,1258031,1,gaze_data,1741718157144,479.22632098197937,386.8663415474385,1741718157107.2002,0.5900835255682958
1,1,block_2,2,Provo_ID11,2,1078535,1258031,1,gaze_data,1741718157186,492.0195460319519,390.8950888412376,1741718157137.5,0.5297219765405125
1,1,block_2,2,Provo_ID11,2,1078535,1258031,1,gaze_data,1741718157221,441.7018234729767,412.1962921738366,1741718157171.4001,0.5645823083567691
1,1,block_2,2,Provo_ID11,2,1078535,1258031,1,gaze_data,1741718157248,405.30737936496735,432.7840693343487,1741718157201.5,0.5645823083567691
1,1,block_2,2,Provo_ID11,2,1078535,1258031,1,gaze_data,1741718157292,389.07989859580994,430.47650848190074,1741718157250.9001,0.48698321207123224
1,1,block_2,2,Provo_ID11,2,1078535,1258031,1,gaze_data,1741718157319,374.9126434326172,415.97489793491985,1741718157282.6,0.35638168246416674
1,1,block_2,2,Provo_ID11,2,1078535,1258031,1,gaze_data,1741718157351,368.6927080154419,416.7276461057187,1741718157313,0.35638168246416674
1,1,block_2,2,Provo_ID11,2,1078535,1258031,1,gaze_data,1741718157382,386.98517084121704,426.76224780961905,1741718157345.3,0.3785260247380555
1,1,block_2,2,Provo_ID11,2,1078535,1258031,1,gaze_data,1741718157420,500.7984161376953,383.5593018769701,1741718157377.4001,0.3692459666770679
1,1,block_2,2,Provo_ID11,2,1078535,1258031,1,gaze_data,1741718157467,504.93478775024414,353.1028052472758,1741718157409.7002,0.30559404148064856
1,1,block_2,2,Provo_ID11,2,1078535,1258031,1,gaze_data,1741718157502,534.2149615287781,352.1021795376262,1741718157443.2002,0.446935973747086
1,1,block_2,2,Provo_ID11,2,1078535,1258031,1,gaze_data,1741718157530,511.2781524658203,345.95828108053144,1741718157475.7002,0.446935973747086
1,1,block_2,2,Provo_ID11,2,1078535,1258031,1,gaze_data,1741718157575,439.51002955436707,369.14344009763505,1741718157506.3,0.41339077437141875
1,1,block_2,2,Provo_ID11,2,1078535,1258031,1,gaze_data,1741718157601,167.62726306915283,384.9952101966047,1741718157538.3,0.40549311406153776
1,1,block_2,2,Provo_ID11,2,1078535,1258031,1,gaze_data,1741718157634,86.68489456176758,381.8120050326862,1741718157586.8,0.40549311406153776
1,1,block_2,2,Provo_ID11,2,1078535,1258031,1,gaze_data,1741718157663,52.097249031066895,378.7191362029301,1741718157618,0.24297457647940304
1,1,block_2,2,Provo_ID11,2,1078535,1258031,1,gaze_data,1741718157687,46.529173851013184,382.9492746878601,1741718157651.1,0.24297457647940304
1,1,block_2,2,Provo_ID11,2,1078535,1258031,1,gaze_data,1741718157735,89.83702659606934,389.7989285483536,1741718157683.3,0.5694271055335633
1,1,block_2,2,Provo_ID11,2,1078535,1258031,1,gaze_data,1741718157752,84.01796817779541,398.41104205414945,1741718157715.7002,0.5694271055335633
1,1,block_2,2,Provo_ID11,2,1078535,1258031,1,gaze_data,1741718157793,80.678391456604,388.64342778468597,1741718157745.5,0.6295326447407129
1,1,block_2,2,Provo_ID11,2,1078535,1258031,1,gaze_data,1741718157822,188.75586986541748,397.0511413706616,1741718157779.5,0.6653395167940429
1,1,block_2,2,Provo_ID11,2,1078535,1258031,1,gaze_data,1741718157870,171.25060558319092,388.8896073281377,1741718157812.8,0.4811616061778393
1,1,block_2,2,Provo_ID11,2,1078535,1258031,1,gaze_data,1741718157893,176.6920566558838,390.7435948833209,1741718157842.9001,0.4811616061778393
1,1,block_2,2,Provo_ID11,2,1078535,1258031,1,gaze_data,1741718157935,179.89904880523682,396.18596803081783,1741718157874.5,0.5552001179701331
1,1,block_2,2,Provo_ID11,2,1078535,1258031,1,gaze_data,1741718157963,180.79376220703125,394.54087859379234,1741718157907.5,0.5552001179701331
1,1,block_2,2,Provo_ID11,2,1078535,1258031,1,gaze_data,1741718158000,200.63300132751465,400.60765231250423,1741718157953.5,0.6546481216267119
1,1,block_2,2,Provo_ID11,2,1078535,1258031,1,gaze_data,1741718158034,228.12204360961914,398.37127321454295,1741718157985.6,0.738471956260431
1,1,block_2,2,Provo_ID11,2,1078535,1258031,1,gaze_data,1741718158067,318.3332920074463,382.50323810701514,1741718158018.2002,0.738471956260431
1,1,block_2,2,Provo_ID11,2,1078535,1258031,1,gaze_data,1741718158108,337.2194468975067,384.8076859678984,1741718158050.5,0.7667414388901731
1,1,block_2,2,Provo_ID11,2,1078535,1258031,1,gaze_data,1741718158132,335.6942296028137,399.33783475333854,1741718158082.8,0.5400807631483873
1,1,block_2,2,Provo_ID11,2,1078535,1258031,1,gaze_data,1741718158163,332.4621081352234,394.5775940206201,1741718158116.5,0.5400807631483873
1,1,block_2,2,Provo_ID11,2,1078535,1258031,1,gaze_data,1741718158202,422.84487187862396,391.1651743725427,1741718158146.2002,0.5642657601181905
1,1,block_2,2,Provo_ID11,2,1078535,1258031,1,gaze_data,1741718158222,437.46098279953003,388.52465747493983,1741718158179.6,0.5642657601181905
1,1,block_2,2,Provo_ID11,2,1078535,1258031,1,gaze_data,1741718158266,432.73149132728577,395.97921474895355,1741718158212,0.5407310880074263
1,1,block_2,2,Provo_ID11,2,1078535,1258031,1,gaze_data,1741718158304,438.6642724275589,389.71961428958787,1741718158243.1,0.5577106518045741
1,1,block_2,2,Provo_ID11,2,1078535,1258031,1,gaze_data,1741718158320,450.3948152065277,395.55878215136084,1741718158289.2002,0.5577106518045741
1,1,block_2,2,Provo_ID11,2,1078535,1258031,1,gaze_data,1741718158359,453.50624322891235,396.78226230977157,1741718158321.6,0.5100802912358569
1,1,block_2,2,Provo_ID11,2,1078535,1258031,1,gaze_data,1741718158396,452.3245334625244,394.7156678570067,1741718158354.4001,0.4803642088552406
1,1,block_2,2,Provo_ID11,2,1078535,1258031,1,gaze_data,1741718158430,464.518940448761,395.9675670963047,1741718158385.4001,0.49339055089042
1,1,block_2,2,Provo_ID11,2,1078535,1258031,1,gaze_data,1741718158456,455.9804856777191,393.93779233324295,1741718158417.1,0.49339055089042
1,1,block_2,2,Provo_ID11,2,1078535,1258031,1,gaze_data,1741718158498,473.2871115207672,396.2773023096444,1741718158449.5,0.42576764239962783
1,1,block_2,2,Provo_ID11,2,1078535,1258031,1,gaze_data,1741718158544,476.0416269302368,391.8342441385066,1741718158482.5,0.48486664277114944
1,1,block_2,2,Provo_ID11,2,1078535,1258031,1,gaze_data,1741718158566,215.81130027770996,168.45679045240686,1741718158514.8,0.45492085679956296
1,1,block_2,2,Provo_ID11,2,1078535,1258031,1,gaze_data,1741718158594,215.81130027770996,168.45679045240686,1741718158546.2002,0.45492085679956296
1,1,block_2,2,Provo_ID11,2,1078535,1258031,1,gaze_data,1741718158639,120.25847434997559,165.307020158416,1741718158578.4001,0.49377005777458105
1,1,block_2,2,Provo_ID11,2,1078535,1258031,1,gaze_data,1741718158675,85.51044464111328,120.74714131055323,1741718158612.2002,0.8391944150934583
1,1,block_2,2,Provo_ID11,2,1078535,1258031,1,gaze_data,1741718158708,76.21924877166748,105.96220384709488,1741718158659,0.8391944150934583
1,1,block_2,2,Provo_ID11,2,1078535,1258031,1,gaze_data,1741718158739,69.07737255096436,119.53912184709066,1741718158690.5,1
1,1,block_2,2,Provo_ID11,2,1078535,1258031,1,gaze_data,1741718158763,65.46423435211182,127.78492263496051,1741718158722.4001,1
1,1,block_2,2,Provo_ID11,2,1078535,1258031,1,gaze_data,1741718158802,60.3518009185791,139.42102444663223,1741718158755.6,1
1,1,block_2,2,Provo_ID11,2,1078535,1258031,1,gaze_data,1741718158840,44.48575973510742,120.64999065275047,1741718158788.2002,1
1,1,block_2,2,Provo_ID11,2,1078535,1258031,1,gaze_data,1741718158865,40.83681106567383,133.30526951853986,1741718158819.9001,1
1,1,block_2,2,Provo_ID11,2,1078535,1258031,1,gaze_data,1741718158894,33.76026153564453,131.57547394262218,1741718158852.2002,1
1,1,block_2,2,Provo_ID11,2,1078535,1258031,1,gaze_data,1741718158928,37.13655471801758,133.96800903849902,1741718158880.6,1
1,1,block_2,2,Provo_ID11,2,1078535,1258031,1,gaze_data,1741718158960,46.872711181640625,191.54806075023725,1741718158913.8,1
1,1,block_2,2,Provo_ID11,2,1078535,1258031,1,gaze_data,1741718159002,38.39466571807861,219.74887940992244,1741718158945.2002,1
1,1,block_2,2,Provo_ID11,2,1078535,1258031,1,gaze_data,1741718159022,33.36803913116455,214.91803967771716,1741718158996.7002,1
1,1,block_2,2,Provo_ID11,2,1078535,1258031,1,gaze_data,1741718159055,52.57425308227539,216.68995093885576,1741718159024.9001,1
1,1,block_2,2,Provo_ID11,2,1078535,1258031,1,gaze_data,1741718159090,37.10441589355469,214.58799740756152,1741718159057,1
1,1,block_2,2,Provo_ID11,2,1078535,1258031,1,gaze_data,1741718159120,34.39950942993164,211.16358752881627,1741718159089.8,1
1,1,block_2,2,Provo_ID11,2,1078535,1258031,1,gaze_data,1741718159160,30.408310890197754,220.56172535372917,1741718159121.4001,1
1,1,block_2,2,Provo_ID11,2,1078535,1258031,1,gaze_data,1741718159194,35.295987129211426,221.85929243062944,1741718159154,1
1,1,block_2,2,Provo_ID11,2,1078535,1258031,1,gaze_data,1741718159230,39.798879623413086,294.26293031771115,1741718159184.4001,1
1,1,block_2,2,Provo_ID11,2,1078535,1258031,1,gaze_data,1741718159265,64.03322219848633,334.9382834941343,1741718159218.4001,1
1,1,block_2,2,Provo_ID11,2,1078535,1258031,1,gaze_data,1741718159297,79.18305397033691,339.711825190811,1741718159249.7002,1
1,1,block_2,2,Provo_ID11,2,1078535,1258031,1,gaze_data,1741718159329,68.75967979431152,345.3194698904704,1741718159281.2002,1
1,1,block_2,2,Provo_ID11,2,1078535,1258031,1,gaze_data,1741718159364,70.7066535949707,340.8061832254207,1741718159312.3,1
1,1,block_2,2,Provo_ID11,2,1078535,1258031,1,gaze_data,1741718159396,76.6972303390503,339.1493865569605,1741718159361.2002,1
1,1,block_2,2,Provo_ID11,2,1078535,1258031,1,gaze_data,1741718159429,54.72743511199951,351.1955244680806,1741718159392.3,1
1,1,block_2,2,Provo_ID11,2,1078535,1258031,1,gaze_data,1741718159463,68.82603168487549,344.8291737190296,1741718159424.4001,1
1,1,block_2,2,Provo_ID11,2,1078535,1258031,1,gaze_data,1741718159494,135.72998046875,327.837750813449,1741718159458,1
1,1,block_2,2,Provo_ID11,2,1078535,1258031,1,gaze_data,1741718159533,119.19565200805664,346.97542500857935,1741718159490.7002,1
1,1,block_2,2,Provo_ID11,2,1078535,1258031,1,gaze_data,1741718159557,120.40491104125977,339.8582996360133,1741718159521.9001,1
1,1,block_2,2,Provo_ID11,2,1078535,1258031,1,gaze_data,1741718159599,100.06623268127441,337.5285382384592,1741718159553.5,1
1,1,block_2,2,Provo_ID11,2,1078535,1258031,1,gaze_data,1741718159634,74.61447715759277,389.90679594027506,1741718159585.4001,1
1,1,block_2,2,Provo_ID11,2,1078535,1258031,1,gaze_data,1741718159672,102.33438014984131,379.586201169227,1741718159617.1,0.9423793344658605
1,1,block_2,2,Provo_ID11,2,1078535,1258031,1,gaze_data,1741718159696,102.63230800628662,383.10592221075956,1741718159651.2002,0.9423793344658605
1,1,block_2,2,Provo_ID11,2,1078535,1258031,1,gaze_data,1741718159734,100.46534538269043,398.15991747146575,1741718159696.8,0.986952746764918
1,1,block_2,2,Provo_ID11,2,1078535,1258031,1,gaze_data,1741718159765,121.77884578704834,404.4803776606562,1741718159729.5,0.8574994858922351
1,1,block_2,2,Provo_ID11,2,1078535,1258031,1,gaze_data,1741718159804,138.83047103881836,380.5124427646463,1741718159762.1,1
1,1,block_2,2,Provo_ID11,2,1078535,1258031,1,gaze_data,1741718159832,292.70403385162354,368.007153492429,1741718159792.8,1
1,1,block_2,2,Provo_ID11,2,1078535,1258031,1,gaze_data,1741718159865,296.3831067085266,380.00229941014356,1741718159828.6,1
1,1,block_2,2,Provo_ID11,2,1078535,1258031,1,gaze_data,1741718159893,300.1415014266968,388.6439044149734,1741718159856.9001,0.6120043783651044
1,1,block_2,2,Provo_ID11,2,1078535,1258031,1,gaze_data,1741718159922,299.45322275161743,380.76910817442126,1741718159888.7002,0.48528071852922583
1,1,block_2,2,Provo_ID11,2,1078535,1258031,1,gaze_data,1741718159957,302.79959440231323,390.7717607543681,1741718159921.6,0.5496281126372267
1,1,block_2,2,Provo_ID11,2,1078535,1258031,1,gaze_data,1741718160001,302.9294729232788,395.859938019527,1741718159954,0.5446797754227024
1,1,block_2,2,Provo_ID11,2,1078535,1258031,1,gaze_data,1741718160029,356.8857491016388,398.6677074639244,1741718159987,0.5521096822134955
1,1,block_2,2,Provo_ID11,2,1078535,1258031,1,gaze_data,1741718160056,363.34228515625,402.7696175068423,1741718160018.6,0.5521096822134955
1,1,block_2,2,Provo_ID11,2,1078535,1258031,1,gaze_data,1741718160093,362.87091970443726,403.60766760439265,1741718160064.9001,0.5165225281351944
1,1,block_2,2,Provo_ID11,2,1078535,1258031,1,gaze_data,1741718160131,369.34701204299927,411.4379138077676,1741718160098.3,0.5845265741447201
1,1,block_2,2,Provo_ID11,2,1078535,1258031,1,gaze_data,1741718160168,382.84429907798767,401.4246859933187,1741718160128.8,0.5112990854232413
1,1,block_2,2,Provo_ID11,2,1078535,1258031,1,gaze_data,1741718160202,385.6984078884125,404.21927363132966,1741718160162.4001,0.5335524384596326
1,1,block_2,2,Provo_ID11,2,1078535,1258031,1,gaze_data,1741718160232,428.55836749076843,276.6109052811165,1741718160193,0.46317414281766817
1,1,block_2,2,Provo_ID11,2,1078535,1258031,1,gaze_data,1741718160257,429.06243205070496,265.1327654493088,1741718160226.3,0.46317414281766817
1,1,block_2,2,Provo_ID11,2,1078535,1258031,1,gaze_data,1741718160289,406.8318858742714,254.1240040495701,1741718160257.3,0.44304769119090914
1,1,block_2,2,Provo_ID11,2,1078535,1258031,1,gaze_data,1741718160322,406.4874544739723,250.19593000929163,1741718160288.9001,0.509050498455969
1,1,block_2,2,Provo_ID11,2,1078535,1258031,1,gaze_data,1741718160362,407.8076437115669,246.55924836363553,1741718160321.9001,0.7060904958474746
1,1,block_2,2,Provo_ID11,2,1078535,1258031,1,gaze_data,1741718160396,398.3505666255951,235.12014287671403,1741718160353.3,0.6532670557952759
1,1,block_2,2,Provo_ID11,2,1078535,1258031,1,gaze_data,1741718160440,411.59677281975746,245.23584527203937,1741718160402.7002,0.8695681662943067
1,1,block_2,2,Provo_ID11,2,1078535,1258031,1,gaze_data,1741718160473,368.93390417099,197.24321365356445,1741718160433.8,0.8489395868454803
1,1,block_2,2,Provo_ID11,2,1078535,1258031,1,gaze_data,1741718160500,362.72522807121277,153.9239531742518,1741718160464.7002,0.7818108921935076
1,1,block_2,2,Provo_ID11,2,1078535,1258031,1,gaze_data,1741718160546,352.2405743598938,148.97757341959988,1741718160497.3,0.6889349537009855
1,1,block_2,2,Provo_ID11,2,1078535,1258031,1,gaze_data,1741718160577,346.3746190071106,131.21999711638676,1741718160531.6,0.6889349537009855
1,1,block_2,2,Provo_ID11,2,1078535,1258031,1,gaze_data,1741718160608,340.27774930000305,140.04718259203202,1741718160564,0.8003638474021848
1,1,block_2,2,Provo_ID11,2,1078535,1258031,1,gaze_data,1741718160633,340.86647629737854,143.4832475707743,1741718160592.8,0.8130829363858281
1,1,block_2,2,Provo_ID11,2,1078535,1258031,1,gaze_data,1741718160659,331.68861269950867,124.2707498678675,1741718160626,0.8130829363858281
1,1,block_2,2,Provo_ID11,2,1078535,1258031,1,gaze_data,1741718160701,221.10553979873657,111.92720955209462,1741718160657.7002,0.9529077639549581
1,1,block_2,2,Provo_ID11,2,1078535,1258031,1,gaze_data,1741718160741,59.54556465148926,111.49546443252397,1741718160690.3,0.821389607671605
1,1,block_2,2,Provo_ID11,2,1078535,1258031,1,gaze_data,1741718160767,63.17172050476074,118.24017026160648,1741718160724.7002,0.821389607671605
1,1,block_2,2,Provo_ID11,2,1078535,1258031,1,gaze_data,1741718160809,44.234395027160645,90.08068159190279,1741718160769.7002,0.9755446923972153
1,1,block_2,2,Provo_ID11,2,1078535,1258031,1,gaze_data,1741718160840,53.52139472961426,89.30197196513608,1741718160803.2002,1
1,1,block_2,2,Provo_ID11,2,1078535,1258031,1,gaze_data,1741718160870,52.77116298675537,96.90992971821618,1741718160833.4001,1
1,1,block_2,2,Provo_ID11,2,1078535,1258031,1,gaze_data,1741718160907,55.156588554382324,100.47334435187814,1741718160866,1
1,1,block_2,2,Provo_ID11,2,1078535,1258031,1,gaze_data,1741718160929,75.82263946533203,71.74130354941279,1741718160897.2002,1
1,1,block_2,2,Provo_ID11,2,1078535,1258031,1,gaze_data,1741718160968,311.5777254104614,128.05535074428468,1741718160929.3,1
1,1,block_2,2,Provo_ID11,2,1078535,1258031,1,gaze_data,1741718161013,349.74958300590515,106.62091435165571,1741718160963.4001,1
1,1,block_2,2,Provo_ID11,2,1078535,1258031,1,gaze_data,1741718161031,358.6157739162445,108.57553792361841,1741718160994.1,1
1,1,block_2,2,Provo_ID11,2,1078535,1258031,1,gaze_data,1741718161072,357.04729557037354,92.70219285679484,1741718161027.1,1
1,1,block_2,2,Provo_ID11,2,1078535,1258031,1,gaze_data,1741718161110,374.227237701416,103.17987454428848,1741718161059.8,1
1,1,block_2,2,Provo_ID11,2,1078535,1258031,1,gaze_data,1741718161133,372.1610873937607,100.0231447033665,1741718161106.1,1
1,1,block_2,2,Provo_ID11,2,1078535,1258031,1,gaze_data,1741718161172,444.38557624816895,103.51535524049704,1741718161138.5,1
1,1,block_2,2,Provo_ID11,2,1078535,1258031,1,gaze_data,1741718161197,481.743323802948,90.7985612782377,1741718161170.2002,1
1,1,block_2,2,Provo_ID11,2,1078535,1258031,1,gaze_data,1741718161230,479.20607328414917,94.12481510716768,1741718161202.5,1
1,1,block_2,2,Provo_ID11,2,1078535,1258031,1,gaze_data,1741718161264,503.11806201934814,94.6768125587844,1741718161236.4001,1
1,1,block_2,2,Provo_ID11,2,1078535,1258031,1,gaze_data,1741718161289,525.9984612464905,95.66604382562534,1741718161266.4001,1
1,1,block_2,2,Provo_ID11,2,1078535,1258031,1,gaze_data,1741718161326,532.6595664024353,100.44695839706057,1741718161298.7002,1
1,1,block_2,2,Provo_ID11,2,1078535,1258031,1,gaze_data,1741718161358,571.4163303375244,109.35502952195041,1741718161328.7002,1
1,1,block_2,2,Provo_ID11,2,1078535,1258031,1,gaze_data,1741718161387,573.5209584236145,104.69922295361434,1741718161361.2002,1
1,1,block_2,2,Provo_ID11,2,1078535,1258031,1,gaze_data,1741718161433,437.3183488845825,111.58440811256524,1741718161393.4001,1
1,1,block_2,2,Provo_ID11,2,1078535,1258031,1,gaze_data,1741718161459,90.72134494781494,199.6181972114745,1741718161425.3,1
1,1,block_2,2,Provo_ID11,2,1078535,1258031,1,gaze_data,1741718161503,26.870250701904297,178.96368808704963,1741718161477,0.8848179587927043
1,1,block_2,2,Provo_ID11,2,1078535,1258031,1,gaze_data,1741718161535,-9.664535522460938,159.5926512347902,1741718161503.9001,1
1,1,block_2,2,Provo_ID11,2,1078535,1258031,1,gaze_data,1741718161574,11.462092399597168,199.9933089713471,1741718161536.7002,1
1,1,block_2,2,Provo_ID11,2,1078535,1258031,1,gaze_data,1741718161613,12.67545223236084,194.9471440594522,1741718161568,1
1,1,block_2,2,Provo_ID11,2,1078535,1258031,1,gaze_data,1741718161646,8.587002754211426,197.2174216247691,1741718161600.3,1
1,1,block_2,2,Provo_ID11,2,1078535,1258031,1,gaze_data,1741718161671,10.890460014343262,193.14848843986198,1741718161632.9001,1
1,1,block_2,2,Provo_ID11,2,1078535,1258031,1,gaze_data,1741718161709,147.67887592315674,167.48364918144043,1741718161665.8,1
1,1,block_2,2,Provo_ID11,2,1078535,1258031,1,gaze_data,1741718161750,206.38360977172852,168.3027718434365,1741718161699.6,1
1,1,block_2,2,Provo_ID11,2,1078535,1258031,1,gaze_data,1741718161765,213.0216360092163,169.60580457575668,1741718161731.3,1
1,1,block_2,2,Provo_ID11,2,1078535,1258031,1,gaze_data,1741718161804,240.98230600357056,153.73344255890092,1741718161760.9001,1
1,1,block_2,2,Provo_ID11,2,1078535,1258031,1,gaze_data,1741718161836,224.52025413513184,162.2754020442673,1741718161809.4001,1
1,1,block_2,2,Provo_ID11,2,1078535,1258031,1,gaze_data,1741718161866,228.0034303665161,164.91066111401207,1741718161841.6,1
1,1,block_2,2,Provo_ID11,2,1078535,1258031,1,gaze_data,1741718161908,320.59070467948914,184.72003026536126,1741718161873.1,1
1,1,block_2,2,Provo_ID11,2,1078535,1258031,1,gaze_data,1741718161946,354.58552837371826,210.9932750528133,1741718161905.2002,1
1,1,block_2,2,Provo_ID11,2,1078535,1258031,1,gaze_data,1741718161976,357.5477123260498,208.40773447992487,1741718161939.1,1
1,1,block_2,2,Provo_ID11,2,1078535,1258031,1,gaze_data,1741718162006,354.88244891166687,199.65554380106565,1741718161970,1
1,1,block_2,2,Provo_ID11,2,1078535,1258031,1,gaze_data,1741718162045,363.0945861339569,197.95156818149923,1741718162001,1
1,1,block_2,2,Provo_ID11,2,1078535,1258031,1,gaze_data,1741718162069,421.75866067409515,176.86267571438935,1741718162033.5,1
1,1,block_2,2,Provo_ID11,2,1078535,1258031,1,gaze_data,1741718162114,581.0675501823425,175.00785033252907,1741718162065.5,1
1,1,block_2,2,Provo_ID11,2,1078535,1258031,1,gaze_data,1741718162145,585.6485247612,193.98609169651783,1741718162096.8,1
1,1,block_2,2,Provo_ID11,2,1078535,1258031,1,gaze_data,1741718162181,575.4238486289978,200.85230845949914,1741718162129.3,1
1,1,block_2,2,Provo_ID11,2,1078535,1258031,1,gaze_data,1741718162205,587.1379137039185,187.7003435974783,1741718162177.2002,1
1,1,block_2,2,Provo_ID11,2,1078535,1258031,1,gaze_data,1741718162236,574.6096134185791,192.76003103194165,1741718162209.9001,1
1,1,block_2,2,Provo_ID11,2,1078535,1258031,1,gaze_data,1741718162272,304.28279638290405,209.87880731611602,1741718162242,1
1,1,block_2,2,Provo_ID11,2,1078535,1258031,1,gaze_data,1741718162307,135.1522922515869,279.2570449266413,1741718162273.9001,0.9978889819698771
1,1,block_2,2,Provo_ID11,2,1078535,1258031,1,gaze_data,1741718162344,137.88368701934814,282.442298111326,1741718162305.7002,0.9974173131036932
1,1,block_2,2,Provo_ID11,2,1078535,1258031,1,gaze_data,1741718162363,120.0429916381836,278.3413860130724,1741718162337.1,0.9974173131036932
1,1,block_2,2,Provo_ID11,2,1078535,1258031,1,gaze_data,1741718162414,137.74030208587646,279.93962045864015,1741718162368.7002,0.9874609481485668
1,1,block_2,2,Provo_ID11,2,1078535,1258031,1,gaze_data,1741718162436,140.64819812774658,272.70248851652,1741718162401.4001,0.9874609481485668
1,1,block_2,2,Provo_ID11,2,1078535,1258031,1,gaze_data,1741718162470,118.82948875427246,291.62714248624127,1741718162433,1
1,1,block_2,2,Provo_ID11,2,1078535,1258031,1,gaze_data,1741718162506,132.90472030639648,278.9871865394576,1741718162465.6,1
1,1,block_2,2,Provo_ID11,2,1078535,1258031,1,gaze_data,1741718162539,193.58949661254883,283.3549259541609,1741718162499.8,1
1,1,block_2,2,Provo_ID11,2,1078535,1258031,1,gaze_data,1741718162580,217.29533672332764,284.14657162482206,1741718162544.8,0.8110162509179704
1,1,block_2,2,Provo_ID11,2,1078535,1258031,1,gaze_data,1741718162619,225.68578720092773,288.12393966310714,1741718162579.3,0.8873970082210736
1,1,block_2,2,Provo_ID11,2,1078535,1258031,1,gaze_data,1741718162646,222.45749235153198,293.48695386774887,1741718162611.8,0.8873970082210736
1,1,block_2,2,Provo_ID11,2,1078535,1258031,1,gaze_data,1741718162678,223.78559112548828,281.22362521620477,1741718162640.6,0.839337937450976
1,1,block_2,2,Provo_ID11,2,1078535,1258031,1,gaze_data,1741718162712,224.30412769317627,284.22875311266057,1741718162673.1,0.9322861947436825
1,1,block_2,2,Provo_ID11,2,1078535,1258031,1,gaze_data,1741718162754,239.93021249771118,288.04300188242485,1741718162705.8,0.9934477113032627
1,1,block_2,2,Provo_ID11,2,1078535,1258031,1,gaze_data,1741718162780,239.78381156921387,307.52855660858484,1741718162739.1,0.9934477113032627
1,1,block_2,2,Provo_ID11,2,1078535,1258031,1,gaze_data,1741718162811,73.85637760162354,415.29085899899167,1741718162771.3,0.9572161465043787
1,1,block_2,2,Provo_ID11,2,1078535,1258031,1,gaze_data,1741718162846,98.25584888458252,416.03356814436177,1741718162800.9001,0.9868920755592256
1,1,block_2,2,Provo_ID11,2,1078535,1258031,1,gaze_data,1741718162881,134.87529754638672,400.7801180030674,1741718162833.4001,0.9414701765125071
1,1,block_2,2,Provo_ID11,2,1078535,1258031,1,gaze_data,1741718162919,120.60010433197021,403.1193449802357,1741718162882.6,0.8077094752017414
1,1,block_2,2,Provo_ID11,2,1078535,1258031,1,gaze_data,1741718162946,109.16121006011963,404.39890367090055,1741718162913.5,0.8876365763110186
1,1,block_2,2,Provo_ID11,2,1078535,1258031,1,gaze_data,1741718162987,95.58377265930176,409.53431201860343,1741718162945.7002,0.9173333533040124
1,1,block_2,2,Provo_ID11,2,1078535,1258031,1,gaze_data,1741718163011,99.75273609161377,395.4738674867179,1741718162977.2002,0.8850832638156629
1,1,block_2,2,Provo_ID11,2,1078535,1258031,1,gaze_data,1741718163050,98.41394424438477,399.83597298247696,1741718163008.5,0.8909829912857878
1,1,block_2,2,Provo_ID11,2,1078535,1258031,1,gaze_data,1741718163078,109.3210220336914,394.7649246182721,1741718163040.3,0.9888725648798369
1,1,block_2,2,Provo_ID11,2,1078535,1258031,1,gaze_data,1741718163111,91.3466215133667,397.1104669467487,1741718163072.1,0.9217656935099336
1,1,block_2,2,Provo_ID11,2,1078535,1258031,1,gaze_data,1741718163147,112.02459335327148,390.3177555109053,1741718163104.1,0.9150166476884838
1,1,block_2,2,Provo_ID11,2,1078535,1258031,1,gaze_data,1741718163183,120.16024589538574,398.4613712335615,1741718163136.6,0.9527669468979596
1,1,block_2,2,Provo_ID11,2,1078535,1258031,1,gaze_data,1741718163207,96.78347110748291,395.8404259671358,1741718163169.2002,0.9257338378633304
1,1,block_2,2,Provo_ID11,2,1078535,1258031,1,gaze_data,1741718163240,230.00152111053467,359.35610525002966,1741718163201,0.93925509689972
1,1,block_2,2,Provo_ID11,2,1078535,1258031,1,gaze_data,1741718163287,388.6957883834839,344.79310621149887,1741718163249.4001,0.7747933458781401
1,1,block_2,2,Provo_ID11,2,1078535,1258031,1,gaze_data,1741718163315,434.1149568557739,375.0789021721631,1741718163282.7002,0.5165812943009005
1,1,block_2,2,Provo_ID11,2,1078535,1258031,1,gaze_data,1741718163344,434.51598286628723,375.7816935309619,1741718163312.6,0.5322472067304242
1,1,block_2,2,Provo_ID11,2,1078535,1258031,1,gaze_data,1741718163383,436.9867295026779,379.36117209477953,1741718163344.7002,0.5390971666595478
1,1,block_2,2,Provo_ID11,2,1078535,1258031,1,gaze_data,1741718163419,434.3645513057709,385.1021839067372,1741718163375.9001,0.5719523502730604
1,1,block_2,2,Provo_ID11,2,1078535,1258031,1,gaze_data,1741718163449,440.8918082714081,393.4282596612959,1741718163411,0.5719523502730604
1,1,block_2,2,Provo_ID11,2,1078535,1258031,1,gaze_data,1741718163478,421.5631887316704,395.77424883066703,1741718163439.8,0.47084181023321986
1,1,block_2,2,Provo_ID11,2,1078535,1258031,1,gaze_data,1741718163512,436.53883039951324,394.89129122322396,1741718163473.9001,0.5241078627264341
1,1,block_2,2,Provo_ID11,2,1078535,1258031,1,gaze_data,1741718163550,435.53391098976135,393.46251746320416,1741718163504.1,0.5241078627264341
1,1,block_2,2,Provo_ID11,2,1078535,1258031,1,gaze_data,1741718163573,437.1775269508362,392.2864471236951,1741718163539.2002,0.5069892159781519
1,1,block_2,2,Provo_ID11,2,1078535,1258031,1,gaze_data,1741718163615,453.82978320121765,390.6184794328735,1741718163584.6,0.5794263238634935
1,1,block_2,2,Provo_ID11,2,1078535,1258031,1,gaze_data,1741718163649,475.10847449302673,305.3962393075939,1741718163617.4001,0.4712312731122891
1,1,block_2,2,Provo_ID11,2,1078535,1258031,1,gaze_x,"",
1,1,block_2,2,Provo_ID11,2,1078535,1258031,1,gaze_y,"",
1,1,block_2,2,Provo_ID11,2,1078535,1258031,1,el_x,"",
1,1,block_2,2,Provo_ID11,2,1078535,1258031,1,applied_drift,1741718118412,
1,1,block_2,2,Provo_ID11,2,1078535,1258031,1,applied_drift,1741718141975,-20.451855659484863,-24.891540130151842
1,1,block_2,2,Provo_ID11,2,1078535,1258031,1,applied_drift,1741718141999,-20.451855659484863,-24.891540130151842
1,1,block_2,2,Provo_ID11,2,1078535,1258031,1,applied_drift,1741718142026,-20.451855659484863,-24.891540130151842
1,1,block_2,2,Provo_ID11,2,1078535,1258031,1,applied_drift,1741718142063,-20.451855659484863,-24.891540130151842
1,1,block_2,2,Provo_ID11,2,1078535,1258031,1,applied_drift,1741718142103,-20.451855659484863,-24.891540130151842
1,1,block_2,2,Provo_ID11,2,1078535,1258031,1,applied_drift,1741718142140,-20.451855659484863,-24.891540130151842
1,1,block_2,2,Provo_ID11,2,1078535,1258031,1,applied_drift,1741718142167,-20.451855659484863,-24.891540130151842
1,1,block_2,2,Provo_ID11,2,1078535,1258031,1,applied_drift,1741718142193,-20.451855659484863,-24.891540130151842
1,1,block_2,2,Provo_ID11,2,1078535,1258031,1,applied_drift,1741718142231,-20.451855659484863,-24.891540130151842
1,1,block_2,2,Provo_ID11,2,1078535,1258031,1,applied_drift,1741718142273,-20.451855659484863,-24.891540130151842
1,1,block_2,2,Provo_ID11,2,1078535,1258031,1,applied_drift,1741718142303,-20.451855659484863,-24.891540130151842
1,1,block_2,2,Provo_ID11,2,1078535,1258031,1,applied_drift,1741718142331,-20.451855659484863,-24.891540130151842
1,1,block_2,2,Provo_ID11,2,1078535,1258031,1,applied_drift,1741718142367,-20.451855659484863,-24.891540130151842
1,1,block_2,2,Provo_ID11,2,1078535,1258031,1,applied_drift,1741718142407,-20.451855659484863,-24.891540130151842
1,1,block_2,2,Provo_ID11,2,1078535,1258031,1,applied_drift,1741718142433,-20.451855659484863,-24.891540130151842
1,1,block_2,2,Provo_ID11,2,1078535,1258031,1,applied_drift,1741718142474,-20.451855659484863,-24.891540130151842
1,1,block_2,2,Provo_ID11,2,1078535,1258031,1,applied_drift,1741718142519,-20.451855659484863,-24.891540130151842
1,1,block_2,2,Provo_ID11,2,1078535,1258031,1,applied_drift,1741718142545,-20.451855659484863,-24.891540130151842
1,1,block_2,2,Provo_ID11,2,1078535,1258031,1,applied_drift,1741718142578,-20.451855659484863,-24.891540130151842
1,1,block_2,2,Provo_ID11,2,1078535,1258031,1,applied_drift,1741718142603,-20.451855659484863,-24.891540130151842
1,1,block_2,2,Provo_ID11,2,1078535,1258031,1,applied_drift,1741718142638,-20.451855659484863,-24.891540130151842
1,1,block_2,2,Provo_ID11,2,1078535,1258031,1,applied_drift,1741718142664,-20.451855659484863,-24.891540130151842
1,1,block_2,2,Provo_ID11,2,1078535,1258031,1,applied_drift,1741718142711,-20.451855659484863,-24.891540130151842
1,1,block_2,2,Provo_ID11,2,1078535,1258031,1,applied_drift,1741718142732,-20.451855659484863,-24.891540130151842
1,1,block_2,2,Provo_ID11,2,1078535,1258031,1,applied_drift,1741718142783,-20.451855659484863,-24.891540130151842
1,1,block_2,2,Provo_ID11,2,1078535,1258031,1,applied_drift,1741718142807,-20.451855659484863,-24.891540130151842
1,1,block_2,2,Provo_ID11,2,1078535,1258031,1,applied_drift,1741718142833,-20.451855659484863,-24.891540130151842
1,1,block_2,2,Provo_ID11,2,1078535,1258031,1,applied_drift,1741718142874,-20.451855659484863,-24.891540130151842
1,1,block_2,2,Provo_ID11,2,1078535,1258031,1,applied_drift,1741718142915,-20.451855659484863,-24.891540130151842
1,1,block_2,2,Provo_ID11,2,1078535,1258031,1,applied_drift,1741718142945,-20.451855659484863,-24.891540130151842
1,1,block_2,2,Provo_ID11,2,1078535,1258031,1,applied_drift,1741718142974,-20.451855659484863,-24.891540130151842
1,1,block_2,2,Provo_ID11,2,1078535,1258031,1,applied_drift,1741718143011,-20.451855659484863,-24.891540130151842
1,1,block_2,2,Provo_ID11,2,1078535,1258031,1,applied_drift,1741718143042,-20.451855659484863,-24.891540130151842
1,1,block_2,2,Provo_ID11,2,1078535,1258031,1,applied_drift,1741718143067,-20.451855659484863,-24.891540130151842
1,1,block_2,2,Provo_ID11,2,1078535,1258031,1,applied_drift,1741718143112,-20.451855659484863,-24.891540130151842
1,1,block_2,2,Provo_ID11,2,1078535,1258031,1,applied_drift,1741718143144,-20.451855659484863,-24.891540130151842
1,1,block_2,2,Provo_ID11,2,1078535,1258031,1,applied_drift,1741718143164,-20.451855659484863,-24.891540130151842
1,1,block_2,2,Provo_ID11,2,1078535,1258031,1,applied_drift,1741718143199,-20.451855659484863,-24.891540130151842
1,1,block_2,2,Provo_ID11,2,1078535,1258031,1,applied_drift,1741718143243,-20.451855659484863,-24.891540130151842
1,1,block_2,2,Provo_ID11,2,1078535,1258031,1,applied_drift,1741718143284,-20.451855659484863,-24.891540130151842
1,1,block_2,2,Provo_ID11,2,1078535,1258031,1,applied_drift,1741718143316,-20.451855659484863,-24.891540130151842
1,1,block_2,2,Provo_ID11,2,1078535,1258031,1,applied_drift,1741718143343,-20.451855659484863,-24.891540130151842
1,1,block_2,2,Provo_ID11,2,1078535,1258031,1,applied_drift,1741718143379,-20.451855659484863,-24.891540130151842
1,1,block_2,2,Provo_ID11,2,1078535,1258031,1,applied_drift,1741718143410,-20.451855659484863,-24.891540130151842
1,1,block_2,2,Provo_ID11,2,1078535,1258031,1,applied_drift,1741718143441,-20.451855659484863,-24.891540130151842
1,1,block_2,2,Provo_ID11,2,1078535,1258031,1,applied_drift,1741718143480,-20.451855659484863,-24.891540130151842
1,1,block_2,2,Provo_ID11,2,1078535,1258031,1,applied_drift,1741718143508,-20.451855659484863,-24.891540130151842
1,1,block_2,2,Provo_ID11,2,1078535,1258031,1,applied_drift,1741718143532,-20.451855659484863,-24.891540130151842
1,1,block_2,2,Provo_ID11,2,1078535,1258031,1,applied_drift,1741718143595,-20.451855659484863,-24.891540130151842
1,1,block_2,2,Provo_ID11,2,1078535,1258031,1,applied_drift,1741718143619,-20.451855659484863,-24.891540130151842
1,1,block_2,2,Provo_ID11,2,1078535,1258031,1,applied_drift,1741718143651,-20.451855659484863,-24.891540130151842
1,1,block_2,2,Provo_ID11,2,1078535,1258031,1,applied_drift,1741718143692,-20.451855659484863,-24.891540130151842
1,1,block_2,2,Provo_ID11,2,1078535,1258031,1,applied_drift,1741718143720,-20.451855659484863,-24.891540130151842
1,1,block_2,2,Provo_ID11,2,1078535,1258031,1,applied_drift,1741718143749,-20.451855659484863,-24.891540130151842
1,1,block_2,2,Provo_ID11,2,1078535,1258031,1,applied_drift,1741718143785,-20.451855659484863,-24.891540130151842
1,1,block_2,2,Provo_ID11,2,1078535,1258031,1,applied_drift,1741718143822,-20.451855659484863,-24.891540130151842
1,1,block_2,2,Provo_ID11,2,1078535,1258031,1,applied_drift,1741718143846,-20.451855659484863,-24.891540130151842
1,1,block_2,2,Provo_ID11,2,1078535,1258031,1,applied_drift,1741718143887,-20.451855659484863,-24.891540130151842
1,1,block_2,2,Provo_ID11,2,1078535,1258031,1,applied_drift,1741718143919,-20.451855659484863,-24.891540130151842
1,1,block_2,2,Provo_ID11,2,1078535,1258031,1,applied_drift,1741718143942,-20.451855659484863,-24.891540130151842
1,1,block_2,2,Provo_ID11,2,1078535,1258031,1,applied_drift,1741718143994,-20.451855659484863,-24.891540130151842
1,1,block_2,2,Provo_ID11,2,1078535,1258031,1,applied_drift,1741718144005,-20.451855659484863,-24.891540130151842
1,1,block_2,2,Provo_ID11,2,1078535,1258031,1,applied_drift,1741718144047,-20.451855659484863,-24.891540130151842
1,1,block_2,2,Provo_ID11,2,1078535,1258031,1,applied_drift,1741718144080,-20.451855659484863,-24.891540130151842
1,1,block_2,2,Provo_ID11,2,1078535,1258031,1,applied_drift,1741718144109,-20.451855659484863,-24.891540130151842
1,1,block_2,2,Provo_ID11,2,1078535,1258031,1,applied_drift,1741718144147,-20.451855659484863,-24.891540130151842
1,1,block_2,2,Provo_ID11,2,1078535,1258031,1,applied_drift,1741718144191,-20.451855659484863,-24.891540130151842
1,1,block_2,2,Provo_ID11,2,1078535,1258031,1,applied_drift,1741718144226,-20.451855659484863,-24.891540130151842
1,1,block_2,2,Provo_ID11,2,1078535,1258031,1,applied_drift,1741718144246,-20.451855659484863,-24.891540130151842
1,1,block_2,2,Provo_ID11,2,1078535,1258031,1,applied_drift,1741718144286,-20.451855659484863,-24.891540130151842
1,1,block_2,2,Provo_ID11,2,1078535,1258031,1,applied_drift,1741718144324,-20.451855659484863,-24.891540130151842
1,1,block_2,2,Provo_ID11,2,1078535,1258031,1,applied_drift,1741718144349,-20.451855659484863,-24.891540130151842
1,1,block_2,2,Provo_ID11,2,1078535,1258031,1,applied_drift,1741718144376,-20.451855659484863,-24.891540130151842
1,1,block_2,2,Provo_ID11,2,1078535,1258031,1,applied_drift,1741718144420,-20.451855659484863,-24.891540130151842
1,1,block_2,2,Provo_ID11,2,1078535,1258031,1,applied_drift,1741718144448,-20.451855659484863,-24.891540130151842
1,1,block_2,2,Provo_ID11,2,1078535,1258031,1,applied_drift,1741718144483,-20.451855659484863,-24.891540130151842
1,1,block_2,2,Provo_ID11,2,1078535,1258031,1,applied_drift,1741718144519,-20.451855659484863,-24.891540130151842
1,1,block_2,2,Provo_ID11,2,1078535,1258031,1,applied_drift,1741718144549,-20.451855659484863,-24.891540130151842
1,1,block_2,2,Provo_ID11,2,1078535,1258031,1,applied_drift,1741718144591,-20.451855659484863,-24.891540130151842
1,1,block_2,2,Provo_ID11,2,1078535,1258031,1,applied_drift,1741718144627,-20.451855659484863,-24.891540130151842
1,1,block_2,2,Provo_ID11,2,1078535,1258031,1,applied_drift,1741718144653,-20.451855659484863,-24.891540130151842
1,1,block_2,2,Provo_ID11,2,1078535,1258031,1,applied_drift,1741718144692,-20.451855659484863,-24.891540130151842
1,1,block_2,2,Provo_ID11,2,1078535,1258031,1,applied_drift,1741718144710,-20.451855659484863,-24.891540130151842
1,1,block_2,2,Provo_ID11,2,1078535,1258031,1,applied_drift,1741718144757,-20.451855659484863,-24.891540130151842
1,1,block_2,2,Provo_ID11,2,1078535,1258031,1,applied_drift,1741718144793,-20.451855659484863,-24.891540130151842
1,1,block_2,2,Provo_ID11,2,1078535,1258031,1,applied_drift,1741718144822,-20.451855659484863,-24.891540130151842
1,1,block_2,2,Provo_ID11,2,1078535,1258031,1,applied_drift,1741718144848,-20.451855659484863,-24.891540130151842
1,1,block_2,2,Provo_ID11,2,1078535,1258031,1,applied_drift,1741718144890,-20.451855659484863,-24.891540130151842
1,1,block_2,2,Provo_ID11,2,1078535,1258031,1,applied_drift,1741718144929,-20.451855659484863,-24.891540130151842
1,1,block_2,2,Provo_ID11,2,1078535,1258031,1,applied_drift,1741718144958,-20.451855659484863,-24.891540130151842
1,1,block_2,2,Provo_ID11,2,1078535,1258031,1,applied_drift,1741718144984,-20.451855659484863,-24.891540130151842
1,1,block_2,2,Provo_ID11,2,1078535,1258031,1,applied_drift,1741718145012,-20.451855659484863,-24.891540130151842
1,1,block_2,2,Provo_ID11,2,1078535,1258031,1,applied_drift,1741718145048,-20.451855659484863,-24.891540130151842
1,1,block_2,2,Provo_ID11,2,1078535,1258031,1,applied_drift,1741718145091,-20.451855659484863,-24.891540130151842
1,1,block_2,2,Provo_ID11,2,1078535,1258031,1,applied_drift,1741718145131,-20.451855659484863,-24.891540130151842
1,1,block_2,2,Provo_ID11,2,1078535,1258031,1,applied_drift,1741718145151,-20.451855659484863,-24.891540130151842
1,1,block_2,2,Provo_ID11,2,1078535,1258031,1,applied_drift,1741718145194,-20.451855659484863,-24.891540130151842
1,1,block_2,2,Provo_ID11,2,1078535,1258031,1,applied_drift,1741718145221,-20.451855659484863,-24.891540130151842
1,1,block_2,2,Provo_ID11,2,1078535,1258031,1,applied_drift,1741718145248,-20.451855659484863,-24.891540130151842
1,1,block_2,2,Provo_ID11,2,1078535,1258031,1,applied_drift,1741718145294,-20.451855659484863,-24.891540130151842
1,1,block_2,2,Provo_ID11,2,1078535,1258031,1,applied_drift,1741718145328,-20.451855659484863,-24.891540130151842
1,1,block_2,2,Provo_ID11,2,1078535,1258031,1,applied_drift,1741718145360,-20.451855659484863,-24.891540130151842
1,1,block_2,2,Provo_ID11,2,1078535,1258031,1,applied_drift,1741718145403,-20.451855659484863,-24.891540130151842
1,1,block_2,2,Provo_ID11,2,1078535,1258031,1,applied_drift,1741718145427,-20.451855659484863,-24.891540130151842
1,1,block_2,2,Provo_ID11,2,1078535,1258031,1,applied_drift,1741718145467,-20.451855659484863,-24.891540130151842
1,1,block_2,2,Provo_ID11,2,1078535,1258031,1,applied_drift,1741718145491,-20.451855659484863,-24.891540130151842
1,1,block_2,2,Provo_ID11,2,1078535,1258031,1,applied_drift,1741718145518,-20.451855659484863,-24.891540130151842
1,1,block_2,2,Provo_ID11,2,1078535,1258031,1,applied_drift,1741718145561,-20.451855659484863,-24.891540130151842
1,1,block_2,2,Provo_ID11,2,1078535,1258031,1,applied_drift,1741718145597,-20.451855659484863,-24.891540130151842
1,1,block_2,2,Provo_ID11,2,1078535,1258031,1,applied_drift,1741718145622,-20.451855659484863,-24.891540130151842
1,1,block_2,2,Provo_ID11,2,1078535,1258031,1,applied_drift,1741718145659,-20.451855659484863,-24.891540130151842
1,1,block_2,2,Provo_ID11,2,1078535,1258031,1,applied_drift,1741718145706,-20.451855659484863,-24.891540130151842
1,1,block_2,2,Provo_ID11,2,1078535,1258031,1,applied_drift,1741718145724,-20.451855659484863,-24.891540130151842
1,1,block_2,2,Provo_ID11,2,1078535,1258031,1,applied_drift,1741718145766,-20.451855659484863,-24.891540130151842
1,1,block_2,2,Provo_ID11,2,1078535,1258031,1,applied_drift,1741718145803,-20.451855659484863,-24.891540130151842
1,1,block_2,2,Provo_ID11,2,1078535,1258031,1,applied_drift,1741718145828,-20.451855659484863,-24.891540130151842
1,1,block_2,2,Provo_ID11,2,1078535,1258031,1,applied_drift,1741718145858,-20.451855659484863,-24.891540130151842
1,1,block_2,2,Provo_ID11,2,1078535,1258031,1,applied_drift,1741718145894,-20.451855659484863,-24.891540130151842
1,1,block_2,2,Provo_ID11,2,1078535,1258031,1,applied_drift,1741718145928,-20.451855659484863,-24.891540130151842
1,1,block_2,2,Provo_ID11,2,1078535,1258031,1,applied_drift,1741718145952,-20.451855659484863,-24.891540130151842
1,1,block_2,2,Provo_ID11,2,1078535,1258031,1,applied_drift,1741718145996,-20.451855659484863,-24.891540130151842
1,1,block_2,2,Provo_ID11,2,1078535,1258031,1,applied_drift,1741718146034,-20.451855659484863,-24.891540130151842
1,1,block_2,2,Provo_ID11,2,1078535,1258031,1,applied_drift,1741718146056,-20.451855659484863,-24.891540130151842
1,1,block_2,2,Provo_ID11,2,1078535,1258031,1,applied_drift,1741718146097,-20.451855659484863,-24.891540130151842
1,1,block_2,2,Provo_ID11,2,1078535,1258031,1,applied_drift,1741718146135,-20.451855659484863,-24.891540130151842
1,1,block_2,2,Provo_ID11,2,1078535,1258031,1,applied_drift,1741718146161,-20.451855659484863,-24.891540130151842
1,1,block_2,2,Provo_ID11,2,1078535,1258031,1,applied_drift,1741718146189,-20.451855659484863,-24.891540130151842
1,1,block_2,2,Provo_ID11,2,1078535,1258031,1,applied_drift,1741718146233,-20.451855659484863,-24.891540130151842
1,1,block_2,2,Provo_ID11,2,1078535,1258031,1,applied_drift,1741718146264,-20.451855659484863,-24.891540130151842
1,1,block_2,2,Provo_ID11,2,1078535,1258031,1,applied_drift,1741718146295,-20.451855659484863,-24.891540130151842
1,1,block_2,2,Provo_ID11,2,1078535,1258031,1,applied_drift,1741718146328,-20.451855659484863,-24.891540130151842
1,1,block_2,2,Provo_ID11,2,1078535,1258031,1,applied_drift,1741718146351,-20.451855659484863,-24.891540130151842
1,1,block_2,2,Provo_ID11,2,1078535,1258031,1,applied_drift,1741718146398,-20.451855659484863,-24.891540130151842
1,1,block_2,2,Provo_ID11,2,1078535,1258031,1,applied_drift,1741718146424,-20.451855659484863,-24.891540130151842
1,1,block_2,2,Provo_ID11,2,1078535,1258031,1,applied_drift,1741718146484,-20.451855659484863,-24.891540130151842
1,1,block_2,2,Provo_ID11,2,1078535,1258031,1,applied_drift,1741718146507,-20.451855659484863,-24.891540130151842
1,1,block_2,2,Provo_ID11,2,1078535,1258031,1,applied_drift,1741718146544,-20.451855659484863,-24.891540130151842
1,1,block_2,2,Provo_ID11,2,1078535,1258031,1,applied_drift,1741718146574,-20.451855659484863,-24.891540130151842
1,1,block_2,2,Provo_ID11,2,1078535,1258031,1,applied_drift,1741718146623,-20.451855659484863,-24.891540130151842
1,1,block_2,2,Provo_ID11,2,1078535,1258031,1,applied_drift,1741718146646,-20.451855659484863,-24.891540130151842
1,1,block_2,2,Provo_ID11,2,1078535,1258031,1,applied_drift,1741718146689,-20.451855659484863,-24.891540130151842
1,1,block_2,2,Provo_ID11,2,1078535,1258031,1,applied_drift,1741718146725,-20.451855659484863,-24.891540130151842
1,1,block_2,2,Provo_ID11,2,1078535,1258031,1,applied_drift,1741718146750,-20.451855659484863,-24.891540130151842
1,1,block_2,2,Provo_ID11,2,1078535,1258031,1,applied_drift,1741718146794,-20.451855659484863,-24.891540130151842
1,1,block_2,2,Provo_ID11,2,1078535,1258031,1,applied_drift,1741718146825,-20.451855659484863,-24.891540130151842
1,1,block_2,2,Provo_ID11,2,1078535,1258031,1,applied_drift,1741718146849,-20.451855659484863,-24.891540130151842
1,1,block_2,2,Provo_ID11,2,1078535,1258031,1,applied_drift,1741718146891,-20.451855659484863,-24.891540130151842
1,1,block_2,2,Provo_ID11,2,1078535,1258031,1,applied_drift,1741718146927,-20.451855659484863,-24.891540130151842
1,1,block_2,2,Provo_ID11,2,1078535,1258031,1,applied_drift,1741718146944,-20.451855659484863,-24.891540130151842
1,1,block_2,2,Provo_ID11,2,1078535,1258031,1,applied_drift,1741718146983,-20.451855659484863,-24.891540130151842
1,1,block_2,2,Provo_ID11,2,1078535,1258031,1,applied_drift,1741718147025,-20.451855659484863,-24.891540130151842
1,1,block_2,2,Provo_ID11,2,1078535,1258031,1,applied_drift,1741718147064,-20.451855659484863,-24.891540130151842
1,1,block_2,2,Provo_ID11,2,1078535,1258031,1,applied_drift,1741718147091,-20.451855659484863,-24.891540130151842
1,1,block_2,2,Provo_ID11,2,1078535,1258031,1,applied_drift,1741718147114,-20.451855659484863,-24.891540130151842
1,1,block_2,2,Provo_ID11,2,1078535,1258031,1,applied_drift,1741718147156,-20.451855659484863,-24.891540130151842
1,1,block_2,2,Provo_ID11,2,1078535,1258031,1,applied_drift,1741718147194,-20.451855659484863,-24.891540130151842
1,1,block_2,2,Provo_ID11,2,1078535,1258031,1,applied_drift,1741718147227,-20.451855659484863,-24.891540130151842
1,1,block_2,2,Provo_ID11,2,1078535,1258031,1,applied_drift,1741718147251,-20.451855659484863,-24.891540130151842
1,1,block_2,2,Provo_ID11,2,1078535,1258031,1,applied_drift,1741718147285,-20.451855659484863,-24.891540130151842
1,1,block_2,2,Provo_ID11,2,1078535,1258031,1,applied_drift,1741718147333,-20.451855659484863,-24.891540130151842
1,1,block_2,2,Provo_ID11,2,1078535,1258031,1,applied_drift,1741718147366,-20.451855659484863,-24.891540130151842
1,1,block_2,2,Provo_ID11,2,1078535,1258031,1,applied_drift,1741718147397,-20.451855659484863,-24.891540130151842
1,1,block_2,2,Provo_ID11,2,1078535,1258031,1,applied_drift,1741718147441,-20.451855659484863,-24.891540130151842
1,1,block_2,2,Provo_ID11,2,1078535,1258031,1,applied_drift,1741718147470,-20.451855659484863,-24.891540130151842
1,1,block_2,2,Provo_ID11,2,1078535,1258031,1,applied_drift,1741718147495,-20.451855659484863,-24.891540130151842
1,1,block_2,2,Provo_ID11,2,1078535,1258031,1,applied_drift,1741718147528,-20.451855659484863,-24.891540130151842
1,1,block_2,2,Provo_ID11,2,1078535,1258031,1,applied_drift,1741718147572,-20.451855659484863,-24.891540130151842
1,1,block_2,2,Provo_ID11,2,1078535,1258031,1,applied_drift,1741718147606,-20.451855659484863,-24.891540130151842
1,1,block_2,2,Provo_ID11,2,1078535,1258031,1,applied_drift,1741718147638,-20.451855659484863,-24.891540130151842
1,1,block_2,2,Provo_ID11,2,1078535,1258031,1,applied_drift,1741718147666,-20.451855659484863,-24.891540130151842
1,1,block_2,2,Provo_ID11,2,1078535,1258031,1,applied_drift,1741718147704,-20.451855659484863,-24.891540130151842
1,1,block_2,2,Provo_ID11,2,1078535,1258031,1,applied_drift,1741718147732,-20.451855659484863,-24.891540130151842
1,1,block_2,2,Provo_ID11,2,1078535,1258031,1,applied_drift,1741718147755,-20.451855659484863,-24.891540130151842
1,1,block_2,2,Provo_ID11,2,1078535,1258031,1,applied_drift,1741718147797,-20.451855659484863,-24.891540130151842
1,1,block_2,2,Provo_ID11,2,1078535,1258031,1,applied_drift,1741718147833,-20.451855659484863,-24.891540130151842
1,1,block_2,2,Provo_ID11,2,1078535,1258031,1,applied_drift,1741718147860,-20.451855659484863,-24.891540130151842
1,1,block_2,2,Provo_ID11,2,1078535,1258031,1,applied_drift,1741718147891,-20.451855659484863,-24.891540130151842
1,1,block_2,2,Provo_ID11,2,1078535,1258031,1,applied_drift,1741718147926,-20.451855659484863,-24.891540130151842
1,1,block_2,2,Provo_ID11,2,1078535,1258031,1,applied_drift,1741718147959,-20.451855659484863,-24.891540130151842
1,1,block_2,2,Provo_ID11,2,1078535,1258031,1,applied_drift,1741718147992,-20.451855659484863,-24.891540130151842
1,1,block_2,2,Provo_ID11,2,1078535,1258031,1,applied_drift,1741718148029,-20.451855659484863,-24.891540130151842
1,1,block_2,2,Provo_ID11,2,1078535,1258031,1,applied_drift,1741718148080,-20.451855659484863,-24.891540130151842
1,1,block_2,2,Provo_ID11,2,1078535,1258031,1,applied_drift,1741718148100,-20.451855659484863,-24.891540130151842
1,1,block_2,2,Provo_ID11,2,1078535,1258031,1,applied_drift,1741718148132,-20.451855659484863,-24.891540130151842
1,1,block_2,2,Provo_ID11,2,1078535,1258031,1,applied_drift,1741718148166,-20.451855659484863,-24.891540130151842
1,1,block_2,2,Provo_ID11,2,1078535,1258031,1,applied_drift,1741718148198,-20.451855659484863,-24.891540130151842
1,1,block_2,2,Provo_ID11,2,1078535,1258031,1,applied_drift,1741718148236,-20.451855659484863,-24.891540130151842
1,1,block_2,2,Provo_ID11,2,1078535,1258031,1,applied_drift,1741718148265,-20.451855659484863,-24.891540130151842
1,1,block_2,2,Provo_ID11,2,1078535,1258031,1,applied_drift,1741718148298,-20.451855659484863,-24.891540130151842
1,1,block_2,2,Provo_ID11,2,1078535,1258031,1,applied_drift,1741718148333,-20.451855659484863,-24.891540130151842
1,1,block_2,2,Provo_ID11,2,1078535,1258031,1,applied_drift,1741718148362,-20.451855659484863,-24.891540130151842
1,1,block_2,2,Provo_ID11,2,1078535,1258031,1,applied_drift,1741718148397,-20.451855659484863,-24.891540130151842
1,1,block_2,2,Provo_ID11,2,1078535,1258031,1,applied_drift,1741718148432,-20.451855659484863,-24.891540130151842
1,1,block_2,2,Provo_ID11,2,1078535,1258031,1,applied_drift,1741718148470,-20.451855659484863,-24.891540130151842
1,1,block_2,2,Provo_ID11,2,1078535,1258031,1,applied_drift,1741718148498,-20.451855659484863,-24.891540130151842
1,1,block_2,2,Provo_ID11,2,1078535,1258031,1,applied_drift,1741718148531,-20.451855659484863,-24.891540130151842
1,1,block_2,2,Provo_ID11,2,1078535,1258031,1,applied_drift,1741718148569,-20.451855659484863,-24.891540130151842
1,1,block_2,2,Provo_ID11,2,1078535,1258031,1,applied_drift,1741718148597,-20.451855659484863,-24.891540130151842
1,1,block_2,2,Provo_ID11,2,1078535,1258031,1,applied_drift,1741718148631,-20.451855659484863,-24.891540130151842
1,1,block_2,2,Provo_ID11,2,1078535,1258031,1,applied_drift,1741718148670,-20.451855659484863,-24.891540130151842
1,1,block_2,2,Provo_ID11,2,1078535,1258031,1,applied_drift,1741718148703,-20.451855659484863,-24.891540130151842
1,1,block_2,2,Provo_ID11,2,1078535,1258031,1,applied_drift,1741718148736,-20.451855659484863,-24.891540130151842
1,1,block_2,2,Provo_ID11,2,1078535,1258031,1,applied_drift,1741718148769,-20.451855659484863,-24.891540130151842
1,1,block_2,2,Provo_ID11,2,1078535,1258031,1,applied_drift,1741718148801,-20.451855659484863,-24.891540130151842
1,1,block_2,2,Provo_ID11,2,1078535,1258031,1,applied_drift,1741718148836,-20.451855659484863,-24.891540130151842
1,1,block_2,2,Provo_ID11,2,1078535,1258031,1,applied_drift,1741718148877,-20.451855659484863,-24.891540130151842
1,1,block_2,2,Provo_ID11,2,1078535,1258031,1,applied_drift,1741718148895,-20.451855659484863,-24.891540130151842
1,1,block_2,2,Provo_ID11,2,1078535,1258031,1,applied_drift,1741718148929,-20.451855659484863,-24.891540130151842
1,1,block_2,2,Provo_ID11,2,1078535,1258031,1,applied_drift,1741718148967,-20.451855659484863,-24.891540130151842
1,1,block_2,2,Provo_ID11,2,1078535,1258031,1,applied_drift,1741718149003,-20.451855659484863,-24.891540130151842
1,1,block_2,2,Provo_ID11,2,1078535,1258031,1,applied_drift,1741718149030,-20.451855659484863,-24.891540130151842
1,1,block_2,2,Provo_ID11,2,1078535,1258031,1,applied_drift,1741718149069,-20.451855659484863,-24.891540130151842
1,1,block_2,2,Provo_ID11,2,1078535,1258031,1,applied_drift,1741718149094,-20.451855659484863,-24.891540130151842
1,1,block_2,2,Provo_ID11,2,1078535,1258031,1,applied_drift,1741718149136,-20.451855659484863,-24.891540130151842
1,1,block_2,2,Provo_ID11,2,1078535,1258031,1,applied_drift,1741718149169,-20.451855659484863,-24.891540130151842
1,1,block_2,2,Provo_ID11,2,1078535,1258031,1,applied_drift,1741718149193,-20.451855659484863,-24.891540130151842
1,1,block_2,2,Provo_ID11,2,1078535,1258031,1,applied_drift,1741718149232,-20.451855659484863,-24.891540130151842
1,1,block_2,2,Provo_ID11,2,1078535,1258031,1,applied_drift,1741718149259,-20.451855659484863,-24.891540130151842
1,1,block_2,2,Provo_ID11,2,1078535,1258031,1,applied_drift,1741718149298,-20.451855659484863,-24.891540130151842
1,1,block_2,2,Provo_ID11,2,1078535,1258031,1,applied_drift,1741718149333,-20.451855659484863,-24.891540130151842
1,1,block_2,2,Provo_ID11,2,1078535,1258031,1,applied_drift,1741718149366,-20.451855659484863,-24.891540130151842
1,1,block_2,2,Provo_ID11,2,1078535,1258031,1,applied_drift,1741718149403,-20.451855659484863,-24.891540130151842
1,1,block_2,2,Provo_ID11,2,1078535,1258031,1,applied_drift,1741718149432,-20.451855659484863,-24.891540130151842
1,1,block_2,2,Provo_ID11,2,1078535,1258031,1,applied_drift,1741718149454,-20.451855659484863,-24.891540130151842
1,1,block_2,2,Provo_ID11,2,1078535,1258031,1,applied_drift,1741718149499,-20.451855659484863,-24.891540130151842
1,1,block_2,2,Provo_ID11,2,1078535,1258031,1,applied_drift,1741718149543,-20.451855659484863,-24.891540130151842
1,1,block_2,2,Provo_ID11,2,1078535,1258031,1,applied_drift,1741718149569,-20.451855659484863,-24.891540130151842
1,1,block_2,2,Provo_ID11,2,1078535,1258031,1,applied_drift,1741718149598,-20.451855659484863,-24.891540130151842
1,1,block_2,2,Provo_ID11,2,1078535,1258031,1,applied_drift,1741718149635,-20.451855659484863,-24.891540130151842
1,1,block_2,2,Provo_ID11,2,1078535,1258031,1,applied_drift,1741718149671,-20.451855659484863,-24.891540130151842
1,1,block_2,2,Provo_ID11,2,1078535,1258031,1,applied_drift,1741718149705,-20.451855659484863,-24.891540130151842
1,1,block_2,2,Provo_ID11,2,1078535,1258031,1,applied_drift,1741718149736,-20.451855659484863,-24.891540130151842
1,1,block_2,2,Provo_ID11,2,1078535,1258031,1,applied_drift,1741718149761,-20.451855659484863,-24.891540130151842
1,1,block_2,2,Provo_ID11,2,1078535,1258031,1,applied_drift,1741718149802,-20.451855659484863,-24.891540130151842
1,1,block_2,2,Provo_ID11,2,1078535,1258031,1,applied_drift,1741718149841,-20.451855659484863,-24.891540130151842
1,1,block_2,2,Provo_ID11,2,1078535,1258031,1,applied_drift,1741718149869,-20.451855659484863,-24.891540130151842
1,1,block_2,2,Provo_ID11,2,1078535,1258031,1,applied_drift,1741718149906,-20.451855659484863,-24.891540130151842
1,1,block_2,2,Provo_ID11,2,1078535,1258031,1,applied_drift,1741718149944,-20.451855659484863,-24.891540130151842
1,1,block_2,2,Provo_ID11,2,1078535,1258031,1,applied_drift,1741718149969,-20.451855659484863,-24.891540130151842
1,1,block_2,2,Provo_ID11,2,1078535,1258031,1,applied_drift,1741718149999,-20.451855659484863,-24.891540130151842
1,1,block_2,2,Provo_ID11,2,1078535,1258031,1,applied_drift,1741718150030,-20.451855659484863,-24.891540130151842
1,1,block_2,2,Provo_ID11,2,1078535,1258031,1,applied_drift,1741718150078,-20.451855659484863,-24.891540130151842
1,1,block_2,2,Provo_ID11,2,1078535,1258031,1,applied_drift,1741718150105,-20.451855659484863,-24.891540130151842
1,1,block_2,2,Provo_ID11,2,1078535,1258031,1,applied_drift,1741718150134,-20.451855659484863,-24.891540130151842
1,1,block_2,2,Provo_ID11,2,1078535,1258031,1,applied_drift,1741718150158,-20.451855659484863,-24.891540130151842
1,1,block_2,2,Provo_ID11,2,1078535,1258031,1,applied_drift,1741718150214,-20.451855659484863,-24.891540130151842
1,1,block_2,2,Provo_ID11,2,1078535,1258031,1,applied_drift,1741718150236,-20.451855659484863,-24.891540130151842
1,1,block_2,2,Provo_ID11,2,1078535,1258031,1,applied_drift,1741718150285,-20.451855659484863,-24.891540130151842
1,1,block_2,2,Provo_ID11,2,1078535,1258031,1,applied_drift,1741718150308,-20.451855659484863,-24.891540130151842
1,1,block_2,2,Provo_ID11,2,1078535,1258031,1,applied_drift,1741718150346,-20.451855659484863,-24.891540130151842
1,1,block_2,2,Provo_ID11,2,1078535,1258031,1,applied_drift,1741718150381,-20.451855659484863,-24.891540130151842
1,1,block_2,2,Provo_ID11,2,1078535,1258031,1,applied_drift,1741718150417,-20.451855659484863,-24.891540130151842
1,1,block_2,2,Provo_ID11,2,1078535,1258031,1,applied_drift,1741718150449,-20.451855659484863,-24.891540130151842
1,1,block_2,2,Provo_ID11,2,1078535,1258031,1,applied_drift,1741718150484,-20.451855659484863,-24.891540130151842
1,1,block_2,2,Provo_ID11,2,1078535,1258031,1,applied_drift,1741718150515,-20.451855659484863,-24.891540130151842
1,1,block_2,2,Provo_ID11,2,1078535,1258031,1,applied_drift,1741718150551,-20.451855659484863,-24.891540130151842
1,1,block_2,2,Provo_ID11,2,1078535,1258031,1,applied_drift,1741718150578,-20.451855659484863,-24.891540130151842
1,1,block_2,2,Provo_ID11,2,1078535,1258031,1,applied_drift,1741718150608,-20.451855659484863,-24.891540130151842
1,1,block_2,2,Provo_ID11,2,1078535,1258031,1,applied_drift,1741718150644,-20.451855659484863,-24.891540130151842
1,1,block_2,2,Provo_ID11,2,1078535,1258031,1,applied_drift,1741718150679,-20.451855659484863,-24.891540130151842
1,1,block_2,2,Provo_ID11,2,1078535,1258031,1,applied_drift,1741718150721,-20.451855659484863,-24.891540130151842
1,1,block_2,2,Provo_ID11,2,1078535,1258031,1,applied_drift,1741718150756,-20.451855659484863,-24.891540130151842
1,1,block_2,2,Provo_ID11,2,1078535,1258031,1,applied_drift,1741718150787,-20.451855659484863,-24.891540130151842
1,1,block_2,2,Provo_ID11,2,1078535,1258031,1,applied_drift,1741718150822,-20.451855659484863,-24.891540130151842
1,1,block_2,2,Provo_ID11,2,1078535,1258031,1,applied_drift,1741718150852,-20.451855659484863,-24.891540130151842
1,1,block_2,2,Provo_ID11,2,1078535,1258031,1,applied_drift,1741718150880,-20.451855659484863,-24.891540130151842
1,1,block_2,2,Provo_ID11,2,1078535,1258031,1,applied_drift,1741718150924,-20.451855659484863,-24.891540130151842
1,1,block_2,2,Provo_ID11,2,1078535,1258031,1,applied_drift,1741718150958,-20.451855659484863,-24.891540130151842
1,1,block_2,2,Provo_ID11,2,1078535,1258031,1,applied_drift,1741718150986,-20.451855659484863,-24.891540130151842
1,1,block_2,2,Provo_ID11,2,1078535,1258031,1,applied_drift,1741718151015,-20.451855659484863,-24.891540130151842
1,1,block_2,2,Provo_ID11,2,1078535,1258031,1,applied_drift,1741718151052,-20.451855659484863,-24.891540130151842
1,1,block_2,2,Provo_ID11,2,1078535,1258031,1,applied_drift,1741718151098,-20.451855659484863,-24.891540130151842
1,1,block_2,2,Provo_ID11,2,1078535,1258031,1,applied_drift,1741718151119,-20.451855659484863,-24.891540130151842
1,1,block_2,2,Provo_ID11,2,1078535,1258031,1,applied_drift,1741718151148,-20.451855659484863,-24.891540130151842
1,1,block_2,2,Provo_ID11,2,1078535,1258031,1,applied_drift,1741718151186,-20.451855659484863,-24.891540130151842
1,1,block_2,2,Provo_ID11,2,1078535,1258031,1,applied_drift,1741718151224,-20.451855659484863,-24.891540130151842
1,1,block_2,2,Provo_ID11,2,1078535,1258031,1,applied_drift,1741718151266,-20.451855659484863,-24.891540130151842
1,1,block_2,2,Provo_ID11,2,1078535,1258031,1,applied_drift,1741718151291,-20.451855659484863,-24.891540130151842
1,1,block_2,2,Provo_ID11,2,1078535,1258031,1,applied_drift,1741718151316,-20.451855659484863,-24.891540130151842
1,1,block_2,2,Provo_ID11,2,1078535,1258031,1,applied_drift,1741718151357,-20.451855659484863,-24.891540130151842
1,1,block_2,2,Provo_ID11,2,1078535,1258031,1,applied_drift,1741718151382,-20.451855659484863,-24.891540130151842
1,1,block_2,2,Provo_ID11,2,1078535,1258031,1,applied_drift,1741718151412,-20.451855659484863,-24.891540130151842
1,1,block_2,2,Provo_ID11,2,1078535,1258031,1,applied_drift,1741718151449,-20.451855659484863,-24.891540130151842
1,1,block_2,2,Provo_ID11,2,1078535,1258031,1,applied_drift,1741718151486,-20.451855659484863,-24.891540130151842
1,1,block_2,2,Provo_ID11,2,1078535,1258031,1,applied_drift,1741718151519,-20.451855659484863,-24.891540130151842
1,1,block_2,2,Provo_ID11,2,1078535,1258031,1,applied_drift,1741718151545,-20.451855659484863,-24.891540130151842
1,1,block_2,2,Provo_ID11,2,1078535,1258031,1,applied_drift,1741718151588,-20.451855659484863,-24.891540130151842
1,1,block_2,2,Provo_ID11,2,1078535,1258031,1,applied_drift,1741718151625,-20.451855659484863,-24.891540130151842
1,1,block_2,2,Provo_ID11,2,1078535,1258031,1,applied_drift,1741718151652,-20.451855659484863,-24.891540130151842
1,1,block_2,2,Provo_ID11,2,1078535,1258031,1,applied_drift,1741718151681,-20.451855659484863,-24.891540130151842
1,1,block_2,2,Provo_ID11,2,1078535,1258031,1,applied_drift,1741718151720,-20.451855659484863,-24.891540130151842
1,1,block_2,2,Provo_ID11,2,1078535,1258031,1,applied_drift,1741718151765,-20.451855659484863,-24.891540130151842
1,1,block_2,2,Provo_ID11,2,1078535,1258031,1,applied_drift,1741718151791,-20.451855659484863,-24.891540130151842
1,1,block_2,2,Provo_ID11,2,1078535,1258031,1,applied_drift,1741718151817,-20.451855659484863,-24.891540130151842
1,1,block_2,2,Provo_ID11,2,1078535,1258031,1,applied_drift,1741718151856,-20.451855659484863,-24.891540130151842
1,1,block_2,2,Provo_ID11,2,1078535,1258031,1,applied_drift,1741718151886,-20.451855659484863,-24.891540130151842
1,1,block_2,2,Provo_ID11,2,1078535,1258031,1,applied_drift,1741718151913,-20.451855659484863,-24.891540130151842
1,1,block_2,2,Provo_ID11,2,1078535,1258031,1,applied_drift,1741718151965,-20.451855659484863,-24.891540130151842
1,1,block_2,2,Provo_ID11,2,1078535,1258031,1,applied_drift,1741718151991,-20.451855659484863,-24.891540130151842
1,1,block_2,2,Provo_ID11,2,1078535,1258031,1,applied_drift,1741718152012,-20.451855659484863,-24.891540130151842
1,1,block_2,2,Provo_ID11,2,1078535,1258031,1,applied_drift,1741718152050,-20.451855659484863,-24.891540130151842
1,1,block_2,2,Provo_ID11,2,1078535,1258031,1,applied_drift,1741718152085,-20.451855659484863,-24.891540130151842
1,1,block_2,2,Provo_ID11,2,1078535,1258031,1,applied_drift,1741718152131,-20.451855659484863,-24.891540130151842
1,1,block_2,2,Provo_ID11,2,1078535,1258031,1,applied_drift,1741718152159,-20.451855659484863,-24.891540130151842
1,1,block_2,2,Provo_ID11,2,1078535,1258031,1,applied_drift,1741718152192,-20.451855659484863,-24.891540130151842
1,1,block_2,2,Provo_ID11,2,1078535,1258031,1,applied_drift,1741718152223,-20.451855659484863,-24.891540130151842
1,1,block_2,2,Provo_ID11,2,1078535,1258031,1,applied_drift,1741718152261,-20.451855659484863,-24.891540130151842
1,1,block_2,2,Provo_ID11,2,1078535,1258031,1,applied_drift,1741718152286,-20.451855659484863,-24.891540130151842
1,1,block_2,2,Provo_ID11,2,1078535,1258031,1,applied_drift,1741718152311,-20.451855659484863,-24.891540130151842
1,1,block_2,2,Provo_ID11,2,1078535,1258031,1,applied_drift,1741718152356,-20.451855659484863,-24.891540130151842
1,1,block_2,2,Provo_ID11,2,1078535,1258031,1,applied_drift,1741718152394,-20.451855659484863,-24.891540130151842
1,1,block_2,2,Provo_ID11,2,1078535,1258031,1,applied_drift,1741718152421,-20.451855659484863,-24.891540130151842
1,1,block_2,2,Provo_ID11,2,1078535,1258031,1,applied_drift,1741718152449,-20.451855659484863,-24.891540130151842
1,1,block_2,2,Provo_ID11,2,1078535,1258031,1,applied_drift,1741718152487,-20.451855659484863,-24.891540130151842
1,1,block_2,2,Provo_ID11,2,1078535,1258031,1,applied_drift,1741718152523,-20.451855659484863,-24.891540130151842
1,1,block_2,2,Provo_ID11,2,1078535,1258031,1,applied_drift,1741718152548,-20.451855659484863,-24.891540130151842
1,1,block_2,2,Provo_ID11,2,1078535,1258031,1,applied_drift,1741718152579,-20.451855659484863,-24.891540130151842
1,1,block_2,2,Provo_ID11,2,1078535,1258031,1,applied_drift,1741718152619,-20.451855659484863,-24.891540130151842
1,1,block_2,2,Provo_ID11,2,1078535,1258031,1,applied_drift,1741718152662,-20.451855659484863,-24.891540130151842
1,1,block_2,2,Provo_ID11,2,1078535,1258031,1,applied_drift,1741718152685,-20.451855659484863,-24.891540130151842
1,1,block_2,2,Provo_ID11,2,1078535,1258031,1,applied_drift,1741718152708,-20.451855659484863,-24.891540130151842
1,1,block_2,2,Provo_ID11,2,1078535,1258031,1,applied_drift,1741718152747,-20.451855659484863,-24.891540130151842
1,1,block_2,2,Provo_ID11,2,1078535,1258031,1,applied_drift,1741718152790,-20.451855659484863,-24.891540130151842
1,1,block_2,2,Provo_ID11,2,1078535,1258031,1,applied_drift,1741718152822,-20.451855659484863,-24.891540130151842
1,1,block_2,2,Provo_ID11,2,1078535,1258031,1,applied_drift,1741718152869,-20.451855659484863,-24.891540130151842
1,1,block_2,2,Provo_ID11,2,1078535,1258031,1,applied_drift,1741718152889,-20.451855659484863,-24.891540130151842
1,1,block_2,2,Provo_ID11,2,1078535,1258031,1,applied_drift,1741718152924,-20.451855659484863,-24.891540130151842
1,1,block_2,2,Provo_ID11,2,1078535,1258031,1,applied_drift,1741718152960,-20.451855659484863,-24.891540130151842
1,1,block_2,2,Provo_ID11,2,1078535,1258031,1,applied_drift,1741718152993,-20.451855659484863,-24.891540130151842
1,1,block_2,2,Provo_ID11,2,1078535,1258031,1,applied_drift,1741718153037,-20.451855659484863,-24.891540130151842
1,1,block_2,2,Provo_ID11,2,1078535,1258031,1,applied_drift,1741718153067,-20.451855659484863,-24.891540130151842
1,1,block_2,2,Provo_ID11,2,1078535,1258031,1,applied_drift,1741718153097,-20.451855659484863,-24.891540130151842
1,1,block_2,2,Provo_ID11,2,1078535,1258031,1,applied_drift,1741718153135,-20.451855659484863,-24.891540130151842
1,1,block_2,2,Provo_ID11,2,1078535,1258031,1,applied_drift,1741718153161,-20.451855659484863,-24.891540130151842
1,1,block_2,2,Provo_ID11,2,1078535,1258031,1,applied_drift,1741718153197,-20.451855659484863,-24.891540130151842
1,1,block_2,2,Provo_ID11,2,1078535,1258031,1,applied_drift,1741718153238,-20.451855659484863,-24.891540130151842
1,1,block_2,2,Provo_ID11,2,1078535,1258031,1,applied_drift,1741718153270,-20.451855659484863,-24.891540130151842
1,1,block_2,2,Provo_ID11,2,1078535,1258031,1,applied_drift,1741718153306,-20.451855659484863,-24.891540130151842
1,1,block_2,2,Provo_ID11,2,1078535,1258031,1,applied_drift,1741718153333,-20.451855659484863,-24.891540130151842
1,1,block_2,2,Provo_ID11,2,1078535,1258031,1,applied_drift,1741718153367,-20.451855659484863,-24.891540130151842
1,1,block_2,2,Provo_ID11,2,1078535,1258031,1,applied_drift,1741718153401,-20.451855659484863,-24.891540130151842
1,1,block_2,2,Provo_ID11,2,1078535,1258031,1,applied_drift,1741718153443,-20.451855659484863,-24.891540130151842
1,1,block_2,2,Provo_ID11,2,1078535,1258031,1,applied_drift,1741718153477,-20.451855659484863,-24.891540130151842
1,1,block_2,2,Provo_ID11,2,1078535,1258031,1,applied_drift,1741718153499,-20.451855659484863,-24.891540130151842
1,1,block_2,2,Provo_ID11,2,1078535,1258031,1,applied_drift,1741718153524,-20.451855659484863,-24.891540130151842
1,1,block_2,2,Provo_ID11,2,1078535,1258031,1,applied_drift,1741718153566,-20.451855659484863,-24.891540130151842
1,1,block_2,2,Provo_ID11,2,1078535,1258031,1,applied_drift,1741718153590,-20.451855659484863,-24.891540130151842
1,1,block_2,2,Provo_ID11,2,1078535,1258031,1,applied_drift,1741718153633,-20.451855659484863,-24.891540130151842
1,1,block_2,2,Provo_ID11,2,1078535,1258031,1,applied_drift,1741718153656,-20.451855659484863,-24.891540130151842
1,1,block_2,2,Provo_ID11,2,1078535,1258031,1,applied_drift,1741718153700,-20.451855659484863,-24.891540130151842
1,1,block_2,2,Provo_ID11,2,1078535,1258031,1,applied_drift,1741718153734,-20.451855659484863,-24.891540130151842
1,1,block_2,2,Provo_ID11,2,1078535,1258031,1,applied_drift,1741718153771,-20.451855659484863,-24.891540130151842
1,1,block_2,2,Provo_ID11,2,1078535,1258031,1,applied_drift,1741718153808,-20.451855659484863,-24.891540130151842
1,1,block_2,2,Provo_ID11,2,1078535,1258031,1,applied_drift,1741718153829,-20.451855659484863,-24.891540130151842
1,1,block_2,2,Provo_ID11,2,1078535,1258031,1,applied_drift,1741718153872,-20.451855659484863,-24.891540130151842
1,1,block_2,2,Provo_ID11,2,1078535,1258031,1,applied_drift,1741718153900,-20.451855659484863,-24.891540130151842
1,1,block_2,2,Provo_ID11,2,1078535,1258031,1,applied_drift,1741718153928,-20.451855659484863,-24.891540130151842
1,1,block_2,2,Provo_ID11,2,1078535,1258031,1,applied_drift,1741718153968,-20.451855659484863,-24.891540130151842
1,1,block_2,2,Provo_ID11,2,1078535,1258031,1,applied_drift,1741718153992,-20.451855659484863,-24.891540130151842
1,1,block_2,2,Provo_ID11,2,1078535,1258031,1,applied_drift,1741718154035,-20.451855659484863,-24.891540130151842
1,1,block_2,2,Provo_ID11,2,1078535,1258031,1,applied_drift,1741718154064,-20.451855659484863,-24.891540130151842
1,1,block_2,2,Provo_ID11,2,1078535,1258031,1,applied_drift,1741718154119,-20.451855659484863,-24.891540130151842
1,1,block_2,2,Provo_ID11,2,1078535,1258031,1,applied_drift,1741718154147,-20.451855659484863,-24.891540130151842
1,1,block_2,2,Provo_ID11,2,1078535,1258031,1,applied_drift,1741718154174,-20.451855659484863,-24.891540130151842
1,1,block_2,2,Provo_ID11,2,1078535,1258031,1,applied_drift,1741718154215,-20.451855659484863,-24.891540130151842
1,1,block_2,2,Provo_ID11,2,1078535,1258031,1,applied_drift,1741718154237,-20.451855659484863,-24.891540130151842
1,1,block_2,2,Provo_ID11,2,1078535,1258031,1,applied_drift,1741718154261,-20.451855659484863,-24.891540130151842
1,1,block_2,2,Provo_ID11,2,1078535,1258031,1,applied_drift,1741718154306,-20.451855659484863,-24.891540130151842
1,1,block_2,2,Provo_ID11,2,1078535,1258031,1,applied_drift,1741718154338,-20.451855659484863,-24.891540130151842
1,1,block_2,2,Provo_ID11,2,1078535,1258031,1,applied_drift,1741718154384,-20.451855659484863,-24.891540130151842
1,1,block_2,2,Provo_ID11,2,1078535,1258031,1,applied_drift,1741718154409,-20.451855659484863,-24.891540130151842
1,1,block_2,2,Provo_ID11,2,1078535,1258031,1,applied_drift,1741718154438,-20.451855659484863,-24.891540130151842
1,1,block_2,2,Provo_ID11,2,1078535,1258031,1,applied_drift,1741718154471,-20.451855659484863,-24.891540130151842
1,1,block_2,2,Provo_ID11,2,1078535,1258031,1,applied_drift,1741718154500,-20.451855659484863,-24.891540130151842
1,1,block_2,2,Provo_ID11,2,1078535,1258031,1,applied_drift,1741718154545,-20.451855659484863,-24.891540130151842
1,1,block_2,2,Provo_ID11,2,1078535,1258031,1,applied_drift,1741718154570,-20.451855659484863,-24.891540130151842
1,1,block_2,2,Provo_ID11,2,1078535,1258031,1,applied_drift,1741718154604,-20.451855659484863,-24.891540130151842
1,1,block_2,2,Provo_ID11,2,1078535,1258031,1,applied_drift,1741718154645,-20.451855659484863,-24.891540130151842
1,1,block_2,2,Provo_ID11,2,1078535,1258031,1,applied_drift,1741718154666,-20.451855659484863,-24.891540130151842
1,1,block_2,2,Provo_ID11,2,1078535,1258031,1,applied_drift,1741718154710,-20.451855659484863,-24.891540130151842
1,1,block_2,2,Provo_ID11,2,1078535,1258031,1,applied_drift,1741718154750,-20.451855659484863,-24.891540130151842
1,1,block_2,2,Provo_ID11,2,1078535,1258031,1,applied_drift,1741718154782,-20.451855659484863,-24.891540130151842
1,1,block_2,2,Provo_ID11,2,1078535,1258031,1,applied_drift,1741718154809,-20.451855659484863,-24.891540130151842
1,1,block_2,2,Provo_ID11,2,1078535,1258031,1,applied_drift,1741718154841,-20.451855659484863,-24.891540130151842
1,1,block_2,2,Provo_ID11,2,1078535,1258031,1,applied_drift,1741718154873,-20.451855659484863,-24.891540130151842
1,1,block_2,2,Provo_ID11,2,1078535,1258031,1,applied_drift,1741718154907,-20.451855659484863,-24.891540130151842
1,1,block_2,2,Provo_ID11,2,1078535,1258031,1,applied_drift,1741718154944,-20.451855659484863,-24.891540130151842
1,1,block_2,2,Provo_ID11,2,1078535,1258031,1,applied_drift,1741718154978,-20.451855659484863,-24.891540130151842
1,1,block_2,2,Provo_ID11,2,1078535,1258031,1,applied_drift,1741718155007,-20.451855659484863,-24.891540130151842
1,1,block_2,2,Provo_ID11,2,1078535,1258031,1,applied_drift,1741718155033,-20.451855659484863,-24.891540130151842
1,1,block_2,2,Provo_ID11,2,1078535,1258031,1,applied_drift,1741718155071,-20.451855659484863,-24.891540130151842
1,1,block_2,2,Provo_ID11,2,1078535,1258031,1,applied_drift,1741718155108,-20.451855659484863,-24.891540130151842
1,1,block_2,2,Provo_ID11,2,1078535,1258031,1,applied_drift,1741718155131,-20.451855659484863,-24.891540130151842
1,1,block_2,2,Provo_ID11,2,1078535,1258031,1,applied_drift,1741718155173,-20.451855659484863,-24.891540130151842
1,1,block_2,2,Provo_ID11,2,1078535,1258031,1,applied_drift,1741718155210,-20.451855659484863,-24.891540130151842
1,1,block_2,2,Provo_ID11,2,1078535,1258031,1,applied_drift,1741718155243,-20.451855659484863,-24.891540130151842
1,1,block_2,2,Provo_ID11,2,1078535,1258031,1,applied_drift,1741718155281,-20.451855659484863,-24.891540130151842
1,1,block_2,2,Provo_ID11,2,1078535,1258031,1,applied_drift,1741718155314,-20.451855659484863,-24.891540130151842
1,1,block_2,2,Provo_ID11,2,1078535,1258031,1,applied_drift,1741718155340,-20.451855659484863,-24.891540130151842
1,1,block_2,2,Provo_ID11,2,1078535,1258031,1,applied_drift,1741718155372,-20.451855659484863,-24.891540130151842
1,1,block_2,2,Provo_ID11,2,1078535,1258031,1,applied_drift,1741718155412,-20.451855659484863,-24.891540130151842
1,1,block_2,2,Provo_ID11,2,1078535,1258031,1,applied_drift,1741718155440,-20.451855659484863,-24.891540130151842
1,1,block_2,2,Provo_ID11,2,1078535,1258031,1,applied_drift,1741718155471,-20.451855659484863,-24.891540130151842
1,1,block_2,2,Provo_ID11,2,1078535,1258031,1,applied_drift,1741718155511,-20.451855659484863,-24.891540130151842
1,1,block_2,2,Provo_ID11,2,1078535,1258031,1,applied_drift,1741718155552,-20.451855659484863,-24.891540130151842
1,1,block_2,2,Provo_ID11,2,1078535,1258031,1,applied_drift,1741718155576,-20.451855659484863,-24.891540130151842
1,1,block_2,2,Provo_ID11,2,1078535,1258031,1,applied_drift,1741718155609,-20.451855659484863,-24.891540130151842
1,1,block_2,2,Provo_ID11,2,1078535,1258031,1,applied_drift,1741718155641,-20.451855659484863,-24.891540130151842
1,1,block_2,2,Provo_ID11,2,1078535,1258031,1,applied_drift,1741718155669,-20.451855659484863,-24.891540130151842
1,1,block_2,2,Provo_ID11,2,1078535,1258031,1,applied_drift,1741718155708,-20.451855659484863,-24.891540130151842
1,1,block_2,2,Provo_ID11,2,1078535,1258031,1,applied_drift,1741718155745,-20.451855659484863,-24.891540130151842
1,1,block_2,2,Provo_ID11,2,1078535,1258031,1,applied_drift,1741718155773,-20.451855659484863,-24.891540130151842
1,1,block_2,2,Provo_ID11,2,1078535,1258031,1,applied_drift,1741718155806,-20.451855659484863,-24.891540130151842
1,1,block_2,2,Provo_ID11,2,1078535,1258031,1,applied_drift,1741718155845,-20.451855659484863,-24.891540130151842
1,1,block_2,2,Provo_ID11,2,1078535,1258031,1,applied_drift,1741718155877,-20.451855659484863,-24.891540130151842
1,1,block_2,2,Provo_ID11,2,1078535,1258031,1,applied_drift,1741718155899,-20.451855659484863,-24.891540130151842
1,1,block_2,2,Provo_ID11,2,1078535,1258031,1,applied_drift,1741718155940,-20.451855659484863,-24.891540130151842
1,1,block_2,2,Provo_ID11,2,1078535,1258031,1,applied_drift,1741718155979,-20.451855659484863,-24.891540130151842
1,1,block_2,2,Provo_ID11,2,1078535,1258031,1,applied_drift,1741718156012,-20.451855659484863,-24.891540130151842
1,1,block_2,2,Provo_ID11,2,1078535,1258031,1,applied_drift,1741718156046,-20.451855659484863,-24.891540130151842
1,1,block_2,2,Provo_ID11,2,1078535,1258031,1,applied_drift,1741718156073,-20.451855659484863,-24.891540130151842
1,1,block_2,2,Provo_ID11,2,1078535,1258031,1,applied_drift,1741718156096,-20.451855659484863,-24.891540130151842
1,1,block_2,2,Provo_ID11,2,1078535,1258031,1,applied_drift,1741718156145,-20.451855659484863,-24.891540130151842
1,1,block_2,2,Provo_ID11,2,1078535,1258031,1,applied_drift,1741718156178,-20.451855659484863,-24.891540130151842
1,1,block_2,2,Provo_ID11,2,1078535,1258031,1,applied_drift,1741718156199,-20.451855659484863,-24.891540130151842
1,1,block_2,2,Provo_ID11,2,1078535,1258031,1,applied_drift,1741718156245,-20.451855659484863,-24.891540130151842
1,1,block_2,2,Provo_ID11,2,1078535,1258031,1,applied_drift,1741718156277,-20.451855659484863,-24.891540130151842
1,1,block_2,2,Provo_ID11,2,1078535,1258031,1,applied_drift,1741718156300,-20.451855659484863,-24.891540130151842
1,1,block_2,2,Provo_ID11,2,1078535,1258031,1,applied_drift,1741718156342,-20.451855659484863,-24.891540130151842
1,1,block_2,2,Provo_ID11,2,1078535,1258031,1,applied_drift,1741718156373,-20.451855659484863,-24.891540130151842
1,1,block_2,2,Provo_ID11,2,1078535,1258031,1,applied_drift,1741718156415,-20.451855659484863,-24.891540130151842
1,1,block_2,2,Provo_ID11,2,1078535,1258031,1,applied_drift,1741718156433,-20.451855659484863,-24.891540130151842
1,1,block_2,2,Provo_ID11,2,1078535,1258031,1,applied_drift,1741718156475,-20.451855659484863,-24.891540130151842
1,1,block_2,2,Provo_ID11,2,1078535,1258031,1,applied_drift,1741718156503,-20.451855659484863,-24.891540130151842
1,1,block_2,2,Provo_ID11,2,1078535,1258031,1,applied_drift,1741718156533,-20.451855659484863,-24.891540130151842
1,1,block_2,2,Provo_ID11,2,1078535,1258031,1,applied_drift,1741718156579,-20.451855659484863,-24.891540130151842
1,1,block_2,2,Provo_ID11,2,1078535,1258031,1,applied_drift,1741718156613,-20.451855659484863,-24.891540130151842
1,1,block_2,2,Provo_ID11,2,1078535,1258031,1,applied_drift,1741718156650,-20.451855659484863,-24.891540130151842
1,1,block_2,2,Provo_ID11,2,1078535,1258031,1,applied_drift,1741718156683,-20.451855659484863,-24.891540130151842
1,1,block_2,2,Provo_ID11,2,1078535,1258031,1,applied_drift,1741718156711,-20.451855659484863,-24.891540130151842
1,1,block_2,2,Provo_ID11,2,1078535,1258031,1,applied_drift,1741718156758,-20.451855659484863,-24.891540130151842
1,1,block_2,2,Provo_ID11,2,1078535,1258031,1,applied_drift,1741718156787,-20.451855659484863,-24.891540130151842
1,1,block_2,2,Provo_ID11,2,1078535,1258031,1,applied_drift,1741718156815,-20.451855659484863,-24.891540130151842
1,1,block_2,2,Provo_ID11,2,1078535,1258031,1,applied_drift,1741718156841,-20.451855659484863,-24.891540130151842
1,1,block_2,2,Provo_ID11,2,1078535,1258031,1,applied_drift,1741718156889,-20.451855659484863,-24.891540130151842
1,1,block_2,2,Provo_ID11,2,1078535,1258031,1,applied_drift,1741718156927,-20.451855659484863,-24.891540130151842
1,1,block_2,2,Provo_ID11,2,1078535,1258031,1,applied_drift,1741718156953,-20.451855659484863,-24.891540130151842
1,1,block_2,2,Provo_ID11,2,1078535,1258031,1,applied_drift,1741718156977,-20.451855659484863,-24.891540130151842
1,1,block_2,2,Provo_ID11,2,1078535,1258031,1,applied_drift,1741718157019,-20.451855659484863,-24.891540130151842
1,1,block_2,2,Provo_ID11,2,1078535,1258031,1,applied_drift,1741718157044,-20.451855659484863,-24.891540130151842
1,1,block_2,2,Provo_ID11,2,1078535,1258031,1,applied_drift,1741718157078,-20.451855659484863,-24.891540130151842
1,1,block_2,2,Provo_ID11,2,1078535,1258031,1,applied_drift,1741718157119,-20.451855659484863,-24.891540130151842
1,1,block_2,2,Provo_ID11,2,1078535,1258031,1,applied_drift,1741718157144,-20.451855659484863,-24.891540130151842
1,1,block_2,2,Provo_ID11,2,1078535,1258031,1,applied_drift,1741718157186,-20.451855659484863,-24.891540130151842
1,1,block_2,2,Provo_ID11,2,1078535,1258031,1,applied_drift,1741718157221,-20.451855659484863,-24.891540130151842
1,1,block_2,2,Provo_ID11,2,1078535,1258031,1,applied_drift,1741718157248,-20.451855659484863,-24.891540130151842
1,1,block_2,2,Provo_ID11,2,1078535,1258031,1,applied_drift,1741718157292,-20.451855659484863,-24.891540130151842
1,1,block_2,2,Provo_ID11,2,1078535,1258031,1,applied_drift,1741718157319,-20.451855659484863,-24.891540130151842
1,1,block_2,2,Provo_ID11,2,1078535,1258031,1,applied_drift,1741718157351,-20.451855659484863,-24.891540130151842
1,1,block_2,2,Provo_ID11,2,1078535,1258031,1,applied_drift,1741718157382,-20.451855659484863,-24.891540130151842
1,1,block_2,2,Provo_ID11,2,1078535,1258031,1,applied_drift,1741718157420,-20.451855659484863,-24.891540130151842
1,1,block_2,2,Provo_ID11,2,1078535,1258031,1,applied_drift,1741718157467,-20.451855659484863,-24.891540130151842
1,1,block_2,2,Provo_ID11,2,1078535,1258031,1,applied_drift,1741718157502,-20.451855659484863,-24.891540130151842
1,1,block_2,2,Provo_ID11,2,1078535,1258031,1,applied_drift,1741718157530,-20.451855659484863,-24.891540130151842
1,1,block_2,2,Provo_ID11,2,1078535,1258031,1,applied_drift,1741718157575,-20.451855659484863,-24.891540130151842
1,1,block_2,2,Provo_ID11,2,1078535,1258031,1,applied_drift,1741718157601,-20.451855659484863,-24.891540130151842
1,1,block_2,2,Provo_ID11,2,1078535,1258031,1,applied_drift,1741718157634,-20.451855659484863,-24.891540130151842
1,1,block_2,2,Provo_ID11,2,1078535,1258031,1,applied_drift,1741718157663,-20.451855659484863,-24.891540130151842
1,1,block_2,2,Provo_ID11,2,1078535,1258031,1,applied_drift,1741718157687,-20.451855659484863,-24.891540130151842
1,1,block_2,2,Provo_ID11,2,1078535,1258031,1,applied_drift,1741718157735,-20.451855659484863,-24.891540130151842
1,1,block_2,2,Provo_ID11,2,1078535,1258031,1,applied_drift,1741718157752,-20.451855659484863,-24.891540130151842
1,1,block_2,2,Provo_ID11,2,1078535,1258031,1,applied_drift,1741718157793,-20.451855659484863,-24.891540130151842
1,1,block_2,2,Provo_ID11,2,1078535,1258031,1,applied_drift,1741718157822,-20.451855659484863,-24.891540130151842
1,1,block_2,2,Provo_ID11,2,1078535,1258031,1,applied_drift,1741718157870,-20.451855659484863,-24.891540130151842
1,1,block_2,2,Provo_ID11,2,1078535,1258031,1,applied_drift,1741718157893,-20.451855659484863,-24.891540130151842
1,1,block_2,2,Provo_ID11,2,1078535,1258031,1,applied_drift,1741718157936,-20.451855659484863,-24.891540130151842
1,1,block_2,2,Provo_ID11,2,1078535,1258031,1,applied_drift,1741718157963,-20.451855659484863,-24.891540130151842
1,1,block_2,2,Provo_ID11,2,1078535,1258031,1,applied_drift,1741718158000,-20.451855659484863,-24.891540130151842
1,1,block_2,2,Provo_ID11,2,1078535,1258031,1,applied_drift,1741718158034,-20.451855659484863,-24.891540130151842
1,1,block_2,2,Provo_ID11,2,1078535,1258031,1,applied_drift,1741718158067,-20.451855659484863,-24.891540130151842
1,1,block_2,2,Provo_ID11,2,1078535,1258031,1,applied_drift,1741718158108,-20.451855659484863,-24.891540130151842
1,1,block_2,2,Provo_ID11,2,1078535,1258031,1,applied_drift,1741718158132,-20.451855659484863,-24.891540130151842
1,1,block_2,2,Provo_ID11,2,1078535,1258031,1,applied_drift,1741718158163,-20.451855659484863,-24.891540130151842
1,1,block_2,2,Provo_ID11,2,1078535,1258031,1,applied_drift,1741718158202,-20.451855659484863,-24.891540130151842
1,1,block_2,2,Provo_ID11,2,1078535,1258031,1,applied_drift,1741718158222,-20.451855659484863,-24.891540130151842
1,1,block_2,2,Provo_ID11,2,1078535,1258031,1,applied_drift,1741718158266,-20.451855659484863,-24.891540130151842
1,1,block_2,2,Provo_ID11,2,1078535,1258031,1,applied_drift,1741718158304,-20.451855659484863,-24.891540130151842
1,1,block_2,2,Provo_ID11,2,1078535,1258031,1,applied_drift,1741718158320,-20.451855659484863,-24.891540130151842
1,1,block_2,2,Provo_ID11,2,1078535,1258031,1,applied_drift,1741718158359,-20.451855659484863,-24.891540130151842
1,1,block_2,2,Provo_ID11,2,1078535,1258031,1,applied_drift,1741718158396,-20.451855659484863,-24.891540130151842
1,1,block_2,2,Provo_ID11,2,1078535,1258031,1,applied_drift,1741718158430,-20.451855659484863,-24.891540130151842
1,1,block_2,2,Provo_ID11,2,1078535,1258031,1,applied_drift,1741718158456,-20.451855659484863,-24.891540130151842
1,1,block_2,2,Provo_ID11,2,1078535,1258031,1,applied_drift,1741718158498,-20.451855659484863,-24.891540130151842
1,1,block_2,2,Provo_ID11,2,1078535,1258031,1,applied_drift,1741718158544,-20.451855659484863,-24.891540130151842
1,1,block_2,2,Provo_ID11,2,1078535,1258031,1,applied_drift,1741718158566,-20.451855659484863,-24.891540130151842
1,1,block_2,2,Provo_ID11,2,1078535,1258031,1,applied_drift,1741718158594,-20.451855659484863,-24.891540130151842
1,1,block_2,2,Provo_ID11,2,1078535,1258031,1,applied_drift,1741718158639,-20.451855659484863,-24.891540130151842
1,1,block_2,2,Provo_ID11,2,1078535,1258031,1,applied_drift,1741718158675,-20.451855659484863,-24.891540130151842
1,1,block_2,2,Provo_ID11,2,1078535,1258031,1,applied_drift,1741718158708,-20.451855659484863,-24.891540130151842
1,1,block_2,2,Provo_ID11,2,1078535,1258031,1,applied_drift,1741718158739,-20.451855659484863,-24.891540130151842
1,1,block_2,2,Provo_ID11,2,1078535,1258031,1,applied_drift,1741718158763,-20.451855659484863,-24.891540130151842
1,1,block_2,2,Provo_ID11,2,1078535,1258031,1,applied_drift,1741718158802,-20.451855659484863,-24.891540130151842
1,1,block_2,2,Provo_ID11,2,1078535,1258031,1,applied_drift,1741718158841,-20.451855659484863,-24.891540130151842
1,1,block_2,2,Provo_ID11,2,1078535,1258031,1,applied_drift,1741718158865,-20.451855659484863,-24.891540130151842
1,1,block_2,2,Provo_ID11,2,1078535,1258031,1,applied_drift,1741718158894,-20.451855659484863,-24.891540130151842
1,1,block_2,2,Provo_ID11,2,1078535,1258031,1,applied_drift,1741718158928,-20.451855659484863,-24.891540130151842
1,1,block_2,2,Provo_ID11,2,1078535,1258031,1,applied_drift,1741718158960,-20.451855659484863,-24.891540130151842
1,1,block_2,2,Provo_ID11,2,1078535,1258031,1,applied_drift,1741718159002,-20.451855659484863,-24.891540130151842
1,1,block_2,2,Provo_ID11,2,1078535,1258031,1,applied_drift,1741718159022,-20.451855659484863,-24.891540130151842
1,1,block_2,2,Provo_ID11,2,1078535,1258031,1,applied_drift,1741718159055,-20.451855659484863,-24.891540130151842
1,1,block_2,2,Provo_ID11,2,1078535,1258031,1,applied_drift,1741718159090,-20.451855659484863,-24.891540130151842
1,1,block_2,2,Provo_ID11,2,1078535,1258031,1,applied_drift,1741718159120,-20.451855659484863,-24.891540130151842
1,1,block_2,2,Provo_ID11,2,1078535,1258031,1,applied_drift,1741718159160,-20.451855659484863,-24.891540130151842
1,1,block_2,2,Provo_ID11,2,1078535,1258031,1,applied_drift,1741718159194,-20.451855659484863,-24.891540130151842
1,1,block_2,2,Provo_ID11,2,1078535,1258031,1,applied_drift,1741718159230,-20.451855659484863,-24.891540130151842
1,1,block_2,2,Provo_ID11,2,1078535,1258031,1,applied_drift,1741718159265,-20.451855659484863,-24.891540130151842
1,1,block_2,2,Provo_ID11,2,1078535,1258031,1,applied_drift,1741718159297,-20.451855659484863,-24.891540130151842
1,1,block_2,2,Provo_ID11,2,1078535,1258031,1,applied_drift,1741718159329,-20.451855659484863,-24.891540130151842
1,1,block_2,2,Provo_ID11,2,1078535,1258031,1,applied_drift,1741718159364,-20.451855659484863,-24.891540130151842
1,1,block_2,2,Provo_ID11,2,1078535,1258031,1,applied_drift,1741718159396,-20.451855659484863,-24.891540130151842
1,1,block_2,2,Provo_ID11,2,1078535,1258031,1,applied_drift,1741718159429,-20.451855659484863,-24.891540130151842
1,1,block_2,2,Provo_ID11,2,1078535,1258031,1,applied_drift,1741718159463,-20.451855659484863,-24.891540130151842
1,1,block_2,2,Provo_ID11,2,1078535,1258031,1,applied_drift,1741718159494,-20.451855659484863,-24.891540130151842
1,1,block_2,2,Provo_ID11,2,1078535,1258031,1,applied_drift,1741718159533,-20.451855659484863,-24.891540130151842
1,1,block_2,2,Provo_ID11,2,1078535,1258031,1,applied_drift,1741718159557,-20.451855659484863,-24.891540130151842
1,1,block_2,2,Provo_ID11,2,1078535,1258031,1,applied_drift,1741718159599,-20.451855659484863,-24.891540130151842
1,1,block_2,2,Provo_ID11,2,1078535,1258031,1,applied_drift,1741718159634,-20.451855659484863,-24.891540130151842
1,1,block_2,2,Provo_ID11,2,1078535,1258031,1,applied_drift,1741718159672,-20.451855659484863,-24.891540130151842
1,1,block_2,2,Provo_ID11,2,1078535,1258031,1,applied_drift,1741718159696,-20.451855659484863,-24.891540130151842
1,1,block_2,2,Provo_ID11,2,1078535,1258031,1,applied_drift,1741718159734,-20.451855659484863,-24.891540130151842
1,1,block_2,2,Provo_ID11,2,1078535,1258031,1,applied_drift,1741718159765,-20.451855659484863,-24.891540130151842
1,1,block_2,2,Provo_ID11,2,1078535,1258031,1,applied_drift,1741718159804,-20.451855659484863,-24.891540130151842
1,1,block_2,2,Provo_ID11,2,1078535,1258031,1,applied_drift,1741718159832,-20.451855659484863,-24.891540130151842
1,1,block_2,2,Provo_ID11,2,1078535,1258031,1,applied_drift,1741718159865,-20.451855659484863,-24.891540130151842
1,1,block_2,2,Provo_ID11,2,1078535,1258031,1,applied_drift,1741718159893,-20.451855659484863,-24.891540130151842
1,1,block_2,2,Provo_ID11,2,1078535,1258031,1,applied_drift,1741718159922,-20.451855659484863,-24.891540130151842
1,1,block_2,2,Provo_ID11,2,1078535,1258031,1,applied_drift,1741718159957,-20.451855659484863,-24.891540130151842
1,1,block_2,2,Provo_ID11,2,1078535,1258031,1,applied_drift,1741718160001,-20.451855659484863,-24.891540130151842
1,1,block_2,2,Provo_ID11,2,1078535,1258031,1,applied_drift,1741718160029,-20.451855659484863,-24.891540130151842
1,1,block_2,2,Provo_ID11,2,1078535,1258031,1,applied_drift,1741718160056,-20.451855659484863,-24.891540130151842
1,1,block_2,2,Provo_ID11,2,1078535,1258031,1,applied_drift,1741718160093,-20.451855659484863,-24.891540130151842
1,1,block_2,2,Provo_ID11,2,1078535,1258031,1,applied_drift,1741718160131,-20.451855659484863,-24.891540130151842
1,1,block_2,2,Provo_ID11,2,1078535,1258031,1,applied_drift,1741718160168,-20.451855659484863,-24.891540130151842
1,1,block_2,2,Provo_ID11,2,1078535,1258031,1,applied_drift,1741718160203,-20.451855659484863,-24.891540130151842
1,1,block_2,2,Provo_ID11,2,1078535,1258031,1,applied_drift,1741718160232,-20.451855659484863,-24.891540130151842
1,1,block_2,2,Provo_ID11,2,1078535,1258031,1,applied_drift,1741718160257,-20.451855659484863,-24.891540130151842
1,1,block_2,2,Provo_ID11,2,1078535,1258031,1,applied_drift,1741718160289,-20.451855659484863,-24.891540130151842
1,1,block_2,2,Provo_ID11,2,1078535,1258031,1,applied_drift,1741718160322,-20.451855659484863,-24.891540130151842
1,1,block_2,2,Provo_ID11,2,1078535,1258031,1,applied_drift,1741718160362,-20.451855659484863,-24.891540130151842
1,1,block_2,2,Provo_ID11,2,1078535,1258031,1,applied_drift,1741718160396,-20.451855659484863,-24.891540130151842
1,1,block_2,2,Provo_ID11,2,1078535,1258031,1,applied_drift,1741718160440,-20.451855659484863,-24.891540130151842
1,1,block_2,2,Provo_ID11,2,1078535,1258031,1,applied_drift,1741718160473,-20.451855659484863,-24.891540130151842
1,1,block_2,2,Provo_ID11,2,1078535,1258031,1,applied_drift,1741718160500,-20.451855659484863,-24.891540130151842
1,1,block_2,2,Provo_ID11,2,1078535,1258031,1,applied_drift,1741718160546,-20.451855659484863,-24.891540130151842
1,1,block_2,2,Provo_ID11,2,1078535,1258031,1,applied_drift,1741718160577,-20.451855659484863,-24.891540130151842
1,1,block_2,2,Provo_ID11,2,1078535,1258031,1,applied_drift,1741718160608,-20.451855659484863,-24.891540130151842
1,1,block_2,2,Provo_ID11,2,1078535,1258031,1,applied_drift,1741718160633,-20.451855659484863,-24.891540130151842
1,1,block_2,2,Provo_ID11,2,1078535,1258031,1,applied_drift,1741718160659,-20.451855659484863,-24.891540130151842
1,1,block_2,2,Provo_ID11,2,1078535,1258031,1,applied_drift,1741718160701,-20.451855659484863,-24.891540130151842
1,1,block_2,2,Provo_ID11,2,1078535,1258031,1,applied_drift,1741718160741,-20.451855659484863,-24.891540130151842
1,1,block_2,2,Provo_ID11,2,1078535,1258031,1,applied_drift,1741718160767,-20.451855659484863,-24.891540130151842
1,1,block_2,2,Provo_ID11,2,1078535,1258031,1,applied_drift,1741718160809,-20.451855659484863,-24.891540130151842
1,1,block_2,2,Provo_ID11,2,1078535,1258031,1,applied_drift,1741718160840,-20.451855659484863,-24.891540130151842
1,1,block_2,2,Provo_ID11,2,1078535,1258031,1,applied_drift,1741718160870,-20.451855659484863,-24.891540130151842
1,1,block_2,2,Provo_ID11,2,1078535,1258031,1,applied_drift,1741718160907,-20.451855659484863,-24.891540130151842
1,1,block_2,2,Provo_ID11,2,1078535,1258031,1,applied_drift,1741718160929,-20.451855659484863,-24.891540130151842
1,1,block_2,2,Provo_ID11,2,1078535,1258031,1,applied_drift,1741718160968,-20.451855659484863,-24.891540130151842
1,1,block_2,2,Provo_ID11,2,1078535,1258031,1,applied_drift,1741718161013,-20.451855659484863,-24.891540130151842
1,1,block_2,2,Provo_ID11,2,1078535,1258031,1,applied_drift,1741718161031,-20.451855659484863,-24.891540130151842
1,1,block_2,2,Provo_ID11,2,1078535,1258031,1,applied_drift,1741718161072,-20.451855659484863,-24.891540130151842
1,1,block_2,2,Provo_ID11,2,1078535,1258031,1,applied_drift,1741718161110,-20.451855659484863,-24.891540130151842
1,1,block_2,2,Provo_ID11,2,1078535,1258031,1,applied_drift,1741718161133,-20.451855659484863,-24.891540130151842
1,1,block_2,2,Provo_ID11,2,1078535,1258031,1,applied_drift,1741718161172,-20.451855659484863,-24.891540130151842
1,1,block_2,2,Provo_ID11,2,1078535,1258031,1,applied_drift,1741718161197,-20.451855659484863,-24.891540130151842
1,1,block_2,2,Provo_ID11,2,1078535,1258031,1,applied_drift,1741718161230,-20.451855659484863,-24.891540130151842
1,1,block_2,2,Provo_ID11,2,1078535,1258031,1,applied_drift,1741718161264,-20.451855659484863,-24.891540130151842
1,1,block_2,2,Provo_ID11,2,1078535,1258031,1,applied_drift,1741718161289,-20.451855659484863,-24.891540130151842
1,1,block_2,2,Provo_ID11,2,1078535,1258031,1,applied_drift,1741718161326,-20.451855659484863,-24.891540130151842
1,1,block_2,2,Provo_ID11,2,1078535,1258031,1,applied_drift,1741718161358,-20.451855659484863,-24.891540130151842
1,1,block_2,2,Provo_ID11,2,1078535,1258031,1,applied_drift,1741718161387,-20.451855659484863,-24.891540130151842
1,1,block_2,2,Provo_ID11,2,1078535,1258031,1,applied_drift,1741718161433,-20.451855659484863,-24.891540130151842
1,1,block_2,2,Provo_ID11,2,1078535,1258031,1,applied_drift,1741718161459,-20.451855659484863,-24.891540130151842
1,1,block_2,2,Provo_ID11,2,1078535,1258031,1,applied_drift,1741718161503,-20.451855659484863,-24.891540130151842
1,1,block_2,2,Provo_ID11,2,1078535,1258031,1,applied_drift,1741718161535,-20.451855659484863,-24.891540130151842
1,1,block_2,2,Provo_ID11,2,1078535,1258031,1,applied_drift,1741718161574,-20.451855659484863,-24.891540130151842
1,1,block_2,2,Provo_ID11,2,1078535,1258031,1,applied_drift,1741718161613,-20.451855659484863,-24.891540130151842
1,1,block_2,2,Provo_ID11,2,1078535,1258031,1,applied_drift,1741718161646,-20.451855659484863,-24.891540130151842
1,1,block_2,2,Provo_ID11,2,1078535,1258031,1,applied_drift,1741718161671,-20.451855659484863,-24.891540130151842
1,1,block_2,2,Provo_ID11,2,1078535,1258031,1,applied_drift,1741718161709,-20.451855659484863,-24.891540130151842
1,1,block_2,2,Provo_ID11,2,1078535,1258031,1,applied_drift,1741718161750,-20.451855659484863,-24.891540130151842
1,1,block_2,2,Provo_ID11,2,1078535,1258031,1,applied_drift,1741718161765,-20.451855659484863,-24.891540130151842
1,1,block_2,2,Provo_ID11,2,1078535,1258031,1,applied_drift,1741718161804,-20.451855659484863,-24.891540130151842
1,1,block_2,2,Provo_ID11,2,1078535,1258031,1,applied_drift,1741718161836,-20.451855659484863,-24.891540130151842
1,1,block_2,2,Provo_ID11,2,1078535,1258031,1,applied_drift,1741718161866,-20.451855659484863,-24.891540130151842
1,1,block_2,2,Provo_ID11,2,1078535,1258031,1,applied_drift,1741718161908,-20.451855659484863,-24.891540130151842
1,1,block_2,2,Provo_ID11,2,1078535,1258031,1,applied_drift,1741718161946,-20.451855659484863,-24.891540130151842
1,1,block_2,2,Provo_ID11,2,1078535,1258031,1,applied_drift,1741718161976,-20.451855659484863,-24.891540130151842
1,1,block_2,2,Provo_ID11,2,1078535,1258031,1,applied_drift,1741718162006,-20.451855659484863,-24.891540130151842
1,1,block_2,2,Provo_ID11,2,1078535,1258031,1,applied_drift,1741718162045,-20.451855659484863,-24.891540130151842
1,1,block_2,2,Provo_ID11,2,1078535,1258031,1,applied_drift,1741718162069,-20.451855659484863,-24.891540130151842
1,1,block_2,2,Provo_ID11,2,1078535,1258031,1,applied_drift,1741718162114,-20.451855659484863,-24.891540130151842
1,1,block_2,2,Provo_ID11,2,1078535,1258031,1,applied_drift,1741718162145,-20.451855659484863,-24.891540130151842
1,1,block_2,2,Provo_ID11,2,1078535,1258031,1,applied_drift,1741718162181,-20.451855659484863,-24.891540130151842
1,1,block_2,2,Provo_ID11,2,1078535,1258031,1,applied_drift,1741718162205,-20.451855659484863,-24.891540130151842
1,1,block_2,2,Provo_ID11,2,1078535,1258031,1,applied_drift,1741718162236,-20.451855659484863,-24.891540130151842
1,1,block_2,2,Provo_ID11,2,1078535,1258031,1,applied_drift,1741718162272,-20.451855659484863,-24.891540130151842
1,1,block_2,2,Provo_ID11,2,1078535,1258031,1,applied_drift,1741718162307,-20.451855659484863,-24.891540130151842
1,1,block_2,2,Provo_ID11,2,1078535,1258031,1,applied_drift,1741718162344,-20.451855659484863,-24.891540130151842
1,1,block_2,2,Provo_ID11,2,1078535,1258031,1,applied_drift,1741718162363,-20.451855659484863,-24.891540130151842
1,1,block_2,2,Provo_ID11,2,1078535,1258031,1,applied_drift,1741718162414,-20.451855659484863,-24.891540130151842
1,1,block_2,2,Provo_ID11,2,1078535,1258031,1,applied_drift,1741718162436,-20.451855659484863,-24.891540130151842
1,1,block_2,2,Provo_ID11,2,1078535,1258031,1,applied_drift,1741718162470,-20.451855659484863,-24.891540130151842
1,1,block_2,2,Provo_ID11,2,1078535,1258031,1,applied_drift,1741718162506,-20.451855659484863,-24.891540130151842
1,1,block_2,2,Provo_ID11,2,1078535,1258031,1,applied_drift,1741718162539,-20.451855659484863,-24.891540130151842
1,1,block_2,2,Provo_ID11,2,1078535,1258031,1,applied_drift,1741718162580,-20.451855659484863,-24.891540130151842
1,1,block_2,2,Provo_ID11,2,1078535,1258031,1,applied_drift,1741718162619,-20.451855659484863,-24.891540130151842
1,1,block_2,2,Provo_ID11,2,1078535,1258031,1,applied_drift,1741718162646,-20.451855659484863,-24.891540130151842
1,1,block_2,2,Provo_ID11,2,1078535,1258031,1,applied_drift,1741718162678,-20.451855659484863,-24.891540130151842
1,1,block_2,2,Provo_ID11,2,1078535,1258031,1,applied_drift,1741718162712,-20.451855659484863,-24.891540130151842
1,1,block_2,2,Provo_ID11,2,1078535,1258031,1,applied_drift,1741718162754,-20.451855659484863,-24.891540130151842
1,1,block_2,2,Provo_ID11,2,1078535,1258031,1,applied_drift,1741718162780,-20.451855659484863,-24.891540130151842
1,1,block_2,2,Provo_ID11,2,1078535,1258031,1,applied_drift,1741718162811,-20.451855659484863,-24.891540130151842
1,1,block_2,2,Provo_ID11,2,1078535,1258031,1,applied_drift,1741718162846,-20.451855659484863,-24.891540130151842
1,1,block_2,2,Provo_ID11,2,1078535,1258031,1,applied_drift,1741718162881,-20.451855659484863,-24.891540130151842
1,1,block_2,2,Provo_ID11,2,1078535,1258031,1,applied_drift,1741718162919,-20.451855659484863,-24.891540130151842
1,1,block_2,2,Provo_ID11,2,1078535,1258031,1,applied_drift,1741718162946,-20.451855659484863,-24.891540130151842
1,1,block_2,2,Provo_ID11,2,1078535,1258031,1,applied_drift,1741718162987,-20.451855659484863,-24.891540130151842
1,1,block_2,2,Provo_ID11,2,1078535,1258031,1,applied_drift,1741718163011,-20.451855659484863,-24.891540130151842
1,1,block_2,2,Provo_ID11,2,1078535,1258031,1,applied_drift,1741718163050,-20.451855659484863,-24.891540130151842
1,1,block_2,2,Provo_ID11,2,1078535,1258031,1,applied_drift,1741718163078,-20.451855659484863,-24.891540130151842
1,1,block_2,2,Provo_ID11,2,1078535,1258031,1,applied_drift,1741718163111,-20.451855659484863,-24.891540130151842
1,1,block_2,2,Provo_ID11,2,1078535,1258031,1,applied_drift,1741718163147,-20.451855659484863,-24.891540130151842
1,1,block_2,2,Provo_ID11,2,1078535,1258031,1,applied_drift,1741718163183,-20.451855659484863,-24.891540130151842
1,1,block_2,2,Provo_ID11,2,1078535,1258031,1,applied_drift,1741718163207,-20.451855659484863,-24.891540130151842
1,1,block_2,2,Provo_ID11,2,1078535,1258031,1,applied_drift,1741718163240,-20.451855659484863,-24.891540130151842
1,1,block_2,2,Provo_ID11,2,1078535,1258031,1,applied_drift,1741718163287,-20.451855659484863,-24.891540130151842
1,1,block_2,2,Provo_ID11,2,1078535,1258031,1,applied_drift,1741718163315,-20.451855659484863,-24.891540130151842
1,1,block_2,2,Provo_ID11,2,1078535,1258031,1,applied_drift,1741718163344,-20.451855659484863,-24.891540130151842
1,1,block_2,2,Provo_ID11,2,1078535,1258031,1,applied_drift,1741718163383,-20.451855659484863,-24.891540130151842
1,1,block_2,2,Provo_ID11,2,1078535,1258031,1,applied_drift,1741718163419,-20.451855659484863,-24.891540130151842
1,1,block_2,2,Provo_ID11,2,1078535,1258031,1,applied_drift,1741718163449,-20.451855659484863,-24.891540130151842
1,1,block_2,2,Provo_ID11,2,1078535,1258031,1,applied_drift,1741718163478,-20.451855659484863,-24.891540130151842
1,1,block_2,2,Provo_ID11,2,1078535,1258031,1,applied_drift,1741718163512,-20.451855659484863,-24.891540130151842
1,1,block_2,2,Provo_ID11,2,1078535,1258031,1,applied_drift,1741718163550,-20.451855659484863,-24.891540130151842
1,1,block_2,2,Provo_ID11,2,1078535,1258031,1,applied_drift,1741718163573,-20.451855659484863,-24.891540130151842
1,1,block_2,2,Provo_ID11,2,1078535,1258031,1,applied_drift,1741718163615,-20.451855659484863,-24.891540130151842
1,1,block_2,2,Provo_ID11,2,1078535,1258031,1,applied_drift,1741718163649,-20.451855659484863,-24.891540130151842
1,1,block_2,2,Provo_ID11,2,1078535,1258031,1,error_trial,1741718118412,""
1,1,block_2,2,Provo_ID11,2,1078535,1258031,1,error_trial,1741718141975,34.28733091981878
1,1,block_2,2,Provo_ID11,2,1078535,1258031,1,error_trial_x,1741718118412,""
1,1,block_2,2,Provo_ID11,2,1078535,1258031,1,error_trial_x,1741718141975,19.866927913023094
1,1,block_2,2,Provo_ID11,2,1078535,1258031,1,error_trial_y,1741718118412,""
1,1,block_2,2,Provo_ID11,2,1078535,1258031,1,error_trial_y,1741718141975,23.905098584796413
1,1,block_2,2,Provo_ID11,2,1078535,1258031,1,error_calibration,1741718118412,""
1,1,block_2,2,Provo_ID11,2,1078535,1258031,1,error_calibration,1741718141975,626.9376609951194
1,1,block_2,2,Provo_ID11,2,1078535,1258031,1,error_calibration_x,1741718118412,""
1,1,block_2,2,Provo_ID11,2,1078535,1258031,1,error_calibration_x,1741718141975,523.9819177060738
1,1,block_2,2,Provo_ID11,2,1078535,1258031,1,error_calibration_y,1741718118412,""
1,1,block_2,2,Provo_ID11,2,1078535,1258031,1,error_calibration_y,1741718141975,303.8460886659436
1,1,block_2,2,Provo_ID11,2,1078535,1258031,1,gaze_conf,"",
1,1,block_2,2,Provo_ID2,4,1078535,1258031,1,gaze_data,1741718285687,
1,1,block_2,2,Provo_ID2,4,1078535,1258031,1,gaze_data,1741718309122,740.1281356811523,404.39267768777114,1741718309088,0.7859615305228266
1,1,block_2,2,Provo_ID2,4,1078535,1258031,1,gaze_data,1741718309146,749.3285655975342,407.62446935161336,1741718309120.8,0.8395795175296877
1,1,block_2,2,Provo_ID2,4,1078535,1258031,1,gaze_data,1741718309179,757.8679084777832,406.6404661232375,1741718309152.7002,0.8739574074142652
1,1,block_2,2,Provo_ID2,4,1078535,1258031,1,gaze_data,1741718309208,778.8715362548828,414.8703221385236,1741718309184.9001,0.8773301951885757
1,1,block_2,2,Provo_ID2,4,1078535,1258031,1,gaze_data,1741718309242,776.970624923706,415.68673024208584,1741718309216.5,0.8460140235558204
1,1,block_2,2,Provo_ID2,4,1078535,1258031,1,gaze_data,1741718309284,762.8955841064453,414.74785794404994,1741718309247.4001,0.8322053218152525
1,1,block_2,2,Provo_ID2,4,1078535,1258031,1,gaze_data,1741718309313,763.7516498565674,415.10518171264914,1741718309279.7002,0.8756009250107526
1,1,block_2,2,Provo_ID2,4,1078535,1258031,1,gaze_data,1741718309341,751.8263339996338,413.70794002508137,1741718309312.1,0.9007907738465502
1,1,block_2,2,Provo_ID2,4,1078535,1258031,1,gaze_data,1741718309385,545.182204246521,332.2438552426154,1741718309362.1,0.9174464465874406
1,1,block_2,2,Provo_ID2,4,1078535,1258031,1,gaze_data,1741718309431,338.7121081352234,259.0404026420411,1741718309391.7002,0.7587556921949488
1,1,block_2,2,Provo_ID2,4,1078535,1258031,1,gaze_data,1741718309454,330.2988886833191,253.12524948616607,1741718309423.7002,0.7850029903459212
1,1,block_2,2,Provo_ID2,4,1078535,1258031,1,gaze_data,1741718309494,286.61370277404785,223.3847846695244,1741718309458.3,1
1,1,block_2,2,Provo_ID2,4,1078535,1258031,1,gaze_data,1741718309520,309.221613407135,228.80891181383112,1741718309488.3,1
1,1,block_2,2,Provo_ID2,4,1078535,1258031,1,gaze_data,1741718309550,301.33689641952515,212.66679101807435,1741718309520.9001,1
1,1,block_2,2,Provo_ID2,4,1078535,1258031,1,gaze_data,1741718309578,296.9369173049927,210.7855145170994,1741718309551.7002,1
1,1,block_2,2,Provo_ID2,4,1078535,1258031,1,gaze_data,1741718309620,311.5997850894928,207.64267770432082,1741718309584.1,1
1,1,block_2,2,Provo_ID2,4,1078535,1258031,1,gaze_data,1741718309652,302.0286440849304,197.69369257763512,1741718309616.1,1
1,1,block_2,2,Provo_ID2,4,1078535,1258031,1,gaze_data,1741718309688,326.9861102104187,154.3825013001415,1741718309648.7002,1
1,1,block_2,2,Provo_ID2,4,1078535,1258031,1,gaze_data,1741718309714,318.65238547325134,145.20388290835564,1741718309680.1,1
1,1,block_2,2,Provo_ID2,4,1078535,1258031,1,gaze_data,1741718309759,328.2360315322876,129.81145035418928,1741718309728.1,1
1,1,block_2,2,Provo_ID2,4,1078535,1258031,1,gaze_data,1741718309787,337.22386956214905,121.97415895937839,1741718309760,1
1,1,block_2,2,Provo_ID2,4,1078535,1258031,1,gaze_data,1741718309829,327.57396697998047,124.16248776648929,1741718309793.9001,1
1,1,block_2,2,Provo_ID2,4,1078535,1258031,1,gaze_data,1741718309855,340.27647972106934,131.78504976946982,1741718309823.8,1
1,1,block_2,2,Provo_ID2,4,1078535,1258031,1,gaze_data,1741718309887,332.61991143226624,131.35806350542512,1741718309856.5,1
1,1,block_2,2,Provo_ID2,4,1078535,1258031,1,gaze_data,1741718309918,333.12214612960815,126.38272101346428,1741718309888.4001,1
1,1,block_2,2,Provo_ID2,4,1078535,1258031,1,gaze_data,1741718309957,216.5527105331421,113.6772097837899,1741718309921.8,1
1,1,block_2,2,Provo_ID2,4,1078535,1258031,1,gaze_data,1741718309994,202.92316675186157,112.15065978871509,1741718309952.8,1
1,1,block_2,2,Provo_ID2,4,1078535,1258031,1,gaze_data,1741718310024,206.20821714401245,107.95585152383998,1741718309985.6,1
1,1,block_2,2,Provo_ID2,4,1078535,1258031,1,gaze_data,1741718310051,213.94087076187134,136.71342928342344,1741718310017.7002,1
1,1,block_2,2,Provo_ID2,4,1078535,1258031,1,gaze_data,1741718310100,220.2090620994568,131.9624232625237,1741718310067.4001,1
1,1,block_2,2,Provo_ID2,4,1078535,1258031,1,gaze_data,1741718310126,244.8347806930542,132.41568377116238,1741718310096.4001,1
1,1,block_2,2,Provo_ID2,4,1078535,1258031,1,gaze_data,1741718310161,218.22787523269653,142.1100459233282,1741718310128.1,1
1,1,block_2,2,Provo_ID2,4,1078535,1258031,1,gaze_data,1741718310197,231.98097944259644,129.8059616585357,1741718310160.3,1
1,1,block_2,2,Provo_ID2,4,1078535,1258031,1,gaze_data,1741718310228,224.76133108139038,137.05066010646863,1741718310192.9001,1
1,1,block_2,2,Provo_ID2,4,1078535,1258031,1,gaze_data,1741718310263,213.79387378692627,138.3849270173112,1741718310225.5,1
1,1,block_2,2,Provo_ID2,4,1078535,1258031,1,gaze_data,1741718310292,218.8433289527893,145.42262642088784,1741718310257.3,1
1,1,block_2,2,Provo_ID2,4,1078535,1258031,1,gaze_data,1741718310327,216.61348342895508,129.1349853714221,1741718310289.6,1
1,1,block_2,2,Provo_ID2,4,1078535,1258031,1,gaze_data,1741718310357,197.802734375,136.65578680803873,1741718310320.5,1
1,1,block_2,2,Provo_ID2,4,1078535,1258031,1,gaze_data,1741718310390,201.47196054458618,125.11595686707734,1741718310352.9001,1
1,1,block_2,2,Provo_ID2,4,1078535,1258031,1,gaze_data,1741718310423,194.45838928222656,129.5696349568067,1741718310384.2002,1
1,1,block_2,2,Provo_ID2,4,1078535,1258031,1,gaze_data,1741718310472,182.26618766784668,128.58209423801645,1741718310435.3,1
1,1,block_2,2,Provo_ID2,4,1078535,1258031,1,gaze_data,1741718310498,185.15162467956543,115.15834584929162,1741718310466.9001,1
1,1,block_2,2,Provo_ID2,4,1078535,1258031,1,gaze_data,1741718310525,189.83640670776367,124.59502230497348,1741718310496.2002,1
1,1,block_2,2,Provo_ID2,4,1078535,1258031,1,gaze_data,1741718310558,121.3350772857666,91.98910926272708,1741718310529.2002,1
1,1,block_2,2,Provo_ID2,4,1078535,1258031,1,gaze_data,1741718310591,27.771711349487305,131.17634820834675,1741718310560.9001,1
1,1,block_2,2,Provo_ID2,4,1078535,1258031,1,gaze_data,1741718310624,11.519861221313477,142.35614354594927,1741718310592.8,1
1,1,block_2,2,Provo_ID2,4,1078535,1258031,1,gaze_data,1741718310661,9.670162200927734,146.96131559359537,1741718310624.5,1
1,1,block_2,2,Provo_ID2,4,1078535,1258031,1,gaze_data,1741718310694,-8.577108383178711,135.31002119151216,1741718310657.9001,1
1,1,block_2,2,Provo_ID2,4,1078535,1258031,1,gaze_data,1741718310719,-4.058170318603516,130.02895015956523,1741718310688.3,1
1,1,block_2,2,Provo_ID2,4,1078535,1258031,1,gaze_data,1741718310758,16.08891487121582,112.98550752652183,1741718310721.1,1
1,1,block_2,2,Provo_ID2,4,1078535,1258031,1,gaze_data,1741718310797,2.2224903106689453,111.6970864914503,1741718310770.7002,1
1,1,block_2,2,Provo_ID2,4,1078535,1258031,1,gaze_data,1741718310821,0.9131431579589844,109.01702417468817,1741718310801.4001,1
1,1,block_2,2,Provo_ID2,4,1078535,1258031,1,gaze_data,1741718310880,20.31550407409668,112.1862804553514,1741718310834.3,1
1,1,block_2,2,Provo_ID2,4,1078535,1258031,1,gaze_data,1741718310901,100.96440315246582,79.65326205768709,1741718310867.8,1
1,1,block_2,2,Provo_ID2,4,1078535,1258031,1,gaze_data,1741718310932,131.7530632019043,109.91212840711216,1741718310896.2002,1
1,1,block_2,2,Provo_ID2,4,1078535,1258031,1,gaze_data,1741718310961,142.6844596862793,118.58521335295637,1741718310928.3,1
1,1,block_2,2,Provo_ID2,4,1078535,1258031,1,gaze_data,1741718310987,143.7584400177002,106.40529127803646,1741718310962.3,1
1,1,block_2,2,Provo_ID2,4,1078535,1258031,1,gaze_data,1741718311034,140.85912704467773,100.23711446567626,1741718310992.7002,1
1,1,block_2,2,Provo_ID2,4,1078535,1258031,1,gaze_data,1741718311061,142.41137504577637,103.21028951450438,1741718311026.6,1
1,1,block_2,2,Provo_ID2,4,1078535,1258031,1,gaze_data,1741718311091,133.39338302612305,91.16793485629067,1741718311056.7002,1
1,1,block_2,2,Provo_ID2,4,1078535,1258031,1,gaze_data,1741718311123,44.762372970581055,135.56694725847555,1741718311088.7002,1
1,1,block_2,2,Provo_ID2,4,1078535,1258031,1,gaze_data,1741718311161,30.109691619873047,134.28540757317865,1741718311136.1,1
1,1,block_2,2,Provo_ID2,4,1078535,1258031,1,gaze_data,1741718311194,46.28410339355469,118.24141396876271,1741718311168.4001,1
1,1,block_2,2,Provo_ID2,4,1078535,1258031,1,gaze_data,1741718311232,60.385894775390625,120.19232876130144,1741718311200.1,1
1,1,block_2,2,Provo_ID2,4,1078535,1258031,1,gaze_data,1741718311264,47.907304763793945,111.22249677744966,1741718311232.9001,1
1,1,block_2,2,Provo_ID2,4,1078535,1258031,1,gaze_data,1741718311295,121.70262336730957,111.4819623901632,1741718311264.2002,1
1,1,block_2,2,Provo_ID2,4,1078535,1258031,1,gaze_data,1741718311329,93.16229820251465,95.52996587856731,1741718311297.3,1
1,1,block_2,2,Provo_ID2,4,1078535,1258031,1,gaze_data,1741718311362,119.33274269104004,96.66273733540368,1741718311330,1
1,1,block_2,2,Provo_ID2,4,1078535,1258031,1,gaze_data,1741718311402,234.89724397659302,95.61209523496814,1741718311361.6,1
1,1,block_2,2,Provo_ID2,4,1078535,1258031,1,gaze_data,1741718311430,300.04156827926636,111.42742545899496,1741718311395.4001,1
1,1,block_2,2,Provo_ID2,4,1078535,1258031,1,gaze_data,1741718311460,323.9974319934845,113.2825673531555,1741718311425.2002,1
1,1,block_2,2,Provo_ID2,4,1078535,1258031,1,gaze_data,1741718311508,325.33132433891296,115.10724959301069,1741718311473.2002,1
1,1,block_2,2,Provo_ID2,4,1078535,1258031,1,gaze_data,1741718311537,330.0872206687927,119.41134769332125,1741718311505.1,1
1,1,block_2,2,Provo_ID2,4,1078535,1258031,1,gaze_data,1741718311579,331.84661865234375,119.97680995055755,1741718311537,1
1,1,block_2,2,Provo_ID2,4,1078535,1258031,1,gaze_data,1741718311604,333.71366262435913,114.22794863355392,1741718311570.5,1
1,1,block_2,2,Provo_ID2,4,1078535,1258031,1,gaze_data,1741718311645,332.55282640457153,111.29558505308601,1741718311601.2002,1
1,1,block_2,2,Provo_ID2,4,1078535,1258031,1,gaze_data,1741718311677,335.9419107437134,113.47079163259643,1741718311633.4001,1
1,1,block_2,2,Provo_ID2,4,1078535,1258031,1,gaze_data,1741718311707,357.0455849170685,85.77703777983494,1741718311666.3,1
1,1,block_2,2,Provo_ID2,4,1078535,1258031,1,gaze_data,1741718311746,531.4908027648926,114.33109440669062,1741718311696.5,1
1,1,block_2,2,Provo_ID2,4,1078535,1258031,1,gaze_data,1741718311777,539.4569277763367,116.15010921453447,1741718311729.2002,1
1,1,block_2,2,Provo_ID2,4,1078535,1258031,1,gaze_data,1741718311812,558.4108352661133,111.14565503829989,1741718311760.8,1
1,1,block_2,2,Provo_ID2,4,1078535,1258031,1,gaze_data,1741718311837,549.85191822052,107.1795473905551,1741718311794.4001,1
1,1,block_2,2,Provo_ID2,4,1078535,1258031,1,gaze_data,1741718311875,562.1342778205872,96.33201549472105,1741718311841.6,1
1,1,block_2,2,Provo_ID2,4,1078535,1258031,1,gaze_data,1741718311913,570.9980368614197,88.40261529686653,1741718311873.7002,1
1,1,block_2,2,Provo_ID2,4,1078535,1258031,1,gaze_data,1741718311936,565.628969669342,109.6510541671786,1741718311905,1
1,1,block_2,2,Provo_ID2,4,1078535,1258031,1,gaze_data,1741718311972,279.2453169822693,116.07673793966497,1741718311937.4001,1
1,1,block_2,2,Provo_ID2,4,1078535,1258031,1,gaze_data,1741718312009,78.9949893951416,183.7332342813951,1741718311969.6,1
1,1,block_2,2,Provo_ID2,4,1078535,1258031,1,gaze_data,1741718312039,64.60347175598145,207.4808598599051,1741718312002.1,1
1,1,block_2,2,Provo_ID2,4,1078535,1258031,1,gaze_data,1741718312076,50.08797645568848,178.94238494740648,1741718312034.7002,1
1,1,block_2,2,Provo_ID2,4,1078535,1258031,1,gaze_data,1741718312119,64.50638771057129,191.074193429016,1741718312066.6,1
1,1,block_2,2,Provo_ID2,4,1078535,1258031,1,gaze_data,1741718312146,54.373836517333984,194.3758635614027,1741718312098.7002,1
1,1,block_2,2,Provo_ID2,4,1078535,1258031,1,gaze_data,1741718312177,58.84575843811035,194.17656321329045,1741718312130.4001,1
1,1,block_2,2,Provo_ID2,4,1078535,1258031,1,gaze_data,1741718312206,56.69898986816406,198.2316871527219,1741718312178.4001,1
1,1,block_2,2,Provo_ID2,4,1078535,1258031,1,gaze_data,1741718312245,53.684282302856445,199.9483307116461,1741718312212.3,1
1,1,block_2,2,Provo_ID2,4,1078535,1258031,1,gaze_data,1741718312282,69.6382999420166,197.9343983201298,1741718312242.5,1
1,1,block_2,2,Provo_ID2,4,1078535,1258031,1,gaze_data,1741718312321,197.21379280090332,163.3344447535186,1741718312272.5,1
1,1,block_2,2,Provo_ID2,4,1078535,1258031,1,gaze_data,1741718312344,344.45186853408813,162.0628621728198,1741718312306.2002,1
1,1,block_2,2,Provo_ID2,4,1078535,1258031,1,gaze_data,1741718312371,357.391619682312,181.74015260311631,1741718312336.3,1
1,1,block_2,2,Provo_ID2,4,1078535,1258031,1,gaze_data,1741718312415,335.74541211128235,196.76780286942025,1741718312370.6,1
1,1,block_2,2,Provo_ID2,4,1078535,1258031,1,gaze_data,1741718312444,336.5795373916626,195.76259331692842,1741718312400.5,0.9934312850801983
1,1,block_2,2,Provo_ID2,4,1078535,1258031,1,gaze_data,1741718312479,353.07339429855347,191.0084705807899,1741718312432.5,1
1,1,block_2,2,Provo_ID2,4,1078535,1258031,1,gaze_data,1741718312512,350.33339262008667,188.1863203069393,1741718312465.5,1
1,1,block_2,2,Provo_ID2,4,1078535,1258031,1,gaze_data,1741718312546,385.01584231853485,190.5927335362631,1741718312497.4001,0.9911126548599367
1,1,block_2,2,Provo_ID2,4,1078535,1258031,1,gaze_data,1741718312581,460.5993688106537,196.12559382672424,1741718312546.1,1
1,1,block_2,2,Provo_ID2,4,1078535,1258031,1,gaze_data,1741718312605,459.67873334884644,194.94414650178524,1741718312579.5,1
1,1,block_2,2,Provo_ID2,4,1078535,1258031,1,gaze_data,1741718312635,481.18191361427307,201.58395643089443,1741718312608.8,1
1,1,block_2,2,Provo_ID2,4,1078535,1258031,1,gaze_data,1741718312669,458.33338499069214,208.71660393903156,1741718312640.5,1
1,1,block_2,2,Provo_ID2,4,1078535,1258031,1,gaze_data,1741718312707,187.63418197631836,277.7368735853348,1741718312672.7002,1
1,1,block_2,2,Provo_ID2,4,1078535,1258031,1,gaze_data,1741718312739,56.84847831726074,305.8518382835802,1741718312704.3,0.9814318110530831
1,1,block_2,2,Provo_ID2,4,1078535,1258031,1,gaze_data,1741718312777,58.8139533996582,299.7198406889744,1741718312736.7002,0.7568190593106621
1,1,block_2,2,Provo_ID2,4,1078535,1258031,1,gaze_data,1741718312814,66.9255256652832,288.93155989574507,1741718312769.8,0.7644648476340471
1,1,block_2,2,Provo_ID2,4,1078535,1258031,1,gaze_data,1741718312853,60.50620079040527,291.7624012249928,1741718312801.4001,0.9493680453244537
1,1,block_2,2,Provo_ID2,4,1078535,1258031,1,gaze_data,1741718312871,62.74557113647461,290.80274337801654,1741718312833.9001,0.9493680453244537
1,1,block_2,2,Provo_ID2,4,1078535,1258031,1,gaze_data,1741718312908,77.59928703308105,285.3699251783127,1741718312866.1,0.9080034697826588
1,1,block_2,2,Provo_ID2,4,1078535,1258031,1,gaze_data,1741718312944,75.1624584197998,292.19641778577693,1741718312914.8,0.8866058174270753
1,1,block_2,2,Provo_ID2,4,1078535,1258031,1,gaze_data,1741718312984,96.87471389770508,267.77574369550524,1741718312944.5,0.9635413412893667
1,1,block_2,2,Provo_ID2,4,1078535,1258031,1,gaze_data,1741718313017,207.718026638031,263.9122269934532,1741718312977.6,0.8565271369529693
1,1,block_2,2,Provo_ID2,4,1078535,1258031,1,gaze_data,1741718313049,345.5707311630249,293.6983617422638,1741718313009.4001,0.9717750029633083
1,1,block_2,2,Provo_ID2,4,1078535,1258031,1,gaze_data,1741718313076,343.59994530677795,308.23032768067463,1741718313043.5,0.9717750029633083
1,1,block_2,2,Provo_ID2,4,1078535,1258031,1,gaze_data,1741718313125,322.33795523643494,329.9463706523374,1741718313075.3,0.9255562043956354
1,1,block_2,2,Provo_ID2,4,1078535,1258031,1,gaze_data,1741718313159,331.2553107738495,337.33457205352454,1741718313107.2002,0.9117107005620788
1,1,block_2,2,Provo_ID2,4,1078535,1258031,1,gaze_data,1741718313176,308.6561679840088,322.97150452586936,1741718313136.7002,0.9117107005620788
1,1,block_2,2,Provo_ID2,4,1078535,1258031,1,gaze_data,1741718313204,346.03931307792664,325.8998465382872,1741718313169.8,0.7702794384904675
1,1,block_2,2,Provo_ID2,4,1078535,1258031,1,gaze_data,1741718313246,372.0387428998947,307.98788670603983,1741718313201.1,1
1,1,block_2,2,Provo_ID2,4,1078535,1258031,1,gaze_data,1741718313280,430.11111319065094,302.3289372243488,1741718313250.3,0.8631072098266532
1,1,block_2,2,Provo_ID2,4,1078535,1258031,1,gaze_data,1741718313323,441.4922297000885,309.7003671972974,1741718313282.1,0.753287504328642
1,1,block_2,2,Provo_ID2,4,1078535,1258031,1,gaze_data,1741718313353,446.54421508312225,322.622983522891,1741718313313.2002,0.8894214404084804
1,1,block_2,2,Provo_ID2,4,1078535,1258031,1,gaze_data,1741718313377,445.7670360803604,323.19216945424773,1741718313347.4001,0.8894214404084804
1,1,block_2,2,Provo_ID2,4,1078535,1258031,1,gaze_data,1741718313411,457.9674184322357,309.6300344405102,1741718313376.9001,0.7328519923174166
1,1,block_2,2,Provo_ID2,4,1078535,1258031,1,gaze_data,1741718313446,475.0117540359497,305.7238779461048,1741718313409,0.9763056980540961
1,1,block_2,2,Provo_ID2,4,1078535,1258031,1,gaze_data,1741718313479,309.8894774913788,331.69538038671664,1741718313441.5,0.9260714429051209
1,1,block_2,2,Provo_ID2,4,1078535,1258031,1,gaze_data,1741718313515,101.0350227355957,385.9101169280013,1741718313474.4001,0.4801193560094686
1,1,block_2,2,Provo_ID2,4,1078535,1258031,1,gaze_data,1741718313538,99.05109405517578,380.84794580289963,1741718313506.4001,0.4801193560094686
1,1,block_2,2,Provo_ID2,4,1078535,1258031,1,gaze_data,1741718313580,129.0647029876709,380.54367694316875,1741718313537.5,0.7506079712739065
1,1,block_2,2,Provo_ID2,4,1078535,1258031,1,gaze_data,1741718313618,131.20732307434082,384.2397065069567,1741718313570.5,0.7530231555900054
1,1,block_2,2,Provo_ID2,4,1078535,1258031,1,gaze_data,1741718313644,126.3880729675293,390.2431330815313,1741718313619,0.7530231555900054
1,1,block_2,2,Provo_ID2,4,1078535,1258031,1,gaze_data,1741718313683,97.82695770263672,397.78687979807825,1741718313651.4001,0.8953512890728684
1,1,block_2,2,Provo_ID2,4,1078535,1258031,1,gaze_data,1741718313718,62.55049705505371,412.3903551742984,1741718313680.7002,0.8420647673245264
1,1,block_2,2,Provo_ID2,4,1078535,1258031,1,gaze_data,1741718313754,80.49564361572266,409.2239214386185,1741718313712.9001,0.8252524623651658
1,1,block_2,2,Provo_ID2,4,1078535,1258031,1,gaze_data,1741718313775,73.92163276672363,406.78539152000576,1741718313748.1,0.8252524623651658
1,1,block_2,2,Provo_ID2,4,1078535,1258031,1,gaze_data,1741718313811,141.08948707580566,380.6096604485832,1741718313778,0.923972696308527
1,1,block_2,2,Provo_ID2,4,1078535,1258031,1,gaze_data,1741718313850,242.63747930526733,396.581064749695,1741718313809.7002,0.9502385080491983
1,1,block_2,2,Provo_ID2,4,1078535,1258031,1,gaze_data,1741718313885,214.9043083190918,420.56593491560466,1741718313841.3,0.8118135940374919
1,1,block_2,2,Provo_ID2,4,1078535,1258031,1,gaze_data,1741718313916,204.6242117881775,400.13663732565925,1741718313874.3,0.8118135940374919
1,1,block_2,2,Provo_ID2,4,1078535,1258031,1,gaze_data,1741718313955,208.04718732833862,394.1643704561246,1741718313908.3,0.8065250551066965
1,1,block_2,2,Provo_ID2,4,1078535,1258031,1,gaze_data,1741718313980,200.717031955719,389.2526655548824,1741718313952.9001,0.6192288099350983
1,1,block_2,2,Provo_ID2,4,1078535,1258031,1,gaze_data,1741718314012,212.79815435409546,393.7879516866357,1741718313985.5,0.6192288099350983
1,1,block_2,2,Provo_ID2,4,1078535,1258031,1,gaze_data,1741718314039,374.29614067077637,370.19233951858223,1741718314017.9001,0.5470733483596656
1,1,block_2,2,Provo_ID2,4,1078535,1258031,1,gaze_data,1741718314071,454.056715965271,359.87427684593615,1741718314050.7002,0.5116534948341941
1,1,block_2,2,Provo_ID2,4,1078535,1258031,1,gaze_data,1741718314121,451.3961434364319,371.02164642929773,1741718314082.9001,0.5545504815128818
1,1,block_2,2,Provo_ID2,4,1078535,1258031,1,gaze_data,1741718314149,462.28474974632263,382.0749113202871,1741718314114.1,0.5069643926789035
1,1,block_2,2,Provo_ID2,4,1078535,1258031,1,gaze_data,1741718314191,460.4151248931885,374.9156860881152,1741718314148,0.5069643926789035
1,1,block_2,2,Provo_ID2,4,1078535,1258031,1,gaze_data,1741718314242,457.6239585876465,367.7082020393421,1741718314180.9001,0.5994667511465032
1,1,block_2,2,Provo_ID2,4,1078535,1258031,1,gaze_data,1741718314267,470.18548250198364,366.45743479697666,1741718314210.9001,0.5430050043772252
1,1,block_2,2,Provo_ID2,4,1078535,1258031,1,gaze_data,1741718314292,468.2514429092407,353.7047744055891,1741718314241,0.5430050043772252
1,1,block_2,2,Provo_ID2,4,1078535,1258031,1,gaze_data,1741718314335,467.05031394958496,353.4005651246441,1741718314274,0.39223770891597426
1,1,block_2,2,Provo_ID2,4,1078535,1258031,1,gaze_data,1741718314369,379.39667105674744,191.17962181438853,1741718314322,0.3809574653826686
1,1,block_2,2,Provo_ID2,4,1078535,1258031,1,gaze_data,1741718314403,210.29232740402222,150.9375516349478,1741718314355.1,0.2383001488237664
1,1,block_2,2,Provo_ID2,4,1078535,1258031,1,gaze_data,1741718314437,132.37719535827637,129.83403816140395,1741718314384.8,0.31746911215219603
1,1,block_2,2,Provo_ID2,4,1078535,1258031,1,gaze_data,1741718314472,113.30265998840332,112.52569335143116,1741718314416.8,0.7877375563873876
1,1,block_2,2,Provo_ID2,4,1078535,1258031,1,gaze_data,1741718314493,130.74159622192383,107.72071639782953,1741718314448.3,0.9172336021184302
1,1,block_2,2,Provo_ID2,4,1078535,1258031,1,gaze_data,1741718314526,123.71678352355957,104.95182955859799,1741718314481.8,0.9172336021184302
1,1,block_2,2,Provo_ID2,4,1078535,1258031,1,gaze_data,1741718314559,121.43464088439941,118.2013323405301,1741718314514.8,1
1,1,block_2,2,Provo_ID2,4,1078535,1258031,1,gaze_data,1741718314593,138.66009712219238,106.01755998656962,1741718314546.6,1
1,1,block_2,2,Provo_ID2,4,1078535,1258031,1,gaze_data,1741718314623,27.2585391998291,121.22181294538453,1741718314577.4001,1
1,1,block_2,2,Provo_ID2,4,1078535,1258031,1,gaze_data,1741718314661,47.068023681640625,106.11591711478741,1741718314608.4001,0.9972063666043498
1,1,block_2,2,Provo_ID2,4,1078535,1258031,1,gaze_data,1741718314693,59.7898006439209,93.25512867428992,1741718314656.7002,1
1,1,block_2,2,Provo_ID2,4,1078535,1258031,1,gaze_data,1741718314721,51.61280632019043,86.14225573756949,1741718314688.4001,1
1,1,block_2,2,Provo_ID2,4,1078535,1258031,1,gaze_data,1741718314755,48.12874794006348,94.25822690355545,1741718314720.5,1
1,1,block_2,2,Provo_ID2,4,1078535,1258031,1,gaze_data,1741718314796,31.57176971435547,102.64636141100571,1741718314753.1,1
1,1,block_2,2,Provo_ID2,4,1078535,1258031,1,gaze_data,1741718314828,37.677717208862305,103.30773806623678,1741718314785.1,1
1,1,block_2,2,Provo_ID2,4,1078535,1258031,1,gaze_data,1741718314852,17.82064437866211,113.82509177780979,1741718314816.4001,1
1,1,block_2,2,Provo_ID2,4,1078535,1258031,1,gaze_data,1741718314895,188.7183666229248,89.0312310671858,1741718314848.7002,1
1,1,block_2,2,Provo_ID2,4,1078535,1258031,1,gaze_data,1741718314928,342.9362118244171,108.13192173095173,1741718314881.6,1
1,1,block_2,2,Provo_ID2,4,1078535,1258031,1,gaze_data,1741718314954,368.3442682027817,104.03616319768082,1741718314913.7002,1
1,1,block_2,2,Provo_ID2,4,1078535,1258031,1,gaze_data,1741718314991,372.2123980522156,108.13674761261184,1741718314944.2002,1
1,1,block_2,2,Provo_ID2,4,1078535,1258031,1,gaze_data,1741718315019,368.21385622024536,96.31038839542943,1741718314977.2002,1
1,1,block_2,2,Provo_ID2,4,1078535,1258031,1,gaze_data,1741718315057,406.4576022326946,106.81672003160588,1741718315023.9001,1
1,1,block_2,2,Provo_ID2,4,1078535,1258031,1,gaze_data,1741718315093,404.767994210124,107.00457194363476,1741718315056.7002,1
1,1,block_2,2,Provo_ID2,4,1078535,1258031,1,gaze_data,1741718315125,450.22947788238525,95.31957829076143,1741718315089.6,1
1,1,block_2,2,Provo_ID2,4,1078535,1258031,1,gaze_data,1741718315153,561.8313789367676,89.24184207543892,1741718315120.7002,1
1,1,block_2,2,Provo_ID2,4,1078535,1258031,1,gaze_data,1741718315178,598.0842351913452,93.7462663960819,1741718315153,1
1,1,block_2,2,Provo_ID2,4,1078535,1258031,1,gaze_data,1741718315219,606.0600280761719,104.1287858677531,1741718315183.5,1
1,1,block_2,2,Provo_ID2,4,1078535,1258031,1,gaze_data,1741718315252,610.4135036468506,109.88839370826837,1741718315215.8,1
1,1,block_2,2,Provo_ID2,4,1078535,1258031,1,gaze_data,1741718315288,608.030891418457,102.42467619591835,1741718315248.3,1
1,1,block_2,2,Provo_ID2,4,1078535,1258031,1,gaze_data,1741718315311,640.2242183685303,106.50848173526259,1741718315279.7002,1
1,1,block_2,2,Provo_ID2,4,1078535,1258031,1,gaze_data,1741718315351,635.1219177246094,103.29339447352477,1741718315311.9001,1
1,1,block_2,2,Provo_ID2,4,1078535,1258031,1,gaze_data,1741718315385,623.0720043182373,106.19989341355198,1741718315361.6,1
1,1,block_2,2,Provo_ID2,4,1078535,1258031,1,gaze_data,1741718315421,557.8715801239014,104.87603044820194,1741718315392.8,1
1,1,block_2,2,Provo_ID2,4,1078535,1258031,1,gaze_data,1741718315450,211.74025535583496,111.1380289537012,1741718315423.5,1
1,1,block_2,2,Provo_ID2,4,1078535,1258031,1,gaze_data,1741718315489,28.490257263183594,146.58381695861155,1741718315456.3,0.9384288836270125
1,1,block_2,2,Provo_ID2,4,1078535,1258031,1,gaze_data,1741718315519,50.379037857055664,128.90089287416538,1741718315488,1
1,1,block_2,2,Provo_ID2,4,1078535,1258031,1,gaze_data,1741718315556,37.55011558532715,144.91284798644887,1741718315519.6,1
1,1,block_2,2,Provo_ID2,4,1078535,1258031,1,gaze_data,1741718315588,44.675636291503906,146.6673538638299,1741718315553.9001,1
1,1,block_2,2,Provo_ID2,4,1078535,1258031,1,gaze_data,1741718315617,27.6334285736084,162.19006288077463,1741718315584,1
1,1,block_2,2,Provo_ID2,4,1078535,1258031,1,gaze_data,1741718315652,27.022647857666016,167.36063015952286,1741718315615.7002,1
1,1,block_2,2,Provo_ID2,4,1078535,1258031,1,gaze_data,1741718315685,29.1409969329834,164.157164484715,1741718315647.9001,1
1,1,block_2,2,Provo_ID2,4,1078535,1258031,1,gaze_data,1741718315718,42.46053695678711,159.04420616828438,1741718315679.7002,1
1,1,block_2,2,Provo_ID2,4,1078535,1258031,1,gaze_data,1741718315751,221.0865616798401,144.8223552579735,1741718315727.7002,1
1,1,block_2,2,Provo_ID2,4,1078535,1258031,1,gaze_data,1741718315789,304.60699796676636,207.38775869770836,1741718315759.7002,1
1,1,block_2,2,Provo_ID2,4,1078535,1258031,1,gaze_data,1741718315816,298.1418013572693,198.80565055797518,1741718315791.5,1
1,1,block_2,2,Provo_ID2,4,1078535,1258031,1,gaze_data,1741718315850,318.1681990623474,181.41654298000378,1741718315823.5,1
1,1,block_2,2,Provo_ID2,4,1078535,1258031,1,gaze_data,1741718315890,322.3330497741699,195.9223240419996,1741718315856.5,1
1,1,block_2,2,Provo_ID2,4,1078535,1258031,1,gaze_data,1741718315918,333.1843137741089,198.22402569321903,1741718315887.4001,0.9676086943254933
1,1,block_2,2,Provo_ID2,4,1078535,1258031,1,gaze_data,1741718315959,338.00854682922363,206.290257882141,1741718315920.1,1
1,1,block_2,2,Provo_ID2,4,1078535,1258031,1,gaze_data,1741718315984,360.343137383461,170.4057763817512,1741718315953.4001,1
1,1,block_2,2,Provo_ID2,4,1078535,1258031,1,gaze_data,1741718316023,517.3742890357971,196.9526683948045,1741718315983.6,1
1,1,block_2,2,Provo_ID2,4,1078535,1258031,1,gaze_data,1741718316050,543.6858892440796,192.91395654905904,1741718316015.8,1
1,1,block_2,2,Provo_ID2,4,1078535,1258031,1,gaze_data,1741718316091,554.6407341957092,202.08065359814825,1741718316063.5,0.9921481105756573
1,1,block_2,2,Provo_ID2,4,1078535,1258031,1,gaze_data,1741718316122,557.5139999389648,213.95270788229985,1741718316096.6,1
1,1,block_2,2,Provo_ID2,4,1078535,1258031,1,gaze_data,1741718316152,549.0241646766663,220.5443711704908,1741718316127.6,1
1,1,block_2,2,Provo_ID2,4,1078535,1258031,1,gaze_data,1741718316189,448.02979826927185,236.6069566143309,1741718316160,0.9730057922101567
1,1,block_2,2,Provo_ID2,4,1078535,1258031,1,gaze_data,1741718316219,114.19906616210938,304.28907928135806,1741718316192.9001,0.8737258035590019
1,1,block_2,2,Provo_ID2,4,1078535,1258031,1,gaze_data,1741718316252,67.44146347045898,297.11553279851887,1741718316224.3,0.8007294485829669
1,1,block_2,2,Provo_ID2,4,1078535,1258031,1,gaze_data,1741718316285,92.18788146972656,300.3043085789215,1741718316255.9001,0.7429124294117623
1,1,block_2,2,Provo_ID2,4,1078535,1258031,1,gaze_data,1741718316316,79.2177677154541,306.26983559829813,1741718316288.3,0.8966451724887774
1,1,block_2,2,Provo_ID2,4,1078535,1258031,1,gaze_data,1741718316352,70.0232982635498,305.1490990562191,1741718316321.7002,0.7254670036411685
1,1,block_2,2,Provo_ID2,4,1078535,1258031,1,gaze_data,1741718316381,79.27722930908203,304.0585615112569,1741718316352.5,0.9235108225423766
1,1,block_2,2,Provo_ID2,4,1078535,1258031,1,gaze_data,1741718316419,70.37997245788574,314.7578539403555,1741718316383.8,1
1,1,block_2,2,Provo_ID2,4,1078535,1258031,1,gaze_data,1741718316452,78.06191444396973,327.4738882730943,1741718316431.5,0.931780245529632
1,1,block_2,2,Provo_ID2,4,1078535,1258031,1,gaze_data,1741718316490,172.95799255371094,307.7351162593949,1741718316465,0.9952846694325856
1,1,block_2,2,Provo_ID2,4,1078535,1258031,1,gaze_data,1741718316536,176.71079635620117,296.83119304268064,1741718316497.9001,0.977321164270772
1,1,block_2,2,Provo_ID2,4,1078535,1258031,1,gaze_data,1741718316557,175.18348693847656,288.0345640368679,1741718316529.1,0.9351599301854026
1,1,block_2,2,Provo_ID2,4,1078535,1258031,1,gaze_data,1741718316580,175.3474235534668,292.28855637821357,1741718316559.7002,0.9704825832100821
1,1,block_2,2,Provo_ID2,4,1078535,1258031,1,gaze_data,1741718316618,170.68099975585938,302.7759196184204,1741718316591.7002,0.9504843445534981
1,1,block_2,2,Provo_ID2,4,1078535,1258031,1,gaze_data,1741718316649,272.75702953338623,322.1007233328002,1741718316623.7002,0.8403315930487003
1,1,block_2,2,Provo_ID2,4,1078535,1258031,1,gaze_data,1741718316685,371.9668388366699,309.043153609733,1741718316656.1,0.8951903394597855
1,1,block_2,2,Provo_ID2,4,1078535,1258031,1,gaze_data,1741718316719,368.1807667016983,334.65593962762466,1741718316687.9001,0.8239020735046676
1,1,block_2,2,Provo_ID2,4,1078535,1258031,1,gaze_data,1741718316753,364.7374451160431,321.3056593292965,1741718316720.6,0.8053538498644505
1,1,block_2,2,Provo_ID2,4,1078535,1258031,1,gaze_data,1741718316787,376.338329911232,319.25993979365086,1741718316768.3,0.7433936152285433
1,1,block_2,2,Provo_ID2,4,1078535,1258031,1,gaze_data,1741718316815,367.68507957458496,331.1543379843623,1741718316799.9001,0.8243733970965705
1,1,block_2,2,Provo_ID2,4,1078535,1258031,1,gaze_data,1741718316856,349.4424343109131,332.64199792692307,1741718316834.4001,0.7795366577854439
1,1,block_2,2,Provo_ID2,4,1078535,1258031,1,gaze_data,1741718316889,268.5035824775696,340.8977409246945,1741718316863.7002,0.7704862836815568
1,1,block_2,2,Provo_ID2,4,1078535,1258031,1,gaze_data,1741718316919,233.1498146057129,311.97049767748655,1741718316895.6,0.6490661940919843
1,1,block_2,2,Provo_ID2,4,1078535,1258031,1,gaze_data,1741718316992,219.45726871490479,321.48963862024004,1741718316959.4001,0.6491583737089264
1,1,block_2,2,Provo_ID2,4,1078535,1258031,1,gaze_data,1741718317016,225.24640560150146,328.05902642438315,1741718316992.5,0.5222119377757796
1,1,block_2,2,Provo_ID2,4,1078535,1258031,1,gaze_data,1741718317060,254.04515266418457,312.39209950875306,1741718317025.2002,0.6309907892711387
1,1,block_2,2,Provo_ID2,4,1078535,1258031,1,gaze_data,1741718317084,221.17172479629517,306.40926485206455,1741718317055.6,0.7154566166447863
1,1,block_2,2,Provo_ID2,4,1078535,1258031,1,gaze_data,1741718317118,235.0374698638916,295.4195779730079,1741718317088,0.7004761656258743
1,1,block_2,2,Provo_ID2,4,1078535,1258031,1,gaze_data,1741718317155,253.5412311553955,302.91511800439133,1741718317136.6,0.7424302388259996
1,1,block_2,2,Provo_ID2,4,1078535,1258031,1,gaze_data,1741718317189,212.25347518920898,302.0130281593174,1741718317169.4001,0.6860185030762257
1,1,block_2,2,Provo_ID2,4,1078535,1258031,1,gaze_data,1741718317217,217.15686321258545,301.2387348100575,1741718317200.2002,0.5984004237712172
1,1,block_2,2,Provo_ID2,4,1078535,1258031,1,gaze_data,1741718317257,105.00617027282715,382.03925341690956,1741718317233.3,0.5862700099320259
1,1,block_2,2,Provo_ID2,4,1078535,1258031,1,gaze_data,1741718317290,104.03943061828613,388.15957356947365,1741718317264.5,0.6604621509720783
1,1,block_2,2,Provo_ID2,4,1078535,1258031,1,gaze_data,1741718317315,70.81561088562012,404.33706089110797,1741718317296.6,0.6853904260284949
1,1,block_2,2,Provo_ID2,4,1078535,1258031,1,gaze_data,1741718317352,92.91253089904785,397.92197469516844,1741718317328.1,0.5743391668822843
1,1,block_2,2,Provo_ID2,4,1078535,1258031,1,gaze_data,1741718317385,94.54569816589355,392.4473694244848,1741718317360.5,0.6968715553468955
1,1,block_2,2,Provo_ID2,4,1078535,1258031,1,gaze_data,1741718317420,77.12774276733398,407.31072746492003,1741718317391.8,0.6827491576062235
1,1,block_2,2,Provo_ID2,4,1078535,1258031,1,gaze_data,1741718317454,85.19845008850098,403.95042435983254,1741718317425.6,0.7293834615412582
1,1,block_2,2,Provo_ID2,4,1078535,1258031,1,gaze_data,1741718317481,89.09940719604492,401.85360856790606,1741718317471.8,0.7293834615412582
1,1,block_2,2,Provo_ID2,4,1078535,1258031,1,gaze_data,1741718317519,150.54078102111816,369.42794369513456,1741718317504.2002,0.767551317008561
1,1,block_2,2,Provo_ID2,4,1078535,1258031,1,gaze_data,1741718317553,335.93077659606934,396.3003890891913,1741718317536.3,0.7291863105288211
1,1,block_2,2,Provo_ID2,4,1078535,1258031,1,gaze_data,1741718317585,291.9328570365906,399.3646749963988,1741718317568.5,0.6061916649626135
1,1,block_2,2,Provo_ID2,4,1078535,1258031,1,gaze_data,1741718317619,294.1453695297241,401.3419161649692,1741718317600.5,0.5420834805107865
1,1,block_2,2,Provo_ID2,4,1078535,1258031,1,gaze_data,1741718317658,292.66029596328735,384.3684860527386,1741718317631.6,0.44507206257063225
1,1,block_2,2,Provo_ID2,4,1078535,1258031,1,gaze_data,1741718317691,322.9433059692383,377.4953283611968,1741718317664.4001,0.47117975710212845
1,1,block_2,2,Provo_ID2,4,1078535,1258031,1,gaze_data,1741718317715,442.6666408777237,368.826585219377,1741718317697.4001,0.47117975710212845
1,1,block_2,2,Provo_ID2,4,1078535,1258031,1,gaze_data,1741718317753,462.9251539707184,379.1705944532945,1741718317728.3,0.45726101791053764
1,1,block_2,2,Provo_ID2,4,1078535,1258031,1,gaze_data,1741718317781,453.8852035999298,389.45338648467157,1741718317760.6,0.5257143286158193
1,1,block_2,2,Provo_ID2,4,1078535,1258031,1,gaze_data,1741718317814,459.7128748893738,383.96877197795214,1741718317793.4001,0.5309011290652217
1,1,block_2,2,Provo_ID2,4,1078535,1258031,1,gaze_data,1741718317869,460.6227159500122,375.52020223952684,1741718317839.9001,0.6040490025149631
1,1,block_2,2,Provo_ID2,4,1078535,1258031,1,gaze_data,1741718317898,446.8676805496216,370.38701320159976,1741718317872.1,0.5956556549868777
1,1,block_2,2,Provo_ID2,4,1078535,1258031,1,gaze_data,1741718317931,450.395268201828,379.86182752762335,1741718317904.1,0.6996781665182045
1,1,block_2,2,Provo_ID2,4,1078535,1258031,1,gaze_data,1741718317961,471.5153992176056,367.9785109910944,1741718317936.1,0.5868136254119752
1,1,block_2,2,Provo_ID2,4,1078535,1258031,1,gaze_data,1741718318001,570.3004717826843,363.4226403888032,1741718317967.3,0.6482409478654722
1,1,block_2,2,Provo_ID2,4,1078535,1258031,1,gaze_data,1741718318029,594.0013647079468,356.8194639656911,1741718318000.2002,0.30510410603966687
1,1,block_2,2,Provo_ID2,4,1078535,1258031,1,gaze_data,1741718318065,587.2090697288513,350.7260734243662,1741718318034.4001,0.26661962265796274
1,1,block_2,2,Provo_ID2,4,1078535,1258031,1,gaze_data,1741718318098,586.0933184623718,362.6938428899471,1741718318064.1,0.28395207851295345
1,1,block_2,2,Provo_ID2,4,1078535,1258031,1,gaze_data,1741718318133,592.5859451293945,362.48740239670894,1741718318095.8,0.463187420244683
1,1,block_2,2,Provo_ID2,4,1078535,1258031,1,gaze_data,1741718318168,590.0857925415039,365.63238776945497,1741718318128.4001,0.4644214431968819
1,1,block_2,2,Provo_ID2,4,1078535,1258031,1,gaze_data,1741718318209,599.9295353889465,356.1117573570533,1741718318176.3,0.48370958481743165
1,1,block_2,2,Provo_ID2,4,1078535,1258031,1,gaze_data,1741718318247,577.0917773246765,366.87049451981085,1741718318207.7002,0.4377049917137193
1,1,block_2,2,Provo_ID2,4,1078535,1258031,1,gaze_data,1741718318269,486.53765320777893,304.1987354998475,1741718318241.3,0.5080241539508976
1,1,block_2,2,Provo_ID2,4,1078535,1258031,1,gaze_data,1741718318297,435.6180489063263,265.6679989200352,1741718318271.9001,0.40439091231067303
1,1,block_2,2,Provo_ID2,4,1078535,1258031,1,gaze_data,1741718318330,425.1675933599472,253.58861977004176,1741718318304.6,0.6592551024843544
1,1,block_2,2,Provo_ID2,4,1078535,1258031,1,gaze_data,1741718318375,413.3805826306343,260.880284919656,1741718318335.8,0.8070123367135366
1,1,block_2,2,Provo_ID2,4,1078535,1258031,1,gaze_data,1741718318393,419.66081857681274,252.8488150904856,1741718318369.5,0.8070123367135366
1,1,block_2,2,Provo_ID2,4,1078535,1258031,1,gaze_data,1741718318430,409.87947806715965,241.74790392728792,1741718318400.3,0.8659366913784803
1,1,block_2,2,Provo_ID2,4,1078535,1258031,1,gaze_data,1741718318460,220.27806043624878,108.72889371859536,1741718318432.8,0.8629507053103991
1,1,block_2,2,Provo_ID2,4,1078535,1258031,1,gaze_data,1741718318497,53.55257987976074,133.87296598024844,1741718318464.1,0.6765674968821219
1,1,block_2,2,Provo_ID2,4,1078535,1258031,1,gaze_data,1741718318529,56.329917907714844,130.71141025766633,1741718318496,1
1,1,block_2,2,Provo_ID2,4,1078535,1258031,1,gaze_data,1741718318567,61.07158660888672,116.37434142272022,1741718318544.1,1
1,1,block_2,2,Provo_ID2,4,1078535,1258031,1,gaze_data,1741718318602,54.99777793884277,119.41516073562059,1741718318576,1
1,1,block_2,2,Provo_ID2,4,1078535,1258031,1,gaze_data,1741718318637,17.460298538208008,115.33199566822508,1741718318607.8,1
1,1,block_2,2,Provo_ID2,4,1078535,1258031,1,gaze_data,1741718318668,26.96700096130371,111.90640910845775,1741718318640.4001,1
1,1,block_2,2,Provo_ID2,4,1078535,1258031,1,gaze_data,1741718318706,13.612842559814453,111.60523834559508,1741718318673,1
1,1,block_2,2,Provo_ID2,4,1078535,1258031,1,gaze_data,1741718318734,9.78555679321289,115.7368707553425,1741718318703.6,1
1,1,block_2,2,Provo_ID2,4,1078535,1258031,1,gaze_data,1741718318770,-1.2573719024658203,109.52254272593335,1741718318736.2002,1
1,1,block_2,2,Provo_ID2,4,1078535,1258031,1,gaze_data,1741718318801,6.712961196899414,118.5354352773141,1741718318768,1
1,1,block_2,2,Provo_ID2,4,1078535,1258031,1,gaze_data,1741718318834,108.39190483093262,70.13596805729732,1741718318800.5,1
1,1,block_2,2,Provo_ID2,4,1078535,1258031,1,gaze_data,1741718318863,187.05077171325684,104.58419121268514,1741718318831.7002,1
1,1,block_2,2,Provo_ID2,4,1078535,1258031,1,gaze_data,1741718318904,226.62672996520996,92.32143973062975,1741718318863.4001,1
1,1,block_2,2,Provo_ID2,4,1078535,1258031,1,gaze_data,1741718318943,271.2003827095032,110.80699432439245,1741718318914.2002,1
1,1,block_2,2,Provo_ID2,4,1078535,1258031,1,gaze_data,1741718318971,393.56902688741684,173.51050883725512,1741718318945.4001,1
1,1,block_2,2,Provo_ID2,4,1078535,1258031,1,gaze_data,1741718319010,286.2483620643616,94.67384851418451,1741718318975.9001,0.15206662512514105
1,1,block_2,2,Provo_ID2,4,1078535,1258031,1,gaze_data,1741718319035,288.04911375045776,111.00564489137066,1741718319007.9001,0
1,1,block_2,2,Provo_ID2,4,1078535,1258031,1,gaze_data,1741718319073,356.20006918907166,121.64178380738629,1741718319041.2002,0
1,1,block_2,2,Provo_ID2,4,1078535,1258031,1,gaze_data,1741718319101,349.3149399757385,102.54027393531385,1741718319071.8,0
1,1,block_2,2,Provo_ID2,4,1078535,1258031,1,gaze_data,1741718319139,281.1383605003357,74.66711346342869,1741718319106,0.02678830244348858
1,1,block_2,2,Provo_ID2,4,1078535,1258031,1,gaze_data,1741718319168,286.1187815666199,106.43597435278903,1741718319136.6,0.20650443237006033
1,1,block_2,2,Provo_ID2,4,1078535,1258031,1,gaze_data,1741718319200,257.5488805770874,111.26608610670375,1741718319168.2002,0.4205788418466758
1,1,block_2,2,Provo_ID2,4,1078535,1258031,1,gaze_data,1741718319232,388.8242840766907,97.35228730903013,1741718319199.9001,0.6369435754649435
1,1,block_2,2,Provo_ID2,4,1078535,1258031,1,gaze_data,1741718319274,448.09670746326447,77.1710906783826,1741718319248.4001,0.7664197855598083
1,1,block_2,2,Provo_ID2,4,1078535,1258031,1,gaze_data,1741718319308,483.11373591423035,69.12277122381711,1741718319280.8,0.9687091079115127
1,1,block_2,2,Provo_ID2,4,1078535,1258031,1,gaze_data,1741718319330,478.2758891582489,53.263434619034705,1741718319311.8,0.9687297938357622
1,1,block_2,2,Provo_ID2,4,1078535,1258031,1,gaze_data,1741718319370,484.65168476104736,57.99193475355037,1741718319343.6,1
1,1,block_2,2,Provo_ID2,4,1078535,1258031,1,gaze_data,1741718319404,496.27623558044434,59.892527814025215,1741718319376.4001,1
1,1,block_2,2,Provo_ID2,4,1078535,1258031,1,gaze_data,1741718319436,489.53272700309753,61.86175563588835,1741718319408.4001,1
1,1,block_2,2,Provo_ID2,4,1078535,1258031,1,gaze_data,1741718319472,494.22135949134827,76.35426552331887,1741718319440.2002,1
1,1,block_2,2,Provo_ID2,4,1078535,1258031,1,gaze_data,1741718319501,495.27506828308105,78.81737169112662,1741718319475.6,1
1,1,block_2,2,Provo_ID2,4,1078535,1258031,1,gaze_data,1741718319535,495.8393692970276,79.6810555613222,1741718319504.5,1
1,1,block_2,2,Provo_ID2,4,1078535,1258031,1,gaze_data,1741718319568,520.4216122627258,101.15289998416529,1741718319535.7002,1
1,1,block_2,2,Provo_ID2,4,1078535,1258031,1,gaze_data,1741718319598,575.0199317932129,89.36299553662215,1741718319568.9001,1
1,1,block_2,2,Provo_ID2,4,1078535,1258031,1,gaze_data,1741718319639,605.8475017547607,93.01535385032538,1741718319616.7002,1
1,1,block_2,2,Provo_ID2,4,1078535,1258031,1,gaze_data,1741718319673,601.7204761505127,82.59949260057958,1741718319649.6,1
1,1,block_2,2,Provo_ID2,4,1078535,1258031,1,gaze_data,1741718319703,592.7158832550049,81.81504851566737,1741718319680.5,1
1,1,block_2,2,Provo_ID2,4,1078535,1258031,1,gaze_data,1741718319736,397.9168564081192,84.97954594080464,1741718319712.7002,1
1,1,block_2,2,Provo_ID2,4,1078535,1258031,1,gaze_data,1741718319771,114.12911415100098,159.46499623859265,1741718319746.5,1
1,1,block_2,2,Provo_ID2,4,1078535,1258031,1,gaze_data,1741718319797,34.42111015319824,122.82378968344335,1741718319777.8,0.8598909290042682
1,1,block_2,2,Provo_ID2,4,1078535,1258031,1,gaze_data,1741718319832,27.53129005432129,136.37104489539553,1741718319809.2002,1
1,1,block_2,2,Provo_ID2,4,1078535,1258031,1,gaze_data,1741718319871,24.054479598999023,140.26719215376517,1741718319841.5,1
1,1,block_2,2,Provo_ID2,4,1078535,1258031,1,gaze_data,1741718319901,12.907838821411133,162.78912757327396,1741718319871.5,1
1,1,block_2,2,Provo_ID2,4,1078535,1258031,1,gaze_data,1741718319934,12.820243835449219,163.51613770855224,1741718319904.5,1
1,1,block_2,2,Provo_ID2,4,1078535,1258031,1,gaze_data,1741718319974,5.694818496704102,170.7646491987845,1741718319954.3,1
1,1,block_2,2,Provo_ID2,4,1078535,1258031,1,gaze_data,1741718320010,8.085012435913086,181.33598873775588,1741718319984,1
1,1,block_2,2,Provo_ID2,4,1078535,1258031,1,gaze_data,1741718320039,69.71726417541504,164.31851128435446,1741718320015.9001,1
1,1,block_2,2,Provo_ID2,4,1078535,1258031,1,gaze_data,1741718320070,141.2743091583252,164.16213931333994,1741718320048.5,1
1,1,block_2,2,Provo_ID2,4,1078535,1258031,1,gaze_data,1741718320102,158.6080551147461,159.88684383235113,1741718320081.1,1
1,1,block_2,2,Provo_ID2,4,1078535,1258031,1,gaze_data,1741718320144,385.33354848623276,160.1588731215471,1741718320111.6,1
1,1,block_2,2,Provo_ID2,4,1078535,1258031,1,gaze_data,1741718320185,391.7956739664078,190.505804363921,1741718320143.7002,1
1,1,block_2,2,Provo_ID2,4,1078535,1258031,1,gaze_data,1741718320208,411.25672683119774,218.49721755484956,1741718320179.6,1
1,1,block_2,2,Provo_ID2,4,1078535,1258031,1,gaze_data,1741718320239,417.8085118532181,203.5162509909938,1741718320209,0.9873088094098512
1,1,block_2,2,Provo_ID2,4,1078535,1258031,1,gaze_data,1741718320269,419.535693526268,202.03599557442158,1741718320239.9001,0.9938578041174191
1,1,block_2,2,Provo_ID2,4,1078535,1258031,1,gaze_data,1741718320310,414.3324449658394,198.81584411587994,1741718320273.3,1
1,1,block_2,2,Provo_ID2,4,1078535,1258031,1,gaze_data,1741718320335,455.6815266609192,199.59563546997865,1741718320320.8,0.9661877929590745
1,1,block_2,2,Provo_ID2,4,1078535,1258031,1,gaze_data,1741718320369,479.62180376052856,196.69432360800124,1741718320353.1,0.9391758208070398
1,1,block_2,2,Provo_ID2,4,1078535,1258031,1,gaze_data,1741718320399,499.83381628990173,211.29013380104445,1741718320384.4001,1
1,1,block_2,2,Provo_ID2,4,1078535,1258031,1,gaze_data,1741718320440,512.605607509613,208.54462418794114,1741718320416.7002,1
1,1,block_2,2,Provo_ID2,4,1078535,1258031,1,gaze_data,1741718320476,509.9862813949585,205.95691085120345,1741718320450.2002,1
1,1,block_2,2,Provo_ID2,4,1078535,1258031,1,gaze_data,1741718320502,505.2440643310547,203.7024272496685,1741718320479.8,1
1,1,block_2,2,Provo_ID2,4,1078535,1258031,1,gaze_data,1741718320530,514.2520666122437,213.11480673171434,1741718320512.8,1
1,1,block_2,2,Provo_ID2,4,1078535,1258031,1,gaze_data,1741718320573,517.3681497573853,201.47452323400535,1741718320544.8,1
1,1,block_2,2,Provo_ID2,4,1078535,1258031,1,gaze_data,1741718320602,541.2881731987,183.26650524346275,1741718320576.6,1
1,1,block_2,2,Provo_ID2,4,1078535,1258031,1,gaze_data,1741718320642,569.2705512046814,187.93487176460712,1741718320609.4001,1
1,1,block_2,2,Provo_ID2,4,1078535,1258031,1,gaze_data,1741718320692,597.4680542945862,181.02359109742005,1741718320658.7002,1
1,1,block_2,2,Provo_ID2,4,1078535,1258031,1,gaze_data,1741718320724,592.1877145767212,192.76349032519954,1741718320688.1,1
1,1,block_2,2,Provo_ID2,4,1078535,1258031,1,gaze_data,1741718320749,599.8260855674744,201.33298824252378,1741718320720.2002,1
1,1,block_2,2,Provo_ID2,4,1078535,1258031,1,gaze_data,1741718320781,447.8677660226822,224.5174760673672,1741718320751.6,1
1,1,block_2,2,Provo_ID2,4,1078535,1258031,1,gaze_data,1741718320811,124.67918395996094,274.7325909629044,1741718320784,0.7658940970990508
1,1,block_2,2,Provo_ID2,4,1078535,1258031,1,gaze_data,1741718320854,77.14009284973145,279.4682666174502,1741718320816,0.6862707782774939
1,1,block_2,2,Provo_ID2,4,1078535,1258031,1,gaze_data,1741718320889,74.97730255126953,269.9221402083457,1741718320847.7002,0.7212350488621287
1,1,block_2,2,Provo_ID2,4,1078535,1258031,1,gaze_data,1741718320921,78.38215827941895,276.74261908210536,1741718320880.3,0.9226123464858231
1,1,block_2,2,Provo_ID2,4,1078535,1258031,1,gaze_data,1741718320949,54.85367774963379,284.6311407854655,1741718320913.8,0.8676252277435306
1,1,block_2,2,Provo_ID2,4,1078535,1258031,1,gaze_data,1741718320982,32.858943939208984,285.75090172492503,1741718320944,0.9761049205959367
1,1,block_2,2,Provo_ID2,4,1078535,1258031,1,gaze_data,1741718321011,37.30931282043457,293.75163262423104,1741718320976.3,0.9438691921469808
1,1,block_2,2,Provo_ID2,4,1078535,1258031,1,gaze_data,1741718321053,35.93249320983887,290.61002834758636,1741718321024.7002,0.8730097486648143
1,1,block_2,2,Provo_ID2,4,1078535,1258031,1,gaze_data,1741718321083,43.13960075378418,293.7492271307492,1741718321056.3,0.8590447925176949
1,1,block_2,2,Provo_ID2,4,1078535,1258031,1,gaze_data,1741718321134,49.867820739746094,297.7213149991315,1741718321088.2002,0.9666536020771348
1,1,block_2,2,Provo_ID2,4,1078535,1258031,1,gaze_data,1741718321152,102.14715003967285,261.7219693231479,1741718321122.7002,0.9666536020771348
1,1,block_2,2,Provo_ID2,4,1078535,1258031,1,gaze_data,1741718321184,228.47976684570312,270.13860110864204,1741718321152.3,0.9312817001523728
1,1,block_2,2,Provo_ID2,4,1078535,1258031,1,gaze_data,1741718321217,231.9210648536682,276.6867565229503,1741718321183.7002,1
1,1,block_2,2,Provo_ID2,4,1078535,1258031,1,gaze_data,1741718321245,229.43360805511475,268.0178197500763,1741718321216.3,1
1,1,block_2,2,Provo_ID2,4,1078535,1258031,1,gaze_data,1741718321283,216.87897443771362,271.5610185569383,1741718321247.9001,0.9790927757769374
1,1,block_2,2,Provo_ID2,4,1078535,1258031,1,gaze_data,1741718321314,223.1223702430725,280.47019188936775,1741718321279.6,0.9344257023657101
1,1,block_2,2,Provo_ID2,4,1078535,1258031,1,gaze_data,1741718321351,231.9637894630432,275.17902225320614,1741718321313,1
1,1,block_2,2,Provo_ID2,4,1078535,1258031,1,gaze_data,1741718321389,221.9198226928711,284.68134335995757,1741718321360.2002,1
1,1,block_2,2,Provo_ID2,4,1078535,1258031,1,gaze_data,1741718321421,222.10522890090942,282.50471433693315,1741718321392.3,1
1,1,block_2,2,Provo_ID2,4,1078535,1258031,1,gaze_data,1741718321454,78.24687957763672,364.17649076714173,1741718321424.2002,1
1,1,block_2,2,Provo_ID2,4,1078535,1258031,1,gaze_data,1741718321485,72.5064754486084,384.94940900492304,1741718321456.6,0.7819767809019088
1,1,block_2,2,Provo_ID2,4,1078535,1258031,1,gaze_data,1741718321517,47.53432273864746,365.9556622618967,1741718321488.3,0.80549565938859
1,1,block_2,2,Provo_ID2,4,1078535,1258031,1,gaze_data,1741718321550,60.03851890563965,377.61850750110153,1741718321520.4001,0.7202380246338079
1,1,block_2,2,Provo_ID2,4,1078535,1258031,1,gaze_data,1741718321586,62.25581169128418,380.2645205417062,1741718321553.6,0.7035683562378401
1,1,block_2,2,Provo_ID2,4,1078535,1258031,1,gaze_data,1741718321624,54.06007766723633,381.1440821583514,1741718321584.9001,0.6574663254418698
1,1,block_2,2,Provo_ID2,4,1078535,1258031,1,gaze_data,1741718321650,85.12253761291504,390.70665603604596,1741718321617.2002,0.7188354833910465
1,1,block_2,2,Provo_ID2,4,1078535,1258031,1,gaze_data,1741718321685,234.3106985092163,393.8507775163961,1741718321647.7002,0.7561715859858623
1,1,block_2,2,Provo_ID2,4,1078535,1258031,1,gaze_data,1741718321715,276.60011053085327,386.340782182077,1741718321680.1,0.5422500676537794
1,1,block_2,2,Provo_ID2,4,1078535,1258031,1,gaze_data,1741718321758,282.58440494537354,405.54230994102494,1741718321729.6,0.6027423698466078
1,1,block_2,2,Provo_ID2,4,1078535,1258031,1,gaze_data,1741718321783,408.60928669571877,367.91255727507286,1741718321759.5,0.5457923229854266
1,1,block_2,2,Provo_ID2,4,1078535,1258031,1,gaze_data,1741718321822,470.00478506088257,379.77856617428995,1741718321792.6,0.5687571652053901
1,1,block_2,2,Provo_ID2,4,1078535,1258031,1,gaze_data,1741718321858,462.41270303726196,384.7200902578888,1741718321825.6,0.6083208769631248
1,1,block_2,2,Provo_ID2,4,1078535,1258031,1,gaze_data,1741718321890,475.3471374511719,372.31653176264234,1741718321856.5,0.5346280754635523
1,1,block_2,2,Provo_ID2,4,1078535,1258031,1,gaze_data,1741718321918,472.1866011619568,380.1477759106816,1741718321887.5,0.6312581249310492
1,1,block_2,2,Provo_ID2,4,1078535,1258031,1,gaze_data,1741718321950,479.07934188842773,373.37056985387574,1741718321919.6,0.6656032962120126
1,1,block_2,2,Provo_ID2,4,1078535,1258031,1,gaze_data,1741718321987,479.7393262386322,379.67263509291115,1741718321952.1,0.6459246349856673
1,1,block_2,2,Provo_ID2,4,1078535,1258031,1,gaze_data,1741718322018,488.7183368206024,376.1321061603935,1741718321986.1,0.7005354245984533
1,1,block_2,2,Provo_ID2,4,1078535,1258031,1,gaze_data,1741718322050,439.4161492586136,375.89551880147604,1741718322015.8,0.6336324539974726
1,1,block_2,2,Provo_ID2,4,1078535,1258031,1,gaze_data,1741718322094,320.44774889945984,408.5469574835192,1741718322063.7002,0.6652582540473109
1,1,block_2,2,Provo_ID2,4,1078535,1258031,1,gaze_data,1741718322119,303.6455273628235,389.4885379683687,1741718322096.1,0.47983683653276027
1,1,block_2,2,Provo_ID2,4,1078535,1258031,1,gaze_data,1741718322147,289.0140771865845,395.93475407995527,1741718322128.4001,0.47373469344919233
1,1,block_2,2,Provo_ID2,4,1078535,1258031,1,gaze_data,1741718322190,298.22397232055664,377.13985153496134,1741718322160.1,0.4258622753734233
1,1,block_2,2,Provo_ID2,4,1078535,1258031,1,gaze_data,1741718322218,169.47197914123535,386.89638415024234,1741718322192.8,0.45534426338277856
1,1,block_2,2,Provo_ID2,4,1078535,1258031,1,gaze_data,1741718322252,137.96515464782715,377.47173516196955,1741718322225.4001,0.41901461084967856
1,1,block_2,2,Provo_ID2,4,1078535,1258031,1,gaze_data,1741718322289,130.43265342712402,370.4885652422129,1741718322256.3,0.473871472600933
1,1,block_2,2,Provo_ID2,4,1078535,1258031,1,gaze_data,1741718322323,120.05314826965332,381.5868121165774,1741718322288.4001,0.6033231838340655
1,1,block_2,2,Provo_ID2,4,1078535,1258031,1,gaze_data,1741718322355,125.9035587310791,378.39139330154387,1741718322319.8,0.5273050350418184
1,1,block_2,2,Provo_ID2,4,1078535,1258031,1,gaze_data,1741718322380,103.19194793701172,384.74493461162047,1741718322352.3,0.668963173963317
1,1,block_2,2,Provo_ID2,4,1078535,1258031,1,gaze_data,1741718322423,73.10776710510254,393.8580163388863,1741718322384,0.6623083722198874
1,1,block_2,2,Provo_ID2,4,1078535,1258031,1,gaze_data,1741718322452,99.46951866149902,384.0276656078413,1741718322432.9001,0.7190123177223438
1,1,block_2,2,Provo_ID2,4,1078535,1258031,1,gaze_data,1741718322488,77.86192893981934,386.42845236556906,1741718322466.5,0.7774397472550633
1,1,block_2,2,Provo_ID2,4,1078535,1258031,1,gaze_data,1741718322527,73.54922294616699,382.2055378084328,1741718322496.4001,0.6895243963567906
1,1,block_2,2,Provo_ID2,4,1078535,1258031,1,gaze_data,1741718322551,104.34751510620117,381.86805377554737,1741718322528.4001,0.736551539370054
1,1,block_2,2,Provo_ID2,4,1078535,1258031,1,gaze_data,1741718322589,97.2815990447998,377.122097056755,1741718322559.9001,0.8095984915064363
1,1,block_2,2,Provo_ID2,4,1078535,1258031,1,gaze_data,1741718322625,96.59342765808105,383.98753929551924,1741718322594.2002,0.9237720240850154
1,1,block_2,2,Provo_ID2,4,1078535,1258031,1,gaze_data,1741718322655,229.83431816101074,281.0288398229636,1741718322623.7002,0.6863391801093196
1,1,block_2,2,Provo_ID2,4,1078535,1258031,1,gaze_data,1741718322689,343.66281032562256,196.31509718822554,1741718322657.3,0.6502082714977111
1,1,block_2,2,Provo_ID2,4,1078535,1258031,1,gaze_data,1741718322720,316.13128781318665,169.33077772889376,1741718322689.6,0.4071335627992522
1,1,block_2,2,Provo_ID2,4,1078535,1258031,1,gaze_data,1741718322759,305.5851340293884,162.7792486658324,1741718322721.4001,0.5536034304287595
1,1,block_2,2,Provo_ID2,4,1078535,1258031,1,gaze_data,1741718322789,312.1683418750763,167.6174966477003,1741718322769.2002,0.5773618619760199
1,1,block_2,2,Provo_ID2,4,1078535,1258031,1,gaze_data,1741718322818,297.20871448516846,177.2048143399253,1741718322800.3,0.8420614039768008
1,1,block_2,2,Provo_ID2,4,1078535,1258031,1,gaze_data,1741718322846,300.9851098060608,168.9205070379758,1741718322831.9001,0.8243286255414968
1,1,block_2,2,Provo_ID2,4,1078535,1258031,1,gaze_data,1741718322890,308.05792808532715,167.69230526078033,1741718322865.6,0.8958557875927333
1,1,block_2,2,Provo_ID2,4,1078535,1258031,1,gaze_data,1741718322922,381.36083483695984,125.31236578223503,1741718322897.2002,0.9111557724230388
1,1,block_2,2,Provo_ID2,4,1078535,1258031,1,gaze_data,1741718322951,433.06444585323334,130.30283383847316,1741718322928.5,0.8332838654041668
1,1,block_2,2,Provo_ID2,4,1078535,1258031,1,gaze_data,1741718322990,500.1096725463867,146.0020226666829,1741718322960,1
1,1,block_2,2,Provo_ID2,4,1078535,1258031,1,gaze_data,1741718323032,495.8780348300934,134.2692915115853,1741718322992.5,1
1,1,block_2,2,Provo_ID2,4,1078535,1258031,1,gaze_data,1741718323063,488.83346915245056,117.09890138042724,1741718323024.8,1
1,1,block_2,2,Provo_ID2,4,1078535,1258031,1,gaze_data,1741718323088,479.1991055011749,117.95419953650352,1741718323055.9001,0.8831716152953608
1,1,block_2,2,Provo_ID2,4,1078535,1258031,1,gaze_data,1741718323118,495.68588733673096,108.29504844682077,1741718323088.3,0.9478287594804513
1,1,block_2,2,Provo_ID2,4,1078535,1258031,1,gaze_data,1741718323160,453.66880893707275,104.20866612498517,1741718323136.4001,0.9870831599570087
1,1,block_2,2,Provo_ID2,4,1078535,1258031,1,gaze_data,1741718323189,266.4323329925537,135.04178260257083,1741718323168.6,0.9200179874185381
1,1,block_2,2,Provo_ID2,4,1078535,1258031,1,gaze_data,1741718323230,239.35399055480957,123.68192527919943,1741718323200.4001,1
1,1,block_2,2,Provo_ID2,4,1078535,1258031,1,gaze_data,1741718323259,255.05939722061157,120.0553050010168,1741718323233.5,1
1,1,block_2,2,Provo_ID2,4,1078535,1258031,1,gaze_data,1741718323289,258.8768243789673,118.27127038786054,1741718323264.4001,1
1,1,block_2,2,Provo_ID2,4,1078535,1258031,1,gaze_data,1741718323323,254.94420528411865,120.26169336281733,1741718323296.7002,1
1,1,block_2,2,Provo_ID2,4,1078535,1258031,1,gaze_data,1741718323357,242.21863746643066,116.10476975844377,1741718323329.6,1
1,1,block_2,2,Provo_ID2,4,1078535,1258031,1,gaze_data,1741718323392,257.689905166626,117.07702851864366,1741718323362.3,1
1,1,block_2,2,Provo_ID2,4,1078535,1258031,1,gaze_data,1741718323424,252.6068925857544,119.64617003070558,1741718323394.2002,1
1,1,block_2,2,Provo_ID2,4,1078535,1258031,1,gaze_data,1741718323457,231.6977024078369,106.72763485194804,1741718323425.1,1
1,1,block_2,2,Provo_ID2,4,1078535,1258031,1,gaze_data,1741718323508,105.70392608642578,120.14643075409266,1741718323473.9001,1
1,1,block_2,2,Provo_ID2,4,1078535,1258031,1,gaze_data,1741718323534,91.17980003356934,118.73850212179916,1741718323505.3,1
1,1,block_2,2,Provo_ID2,4,1078535,1258031,1,gaze_data,1741718323568,110.75496673583984,87.83774882748949,1741718323537.2002,1
1,1,block_2,2,Provo_ID2,4,1078535,1258031,1,gaze_data,1741718323605,100.4305362701416,106.22419411086209,1741718323569.1,0.993825194525086
1,1,block_2,2,Provo_ID2,4,1078535,1258031,1,gaze_data,1741718323636,93.38102340698242,90.40213893137371,1741718323600.6,1
1,1,block_2,2,Provo_ID2,4,1078535,1258031,1,gaze_data,1741718323672,73.69198799133301,79.56988154678179,1741718323633,1
1,1,block_2,2,Provo_ID2,4,1078535,1258031,1,gaze_data,1741718323706,81.2441349029541,93.91850866619781,1741718323664.5,1
1,1,block_2,2,Provo_ID2,4,1078535,1258031,1,gaze_data,1741718323738,83.71891975402832,103.28900053806264,1741718323696.7002,1
1,1,block_2,2,Provo_ID2,4,1078535,1258031,1,gaze_data,1741718323773,83.3683967590332,98.56501349658097,1741718323729.1,1
1,1,block_2,2,Provo_ID2,4,1078535,1258031,1,gaze_data,1741718323807,89.64824676513672,103.38813963784571,1741718323762.5,1
1,1,block_2,2,Provo_ID2,4,1078535,1258031,1,gaze_data,1741718323835,78.07235717773438,80.08020363764236,1741718323794.6,1
1,1,block_2,2,Provo_ID2,4,1078535,1258031,1,gaze_data,1741718323864,72.92327880859375,74.40726058860663,1741718323840,1
1,1,block_2,2,Provo_ID2,4,1078535,1258031,1,gaze_data,1741718323908,93.09020042419434,80.38334050044062,1741718323872.7002,1
1,1,block_2,2,Provo_ID2,4,1078535,1258031,1,gaze_data,1741718323933,171.98448181152344,104.48704055488238,1741718323904.8,1
1,1,block_2,2,Provo_ID2,4,1078535,1258031,1,gaze_data,1741718323972,176.48472785949707,108.54323877429755,1741718323939.4001,1
1,1,block_2,2,Provo_ID2,4,1078535,1258031,1,gaze_data,1741718324001,177.6545524597168,91.37330293138218,1741718323968.5,1
1,1,block_2,2,Provo_ID2,4,1078535,1258031,1,gaze_data,1741718324035,184.58189964294434,115.35573036706887,1741718324000.3,1
1,1,block_2,2,Provo_ID2,4,1078535,1258031,1,gaze_data,1741718324071,176.64074897766113,110.51399330255008,1741718324033.4001,1
1,1,block_2,2,Provo_ID2,4,1078535,1258031,1,gaze_data,1741718324097,183.5010051727295,106.36583522705608,1741718324065,1
1,1,block_2,2,Provo_ID2,4,1078535,1258031,1,gaze_data,1741718324131,183.72254371643066,111.46805074364917,1741718324097.7002,1
1,1,block_2,2,Provo_ID2,4,1078535,1258031,1,gaze_data,1741718324166,26.324987411499023,141.1564576651683,1741718324129.2002,1
1,1,block_2,2,Provo_ID2,4,1078535,1258031,1,gaze_data,1741718324202,19.580554962158203,140.72372949562984,1741718324161.9001,1
1,1,block_2,2,Provo_ID2,4,1078535,1258031,1,gaze_data,1741718324243,20.459985733032227,115.0788379594716,1741718324209.5,1
1,1,block_2,2,Provo_ID2,4,1078535,1258031,1,gaze_data,1741718324276,33.060359954833984,130.3613923376915,1741718324242,1
1,1,block_2,2,Provo_ID2,4,1078535,1258031,1,gaze_data,1741718324299,55.76639175415039,137.82424595764556,1741718324272.9001,1
1,1,block_2,2,Provo_ID2,4,1078535,1258031,1,gaze_data,1741718324344,266.7752265930176,104.93582520722826,1741718324306.9001,1
1,1,block_2,2,Provo_ID2,4,1078535,1258031,1,gaze_data,1741718324373,385.8058735728264,117.06964074918866,1741718324338.7002,1
1,1,block_2,2,Provo_ID2,4,1078535,1258031,1,gaze_data,1741718324403,386.16239577531815,60.75239864192143,1741718324368,1
1,1,block_2,2,Provo_ID2,4,1078535,1258031,1,gaze_data,1741718324438,391.3794919848442,59.97447843406826,1741718324400.7002,1
1,1,block_2,2,Provo_ID2,4,1078535,1258031,1,gaze_data,1741718324471,423.066046833992,65.94841350960887,1741718324433.1,1
1,1,block_2,2,Provo_ID2,4,1078535,1258031,1,gaze_data,1741718324503,419.4988578557968,78.48545827472546,1741718324465.2002,1
1,1,block_2,2,Provo_ID2,4,1078535,1258031,1,gaze_data,1741718324533,433.040314912796,75.45182565287757,1741718324497.5,1
1,1,block_2,2,Provo_ID2,4,1078535,1258031,1,gaze_data,1741718324573,438.83092999458313,73.5783111506067,1741718324545.6,1
1,1,block_2,2,Provo_ID2,4,1078535,1258031,1,gaze_data,1741718324604,433.64694714546204,85.89688050772777,1741718324577.6,1
1,1,block_2,2,Provo_ID2,4,1078535,1258031,1,gaze_data,1741718324643,436.20961606502533,85.89786355769557,1741718324611.2002,1
1,1,block_2,2,Provo_ID2,4,1078535,1258031,1,gaze_data,1741718324673,439.3326908349991,79.88508311373035,1741718324640.9001,1
1,1,block_2,2,Provo_ID2,4,1078535,1258031,1,gaze_data,1741718324706,447.5409895181656,73.7221939186212,1741718324672.1,1
1,1,block_2,2,Provo_ID2,4,1078535,1258031,1,gaze_data,1741718324738,546.2418079376221,87.25465124961869,1741718324704.7002,1
1,1,block_2,2,Provo_ID2,4,1078535,1258031,1,gaze_data,1741718324771,562.4420285224915,92.17508444299925,1741718324737.6,1
1,1,block_2,2,Provo_ID2,4,1078535,1258031,1,gaze_data,1741718324798,587.610113620758,111.84018728789952,1741718324768.8,1
1,1,block_2,2,Provo_ID2,4,1078535,1258031,1,gaze_data,1741718324842,564.047110080719,87.75856862099207,1741718324802.3,1
1,1,block_2,2,Provo_ID2,4,1078535,1258031,1,gaze_data,1741718324867,573.4311938285828,96.63220320761592,1741718324834.1,1
1,1,block_2,2,Provo_ID2,4,1078535,1258031,1,gaze_data,1741718324909,589.5904660224915,104.84889975856028,1741718324868.4001,1
1,1,block_2,2,Provo_ID2,4,1078535,1258031,1,gaze_data,1741718324944,595.0418472290039,109.80163210126169,1741718324912.6,1
1,1,block_2,2,Provo_ID2,4,1078535,1258031,1,gaze_data,1741718324974,580.0548791885376,110.4921204407665,1741718324944.9001,1
1,1,block_2,2,Provo_ID2,4,1078535,1258031,1,gaze_data,1741718325014,599.4216084480286,96.9963189578108,1741718324980.1,1
1,1,block_2,2,Provo_ID2,4,1078535,1258031,1,gaze_data,1741718325042,568.6410427093506,91.04955180865306,1741718325008.2002,1
1,1,block_2,2,Provo_ID2,4,1078535,1258031,1,gaze_data,1741718325079,348.3603775501251,129.97738472034513,1741718325041,1
1,1,block_2,2,Provo_ID2,4,1078535,1258031,1,gaze_data,1741718325108,82.65833854675293,144.16528317002567,1741718325072.8,0.9356184061547106
1,1,block_2,2,Provo_ID2,4,1078535,1258031,1,gaze_data,1741718325142,71.23370170593262,177.41708983051026,1741718325104.4001,0.8526705438181095
1,1,block_2,2,Provo_ID2,4,1078535,1258031,1,gaze_data,1741718325167,48.11725616455078,173.53515583625844,1741718325137.3,0.9550202111918029
1,1,block_2,2,Provo_ID2,4,1078535,1258031,1,gaze_data,1741718325213,67.6673412322998,173.88631692418824,1741718325171.6,0.90411254068343
1,1,block_2,2,Provo_ID2,4,1078535,1258031,1,gaze_data,1741718325232,70.7695484161377,184.3427401561282,1741718325201.2002,0.90411254068343
1,1,block_2,2,Provo_ID2,4,1078535,1258031,1,gaze_data,1741718325272,76.9132137298584,185.94091874658415,1741718325250.5,0.9646369793865652
1,1,block_2,2,Provo_ID2,4,1078535,1258031,1,gaze_data,1741718325315,65.45519828796387,194.92123287308502,1741718325282.1,1
1,1,block_2,2,Provo_ID2,4,1078535,1258031,1,gaze_data,1741718325349,45.07765769958496,195.75022327150026,1741718325313.9001,1
1,1,block_2,2,Provo_ID2,4,1078535,1258031,1,gaze_data,1741718325382,59.36741828918457,200.3479907931578,1741718325345.1,1
1,1,block_2,2,Provo_ID2,4,1078535,1258031,1,gaze_data,1741718325411,66.00346565246582,203.82436454425405,1741718325376.4001,1
1,1,block_2,2,Provo_ID2,4,1078535,1258031,1,gaze_data,1741718325449,34.11893844604492,216.10104442935705,1741718325411,1
1,1,block_2,2,Provo_ID2,4,1078535,1258031,1,gaze_data,1741718325469,115.4655933380127,187.0231413272353,1741718325441.2002,1
1,1,block_2,2,Provo_ID2,4,1078535,1258031,1,gaze_data,1741718325515,161.34138107299805,180.95753684219724,1741718325474.6,1
1,1,block_2,2,Provo_ID2,4,1078535,1258031,1,gaze_data,1741718325553,139.26186561584473,178.9250363496793,1741718325508.6,1
1,1,block_2,2,Provo_ID2,4,1078535,1258031,1,gaze_data,1741718325588,161.96355819702148,185.99248418580424,1741718325536.3,1
1,1,block_2,2,Provo_ID2,4,1078535,1258031,1,gaze_data,1741718325611,315.2871608734131,195.14642951286797,1741718325569.4001,1
1,1,block_2,2,Provo_ID2,4,1078535,1258031,1,gaze_data,1741718325635,343.8429832458496,191.01638338829588,1741718325617.5,1
1,1,block_2,2,Provo_ID2,4,1078535,1258031,1,gaze_data,1741718325672,357.8152060508728,192.94528009576032,1741718325650.9001,0.9515630949263185
1,1,block_2,2,Provo_ID2,4,1078535,1258031,1,gaze_data,1741718325712,375.36313235759735,188.9511033924955,1741718325681.4001,1
1,1,block_2,2,Provo_ID2,4,1078535,1258031,1,gaze_data,1741718325749,376.37171149253845,195.33386437339536,1741718325714.6,0.9901522962912335
1,1,block_2,2,Provo_ID2,4,1078535,1258031,1,gaze_data,1741718325780,371.831876039505,193.2111839410281,1741718325745.4001,0.9775279765542697
1,1,block_2,2,Provo_ID2,4,1078535,1258031,1,gaze_data,1741718325811,404.0381282567978,178.66395093872336,1741718325779.1,0.9756025215436543
1,1,block_2,2,Provo_ID2,4,1078535,1258031,1,gaze_data,1741718325846,419.9577212333679,176.1050197410997,1741718325809.7002,0.9319533208999107
1,1,block_2,2,Provo_ID2,4,1078535,1258031,1,gaze_data,1741718325874,420.0330466032028,180.98657405298857,1741718325843.7002,0.9319533208999107
1,1,block_2,2,Provo_ID2,4,1078535,1258031,1,gaze_data,1741718325916,448.9680528640747,195.63455105862235,1741718325876,0.9340968211552676
1,1,block_2,2,Provo_ID2,4,1078535,1258031,1,gaze_data,1741718325952,445.6301212310791,196.86247169842173,1741718325906.7002,0.9501243206967058
1,1,block_2,2,Provo_ID2,4,1078535,1258031,1,gaze_data,1741718325976,439.1105890274048,202.8360530249209,1741718325954,0.9194632617010159
1,1,block_2,2,Provo_ID2,4,1078535,1258031,1,gaze_data,1741718326002,437.24610209465027,209.66383216179375,1741718325985.2002,0.9194632617010159
1,1,block_2,2,Provo_ID2,4,1078535,1258031,1,gaze_data,1741718326043,221.3350534439087,253.43398303116737,1741718326019.1,0.9484270289813965
1,1,block_2,2,Provo_ID2,4,1078535,1258031,1,gaze_data,1741718326076,60.0705623626709,319.6957660600575,1741718326048.9001,0.870101005805052
1,1,block_2,2,Provo_ID2,4,1078535,1258031,1,gaze_data,1741718326111,36.64102554321289,318.5731751282665,1741718326081.6,0.7156773747624248
1,1,block_2,2,Provo_ID2,4,1078535,1258031,1,gaze_data,1741718326148,80.49407005310059,294.36072889481085,1741718326113.4001,0.7861296384134033
1,1,block_2,2,Provo_ID2,4,1078535,1258031,1,gaze_data,1741718326177,72.81913757324219,308.0443227110095,1741718326145.4001,0.7746011582417527
1,1,block_2,2,Provo_ID2,4,1078535,1258031,1,gaze_data,1741718326204,53.88751029968262,324.4178242383448,1741718326178.2002,0.7746011582417527
1,1,block_2,2,Provo_ID2,4,1078535,1258031,1,gaze_data,1741718326249,55.60274124145508,321.9286821410868,1741718326209.6,0.7616099557472265
1,1,block_2,2,Provo_ID2,4,1078535,1258031,1,gaze_data,1741718326273,33.12511444091797,318.92293983840113,1741718326241,0.7616099557472265
1,1,block_2,2,Provo_ID2,4,1078535,1258031,1,gaze_data,1741718326312,162.03303337097168,323.38809429176973,1741718326275.1,0.7463491719797383
1,1,block_2,2,Provo_ID2,4,1078535,1258031,1,gaze_data,1741718326354,246.53711318969727,330.10409804073174,1741718326322.2002,0.6370171686027153
1,1,block_2,2,Provo_ID2,4,1078535,1258031,1,gaze_data,1741718326394,304.1281461715698,314.5149810195228,1741718326354,0.21395203658034825
1,1,block_2,2,Provo_ID2,4,1078535,1258031,1,gaze_data,1741718326429,376.79265439510345,288.8586578038147,1741718326386.8,0
1,1,block_2,2,Provo_ID2,4,1078535,1258031,1,gaze_data,1741718326458,424.5914429426193,292.1715064059111,1741718326420.6,0
1,1,block_2,2,Provo_ID2,4,1078535,1258031,1,gaze_data,1741718326493,401.10505893826485,319.7210274652907,1741718326450.3,0.06397046604246315
1,1,block_2,2,Provo_ID2,4,1078535,1258031,1,gaze_data,1741718326518,406.1145503073931,313.2578835311526,1741718326480.5,0.18495361350162878
1,1,block_2,2,Provo_ID2,4,1078535,1258031,1,gaze_data,1741718326554,393.89708042144775,324.68639795795696,1741718326513.1,0.13700785727943535
1,1,block_2,2,Provo_ID2,4,1078535,1258031,1,gaze_data,1741718326583,397.7266527712345,325.19343576824326,1741718326545.2002,0.13700785727943535
1,1,block_2,2,Provo_ID2,4,1078535,1258031,1,gaze_data,1741718326629,401.754217594862,330.03438341384856,1741718326579,0.18712639975837234
1,1,block_2,2,Provo_ID2,4,1078535,1258031,1,gaze_data,1741718326659,396.4437961578369,327.24465144689066,1741718326612,0.2677217931801463
1,1,block_2,2,Provo_ID2,4,1078535,1258031,1,gaze_data,1741718326693,405.71072697639465,330.6413720848762,1741718326657.3,0.28478603163873606
1,1,block_2,2,Provo_ID2,4,1078535,1258031,1,gaze_data,1741718326725,511.71932220458984,312.1883996396675,1741718326688.8,0.3485212653430659
1,1,block_2,2,Provo_ID2,4,1078535,1258031,1,gaze_data,1741718326762,517.4490213394165,307.15847553244896,1741718326720.7002,0.2818925003743357
1,1,block_2,2,Provo_ID2,4,1078535,1258031,1,gaze_data,1741718326793,518.0553913116455,303.40979321659773,1741718326752.9001,0.30401068888012506
1,1,block_2,2,Provo_ID2,4,1078535,1258031,1,gaze_data,1741718326817,525.7574677467346,296.57557026165944,1741718326786.4001,0.30401068888012506
1,1,block_2,2,Provo_ID2,4,1078535,1258031,1,gaze_data,1741718326853,542.1916842460632,300.21067306948845,1741718326818,0.3296389775602357
1,1,block_2,2,Provo_ID2,4,1078535,1258031,1,gaze_data,1741718326894,545.2831268310547,304.1267717737955,1741718326849.7002,0.46658970878784806
1,1,block_2,2,Provo_ID2,4,1078535,1258031,1,gaze_data,1741718326915,534.212052822113,298.4305036300692,1741718326882.1,0.42694310401152463
1,1,block_2,2,Provo_ID2,4,1078535,1258031,1,gaze_data,1741718326958,533.9287519454956,297.3728833643319,1741718326913.2002,0.36140911809919973
1,1,block_2,2,Provo_ID2,4,1078535,1258031,1,gaze_data,1741718326983,410.83301454782486,312.46169497806443,1741718326945.7002,0.36140911809919973
1,1,block_2,2,Provo_ID2,4,1078535,1258031,1,gaze_data,1741718327023,193.93563270568848,380.93364988645607,1741718326978,0.49654010373802326
1,1,block_2,2,Provo_ID2,4,1078535,1258031,1,gaze_data,1741718327065,171.2918758392334,346.4255500512113,1741718327026,0.3980630743833552
1,1,block_2,2,Provo_ID2,4,1078535,1258031,1,gaze_data,1741718327096,164.62535858154297,362.0848285401979,1741718327059.1,0.38789148728734196
1,1,block_2,2,Provo_ID2,4,1078535,1258031,1,gaze_data,1741718327135,151.26662254333496,349.0193571806471,1741718327088.7002,0.2853977612260754
1,1,block_2,2,Provo_ID2,4,1078535,1258031,1,gaze_data,1741718327162,141.75972938537598,364.68752780343345,1741718327121.1,0.3637633234983823
1,1,block_2,2,Provo_ID2,4,1078535,1258031,1,gaze_data,1741718327188,37.342023849487305,366.8987050749475,1741718327154.5,0.3637633234983823
1,1,block_2,2,Provo_ID2,4,1078535,1258031,1,gaze_data,1741718327228,38.47393989562988,373.76703688482917,1741718327186.2002,0.34464829339252134
1,1,block_2,2,Provo_ID2,4,1078535,1258031,1,gaze_data,1741718327263,58.73003005981445,365.5993811220512,1741718327217.3,0.4458926893820828
1,1,block_2,2,Provo_ID2,4,1078535,1258031,1,gaze_data,1741718327287,52.72068977355957,366.0940637816059,1741718327251.2002,0.4458926893820828
1,1,block_2,2,Provo_ID2,4,1078535,1258031,1,gaze_data,1741718327330,50.37393569946289,373.0725567666672,1741718327282.3,0.5322598944754156
1,1,block_2,2,Provo_ID2,4,1078535,1258031,1,gaze_data,1741718327362,136.80167198181152,371.6701913035097,1741718327313.3,0.6610012025423992
1,1,block_2,2,Provo_ID2,4,1078535,1258031,1,gaze_data,1741718327389,293.2620406150818,384.97809619034706,1741718327365.6,0.6610012025423992
1,1,block_2,2,Provo_ID2,4,1078535,1258031,1,gaze_data,1741718327430,295.2924847602844,392.04035694842224,1741718327395,0.6693275016422835
1,1,block_2,2,Provo_ID2,4,1078535,1258031,1,gaze_data,1741718327475,288.30963373184204,408.36062483053144,1741718327427.1,0.5248355806287637
1,1,block_2,2,Provo_ID2,4,1078535,1258031,1,gaze_data,1741718327491,379.85884845256805,396.39175315741085,1741718327459.3,0.5248355806287637
1,1,block_2,2,Provo_ID2,4,1078535,1258031,1,gaze_data,1741718327522,406.00535310804844,391.29737969851544,1741718327489.3,0.5020084456212751
1,1,block_2,2,Provo_ID2,4,1078535,1258031,1,gaze_data,1741718327558,434.6254229545593,389.54921896183566,1741718327521.3,0.4563651837954707
1,1,block_2,2,Provo_ID2,4,1078535,1258031,1,gaze_data,1741718327595,425.53301751613617,373.844250991391,1741718327554.9001,0.48762791672452477
1,1,block_2,2,Provo_ID2,4,1078535,1258031,1,gaze_data,1741718327625,430.9297055006027,385.9182494322804,1741718327585.9001,0.5137401696567665
1,1,block_2,2,Provo_ID2,4,1078535,1258031,1,gaze_data,1741718327656,440.0231182575226,386.86841191024945,1741718327618.3,0.5137401696567665
1,1,block_2,2,Provo_ID2,4,1078535,1258031,1,gaze_data,1741718327686,445.6482261419296,386.1227536149759,1741718327650.9001,0.5338901767040011
1,1,block_2,2,Provo_ID2,4,1078535,1258031,1,gaze_data,1741718327721,442.059862613678,384.9188152983494,1741718327681.1,0.5216206442991856
1,1,block_2,2,Provo_ID2,4,1078535,1258031,1,gaze_data,1741718327762,456.19887113571167,384.33598582501526,1741718327730,0.5334045047478684
1,1,block_2,2,Provo_ID2,4,1078535,1258031,1,gaze_data,1741718327798,542.5534963607788,363.00371215555515,1741718327762,0.49134854992718513
1,1,block_2,2,Provo_ID2,4,1078535,1258031,1,gaze_data,1741718327829,549.5364427566528,362.5021481462259,1741718327794.6,0.5222374379040511
1,1,block_2,2,Provo_ID2,4,1078535,1258031,1,gaze_data,1741718327869,558.1135988235474,361.9244126590886,1741718327825.6,0.26432055142416744
1,1,block_2,2,Provo_ID2,4,1078535,1258031,1,gaze_data,1741718327898,553.9812564849854,370.3215659052586,1741718327859.1,0.26432055142416744
1,1,block_2,2,Provo_ID2,4,1078535,1258031,1,gaze_data,1741718327932,547.3434448242188,382.2442044404996,1741718327890.5,0.3044710536074935
1,1,block_2,2,Provo_ID2,4,1078535,1258031,1,gaze_data,1741718327962,553.4635186195374,377.53593130380625,1741718327920.7002,0.3714831703112347
1,1,block_2,2,Provo_ID2,4,1078535,1258031,1,gaze_data,1741718327993,555.0986051559448,369.4953273020184,1741718327953.1,0.3714831703112347
1,1,block_2,2,Provo_ID2,4,1078535,1258031,1,gaze_data,1741718328030,554.340136051178,375.2261213521895,1741718327985.8,0.3471923396070992
1,1,block_2,2,Provo_ID2,4,1078535,1258031,1,gaze_data,1741718328073,523.8935589790344,343.31723542120346,1741718328018.2002,0.40201290441960397
1,1,block_2,2,Provo_ID2,4,1078535,1258031,1,gaze_data,1741718328092,300.0771999359131,167.52178705178218,1741718328065,0.40201290441960397
1,1,block_2,2,Provo_ID2,4,1078535,1258031,1,gaze_data,1741718328123,249.66647624969482,129.64013900260346,1741718328096.8,0.32269345879127687
1,1,block_2,2,Provo_ID2,4,1078535,1258031,1,gaze_data,1741718328161,137.1213436126709,112.13633109069957,1741718328129.3,0.19704045563007883
1,1,block_2,2,Provo_ID2,4,1078535,1258031,1,gaze_data,1741718328194,108.41689109802246,124.84033795602927,1741718328160.7002,0.574936207472813
1,1,block_2,2,Provo_ID2,4,1078535,1258031,1,gaze_data,1741718328233,151.70526504516602,95.59225549925434,1741718328194.3,1
1,1,block_2,2,Provo_ID2,4,1078535,1258031,1,gaze_data,1741718328265,128.42297554016113,84.29835189190449,1741718328225.2002,1
1,1,block_2,2,Provo_ID2,4,1078535,1258031,1,gaze_data,1741718328293,118.71342658996582,75.07159384108934,1741718328261.2002,1
1,1,block_2,2,Provo_ID2,4,1078535,1258031,1,gaze_data,1741718328327,133.1347942352295,88.63160636057823,1741718328289.4001,1
1,1,block_2,2,Provo_ID2,4,1078535,1258031,1,gaze_data,1741718328364,22.120046615600586,128.27844350818955,1741718328321.6,1
1,1,block_2,2,Provo_ID2,4,1078535,1258031,1,gaze_data,1741718328394,9.135818481445312,100.57313137095818,1741718328353,1
1,1,block_2,2,Provo_ID2,4,1078535,1258031,1,gaze_data,1741718328421,4.859590530395508,104.92087837930873,1741718328386.5,1
1,1,block_2,2,Provo_ID2,4,1078535,1258031,1,gaze_data,1741718328457,5.75861930847168,91.05542031906691,1741718328433.3,1
1,1,block_2,2,Provo_ID2,4,1078535,1258031,1,gaze_data,1741718328495,5.513095855712891,94.25136044847733,1741718328465.8,1
1,1,block_2,2,Provo_ID2,4,1078535,1258031,1,gaze_data,1741718328530,8.54954719543457,118.26505185207938,1741718328500,1
1,1,block_2,2,Provo_ID2,4,1078535,1258031,1,gaze_data,1741718328555,90.65895080566406,115.33885467595495,1741718328528.9001,1
1,1,block_2,2,Provo_ID2,4,1078535,1258031,1,gaze_data,1741718328594,95.86029052734375,86.99271311728918,1741718328561.2002,1
1,1,block_2,2,Provo_ID2,4,1078535,1258031,1,gaze_data,1741718328632,73.04577827453613,88.5230836020116,1741718328595.3,1
1,1,block_2,2,Provo_ID2,4,1078535,1258031,1,gaze_data,1741718328665,70.8613395690918,96.84221842800976,1741718328626,1
1,1,block_2,2,Provo_ID2,4,1078535,1258031,1,gaze_data,1741718328685,75.67734718322754,94.81451402775895,1741718328657.8,1
1,1,block_2,2,Provo_ID2,4,1078535,1258031,1,gaze_data,1741718328730,69.2868709564209,78.53690455637371,1741718328690.3,1
1,1,block_2,2,Provo_ID2,4,1078535,1258031,1,gaze_data,1741718328769,74.99890327453613,86.83608048908623,1741718328723,1
1,1,block_2,2,Provo_ID2,4,1078535,1258031,1,gaze_data,1741718328818,79.65531349182129,77.7961615109392,1741718328771.9001,1
1,1,block_2,2,Provo_ID2,4,1078535,1258031,1,gaze_data,1741718328836,173.65593910217285,76.60104085462989,1741718328801.8,1
1,1,block_2,2,Provo_ID2,4,1078535,1258031,1,gaze_data,1741718328876,174.91350173950195,96.47577910516371,1741718328834.3,1
1,1,block_2,2,Provo_ID2,4,1078535,1258031,1,gaze_data,1741718328913,163.28930854797363,97.23954935135913,1741718328866.8,1
1,1,block_2,2,Provo_ID2,4,1078535,1258031,1,gaze_data,1741718328938,202.93132066726685,89.82693554263828,1741718328900.6,1
1,1,block_2,2,Provo_ID2,4,1078535,1258031,1,gaze_data,1741718328972,335.2469742298126,154.6365899274251,1741718328929.4001,1
1,1,block_2,2,Provo_ID2,4,1078535,1258031,1,gaze_data,1741718329015,158.443021774292,120.04610007859104,1741718328963.5,0.299931150055683
1,1,block_2,2,Provo_ID2,4,1078535,1258031,1,gaze_data,1741718329037,116.71390533447266,140.85784134275227,1741718328994.3,0.299931150055683
1,1,block_2,2,Provo_ID2,4,1078535,1258031,1,gaze_data,1741718329077,246.0086703300476,110.20915099700464,1741718329028.9001,0
1,1,block_2,2,Provo_ID2,4,1078535,1258031,1,gaze_data,1741718329117,225.96744298934937,91.69621995110832,1741718329059.5,0
1,1,block_2,2,Provo_ID2,4,1078535,1258031,1,gaze_data,1741718329144,154.2825698852539,110.3793601410508,1741718329089.7002,0.19110807557971438
1,1,block_2,2,Provo_ID2,4,1078535,1258031,1,gaze_data,1741718329175,132.88755416870117,101.2270383359036,1741718329137.7002,0.19110807557971438
1,1,block_2,2,Provo_ID2,4,1078535,1258031,1,gaze_data,1741718329214,128.29480171203613,92.86110437355951,1741718329170.8,0.2820998544297291
1,1,block_2,2,Provo_ID2,4,1078535,1258031,1,gaze_data,1741718329247,112.53881454467773,83.37458281610121,1741718329201,0.9911097171365388
1,1,block_2,2,Provo_ID2,4,1078535,1258031,1,gaze_data,1741718329274,120.10970115661621,75.94713388968445,1741718329233.8,0.9911097171365388
1,1,block_2,2,Provo_ID2,4,1078535,1258031,1,gaze_data,1741718329304,256.0069680213928,131.9724846299972,1741718329266.7002,1
1,1,block_2,2,Provo_ID2,4,1078535,1258031,1,gaze_data,1741718329336,140.1900291442871,72.23025175082192,1741718329299.4001,1
1,1,block_2,2,Provo_ID2,4,1078535,1258031,1,gaze_data,1741718329375,162.1802806854248,57.27302733315822,1741718329330.9001,0.20789144937561593
1,1,block_2,2,Provo_ID2,4,1078535,1258031,1,gaze_data,1741718329420,187.4018669128418,126.95849040066601,1741718329363.7002,0
1,1,block_2,2,Provo_ID2,4,1078535,1258031,1,gaze_data,1741718329439,194.71473693847656,130.12571355525947,1741718329394.3,0
1,1,block_2,2,Provo_ID2,4,1078535,1258031,1,gaze_data,1741718329487,305.9678912162781,140.4003209509198,1741718329428.3,0
1,1,block_2,2,Provo_ID2,4,1078535,1258031,1,gaze_data,1741718329523,324.31578040122986,115.04650902075778,1741718329475.3,0
1,1,block_2,2,Provo_ID2,4,1078535,1258031,1,gaze_data,1741718329542,260.21177768707275,73.14448822087682,1741718329505.3,0
1,1,block_2,2,Provo_ID2,4,1078535,1258031,1,gaze_data,1741718329577,244.01801824569702,88.8506179776471,1741718329538.1,0.05242364350525707
1,1,block_2,2,Provo_ID2,4,1078535,1258031,1,gaze_data,1741718329613,212.17645406723022,66.8074502345021,1741718329570.1,0.26881046297434735
1,1,block_2,2,Provo_ID2,4,1078535,1258031,1,gaze_data,1741718329663,199.79515075683594,79.17561893090767,1741718329601.4001,0.9247505695132969
1,1,block_2,2,Provo_ID2,4,1078535,1258031,1,gaze_data,1741718329684,206.0625433921814,61.13766486112053,1741718329635.9001,0.9247505695132969
1,1,block_2,2,Provo_ID2,4,1078535,1258031,1,gaze_data,1741718329719,217.50004291534424,70.4886148912012,1741718329668.6,1
1,1,block_2,2,Provo_ID2,4,1078535,1258031,1,gaze_data,1741718329760,238.25050592422485,74.24243587733866,1741718329697.8,1
1,1,block_2,2,Provo_ID2,4,1078535,1258031,1,gaze_data,1741718329774,228.0529260635376,70.36826574362799,1741718329730.2002,1
1,1,block_2,2,Provo_ID2,4,1078535,1258031,1,gaze_data,1741718329813,201.73331499099731,64.15738583645438,1741718329764.7002,1
1,1,block_2,2,Provo_ID2,4,1078535,1258031,1,gaze_data,1741718329857,198.38590621948242,60.17061179734104,1741718329795.6,1
1,1,block_2,2,Provo_ID2,4,1078535,1258031,1,gaze_data,1741718329887,219.53046321868896,68.13748705154386,1741718329842.9001,1
1,1,block_2,2,Provo_ID2,4,1078535,1258031,1,gaze_data,1741718329918,318.57834458351135,86.58784547751999,1741718329874.7002,1
1,1,block_2,2,Provo_ID2,4,1078535,1258031,1,gaze_data,1741718329966,329.61041927337646,83.82568359375,1741718329908,1
1,1,block_2,2,Provo_ID2,4,1078535,1258031,1,gaze_data,1741718329997,338.05633187294006,109.27412153066109,1741718329938.8,1
1,1,block_2,2,Provo_ID2,4,1078535,1258031,1,gaze_data,1741718330020,335.8561396598816,114.16927842411198,1741718329970.7002,1
1,1,block_2,2,Provo_ID2,4,1078535,1258031,1,gaze_data,1741718330061,348.06609749794006,118.68667602539062,1741718330002.6,1
1,1,block_2,2,Provo_ID2,4,1078535,1258031,1,gaze_data,1741718330075,346.5532958507538,111.22615342543595,1741718330034.1,1
1,1,block_2,2,Provo_ID2,4,1078535,1258031,1,gaze_data,1741718330116,345.92384099960327,108.93832804582641,1741718330067.6,1
1,1,block_2,2,Provo_ID2,4,1078535,1258031,1,gaze_data,1741718330161,333.7898552417755,109.32272292528131,1741718330099.8,1
1,1,block_2,2,Provo_ID2,4,1078535,1258031,1,gaze_data,1741718330185,205.91176748275757,113.46100581700786,1741718330131.7002,1
1,1,block_2,2,Provo_ID2,4,1078535,1258031,1,gaze_data,1741718330216,194.50020790100098,112.3684425933242,1741718330161.5,1
1,1,block_2,2,Provo_ID2,4,1078535,1258031,1,gaze_data,1741718330254,51.60231590270996,175.22362980046137,1741718330211.6,1
1,1,block_2,2,Provo_ID2,4,1078535,1258031,1,gaze_data,1741718330298,34.86919403076172,178.77482333566,1741718330243.9001,1
1,1,block_2,2,Provo_ID2,4,1078535,1258031,1,gaze_data,1741718330319,42.27499961853027,169.53496167561497,1741718330276,1
1,1,block_2,2,Provo_ID2,4,1078535,1258031,1,gaze_data,1741718330357,45.980167388916016,177.50745223039144,1741718330305.4001,1
1,1,block_2,2,Provo_ID2,4,1078535,1258031,1,gaze_data,1741718330390,40.21477699279785,162.51380655615552,1741718330338.8,1
1,1,block_2,2,Provo_ID2,4,1078535,1258031,1,gaze_data,1741718330419,39.99366760253906,171.61957871112284,1741718330370.2002,1
1,1,block_2,2,Provo_ID2,4,1078535,1258031,1,gaze_data,1741718330453,135.17961502075195,195.18214885686845,1741718330402.5,1
1,1,block_2,2,Provo_ID2,4,1078535,1258031,1,gaze_data,1741718330495,123.96764755249023,184.39713558767986,1741718330434.6,1
1,1,block_2,2,Provo_ID2,4,1078535,1258031,1,gaze_data,1741718330507,150.33655166625977,177.3582185426658,1741718330467,1
1,1,block_2,2,Provo_ID2,4,1078535,1258031,1,gaze_data,1741718330550,294.3250894546509,172.95464621190135,1741718330498.6,1
1,1,block_2,2,Provo_ID2,4,1078535,1258031,1,gaze_data,1741718330583,334.87900495529175,188.33810471143744,1741718330545.9001,1
1,1,block_2,2,Provo_ID2,4,1078535,1258031,1,gaze_data,1741718330613,344.18227672576904,191.90072247883762,1741718330579.6,1
1,1,block_2,2,Provo_ID2,4,1078535,1258031,1,gaze_data,1741718330652,361.699640750885,190.30356417509066,1741718330611.5,1
1,1,block_2,2,Provo_ID2,4,1078535,1258031,1,gaze_data,1741718330685,372.84691631793976,192.83163356160392,1741718330643.7002,1
1,1,block_2,2,Provo_ID2,4,1078535,1258031,1,gaze_data,1741718330709,371.0312157869339,190.60501421351236,1741718330673.4001,1
1,1,block_2,2,Provo_ID2,4,1078535,1258031,1,gaze_data,1741718330758,370.8126336336136,198.66825443027852,1741718330705.5,1
1,1,block_2,2,Provo_ID2,4,1078535,1258031,1,gaze_data,1741718330794,372.79372215270996,200.47705147633584,1741718330737.8,1
1,1,block_2,2,Provo_ID2,4,1078535,1258031,1,gaze_data,1741718330811,414.60328847169876,160.06729308022852,1741718330770.4001,1
1,1,block_2,2,Provo_ID2,4,1078535,1258031,1,gaze_data,1741718330853,474.1289794445038,161.81163332726072,1741718330802.6,1
1,1,block_2,2,Provo_ID2,4,1078535,1258031,1,gaze_data,1741718330886,487.06310391426086,165.42409247276322,1741718330833.7002,1
1,1,block_2,2,Provo_ID2,4,1078535,1258031,1,gaze_data,1741718330912,490.1883661746979,164.02423304228876,1741718330865.9001,1
1,1,block_2,2,Provo_ID2,4,1078535,1258031,1,gaze_data,1741718330959,508.28425884246826,181.2765253857263,1741718330913.7002,1
1,1,block_2,2,Provo_ID2,4,1078535,1258031,1,gaze_data,1741718330986,512.9484057426453,186.88948749202967,1741718330948.1,1
1,1,block_2,2,Provo_ID2,4,1078535,1258031,1,gaze_data,1741718331011,506.7390441894531,159.29635103767708,1741718330978.7002,1
1,1,block_2,2,Provo_ID2,4,1078535,1258031,1,gaze_data,1741718331058,484.96450781822205,158.23240797328327,1741718331010,1
1,1,block_2,2,Provo_ID2,4,1078535,1258031,1,gaze_data,1741718331095,294.75440979003906,217.61630936455055,1741718331043.1,1
1,1,block_2,2,Provo_ID2,4,1078535,1258031,1,gaze_data,1741718331112,67.53153800964355,296.3428108397378,1741718331074.2002,1
1,1,block_2,2,Provo_ID2,4,1078535,1258031,1,gaze_data,1741718331152,80.05099296569824,263.41397705409116,1741718331105.6,0.8673507931033244
1,1,block_2,2,Provo_ID2,4,1078535,1258031,1,gaze_data,1741718331190,91.23139381408691,263.9257737199034,1741718331138.5,1
1,1,block_2,2,Provo_ID2,4,1078535,1258031,1,gaze_data,1741718331212,93.89047622680664,259.2421103454722,1741718331171.8,1
1,1,block_2,2,Provo_ID2,4,1078535,1258031,1,gaze_data,1741718331254,110.83855628967285,265.84194663289827,1741718331202.6,1
1,1,block_2,2,Provo_ID2,4,1078535,1258031,1,gaze_data,1741718331295,139.6780014038086,251.33099711122327,1741718331250.5,1
1,1,block_2,2,Provo_ID2,4,1078535,1258031,1,gaze_data,1741718331322,259.26865339279175,248.6144297552212,1741718331281.3,1
1,1,block_2,2,Provo_ID2,4,1078535,1258031,1,gaze_data,1741718331351,272.06830978393555,289.4231965898692,1741718331313.1,1
1,1,block_2,2,Provo_ID2,4,1078535,1258031,1,gaze_data,1741718331384,250.79830884933472,293.26710070032874,1741718331346,1
1,1,block_2,2,Provo_ID2,4,1078535,1258031,1,gaze_data,1741718331417,261.15630865097046,292.500753671642,1741718331376.8,1
1,1,block_2,2,Provo_ID2,4,1078535,1258031,1,gaze_data,1741718331452,265.93635082244873,281.9746046417965,1741718331409.7002,1
1,1,block_2,2,Provo_ID2,4,1078535,1258031,1,gaze_data,1741718331493,267.2973871231079,279.2967765295066,1741718331442,0.9563637282387063
1,1,block_2,2,Provo_ID2,4,1078535,1258031,1,gaze_data,1741718331520,363.17881643772125,290.0235943577036,1741718331477.9001,0.975216042598178
1,1,block_2,2,Provo_ID2,4,1078535,1258031,1,gaze_data,1741718331541,404.8318464308977,311.9143297770535,1741718331506.6,0.975216042598178
1,1,block_2,2,Provo_ID2,4,1078535,1258031,1,gaze_data,1741718331587,399.5628021657467,326.77774739627466,1741718331536.6,0.8962204510286593
1,1,block_2,2,Provo_ID2,4,1078535,1258031,1,gaze_data,1741718331626,405.34191131591797,362.7334032038029,1741718331569.4001,0.917247939458048
1,1,block_2,2,Provo_ID2,4,1078535,1258031,1,gaze_data,1741718331658,419.84236538410187,359.74430572443566,1741718331616.7002,0.9043430329993742
1,1,block_2,2,Provo_ID2,4,1078535,1258031,1,gaze_data,1741718331683,425.63742101192474,364.1674645810738,1741718331649.2002,0.9043430329993742
1,1,block_2,2,Provo_ID2,4,1078535,1258031,1,gaze_data,1741718331720,423.4676480293274,358.5095353860917,1741718331681.3,0.8779893384384163
1,1,block_2,2,Provo_ID2,4,1078535,1258031,1,gaze_data,1741718331761,434.2714011669159,361.3513243172536,1741718331713.2002,0.9072056740076961
1,1,block_2,2,Provo_ID2,4,1078535,1258031,1,gaze_data,1741718331788,405.6963101029396,367.1484891349478,1741718331745.4001,0.8058672310404371
1,1,block_2,2,Provo_ID2,4,1078535,1258031,1,gaze_data,1741718331820,403.2852180302143,367.54001112666924,1741718331777,0.8058672310404371
1,1,block_2,2,Provo_ID2,4,1078535,1258031,1,gaze_data,1741718331854,403.51948626339436,356.7836869047417,1741718331809.4001,0.7974318152371778
1,1,block_2,2,Provo_ID2,4,1078535,1258031,1,gaze_data,1741718331892,394.46487724781036,382.5498436123068,1741718331840.7002,0.7254471668268078
1,1,block_2,2,Provo_ID2,4,1078535,1258031,1,gaze_data,1741718331922,399.4089148938656,383.14619747004645,1741718331873.4001,0.7254471668268078
1,1,block_2,2,Provo_ID2,4,1078535,1258031,1,gaze_data,1741718331948,413.20203989744186,406.7814891095275,1741718331905.7002,0.8309537392851474
1,1,block_2,2,Provo_ID2,4,1078535,1258031,1,gaze_data,1741718331982,412.71901428699493,410.07735775763456,1741718331953.1,0.8209834786410064
1,1,block_2,2,Provo_ID2,4,1078535,1258031,1,gaze_data,1741718332014,410.069178044796,386.7533354852308,1741718331985.3,0.8184721684036376
1,1,block_2,2,Provo_ID2,4,1078535,1258031,1,gaze_data,1741718332049,410.10468378663063,392.64359215593646,1741718332017.7002,0.7560434281144496
1,1,block_2,2,Provo_ID2,4,1078535,1258031,1,gaze_data,1741718332074,410.44872775673866,388.2541846815262,1741718332051.6,0.7560434281144496
1,1,block_2,2,Provo_ID2,4,1078535,1258031,1,gaze_data,1741718332107,415.2493894100189,378.3742941899827,1741718332080.8,0.8081725538167002
1,1,block_2,2,Provo_ID2,4,1078535,1258031,1,gaze_data,1741718332157,418.05405616760254,383.02409074828836,1741718332113.1,0.8139178818813763
1,1,block_2,2,Provo_ID2,4,1078535,1258031,1,gaze_data,1741718332192,410.8942359685898,388.8822344533792,1741718332146,0.7459147517246314
1,1,block_2,2,Provo_ID2,4,1078535,1258031,1,gaze_x,"",
1,1,block_2,2,Provo_ID2,4,1078535,1258031,1,gaze_y,"",
1,1,block_2,2,Provo_ID2,4,1078535,1258031,1,el_x,"",
1,1,block_2,2,Provo_ID2,4,1078535,1258031,1,applied_drift,1741718285687,
1,1,block_2,2,Provo_ID2,4,1078535,1258031,1,applied_drift,1741718309122,-9.492361545562744,-18.975850765203447
1,1,block_2,2,Provo_ID2,4,1078535,1258031,1,applied_drift,1741718309146,-9.492361545562744,-18.975850765203447
1,1,block_2,2,Provo_ID2,4,1078535,1258031,1,applied_drift,1741718309179,-9.492361545562744,-18.975850765203447
1,1,block_2,2,Provo_ID2,4,1078535,1258031,1,applied_drift,1741718309208,-9.492361545562744,-18.975850765203447
1,1,block_2,2,Provo_ID2,4,1078535,1258031,1,applied_drift,1741718309242,-9.492361545562744,-18.975850765203447
1,1,block_2,2,Provo_ID2,4,1078535,1258031,1,applied_drift,1741718309284,-9.492361545562744,-18.975850765203447
1,1,block_2,2,Provo_ID2,4,1078535,1258031,1,applied_drift,1741718309313,-9.492361545562744,-18.975850765203447
1,1,block_2,2,Provo_ID2,4,1078535,1258031,1,applied_drift,1741718309341,-9.492361545562744,-18.975850765203447
1,1,block_2,2,Provo_ID2,4,1078535,1258031,1,applied_drift,1741718309385,-9.492361545562744,-18.975850765203447
1,1,block_2,2,Provo_ID2,4,1078535,1258031,1,applied_drift,1741718309431,-9.492361545562744,-18.975850765203447
1,1,block_2,2,Provo_ID2,4,1078535,1258031,1,applied_drift,1741718309454,-9.492361545562744,-18.975850765203447
1,1,block_2,2,Provo_ID2,4,1078535,1258031,1,applied_drift,1741718309494,-9.492361545562744,-18.975850765203447
1,1,block_2,2,Provo_ID2,4,1078535,1258031,1,applied_drift,1741718309520,-9.492361545562744,-18.975850765203447
1,1,block_2,2,Provo_ID2,4,1078535,1258031,1,applied_drift,1741718309550,-9.492361545562744,-18.975850765203447
1,1,block_2,2,Provo_ID2,4,1078535,1258031,1,applied_drift,1741718309578,-9.492361545562744,-18.975850765203447
1,1,block_2,2,Provo_ID2,4,1078535,1258031,1,applied_drift,1741718309620,-9.492361545562744,-18.975850765203447
1,1,block_2,2,Provo_ID2,4,1078535,1258031,1,applied_drift,1741718309652,-9.492361545562744,-18.975850765203447
1,1,block_2,2,Provo_ID2,4,1078535,1258031,1,applied_drift,1741718309688,-9.492361545562744,-18.975850765203447
1,1,block_2,2,Provo_ID2,4,1078535,1258031,1,applied_drift,1741718309714,-9.492361545562744,-18.975850765203447
1,1,block_2,2,Provo_ID2,4,1078535,1258031,1,applied_drift,1741718309759,-9.492361545562744,-18.975850765203447
1,1,block_2,2,Provo_ID2,4,1078535,1258031,1,applied_drift,1741718309787,-9.492361545562744,-18.975850765203447
1,1,block_2,2,Provo_ID2,4,1078535,1258031,1,applied_drift,1741718309829,-9.492361545562744,-18.975850765203447
1,1,block_2,2,Provo_ID2,4,1078535,1258031,1,applied_drift,1741718309855,-9.492361545562744,-18.975850765203447
1,1,block_2,2,Provo_ID2,4,1078535,1258031,1,applied_drift,1741718309887,-9.492361545562744,-18.975850765203447
1,1,block_2,2,Provo_ID2,4,1078535,1258031,1,applied_drift,1741718309918,-9.492361545562744,-18.975850765203447
1,1,block_2,2,Provo_ID2,4,1078535,1258031,1,applied_drift,1741718309957,-9.492361545562744,-18.975850765203447
1,1,block_2,2,Provo_ID2,4,1078535,1258031,1,applied_drift,1741718309994,-9.492361545562744,-18.975850765203447
1,1,block_2,2,Provo_ID2,4,1078535,1258031,1,applied_drift,1741718310024,-9.492361545562744,-18.975850765203447
1,1,block_2,2,Provo_ID2,4,1078535,1258031,1,applied_drift,1741718310051,-9.492361545562744,-18.975850765203447
1,1,block_2,2,Provo_ID2,4,1078535,1258031,1,applied_drift,1741718310100,-9.492361545562744,-18.975850765203447
1,1,block_2,2,Provo_ID2,4,1078535,1258031,1,applied_drift,1741718310126,-9.492361545562744,-18.975850765203447
1,1,block_2,2,Provo_ID2,4,1078535,1258031,1,applied_drift,1741718310161,-9.492361545562744,-18.975850765203447
1,1,block_2,2,Provo_ID2,4,1078535,1258031,1,applied_drift,1741718310197,-9.492361545562744,-18.975850765203447
1,1,block_2,2,Provo_ID2,4,1078535,1258031,1,applied_drift,1741718310228,-9.492361545562744,-18.975850765203447
1,1,block_2,2,Provo_ID2,4,1078535,1258031,1,applied_drift,1741718310263,-9.492361545562744,-18.975850765203447
1,1,block_2,2,Provo_ID2,4,1078535,1258031,1,applied_drift,1741718310292,-9.492361545562744,-18.975850765203447
1,1,block_2,2,Provo_ID2,4,1078535,1258031,1,applied_drift,1741718310327,-9.492361545562744,-18.975850765203447
1,1,block_2,2,Provo_ID2,4,1078535,1258031,1,applied_drift,1741718310357,-9.492361545562744,-18.975850765203447
1,1,block_2,2,Provo_ID2,4,1078535,1258031,1,applied_drift,1741718310390,-9.492361545562744,-18.975850765203447
1,1,block_2,2,Provo_ID2,4,1078535,1258031,1,applied_drift,1741718310423,-9.492361545562744,-18.975850765203447
1,1,block_2,2,Provo_ID2,4,1078535,1258031,1,applied_drift,1741718310472,-9.492361545562744,-18.975850765203447
1,1,block_2,2,Provo_ID2,4,1078535,1258031,1,applied_drift,1741718310498,-9.492361545562744,-18.975850765203447
1,1,block_2,2,Provo_ID2,4,1078535,1258031,1,applied_drift,1741718310525,-9.492361545562744,-18.975850765203447
1,1,block_2,2,Provo_ID2,4,1078535,1258031,1,applied_drift,1741718310558,-9.492361545562744,-18.975850765203447
1,1,block_2,2,Provo_ID2,4,1078535,1258031,1,applied_drift,1741718310591,-9.492361545562744,-18.975850765203447
1,1,block_2,2,Provo_ID2,4,1078535,1258031,1,applied_drift,1741718310624,-9.492361545562744,-18.975850765203447
1,1,block_2,2,Provo_ID2,4,1078535,1258031,1,applied_drift,1741718310661,-9.492361545562744,-18.975850765203447
1,1,block_2,2,Provo_ID2,4,1078535,1258031,1,applied_drift,1741718310694,-9.492361545562744,-18.975850765203447
1,1,block_2,2,Provo_ID2,4,1078535,1258031,1,applied_drift,1741718310719,-9.492361545562744,-18.975850765203447
1,1,block_2,2,Provo_ID2,4,1078535,1258031,1,applied_drift,1741718310758,-9.492361545562744,-18.975850765203447
1,1,block_2,2,Provo_ID2,4,1078535,1258031,1,applied_drift,1741718310797,-9.492361545562744,-18.975850765203447
1,1,block_2,2,Provo_ID2,4,1078535,1258031,1,applied_drift,1741718310821,-9.492361545562744,-18.975850765203447
1,1,block_2,2,Provo_ID2,4,1078535,1258031,1,applied_drift,1741718310880,-9.492361545562744,-18.975850765203447
1,1,block_2,2,Provo_ID2,4,1078535,1258031,1,applied_drift,1741718310901,-9.492361545562744,-18.975850765203447
1,1,block_2,2,Provo_ID2,4,1078535,1258031,1,applied_drift,1741718310932,-9.492361545562744,-18.975850765203447
1,1,block_2,2,Provo_ID2,4,1078535,1258031,1,applied_drift,1741718310961,-9.492361545562744,-18.975850765203447
1,1,block_2,2,Provo_ID2,4,1078535,1258031,1,applied_drift,1741718310988,-9.492361545562744,-18.975850765203447
1,1,block_2,2,Provo_ID2,4,1078535,1258031,1,applied_drift,1741718311034,-9.492361545562744,-18.975850765203447
1,1,block_2,2,Provo_ID2,4,1078535,1258031,1,applied_drift,1741718311061,-9.492361545562744,-18.975850765203447
1,1,block_2,2,Provo_ID2,4,1078535,1258031,1,applied_drift,1741718311091,-9.492361545562744,-18.975850765203447
1,1,block_2,2,Provo_ID2,4,1078535,1258031,1,applied_drift,1741718311123,-9.492361545562744,-18.975850765203447
1,1,block_2,2,Provo_ID2,4,1078535,1258031,1,applied_drift,1741718311161,-9.492361545562744,-18.975850765203447
1,1,block_2,2,Provo_ID2,4,1078535,1258031,1,applied_drift,1741718311194,-9.492361545562744,-18.975850765203447
1,1,block_2,2,Provo_ID2,4,1078535,1258031,1,applied_drift,1741718311232,-9.492361545562744,-18.975850765203447
1,1,block_2,2,Provo_ID2,4,1078535,1258031,1,applied_drift,1741718311264,-9.492361545562744,-18.975850765203447
1,1,block_2,2,Provo_ID2,4,1078535,1258031,1,applied_drift,1741718311295,-9.492361545562744,-18.975850765203447
1,1,block_2,2,Provo_ID2,4,1078535,1258031,1,applied_drift,1741718311329,-9.492361545562744,-18.975850765203447
1,1,block_2,2,Provo_ID2,4,1078535,1258031,1,applied_drift,1741718311362,-9.492361545562744,-18.975850765203447
1,1,block_2,2,Provo_ID2,4,1078535,1258031,1,applied_drift,1741718311402,-9.492361545562744,-18.975850765203447
1,1,block_2,2,Provo_ID2,4,1078535,1258031,1,applied_drift,1741718311430,-9.492361545562744,-18.975850765203447
1,1,block_2,2,Provo_ID2,4,1078535,1258031,1,applied_drift,1741718311460,-9.492361545562744,-18.975850765203447
1,1,block_2,2,Provo_ID2,4,1078535,1258031,1,applied_drift,1741718311508,-9.492361545562744,-18.975850765203447
1,1,block_2,2,Provo_ID2,4,1078535,1258031,1,applied_drift,1741718311537,-9.492361545562744,-18.975850765203447
1,1,block_2,2,Provo_ID2,4,1078535,1258031,1,applied_drift,1741718311579,-9.492361545562744,-18.975850765203447
1,1,block_2,2,Provo_ID2,4,1078535,1258031,1,applied_drift,1741718311604,-9.492361545562744,-18.975850765203447
1,1,block_2,2,Provo_ID2,4,1078535,1258031,1,applied_drift,1741718311645,-9.492361545562744,-18.975850765203447
1,1,block_2,2,Provo_ID2,4,1078535,1258031,1,applied_drift,1741718311677,-9.492361545562744,-18.975850765203447
1,1,block_2,2,Provo_ID2,4,1078535,1258031,1,applied_drift,1741718311707,-9.492361545562744,-18.975850765203447
1,1,block_2,2,Provo_ID2,4,1078535,1258031,1,applied_drift,1741718311746,-9.492361545562744,-18.975850765203447
1,1,block_2,2,Provo_ID2,4,1078535,1258031,1,applied_drift,1741718311777,-9.492361545562744,-18.975850765203447
1,1,block_2,2,Provo_ID2,4,1078535,1258031,1,applied_drift,1741718311812,-9.492361545562744,-18.975850765203447
1,1,block_2,2,Provo_ID2,4,1078535,1258031,1,applied_drift,1741718311837,-9.492361545562744,-18.975850765203447
1,1,block_2,2,Provo_ID2,4,1078535,1258031,1,applied_drift,1741718311875,-9.492361545562744,-18.975850765203447
1,1,block_2,2,Provo_ID2,4,1078535,1258031,1,applied_drift,1741718311913,-9.492361545562744,-18.975850765203447
1,1,block_2,2,Provo_ID2,4,1078535,1258031,1,applied_drift,1741718311936,-9.492361545562744,-18.975850765203447
1,1,block_2,2,Provo_ID2,4,1078535,1258031,1,applied_drift,1741718311972,-9.492361545562744,-18.975850765203447
1,1,block_2,2,Provo_ID2,4,1078535,1258031,1,applied_drift,1741718312009,-9.492361545562744,-18.975850765203447
1,1,block_2,2,Provo_ID2,4,1078535,1258031,1,applied_drift,1741718312039,-9.492361545562744,-18.975850765203447
1,1,block_2,2,Provo_ID2,4,1078535,1258031,1,applied_drift,1741718312076,-9.492361545562744,-18.975850765203447
1,1,block_2,2,Provo_ID2,4,1078535,1258031,1,applied_drift,1741718312119,-9.492361545562744,-18.975850765203447
1,1,block_2,2,Provo_ID2,4,1078535,1258031,1,applied_drift,1741718312146,-9.492361545562744,-18.975850765203447
1,1,block_2,2,Provo_ID2,4,1078535,1258031,1,applied_drift,1741718312177,-9.492361545562744,-18.975850765203447
1,1,block_2,2,Provo_ID2,4,1078535,1258031,1,applied_drift,1741718312206,-9.492361545562744,-18.975850765203447
1,1,block_2,2,Provo_ID2,4,1078535,1258031,1,applied_drift,1741718312245,-9.492361545562744,-18.975850765203447
1,1,block_2,2,Provo_ID2,4,1078535,1258031,1,applied_drift,1741718312282,-9.492361545562744,-18.975850765203447
1,1,block_2,2,Provo_ID2,4,1078535,1258031,1,applied_drift,1741718312321,-9.492361545562744,-18.975850765203447
1,1,block_2,2,Provo_ID2,4,1078535,1258031,1,applied_drift,1741718312344,-9.492361545562744,-18.975850765203447
1,1,block_2,2,Provo_ID2,4,1078535,1258031,1,applied_drift,1741718312371,-9.492361545562744,-18.975850765203447
1,1,block_2,2,Provo_ID2,4,1078535,1258031,1,applied_drift,1741718312415,-9.492361545562744,-18.975850765203447
1,1,block_2,2,Provo_ID2,4,1078535,1258031,1,applied_drift,1741718312444,-9.492361545562744,-18.975850765203447
1,1,block_2,2,Provo_ID2,4,1078535,1258031,1,applied_drift,1741718312479,-9.492361545562744,-18.975850765203447
1,1,block_2,2,Provo_ID2,4,1078535,1258031,1,applied_drift,1741718312512,-9.492361545562744,-18.975850765203447
1,1,block_2,2,Provo_ID2,4,1078535,1258031,1,applied_drift,1741718312546,-9.492361545562744,-18.975850765203447
1,1,block_2,2,Provo_ID2,4,1078535,1258031,1,applied_drift,1741718312581,-9.492361545562744,-18.975850765203447
1,1,block_2,2,Provo_ID2,4,1078535,1258031,1,applied_drift,1741718312605,-9.492361545562744,-18.975850765203447
1,1,block_2,2,Provo_ID2,4,1078535,1258031,1,applied_drift,1741718312635,-9.492361545562744,-18.975850765203447
1,1,block_2,2,Provo_ID2,4,1078535,1258031,1,applied_drift,1741718312669,-9.492361545562744,-18.975850765203447
1,1,block_2,2,Provo_ID2,4,1078535,1258031,1,applied_drift,1741718312707,-9.492361545562744,-18.975850765203447
1,1,block_2,2,Provo_ID2,4,1078535,1258031,1,applied_drift,1741718312739,-9.492361545562744,-18.975850765203447
1,1,block_2,2,Provo_ID2,4,1078535,1258031,1,applied_drift,1741718312777,-9.492361545562744,-18.975850765203447
1,1,block_2,2,Provo_ID2,4,1078535,1258031,1,applied_drift,1741718312814,-9.492361545562744,-18.975850765203447
1,1,block_2,2,Provo_ID2,4,1078535,1258031,1,applied_drift,1741718312853,-9.492361545562744,-18.975850765203447
1,1,block_2,2,Provo_ID2,4,1078535,1258031,1,applied_drift,1741718312871,-9.492361545562744,-18.975850765203447
1,1,block_2,2,Provo_ID2,4,1078535,1258031,1,applied_drift,1741718312908,-9.492361545562744,-18.975850765203447
1,1,block_2,2,Provo_ID2,4,1078535,1258031,1,applied_drift,1741718312944,-9.492361545562744,-18.975850765203447
1,1,block_2,2,Provo_ID2,4,1078535,1258031,1,applied_drift,1741718312984,-9.492361545562744,-18.975850765203447
1,1,block_2,2,Provo_ID2,4,1078535,1258031,1,applied_drift,1741718313017,-9.492361545562744,-18.975850765203447
1,1,block_2,2,Provo_ID2,4,1078535,1258031,1,applied_drift,1741718313049,-9.492361545562744,-18.975850765203447
1,1,block_2,2,Provo_ID2,4,1078535,1258031,1,applied_drift,1741718313076,-9.492361545562744,-18.975850765203447
1,1,block_2,2,Provo_ID2,4,1078535,1258031,1,applied_drift,1741718313125,-9.492361545562744,-18.975850765203447
1,1,block_2,2,Provo_ID2,4,1078535,1258031,1,applied_drift,1741718313159,-9.492361545562744,-18.975850765203447
1,1,block_2,2,Provo_ID2,4,1078535,1258031,1,applied_drift,1741718313176,-9.492361545562744,-18.975850765203447
1,1,block_2,2,Provo_ID2,4,1078535,1258031,1,applied_drift,1741718313204,-9.492361545562744,-18.975850765203447
1,1,block_2,2,Provo_ID2,4,1078535,1258031,1,applied_drift,1741718313246,-9.492361545562744,-18.975850765203447
1,1,block_2,2,Provo_ID2,4,1078535,1258031,1,applied_drift,1741718313280,-9.492361545562744,-18.975850765203447
1,1,block_2,2,Provo_ID2,4,1078535,1258031,1,applied_drift,1741718313323,-9.492361545562744,-18.975850765203447
1,1,block_2,2,Provo_ID2,4,1078535,1258031,1,applied_drift,1741718313353,-9.492361545562744,-18.975850765203447
1,1,block_2,2,Provo_ID2,4,1078535,1258031,1,applied_drift,1741718313377,-9.492361545562744,-18.975850765203447
1,1,block_2,2,Provo_ID2,4,1078535,1258031,1,applied_drift,1741718313411,-9.492361545562744,-18.975850765203447
1,1,block_2,2,Provo_ID2,4,1078535,1258031,1,applied_drift,1741718313446,-9.492361545562744,-18.975850765203447
1,1,block_2,2,Provo_ID2,4,1078535,1258031,1,applied_drift,1741718313479,-9.492361545562744,-18.975850765203447
1,1,block_2,2,Provo_ID2,4,1078535,1258031,1,applied_drift,1741718313515,-9.492361545562744,-18.975850765203447
1,1,block_2,2,Provo_ID2,4,1078535,1258031,1,applied_drift,1741718313538,-9.492361545562744,-18.975850765203447
1,1,block_2,2,Provo_ID2,4,1078535,1258031,1,applied_drift,1741718313580,-9.492361545562744,-18.975850765203447
1,1,block_2,2,Provo_ID2,4,1078535,1258031,1,applied_drift,1741718313618,-9.492361545562744,-18.975850765203447
1,1,block_2,2,Provo_ID2,4,1078535,1258031,1,applied_drift,1741718313644,-9.492361545562744,-18.975850765203447
1,1,block_2,2,Provo_ID2,4,1078535,1258031,1,applied_drift,1741718313683,-9.492361545562744,-18.975850765203447
1,1,block_2,2,Provo_ID2,4,1078535,1258031,1,applied_drift,1741718313718,-9.492361545562744,-18.975850765203447
1,1,block_2,2,Provo_ID2,4,1078535,1258031,1,applied_drift,1741718313754,-9.492361545562744,-18.975850765203447
1,1,block_2,2,Provo_ID2,4,1078535,1258031,1,applied_drift,1741718313775,-9.492361545562744,-18.975850765203447
1,1,block_2,2,Provo_ID2,4,1078535,1258031,1,applied_drift,1741718313811,-9.492361545562744,-18.975850765203447
1,1,block_2,2,Provo_ID2,4,1078535,1258031,1,applied_drift,1741718313850,-9.492361545562744,-18.975850765203447
1,1,block_2,2,Provo_ID2,4,1078535,1258031,1,applied_drift,1741718313885,-9.492361545562744,-18.975850765203447
1,1,block_2,2,Provo_ID2,4,1078535,1258031,1,applied_drift,1741718313916,-9.492361545562744,-18.975850765203447
1,1,block_2,2,Provo_ID2,4,1078535,1258031,1,applied_drift,1741718313955,-9.492361545562744,-18.975850765203447
1,1,block_2,2,Provo_ID2,4,1078535,1258031,1,applied_drift,1741718313980,-9.492361545562744,-18.975850765203447
1,1,block_2,2,Provo_ID2,4,1078535,1258031,1,applied_drift,1741718314012,-9.492361545562744,-18.975850765203447
1,1,block_2,2,Provo_ID2,4,1078535,1258031,1,applied_drift,1741718314039,-9.492361545562744,-18.975850765203447
1,1,block_2,2,Provo_ID2,4,1078535,1258031,1,applied_drift,1741718314071,-9.492361545562744,-18.975850765203447
1,1,block_2,2,Provo_ID2,4,1078535,1258031,1,applied_drift,1741718314121,-9.492361545562744,-18.975850765203447
1,1,block_2,2,Provo_ID2,4,1078535,1258031,1,applied_drift,1741718314149,-9.492361545562744,-18.975850765203447
1,1,block_2,2,Provo_ID2,4,1078535,1258031,1,applied_drift,1741718314192,-9.492361545562744,-18.975850765203447
1,1,block_2,2,Provo_ID2,4,1078535,1258031,1,applied_drift,1741718314242,-9.492361545562744,-18.975850765203447
1,1,block_2,2,Provo_ID2,4,1078535,1258031,1,applied_drift,1741718314267,-9.492361545562744,-18.975850765203447
1,1,block_2,2,Provo_ID2,4,1078535,1258031,1,applied_drift,1741718314292,-9.492361545562744,-18.975850765203447
1,1,block_2,2,Provo_ID2,4,1078535,1258031,1,applied_drift,1741718314335,-9.492361545562744,-18.975850765203447
1,1,block_2,2,Provo_ID2,4,1078535,1258031,1,applied_drift,1741718314369,-9.492361545562744,-18.975850765203447
1,1,block_2,2,Provo_ID2,4,1078535,1258031,1,applied_drift,1741718314403,-9.492361545562744,-18.975850765203447
1,1,block_2,2,Provo_ID2,4,1078535,1258031,1,applied_drift,1741718314437,-9.492361545562744,-18.975850765203447
1,1,block_2,2,Provo_ID2,4,1078535,1258031,1,applied_drift,1741718314472,-9.492361545562744,-18.975850765203447
1,1,block_2,2,Provo_ID2,4,1078535,1258031,1,applied_drift,1741718314493,-9.492361545562744,-18.975850765203447
1,1,block_2,2,Provo_ID2,4,1078535,1258031,1,applied_drift,1741718314526,-9.492361545562744,-18.975850765203447
1,1,block_2,2,Provo_ID2,4,1078535,1258031,1,applied_drift,1741718314559,-9.492361545562744,-18.975850765203447
1,1,block_2,2,Provo_ID2,4,1078535,1258031,1,applied_drift,1741718314593,-9.492361545562744,-18.975850765203447
1,1,block_2,2,Provo_ID2,4,1078535,1258031,1,applied_drift,1741718314623,-9.492361545562744,-18.975850765203447
1,1,block_2,2,Provo_ID2,4,1078535,1258031,1,applied_drift,1741718314661,-9.492361545562744,-18.975850765203447
1,1,block_2,2,Provo_ID2,4,1078535,1258031,1,applied_drift,1741718314693,-9.492361545562744,-18.975850765203447
1,1,block_2,2,Provo_ID2,4,1078535,1258031,1,applied_drift,1741718314721,-9.492361545562744,-18.975850765203447
1,1,block_2,2,Provo_ID2,4,1078535,1258031,1,applied_drift,1741718314755,-9.492361545562744,-18.975850765203447
1,1,block_2,2,Provo_ID2,4,1078535,1258031,1,applied_drift,1741718314796,-9.492361545562744,-18.975850765203447
1,1,block_2,2,Provo_ID2,4,1078535,1258031,1,applied_drift,1741718314828,-9.492361545562744,-18.975850765203447
1,1,block_2,2,Provo_ID2,4,1078535,1258031,1,applied_drift,1741718314852,-9.492361545562744,-18.975850765203447
1,1,block_2,2,Provo_ID2,4,1078535,1258031,1,applied_drift,1741718314895,-9.492361545562744,-18.975850765203447
1,1,block_2,2,Provo_ID2,4,1078535,1258031,1,applied_drift,1741718314928,-9.492361545562744,-18.975850765203447
1,1,block_2,2,Provo_ID2,4,1078535,1258031,1,applied_drift,1741718314954,-9.492361545562744,-18.975850765203447
1,1,block_2,2,Provo_ID2,4,1078535,1258031,1,applied_drift,1741718314991,-9.492361545562744,-18.975850765203447
1,1,block_2,2,Provo_ID2,4,1078535,1258031,1,applied_drift,1741718315019,-9.492361545562744,-18.975850765203447
1,1,block_2,2,Provo_ID2,4,1078535,1258031,1,applied_drift,1741718315057,-9.492361545562744,-18.975850765203447
1,1,block_2,2,Provo_ID2,4,1078535,1258031,1,applied_drift,1741718315093,-9.492361545562744,-18.975850765203447
1,1,block_2,2,Provo_ID2,4,1078535,1258031,1,applied_drift,1741718315125,-9.492361545562744,-18.975850765203447
1,1,block_2,2,Provo_ID2,4,1078535,1258031,1,applied_drift,1741718315153,-9.492361545562744,-18.975850765203447
1,1,block_2,2,Provo_ID2,4,1078535,1258031,1,applied_drift,1741718315178,-9.492361545562744,-18.975850765203447
1,1,block_2,2,Provo_ID2,4,1078535,1258031,1,applied_drift,1741718315219,-9.492361545562744,-18.975850765203447
1,1,block_2,2,Provo_ID2,4,1078535,1258031,1,applied_drift,1741718315252,-9.492361545562744,-18.975850765203447
1,1,block_2,2,Provo_ID2,4,1078535,1258031,1,applied_drift,1741718315288,-9.492361545562744,-18.975850765203447
1,1,block_2,2,Provo_ID2,4,1078535,1258031,1,applied_drift,1741718315311,-9.492361545562744,-18.975850765203447
1,1,block_2,2,Provo_ID2,4,1078535,1258031,1,applied_drift,1741718315351,-9.492361545562744,-18.975850765203447
1,1,block_2,2,Provo_ID2,4,1078535,1258031,1,applied_drift,1741718315385,-9.492361545562744,-18.975850765203447
1,1,block_2,2,Provo_ID2,4,1078535,1258031,1,applied_drift,1741718315421,-9.492361545562744,-18.975850765203447
1,1,block_2,2,Provo_ID2,4,1078535,1258031,1,applied_drift,1741718315450,-9.492361545562744,-18.975850765203447
1,1,block_2,2,Provo_ID2,4,1078535,1258031,1,applied_drift,1741718315489,-9.492361545562744,-18.975850765203447
1,1,block_2,2,Provo_ID2,4,1078535,1258031,1,applied_drift,1741718315519,-9.492361545562744,-18.975850765203447
1,1,block_2,2,Provo_ID2,4,1078535,1258031,1,applied_drift,1741718315556,-9.492361545562744,-18.975850765203447
1,1,block_2,2,Provo_ID2,4,1078535,1258031,1,applied_drift,1741718315588,-9.492361545562744,-18.975850765203447
1,1,block_2,2,Provo_ID2,4,1078535,1258031,1,applied_drift,1741718315617,-9.492361545562744,-18.975850765203447
1,1,block_2,2,Provo_ID2,4,1078535,1258031,1,applied_drift,1741718315652,-9.492361545562744,-18.975850765203447
1,1,block_2,2,Provo_ID2,4,1078535,1258031,1,applied_drift,1741718315685,-9.492361545562744,-18.975850765203447
1,1,block_2,2,Provo_ID2,4,1078535,1258031,1,applied_drift,1741718315718,-9.492361545562744,-18.975850765203447
1,1,block_2,2,Provo_ID2,4,1078535,1258031,1,applied_drift,1741718315751,-9.492361545562744,-18.975850765203447
1,1,block_2,2,Provo_ID2,4,1078535,1258031,1,applied_drift,1741718315789,-9.492361545562744,-18.975850765203447
1,1,block_2,2,Provo_ID2,4,1078535,1258031,1,applied_drift,1741718315816,-9.492361545562744,-18.975850765203447
1,1,block_2,2,Provo_ID2,4,1078535,1258031,1,applied_drift,1741718315850,-9.492361545562744,-18.975850765203447
1,1,block_2,2,Provo_ID2,4,1078535,1258031,1,applied_drift,1741718315890,-9.492361545562744,-18.975850765203447
1,1,block_2,2,Provo_ID2,4,1078535,1258031,1,applied_drift,1741718315918,-9.492361545562744,-18.975850765203447
1,1,block_2,2,Provo_ID2,4,1078535,1258031,1,applied_drift,1741718315959,-9.492361545562744,-18.975850765203447
1,1,block_2,2,Provo_ID2,4,1078535,1258031,1,applied_drift,1741718315984,-9.492361545562744,-18.975850765203447
1,1,block_2,2,Provo_ID2,4,1078535,1258031,1,applied_drift,1741718316023,-9.492361545562744,-18.975850765203447
1,1,block_2,2,Provo_ID2,4,1078535,1258031,1,applied_drift,1741718316050,-9.492361545562744,-18.975850765203447
1,1,block_2,2,Provo_ID2,4,1078535,1258031,1,applied_drift,1741718316091,-9.492361545562744,-18.975850765203447
1,1,block_2,2,Provo_ID2,4,1078535,1258031,1,applied_drift,1741718316122,-9.492361545562744,-18.975850765203447
1,1,block_2,2,Provo_ID2,4,1078535,1258031,1,applied_drift,1741718316152,-9.492361545562744,-18.975850765203447
1,1,block_2,2,Provo_ID2,4,1078535,1258031,1,applied_drift,1741718316189,-9.492361545562744,-18.975850765203447
1,1,block_2,2,Provo_ID2,4,1078535,1258031,1,applied_drift,1741718316219,-9.492361545562744,-18.975850765203447
1,1,block_2,2,Provo_ID2,4,1078535,1258031,1,applied_drift,1741718316252,-9.492361545562744,-18.975850765203447
1,1,block_2,2,Provo_ID2,4,1078535,1258031,1,applied_drift,1741718316285,-9.492361545562744,-18.975850765203447
1,1,block_2,2,Provo_ID2,4,1078535,1258031,1,applied_drift,1741718316316,-9.492361545562744,-18.975850765203447
1,1,block_2,2,Provo_ID2,4,1078535,1258031,1,applied_drift,1741718316352,-9.492361545562744,-18.975850765203447
1,1,block_2,2,Provo_ID2,4,1078535,1258031,1,applied_drift,1741718316381,-9.492361545562744,-18.975850765203447
1,1,block_2,2,Provo_ID2,4,1078535,1258031,1,applied_drift,1741718316419,-9.492361545562744,-18.975850765203447
1,1,block_2,2,Provo_ID2,4,1078535,1258031,1,applied_drift,1741718316452,-9.492361545562744,-18.975850765203447
1,1,block_2,2,Provo_ID2,4,1078535,1258031,1,applied_drift,1741718316490,-9.492361545562744,-18.975850765203447
1,1,block_2,2,Provo_ID2,4,1078535,1258031,1,applied_drift,1741718316536,-9.492361545562744,-18.975850765203447
1,1,block_2,2,Provo_ID2,4,1078535,1258031,1,applied_drift,1741718316557,-9.492361545562744,-18.975850765203447
1,1,block_2,2,Provo_ID2,4,1078535,1258031,1,applied_drift,1741718316580,-9.492361545562744,-18.975850765203447
1,1,block_2,2,Provo_ID2,4,1078535,1258031,1,applied_drift,1741718316618,-9.492361545562744,-18.975850765203447
1,1,block_2,2,Provo_ID2,4,1078535,1258031,1,applied_drift,1741718316649,-9.492361545562744,-18.975850765203447
1,1,block_2,2,Provo_ID2,4,1078535,1258031,1,applied_drift,1741718316685,-9.492361545562744,-18.975850765203447
1,1,block_2,2,Provo_ID2,4,1078535,1258031,1,applied_drift,1741718316719,-9.492361545562744,-18.975850765203447
1,1,block_2,2,Provo_ID2,4,1078535,1258031,1,applied_drift,1741718316753,-9.492361545562744,-18.975850765203447
1,1,block_2,2,Provo_ID2,4,1078535,1258031,1,applied_drift,1741718316787,-9.492361545562744,-18.975850765203447
1,1,block_2,2,Provo_ID2,4,1078535,1258031,1,applied_drift,1741718316815,-9.492361545562744,-18.975850765203447
1,1,block_2,2,Provo_ID2,4,1078535,1258031,1,applied_drift,1741718316856,-9.492361545562744,-18.975850765203447
1,1,block_2,2,Provo_ID2,4,1078535,1258031,1,applied_drift,1741718316889,-9.492361545562744,-18.975850765203447
1,1,block_2,2,Provo_ID2,4,1078535,1258031,1,applied_drift,1741718316919,-9.492361545562744,-18.975850765203447
1,1,block_2,2,Provo_ID2,4,1078535,1258031,1,applied_drift,1741718316992,-9.492361545562744,-18.975850765203447
1,1,block_2,2,Provo_ID2,4,1078535,1258031,1,applied_drift,1741718317016,-9.492361545562744,-18.975850765203447
1,1,block_2,2,Provo_ID2,4,1078535,1258031,1,applied_drift,1741718317060,-9.492361545562744,-18.975850765203447
1,1,block_2,2,Provo_ID2,4,1078535,1258031,1,applied_drift,1741718317084,-9.492361545562744,-18.975850765203447
1,1,block_2,2,Provo_ID2,4,1078535,1258031,1,applied_drift,1741718317118,-9.492361545562744,-18.975850765203447
1,1,block_2,2,Provo_ID2,4,1078535,1258031,1,applied_drift,1741718317155,-9.492361545562744,-18.975850765203447
1,1,block_2,2,Provo_ID2,4,1078535,1258031,1,applied_drift,1741718317189,-9.492361545562744,-18.975850765203447
1,1,block_2,2,Provo_ID2,4,1078535,1258031,1,applied_drift,1741718317217,-9.492361545562744,-18.975850765203447
1,1,block_2,2,Provo_ID2,4,1078535,1258031,1,applied_drift,1741718317257,-9.492361545562744,-18.975850765203447
1,1,block_2,2,Provo_ID2,4,1078535,1258031,1,applied_drift,1741718317290,-9.492361545562744,-18.975850765203447
1,1,block_2,2,Provo_ID2,4,1078535,1258031,1,applied_drift,1741718317315,-9.492361545562744,-18.975850765203447
1,1,block_2,2,Provo_ID2,4,1078535,1258031,1,applied_drift,1741718317352,-9.492361545562744,-18.975850765203447
1,1,block_2,2,Provo_ID2,4,1078535,1258031,1,applied_drift,1741718317385,-9.492361545562744,-18.975850765203447
1,1,block_2,2,Provo_ID2,4,1078535,1258031,1,applied_drift,1741718317420,-9.492361545562744,-18.975850765203447
1,1,block_2,2,Provo_ID2,4,1078535,1258031,1,applied_drift,1741718317454,-9.492361545562744,-18.975850765203447
1,1,block_2,2,Provo_ID2,4,1078535,1258031,1,applied_drift,1741718317481,-9.492361545562744,-18.975850765203447
1,1,block_2,2,Provo_ID2,4,1078535,1258031,1,applied_drift,1741718317519,-9.492361545562744,-18.975850765203447
1,1,block_2,2,Provo_ID2,4,1078535,1258031,1,applied_drift,1741718317553,-9.492361545562744,-18.975850765203447
1,1,block_2,2,Provo_ID2,4,1078535,1258031,1,applied_drift,1741718317585,-9.492361545562744,-18.975850765203447
1,1,block_2,2,Provo_ID2,4,1078535,1258031,1,applied_drift,1741718317619,-9.492361545562744,-18.975850765203447
1,1,block_2,2,Provo_ID2,4,1078535,1258031,1,applied_drift,1741718317658,-9.492361545562744,-18.975850765203447
1,1,block_2,2,Provo_ID2,4,1078535,1258031,1,applied_drift,1741718317691,-9.492361545562744,-18.975850765203447
1,1,block_2,2,Provo_ID2,4,1078535,1258031,1,applied_drift,1741718317715,-9.492361545562744,-18.975850765203447
1,1,block_2,2,Provo_ID2,4,1078535,1258031,1,applied_drift,1741718317753,-9.492361545562744,-18.975850765203447
1,1,block_2,2,Provo_ID2,4,1078535,1258031,1,applied_drift,1741718317781,-9.492361545562744,-18.975850765203447
1,1,block_2,2,Provo_ID2,4,1078535,1258031,1,applied_drift,1741718317814,-9.492361545562744,-18.975850765203447
1,1,block_2,2,Provo_ID2,4,1078535,1258031,1,applied_drift,1741718317869,-9.492361545562744,-18.975850765203447
1,1,block_2,2,Provo_ID2,4,1078535,1258031,1,applied_drift,1741718317898,-9.492361545562744,-18.975850765203447
1,1,block_2,2,Provo_ID2,4,1078535,1258031,1,applied_drift,1741718317931,-9.492361545562744,-18.975850765203447
1,1,block_2,2,Provo_ID2,4,1078535,1258031,1,applied_drift,1741718317961,-9.492361545562744,-18.975850765203447
1,1,block_2,2,Provo_ID2,4,1078535,1258031,1,applied_drift,1741718318001,-9.492361545562744,-18.975850765203447
1,1,block_2,2,Provo_ID2,4,1078535,1258031,1,applied_drift,1741718318029,-9.492361545562744,-18.975850765203447
1,1,block_2,2,Provo_ID2,4,1078535,1258031,1,applied_drift,1741718318065,-9.492361545562744,-18.975850765203447
1,1,block_2,2,Provo_ID2,4,1078535,1258031,1,applied_drift,1741718318098,-9.492361545562744,-18.975850765203447
1,1,block_2,2,Provo_ID2,4,1078535,1258031,1,applied_drift,1741718318133,-9.492361545562744,-18.975850765203447
1,1,block_2,2,Provo_ID2,4,1078535,1258031,1,applied_drift,1741718318168,-9.492361545562744,-18.975850765203447
1,1,block_2,2,Provo_ID2,4,1078535,1258031,1,applied_drift,1741718318209,-9.492361545562744,-18.975850765203447
1,1,block_2,2,Provo_ID2,4,1078535,1258031,1,applied_drift,1741718318247,-9.492361545562744,-18.975850765203447
1,1,block_2,2,Provo_ID2,4,1078535,1258031,1,applied_drift,1741718318269,-9.492361545562744,-18.975850765203447
1,1,block_2,2,Provo_ID2,4,1078535,1258031,1,applied_drift,1741718318297,-9.492361545562744,-18.975850765203447
1,1,block_2,2,Provo_ID2,4,1078535,1258031,1,applied_drift,1741718318330,-9.492361545562744,-18.975850765203447
1,1,block_2,2,Provo_ID2,4,1078535,1258031,1,applied_drift,1741718318375,-9.492361545562744,-18.975850765203447
1,1,block_2,2,Provo_ID2,4,1078535,1258031,1,applied_drift,1741718318393,-9.492361545562744,-18.975850765203447
1,1,block_2,2,Provo_ID2,4,1078535,1258031,1,applied_drift,1741718318431,-9.492361545562744,-18.975850765203447
1,1,block_2,2,Provo_ID2,4,1078535,1258031,1,applied_drift,1741718318460,-9.492361545562744,-18.975850765203447
1,1,block_2,2,Provo_ID2,4,1078535,1258031,1,applied_drift,1741718318497,-9.492361545562744,-18.975850765203447
1,1,block_2,2,Provo_ID2,4,1078535,1258031,1,applied_drift,1741718318529,-9.492361545562744,-18.975850765203447
1,1,block_2,2,Provo_ID2,4,1078535,1258031,1,applied_drift,1741718318567,-9.492361545562744,-18.975850765203447
1,1,block_2,2,Provo_ID2,4,1078535,1258031,1,applied_drift,1741718318602,-9.492361545562744,-18.975850765203447
1,1,block_2,2,Provo_ID2,4,1078535,1258031,1,applied_drift,1741718318637,-9.492361545562744,-18.975850765203447
1,1,block_2,2,Provo_ID2,4,1078535,1258031,1,applied_drift,1741718318668,-9.492361545562744,-18.975850765203447
1,1,block_2,2,Provo_ID2,4,1078535,1258031,1,applied_drift,1741718318706,-9.492361545562744,-18.975850765203447
1,1,block_2,2,Provo_ID2,4,1078535,1258031,1,applied_drift,1741718318734,-9.492361545562744,-18.975850765203447
1,1,block_2,2,Provo_ID2,4,1078535,1258031,1,applied_drift,1741718318770,-9.492361545562744,-18.975850765203447
1,1,block_2,2,Provo_ID2,4,1078535,1258031,1,applied_drift,1741718318801,-9.492361545562744,-18.975850765203447
1,1,block_2,2,Provo_ID2,4,1078535,1258031,1,applied_drift,1741718318834,-9.492361545562744,-18.975850765203447
1,1,block_2,2,Provo_ID2,4,1078535,1258031,1,applied_drift,1741718318863,-9.492361545562744,-18.975850765203447
1,1,block_2,2,Provo_ID2,4,1078535,1258031,1,applied_drift,1741718318904,-9.492361545562744,-18.975850765203447
1,1,block_2,2,Provo_ID2,4,1078535,1258031,1,applied_drift,1741718318943,-9.492361545562744,-18.975850765203447
1,1,block_2,2,Provo_ID2,4,1078535,1258031,1,applied_drift,1741718318971,-9.492361545562744,-18.975850765203447
1,1,block_2,2,Provo_ID2,4,1078535,1258031,1,applied_drift,1741718319010,-9.492361545562744,-18.975850765203447
1,1,block_2,2,Provo_ID2,4,1078535,1258031,1,applied_drift,1741718319035,-9.492361545562744,-18.975850765203447
1,1,block_2,2,Provo_ID2,4,1078535,1258031,1,applied_drift,1741718319073,-9.492361545562744,-18.975850765203447
1,1,block_2,2,Provo_ID2,4,1078535,1258031,1,applied_drift,1741718319101,-9.492361545562744,-18.975850765203447
1,1,block_2,2,Provo_ID2,4,1078535,1258031,1,applied_drift,1741718319139,-9.492361545562744,-18.975850765203447
1,1,block_2,2,Provo_ID2,4,1078535,1258031,1,applied_drift,1741718319168,-9.492361545562744,-18.975850765203447
1,1,block_2,2,Provo_ID2,4,1078535,1258031,1,applied_drift,1741718319200,-9.492361545562744,-18.975850765203447
1,1,block_2,2,Provo_ID2,4,1078535,1258031,1,applied_drift,1741718319232,-9.492361545562744,-18.975850765203447
1,1,block_2,2,Provo_ID2,4,1078535,1258031,1,applied_drift,1741718319274,-9.492361545562744,-18.975850765203447
1,1,block_2,2,Provo_ID2,4,1078535,1258031,1,applied_drift,1741718319308,-9.492361545562744,-18.975850765203447
1,1,block_2,2,Provo_ID2,4,1078535,1258031,1,applied_drift,1741718319330,-9.492361545562744,-18.975850765203447
1,1,block_2,2,Provo_ID2,4,1078535,1258031,1,applied_drift,1741718319370,-9.492361545562744,-18.975850765203447
1,1,block_2,2,Provo_ID2,4,1078535,1258031,1,applied_drift,1741718319404,-9.492361545562744,-18.975850765203447
1,1,block_2,2,Provo_ID2,4,1078535,1258031,1,applied_drift,1741718319436,-9.492361545562744,-18.975850765203447
1,1,block_2,2,Provo_ID2,4,1078535,1258031,1,applied_drift,1741718319472,-9.492361545562744,-18.975850765203447
1,1,block_2,2,Provo_ID2,4,1078535,1258031,1,applied_drift,1741718319501,-9.492361545562744,-18.975850765203447
1,1,block_2,2,Provo_ID2,4,1078535,1258031,1,applied_drift,1741718319535,-9.492361545562744,-18.975850765203447
1,1,block_2,2,Provo_ID2,4,1078535,1258031,1,applied_drift,1741718319568,-9.492361545562744,-18.975850765203447
1,1,block_2,2,Provo_ID2,4,1078535,1258031,1,applied_drift,1741718319598,-9.492361545562744,-18.975850765203447
1,1,block_2,2,Provo_ID2,4,1078535,1258031,1,applied_drift,1741718319639,-9.492361545562744,-18.975850765203447
1,1,block_2,2,Provo_ID2,4,1078535,1258031,1,applied_drift,1741718319673,-9.492361545562744,-18.975850765203447
1,1,block_2,2,Provo_ID2,4,1078535,1258031,1,applied_drift,1741718319703,-9.492361545562744,-18.975850765203447
1,1,block_2,2,Provo_ID2,4,1078535,1258031,1,applied_drift,1741718319736,-9.492361545562744,-18.975850765203447
1,1,block_2,2,Provo_ID2,4,1078535,1258031,1,applied_drift,1741718319771,-9.492361545562744,-18.975850765203447
1,1,block_2,2,Provo_ID2,4,1078535,1258031,1,applied_drift,1741718319797,-9.492361545562744,-18.975850765203447
1,1,block_2,2,Provo_ID2,4,1078535,1258031,1,applied_drift,1741718319832,-9.492361545562744,-18.975850765203447
1,1,block_2,2,Provo_ID2,4,1078535,1258031,1,applied_drift,1741718319871,-9.492361545562744,-18.975850765203447
1,1,block_2,2,Provo_ID2,4,1078535,1258031,1,applied_drift,1741718319901,-9.492361545562744,-18.975850765203447
1,1,block_2,2,Provo_ID2,4,1078535,1258031,1,applied_drift,1741718319934,-9.492361545562744,-18.975850765203447
1,1,block_2,2,Provo_ID2,4,1078535,1258031,1,applied_drift,1741718319974,-9.492361545562744,-18.975850765203447
1,1,block_2,2,Provo_ID2,4,1078535,1258031,1,applied_drift,1741718320010,-9.492361545562744,-18.975850765203447
1,1,block_2,2,Provo_ID2,4,1078535,1258031,1,applied_drift,1741718320039,-9.492361545562744,-18.975850765203447
1,1,block_2,2,Provo_ID2,4,1078535,1258031,1,applied_drift,1741718320070,-9.492361545562744,-18.975850765203447
1,1,block_2,2,Provo_ID2,4,1078535,1258031,1,applied_drift,1741718320102,-9.492361545562744,-18.975850765203447
1,1,block_2,2,Provo_ID2,4,1078535,1258031,1,applied_drift,1741718320144,-9.492361545562744,-18.975850765203447
1,1,block_2,2,Provo_ID2,4,1078535,1258031,1,applied_drift,1741718320185,-9.492361545562744,-18.975850765203447
1,1,block_2,2,Provo_ID2,4,1078535,1258031,1,applied_drift,1741718320208,-9.492361545562744,-18.975850765203447
1,1,block_2,2,Provo_ID2,4,1078535,1258031,1,applied_drift,1741718320239,-9.492361545562744,-18.975850765203447
1,1,block_2,2,Provo_ID2,4,1078535,1258031,1,applied_drift,1741718320269,-9.492361545562744,-18.975850765203447
1,1,block_2,2,Provo_ID2,4,1078535,1258031,1,applied_drift,1741718320310,-9.492361545562744,-18.975850765203447
1,1,block_2,2,Provo_ID2,4,1078535,1258031,1,applied_drift,1741718320335,-9.492361545562744,-18.975850765203447
1,1,block_2,2,Provo_ID2,4,1078535,1258031,1,applied_drift,1741718320369,-9.492361545562744,-18.975850765203447
1,1,block_2,2,Provo_ID2,4,1078535,1258031,1,applied_drift,1741718320399,-9.492361545562744,-18.975850765203447
1,1,block_2,2,Provo_ID2,4,1078535,1258031,1,applied_drift,1741718320440,-9.492361545562744,-18.975850765203447
1,1,block_2,2,Provo_ID2,4,1078535,1258031,1,applied_drift,1741718320476,-9.492361545562744,-18.975850765203447
1,1,block_2,2,Provo_ID2,4,1078535,1258031,1,applied_drift,1741718320502,-9.492361545562744,-18.975850765203447
1,1,block_2,2,Provo_ID2,4,1078535,1258031,1,applied_drift,1741718320530,-9.492361545562744,-18.975850765203447
1,1,block_2,2,Provo_ID2,4,1078535,1258031,1,applied_drift,1741718320573,-9.492361545562744,-18.975850765203447
1,1,block_2,2,Provo_ID2,4,1078535,1258031,1,applied_drift,1741718320602,-9.492361545562744,-18.975850765203447
1,1,block_2,2,Provo_ID2,4,1078535,1258031,1,applied_drift,1741718320642,-9.492361545562744,-18.975850765203447
1,1,block_2,2,Provo_ID2,4,1078535,1258031,1,applied_drift,1741718320692,-9.492361545562744,-18.975850765203447
1,1,block_2,2,Provo_ID2,4,1078535,1258031,1,applied_drift,1741718320724,-9.492361545562744,-18.975850765203447
1,1,block_2,2,Provo_ID2,4,1078535,1258031,1,applied_drift,1741718320749,-9.492361545562744,-18.975850765203447
1,1,block_2,2,Provo_ID2,4,1078535,1258031,1,applied_drift,1741718320781,-9.492361545562744,-18.975850765203447
1,1,block_2,2,Provo_ID2,4,1078535,1258031,1,applied_drift,1741718320811,-9.492361545562744,-18.975850765203447
1,1,block_2,2,Provo_ID2,4,1078535,1258031,1,applied_drift,1741718320854,-9.492361545562744,-18.975850765203447
1,1,block_2,2,Provo_ID2,4,1078535,1258031,1,applied_drift,1741718320889,-9.492361545562744,-18.975850765203447
1,1,block_2,2,Provo_ID2,4,1078535,1258031,1,applied_drift,1741718320921,-9.492361545562744,-18.975850765203447
1,1,block_2,2,Provo_ID2,4,1078535,1258031,1,applied_drift,1741718320949,-9.492361545562744,-18.975850765203447
1,1,block_2,2,Provo_ID2,4,1078535,1258031,1,applied_drift,1741718320982,-9.492361545562744,-18.975850765203447
1,1,block_2,2,Provo_ID2,4,1078535,1258031,1,applied_drift,1741718321011,-9.492361545562744,-18.975850765203447
1,1,block_2,2,Provo_ID2,4,1078535,1258031,1,applied_drift,1741718321053,-9.492361545562744,-18.975850765203447
1,1,block_2,2,Provo_ID2,4,1078535,1258031,1,applied_drift,1741718321083,-9.492361545562744,-18.975850765203447
1,1,block_2,2,Provo_ID2,4,1078535,1258031,1,applied_drift,1741718321134,-9.492361545562744,-18.975850765203447
1,1,block_2,2,Provo_ID2,4,1078535,1258031,1,applied_drift,1741718321152,-9.492361545562744,-18.975850765203447
1,1,block_2,2,Provo_ID2,4,1078535,1258031,1,applied_drift,1741718321184,-9.492361545562744,-18.975850765203447
1,1,block_2,2,Provo_ID2,4,1078535,1258031,1,applied_drift,1741718321217,-9.492361545562744,-18.975850765203447
1,1,block_2,2,Provo_ID2,4,1078535,1258031,1,applied_drift,1741718321245,-9.492361545562744,-18.975850765203447
1,1,block_2,2,Provo_ID2,4,1078535,1258031,1,applied_drift,1741718321283,-9.492361545562744,-18.975850765203447
1,1,block_2,2,Provo_ID2,4,1078535,1258031,1,applied_drift,1741718321314,-9.492361545562744,-18.975850765203447
1,1,block_2,2,Provo_ID2,4,1078535,1258031,1,applied_drift,1741718321351,-9.492361545562744,-18.975850765203447
1,1,block_2,2,Provo_ID2,4,1078535,1258031,1,applied_drift,1741718321389,-9.492361545562744,-18.975850765203447
1,1,block_2,2,Provo_ID2,4,1078535,1258031,1,applied_drift,1741718321421,-9.492361545562744,-18.975850765203447
1,1,block_2,2,Provo_ID2,4,1078535,1258031,1,applied_drift,1741718321454,-9.492361545562744,-18.975850765203447
1,1,block_2,2,Provo_ID2,4,1078535,1258031,1,applied_drift,1741718321485,-9.492361545562744,-18.975850765203447
1,1,block_2,2,Provo_ID2,4,1078535,1258031,1,applied_drift,1741718321517,-9.492361545562744,-18.975850765203447
1,1,block_2,2,Provo_ID2,4,1078535,1258031,1,applied_drift,1741718321550,-9.492361545562744,-18.975850765203447
1,1,block_2,2,Provo_ID2,4,1078535,1258031,1,applied_drift,1741718321586,-9.492361545562744,-18.975850765203447
1,1,block_2,2,Provo_ID2,4,1078535,1258031,1,applied_drift,1741718321624,-9.492361545562744,-18.975850765203447
1,1,block_2,2,Provo_ID2,4,1078535,1258031,1,applied_drift,1741718321650,-9.492361545562744,-18.975850765203447
1,1,block_2,2,Provo_ID2,4,1078535,1258031,1,applied_drift,1741718321685,-9.492361545562744,-18.975850765203447
1,1,block_2,2,Provo_ID2,4,1078535,1258031,1,applied_drift,1741718321715,-9.492361545562744,-18.975850765203447
1,1,block_2,2,Provo_ID2,4,1078535,1258031,1,applied_drift,1741718321758,-9.492361545562744,-18.975850765203447
1,1,block_2,2,Provo_ID2,4,1078535,1258031,1,applied_drift,1741718321783,-9.492361545562744,-18.975850765203447
1,1,block_2,2,Provo_ID2,4,1078535,1258031,1,applied_drift,1741718321822,-9.492361545562744,-18.975850765203447
1,1,block_2,2,Provo_ID2,4,1078535,1258031,1,applied_drift,1741718321858,-9.492361545562744,-18.975850765203447
1,1,block_2,2,Provo_ID2,4,1078535,1258031,1,applied_drift,1741718321890,-9.492361545562744,-18.975850765203447
1,1,block_2,2,Provo_ID2,4,1078535,1258031,1,applied_drift,1741718321918,-9.492361545562744,-18.975850765203447
1,1,block_2,2,Provo_ID2,4,1078535,1258031,1,applied_drift,1741718321950,-9.492361545562744,-18.975850765203447
1,1,block_2,2,Provo_ID2,4,1078535,1258031,1,applied_drift,1741718321987,-9.492361545562744,-18.975850765203447
1,1,block_2,2,Provo_ID2,4,1078535,1258031,1,applied_drift,1741718322018,-9.492361545562744,-18.975850765203447
1,1,block_2,2,Provo_ID2,4,1078535,1258031,1,applied_drift,1741718322050,-9.492361545562744,-18.975850765203447
1,1,block_2,2,Provo_ID2,4,1078535,1258031,1,applied_drift,1741718322094,-9.492361545562744,-18.975850765203447
1,1,block_2,2,Provo_ID2,4,1078535,1258031,1,applied_drift,1741718322119,-9.492361545562744,-18.975850765203447
1,1,block_2,2,Provo_ID2,4,1078535,1258031,1,applied_drift,1741718322147,-9.492361545562744,-18.975850765203447
1,1,block_2,2,Provo_ID2,4,1078535,1258031,1,applied_drift,1741718322190,-9.492361545562744,-18.975850765203447
1,1,block_2,2,Provo_ID2,4,1078535,1258031,1,applied_drift,1741718322218,-9.492361545562744,-18.975850765203447
1,1,block_2,2,Provo_ID2,4,1078535,1258031,1,applied_drift,1741718322252,-9.492361545562744,-18.975850765203447
1,1,block_2,2,Provo_ID2,4,1078535,1258031,1,applied_drift,1741718322289,-9.492361545562744,-18.975850765203447
1,1,block_2,2,Provo_ID2,4,1078535,1258031,1,applied_drift,1741718322323,-9.492361545562744,-18.975850765203447
1,1,block_2,2,Provo_ID2,4,1078535,1258031,1,applied_drift,1741718322355,-9.492361545562744,-18.975850765203447
1,1,block_2,2,Provo_ID2,4,1078535,1258031,1,applied_drift,1741718322380,-9.492361545562744,-18.975850765203447
1,1,block_2,2,Provo_ID2,4,1078535,1258031,1,applied_drift,1741718322423,-9.492361545562744,-18.975850765203447
1,1,block_2,2,Provo_ID2,4,1078535,1258031,1,applied_drift,1741718322452,-9.492361545562744,-18.975850765203447
1,1,block_2,2,Provo_ID2,4,1078535,1258031,1,applied_drift,1741718322488,-9.492361545562744,-18.975850765203447
1,1,block_2,2,Provo_ID2,4,1078535,1258031,1,applied_drift,1741718322527,-9.492361545562744,-18.975850765203447
1,1,block_2,2,Provo_ID2,4,1078535,1258031,1,applied_drift,1741718322551,-9.492361545562744,-18.975850765203447
1,1,block_2,2,Provo_ID2,4,1078535,1258031,1,applied_drift,1741718322589,-9.492361545562744,-18.975850765203447
1,1,block_2,2,Provo_ID2,4,1078535,1258031,1,applied_drift,1741718322625,-9.492361545562744,-18.975850765203447
1,1,block_2,2,Provo_ID2,4,1078535,1258031,1,applied_drift,1741718322655,-9.492361545562744,-18.975850765203447
1,1,block_2,2,Provo_ID2,4,1078535,1258031,1,applied_drift,1741718322689,-9.492361545562744,-18.975850765203447
1,1,block_2,2,Provo_ID2,4,1078535,1258031,1,applied_drift,1741718322720,-9.492361545562744,-18.975850765203447
1,1,block_2,2,Provo_ID2,4,1078535,1258031,1,applied_drift,1741718322759,-9.492361545562744,-18.975850765203447
1,1,block_2,2,Provo_ID2,4,1078535,1258031,1,applied_drift,1741718322789,-9.492361545562744,-18.975850765203447
1,1,block_2,2,Provo_ID2,4,1078535,1258031,1,applied_drift,1741718322818,-9.492361545562744,-18.975850765203447
1,1,block_2,2,Provo_ID2,4,1078535,1258031,1,applied_drift,1741718322846,-9.492361545562744,-18.975850765203447
1,1,block_2,2,Provo_ID2,4,1078535,1258031,1,applied_drift,1741718322890,-9.492361545562744,-18.975850765203447
1,1,block_2,2,Provo_ID2,4,1078535,1258031,1,applied_drift,1741718322922,-9.492361545562744,-18.975850765203447
1,1,block_2,2,Provo_ID2,4,1078535,1258031,1,applied_drift,1741718322951,-9.492361545562744,-18.975850765203447
1,1,block_2,2,Provo_ID2,4,1078535,1258031,1,applied_drift,1741718322990,-9.492361545562744,-18.975850765203447
1,1,block_2,2,Provo_ID2,4,1078535,1258031,1,applied_drift,1741718323032,-9.492361545562744,-18.975850765203447
1,1,block_2,2,Provo_ID2,4,1078535,1258031,1,applied_drift,1741718323063,-9.492361545562744,-18.975850765203447
1,1,block_2,2,Provo_ID2,4,1078535,1258031,1,applied_drift,1741718323088,-9.492361545562744,-18.975850765203447
1,1,block_2,2,Provo_ID2,4,1078535,1258031,1,applied_drift,1741718323118,-9.492361545562744,-18.975850765203447
1,1,block_2,2,Provo_ID2,4,1078535,1258031,1,applied_drift,1741718323160,-9.492361545562744,-18.975850765203447
1,1,block_2,2,Provo_ID2,4,1078535,1258031,1,applied_drift,1741718323189,-9.492361545562744,-18.975850765203447
1,1,block_2,2,Provo_ID2,4,1078535,1258031,1,applied_drift,1741718323230,-9.492361545562744,-18.975850765203447
1,1,block_2,2,Provo_ID2,4,1078535,1258031,1,applied_drift,1741718323259,-9.492361545562744,-18.975850765203447
1,1,block_2,2,Provo_ID2,4,1078535,1258031,1,applied_drift,1741718323289,-9.492361545562744,-18.975850765203447
1,1,block_2,2,Provo_ID2,4,1078535,1258031,1,applied_drift,1741718323323,-9.492361545562744,-18.975850765203447
1,1,block_2,2,Provo_ID2,4,1078535,1258031,1,applied_drift,1741718323357,-9.492361545562744,-18.975850765203447
1,1,block_2,2,Provo_ID2,4,1078535,1258031,1,applied_drift,1741718323392,-9.492361545562744,-18.975850765203447
1,1,block_2,2,Provo_ID2,4,1078535,1258031,1,applied_drift,1741718323424,-9.492361545562744,-18.975850765203447
1,1,block_2,2,Provo_ID2,4,1078535,1258031,1,applied_drift,1741718323457,-9.492361545562744,-18.975850765203447
1,1,block_2,2,Provo_ID2,4,1078535,1258031,1,applied_drift,1741718323508,-9.492361545562744,-18.975850765203447
1,1,block_2,2,Provo_ID2,4,1078535,1258031,1,applied_drift,1741718323534,-9.492361545562744,-18.975850765203447
1,1,block_2,2,Provo_ID2,4,1078535,1258031,1,applied_drift,1741718323568,-9.492361545562744,-18.975850765203447
1,1,block_2,2,Provo_ID2,4,1078535,1258031,1,applied_drift,1741718323605,-9.492361545562744,-18.975850765203447
1,1,block_2,2,Provo_ID2,4,1078535,1258031,1,applied_drift,1741718323636,-9.492361545562744,-18.975850765203447
1,1,block_2,2,Provo_ID2,4,1078535,1258031,1,applied_drift,1741718323672,-9.492361545562744,-18.975850765203447
1,1,block_2,2,Provo_ID2,4,1078535,1258031,1,applied_drift,1741718323706,-9.492361545562744,-18.975850765203447
1,1,block_2,2,Provo_ID2,4,1078535,1258031,1,applied_drift,1741718323738,-9.492361545562744,-18.975850765203447
1,1,block_2,2,Provo_ID2,4,1078535,1258031,1,applied_drift,1741718323773,-9.492361545562744,-18.975850765203447
1,1,block_2,2,Provo_ID2,4,1078535,1258031,1,applied_drift,1741718323807,-9.492361545562744,-18.975850765203447
1,1,block_2,2,Provo_ID2,4,1078535,1258031,1,applied_drift,1741718323835,-9.492361545562744,-18.975850765203447
1,1,block_2,2,Provo_ID2,4,1078535,1258031,1,applied_drift,1741718323864,-9.492361545562744,-18.975850765203447
1,1,block_2,2,Provo_ID2,4,1078535,1258031,1,applied_drift,1741718323908,-9.492361545562744,-18.975850765203447
1,1,block_2,2,Provo_ID2,4,1078535,1258031,1,applied_drift,1741718323933,-9.492361545562744,-18.975850765203447
1,1,block_2,2,Provo_ID2,4,1078535,1258031,1,applied_drift,1741718323972,-9.492361545562744,-18.975850765203447
1,1,block_2,2,Provo_ID2,4,1078535,1258031,1,applied_drift,1741718324001,-9.492361545562744,-18.975850765203447
1,1,block_2,2,Provo_ID2,4,1078535,1258031,1,applied_drift,1741718324035,-9.492361545562744,-18.975850765203447
1,1,block_2,2,Provo_ID2,4,1078535,1258031,1,applied_drift,1741718324071,-9.492361545562744,-18.975850765203447
1,1,block_2,2,Provo_ID2,4,1078535,1258031,1,applied_drift,1741718324097,-9.492361545562744,-18.975850765203447
1,1,block_2,2,Provo_ID2,4,1078535,1258031,1,applied_drift,1741718324131,-9.492361545562744,-18.975850765203447
1,1,block_2,2,Provo_ID2,4,1078535,1258031,1,applied_drift,1741718324166,-9.492361545562744,-18.975850765203447
1,1,block_2,2,Provo_ID2,4,1078535,1258031,1,applied_drift,1741718324202,-9.492361545562744,-18.975850765203447
1,1,block_2,2,Provo_ID2,4,1078535,1258031,1,applied_drift,1741718324243,-9.492361545562744,-18.975850765203447
1,1,block_2,2,Provo_ID2,4,1078535,1258031,1,applied_drift,1741718324276,-9.492361545562744,-18.975850765203447
1,1,block_2,2,Provo_ID2,4,1078535,1258031,1,applied_drift,1741718324299,-9.492361545562744,-18.975850765203447
1,1,block_2,2,Provo_ID2,4,1078535,1258031,1,applied_drift,1741718324344,-9.492361545562744,-18.975850765203447
1,1,block_2,2,Provo_ID2,4,1078535,1258031,1,applied_drift,1741718324373,-9.492361545562744,-18.975850765203447
1,1,block_2,2,Provo_ID2,4,1078535,1258031,1,applied_drift,1741718324403,-9.492361545562744,-18.975850765203447
1,1,block_2,2,Provo_ID2,4,1078535,1258031,1,applied_drift,1741718324438,-9.492361545562744,-18.975850765203447
1,1,block_2,2,Provo_ID2,4,1078535,1258031,1,applied_drift,1741718324471,-9.492361545562744,-18.975850765203447
1,1,block_2,2,Provo_ID2,4,1078535,1258031,1,applied_drift,1741718324503,-9.492361545562744,-18.975850765203447
1,1,block_2,2,Provo_ID2,4,1078535,1258031,1,applied_drift,1741718324533,-9.492361545562744,-18.975850765203447
1,1,block_2,2,Provo_ID2,4,1078535,1258031,1,applied_drift,1741718324573,-9.492361545562744,-18.975850765203447
1,1,block_2,2,Provo_ID2,4,1078535,1258031,1,applied_drift,1741718324604,-9.492361545562744,-18.975850765203447
1,1,block_2,2,Provo_ID2,4,1078535,1258031,1,applied_drift,1741718324643,-9.492361545562744,-18.975850765203447
1,1,block_2,2,Provo_ID2,4,1078535,1258031,1,applied_drift,1741718324673,-9.492361545562744,-18.975850765203447
1,1,block_2,2,Provo_ID2,4,1078535,1258031,1,applied_drift,1741718324706,-9.492361545562744,-18.975850765203447
1,1,block_2,2,Provo_ID2,4,1078535,1258031,1,applied_drift,1741718324738,-9.492361545562744,-18.975850765203447
1,1,block_2,2,Provo_ID2,4,1078535,1258031,1,applied_drift,1741718324771,-9.492361545562744,-18.975850765203447
1,1,block_2,2,Provo_ID2,4,1078535,1258031,1,applied_drift,1741718324798,-9.492361545562744,-18.975850765203447
1,1,block_2,2,Provo_ID2,4,1078535,1258031,1,applied_drift,1741718324842,-9.492361545562744,-18.975850765203447
1,1,block_2,2,Provo_ID2,4,1078535,1258031,1,applied_drift,1741718324867,-9.492361545562744,-18.975850765203447
1,1,block_2,2,Provo_ID2,4,1078535,1258031,1,applied_drift,1741718324909,-9.492361545562744,-18.975850765203447
1,1,block_2,2,Provo_ID2,4,1078535,1258031,1,applied_drift,1741718324944,-9.492361545562744,-18.975850765203447
1,1,block_2,2,Provo_ID2,4,1078535,1258031,1,applied_drift,1741718324974,-9.492361545562744,-18.975850765203447
1,1,block_2,2,Provo_ID2,4,1078535,1258031,1,applied_drift,1741718325014,-9.492361545562744,-18.975850765203447
1,1,block_2,2,Provo_ID2,4,1078535,1258031,1,applied_drift,1741718325042,-9.492361545562744,-18.975850765203447
1,1,block_2,2,Provo_ID2,4,1078535,1258031,1,applied_drift,1741718325079,-9.492361545562744,-18.975850765203447
1,1,block_2,2,Provo_ID2,4,1078535,1258031,1,applied_drift,1741718325109,-9.492361545562744,-18.975850765203447
1,1,block_2,2,Provo_ID2,4,1078535,1258031,1,applied_drift,1741718325142,-9.492361545562744,-18.975850765203447
1,1,block_2,2,Provo_ID2,4,1078535,1258031,1,applied_drift,1741718325167,-9.492361545562744,-18.975850765203447
1,1,block_2,2,Provo_ID2,4,1078535,1258031,1,applied_drift,1741718325213,-9.492361545562744,-18.975850765203447
1,1,block_2,2,Provo_ID2,4,1078535,1258031,1,applied_drift,1741718325232,-9.492361545562744,-18.975850765203447
1,1,block_2,2,Provo_ID2,4,1078535,1258031,1,applied_drift,1741718325272,-9.492361545562744,-18.975850765203447
1,1,block_2,2,Provo_ID2,4,1078535,1258031,1,applied_drift,1741718325315,-9.492361545562744,-18.975850765203447
1,1,block_2,2,Provo_ID2,4,1078535,1258031,1,applied_drift,1741718325349,-9.492361545562744,-18.975850765203447
1,1,block_2,2,Provo_ID2,4,1078535,1258031,1,applied_drift,1741718325382,-9.492361545562744,-18.975850765203447
1,1,block_2,2,Provo_ID2,4,1078535,1258031,1,applied_drift,1741718325411,-9.492361545562744,-18.975850765203447
1,1,block_2,2,Provo_ID2,4,1078535,1258031,1,applied_drift,1741718325449,-9.492361545562744,-18.975850765203447
1,1,block_2,2,Provo_ID2,4,1078535,1258031,1,applied_drift,1741718325469,-9.492361545562744,-18.975850765203447
1,1,block_2,2,Provo_ID2,4,1078535,1258031,1,applied_drift,1741718325515,-9.492361545562744,-18.975850765203447
1,1,block_2,2,Provo_ID2,4,1078535,1258031,1,applied_drift,1741718325554,-9.492361545562744,-18.975850765203447
1,1,block_2,2,Provo_ID2,4,1078535,1258031,1,applied_drift,1741718325588,-9.492361545562744,-18.975850765203447
1,1,block_2,2,Provo_ID2,4,1078535,1258031,1,applied_drift,1741718325611,-9.492361545562744,-18.975850765203447
1,1,block_2,2,Provo_ID2,4,1078535,1258031,1,applied_drift,1741718325635,-9.492361545562744,-18.975850765203447
1,1,block_2,2,Provo_ID2,4,1078535,1258031,1,applied_drift,1741718325672,-9.492361545562744,-18.975850765203447
1,1,block_2,2,Provo_ID2,4,1078535,1258031,1,applied_drift,1741718325712,-9.492361545562744,-18.975850765203447
1,1,block_2,2,Provo_ID2,4,1078535,1258031,1,applied_drift,1741718325749,-9.492361545562744,-18.975850765203447
1,1,block_2,2,Provo_ID2,4,1078535,1258031,1,applied_drift,1741718325780,-9.492361545562744,-18.975850765203447
1,1,block_2,2,Provo_ID2,4,1078535,1258031,1,applied_drift,1741718325811,-9.492361545562744,-18.975850765203447
1,1,block_2,2,Provo_ID2,4,1078535,1258031,1,applied_drift,1741718325846,-9.492361545562744,-18.975850765203447
1,1,block_2,2,Provo_ID2,4,1078535,1258031,1,applied_drift,1741718325875,-9.492361545562744,-18.975850765203447
1,1,block_2,2,Provo_ID2,4,1078535,1258031,1,applied_drift,1741718325916,-9.492361545562744,-18.975850765203447
1,1,block_2,2,Provo_ID2,4,1078535,1258031,1,applied_drift,1741718325952,-9.492361545562744,-18.975850765203447
1,1,block_2,2,Provo_ID2,4,1078535,1258031,1,applied_drift,1741718325976,-9.492361545562744,-18.975850765203447
1,1,block_2,2,Provo_ID2,4,1078535,1258031,1,applied_drift,1741718326002,-9.492361545562744,-18.975850765203447
1,1,block_2,2,Provo_ID2,4,1078535,1258031,1,applied_drift,1741718326043,-9.492361545562744,-18.975850765203447
1,1,block_2,2,Provo_ID2,4,1078535,1258031,1,applied_drift,1741718326076,-9.492361545562744,-18.975850765203447
1,1,block_2,2,Provo_ID2,4,1078535,1258031,1,applied_drift,1741718326111,-9.492361545562744,-18.975850765203447
1,1,block_2,2,Provo_ID2,4,1078535,1258031,1,applied_drift,1741718326148,-9.492361545562744,-18.975850765203447
1,1,block_2,2,Provo_ID2,4,1078535,1258031,1,applied_drift,1741718326177,-9.492361545562744,-18.975850765203447
1,1,block_2,2,Provo_ID2,4,1078535,1258031,1,applied_drift,1741718326204,-9.492361545562744,-18.975850765203447
1,1,block_2,2,Provo_ID2,4,1078535,1258031,1,applied_drift,1741718326249,-9.492361545562744,-18.975850765203447
1,1,block_2,2,Provo_ID2,4,1078535,1258031,1,applied_drift,1741718326273,-9.492361545562744,-18.975850765203447
1,1,block_2,2,Provo_ID2,4,1078535,1258031,1,applied_drift,1741718326312,-9.492361545562744,-18.975850765203447
1,1,block_2,2,Provo_ID2,4,1078535,1258031,1,applied_drift,1741718326354,-9.492361545562744,-18.975850765203447
1,1,block_2,2,Provo_ID2,4,1078535,1258031,1,applied_drift,1741718326394,-9.492361545562744,-18.975850765203447
1,1,block_2,2,Provo_ID2,4,1078535,1258031,1,applied_drift,1741718326429,-9.492361545562744,-18.975850765203447
1,1,block_2,2,Provo_ID2,4,1078535,1258031,1,applied_drift,1741718326458,-9.492361545562744,-18.975850765203447
1,1,block_2,2,Provo_ID2,4,1078535,1258031,1,applied_drift,1741718326493,-9.492361545562744,-18.975850765203447
1,1,block_2,2,Provo_ID2,4,1078535,1258031,1,applied_drift,1741718326518,-9.492361545562744,-18.975850765203447
1,1,block_2,2,Provo_ID2,4,1078535,1258031,1,applied_drift,1741718326554,-9.492361545562744,-18.975850765203447
1,1,block_2,2,Provo_ID2,4,1078535,1258031,1,applied_drift,1741718326583,-9.492361545562744,-18.975850765203447
1,1,block_2,2,Provo_ID2,4,1078535,1258031,1,applied_drift,1741718326629,-9.492361545562744,-18.975850765203447
1,1,block_2,2,Provo_ID2,4,1078535,1258031,1,applied_drift,1741718326659,-9.492361545562744,-18.975850765203447
1,1,block_2,2,Provo_ID2,4,1078535,1258031,1,applied_drift,1741718326693,-9.492361545562744,-18.975850765203447
1,1,block_2,2,Provo_ID2,4,1078535,1258031,1,applied_drift,1741718326726,-9.492361545562744,-18.975850765203447
1,1,block_2,2,Provo_ID2,4,1078535,1258031,1,applied_drift,1741718326762,-9.492361545562744,-18.975850765203447
1,1,block_2,2,Provo_ID2,4,1078535,1258031,1,applied_drift,1741718326793,-9.492361545562744,-18.975850765203447
1,1,block_2,2,Provo_ID2,4,1078535,1258031,1,applied_drift,1741718326817,-9.492361545562744,-18.975850765203447
1,1,block_2,2,Provo_ID2,4,1078535,1258031,1,applied_drift,1741718326853,-9.492361545562744,-18.975850765203447
1,1,block_2,2,Provo_ID2,4,1078535,1258031,1,applied_drift,1741718326894,-9.492361545562744,-18.975850765203447
1,1,block_2,2,Provo_ID2,4,1078535,1258031,1,applied_drift,1741718326915,-9.492361545562744,-18.975850765203447
1,1,block_2,2,Provo_ID2,4,1078535,1258031,1,applied_drift,1741718326958,-9.492361545562744,-18.975850765203447
1,1,block_2,2,Provo_ID2,4,1078535,1258031,1,applied_drift,1741718326983,-9.492361545562744,-18.975850765203447
1,1,block_2,2,Provo_ID2,4,1078535,1258031,1,applied_drift,1741718327023,-9.492361545562744,-18.975850765203447
1,1,block_2,2,Provo_ID2,4,1078535,1258031,1,applied_drift,1741718327065,-9.492361545562744,-18.975850765203447
1,1,block_2,2,Provo_ID2,4,1078535,1258031,1,applied_drift,1741718327096,-9.492361545562744,-18.975850765203447
1,1,block_2,2,Provo_ID2,4,1078535,1258031,1,applied_drift,1741718327135,-9.492361545562744,-18.975850765203447
1,1,block_2,2,Provo_ID2,4,1078535,1258031,1,applied_drift,1741718327162,-9.492361545562744,-18.975850765203447
1,1,block_2,2,Provo_ID2,4,1078535,1258031,1,applied_drift,1741718327188,-9.492361545562744,-18.975850765203447
1,1,block_2,2,Provo_ID2,4,1078535,1258031,1,applied_drift,1741718327228,-9.492361545562744,-18.975850765203447
1,1,block_2,2,Provo_ID2,4,1078535,1258031,1,applied_drift,1741718327263,-9.492361545562744,-18.975850765203447
1,1,block_2,2,Provo_ID2,4,1078535,1258031,1,applied_drift,1741718327287,-9.492361545562744,-18.975850765203447
1,1,block_2,2,Provo_ID2,4,1078535,1258031,1,applied_drift,1741718327330,-9.492361545562744,-18.975850765203447
1,1,block_2,2,Provo_ID2,4,1078535,1258031,1,applied_drift,1741718327362,-9.492361545562744,-18.975850765203447
1,1,block_2,2,Provo_ID2,4,1078535,1258031,1,applied_drift,1741718327389,-9.492361545562744,-18.975850765203447
1,1,block_2,2,Provo_ID2,4,1078535,1258031,1,applied_drift,1741718327430,-9.492361545562744,-18.975850765203447
1,1,block_2,2,Provo_ID2,4,1078535,1258031,1,applied_drift,1741718327475,-9.492361545562744,-18.975850765203447
1,1,block_2,2,Provo_ID2,4,1078535,1258031,1,applied_drift,1741718327491,-9.492361545562744,-18.975850765203447
1,1,block_2,2,Provo_ID2,4,1078535,1258031,1,applied_drift,1741718327522,-9.492361545562744,-18.975850765203447
1,1,block_2,2,Provo_ID2,4,1078535,1258031,1,applied_drift,1741718327558,-9.492361545562744,-18.975850765203447
1,1,block_2,2,Provo_ID2,4,1078535,1258031,1,applied_drift,1741718327595,-9.492361545562744,-18.975850765203447
1,1,block_2,2,Provo_ID2,4,1078535,1258031,1,applied_drift,1741718327625,-9.492361545562744,-18.975850765203447
1,1,block_2,2,Provo_ID2,4,1078535,1258031,1,applied_drift,1741718327656,-9.492361545562744,-18.975850765203447
1,1,block_2,2,Provo_ID2,4,1078535,1258031,1,applied_drift,1741718327686,-9.492361545562744,-18.975850765203447
1,1,block_2,2,Provo_ID2,4,1078535,1258031,1,applied_drift,1741718327722,-9.492361545562744,-18.975850765203447
1,1,block_2,2,Provo_ID2,4,1078535,1258031,1,applied_drift,1741718327762,-9.492361545562744,-18.975850765203447
1,1,block_2,2,Provo_ID2,4,1078535,1258031,1,applied_drift,1741718327798,-9.492361545562744,-18.975850765203447
1,1,block_2,2,Provo_ID2,4,1078535,1258031,1,applied_drift,1741718327829,-9.492361545562744,-18.975850765203447
1,1,block_2,2,Provo_ID2,4,1078535,1258031,1,applied_drift,1741718327869,-9.492361545562744,-18.975850765203447
1,1,block_2,2,Provo_ID2,4,1078535,1258031,1,applied_drift,1741718327898,-9.492361545562744,-18.975850765203447
1,1,block_2,2,Provo_ID2,4,1078535,1258031,1,applied_drift,1741718327932,-9.492361545562744,-18.975850765203447
1,1,block_2,2,Provo_ID2,4,1078535,1258031,1,applied_drift,1741718327962,-9.492361545562744,-18.975850765203447
1,1,block_2,2,Provo_ID2,4,1078535,1258031,1,applied_drift,1741718327993,-9.492361545562744,-18.975850765203447
1,1,block_2,2,Provo_ID2,4,1078535,1258031,1,applied_drift,1741718328030,-9.492361545562744,-18.975850765203447
1,1,block_2,2,Provo_ID2,4,1078535,1258031,1,applied_drift,1741718328073,-9.492361545562744,-18.975850765203447
1,1,block_2,2,Provo_ID2,4,1078535,1258031,1,applied_drift,1741718328092,-9.492361545562744,-18.975850765203447
1,1,block_2,2,Provo_ID2,4,1078535,1258031,1,applied_drift,1741718328123,-9.492361545562744,-18.975850765203447
1,1,block_2,2,Provo_ID2,4,1078535,1258031,1,applied_drift,1741718328161,-9.492361545562744,-18.975850765203447
1,1,block_2,2,Provo_ID2,4,1078535,1258031,1,applied_drift,1741718328194,-9.492361545562744,-18.975850765203447
1,1,block_2,2,Provo_ID2,4,1078535,1258031,1,applied_drift,1741718328233,-9.492361545562744,-18.975850765203447
1,1,block_2,2,Provo_ID2,4,1078535,1258031,1,applied_drift,1741718328265,-9.492361545562744,-18.975850765203447
1,1,block_2,2,Provo_ID2,4,1078535,1258031,1,applied_drift,1741718328293,-9.492361545562744,-18.975850765203447
1,1,block_2,2,Provo_ID2,4,1078535,1258031,1,applied_drift,1741718328327,-9.492361545562744,-18.975850765203447
1,1,block_2,2,Provo_ID2,4,1078535,1258031,1,applied_drift,1741718328364,-9.492361545562744,-18.975850765203447
1,1,block_2,2,Provo_ID2,4,1078535,1258031,1,applied_drift,1741718328394,-9.492361545562744,-18.975850765203447
1,1,block_2,2,Provo_ID2,4,1078535,1258031,1,applied_drift,1741718328421,-9.492361545562744,-18.975850765203447
1,1,block_2,2,Provo_ID2,4,1078535,1258031,1,applied_drift,1741718328457,-9.492361545562744,-18.975850765203447
1,1,block_2,2,Provo_ID2,4,1078535,1258031,1,applied_drift,1741718328495,-9.492361545562744,-18.975850765203447
1,1,block_2,2,Provo_ID2,4,1078535,1258031,1,applied_drift,1741718328530,-9.492361545562744,-18.975850765203447
1,1,block_2,2,Provo_ID2,4,1078535,1258031,1,applied_drift,1741718328555,-9.492361545562744,-18.975850765203447
1,1,block_2,2,Provo_ID2,4,1078535,1258031,1,applied_drift,1741718328594,-9.492361545562744,-18.975850765203447
1,1,block_2,2,Provo_ID2,4,1078535,1258031,1,applied_drift,1741718328632,-9.492361545562744,-18.975850765203447
1,1,block_2,2,Provo_ID2,4,1078535,1258031,1,applied_drift,1741718328665,-9.492361545562744,-18.975850765203447
1,1,block_2,2,Provo_ID2,4,1078535,1258031,1,applied_drift,1741718328685,-9.492361545562744,-18.975850765203447
1,1,block_2,2,Provo_ID2,4,1078535,1258031,1,applied_drift,1741718328730,-9.492361545562744,-18.975850765203447
1,1,block_2,2,Provo_ID2,4,1078535,1258031,1,applied_drift,1741718328769,-9.492361545562744,-18.975850765203447
1,1,block_2,2,Provo_ID2,4,1078535,1258031,1,applied_drift,1741718328818,-9.492361545562744,-18.975850765203447
1,1,block_2,2,Provo_ID2,4,1078535,1258031,1,applied_drift,1741718328836,-9.492361545562744,-18.975850765203447
1,1,block_2,2,Provo_ID2,4,1078535,1258031,1,applied_drift,1741718328876,-9.492361545562744,-18.975850765203447
1,1,block_2,2,Provo_ID2,4,1078535,1258031,1,applied_drift,1741718328913,-9.492361545562744,-18.975850765203447
1,1,block_2,2,Provo_ID2,4,1078535,1258031,1,applied_drift,1741718328938,-9.492361545562744,-18.975850765203447
1,1,block_2,2,Provo_ID2,4,1078535,1258031,1,applied_drift,1741718328972,-9.492361545562744,-18.975850765203447
1,1,block_2,2,Provo_ID2,4,1078535,1258031,1,applied_drift,1741718329015,-9.492361545562744,-18.975850765203447
1,1,block_2,2,Provo_ID2,4,1078535,1258031,1,applied_drift,1741718329037,-9.492361545562744,-18.975850765203447
1,1,block_2,2,Provo_ID2,4,1078535,1258031,1,applied_drift,1741718329077,-9.492361545562744,-18.975850765203447
1,1,block_2,2,Provo_ID2,4,1078535,1258031,1,applied_drift,1741718329117,-9.492361545562744,-18.975850765203447
1,1,block_2,2,Provo_ID2,4,1078535,1258031,1,applied_drift,1741718329144,-9.492361545562744,-18.975850765203447
1,1,block_2,2,Provo_ID2,4,1078535,1258031,1,applied_drift,1741718329175,-9.492361545562744,-18.975850765203447
1,1,block_2,2,Provo_ID2,4,1078535,1258031,1,applied_drift,1741718329214,-9.492361545562744,-18.975850765203447
1,1,block_2,2,Provo_ID2,4,1078535,1258031,1,applied_drift,1741718329247,-9.492361545562744,-18.975850765203447
1,1,block_2,2,Provo_ID2,4,1078535,1258031,1,applied_drift,1741718329274,-9.492361545562744,-18.975850765203447
1,1,block_2,2,Provo_ID2,4,1078535,1258031,1,applied_drift,1741718329304,-9.492361545562744,-18.975850765203447
1,1,block_2,2,Provo_ID2,4,1078535,1258031,1,applied_drift,1741718329336,-9.492361545562744,-18.975850765203447
1,1,block_2,2,Provo_ID2,4,1078535,1258031,1,applied_drift,1741718329375,-9.492361545562744,-18.975850765203447
1,1,block_2,2,Provo_ID2,4,1078535,1258031,1,applied_drift,1741718329420,-9.492361545562744,-18.975850765203447
1,1,block_2,2,Provo_ID2,4,1078535,1258031,1,applied_drift,1741718329439,-9.492361545562744,-18.975850765203447
1,1,block_2,2,Provo_ID2,4,1078535,1258031,1,applied_drift,1741718329488,-9.492361545562744,-18.975850765203447
1,1,block_2,2,Provo_ID2,4,1078535,1258031,1,applied_drift,1741718329523,-9.492361545562744,-18.975850765203447
1,1,block_2,2,Provo_ID2,4,1078535,1258031,1,applied_drift,1741718329542,-9.492361545562744,-18.975850765203447
1,1,block_2,2,Provo_ID2,4,1078535,1258031,1,applied_drift,1741718329577,-9.492361545562744,-18.975850765203447
1,1,block_2,2,Provo_ID2,4,1078535,1258031,1,applied_drift,1741718329613,-9.492361545562744,-18.975850765203447
1,1,block_2,2,Provo_ID2,4,1078535,1258031,1,applied_drift,1741718329663,-9.492361545562744,-18.975850765203447
1,1,block_2,2,Provo_ID2,4,1078535,1258031,1,applied_drift,1741718329684,-9.492361545562744,-18.975850765203447
1,1,block_2,2,Provo_ID2,4,1078535,1258031,1,applied_drift,1741718329719,-9.492361545562744,-18.975850765203447
1,1,block_2,2,Provo_ID2,4,1078535,1258031,1,applied_drift,1741718329760,-9.492361545562744,-18.975850765203447
1,1,block_2,2,Provo_ID2,4,1078535,1258031,1,applied_drift,1741718329774,-9.492361545562744,-18.975850765203447
1,1,block_2,2,Provo_ID2,4,1078535,1258031,1,applied_drift,1741718329813,-9.492361545562744,-18.975850765203447
1,1,block_2,2,Provo_ID2,4,1078535,1258031,1,applied_drift,1741718329857,-9.492361545562744,-18.975850765203447
1,1,block_2,2,Provo_ID2,4,1078535,1258031,1,applied_drift,1741718329887,-9.492361545562744,-18.975850765203447
1,1,block_2,2,Provo_ID2,4,1078535,1258031,1,applied_drift,1741718329918,-9.492361545562744,-18.975850765203447
1,1,block_2,2,Provo_ID2,4,1078535,1258031,1,applied_drift,1741718329966,-9.492361545562744,-18.975850765203447
1,1,block_2,2,Provo_ID2,4,1078535,1258031,1,applied_drift,1741718329997,-9.492361545562744,-18.975850765203447
1,1,block_2,2,Provo_ID2,4,1078535,1258031,1,applied_drift,1741718330020,-9.492361545562744,-18.975850765203447
1,1,block_2,2,Provo_ID2,4,1078535,1258031,1,applied_drift,1741718330061,-9.492361545562744,-18.975850765203447
1,1,block_2,2,Provo_ID2,4,1078535,1258031,1,applied_drift,1741718330075,-9.492361545562744,-18.975850765203447
1,1,block_2,2,Provo_ID2,4,1078535,1258031,1,applied_drift,1741718330116,-9.492361545562744,-18.975850765203447
1,1,block_2,2,Provo_ID2,4,1078535,1258031,1,applied_drift,1741718330161,-9.492361545562744,-18.975850765203447
1,1,block_2,2,Provo_ID2,4,1078535,1258031,1,applied_drift,1741718330185,-9.492361545562744,-18.975850765203447
1,1,block_2,2,Provo_ID2,4,1078535,1258031,1,applied_drift,1741718330216,-9.492361545562744,-18.975850765203447
1,1,block_2,2,Provo_ID2,4,1078535,1258031,1,applied_drift,1741718330254,-9.492361545562744,-18.975850765203447
1,1,block_2,2,Provo_ID2,4,1078535,1258031,1,applied_drift,1741718330298,-9.492361545562744,-18.975850765203447
1,1,block_2,2,Provo_ID2,4,1078535,1258031,1,applied_drift,1741718330319,-9.492361545562744,-18.975850765203447
1,1,block_2,2,Provo_ID2,4,1078535,1258031,1,applied_drift,1741718330357,-9.492361545562744,-18.975850765203447
1,1,block_2,2,Provo_ID2,4,1078535,1258031,1,applied_drift,1741718330390,-9.492361545562744,-18.975850765203447
1,1,block_2,2,Provo_ID2,4,1078535,1258031,1,applied_drift,1741718330419,-9.492361545562744,-18.975850765203447
1,1,block_2,2,Provo_ID2,4,1078535,1258031,1,applied_drift,1741718330453,-9.492361545562744,-18.975850765203447
1,1,block_2,2,Provo_ID2,4,1078535,1258031,1,applied_drift,1741718330495,-9.492361545562744,-18.975850765203447
1,1,block_2,2,Provo_ID2,4,1078535,1258031,1,applied_drift,1741718330507,-9.492361545562744,-18.975850765203447
1,1,block_2,2,Provo_ID2,4,1078535,1258031,1,applied_drift,1741718330550,-9.492361545562744,-18.975850765203447
1,1,block_2,2,Provo_ID2,4,1078535,1258031,1,applied_drift,1741718330583,-9.492361545562744,-18.975850765203447
1,1,block_2,2,Provo_ID2,4,1078535,1258031,1,applied_drift,1741718330613,-9.492361545562744,-18.975850765203447
1,1,block_2,2,Provo_ID2,4,1078535,1258031,1,applied_drift,1741718330652,-9.492361545562744,-18.975850765203447
1,1,block_2,2,Provo_ID2,4,1078535,1258031,1,applied_drift,1741718330685,-9.492361545562744,-18.975850765203447
1,1,block_2,2,Provo_ID2,4,1078535,1258031,1,applied_drift,1741718330709,-9.492361545562744,-18.975850765203447
1,1,block_2,2,Provo_ID2,4,1078535,1258031,1,applied_drift,1741718330758,-9.492361545562744,-18.975850765203447
1,1,block_2,2,Provo_ID2,4,1078535,1258031,1,applied_drift,1741718330794,-9.492361545562744,-18.975850765203447
1,1,block_2,2,Provo_ID2,4,1078535,1258031,1,applied_drift,1741718330811,-9.492361545562744,-18.975850765203447
1,1,block_2,2,Provo_ID2,4,1078535,1258031,1,applied_drift,1741718330853,-9.492361545562744,-18.975850765203447
1,1,block_2,2,Provo_ID2,4,1078535,1258031,1,applied_drift,1741718330887,-9.492361545562744,-18.975850765203447
1,1,block_2,2,Provo_ID2,4,1078535,1258031,1,applied_drift,1741718330912,-9.492361545562744,-18.975850765203447
1,1,block_2,2,Provo_ID2,4,1078535,1258031,1,applied_drift,1741718330959,-9.492361545562744,-18.975850765203447
1,1,block_2,2,Provo_ID2,4,1078535,1258031,1,applied_drift,1741718330986,-9.492361545562744,-18.975850765203447
1,1,block_2,2,Provo_ID2,4,1078535,1258031,1,applied_drift,1741718331011,-9.492361545562744,-18.975850765203447
1,1,block_2,2,Provo_ID2,4,1078535,1258031,1,applied_drift,1741718331058,-9.492361545562744,-18.975850765203447
1,1,block_2,2,Provo_ID2,4,1078535,1258031,1,applied_drift,1741718331095,-9.492361545562744,-18.975850765203447
1,1,block_2,2,Provo_ID2,4,1078535,1258031,1,applied_drift,1741718331112,-9.492361545562744,-18.975850765203447
1,1,block_2,2,Provo_ID2,4,1078535,1258031,1,applied_drift,1741718331152,-9.492361545562744,-18.975850765203447
1,1,block_2,2,Provo_ID2,4,1078535,1258031,1,applied_drift,1741718331190,-9.492361545562744,-18.975850765203447
1,1,block_2,2,Provo_ID2,4,1078535,1258031,1,applied_drift,1741718331212,-9.492361545562744,-18.975850765203447
1,1,block_2,2,Provo_ID2,4,1078535,1258031,1,applied_drift,1741718331254,-9.492361545562744,-18.975850765203447
1,1,block_2,2,Provo_ID2,4,1078535,1258031,1,applied_drift,1741718331295,-9.492361545562744,-18.975850765203447
1,1,block_2,2,Provo_ID2,4,1078535,1258031,1,applied_drift,1741718331322,-9.492361545562744,-18.975850765203447
1,1,block_2,2,Provo_ID2,4,1078535,1258031,1,applied_drift,1741718331351,-9.492361545562744,-18.975850765203447
1,1,block_2,2,Provo_ID2,4,1078535,1258031,1,applied_drift,1741718331384,-9.492361545562744,-18.975850765203447
1,1,block_2,2,Provo_ID2,4,1078535,1258031,1,applied_drift,1741718331417,-9.492361545562744,-18.975850765203447
1,1,block_2,2,Provo_ID2,4,1078535,1258031,1,applied_drift,1741718331452,-9.492361545562744,-18.975850765203447
1,1,block_2,2,Provo_ID2,4,1078535,1258031,1,applied_drift,1741718331494,-9.492361545562744,-18.975850765203447
1,1,block_2,2,Provo_ID2,4,1078535,1258031,1,applied_drift,1741718331520,-9.492361545562744,-18.975850765203447
1,1,block_2,2,Provo_ID2,4,1078535,1258031,1,applied_drift,1741718331541,-9.492361545562744,-18.975850765203447
1,1,block_2,2,Provo_ID2,4,1078535,1258031,1,applied_drift,1741718331587,-9.492361545562744,-18.975850765203447
1,1,block_2,2,Provo_ID2,4,1078535,1258031,1,applied_drift,1741718331626,-9.492361545562744,-18.975850765203447
1,1,block_2,2,Provo_ID2,4,1078535,1258031,1,applied_drift,1741718331658,-9.492361545562744,-18.975850765203447
1,1,block_2,2,Provo_ID2,4,1078535,1258031,1,applied_drift,1741718331683,-9.492361545562744,-18.975850765203447
1,1,block_2,2,Provo_ID2,4,1078535,1258031,1,applied_drift,1741718331720,-9.492361545562744,-18.975850765203447
1,1,block_2,2,Provo_ID2,4,1078535,1258031,1,applied_drift,1741718331761,-9.492361545562744,-18.975850765203447
1,1,block_2,2,Provo_ID2,4,1078535,1258031,1,applied_drift,1741718331788,-9.492361545562744,-18.975850765203447
1,1,block_2,2,Provo_ID2,4,1078535,1258031,1,applied_drift,1741718331820,-9.492361545562744,-18.975850765203447
1,1,block_2,2,Provo_ID2,4,1078535,1258031,1,applied_drift,1741718331854,-9.492361545562744,-18.975850765203447
1,1,block_2,2,Provo_ID2,4,1078535,1258031,1,applied_drift,1741718331893,-9.492361545562744,-18.975850765203447
1,1,block_2,2,Provo_ID2,4,1078535,1258031,1,applied_drift,1741718331922,-9.492361545562744,-18.975850765203447
1,1,block_2,2,Provo_ID2,4,1078535,1258031,1,applied_drift,1741718331948,-9.492361545562744,-18.975850765203447
1,1,block_2,2,Provo_ID2,4,1078535,1258031,1,applied_drift,1741718331982,-9.492361545562744,-18.975850765203447
1,1,block_2,2,Provo_ID2,4,1078535,1258031,1,applied_drift,1741718332014,-9.492361545562744,-18.975850765203447
1,1,block_2,2,Provo_ID2,4,1078535,1258031,1,applied_drift,1741718332049,-9.492361545562744,-18.975850765203447
1,1,block_2,2,Provo_ID2,4,1078535,1258031,1,applied_drift,1741718332074,-9.492361545562744,-18.975850765203447
1,1,block_2,2,Provo_ID2,4,1078535,1258031,1,applied_drift,1741718332107,-9.492361545562744,-18.975850765203447
1,1,block_2,2,Provo_ID2,4,1078535,1258031,1,applied_drift,1741718332157,-9.492361545562744,-18.975850765203447
1,1,block_2,2,Provo_ID2,4,1078535,1258031,1,applied_drift,1741718332192,-9.492361545562744,-18.975850765203447
1,1,block_2,2,Provo_ID2,4,1078535,1258031,1,error_trial,1741718285687,""
1,1,block_2,2,Provo_ID2,4,1078535,1258031,1,error_trial,1741718309122,45.68421425202232
1,1,block_2,2,Provo_ID2,4,1078535,1258031,1,error_trial_x,1741718285687,""
1,1,block_2,2,Provo_ID2,4,1078535,1258031,1,error_trial_x,1741718309122,37.405755187149765
1,1,block_2,2,Provo_ID2,4,1078535,1258031,1,error_trial_y,1741718285687,""
1,1,block_2,2,Provo_ID2,4,1078535,1258031,1,error_trial_y,1741718309122,17.639676505728037
1,1,block_2,2,Provo_ID2,4,1078535,1258031,1,error_calibration,1741718285687,""
1,1,block_2,2,Provo_ID2,4,1078535,1258031,1,error_calibration,1741718309122,626.9376609951194
1,1,block_2,2,Provo_ID2,4,1078535,1258031,1,error_calibration_x,1741718285687,""
1,1,block_2,2,Provo_ID2,4,1078535,1258031,1,error_calibration_x,1741718309122,523.9819177060738
1,1,block_2,2,Provo_ID2,4,1078535,1258031,1,error_calibration_y,1741718285687,""
1,1,block_2,2,Provo_ID2,4,1078535,1258031,1,error_calibration_y,1741718309122,303.8460886659436
1,1,block_2,2,Provo_ID2,4,1078535,1258031,1,gaze_conf,"",
1,1,block_2,2,Provo_ID12,1,1078535,1258031,1,gaze_data,1741718053588,
1,1,block_2,2,Provo_ID12,1,1078535,1258031,1,gaze_data,1741718077585,773.9855766296387,441.23804584759694,1741718077536.3,0.735211553168615
1,1,block_2,2,Provo_ID12,1,1078535,1258031,1,gaze_data,1741718077611,772.4810123443604,429.66656467661164,1741718077570,0.5877005075179746
1,1,block_2,2,Provo_ID12,1,1078535,1258031,1,gaze_data,1741718077638,764.674186706543,442.80178045243866,1741718077600.5,0.7113321262256603
1,1,block_2,2,Provo_ID12,1,1078535,1258031,1,gaze_data,1741718077666,758.7576389312744,431.17319301514203,1741718077632.6,0.7211867209387239
1,1,block_2,2,Provo_ID12,1,1078535,1258031,1,gaze_data,1741718077702,771.4431285858154,435.76037226943805,1741718077664.4001,0.8117938937993319
1,1,block_2,2,Provo_ID12,1,1078535,1258031,1,gaze_data,1741718077728,770.9136486053467,432.76355933729326,1741718077696.5,0.65876005933291
1,1,block_2,2,Provo_ID12,1,1078535,1258031,1,gaze_data,1741718077758,767.7058696746826,442.66543440084394,1741718077728.1,0.6736714622186819
1,1,block_2,2,Provo_ID12,1,1078535,1258031,1,gaze_data,1741718077796,760.7624053955078,433.1021157883253,1741718077760.2002,0.612284922422292
1,1,block_2,2,Provo_ID12,1,1078535,1258031,1,gaze_data,1741718077843,673.0880260467529,433.36018129956955,1741718077808.5,0.630212986998286
1,1,block_2,2,Provo_ID12,1,1078535,1258031,1,gaze_data,1741718077875,485.00738739967346,306.6100155712467,1741718077840.4001,0.3710332587440528
1,1,block_2,2,Provo_ID12,1,1078535,1258031,1,gaze_data,1741718077906,185.47496795654297,206.7082738152295,1741718077873.7002,0
1,1,block_2,2,Provo_ID12,1,1078535,1258031,1,gaze_data,1741718077931,157.55267143249512,164.97459659866036,1741718077903.5,0
1,1,block_2,2,Provo_ID12,1,1078535,1258031,1,gaze_data,1741718077971,181.78167343139648,114.99183803732122,1741718077936.7002,0
1,1,block_2,2,Provo_ID12,1,1078535,1258031,1,gaze_data,1741718078006,76.66168212890625,124.05271385341818,1741718077967.6,0.07892169918109312
1,1,block_2,2,Provo_ID12,1,1078535,1258031,1,gaze_data,1741718078032,69.30437088012695,97.59279197312229,1741718078000.6,0.6239078021688775
1,1,block_2,2,Provo_ID12,1,1078535,1258031,1,gaze_data,1741718078069,27.365636825561523,56.43076203650352,1741718078032.7002,1
1,1,block_2,2,Provo_ID12,1,1078535,1258031,1,gaze_data,1741718078102,39.16349411010742,33.27305394501593,1741718078064.4001,1
1,1,block_2,2,Provo_ID12,1,1078535,1258031,1,gaze_data,1741718078133,34.745121002197266,49.70762372792672,1741718078096.1,1
1,1,block_2,2,Provo_ID12,1,1078535,1258031,1,gaze_data,1741718078167,31.97770118713379,44.85969791701972,1741718078128.2002,1
1,1,block_2,2,Provo_ID12,1,1078535,1258031,1,gaze_data,1741718078207,7.959127426147461,58.39117219804942,1741718078175.9001,1
1,1,block_2,2,Provo_ID12,1,1078535,1258031,1,gaze_data,1741718078235,21.24934196472168,45.486019904080806,1741718078209.9001,1
1,1,block_2,2,Provo_ID12,1,1078535,1258031,1,gaze_data,1741718078277,11.011314392089844,72.41658440380965,1741718078240.8,1
1,1,block_2,2,Provo_ID12,1,1078535,1258031,1,gaze_data,1741718078305,13.156652450561523,66.49064004033352,1741718078272,1
1,1,block_2,2,Provo_ID12,1,1078535,1258031,1,gaze_data,1741718078340,22.156858444213867,53.57249957103274,1741718078304.4001,1
1,1,block_2,2,Provo_ID12,1,1078535,1258031,1,gaze_data,1741718078369,141.48001670837402,85.96602168879643,1741718078336.3,1
1,1,block_2,2,Provo_ID12,1,1078535,1258031,1,gaze_data,1741718078404,117.47989654541016,65.55608720427739,1741718078367.9001,1
1,1,block_2,2,Provo_ID12,1,1078535,1258031,1,gaze_data,1741718078430,111.11507415771484,61.417178735298606,1741718078400.1,1
1,1,block_2,2,Provo_ID12,1,1078535,1258031,1,gaze_data,1741718078471,114.92424011230469,58.22307065355545,1741718078432.9001,1
1,1,block_2,2,Provo_ID12,1,1078535,1258031,1,gaze_data,1741718078503,119.84524726867676,63.41172754118086,1741718078465.5,1
1,1,block_2,2,Provo_ID12,1,1078535,1258031,1,gaze_data,1741718078546,121.1888313293457,78.08553567418825,1741718078512.2002,1
1,1,block_2,2,Provo_ID12,1,1078535,1258031,1,gaze_data,1741718078572,275.3312826156616,84.61304703917266,1741718078545.4001,1
1,1,block_2,2,Provo_ID12,1,1078535,1258031,1,gaze_data,1741718078603,276.4071464538574,74.66195989844597,1741718078575.7002,1
1,1,block_2,2,Provo_ID12,1,1078535,1258031,1,gaze_data,1741718078639,282.6541066169739,83.9679279451515,1741718078608.2002,1
1,1,block_2,2,Provo_ID12,1,1078535,1258031,1,gaze_data,1741718078673,282.7123165130615,76.86160867488307,1741718078640.2002,1
1,1,block_2,2,Provo_ID12,1,1078535,1258031,1,gaze_data,1741718078702,275.1397371292114,91.64191388773556,1741718078672.2002,1
1,1,block_2,2,Provo_ID12,1,1078535,1258031,1,gaze_data,1741718078736,290.2630090713501,84.72585947032606,1741718078704.6,1
1,1,block_2,2,Provo_ID12,1,1078535,1258031,1,gaze_data,1741718078768,343.3185398578644,77.79306341407097,1741718078736.8,1
1,1,block_2,2,Provo_ID12,1,1078535,1258031,1,gaze_data,1741718078807,452.3352026939392,78.95026217313755,1741718078768.6,1
1,1,block_2,2,Provo_ID12,1,1078535,1258031,1,gaze_data,1741718078836,472.66900539398193,87.4001724342462,1741718078802.9001,1
1,1,block_2,2,Provo_ID12,1,1078535,1258031,1,gaze_data,1741718078867,472.74436950683594,82.21827773882355,1741718078832.2002,1
1,1,block_2,2,Provo_ID12,1,1078535,1258031,1,gaze_data,1741718078910,472.94135093688965,73.13832181653335,1741718078880.4001,1
1,1,block_2,2,Provo_ID12,1,1078535,1258031,1,gaze_data,1741718078934,470.65253257751465,75.56273156288131,1741718078913,1
1,1,block_2,2,Provo_ID12,1,1078535,1258031,1,gaze_data,1741718078980,479.854416847229,84.44563065071685,1741718078945,1
1,1,block_2,2,Provo_ID12,1,1078535,1258031,1,gaze_data,1741718079006,491.0683751106262,75.42948360815483,1741718078979.9001,1
1,1,block_2,2,Provo_ID12,1,1078535,1258031,1,gaze_data,1741718079038,444.7871118783951,78.90119904292638,1741718079008,1
1,1,block_2,2,Provo_ID12,1,1078535,1258031,1,gaze_data,1741718079068,156.18433952331543,119.68015972807713,1741718079040.4001,1
1,1,block_2,2,Provo_ID12,1,1078535,1258031,1,gaze_data,1741718079102,31.03618621826172,168.21858701892117,1741718079072.3,1
1,1,block_2,2,Provo_ID12,1,1078535,1258031,1,gaze_data,1741718079142,25.339269638061523,155.4082767048006,1741718079104,1
1,1,block_2,2,Provo_ID12,1,1078535,1258031,1,gaze_data,1741718079169,28.8053035736084,168.38929513529945,1741718079136.8,1
1,1,block_2,2,Provo_ID12,1,1078535,1258031,1,gaze_data,1741718079196,24.062156677246094,181.6251543752542,1741718079168.1,1
1,1,block_2,2,Provo_ID12,1,1078535,1258031,1,gaze_data,1741718079237,41.792964935302734,200.41211059967503,1741718079216.5,1
1,1,block_2,2,Provo_ID12,1,1078535,1258031,1,gaze_data,1741718079270,52.1273136138916,190.82056653732332,1741718079250.4001,1
1,1,block_2,2,Provo_ID12,1,1078535,1258031,1,gaze_data,1741718079300,29.45084571838379,207.25832378528122,1741718079279.9001,1
1,1,block_2,2,Provo_ID12,1,1078535,1258031,1,gaze_data,1741718079338,45.613765716552734,184.68291268172854,1741718079312,1
1,1,block_2,2,Provo_ID12,1,1078535,1258031,1,gaze_data,1741718079378,29.511022567749023,224.88328702020542,1741718079343.8,1
1,1,block_2,2,Provo_ID12,1,1078535,1258031,1,gaze_data,1741718079409,27.17127799987793,227.42272292197137,1741718079377.1,1
1,1,block_2,2,Provo_ID12,1,1078535,1258031,1,gaze_data,1741718079431,32.91573524475098,190.52223321414044,1741718079408.5,1
1,1,block_2,2,Provo_ID12,1,1078535,1258031,1,gaze_data,1741718079480,74.99017715454102,197.69197782570265,1741718079440.2002,1
1,1,block_2,2,Provo_ID12,1,1078535,1258031,1,gaze_data,1741718079511,68.53690147399902,196.32678580128965,1741718079474.6,1
1,1,block_2,2,Provo_ID12,1,1078535,1258031,1,gaze_data,1741718079534,63.53740692138672,186.86930890197092,1741718079505.1,1
1,1,block_2,2,Provo_ID12,1,1078535,1258031,1,gaze_data,1741718079563,76.42717361450195,178.54206763741252,1741718079535.6,1
1,1,block_2,2,Provo_ID12,1,1078535,1258031,1,gaze_data,1741718079606,77.98738479614258,189.0249624686748,1741718079584.9001,1
1,1,block_2,2,Provo_ID12,1,1078535,1258031,1,gaze_data,1741718079631,54.72908020019531,198.43398692033813,1741718079616.1,1
1,1,block_2,2,Provo_ID12,1,1078535,1258031,1,gaze_data,1741718079676,75.97942352294922,191.35061665367408,1741718079648.3,1
1,1,block_2,2,Provo_ID12,1,1078535,1258031,1,gaze_data,1741718079701,82.84978866577148,174.6887314604058,1741718079681.3,1
1,1,block_2,2,Provo_ID12,1,1078535,1258031,1,gaze_data,1741718079745,68.16015243530273,185.69103787105666,1741718079712.5,1
1,1,block_2,2,Provo_ID12,1,1078535,1258031,1,gaze_data,1741718079769,73.72579574584961,187.94568903792705,1741718079744,1
1,1,block_2,2,Provo_ID12,1,1078535,1258031,1,gaze_data,1741718079802,96.48542404174805,179.11527513681938,1741718079776.3,1
1,1,block_2,2,Provo_ID12,1,1078535,1258031,1,gaze_data,1741718079843,75.0096321105957,186.61780822820106,1741718079808.2002,1
1,1,block_2,2,Provo_ID12,1,1078535,1258031,1,gaze_data,1741718079867,83.60466957092285,184.71134665731236,1741718079840.5,1
1,1,block_2,2,Provo_ID12,1,1078535,1258031,1,gaze_data,1741718079904,105.88178634643555,162.70283514920646,1741718079871.9001,1
1,1,block_2,2,Provo_ID12,1,1078535,1258031,1,gaze_data,1741718079956,204.69504594802856,151.0541845557488,1741718079923.1,1
1,1,block_2,2,Provo_ID12,1,1078535,1258031,1,gaze_data,1741718079983,277.95069217681885,182.0293852667488,1741718079952,1
1,1,block_2,2,Provo_ID12,1,1078535,1258031,1,gaze_data,1741718080021,291.059672832489,161.75850394491002,1741718079984.3,1
1,1,block_2,2,Provo_ID12,1,1078535,1258031,1,gaze_data,1741718080052,291.9270634651184,158.88551807196694,1741718080016.3,1
1,1,block_2,2,Provo_ID12,1,1078535,1258031,1,gaze_data,1741718080079,303.0359983444214,175.47318299266624,1741718080048.4001,1
1,1,block_2,2,Provo_ID12,1,1078535,1258031,1,gaze_data,1741718080116,381.7549765110016,159.87564302059678,1741718080080.3,1
1,1,block_2,2,Provo_ID12,1,1078535,1258031,1,gaze_data,1741718080153,425.28703808784485,168.1140634863599,1741718080112.1,1
1,1,block_2,2,Provo_ID12,1,1078535,1258031,1,gaze_data,1741718080179,417.00190007686615,174.2535382185996,1741718080144.7002,1
1,1,block_2,2,Provo_ID12,1,1078535,1258031,1,gaze_data,1741718080220,443.35628151893616,181.6045512863457,1741718080176.4001,1
1,1,block_2,2,Provo_ID12,1,1078535,1258031,1,gaze_data,1741718080248,447.63572812080383,176.37620375627034,1741718080208.5,1
1,1,block_2,2,Provo_ID12,1,1078535,1258031,1,gaze_data,1741718080277,423.3507961034775,172.40238065574795,1741718080241.5,1
1,1,block_2,2,Provo_ID12,1,1078535,1258031,1,gaze_data,1741718080314,444.6538746356964,174.1606772333836,1741718080288.3,1
1,1,block_2,2,Provo_ID12,1,1078535,1258031,1,gaze_data,1741718080348,436.0178977251053,178.26607635895238,1741718080320.5,1
1,1,block_2,2,Provo_ID12,1,1078535,1258031,1,gaze_data,1741718080377,376.9379138946533,196.72029623499145,1741718080353,1
1,1,block_2,2,Provo_ID12,1,1078535,1258031,1,gaze_data,1741718080417,380.2845746278763,195.02062145903415,1741718080384.3,1
1,1,block_2,2,Provo_ID12,1,1078535,1258031,1,gaze_data,1741718080449,361.4867329597473,203.44536713043675,1741718080417.3,1
1,1,block_2,2,Provo_ID12,1,1078535,1258031,1,gaze_data,1741718080483,375.3689110279083,186.07439384543198,1741718080448.8,1
1,1,block_2,2,Provo_ID12,1,1078535,1258031,1,gaze_data,1741718080510,345.6027925014496,191.9600182655318,1741718080481.2002,0.9907885664249676
1,1,block_2,2,Provo_ID12,1,1078535,1258031,1,gaze_data,1741718080556,366.08996391296387,199.06276280864458,1741718080512.3,1
1,1,block_2,2,Provo_ID12,1,1078535,1258031,1,gaze_data,1741718080584,366.05116724967957,180.7194190532163,1741718080547.5,0.984329976781269
1,1,block_2,2,Provo_ID12,1,1078535,1258031,1,gaze_data,1741718080615,342.44093894958496,188.50090002030976,1741718080576.6,1
1,1,block_2,2,Provo_ID12,1,1078535,1258031,1,gaze_data,1741718080648,359.59672927856445,180.8842698302031,1741718080608.9001,1
1,1,block_2,2,Provo_ID12,1,1078535,1258031,1,gaze_data,1741718080681,356.9086968898773,188.43151680042325,1741718080657.3,1
1,1,block_2,2,Provo_ID12,1,1078535,1258031,1,gaze_data,1741718080719,429.63666915893555,121.02323685188873,1741718080690.3,1
1,1,block_2,2,Provo_ID12,1,1078535,1258031,1,gaze_data,1741718080748,431.7382484674454,75.12169960005423,1741718080720.2002,1
1,1,block_2,2,Provo_ID12,1,1078535,1258031,1,gaze_data,1741718080778,454.2343735694885,74.42087434119102,1741718080752.4001,0.9837565453001824
1,1,block_2,2,Provo_ID12,1,1078535,1258031,1,gaze_data,1741718080811,447.4748730659485,87.54798740213191,1741718080785.8,1
1,1,block_2,2,Provo_ID12,1,1078535,1258031,1,gaze_data,1741718080845,453.73714566230774,76.64876346215767,1741718080816.6,0.9955633029140625
1,1,block_2,2,Provo_ID12,1,1078535,1258031,1,gaze_data,1741718080888,459.88473892211914,81.890773152581,1741718080848.9001,0.9608771076281952
1,1,block_2,2,Provo_ID12,1,1078535,1258031,1,gaze_data,1741718080918,438.13204169273376,82.11401486345072,1741718080882.3,1
1,1,block_2,2,Provo_ID12,1,1078535,1258031,1,gaze_data,1741718080943,448.28999042510986,80.25110538507491,1741718080912.2002,1
1,1,block_2,2,Provo_ID12,1,1078535,1258031,1,gaze_data,1741718080989,445.4554319381714,96.11803828506304,1741718080944.8,1
1,1,block_2,2,Provo_ID12,1,1078535,1258031,1,gaze_data,1741718081025,225.715434551239,96.5290723291757,1741718080993.9001,1
1,1,block_2,2,Provo_ID12,1,1078535,1258031,1,gaze_data,1741718081051,132.94219970703125,92.2213771596648,1741718081026.8,1
1,1,block_2,2,Provo_ID12,1,1078535,1258031,1,gaze_data,1741718081089,123.27890396118164,72.42149965364865,1741718081057.3,1
1,1,block_2,2,Provo_ID12,1,1078535,1258031,1,gaze_data,1741718081120,107.84740447998047,66.6787302675061,1741718081088.1,1
1,1,block_2,2,Provo_ID12,1,1078535,1258031,1,gaze_data,1741718081153,104.1630744934082,64.11005049103511,1741718081121.5,1
1,1,block_2,2,Provo_ID12,1,1078535,1258031,1,gaze_data,1741718081182,85.48836708068848,82.54033086615374,1741718081152.3,0.9983076598371459
1,1,block_2,2,Provo_ID12,1,1078535,1258031,1,gaze_data,1741718081211,52.184295654296875,112.19478532704252,1741718081183.9001,1
1,1,block_2,2,Provo_ID12,1,1078535,1258031,1,gaze_data,1741718081252,39.27488327026367,126.81547152504746,1741718081216.3,1
1,1,block_2,2,Provo_ID12,1,1078535,1258031,1,gaze_data,1741718081281,39.46533203125,122.72681031465014,1741718081248.3,1
1,1,block_2,2,Provo_ID12,1,1078535,1258031,1,gaze_data,1741718081320,37.0051383972168,131.42884310310677,1741718081280.8,1
1,1,block_2,2,Provo_ID12,1,1078535,1258031,1,gaze_data,1741718081353,43.08505058288574,120.11435502521904,1741718081313.3,1
1,1,block_2,2,Provo_ID12,1,1078535,1258031,1,gaze_data,1741718081391,37.987470626831055,134.8215570677387,1741718081360,1
1,1,block_2,2,Provo_ID12,1,1078535,1258031,1,gaze_data,1741718081427,31.08210563659668,128.1986004876987,1741718081392.8,1
1,1,block_2,2,Provo_ID12,1,1078535,1258031,1,gaze_data,1741718081452,37.93501853942871,154.64653958467497,1741718081426.3,1
1,1,block_2,2,Provo_ID12,1,1078535,1258031,1,gaze_data,1741718081491,15.475177764892578,224.27540839106297,1741718081456.1,1
1,1,block_2,2,Provo_ID12,1,1078535,1258031,1,gaze_data,1741718081517,37.244510650634766,226.54395817158797,1741718081489,1
1,1,block_2,2,Provo_ID12,1,1078535,1258031,1,gaze_data,1741718081551,25.211095809936523,223.3493734595574,1741718081521.1,1
1,1,block_2,2,Provo_ID12,1,1078535,1258031,1,gaze_data,1741718081587,24.233198165893555,210.4813015124803,1741718081552.4001,1
1,1,block_2,2,Provo_ID12,1,1078535,1258031,1,gaze_data,1741718081615,36.635398864746094,208.53087824492547,1741718081584,1
1,1,block_2,2,Provo_ID12,1,1078535,1258031,1,gaze_data,1741718081649,35.15958786010742,211.67728792302262,1741718081615.8,1
1,1,block_2,2,Provo_ID12,1,1078535,1258031,1,gaze_data,1741718081684,41.211652755737305,209.53597794903075,1741718081648.4001,1
1,1,block_2,2,Provo_ID12,1,1078535,1258031,1,gaze_data,1741718081722,133.99715423583984,152.7757359171638,1741718081697.7002,1
1,1,block_2,2,Provo_ID12,1,1078535,1258031,1,gaze_data,1741718081755,239.75802659988403,184.22651683948044,1741718081729.2002,1
1,1,block_2,2,Provo_ID12,1,1078535,1258031,1,gaze_data,1741718081787,238.1712555885315,167.38110291983713,1741718081761.7002,1
1,1,block_2,2,Provo_ID12,1,1078535,1258031,1,gaze_data,1741718081822,253.08854579925537,165.14294390564626,1741718081792.5,1
1,1,block_2,2,Provo_ID12,1,1078535,1258031,1,gaze_data,1741718081861,244.5090889930725,155.0167472657309,1741718081825.7002,1
1,1,block_2,2,Provo_ID12,1,1078535,1258031,1,gaze_data,1741718081889,232.95252323150635,158.06085085920554,1741718081856,1
1,1,block_2,2,Provo_ID12,1,1078535,1258031,1,gaze_data,1741718081918,250.0202775001526,155.71630647539317,1741718081888.5,1
1,1,block_2,2,Provo_ID12,1,1078535,1258031,1,gaze_data,1741718081953,298.4230160713196,132.64883045519252,1741718081920.6,1
1,1,block_2,2,Provo_ID12,1,1078535,1258031,1,gaze_data,1741718081979,301.23066902160645,119.23297625560305,1741718081952.9001,1
1,1,block_2,2,Provo_ID12,1,1078535,1258031,1,gaze_data,1741718082022,315.1194930076599,124.49027535196498,1741718081984.3,1
1,1,block_2,2,Provo_ID12,1,1078535,1258031,1,gaze_data,1741718082052,314.71688747406006,125.5525799997458,1741718082015.8,1
1,1,block_2,2,Provo_ID12,1,1078535,1258031,1,gaze_data,1741718082089,313.1374955177307,108.69853832716538,1741718082065.1,1
1,1,block_2,2,Provo_ID12,1,1078535,1258031,1,gaze_data,1741718082128,330.4436981678009,99.32147044680383,1741718082096.9001,1
1,1,block_2,2,Provo_ID12,1,1078535,1258031,1,gaze_data,1741718082162,418.97338926792145,109.21186914671527,1741718082133.3,1
1,1,block_2,2,Provo_ID12,1,1078535,1258031,1,gaze_data,1741718082189,425.2904772758484,105.36005595242382,1741718082161.4001,0.9817459595518763
1,1,block_2,2,Provo_ID12,1,1078535,1258031,1,gaze_data,1741718082217,451.2889862060547,114.3535332669405,1741718082192.5,1
1,1,block_2,2,Provo_ID12,1,1078535,1258031,1,gaze_data,1741718082248,476.0701537132263,121.18380167996288,1741718082225,1
1,1,block_2,2,Provo_ID12,1,1078535,1258031,1,gaze_data,1741718082289,545.0806140899658,211.33921368778917,1741718082256.8,0.9360686950433847
1,1,block_2,2,Provo_ID12,1,1078535,1258031,1,gaze_data,1741718082328,333.8774025440216,87.59323749004372,1741718082290.6,0.09581045061420916
1,1,block_2,2,Provo_ID12,1,1078535,1258031,1,gaze_data,1741718082357,153.16882133483887,153.19128305431042,1741718082321.9001,0
1,1,block_2,2,Provo_ID12,1,1078535,1258031,1,gaze_data,1741718082391,109.57412719726562,216.8866056165054,1741718082353.6,0
1,1,block_2,2,Provo_ID12,1,1078535,1258031,1,gaze_data,1741718082413,148.67992401123047,189.417836154102,1741718082401.1,0
1,1,block_2,2,Provo_ID12,1,1078535,1258031,1,gaze_data,1741718082452,132.5847625732422,184.52665986828586,1741718082433.5,0
1,1,block_2,2,Provo_ID12,1,1078535,1258031,1,gaze_data,1741718082489,82.29203224182129,195.26885274692626,1741718082464.2002,0.1028099793212031
1,1,block_2,2,Provo_ID12,1,1078535,1258031,1,gaze_data,1741718082522,85.07442474365234,165.65501612334344,1741718082497.2002,0.2504253843240341
1,1,block_2,2,Provo_ID12,1,1078535,1258031,1,gaze_data,1741718082557,70.13826370239258,169.5672422065652,1741718082529.2002,0.2560475271226247
1,1,block_2,2,Provo_ID12,1,1078535,1258031,1,gaze_data,1741718082591,45.54290771484375,182.1609612917952,1741718082561.9001,0.665124126939816
1,1,block_2,2,Provo_ID12,1,1078535,1258031,1,gaze_data,1741718082626,47.6285457611084,181.24366768528736,1741718082594.5,0.7838176563355632
1,1,block_2,2,Provo_ID12,1,1078535,1258031,1,gaze_data,1741718082657,35.26778221130371,179.93924229884612,1741718082626,0.7234118576299109
1,1,block_2,2,Provo_ID12,1,1078535,1258031,1,gaze_data,1741718082691,30.949115753173828,124.28118360275302,1741718082656.6,0.7995808593731765
1,1,block_2,2,Provo_ID12,1,1078535,1258031,1,gaze_data,1741718082724,34.46798324584961,98.44992217686585,1741718082689.2002,0.9758046981331967
1,1,block_2,2,Provo_ID12,1,1078535,1258031,1,gaze_data,1741718082762,44.225358963012695,110.78966434503585,1741718082721.6,0.9918078462833213
1,1,block_2,2,Provo_ID12,1,1078535,1258031,1,gaze_data,1741718082788,35.750389099121094,107.61548536718539,1741718082768.8,1
1,1,block_2,2,Provo_ID12,1,1078535,1258031,1,gaze_data,1741718082818,31.115055084228516,105.95222440045205,1741718082800.7002,1
1,1,block_2,2,Provo_ID12,1,1078535,1258031,1,gaze_data,1741718082850,56.60200119018555,75.66902011697566,1741718082832.8,1
1,1,block_2,2,Provo_ID12,1,1078535,1258031,1,gaze_data,1741718082882,265.43235778808594,110.47061994639498,1741718082865.1,1
1,1,block_2,2,Provo_ID12,1,1078535,1258031,1,gaze_data,1741718082926,281.14771842956543,104.13097538813594,1741718082897,1
1,1,block_2,2,Provo_ID12,1,1078535,1258031,1,gaze_data,1741718082956,289.5390748977661,107.34849793274853,1741718082928.4001,1
1,1,block_2,2,Provo_ID12,1,1078535,1258031,1,gaze_data,1741718082988,296.53546810150146,103.22202653533208,1741718082959.8,1
1,1,block_2,2,Provo_ID12,1,1078535,1258031,1,gaze_data,1741718083023,301.40559673309326,99.81665952603885,1741718082993.8,1
1,1,block_2,2,Provo_ID12,1,1078535,1258031,1,gaze_data,1741718083053,303.48838567733765,102.51440929487315,1741718083025.7002,1
1,1,block_2,2,Provo_ID12,1,1078535,1258031,1,gaze_data,1741718083094,308.4691643714905,101.93423107751279,1741718083057.3,1
1,1,block_2,2,Provo_ID12,1,1078535,1258031,1,gaze_data,1741718083138,361.98063492774963,94.74876883748814,1741718083107.4001,1
1,1,block_2,2,Provo_ID12,1,1078535,1258031,1,gaze_data,1741718083168,468.2499051094055,107.64862606685746,1741718083137,1
1,1,block_2,2,Provo_ID12,1,1078535,1258031,1,gaze_data,1741718083198,459.8822236061096,123.43868743830285,1741718083168.4001,0.9713630994182938
1,1,block_2,2,Provo_ID12,1,1078535,1258031,1,gaze_data,1741718083229,475.9580969810486,123.7673016794333,1741718083200.7002,1
1,1,block_2,2,Provo_ID12,1,1078535,1258031,1,gaze_data,1741718083271,313.9658451080322,160.4625312987222,1741718083233.2002,1
1,1,block_2,2,Provo_ID12,1,1078535,1258031,1,gaze_data,1741718083304,92.36154556274414,224.19561936384684,1741718083267.1,1
1,1,block_2,2,Provo_ID12,1,1078535,1258031,1,gaze_data,1741718083334,70.99347114562988,203.89441243997106,1741718083296.2002,0.98313729146532
1,1,block_2,2,Provo_ID12,1,1078535,1258031,1,gaze_data,1741718083364,88.93442153930664,208.26730541965708,1741718083328.2002,0.9983310123214286
1,1,block_2,2,Provo_ID12,1,1078535,1258031,1,gaze_data,1741718083402,94.8397159576416,215.18497591163487,1741718083360.9001,1
1,1,block_2,2,Provo_ID12,1,1078535,1258031,1,gaze_data,1741718083435,84.58423614501953,208.69111538967704,1741718083392.7002,1
1,1,block_2,2,Provo_ID12,1,1078535,1258031,1,gaze_data,1741718083469,87.55812644958496,208.75412554130637,1741718083425.2002,1
1,1,block_2,2,Provo_ID12,1,1078535,1258031,1,gaze_data,1741718083514,105.7748794555664,206.32338368711657,1741718083474.5,1
1,1,block_2,2,Provo_ID12,1,1078535,1258031,1,gaze_data,1741718083538,284.1776371002197,189.98365588405386,1741718083505.5,1
1,1,block_2,2,Provo_ID12,1,1078535,1258031,1,gaze_data,1741718083573,351.84565782546997,206.34901745976182,1741718083537.1,1
1,1,block_2,2,Provo_ID12,1,1078535,1258031,1,gaze_data,1741718083606,365.56869745254517,209.48300123731897,1741718083570.3,0.97872657831868
1,1,block_2,2,Provo_ID12,1,1078535,1258031,1,gaze_data,1741718083638,369.3457305431366,215.97513397448492,1741718083600.4001,0.9971564351962718
1,1,block_2,2,Provo_ID12,1,1078535,1258031,1,gaze_data,1741718083673,369.20862793922424,210.26297318961252,1741718083632.6,0.959615938176853
1,1,block_2,2,Provo_ID12,1,1078535,1258031,1,gaze_data,1741718083704,377.5868773460388,212.97190328999352,1741718083664.5,1
1,1,block_2,2,Provo_ID12,1,1078535,1258031,1,gaze_data,1741718083740,377.11512446403503,210.24453727904213,1741718083696.8,1
1,1,block_2,2,Provo_ID12,1,1078535,1258031,1,gaze_data,1741718083774,377.7622878551483,216.0439418867198,1741718083729.3,0.9678321612819989
1,1,block_2,2,Provo_ID12,1,1078535,1258031,1,gaze_data,1741718083805,387.4851405620575,213.59923439274124,1741718083761.3,1
1,1,block_2,2,Provo_ID12,1,1078535,1258031,1,gaze_data,1741718083846,381.71292543411255,210.4817502152118,1741718083809.2002,1
1,1,block_2,2,Provo_ID12,1,1078535,1258031,1,gaze_data,1741718083876,388.9409363269806,216.820100796714,1741718083840.7002,1
1,1,block_2,2,Provo_ID12,1,1078535,1258031,1,gaze_data,1741718083910,511.15684509277344,222.94092736895846,1741718083874.3,1
1,1,block_2,2,Provo_ID12,1,1078535,1258031,1,gaze_data,1741718083943,532.6625943183899,233.64504940339128,1741718083905.1,0.9737773745804281
1,1,block_2,2,Provo_ID12,1,1078535,1258031,1,gaze_data,1741718083975,550.5762338638306,225.59126545705402,1741718083937.5,0.9022950654629676
1,1,block_2,2,Provo_ID12,1,1078535,1258031,1,gaze_data,1741718084005,563.0650043487549,216.90230462659724,1741718083968.9001,0.9022950654629676
1,1,block_2,2,Provo_ID12,1,1078535,1258031,1,gaze_data,1741718084034,560.0578784942627,214.2193266729988,1741718084000.5,0.9230161496681504
1,1,block_2,2,Provo_ID12,1,1078535,1258031,1,gaze_data,1741718084073,563.9767289161682,208.11867310530192,1741718084035.2002,0.9094651192162058
1,1,block_2,2,Provo_ID12,1,1078535,1258031,1,gaze_data,1741718084104,567.1741127967834,213.50928532068744,1741718084065.9001,0.9692637492850591
1,1,block_2,2,Provo_ID12,1,1078535,1258031,1,gaze_data,1741718084138,561.2369775772095,215.8002050734911,1741718084096.5,0.9812167818538118
1,1,block_2,2,Provo_ID12,1,1078535,1258031,1,gaze_data,1741718084173,319.6934461593628,229.38351196735903,1741718084128.8,0.9665100250794261
1,1,block_2,2,Provo_ID12,1,1078535,1258031,1,gaze_data,1741718084210,77.1235466003418,276.09099100572166,1741718084179.4001,0.6378624374500426
1,1,block_2,2,Provo_ID12,1,1078535,1258031,1,gaze_data,1741718084243,56.79488182067871,277.893357266573,1741718084209.2002,0.7882194062958573
1,1,block_2,2,Provo_ID12,1,1078535,1258031,1,gaze_data,1741718084286,50.07061958312988,271.008231686408,1741718084242.2002,0.5757872324925849
1,1,block_2,2,Provo_ID12,1,1078535,1258031,1,gaze_data,1741718084308,25.145578384399414,270.4407921582137,1741718084276.5,0.5757872324925849
1,1,block_2,2,Provo_ID12,1,1078535,1258031,1,gaze_data,1741718084335,56.17194175720215,261.4886848631753,1741718084306.3,0.6301565032656012
1,1,block_2,2,Provo_ID12,1,1078535,1258031,1,gaze_data,1741718084377,71.35682106018066,278.35239319377246,1741718084336.9001,0.6109053297374881
1,1,block_2,2,Provo_ID12,1,1078535,1258031,1,gaze_data,1741718084407,76.4460563659668,266.96321566037653,1741718084369.3,0.7002432915697724
1,1,block_2,2,Provo_ID12,1,1078535,1258031,1,gaze_data,1741718084436,49.007368087768555,282.92637574698557,1741718084401.3,0.8769634391843111
1,1,block_2,2,Provo_ID12,1,1078535,1258031,1,gaze_data,1741718084467,55.9391975402832,291.6696891867416,1741718084432.8,0.8115812059848589
1,1,block_2,2,Provo_ID12,1,1078535,1258031,1,gaze_data,1741718084501,51.97172164916992,278.3522032863923,1741718084466.2002,0.9732558398429259
1,1,block_2,2,Provo_ID12,1,1078535,1258031,1,gaze_data,1741718084547,60.6083869934082,297.79207970211667,1741718084513.5,0.9014611715047179
1,1,block_2,2,Provo_ID12,1,1078535,1258031,1,gaze_data,1741718084580,83.1350326538086,302.77303749465113,1741718084546.1,0.952776389436402
1,1,block_2,2,Provo_ID12,1,1078535,1258031,1,gaze_data,1741718084598,214.09882307052612,290.4649688985498,1741718084577,0.9331230493889007
1,1,block_2,2,Provo_ID12,1,1078535,1258031,1,gaze_data,1741718084647,296.63896560668945,312.93297062209786,1741718084611.5,0.9313762210732811
1,1,block_2,2,Provo_ID12,1,1078535,1258031,1,gaze_data,1741718084678,286.35902404785156,320.08919457292865,1741718084641.8,0.7317463280498758
1,1,block_2,2,Provo_ID12,1,1078535,1258031,1,gaze_data,1741718084712,298.77010583877563,307.3174317333031,1741718084673.1,0.6272236569011287
1,1,block_2,2,Provo_ID12,1,1078535,1258031,1,gaze_data,1741718084734,321.10968828201294,303.7448717560013,1741718084705.3,0.6658844361102435
1,1,block_2,2,Provo_ID12,1,1078535,1258031,1,gaze_data,1741718084783,309.38392877578735,304.4119158432437,1741718084738,0.6259422223787835
1,1,block_2,2,Provo_ID12,1,1078535,1258031,1,gaze_data,1741718084810,323.7127423286438,309.11580249182316,1741718084770.1,0.7403015331484893
1,1,block_2,2,Provo_ID12,1,1078535,1258031,1,gaze_data,1741718084836,398.17722141742706,302.7054379146683,1741718084801.2002,0.7403015331484893
1,1,block_2,2,Provo_ID12,1,1078535,1258031,1,gaze_data,1741718084874,408.6015596985817,294.6175730409436,1741718084833.1,0.7088093810601044
1,1,block_2,2,Provo_ID12,1,1078535,1258031,1,gaze_data,1741718084909,432.98294246196747,302.41759045780867,1741718084882.6,0.7430974160281165
1,1,block_2,2,Provo_ID12,1,1078535,1258031,1,gaze_data,1741718084939,429.3211966753006,303.1280302432509,1741718084913.8,0.7304139685537585
1,1,block_2,2,Provo_ID12,1,1078535,1258031,1,gaze_data,1741718084975,439.65372145175934,303.2105319670638,1741718084945.5,0.7445909185498651
1,1,block_2,2,Provo_ID12,1,1078535,1258031,1,gaze_data,1741718085007,442.94042587280273,291.0437768038338,1741718084978.4001,0.7271387614889209
1,1,block_2,2,Provo_ID12,1,1078535,1258031,1,gaze_data,1741718085041,440.56323170661926,294.4025085184424,1741718085009.4001,0.7005733939992251
1,1,block_2,2,Provo_ID12,1,1078535,1258031,1,gaze_data,1741718085079,490.1053488254547,276.29203217148523,1741718085041,0.7376048486378948
1,1,block_2,2,Provo_ID12,1,1078535,1258031,1,gaze_data,1741718085112,507.13250637054443,276.82896363761057,1741718085074.1,0.6869578217906267
1,1,block_2,2,Provo_ID12,1,1078535,1258031,1,gaze_data,1741718085149,511.6321802139282,283.59967933042446,1741718085104.7002,0.7143087938501382
1,1,block_2,2,Provo_ID12,1,1078535,1258031,1,gaze_data,1741718085183,515.9285068511963,285.7647873057202,1741718085137.6,0.7141700065591191
1,1,block_2,2,Provo_ID12,1,1078535,1258031,1,gaze_data,1741718085219,393.32267940044403,349.76008533138514,1741718085168.7002,0.7029363689380413
1,1,block_2,2,Provo_ID12,1,1078535,1258031,1,gaze_data,1741718085239,133.92667770385742,354.9012653739747,1741718085218.4001,0.6171326542599411
1,1,block_2,2,Provo_ID12,1,1078535,1258031,1,gaze_data,1741718085284,123.59728813171387,335.8078060853507,1741718085249.9001,0.5134309000398651
1,1,block_2,2,Provo_ID12,1,1078535,1258031,1,gaze_data,1741718085306,93.93134117126465,337.2324986985345,1741718085284.2002,0.5134309000398651
1,1,block_2,2,Provo_ID12,1,1078535,1258031,1,gaze_data,1741718085343,87.37177848815918,347.584454253025,1741718085312.5,0.4300469606291831
1,1,block_2,2,Provo_ID12,1,1078535,1258031,1,gaze_data,1741718085380,86.83972358703613,355.103505562805,1741718085344.8,0.587579263826559
1,1,block_2,2,Provo_ID12,1,1078535,1258031,1,gaze_data,1741718085406,81.68540000915527,358.18496505505607,1741718085379.5,0.587579263826559
1,1,block_2,2,Provo_ID12,1,1078535,1258031,1,gaze_data,1741718085439,70.33224105834961,348.6111605762142,1741718085408.7002,0.5537770658762414
1,1,block_2,2,Provo_ID12,1,1078535,1258031,1,gaze_data,1741718085468,63.43693733215332,358.895427182543,1741718085441.2002,0.684116375984075
1,1,block_2,2,Provo_ID12,1,1078535,1258031,1,gaze_data,1741718085507,55.167293548583984,358.4890253890362,1741718085474,0.6683475887758267
1,1,block_2,2,Provo_ID12,1,1078535,1258031,1,gaze_data,1741718085537,133.3275318145752,363.2770894147827,1741718085505.5,0.7483448544121359
1,1,block_2,2,Provo_ID12,1,1078535,1258031,1,gaze_data,1741718085568,340.527868270874,353.22272244865104,1741718085536.9001,0.7662790995606077
1,1,block_2,2,Provo_ID12,1,1078535,1258031,1,gaze_data,1741718085612,393.9510405063629,349.12517655180227,1741718085587,0.7298263927629294
1,1,block_2,2,Provo_ID12,1,1078535,1258031,1,gaze_data,1741718085649,413.2998764514923,361.95983224732237,1741718085618.5,0.5936494229094257
1,1,block_2,2,Provo_ID12,1,1078535,1258031,1,gaze_data,1741718085686,460.34345626831055,373.4185605659402,1741718085649.5,0.6613311944311628
1,1,block_2,2,Provo_ID12,1,1078535,1258031,1,gaze_data,1741718085702,455.5738627910614,364.63208974312806,1741718085682.2002,0.6613311944311628
1,1,block_2,2,Provo_ID12,1,1078535,1258031,1,gaze_data,1741718085742,445.7286596298218,381.5111470584497,1741718085715.5,0.5743656092442837
1,1,block_2,2,Provo_ID12,1,1078535,1258031,1,gaze_data,1741718085775,450.86426734924316,382.29392293735594,1741718085745,0.6798008344621458
1,1,block_2,2,Provo_ID12,1,1078535,1258031,1,gaze_data,1741718085815,444.87451910972595,378.7432656112307,1741718085777.6,0.6813550383363873
1,1,block_2,2,Provo_ID12,1,1078535,1258031,1,gaze_data,1741718085854,423.0986177921295,398.518388131694,1741718085811.2002,0.6794813049796402
1,1,block_2,2,Provo_ID12,1,1078535,1258031,1,gaze_data,1741718085871,411.80801540613174,404.38969874847476,1741718085842.5,0.6794813049796402
1,1,block_2,2,Provo_ID12,1,1078535,1258031,1,gaze_data,1741718085913,399.60596561431885,393.2438782135473,1741718085875.8,0.7323189114820995
1,1,block_2,2,Provo_ID12,1,1078535,1258031,1,gaze_data,1741718085943,401.4303356409073,394.8013272564737,1741718085921.2002,0.6280389833000515
1,1,block_2,2,Provo_ID12,1,1078535,1258031,1,gaze_data,1741718085973,398.0607330799103,387.84684452214105,1741718085953.4001,0.5760722913660312
1,1,block_2,2,Provo_ID12,1,1078535,1258031,1,gaze_data,1741718086009,477.8694987297058,354.2561015958641,1741718085985.1,0.6085157074678449
1,1,block_2,2,Provo_ID12,1,1078535,1258031,1,gaze_data,1741718086035,515.1908874511719,350.323678304213,1741718086017.2002,0.6016544992713339
1,1,block_2,2,Provo_ID12,1,1078535,1258031,1,gaze_data,1741718086071,551.6288757324219,369.936746526954,1741718086048.3,0.2900400662342923
1,1,block_2,2,Provo_ID12,1,1078535,1258031,1,gaze_data,1741718086102,551.8555164337158,365.1032089928484,1741718086081,0.33053126316501585
1,1,block_2,2,Provo_ID12,1,1078535,1258031,1,gaze_data,1741718086151,568.382716178894,361.13016786389136,1741718086115.8,0.47318196621921893
1,1,block_2,2,Provo_ID12,1,1078535,1258031,1,gaze_data,1741718086177,570.2552556991577,355.88270671455564,1741718086145.4001,0.4343770088624492
1,1,block_2,2,Provo_ID12,1,1078535,1258031,1,gaze_data,1741718086207,640.7796382904053,390.0341604898912,1741718086176.4001,0.42521064758857685
1,1,block_2,2,Provo_ID12,1,1078535,1258031,1,gaze_data,1741718086240,630.4737567901611,364.0772325097868,1741718086208.9001,0.340760195563549
1,1,block_2,2,Provo_ID12,1,1078535,1258031,1,gaze_data,1741718086278,635.5537414550781,383.8879831442347,1741718086243.1,0.3268871643308782
1,1,block_2,2,Provo_ID12,1,1078535,1258031,1,gaze_data,1741718086319,606.555962562561,377.03874633524265,1741718086289.6,0.29136693863800855
1,1,block_2,2,Provo_ID12,1,1078535,1258031,1,gaze_data,1741718086365,456.3305854797363,384.8483931733833,1741718086322,0.3464334798266981
1,1,block_2,2,Provo_ID12,1,1078535,1258031,1,gaze_data,1741718086397,231.25877380371094,418.00088944507525,1741718086354.8,0.3336083779791612
1,1,block_2,2,Provo_ID12,1,1078535,1258031,1,gaze_data,1741718086426,225.94901323318481,380.56199741984136,1741718086386.8,0.32030896647742446
1,1,block_2,2,Provo_ID12,1,1078535,1258031,1,gaze_data,1741718086454,191.79654121398926,360.31116808314124,1741718086416.2002,0.3677499064614046
1,1,block_2,2,Provo_ID12,1,1078535,1258031,1,gaze_data,1741718086492,159.85097885131836,386.6418635767608,1741718086449.2002,0.5393911045224098
1,1,block_2,2,Provo_ID12,1,1078535,1258031,1,gaze_data,1741718086521,154.02026176452637,385.775885923307,1741718086482.1,0.6291475747743629
1,1,block_2,2,Provo_ID12,1,1078535,1258031,1,gaze_data,1741718086558,159.78412628173828,364.83665350460956,1741718086513.1,0.5945655351056077
1,1,block_2,2,Provo_ID12,1,1078535,1258031,1,gaze_data,1741718086583,158.99147987365723,376.2428631234324,1741718086544.5,0.692938594994908
1,1,block_2,2,Provo_ID12,1,1078535,1258031,1,gaze_data,1741718086618,160.92824935913086,380.1427712926637,1741718086577.6,0.6615199730759483
1,1,block_2,2,Provo_ID12,1,1078535,1258031,1,gaze_data,1741718086655,162.80641555786133,375.7852682581175,1741718086610.6,0.6138103529768466
1,1,block_2,2,Provo_ID12,1,1078535,1258031,1,gaze_data,1741718086690,162.44635581970215,361.5594032271048,1741718086657,0.6902137599406797
1,1,block_2,2,Provo_ID12,1,1078535,1258031,1,gaze_data,1741718086729,167.23875999450684,366.65815572676587,1741718086689.2002,0.7687401047468585
1,1,block_2,2,Provo_ID12,1,1078535,1258031,1,gaze_data,1741718086754,178.04694175720215,374.6548501633253,1741718086720.6,0.6721363449873685
1,1,block_2,2,Provo_ID12,1,1078535,1258031,1,gaze_data,1741718086797,164.70990180969238,373.89158633681024,1741718086752.9001,0.5809979041028976
1,1,block_2,2,Provo_ID12,1,1078535,1258031,1,gaze_data,1741718086833,176.383638381958,373.7528571337785,1741718086786.8,0.6165737548960517
1,1,block_2,2,Provo_ID12,1,1078535,1258031,1,gaze_data,1741718086853,167.96154975891113,376.19421704472273,1741718086818.9001,0.6165737548960517
1,1,block_2,2,Provo_ID12,1,1078535,1258031,1,gaze_data,1741718086887,194.6704864501953,397.41129513159234,1741718086848.8,0.6394271154732856
1,1,block_2,2,Provo_ID12,1,1078535,1258031,1,gaze_data,1741718086924,224.29028749465942,385.32320630783113,1741718086881.6,0.6002753310763047
1,1,block_2,2,Provo_ID12,1,1078535,1258031,1,gaze_data,1741718086953,237.04577684402466,398.9212003033487,1741718086913.8,0.6299896244563375
1,1,block_2,2,Provo_ID12,1,1078535,1258031,1,gaze_data,1741718086995,232.72417783737183,395.2441167934856,1741718086946.4001,0.5288131253408873
1,1,block_2,2,Provo_ID12,1,1078535,1258031,1,gaze_data,1741718087023,233.0050230026245,390.7628686205684,1741718086996.4001,0.5288131253408873
1,1,block_2,2,Provo_ID12,1,1078535,1258031,1,gaze_data,1741718087054,198.77572059631348,407.2044984896116,1741718087025.1,0.5702892677410186
1,1,block_2,2,Provo_ID12,1,1078535,1258031,1,gaze_data,1741718087090,219.19089555740356,414.27563648678995,1741718087058.4001,0.5234148026908848
1,1,block_2,2,Provo_ID12,1,1078535,1258031,1,gaze_data,1741718087125,214.5825743675232,406.6321548826007,1741718087088.5,0.6317228076941755
1,1,block_2,2,Provo_ID12,1,1078535,1258031,1,gaze_data,1741718087156,200.6435513496399,400.38856622195294,1741718087121.5,0.6041488039466522
1,1,block_2,2,Provo_ID12,1,1078535,1258031,1,gaze_data,1741718087190,213.5799765586853,394.88974217478983,1741718087153.9001,0.5849692376704999
1,1,block_2,2,Provo_ID12,1,1078535,1258031,1,gaze_data,1741718087220,210.94759702682495,388.9298676927281,1741718087184.6,0.5729914852049699
1,1,block_2,2,Provo_ID12,1,1078535,1258031,1,gaze_data,1741718087255,234.45520401000977,385.6034947062263,1741718087217.8,0.5444180655549421
1,1,block_2,2,Provo_ID12,1,1078535,1258031,1,gaze_data,1741718087291,379.3703258037567,397.1276405317923,1741718087248.7002,0.45852218964573427
1,1,block_2,2,Provo_ID12,1,1078535,1258031,1,gaze_data,1741718087323,409.6723213791847,410.6157116672739,1741718087280.5,0.47492457983222774
1,1,block_2,2,Provo_ID12,1,1078535,1258031,1,gaze_data,1741718087357,409.1316685080528,410.1257953105935,1741718087313.7002,0.43895337228226433
1,1,block_2,2,Provo_ID12,1,1078535,1258031,1,gaze_data,1741718087387,419.90184783935547,411.2513875237256,1741718087362.1,0.5987220033071187
1,1,block_2,2,Provo_ID12,1,1078535,1258031,1,gaze_data,1741718087430,418.36303174495697,404.0831361054857,1741718087393.9001,0.6135450317306348
1,1,block_2,2,Provo_ID12,1,1078535,1258031,1,gaze_data,1741718087462,446.46167755126953,389.2969921716123,1741718087427.1,0.5315537981628992
1,1,block_2,2,Provo_ID12,1,1078535,1258031,1,gaze_data,1741718087494,503.52007150650024,378.78470265684314,1741718087456.7002,0.5315537981628992
1,1,block_2,2,Provo_ID12,1,1078535,1258031,1,gaze_data,1741718087520,529.8202633857727,397.94279748085006,1741718087488.8,0.5718300523391102
1,1,block_2,2,Provo_ID12,1,1078535,1258031,1,gaze_data,1741718087563,527.1519660949707,401.95831828417334,1741718087522,0.35190943683664483
1,1,block_2,2,Provo_ID12,1,1078535,1258031,1,gaze_data,1741718087594,527.4112939834595,405.37650217978916,1741718087556.6,0.4101290038515633
1,1,block_2,2,Provo_ID12,1,1078535,1258031,1,gaze_data,1741718087619,558.4630012512207,402.16803561063756,1741718087585.4001,0.4101290038515633
1,1,block_2,2,Provo_ID12,1,1078535,1258031,1,gaze_data,1741718087652,578.7049293518066,389.712941465564,1741718087617.4001,0.48713017703683376
1,1,block_2,2,Provo_ID12,1,1078535,1258031,1,gaze_data,1741718087695,564.2473340034485,365.56592763375306,1741718087649.5,0.36311687871523063
1,1,block_2,2,Provo_ID12,1,1078535,1258031,1,gaze_data,1741718087729,591.8413996696472,380.2449191211361,1741718087697.9001,0.38163248213805784
1,1,block_2,2,Provo_ID12,1,1078535,1258031,1,gaze_data,1741718087768,585.5692982673645,389.71681408664926,1741718087729.9001,0.4581717830453615
1,1,block_2,2,Provo_ID12,1,1078535,1258031,1,gaze_data,1741718087795,591.2328720092773,395.7589966614696,1741718087765.1,0.4581717830453615
1,1,block_2,2,Provo_ID12,1,1078535,1258031,1,gaze_data,1741718087822,604.002571105957,387.95086908237016,1741718087793.4001,0.4734493328802257
1,1,block_2,2,Provo_ID12,1,1078535,1258031,1,gaze_data,1741718087856,600.5836963653564,394.81961794375337,1741718087826.7002,0.4716622486247554
1,1,block_2,2,Provo_ID12,1,1078535,1258031,1,gaze_data,1741718087890,599.8365521430969,412.7236091133829,1741718087857.4001,0.5007309562810082
1,1,block_2,2,Provo_ID12,1,1078535,1258031,1,gaze_data,1741718087929,542.9930329322815,430.53704052840294,1741718087888.8,0.44516919069067384
1,1,block_2,2,Provo_ID12,1,1078535,1258031,1,gaze_data,1741718087960,570.1752543449402,416.65923476477764,1741718087921,0.45734848028839437
1,1,block_2,2,Provo_ID12,1,1078535,1258031,1,gaze_data,1741718087993,560.6333494186401,425.3596142419248,1741718087952.6,0.5037896569315023
1,1,block_2,2,Provo_ID12,1,1078535,1258031,1,gaze_data,1741718088024,567.7392959594727,419.981884077159,1741718087984.9001,0.5288301484859818
1,1,block_2,2,Provo_ID12,1,1078535,1258031,1,gaze_data,1741718088057,559.2537879943848,413.2800451845512,1741718088016.7002,0.3914869326852864
1,1,block_2,2,Provo_ID12,1,1078535,1258031,1,gaze_data,1741718088095,572.6454257965088,425.0660397742679,1741718088066.4001,0.48036389342848956
1,1,block_2,2,Provo_ID12,1,1078535,1258031,1,gaze_data,1741718088126,575.9833335876465,417.65825184720717,1741718088098.2002,0.47996845050548537
1,1,block_2,2,Provo_ID12,1,1078535,1258031,1,gaze_data,1741718088161,622.5925207138062,411.96266885951906,1741718088130.7002,0.5251543074601116
1,1,block_2,2,Provo_ID12,1,1078535,1258031,1,gaze_data,1741718088193,628.9793491363525,399.1296068965225,1741718088162.2002,0.5143115378739597
1,1,block_2,2,Provo_ID12,1,1078535,1258031,1,gaze_data,1741718088228,601.8863677978516,389.8313245132016,1741718088193,0.40960507451805783
1,1,block_2,2,Provo_ID12,1,1078535,1258031,1,gaze_data,1741718088255,610.5015516281128,389.9287060387998,1741718088225.1,0.38185112526097864
1,1,block_2,2,Provo_ID12,1,1078535,1258031,1,gaze_data,1741718088299,621.3007926940918,388.4112939400166,1741718088256.8,0.41707359583078246
1,1,block_2,2,Provo_ID12,1,1078535,1258031,1,gaze_data,1741718088332,513.9010906219482,240.35528331930362,1741718088288.5,0.47637586601465
1,1,block_2,2,Provo_ID12,1,1078535,1258031,1,gaze_data,1741718088359,388.60226571559906,190.32777550422188,1741718088321,0.39464799046753846
1,1,block_2,2,Provo_ID12,1,1078535,1258031,1,gaze_data,1741718088386,384.4103932380676,164.72698716434635,1741718088353.7002,0.39464799046753846
1,1,block_2,2,Provo_ID12,1,1078535,1258031,1,gaze_data,1741718088442,371.42584323883057,154.56412722904096,1741718088403.9001,0.5882999041635277
1,1,block_2,2,Provo_ID12,1,1078535,1258031,1,gaze_data,1741718088475,376.62367820739746,142.26185266987105,1741718088433.2002,0.7194069102560002
1,1,block_2,2,Provo_ID12,1,1078535,1258031,1,gaze_data,1741718088506,383.16085636615753,133.81977701911183,1741718088464.5,0.8939454930036392
1,1,block_2,2,Provo_ID12,1,1078535,1258031,1,gaze_data,1741718088538,373.8992214202881,149.8381740876237,1741718088497.2002,0.8540869230235164
1,1,block_2,2,Provo_ID12,1,1078535,1258031,1,gaze_data,1741718088573,370.7662105560303,132.4584762341547,1741718088529.1,0.8302790918734515
1,1,block_2,2,Provo_ID12,1,1078535,1258031,1,gaze_data,1741718088606,376.85181498527527,132.12785865634746,1741718088560.7002,0.9590905347282632
1,1,block_2,2,Provo_ID12,1,1078535,1258031,1,gaze_data,1741718088634,369.02540922164917,136.88632692018456,1741718088593.2002,0.9216133994423559
1,1,block_2,2,Provo_ID12,1,1078535,1258031,1,gaze_data,1741718088666,369.9737250804901,140.51569526986808,1741718088628.3,0.9216133994423559
1,1,block_2,2,Provo_ID12,1,1078535,1258031,1,gaze_data,1741718088698,274.5594620704651,130.8360267357816,1741718088659.1,0.995745914265088
1,1,block_2,2,Provo_ID12,1,1078535,1258031,1,gaze_data,1741718088733,113.19255828857422,123.54753043284386,1741718088689.5,1
1,1,block_2,2,Provo_ID12,1,1078535,1258031,1,gaze_data,1741718088774,90.4764175415039,79.93137583039588,1741718088722.9001,1
1,1,block_2,2,Provo_ID12,1,1078535,1258031,1,gaze_data,1741718088807,101.20353698730469,90.08440526602325,1741718088769.4001,1
1,1,block_2,2,Provo_ID12,1,1078535,1258031,1,gaze_data,1741718088841,129.8795223236084,93.54351978757117,1741718088801.8,1
1,1,block_2,2,Provo_ID12,1,1078535,1258031,1,gaze_data,1741718088872,116.17178916931152,83.20484285499424,1741718088833.7002,1
1,1,block_2,2,Provo_ID12,1,1078535,1258031,1,gaze_data,1741718088899,107.83195495605469,80.25232675018641,1741718088865.9001,1
1,1,block_2,2,Provo_ID12,1,1078535,1258031,1,gaze_data,1741718088943,27.746295928955078,109.00052829833454,1741718088898.5,1
1,1,block_2,2,Provo_ID12,1,1078535,1258031,1,gaze_data,1741718088975,15.36712646484375,104.79061681122687,1741718088931.6,1
1,1,block_2,2,Provo_ID12,1,1078535,1258031,1,gaze_data,1741718089010,37.93344497680664,100.54433247531055,1741718088960.8,1
1,1,block_2,2,Provo_ID12,1,1078535,1258031,1,gaze_data,1741718089044,31.04991912841797,87.16635548887439,1741718088993.2002,1
1,1,block_2,2,Provo_ID12,1,1078535,1258031,1,gaze_data,1741718089069,21.999835968017578,101.09163809753551,1741718089025.2002,1
1,1,block_2,2,Provo_ID12,1,1078535,1258031,1,gaze_data,1741718089107,46.021461486816406,90.83864290647031,1741718089057.5,1
1,1,block_2,2,Provo_ID12,1,1078535,1258031,1,gaze_data,1741718089134,53.59759330749512,94.84165216474885,1741718089105.8,1
1,1,block_2,2,Provo_ID12,1,1078535,1258031,1,gaze_data,1741718089165,54.53605651855469,85.12837374805112,1741718089137.7002,1
1,1,block_2,2,Provo_ID12,1,1078535,1258031,1,gaze_data,1741718089200,39.29119110107422,76.23525689842903,1741718089169,1
1,1,block_2,2,Provo_ID12,1,1078535,1258031,1,gaze_data,1741718089233,42.50516891479492,82.1757682750644,1741718089200.6,1
1,1,block_2,2,Provo_ID12,1,1078535,1258031,1,gaze_data,1741718089264,40.6611442565918,95.13132422192753,1741718089233.5,1
1,1,block_2,2,Provo_ID12,1,1078535,1258031,1,gaze_data,1741718089305,22.37858772277832,92.80718557229528,1741718089265.7002,1
1,1,block_2,2,Provo_ID12,1,1078535,1258031,1,gaze_data,1741718089337,22.906494140625,97.52797025403335,1741718089297.1,1
1,1,block_2,2,Provo_ID12,1,1078535,1258031,1,gaze_data,1741718089366,22.170639038085938,99.5930305530606,1741718089330.4001,1
1,1,block_2,2,Provo_ID12,1,1078535,1258031,1,gaze_data,1741718089408,21.369075775146484,92.9565495886151,1741718089361.4001,1
1,1,block_2,2,Provo_ID12,1,1078535,1258031,1,gaze_data,1741718089441,25.03185272216797,102.02636966994942,1741718089393.8,1
1,1,block_2,2,Provo_ID12,1,1078535,1258031,1,gaze_data,1741718089473,22.95980453491211,111.09989108335945,1741718089425.5,1
1,1,block_2,2,Provo_ID12,1,1078535,1258031,1,gaze_data,1741718089509,29.992103576660156,99.37142725880389,1741718089473.4001,1
1,1,block_2,2,Provo_ID12,1,1078535,1258031,1,gaze_data,1741718089541,13.748645782470703,92.17204592491696,1741718089506.3,1
1,1,block_2,2,Provo_ID12,1,1078535,1258031,1,gaze_data,1741718089574,16.823101043701172,127.93128536993925,1741718089536.6,1
1,1,block_2,2,Provo_ID12,1,1078535,1258031,1,gaze_data,1741718089611,29.780292510986328,109.09053694917426,1741718089570.6,1
1,1,block_2,2,Provo_ID12,1,1078535,1258031,1,gaze_data,1741718089639,25.734472274780273,119.36256756234324,1741718089600.4001,1
1,1,block_2,2,Provo_ID12,1,1078535,1258031,1,gaze_data,1741718089675,31.43024444580078,105.87195688111146,1741718089632.6,1
1,1,block_2,2,Provo_ID12,1,1078535,1258031,1,gaze_data,1741718089710,30.541467666625977,116.79473678357172,1741718089665.1,1
1,1,block_2,2,Provo_ID12,1,1078535,1258031,1,gaze_data,1741718089738,19.08407211303711,116.7850328888138,1741718089697.2002,1
1,1,block_2,2,Provo_ID12,1,1078535,1258031,1,gaze_data,1741718089764,64.0157699584961,125.83015756338123,1741718089728.4001,1
1,1,block_2,2,Provo_ID12,1,1078535,1258031,1,gaze_data,1741718089806,186.4389419555664,175.7244267329218,1741718089761.2002,0.8921385161995579
1,1,block_2,2,Provo_ID12,1,1078535,1258031,1,gaze_data,1741718089840,109.44914817810059,138.1263923231278,1741718089810.8,0.01727610796235101
1,1,block_2,2,Provo_ID12,1,1078535,1258031,1,gaze_data,1741718089875,154.22377586364746,177.17387433165842,1741718089842.2002,0.03173529431969443
1,1,block_2,2,Provo_ID12,1,1078535,1258031,1,gaze_data,1741718089905,259.8694920539856,215.1876104110751,1741718089874.2002,0
1,1,block_2,2,Provo_ID12,1,1078535,1258031,1,gaze_data,1741718089950,326.15708112716675,214.3209029174937,1741718089907.8,0
1,1,block_2,2,Provo_ID12,1,1078535,1258031,1,gaze_data,1741718089972,360.15632152557373,165.63327731382822,1741718089936.9001,0
1,1,block_2,2,Provo_ID12,1,1078535,1258031,1,gaze_data,1741718090004,301.0357737541199,126.52487599668689,1741718089969.2002,0
1,1,block_2,2,Provo_ID12,1,1078535,1258031,1,gaze_data,1741718090037,289.66840505599976,88.78963909025047,1741718090002.8,0.039171059499955654
1,1,block_2,2,Provo_ID12,1,1078535,1258031,1,gaze_data,1741718090071,273.81941080093384,91.84534565228444,1741718090033.3,0.3723633702590902
1,1,block_2,2,Provo_ID12,1,1078535,1258031,1,gaze_data,1741718090110,274.09297227859497,82.49713624635642,1741718090066.2002,0.6995395400340685
1,1,block_2,2,Provo_ID12,1,1078535,1258031,1,gaze_data,1741718090138,270.10369300842285,69.80560368933025,1741718090097.2002,1
1,1,block_2,2,Provo_ID12,1,1078535,1258031,1,gaze_data,1741718090168,230.83006143569946,96.93164618568669,1741718090130.3,1
1,1,block_2,2,Provo_ID12,1,1078535,1258031,1,gaze_data,1741718090214,264.28065299987793,106.99403394587387,1741718090180.2002,1
1,1,block_2,2,Provo_ID12,1,1078535,1258031,1,gaze_data,1741718090244,379.2166382074356,97.58960450807517,1741718090210.2002,0.9613006412286582
1,1,block_2,2,Provo_ID12,1,1078535,1258031,1,gaze_data,1741718090274,409.0623766183853,98.10296511701803,1741718090240.8,1
1,1,block_2,2,Provo_ID12,1,1078535,1258031,1,gaze_data,1741718090308,420.89119255542755,104.64880440602333,1741718090273.3,1
1,1,block_2,2,Provo_ID12,1,1078535,1258031,1,gaze_data,1741718090343,419.4839358329773,92.6409011807721,1741718090305.1,1
1,1,block_2,2,Provo_ID12,1,1078535,1258031,1,gaze_data,1741718090375,422.36950546503067,98.80066248962005,1741718090337.2002,1
1,1,block_2,2,Provo_ID12,1,1078535,1258031,1,gaze_data,1741718090404,432.4762165546417,101.35174418219775,1741718090368.7002,1
1,1,block_2,2,Provo_ID12,1,1078535,1258031,1,gaze_data,1741718090441,418.23700964450836,98.54548654949329,1741718090402.5,1
1,1,block_2,2,Provo_ID12,1,1078535,1258031,1,gaze_data,1741718090472,422.6336181163788,100.94587859776429,1741718090432.7002,1
1,1,block_2,2,Provo_ID12,1,1078535,1258031,1,gaze_data,1741718090501,464.2461359500885,98.9117173465886,1741718090465,1
1,1,block_2,2,Provo_ID12,1,1078535,1258031,1,gaze_data,1741718090536,457.46315717697144,90.45015943283114,1741718090514.3,1
1,1,block_2,2,Provo_ID12,1,1078535,1258031,1,gaze_data,1741718090575,475.4685878753662,107.22132701418664,1741718090545.5,1
1,1,block_2,2,Provo_ID12,1,1078535,1258031,1,gaze_data,1741718090607,447.7291464805603,107.49483832568254,1741718090577.6,1
1,1,block_2,2,Provo_ID12,1,1078535,1258031,1,gaze_data,1741718090642,160.11075973510742,163.7360206653653,1741718090612.1,1
1,1,block_2,2,Provo_ID12,1,1078535,1258031,1,gaze_data,1741718090682,78.64432334899902,195.10383812827817,1741718090641.6,0.9949067351555918
1,1,block_2,2,Provo_ID12,1,1078535,1258031,1,gaze_data,1741718090710,74.67970848083496,193.60109730552955,1741718090675.7002,0.9949067351555918
1,1,block_2,2,Provo_ID12,1,1078535,1258031,1,gaze_data,1741718090738,66.26977920532227,165.36932839747365,1741718090705.8,1
1,1,block_2,2,Provo_ID12,1,1078535,1258031,1,gaze_data,1741718090782,184.1930389404297,135.05336322908545,1741718090739.7002,1
1,1,block_2,2,Provo_ID12,1,1078535,1258031,1,gaze_data,1741718090805,170.18918991088867,142.1357839588488,1741718090771.2002,1
1,1,block_2,2,Provo_ID12,1,1078535,1258031,1,gaze_data,1741718090839,158.8430881500244,95.60923545324363,1741718090800,1
1,1,block_2,2,Provo_ID12,1,1078535,1258031,1,gaze_data,1741718090871,175.93131065368652,97.45010078082633,1741718090832.7002,1
1,1,block_2,2,Provo_ID12,1,1078535,1258031,1,gaze_data,1741718090909,169.82593536376953,100.69800105891362,1741718090881.5,1
1,1,block_2,2,Provo_ID12,1,1078535,1258031,1,gaze_data,1741718090942,174.87411499023438,101.70582090696388,1741718090915.6,1
1,1,block_2,2,Provo_ID12,1,1078535,1258031,1,gaze_data,1741718090976,168.0483341217041,88.61435830205227,1741718090944.7002,1
1,1,block_2,2,Provo_ID12,1,1078535,1258031,1,gaze_data,1741718091010,179.76412773132324,85.23564535211327,1741718090976.4001,1
1,1,block_2,2,Provo_ID12,1,1078535,1258031,1,gaze_data,1741718091041,369.5798873901367,128.02060141739256,1741718091009,1
1,1,block_2,2,Provo_ID12,1,1078535,1258031,1,gaze_data,1741718091078,414.83382135629654,130.68089847192329,1741718091041.7002,1
1,1,block_2,2,Provo_ID12,1,1078535,1258031,1,gaze_data,1741718091106,449.02648627758026,144.0559188611078,1741718091073.2002,1
1,1,block_2,2,Provo_ID12,1,1078535,1258031,1,gaze_data,1741718091142,459.1403841972351,134.72760132233128,1741718091105.1,1
1,1,block_2,2,Provo_ID12,1,1078535,1258031,1,gaze_data,1741718091171,476.55845284461975,133.58325668632855,1741718091138.1,1
1,1,block_2,2,Provo_ID12,1,1078535,1258031,1,gaze_data,1741718091205,475.1184344291687,130.45260745894623,1741718091168.3,1
1,1,block_2,2,Provo_ID12,1,1078535,1258031,1,gaze_data,1741718091237,463.64049911499023,128.84128429884507,1741718091216.6,1
1,1,block_2,2,Provo_ID12,1,1078535,1258031,1,gaze_data,1741718091272,469.03406381607056,131.8979515688021,1741718091249,1
1,1,block_2,2,Provo_ID12,1,1078535,1258031,1,gaze_data,1741718091304,482.373970746994,133.90330647698192,1741718091282.1,1
1,1,block_2,2,Provo_ID12,1,1078535,1258031,1,gaze_data,1741718091338,464.19180631637573,134.84761533923367,1741718091312.8,1
1,1,block_2,2,Provo_ID12,1,1078535,1258031,1,gaze_data,1741718091377,437.0820790529251,132.93048171831575,1741718091346,1
1,1,block_2,2,Provo_ID12,1,1078535,1258031,1,gaze_data,1741718091410,439.4264668226242,125.81953764478969,1741718091377.5,1
1,1,block_2,2,Provo_ID12,1,1078535,1258031,1,gaze_data,1741718091444,408.10609459877014,108.08349162534105,1741718091409.6,1
1,1,block_2,2,Provo_ID12,1,1078535,1258031,1,gaze_data,1741718091470,217.32465028762817,128.4125776973567,1741718091441.9001,0.9803418219987483
1,1,block_2,2,Provo_ID12,1,1078535,1258031,1,gaze_data,1741718091505,205.99981546401978,111.55581774266837,1741718091475,1
1,1,block_2,2,Provo_ID12,1,1078535,1258031,1,gaze_data,1741718091542,202.56441831588745,104.512160460499,1741718091506.9001,1
1,1,block_2,2,Provo_ID12,1,1078535,1258031,1,gaze_data,1741718091568,199.91440773010254,100.06768729319542,1741718091539.6,1
1,1,block_2,2,Provo_ID12,1,1078535,1258031,1,gaze_data,1741718091605,195.37577629089355,99.6258286747136,1741718091584.8,1
1,1,block_2,2,Provo_ID12,1,1078535,1258031,1,gaze_data,1741718091640,192.40517616271973,117.47680217221605,1741718091618,1
1,1,block_2,2,Provo_ID12,1,1078535,1258031,1,gaze_data,1741718091664,195.18284797668457,120.31649839852223,1741718091649,1
1,1,block_2,2,Provo_ID12,1,1078535,1258031,1,gaze_data,1741718091711,193.2304859161377,111.03962714139396,1741718091681,1
1,1,block_2,2,Provo_ID12,1,1078535,1258031,1,gaze_data,1741718091735,196.05088233947754,109.8567648202892,1741718091713.6,1
1,1,block_2,2,Provo_ID12,1,1078535,1258031,1,gaze_data,1741718091768,140.89441299438477,96.63053500160996,1741718091745.6,1
1,1,block_2,2,Provo_ID12,1,1078535,1258031,1,gaze_data,1741718091799,83.67319107055664,114.22859655285089,1741718091777.5,1
1,1,block_2,2,Provo_ID12,1,1078535,1258031,1,gaze_data,1741718091856,61.49330139160156,84.95491011282368,1741718091808.4001,1
1,1,block_2,2,Provo_ID12,1,1078535,1258031,1,gaze_data,1741718091878,60.40043830871582,81.7031893450888,1741718091842.1,1
1,1,block_2,2,Provo_ID12,1,1078535,1258031,1,gaze_data,1741718091906,55.188751220703125,85.02661318168722,1741718091872.9001,1
1,1,block_2,2,Provo_ID12,1,1078535,1258031,1,gaze_data,1741718091959,26.128196716308594,69.72463611925501,1741718091924.9001,1
1,1,block_2,2,Provo_ID12,1,1078535,1258031,1,gaze_data,1741718091990,31.19335174560547,73.75987750072024,1741718091954.6,1
1,1,block_2,2,Provo_ID12,1,1078535,1258031,1,gaze_data,1741718092022,28.484153747558594,87.71239506189839,1741718091985.3,1
1,1,block_2,2,Provo_ID12,1,1078535,1258031,1,gaze_data,1741718092054,38.56687545776367,95.99390588458344,1741718092018.4001,1
1,1,block_2,2,Provo_ID12,1,1078535,1258031,1,gaze_data,1741718092083,39.25595283508301,91.75201548412927,1741718092051.3,1
1,1,block_2,2,Provo_ID12,1,1078535,1258031,1,gaze_data,1741718092120,74.54252243041992,75.21169335619746,1741718092081.7002,1
1,1,block_2,2,Provo_ID12,1,1078535,1258031,1,gaze_data,1741718092159,248.60072135925293,117.46035842730011,1741718092112.7002,1
1,1,block_2,2,Provo_ID12,1,1078535,1258031,1,gaze_data,1741718092184,248.06023836135864,110.46218954818626,1741718092146.3,1
1,1,block_2,2,Provo_ID12,1,1078535,1258031,1,gaze_data,1741718092225,270.3587532043457,99.97382836331515,1741718092178.9001,1
1,1,block_2,2,Provo_ID12,1,1078535,1258031,1,gaze_data,1741718092252,257.62083530426025,102.31234784240061,1741718092209.9001,1
1,1,block_2,2,Provo_ID12,1,1078535,1258031,1,gaze_data,1741718092286,282.1348309516907,116.40656609855867,1741718092240.7002,1
1,1,block_2,2,Provo_ID12,1,1078535,1258031,1,gaze_data,1741718092325,324.10606145858765,95.84424397433399,1741718092290.3,1
1,1,block_2,2,Provo_ID12,1,1078535,1258031,1,gaze_data,1741718092357,427.36420929431915,72.85025838657471,1741718092322.1,1
1,1,block_2,2,Provo_ID12,1,1078535,1258031,1,gaze_data,1741718092386,452.41678953170776,95.55853390641947,1741718092352.4001,1
1,1,block_2,2,Provo_ID12,1,1078535,1258031,1,gaze_data,1741718092421,468.97339820861816,96.32355530711938,1741718092385.6,1
1,1,block_2,2,Provo_ID12,1,1078535,1258031,1,gaze_data,1741718092455,463.82676362991333,94.21950069270268,1741718092417.4001,1
1,1,block_2,2,Provo_ID12,1,1078535,1258031,1,gaze_data,1741718092477,472.4962830543518,90.75663270764133,1741718092448.7002,1
1,1,block_2,2,Provo_ID12,1,1078535,1258031,1,gaze_data,1741718092526,480.6170642375946,104.34289712967944,1741718092480.1,1
1,1,block_2,2,Provo_ID12,1,1078535,1258031,1,gaze_data,1741718092549,468.41779351234436,123.41629326214242,1741718092513,1
1,1,block_2,2,Provo_ID12,1,1078535,1258031,1,gaze_data,1741718092591,215.90343713760376,139.5358178724177,1741718092545.8,1
1,1,block_2,2,Provo_ID12,1,1078535,1258031,1,gaze_data,1741718092624,45.36409378051758,155.3640245615531,1741718092576.7002,0.943379806070733
1,1,block_2,2,Provo_ID12,1,1078535,1258031,1,gaze_data,1741718092663,50.349998474121094,195.37717070341628,1741718092609.3,0.9576072379244929
1,1,block_2,2,Provo_ID12,1,1078535,1258031,1,gaze_data,1741718092682,60.068321228027344,192.49698696839835,1741718092660,0.9576072379244929
1,1,block_2,2,Provo_ID12,1,1078535,1258031,1,gaze_data,1741718092722,59.20886993408203,190.44991946272117,1741718092688.7002,1
1,1,block_2,2,Provo_ID12,1,1078535,1258031,1,gaze_data,1741718092758,41.165924072265625,196.98926094038626,1741718092720.9001,1
1,1,block_2,2,Provo_ID12,1,1078535,1258031,1,gaze_data,1741718092777,50.360965728759766,199.63249984377117,1741718092753,1
1,1,block_2,2,Provo_ID12,1,1078535,1258031,1,gaze_data,1741718092817,48.82388114929199,195.01601899782128,1741718092785,1
1,1,block_2,2,Provo_ID12,1,1078535,1258031,1,gaze_data,1741718092846,42.17634201049805,200.30881960324766,1741718092817.6,1
1,1,block_2,2,Provo_ID12,1,1078535,1258031,1,gaze_data,1741718092884,98.60773086547852,185.03491532000956,1741718092848.9001,1
1,1,block_2,2,Provo_ID12,1,1078535,1258031,1,gaze_data,1741718092910,290.35656452178955,227.54681436203566,1741718092882.6,1
1,1,block_2,2,Provo_ID12,1,1078535,1258031,1,gaze_data,1741718092952,287.4876022338867,216.84118423958404,1741718092912.4001,1
1,1,block_2,2,Provo_ID12,1,1078535,1258031,1,gaze_data,1741718092983,286.1396312713623,221.81214955261626,1741718092945.3,1
1,1,block_2,2,Provo_ID12,1,1078535,1258031,1,gaze_data,1741718093017,276.3095021247864,212.24440349156842,1741718092995.6,1
1,1,block_2,2,Provo_ID12,1,1078535,1258031,1,gaze_data,1741718093049,293.6513304710388,209.56637988638724,1741718093027,1
1,1,block_2,2,Provo_ID12,1,1078535,1258031,1,gaze_data,1741718093083,306.6771149635315,224.3790186925462,1741718093056.6,1
1,1,block_2,2,Provo_ID12,1,1078535,1258031,1,gaze_data,1741718093116,307.831871509552,221.16248012881994,1741718093089.1,1
1,1,block_2,2,Provo_ID12,1,1078535,1258031,1,gaze_data,1741718093159,374.2059051990509,189.1637847635596,1741718093121.3,1
1,1,block_2,2,Provo_ID12,1,1078535,1258031,1,gaze_data,1741718093183,376.9720256328583,191.56884629917766,1741718093153,1
1,1,block_2,2,Provo_ID12,1,1078535,1258031,1,gaze_data,1741718093223,393.0469214916229,213.97723944740542,1741718093187.2002,0.9836573218546181
1,1,block_2,2,Provo_ID12,1,1078535,1258031,1,gaze_data,1741718093257,396.1351364850998,210.78276272192434,1741718093216.6,0.969421448484042
1,1,block_2,2,Provo_ID12,1,1078535,1258031,1,gaze_data,1741718093288,407.1277856826782,201.9161360899952,1741718093248.6,0.9741284993080415
1,1,block_2,2,Provo_ID12,1,1078535,1258031,1,gaze_data,1741718093315,396.69187366962433,211.81869444774702,1741718093280.3,0.9809359272531073
1,1,block_2,2,Provo_ID12,1,1078535,1258031,1,gaze_data,1741718093349,408.16004425287247,203.84561369062246,1741718093313,1
1,1,block_2,2,Provo_ID12,1,1078535,1258031,1,gaze_data,1741718093389,398.01205694675446,209.93655219253904,1741718093362.2002,0.9376112696441297
1,1,block_2,2,Provo_ID12,1,1078535,1258031,1,gaze_data,1741718093425,407.83094465732574,210.8921884714652,1741718093394.6,1
1,1,block_2,2,Provo_ID12,1,1078535,1258031,1,gaze_data,1741718093461,407.3043540120125,212.67853734808733,1741718093427.4001,1
1,1,block_2,2,Provo_ID12,1,1078535,1258031,1,gaze_data,1741718093495,409.62369590997696,201.2340036752167,1741718093459.2002,1
1,1,block_2,2,Provo_ID12,1,1078535,1258031,1,gaze_data,1741718093528,404.7018736600876,212.91159280210152,1741718093489.1,0.9444413371839291
1,1,block_2,2,Provo_ID12,1,1078535,1258031,1,gaze_data,1741718093558,536.0558748245239,181.0439856605778,1741718093524.5,0.9444413371839291
1,1,block_2,2,Provo_ID12,1,1078535,1258031,1,gaze_data,1741718093588,592.5179123878479,183.44016623341855,1741718093553.5,1
1,1,block_2,2,Provo_ID12,1,1078535,1258031,1,gaze_data,1741718093623,606.5926313400269,187.0840792542166,1741718093585.1,0.790009956361749
1,1,block_2,2,Provo_ID12,1,1078535,1258031,1,gaze_data,1741718093654,606.7107677459717,194.9120391216816,1741718093617.8,0.7904492808809764
1,1,block_2,2,Provo_ID12,1,1078535,1258031,1,gaze_data,1741718093694,619.3071842193604,192.16006148663104,1741718093649.4001,0.8950013818870834
1,1,block_2,2,Provo_ID12,1,1078535,1258031,1,gaze_data,1741718093726,619.306755065918,205.44633182682855,1741718093698.4001,1
1,1,block_2,2,Provo_ID12,1,1078535,1258031,1,gaze_data,1741718093759,616.9231414794922,205.4285922433187,1741718093729,0.9203878580311042
1,1,block_2,2,Provo_ID12,1,1078535,1258031,1,gaze_data,1741718093792,619.9126720428467,206.61860401873474,1741718093761.3,1
1,1,block_2,2,Provo_ID12,1,1078535,1258031,1,gaze_data,1741718093831,624.1943836212158,209.97468633920664,1741718093792.9001,0.9327200382902503
1,1,block_2,2,Provo_ID12,1,1078535,1258031,1,gaze_data,1741718093860,619.3654775619507,203.07014366034053,1741718093828.4001,0.9654655146580127
1,1,block_2,2,Provo_ID12,1,1078535,1258031,1,gaze_data,1741718093893,619.6358680725098,206.36575909860738,1741718093856.5,0.9414053233693003
1,1,block_2,2,Provo_ID12,1,1078535,1258031,1,gaze_data,1741718093925,568.8934564590454,242.20766038542973,1741718093889.5,0.9380574621872468
1,1,block_2,2,Provo_ID12,1,1078535,1258031,1,gaze_data,1741718093953,555.1117658615112,247.42098661410319,1741718093921.1,0.9380574621872468
1,1,block_2,2,Provo_ID12,1,1078535,1258031,1,gaze_data,1741718093985,554.7951698303223,225.02542059230183,1741718093953.1,0.9752477478348847
1,1,block_2,2,Provo_ID12,1,1078535,1258031,1,gaze_data,1741718094012,552.860689163208,233.53398523723743,1741718093985.7002,0.9693489465057818
1,1,block_2,2,Provo_ID12,1,1078535,1258031,1,gaze_data,1741718094059,543.5951709747314,221.19659829294864,1741718094017.2002,0.9692741102502254
1,1,block_2,2,Provo_ID12,1,1078535,1258031,1,gaze_data,1741718094079,543.3981537818909,231.15962818749816,1741718094064.7002,0.9692741102502254
1,1,block_2,2,Provo_ID12,1,1078535,1258031,1,gaze_data,1741718094126,558.5956811904907,223.2534367195179,1741718094097.5,0.8515754520670704
1,1,block_2,2,Provo_ID12,1,1078535,1258031,1,gaze_data,1741718094156,628.5446882247925,223.9605466093779,1741718094129.3,0.8515754520670704
1,1,block_2,2,Provo_ID12,1,1078535,1258031,1,gaze_data,1741718094187,642.1646595001221,223.58211984861958,1741718094161.5,1
1,1,block_2,2,Provo_ID12,1,1078535,1258031,1,gaze_data,1741718094224,645.9681510925293,218.25033982250022,1741718094192.9001,0.7993634797065936
1,1,block_2,2,Provo_ID12,1,1078535,1258031,1,gaze_data,1741718094260,659.6222877502441,219.6736211631924,1741718094225,0.8475062010562763
1,1,block_2,2,Provo_ID12,1,1078535,1258031,1,gaze_data,1741718094295,662.1757984161377,234.09088397491522,1741718094257.5,0.8979328724744295
1,1,block_2,2,Provo_ID12,1,1078535,1258031,1,gaze_data,1741718094316,487.53437399864197,249.15748480343765,1741718094289.3,0.8979328724744295
1,1,block_2,2,Provo_ID12,1,1078535,1258031,1,gaze_data,1741718094357,183.71729850769043,289.66466940923266,1741718094320.7002,0.7089223304268036
1,1,block_2,2,Provo_ID12,1,1078535,1258031,1,gaze_data,1741718094384,68.33348274230957,300.6380317009452,1741718094353.4001,0.7089223304268036
1,1,block_2,2,Provo_ID12,1,1078535,1258031,1,gaze_data,1741718094413,31.883859634399414,277.7209623258181,1741718094402.2002,0.6291315305920867
1,1,block_2,2,Provo_ID12,1,1078535,1258031,1,gaze_data,1741718094451,79.76369857788086,294.02500243611036,1741718094434.8,0.8182982089383539
1,1,block_2,2,Provo_ID12,1,1078535,1258031,1,gaze_data,1741718094487,53.97377014160156,316.4322040086196,1741718094464.8,0.968493309928764
1,1,block_2,2,Provo_ID12,1,1078535,1258031,1,gaze_data,1741718094522,58.379554748535156,313.36032180620634,1741718094497.2002,1
1,1,block_2,2,Provo_ID12,1,1078535,1258031,1,gaze_data,1741718094562,56.44378662109375,306.0144809218136,1741718094530.2002,0.9504216817821081
1,1,block_2,2,Provo_ID12,1,1078535,1258031,1,gaze_data,1741718094597,81.58674240112305,306.7341181823333,1741718094562.7002,0.9088592430509752
1,1,block_2,2,Provo_ID12,1,1078535,1258031,1,gaze_data,1741718094630,53.10325622558594,298.9815850578523,1741718094592.8,1
1,1,block_2,2,Provo_ID12,1,1078535,1258031,1,gaze_data,1741718094661,56.5058708190918,306.48568953971284,1741718094624.8,0.9890262901420845
1,1,block_2,2,Provo_ID12,1,1078535,1258031,1,gaze_data,1741718094693,168.13054084777832,292.91652422923585,1741718094657.5,0.9313616239981233
1,1,block_2,2,Provo_ID12,1,1078535,1258031,1,gaze_data,1741718094725,235.84805727005005,295.96637717555245,1741718094689.4001,0.8367093677684029
1,1,block_2,2,Provo_ID12,1,1078535,1258031,1,gaze_data,1741718094763,237.74768114089966,292.4909529613569,1741718094722.8,0.8367093677684029
1,1,block_2,2,Provo_ID12,1,1078535,1258031,1,gaze_data,1741718094782,273.0350136756897,297.41707592879357,1741718094769.3,0.8991678556513181
1,1,block_2,2,Provo_ID12,1,1078535,1258031,1,gaze_data,1741718094818,276.8183946609497,297.85425761258006,1741718094802.1,0.8152250659413753
1,1,block_2,2,Provo_ID12,1,1078535,1258031,1,gaze_data,1741718094856,274.52104091644287,315.18492957257916,1741718094833.8,0.9236018090137117
1,1,block_2,2,Provo_ID12,1,1078535,1258031,1,gaze_data,1741718094894,264.6588921546936,316.0703745943347,1741718094865.9001,0.807182709454223
1,1,block_2,2,Provo_ID12,1,1078535,1258031,1,gaze_data,1741718094927,362.9546046257019,298.4654465880156,1741718094899.6,0.7808008059465411
1,1,block_2,2,Provo_ID12,1,1078535,1258031,1,gaze_data,1741718094964,490.06950855255127,321.60682264481085,1741718094930.4001,0.6960108113509866
1,1,block_2,2,Provo_ID12,1,1078535,1258031,1,gaze_data,1741718094990,476.8480181694031,347.5024589488925,1741718094960.9001,0
1,1,block_2,2,Provo_ID12,1,1078535,1258031,1,gaze_data,1741718097642,393.281352519989,221.64530102446383,1741718097615.9001,1
1,1,block_2,2,Provo_ID12,1,1078535,1258031,1,gaze_data,1741718097673,384.3889534473419,199.04250974510342,1741718097651.4001,1
1,1,block_2,2,Provo_ID12,1,1078535,1258031,1,gaze_data,1741718097708,387.9459351301193,213.53804884143094,1741718097680.2002,1
1,1,block_2,2,Provo_ID12,1,1078535,1258031,1,gaze_data,1741718097732,396.2115913629532,203.27825980693297,1741718097712,1
1,1,block_2,2,Provo_ID12,1,1078535,1258031,1,gaze_data,1741718097779,411.12146973609924,210.9406465046318,1741718097744.2002,1
1,1,block_2,2,Provo_ID12,1,1078535,1258031,1,gaze_data,1741718097804,399.71707463264465,201.95520487886705,1741718097777.6,1
1,1,block_2,2,Provo_ID12,1,1078535,1258031,1,gaze_data,1741718097833,411.0574707388878,213.88006644755797,1741718097807.9001,1
1,1,block_2,2,Provo_ID12,1,1078535,1258031,1,gaze_data,1741718097867,407.73568749427795,201.0638578336306,1741718097841.6,1
1,1,block_2,2,Provo_ID12,1,1078535,1258031,1,gaze_data,1741718097901,412.55311369895935,196.09056336243603,1741718097872.7002,1
1,1,block_2,2,Provo_ID12,1,1078535,1258031,1,gaze_data,1741718097947,411.9285359978676,193.8248230940349,1741718097922.2002,1
1,1,block_2,2,Provo_ID12,1,1078535,1258031,1,gaze_data,1741718097982,409.6746936440468,192.84468876307025,1741718097952.3,1
1,1,block_2,2,Provo_ID12,1,1078535,1258031,1,gaze_data,1741718098019,377.2421419620514,253.9382727699528,1741718097985,1
1,1,block_2,2,Provo_ID12,1,1078535,1258031,1,gaze_data,1741718098055,340.678471326828,282.4590248554751,1741718098016.9001,0.992155375195932
1,1,block_2,2,Provo_ID12,1,1078535,1258031,1,gaze_data,1741718098078,331.5764367580414,279.67542950346774,1741718098049.1,0.9724815085586411
1,1,block_2,2,Provo_ID12,1,1078535,1258031,1,gaze_data,1741718098108,333.0036222934723,273.11166444724654,1741718098080.7002,0.9587772854121734
1,1,block_2,2,Provo_ID12,1,1078535,1258031,1,gaze_data,1741718098154,330.1219403743744,263.4004712880563,1741718098113,1
1,1,block_2,2,Provo_ID12,1,1078535,1258031,1,gaze_data,1741718098180,337.45885491371155,276.2847635596021,1741718098145.2002,1
1,1,block_2,2,Provo_ID12,1,1078535,1258031,1,gaze_data,1741718098213,327.10829973220825,261.5528735576638,1741718098176.8,1
1,1,block_2,2,Provo_ID12,1,1078535,1258031,1,gaze_data,1741718098251,154.3966293334961,354.5204973531131,1741718098209.5,1
1,1,block_2,2,Provo_ID12,1,1078535,1258031,1,gaze_data,1741718098282,165.80281257629395,341.30816428625144,1741718098240.9001,0.8664526985321884
1,1,block_2,2,Provo_ID12,1,1078535,1258031,1,gaze_data,1741718098317,177.54225730895996,344.2543501450545,1741718098291.2002,0.9346497869613368
1,1,block_2,2,Provo_ID12,1,1078535,1258031,1,gaze_data,1741718098347,153.56955528259277,341.1542127034152,1741718098320.3,0.9565272908248867
1,1,block_2,2,Provo_ID12,1,1078535,1258031,1,gaze_data,1741718098380,146.47417068481445,342.92486443178257,1741718098353.1,0.9413035247490313
1,1,block_2,2,Provo_ID12,1,1078535,1258031,1,gaze_data,1741718098421,145.03464698791504,336.13919818737503,1741718098385.2002,0.9131451224530216
1,1,block_2,2,Provo_ID12,1,1078535,1258031,1,gaze_data,1741718098449,164.62926864624023,326.0377639803607,1741718098418.2002,0.9131451224530216
1,1,block_2,2,Provo_ID12,1,1078535,1258031,1,gaze_data,1741718098486,181.61025047302246,327.88201040404476,1741718098452.1,0.9445712108278577
1,1,block_2,2,Provo_ID12,1,1078535,1258031,1,gaze_data,1741718098515,280.48678636550903,310.1820467868234,1741718098481.8,1
1,1,block_2,2,Provo_ID12,1,1078535,1258031,1,gaze_data,1741718098543,351.81064009666443,333.69804680218147,1741718098512.3,0.9887996473330771
1,1,block_2,2,Provo_ID12,1,1078535,1258031,1,gaze_data,1741718098579,371.6527998447418,360.89343155800907,1741718098545,0.927745575805444
1,1,block_2,2,Provo_ID12,1,1078535,1258031,1,gaze_data,1741718098616,382.7529698610306,343.47494046755315,1741718098577.7002,0.9547927905975198
1,1,block_2,2,Provo_ID12,1,1078535,1258031,1,gaze_data,1741718098645,388.2949024438858,334.6208775121064,1741718098610.5,0.7946325958950657
1,1,block_2,2,Provo_ID12,1,1078535,1258031,1,gaze_data,1741718098691,385.4687362909317,336.004974630029,1741718098657.7002,0.8462195375825159
1,1,block_2,2,Provo_ID12,1,1078535,1258031,1,gaze_data,1741718098721,399.7749239206314,326.3568158263498,1741718098689,0.8655711191275581
1,1,block_2,2,Provo_ID12,1,1078535,1258031,1,gaze_data,1741718098758,449.12668466567993,295.7411097859612,1741718098721.2002,0.7779436607083476
1,1,block_2,2,Provo_ID12,1,1078535,1258031,1,gaze_data,1741718098787,471.1376488208771,324.80073709549976,1741718098753.9001,0.9070593443106536
1,1,block_2,2,Provo_ID12,1,1078535,1258031,1,gaze_data,1741718098820,488.41211199760437,333.0206732429289,1741718098784.5,0.9418268304852013
1,1,block_2,2,Provo_ID12,1,1078535,1258031,1,gaze_data,1741718098850,585.266375541687,332.7784631360896,1741718098816.5,1
1,1,block_2,2,Provo_ID12,1,1078535,1258031,1,gaze_data,1741718098881,605.5020809173584,344.0047075846707,1741718098848.9001,0.9268951480662837
1,1,block_2,2,Provo_ID12,1,1078535,1258031,1,gaze_data,1741718098916,596.4187145233154,336.81258741531866,1741718098880.4001,0.6337202326909808
1,1,block_2,2,Provo_ID12,1,1078535,1258031,1,gaze_data,1741718098950,589.3169403076172,348.1962911477575,1741718098913.2002,0.6872893970751286
1,1,block_2,2,Provo_ID12,1,1078535,1258031,1,gaze_data,1741718098982,585.9609723091125,340.41259087088827,1741718098945,0.6375903055181235
1,1,block_2,2,Provo_ID12,1,1078535,1258031,1,gaze_data,1741718099025,535.3172183036804,337.76744172267956,1741718098992.6,0.7956813903522173
1,1,block_2,2,Provo_ID12,1,1078535,1258031,1,gaze_data,1741718099058,276.1642336845398,386.1397633583582,1741718099028.1,0.7956813903522173
1,1,block_2,2,Provo_ID12,1,1078535,1258031,1,gaze_data,1741718099085,118.60628128051758,422.25841927683535,1741718099057.1,0.8563351296414048
1,1,block_2,2,Provo_ID12,1,1078535,1258031,1,gaze_data,1741718099120,117.71020889282227,397.76954237137335,1741718099088.4001,0.7606610961124166
1,1,block_2,2,Provo_ID12,1,1078535,1258031,1,gaze_data,1741718099148,80.2215576171875,400.9812261949651,1741718099120.9001,0.7525039279851098
1,1,block_2,2,Provo_ID12,1,1078535,1258031,1,gaze_data,1741718099178,101.95269584655762,397.00166118894896,1741718099152.7002,0.991327380130901
1,1,block_2,2,Provo_ID12,1,1078535,1258031,1,gaze_data,1741718099224,99.56903457641602,397.74740885240135,1741718099186.9001,0.9127901870982713
1,1,block_2,2,Provo_ID12,1,1078535,1258031,1,gaze_data,1741718099254,102.79922485351562,394.91303748008744,1741718099217.1,0.9515936395879807
1,1,block_2,2,Provo_ID12,1,1078535,1258031,1,gaze_data,1741718099285,107.12857246398926,395.03395262612696,1741718099248.2002,1
1,1,block_2,2,Provo_ID12,1,1078535,1258031,1,gaze_data,1741718099320,107.25293159484863,395.0081550118204,1741718099281.6,0.9424170524568605
1,1,block_2,2,Provo_ID12,1,1078535,1258031,1,gaze_data,1741718099353,193.61844062805176,399.2117064635304,1741718099313.3,1
1,1,block_2,2,Provo_ID12,1,1078535,1258031,1,gaze_data,1741718099391,196.74811363220215,405.7493462221224,1741718099361.6,0.9421721221286239
1,1,block_2,2,Provo_ID12,1,1078535,1258031,1,gaze_data,1741718099424,196.1376667022705,408.218350689737,1741718099393.4001,0.8817155728990698
1,1,block_2,2,Provo_ID12,1,1078535,1258031,1,gaze_data,1741718099457,196.4303493499756,412.9154825934619,1741718099426,0.9401906623050307
1,1,block_2,2,Provo_ID12,1,1078535,1258031,1,gaze_data,1741718099494,208.97973775863647,411.7657311826363,1741718099460.1,0.8380718217606216
1,1,block_2,2,Provo_ID12,1,1078535,1258031,1,gaze_data,1741718099521,204.5462727546692,412.4069776555721,1741718099488.4001,0.8752262715062868
1,1,block_2,2,Provo_ID12,1,1078535,1258031,1,gaze_data,1741718099562,202.0572543144226,414.6073413774403,1741718099520.7002,0.8626730956614507
1,1,block_2,2,Provo_ID12,1,1078535,1258031,1,gaze_data,1741718099592,258.400022983551,409.1270463327007,1741718099553.8,0.9246814819725317
1,1,block_2,2,Provo_ID12,1,1078535,1258031,1,gaze_data,1741718099623,321.3578939437866,402.4880630592462,1741718099585.2002,0.8604188956325439
1,1,block_2,2,Provo_ID12,1,1078535,1258031,1,gaze_data,1741718099654,391.4596498012543,382.3445649053942,1741718099616.2002,0.7837861671703727
1,1,block_2,2,Provo_ID12,1,1078535,1258031,1,gaze_data,1741718099689,521.1789131164551,349.42850704565484,1741718099649.1,0.7127224529084795
1,1,block_2,2,Provo_ID12,1,1078535,1258031,1,gaze_data,1741718099726,544.4324374198914,340.2960473182662,1741718099698.3,0.6489426262879276
1,1,block_2,2,Provo_ID12,1,1078535,1258031,1,gaze_data,1741718099756,569.4739699363708,347.1950249661592,1741718099729.6,0.5320706680277683
1,1,block_2,2,Provo_ID12,1,1078535,1258031,1,gaze_data,1741718099790,530.7610392570496,337.84847631888897,1741718099761,0.8462268687345873
1,1,block_2,2,Provo_ID12,1,1078535,1258031,1,gaze_data,1741718099836,536.5410685539246,331.90755533810034,1741718099794.6,0.848687329554367
1,1,block_2,2,Provo_ID12,1,1078535,1258031,1,gaze_data,1741718099852,543.8501000404358,326.380252631264,1741718099827.6,0.848687329554367
1,1,block_2,2,Provo_ID12,1,1078535,1258031,1,gaze_data,1741718099881,554.4079184532166,329.72487162095604,1741718099856.3,0.9609015040520394
1,1,block_2,2,Provo_ID12,1,1078535,1258031,1,gaze_data,1741718099930,543.650758266449,324.97987561008676,1741718099890.7002,0.8419950075203385
1,1,block_2,2,Provo_ID12,1,1078535,1258031,1,gaze_data,1741718099954,535.9306216239929,319.9945909082243,1741718099922.5,0.8419950075203385
1,1,block_2,2,Provo_ID12,1,1078535,1258031,1,gaze_data,1741718099996,546.8880653381348,331.7385079803798,1741718099953.8,0.9657856748015812
1,1,block_2,2,Provo_ID12,1,1078535,1258031,1,gaze_data,1741718100023,422.56114035844803,366.051316002703,1741718099986.6,0.9212221183649323
1,1,block_2,2,Provo_ID12,1,1078535,1258031,1,gaze_data,1741718100053,246.37584686279297,414.6381138203718,1741718100016.4001,0.7953790689520162
1,1,block_2,2,Provo_ID12,1,1078535,1258031,1,gaze_data,1741718100090,262.7832293510437,391.19228272013964,1741718100065.9001,0.7094726542040295
1,1,block_2,2,Provo_ID12,1,1078535,1258031,1,gaze_data,1741718100123,309.25270318984985,404.8242366236358,1741718100097,0.8085263568061236
1,1,block_2,2,Provo_ID12,1,1078535,1258031,1,gaze_data,1741718100157,418.3304086327553,396.686817094716,1741718100128.8,0.8144838066381848
1,1,block_2,2,Provo_ID12,1,1078535,1258031,1,gaze_data,1741718100191,413.3305758237839,392.87690268162794,1741718100161.8,0.8332778069307873
1,1,block_2,2,Provo_ID12,1,1078535,1258031,1,gaze_data,1741718100223,438.9693081378937,424.65548236044265,1741718100192.6,0.6529628149903872
1,1,block_2,2,Provo_ID12,1,1078535,1258031,1,gaze_data,1741718100265,458.2775115966797,428.07330878334295,1741718100224.6,0.6944670433980131
1,1,block_2,2,Provo_ID12,1,1078535,1258031,1,gaze_data,1741718100293,490.4366195201874,402.9043698259134,1741718100259.7002,0.7567508297255037
1,1,block_2,2,Provo_ID12,1,1078535,1258031,1,gaze_data,1741718100321,505.40279150009155,418.58154429272304,1741718100289.3,0.736415142769753
1,1,block_2,2,Provo_ID12,1,1078535,1258031,1,gaze_data,1741718100366,501.1438012123108,410.67958012578805,1741718100323.8,0.6663670895858355
1,1,block_2,2,Provo_ID12,1,1078535,1258031,1,gaze_data,1741718100400,497.9981541633606,410.8044274716988,1741718100353.2002,0.745891139414188
1,1,block_2,2,Provo_ID12,1,1078535,1258031,1,gaze_data,1741718100415,499.8474657535553,408.1407791104596,1741718100401.6,0.745891139414188
1,1,block_2,2,Provo_ID12,1,1078535,1258031,1,gaze_data,1741718100463,510.14997959136963,397.83466198439197,1741718100433.6,0.7267906015067601
1,1,block_2,2,Provo_ID12,1,1078535,1258031,1,gaze_data,1741718100486,510.7317328453064,405.83746324650895,1741718100466.4001,0.663643435365523
1,1,block_2,2,Provo_ID12,1,1078535,1258031,1,gaze_data,1741718100513,612.5148296356201,382.8918258435297,1741718100498.1,0.731079918460197
1,1,block_2,2,Provo_ID12,1,1078535,1258031,1,gaze_data,1741718100552,634.2896938323975,386.6584860580345,1741718100529.2002,0.7558360074449383
1,1,block_2,2,Provo_ID12,1,1078535,1258031,1,gaze_data,1741718100592,605.71608543396,376.4156416026217,1741718100561.5,0.6232895827039965
1,1,block_2,2,Provo_ID12,1,1078535,1258031,1,gaze_data,1741718100615,631.0474395751953,391.56831422752,1741718100592.7002,0.7704708409742667
1,1,block_2,2,Provo_ID12,1,1078535,1258031,1,gaze_data,1741718100660,630.661678314209,373.0093138854054,1741718100625.5,0.6475148872477983
1,1,block_2,2,Provo_ID12,1,1078535,1258031,1,gaze_data,1741718100697,644.4533824920654,372.3273751016811,1741718100658.5,0.7049549857692181
1,1,block_2,2,Provo_ID12,1,1078535,1258031,1,gaze_data,1741718100722,646.1819648742676,375.50509901729424,1741718100689,0.6708774481447894
1,1,block_2,2,Provo_ID12,1,1078535,1258031,1,gaze_data,1741718100762,641.5666103363037,384.10249656296605,1741718100722.9001,0.8170751191186848
1,1,block_2,2,Provo_ID12,1,1078535,1258031,1,gaze_data,1741718100803,554.2383790016174,314.9319506001834,1741718100770.5,0.8458192054490579
1,1,block_2,2,Provo_ID12,1,1078535,1258031,1,gaze_data,1741718100839,342.7426755428314,128.87808909385168,1741718100802.2002,0.9445294877664279
1,1,block_2,2,Provo_ID12,1,1078535,1258031,1,gaze_data,1741718100874,144.1835880279541,122.47560381113578,1741718100834.6,0.6329577127178345
1,1,block_2,2,Provo_ID12,1,1078535,1258031,1,gaze_data,1741718100910,94.01626586914062,126.98066115637921,1741718100864.7002,0.8381637273310454
1,1,block_2,2,Provo_ID12,1,1078535,1258031,1,gaze_data,1741718100940,98.70271682739258,136.7586942660317,1741718100897.7002,1
1,1,block_2,2,Provo_ID12,1,1078535,1258031,1,gaze_data,1741718100966,46.77858352661133,115.93365948526048,1741718100929.4001,1
1,1,block_2,2,Provo_ID12,1,1078535,1258031,1,gaze_data,1741718101001,34.01374816894531,131.78714247432552,1741718100962.8,1
1,1,block_2,2,Provo_ID12,1,1078535,1258031,1,gaze_data,1741718101032,10.903072357177734,138.8056277194406,1741718100993.3,1
1,1,block_2,2,Provo_ID12,1,1078535,1258031,1,gaze_data,1741718101071,22.475194931030273,128.67940873748051,1741718101026.1,1
1,1,block_2,2,Provo_ID12,1,1078535,1258031,1,gaze_data,1741718101108,13.282060623168945,130.76530671688585,1741718101056.6,1
1,1,block_2,2,Provo_ID12,1,1078535,1258031,1,gaze_data,1741718101143,17.73242950439453,128.80570086894997,1741718101106.5,1
1,1,block_2,2,Provo_ID12,1,1078535,1258031,1,gaze_data,1741718101181,13.986825942993164,133.45178864783165,1741718101137,1
1,1,block_2,2,Provo_ID12,1,1078535,1258031,1,gaze_data,1741718101202,88.31915855407715,88.76637357434585,1741718101172.2002,1
1,1,block_2,2,Provo_ID12,1,1078535,1258031,1,gaze_data,1741718101229,294.568932056427,132.4478488682149,1741718101201,1
1,1,block_2,2,Provo_ID12,1,1078535,1258031,1,gaze_data,1741718101265,293.1005597114563,162.65923092525588,1741718101232.8,1
1,1,block_2,2,Provo_ID12,1,1078535,1258031,1,gaze_data,1741718101307,325.7347583770752,169.75002247444203,1741718101264.9001,1
1,1,block_2,2,Provo_ID12,1,1078535,1258031,1,gaze_data,1741718101343,343.6705768108368,127.060563755656,1741718101298.4001,1
1,1,block_2,2,Provo_ID12,1,1078535,1258031,1,gaze_data,1741718101368,325.0514507293701,155.43740328377083,1741718101328.9001,1
1,1,block_2,2,Provo_ID12,1,1078535,1258031,1,gaze_data,1741718101402,350.05109906196594,152.51236044662377,1741718101361.6,1
1,1,block_2,2,Provo_ID12,1,1078535,1258031,1,gaze_data,1741718101432,367.3166871070862,128.05734663361324,1741718101393.2002,1
1,1,block_2,2,Provo_ID12,1,1078535,1258031,1,gaze_data,1741718101466,414.5768240094185,131.69309736073922,1741718101426.2002,1
1,1,block_2,2,Provo_ID12,1,1078535,1258031,1,gaze_data,1741718101501,416.3866460323334,136.27474323529225,1741718101473.5,1
1,1,block_2,2,Provo_ID12,1,1078535,1258031,1,gaze_data,1741718101551,445.6662952899933,128.62410472944347,1741718101506.7002,1
1,1,block_2,2,Provo_ID12,1,1078535,1258031,1,gaze_data,1741718101572,468.01304817199707,124.89093523997805,1741718101538.9001,1
1,1,block_2,2,Provo_ID12,1,1078535,1258031,1,gaze_data,1741718101600,480.1356077194214,122.64372769767446,1741718101568.3,1
1,1,block_2,2,Provo_ID12,1,1078535,1258031,1,gaze_data,1741718101638,388.18363547325134,92.45373442478139,1741718101602.2002,1
1,1,block_2,2,Provo_ID12,1,1078535,1258031,1,gaze_data,1741718101662,141.41759872436523,219.6369690388247,1741718101633.1,1
1,1,block_2,2,Provo_ID12,1,1078535,1258031,1,gaze_data,1741718101699,60.57877540588379,227.53627077876357,1741718101665.6,1
1,1,block_2,2,Provo_ID12,1,1078535,1258031,1,gaze_data,1741718101740,31.269121170043945,205.1883705784597,1741718101696.8,1
1,1,block_2,2,Provo_ID12,1,1078535,1258031,1,gaze_data,1741718101766,27.27203369140625,210.47045817344153,1741718101728.7002,1
1,1,block_2,2,Provo_ID12,1,1078535,1258031,1,gaze_data,1741718101810,54.68120574951172,212.53970574401723,1741718101760.6,1
1,1,block_2,2,Provo_ID12,1,1078535,1258031,1,gaze_data,1741718101838,48.474740982055664,212.4908660342533,1741718101810.2002,1
1,1,block_2,2,Provo_ID12,1,1078535,1258031,1,gaze_data,1741718101886,56.449222564697266,214.62949123920433,1741718101843.9001,1
1,1,block_2,2,Provo_ID12,1,1078535,1258031,1,gaze_data,1741718101902,67.37337112426758,217.34835237846457,1741718101875.7002,1
1,1,block_2,2,Provo_ID12,1,1078535,1258031,1,gaze_data,1741718101936,271.6633081436157,224.74758702607062,1741718101904.2002,1
1,1,block_2,2,Provo_ID12,1,1078535,1258031,1,gaze_data,1741718101971,339.47867155075073,207.54320719754102,1741718101937.1,1
1,1,block_2,2,Provo_ID12,1,1078535,1258031,1,gaze_data,1741718102005,411.11451983451843,233.5478484759879,1741718101968.8,1
1,1,block_2,2,Provo_ID12,1,1078535,1258031,1,gaze_data,1741718102038,417.32952892780304,225.57468300527708,1741718102002,1
1,1,block_2,2,Provo_ID12,1,1078535,1258031,1,gaze_data,1741718102066,418.6851352453232,225.05641738659907,1741718102032.5,1
1,1,block_2,2,Provo_ID12,1,1078535,1258031,1,gaze_data,1741718102112,436.61351203918457,233.88877039100498,1741718102064.8,1
1,1,block_2,2,Provo_ID12,1,1078535,1258031,1,gaze_data,1741718102137,434.2851012945175,240.18264633973095,1741718102100.5,1
1,1,block_2,2,Provo_ID12,1,1078535,1258031,1,gaze_data,1741718102169,427.3713171482086,229.3764509503081,1741718102128.1,1
1,1,block_2,2,Provo_ID12,1,1078535,1258031,1,gaze_data,1741718102212,458.19363594055176,230.54357423182424,1741718102177.5,1
1,1,block_2,2,Provo_ID12,1,1078535,1258031,1,gaze_data,1741718102237,611.8930339813232,248.7552013935081,1741718102209.8,1
1,1,block_2,2,Provo_ID12,1,1078535,1258031,1,gaze_data,1741718102271,643.1140422821045,250.64208388587141,1741718102240.9001,1
1,1,block_2,2,Provo_ID12,1,1078535,1258031,1,gaze_data,1741718102299,617.7676439285278,276.6832339272323,1741718102273.5,0.9764608448701875
1,1,block_2,2,Provo_ID12,1,1078535,1258031,1,gaze_data,1741718102339,632.2085380554199,279.2230291635509,1741718102305.1,0.8668691616438203
1,1,block_2,2,Provo_ID12,1,1078535,1258031,1,gaze_data,1741718102381,614.1359806060791,275.8082710481259,1741718102338.1,0.8113702021993185
1,1,block_2,2,Provo_ID12,1,1078535,1258031,1,gaze_data,1741718102399,612.7774715423584,268.9637521342445,1741718102370.3,0.8113702021993185
1,1,block_2,2,Provo_ID12,1,1078535,1258031,1,gaze_data,1741718102430,537.2246503829956,280.36661044635895,1741718102401.1,0.8444681731003246
1,1,block_2,2,Provo_ID12,1,1078535,1258031,1,gaze_data,1741718102469,252.1381974220276,335.62765473140297,1741718102433.1,0.9251288547225732
1,1,block_2,2,Provo_ID12,1,1078535,1258031,1,gaze_data,1741718102501,107.8068733215332,408.0181957584141,1741718102466.1,0.8751209771443964
1,1,block_2,2,Provo_ID12,1,1078535,1258031,1,gaze_data,1741718102536,135.26611328125,333.71240528959,1741718102515.3,0.6999219593985027
1,1,block_2,2,Provo_ID12,1,1078535,1258031,1,gaze_data,1741718102569,98.07591438293457,350.17735280597543,1741718102545.2002,0.8715796997175747
1,1,block_2,2,Provo_ID12,1,1078535,1258031,1,gaze_data,1741718102602,137.77694702148438,316.9639223309763,1741718102577.7002,0.7642645529553965
1,1,block_2,2,Provo_ID12,1,1078535,1258031,1,gaze_data,1741718102636,136.72075271606445,329.57521715805484,1741718102608.3,0.8348143749146546
1,1,block_2,2,Provo_ID12,1,1078535,1258031,1,gaze_data,1741718102667,115.64669609069824,320.22225634394914,1741718102641.3,0.8388153150650979
1,1,block_2,2,Provo_ID12,1,1078535,1258031,1,gaze_data,1741718102704,182.5554370880127,331.110495445268,1741718102673.9001,0.9081497082954315
1,1,block_2,2,Provo_ID12,1,1078535,1258031,1,gaze_data,1741718102744,214.59144353866577,335.2633676921985,1741718102707.9001,0.9390556521693583
1,1,block_2,2,Provo_ID12,1,1078535,1258031,1,gaze_data,1741718102770,209.22735929489136,349.60784663864433,1741718102737.8,0.9666356522836904
1,1,block_2,2,Provo_ID12,1,1078535,1258031,1,gaze_data,1741718102800,241.08738899230957,366.47819800387236,1741718102769.5,0.9268570118122267
1,1,block_2,2,Provo_ID12,1,1078535,1258031,1,gaze_data,1741718102846,336.0325753688812,329.29284350215227,1741718102801.4001,0.9567053158108934
1,1,block_2,2,Provo_ID12,1,1078535,1258031,1,gaze_data,1741718102873,345.8358943462372,369.4367911448448,1741718102833.3,0.7702387174763126
1,1,block_2,2,Provo_ID12,1,1078535,1258031,1,gaze_data,1741718102912,365.50050377845764,363.4894728919172,1741718102880.8,0.8427816698830088
1,1,block_2,2,Provo_ID12,1,1078535,1258031,1,gaze_data,1741718102945,385.46478748321533,353.6172680637583,1741718102913.3,0.808944433713469
1,1,block_2,2,Provo_ID12,1,1078535,1258031,1,gaze_data,1741718102979,382.07784593105316,359.4591318655945,1741718102945.5,0.8571943701411547
1,1,block_2,2,Provo_ID12,1,1078535,1258031,1,gaze_data,1741718103012,374.57958459854126,350.5640489160368,1741718102976.9001,0.8429653214653964
1,1,block_2,2,Provo_ID12,1,1078535,1258031,1,gaze_data,1741718103050,386.1756533384323,347.39829288904684,1741718103008.8,0.8953432902025479
1,1,block_2,2,Provo_ID12,1,1078535,1258031,1,gaze_data,1741718103078,370.07654309272766,349.16227924073854,1741718103040.6,0.8685725411739312
1,1,block_2,2,Provo_ID12,1,1078535,1258031,1,gaze_data,1741718103099,365.88733196258545,353.19973993197954,1741718103074.3,0.8685725411739312
1,1,block_2,2,Provo_ID12,1,1078535,1258031,1,gaze_data,1741718103133,370.44288516044617,353.39898628681703,1741718103104.6,1
1,1,block_2,2,Provo_ID12,1,1078535,1258031,1,gaze_data,1741718103174,167.01760292053223,356.2754500713886,1741718103137.5,0.9076340433750074
1,1,block_2,2,Provo_ID12,1,1078535,1258031,1,gaze_data,1741718103205,156.76746368408203,348.2666164571965,1741718103170.9001,0.9826166993407894
1,1,block_2,2,Provo_ID12,1,1078535,1258031,1,gaze_data,1741718103255,148.6408233642578,331.8413186228456,1741718103219.4001,0.7984437039388834
1,1,block_2,2,Provo_ID12,1,1078535,1258031,1,gaze_data,1741718103291,121.57669067382812,312.1472306985917,1741718103250,0.8322105782339132
1,1,block_2,2,Provo_ID12,1,1078535,1258031,1,gaze_data,1741718103323,56.26077651977539,348.7873275988531,1741718103282.1,0.8843572637764523
1,1,block_2,2,Provo_ID12,1,1078535,1258031,1,gaze_data,1741718103359,53.832435607910156,348.15670849185705,1741718103315,0.8843572637764523
1,1,block_2,2,Provo_ID12,1,1078535,1258031,1,gaze_data,1741718103382,62.13698387145996,331.2221237480511,1741718103346.4001,0.8962277623805215
1,1,block_2,2,Provo_ID12,1,1078535,1258031,1,gaze_data,1741718103416,71.93927764892578,326.2737778934636,1741718103377.9001,0.946170150976029
1,1,block_2,2,Provo_ID12,1,1078535,1258031,1,gaze_data,1741718103456,72.1125602722168,327.87766860002034,1741718103409.9001,0.9173727249934065
1,1,block_2,2,Provo_ID12,1,1078535,1258031,1,gaze_data,1741718103491,72.86677360534668,328.3080359601664,1741718103441.6,0.9335353524277115
1,1,block_2,2,Provo_ID12,1,1078535,1258031,1,gaze_data,1741718103524,74.66363906860352,319.71748252752803,1741718103475.2002,0.9735623192485718
1,1,block_2,2,Provo_ID12,1,1078535,1258031,1,gaze_data,1741718103549,47.48716354370117,366.75163484188585,1741718103506.2002,0.9735623192485718
1,1,block_2,2,Provo_ID12,1,1078535,1258031,1,gaze_data,1741718103589,11.156320571899414,432.6058542909436,1741718103540.1,0.9018213515326755
1,1,block_2,2,Provo_ID12,1,1078535,1258031,1,gaze_data,1741718103626,109.7710132598877,409.8270076991679,1741718103586.4001,0.9117022070172331
1,1,block_2,2,Provo_ID12,1,1078535,1258031,1,gaze_data,1741718103647,104.95028495788574,408.7288217275624,1741718103616.8,0.9117022070172331
1,1,block_2,2,Provo_ID12,1,1078535,1258031,1,gaze_data,1741718103681,108.93139839172363,405.60689334497016,1741718103649.3,0.900381858268295
1,1,block_2,2,Provo_ID12,1,1078535,1258031,1,gaze_data,1741718103721,178.2536506652832,383.0044595383253,1741718103681.5,0.8915751385421014
1,1,block_2,2,Provo_ID12,1,1078535,1258031,1,gaze_data,1741718103764,204.45724725723267,419.8264728140676,1741718103715.8,0.799789413330218
1,1,block_2,2,Provo_ID12,1,1078535,1258031,1,gaze_data,1741718103794,206.51239156723022,418.34153115361477,1741718103747.7002,0.7324377564594049
1,1,block_2,2,Provo_ID12,1,1078535,1258031,1,gaze_data,1741718103825,202.44125127792358,409.20265181204246,1741718103777.5,0.7193419583003324
1,1,block_2,2,Provo_ID12,1,1078535,1258031,1,gaze_data,1741718103851,210.01790761947632,405.82903284830024,1741718103809.6,0.7193419583003324
1,1,block_2,2,Provo_ID12,1,1078535,1258031,1,gaze_data,1741718103881,200.53645372390747,411.5785644266455,1741718103841.1,0.7664625147151249
1,1,block_2,2,Provo_ID12,1,1078535,1258031,1,gaze_data,1741718103916,214.77752923965454,415.35776597558805,1741718103875,0.768891587557273
1,1,block_2,2,Provo_ID12,1,1078535,1258031,1,gaze_data,1741718103960,273.8966464996338,414.3145414340005,1741718103907.7002,0.774436634132724
1,1,block_2,2,Provo_ID12,1,1078535,1258031,1,gaze_data,1741718103993,362.4172568321228,432.0138198951837,1741718103956.3,0.6905185431753261
1,1,block_2,2,Provo_ID12,1,1078535,1258031,1,gaze_data,1741718104027,373.0528771877289,429.54293869581244,1741718103986.8,0.6905185431753261
1,1,block_2,2,Provo_ID12,1,1078535,1258031,1,gaze_data,1741718104052,392.3403561115265,429.1036643071702,1741718104017.1,0.7261761667523194
1,1,block_2,2,Provo_ID12,1,1078535,1258031,1,gaze_data,1741718104085,388.7767881155014,431.3841317067177,1741718104049.4001,0.59982541878366
1,1,block_2,2,Provo_ID12,1,1078535,1258031,1,gaze_data,1741718104127,395.71906328201294,439.8602268442415,1741718104081.7002,0.6263085154544893
1,1,block_2,2,Provo_ID12,1,1078535,1258031,1,gaze_data,1741718104155,392.66602098941803,430.83865813216005,1741718104113.9001,0.6402076326498253
1,1,block_2,2,Provo_ID12,1,1078535,1258031,1,gaze_data,1741718104178,451.47488713264465,377.2205807898929,1741718104145.4001,0.6402076326498253
1,1,block_2,2,Provo_ID12,1,1078535,1258031,1,gaze_data,1741718104221,472.8421211242676,360.59841230479344,1741718104177.6,0.6665161362946459
1,1,block_2,2,Provo_ID12,1,1078535,1258031,1,gaze_data,1741718104247,484.25997495651245,360.19403619000815,1741718104209.3,0.6913095843394834
1,1,block_2,2,Provo_ID12,1,1078535,1258031,1,gaze_data,1741718104297,481.9734573364258,338.8937265391981,1741718104241.5,0.7428135434615037
1,1,block_2,2,Provo_ID12,1,1078535,1258031,1,gaze_data,1741718104330,478.81513833999634,341.4923967870352,1741718104289.3,0.8203396860911553
1,1,block_2,2,Provo_ID12,1,1078535,1258031,1,gaze_data,1741718104358,475.18373131752014,347.19717724980086,1741718104323.9001,0.8203396860911553
1,1,block_2,2,Provo_ID12,1,1078535,1258031,1,gaze_data,1741718104393,426.4949291944504,355.18198571856783,1741718104354,0.7936260048386954
1,1,block_2,2,Provo_ID12,1,1078535,1258031,1,gaze_data,1741718104426,406.15745186805725,370.43941274382286,1741718104387.4001,0.6661292409783575
1,1,block_2,2,Provo_ID12,1,1078535,1258031,1,gaze_data,1741718104460,381.0780733823776,356.22361652763186,1741718104418,0.6953319951508529
1,1,block_2,2,Provo_ID12,1,1078535,1258031,1,gaze_data,1741718104487,379.05259132385254,345.22152981375405,1741718104449.9001,0.6953319951508529
1,1,block_2,2,Provo_ID12,1,1078535,1258031,1,gaze_data,1741718104541,316.65650606155396,346.31408559008946,1741718104483.3,0.5885894971479338
1,1,block_2,2,Provo_ID12,1,1078535,1258031,1,gaze_data,1741718104571,211.45843267440796,345.4110648264854,1741718104515.4001,0.6095562990481374
1,1,block_2,2,Provo_ID12,1,1078535,1258031,1,gaze_data,1741718104584,199.3969440460205,347.59876805634406,1741718104545.4001,0.6095562990481374
1,1,block_2,2,Provo_ID12,1,1078535,1258031,1,gaze_data,1741718104622,209.07188653945923,357.661550525988,1741718104579.1,0.5984261782352812
1,1,block_2,2,Provo_ID12,1,1078535,1258031,1,gaze_data,1741718104666,181.11262321472168,342.70697736429804,1741718104610,0.6503455942079687
1,1,block_2,2,Provo_ID12,1,1078535,1258031,1,gaze_data,1741718104709,268.1317687034607,314.76256811179206,1741718104657.8,0.45666745706459866
1,1,block_2,2,Provo_ID12,1,1078535,1258031,1,gaze_data,1741718104736,447.5742697715759,305.937058289501,1741718104689.8,0.13145588510161793
1,1,block_2,2,Provo_ID12,1,1078535,1258031,1,gaze_data,1741718104763,644.1713333129883,310.5507575508829,1741718104722,0.13145588510161793
1,1,block_2,2,Provo_ID12,1,1078535,1258031,1,gaze_data,1741718104799,658.5776805877686,241.36294491120378,1741718104757.2002,0.04187115040265877
1,1,block_2,2,Provo_ID12,1,1078535,1258031,1,gaze_data,1741718104820,628.8937568664551,177.1649337900952,1741718104787.4001,0.04187115040265877
1,1,block_2,2,Provo_ID12,1,1078535,1258031,1,gaze_data,1741718104853,607.9694747924805,212.65265408927604,1741718104816.7002,0.4179345524707216
1,1,block_2,2,Provo_ID12,1,1078535,1258031,1,gaze_data,1741718104892,620.1704025268555,223.32811128032958,1741718104851.1,0.7723511971205234
1,1,block_2,2,Provo_ID12,1,1078535,1258031,1,gaze_data,1741718104916,610.5789661407471,229.03410752269554,1741718104883.5,0.8777520427679497
1,1,block_2,2,Provo_ID12,1,1078535,1258031,1,gaze_data,1741718104950,617.8698539733887,237.1790498042572,1741718104913.1,0.869444850361761
1,1,block_2,2,Provo_ID12,1,1078535,1258031,1,gaze_data,1741718104989,488.72801065444946,257.10385750793324,1741718104944.6,0.7523784032152111
1,1,block_2,2,Provo_ID12,1,1078535,1258031,1,gaze_data,1741718105020,179.59156036376953,320.0267187685356,1741718104992.1,0.7375882500559259
1,1,block_2,2,Provo_ID12,1,1078535,1258031,1,gaze_data,1741718105057,47.26252555847168,360.75380867318836,1741718105024.3,0.33977863166083655
1,1,block_2,2,Provo_ID12,1,1078535,1258031,1,gaze_data,1741718105082,46.90890312194824,352.79342750665165,1741718105055.9001,0.3675765093920073
1,1,block_2,2,Provo_ID12,1,1078535,1258031,1,gaze_data,1741718105117,88.23356628417969,343.6696737293566,1741718105089.2002,0.4777078662908267
1,1,block_2,2,Provo_ID12,1,1078535,1258031,1,gaze_data,1741718105157,120.45583724975586,365.23878052022604,1741718105120.5,0.20493932317048213
1,1,block_2,2,Provo_ID12,1,1078535,1258031,1,gaze_data,1741718105185,166.87278747558594,341.6297407832942,1741718105151.9001,0.09251700117871829
1,1,block_2,2,Provo_ID12,1,1078535,1258031,1,gaze_data,1741718105218,186.14048957824707,337.0014670614048,1741718105184.9001,0.04245764221659951
1,1,block_2,2,Provo_ID12,1,1078535,1258031,1,gaze_data,1741718105250,199.34310913085938,336.1226352848872,1741718105215.5,0.0113332939457067
1,1,block_2,2,Provo_ID12,1,1078535,1258031,1,gaze_data,1741718105286,286.33443117141724,319.2411277919943,1741718105248.3,0.008223179052038457
1,1,block_2,2,Provo_ID12,1,1078535,1258031,1,gaze_data,1741718105313,343.79860758781433,353.27650719764694,1741718105280.1,0
1,1,block_2,2,Provo_ID12,1,1078535,1258031,1,gaze_data,1741718105350,356.83963894844055,355.91645809678346,1741718105312.1,0.008652379401985983
1,1,block_2,2,Provo_ID12,1,1078535,1258031,1,gaze_data,1741718105385,331.667298078537,359.9378474105206,1741718105361,0.022365370040722844
1,1,block_2,2,Provo_ID12,1,1078535,1258031,1,gaze_data,1741718105421,302.73653268814087,343.83151205397996,1741718105393.8,0.02142383238640339
1,1,block_2,2,Provo_ID12,1,1078535,1258031,1,gaze_data,1741718105446,296.6096758842468,380.67156280716176,1741718105423.9001,0.06855250165738593
1,1,block_2,2,Provo_ID12,1,1078535,1258031,1,gaze_data,1741718105484,308.85971784591675,371.0034748995899,1741718105456.2002,0.1922531948010263
1,1,block_2,2,Provo_ID12,1,1078535,1258031,1,gaze_data,1741718105513,309.66033935546875,376.5471319831633,1741718105487.7002,0.27622244817680935
1,1,block_2,2,Provo_ID12,1,1078535,1258031,1,gaze_data,1741718105555,293.8409447669983,366.0591804024454,1741718105519.8,0.27874564637554405
1,1,block_2,2,Provo_ID12,1,1078535,1258031,1,gaze_data,1741718105582,289.035427570343,377.6262825326651,1741718105552.2002,0.30797377232573137
1,1,block_2,2,Provo_ID12,1,1078535,1258031,1,gaze_data,1741718105623,314.69982862472534,380.84758833018407,1741718105584.6,0.39668442912616336
1,1,block_2,2,Provo_ID12,1,1078535,1258031,1,gaze_data,1741718105658,401.9257366657257,380.9679076883643,1741718105619.4001,0.35523659951234526
1,1,block_2,2,Provo_ID12,1,1078535,1258031,1,gaze_data,1741718105683,418.10605227947235,368.056708147624,1741718105648.7002,0.33285349604115555
1,1,block_2,2,Provo_ID12,1,1078535,1258031,1,gaze_data,1741718105717,400.3896087408066,371.26091483358186,1741718105695.9001,0.37573374780321545
1,1,block_2,2,Provo_ID12,1,1078535,1258031,1,gaze_data,1741718105749,177.1517276763916,424.55690925912586,1741718105728,0.41352999893188047
1,1,block_2,2,Provo_ID12,1,1078535,1258031,1,gaze_data,1741718105778,107.9899787902832,424.5938778957938,1741718105760.7002,0.3681641749569856
1,1,block_2,2,Provo_ID12,1,1078535,1258031,1,gaze_data,1741718105815,86.02242469787598,431.6403800649912,1741718105791.5,0.4698213854244074
1,1,block_2,2,Provo_ID12,1,1078535,1258031,1,gaze_data,1741718105846,83.4024429321289,422.6248288102884,1741718105824.7002,0.5427898012802163
1,1,block_2,2,Provo_ID12,1,1078535,1258031,1,gaze_data,1741718105887,83.3186149597168,429.08748866679093,1741718105856.5,0.5161762469140494
1,1,block_2,2,Provo_ID12,1,1078535,1258031,1,gaze_data,1741718105913,78.32050323486328,422.9988942177332,1741718105891.8,0.5161762469140494
1,1,block_2,2,Provo_ID12,1,1078535,1258031,1,gaze_data,1741718105948,84.23752784729004,418.8271280483155,1741718105920,0.6043803436056207
1,1,block_2,2,Provo_ID12,1,1078535,1258031,1,gaze_data,1741718105982,88.58456611633301,413.28382843745766,1741718105952.7002,0.6166576403229193
1,1,block_2,2,Provo_ID12,1,1078535,1258031,1,gaze_data,1741718106022,74.02381896972656,423.61291318550025,1741718105984.4001,0.6589334176318918
1,1,block_2,2,Provo_ID12,1,1078535,1258031,1,gaze_data,1741718106049,94.7023868560791,430.97482544739694,1741718106015.7002,0.6636994139179981
1,1,block_2,2,Provo_ID12,1,1078535,1258031,1,gaze_data,1741718106083,240.47842025756836,429.52881852354767,1741718106063.9001,0.7531566310273017
1,1,block_2,2,Provo_ID12,1,1078535,1258031,1,gaze_data,1741718106114,264.7438406944275,446.42536221253897,1741718106096.1,0.7401661789593209
1,1,block_2,2,Provo_ID12,1,1078535,1258031,1,gaze_data,1741718106148,258.76386165618896,453.7458672182162,1741718106127.7002,0.8525623342383506
1,1,block_2,2,Provo_ID12,1,1078535,1258031,1,gaze_data,1741718106182,252.83029079437256,448.4940568175078,1741718106160.5,0.9066190737510447
1,1,block_2,2,Provo_ID12,1,1078535,1258031,1,gaze_data,1741718106211,261.96091175079346,451.6803600782945,1741718106193.1,0.9264473607074266
1,1,block_2,2,Provo_ID12,1,1078535,1258031,1,gaze_data,1741718106251,272.5004315376282,458.18192488200754,1741718106224,0.9057875201438985
1,1,block_2,2,Provo_ID12,1,1078535,1258031,1,gaze_data,1741718106287,276.0936498641968,455.05728566465564,1741718106257.7002,0.9183766555175323
1,1,block_2,2,Provo_ID12,1,1078535,1258031,1,gaze_data,1741718106311,278.033983707428,451.7509609396184,1741718106287.9001,0.9540665712429607
1,1,block_2,2,Provo_ID12,1,1078535,1258031,1,gaze_data,1741718106353,273.26282262802124,449.35035291824835,1741718106321,0.9325128123048452
1,1,block_2,2,Provo_ID12,1,1078535,1258031,1,gaze_data,1741718106382,259.1390013694763,453.35839658393775,1741718106352.2002,0.8345951204299961
1,1,block_2,2,Provo_ID12,1,1078535,1258031,1,gaze_data,1741718106418,300.38444995880127,442.01337437826226,1741718106400.7002,0.9818768341584985
1,1,block_2,2,Provo_ID12,1,1078535,1258031,1,gaze_data,1741718106451,472.2851514816284,416.44257650975294,1741718106432.9001,0.9005150464166767
1,1,block_2,2,Provo_ID12,1,1078535,1258031,1,gaze_data,1741718106487,471.7806816101074,427.00434620623474,1741718106465.6,0.8510335902072235
1,1,block_2,2,Provo_ID12,1,1078535,1258031,1,gaze_data,1741718106510,474.54553842544556,427.2964312042435,1741718106496.5,0.5985582093863098
1,1,block_2,2,Provo_ID12,1,1078535,1258031,1,gaze_data,1741718106552,480.01057505607605,427.4277726378203,1741718106528.9001,0.7022079207776661
1,1,block_2,2,Provo_ID12,1,1078535,1258031,1,gaze_data,1741718106577,485.91046929359436,430.16285596338633,1741718106560.2002,0.6943166402462762
1,1,block_2,2,Provo_ID12,1,1078535,1258031,1,gaze_data,1741718106614,479.9043595790863,422.8148255586107,1741718106591.7002,0.765788430811801
1,1,block_2,2,Provo_ID12,1,1078535,1258031,1,gaze_data,1741718106652,484.01408791542053,422.5427292432806,1741718106624.1,0.7675459735367869
1,1,block_2,2,Provo_ID12,1,1078535,1258031,1,gaze_data,1741718106685,490.3762638568878,417.4283968910995,1741718106656,0.6911051867612481
1,1,block_2,2,Provo_ID12,1,1078535,1258031,1,gaze_data,1741718106717,489.56422209739685,422.52196603638487,1741718106688.8,0.8177758011640042
1,1,block_2,2,Provo_ID12,1,1078535,1258031,1,gaze_data,1741718106747,488.7431025505066,421.24686085996814,1741718106719.4001,0.7376455386756708
1,1,block_2,2,Provo_ID12,1,1078535,1258031,1,gaze_data,1741718106781,461.80893182754517,398.94574676315074,1741718106768.4001,0.7975258308760904
1,1,block_2,2,Provo_ID12,1,1078535,1258031,1,gaze_data,1741718106817,280.66054582595825,196.77373468229413,1741718106800.9001,0.850863909898968
1,1,block_2,2,Provo_ID12,1,1078535,1258031,1,gaze_data,1741718106855,115.01975059509277,159.13259874455582,1741718106831.9001,0.5154318466142316
1,1,block_2,2,Provo_ID12,1,1078535,1258031,1,gaze_data,1741718106889,72.10750579833984,150.12812169668732,1741718106866.2002,0.7724948356745083
1,1,block_2,2,Provo_ID12,1,1078535,1258031,1,gaze_data,1741718106913,74.07288551330566,132.3500205017222,1741718106895.9001,1
1,1,block_2,2,Provo_ID12,1,1078535,1258031,1,gaze_data,1741718106944,70.72792053222656,143.15169907443695,1741718106928.4001,1
1,1,block_2,2,Provo_ID12,1,1078535,1258031,1,gaze_data,1741718106981,16.37091636657715,142.07186336889703,1741718106960.3,1
1,1,block_2,2,Provo_ID12,1,1078535,1258031,1,gaze_data,1741718107011,5.0243377685546875,145.55003565459344,1741718106992.2002,1
1,1,block_2,2,Provo_ID12,1,1078535,1258031,1,gaze_data,1741718107051,-0.1491069793701172,135.82506490115748,1741718107024.1,1
1,1,block_2,2,Provo_ID12,1,1078535,1258031,1,gaze_data,1741718107095,2.020740509033203,150.26377514489562,1741718107057.1,1
1,1,block_2,2,Provo_ID12,1,1078535,1258031,1,gaze_data,1741718107139,-3.8288116455078125,139.1990711270082,1741718107104.6,1
1,1,block_2,2,Provo_ID12,1,1078535,1258031,1,gaze_data,1741718107159,3.835773468017578,142.77293439025217,1741718107135.8,1
1,1,block_2,2,Provo_ID12,1,1078535,1258031,1,gaze_data,1741718107197,6.7729949951171875,124.65979933997296,1741718107168.1,1
1,1,block_2,2,Provo_ID12,1,1078535,1258031,1,gaze_data,1741718107233,59.548234939575195,98.91275997534233,1741718107201.1,1
1,1,block_2,2,Provo_ID12,1,1078535,1258031,1,gaze_data,1741718107260,206.46668672561646,185.15009600790358,1741718107233.5,1
1,1,block_2,2,Provo_ID12,1,1078535,1258031,1,gaze_data,1741718107297,223.2617974281311,178.50454789697477,1741718107264.9001,1
1,1,block_2,2,Provo_ID12,1,1078535,1258031,1,gaze_data,1741718107329,230.12763261795044,180.98045978008278,1741718107296.3,1
1,1,block_2,2,Provo_ID12,1,1078535,1258031,1,gaze_data,1741718107369,251.38890743255615,182.4661275569891,1741718107328.6,1
1,1,block_2,2,Provo_ID12,1,1078535,1258031,1,gaze_data,1741718107400,251.45351886749268,182.42928552524128,1741718107360.9001,1
1,1,block_2,2,Provo_ID12,1,1078535,1258031,1,gaze_data,1741718107433,257.81649351119995,190.6191269384289,1741718107393.9001,1
1,1,block_2,2,Provo_ID12,1,1078535,1258031,1,gaze_data,1741718107458,302.4379014968872,166.40833773995686,1741718107424.5,1
1,1,block_2,2,Provo_ID12,1,1078535,1258031,1,gaze_data,1741718107502,350.3352224826813,183.43771977952142,1741718107472.5,1
1,1,block_2,2,Provo_ID12,1,1078535,1258031,1,gaze_data,1741718107534,332.69949555397034,153.98569913851725,1741718107505.9001,1
1,1,block_2,2,Provo_ID12,1,1078535,1258031,1,gaze_data,1741718107562,347.2785711288452,177.59003587503494,1741718107536.4001,1
1,1,block_2,2,Provo_ID12,1,1078535,1258031,1,gaze_data,1741718107611,359.22115445137024,176.75681165914474,1741718107570.6,1
1,1,block_2,2,Provo_ID12,1,1078535,1258031,1,gaze_data,1741718107630,363.37997913360596,151.3234359840509,1741718107603,1
1,1,block_2,2,Provo_ID12,1,1078535,1258031,1,gaze_data,1741718107664,361.03675961494446,165.7046229099762,1741718107632.3,1
1,1,block_2,2,Provo_ID12,1,1078535,1258031,1,gaze_data,1741718107699,361.8243396282196,170.9079734156809,1741718107664.4001,1
1,1,block_2,2,Provo_ID12,1,1078535,1258031,1,gaze_data,1741718107733,345.5234229564667,176.11274636489966,1741718107697.4001,1
1,1,block_2,2,Provo_ID12,1,1078535,1258031,1,gaze_data,1741718107759,417.6179885864258,143.92307306318634,1741718107728.1,1
1,1,block_2,2,Provo_ID12,1,1078535,1258031,1,gaze_data,1741718107797,478.67897748947144,148.02335958418774,1741718107759.9001,1
1,1,block_2,2,Provo_ID12,1,1078535,1258031,1,gaze_data,1741718107836,481.4703345298767,140.14436303922773,1741718107808.8,1
1,1,block_2,2,Provo_ID12,1,1078535,1258031,1,gaze_data,1741718107871,482.0762813091278,132.98177905299917,1741718107840.6,1
1,1,block_2,2,Provo_ID12,1,1078535,1258031,1,gaze_data,1741718107903,479.0015518665314,139.83338411873177,1741718107874.1,1
1,1,block_2,2,Provo_ID12,1,1078535,1258031,1,gaze_data,1741718107931,489.00078535079956,125.8381411206955,1741718107904.4001,1
1,1,block_2,2,Provo_ID12,1,1078535,1258031,1,gaze_data,1741718107961,484.03530716896057,120.55196865520354,1741718107936.5,1
1,1,block_2,2,Provo_ID12,1,1078535,1258031,1,gaze_data,1741718107997,511.4402770996094,121.3924838250216,1741718107967.7002,1
1,1,block_2,2,Provo_ID12,1,1078535,1258031,1,gaze_data,1741718108027,511.1587882041931,138.17512777001636,1741718107999.5,1
1,1,block_2,2,Provo_ID12,1,1078535,1258031,1,gaze_data,1741718108066,462.1015667915344,121.42682354776048,1741718108034.2002,1
1,1,block_2,2,Provo_ID12,1,1078535,1258031,1,gaze_data,1741718108102,197.4231243133545,200.27216747888,1741718108064.4001,1
1,1,block_2,2,Provo_ID12,1,1078535,1258031,1,gaze_data,1741718108126,38.047027587890625,229.78947995283082,1741718108096.1,1
1,1,block_2,2,Provo_ID12,1,1078535,1258031,1,gaze_data,1741718108163,31.16474151611328,190.71469131105633,1741718108128.2002,1
1,1,block_2,2,Provo_ID12,1,1078535,1258031,1,gaze_data,1741718108202,29.765892028808594,209.18337021370513,1741718108176.1,1
1,1,block_2,2,Provo_ID12,1,1078535,1258031,1,gaze_data,1741718108231,26.691532135009766,197.88806278121186,1741718108208.1,1
1,1,block_2,2,Provo_ID12,1,1078535,1258031,1,gaze_data,1741718108264,23.54283332824707,199.9933238660436,1741718108240.8,1
1,1,block_2,2,Provo_ID12,1,1078535,1258031,1,gaze_data,1741718108303,39.21170234680176,197.11172513485988,1741718108272.7002,1
1,1,block_2,2,Provo_ID12,1,1078535,1258031,1,gaze_data,1741718108339,18.840408325195312,204.4875639379671,1741718108304.4001,1
1,1,block_2,2,Provo_ID12,1,1078535,1258031,1,gaze_data,1741718108360,53.801822662353516,188.46434098779508,1741718108335.8,1
1,1,block_2,2,Provo_ID12,1,1078535,1258031,1,gaze_data,1741718108397,195.67275047302246,238.4462114528565,1741718108368.3,1
1,1,block_2,2,Provo_ID12,1,1078535,1258031,1,gaze_data,1741718108432,225.07160902023315,254.82360235781059,1741718108399.9001,1
1,1,block_2,2,Provo_ID12,1,1078535,1258031,1,gaze_data,1741718108466,257.87177085876465,246.22953750047662,1741718108433.3,1
1,1,block_2,2,Provo_ID12,1,1078535,1258031,1,gaze_data,1741718108498,270.6586956977844,253.87136393151934,1741718108464.9001,1
1,1,block_2,2,Provo_ID12,1,1078535,1258031,1,gaze_data,1741718108531,303.803026676178,237.01788453373112,1741718108513,1
1,1,block_2,2,Provo_ID12,1,1078535,1258031,1,gaze_data,1741718108560,305.99039793014526,237.390871937518,1741718108544.6,1
1,1,block_2,2,Provo_ID12,1,1078535,1258031,1,gaze_data,1741718108597,289.29994106292725,239.98218699804872,1741718108575.8,1
1,1,block_2,2,Provo_ID12,1,1078535,1258031,1,gaze_data,1741718108628,307.0742130279541,233.8651446096292,1741718108609,1
1,1,block_2,2,Provo_ID12,1,1078535,1258031,1,gaze_data,1741718108665,343.2546079158783,197.23497874824704,1741718108640.1,1
1,1,block_2,2,Provo_ID12,1,1078535,1258031,1,gaze_data,1741718108712,403.2779574394226,204.28161124603866,1741718108673.9001,1
1,1,block_2,2,Provo_ID12,1,1078535,1258031,1,gaze_data,1741718108735,392.33978390693665,201.73483784441834,1741718108706.7002,1
1,1,block_2,2,Provo_ID12,1,1078535,1258031,1,gaze_data,1741718108759,441.1560118198395,211.82403233459868,1741718108736,1
1,1,block_2,2,Provo_ID12,1,1078535,1258031,1,gaze_data,1741718108797,543.3456540107727,249.20823475802538,1741718108768.2002,1
1,1,block_2,2,Provo_ID12,1,1078535,1258031,1,gaze_data,1741718108837,545.2005386352539,246.14791270191913,1741718108800,1
1,1,block_2,2,Provo_ID12,1,1078535,1258031,1,gaze_data,1741718108862,528.70032787323,216.76365920623317,1741718108834,1
1,1,block_2,2,Provo_ID12,1,1078535,1258031,1,gaze_data,1741718108906,545.4287052154541,216.54334802689624,1741718108880.1,1
1,1,block_2,2,Provo_ID12,1,1078535,1258031,1,gaze_data,1741718108931,549.1328358650208,219.29316593095692,1741718108912.6,0.982375237090086
1,1,block_2,2,Provo_ID12,1,1078535,1258031,1,gaze_data,1741718108963,515.1159763336182,211.0898280609197,1741718108945.4001,1
1,1,block_2,2,Provo_ID12,1,1078535,1258031,1,gaze_data,1741718109000,245.63013315200806,274.75373398456037,1741718108976.5,1
1,1,block_2,2,Provo_ID12,1,1078535,1258031,1,gaze_data,1741718109031,99.9147891998291,292.97071113503677,1741718109009.5,0.8874898035496752
1,1,block_2,2,Provo_ID12,1,1078535,1258031,1,gaze_data,1741718109068,101.47943496704102,291.04968255098885,1741718109041,0.9644755504475899
1,1,block_2,2,Provo_ID12,1,1078535,1258031,1,gaze_data,1741718109096,75.94494819641113,303.0961258033868,1741718109072.2002,0.9873973803258811
1,1,block_2,2,Provo_ID12,1,1078535,1258031,1,gaze_data,1741718109134,61.92760467529297,300.7934206219919,1741718109104.5,0.9834089793075811
1,1,block_2,2,Provo_ID12,1,1078535,1258031,1,gaze_data,1741718109163,61.727333068847656,303.0270516484523,1741718109136.6,1
1,1,block_2,2,Provo_ID12,1,1078535,1258031,1,gaze_data,1741718109197,65.42086601257324,295.5502342505465,1741718109168,1
1,1,block_2,2,Provo_ID12,1,1078535,1258031,1,gaze_data,1741718109234,137.05673217773438,276.4692939543155,1741718109218.5,0.9949146530947308
1,1,block_2,2,Provo_ID12,1,1078535,1258031,1,gaze_data,1741718109278,182.49425888061523,292.84459029257687,1741718109248.5,1
1,1,block_2,2,Provo_ID12,1,1078535,1258031,1,gaze_data,1741718109297,191.6339874267578,288.4273967618797,1741718109281.6,1
1,1,block_2,2,Provo_ID12,1,1078535,1258031,1,gaze_data,1741718109333,211.63312196731567,314.0643196354202,1741718109312,1
1,1,block_2,2,Provo_ID12,1,1078535,1258031,1,gaze_data,1741718109368,216.98564291000366,327.68395562492583,1741718109344,1
1,1,block_2,2,Provo_ID12,1,1078535,1258031,1,gaze_data,1741718109409,233.1978440284729,315.44754541359856,1741718109377.2002,0.9890704776190189
1,1,block_2,2,Provo_ID12,1,1078535,1258031,1,gaze_data,1741718109433,370.40401697158813,309.83472480691177,1741718109407.7002,1
1,1,block_2,2,Provo_ID12,1,1078535,1258031,1,gaze_data,1741718109465,403.44397723674774,314.9513062582616,1741718109441.4001,0.948481298419991
1,1,block_2,2,Provo_ID12,1,1078535,1258031,1,gaze_data,1741718109507,436.2249821424484,330.79352140943814,1741718109472.2002,0.8817155375514791
1,1,block_2,2,Provo_ID12,1,1078535,1258031,1,gaze_data,1741718109532,460.2021098136902,335.25291161526826,1741718109504,0.9276801571382061
1,1,block_2,2,Provo_ID12,1,1078535,1258031,1,gaze_data,1741718109572,460.7962369918823,341.05262342606085,1741718109538.2002,0.8605323249416932
1,1,block_2,2,Provo_ID12,1,1078535,1258031,1,gaze_data,1741718109593,451.7384886741638,338.4361167791867,1741718109584.3,1
1,1,block_2,2,Provo_ID12,1,1078535,1258031,1,gaze_data,1741718109631,440.94154834747314,345.2768338217911,1741718109616.9001,0.9140264626679961
1,1,block_2,2,Provo_ID12,1,1078535,1258031,1,gaze_data,1741718109663,442.1908378601074,351.88654901665876,1741718109649,0.9533088695566576
1,1,block_2,2,Provo_ID12,1,1078535,1258031,1,gaze_data,1741718109699,447.65273928642273,341.31757773442797,1741718109682.6,0.8897190298783584
1,1,block_2,2,Provo_ID12,1,1078535,1258031,1,gaze_data,1741718109735,402.88894176483154,350.4598158300569,1741718109712.2002,0.9117388959685608
1,1,block_2,2,Provo_ID12,1,1078535,1258031,1,gaze_data,1741718109760,252.6341199874878,351.0312210711895,1741718109744,0.7795966991884855
1,1,block_2,2,Provo_ID12,1,1078535,1258031,1,gaze_data,1741718109802,255.7622790336609,334.9943471316919,1741718109776,0.7261518337485099
1,1,block_2,2,Provo_ID12,1,1078535,1258031,1,gaze_data,1741718109835,263.4427309036255,331.07816650655417,1741718109807.7002,0.7653931476349266
1,1,block_2,2,Provo_ID12,1,1078535,1258031,1,gaze_data,1741718109869,191.38879776000977,337.3986043536999,1741718109840.6,0.7335096693712182
1,1,block_2,2,Provo_ID12,1,1078535,1258031,1,gaze_data,1741718109893,81.56924247741699,343.03332761156327,1741718109871.9001,0.6216386096328459
1,1,block_2,2,Provo_ID12,1,1078535,1258031,1,gaze_data,1741718109943,70.60728073120117,336.6727560047472,1741718109905.5,0.6970351725121147
1,1,block_2,2,Provo_ID12,1,1078535,1258031,1,gaze_data,1741718109982,64.20722007751465,337.1064150928158,1741718109954.5,0.7351492172762838
1,1,block_2,2,Provo_ID12,1,1078535,1258031,1,gaze_data,1741718110008,53.382205963134766,345.74709662646376,1741718109984,0.8165266421472468
1,1,block_2,2,Provo_ID12,1,1078535,1258031,1,gaze_data,1741718110044,47.63984680175781,333.8600862052073,1741718110016,0.8382794710678345
1,1,block_2,2,Provo_ID12,1,1078535,1258031,1,gaze_data,1741718110073,49.13368225097656,343.0863005996009,1741718110047.9001,0.9026745619132882
1,1,block_2,2,Provo_ID12,1,1078535,1258031,1,gaze_data,1741718110110,64.36896324157715,336.1790191584192,1741718110080.7002,0.9570888180583008
1,1,block_2,2,Provo_ID12,1,1078535,1258031,1,gaze_data,1741718110140,90.5949592590332,335.9015309629626,1741718110112.3,0.9616356611716608
1,1,block_2,2,Provo_ID12,1,1078535,1258031,1,gaze_data,1741718110179,183.78877639770508,271.3003539211579,1741718110144.7002,0.9743125365947636
1,1,block_2,2,Provo_ID12,1,1078535,1258031,1,gaze_data,1741718110211,186.16738319396973,251.471640282753,1741718110176,0.8764909558913896
1,1,block_2,2,Provo_ID12,1,1078535,1258031,1,gaze_data,1741718110246,196.73361778259277,250.28421646085064,1741718110207.7002,0.891998677707848
1,1,block_2,2,Provo_ID12,1,1078535,1258031,1,gaze_data,1741718110279,210.08976697921753,245.66753267466117,1741718110240.5,0.9873574805161831
1,1,block_2,2,Provo_ID12,1,1078535,1258031,1,gaze_data,1741718110315,188.19565773010254,255.52253412838354,1741718110288.7002,1
1,1,block_2,2,Provo_ID12,1,1078535,1258031,1,gaze_data,1741718110351,205.89228868484497,252.10841089939606,1741718110320.5,1
1,1,block_2,2,Provo_ID12,1,1078535,1258031,1,gaze_data,1741718110400,192.27533340454102,247.01586204081968,1741718110354.6,1
1,1,block_2,2,Provo_ID12,1,1078535,1258031,1,gaze_data,1741718110416,324.0065813064575,182.97821839305686,1741718110387.1,1
1,1,block_2,2,Provo_ID12,1,1078535,1258031,1,gaze_data,1741718110445,508.00864696502686,145.1236228363633,1741718110416.1,0.8557505304995383
1,1,block_2,2,Provo_ID12,1,1078535,1258031,1,gaze_data,1741718110473,512.8998279571533,144.08289315643643,1741718110448.3,1
1,1,block_2,2,Provo_ID12,1,1078535,1258031,1,gaze_data,1741718110516,520.1068639755249,141.1553852470216,1741718110480.2002,1
1,1,block_2,2,Provo_ID12,1,1078535,1258031,1,gaze_data,1741718110540,529.5758366584778,146.33459144972926,1741718110512.7002,1
1,1,block_2,2,Provo_ID12,1,1078535,1258031,1,gaze_data,1741718110577,547.4130749702454,146.27703089517522,1741718110546.2002,1
1,1,block_2,2,Provo_ID12,1,1078535,1258031,1,gaze_data,1741718110611,513.7263536453247,149.37002632985147,1741718110575.8,1
1,1,block_2,2,Provo_ID12,1,1078535,1258031,1,gaze_data,1741718110641,477.3168444633484,154.73616097340616,1741718110607.7002,1
1,1,block_2,2,Provo_ID12,1,1078535,1258031,1,gaze_data,1741718110683,463.02491426467896,145.95335424592852,1741718110656.2002,1
1,1,block_2,2,Provo_ID12,1,1078535,1258031,1,gaze_data,1741718110712,470.9596633911133,140.04531330762353,1741718110688.8,1
1,1,block_2,2,Provo_ID12,1,1078535,1258031,1,gaze_data,1741718110751,437.5700503587723,150.10479660199675,1741718110720.2002,1
1,1,block_2,2,Provo_ID12,1,1078535,1258031,1,gaze_data,1741718110778,338.53819966316223,155.354037667562,1741718110752.2002,0.9696390212494048
1,1,block_2,2,Provo_ID12,1,1078535,1258031,1,gaze_data,1741718110812,326.96560621261597,123.15776601530725,1741718110784,1
1,1,block_2,2,Provo_ID12,1,1078535,1258031,1,gaze_data,1741718110848,328.3716320991516,151.1011102970148,1741718110815.9001,1
1,1,block_2,2,Provo_ID12,1,1078535,1258031,1,gaze_data,1741718110876,321.4712858200073,138.2316308011202,1741718110849.6,1
1,1,block_2,2,Provo_ID12,1,1078535,1258031,1,gaze_data,1741718110913,320.59606313705444,135.82751507872874,1741718110880.5,1
1,1,block_2,2,Provo_ID12,1,1078535,1258031,1,gaze_data,1741718110947,318.90562772750854,153.7275219170494,1741718110912.2002,1
1,1,block_2,2,Provo_ID12,1,1078535,1258031,1,gaze_data,1741718110987,299.0819811820984,155.7738670299472,1741718110944.3,1
1,1,block_2,2,Provo_ID12,1,1078535,1258031,1,gaze_data,1741718111018,306.1760187149048,161.5401774838793,1741718110993.7002,1
1,1,block_2,2,Provo_ID12,1,1078535,1258031,1,gaze_data,1741718111048,270.71112394332886,157.02256390950168,1741718111023.7002,1
1,1,block_2,2,Provo_ID12,1,1078535,1258031,1,gaze_data,1741718111084,254.21173572540283,157.01828168426314,1741718111056.2002,1
1,1,block_2,2,Provo_ID12,1,1078535,1258031,1,gaze_data,1741718111122,259.72431898117065,165.10138025511372,1741718111089.4001,1
1,1,block_2,2,Provo_ID12,1,1078535,1258031,1,gaze_data,1741718111143,295.77927589416504,108.12810124130415,1741718111120,0.99327921417049
1,1,block_2,2,Provo_ID12,1,1078535,1258031,1,gaze_data,1741718111184,410.0364625453949,159.41927696774167,1741718111152.4001,1
1,1,block_2,2,Provo_ID12,1,1078535,1258031,1,gaze_data,1741718111213,434.76009368896484,138.9034114018438,1741718111184.7002,1
1,1,block_2,2,Provo_ID12,1,1078535,1258031,1,gaze_data,1741718111248,452.7216970920563,141.38509125616443,1741718111216.9001,1
1,1,block_2,2,Provo_ID12,1,1078535,1258031,1,gaze_data,1741718111280,478.1631886959076,135.0690398971326,1741718111248.5,1
1,1,block_2,2,Provo_ID12,1,1078535,1258031,1,gaze_data,1741718111314,456.97038173675537,137.51238080270895,1741718111280.7002,1
1,1,block_2,2,Provo_ID12,1,1078535,1258031,1,gaze_data,1741718111345,455.67818880081177,124.81285724102028,1741718111312.2002,1
1,1,block_2,2,Provo_ID12,1,1078535,1258031,1,gaze_data,1741718111390,464.79998230934143,134.09897065731553,1741718111363.1,1
1,1,block_2,2,Provo_ID12,1,1078535,1258031,1,gaze_data,1741718111417,465.0262236595154,134.34149355278097,1741718111392.7002,1
1,1,block_2,2,Provo_ID12,1,1078535,1258031,1,gaze_data,1741718111448,465.63931703567505,146.20120944273447,1741718111424,1
1,1,block_2,2,Provo_ID12,1,1078535,1258031,1,gaze_data,1741718111484,451.7175257205963,223.46986969225836,1741718111456.1,1
1,1,block_2,2,Provo_ID12,1,1078535,1258031,1,gaze_data,1741718111515,427.7518630027771,231.07316075074698,1741718111489.1,1
1,1,block_2,2,Provo_ID12,1,1078535,1258031,1,gaze_data,1741718111559,421.4959293603897,209.24760173044598,1741718111521.5,1
1,1,block_2,2,Provo_ID12,1,1078535,1258031,1,gaze_data,1741718111588,396.2147682905197,220.6988436022446,1741718111554.8,1
1,1,block_2,2,Provo_ID12,1,1078535,1258031,1,gaze_data,1741718111613,396.2209403514862,222.47641764080188,1741718111583.9001,1
1,1,block_2,2,Provo_ID12,1,1078535,1258031,1,gaze_data,1741718111649,395.4964756965637,208.4163566473508,1741718111616,1
1,1,block_2,2,Provo_ID12,1,1078535,1258031,1,gaze_data,1741718111684,398.7719178199768,219.8437055641555,1741718111647.8,1
1,1,block_2,2,Provo_ID12,1,1078535,1258031,1,gaze_data,1741718111718,393.8938796520233,218.23936243119311,1741718111697.5,1
1,1,block_2,2,Provo_ID12,1,1078535,1258031,1,gaze_data,1741718111752,380.6208223104477,190.64953446129655,1741718111728.4001,1
1,1,block_2,2,Provo_ID12,1,1078535,1258031,1,gaze_data,1741718111786,371.70587182044983,175.12324699352206,1741718111761.1,1
1,1,block_2,2,Provo_ID12,1,1078535,1258031,1,gaze_data,1741718111822,135.772705078125,131.49909393906336,1741718111792.9001,0.9897805296505293
1,1,block_2,2,Provo_ID12,1,1078535,1258031,1,gaze_data,1741718111860,73.02412986755371,143.68803475270303,1741718111824.3,0.6862399331624598
1,1,block_2,2,Provo_ID12,1,1078535,1258031,1,gaze_data,1741718111891,61.41090393066406,153.007988919405,1741718111859.7002,0.6878255536319915
1,1,block_2,2,Provo_ID12,1,1078535,1258031,1,gaze_data,1741718111913,54.589176177978516,165.09318072470046,1741718111888.2002,0.7696685511033804
1,1,block_2,2,Provo_ID12,1,1078535,1258031,1,gaze_data,1741718111947,56.836795806884766,141.53518511261186,1741718111920.6,0.9834938721004081
1,1,block_2,2,Provo_ID12,1,1078535,1258031,1,gaze_data,1741718111989,59.569501876831055,145.72114592777675,1741718111952,0.9160557135746918
1,1,block_2,2,Provo_ID12,1,1078535,1258031,1,gaze_data,1741718112014,43.04194450378418,133.20512502674424,1741718111983.9001,0.9935240480745793
1,1,block_2,2,Provo_ID12,1,1078535,1258031,1,gaze_data,1741718112047,41.4492130279541,129.83234016600503,1741718112017.5,1
1,1,block_2,2,Provo_ID12,1,1078535,1258031,1,gaze_data,1741718112085,32.83071517944336,129.70256267555882,1741718112064.7002,0.9636985861975544
1,1,block_2,2,Provo_ID12,1,1078535,1258031,1,gaze_data,1741718112117,43.68324279785156,137.78152796813566,1741718112096.6,1
1,1,block_2,2,Provo_ID12,1,1078535,1258031,1,gaze_data,1741718112152,197.65019416809082,137.81514529809516,1741718112129.8,1
1,1,block_2,2,Provo_ID12,1,1078535,1258031,1,gaze_data,1741718112181,266.0235047340393,154.74338490119985,1741718112159.9001,1
1,1,block_2,2,Provo_ID12,1,1078535,1258031,1,gaze_data,1741718112211,290.0702953338623,162.83113806470098,1741718112192.7002,1
1,1,block_2,2,Provo_ID12,1,1078535,1258031,1,gaze_data,1741718112253,293.94047260284424,159.32279657128058,1741718112224.1,1
1,1,block_2,2,Provo_ID12,1,1078535,1258031,1,gaze_data,1741718112280,295.37200927734375,171.12093778597819,1741718112256.3,1
1,1,block_2,2,Provo_ID12,1,1078535,1258031,1,gaze_data,1741718112314,298.23756217956543,166.05566856400827,1741718112288.6,1
1,1,block_2,2,Provo_ID12,1,1078535,1258031,1,gaze_data,1741718112356,292.13688373565674,170.14146254533284,1741718112320.4001,1
1,1,block_2,2,Provo_ID12,1,1078535,1258031,1,gaze_data,1741718112385,297.13916778564453,182.3889208977755,1741718112352.5,1
1,1,block_2,2,Provo_ID12,1,1078535,1258031,1,gaze_data,1741718112409,275.01357793807983,173.19456253548248,1741718112400.7002,1
1,1,block_2,2,Provo_ID12,1,1078535,1258031,1,gaze_data,1741718112457,295.0482487678528,172.70440041631008,1741718112433.2002,1
1,1,block_2,2,Provo_ID12,1,1078535,1258031,1,gaze_data,1741718112483,322.60414361953735,139.72460070297672,1741718112465,1
1,1,block_2,2,Provo_ID12,1,1078535,1258031,1,gaze_data,1741718112514,458.0048084259033,151.34071383196982,1741718112497.7002,1
1,1,block_2,2,Provo_ID12,1,1078535,1258031,1,gaze_data,1741718112543,465.3109312057495,149.5378523224605,1741718112529.2002,1
1,1,block_2,2,Provo_ID12,1,1078535,1258031,1,gaze_data,1741718112577,472.57734537124634,122.96281678040478,1741718112561.7002,1
1,1,block_2,2,Provo_ID12,1,1078535,1258031,1,gaze_data,1741718112617,489.9554133415222,135.97714719958523,1741718112594.9001,1
1,1,block_2,2,Provo_ID12,1,1078535,1258031,1,gaze_data,1741718112648,498.29773902893066,104.66024353292138,1741718112624.1,1
1,1,block_2,2,Provo_ID12,1,1078535,1258031,1,gaze_data,1741718112676,482.20449686050415,117.37820672885456,1741718112656.4001,1
1,1,block_2,2,Provo_ID12,1,1078535,1258031,1,gaze_data,1741718112731,321.63946628570557,120.39383911000415,1741718112688.5,1
1,1,block_2,2,Provo_ID12,1,1078535,1258031,1,gaze_data,1741718112751,57.824087142944336,208.5255403580738,1741718112723.9001,1
1,1,block_2,2,Provo_ID12,1,1078535,1258031,1,gaze_data,1741718112802,72.99556732177734,164.96223400058042,1741718112768.5,1
1,1,block_2,2,Provo_ID12,1,1078535,1258031,1,gaze_data,1741718112829,64.0866756439209,169.97295139668563,1741718112801.3,1
1,1,block_2,2,Provo_ID12,1,1078535,1258031,1,gaze_data,1741718112867,56.4244270324707,176.15681977178943,1741718112832.8,1
1,1,block_2,2,Provo_ID12,1,1078535,1258031,1,gaze_data,1741718112900,48.11134338378906,181.08203788641475,1741718112865.9001,1
1,1,block_2,2,Provo_ID12,1,1078535,1258031,1,gaze_data,1741718112930,44.397592544555664,187.2281817190042,1741718112896.3,1
1,1,block_2,2,Provo_ID12,1,1078535,1258031,1,gaze_data,1741718112965,60.62140464782715,184.83416460082742,1741718112928.6,1
1,1,block_2,2,Provo_ID12,1,1078535,1258031,1,gaze_data,1741718112999,63.23957443237305,183.07729419037992,1741718112961.1,1
1,1,block_2,2,Provo_ID12,1,1078535,1258031,1,gaze_data,1741718113026,203.49124670028687,205.76713007598016,1741718112993.8,1
1,1,block_2,2,Provo_ID12,1,1078535,1258031,1,gaze_data,1741718113055,252.9403567314148,214.0236662163393,1741718113025.3,1
1,1,block_2,2,Provo_ID12,1,1078535,1258031,1,gaze_data,1741718113102,278.08780670166016,231.31543416004635,1741718113057.1,1
1,1,block_2,2,Provo_ID12,1,1078535,1258031,1,gaze_data,1741718113133,291.19768142700195,232.2880680804139,1741718113107.5,1
1,1,block_2,2,Provo_ID12,1,1078535,1258031,1,gaze_data,1741718113175,287.0610237121582,233.45269836210636,1741718113139.1,1
1,1,block_2,2,Provo_ID12,1,1078535,1258031,1,gaze_data,1741718113198,293.3737277984619,234.08580581433344,1741718113171.3,1
1,1,block_2,2,Provo_ID12,1,1078535,1258031,1,gaze_data,1741718113231,310.99787950515747,236.74607121763415,1741718113200.4001,1
1,1,block_2,2,Provo_ID12,1,1078535,1258031,1,gaze_data,1741718113267,370.33740878105164,196.50262886428004,1741718113234.2002,0.967357926343515
1,1,block_2,2,Provo_ID12,1,1078535,1258031,1,gaze_data,1741718113298,388.6323481798172,191.72467089009646,1741718113265.5,0.9775716661246725
1,1,block_2,2,Provo_ID12,1,1078535,1258031,1,gaze_data,1741718113333,433.5806965827942,223.9624447522608,1741718113297.2002,1
1,1,block_2,2,Provo_ID12,1,1078535,1258031,1,gaze_data,1741718113362,429.7550320625305,215.46151643202776,1741718113329.3,1
1,1,block_2,2,Provo_ID12,1,1078535,1258031,1,gaze_data,1741718113399,433.2501292228699,209.00937595491553,1741718113361.1,0.9609499449504253
1,1,block_2,2,Provo_ID12,1,1078535,1258031,1,gaze_data,1741718113433,439.09208476543427,209.06998433673718,1741718113393.2002,1
1,1,block_2,2,Provo_ID12,1,1078535,1258031,1,gaze_data,1741718113466,428.65780889987946,203.09507738225113,1741718113424.8,1
1,1,block_2,2,Provo_ID12,1,1078535,1258031,1,gaze_data,1741718113504,109.64374542236328,310.6162048472241,1741718113474.5,0.7531831565763851
1,1,block_2,2,Provo_ID12,1,1078535,1258031,1,gaze_data,1741718113542,87.40363121032715,344.1729357340848,1741718113505.9001,0.8742066617444016
1,1,block_2,2,Provo_ID12,1,1078535,1258031,1,gaze_data,1741718113561,72.84832000732422,338.07127863621247,1741718113539.7002,0.8742066617444016
1,1,block_2,2,Provo_ID12,1,1078535,1258031,1,gaze_data,1741718113602,61.20433807373047,297.7172040629025,1741718113568.4001,0.9787322795987099
1,1,block_2,2,Provo_ID12,1,1078535,1258031,1,gaze_data,1741718113639,47.93057441711426,289.72123946647065,1741718113601.1,0.9932263223996403
1,1,block_2,2,Provo_ID12,1,1078535,1258031,1,gaze_data,1741718113669,31.69693946838379,340.60785289441685,1741718113634.2002,0.9932263223996403
1,1,block_2,2,Provo_ID12,1,1078535,1258031,1,gaze_data,1741718113698,51.43413543701172,344.6526566710234,1741718113665.2002,0.9790635944802628
1,1,block_2,2,Provo_ID12,1,1078535,1258031,1,gaze_data,1741718113730,189.76869583129883,305.79528312103866,1741718113697.8,0.9105915385639962
1,1,block_2,2,Provo_ID12,1,1078535,1258031,1,gaze_data,1741718113767,173.15387725830078,309.9488181819626,1741718113729.1,0.8597051820333657
1,1,block_2,2,Provo_ID12,1,1078535,1258031,1,gaze_data,1741718113804,179.0424346923828,296.519357677137,1741718113762.2002,0.8940928535536441
1,1,block_2,2,Provo_ID12,1,1078535,1258031,1,gaze_data,1741718113837,182.27171897888184,288.2544246516362,1741718113808.8,0.934783333726358
1,1,block_2,2,Provo_ID12,1,1078535,1258031,1,gaze_data,1741718113872,301.45426988601685,302.62001683034504,1741718113841,0.8891809744171278
1,1,block_2,2,Provo_ID12,1,1078535,1258031,1,gaze_data,1741718113910,233.5879921913147,274.78000078180605,1741718113872.5,0.8495598065276728
1,1,block_2,2,Provo_ID12,1,1078535,1258031,1,gaze_data,1741718113937,129.26907539367676,161.88895914404614,1741718113906.1,0.28141232091962093
1,1,block_2,2,Provo_ID12,1,1078535,1258031,1,gaze_data,1741718113973,142.30575561523438,224.31570599239456,1741718113936.3,0
1,1,block_2,2,Provo_ID12,1,1078535,1258031,1,gaze_data,1741718113996,223.94875288009644,304.88513524516804,1741718113967.9001,0
1,1,block_2,2,Provo_ID12,1,1078535,1258031,1,gaze_data,1741718114040,363.34314346313477,348.4097172536457,1741718114001.8,0
1,1,block_2,2,Provo_ID12,1,1078535,1258031,1,gaze_data,1741718114072,379.4088155031204,326.4636405895175,1741718114033,0
1,1,block_2,2,Provo_ID12,1,1078535,1258031,1,gaze_data,1741718114104,378.1565248966217,345.4762812550311,1741718114064.9001,0
1,1,block_2,2,Provo_ID12,1,1078535,1258031,1,gaze_data,1741718114141,378.8833975791931,345.3886259662355,1741718114096.6,0.047035339540744014
1,1,block_2,2,Provo_ID12,1,1078535,1258031,1,gaze_data,1741718114174,367.7016794681549,364.06588275106765,1741718114130.2002,0.11101548412243317
1,1,block_2,2,Provo_ID12,1,1078535,1258031,1,gaze_data,1741718114211,343.9452588558197,351.80236419214344,1741718114176.5,0.23467090018205972
1,1,block_2,2,Provo_ID12,1,1078535,1258031,1,gaze_data,1741718114238,331.38888478279114,343.06998345960506,1741718114209.5,0.316153028363374
1,1,block_2,2,Provo_ID12,1,1078535,1258031,1,gaze_data,1741718114274,204.7500729560852,384.41379571943634,1741718114240.9001,0.35409514281448873
1,1,block_2,2,Provo_ID12,1,1078535,1258031,1,gaze_data,1741718114298,186.07373237609863,399.4644694628271,1741718114272.8,0.35409514281448873
1,1,block_2,2,Provo_ID12,1,1078535,1258031,1,gaze_data,1741718114340,173.59037399291992,395.40399646552163,1741718114304.6,0.29063689778128915
1,1,block_2,2,Provo_ID12,1,1078535,1258031,1,gaze_data,1741718114371,175.29430389404297,387.11527660973934,1741718114336.7002,0.27493457239922614
1,1,block_2,2,Provo_ID12,1,1078535,1258031,1,gaze_data,1741718114409,167.89894104003906,377.1887657182077,1741718114368.2002,0.36577169647238555
1,1,block_2,2,Provo_ID12,1,1078535,1258031,1,gaze_data,1741718114442,166.6032314300537,374.7776718305145,1741718114402.9001,0.36577169647238555
1,1,block_2,2,Provo_ID12,1,1078535,1258031,1,gaze_data,1741718114468,157.1681022644043,381.1763142815381,1741718114433.5,0.38141887167275146
1,1,block_2,2,Provo_ID12,1,1078535,1258031,1,gaze_data,1741718114502,170.76478004455566,382.33818997529994,1741718114464.2002,0.4502844903777672
1,1,block_2,2,Provo_ID12,1,1078535,1258031,1,gaze_data,1741718114540,164.50777053833008,385.879195538105,1741718114512.8,0.4586527977545746
1,1,block_2,2,Provo_ID12,1,1078535,1258031,1,gaze_data,1741718114568,165.99373817443848,392.7491061858138,1741718114545.1,0.46359601878113293
1,1,block_2,2,Provo_ID12,1,1078535,1258031,1,gaze_data,1741718114612,160.86277961730957,402.71759033203125,1741718114577.5,0.44646125014749016
1,1,block_2,2,Provo_ID12,1,1078535,1258031,1,gaze_data,1741718114640,158.78334045410156,391.03136041934994,1741718114609.2002,0.47694245920683326
1,1,block_2,2,Provo_ID12,1,1078535,1258031,1,gaze_data,1741718114669,169.65508460998535,412.70594400335546,1741718114640.8,0.5114686655937304
1,1,block_2,2,Provo_ID12,1,1078535,1258031,1,gaze_data,1741718114707,161.42592430114746,398.9506322235968,1741718114673,0.5640541962538274
1,1,block_2,2,Provo_ID12,1,1078535,1258031,1,gaze_data,1741718114742,156.00590705871582,409.9822998046875,1741718114707.9001,0.5391632235987958
1,1,block_2,2,Provo_ID12,1,1078535,1258031,1,gaze_data,1741718114766,148.5032081604004,406.7367156519031,1741718114738,0.5391632235987958
1,1,block_2,2,Provo_ID12,1,1078535,1258031,1,gaze_data,1741718114804,138.98038864135742,400.1005623707802,1741718114770.8,0.5570602717690487
1,1,block_2,2,Provo_ID12,1,1078535,1258031,1,gaze_data,1741718114839,131.1525821685791,413.06711060364694,1741718114802.7002,0.5481384976777256
1,1,block_2,2,Provo_ID12,1,1078535,1258031,1,gaze_data,1741718114870,127.98104286193848,412.90675430132353,1741718114832.8,0.5904810562177458
1,1,block_2,2,Provo_ID12,1,1078535,1258031,1,gaze_data,1741718114908,122.46332168579102,408.0198639644201,1741718114882.8,0.5821710914523279
1,1,block_2,2,Provo_ID12,1,1078535,1258031,1,gaze_data,1741718114936,117.44489669799805,403.37137813940484,1741718114914,0.5897998519307106
1,1,block_2,2,Provo_ID12,1,1078535,1258031,1,gaze_data,1741718114974,128.62753868103027,403.0591257223597,1741718114945.1,0.547441078001664
1,1,block_2,2,Provo_ID12,1,1078535,1258031,1,gaze_data,1741718115010,130.90739250183105,402.2795075191076,1741718114977.3,0.5760446600201785
1,1,block_2,2,Provo_ID12,1,1078535,1258031,1,gaze_data,1741718115052,188.98053169250488,355.06970949648775,1741718115012.2002,0.6169085458504233
1,1,block_2,2,Provo_ID12,1,1078535,1258031,1,gaze_data,1741718115077,303.0776619911194,316.4373352315576,1741718115040,0.3396280082907497
1,1,block_2,2,Provo_ID12,1,1078535,1258031,1,gaze_x,"",
1,1,block_2,2,Provo_ID12,1,1078535,1258031,1,gaze_y,"",
1,1,block_2,2,Provo_ID12,1,1078535,1258031,1,el_x,"",
1,1,block_2,2,Provo_ID12,1,1078535,1258031,1,applied_drift,1741718053588,
1,1,block_2,2,Provo_ID12,1,1078535,1258031,1,applied_drift,1741718077585,-28.84894609451294,-39.0898872094144
1,1,block_2,2,Provo_ID12,1,1078535,1258031,1,applied_drift,1741718077611,-28.84894609451294,-39.0898872094144
1,1,block_2,2,Provo_ID12,1,1078535,1258031,1,applied_drift,1741718077638,-28.84894609451294,-39.0898872094144
1,1,block_2,2,Provo_ID12,1,1078535,1258031,1,applied_drift,1741718077666,-28.84894609451294,-39.0898872094144
1,1,block_2,2,Provo_ID12,1,1078535,1258031,1,applied_drift,1741718077702,-28.84894609451294,-39.0898872094144
1,1,block_2,2,Provo_ID12,1,1078535,1258031,1,applied_drift,1741718077728,-28.84894609451294,-39.0898872094144
1,1,block_2,2,Provo_ID12,1,1078535,1258031,1,applied_drift,1741718077758,-28.84894609451294,-39.0898872094144
1,1,block_2,2,Provo_ID12,1,1078535,1258031,1,applied_drift,1741718077796,-28.84894609451294,-39.0898872094144
1,1,block_2,2,Provo_ID12,1,1078535,1258031,1,applied_drift,1741718077843,-28.84894609451294,-39.0898872094144
1,1,block_2,2,Provo_ID12,1,1078535,1258031,1,applied_drift,1741718077875,-28.84894609451294,-39.0898872094144
1,1,block_2,2,Provo_ID12,1,1078535,1258031,1,applied_drift,1741718077906,-28.84894609451294,-39.0898872094144
1,1,block_2,2,Provo_ID12,1,1078535,1258031,1,applied_drift,1741718077931,-28.84894609451294,-39.0898872094144
1,1,block_2,2,Provo_ID12,1,1078535,1258031,1,applied_drift,1741718077971,-28.84894609451294,-39.0898872094144
1,1,block_2,2,Provo_ID12,1,1078535,1258031,1,applied_drift,1741718078006,-28.84894609451294,-39.0898872094144
1,1,block_2,2,Provo_ID12,1,1078535,1258031,1,applied_drift,1741718078032,-28.84894609451294,-39.0898872094144
1,1,block_2,2,Provo_ID12,1,1078535,1258031,1,applied_drift,1741718078069,-28.84894609451294,-39.0898872094144
1,1,block_2,2,Provo_ID12,1,1078535,1258031,1,applied_drift,1741718078102,-28.84894609451294,-39.0898872094144
1,1,block_2,2,Provo_ID12,1,1078535,1258031,1,applied_drift,1741718078133,-28.84894609451294,-39.0898872094144
1,1,block_2,2,Provo_ID12,1,1078535,1258031,1,applied_drift,1741718078167,-28.84894609451294,-39.0898872094144
1,1,block_2,2,Provo_ID12,1,1078535,1258031,1,applied_drift,1741718078207,-28.84894609451294,-39.0898872094144
1,1,block_2,2,Provo_ID12,1,1078535,1258031,1,applied_drift,1741718078235,-28.84894609451294,-39.0898872094144
1,1,block_2,2,Provo_ID12,1,1078535,1258031,1,applied_drift,1741718078277,-28.84894609451294,-39.0898872094144
1,1,block_2,2,Provo_ID12,1,1078535,1258031,1,applied_drift,1741718078305,-28.84894609451294,-39.0898872094144
1,1,block_2,2,Provo_ID12,1,1078535,1258031,1,applied_drift,1741718078340,-28.84894609451294,-39.0898872094144
1,1,block_2,2,Provo_ID12,1,1078535,1258031,1,applied_drift,1741718078369,-28.84894609451294,-39.0898872094144
1,1,block_2,2,Provo_ID12,1,1078535,1258031,1,applied_drift,1741718078404,-28.84894609451294,-39.0898872094144
1,1,block_2,2,Provo_ID12,1,1078535,1258031,1,applied_drift,1741718078430,-28.84894609451294,-39.0898872094144
1,1,block_2,2,Provo_ID12,1,1078535,1258031,1,applied_drift,1741718078471,-28.84894609451294,-39.0898872094144
1,1,block_2,2,Provo_ID12,1,1078535,1258031,1,applied_drift,1741718078503,-28.84894609451294,-39.0898872094144
1,1,block_2,2,Provo_ID12,1,1078535,1258031,1,applied_drift,1741718078546,-28.84894609451294,-39.0898872094144
1,1,block_2,2,Provo_ID12,1,1078535,1258031,1,applied_drift,1741718078572,-28.84894609451294,-39.0898872094144
1,1,block_2,2,Provo_ID12,1,1078535,1258031,1,applied_drift,1741718078603,-28.84894609451294,-39.0898872094144
1,1,block_2,2,Provo_ID12,1,1078535,1258031,1,applied_drift,1741718078639,-28.84894609451294,-39.0898872094144
1,1,block_2,2,Provo_ID12,1,1078535,1258031,1,applied_drift,1741718078673,-28.84894609451294,-39.0898872094144
1,1,block_2,2,Provo_ID12,1,1078535,1258031,1,applied_drift,1741718078702,-28.84894609451294,-39.0898872094144
1,1,block_2,2,Provo_ID12,1,1078535,1258031,1,applied_drift,1741718078736,-28.84894609451294,-39.0898872094144
1,1,block_2,2,Provo_ID12,1,1078535,1258031,1,applied_drift,1741718078768,-28.84894609451294,-39.0898872094144
1,1,block_2,2,Provo_ID12,1,1078535,1258031,1,applied_drift,1741718078807,-28.84894609451294,-39.0898872094144
1,1,block_2,2,Provo_ID12,1,1078535,1258031,1,applied_drift,1741718078836,-28.84894609451294,-39.0898872094144
1,1,block_2,2,Provo_ID12,1,1078535,1258031,1,applied_drift,1741718078867,-28.84894609451294,-39.0898872094144
1,1,block_2,2,Provo_ID12,1,1078535,1258031,1,applied_drift,1741718078910,-28.84894609451294,-39.0898872094144
1,1,block_2,2,Provo_ID12,1,1078535,1258031,1,applied_drift,1741718078934,-28.84894609451294,-39.0898872094144
1,1,block_2,2,Provo_ID12,1,1078535,1258031,1,applied_drift,1741718078980,-28.84894609451294,-39.0898872094144
1,1,block_2,2,Provo_ID12,1,1078535,1258031,1,applied_drift,1741718079006,-28.84894609451294,-39.0898872094144
1,1,block_2,2,Provo_ID12,1,1078535,1258031,1,applied_drift,1741718079038,-28.84894609451294,-39.0898872094144
1,1,block_2,2,Provo_ID12,1,1078535,1258031,1,applied_drift,1741718079068,-28.84894609451294,-39.0898872094144
1,1,block_2,2,Provo_ID12,1,1078535,1258031,1,applied_drift,1741718079102,-28.84894609451294,-39.0898872094144
1,1,block_2,2,Provo_ID12,1,1078535,1258031,1,applied_drift,1741718079142,-28.84894609451294,-39.0898872094144
1,1,block_2,2,Provo_ID12,1,1078535,1258031,1,applied_drift,1741718079169,-28.84894609451294,-39.0898872094144
1,1,block_2,2,Provo_ID12,1,1078535,1258031,1,applied_drift,1741718079196,-28.84894609451294,-39.0898872094144
1,1,block_2,2,Provo_ID12,1,1078535,1258031,1,applied_drift,1741718079237,-28.84894609451294,-39.0898872094144
1,1,block_2,2,Provo_ID12,1,1078535,1258031,1,applied_drift,1741718079270,-28.84894609451294,-39.0898872094144
1,1,block_2,2,Provo_ID12,1,1078535,1258031,1,applied_drift,1741718079300,-28.84894609451294,-39.0898872094144
1,1,block_2,2,Provo_ID12,1,1078535,1258031,1,applied_drift,1741718079338,-28.84894609451294,-39.0898872094144
1,1,block_2,2,Provo_ID12,1,1078535,1258031,1,applied_drift,1741718079378,-28.84894609451294,-39.0898872094144
1,1,block_2,2,Provo_ID12,1,1078535,1258031,1,applied_drift,1741718079409,-28.84894609451294,-39.0898872094144
1,1,block_2,2,Provo_ID12,1,1078535,1258031,1,applied_drift,1741718079431,-28.84894609451294,-39.0898872094144
1,1,block_2,2,Provo_ID12,1,1078535,1258031,1,applied_drift,1741718079480,-28.84894609451294,-39.0898872094144
1,1,block_2,2,Provo_ID12,1,1078535,1258031,1,applied_drift,1741718079511,-28.84894609451294,-39.0898872094144
1,1,block_2,2,Provo_ID12,1,1078535,1258031,1,applied_drift,1741718079534,-28.84894609451294,-39.0898872094144
1,1,block_2,2,Provo_ID12,1,1078535,1258031,1,applied_drift,1741718079563,-28.84894609451294,-39.0898872094144
1,1,block_2,2,Provo_ID12,1,1078535,1258031,1,applied_drift,1741718079606,-28.84894609451294,-39.0898872094144
1,1,block_2,2,Provo_ID12,1,1078535,1258031,1,applied_drift,1741718079631,-28.84894609451294,-39.0898872094144
1,1,block_2,2,Provo_ID12,1,1078535,1258031,1,applied_drift,1741718079676,-28.84894609451294,-39.0898872094144
1,1,block_2,2,Provo_ID12,1,1078535,1258031,1,applied_drift,1741718079701,-28.84894609451294,-39.0898872094144
1,1,block_2,2,Provo_ID12,1,1078535,1258031,1,applied_drift,1741718079745,-28.84894609451294,-39.0898872094144
1,1,block_2,2,Provo_ID12,1,1078535,1258031,1,applied_drift,1741718079769,-28.84894609451294,-39.0898872094144
1,1,block_2,2,Provo_ID12,1,1078535,1258031,1,applied_drift,1741718079802,-28.84894609451294,-39.0898872094144
1,1,block_2,2,Provo_ID12,1,1078535,1258031,1,applied_drift,1741718079843,-28.84894609451294,-39.0898872094144
1,1,block_2,2,Provo_ID12,1,1078535,1258031,1,applied_drift,1741718079867,-28.84894609451294,-39.0898872094144
1,1,block_2,2,Provo_ID12,1,1078535,1258031,1,applied_drift,1741718079904,-28.84894609451294,-39.0898872094144
1,1,block_2,2,Provo_ID12,1,1078535,1258031,1,applied_drift,1741718079956,-28.84894609451294,-39.0898872094144
1,1,block_2,2,Provo_ID12,1,1078535,1258031,1,applied_drift,1741718079983,-28.84894609451294,-39.0898872094144
1,1,block_2,2,Provo_ID12,1,1078535,1258031,1,applied_drift,1741718080021,-28.84894609451294,-39.0898872094144
1,1,block_2,2,Provo_ID12,1,1078535,1258031,1,applied_drift,1741718080052,-28.84894609451294,-39.0898872094144
1,1,block_2,2,Provo_ID12,1,1078535,1258031,1,applied_drift,1741718080079,-28.84894609451294,-39.0898872094144
1,1,block_2,2,Provo_ID12,1,1078535,1258031,1,applied_drift,1741718080116,-28.84894609451294,-39.0898872094144
1,1,block_2,2,Provo_ID12,1,1078535,1258031,1,applied_drift,1741718080153,-28.84894609451294,-39.0898872094144
1,1,block_2,2,Provo_ID12,1,1078535,1258031,1,applied_drift,1741718080179,-28.84894609451294,-39.0898872094144
1,1,block_2,2,Provo_ID12,1,1078535,1258031,1,applied_drift,1741718080220,-28.84894609451294,-39.0898872094144
1,1,block_2,2,Provo_ID12,1,1078535,1258031,1,applied_drift,1741718080248,-28.84894609451294,-39.0898872094144
1,1,block_2,2,Provo_ID12,1,1078535,1258031,1,applied_drift,1741718080277,-28.84894609451294,-39.0898872094144
1,1,block_2,2,Provo_ID12,1,1078535,1258031,1,applied_drift,1741718080314,-28.84894609451294,-39.0898872094144
1,1,block_2,2,Provo_ID12,1,1078535,1258031,1,applied_drift,1741718080348,-28.84894609451294,-39.0898872094144
1,1,block_2,2,Provo_ID12,1,1078535,1258031,1,applied_drift,1741718080377,-28.84894609451294,-39.0898872094144
1,1,block_2,2,Provo_ID12,1,1078535,1258031,1,applied_drift,1741718080417,-28.84894609451294,-39.0898872094144
1,1,block_2,2,Provo_ID12,1,1078535,1258031,1,applied_drift,1741718080449,-28.84894609451294,-39.0898872094144
1,1,block_2,2,Provo_ID12,1,1078535,1258031,1,applied_drift,1741718080483,-28.84894609451294,-39.0898872094144
1,1,block_2,2,Provo_ID12,1,1078535,1258031,1,applied_drift,1741718080510,-28.84894609451294,-39.0898872094144
1,1,block_2,2,Provo_ID12,1,1078535,1258031,1,applied_drift,1741718080556,-28.84894609451294,-39.0898872094144
1,1,block_2,2,Provo_ID12,1,1078535,1258031,1,applied_drift,1741718080584,-28.84894609451294,-39.0898872094144
1,1,block_2,2,Provo_ID12,1,1078535,1258031,1,applied_drift,1741718080615,-28.84894609451294,-39.0898872094144
1,1,block_2,2,Provo_ID12,1,1078535,1258031,1,applied_drift,1741718080648,-28.84894609451294,-39.0898872094144
1,1,block_2,2,Provo_ID12,1,1078535,1258031,1,applied_drift,1741718080681,-28.84894609451294,-39.0898872094144
1,1,block_2,2,Provo_ID12,1,1078535,1258031,1,applied_drift,1741718080719,-28.84894609451294,-39.0898872094144
1,1,block_2,2,Provo_ID12,1,1078535,1258031,1,applied_drift,1741718080748,-28.84894609451294,-39.0898872094144
1,1,block_2,2,Provo_ID12,1,1078535,1258031,1,applied_drift,1741718080778,-28.84894609451294,-39.0898872094144
1,1,block_2,2,Provo_ID12,1,1078535,1258031,1,applied_drift,1741718080811,-28.84894609451294,-39.0898872094144
1,1,block_2,2,Provo_ID12,1,1078535,1258031,1,applied_drift,1741718080845,-28.84894609451294,-39.0898872094144
1,1,block_2,2,Provo_ID12,1,1078535,1258031,1,applied_drift,1741718080888,-28.84894609451294,-39.0898872094144
1,1,block_2,2,Provo_ID12,1,1078535,1258031,1,applied_drift,1741718080918,-28.84894609451294,-39.0898872094144
1,1,block_2,2,Provo_ID12,1,1078535,1258031,1,applied_drift,1741718080943,-28.84894609451294,-39.0898872094144
1,1,block_2,2,Provo_ID12,1,1078535,1258031,1,applied_drift,1741718080989,-28.84894609451294,-39.0898872094144
1,1,block_2,2,Provo_ID12,1,1078535,1258031,1,applied_drift,1741718081025,-28.84894609451294,-39.0898872094144
1,1,block_2,2,Provo_ID12,1,1078535,1258031,1,applied_drift,1741718081051,-28.84894609451294,-39.0898872094144
1,1,block_2,2,Provo_ID12,1,1078535,1258031,1,applied_drift,1741718081089,-28.84894609451294,-39.0898872094144
1,1,block_2,2,Provo_ID12,1,1078535,1258031,1,applied_drift,1741718081121,-28.84894609451294,-39.0898872094144
1,1,block_2,2,Provo_ID12,1,1078535,1258031,1,applied_drift,1741718081153,-28.84894609451294,-39.0898872094144
1,1,block_2,2,Provo_ID12,1,1078535,1258031,1,applied_drift,1741718081182,-28.84894609451294,-39.0898872094144
1,1,block_2,2,Provo_ID12,1,1078535,1258031,1,applied_drift,1741718081211,-28.84894609451294,-39.0898872094144
1,1,block_2,2,Provo_ID12,1,1078535,1258031,1,applied_drift,1741718081252,-28.84894609451294,-39.0898872094144
1,1,block_2,2,Provo_ID12,1,1078535,1258031,1,applied_drift,1741718081281,-28.84894609451294,-39.0898872094144
1,1,block_2,2,Provo_ID12,1,1078535,1258031,1,applied_drift,1741718081320,-28.84894609451294,-39.0898872094144
1,1,block_2,2,Provo_ID12,1,1078535,1258031,1,applied_drift,1741718081353,-28.84894609451294,-39.0898872094144
1,1,block_2,2,Provo_ID12,1,1078535,1258031,1,applied_drift,1741718081391,-28.84894609451294,-39.0898872094144
1,1,block_2,2,Provo_ID12,1,1078535,1258031,1,applied_drift,1741718081427,-28.84894609451294,-39.0898872094144
1,1,block_2,2,Provo_ID12,1,1078535,1258031,1,applied_drift,1741718081452,-28.84894609451294,-39.0898872094144
1,1,block_2,2,Provo_ID12,1,1078535,1258031,1,applied_drift,1741718081491,-28.84894609451294,-39.0898872094144
1,1,block_2,2,Provo_ID12,1,1078535,1258031,1,applied_drift,1741718081517,-28.84894609451294,-39.0898872094144
1,1,block_2,2,Provo_ID12,1,1078535,1258031,1,applied_drift,1741718081551,-28.84894609451294,-39.0898872094144
1,1,block_2,2,Provo_ID12,1,1078535,1258031,1,applied_drift,1741718081587,-28.84894609451294,-39.0898872094144
1,1,block_2,2,Provo_ID12,1,1078535,1258031,1,applied_drift,1741718081615,-28.84894609451294,-39.0898872094144
1,1,block_2,2,Provo_ID12,1,1078535,1258031,1,applied_drift,1741718081649,-28.84894609451294,-39.0898872094144
1,1,block_2,2,Provo_ID12,1,1078535,1258031,1,applied_drift,1741718081685,-28.84894609451294,-39.0898872094144
1,1,block_2,2,Provo_ID12,1,1078535,1258031,1,applied_drift,1741718081722,-28.84894609451294,-39.0898872094144
1,1,block_2,2,Provo_ID12,1,1078535,1258031,1,applied_drift,1741718081755,-28.84894609451294,-39.0898872094144
1,1,block_2,2,Provo_ID12,1,1078535,1258031,1,applied_drift,1741718081787,-28.84894609451294,-39.0898872094144
1,1,block_2,2,Provo_ID12,1,1078535,1258031,1,applied_drift,1741718081822,-28.84894609451294,-39.0898872094144
1,1,block_2,2,Provo_ID12,1,1078535,1258031,1,applied_drift,1741718081861,-28.84894609451294,-39.0898872094144
1,1,block_2,2,Provo_ID12,1,1078535,1258031,1,applied_drift,1741718081889,-28.84894609451294,-39.0898872094144
1,1,block_2,2,Provo_ID12,1,1078535,1258031,1,applied_drift,1741718081918,-28.84894609451294,-39.0898872094144
1,1,block_2,2,Provo_ID12,1,1078535,1258031,1,applied_drift,1741718081953,-28.84894609451294,-39.0898872094144
1,1,block_2,2,Provo_ID12,1,1078535,1258031,1,applied_drift,1741718081979,-28.84894609451294,-39.0898872094144
1,1,block_2,2,Provo_ID12,1,1078535,1258031,1,applied_drift,1741718082023,-28.84894609451294,-39.0898872094144
1,1,block_2,2,Provo_ID12,1,1078535,1258031,1,applied_drift,1741718082053,-28.84894609451294,-39.0898872094144
1,1,block_2,2,Provo_ID12,1,1078535,1258031,1,applied_drift,1741718082089,-28.84894609451294,-39.0898872094144
1,1,block_2,2,Provo_ID12,1,1078535,1258031,1,applied_drift,1741718082128,-28.84894609451294,-39.0898872094144
1,1,block_2,2,Provo_ID12,1,1078535,1258031,1,applied_drift,1741718082162,-28.84894609451294,-39.0898872094144
1,1,block_2,2,Provo_ID12,1,1078535,1258031,1,applied_drift,1741718082189,-28.84894609451294,-39.0898872094144
1,1,block_2,2,Provo_ID12,1,1078535,1258031,1,applied_drift,1741718082217,-28.84894609451294,-39.0898872094144
1,1,block_2,2,Provo_ID12,1,1078535,1258031,1,applied_drift,1741718082248,-28.84894609451294,-39.0898872094144
1,1,block_2,2,Provo_ID12,1,1078535,1258031,1,applied_drift,1741718082289,-28.84894609451294,-39.0898872094144
1,1,block_2,2,Provo_ID12,1,1078535,1258031,1,applied_drift,1741718082328,-28.84894609451294,-39.0898872094144
1,1,block_2,2,Provo_ID12,1,1078535,1258031,1,applied_drift,1741718082357,-28.84894609451294,-39.0898872094144
1,1,block_2,2,Provo_ID12,1,1078535,1258031,1,applied_drift,1741718082391,-28.84894609451294,-39.0898872094144
1,1,block_2,2,Provo_ID12,1,1078535,1258031,1,applied_drift,1741718082413,-28.84894609451294,-39.0898872094144
1,1,block_2,2,Provo_ID12,1,1078535,1258031,1,applied_drift,1741718082452,-28.84894609451294,-39.0898872094144
1,1,block_2,2,Provo_ID12,1,1078535,1258031,1,applied_drift,1741718082489,-28.84894609451294,-39.0898872094144
1,1,block_2,2,Provo_ID12,1,1078535,1258031,1,applied_drift,1741718082522,-28.84894609451294,-39.0898872094144
1,1,block_2,2,Provo_ID12,1,1078535,1258031,1,applied_drift,1741718082557,-28.84894609451294,-39.0898872094144
1,1,block_2,2,Provo_ID12,1,1078535,1258031,1,applied_drift,1741718082591,-28.84894609451294,-39.0898872094144
1,1,block_2,2,Provo_ID12,1,1078535,1258031,1,applied_drift,1741718082626,-28.84894609451294,-39.0898872094144
1,1,block_2,2,Provo_ID12,1,1078535,1258031,1,applied_drift,1741718082657,-28.84894609451294,-39.0898872094144
1,1,block_2,2,Provo_ID12,1,1078535,1258031,1,applied_drift,1741718082691,-28.84894609451294,-39.0898872094144
1,1,block_2,2,Provo_ID12,1,1078535,1258031,1,applied_drift,1741718082724,-28.84894609451294,-39.0898872094144
1,1,block_2,2,Provo_ID12,1,1078535,1258031,1,applied_drift,1741718082762,-28.84894609451294,-39.0898872094144
1,1,block_2,2,Provo_ID12,1,1078535,1258031,1,applied_drift,1741718082788,-28.84894609451294,-39.0898872094144
1,1,block_2,2,Provo_ID12,1,1078535,1258031,1,applied_drift,1741718082818,-28.84894609451294,-39.0898872094144
1,1,block_2,2,Provo_ID12,1,1078535,1258031,1,applied_drift,1741718082850,-28.84894609451294,-39.0898872094144
1,1,block_2,2,Provo_ID12,1,1078535,1258031,1,applied_drift,1741718082882,-28.84894609451294,-39.0898872094144
1,1,block_2,2,Provo_ID12,1,1078535,1258031,1,applied_drift,1741718082926,-28.84894609451294,-39.0898872094144
1,1,block_2,2,Provo_ID12,1,1078535,1258031,1,applied_drift,1741718082956,-28.84894609451294,-39.0898872094144
1,1,block_2,2,Provo_ID12,1,1078535,1258031,1,applied_drift,1741718082988,-28.84894609451294,-39.0898872094144
1,1,block_2,2,Provo_ID12,1,1078535,1258031,1,applied_drift,1741718083023,-28.84894609451294,-39.0898872094144
1,1,block_2,2,Provo_ID12,1,1078535,1258031,1,applied_drift,1741718083053,-28.84894609451294,-39.0898872094144
1,1,block_2,2,Provo_ID12,1,1078535,1258031,1,applied_drift,1741718083095,-28.84894609451294,-39.0898872094144
1,1,block_2,2,Provo_ID12,1,1078535,1258031,1,applied_drift,1741718083138,-28.84894609451294,-39.0898872094144
1,1,block_2,2,Provo_ID12,1,1078535,1258031,1,applied_drift,1741718083168,-28.84894609451294,-39.0898872094144
1,1,block_2,2,Provo_ID12,1,1078535,1258031,1,applied_drift,1741718083198,-28.84894609451294,-39.0898872094144
1,1,block_2,2,Provo_ID12,1,1078535,1258031,1,applied_drift,1741718083229,-28.84894609451294,-39.0898872094144
1,1,block_2,2,Provo_ID12,1,1078535,1258031,1,applied_drift,1741718083271,-28.84894609451294,-39.0898872094144
1,1,block_2,2,Provo_ID12,1,1078535,1258031,1,applied_drift,1741718083304,-28.84894609451294,-39.0898872094144
1,1,block_2,2,Provo_ID12,1,1078535,1258031,1,applied_drift,1741718083334,-28.84894609451294,-39.0898872094144
1,1,block_2,2,Provo_ID12,1,1078535,1258031,1,applied_drift,1741718083364,-28.84894609451294,-39.0898872094144
1,1,block_2,2,Provo_ID12,1,1078535,1258031,1,applied_drift,1741718083402,-28.84894609451294,-39.0898872094144
1,1,block_2,2,Provo_ID12,1,1078535,1258031,1,applied_drift,1741718083435,-28.84894609451294,-39.0898872094144
1,1,block_2,2,Provo_ID12,1,1078535,1258031,1,applied_drift,1741718083469,-28.84894609451294,-39.0898872094144
1,1,block_2,2,Provo_ID12,1,1078535,1258031,1,applied_drift,1741718083514,-28.84894609451294,-39.0898872094144
1,1,block_2,2,Provo_ID12,1,1078535,1258031,1,applied_drift,1741718083538,-28.84894609451294,-39.0898872094144
1,1,block_2,2,Provo_ID12,1,1078535,1258031,1,applied_drift,1741718083573,-28.84894609451294,-39.0898872094144
1,1,block_2,2,Provo_ID12,1,1078535,1258031,1,applied_drift,1741718083606,-28.84894609451294,-39.0898872094144
1,1,block_2,2,Provo_ID12,1,1078535,1258031,1,applied_drift,1741718083638,-28.84894609451294,-39.0898872094144
1,1,block_2,2,Provo_ID12,1,1078535,1258031,1,applied_drift,1741718083673,-28.84894609451294,-39.0898872094144
1,1,block_2,2,Provo_ID12,1,1078535,1258031,1,applied_drift,1741718083704,-28.84894609451294,-39.0898872094144
1,1,block_2,2,Provo_ID12,1,1078535,1258031,1,applied_drift,1741718083740,-28.84894609451294,-39.0898872094144
1,1,block_2,2,Provo_ID12,1,1078535,1258031,1,applied_drift,1741718083774,-28.84894609451294,-39.0898872094144
1,1,block_2,2,Provo_ID12,1,1078535,1258031,1,applied_drift,1741718083805,-28.84894609451294,-39.0898872094144
1,1,block_2,2,Provo_ID12,1,1078535,1258031,1,applied_drift,1741718083846,-28.84894609451294,-39.0898872094144
1,1,block_2,2,Provo_ID12,1,1078535,1258031,1,applied_drift,1741718083876,-28.84894609451294,-39.0898872094144
1,1,block_2,2,Provo_ID12,1,1078535,1258031,1,applied_drift,1741718083910,-28.84894609451294,-39.0898872094144
1,1,block_2,2,Provo_ID12,1,1078535,1258031,1,applied_drift,1741718083943,-28.84894609451294,-39.0898872094144
1,1,block_2,2,Provo_ID12,1,1078535,1258031,1,applied_drift,1741718083975,-28.84894609451294,-39.0898872094144
1,1,block_2,2,Provo_ID12,1,1078535,1258031,1,applied_drift,1741718084005,-28.84894609451294,-39.0898872094144
1,1,block_2,2,Provo_ID12,1,1078535,1258031,1,applied_drift,1741718084034,-28.84894609451294,-39.0898872094144
1,1,block_2,2,Provo_ID12,1,1078535,1258031,1,applied_drift,1741718084073,-28.84894609451294,-39.0898872094144
1,1,block_2,2,Provo_ID12,1,1078535,1258031,1,applied_drift,1741718084104,-28.84894609451294,-39.0898872094144
1,1,block_2,2,Provo_ID12,1,1078535,1258031,1,applied_drift,1741718084138,-28.84894609451294,-39.0898872094144
1,1,block_2,2,Provo_ID12,1,1078535,1258031,1,applied_drift,1741718084173,-28.84894609451294,-39.0898872094144
1,1,block_2,2,Provo_ID12,1,1078535,1258031,1,applied_drift,1741718084210,-28.84894609451294,-39.0898872094144
1,1,block_2,2,Provo_ID12,1,1078535,1258031,1,applied_drift,1741718084243,-28.84894609451294,-39.0898872094144
1,1,block_2,2,Provo_ID12,1,1078535,1258031,1,applied_drift,1741718084286,-28.84894609451294,-39.0898872094144
1,1,block_2,2,Provo_ID12,1,1078535,1258031,1,applied_drift,1741718084308,-28.84894609451294,-39.0898872094144
1,1,block_2,2,Provo_ID12,1,1078535,1258031,1,applied_drift,1741718084335,-28.84894609451294,-39.0898872094144
1,1,block_2,2,Provo_ID12,1,1078535,1258031,1,applied_drift,1741718084377,-28.84894609451294,-39.0898872094144
1,1,block_2,2,Provo_ID12,1,1078535,1258031,1,applied_drift,1741718084407,-28.84894609451294,-39.0898872094144
1,1,block_2,2,Provo_ID12,1,1078535,1258031,1,applied_drift,1741718084436,-28.84894609451294,-39.0898872094144
1,1,block_2,2,Provo_ID12,1,1078535,1258031,1,applied_drift,1741718084467,-28.84894609451294,-39.0898872094144
1,1,block_2,2,Provo_ID12,1,1078535,1258031,1,applied_drift,1741718084501,-28.84894609451294,-39.0898872094144
1,1,block_2,2,Provo_ID12,1,1078535,1258031,1,applied_drift,1741718084547,-28.84894609451294,-39.0898872094144
1,1,block_2,2,Provo_ID12,1,1078535,1258031,1,applied_drift,1741718084580,-28.84894609451294,-39.0898872094144
1,1,block_2,2,Provo_ID12,1,1078535,1258031,1,applied_drift,1741718084598,-28.84894609451294,-39.0898872094144
1,1,block_2,2,Provo_ID12,1,1078535,1258031,1,applied_drift,1741718084647,-28.84894609451294,-39.0898872094144
1,1,block_2,2,Provo_ID12,1,1078535,1258031,1,applied_drift,1741718084678,-28.84894609451294,-39.0898872094144
1,1,block_2,2,Provo_ID12,1,1078535,1258031,1,applied_drift,1741718084712,-28.84894609451294,-39.0898872094144
1,1,block_2,2,Provo_ID12,1,1078535,1258031,1,applied_drift,1741718084734,-28.84894609451294,-39.0898872094144
1,1,block_2,2,Provo_ID12,1,1078535,1258031,1,applied_drift,1741718084783,-28.84894609451294,-39.0898872094144
1,1,block_2,2,Provo_ID12,1,1078535,1258031,1,applied_drift,1741718084810,-28.84894609451294,-39.0898872094144
1,1,block_2,2,Provo_ID12,1,1078535,1258031,1,applied_drift,1741718084836,-28.84894609451294,-39.0898872094144
1,1,block_2,2,Provo_ID12,1,1078535,1258031,1,applied_drift,1741718084874,-28.84894609451294,-39.0898872094144
1,1,block_2,2,Provo_ID12,1,1078535,1258031,1,applied_drift,1741718084909,-28.84894609451294,-39.0898872094144
1,1,block_2,2,Provo_ID12,1,1078535,1258031,1,applied_drift,1741718084939,-28.84894609451294,-39.0898872094144
1,1,block_2,2,Provo_ID12,1,1078535,1258031,1,applied_drift,1741718084975,-28.84894609451294,-39.0898872094144
1,1,block_2,2,Provo_ID12,1,1078535,1258031,1,applied_drift,1741718085007,-28.84894609451294,-39.0898872094144
1,1,block_2,2,Provo_ID12,1,1078535,1258031,1,applied_drift,1741718085041,-28.84894609451294,-39.0898872094144
1,1,block_2,2,Provo_ID12,1,1078535,1258031,1,applied_drift,1741718085079,-28.84894609451294,-39.0898872094144
1,1,block_2,2,Provo_ID12,1,1078535,1258031,1,applied_drift,1741718085112,-28.84894609451294,-39.0898872094144
1,1,block_2,2,Provo_ID12,1,1078535,1258031,1,applied_drift,1741718085149,-28.84894609451294,-39.0898872094144
1,1,block_2,2,Provo_ID12,1,1078535,1258031,1,applied_drift,1741718085183,-28.84894609451294,-39.0898872094144
1,1,block_2,2,Provo_ID12,1,1078535,1258031,1,applied_drift,1741718085219,-28.84894609451294,-39.0898872094144
1,1,block_2,2,Provo_ID12,1,1078535,1258031,1,applied_drift,1741718085240,-28.84894609451294,-39.0898872094144
1,1,block_2,2,Provo_ID12,1,1078535,1258031,1,applied_drift,1741718085284,-28.84894609451294,-39.0898872094144
1,1,block_2,2,Provo_ID12,1,1078535,1258031,1,applied_drift,1741718085306,-28.84894609451294,-39.0898872094144
1,1,block_2,2,Provo_ID12,1,1078535,1258031,1,applied_drift,1741718085343,-28.84894609451294,-39.0898872094144
1,1,block_2,2,Provo_ID12,1,1078535,1258031,1,applied_drift,1741718085380,-28.84894609451294,-39.0898872094144
1,1,block_2,2,Provo_ID12,1,1078535,1258031,1,applied_drift,1741718085406,-28.84894609451294,-39.0898872094144
1,1,block_2,2,Provo_ID12,1,1078535,1258031,1,applied_drift,1741718085439,-28.84894609451294,-39.0898872094144
1,1,block_2,2,Provo_ID12,1,1078535,1258031,1,applied_drift,1741718085468,-28.84894609451294,-39.0898872094144
1,1,block_2,2,Provo_ID12,1,1078535,1258031,1,applied_drift,1741718085507,-28.84894609451294,-39.0898872094144
1,1,block_2,2,Provo_ID12,1,1078535,1258031,1,applied_drift,1741718085537,-28.84894609451294,-39.0898872094144
1,1,block_2,2,Provo_ID12,1,1078535,1258031,1,applied_drift,1741718085568,-28.84894609451294,-39.0898872094144
1,1,block_2,2,Provo_ID12,1,1078535,1258031,1,applied_drift,1741718085612,-28.84894609451294,-39.0898872094144
1,1,block_2,2,Provo_ID12,1,1078535,1258031,1,applied_drift,1741718085649,-28.84894609451294,-39.0898872094144
1,1,block_2,2,Provo_ID12,1,1078535,1258031,1,applied_drift,1741718085686,-28.84894609451294,-39.0898872094144
1,1,block_2,2,Provo_ID12,1,1078535,1258031,1,applied_drift,1741718085702,-28.84894609451294,-39.0898872094144
1,1,block_2,2,Provo_ID12,1,1078535,1258031,1,applied_drift,1741718085742,-28.84894609451294,-39.0898872094144
1,1,block_2,2,Provo_ID12,1,1078535,1258031,1,applied_drift,1741718085775,-28.84894609451294,-39.0898872094144
1,1,block_2,2,Provo_ID12,1,1078535,1258031,1,applied_drift,1741718085815,-28.84894609451294,-39.0898872094144
1,1,block_2,2,Provo_ID12,1,1078535,1258031,1,applied_drift,1741718085854,-28.84894609451294,-39.0898872094144
1,1,block_2,2,Provo_ID12,1,1078535,1258031,1,applied_drift,1741718085871,-28.84894609451294,-39.0898872094144
1,1,block_2,2,Provo_ID12,1,1078535,1258031,1,applied_drift,1741718085913,-28.84894609451294,-39.0898872094144
1,1,block_2,2,Provo_ID12,1,1078535,1258031,1,applied_drift,1741718085943,-28.84894609451294,-39.0898872094144
1,1,block_2,2,Provo_ID12,1,1078535,1258031,1,applied_drift,1741718085973,-28.84894609451294,-39.0898872094144
1,1,block_2,2,Provo_ID12,1,1078535,1258031,1,applied_drift,1741718086009,-28.84894609451294,-39.0898872094144
1,1,block_2,2,Provo_ID12,1,1078535,1258031,1,applied_drift,1741718086035,-28.84894609451294,-39.0898872094144
1,1,block_2,2,Provo_ID12,1,1078535,1258031,1,applied_drift,1741718086071,-28.84894609451294,-39.0898872094144
1,1,block_2,2,Provo_ID12,1,1078535,1258031,1,applied_drift,1741718086102,-28.84894609451294,-39.0898872094144
1,1,block_2,2,Provo_ID12,1,1078535,1258031,1,applied_drift,1741718086151,-28.84894609451294,-39.0898872094144
1,1,block_2,2,Provo_ID12,1,1078535,1258031,1,applied_drift,1741718086177,-28.84894609451294,-39.0898872094144
1,1,block_2,2,Provo_ID12,1,1078535,1258031,1,applied_drift,1741718086207,-28.84894609451294,-39.0898872094144
1,1,block_2,2,Provo_ID12,1,1078535,1258031,1,applied_drift,1741718086240,-28.84894609451294,-39.0898872094144
1,1,block_2,2,Provo_ID12,1,1078535,1258031,1,applied_drift,1741718086278,-28.84894609451294,-39.0898872094144
1,1,block_2,2,Provo_ID12,1,1078535,1258031,1,applied_drift,1741718086319,-28.84894609451294,-39.0898872094144
1,1,block_2,2,Provo_ID12,1,1078535,1258031,1,applied_drift,1741718086365,-28.84894609451294,-39.0898872094144
1,1,block_2,2,Provo_ID12,1,1078535,1258031,1,applied_drift,1741718086397,-28.84894609451294,-39.0898872094144
1,1,block_2,2,Provo_ID12,1,1078535,1258031,1,applied_drift,1741718086426,-28.84894609451294,-39.0898872094144
1,1,block_2,2,Provo_ID12,1,1078535,1258031,1,applied_drift,1741718086454,-28.84894609451294,-39.0898872094144
1,1,block_2,2,Provo_ID12,1,1078535,1258031,1,applied_drift,1741718086492,-28.84894609451294,-39.0898872094144
1,1,block_2,2,Provo_ID12,1,1078535,1258031,1,applied_drift,1741718086521,-28.84894609451294,-39.0898872094144
1,1,block_2,2,Provo_ID12,1,1078535,1258031,1,applied_drift,1741718086558,-28.84894609451294,-39.0898872094144
1,1,block_2,2,Provo_ID12,1,1078535,1258031,1,applied_drift,1741718086583,-28.84894609451294,-39.0898872094144
1,1,block_2,2,Provo_ID12,1,1078535,1258031,1,applied_drift,1741718086618,-28.84894609451294,-39.0898872094144
1,1,block_2,2,Provo_ID12,1,1078535,1258031,1,applied_drift,1741718086655,-28.84894609451294,-39.0898872094144
1,1,block_2,2,Provo_ID12,1,1078535,1258031,1,applied_drift,1741718086690,-28.84894609451294,-39.0898872094144
1,1,block_2,2,Provo_ID12,1,1078535,1258031,1,applied_drift,1741718086729,-28.84894609451294,-39.0898872094144
1,1,block_2,2,Provo_ID12,1,1078535,1258031,1,applied_drift,1741718086754,-28.84894609451294,-39.0898872094144
1,1,block_2,2,Provo_ID12,1,1078535,1258031,1,applied_drift,1741718086797,-28.84894609451294,-39.0898872094144
1,1,block_2,2,Provo_ID12,1,1078535,1258031,1,applied_drift,1741718086833,-28.84894609451294,-39.0898872094144
1,1,block_2,2,Provo_ID12,1,1078535,1258031,1,applied_drift,1741718086853,-28.84894609451294,-39.0898872094144
1,1,block_2,2,Provo_ID12,1,1078535,1258031,1,applied_drift,1741718086887,-28.84894609451294,-39.0898872094144
1,1,block_2,2,Provo_ID12,1,1078535,1258031,1,applied_drift,1741718086924,-28.84894609451294,-39.0898872094144
1,1,block_2,2,Provo_ID12,1,1078535,1258031,1,applied_drift,1741718086953,-28.84894609451294,-39.0898872094144
1,1,block_2,2,Provo_ID12,1,1078535,1258031,1,applied_drift,1741718086995,-28.84894609451294,-39.0898872094144
1,1,block_2,2,Provo_ID12,1,1078535,1258031,1,applied_drift,1741718087023,-28.84894609451294,-39.0898872094144
1,1,block_2,2,Provo_ID12,1,1078535,1258031,1,applied_drift,1741718087054,-28.84894609451294,-39.0898872094144
1,1,block_2,2,Provo_ID12,1,1078535,1258031,1,applied_drift,1741718087090,-28.84894609451294,-39.0898872094144
1,1,block_2,2,Provo_ID12,1,1078535,1258031,1,applied_drift,1741718087125,-28.84894609451294,-39.0898872094144
1,1,block_2,2,Provo_ID12,1,1078535,1258031,1,applied_drift,1741718087156,-28.84894609451294,-39.0898872094144
1,1,block_2,2,Provo_ID12,1,1078535,1258031,1,applied_drift,1741718087190,-28.84894609451294,-39.0898872094144
1,1,block_2,2,Provo_ID12,1,1078535,1258031,1,applied_drift,1741718087220,-28.84894609451294,-39.0898872094144
1,1,block_2,2,Provo_ID12,1,1078535,1258031,1,applied_drift,1741718087255,-28.84894609451294,-39.0898872094144
1,1,block_2,2,Provo_ID12,1,1078535,1258031,1,applied_drift,1741718087291,-28.84894609451294,-39.0898872094144
1,1,block_2,2,Provo_ID12,1,1078535,1258031,1,applied_drift,1741718087323,-28.84894609451294,-39.0898872094144
1,1,block_2,2,Provo_ID12,1,1078535,1258031,1,applied_drift,1741718087357,-28.84894609451294,-39.0898872094144
1,1,block_2,2,Provo_ID12,1,1078535,1258031,1,applied_drift,1741718087387,-28.84894609451294,-39.0898872094144
1,1,block_2,2,Provo_ID12,1,1078535,1258031,1,applied_drift,1741718087430,-28.84894609451294,-39.0898872094144
1,1,block_2,2,Provo_ID12,1,1078535,1258031,1,applied_drift,1741718087462,-28.84894609451294,-39.0898872094144
1,1,block_2,2,Provo_ID12,1,1078535,1258031,1,applied_drift,1741718087494,-28.84894609451294,-39.0898872094144
1,1,block_2,2,Provo_ID12,1,1078535,1258031,1,applied_drift,1741718087520,-28.84894609451294,-39.0898872094144
1,1,block_2,2,Provo_ID12,1,1078535,1258031,1,applied_drift,1741718087564,-28.84894609451294,-39.0898872094144
1,1,block_2,2,Provo_ID12,1,1078535,1258031,1,applied_drift,1741718087594,-28.84894609451294,-39.0898872094144
1,1,block_2,2,Provo_ID12,1,1078535,1258031,1,applied_drift,1741718087619,-28.84894609451294,-39.0898872094144
1,1,block_2,2,Provo_ID12,1,1078535,1258031,1,applied_drift,1741718087652,-28.84894609451294,-39.0898872094144
1,1,block_2,2,Provo_ID12,1,1078535,1258031,1,applied_drift,1741718087695,-28.84894609451294,-39.0898872094144
1,1,block_2,2,Provo_ID12,1,1078535,1258031,1,applied_drift,1741718087729,-28.84894609451294,-39.0898872094144
1,1,block_2,2,Provo_ID12,1,1078535,1258031,1,applied_drift,1741718087768,-28.84894609451294,-39.0898872094144
1,1,block_2,2,Provo_ID12,1,1078535,1258031,1,applied_drift,1741718087795,-28.84894609451294,-39.0898872094144
1,1,block_2,2,Provo_ID12,1,1078535,1258031,1,applied_drift,1741718087822,-28.84894609451294,-39.0898872094144
1,1,block_2,2,Provo_ID12,1,1078535,1258031,1,applied_drift,1741718087856,-28.84894609451294,-39.0898872094144
1,1,block_2,2,Provo_ID12,1,1078535,1258031,1,applied_drift,1741718087890,-28.84894609451294,-39.0898872094144
1,1,block_2,2,Provo_ID12,1,1078535,1258031,1,applied_drift,1741718087929,-28.84894609451294,-39.0898872094144
1,1,block_2,2,Provo_ID12,1,1078535,1258031,1,applied_drift,1741718087960,-28.84894609451294,-39.0898872094144
1,1,block_2,2,Provo_ID12,1,1078535,1258031,1,applied_drift,1741718087993,-28.84894609451294,-39.0898872094144
1,1,block_2,2,Provo_ID12,1,1078535,1258031,1,applied_drift,1741718088024,-28.84894609451294,-39.0898872094144
1,1,block_2,2,Provo_ID12,1,1078535,1258031,1,applied_drift,1741718088057,-28.84894609451294,-39.0898872094144
1,1,block_2,2,Provo_ID12,1,1078535,1258031,1,applied_drift,1741718088095,-28.84894609451294,-39.0898872094144
1,1,block_2,2,Provo_ID12,1,1078535,1258031,1,applied_drift,1741718088126,-28.84894609451294,-39.0898872094144
1,1,block_2,2,Provo_ID12,1,1078535,1258031,1,applied_drift,1741718088161,-28.84894609451294,-39.0898872094144
1,1,block_2,2,Provo_ID12,1,1078535,1258031,1,applied_drift,1741718088193,-28.84894609451294,-39.0898872094144
1,1,block_2,2,Provo_ID12,1,1078535,1258031,1,applied_drift,1741718088228,-28.84894609451294,-39.0898872094144
1,1,block_2,2,Provo_ID12,1,1078535,1258031,1,applied_drift,1741718088255,-28.84894609451294,-39.0898872094144
1,1,block_2,2,Provo_ID12,1,1078535,1258031,1,applied_drift,1741718088299,-28.84894609451294,-39.0898872094144
1,1,block_2,2,Provo_ID12,1,1078535,1258031,1,applied_drift,1741718088332,-28.84894609451294,-39.0898872094144
1,1,block_2,2,Provo_ID12,1,1078535,1258031,1,applied_drift,1741718088359,-28.84894609451294,-39.0898872094144
1,1,block_2,2,Provo_ID12,1,1078535,1258031,1,applied_drift,1741718088386,-28.84894609451294,-39.0898872094144
1,1,block_2,2,Provo_ID12,1,1078535,1258031,1,applied_drift,1741718088442,-28.84894609451294,-39.0898872094144
1,1,block_2,2,Provo_ID12,1,1078535,1258031,1,applied_drift,1741718088475,-28.84894609451294,-39.0898872094144
1,1,block_2,2,Provo_ID12,1,1078535,1258031,1,applied_drift,1741718088506,-28.84894609451294,-39.0898872094144
1,1,block_2,2,Provo_ID12,1,1078535,1258031,1,applied_drift,1741718088538,-28.84894609451294,-39.0898872094144
1,1,block_2,2,Provo_ID12,1,1078535,1258031,1,applied_drift,1741718088573,-28.84894609451294,-39.0898872094144
1,1,block_2,2,Provo_ID12,1,1078535,1258031,1,applied_drift,1741718088606,-28.84894609451294,-39.0898872094144
1,1,block_2,2,Provo_ID12,1,1078535,1258031,1,applied_drift,1741718088634,-28.84894609451294,-39.0898872094144
1,1,block_2,2,Provo_ID12,1,1078535,1258031,1,applied_drift,1741718088666,-28.84894609451294,-39.0898872094144
1,1,block_2,2,Provo_ID12,1,1078535,1258031,1,applied_drift,1741718088698,-28.84894609451294,-39.0898872094144
1,1,block_2,2,Provo_ID12,1,1078535,1258031,1,applied_drift,1741718088733,-28.84894609451294,-39.0898872094144
1,1,block_2,2,Provo_ID12,1,1078535,1258031,1,applied_drift,1741718088774,-28.84894609451294,-39.0898872094144
1,1,block_2,2,Provo_ID12,1,1078535,1258031,1,applied_drift,1741718088807,-28.84894609451294,-39.0898872094144
1,1,block_2,2,Provo_ID12,1,1078535,1258031,1,applied_drift,1741718088841,-28.84894609451294,-39.0898872094144
1,1,block_2,2,Provo_ID12,1,1078535,1258031,1,applied_drift,1741718088872,-28.84894609451294,-39.0898872094144
1,1,block_2,2,Provo_ID12,1,1078535,1258031,1,applied_drift,1741718088899,-28.84894609451294,-39.0898872094144
1,1,block_2,2,Provo_ID12,1,1078535,1258031,1,applied_drift,1741718088943,-28.84894609451294,-39.0898872094144
1,1,block_2,2,Provo_ID12,1,1078535,1258031,1,applied_drift,1741718088975,-28.84894609451294,-39.0898872094144
1,1,block_2,2,Provo_ID12,1,1078535,1258031,1,applied_drift,1741718089010,-28.84894609451294,-39.0898872094144
1,1,block_2,2,Provo_ID12,1,1078535,1258031,1,applied_drift,1741718089044,-28.84894609451294,-39.0898872094144
1,1,block_2,2,Provo_ID12,1,1078535,1258031,1,applied_drift,1741718089069,-28.84894609451294,-39.0898872094144
1,1,block_2,2,Provo_ID12,1,1078535,1258031,1,applied_drift,1741718089107,-28.84894609451294,-39.0898872094144
1,1,block_2,2,Provo_ID12,1,1078535,1258031,1,applied_drift,1741718089134,-28.84894609451294,-39.0898872094144
1,1,block_2,2,Provo_ID12,1,1078535,1258031,1,applied_drift,1741718089165,-28.84894609451294,-39.0898872094144
1,1,block_2,2,Provo_ID12,1,1078535,1258031,1,applied_drift,1741718089200,-28.84894609451294,-39.0898872094144
1,1,block_2,2,Provo_ID12,1,1078535,1258031,1,applied_drift,1741718089233,-28.84894609451294,-39.0898872094144
1,1,block_2,2,Provo_ID12,1,1078535,1258031,1,applied_drift,1741718089264,-28.84894609451294,-39.0898872094144
1,1,block_2,2,Provo_ID12,1,1078535,1258031,1,applied_drift,1741718089305,-28.84894609451294,-39.0898872094144
1,1,block_2,2,Provo_ID12,1,1078535,1258031,1,applied_drift,1741718089337,-28.84894609451294,-39.0898872094144
1,1,block_2,2,Provo_ID12,1,1078535,1258031,1,applied_drift,1741718089366,-28.84894609451294,-39.0898872094144
1,1,block_2,2,Provo_ID12,1,1078535,1258031,1,applied_drift,1741718089408,-28.84894609451294,-39.0898872094144
1,1,block_2,2,Provo_ID12,1,1078535,1258031,1,applied_drift,1741718089441,-28.84894609451294,-39.0898872094144
1,1,block_2,2,Provo_ID12,1,1078535,1258031,1,applied_drift,1741718089473,-28.84894609451294,-39.0898872094144
1,1,block_2,2,Provo_ID12,1,1078535,1258031,1,applied_drift,1741718089509,-28.84894609451294,-39.0898872094144
1,1,block_2,2,Provo_ID12,1,1078535,1258031,1,applied_drift,1741718089541,-28.84894609451294,-39.0898872094144
1,1,block_2,2,Provo_ID12,1,1078535,1258031,1,applied_drift,1741718089574,-28.84894609451294,-39.0898872094144
1,1,block_2,2,Provo_ID12,1,1078535,1258031,1,applied_drift,1741718089611,-28.84894609451294,-39.0898872094144
1,1,block_2,2,Provo_ID12,1,1078535,1258031,1,applied_drift,1741718089639,-28.84894609451294,-39.0898872094144
1,1,block_2,2,Provo_ID12,1,1078535,1258031,1,applied_drift,1741718089675,-28.84894609451294,-39.0898872094144
1,1,block_2,2,Provo_ID12,1,1078535,1258031,1,applied_drift,1741718089710,-28.84894609451294,-39.0898872094144
1,1,block_2,2,Provo_ID12,1,1078535,1258031,1,applied_drift,1741718089738,-28.84894609451294,-39.0898872094144
1,1,block_2,2,Provo_ID12,1,1078535,1258031,1,applied_drift,1741718089764,-28.84894609451294,-39.0898872094144
1,1,block_2,2,Provo_ID12,1,1078535,1258031,1,applied_drift,1741718089806,-28.84894609451294,-39.0898872094144
1,1,block_2,2,Provo_ID12,1,1078535,1258031,1,applied_drift,1741718089840,-28.84894609451294,-39.0898872094144
1,1,block_2,2,Provo_ID12,1,1078535,1258031,1,applied_drift,1741718089875,-28.84894609451294,-39.0898872094144
1,1,block_2,2,Provo_ID12,1,1078535,1258031,1,applied_drift,1741718089905,-28.84894609451294,-39.0898872094144
1,1,block_2,2,Provo_ID12,1,1078535,1258031,1,applied_drift,1741718089950,-28.84894609451294,-39.0898872094144
1,1,block_2,2,Provo_ID12,1,1078535,1258031,1,applied_drift,1741718089972,-28.84894609451294,-39.0898872094144
1,1,block_2,2,Provo_ID12,1,1078535,1258031,1,applied_drift,1741718090004,-28.84894609451294,-39.0898872094144
1,1,block_2,2,Provo_ID12,1,1078535,1258031,1,applied_drift,1741718090037,-28.84894609451294,-39.0898872094144
1,1,block_2,2,Provo_ID12,1,1078535,1258031,1,applied_drift,1741718090071,-28.84894609451294,-39.0898872094144
1,1,block_2,2,Provo_ID12,1,1078535,1258031,1,applied_drift,1741718090110,-28.84894609451294,-39.0898872094144
1,1,block_2,2,Provo_ID12,1,1078535,1258031,1,applied_drift,1741718090138,-28.84894609451294,-39.0898872094144
1,1,block_2,2,Provo_ID12,1,1078535,1258031,1,applied_drift,1741718090168,-28.84894609451294,-39.0898872094144
1,1,block_2,2,Provo_ID12,1,1078535,1258031,1,applied_drift,1741718090214,-28.84894609451294,-39.0898872094144
1,1,block_2,2,Provo_ID12,1,1078535,1258031,1,applied_drift,1741718090244,-28.84894609451294,-39.0898872094144
1,1,block_2,2,Provo_ID12,1,1078535,1258031,1,applied_drift,1741718090274,-28.84894609451294,-39.0898872094144
1,1,block_2,2,Provo_ID12,1,1078535,1258031,1,applied_drift,1741718090308,-28.84894609451294,-39.0898872094144
1,1,block_2,2,Provo_ID12,1,1078535,1258031,1,applied_drift,1741718090343,-28.84894609451294,-39.0898872094144
1,1,block_2,2,Provo_ID12,1,1078535,1258031,1,applied_drift,1741718090375,-28.84894609451294,-39.0898872094144
1,1,block_2,2,Provo_ID12,1,1078535,1258031,1,applied_drift,1741718090404,-28.84894609451294,-39.0898872094144
1,1,block_2,2,Provo_ID12,1,1078535,1258031,1,applied_drift,1741718090441,-28.84894609451294,-39.0898872094144
1,1,block_2,2,Provo_ID12,1,1078535,1258031,1,applied_drift,1741718090472,-28.84894609451294,-39.0898872094144
1,1,block_2,2,Provo_ID12,1,1078535,1258031,1,applied_drift,1741718090501,-28.84894609451294,-39.0898872094144
1,1,block_2,2,Provo_ID12,1,1078535,1258031,1,applied_drift,1741718090536,-28.84894609451294,-39.0898872094144
1,1,block_2,2,Provo_ID12,1,1078535,1258031,1,applied_drift,1741718090575,-28.84894609451294,-39.0898872094144
1,1,block_2,2,Provo_ID12,1,1078535,1258031,1,applied_drift,1741718090607,-28.84894609451294,-39.0898872094144
1,1,block_2,2,Provo_ID12,1,1078535,1258031,1,applied_drift,1741718090642,-28.84894609451294,-39.0898872094144
1,1,block_2,2,Provo_ID12,1,1078535,1258031,1,applied_drift,1741718090682,-28.84894609451294,-39.0898872094144
1,1,block_2,2,Provo_ID12,1,1078535,1258031,1,applied_drift,1741718090710,-28.84894609451294,-39.0898872094144
1,1,block_2,2,Provo_ID12,1,1078535,1258031,1,applied_drift,1741718090738,-28.84894609451294,-39.0898872094144
1,1,block_2,2,Provo_ID12,1,1078535,1258031,1,applied_drift,1741718090782,-28.84894609451294,-39.0898872094144
1,1,block_2,2,Provo_ID12,1,1078535,1258031,1,applied_drift,1741718090805,-28.84894609451294,-39.0898872094144
1,1,block_2,2,Provo_ID12,1,1078535,1258031,1,applied_drift,1741718090839,-28.84894609451294,-39.0898872094144
1,1,block_2,2,Provo_ID12,1,1078535,1258031,1,applied_drift,1741718090871,-28.84894609451294,-39.0898872094144
1,1,block_2,2,Provo_ID12,1,1078535,1258031,1,applied_drift,1741718090909,-28.84894609451294,-39.0898872094144
1,1,block_2,2,Provo_ID12,1,1078535,1258031,1,applied_drift,1741718090942,-28.84894609451294,-39.0898872094144
1,1,block_2,2,Provo_ID12,1,1078535,1258031,1,applied_drift,1741718090976,-28.84894609451294,-39.0898872094144
1,1,block_2,2,Provo_ID12,1,1078535,1258031,1,applied_drift,1741718091010,-28.84894609451294,-39.0898872094144
1,1,block_2,2,Provo_ID12,1,1078535,1258031,1,applied_drift,1741718091041,-28.84894609451294,-39.0898872094144
1,1,block_2,2,Provo_ID12,1,1078535,1258031,1,applied_drift,1741718091078,-28.84894609451294,-39.0898872094144
1,1,block_2,2,Provo_ID12,1,1078535,1258031,1,applied_drift,1741718091106,-28.84894609451294,-39.0898872094144
1,1,block_2,2,Provo_ID12,1,1078535,1258031,1,applied_drift,1741718091142,-28.84894609451294,-39.0898872094144
1,1,block_2,2,Provo_ID12,1,1078535,1258031,1,applied_drift,1741718091172,-28.84894609451294,-39.0898872094144
1,1,block_2,2,Provo_ID12,1,1078535,1258031,1,applied_drift,1741718091205,-28.84894609451294,-39.0898872094144
1,1,block_2,2,Provo_ID12,1,1078535,1258031,1,applied_drift,1741718091237,-28.84894609451294,-39.0898872094144
1,1,block_2,2,Provo_ID12,1,1078535,1258031,1,applied_drift,1741718091272,-28.84894609451294,-39.0898872094144
1,1,block_2,2,Provo_ID12,1,1078535,1258031,1,applied_drift,1741718091304,-28.84894609451294,-39.0898872094144
1,1,block_2,2,Provo_ID12,1,1078535,1258031,1,applied_drift,1741718091338,-28.84894609451294,-39.0898872094144
1,1,block_2,2,Provo_ID12,1,1078535,1258031,1,applied_drift,1741718091377,-28.84894609451294,-39.0898872094144
1,1,block_2,2,Provo_ID12,1,1078535,1258031,1,applied_drift,1741718091410,-28.84894609451294,-39.0898872094144
1,1,block_2,2,Provo_ID12,1,1078535,1258031,1,applied_drift,1741718091444,-28.84894609451294,-39.0898872094144
1,1,block_2,2,Provo_ID12,1,1078535,1258031,1,applied_drift,1741718091470,-28.84894609451294,-39.0898872094144
1,1,block_2,2,Provo_ID12,1,1078535,1258031,1,applied_drift,1741718091505,-28.84894609451294,-39.0898872094144
1,1,block_2,2,Provo_ID12,1,1078535,1258031,1,applied_drift,1741718091542,-28.84894609451294,-39.0898872094144
1,1,block_2,2,Provo_ID12,1,1078535,1258031,1,applied_drift,1741718091568,-28.84894609451294,-39.0898872094144
1,1,block_2,2,Provo_ID12,1,1078535,1258031,1,applied_drift,1741718091605,-28.84894609451294,-39.0898872094144
1,1,block_2,2,Provo_ID12,1,1078535,1258031,1,applied_drift,1741718091640,-28.84894609451294,-39.0898872094144
1,1,block_2,2,Provo_ID12,1,1078535,1258031,1,applied_drift,1741718091665,-28.84894609451294,-39.0898872094144
1,1,block_2,2,Provo_ID12,1,1078535,1258031,1,applied_drift,1741718091711,-28.84894609451294,-39.0898872094144
1,1,block_2,2,Provo_ID12,1,1078535,1258031,1,applied_drift,1741718091735,-28.84894609451294,-39.0898872094144
1,1,block_2,2,Provo_ID12,1,1078535,1258031,1,applied_drift,1741718091768,-28.84894609451294,-39.0898872094144
1,1,block_2,2,Provo_ID12,1,1078535,1258031,1,applied_drift,1741718091799,-28.84894609451294,-39.0898872094144
1,1,block_2,2,Provo_ID12,1,1078535,1258031,1,applied_drift,1741718091856,-28.84894609451294,-39.0898872094144
1,1,block_2,2,Provo_ID12,1,1078535,1258031,1,applied_drift,1741718091878,-28.84894609451294,-39.0898872094144
1,1,block_2,2,Provo_ID12,1,1078535,1258031,1,applied_drift,1741718091906,-28.84894609451294,-39.0898872094144
1,1,block_2,2,Provo_ID12,1,1078535,1258031,1,applied_drift,1741718091959,-28.84894609451294,-39.0898872094144
1,1,block_2,2,Provo_ID12,1,1078535,1258031,1,applied_drift,1741718091990,-28.84894609451294,-39.0898872094144
1,1,block_2,2,Provo_ID12,1,1078535,1258031,1,applied_drift,1741718092022,-28.84894609451294,-39.0898872094144
1,1,block_2,2,Provo_ID12,1,1078535,1258031,1,applied_drift,1741718092054,-28.84894609451294,-39.0898872094144
1,1,block_2,2,Provo_ID12,1,1078535,1258031,1,applied_drift,1741718092083,-28.84894609451294,-39.0898872094144
1,1,block_2,2,Provo_ID12,1,1078535,1258031,1,applied_drift,1741718092120,-28.84894609451294,-39.0898872094144
1,1,block_2,2,Provo_ID12,1,1078535,1258031,1,applied_drift,1741718092159,-28.84894609451294,-39.0898872094144
1,1,block_2,2,Provo_ID12,1,1078535,1258031,1,applied_drift,1741718092184,-28.84894609451294,-39.0898872094144
1,1,block_2,2,Provo_ID12,1,1078535,1258031,1,applied_drift,1741718092226,-28.84894609451294,-39.0898872094144
1,1,block_2,2,Provo_ID12,1,1078535,1258031,1,applied_drift,1741718092252,-28.84894609451294,-39.0898872094144
1,1,block_2,2,Provo_ID12,1,1078535,1258031,1,applied_drift,1741718092286,-28.84894609451294,-39.0898872094144
1,1,block_2,2,Provo_ID12,1,1078535,1258031,1,applied_drift,1741718092325,-28.84894609451294,-39.0898872094144
1,1,block_2,2,Provo_ID12,1,1078535,1258031,1,applied_drift,1741718092357,-28.84894609451294,-39.0898872094144
1,1,block_2,2,Provo_ID12,1,1078535,1258031,1,applied_drift,1741718092386,-28.84894609451294,-39.0898872094144
1,1,block_2,2,Provo_ID12,1,1078535,1258031,1,applied_drift,1741718092421,-28.84894609451294,-39.0898872094144
1,1,block_2,2,Provo_ID12,1,1078535,1258031,1,applied_drift,1741718092455,-28.84894609451294,-39.0898872094144
1,1,block_2,2,Provo_ID12,1,1078535,1258031,1,applied_drift,1741718092477,-28.84894609451294,-39.0898872094144
1,1,block_2,2,Provo_ID12,1,1078535,1258031,1,applied_drift,1741718092526,-28.84894609451294,-39.0898872094144
1,1,block_2,2,Provo_ID12,1,1078535,1258031,1,applied_drift,1741718092549,-28.84894609451294,-39.0898872094144
1,1,block_2,2,Provo_ID12,1,1078535,1258031,1,applied_drift,1741718092591,-28.84894609451294,-39.0898872094144
1,1,block_2,2,Provo_ID12,1,1078535,1258031,1,applied_drift,1741718092624,-28.84894609451294,-39.0898872094144
1,1,block_2,2,Provo_ID12,1,1078535,1258031,1,applied_drift,1741718092663,-28.84894609451294,-39.0898872094144
1,1,block_2,2,Provo_ID12,1,1078535,1258031,1,applied_drift,1741718092682,-28.84894609451294,-39.0898872094144
1,1,block_2,2,Provo_ID12,1,1078535,1258031,1,applied_drift,1741718092722,-28.84894609451294,-39.0898872094144
1,1,block_2,2,Provo_ID12,1,1078535,1258031,1,applied_drift,1741718092758,-28.84894609451294,-39.0898872094144
1,1,block_2,2,Provo_ID12,1,1078535,1258031,1,applied_drift,1741718092777,-28.84894609451294,-39.0898872094144
1,1,block_2,2,Provo_ID12,1,1078535,1258031,1,applied_drift,1741718092817,-28.84894609451294,-39.0898872094144
1,1,block_2,2,Provo_ID12,1,1078535,1258031,1,applied_drift,1741718092846,-28.84894609451294,-39.0898872094144
1,1,block_2,2,Provo_ID12,1,1078535,1258031,1,applied_drift,1741718092884,-28.84894609451294,-39.0898872094144
1,1,block_2,2,Provo_ID12,1,1078535,1258031,1,applied_drift,1741718092910,-28.84894609451294,-39.0898872094144
1,1,block_2,2,Provo_ID12,1,1078535,1258031,1,applied_drift,1741718092953,-28.84894609451294,-39.0898872094144
1,1,block_2,2,Provo_ID12,1,1078535,1258031,1,applied_drift,1741718092983,-28.84894609451294,-39.0898872094144
1,1,block_2,2,Provo_ID12,1,1078535,1258031,1,applied_drift,1741718093017,-28.84894609451294,-39.0898872094144
1,1,block_2,2,Provo_ID12,1,1078535,1258031,1,applied_drift,1741718093049,-28.84894609451294,-39.0898872094144
1,1,block_2,2,Provo_ID12,1,1078535,1258031,1,applied_drift,1741718093083,-28.84894609451294,-39.0898872094144
1,1,block_2,2,Provo_ID12,1,1078535,1258031,1,applied_drift,1741718093116,-28.84894609451294,-39.0898872094144
1,1,block_2,2,Provo_ID12,1,1078535,1258031,1,applied_drift,1741718093159,-28.84894609451294,-39.0898872094144
1,1,block_2,2,Provo_ID12,1,1078535,1258031,1,applied_drift,1741718093183,-28.84894609451294,-39.0898872094144
1,1,block_2,2,Provo_ID12,1,1078535,1258031,1,applied_drift,1741718093223,-28.84894609451294,-39.0898872094144
1,1,block_2,2,Provo_ID12,1,1078535,1258031,1,applied_drift,1741718093257,-28.84894609451294,-39.0898872094144
1,1,block_2,2,Provo_ID12,1,1078535,1258031,1,applied_drift,1741718093288,-28.84894609451294,-39.0898872094144
1,1,block_2,2,Provo_ID12,1,1078535,1258031,1,applied_drift,1741718093315,-28.84894609451294,-39.0898872094144
1,1,block_2,2,Provo_ID12,1,1078535,1258031,1,applied_drift,1741718093349,-28.84894609451294,-39.0898872094144
1,1,block_2,2,Provo_ID12,1,1078535,1258031,1,applied_drift,1741718093389,-28.84894609451294,-39.0898872094144
1,1,block_2,2,Provo_ID12,1,1078535,1258031,1,applied_drift,1741718093426,-28.84894609451294,-39.0898872094144
1,1,block_2,2,Provo_ID12,1,1078535,1258031,1,applied_drift,1741718093461,-28.84894609451294,-39.0898872094144
1,1,block_2,2,Provo_ID12,1,1078535,1258031,1,applied_drift,1741718093495,-28.84894609451294,-39.0898872094144
1,1,block_2,2,Provo_ID12,1,1078535,1258031,1,applied_drift,1741718093528,-28.84894609451294,-39.0898872094144
1,1,block_2,2,Provo_ID12,1,1078535,1258031,1,applied_drift,1741718093558,-28.84894609451294,-39.0898872094144
1,1,block_2,2,Provo_ID12,1,1078535,1258031,1,applied_drift,1741718093588,-28.84894609451294,-39.0898872094144
1,1,block_2,2,Provo_ID12,1,1078535,1258031,1,applied_drift,1741718093623,-28.84894609451294,-39.0898872094144
1,1,block_2,2,Provo_ID12,1,1078535,1258031,1,applied_drift,1741718093654,-28.84894609451294,-39.0898872094144
1,1,block_2,2,Provo_ID12,1,1078535,1258031,1,applied_drift,1741718093694,-28.84894609451294,-39.0898872094144
1,1,block_2,2,Provo_ID12,1,1078535,1258031,1,applied_drift,1741718093726,-28.84894609451294,-39.0898872094144
1,1,block_2,2,Provo_ID12,1,1078535,1258031,1,applied_drift,1741718093759,-28.84894609451294,-39.0898872094144
1,1,block_2,2,Provo_ID12,1,1078535,1258031,1,applied_drift,1741718093792,-28.84894609451294,-39.0898872094144
1,1,block_2,2,Provo_ID12,1,1078535,1258031,1,applied_drift,1741718093831,-28.84894609451294,-39.0898872094144
1,1,block_2,2,Provo_ID12,1,1078535,1258031,1,applied_drift,1741718093860,-28.84894609451294,-39.0898872094144
1,1,block_2,2,Provo_ID12,1,1078535,1258031,1,applied_drift,1741718093893,-28.84894609451294,-39.0898872094144
1,1,block_2,2,Provo_ID12,1,1078535,1258031,1,applied_drift,1741718093925,-28.84894609451294,-39.0898872094144
1,1,block_2,2,Provo_ID12,1,1078535,1258031,1,applied_drift,1741718093953,-28.84894609451294,-39.0898872094144
1,1,block_2,2,Provo_ID12,1,1078535,1258031,1,applied_drift,1741718093985,-28.84894609451294,-39.0898872094144
1,1,block_2,2,Provo_ID12,1,1078535,1258031,1,applied_drift,1741718094012,-28.84894609451294,-39.0898872094144
1,1,block_2,2,Provo_ID12,1,1078535,1258031,1,applied_drift,1741718094059,-28.84894609451294,-39.0898872094144
1,1,block_2,2,Provo_ID12,1,1078535,1258031,1,applied_drift,1741718094079,-28.84894609451294,-39.0898872094144
1,1,block_2,2,Provo_ID12,1,1078535,1258031,1,applied_drift,1741718094126,-28.84894609451294,-39.0898872094144
1,1,block_2,2,Provo_ID12,1,1078535,1258031,1,applied_drift,1741718094156,-28.84894609451294,-39.0898872094144
1,1,block_2,2,Provo_ID12,1,1078535,1258031,1,applied_drift,1741718094187,-28.84894609451294,-39.0898872094144
1,1,block_2,2,Provo_ID12,1,1078535,1258031,1,applied_drift,1741718094224,-28.84894609451294,-39.0898872094144
1,1,block_2,2,Provo_ID12,1,1078535,1258031,1,applied_drift,1741718094260,-28.84894609451294,-39.0898872094144
1,1,block_2,2,Provo_ID12,1,1078535,1258031,1,applied_drift,1741718094295,-28.84894609451294,-39.0898872094144
1,1,block_2,2,Provo_ID12,1,1078535,1258031,1,applied_drift,1741718094316,-28.84894609451294,-39.0898872094144
1,1,block_2,2,Provo_ID12,1,1078535,1258031,1,applied_drift,1741718094357,-28.84894609451294,-39.0898872094144
1,1,block_2,2,Provo_ID12,1,1078535,1258031,1,applied_drift,1741718094384,-28.84894609451294,-39.0898872094144
1,1,block_2,2,Provo_ID12,1,1078535,1258031,1,applied_drift,1741718094413,-28.84894609451294,-39.0898872094144
1,1,block_2,2,Provo_ID12,1,1078535,1258031,1,applied_drift,1741718094451,-28.84894609451294,-39.0898872094144
1,1,block_2,2,Provo_ID12,1,1078535,1258031,1,applied_drift,1741718094487,-28.84894609451294,-39.0898872094144
1,1,block_2,2,Provo_ID12,1,1078535,1258031,1,applied_drift,1741718094522,-28.84894609451294,-39.0898872094144
1,1,block_2,2,Provo_ID12,1,1078535,1258031,1,applied_drift,1741718094562,-28.84894609451294,-39.0898872094144
1,1,block_2,2,Provo_ID12,1,1078535,1258031,1,applied_drift,1741718094598,-28.84894609451294,-39.0898872094144
1,1,block_2,2,Provo_ID12,1,1078535,1258031,1,applied_drift,1741718094630,-28.84894609451294,-39.0898872094144
1,1,block_2,2,Provo_ID12,1,1078535,1258031,1,applied_drift,1741718094662,-28.84894609451294,-39.0898872094144
1,1,block_2,2,Provo_ID12,1,1078535,1258031,1,applied_drift,1741718094693,-28.84894609451294,-39.0898872094144
1,1,block_2,2,Provo_ID12,1,1078535,1258031,1,applied_drift,1741718094725,-28.84894609451294,-39.0898872094144
1,1,block_2,2,Provo_ID12,1,1078535,1258031,1,applied_drift,1741718094763,-28.84894609451294,-39.0898872094144
1,1,block_2,2,Provo_ID12,1,1078535,1258031,1,applied_drift,1741718094782,-28.84894609451294,-39.0898872094144
1,1,block_2,2,Provo_ID12,1,1078535,1258031,1,applied_drift,1741718094818,-28.84894609451294,-39.0898872094144
1,1,block_2,2,Provo_ID12,1,1078535,1258031,1,applied_drift,1741718094856,-28.84894609451294,-39.0898872094144
1,1,block_2,2,Provo_ID12,1,1078535,1258031,1,applied_drift,1741718094895,-28.84894609451294,-39.0898872094144
1,1,block_2,2,Provo_ID12,1,1078535,1258031,1,applied_drift,1741718094927,-28.84894609451294,-39.0898872094144
1,1,block_2,2,Provo_ID12,1,1078535,1258031,1,applied_drift,1741718094964,-28.84894609451294,-39.0898872094144
1,1,block_2,2,Provo_ID12,1,1078535,1258031,1,applied_drift,1741718094990,-28.84894609451294,-39.0898872094144
1,1,block_2,2,Provo_ID12,1,1078535,1258031,1,applied_drift,1741718097642,-28.84894609451294,-39.0898872094144
1,1,block_2,2,Provo_ID12,1,1078535,1258031,1,applied_drift,1741718097673,-28.84894609451294,-39.0898872094144
1,1,block_2,2,Provo_ID12,1,1078535,1258031,1,applied_drift,1741718097708,-28.84894609451294,-39.0898872094144
1,1,block_2,2,Provo_ID12,1,1078535,1258031,1,applied_drift,1741718097732,-28.84894609451294,-39.0898872094144
1,1,block_2,2,Provo_ID12,1,1078535,1258031,1,applied_drift,1741718097779,-28.84894609451294,-39.0898872094144
1,1,block_2,2,Provo_ID12,1,1078535,1258031,1,applied_drift,1741718097804,-28.84894609451294,-39.0898872094144
1,1,block_2,2,Provo_ID12,1,1078535,1258031,1,applied_drift,1741718097833,-28.84894609451294,-39.0898872094144
1,1,block_2,2,Provo_ID12,1,1078535,1258031,1,applied_drift,1741718097867,-28.84894609451294,-39.0898872094144
1,1,block_2,2,Provo_ID12,1,1078535,1258031,1,applied_drift,1741718097901,-28.84894609451294,-39.0898872094144
1,1,block_2,2,Provo_ID12,1,1078535,1258031,1,applied_drift,1741718097947,-28.84894609451294,-39.0898872094144
1,1,block_2,2,Provo_ID12,1,1078535,1258031,1,applied_drift,1741718097982,-28.84894609451294,-39.0898872094144
1,1,block_2,2,Provo_ID12,1,1078535,1258031,1,applied_drift,1741718098019,-28.84894609451294,-39.0898872094144
1,1,block_2,2,Provo_ID12,1,1078535,1258031,1,applied_drift,1741718098055,-28.84894609451294,-39.0898872094144
1,1,block_2,2,Provo_ID12,1,1078535,1258031,1,applied_drift,1741718098078,-28.84894609451294,-39.0898872094144
1,1,block_2,2,Provo_ID12,1,1078535,1258031,1,applied_drift,1741718098108,-28.84894609451294,-39.0898872094144
1,1,block_2,2,Provo_ID12,1,1078535,1258031,1,applied_drift,1741718098154,-28.84894609451294,-39.0898872094144
1,1,block_2,2,Provo_ID12,1,1078535,1258031,1,applied_drift,1741718098180,-28.84894609451294,-39.0898872094144
1,1,block_2,2,Provo_ID12,1,1078535,1258031,1,applied_drift,1741718098213,-28.84894609451294,-39.0898872094144
1,1,block_2,2,Provo_ID12,1,1078535,1258031,1,applied_drift,1741718098251,-28.84894609451294,-39.0898872094144
1,1,block_2,2,Provo_ID12,1,1078535,1258031,1,applied_drift,1741718098282,-28.84894609451294,-39.0898872094144
1,1,block_2,2,Provo_ID12,1,1078535,1258031,1,applied_drift,1741718098317,-28.84894609451294,-39.0898872094144
1,1,block_2,2,Provo_ID12,1,1078535,1258031,1,applied_drift,1741718098347,-28.84894609451294,-39.0898872094144
1,1,block_2,2,Provo_ID12,1,1078535,1258031,1,applied_drift,1741718098380,-28.84894609451294,-39.0898872094144
1,1,block_2,2,Provo_ID12,1,1078535,1258031,1,applied_drift,1741718098421,-28.84894609451294,-39.0898872094144
1,1,block_2,2,Provo_ID12,1,1078535,1258031,1,applied_drift,1741718098449,-28.84894609451294,-39.0898872094144
1,1,block_2,2,Provo_ID12,1,1078535,1258031,1,applied_drift,1741718098486,-28.84894609451294,-39.0898872094144
1,1,block_2,2,Provo_ID12,1,1078535,1258031,1,applied_drift,1741718098515,-28.84894609451294,-39.0898872094144
1,1,block_2,2,Provo_ID12,1,1078535,1258031,1,applied_drift,1741718098543,-28.84894609451294,-39.0898872094144
1,1,block_2,2,Provo_ID12,1,1078535,1258031,1,applied_drift,1741718098579,-28.84894609451294,-39.0898872094144
1,1,block_2,2,Provo_ID12,1,1078535,1258031,1,applied_drift,1741718098616,-28.84894609451294,-39.0898872094144
1,1,block_2,2,Provo_ID12,1,1078535,1258031,1,applied_drift,1741718098645,-28.84894609451294,-39.0898872094144
1,1,block_2,2,Provo_ID12,1,1078535,1258031,1,applied_drift,1741718098691,-28.84894609451294,-39.0898872094144
1,1,block_2,2,Provo_ID12,1,1078535,1258031,1,applied_drift,1741718098721,-28.84894609451294,-39.0898872094144
1,1,block_2,2,Provo_ID12,1,1078535,1258031,1,applied_drift,1741718098758,-28.84894609451294,-39.0898872094144
1,1,block_2,2,Provo_ID12,1,1078535,1258031,1,applied_drift,1741718098787,-28.84894609451294,-39.0898872094144
1,1,block_2,2,Provo_ID12,1,1078535,1258031,1,applied_drift,1741718098820,-28.84894609451294,-39.0898872094144
1,1,block_2,2,Provo_ID12,1,1078535,1258031,1,applied_drift,1741718098850,-28.84894609451294,-39.0898872094144
1,1,block_2,2,Provo_ID12,1,1078535,1258031,1,applied_drift,1741718098881,-28.84894609451294,-39.0898872094144
1,1,block_2,2,Provo_ID12,1,1078535,1258031,1,applied_drift,1741718098916,-28.84894609451294,-39.0898872094144
1,1,block_2,2,Provo_ID12,1,1078535,1258031,1,applied_drift,1741718098950,-28.84894609451294,-39.0898872094144
1,1,block_2,2,Provo_ID12,1,1078535,1258031,1,applied_drift,1741718098982,-28.84894609451294,-39.0898872094144
1,1,block_2,2,Provo_ID12,1,1078535,1258031,1,applied_drift,1741718099025,-28.84894609451294,-39.0898872094144
1,1,block_2,2,Provo_ID12,1,1078535,1258031,1,applied_drift,1741718099058,-28.84894609451294,-39.0898872094144
1,1,block_2,2,Provo_ID12,1,1078535,1258031,1,applied_drift,1741718099085,-28.84894609451294,-39.0898872094144
1,1,block_2,2,Provo_ID12,1,1078535,1258031,1,applied_drift,1741718099120,-28.84894609451294,-39.0898872094144
1,1,block_2,2,Provo_ID12,1,1078535,1258031,1,applied_drift,1741718099148,-28.84894609451294,-39.0898872094144
1,1,block_2,2,Provo_ID12,1,1078535,1258031,1,applied_drift,1741718099178,-28.84894609451294,-39.0898872094144
1,1,block_2,2,Provo_ID12,1,1078535,1258031,1,applied_drift,1741718099224,-28.84894609451294,-39.0898872094144
1,1,block_2,2,Provo_ID12,1,1078535,1258031,1,applied_drift,1741718099254,-28.84894609451294,-39.0898872094144
1,1,block_2,2,Provo_ID12,1,1078535,1258031,1,applied_drift,1741718099285,-28.84894609451294,-39.0898872094144
1,1,block_2,2,Provo_ID12,1,1078535,1258031,1,applied_drift,1741718099320,-28.84894609451294,-39.0898872094144
1,1,block_2,2,Provo_ID12,1,1078535,1258031,1,applied_drift,1741718099353,-28.84894609451294,-39.0898872094144
1,1,block_2,2,Provo_ID12,1,1078535,1258031,1,applied_drift,1741718099391,-28.84894609451294,-39.0898872094144
1,1,block_2,2,Provo_ID12,1,1078535,1258031,1,applied_drift,1741718099424,-28.84894609451294,-39.0898872094144
1,1,block_2,2,Provo_ID12,1,1078535,1258031,1,applied_drift,1741718099457,-28.84894609451294,-39.0898872094144
1,1,block_2,2,Provo_ID12,1,1078535,1258031,1,applied_drift,1741718099494,-28.84894609451294,-39.0898872094144
1,1,block_2,2,Provo_ID12,1,1078535,1258031,1,applied_drift,1741718099521,-28.84894609451294,-39.0898872094144
1,1,block_2,2,Provo_ID12,1,1078535,1258031,1,applied_drift,1741718099562,-28.84894609451294,-39.0898872094144
1,1,block_2,2,Provo_ID12,1,1078535,1258031,1,applied_drift,1741718099592,-28.84894609451294,-39.0898872094144
1,1,block_2,2,Provo_ID12,1,1078535,1258031,1,applied_drift,1741718099623,-28.84894609451294,-39.0898872094144
1,1,block_2,2,Provo_ID12,1,1078535,1258031,1,applied_drift,1741718099654,-28.84894609451294,-39.0898872094144
1,1,block_2,2,Provo_ID12,1,1078535,1258031,1,applied_drift,1741718099689,-28.84894609451294,-39.0898872094144
1,1,block_2,2,Provo_ID12,1,1078535,1258031,1,applied_drift,1741718099726,-28.84894609451294,-39.0898872094144
1,1,block_2,2,Provo_ID12,1,1078535,1258031,1,applied_drift,1741718099756,-28.84894609451294,-39.0898872094144
1,1,block_2,2,Provo_ID12,1,1078535,1258031,1,applied_drift,1741718099790,-28.84894609451294,-39.0898872094144
1,1,block_2,2,Provo_ID12,1,1078535,1258031,1,applied_drift,1741718099836,-28.84894609451294,-39.0898872094144
1,1,block_2,2,Provo_ID12,1,1078535,1258031,1,applied_drift,1741718099852,-28.84894609451294,-39.0898872094144
1,1,block_2,2,Provo_ID12,1,1078535,1258031,1,applied_drift,1741718099881,-28.84894609451294,-39.0898872094144
1,1,block_2,2,Provo_ID12,1,1078535,1258031,1,applied_drift,1741718099930,-28.84894609451294,-39.0898872094144
1,1,block_2,2,Provo_ID12,1,1078535,1258031,1,applied_drift,1741718099954,-28.84894609451294,-39.0898872094144
1,1,block_2,2,Provo_ID12,1,1078535,1258031,1,applied_drift,1741718099996,-28.84894609451294,-39.0898872094144
1,1,block_2,2,Provo_ID12,1,1078535,1258031,1,applied_drift,1741718100023,-28.84894609451294,-39.0898872094144
1,1,block_2,2,Provo_ID12,1,1078535,1258031,1,applied_drift,1741718100053,-28.84894609451294,-39.0898872094144
1,1,block_2,2,Provo_ID12,1,1078535,1258031,1,applied_drift,1741718100090,-28.84894609451294,-39.0898872094144
1,1,block_2,2,Provo_ID12,1,1078535,1258031,1,applied_drift,1741718100123,-28.84894609451294,-39.0898872094144
1,1,block_2,2,Provo_ID12,1,1078535,1258031,1,applied_drift,1741718100157,-28.84894609451294,-39.0898872094144
1,1,block_2,2,Provo_ID12,1,1078535,1258031,1,applied_drift,1741718100191,-28.84894609451294,-39.0898872094144
1,1,block_2,2,Provo_ID12,1,1078535,1258031,1,applied_drift,1741718100223,-28.84894609451294,-39.0898872094144
1,1,block_2,2,Provo_ID12,1,1078535,1258031,1,applied_drift,1741718100265,-28.84894609451294,-39.0898872094144
1,1,block_2,2,Provo_ID12,1,1078535,1258031,1,applied_drift,1741718100293,-28.84894609451294,-39.0898872094144
1,1,block_2,2,Provo_ID12,1,1078535,1258031,1,applied_drift,1741718100321,-28.84894609451294,-39.0898872094144
1,1,block_2,2,Provo_ID12,1,1078535,1258031,1,applied_drift,1741718100366,-28.84894609451294,-39.0898872094144
1,1,block_2,2,Provo_ID12,1,1078535,1258031,1,applied_drift,1741718100400,-28.84894609451294,-39.0898872094144
1,1,block_2,2,Provo_ID12,1,1078535,1258031,1,applied_drift,1741718100415,-28.84894609451294,-39.0898872094144
1,1,block_2,2,Provo_ID12,1,1078535,1258031,1,applied_drift,1741718100463,-28.84894609451294,-39.0898872094144
1,1,block_2,2,Provo_ID12,1,1078535,1258031,1,applied_drift,1741718100486,-28.84894609451294,-39.0898872094144
1,1,block_2,2,Provo_ID12,1,1078535,1258031,1,applied_drift,1741718100513,-28.84894609451294,-39.0898872094144
1,1,block_2,2,Provo_ID12,1,1078535,1258031,1,applied_drift,1741718100552,-28.84894609451294,-39.0898872094144
1,1,block_2,2,Provo_ID12,1,1078535,1258031,1,applied_drift,1741718100592,-28.84894609451294,-39.0898872094144
1,1,block_2,2,Provo_ID12,1,1078535,1258031,1,applied_drift,1741718100615,-28.84894609451294,-39.0898872094144
1,1,block_2,2,Provo_ID12,1,1078535,1258031,1,applied_drift,1741718100660,-28.84894609451294,-39.0898872094144
1,1,block_2,2,Provo_ID12,1,1078535,1258031,1,applied_drift,1741718100697,-28.84894609451294,-39.0898872094144
1,1,block_2,2,Provo_ID12,1,1078535,1258031,1,applied_drift,1741718100722,-28.84894609451294,-39.0898872094144
1,1,block_2,2,Provo_ID12,1,1078535,1258031,1,applied_drift,1741718100762,-28.84894609451294,-39.0898872094144
1,1,block_2,2,Provo_ID12,1,1078535,1258031,1,applied_drift,1741718100803,-28.84894609451294,-39.0898872094144
1,1,block_2,2,Provo_ID12,1,1078535,1258031,1,applied_drift,1741718100839,-28.84894609451294,-39.0898872094144
1,1,block_2,2,Provo_ID12,1,1078535,1258031,1,applied_drift,1741718100874,-28.84894609451294,-39.0898872094144
1,1,block_2,2,Provo_ID12,1,1078535,1258031,1,applied_drift,1741718100910,-28.84894609451294,-39.0898872094144
1,1,block_2,2,Provo_ID12,1,1078535,1258031,1,applied_drift,1741718100940,-28.84894609451294,-39.0898872094144
1,1,block_2,2,Provo_ID12,1,1078535,1258031,1,applied_drift,1741718100966,-28.84894609451294,-39.0898872094144
1,1,block_2,2,Provo_ID12,1,1078535,1258031,1,applied_drift,1741718101001,-28.84894609451294,-39.0898872094144
1,1,block_2,2,Provo_ID12,1,1078535,1258031,1,applied_drift,1741718101032,-28.84894609451294,-39.0898872094144
1,1,block_2,2,Provo_ID12,1,1078535,1258031,1,applied_drift,1741718101071,-28.84894609451294,-39.0898872094144
1,1,block_2,2,Provo_ID12,1,1078535,1258031,1,applied_drift,1741718101108,-28.84894609451294,-39.0898872094144
1,1,block_2,2,Provo_ID12,1,1078535,1258031,1,applied_drift,1741718101143,-28.84894609451294,-39.0898872094144
1,1,block_2,2,Provo_ID12,1,1078535,1258031,1,applied_drift,1741718101181,-28.84894609451294,-39.0898872094144
1,1,block_2,2,Provo_ID12,1,1078535,1258031,1,applied_drift,1741718101202,-28.84894609451294,-39.0898872094144
1,1,block_2,2,Provo_ID12,1,1078535,1258031,1,applied_drift,1741718101229,-28.84894609451294,-39.0898872094144
1,1,block_2,2,Provo_ID12,1,1078535,1258031,1,applied_drift,1741718101265,-28.84894609451294,-39.0898872094144
1,1,block_2,2,Provo_ID12,1,1078535,1258031,1,applied_drift,1741718101307,-28.84894609451294,-39.0898872094144
1,1,block_2,2,Provo_ID12,1,1078535,1258031,1,applied_drift,1741718101343,-28.84894609451294,-39.0898872094144
1,1,block_2,2,Provo_ID12,1,1078535,1258031,1,applied_drift,1741718101368,-28.84894609451294,-39.0898872094144
1,1,block_2,2,Provo_ID12,1,1078535,1258031,1,applied_drift,1741718101402,-28.84894609451294,-39.0898872094144
1,1,block_2,2,Provo_ID12,1,1078535,1258031,1,applied_drift,1741718101432,-28.84894609451294,-39.0898872094144
1,1,block_2,2,Provo_ID12,1,1078535,1258031,1,applied_drift,1741718101466,-28.84894609451294,-39.0898872094144
1,1,block_2,2,Provo_ID12,1,1078535,1258031,1,applied_drift,1741718101501,-28.84894609451294,-39.0898872094144
1,1,block_2,2,Provo_ID12,1,1078535,1258031,1,applied_drift,1741718101551,-28.84894609451294,-39.0898872094144
1,1,block_2,2,Provo_ID12,1,1078535,1258031,1,applied_drift,1741718101572,-28.84894609451294,-39.0898872094144
1,1,block_2,2,Provo_ID12,1,1078535,1258031,1,applied_drift,1741718101600,-28.84894609451294,-39.0898872094144
1,1,block_2,2,Provo_ID12,1,1078535,1258031,1,applied_drift,1741718101638,-28.84894609451294,-39.0898872094144
1,1,block_2,2,Provo_ID12,1,1078535,1258031,1,applied_drift,1741718101662,-28.84894609451294,-39.0898872094144
1,1,block_2,2,Provo_ID12,1,1078535,1258031,1,applied_drift,1741718101699,-28.84894609451294,-39.0898872094144
1,1,block_2,2,Provo_ID12,1,1078535,1258031,1,applied_drift,1741718101740,-28.84894609451294,-39.0898872094144
1,1,block_2,2,Provo_ID12,1,1078535,1258031,1,applied_drift,1741718101766,-28.84894609451294,-39.0898872094144
1,1,block_2,2,Provo_ID12,1,1078535,1258031,1,applied_drift,1741718101810,-28.84894609451294,-39.0898872094144
1,1,block_2,2,Provo_ID12,1,1078535,1258031,1,applied_drift,1741718101838,-28.84894609451294,-39.0898872094144
1,1,block_2,2,Provo_ID12,1,1078535,1258031,1,applied_drift,1741718101886,-28.84894609451294,-39.0898872094144
1,1,block_2,2,Provo_ID12,1,1078535,1258031,1,applied_drift,1741718101903,-28.84894609451294,-39.0898872094144
1,1,block_2,2,Provo_ID12,1,1078535,1258031,1,applied_drift,1741718101936,-28.84894609451294,-39.0898872094144
1,1,block_2,2,Provo_ID12,1,1078535,1258031,1,applied_drift,1741718101971,-28.84894609451294,-39.0898872094144
1,1,block_2,2,Provo_ID12,1,1078535,1258031,1,applied_drift,1741718102005,-28.84894609451294,-39.0898872094144
1,1,block_2,2,Provo_ID12,1,1078535,1258031,1,applied_drift,1741718102038,-28.84894609451294,-39.0898872094144
1,1,block_2,2,Provo_ID12,1,1078535,1258031,1,applied_drift,1741718102066,-28.84894609451294,-39.0898872094144
1,1,block_2,2,Provo_ID12,1,1078535,1258031,1,applied_drift,1741718102112,-28.84894609451294,-39.0898872094144
1,1,block_2,2,Provo_ID12,1,1078535,1258031,1,applied_drift,1741718102137,-28.84894609451294,-39.0898872094144
1,1,block_2,2,Provo_ID12,1,1078535,1258031,1,applied_drift,1741718102169,-28.84894609451294,-39.0898872094144
1,1,block_2,2,Provo_ID12,1,1078535,1258031,1,applied_drift,1741718102212,-28.84894609451294,-39.0898872094144
1,1,block_2,2,Provo_ID12,1,1078535,1258031,1,applied_drift,1741718102237,-28.84894609451294,-39.0898872094144
1,1,block_2,2,Provo_ID12,1,1078535,1258031,1,applied_drift,1741718102271,-28.84894609451294,-39.0898872094144
1,1,block_2,2,Provo_ID12,1,1078535,1258031,1,applied_drift,1741718102299,-28.84894609451294,-39.0898872094144
1,1,block_2,2,Provo_ID12,1,1078535,1258031,1,applied_drift,1741718102339,-28.84894609451294,-39.0898872094144
1,1,block_2,2,Provo_ID12,1,1078535,1258031,1,applied_drift,1741718102381,-28.84894609451294,-39.0898872094144
1,1,block_2,2,Provo_ID12,1,1078535,1258031,1,applied_drift,1741718102399,-28.84894609451294,-39.0898872094144
1,1,block_2,2,Provo_ID12,1,1078535,1258031,1,applied_drift,1741718102430,-28.84894609451294,-39.0898872094144
1,1,block_2,2,Provo_ID12,1,1078535,1258031,1,applied_drift,1741718102469,-28.84894609451294,-39.0898872094144
1,1,block_2,2,Provo_ID12,1,1078535,1258031,1,applied_drift,1741718102501,-28.84894609451294,-39.0898872094144
1,1,block_2,2,Provo_ID12,1,1078535,1258031,1,applied_drift,1741718102536,-28.84894609451294,-39.0898872094144
1,1,block_2,2,Provo_ID12,1,1078535,1258031,1,applied_drift,1741718102569,-28.84894609451294,-39.0898872094144
1,1,block_2,2,Provo_ID12,1,1078535,1258031,1,applied_drift,1741718102602,-28.84894609451294,-39.0898872094144
1,1,block_2,2,Provo_ID12,1,1078535,1258031,1,applied_drift,1741718102636,-28.84894609451294,-39.0898872094144
1,1,block_2,2,Provo_ID12,1,1078535,1258031,1,applied_drift,1741718102667,-28.84894609451294,-39.0898872094144
1,1,block_2,2,Provo_ID12,1,1078535,1258031,1,applied_drift,1741718102704,-28.84894609451294,-39.0898872094144
1,1,block_2,2,Provo_ID12,1,1078535,1258031,1,applied_drift,1741718102744,-28.84894609451294,-39.0898872094144
1,1,block_2,2,Provo_ID12,1,1078535,1258031,1,applied_drift,1741718102770,-28.84894609451294,-39.0898872094144
1,1,block_2,2,Provo_ID12,1,1078535,1258031,1,applied_drift,1741718102800,-28.84894609451294,-39.0898872094144
1,1,block_2,2,Provo_ID12,1,1078535,1258031,1,applied_drift,1741718102846,-28.84894609451294,-39.0898872094144
1,1,block_2,2,Provo_ID12,1,1078535,1258031,1,applied_drift,1741718102873,-28.84894609451294,-39.0898872094144
1,1,block_2,2,Provo_ID12,1,1078535,1258031,1,applied_drift,1741718102912,-28.84894609451294,-39.0898872094144
1,1,block_2,2,Provo_ID12,1,1078535,1258031,1,applied_drift,1741718102945,-28.84894609451294,-39.0898872094144
1,1,block_2,2,Provo_ID12,1,1078535,1258031,1,applied_drift,1741718102979,-28.84894609451294,-39.0898872094144
1,1,block_2,2,Provo_ID12,1,1078535,1258031,1,applied_drift,1741718103013,-28.84894609451294,-39.0898872094144
1,1,block_2,2,Provo_ID12,1,1078535,1258031,1,applied_drift,1741718103050,-28.84894609451294,-39.0898872094144
1,1,block_2,2,Provo_ID12,1,1078535,1258031,1,applied_drift,1741718103078,-28.84894609451294,-39.0898872094144
1,1,block_2,2,Provo_ID12,1,1078535,1258031,1,applied_drift,1741718103099,-28.84894609451294,-39.0898872094144
1,1,block_2,2,Provo_ID12,1,1078535,1258031,1,applied_drift,1741718103133,-28.84894609451294,-39.0898872094144
1,1,block_2,2,Provo_ID12,1,1078535,1258031,1,applied_drift,1741718103174,-28.84894609451294,-39.0898872094144
1,1,block_2,2,Provo_ID12,1,1078535,1258031,1,applied_drift,1741718103205,-28.84894609451294,-39.0898872094144
1,1,block_2,2,Provo_ID12,1,1078535,1258031,1,applied_drift,1741718103255,-28.84894609451294,-39.0898872094144
1,1,block_2,2,Provo_ID12,1,1078535,1258031,1,applied_drift,1741718103291,-28.84894609451294,-39.0898872094144
1,1,block_2,2,Provo_ID12,1,1078535,1258031,1,applied_drift,1741718103323,-28.84894609451294,-39.0898872094144
1,1,block_2,2,Provo_ID12,1,1078535,1258031,1,applied_drift,1741718103359,-28.84894609451294,-39.0898872094144
1,1,block_2,2,Provo_ID12,1,1078535,1258031,1,applied_drift,1741718103382,-28.84894609451294,-39.0898872094144
1,1,block_2,2,Provo_ID12,1,1078535,1258031,1,applied_drift,1741718103416,-28.84894609451294,-39.0898872094144
1,1,block_2,2,Provo_ID12,1,1078535,1258031,1,applied_drift,1741718103456,-28.84894609451294,-39.0898872094144
1,1,block_2,2,Provo_ID12,1,1078535,1258031,1,applied_drift,1741718103491,-28.84894609451294,-39.0898872094144
1,1,block_2,2,Provo_ID12,1,1078535,1258031,1,applied_drift,1741718103524,-28.84894609451294,-39.0898872094144
1,1,block_2,2,Provo_ID12,1,1078535,1258031,1,applied_drift,1741718103549,-28.84894609451294,-39.0898872094144
1,1,block_2,2,Provo_ID12,1,1078535,1258031,1,applied_drift,1741718103589,-28.84894609451294,-39.0898872094144
1,1,block_2,2,Provo_ID12,1,1078535,1258031,1,applied_drift,1741718103626,-28.84894609451294,-39.0898872094144
1,1,block_2,2,Provo_ID12,1,1078535,1258031,1,applied_drift,1741718103647,-28.84894609451294,-39.0898872094144
1,1,block_2,2,Provo_ID12,1,1078535,1258031,1,applied_drift,1741718103681,-28.84894609451294,-39.0898872094144
1,1,block_2,2,Provo_ID12,1,1078535,1258031,1,applied_drift,1741718103721,-28.84894609451294,-39.0898872094144
1,1,block_2,2,Provo_ID12,1,1078535,1258031,1,applied_drift,1741718103764,-28.84894609451294,-39.0898872094144
1,1,block_2,2,Provo_ID12,1,1078535,1258031,1,applied_drift,1741718103794,-28.84894609451294,-39.0898872094144
1,1,block_2,2,Provo_ID12,1,1078535,1258031,1,applied_drift,1741718103825,-28.84894609451294,-39.0898872094144
1,1,block_2,2,Provo_ID12,1,1078535,1258031,1,applied_drift,1741718103851,-28.84894609451294,-39.0898872094144
1,1,block_2,2,Provo_ID12,1,1078535,1258031,1,applied_drift,1741718103881,-28.84894609451294,-39.0898872094144
1,1,block_2,2,Provo_ID12,1,1078535,1258031,1,applied_drift,1741718103916,-28.84894609451294,-39.0898872094144
1,1,block_2,2,Provo_ID12,1,1078535,1258031,1,applied_drift,1741718103960,-28.84894609451294,-39.0898872094144
1,1,block_2,2,Provo_ID12,1,1078535,1258031,1,applied_drift,1741718103993,-28.84894609451294,-39.0898872094144
1,1,block_2,2,Provo_ID12,1,1078535,1258031,1,applied_drift,1741718104027,-28.84894609451294,-39.0898872094144
1,1,block_2,2,Provo_ID12,1,1078535,1258031,1,applied_drift,1741718104052,-28.84894609451294,-39.0898872094144
1,1,block_2,2,Provo_ID12,1,1078535,1258031,1,applied_drift,1741718104085,-28.84894609451294,-39.0898872094144
1,1,block_2,2,Provo_ID12,1,1078535,1258031,1,applied_drift,1741718104127,-28.84894609451294,-39.0898872094144
1,1,block_2,2,Provo_ID12,1,1078535,1258031,1,applied_drift,1741718104155,-28.84894609451294,-39.0898872094144
1,1,block_2,2,Provo_ID12,1,1078535,1258031,1,applied_drift,1741718104178,-28.84894609451294,-39.0898872094144
1,1,block_2,2,Provo_ID12,1,1078535,1258031,1,applied_drift,1741718104221,-28.84894609451294,-39.0898872094144
1,1,block_2,2,Provo_ID12,1,1078535,1258031,1,applied_drift,1741718104247,-28.84894609451294,-39.0898872094144
1,1,block_2,2,Provo_ID12,1,1078535,1258031,1,applied_drift,1741718104297,-28.84894609451294,-39.0898872094144
1,1,block_2,2,Provo_ID12,1,1078535,1258031,1,applied_drift,1741718104330,-28.84894609451294,-39.0898872094144
1,1,block_2,2,Provo_ID12,1,1078535,1258031,1,applied_drift,1741718104358,-28.84894609451294,-39.0898872094144
1,1,block_2,2,Provo_ID12,1,1078535,1258031,1,applied_drift,1741718104393,-28.84894609451294,-39.0898872094144
1,1,block_2,2,Provo_ID12,1,1078535,1258031,1,applied_drift,1741718104426,-28.84894609451294,-39.0898872094144
1,1,block_2,2,Provo_ID12,1,1078535,1258031,1,applied_drift,1741718104460,-28.84894609451294,-39.0898872094144
1,1,block_2,2,Provo_ID12,1,1078535,1258031,1,applied_drift,1741718104487,-28.84894609451294,-39.0898872094144
1,1,block_2,2,Provo_ID12,1,1078535,1258031,1,applied_drift,1741718104541,-28.84894609451294,-39.0898872094144
1,1,block_2,2,Provo_ID12,1,1078535,1258031,1,applied_drift,1741718104571,-28.84894609451294,-39.0898872094144
1,1,block_2,2,Provo_ID12,1,1078535,1258031,1,applied_drift,1741718104584,-28.84894609451294,-39.0898872094144
1,1,block_2,2,Provo_ID12,1,1078535,1258031,1,applied_drift,1741718104622,-28.84894609451294,-39.0898872094144
1,1,block_2,2,Provo_ID12,1,1078535,1258031,1,applied_drift,1741718104666,-28.84894609451294,-39.0898872094144
1,1,block_2,2,Provo_ID12,1,1078535,1258031,1,applied_drift,1741718104709,-28.84894609451294,-39.0898872094144
1,1,block_2,2,Provo_ID12,1,1078535,1258031,1,applied_drift,1741718104736,-28.84894609451294,-39.0898872094144
1,1,block_2,2,Provo_ID12,1,1078535,1258031,1,applied_drift,1741718104763,-28.84894609451294,-39.0898872094144
1,1,block_2,2,Provo_ID12,1,1078535,1258031,1,applied_drift,1741718104799,-28.84894609451294,-39.0898872094144
1,1,block_2,2,Provo_ID12,1,1078535,1258031,1,applied_drift,1741718104820,-28.84894609451294,-39.0898872094144
1,1,block_2,2,Provo_ID12,1,1078535,1258031,1,applied_drift,1741718104853,-28.84894609451294,-39.0898872094144
1,1,block_2,2,Provo_ID12,1,1078535,1258031,1,applied_drift,1741718104892,-28.84894609451294,-39.0898872094144
1,1,block_2,2,Provo_ID12,1,1078535,1258031,1,applied_drift,1741718104916,-28.84894609451294,-39.0898872094144
1,1,block_2,2,Provo_ID12,1,1078535,1258031,1,applied_drift,1741718104950,-28.84894609451294,-39.0898872094144
1,1,block_2,2,Provo_ID12,1,1078535,1258031,1,applied_drift,1741718104989,-28.84894609451294,-39.0898872094144
1,1,block_2,2,Provo_ID12,1,1078535,1258031,1,applied_drift,1741718105020,-28.84894609451294,-39.0898872094144
1,1,block_2,2,Provo_ID12,1,1078535,1258031,1,applied_drift,1741718105057,-28.84894609451294,-39.0898872094144
1,1,block_2,2,Provo_ID12,1,1078535,1258031,1,applied_drift,1741718105082,-28.84894609451294,-39.0898872094144
1,1,block_2,2,Provo_ID12,1,1078535,1258031,1,applied_drift,1741718105117,-28.84894609451294,-39.0898872094144
1,1,block_2,2,Provo_ID12,1,1078535,1258031,1,applied_drift,1741718105157,-28.84894609451294,-39.0898872094144
1,1,block_2,2,Provo_ID12,1,1078535,1258031,1,applied_drift,1741718105185,-28.84894609451294,-39.0898872094144
1,1,block_2,2,Provo_ID12,1,1078535,1258031,1,applied_drift,1741718105218,-28.84894609451294,-39.0898872094144
1,1,block_2,2,Provo_ID12,1,1078535,1258031,1,applied_drift,1741718105250,-28.84894609451294,-39.0898872094144
1,1,block_2,2,Provo_ID12,1,1078535,1258031,1,applied_drift,1741718105286,-28.84894609451294,-39.0898872094144
1,1,block_2,2,Provo_ID12,1,1078535,1258031,1,applied_drift,1741718105313,-28.84894609451294,-39.0898872094144
1,1,block_2,2,Provo_ID12,1,1078535,1258031,1,applied_drift,1741718105350,-28.84894609451294,-39.0898872094144
1,1,block_2,2,Provo_ID12,1,1078535,1258031,1,applied_drift,1741718105385,-28.84894609451294,-39.0898872094144
1,1,block_2,2,Provo_ID12,1,1078535,1258031,1,applied_drift,1741718105421,-28.84894609451294,-39.0898872094144
1,1,block_2,2,Provo_ID12,1,1078535,1258031,1,applied_drift,1741718105446,-28.84894609451294,-39.0898872094144
1,1,block_2,2,Provo_ID12,1,1078535,1258031,1,applied_drift,1741718105484,-28.84894609451294,-39.0898872094144
1,1,block_2,2,Provo_ID12,1,1078535,1258031,1,applied_drift,1741718105513,-28.84894609451294,-39.0898872094144
1,1,block_2,2,Provo_ID12,1,1078535,1258031,1,applied_drift,1741718105555,-28.84894609451294,-39.0898872094144
1,1,block_2,2,Provo_ID12,1,1078535,1258031,1,applied_drift,1741718105582,-28.84894609451294,-39.0898872094144
1,1,block_2,2,Provo_ID12,1,1078535,1258031,1,applied_drift,1741718105623,-28.84894609451294,-39.0898872094144
1,1,block_2,2,Provo_ID12,1,1078535,1258031,1,applied_drift,1741718105658,-28.84894609451294,-39.0898872094144
1,1,block_2,2,Provo_ID12,1,1078535,1258031,1,applied_drift,1741718105683,-28.84894609451294,-39.0898872094144
1,1,block_2,2,Provo_ID12,1,1078535,1258031,1,applied_drift,1741718105717,-28.84894609451294,-39.0898872094144
1,1,block_2,2,Provo_ID12,1,1078535,1258031,1,applied_drift,1741718105749,-28.84894609451294,-39.0898872094144
1,1,block_2,2,Provo_ID12,1,1078535,1258031,1,applied_drift,1741718105778,-28.84894609451294,-39.0898872094144
1,1,block_2,2,Provo_ID12,1,1078535,1258031,1,applied_drift,1741718105815,-28.84894609451294,-39.0898872094144
1,1,block_2,2,Provo_ID12,1,1078535,1258031,1,applied_drift,1741718105846,-28.84894609451294,-39.0898872094144
1,1,block_2,2,Provo_ID12,1,1078535,1258031,1,applied_drift,1741718105887,-28.84894609451294,-39.0898872094144
1,1,block_2,2,Provo_ID12,1,1078535,1258031,1,applied_drift,1741718105913,-28.84894609451294,-39.0898872094144
1,1,block_2,2,Provo_ID12,1,1078535,1258031,1,applied_drift,1741718105948,-28.84894609451294,-39.0898872094144
1,1,block_2,2,Provo_ID12,1,1078535,1258031,1,applied_drift,1741718105982,-28.84894609451294,-39.0898872094144
1,1,block_2,2,Provo_ID12,1,1078535,1258031,1,applied_drift,1741718106022,-28.84894609451294,-39.0898872094144
1,1,block_2,2,Provo_ID12,1,1078535,1258031,1,applied_drift,1741718106049,-28.84894609451294,-39.0898872094144
1,1,block_2,2,Provo_ID12,1,1078535,1258031,1,applied_drift,1741718106083,-28.84894609451294,-39.0898872094144
1,1,block_2,2,Provo_ID12,1,1078535,1258031,1,applied_drift,1741718106114,-28.84894609451294,-39.0898872094144
1,1,block_2,2,Provo_ID12,1,1078535,1258031,1,applied_drift,1741718106148,-28.84894609451294,-39.0898872094144
1,1,block_2,2,Provo_ID12,1,1078535,1258031,1,applied_drift,1741718106182,-28.84894609451294,-39.0898872094144
1,1,block_2,2,Provo_ID12,1,1078535,1258031,1,applied_drift,1741718106211,-28.84894609451294,-39.0898872094144
1,1,block_2,2,Provo_ID12,1,1078535,1258031,1,applied_drift,1741718106251,-28.84894609451294,-39.0898872094144
1,1,block_2,2,Provo_ID12,1,1078535,1258031,1,applied_drift,1741718106287,-28.84894609451294,-39.0898872094144
1,1,block_2,2,Provo_ID12,1,1078535,1258031,1,applied_drift,1741718106311,-28.84894609451294,-39.0898872094144
1,1,block_2,2,Provo_ID12,1,1078535,1258031,1,applied_drift,1741718106353,-28.84894609451294,-39.0898872094144
1,1,block_2,2,Provo_ID12,1,1078535,1258031,1,applied_drift,1741718106382,-28.84894609451294,-39.0898872094144
1,1,block_2,2,Provo_ID12,1,1078535,1258031,1,applied_drift,1741718106418,-28.84894609451294,-39.0898872094144
1,1,block_2,2,Provo_ID12,1,1078535,1258031,1,applied_drift,1741718106451,-28.84894609451294,-39.0898872094144
1,1,block_2,2,Provo_ID12,1,1078535,1258031,1,applied_drift,1741718106487,-28.84894609451294,-39.0898872094144
1,1,block_2,2,Provo_ID12,1,1078535,1258031,1,applied_drift,1741718106510,-28.84894609451294,-39.0898872094144
1,1,block_2,2,Provo_ID12,1,1078535,1258031,1,applied_drift,1741718106552,-28.84894609451294,-39.0898872094144
1,1,block_2,2,Provo_ID12,1,1078535,1258031,1,applied_drift,1741718106577,-28.84894609451294,-39.0898872094144
1,1,block_2,2,Provo_ID12,1,1078535,1258031,1,applied_drift,1741718106614,-28.84894609451294,-39.0898872094144
1,1,block_2,2,Provo_ID12,1,1078535,1258031,1,applied_drift,1741718106652,-28.84894609451294,-39.0898872094144
1,1,block_2,2,Provo_ID12,1,1078535,1258031,1,applied_drift,1741718106685,-28.84894609451294,-39.0898872094144
1,1,block_2,2,Provo_ID12,1,1078535,1258031,1,applied_drift,1741718106717,-28.84894609451294,-39.0898872094144
1,1,block_2,2,Provo_ID12,1,1078535,1258031,1,applied_drift,1741718106747,-28.84894609451294,-39.0898872094144
1,1,block_2,2,Provo_ID12,1,1078535,1258031,1,applied_drift,1741718106781,-28.84894609451294,-39.0898872094144
1,1,block_2,2,Provo_ID12,1,1078535,1258031,1,applied_drift,1741718106817,-28.84894609451294,-39.0898872094144
1,1,block_2,2,Provo_ID12,1,1078535,1258031,1,applied_drift,1741718106855,-28.84894609451294,-39.0898872094144
1,1,block_2,2,Provo_ID12,1,1078535,1258031,1,applied_drift,1741718106889,-28.84894609451294,-39.0898872094144
1,1,block_2,2,Provo_ID12,1,1078535,1258031,1,applied_drift,1741718106913,-28.84894609451294,-39.0898872094144
1,1,block_2,2,Provo_ID12,1,1078535,1258031,1,applied_drift,1741718106944,-28.84894609451294,-39.0898872094144
1,1,block_2,2,Provo_ID12,1,1078535,1258031,1,applied_drift,1741718106981,-28.84894609451294,-39.0898872094144
1,1,block_2,2,Provo_ID12,1,1078535,1258031,1,applied_drift,1741718107011,-28.84894609451294,-39.0898872094144
1,1,block_2,2,Provo_ID12,1,1078535,1258031,1,applied_drift,1741718107051,-28.84894609451294,-39.0898872094144
1,1,block_2,2,Provo_ID12,1,1078535,1258031,1,applied_drift,1741718107095,-28.84894609451294,-39.0898872094144
1,1,block_2,2,Provo_ID12,1,1078535,1258031,1,applied_drift,1741718107139,-28.84894609451294,-39.0898872094144
1,1,block_2,2,Provo_ID12,1,1078535,1258031,1,applied_drift,1741718107159,-28.84894609451294,-39.0898872094144
1,1,block_2,2,Provo_ID12,1,1078535,1258031,1,applied_drift,1741718107197,-28.84894609451294,-39.0898872094144
1,1,block_2,2,Provo_ID12,1,1078535,1258031,1,applied_drift,1741718107233,-28.84894609451294,-39.0898872094144
1,1,block_2,2,Provo_ID12,1,1078535,1258031,1,applied_drift,1741718107260,-28.84894609451294,-39.0898872094144
1,1,block_2,2,Provo_ID12,1,1078535,1258031,1,applied_drift,1741718107297,-28.84894609451294,-39.0898872094144
1,1,block_2,2,Provo_ID12,1,1078535,1258031,1,applied_drift,1741718107329,-28.84894609451294,-39.0898872094144
1,1,block_2,2,Provo_ID12,1,1078535,1258031,1,applied_drift,1741718107369,-28.84894609451294,-39.0898872094144
1,1,block_2,2,Provo_ID12,1,1078535,1258031,1,applied_drift,1741718107400,-28.84894609451294,-39.0898872094144
1,1,block_2,2,Provo_ID12,1,1078535,1258031,1,applied_drift,1741718107433,-28.84894609451294,-39.0898872094144
1,1,block_2,2,Provo_ID12,1,1078535,1258031,1,applied_drift,1741718107458,-28.84894609451294,-39.0898872094144
1,1,block_2,2,Provo_ID12,1,1078535,1258031,1,applied_drift,1741718107502,-28.84894609451294,-39.0898872094144
1,1,block_2,2,Provo_ID12,1,1078535,1258031,1,applied_drift,1741718107534,-28.84894609451294,-39.0898872094144
1,1,block_2,2,Provo_ID12,1,1078535,1258031,1,applied_drift,1741718107562,-28.84894609451294,-39.0898872094144
1,1,block_2,2,Provo_ID12,1,1078535,1258031,1,applied_drift,1741718107611,-28.84894609451294,-39.0898872094144
1,1,block_2,2,Provo_ID12,1,1078535,1258031,1,applied_drift,1741718107630,-28.84894609451294,-39.0898872094144
1,1,block_2,2,Provo_ID12,1,1078535,1258031,1,applied_drift,1741718107664,-28.84894609451294,-39.0898872094144
1,1,block_2,2,Provo_ID12,1,1078535,1258031,1,applied_drift,1741718107699,-28.84894609451294,-39.0898872094144
1,1,block_2,2,Provo_ID12,1,1078535,1258031,1,applied_drift,1741718107733,-28.84894609451294,-39.0898872094144
1,1,block_2,2,Provo_ID12,1,1078535,1258031,1,applied_drift,1741718107759,-28.84894609451294,-39.0898872094144
1,1,block_2,2,Provo_ID12,1,1078535,1258031,1,applied_drift,1741718107797,-28.84894609451294,-39.0898872094144
1,1,block_2,2,Provo_ID12,1,1078535,1258031,1,applied_drift,1741718107836,-28.84894609451294,-39.0898872094144
1,1,block_2,2,Provo_ID12,1,1078535,1258031,1,applied_drift,1741718107871,-28.84894609451294,-39.0898872094144
1,1,block_2,2,Provo_ID12,1,1078535,1258031,1,applied_drift,1741718107903,-28.84894609451294,-39.0898872094144
1,1,block_2,2,Provo_ID12,1,1078535,1258031,1,applied_drift,1741718107931,-28.84894609451294,-39.0898872094144
1,1,block_2,2,Provo_ID12,1,1078535,1258031,1,applied_drift,1741718107961,-28.84894609451294,-39.0898872094144
1,1,block_2,2,Provo_ID12,1,1078535,1258031,1,applied_drift,1741718107997,-28.84894609451294,-39.0898872094144
1,1,block_2,2,Provo_ID12,1,1078535,1258031,1,applied_drift,1741718108027,-28.84894609451294,-39.0898872094144
1,1,block_2,2,Provo_ID12,1,1078535,1258031,1,applied_drift,1741718108066,-28.84894609451294,-39.0898872094144
1,1,block_2,2,Provo_ID12,1,1078535,1258031,1,applied_drift,1741718108102,-28.84894609451294,-39.0898872094144
1,1,block_2,2,Provo_ID12,1,1078535,1258031,1,applied_drift,1741718108126,-28.84894609451294,-39.0898872094144
1,1,block_2,2,Provo_ID12,1,1078535,1258031,1,applied_drift,1741718108163,-28.84894609451294,-39.0898872094144
1,1,block_2,2,Provo_ID12,1,1078535,1258031,1,applied_drift,1741718108202,-28.84894609451294,-39.0898872094144
1,1,block_2,2,Provo_ID12,1,1078535,1258031,1,applied_drift,1741718108231,-28.84894609451294,-39.0898872094144
1,1,block_2,2,Provo_ID12,1,1078535,1258031,1,applied_drift,1741718108264,-28.84894609451294,-39.0898872094144
1,1,block_2,2,Provo_ID12,1,1078535,1258031,1,applied_drift,1741718108303,-28.84894609451294,-39.0898872094144
1,1,block_2,2,Provo_ID12,1,1078535,1258031,1,applied_drift,1741718108339,-28.84894609451294,-39.0898872094144
1,1,block_2,2,Provo_ID12,1,1078535,1258031,1,applied_drift,1741718108360,-28.84894609451294,-39.0898872094144
1,1,block_2,2,Provo_ID12,1,1078535,1258031,1,applied_drift,1741718108397,-28.84894609451294,-39.0898872094144
1,1,block_2,2,Provo_ID12,1,1078535,1258031,1,applied_drift,1741718108432,-28.84894609451294,-39.0898872094144
1,1,block_2,2,Provo_ID12,1,1078535,1258031,1,applied_drift,1741718108466,-28.84894609451294,-39.0898872094144
1,1,block_2,2,Provo_ID12,1,1078535,1258031,1,applied_drift,1741718108498,-28.84894609451294,-39.0898872094144
1,1,block_2,2,Provo_ID12,1,1078535,1258031,1,applied_drift,1741718108531,-28.84894609451294,-39.0898872094144
1,1,block_2,2,Provo_ID12,1,1078535,1258031,1,applied_drift,1741718108560,-28.84894609451294,-39.0898872094144
1,1,block_2,2,Provo_ID12,1,1078535,1258031,1,applied_drift,1741718108597,-28.84894609451294,-39.0898872094144
1,1,block_2,2,Provo_ID12,1,1078535,1258031,1,applied_drift,1741718108628,-28.84894609451294,-39.0898872094144
1,1,block_2,2,Provo_ID12,1,1078535,1258031,1,applied_drift,1741718108665,-28.84894609451294,-39.0898872094144
1,1,block_2,2,Provo_ID12,1,1078535,1258031,1,applied_drift,1741718108712,-28.84894609451294,-39.0898872094144
1,1,block_2,2,Provo_ID12,1,1078535,1258031,1,applied_drift,1741718108735,-28.84894609451294,-39.0898872094144
1,1,block_2,2,Provo_ID12,1,1078535,1258031,1,applied_drift,1741718108759,-28.84894609451294,-39.0898872094144
1,1,block_2,2,Provo_ID12,1,1078535,1258031,1,applied_drift,1741718108797,-28.84894609451294,-39.0898872094144
1,1,block_2,2,Provo_ID12,1,1078535,1258031,1,applied_drift,1741718108837,-28.84894609451294,-39.0898872094144
1,1,block_2,2,Provo_ID12,1,1078535,1258031,1,applied_drift,1741718108862,-28.84894609451294,-39.0898872094144
1,1,block_2,2,Provo_ID12,1,1078535,1258031,1,applied_drift,1741718108906,-28.84894609451294,-39.0898872094144
1,1,block_2,2,Provo_ID12,1,1078535,1258031,1,applied_drift,1741718108931,-28.84894609451294,-39.0898872094144
1,1,block_2,2,Provo_ID12,1,1078535,1258031,1,applied_drift,1741718108963,-28.84894609451294,-39.0898872094144
1,1,block_2,2,Provo_ID12,1,1078535,1258031,1,applied_drift,1741718109000,-28.84894609451294,-39.0898872094144
1,1,block_2,2,Provo_ID12,1,1078535,1258031,1,applied_drift,1741718109031,-28.84894609451294,-39.0898872094144
1,1,block_2,2,Provo_ID12,1,1078535,1258031,1,applied_drift,1741718109068,-28.84894609451294,-39.0898872094144
1,1,block_2,2,Provo_ID12,1,1078535,1258031,1,applied_drift,1741718109096,-28.84894609451294,-39.0898872094144
1,1,block_2,2,Provo_ID12,1,1078535,1258031,1,applied_drift,1741718109134,-28.84894609451294,-39.0898872094144
1,1,block_2,2,Provo_ID12,1,1078535,1258031,1,applied_drift,1741718109163,-28.84894609451294,-39.0898872094144
1,1,block_2,2,Provo_ID12,1,1078535,1258031,1,applied_drift,1741718109197,-28.84894609451294,-39.0898872094144
1,1,block_2,2,Provo_ID12,1,1078535,1258031,1,applied_drift,1741718109234,-28.84894609451294,-39.0898872094144
1,1,block_2,2,Provo_ID12,1,1078535,1258031,1,applied_drift,1741718109278,-28.84894609451294,-39.0898872094144
1,1,block_2,2,Provo_ID12,1,1078535,1258031,1,applied_drift,1741718109297,-28.84894609451294,-39.0898872094144
1,1,block_2,2,Provo_ID12,1,1078535,1258031,1,applied_drift,1741718109333,-28.84894609451294,-39.0898872094144
1,1,block_2,2,Provo_ID12,1,1078535,1258031,1,applied_drift,1741718109368,-28.84894609451294,-39.0898872094144
1,1,block_2,2,Provo_ID12,1,1078535,1258031,1,applied_drift,1741718109409,-28.84894609451294,-39.0898872094144
1,1,block_2,2,Provo_ID12,1,1078535,1258031,1,applied_drift,1741718109433,-28.84894609451294,-39.0898872094144
1,1,block_2,2,Provo_ID12,1,1078535,1258031,1,applied_drift,1741718109465,-28.84894609451294,-39.0898872094144
1,1,block_2,2,Provo_ID12,1,1078535,1258031,1,applied_drift,1741718109507,-28.84894609451294,-39.0898872094144
1,1,block_2,2,Provo_ID12,1,1078535,1258031,1,applied_drift,1741718109532,-28.84894609451294,-39.0898872094144
1,1,block_2,2,Provo_ID12,1,1078535,1258031,1,applied_drift,1741718109572,-28.84894609451294,-39.0898872094144
1,1,block_2,2,Provo_ID12,1,1078535,1258031,1,applied_drift,1741718109593,-28.84894609451294,-39.0898872094144
1,1,block_2,2,Provo_ID12,1,1078535,1258031,1,applied_drift,1741718109631,-28.84894609451294,-39.0898872094144
1,1,block_2,2,Provo_ID12,1,1078535,1258031,1,applied_drift,1741718109663,-28.84894609451294,-39.0898872094144
1,1,block_2,2,Provo_ID12,1,1078535,1258031,1,applied_drift,1741718109699,-28.84894609451294,-39.0898872094144
1,1,block_2,2,Provo_ID12,1,1078535,1258031,1,applied_drift,1741718109735,-28.84894609451294,-39.0898872094144
1,1,block_2,2,Provo_ID12,1,1078535,1258031,1,applied_drift,1741718109760,-28.84894609451294,-39.0898872094144
1,1,block_2,2,Provo_ID12,1,1078535,1258031,1,applied_drift,1741718109802,-28.84894609451294,-39.0898872094144
1,1,block_2,2,Provo_ID12,1,1078535,1258031,1,applied_drift,1741718109835,-28.84894609451294,-39.0898872094144
1,1,block_2,2,Provo_ID12,1,1078535,1258031,1,applied_drift,1741718109869,-28.84894609451294,-39.0898872094144
1,1,block_2,2,Provo_ID12,1,1078535,1258031,1,applied_drift,1741718109893,-28.84894609451294,-39.0898872094144
1,1,block_2,2,Provo_ID12,1,1078535,1258031,1,applied_drift,1741718109944,-28.84894609451294,-39.0898872094144
1,1,block_2,2,Provo_ID12,1,1078535,1258031,1,applied_drift,1741718109982,-28.84894609451294,-39.0898872094144
1,1,block_2,2,Provo_ID12,1,1078535,1258031,1,applied_drift,1741718110008,-28.84894609451294,-39.0898872094144
1,1,block_2,2,Provo_ID12,1,1078535,1258031,1,applied_drift,1741718110045,-28.84894609451294,-39.0898872094144
1,1,block_2,2,Provo_ID12,1,1078535,1258031,1,applied_drift,1741718110073,-28.84894609451294,-39.0898872094144
1,1,block_2,2,Provo_ID12,1,1078535,1258031,1,applied_drift,1741718110110,-28.84894609451294,-39.0898872094144
1,1,block_2,2,Provo_ID12,1,1078535,1258031,1,applied_drift,1741718110140,-28.84894609451294,-39.0898872094144
1,1,block_2,2,Provo_ID12,1,1078535,1258031,1,applied_drift,1741718110179,-28.84894609451294,-39.0898872094144
1,1,block_2,2,Provo_ID12,1,1078535,1258031,1,applied_drift,1741718110211,-28.84894609451294,-39.0898872094144
1,1,block_2,2,Provo_ID12,1,1078535,1258031,1,applied_drift,1741718110246,-28.84894609451294,-39.0898872094144
1,1,block_2,2,Provo_ID12,1,1078535,1258031,1,applied_drift,1741718110279,-28.84894609451294,-39.0898872094144
1,1,block_2,2,Provo_ID12,1,1078535,1258031,1,applied_drift,1741718110315,-28.84894609451294,-39.0898872094144
1,1,block_2,2,Provo_ID12,1,1078535,1258031,1,applied_drift,1741718110351,-28.84894609451294,-39.0898872094144
1,1,block_2,2,Provo_ID12,1,1078535,1258031,1,applied_drift,1741718110400,-28.84894609451294,-39.0898872094144
1,1,block_2,2,Provo_ID12,1,1078535,1258031,1,applied_drift,1741718110416,-28.84894609451294,-39.0898872094144
1,1,block_2,2,Provo_ID12,1,1078535,1258031,1,applied_drift,1741718110445,-28.84894609451294,-39.0898872094144
1,1,block_2,2,Provo_ID12,1,1078535,1258031,1,applied_drift,1741718110473,-28.84894609451294,-39.0898872094144
1,1,block_2,2,Provo_ID12,1,1078535,1258031,1,applied_drift,1741718110516,-28.84894609451294,-39.0898872094144
1,1,block_2,2,Provo_ID12,1,1078535,1258031,1,applied_drift,1741718110540,-28.84894609451294,-39.0898872094144
1,1,block_2,2,Provo_ID12,1,1078535,1258031,1,applied_drift,1741718110577,-28.84894609451294,-39.0898872094144
1,1,block_2,2,Provo_ID12,1,1078535,1258031,1,applied_drift,1741718110611,-28.84894609451294,-39.0898872094144
1,1,block_2,2,Provo_ID12,1,1078535,1258031,1,applied_drift,1741718110641,-28.84894609451294,-39.0898872094144
1,1,block_2,2,Provo_ID12,1,1078535,1258031,1,applied_drift,1741718110683,-28.84894609451294,-39.0898872094144
1,1,block_2,2,Provo_ID12,1,1078535,1258031,1,applied_drift,1741718110712,-28.84894609451294,-39.0898872094144
1,1,block_2,2,Provo_ID12,1,1078535,1258031,1,applied_drift,1741718110751,-28.84894609451294,-39.0898872094144
1,1,block_2,2,Provo_ID12,1,1078535,1258031,1,applied_drift,1741718110778,-28.84894609451294,-39.0898872094144
1,1,block_2,2,Provo_ID12,1,1078535,1258031,1,applied_drift,1741718110812,-28.84894609451294,-39.0898872094144
1,1,block_2,2,Provo_ID12,1,1078535,1258031,1,applied_drift,1741718110848,-28.84894609451294,-39.0898872094144
1,1,block_2,2,Provo_ID12,1,1078535,1258031,1,applied_drift,1741718110876,-28.84894609451294,-39.0898872094144
1,1,block_2,2,Provo_ID12,1,1078535,1258031,1,applied_drift,1741718110913,-28.84894609451294,-39.0898872094144
1,1,block_2,2,Provo_ID12,1,1078535,1258031,1,applied_drift,1741718110947,-28.84894609451294,-39.0898872094144
1,1,block_2,2,Provo_ID12,1,1078535,1258031,1,applied_drift,1741718110987,-28.84894609451294,-39.0898872094144
1,1,block_2,2,Provo_ID12,1,1078535,1258031,1,applied_drift,1741718111018,-28.84894609451294,-39.0898872094144
1,1,block_2,2,Provo_ID12,1,1078535,1258031,1,applied_drift,1741718111048,-28.84894609451294,-39.0898872094144
1,1,block_2,2,Provo_ID12,1,1078535,1258031,1,applied_drift,1741718111084,-28.84894609451294,-39.0898872094144
1,1,block_2,2,Provo_ID12,1,1078535,1258031,1,applied_drift,1741718111122,-28.84894609451294,-39.0898872094144
1,1,block_2,2,Provo_ID12,1,1078535,1258031,1,applied_drift,1741718111143,-28.84894609451294,-39.0898872094144
1,1,block_2,2,Provo_ID12,1,1078535,1258031,1,applied_drift,1741718111184,-28.84894609451294,-39.0898872094144
1,1,block_2,2,Provo_ID12,1,1078535,1258031,1,applied_drift,1741718111213,-28.84894609451294,-39.0898872094144
1,1,block_2,2,Provo_ID12,1,1078535,1258031,1,applied_drift,1741718111248,-28.84894609451294,-39.0898872094144
1,1,block_2,2,Provo_ID12,1,1078535,1258031,1,applied_drift,1741718111280,-28.84894609451294,-39.0898872094144
1,1,block_2,2,Provo_ID12,1,1078535,1258031,1,applied_drift,1741718111314,-28.84894609451294,-39.0898872094144
1,1,block_2,2,Provo_ID12,1,1078535,1258031,1,applied_drift,1741718111345,-28.84894609451294,-39.0898872094144
1,1,block_2,2,Provo_ID12,1,1078535,1258031,1,applied_drift,1741718111390,-28.84894609451294,-39.0898872094144
1,1,block_2,2,Provo_ID12,1,1078535,1258031,1,applied_drift,1741718111417,-28.84894609451294,-39.0898872094144
1,1,block_2,2,Provo_ID12,1,1078535,1258031,1,applied_drift,1741718111448,-28.84894609451294,-39.0898872094144
1,1,block_2,2,Provo_ID12,1,1078535,1258031,1,applied_drift,1741718111484,-28.84894609451294,-39.0898872094144
1,1,block_2,2,Provo_ID12,1,1078535,1258031,1,applied_drift,1741718111515,-28.84894609451294,-39.0898872094144
1,1,block_2,2,Provo_ID12,1,1078535,1258031,1,applied_drift,1741718111559,-28.84894609451294,-39.0898872094144
1,1,block_2,2,Provo_ID12,1,1078535,1258031,1,applied_drift,1741718111588,-28.84894609451294,-39.0898872094144
1,1,block_2,2,Provo_ID12,1,1078535,1258031,1,applied_drift,1741718111613,-28.84894609451294,-39.0898872094144
1,1,block_2,2,Provo_ID12,1,1078535,1258031,1,applied_drift,1741718111649,-28.84894609451294,-39.0898872094144
1,1,block_2,2,Provo_ID12,1,1078535,1258031,1,applied_drift,1741718111684,-28.84894609451294,-39.0898872094144
1,1,block_2,2,Provo_ID12,1,1078535,1258031,1,applied_drift,1741718111718,-28.84894609451294,-39.0898872094144
1,1,block_2,2,Provo_ID12,1,1078535,1258031,1,applied_drift,1741718111752,-28.84894609451294,-39.0898872094144
1,1,block_2,2,Provo_ID12,1,1078535,1258031,1,applied_drift,1741718111786,-28.84894609451294,-39.0898872094144
1,1,block_2,2,Provo_ID12,1,1078535,1258031,1,applied_drift,1741718111822,-28.84894609451294,-39.0898872094144
1,1,block_2,2,Provo_ID12,1,1078535,1258031,1,applied_drift,1741718111860,-28.84894609451294,-39.0898872094144
1,1,block_2,2,Provo_ID12,1,1078535,1258031,1,applied_drift,1741718111891,-28.84894609451294,-39.0898872094144
1,1,block_2,2,Provo_ID12,1,1078535,1258031,1,applied_drift,1741718111913,-28.84894609451294,-39.0898872094144
1,1,block_2,2,Provo_ID12,1,1078535,1258031,1,applied_drift,1741718111947,-28.84894609451294,-39.0898872094144
1,1,block_2,2,Provo_ID12,1,1078535,1258031,1,applied_drift,1741718111989,-28.84894609451294,-39.0898872094144
1,1,block_2,2,Provo_ID12,1,1078535,1258031,1,applied_drift,1741718112014,-28.84894609451294,-39.0898872094144
1,1,block_2,2,Provo_ID12,1,1078535,1258031,1,applied_drift,1741718112047,-28.84894609451294,-39.0898872094144
1,1,block_2,2,Provo_ID12,1,1078535,1258031,1,applied_drift,1741718112085,-28.84894609451294,-39.0898872094144
1,1,block_2,2,Provo_ID12,1,1078535,1258031,1,applied_drift,1741718112117,-28.84894609451294,-39.0898872094144
1,1,block_2,2,Provo_ID12,1,1078535,1258031,1,applied_drift,1741718112152,-28.84894609451294,-39.0898872094144
1,1,block_2,2,Provo_ID12,1,1078535,1258031,1,applied_drift,1741718112181,-28.84894609451294,-39.0898872094144
1,1,block_2,2,Provo_ID12,1,1078535,1258031,1,applied_drift,1741718112211,-28.84894609451294,-39.0898872094144
1,1,block_2,2,Provo_ID12,1,1078535,1258031,1,applied_drift,1741718112253,-28.84894609451294,-39.0898872094144
1,1,block_2,2,Provo_ID12,1,1078535,1258031,1,applied_drift,1741718112280,-28.84894609451294,-39.0898872094144
1,1,block_2,2,Provo_ID12,1,1078535,1258031,1,applied_drift,1741718112314,-28.84894609451294,-39.0898872094144
1,1,block_2,2,Provo_ID12,1,1078535,1258031,1,applied_drift,1741718112356,-28.84894609451294,-39.0898872094144
1,1,block_2,2,Provo_ID12,1,1078535,1258031,1,applied_drift,1741718112385,-28.84894609451294,-39.0898872094144
1,1,block_2,2,Provo_ID12,1,1078535,1258031,1,applied_drift,1741718112409,-28.84894609451294,-39.0898872094144
1,1,block_2,2,Provo_ID12,1,1078535,1258031,1,applied_drift,1741718112457,-28.84894609451294,-39.0898872094144
1,1,block_2,2,Provo_ID12,1,1078535,1258031,1,applied_drift,1741718112483,-28.84894609451294,-39.0898872094144
1,1,block_2,2,Provo_ID12,1,1078535,1258031,1,applied_drift,1741718112514,-28.84894609451294,-39.0898872094144
1,1,block_2,2,Provo_ID12,1,1078535,1258031,1,applied_drift,1741718112543,-28.84894609451294,-39.0898872094144
1,1,block_2,2,Provo_ID12,1,1078535,1258031,1,applied_drift,1741718112577,-28.84894609451294,-39.0898872094144
1,1,block_2,2,Provo_ID12,1,1078535,1258031,1,applied_drift,1741718112617,-28.84894609451294,-39.0898872094144
1,1,block_2,2,Provo_ID12,1,1078535,1258031,1,applied_drift,1741718112648,-28.84894609451294,-39.0898872094144
1,1,block_2,2,Provo_ID12,1,1078535,1258031,1,applied_drift,1741718112676,-28.84894609451294,-39.0898872094144
1,1,block_2,2,Provo_ID12,1,1078535,1258031,1,applied_drift,1741718112731,-28.84894609451294,-39.0898872094144
1,1,block_2,2,Provo_ID12,1,1078535,1258031,1,applied_drift,1741718112751,-28.84894609451294,-39.0898872094144
1,1,block_2,2,Provo_ID12,1,1078535,1258031,1,applied_drift,1741718112802,-28.84894609451294,-39.0898872094144
1,1,block_2,2,Provo_ID12,1,1078535,1258031,1,applied_drift,1741718112829,-28.84894609451294,-39.0898872094144
1,1,block_2,2,Provo_ID12,1,1078535,1258031,1,applied_drift,1741718112867,-28.84894609451294,-39.0898872094144
1,1,block_2,2,Provo_ID12,1,1078535,1258031,1,applied_drift,1741718112901,-28.84894609451294,-39.0898872094144
1,1,block_2,2,Provo_ID12,1,1078535,1258031,1,applied_drift,1741718112930,-28.84894609451294,-39.0898872094144
1,1,block_2,2,Provo_ID12,1,1078535,1258031,1,applied_drift,1741718112965,-28.84894609451294,-39.0898872094144
1,1,block_2,2,Provo_ID12,1,1078535,1258031,1,applied_drift,1741718112999,-28.84894609451294,-39.0898872094144
1,1,block_2,2,Provo_ID12,1,1078535,1258031,1,applied_drift,1741718113026,-28.84894609451294,-39.0898872094144
1,1,block_2,2,Provo_ID12,1,1078535,1258031,1,applied_drift,1741718113055,-28.84894609451294,-39.0898872094144
1,1,block_2,2,Provo_ID12,1,1078535,1258031,1,applied_drift,1741718113102,-28.84894609451294,-39.0898872094144
1,1,block_2,2,Provo_ID12,1,1078535,1258031,1,applied_drift,1741718113134,-28.84894609451294,-39.0898872094144
1,1,block_2,2,Provo_ID12,1,1078535,1258031,1,applied_drift,1741718113175,-28.84894609451294,-39.0898872094144
1,1,block_2,2,Provo_ID12,1,1078535,1258031,1,applied_drift,1741718113198,-28.84894609451294,-39.0898872094144
1,1,block_2,2,Provo_ID12,1,1078535,1258031,1,applied_drift,1741718113231,-28.84894609451294,-39.0898872094144
1,1,block_2,2,Provo_ID12,1,1078535,1258031,1,applied_drift,1741718113267,-28.84894609451294,-39.0898872094144
1,1,block_2,2,Provo_ID12,1,1078535,1258031,1,applied_drift,1741718113298,-28.84894609451294,-39.0898872094144
1,1,block_2,2,Provo_ID12,1,1078535,1258031,1,applied_drift,1741718113333,-28.84894609451294,-39.0898872094144
1,1,block_2,2,Provo_ID12,1,1078535,1258031,1,applied_drift,1741718113362,-28.84894609451294,-39.0898872094144
1,1,block_2,2,Provo_ID12,1,1078535,1258031,1,applied_drift,1741718113399,-28.84894609451294,-39.0898872094144
1,1,block_2,2,Provo_ID12,1,1078535,1258031,1,applied_drift,1741718113433,-28.84894609451294,-39.0898872094144
1,1,block_2,2,Provo_ID12,1,1078535,1258031,1,applied_drift,1741718113466,-28.84894609451294,-39.0898872094144
1,1,block_2,2,Provo_ID12,1,1078535,1258031,1,applied_drift,1741718113504,-28.84894609451294,-39.0898872094144
1,1,block_2,2,Provo_ID12,1,1078535,1258031,1,applied_drift,1741718113543,-28.84894609451294,-39.0898872094144
1,1,block_2,2,Provo_ID12,1,1078535,1258031,1,applied_drift,1741718113561,-28.84894609451294,-39.0898872094144
1,1,block_2,2,Provo_ID12,1,1078535,1258031,1,applied_drift,1741718113602,-28.84894609451294,-39.0898872094144
1,1,block_2,2,Provo_ID12,1,1078535,1258031,1,applied_drift,1741718113639,-28.84894609451294,-39.0898872094144
1,1,block_2,2,Provo_ID12,1,1078535,1258031,1,applied_drift,1741718113669,-28.84894609451294,-39.0898872094144
1,1,block_2,2,Provo_ID12,1,1078535,1258031,1,applied_drift,1741718113698,-28.84894609451294,-39.0898872094144
1,1,block_2,2,Provo_ID12,1,1078535,1258031,1,applied_drift,1741718113730,-28.84894609451294,-39.0898872094144
1,1,block_2,2,Provo_ID12,1,1078535,1258031,1,applied_drift,1741718113767,-28.84894609451294,-39.0898872094144
1,1,block_2,2,Provo_ID12,1,1078535,1258031,1,applied_drift,1741718113804,-28.84894609451294,-39.0898872094144
1,1,block_2,2,Provo_ID12,1,1078535,1258031,1,applied_drift,1741718113837,-28.84894609451294,-39.0898872094144
1,1,block_2,2,Provo_ID12,1,1078535,1258031,1,applied_drift,1741718113872,-28.84894609451294,-39.0898872094144
1,1,block_2,2,Provo_ID12,1,1078535,1258031,1,applied_drift,1741718113910,-28.84894609451294,-39.0898872094144
1,1,block_2,2,Provo_ID12,1,1078535,1258031,1,applied_drift,1741718113937,-28.84894609451294,-39.0898872094144
1,1,block_2,2,Provo_ID12,1,1078535,1258031,1,applied_drift,1741718113973,-28.84894609451294,-39.0898872094144
1,1,block_2,2,Provo_ID12,1,1078535,1258031,1,applied_drift,1741718113996,-28.84894609451294,-39.0898872094144
1,1,block_2,2,Provo_ID12,1,1078535,1258031,1,applied_drift,1741718114040,-28.84894609451294,-39.0898872094144
1,1,block_2,2,Provo_ID12,1,1078535,1258031,1,applied_drift,1741718114072,-28.84894609451294,-39.0898872094144
1,1,block_2,2,Provo_ID12,1,1078535,1258031,1,applied_drift,1741718114104,-28.84894609451294,-39.0898872094144
1,1,block_2,2,Provo_ID12,1,1078535,1258031,1,applied_drift,1741718114141,-28.84894609451294,-39.0898872094144
1,1,block_2,2,Provo_ID12,1,1078535,1258031,1,applied_drift,1741718114174,-28.84894609451294,-39.0898872094144
1,1,block_2,2,Provo_ID12,1,1078535,1258031,1,applied_drift,1741718114211,-28.84894609451294,-39.0898872094144
1,1,block_2,2,Provo_ID12,1,1078535,1258031,1,applied_drift,1741718114238,-28.84894609451294,-39.0898872094144
1,1,block_2,2,Provo_ID12,1,1078535,1258031,1,applied_drift,1741718114274,-28.84894609451294,-39.0898872094144
1,1,block_2,2,Provo_ID12,1,1078535,1258031,1,applied_drift,1741718114298,-28.84894609451294,-39.0898872094144
1,1,block_2,2,Provo_ID12,1,1078535,1258031,1,applied_drift,1741718114340,-28.84894609451294,-39.0898872094144
1,1,block_2,2,Provo_ID12,1,1078535,1258031,1,applied_drift,1741718114371,-28.84894609451294,-39.0898872094144
1,1,block_2,2,Provo_ID12,1,1078535,1258031,1,applied_drift,1741718114409,-28.84894609451294,-39.0898872094144
1,1,block_2,2,Provo_ID12,1,1078535,1258031,1,applied_drift,1741718114442,-28.84894609451294,-39.0898872094144
1,1,block_2,2,Provo_ID12,1,1078535,1258031,1,applied_drift,1741718114468,-28.84894609451294,-39.0898872094144
1,1,block_2,2,Provo_ID12,1,1078535,1258031,1,applied_drift,1741718114502,-28.84894609451294,-39.0898872094144
1,1,block_2,2,Provo_ID12,1,1078535,1258031,1,applied_drift,1741718114540,-28.84894609451294,-39.0898872094144
1,1,block_2,2,Provo_ID12,1,1078535,1258031,1,applied_drift,1741718114568,-28.84894609451294,-39.0898872094144
1,1,block_2,2,Provo_ID12,1,1078535,1258031,1,applied_drift,1741718114612,-28.84894609451294,-39.0898872094144
1,1,block_2,2,Provo_ID12,1,1078535,1258031,1,applied_drift,1741718114640,-28.84894609451294,-39.0898872094144
1,1,block_2,2,Provo_ID12,1,1078535,1258031,1,applied_drift,1741718114669,-28.84894609451294,-39.0898872094144
1,1,block_2,2,Provo_ID12,1,1078535,1258031,1,applied_drift,1741718114707,-28.84894609451294,-39.0898872094144
1,1,block_2,2,Provo_ID12,1,1078535,1258031,1,applied_drift,1741718114742,-28.84894609451294,-39.0898872094144
1,1,block_2,2,Provo_ID12,1,1078535,1258031,1,applied_drift,1741718114766,-28.84894609451294,-39.0898872094144
1,1,block_2,2,Provo_ID12,1,1078535,1258031,1,applied_drift,1741718114804,-28.84894609451294,-39.0898872094144
1,1,block_2,2,Provo_ID12,1,1078535,1258031,1,applied_drift,1741718114839,-28.84894609451294,-39.0898872094144
1,1,block_2,2,Provo_ID12,1,1078535,1258031,1,applied_drift,1741718114870,-28.84894609451294,-39.0898872094144
1,1,block_2,2,Provo_ID12,1,1078535,1258031,1,applied_drift,1741718114908,-28.84894609451294,-39.0898872094144
1,1,block_2,2,Provo_ID12,1,1078535,1258031,1,applied_drift,1741718114936,-28.84894609451294,-39.0898872094144
1,1,block_2,2,Provo_ID12,1,1078535,1258031,1,applied_drift,1741718114974,-28.84894609451294,-39.0898872094144
1,1,block_2,2,Provo_ID12,1,1078535,1258031,1,applied_drift,1741718115010,-28.84894609451294,-39.0898872094144
1,1,block_2,2,Provo_ID12,1,1078535,1258031,1,applied_drift,1741718115052,-28.84894609451294,-39.0898872094144
1,1,block_2,2,Provo_ID12,1,1078535,1258031,1,applied_drift,1741718115077,-28.84894609451294,-39.0898872094144
1,1,block_2,2,Provo_ID12,1,1078535,1258031,1,error_trial,1741718077585,38.79501773064669
1,1,block_2,2,Provo_ID12,1,1078535,1258031,1,error_trial_x,1741718077585,31.231151037429953
1,1,block_2,2,Provo_ID12,1,1078535,1258031,1,error_trial_y,1741718077585,18.34609996384671
1,1,block_2,2,Provo_ID12,1,1078535,1258031,1,error_calibration,1741718077585,626.9376609951194
1,1,block_2,2,Provo_ID12,1,1078535,1258031,1,error_calibration_x,1741718077585,523.9819177060738
1,1,block_2,2,Provo_ID12,1,1078535,1258031,1,error_calibration_y,1741718077585,303.8460886659436
1,1,block_2,2,Provo_ID7,3,1078535,1258031,1,gaze_data,1741718166882,
1,1,block_2,2,Provo_ID7,3,1078535,1258031,1,gaze_data,1741718261138,747.4270105361938,436.8736316738832,1741718261089.4001,0.8739550838992345
1,1,block_2,2,Provo_ID7,3,1078535,1258031,1,gaze_data,1741718261163,746.6719627380371,430.31558618111103,1741718261121.6,0.8739550838992345
1,1,block_2,2,Provo_ID7,3,1078535,1258031,1,gaze_data,1741718261209,734.1317176818848,432.17997023443854,1741718261154.6,0.7490403541711367
1,1,block_2,2,Provo_ID7,3,1078535,1258031,1,gaze_data,1741718261243,735.4788064956665,421.59800332952733,1741718261188.8,0.8037564502562238
1,1,block_2,2,Provo_ID7,3,1078535,1258031,1,gaze_data,1741718261270,729.487156867981,423.8197260461505,1741718261219.2002,0.8037564502562238
1,1,block_2,2,Provo_ID7,3,1078535,1258031,1,gaze_data,1741718261309,728.9571762084961,424.6642255472775,1741718261252.3,0.8500921419939237
1,1,block_2,2,Provo_ID7,3,1078535,1258031,1,gaze_data,1741718261332,737.39173412323,428.34205379196464,1741718261284.3,0.8500921419939237
1,1,block_2,2,Provo_ID7,3,1078535,1258031,1,gaze_data,1741718261365,735.2648973464966,424.4459437703362,1741718261315.2002,0.8500368215278633
1,1,block_2,2,Provo_ID7,3,1078535,1258031,1,gaze_data,1741718261399,746.5013265609741,423.69526596234834,1741718261360.1,0.9034435695644992
1,1,block_2,2,Provo_ID7,3,1078535,1258031,1,gaze_data,1741718261423,743.3449268341064,432.3045792652056,1741718261392.4001,0.8689058620215084
1,1,block_2,2,Provo_ID7,3,1078535,1258031,1,gaze_data,1741718261457,585.6777429580688,309.71853872700524,1741718261424,1
1,1,block_2,2,Provo_ID7,3,1078535,1258031,1,gaze_data,1741718261494,336.86681389808655,259.462633774234,1741718261456.8,0.9368987970616104
1,1,block_2,2,Provo_ID7,3,1078535,1258031,1,gaze_data,1741718261522,192.01412200927734,189.1621649653172,1741718261487.9001,0.7734505395882514
1,1,block_2,2,Provo_ID7,3,1078535,1258031,1,gaze_data,1741718261565,162.13903427124023,184.27369951426078,1741718261520.5,1
1,1,block_2,2,Provo_ID7,3,1078535,1258031,1,gaze_data,1741718261594,105.9046745300293,172.29097204973795,1741718261552.4001,1
1,1,block_2,2,Provo_ID7,3,1078535,1258031,1,gaze_data,1741718261631,141.4628267288208,175.95959537199934,1741718261584.9001,1
1,1,block_2,2,Provo_ID7,3,1078535,1258031,1,gaze_data,1741718261664,83.02710056304932,141.92866575692068,1741718261617.3,1
1,1,block_2,2,Provo_ID7,3,1078535,1258031,1,gaze_data,1741718261692,2.116107940673828,100.12790655107146,1741718261679.6,1
1,1,block_2,2,Provo_ID7,3,1078535,1258031,1,gaze_data,1741718261739,0.4152059555053711,92.07362177056501,1741718261727.8,1
1,1,block_2,2,Provo_ID7,3,1078535,1258031,1,gaze_data,1741718261778,2.831101417541504,83.24417974840276,1741718261759.7002,1
1,1,block_2,2,Provo_ID7,3,1078535,1258031,1,gaze_data,1741718261815,-7.105302810668945,89.43520502516608,1741718261791.8,1
1,1,block_2,2,Provo_ID7,3,1078535,1258031,1,gaze_data,1741718261840,-0.8665084838867188,102.8977913349673,1741718261823.4001,1
1,1,block_2,2,Provo_ID7,3,1078535,1258031,1,gaze_data,1741718261884,-7.859182357788086,99.88306008295486,1741718261855.9001,1
1,1,block_2,2,Provo_ID7,3,1078535,1258031,1,gaze_data,1741718261911,-8.449268341064453,83.37812775386388,1741718261887.9001,1
1,1,block_2,2,Provo_ID7,3,1078535,1258031,1,gaze_data,1741718261941,-9.212589263916016,88.39108680178958,1741718261919.5,1
1,1,block_2,2,Provo_ID7,3,1078535,1258031,1,gaze_data,1741718261980,-7.352590560913086,90.28935628961327,1741718261951.6,1
1,1,block_2,2,Provo_ID7,3,1078535,1258031,1,gaze_data,1741718262013,-8.450508117675781,74.25715183746271,1741718261985.9001,1
1,1,block_2,2,Provo_ID7,3,1078535,1258031,1,gaze_data,1741718262044,0.2978086471557617,95.88168924128932,1741718262018,1
1,1,block_2,2,Provo_ID7,3,1078535,1258031,1,gaze_data,1741718262104,8.780598640441895,88.20232631327532,1741718262065.2002,1
1,1,block_2,2,Provo_ID7,3,1078535,1258031,1,gaze_data,1741718262129,-1.6236305236816406,87.32096243835582,1741718262097.6,1
1,1,block_2,2,Provo_ID7,3,1078535,1258031,1,gaze_data,1741718262154,9.704852104187012,85.4748541776115,1741718262127.8,1
1,1,block_2,2,Provo_ID7,3,1078535,1258031,1,gaze_data,1741718262192,24.268412590026855,103.58275374207734,1741718262159.8,1
1,1,block_2,2,Provo_ID7,3,1078535,1258031,1,gaze_data,1741718262220,29.84490394592285,95.46433984586835,1741718262191.9001,1
1,1,block_2,2,Provo_ID7,3,1078535,1258031,1,gaze_data,1741718262258,30.959653854370117,100.86234169254593,1741718262224.1,1
1,1,block_2,2,Provo_ID7,3,1078535,1258031,1,gaze_data,1741718262288,19.961047172546387,100.96519701910123,1741718262256,1
1,1,block_2,2,Provo_ID7,3,1078535,1258031,1,gaze_data,1741718262326,35.0529670715332,97.79953036029013,1741718262288.2002,1
1,1,block_2,2,Provo_ID7,3,1078535,1258031,1,gaze_data,1741718262362,187.26089000701904,120.75987627604519,1741718262320.5,1
1,1,block_2,2,Provo_ID7,3,1078535,1258031,1,gaze_data,1741718262390,275.3277063369751,152.10947380148667,1741718262352,1
1,1,block_2,2,Provo_ID7,3,1078535,1258031,1,gaze_data,1741718262424,286.67551279067993,119.46757517254017,1741718262383.8,1
1,1,block_2,2,Provo_ID7,3,1078535,1258031,1,gaze_data,1741718262462,309.8868429660797,137.6983708776776,1741718262432.4001,1
1,1,block_2,2,Provo_ID7,3,1078535,1258031,1,gaze_data,1741718262501,301.8807828426361,123.57753579890651,1741718262464.8,1
1,1,block_2,2,Provo_ID7,3,1078535,1258031,1,gaze_data,1741718262523,288.8158440589905,119.9206494974728,1741718262495.6,1
1,1,block_2,2,Provo_ID7,3,1078535,1258031,1,gaze_data,1741718262554,319.67304944992065,125.87109563666155,1741718262527.7002,1
1,1,block_2,2,Provo_ID7,3,1078535,1258031,1,gaze_data,1741718262592,319.1258490085602,130.5841797603185,1741718262559.6,1
1,1,block_2,2,Provo_ID7,3,1078535,1258031,1,gaze_data,1741718262623,319.41394805908203,109.42280783829099,1741718262591.7002,1
1,1,block_2,2,Provo_ID7,3,1078535,1258031,1,gaze_data,1741718262655,429.2342960834503,103.492849354113,1741718262624.4001,1
1,1,block_2,2,Provo_ID7,3,1078535,1258031,1,gaze_data,1741718262702,462.3999834060669,100.76718692407174,1741718262656.5,1
1,1,block_2,2,Provo_ID7,3,1078535,1258031,1,gaze_data,1741718262723,472.3490238189697,110.28782478382169,1741718262691.3,1
1,1,block_2,2,Provo_ID7,3,1078535,1258031,1,gaze_data,1741718262758,476.73377990722656,104.59511647255457,1741718262720.4001,1
1,1,block_2,2,Provo_ID7,3,1078535,1258031,1,gaze_data,1741718262795,485.4432463645935,104.12342377701964,1741718262767.9001,1
1,1,block_2,2,Provo_ID7,3,1078535,1258031,1,gaze_data,1741718262830,486.6420269012451,96.99981921148404,1741718262801.4001,1
1,1,block_2,2,Provo_ID7,3,1078535,1258031,1,gaze_data,1741718262859,487.0930254459381,93.88742343464021,1741718262832.2002,1
1,1,block_2,2,Provo_ID7,3,1078535,1258031,1,gaze_data,1741718262890,491.4967477321625,90.88999981993967,1741718262864.2002,1
1,1,block_2,2,Provo_ID7,3,1078535,1258031,1,gaze_data,1741718262933,489.76340889930725,91.00370593288199,1741718262896.6,1
1,1,block_2,2,Provo_ID7,3,1078535,1258031,1,gaze_data,1741718262973,523.4955191612244,102.05826666246526,1741718262931.2002,1
1,1,block_2,2,Provo_ID7,3,1078535,1258031,1,gaze_data,1741718262992,589.3311738967896,202.8406536242967,1741718262963.4001,1
1,1,block_2,2,Provo_ID7,3,1078535,1258031,1,gaze_data,1741718263026,414.6763429045677,62.80610918222953,1741718262991.6,0.7197737424344338
1,1,block_2,2,Provo_ID7,3,1078535,1258031,1,gaze_data,1741718263061,319.490647315979,114.53222494063304,1741718263023.9001,0
1,1,block_2,2,Provo_ID7,3,1078535,1258031,1,gaze_data,1741718263094,329.6048939228058,152.6150966156072,1741718263055.6,0
1,1,block_2,2,Provo_ID7,3,1078535,1258031,1,gaze_data,1741718263128,235.51561832427979,256.85091577227877,1741718263088.6,0
1,1,block_2,2,Provo_ID7,3,1078535,1258031,1,gaze_data,1741718263160,93.06573867797852,219.4540370312275,1741718263137.1,0
1,1,block_2,2,Provo_ID7,3,1078535,1258031,1,gaze_data,1741718263188,63.840579986572266,201.01528064289218,1741718263168,0
1,1,block_2,2,Provo_ID7,3,1078535,1258031,1,gaze_data,1741718263229,-6.288433074951172,193.6847421972974,1741718263200.7002,0.5622237128851989
1,1,block_2,2,Provo_ID7,3,1078535,1258031,1,gaze_data,1741718263274,16.199898719787598,189.63830745142607,1741718263232.2002,0.9702091658138702
1,1,block_2,2,Provo_ID7,3,1078535,1258031,1,gaze_data,1741718263295,12.960219383239746,161.1947322357244,1741718263267.9001,0.9702091658138702
1,1,block_2,2,Provo_ID7,3,1078535,1258031,1,gaze_data,1741718263321,-5.176115036010742,191.45951177965276,1741718263295.8,1
1,1,block_2,2,Provo_ID7,3,1078535,1258031,1,gaze_data,1741718263362,6.751251220703125,207.52381988823285,1741718263328.3,1
1,1,block_2,2,Provo_ID7,3,1078535,1258031,1,gaze_data,1741718263395,60.977911949157715,181.55297095242912,1741718263360.1,1
1,1,block_2,2,Provo_ID7,3,1078535,1258031,1,gaze_data,1741718263429,159.97018814086914,190.5456104402687,1741718263392.2002,1
1,1,block_2,2,Provo_ID7,3,1078535,1258031,1,gaze_data,1741718263463,174.05037879943848,187.40209219512607,1741718263423.7002,1
1,1,block_2,2,Provo_ID7,3,1078535,1258031,1,gaze_data,1741718263494,190.41402339935303,188.9118782093106,1741718263474.1,1
1,1,block_2,2,Provo_ID7,3,1078535,1258031,1,gaze_data,1741718263533,196.1920976638794,178.51862710882423,1741718263504.3,1
1,1,block_2,2,Provo_ID7,3,1078535,1258031,1,gaze_data,1741718263561,179.75411415100098,178.93007075709014,1741718263537.8,1
1,1,block_2,2,Provo_ID7,3,1078535,1258031,1,gaze_data,1741718263600,196.45421504974365,194.95428048090406,1741718263570.7002,1
1,1,block_2,2,Provo_ID7,3,1078535,1258031,1,gaze_data,1741718263632,198.79634380340576,187.94022268431823,1741718263600.6,1
1,1,block_2,2,Provo_ID7,3,1078535,1258031,1,gaze_data,1741718263667,178.61871719360352,193.3953792050707,1741718263633.4001,1
1,1,block_2,2,Provo_ID7,3,1078535,1258031,1,gaze_data,1741718263691,180.04798889160156,195.00669864149776,1741718263665.5,1
1,1,block_2,2,Provo_ID7,3,1078535,1258031,1,gaze_data,1741718263722,179.68807220458984,188.40828852125983,1741718263696.7002,1
1,1,block_2,2,Provo_ID7,3,1078535,1258031,1,gaze_data,1741718263765,79.8496961593628,212.66405039392168,1741718263728.1,1
1,1,block_2,2,Provo_ID7,3,1078535,1258031,1,gaze_data,1741718263790,40.78691005706787,222.9241708354164,1741718263762.2002,1
1,1,block_2,2,Provo_ID7,3,1078535,1258031,1,gaze_data,1741718263819,35.44948101043701,198.3754098027492,1741718263793.1,1
1,1,block_2,2,Provo_ID7,3,1078535,1258031,1,gaze_data,1741718263868,64.95857238769531,187.98857086909825,1741718263840.2002,1
1,1,block_2,2,Provo_ID7,3,1078535,1258031,1,gaze_data,1741718263900,26.94838047027588,200.2765334867862,1741718263872.8,1
1,1,block_2,2,Provo_ID7,3,1078535,1258031,1,gaze_data,1741718263938,5.430102348327637,219.919719716732,1741718263905.1,1
1,1,block_2,2,Provo_ID7,3,1078535,1258031,1,gaze_data,1741718263962,-0.24042129516601562,200.50018293997212,1741718263937.4001,1
1,1,block_2,2,Provo_ID7,3,1078535,1258031,1,gaze_data,1741718264003,12.514805793762207,196.8754766302874,1741718263969.3,1
1,1,block_2,2,Provo_ID7,3,1078535,1258031,1,gaze_data,1741718264032,-5.159807205200195,197.69369071579806,1741718264002.4001,1
1,1,block_2,2,Provo_ID7,3,1078535,1258031,1,gaze_data,1741718264059,-9.88149642944336,218.52988069331568,1741718264034.6,1
1,1,block_2,2,Provo_ID7,3,1078535,1258031,1,gaze_data,1741718264103,18.985915184020996,197.91135436283534,1741718264065.5,1
1,1,block_2,2,Provo_ID7,3,1078535,1258031,1,gaze_data,1741718264122,22.136473655700684,195.21107994294735,1741718264097.2002,1
1,1,block_2,2,Provo_ID7,3,1078535,1258031,1,gaze_data,1741718264160,251.74734592437744,210.7061350940365,1741718264128.5,1
1,1,block_2,2,Provo_ID7,3,1078535,1258031,1,gaze_data,1741718264189,241.0041332244873,224.78873827969434,1741718264177.1,1
1,1,block_2,2,Provo_ID7,3,1078535,1258031,1,gaze_data,1741718264236,190.7660722732544,219.0406123883295,1741718264209,1
1,1,block_2,2,Provo_ID7,3,1078535,1258031,1,gaze_data,1741718264263,195.2037811279297,219.31214177427478,1741718264241,1
1,1,block_2,2,Provo_ID7,3,1078535,1258031,1,gaze_data,1741718264299,200.45944452285767,210.35759081809485,1741718264275.6,1
1,1,block_2,2,Provo_ID7,3,1078535,1258031,1,gaze_data,1741718264326,211.70138120651245,218.13362032627595,1741718264304.5,1
1,1,block_2,2,Provo_ID7,3,1078535,1258031,1,gaze_data,1741718264357,301.74978971481323,191.85560644319415,1741718264336,1
1,1,block_2,2,Provo_ID7,3,1078535,1258031,1,gaze_data,1741718264401,400.8772684261203,183.26677334799942,1741718264368.8,1
1,1,block_2,2,Provo_ID7,3,1078535,1258031,1,gaze_data,1741718264424,411.0924184322357,186.10530034063177,1741718264400.7002,1
1,1,block_2,2,Provo_ID7,3,1078535,1258031,1,gaze_data,1741718264461,432.93349146842957,203.06233139203582,1741718264435.5,1
1,1,block_2,2,Provo_ID7,3,1078535,1258031,1,gaze_data,1741718264495,433.53940546512604,205.16024194415377,1741718264464.1,1
1,1,block_2,2,Provo_ID7,3,1078535,1258031,1,gaze_data,1741718264531,423.5853001475334,216.12955660209738,1741718264499.8,1
1,1,block_2,2,Provo_ID7,3,1078535,1258031,1,gaze_data,1741718264563,431.6460132598877,210.59826677119653,1741718264544.9001,1
1,1,block_2,2,Provo_ID7,3,1078535,1258031,1,gaze_data,1741718264597,435.35611629486084,204.25550456678013,1741718264576.9001,1
1,1,block_2,2,Provo_ID7,3,1078535,1258031,1,gaze_data,1741718264630,470.841783285141,179.6539306640625,1741718264608.5,1
1,1,block_2,2,Provo_ID7,3,1078535,1258031,1,gaze_data,1741718264667,575.0679850578308,201.52157558019147,1741718264641.5,1
1,1,block_2,2,Provo_ID7,3,1078535,1258031,1,gaze_data,1741718264698,607.729434967041,204.09952544338532,1741718264674.2002,1
1,1,block_2,2,Provo_ID7,3,1078535,1258031,1,gaze_data,1741718264736,595.495080947876,189.24338202155852,1741718264705.6,1
1,1,block_2,2,Provo_ID7,3,1078535,1258031,1,gaze_data,1741718264765,593.0306434631348,187.6954990974476,1741718264736.5,1
1,1,block_2,2,Provo_ID7,3,1078535,1258031,1,gaze_data,1741718264797,600.0678300857544,193.78430765776727,1741718264768.8,1
1,1,block_2,2,Provo_ID7,3,1078535,1258031,1,gaze_data,1741718264835,407.8015863895416,249.9249861711018,1741718264800.5,1
1,1,block_2,2,Provo_ID7,3,1078535,1258031,1,gaze_data,1741718264871,88.5185956954956,305.534670616696,1741718264835.4001,0.9725123201781831
1,1,block_2,2,Provo_ID7,3,1078535,1258031,1,gaze_data,1741718264917,104.7985315322876,299.701281897158,1741718264882.5,0.9130098804783588
1,1,block_2,2,Provo_ID7,3,1078535,1258031,1,gaze_data,1741718264949,73.16393852233887,285.0607187266981,1741718264912.3,1
1,1,block_2,2,Provo_ID7,3,1078535,1258031,1,gaze_data,1741718264980,81.9972038269043,283.5212773718182,1741718264944.8,1
1,1,block_2,2,Provo_ID7,3,1078535,1258031,1,gaze_data,1741718265019,102.15816497802734,293.7445129593127,1741718264977.4001,1
1,1,block_2,2,Provo_ID7,3,1078535,1258031,1,gaze_data,1741718265050,80.54583072662354,286.27538122479154,1741718265008.9001,1
1,1,block_2,2,Provo_ID7,3,1078535,1258031,1,gaze_data,1741718265078,82.03229904174805,293.14321406234114,1741718265043.3,1
1,1,block_2,2,Provo_ID7,3,1078535,1258031,1,gaze_data,1741718265109,61.96930408477783,314.09238124359194,1741718265073.7002,1
1,1,block_2,2,Provo_ID7,3,1078535,1258031,1,gaze_data,1741718265153,101.32052898406982,301.3582721966725,1741718265104.5,1
1,1,block_2,2,Provo_ID7,3,1078535,1258031,1,gaze_data,1741718265178,257.26295709609985,307.154334806827,1741718265138.1,1
1,1,block_2,2,Provo_ID7,3,1078535,1258031,1,gaze_data,1741718265214,252.4558663368225,312.3070731338865,1741718265171.6,1
1,1,block_2,2,Provo_ID7,3,1078535,1258031,1,gaze_data,1741718265260,249.50634241104126,307.10932303405895,1741718265202.7002,1
1,1,block_2,2,Provo_ID7,3,1078535,1258031,1,gaze_data,1741718265278,288.98380994796753,297.21108972379807,1741718265249.3,1
1,1,block_2,2,Provo_ID7,3,1078535,1258031,1,gaze_data,1741718265315,395.96003517508507,279.1058339679577,1741718265281.1,1
1,1,block_2,2,Provo_ID7,3,1078535,1258031,1,gaze_data,1741718265344,392.31600388884544,284.8403367975529,1741718265313.4001,1
1,1,block_2,2,Provo_ID7,3,1078535,1258031,1,gaze_data,1741718265378,408.42077657580376,286.18581941484626,1741718265345.7002,0.9843946708100733
1,1,block_2,2,Provo_ID7,3,1078535,1258031,1,gaze_data,1741718265421,412.2494027018547,290.9687745596995,1741718265377.5,1
1,1,block_2,2,Provo_ID7,3,1078535,1258031,1,gaze_data,1741718265453,405.47915138304234,291.7522206999475,1741718265410.3,0.9923988268481079
1,1,block_2,2,Provo_ID7,3,1078535,1258031,1,gaze_data,1741718265481,404.0434569120407,288.40731871102224,1741718265442.6,0.9923988268481079
1,1,block_2,2,Provo_ID7,3,1078535,1258031,1,gaze_data,1741718265527,419.36270743608475,278.2530306735421,1741718265476.3,1
1,1,block_2,2,Provo_ID7,3,1078535,1258031,1,gaze_data,1741718265542,211.8111491203308,339.59918404866715,1741718265507.7002,1
1,1,block_2,2,Provo_ID7,3,1078535,1258031,1,gaze_data,1741718265578,51.15694999694824,434.8789488157326,1741718265536.9001,0.9848987026062503
1,1,block_2,2,Provo_ID7,3,1078535,1258031,1,gaze_data,1741718265622,103.3832311630249,386.63250970737016,1741718265586,0.8861886250198321
1,1,block_2,2,Provo_ID7,3,1078535,1258031,1,gaze_data,1741718265656,109.05318260192871,391.20495810684565,1741718265618,0.9369082475394235
1,1,block_2,2,Provo_ID7,3,1078535,1258031,1,gaze_data,1741718265690,95.96014022827148,392.08477293333107,1741718265649.3,0.9190899452282668
1,1,block_2,2,Provo_ID7,3,1078535,1258031,1,gaze_data,1741718265716,97.41318225860596,390.5030455351393,1741718265682.5,0.9190899452282668
1,1,block_2,2,Provo_ID7,3,1078535,1258031,1,gaze_data,1741718265752,112.91687488555908,391.88688199587347,1741718265714.1,0.9550951489611874
1,1,block_2,2,Provo_ID7,3,1078535,1258031,1,gaze_data,1741718265785,112.00623512268066,392.5454212114247,1741718265745.9001,0.9604586401584663
1,1,block_2,2,Provo_ID7,3,1078535,1258031,1,gaze_data,1741718265822,180.88865280151367,385.42806497106324,1741718265777.6,0.921069013205003
1,1,block_2,2,Provo_ID7,3,1078535,1258031,1,gaze_data,1741718265861,391.31575748324394,371.3509234844216,1741718265808.6,0.7787707043132766
1,1,block_2,2,Provo_ID7,3,1078535,1258031,1,gaze_data,1741718265887,413.9545798301697,395.41562922347396,1741718265842,0.8841930432020644
1,1,block_2,2,Provo_ID7,3,1078535,1258031,1,gaze_data,1741718265917,419.1101610660553,381.2526496010075,1741718265873.8,0.8841930432020644
1,1,block_2,2,Provo_ID7,3,1078535,1258031,1,gaze_data,1741718265956,415.01397490501404,377.6708474645387,1741718265907,0.9155253774743648
1,1,block_2,2,Provo_ID7,3,1078535,1258031,1,gaze_data,1741718265989,428.88984978199005,386.8908284284546,1741718265957.2002,0.835156472693263
1,1,block_2,2,Provo_ID7,3,1078535,1258031,1,gaze_data,1741718266012,425.33266842365265,386.8808340871153,1741718265984.8,0.835156472693263
1,1,block_2,2,Provo_ID7,3,1078535,1258031,1,gaze_data,1741718266048,437.9180610179901,366.9252772134711,1741718266017.2002,0.7480783171592967
1,1,block_2,2,Provo_ID7,3,1078535,1258031,1,gaze_data,1741718266087,497.44956493377686,347.796390889265,1741718266050.4001,0.6913558861257346
1,1,block_2,2,Provo_ID7,3,1078535,1258031,1,gaze_data,1741718266122,577.1554350852966,293.2098827237938,1741718266082.7002,0.7496987940782818
1,1,block_2,2,Provo_ID7,3,1078535,1258031,1,gaze_data,1741718266153,594.2550659179688,319.61341328320947,1741718266112.9001,0.3973395055604785
1,1,block_2,2,Provo_ID7,3,1078535,1258031,1,gaze_data,1741718266179,645.5699682235718,372.6661549731604,1741718266146.3,0.3973395055604785
1,1,block_2,2,Provo_ID7,3,1078535,1258031,1,gaze_data,1741718266210,617.5012588500977,319.76575623882565,1741718266178.4001,0.47183398040426766
1,1,block_2,2,Provo_ID7,3,1078535,1258031,1,gaze_data,1741718266252,584.1632843017578,246.37231061360325,1741718266210.7002,0.561576344386237
1,1,block_2,2,Provo_ID7,3,1078535,1258031,1,gaze_data,1741718266295,528.7314653396606,205.47037559062437,1741718266241.7002,0.5751452011070735
1,1,block_2,2,Provo_ID7,3,1078535,1258031,1,gaze_data,1741718266322,557.3595523834229,287.0834408509757,1741718266290.7002,0.8088193928763128
1,1,block_2,2,Provo_ID7,3,1078535,1258031,1,gaze_data,1741718266346,549.6964812278748,285.33264375301866,1741718266323,0.8088193928763128
1,1,block_2,2,Provo_ID7,3,1078535,1258031,1,gaze_data,1741718266387,473.9317297935486,223.94459438944588,1741718266353.5,0.9272067893744715
1,1,block_2,2,Provo_ID7,3,1078535,1258031,1,gaze_data,1741718266446,305.5626690387726,126.67929676246229,1741718266388.1,0.8295858229795607
1,1,block_2,2,Provo_ID7,3,1078535,1258031,1,gaze_data,1741718266469,185.3832244873047,150.49219276279277,1741718266418.6,0.4100577467179068
1,1,block_2,2,Provo_ID7,3,1078535,1258031,1,gaze_data,1741718266493,167.29788780212402,122.94800400475359,1741718266451.2002,0.4100577467179068
1,1,block_2,2,Provo_ID7,3,1078535,1258031,1,gaze_data,1741718266533,141.83416366577148,153.04032530546706,1741718266481.1,0.5684328463449233
1,1,block_2,2,Provo_ID7,3,1078535,1258031,1,gaze_data,1741718266567,156.77695274353027,115.52845671482045,1741718266513.4001,0.8424820903328287
1,1,block_2,2,Provo_ID7,3,1078535,1258031,1,gaze_data,1741718266599,168.990159034729,122.80039756261863,1741718266545.9001,0.9579086448742515
1,1,block_2,2,Provo_ID7,3,1078535,1258031,1,gaze_data,1741718266623,165.9470796585083,115.7651930207027,1741718266578.6,0.9579086448742515
1,1,block_2,2,Provo_ID7,3,1078535,1258031,1,gaze_data,1741718266659,180.15449047088623,115.96316587899098,1741718266611.2002,1
1,1,block_2,2,Provo_ID7,3,1078535,1258031,1,gaze_data,1741718266707,163.94314765930176,123.10998382899352,1741718266657.7002,0.9820811312285453
1,1,block_2,2,Provo_ID7,3,1078535,1258031,1,gaze_data,1741718266726,105.78114986419678,99.87774267631085,1741718266690.3,0.9820811312285453
1,1,block_2,2,Provo_ID7,3,1078535,1258031,1,gaze_data,1741718266764,39.27593231201172,84.12545425514337,1741718266723.2002,0.9778310674740052
1,1,block_2,2,Provo_ID7,3,1078535,1258031,1,gaze_data,1741718266792,34.145522117614746,78.69727575339361,1741718266754.3,1
1,1,block_2,2,Provo_ID7,3,1078535,1258031,1,gaze_data,1741718266843,34.39598083496094,82.47708798489188,1741718266787.8,1
1,1,block_2,2,Provo_ID7,3,1078535,1258031,1,gaze_data,1741718266874,31.000423431396484,79.82251049381016,1741718266818.9001,1
1,1,block_2,2,Provo_ID7,3,1078535,1258031,1,gaze_data,1741718266900,5.032753944396973,125.66187728252949,1741718266852,1
1,1,block_2,2,Provo_ID7,3,1078535,1258031,1,gaze_data,1741718266930,16.73898696899414,119.733758293367,1741718266881.6,1
1,1,block_2,2,Provo_ID7,3,1078535,1258031,1,gaze_data,1741718266958,11.842727661132812,123.19037795325421,1741718266913.9001,1
1,1,block_2,2,Provo_ID7,3,1078535,1258031,1,gaze_data,1741718267003,12.470221519470215,85.6379362093911,1741718266948.7002,1
1,1,block_2,2,Provo_ID7,3,1078535,1258031,1,gaze_data,1741718267030,-4.1767120361328125,119.76106771936644,1741718266977.3,1
1,1,block_2,2,Provo_ID7,3,1078535,1258031,1,gaze_data,1741718267069,-9.613418579101562,93.40651836933128,1741718267026.6,1
1,1,block_2,2,Provo_ID7,3,1078535,1258031,1,gaze_data,1741718267095,4.78062629699707,127.05470269259041,1741718267058,1
1,1,block_2,2,Provo_ID7,3,1078535,1258031,1,gaze_data,1741718267139,0.30243396759033203,100.76530274496679,1741718267089.8,1
1,1,block_2,2,Provo_ID7,3,1078535,1258031,1,gaze_data,1741718267157,-1.7976760864257812,104.93282392588716,1741718267122.6,1
1,1,block_2,2,Provo_ID7,3,1078535,1258031,1,gaze_data,1741718267194,-10.029268264770508,116.69309537477969,1741718267155.1,1
1,1,block_2,2,Provo_ID7,3,1078535,1258031,1,gaze_data,1741718267237,-22.94602394104004,97.7761158974207,1741718267188.5,1
1,1,block_2,2,Provo_ID7,3,1078535,1258031,1,gaze_data,1741718267267,-9.118366241455078,112.57176264764946,1741718267218.9001,1
1,1,block_2,2,Provo_ID7,3,1078535,1258031,1,gaze_data,1741718267294,-16.63050651550293,124.15639583562822,1741718267250.9001,1
1,1,block_2,2,Provo_ID7,3,1078535,1258031,1,gaze_data,1741718267340,-28.246116638183594,146.39201050466673,1741718267285.1,1
1,1,block_2,2,Provo_ID7,3,1078535,1258031,1,gaze_data,1741718267373,-15.196084976196289,115.72048658921248,1741718267318.4001,1
1,1,block_2,2,Provo_ID7,3,1078535,1258031,1,gaze_data,1741718267400,-18.40357780456543,118.52457704357883,1741718267360.9001,1
1,1,block_2,2,Provo_ID7,3,1078535,1258031,1,gaze_data,1741718267440,46.880173683166504,81.13135215775827,1741718267393.9001,1
1,1,block_2,2,Provo_ID7,3,1078535,1258031,1,gaze_data,1741718267474,158.18731784820557,119.03559918517405,1741718267426,1
1,1,block_2,2,Provo_ID7,3,1078535,1258031,1,gaze_data,1741718267509,161.20147705078125,134.1720961696931,1741718267459.1,1
1,1,block_2,2,Provo_ID7,3,1078535,1258031,1,gaze_data,1741718267546,141.70169830322266,95.74450908669164,1741718267493.1,1
1,1,block_2,2,Provo_ID7,3,1078535,1258031,1,gaze_data,1741718267566,148.58453273773193,102.75726732100944,1741718267521.2002,1
1,1,block_2,2,Provo_ID7,3,1078535,1258031,1,gaze_data,1741718267595,167.5816774368286,103.13670226653589,1741718267554,1
1,1,block_2,2,Provo_ID7,3,1078535,1258031,1,gaze_data,1741718267631,315.0839924812317,98.95799516855766,1741718267587.2002,1
1,1,block_2,2,Provo_ID7,3,1078535,1258031,1,gaze_data,1741718267676,383.2397371530533,100.61358536660283,1741718267620.1,1
1,1,block_2,2,Provo_ID7,3,1078535,1258031,1,gaze_data,1741718267698,412.60809749364853,102.31593746425273,1741718267650.6,1
1,1,block_2,2,Provo_ID7,3,1078535,1258031,1,gaze_data,1741718267727,430.8452993631363,106.9645722362328,1741718267682.1,1
1,1,block_2,2,Provo_ID7,3,1078535,1258031,1,gaze_data,1741718267769,430.3598612546921,108.95595591911267,1741718267730.6,1
1,1,block_2,2,Provo_ID7,3,1078535,1258031,1,gaze_data,1741718267810,475.7830739021301,114.01356181974266,1741718267762.8,1
1,1,block_2,2,Provo_ID7,3,1078535,1258031,1,gaze_data,1741718267839,487.16845512390137,98.59645620085412,1741718267794.9001,1
1,1,block_2,2,Provo_ID7,3,1078535,1258031,1,gaze_data,1741718267860,489.3076717853546,101.41197833477028,1741718267826.1,1
1,1,block_2,2,Provo_ID7,3,1078535,1258031,1,gaze_data,1741718267895,524.9175906181335,107.11907492283885,1741718267856.8,1
1,1,block_2,2,Provo_ID7,3,1078535,1258031,1,gaze_data,1741718267940,520.8590149879456,111.50506406440653,1741718267889.2002,1
1,1,block_2,2,Provo_ID7,3,1078535,1258031,1,gaze_data,1741718267962,297.7609395980835,131.8770766516828,1741718267922.6,1
1,1,block_2,2,Provo_ID7,3,1078535,1258031,1,gaze_data,1741718268008,69.02999877929688,210.16857339606625,1741718267955.6,1
1,1,block_2,2,Provo_ID7,3,1078535,1258031,1,gaze_data,1741718268042,-4.687023162841797,229.1174954809491,1741718267986.5,0.9681629935809228
1,1,block_2,2,Provo_ID7,3,1078535,1258031,1,gaze_data,1741718268060,-6.770515441894531,223.3020613871014,1741718268017.7002,0.9681629935809228
1,1,block_2,2,Provo_ID7,3,1078535,1258031,1,gaze_data,1741718268097,32.874131202697754,196.38459584200976,1741718268066.6,1
1,1,block_2,2,Provo_ID7,3,1078535,1258031,1,gaze_data,1741718268143,30.24904727935791,197.19690418036538,1741718268098.2002,1
1,1,block_2,2,Provo_ID7,3,1078535,1258031,1,gaze_data,1741718268176,26.178336143493652,198.2144204758253,1741718268130.7002,1
1,1,block_2,2,Provo_ID7,3,1078535,1258031,1,gaze_data,1741718268204,24.233031272888184,195.13051825335123,1741718268164.3,1
1,1,block_2,2,Provo_ID7,3,1078535,1258031,1,gaze_data,1741718268244,41.112589836120605,205.52988176490635,1741718268195.9001,1
1,1,block_2,2,Provo_ID7,3,1078535,1258031,1,gaze_data,1741718268274,118.07904243469238,187.80892593483088,1741718268225.9001,1
1,1,block_2,2,Provo_ID7,3,1078535,1258031,1,gaze_data,1741718268303,205.145525932312,199.48545381459135,1741718268257.6,1
1,1,block_2,2,Provo_ID7,3,1078535,1258031,1,gaze_data,1741718268346,183.8477373123169,200.67851527911205,1741718268291.3,1
1,1,block_2,2,Provo_ID7,3,1078535,1258031,1,gaze_data,1741718268366,328.56260538101196,187.46864169900692,1741718268324.3,1
1,1,block_2,2,Provo_ID7,3,1078535,1258031,1,gaze_data,1741718268392,373.9761769771576,185.46455284002803,1741718268353.3,1
1,1,block_2,2,Provo_ID7,3,1078535,1258031,1,gaze_data,1741718268444,362.69039809703827,222.72857926672813,1741718268387.1,0.9934223837551182
1,1,block_2,2,Provo_ID7,3,1078535,1258031,1,gaze_data,1741718268471,366.7965739965439,227.86225610596497,1741718268435.8,0.9934223837551182
1,1,block_2,2,Provo_ID7,3,1078535,1258031,1,gaze_data,1741718268519,360.4075759649277,236.32727145114328,1741718268468.9001,0.8964248866776297
1,1,block_2,2,Provo_ID7,3,1078535,1258031,1,gaze_data,1741718268549,371.9673305749893,236.1613761835657,1741718268499.6,0.9635256941043413
1,1,block_2,2,Provo_ID7,3,1078535,1258031,1,gaze_data,1741718268576,387.68032416701317,211.8503084410297,1741718268531.8,0.9635256941043413
1,1,block_2,2,Provo_ID7,3,1078535,1258031,1,gaze_data,1741718268623,519.3552017211914,188.6408245227342,1741718268562.2002,0.9310479142113954
1,1,block_2,2,Provo_ID7,3,1078535,1258031,1,gaze_data,1741718268649,533.7460279464722,200.71802532336716,1741718268594.1,0.9115932807727622
1,1,block_2,2,Provo_ID7,3,1078535,1258031,1,gaze_data,1741718268673,544.911515712738,197.63556230094065,1741718268627.3,0.9115932807727622
1,1,block_2,2,Provo_ID7,3,1078535,1258031,1,gaze_data,1741718268716,552.9769539833069,201.11063090425768,1741718268657.9001,0.9394247232867854
1,1,block_2,2,Provo_ID7,3,1078535,1258031,1,gaze_data,1741718268736,549.1816639900208,196.56435062466372,1741718268691.4001,0.9394247232867854
1,1,block_2,2,Provo_ID7,3,1078535,1258031,1,gaze_data,1741718268778,368.3830499649048,225.7523590468533,1741718268723.7002,1
1,1,block_2,2,Provo_ID7,3,1078535,1258031,1,gaze_data,1741718268817,81.101393699646,327.20223879865864,1741718268770.8,0.7483786731382007
1,1,block_2,2,Provo_ID7,3,1078535,1258031,1,gaze_data,1741718268853,59.95585918426514,319.84399807944476,1741718268802.4001,0.7563415195586887
1,1,block_2,2,Provo_ID7,3,1078535,1258031,1,gaze_data,1741718268880,52.88546085357666,313.73740338968867,1741718268834.2002,0.7563415195586887
1,1,block_2,2,Provo_ID7,3,1078535,1258031,1,gaze_data,1741718268919,80.99486827850342,294.4898733606566,1741718268866.5,0.7243777682505685
1,1,block_2,2,Provo_ID7,3,1078535,1258031,1,gaze_data,1741718268963,67.51785278320312,300.4296474498161,1741718268897.3,0.8339071875661624
1,1,block_2,2,Provo_ID7,3,1078535,1258031,1,gaze_data,1741718268991,75.29044151306152,310.1822851019671,1741718268962.3,0.8339071875661624
1,1,block_2,2,Provo_ID7,3,1078535,1258031,1,gaze_data,1741718269026,115.29948711395264,275.4687054814072,1741718268994.3,0.8432004899335378
1,1,block_2,2,Provo_ID7,3,1078535,1258031,1,gaze_data,1741718269043,400.9155726991594,257.3942891946325,1741718269026.7002,0.8432004899335378
1,1,block_2,2,Provo_ID7,3,1078535,1258031,1,gaze_data,1741718269077,419.47243958711624,245.96276603913876,1741718269058.3,0.9146479900684263
1,1,block_2,2,Provo_ID7,3,1078535,1258031,1,gaze_data,1741718269127,417.8720563650131,274.14969818711023,1741718269091.1,0.8483593480051028
1,1,block_2,2,Provo_ID7,3,1078535,1258031,1,gaze_data,1741718269187,440.11070132255554,279.4086654894781,1741718269139.8,1
1,1,block_2,2,Provo_ID7,3,1078535,1258031,1,gaze_data,1741718269211,442.0425355434418,285.6660391917198,1741718269172.4001,0.9541082040420324
1,1,block_2,2,Provo_ID7,3,1078535,1258031,1,gaze_data,1741718269240,449.23092126846313,295.33456649283784,1741718269200.8,0.9541082040420324
1,1,block_2,2,Provo_ID7,3,1078535,1258031,1,gaze_data,1741718269279,452.3524224758148,306.39275408101446,1741718269234.5,0.9381073510403677
1,1,block_2,2,Provo_ID7,3,1078535,1258031,1,gaze_data,1741718269322,450.8740782737732,311.98373906265886,1741718269265.8,0.8314430497252708
1,1,block_2,2,Provo_ID7,3,1078535,1258031,1,gaze_data,1741718269342,506.40560388565063,286.6945328784868,1741718269297.8,0.8884343289826905
1,1,block_2,2,Provo_ID7,3,1078535,1258031,1,gaze_data,1741718269375,506.3351273536682,281.02555181871526,1741718269329.8,0.8884343289826905
1,1,block_2,2,Provo_ID7,3,1078535,1258031,1,gaze_data,1741718269419,535.4554057121277,296.06216496862714,1741718269365.2002,0.7758253764390926
1,1,block_2,2,Provo_ID7,3,1078535,1258031,1,gaze_data,1741718269454,537.7166748046875,299.3725633931522,1741718269394.5,0.7463791144204629
1,1,block_2,2,Provo_ID7,3,1078535,1258031,1,gaze_data,1741718269481,537.1515393257141,297.258663384361,1741718269427.2002,0.7463791144204629
1,1,block_2,2,Provo_ID7,3,1078535,1258031,1,gaze_data,1741718269520,489.790278673172,306.1013840284368,1741718269474.2002,0.7335261038996543
1,1,block_2,2,Provo_ID7,3,1078535,1258031,1,gaze_data,1741718269552,207.52639770507812,361.6755669649666,1741718269505.3,0.6411811073094039
1,1,block_2,2,Provo_ID7,3,1078535,1258031,1,gaze_data,1741718269578,90.59805870056152,405.4823438929891,1741718269537.8,0.6411811073094039
1,1,block_2,2,Provo_ID7,3,1078535,1258031,1,gaze_data,1741718269607,127.39171981811523,373.34515950167776,1741718269570.4001,0.44894621434926874
1,1,block_2,2,Provo_ID7,3,1078535,1258031,1,gaze_data,1741718269637,118.25497150421143,378.7696590133965,1741718269603.9001,0.44894621434926874
1,1,block_2,2,Provo_ID7,3,1078535,1258031,1,gaze_data,1741718269674,139.8157835006714,379.47615915161924,1741718269634.2002,0.5345324990215824
1,1,block_2,2,Provo_ID7,3,1078535,1258031,1,gaze_data,1741718269703,114.11993503570557,377.34164488289724,1741718269667.9001,0.588212208457408
1,1,block_2,2,Provo_ID7,3,1078535,1258031,1,gaze_data,1741718269737,116.05594158172607,382.4241174793037,1741718269699.1,0.588212208457408
1,1,block_2,2,Provo_ID7,3,1078535,1258031,1,gaze_data,1741718269785,352.070489525795,359.87082127635233,1741718269731.3,0.6623016873661136
1,1,block_2,2,Provo_ID7,3,1078535,1258031,1,gaze_data,1741718269819,346.87286615371704,361.93872646240766,1741718269763.2002,0.6524148004431299
1,1,block_2,2,Provo_ID7,3,1078535,1258031,1,gaze_data,1741718269849,352.93818414211273,373.3026798273115,1741718269793.7002,0.5139048452084901
1,1,block_2,2,Provo_ID7,3,1078535,1258031,1,gaze_data,1741718269884,358.7513953447342,373.8037969957463,1741718269841.7002,0.5139048452084901
1,1,block_2,2,Provo_ID7,3,1078535,1258031,1,gaze_data,1741718269913,362.4862611293793,382.08766118047555,1741718269876.5,0.5917685737730216
1,1,block_2,2,Provo_ID7,3,1078535,1258031,1,gaze_data,1741718269949,363.949453830719,382.58988055645,1741718269909.2002,0.5917685737730216
1,1,block_2,2,Provo_ID7,3,1078535,1258031,1,gaze_data,1741718269979,370.91189324855804,396.3835461796494,1741718269937.4001,0.5346115116527358
1,1,block_2,2,Provo_ID7,3,1078535,1258031,1,gaze_data,1741718270022,381.20969384908676,383.91562770090496,1741718269969.1,0.5943951315436906
1,1,block_2,2,Provo_ID7,3,1078535,1258031,1,gaze_data,1741718270055,376.8870234489441,398.6985990644277,1741718270002.3,0.6310872657233006
1,1,block_2,2,Provo_ID7,3,1078535,1258031,1,gaze_data,1741718270086,367.09098517894745,392.0996527351164,1741718270036,0.6310872657233006
1,1,block_2,2,Provo_ID7,3,1078535,1258031,1,gaze_data,1741718270124,374.4718670845032,380.646778032216,1741718270068.9001,0.5628744098323395
1,1,block_2,2,Provo_ID7,3,1078535,1258031,1,gaze_data,1741718270155,261.65751218795776,190.3517336235129,1741718270097,0.5903174391420202
1,1,block_2,2,Provo_ID7,3,1078535,1258031,1,gaze_data,1741718270183,217.74120330810547,102.28154561007618,1741718270130.7002,0.5903174391420202
1,1,block_2,2,Provo_ID7,3,1078535,1258031,1,gaze_data,1741718270214,91.08824729919434,93.38700631694007,1741718270181,0.27564351893430145
1,1,block_2,2,Provo_ID7,3,1078535,1258031,1,gaze_data,1741718270244,91.8952465057373,109.75372331002788,1741718270211.3,0.27564351893430145
1,1,block_2,2,Provo_ID7,3,1078535,1258031,1,gaze_data,1741718270284,66.14482402801514,93.58921671637744,1741718270243.3,0.8462020945558957
1,1,block_2,2,Provo_ID7,3,1078535,1258031,1,gaze_data,1741718270315,31.799769401550293,123.61892071308128,1741718270274.3,0.9575988829956468
1,1,block_2,2,Provo_ID7,3,1078535,1258031,1,gaze_data,1741718270344,27.916955947875977,121.91005963306883,1741718270307.5,0.9575988829956468
1,1,block_2,2,Provo_ID7,3,1078535,1258031,1,gaze_data,1741718270386,-3.3575057983398438,112.29727573353401,1741718270339.6,0.9669473988163273
1,1,block_2,2,Provo_ID7,3,1078535,1258031,1,gaze_data,1741718270427,8.260226249694824,112.39125382098614,1741718270370,1
1,1,block_2,2,Provo_ID7,3,1078535,1258031,1,gaze_data,1741718270440,2.9237985610961914,111.07162094943693,1741718270402.4001,1
1,1,block_2,2,Provo_ID7,3,1078535,1258031,1,gaze_data,1741718270483,6.963062286376953,134.49499829472276,1741718270435.4001,0.9949947996367894
1,1,block_2,2,Provo_ID7,3,1078535,1258031,1,gaze_data,1741718270524,1.1756181716918945,159.3641368013659,1741718270467.1,1
1,1,block_2,2,Provo_ID7,3,1078535,1258031,1,gaze_data,1741718270561,23.53365421295166,130.98084786967445,1741718270498.6,1
1,1,block_2,2,Provo_ID7,3,1078535,1258031,1,gaze_data,1741718270586,26.440978050231934,142.7761218552993,1741718270546,1
1,1,block_2,2,Provo_ID7,3,1078535,1258031,1,gaze_data,1741718270622,68.1607723236084,61.18970693062805,1741718270579.4001,1
1,1,block_2,2,Provo_ID7,3,1078535,1258031,1,gaze_data,1741718270656,273.6345410346985,105.92414045023556,1741718270609,1
1,1,block_2,2,Provo_ID7,3,1078535,1258031,1,gaze_data,1741718270680,286.68545484542847,115.83262131167596,1741718270641.3,1
1,1,block_2,2,Provo_ID7,3,1078535,1258031,1,gaze_data,1741718270722,305.5650234222412,105.38571206711379,1741718270674.5,1
1,1,block_2,2,Provo_ID7,3,1078535,1258031,1,gaze_data,1741718270744,306.46945238113403,106.42358196531615,1741718270706.4001,1
1,1,block_2,2,Provo_ID7,3,1078535,1258031,1,gaze_data,1741718270790,298.02883863449097,108.05928774355807,1741718270739.7002,1
1,1,block_2,2,Provo_ID7,3,1078535,1258031,1,gaze_data,1741718270827,313.5255813598633,97.19343537105138,1741718270770.6,1
1,1,block_2,2,Provo_ID7,3,1078535,1258031,1,gaze_data,1741718270854,339.3566131591797,75.34437531245763,1741718270804.1,1
1,1,block_2,2,Provo_ID7,3,1078535,1258031,1,gaze_data,1741718270894,429.46211099624634,104.2778370954468,1741718270836.1,1
1,1,block_2,2,Provo_ID7,3,1078535,1258031,1,gaze_data,1741718270926,462.6554250717163,129.1734956091759,1741718270881.4001,1
1,1,block_2,2,Provo_ID7,3,1078535,1258031,1,gaze_data,1741718270957,468.00931692123413,126.60839800720876,1741718270913.4001,1
1,1,block_2,2,Provo_ID7,3,1078535,1258031,1,gaze_data,1741718270990,465.84669947624207,114.55379246113874,1741718270948.6,1
1,1,block_2,2,Provo_ID7,3,1078535,1258031,1,gaze_data,1741718271013,471.65170311927795,119.0630947948795,1741718270978.6,1
1,1,block_2,2,Provo_ID7,3,1078535,1258031,1,gaze_data,1741718271047,474.195396900177,114.82265662733231,1741718271009.5,1
1,1,block_2,2,Provo_ID7,3,1078535,1258031,1,gaze_data,1741718271083,249.72639083862305,124.04976470351478,1741718271042.2002,1
1,1,block_2,2,Provo_ID7,3,1078535,1258031,1,gaze_data,1741718271127,15.581679344177246,181.4745950595417,1741718271074.4001,0.8771192307130504
1,1,block_2,2,Provo_ID7,3,1078535,1258031,1,gaze_data,1741718271156,18.401408195495605,196.15605534286664,1741718271105.9001,1
1,1,block_2,2,Provo_ID7,3,1078535,1258031,1,gaze_data,1741718271189,16.467666625976562,192.20450726093284,1741718271139.1,1
1,1,block_2,2,Provo_ID7,3,1078535,1258031,1,gaze_data,1741718271220,18.126487731933594,193.63010845060202,1741718271170.6,1
1,1,block_2,2,Provo_ID7,3,1078535,1258031,1,gaze_data,1741718271248,5.922603607177734,203.14355403378832,1741718271203.2002,1
1,1,block_2,2,Provo_ID7,3,1078535,1258031,1,gaze_data,1741718271275,11.469292640686035,212.01253961327276,1741718271248.9001,1
1,1,block_2,2,Provo_ID7,3,1078535,1258031,1,gaze_data,1741718271305,10.880374908447266,221.31642240247086,1741718271281.1,1
1,1,block_2,2,Provo_ID7,3,1078535,1258031,1,gaze_data,1741718271339,8.885526657104492,214.87654677699288,1741718271312.7002,1
1,1,block_2,2,Provo_ID7,3,1078535,1258031,1,gaze_data,1741718271384,155.53665161132812,153.3165548990709,1741718271345.7002,1
1,1,block_2,2,Provo_ID7,3,1078535,1258031,1,gaze_data,1741718271417,284.91783142089844,195.78583276711421,1741718271378.8,1
1,1,block_2,2,Provo_ID7,3,1078535,1258031,1,gaze_data,1741718271452,257.2716236114502,194.97726672124966,1741718271409.5,1
1,1,block_2,2,Provo_ID7,3,1078535,1258031,1,gaze_data,1741718271481,285.7622981071472,194.9039810908849,1741718271441.8,1
1,1,block_2,2,Provo_ID7,3,1078535,1258031,1,gaze_data,1741718271513,278.94139289855957,198.9958223189811,1741718271475,1
1,1,block_2,2,Provo_ID7,3,1078535,1258031,1,gaze_data,1741718271550,303.51789593696594,197.41883329610764,1741718271504.1,1
1,1,block_2,2,Provo_ID7,3,1078535,1258031,1,gaze_data,1741718271574,337.7407133579254,180.92590795421808,1741718271538.2002,1
1,1,block_2,2,Provo_ID7,3,1078535,1258031,1,gaze_data,1741718271624,433.2869440317154,180.3158584230634,1741718271587.2002,1
1,1,block_2,2,Provo_ID7,3,1078535,1258031,1,gaze_data,1741718271653,430.2031546831131,169.23821836128153,1741718271619.5,1
1,1,block_2,2,Provo_ID7,3,1078535,1258031,1,gaze_data,1741718271684,464.2593562602997,191.6456284595415,1741718271649.4001,1
1,1,block_2,2,Provo_ID7,3,1078535,1258031,1,gaze_data,1741718271714,476.6091227531433,194.55109035632614,1741718271680.8,1
1,1,block_2,2,Provo_ID7,3,1078535,1258031,1,gaze_data,1741718271743,476.26808285713196,189.7302673075049,1741718271714.9001,1
1,1,block_2,2,Provo_ID7,3,1078535,1258031,1,gaze_data,1741718271789,483.52887630462646,193.98681036562309,1741718271745.1,1
1,1,block_2,2,Provo_ID7,3,1078535,1258031,1,gaze_data,1741718271817,483.1375062465668,196.28994004586772,1741718271777.4001,1
1,1,block_2,2,Provo_ID7,3,1078535,1258031,1,gaze_data,1741718271843,479.4796824455261,203.57188826786464,1741718271810.7002,1
1,1,block_2,2,Provo_ID7,3,1078535,1258031,1,gaze_data,1741718271877,434.0411365032196,210.9475650911476,1741718271842,1
1,1,block_2,2,Provo_ID7,3,1078535,1258031,1,gaze_data,1741718271911,452.53303050994873,200.3177452501144,1741718271874.1,1
1,1,block_2,2,Provo_ID7,3,1078535,1258031,1,gaze_data,1741718271942,426.2095481157303,191.8466249412156,1741718271906.7002,0.998386938155849
1,1,block_2,2,Provo_ID7,3,1078535,1258031,1,gaze_data,1741718271986,433.38030874729156,194.13255497069784,1741718271953.6,1
1,1,block_2,2,Provo_ID7,3,1078535,1258031,1,gaze_data,1741718272019,522.1807241439819,187.29706224288444,1741718271986.8,1
1,1,block_2,2,Provo_ID7,3,1078535,1258031,1,gaze_data,1741718272057,598.4476923942566,181.37427555506244,1741718272017.8,1
1,1,block_2,2,Provo_ID7,3,1078535,1258031,1,gaze_data,1741718272088,602.5408029556274,185.47475943079223,1741718272050.6,0.8739871013116756
1,1,block_2,2,Provo_ID7,3,1078535,1258031,1,gaze_data,1741718272122,600.3244400024414,184.397109521961,1741718272080.5,0.9583167217230457
1,1,block_2,2,Provo_ID7,3,1078535,1258031,1,gaze_data,1741718272154,611.697268486023,195.03738730176153,1741718272112.7002,0.9391139824363282
1,1,block_2,2,Provo_ID7,3,1078535,1258031,1,gaze_data,1741718272190,608.6282014846802,194.50589239985203,1741718272144.7002,1
1,1,block_2,2,Provo_ID7,3,1078535,1258031,1,gaze_data,1741718272219,591.1838531494141,196.75163467638922,1741718272177.8,0.9245003351081622
1,1,block_2,2,Provo_ID7,3,1078535,1258031,1,gaze_data,1741718272245,319.7020888328552,238.8879025060029,1741718272209.8,0.9245003351081622
1,1,block_2,2,Provo_ID7,3,1078535,1258031,1,gaze_data,1741718272284,63.80202770233154,346.1187714351232,1741718272241.6,0.889029735580313
1,1,block_2,2,Provo_ID7,3,1078535,1258031,1,gaze_data,1741718272334,51.79417133331299,312.1652979654242,1741718272290.3,0.87772835167336
1,1,block_2,2,Provo_ID7,3,1078535,1258031,1,gaze_data,1741718272359,32.96248912811279,315.681690042293,1741718272322.3,0.8505057986441665
1,1,block_2,2,Provo_ID7,3,1078535,1258031,1,gaze_data,1741718272390,26.66800022125244,318.80069161702653,1741718272353,0.8505057986441665
1,1,block_2,2,Provo_ID7,3,1078535,1258031,1,gaze_data,1741718272414,46.79615497589111,313.0736435830205,1741718272385.6,0.8328006183632911
1,1,block_2,2,Provo_ID7,3,1078535,1258031,1,gaze_data,1741718272447,42.43650436401367,324.2033927404441,1741718272417,0.976974642533111
1,1,block_2,2,Provo_ID7,3,1078535,1258031,1,gaze_data,1741718272480,25.89101791381836,321.9855277502097,1741718272449.1,1
1,1,block_2,2,Provo_ID7,3,1078535,1258031,1,gaze_data,1741718272520,18.367886543273926,312.60272541170264,1741718272482.5,0.9479286598608847
1,1,block_2,2,Provo_ID7,3,1078535,1258031,1,gaze_data,1741718272557,11.236429214477539,317.1547382876051,1741718272514,1
1,1,block_2,2,Provo_ID7,3,1078535,1258031,1,gaze_data,1741718272595,5.495619773864746,310.22257525595046,1741718272545.2002,1
1,1,block_2,2,Provo_ID7,3,1078535,1258031,1,gaze_data,1741718272614,2.136850357055664,325.56230292661587,1741718272578,1
1,1,block_2,2,Provo_ID7,3,1078535,1258031,1,gaze_data,1741718272649,1.1900901794433594,330.18334527336333,1741718272609.7002,1
1,1,block_2,2,Provo_ID7,3,1078535,1258031,1,gaze_data,1741718272688,8.315110206604004,325.5876760420727,1741718272658.4001,1
1,1,block_2,2,Provo_ID7,3,1078535,1258031,1,gaze_data,1741718272724,-7.847261428833008,340.5190953980816,1741718272691.1,0.9998572460453761
1,1,block_2,2,Provo_ID7,3,1078535,1258031,1,gaze_data,1741718272757,-6.19659423828125,331.7661599843983,1741718272720.2002,1
1,1,block_2,2,Provo_ID7,3,1078535,1258031,1,gaze_data,1741718272797,-5.743980407714844,324.76615161026893,1741718272752.5,1
1,1,block_2,2,Provo_ID7,3,1078535,1258031,1,gaze_data,1741718272825,5.120754241943359,330.4381562934263,1741718272785.9001,1
1,1,block_2,2,Provo_ID7,3,1078535,1258031,1,gaze_data,1741718272846,110.27975082397461,320.96303662612485,1741718272817.4001,1
1,1,block_2,2,Provo_ID7,3,1078535,1258031,1,gaze_data,1741718272891,116.1628007888794,320.429612861021,1741718272850.3,1
1,1,block_2,2,Provo_ID7,3,1078535,1258031,1,gaze_data,1741718272935,95.95906734466553,322.63770693036327,1741718272885,0.9648176261292227
1,1,block_2,2,Provo_ID7,3,1078535,1258031,1,gaze_data,1741718272962,58.00361633300781,316.46249982126363,1741718272913.7002,0.99396678294737
1,1,block_2,2,Provo_ID7,3,1078535,1258031,1,gaze_data,1741718272986,-11.485576629638672,354.43013122955784,1741718272945.6,0.99396678294737
1,1,block_2,2,Provo_ID7,3,1078535,1258031,1,gaze_data,1741718273026,-8.253812789916992,357.91860319787145,1741718272977.7002,0.9850711317906478
1,1,block_2,2,Provo_ID7,3,1078535,1258031,1,gaze_data,1741718273056,-0.5641460418701172,332.2452553440847,1741718273026.7002,0.9305070169481896
1,1,block_2,2,Provo_ID7,3,1078535,1258031,1,gaze_data,1741718273089,7.155442237854004,336.1456103542104,1741718273058.5,0.9305070169481896
1,1,block_2,2,Provo_ID7,3,1078535,1258031,1,gaze_data,1741718273120,185.8339786529541,283.1510994801552,1741718273089.2002,0.9556046151971742
1,1,block_2,2,Provo_ID7,3,1078535,1258031,1,gaze_data,1741718273150,204.90505695343018,296.7338338591272,1741718273121.7002,0.8379056400973021
1,1,block_2,2,Provo_ID7,3,1078535,1258031,1,gaze_data,1741718273191,177.35412120819092,304.12534188293324,1741718273153.6,0.8645680496606727
1,1,block_2,2,Provo_ID7,3,1078535,1258031,1,gaze_data,1741718273225,185.10370254516602,307.339066279943,1741718273186.4001,0.7785662865060785
1,1,block_2,2,Provo_ID7,3,1078535,1258031,1,gaze_data,1741718273261,185.31816005706787,306.0708499006491,1741718273220.1,0.7785662865060785
1,1,block_2,2,Provo_ID7,3,1078535,1258031,1,gaze_data,1741718273292,195.6843137741089,314.6718966469589,1741718273249.6,0.8040591930762053
1,1,block_2,2,Provo_ID7,3,1078535,1258031,1,gaze_data,1741718273315,210.33855676651,312.8116533192533,1741718273283.4001,0.7707217916071247
1,1,block_2,2,Provo_ID7,3,1078535,1258031,1,gaze_data,1741718273356,207.20744132995605,315.54238739344663,1741718273314.1,0.8064237027765051
1,1,block_2,2,Provo_ID7,3,1078535,1258031,1,gaze_data,1741718273382,201.03414058685303,315.38918799278275,1741718273362,0.8064237027765051
1,1,block_2,2,Provo_ID7,3,1078535,1258031,1,gaze_data,1741718273439,206.20497465133667,312.94890049998514,1741718273395.5,0.7803333023974801
1,1,block_2,2,Provo_ID7,3,1078535,1258031,1,gaze_data,1741718273465,302.4141788482666,313.3447568483829,1741718273426.1,0.7803333023974801
1,1,block_2,2,Provo_ID7,3,1078535,1258031,1,gaze_data,1741718273502,295.75469493865967,326.79416135179764,1741718273460.2002,0.7689269207317356
1,1,block_2,2,Provo_ID7,3,1078535,1258031,1,gaze_data,1741718273535,347.8369116783142,339.1477555876957,1741718273489.9001,0.8637794756985611
1,1,block_2,2,Provo_ID7,3,1078535,1258031,1,gaze_data,1741718273559,404.19535636901855,314.459654669441,1741718273522,0.8637794756985611
1,1,block_2,2,Provo_ID7,3,1078535,1258031,1,gaze_data,1741718273595,411.4647850394249,296.8006812569376,1741718273554.9001,0.5614733569511797
1,1,block_2,2,Provo_ID7,3,1078535,1258031,1,gaze_data,1741718273638,422.8197991847992,320.03887284086477,1741718273585.5,0.5560742784332235
1,1,block_2,2,Provo_ID7,3,1078535,1258031,1,gaze_data,1741718273660,437.5477373600006,320.8418757175934,1741718273618.2002,0.5560742784332235
1,1,block_2,2,Provo_ID7,3,1078535,1258031,1,gaze_data,1741718273703,362.80811727046967,316.65656282172546,1741718273652.3,0.6691049980594367
1,1,block_2,2,Provo_ID7,3,1078535,1258031,1,gaze_data,1741718273736,206.78117275238037,346.16980066527,1741718273681.5,0.5629804164541722
1,1,block_2,2,Provo_ID7,3,1078535,1258031,1,gaze_data,1741718273772,205.68130016326904,341.60563371703836,1741718273729.1,0.5629804164541722
1,1,block_2,2,Provo_ID7,3,1078535,1258031,1,gaze_data,1741718273803,222.64329195022583,314.13100319156933,1741718273761.1,0.5770170681310103
1,1,block_2,2,Provo_ID7,3,1078535,1258031,1,gaze_data,1741718273836,221.91314697265625,312.46860611723196,1741718273795.3,0.5065414071093866
1,1,block_2,2,Provo_ID7,3,1078535,1258031,1,gaze_data,1741718273865,218.28844547271729,298.47837518456186,1741718273825.1,0.6274258252265628
1,1,block_2,2,Provo_ID7,3,1078535,1258031,1,gaze_data,1741718273893,183.44786167144775,317.691193123443,1741718273858.2002,0.6274258252265628
1,1,block_2,2,Provo_ID7,3,1078535,1258031,1,gaze_data,1741718273938,181.8706512451172,311.5658758002093,1741718273891.1,0.5830476429462738
1,1,block_2,2,Provo_ID7,3,1078535,1258031,1,gaze_data,1741718273978,174.04439449310303,309.5245129632846,1741718273922.1,0.5058493404355101
1,1,block_2,2,Provo_ID7,3,1078535,1258031,1,gaze_data,1741718273995,340.64319133758545,273.9690478608303,1741718273954.1,0.5058493404355101
1,1,block_2,2,Provo_ID7,3,1078535,1258031,1,gaze_data,1741718274034,402.67459861934185,283.1787068000843,1741718273987.5,0.6060980996948528
1,1,block_2,2,Provo_ID7,3,1078535,1258031,1,gaze_data,1741718274061,403.3102784305811,282.07739294221756,1741718274018,0.62787710762832
1,1,block_2,2,Provo_ID7,3,1078535,1258031,1,gaze_data,1741718274113,422.7729395031929,304.45660738003744,1741718274065.4001,0.7432709489325922
1,1,block_2,2,Provo_ID7,3,1078535,1258031,1,gaze_data,1741718274139,417.91761070489883,301.55647592275625,1741718274098,0.7432709489325922
1,1,block_2,2,Provo_ID7,3,1078535,1258031,1,gaze_data,1741718274164,412.785941362381,295.9385911192656,1741718274129.5,0.6916515388366963
1,1,block_2,2,Provo_ID7,3,1078535,1258031,1,gaze_data,1741718274203,424.1855576634407,298.6413306114213,1741718274162.2002,0.656380969678718
1,1,block_2,2,Provo_ID7,3,1078535,1258031,1,gaze_data,1741718274239,464.81428146362305,304.0196193273052,1741718274193.7002,0.7635641524322464
1,1,block_2,2,Provo_ID7,3,1078535,1258031,1,gaze_data,1741718274259,483.0559253692627,304.55439850978894,1741718274227.8,0.7635641524322464
1,1,block_2,2,Provo_ID7,3,1078535,1258031,1,gaze_data,1741718274307,492.90599822998047,287.40719942105306,1741718274258.4001,0.6961437484149174
1,1,block_2,2,Provo_ID7,3,1078535,1258031,1,gaze_data,1741718274337,521.9518542289734,289.8883430663003,1741718274290.6,0.8952432322004285
1,1,block_2,2,Provo_ID7,3,1078535,1258031,1,gaze_data,1741718274378,594.7964072227478,297.35189673698903,1741718274323.2002,0.8952432322004285
1,1,block_2,2,Provo_ID7,3,1078535,1258031,1,gaze_data,1741718274414,583.6580753326416,290.7127868586145,1741718274357,0.7263403243792932
1,1,block_2,2,Provo_ID7,3,1078535,1258031,1,gaze_data,1741718274440,584.876537322998,283.1226952939644,1741718274387.6,0.7263403243792932
1,1,block_2,2,Provo_ID7,3,1078535,1258031,1,gaze_data,1741718274469,594.7557926177979,293.57571881143235,1741718274433.8,0.6445312563096324
1,1,block_2,2,Provo_ID7,3,1078535,1258031,1,gaze_data,1741718274507,610.9847068786621,295.1258471110379,1741718274465.7002,0.6390586438180896
1,1,block_2,2,Provo_ID7,3,1078535,1258031,1,gaze_data,1741718274544,453.32126021385193,303.30544842039427,1741718274497.9001,0.7148961634729344
1,1,block_2,2,Provo_ID7,3,1078535,1258031,1,gaze_data,1741718274571,116.88086986541748,405.3231195875983,1741718274532.8,0.7148961634729344
1,1,block_2,2,Provo_ID7,3,1078535,1258031,1,gaze_data,1741718274614,41.32530689239502,406.9556527954896,1741718274565.4001,0.40895674953334143
1,1,block_2,2,Provo_ID7,3,1078535,1258031,1,gaze_data,1741718274635,86.5480899810791,365.62205085009657,1741718274593.3,0.4753631813250109
1,1,block_2,2,Provo_ID7,3,1078535,1258031,1,gaze_data,1741718274662,78.36241722106934,366.5795862028242,1741718274625.9001,0.4753631813250109
1,1,block_2,2,Provo_ID7,3,1078535,1258031,1,gaze_data,1741718274708,75.16615390777588,371.6858754189051,1741718274658.1,0.5426643567871532
1,1,block_2,2,Provo_ID7,3,1078535,1258031,1,gaze_data,1741718274746,56.58211708068848,393.0800514469436,1741718274690.2002,0.6044144497711853
1,1,block_2,2,Provo_ID7,3,1078535,1258031,1,gaze_data,1741718274771,25.16031265258789,397.5064275580218,1741718274721.5,0.639363999843816
1,1,block_2,2,Provo_ID7,3,1078535,1258031,1,gaze_data,1741718274794,14.458274841308594,398.37259884252984,1741718274769.9001,0.639363999843816
1,1,block_2,2,Provo_ID7,3,1078535,1258031,1,gaze_data,1741718274841,19.745182991027832,399.06996853180925,1741718274802.1,0.6257467187940756
1,1,block_2,2,Provo_ID7,3,1078535,1258031,1,gaze_data,1741718274880,20.382976531982422,388.3805661811746,1741718274834.3,0.6032970546664456
1,1,block_2,2,Provo_ID7,3,1078535,1258031,1,gaze_data,1741718274907,26.761507987976074,390.0123546542418,1741718274866,0.6032970546664456
1,1,block_2,2,Provo_ID7,3,1078535,1258031,1,gaze_data,1741718274937,207.010018825531,354.1906691942194,1741718274897.5,0.6588204225128584
1,1,block_2,2,Provo_ID7,3,1078535,1258031,1,gaze_data,1741718274973,193.42212677001953,379.68475937584736,1741718274930.5,0.6561141550392401
1,1,block_2,2,Provo_ID7,3,1078535,1258031,1,gaze_data,1741718275007,173.88076782226562,384.43753786562837,1741718274961.1,0.6282059610065155
1,1,block_2,2,Provo_ID7,3,1078535,1258031,1,gaze_data,1741718275039,174.60763454437256,390.5247620026098,1741718274995,0.6282059610065155
1,1,block_2,2,Provo_ID7,3,1078535,1258031,1,gaze_data,1741718275072,188.78049850463867,385.8232212687263,1741718275027.6,0.6911713537837191
1,1,block_2,2,Provo_ID7,3,1078535,1258031,1,gaze_data,1741718275099,187.40088939666748,385.91638759522016,1741718275058.7002,0.6911713537837191
1,1,block_2,2,Provo_ID7,3,1078535,1258031,1,gaze_data,1741718275133,187.23669052124023,387.35499185491796,1741718275091.1,0.5945683503421878
1,1,block_2,2,Provo_ID7,3,1078535,1258031,1,gaze_data,1741718275178,175.92394351959229,389.01734424516593,1741718275139.4001,0.6013150274999052
1,1,block_2,2,Provo_ID7,3,1078535,1258031,1,gaze_data,1741718275205,182.0373296737671,396.53434008683143,1741718275169.6,0.6013150274999052
1,1,block_2,2,Provo_ID7,3,1078535,1258031,1,gaze_data,1741718275236,173.23763370513916,388.3312498411232,1741718275201.8,0.5617606224215055
1,1,block_2,2,Provo_ID7,3,1078535,1258031,1,gaze_data,1741718275277,193.11063289642334,390.98150787022524,1741718275235.9001,0.5649006507806096
1,1,block_2,2,Provo_ID7,3,1078535,1258031,1,gaze_data,1741718275308,398.02335891872644,364.86666631802046,1741718275265.2002,0.6453154633443878
1,1,block_2,2,Provo_ID7,3,1078535,1258031,1,gaze_data,1741718275328,404.6987481415272,355.3610795490654,1741718275298,0.6453154633443878
1,1,block_2,2,Provo_ID7,3,1078535,1258031,1,gaze_data,1741718275376,384.34709906578064,371.69308445200227,1741718275330.6,0.5351881859299965
1,1,block_2,2,Provo_ID7,3,1078535,1258031,1,gaze_data,1741718275407,410.0118726491928,372.5525978071829,1741718275362,0.49333036229357785
1,1,block_2,2,Provo_ID7,3,1078535,1258031,1,gaze_data,1741718275435,418.53439062833786,378.6461968742586,1741718275394.5,0.49333036229357785
1,1,block_2,2,Provo_ID7,3,1078535,1258031,1,gaze_data,1741718275478,406.90884813666344,369.20295930477647,1741718275426.8,0.5701761116222931
1,1,block_2,2,Provo_ID7,3,1078535,1258031,1,gaze_data,1741718275501,405.68188838660717,375.76231553083903,1741718275475.6,0.5701761116222931
1,1,block_2,2,Provo_ID7,3,1078535,1258031,1,gaze_data,1741718275539,505.0230145454407,363.58493300166924,1741718275505.2002,0.5973691599836697
1,1,block_2,2,Provo_ID7,3,1078535,1258031,1,gaze_data,1741718275579,553.6098957061768,358.73916692175214,1741718275538.1,0.6507219699571951
1,1,block_2,2,Provo_ID7,3,1078535,1258031,1,gaze_data,1741718275607,578.7237167358398,374.2577873445126,1741718275570.1,0.4778244817264251
1,1,block_2,2,Provo_ID7,3,1078535,1258031,1,gaze_data,1741718275639,584.198522567749,378.55395401894657,1741718275601.5,0.4778244817264251
1,1,block_2,2,Provo_ID7,3,1078535,1258031,1,gaze_data,1741718275678,558.2277417182922,372.7543017869399,1741718275634.6,0.5044466853820732
1,1,block_2,2,Provo_ID7,3,1078535,1258031,1,gaze_data,1741718275709,568.2546138763428,389.6233200768328,1741718275665.6,0.48042550515973487
1,1,block_2,2,Provo_ID7,3,1078535,1258031,1,gaze_data,1741718275737,568.684709072113,394.9215125623856,1741718275697.2002,0.48042550515973487
1,1,block_2,2,Provo_ID7,3,1078535,1258031,1,gaze_data,1741718275775,572.2235679626465,370.20218491295674,1741718275731,0.4524164009825955
1,1,block_2,2,Provo_ID7,3,1078535,1258031,1,gaze_data,1741718275806,590.2717709541321,333.9625691643506,1741718275761.2002,0.43361724409155145
1,1,block_2,2,Provo_ID7,3,1078535,1258031,1,gaze_data,1741718275833,622.8971004486084,285.64371948904176,1741718275794.7002,0.43361724409155145
1,1,block_2,2,Provo_ID7,3,1078535,1258031,1,gaze_data,1741718275873,629.1129112243652,286.9570891407203,1741718275841.7002,0.41403629863186336
1,1,block_2,2,Provo_ID7,3,1078535,1258031,1,gaze_data,1741718275922,623.6935377120972,284.60039068457877,1741718275875,0.4308579143696719
1,1,block_2,2,Provo_ID7,3,1078535,1258031,1,gaze_data,1741718275946,623.2976675033569,290.9309718200286,1741718275905.6,0.5895300063844215
1,1,block_2,2,Provo_ID7,3,1078535,1258031,1,gaze_data,1741718275984,609.0116739273071,296.3860650383211,1741718275938.1,0.5895300063844215
1,1,block_2,2,Provo_ID7,3,1078535,1258031,1,gaze_data,1741718276021,614.9287700653076,294.1575726821469,1741718275969.8,0.6664217354300294
1,1,block_2,2,Provo_ID7,3,1078535,1258031,1,gaze_data,1741718276048,616.5189743041992,294.6758783303217,1741718276004.3,0.6664217354300294
1,1,block_2,2,Provo_ID7,3,1078535,1258031,1,gaze_data,1741718276084,611.696982383728,293.53478073815205,1741718276035,0.8260707741645309
1,1,block_2,2,Provo_ID7,3,1078535,1258031,1,gaze_data,1741718276110,614.6891117095947,283.5256191758427,1741718276065.3,0.8260707741645309
1,1,block_2,2,Provo_ID7,3,1078535,1258031,1,gaze_data,1741718276133,525.7746696472168,201.84668212030041,1741718276097.7002,0.7205863253681887
1,1,block_2,2,Provo_ID7,3,1078535,1258031,1,gaze_data,1741718276177,211.51931285858154,130.76738452704507,1741718276129.6,0.8300497028574955
1,1,block_2,2,Provo_ID7,3,1078535,1258031,1,gaze_data,1741718276222,57.057905197143555,154.8759179104952,1741718276177.8,0.44300004831513906
1,1,block_2,2,Provo_ID7,3,1078535,1258031,1,gaze_data,1741718276260,28.07936668395996,122.33924286484459,1741718276211.2002,0.48442607530126514
1,1,block_2,2,Provo_ID7,3,1078535,1258031,1,gaze_data,1741718276286,22.017264366149902,118.25271904339242,1741718276241.4001,0.48442607530126514
1,1,block_2,2,Provo_ID7,3,1078535,1258031,1,gaze_data,1741718276313,9.673428535461426,100.6612483953447,1741718276274.4001,1
1,1,block_2,2,Provo_ID7,3,1078535,1258031,1,gaze_data,1741718276346,-1.8278121948242188,105.21928617597402,1741718276307,1
1,1,block_2,2,Provo_ID7,3,1078535,1258031,1,gaze_data,1741718276375,-18.18370819091797,119.10031664138761,1741718276340,1
1,1,block_2,2,Provo_ID7,3,1078535,1258031,1,gaze_data,1741718276418,-7.182979583740234,112.45842145477096,1741718276371.7002,1
1,1,block_2,2,Provo_ID7,3,1078535,1258031,1,gaze_data,1741718276454,-4.864978790283203,100.3817494158631,1741718276402.5,1
1,1,block_2,2,Provo_ID7,3,1078535,1258031,1,gaze_data,1741718276478,62.24091053009033,113.45779600991602,1741718276434,1
1,1,block_2,2,Provo_ID7,3,1078535,1258031,1,gaze_data,1741718276514,141.7574644088745,114.3384449394044,1741718276467.1,1
1,1,block_2,2,Provo_ID7,3,1078535,1258031,1,gaze_data,1741718276556,108.74645709991455,120.05295163897269,1741718276501.1,1
1,1,block_2,2,Provo_ID7,3,1078535,1258031,1,gaze_data,1741718276599,110.01894474029541,105.06188647090225,1741718276547.1,1
1,1,block_2,2,Provo_ID7,3,1078535,1258031,1,gaze_data,1741718276621,111.88037395477295,98.55119121824583,1741718276578.3,1
1,1,block_2,2,Provo_ID7,3,1078535,1258031,1,gaze_data,1741718276647,123.38955402374268,83.65144543430551,1741718276609.7002,1
1,1,block_2,2,Provo_ID7,3,1078535,1258031,1,gaze_data,1741718276684,121.54507637023926,93.72586066190178,1741718276641.9001,1
1,1,block_2,2,Provo_ID7,3,1078535,1258031,1,gaze_data,1741718276721,288.2006287574768,130.51883672685273,1741718276673.4001,1
1,1,block_2,2,Provo_ID7,3,1078535,1258031,1,gaze_data,1741718276752,288.18286657333374,143.5454776126754,1741718276705.8,1
1,1,block_2,2,Provo_ID7,3,1078535,1258031,1,gaze_data,1741718276786,287.58987188339233,139.75719029887895,1741718276737.3,1
1,1,block_2,2,Provo_ID7,3,1078535,1258031,1,gaze_data,1741718276821,344.5857584476471,133.8881734653564,1741718276769,1
1,1,block_2,2,Provo_ID7,3,1078535,1258031,1,gaze_data,1741718276850,424.74487870931625,150.84270965509972,1741718276801.2002,0.9519593028004594
1,1,block_2,2,Provo_ID7,3,1078535,1258031,1,gaze_data,1741718276878,189.03818130493164,59.76035227744543,1741718276834.4001,0.9519593028004594
1,1,block_2,2,Provo_ID7,3,1078535,1258031,1,gaze_data,1741718276915,247.54517078399658,41.770552761384046,1741718276881.4001,0.04095690285727777
1,1,block_2,2,Provo_ID7,3,1078535,1258031,1,gaze_data,1741718276945,503.7222981452942,160.40387598397675,1741718276913.6,0
1,1,block_2,2,Provo_ID7,3,1078535,1258031,1,gaze_data,1741718276982,539.7408246994019,115.04458015756337,1741718276947.8,0
1,1,block_2,2,Provo_ID7,3,1078535,1258031,1,gaze_data,1741718277015,465.70414900779724,64.25268210454514,1741718276977.2002,0
1,1,block_2,2,Provo_ID7,3,1078535,1258031,1,gaze_data,1741718277051,496.2889492511749,85.27017125855816,1741718277009.6,0.20838101977126858
1,1,block_2,2,Provo_ID7,3,1078535,1258031,1,gaze_data,1741718277083,483.1310510635376,79.8108330517684,1741718277040.1,0.5948512821380695
1,1,block_2,2,Provo_ID7,3,1078535,1258031,1,gaze_data,1741718277113,474.90183115005493,80.13589490778793,1741718277073.9001,0.8494552989093728
1,1,block_2,2,Provo_ID7,3,1078535,1258031,1,gaze_data,1741718277147,460.3752613067627,61.408241917409505,1741718277104.3,1
1,1,block_2,2,Provo_ID7,3,1078535,1258031,1,gaze_data,1741718277181,470.7111418247223,74.81446669572347,1741718277136.6,0.9828483363518492
1,1,block_2,2,Provo_ID7,3,1078535,1258031,1,gaze_data,1741718277220,490.5743658542633,72.96079192916639,1741718277169.8,1
1,1,block_2,2,Provo_ID7,3,1078535,1258031,1,gaze_data,1741718277251,543.2302355766296,82.99688310271489,1741718277204,1
1,1,block_2,2,Provo_ID7,3,1078535,1258031,1,gaze_data,1741718277289,560.1282358169556,76.89903904714191,1741718277249.9001,1
1,1,block_2,2,Provo_ID7,3,1078535,1258031,1,gaze_data,1741718277310,591.4630055427551,86.70966920004491,1741718277282.4001,1
1,1,block_2,2,Provo_ID7,3,1078535,1258031,1,gaze_data,1741718277354,584.5141649246216,81.2294635234841,1741718277314.6,1
1,1,block_2,2,Provo_ID7,3,1078535,1258031,1,gaze_data,1741718277378,595.1682806015015,80.5382304491552,1741718277344.4001,1
1,1,block_2,2,Provo_ID7,3,1078535,1258031,1,gaze_data,1741718277414,604.784083366394,71.6247972335319,1741718277378,1
1,1,block_2,2,Provo_ID7,3,1078535,1258031,1,gaze_data,1741718277449,498.3142077922821,86.00873967830633,1741718277408.3,1
1,1,block_2,2,Provo_ID7,3,1078535,1258031,1,gaze_data,1741718277480,131.08642101287842,174.40309214229956,1741718277440.8,1
1,1,block_2,2,Provo_ID7,3,1078535,1258031,1,gaze_data,1741718277519,8.349204063415527,170.79622223165185,1741718277473.6,1
1,1,block_2,2,Provo_ID7,3,1078535,1258031,1,gaze_data,1741718277545,4.439115524291992,195.11747422290728,1741718277505.2002,1
1,1,block_2,2,Provo_ID7,3,1078535,1258031,1,gaze_data,1741718277585,20.317721366882324,169.52875058718203,1741718277539.1,0.9333622503510628
1,1,block_2,2,Provo_ID7,3,1078535,1258031,1,gaze_data,1741718277620,25.55091381072998,206.4832242605743,1741718277587,1
1,1,block_2,2,Provo_ID7,3,1078535,1258031,1,gaze_data,1741718277648,36.688828468322754,189.75331685031054,1741718277620,1
1,1,block_2,2,Provo_ID7,3,1078535,1258031,1,gaze_data,1741718277682,9.271693229675293,176.5742659827375,1741718277648.6,1
1,1,block_2,2,Provo_ID7,3,1078535,1258031,1,gaze_data,1741718277713,7.976031303405762,169.890550212074,1741718277680.6,1
1,1,block_2,2,Provo_ID7,3,1078535,1258031,1,gaze_data,1741718277751,13.031625747680664,191.36833761881334,1741718277713,1
1,1,block_2,2,Provo_ID7,3,1078535,1258031,1,gaze_data,1741718277794,-7.53779411315918,189.79954998819017,1741718277747.5,1
1,1,block_2,2,Provo_ID7,3,1078535,1258031,1,gaze_data,1741718277814,-0.22220611572265625,196.48827223870862,1741718277780.9001,1
1,1,block_2,2,Provo_ID7,3,1078535,1258031,1,gaze_data,1741718277845,-11.878108978271484,209.76484147690383,1741718277808.9001,1
1,1,block_2,2,Provo_ID7,3,1078535,1258031,1,gaze_data,1741718277880,30.88526725769043,155.67467579872644,1741718277841,1
1,1,block_2,2,Provo_ID7,3,1078535,1258031,1,gaze_data,1741718277918,174.09329414367676,170.47793373885744,1741718277873.5,1
1,1,block_2,2,Provo_ID7,3,1078535,1258031,1,gaze_data,1741718277951,157.22839832305908,155.19065029450456,1741718277905.2002,1
1,1,block_2,2,Provo_ID7,3,1078535,1258031,1,gaze_data,1741718277984,158.96289348602295,152.19441080817433,1741718277953.5,1
1,1,block_2,2,Provo_ID7,3,1078535,1258031,1,gaze_data,1741718278018,366.7603135108948,131.16578786854112,1741718277985.3,1
1,1,block_2,2,Provo_ID7,3,1078535,1258031,1,gaze_data,1741718278046,493.27441453933716,123.00280159311025,1741718278016.9001,0.9809780810359676
1,1,block_2,2,Provo_ID7,3,1078535,1258031,1,gaze_data,1741718278088,566.4992809295654,125.4807205365692,1741718278049.4001,1
1,1,block_2,2,Provo_ID7,3,1078535,1258031,1,gaze_data,1741718278121,543.9191818237305,105.80577229729444,1741718278082.6,1
1,1,block_2,2,Provo_ID7,3,1078535,1258031,1,gaze_data,1741718278151,564.6232604980469,109.71429704844047,1741718278115.9001,1
1,1,block_2,2,Provo_ID7,3,1078535,1258031,1,gaze_data,1741718278183,576.1805415153503,110.73991605878652,1741718278144.8,1
1,1,block_2,2,Provo_ID7,3,1078535,1258031,1,gaze_data,1741718278209,572.9053854942322,107.1037035960696,1741718278177,1
1,1,block_2,2,Provo_ID7,3,1078535,1258031,1,gaze_data,1741718278245,571.0294723510742,110.10433701786198,1741718278209,1
1,1,block_2,2,Provo_ID7,3,1078535,1258031,1,gaze_data,1741718278282,588.0773425102234,119.30967649513626,1741718278240.8,1
1,1,block_2,2,Provo_ID7,3,1078535,1258031,1,gaze_data,1741718278308,415.52223414182663,112.13654706379855,1741718278272.7002,1
1,1,block_2,2,Provo_ID7,3,1078535,1258031,1,gaze_data,1741718278347,179.4879913330078,204.52908290441022,1741718278320.2002,1
1,1,block_2,2,Provo_ID7,3,1078535,1258031,1,gaze_data,1741718278371,178.87964248657227,185.03369395489807,1741718278353.9001,1
1,1,block_2,2,Provo_ID7,3,1078535,1258031,1,gaze_data,1741718278417,152.45845317840576,155.368813206472,1741718278386.3,0.8914679055527288
1,1,block_2,2,Provo_ID7,3,1078535,1258031,1,gaze_data,1741718278451,185.88764667510986,169.761119023321,1741718278417.4001,0.8639935588855696
1,1,block_2,2,Provo_ID7,3,1078535,1258031,1,gaze_data,1741718278480,166.24047756195068,176.1783463318798,1741718278449.2002,0.9328978631781388
1,1,block_2,2,Provo_ID7,3,1078535,1258031,1,gaze_data,1741718278515,188.6958122253418,171.15174374197673,1741718278481,1
1,1,block_2,2,Provo_ID7,3,1078535,1258031,1,gaze_data,1741718278543,337.51803040504456,168.96529166662253,1741718278513.9001,0.9769118990661734
1,1,block_2,2,Provo_ID7,3,1078535,1258031,1,gaze_data,1741718278588,363.93424570560455,176.58055526832698,1741718278547.7002,1
1,1,block_2,2,Provo_ID7,3,1078535,1258031,1,gaze_data,1741718278616,375.96647292375565,186.93760108534013,1741718278577.5,1
1,1,block_2,2,Provo_ID7,3,1078535,1258031,1,gaze_data,1741718278649,380.5664077401161,201.59398614713788,1741718278608.7002,1
1,1,block_2,2,Provo_ID7,3,1078535,1258031,1,gaze_data,1741718278684,390.0100998580456,198.3866739169636,1741718278657.8,0.9039917116688407
1,1,block_2,2,Provo_ID7,3,1078535,1258031,1,gaze_data,1741718278715,488.0101978778839,182.4990932439775,1741718278688.4001,0.9928636878571129
1,1,block_2,2,Provo_ID7,3,1078535,1258031,1,gaze_data,1741718278748,508.4454536437988,177.1049416763405,1741718278720.6,0.8404180047044401
1,1,block_2,2,Provo_ID7,3,1078535,1258031,1,gaze_data,1741718278783,535.9935164451599,188.08024772594393,1741718278753.1,1
1,1,block_2,2,Provo_ID7,3,1078535,1258031,1,gaze_data,1741718278819,540.6135201454163,186.08067195999908,1741718278785.1,1
1,1,block_2,2,Provo_ID7,3,1078535,1258031,1,gaze_data,1741718278853,557.7289462089539,179.3694643033042,1741718278816.9001,0.9925728423021423
1,1,block_2,2,Provo_ID7,3,1078535,1258031,1,gaze_data,1741718278887,551.594865322113,188.4653612745041,1741718278851,1
1,1,block_2,2,Provo_ID7,3,1078535,1258031,1,gaze_data,1741718278916,356.14524483680725,246.77721549011363,1741718278883.3,0.9211796922624598
1,1,block_2,2,Provo_ID7,3,1078535,1258031,1,gaze_data,1741718278950,146.9449758529663,306.4718747087259,1741718278912.9001,0.727383258624721
1,1,block_2,2,Provo_ID7,3,1078535,1258031,1,gaze_data,1741718278976,134.46645736694336,289.28886876964776,1741718278944.7002,0.727383258624721
1,1,block_2,2,Provo_ID7,3,1078535,1258031,1,gaze_data,1741718279010,151.49657726287842,287.7780326793613,1741718278977.2002,0.67747139920195
1,1,block_2,2,Provo_ID7,3,1078535,1258031,1,gaze_data,1741718279061,123.19021224975586,302.6621986107816,1741718279027.6,0.8093595167125976
1,1,block_2,2,Provo_ID7,3,1078535,1258031,1,gaze_data,1741718279098,143.7016725540161,279.3491313876402,1741718279058.2002,0.7408563472450573
1,1,block_2,2,Provo_ID7,3,1078535,1258031,1,gaze_data,1741718279131,126.67770385742188,279.4511526111925,1741718279090.1,0.8280208823765521
1,1,block_2,2,Provo_ID7,3,1078535,1258031,1,gaze_data,1741718279173,135.6569528579712,283.400958013638,1741718279121.3,0.8815637772815101
1,1,block_2,2,Provo_ID7,3,1078535,1258031,1,gaze_data,1741718279192,173.8631248474121,282.90977560775656,1741718279154.1,0.8815637772815101
1,1,block_2,2,Provo_ID7,3,1078535,1258031,1,gaze_data,1741718279227,240.62026739120483,293.8414923281059,1741718279186.9001,0.877138719610548
1,1,block_2,2,Provo_ID7,3,1078535,1258031,1,gaze_data,1741718279258,246.7036247253418,302.1645072225376,1741718279217.2002,0.8123093003025871
1,1,block_2,2,Provo_ID7,3,1078535,1258031,1,gaze_data,1741718279297,225.0879406929016,299.7540761488379,1741718279249.4001,0.8159426511748936
1,1,block_2,2,Provo_ID7,3,1078535,1258031,1,gaze_data,1741718279332,241.39562845230103,300.17694402930533,1741718279282.1,0.7800800902251465
1,1,block_2,2,Provo_ID7,3,1078535,1258031,1,gaze_data,1741718279371,114.84582424163818,354.5485440665884,1741718279314.2002,0.7286423513380818
1,1,block_2,2,Provo_ID7,3,1078535,1258031,1,gaze_data,1741718279396,65.2838945388794,391.7912431497636,1741718279361.1,0.6524239295750978
1,1,block_2,2,Provo_ID7,3,1078535,1258031,1,gaze_data,1741718279430,60.30986309051514,388.23890272293585,1741718279393.7002,0.6524239295750978
1,1,block_2,2,Provo_ID7,3,1078535,1258031,1,gaze_data,1741718279456,59.46547985076904,394.1433540393887,1741718279425.9001,0.7748013310214231
1,1,block_2,2,Provo_ID7,3,1078535,1258031,1,gaze_data,1741718279489,61.92951202392578,382.57270697140643,1741718279457.7002,0.7650817105589613
1,1,block_2,2,Provo_ID7,3,1078535,1258031,1,gaze_data,1741718279527,45.22373676300049,389.30691203946924,1741718279489.3,0.7484244460321351
1,1,block_2,2,Provo_ID7,3,1078535,1258031,1,gaze_data,1741718279559,72.6862907409668,383.1855790475444,1741718279521.8,0.8286462392010572
1,1,block_2,2,Provo_ID7,3,1078535,1258031,1,gaze_data,1741718279595,101.70631408691406,371.419066720826,1741718279552.4001,0.8037777066209562
1,1,block_2,2,Provo_ID7,3,1078535,1258031,1,gaze_data,1741718279633,343.97995471954346,344.8747217008711,1741718279584.7002,0.7917390718789638
1,1,block_2,2,Provo_ID7,3,1078535,1258031,1,gaze_data,1741718279673,367.0798748731613,372.6617610376983,1741718279619.1,0.5463624905166343
1,1,block_2,2,Provo_ID7,3,1078535,1258031,1,gaze_data,1741718279690,359.28063094615936,369.38398944581667,1741718279649.3,0.5463624905166343
1,1,block_2,2,Provo_ID7,3,1078535,1258031,1,gaze_data,1741718279723,381.53531551361084,367.26009509568615,1741718279682.8,0.5718632370872028
1,1,block_2,2,Provo_ID7,3,1078535,1258031,1,gaze_data,1741718279763,393.7858108431101,378.5627121004779,1741718279728.6,0.5855035106269784
1,1,block_2,2,Provo_ID7,3,1078535,1258031,1,gaze_data,1741718279794,410.67299023270607,377.15331634058094,1741718279760.3,0.4932717455924756
1,1,block_2,2,Provo_ID7,3,1078535,1258031,1,gaze_data,1741718279829,393.8576463609934,377.7619285335251,1741718279793.5,0.5133173161531731
1,1,block_2,2,Provo_ID7,3,1078535,1258031,1,gaze_data,1741718279862,403.1550370156765,382.4331138759787,1741718279824.6,0.5452827351060743
1,1,block_2,2,Provo_ID7,3,1078535,1258031,1,gaze_data,1741718279900,404.06758934259415,385.4416787236476,1741718279856.9001,0.5501318289161081
1,1,block_2,2,Provo_ID7,3,1078535,1258031,1,gaze_data,1741718279928,421.5565115213394,384.8069114436814,1741718279888.4001,0.6300761144080043
1,1,block_2,2,Provo_ID7,3,1078535,1258031,1,gaze_data,1741718279966,425.01713931560516,386.9562906194923,1741718279921.5,0.6300761144080043
1,1,block_2,2,Provo_ID7,3,1078535,1258031,1,gaze_data,1741718279987,414.51635658741,368.17547845737016,1741718279953.7002,0.7058711423219441
1,1,block_2,2,Provo_ID7,3,1078535,1258031,1,gaze_data,1741718280033,275.38774013519287,173.24605350122016,1741718279986,0.6396248517869855
1,1,block_2,2,Provo_ID7,3,1078535,1258031,1,gaze_data,1741718280063,159.23237800598145,107.88940628283453,1741718280020.7002,0.24117751918954458
1,1,block_2,2,Provo_ID7,3,1078535,1258031,1,gaze_data,1741718280097,116.39065742492676,96.6195873996958,1741718280068.5,0.24117751918954458
1,1,block_2,2,Provo_ID7,3,1078535,1258031,1,gaze_data,1741718280124,106.28867149353027,96.29763853524098,1741718280097.5,0.5437580575261204
1,1,block_2,2,Provo_ID7,3,1078535,1258031,1,gaze_data,1741718280163,145.27668952941895,109.83560690393675,1741718280129.5,0.7628417729753122
1,1,block_2,2,Provo_ID7,3,1078535,1258031,1,gaze_data,1741718280202,124.7096300125122,101.52693560221707,1741718280161.4001,0.8975377099456204
1,1,block_2,2,Provo_ID7,3,1078535,1258031,1,gaze_data,1741718280243,133.60021114349365,93.09209132659979,1741718280194,1
1,1,block_2,2,Provo_ID7,3,1078535,1258031,1,gaze_data,1741718280274,114.14244174957275,92.3126220703125,1741718280226.1,1
1,1,block_2,2,Provo_ID7,3,1078535,1258031,1,gaze_data,1741718280294,48.14136028289795,81.66896133257355,1741718280258.5,1
1,1,block_2,2,Provo_ID7,3,1078535,1258031,1,gaze_data,1741718280336,10.758686065673828,83.7665665434136,1741718280288.5,1
1,1,block_2,2,Provo_ID7,3,1078535,1258031,1,gaze_data,1741718280368,14.53847885131836,69.79420924652166,1741718280321.9001,1
1,1,block_2,2,Provo_ID7,3,1078535,1258031,1,gaze_data,1741718280411,13.635516166687012,66.6747980676349,1741718280355.7002,1
1,1,block_2,2,Provo_ID7,3,1078535,1258031,1,gaze_data,1741718280438,96.75629138946533,47.93706136773827,1741718280388.9001,1
1,1,block_2,2,Provo_ID7,3,1078535,1258031,1,gaze_data,1741718280465,211.98220252990723,94.9221133151437,1741718280434.5,1
1,1,block_2,2,Provo_ID7,3,1078535,1258031,1,gaze_data,1741718280495,239.42525386810303,94.11634002486952,1741718280467.5,1
1,1,block_2,2,Provo_ID7,3,1078535,1258031,1,gaze_data,1741718280537,237.18607425689697,85.56711192761999,1741718280498.5,1
1,1,block_2,2,Provo_ID7,3,1078535,1258031,1,gaze_data,1741718280568,230.06778955459595,84.86488656728748,1741718280529.1,1
1,1,block_2,2,Provo_ID7,3,1078535,1258031,1,gaze_data,1741718280596,230.4121971130371,89.87814350914283,1741718280561.9001,1
1,1,block_2,2,Provo_ID7,3,1078535,1258031,1,gaze_data,1741718280637,239.82969522476196,107.43762034914758,1741718280595.1,1
1,1,block_2,2,Provo_ID7,3,1078535,1258031,1,gaze_data,1741718280668,228.62704992294312,103.87910607062814,1741718280626.4001,1
1,1,block_2,2,Provo_ID7,3,1078535,1258031,1,gaze_data,1741718280692,224.40271377563477,103.76288275398039,1741718280657,1
1,1,block_2,2,Provo_ID7,3,1078535,1258031,1,gaze_data,1741718280735,235.23026704788208,95.78713770802264,1741718280690.9001,1
1,1,block_2,2,Provo_ID7,3,1078535,1258031,1,gaze_data,1741718280768,63.907623291015625,105.06124599895354,1741718280722.7002,1
1,1,block_2,2,Provo_ID7,3,1078535,1258031,1,gaze_data,1741718280797,23.420214653015137,136.46618476917325,1741718280771.5,1
1,1,block_2,2,Provo_ID7,3,1078535,1258031,1,gaze_data,1741718280835,46.073365211486816,142.41886511283428,1741718280802.6,1
1,1,block_2,2,Provo_ID7,3,1078535,1258031,1,gaze_data,1741718280867,51.59924030303955,152.60580232500254,1741718280836.1,1
1,1,block_2,2,Provo_ID7,3,1078535,1258031,1,gaze_data,1741718280899,41.64083003997803,139.87469455942414,1741718280865.6,1
1,1,block_2,2,Provo_ID7,3,1078535,1258031,1,gaze_data,1741718280932,24.392318725585938,132.957321961376,1741718280896.3,1
1,1,block_2,2,Provo_ID7,3,1078535,1258031,1,gaze_data,1741718280967,3.8493871688842773,193.3770103206345,1741718280928.8,1
1,1,block_2,2,Provo_ID7,3,1078535,1258031,1,gaze_data,1741718280996,3.8633346557617188,192.28468168842042,1741718280961.2002,1
1,1,block_2,2,Provo_ID7,3,1078535,1258031,1,gaze_data,1741718281031,-5.341625213623047,202.40466351622874,1741718280992.4001,1
1,1,block_2,2,Provo_ID7,3,1078535,1258031,1,gaze_data,1741718281064,-0.49386024475097656,191.17072595691474,1741718281025,0.9998595029054851
1,1,block_2,2,Provo_ID7,3,1078535,1258031,1,gaze_data,1741718281094,-12.518930435180664,208.36505186531912,1741718281057.5,1
1,1,block_2,2,Provo_ID7,3,1078535,1258031,1,gaze_data,1741718281128,2.7214765548706055,194.96637497444732,1741718281090.5,1
1,1,block_2,2,Provo_ID7,3,1078535,1258031,1,gaze_data,1741718281165,-3.000164031982422,211.1035591092389,1741718281136.6,1
1,1,block_2,2,Provo_ID7,3,1078535,1258031,1,gaze_data,1741718281204,2.0400524139404297,210.75506137922375,1741718281168.4001,1
1,1,block_2,2,Provo_ID7,3,1078535,1258031,1,gaze_data,1741718281232,14.87877368927002,204.83598812541837,1741718281200.5,1
1,1,block_2,2,Provo_ID7,3,1078535,1258031,1,gaze_data,1741718281267,47.91858196258545,212.8677670195408,1741718281233.4001,1
1,1,block_2,2,Provo_ID7,3,1078535,1258031,1,gaze_data,1741718281295,193.54143142700195,178.29384379686866,1741718281265.8,1
1,1,block_2,2,Provo_ID7,3,1078535,1258031,1,gaze_data,1741718281333,246.25561237335205,229.97187202768058,1741718281297.2002,1
1,1,block_2,2,Provo_ID7,3,1078535,1258031,1,gaze_data,1741718281372,275.5202054977417,201.74023344821887,1741718281328.4001,1
1,1,block_2,2,Provo_ID7,3,1078535,1258031,1,gaze_data,1741718281396,388.94882649183273,180.56608932395818,1741718281360.6,1
1,1,block_2,2,Provo_ID7,3,1078535,1258031,1,gaze_data,1741718281425,388.21563348174095,182.29852870850138,1741718281393,1
1,1,block_2,2,Provo_ID7,3,1078535,1258031,1,gaze_data,1741718281455,401.76347959786654,205.76365774986283,1741718281425.4001,1
1,1,block_2,2,Provo_ID7,3,1078535,1258031,1,gaze_data,1741718281487,413.341523706913,214.9835540001925,1741718281473.2002,1
1,1,block_2,2,Provo_ID7,3,1078535,1258031,1,gaze_data,1741718281529,499.46759939193726,230.58873215880155,1741718281505.1,1
1,1,block_2,2,Provo_ID7,3,1078535,1258031,1,gaze_data,1741718281562,517.8165674209595,227.7731020383359,1741718281536.2002,0.928823076997348
1,1,block_2,2,Provo_ID7,3,1078535,1258031,1,gaze_data,1741718281596,538.9523148536682,228.16559404716574,1741718281568.3,0.9272834057183532
1,1,block_2,2,Provo_ID7,3,1078535,1258031,1,gaze_data,1741718281620,538.3433103561401,221.30227616448724,1741718281600.5,0.9272834057183532
1,1,block_2,2,Provo_ID7,3,1078535,1258031,1,gaze_data,1741718281661,499.3402123451233,213.0578764090052,1741718281632.8,1
1,1,block_2,2,Provo_ID7,3,1078535,1258031,1,gaze_data,1741718281687,220.91351747512817,273.45325941636094,1741718281666.4001,1
1,1,block_2,2,Provo_ID7,3,1078535,1258031,1,gaze_data,1741718281731,98.95074367523193,310.0526714531822,1741718281696.6,0.7153637991686111
1,1,block_2,2,Provo_ID7,3,1078535,1258031,1,gaze_data,1741718281762,99.59690570831299,310.64562187277573,1741718281728.3,0.7153637991686111
1,1,block_2,2,Provo_ID7,3,1078535,1258031,1,gaze_data,1741718281796,123.33846092224121,290.5624100029339,1741718281760.1,0.7972354320739442
1,1,block_2,2,Provo_ID7,3,1078535,1258031,1,gaze_data,1741718281828,122.87063598632812,285.42131188117503,1741718281792.5,0.8181811840407209
1,1,block_2,2,Provo_ID7,3,1078535,1258031,1,gaze_data,1741718281877,124.0116834640503,287.1857301790647,1741718281840.6,0.8420985380641078
1,1,block_2,2,Provo_ID7,3,1078535,1258031,1,gaze_data,1741718281896,123.45037460327148,296.1198074440118,1741718281873.6,0.8420985380641078
1,1,block_2,2,Provo_ID7,3,1078535,1258031,1,gaze_data,1741718281929,121.13285064697266,285.87314249895144,1741718281904.9001,0.9108768733587183
1,1,block_2,2,Provo_ID7,3,1078535,1258031,1,gaze_data,1741718281959,90.6886100769043,328.4394965513151,1741718281937.4001,0.9108768733587183
1,1,block_2,2,Provo_ID7,3,1078535,1258031,1,gaze_data,1741718282005,91.71140193939209,349.125414866946,1741718281968.9001,0.7956543972582395
1,1,block_2,2,Provo_ID7,3,1078535,1258031,1,gaze_data,1741718282034,83.90820026397705,353.4998382766955,1741718282002.7002,0.7956543972582395
1,1,block_2,2,Provo_ID7,3,1078535,1258031,1,gaze_data,1741718282062,92.54457950592041,358.64512180816587,1741718282032.3,1
1,1,block_2,2,Provo_ID7,3,1078535,1258031,1,gaze_data,1741718282097,90.78788757324219,362.16648126631134,1741718282064.6,1
1,1,block_2,2,Provo_ID7,3,1078535,1258031,1,gaze_data,1741718282130,73.52197170257568,383.7868183657301,1741718282097.2002,0.9579875811335916
1,1,block_2,2,Provo_ID7,3,1078535,1258031,1,gaze_data,1741718282169,67.08619594573975,374.65677157917145,1741718282129.2002,0.9959611646000384
1,1,block_2,2,Provo_ID7,3,1078535,1258031,1,gaze_data,1741718282216,90.82813262939453,374.5592411066084,1741718282179.6,0.9911989079998764
1,1,block_2,2,Provo_ID7,3,1078535,1258031,1,gaze_data,1741718282245,109.20095443725586,357.08619819028775,1741718282209.8,0.9118048235183931
1,1,block_2,2,Provo_ID7,3,1078535,1258031,1,gaze_data,1741718282277,83.71148109436035,378.82411402373407,1741718282241,0.9892713215471503
1,1,block_2,2,Provo_ID7,3,1078535,1258031,1,gaze_data,1741718282313,92.91207790374756,364.2113741463022,1741718282272.4001,0.9030498955625303
1,1,block_2,2,Provo_ID7,3,1078535,1258031,1,gaze_data,1741718282346,87.05456256866455,385.5944685201583,1741718282304.5,0.9475029803224824
1,1,block_2,2,Provo_ID7,3,1078535,1258031,1,gaze_data,1741718282375,84.54782962799072,392.9513463746441,1741718282337.1,0.8532846553901225
1,1,block_2,2,Provo_ID7,3,1078535,1258031,1,gaze_x,"",
1,1,block_2,2,Provo_ID7,3,1078535,1258031,1,gaze_y,"",
1,1,block_2,2,Provo_ID7,3,1078535,1258031,1,el_x,"",
1,1,block_2,2,Provo_ID7,3,1078535,1258031,1,applied_drift,1741718166882,
1,1,block_2,2,Provo_ID7,3,1078535,1258031,1,applied_drift,1741718261138,0,-9.260315801988714
1,1,block_2,2,Provo_ID7,3,1078535,1258031,1,applied_drift,1741718261163,0,-9.260315801988714
1,1,block_2,2,Provo_ID7,3,1078535,1258031,1,applied_drift,1741718261209,0,-9.260315801988714
1,1,block_2,2,Provo_ID7,3,1078535,1258031,1,applied_drift,1741718261244,0,-9.260315801988714
1,1,block_2,2,Provo_ID7,3,1078535,1258031,1,applied_drift,1741718261270,0,-9.260315801988714
1,1,block_2,2,Provo_ID7,3,1078535,1258031,1,applied_drift,1741718261309,0,-9.260315801988714
1,1,block_2,2,Provo_ID7,3,1078535,1258031,1,applied_drift,1741718261332,0,-9.260315801988714
1,1,block_2,2,Provo_ID7,3,1078535,1258031,1,applied_drift,1741718261365,0,-9.260315801988714
1,1,block_2,2,Provo_ID7,3,1078535,1258031,1,applied_drift,1741718261399,0,-9.260315801988714
1,1,block_2,2,Provo_ID7,3,1078535,1258031,1,applied_drift,1741718261423,0,-9.260315801988714
1,1,block_2,2,Provo_ID7,3,1078535,1258031,1,applied_drift,1741718261457,0,-9.260315801988714
1,1,block_2,2,Provo_ID7,3,1078535,1258031,1,applied_drift,1741718261494,0,-9.260315801988714
1,1,block_2,2,Provo_ID7,3,1078535,1258031,1,applied_drift,1741718261522,0,-9.260315801988714
1,1,block_2,2,Provo_ID7,3,1078535,1258031,1,applied_drift,1741718261565,0,-9.260315801988714
1,1,block_2,2,Provo_ID7,3,1078535,1258031,1,applied_drift,1741718261594,0,-9.260315801988714
1,1,block_2,2,Provo_ID7,3,1078535,1258031,1,applied_drift,1741718261631,0,-9.260315801988714
1,1,block_2,2,Provo_ID7,3,1078535,1258031,1,applied_drift,1741718261664,0,-9.260315801988714
1,1,block_2,2,Provo_ID7,3,1078535,1258031,1,applied_drift,1741718261692,0,-9.260315801988714
1,1,block_2,2,Provo_ID7,3,1078535,1258031,1,applied_drift,1741718261739,0,-9.260315801988714
1,1,block_2,2,Provo_ID7,3,1078535,1258031,1,applied_drift,1741718261778,0,-9.260315801988714
1,1,block_2,2,Provo_ID7,3,1078535,1258031,1,applied_drift,1741718261815,0,-9.260315801988714
1,1,block_2,2,Provo_ID7,3,1078535,1258031,1,applied_drift,1741718261840,0,-9.260315801988714
1,1,block_2,2,Provo_ID7,3,1078535,1258031,1,applied_drift,1741718261884,0,-9.260315801988714
1,1,block_2,2,Provo_ID7,3,1078535,1258031,1,applied_drift,1741718261911,0,-9.260315801988714
1,1,block_2,2,Provo_ID7,3,1078535,1258031,1,applied_drift,1741718261941,0,-9.260315801988714
1,1,block_2,2,Provo_ID7,3,1078535,1258031,1,applied_drift,1741718261980,0,-9.260315801988714
1,1,block_2,2,Provo_ID7,3,1078535,1258031,1,applied_drift,1741718262013,0,-9.260315801988714
1,1,block_2,2,Provo_ID7,3,1078535,1258031,1,applied_drift,1741718262044,0,-9.260315801988714
1,1,block_2,2,Provo_ID7,3,1078535,1258031,1,applied_drift,1741718262104,0,-9.260315801988714
1,1,block_2,2,Provo_ID7,3,1078535,1258031,1,applied_drift,1741718262129,0,-9.260315801988714
1,1,block_2,2,Provo_ID7,3,1078535,1258031,1,applied_drift,1741718262154,0,-9.260315801988714
1,1,block_2,2,Provo_ID7,3,1078535,1258031,1,applied_drift,1741718262192,0,-9.260315801988714
1,1,block_2,2,Provo_ID7,3,1078535,1258031,1,applied_drift,1741718262220,0,-9.260315801988714
1,1,block_2,2,Provo_ID7,3,1078535,1258031,1,applied_drift,1741718262258,0,-9.260315801988714
1,1,block_2,2,Provo_ID7,3,1078535,1258031,1,applied_drift,1741718262288,0,-9.260315801988714
1,1,block_2,2,Provo_ID7,3,1078535,1258031,1,applied_drift,1741718262326,0,-9.260315801988714
1,1,block_2,2,Provo_ID7,3,1078535,1258031,1,applied_drift,1741718262362,0,-9.260315801988714
1,1,block_2,2,Provo_ID7,3,1078535,1258031,1,applied_drift,1741718262390,0,-9.260315801988714
1,1,block_2,2,Provo_ID7,3,1078535,1258031,1,applied_drift,1741718262424,0,-9.260315801988714
1,1,block_2,2,Provo_ID7,3,1078535,1258031,1,applied_drift,1741718262462,0,-9.260315801988714
1,1,block_2,2,Provo_ID7,3,1078535,1258031,1,applied_drift,1741718262501,0,-9.260315801988714
1,1,block_2,2,Provo_ID7,3,1078535,1258031,1,applied_drift,1741718262523,0,-9.260315801988714
1,1,block_2,2,Provo_ID7,3,1078535,1258031,1,applied_drift,1741718262554,0,-9.260315801988714
1,1,block_2,2,Provo_ID7,3,1078535,1258031,1,applied_drift,1741718262592,0,-9.260315801988714
1,1,block_2,2,Provo_ID7,3,1078535,1258031,1,applied_drift,1741718262623,0,-9.260315801988714
1,1,block_2,2,Provo_ID7,3,1078535,1258031,1,applied_drift,1741718262655,0,-9.260315801988714
1,1,block_2,2,Provo_ID7,3,1078535,1258031,1,applied_drift,1741718262702,0,-9.260315801988714
1,1,block_2,2,Provo_ID7,3,1078535,1258031,1,applied_drift,1741718262723,0,-9.260315801988714
1,1,block_2,2,Provo_ID7,3,1078535,1258031,1,applied_drift,1741718262758,0,-9.260315801988714
1,1,block_2,2,Provo_ID7,3,1078535,1258031,1,applied_drift,1741718262795,0,-9.260315801988714
1,1,block_2,2,Provo_ID7,3,1078535,1258031,1,applied_drift,1741718262830,0,-9.260315801988714
1,1,block_2,2,Provo_ID7,3,1078535,1258031,1,applied_drift,1741718262859,0,-9.260315801988714
1,1,block_2,2,Provo_ID7,3,1078535,1258031,1,applied_drift,1741718262890,0,-9.260315801988714
1,1,block_2,2,Provo_ID7,3,1078535,1258031,1,applied_drift,1741718262933,0,-9.260315801988714
1,1,block_2,2,Provo_ID7,3,1078535,1258031,1,applied_drift,1741718262973,0,-9.260315801988714
1,1,block_2,2,Provo_ID7,3,1078535,1258031,1,applied_drift,1741718262992,0,-9.260315801988714
1,1,block_2,2,Provo_ID7,3,1078535,1258031,1,applied_drift,1741718263026,0,-9.260315801988714
1,1,block_2,2,Provo_ID7,3,1078535,1258031,1,applied_drift,1741718263061,0,-9.260315801988714
1,1,block_2,2,Provo_ID7,3,1078535,1258031,1,applied_drift,1741718263094,0,-9.260315801988714
1,1,block_2,2,Provo_ID7,3,1078535,1258031,1,applied_drift,1741718263128,0,-9.260315801988714
1,1,block_2,2,Provo_ID7,3,1078535,1258031,1,applied_drift,1741718263160,0,-9.260315801988714
1,1,block_2,2,Provo_ID7,3,1078535,1258031,1,applied_drift,1741718263188,0,-9.260315801988714
1,1,block_2,2,Provo_ID7,3,1078535,1258031,1,applied_drift,1741718263229,0,-9.260315801988714
1,1,block_2,2,Provo_ID7,3,1078535,1258031,1,applied_drift,1741718263274,0,-9.260315801988714
1,1,block_2,2,Provo_ID7,3,1078535,1258031,1,applied_drift,1741718263295,0,-9.260315801988714
1,1,block_2,2,Provo_ID7,3,1078535,1258031,1,applied_drift,1741718263321,0,-9.260315801988714
1,1,block_2,2,Provo_ID7,3,1078535,1258031,1,applied_drift,1741718263362,0,-9.260315801988714
1,1,block_2,2,Provo_ID7,3,1078535,1258031,1,applied_drift,1741718263395,0,-9.260315801988714
1,1,block_2,2,Provo_ID7,3,1078535,1258031,1,applied_drift,1741718263429,0,-9.260315801988714
1,1,block_2,2,Provo_ID7,3,1078535,1258031,1,applied_drift,1741718263463,0,-9.260315801988714
1,1,block_2,2,Provo_ID7,3,1078535,1258031,1,applied_drift,1741718263494,0,-9.260315801988714
1,1,block_2,2,Provo_ID7,3,1078535,1258031,1,applied_drift,1741718263533,0,-9.260315801988714
1,1,block_2,2,Provo_ID7,3,1078535,1258031,1,applied_drift,1741718263561,0,-9.260315801988714
1,1,block_2,2,Provo_ID7,3,1078535,1258031,1,applied_drift,1741718263600,0,-9.260315801988714
1,1,block_2,2,Provo_ID7,3,1078535,1258031,1,applied_drift,1741718263632,0,-9.260315801988714
1,1,block_2,2,Provo_ID7,3,1078535,1258031,1,applied_drift,1741718263667,0,-9.260315801988714
1,1,block_2,2,Provo_ID7,3,1078535,1258031,1,applied_drift,1741718263691,0,-9.260315801988714
1,1,block_2,2,Provo_ID7,3,1078535,1258031,1,applied_drift,1741718263722,0,-9.260315801988714
1,1,block_2,2,Provo_ID7,3,1078535,1258031,1,applied_drift,1741718263765,0,-9.260315801988714
1,1,block_2,2,Provo_ID7,3,1078535,1258031,1,applied_drift,1741718263790,0,-9.260315801988714
1,1,block_2,2,Provo_ID7,3,1078535,1258031,1,applied_drift,1741718263819,0,-9.260315801988714
1,1,block_2,2,Provo_ID7,3,1078535,1258031,1,applied_drift,1741718263868,0,-9.260315801988714
1,1,block_2,2,Provo_ID7,3,1078535,1258031,1,applied_drift,1741718263900,0,-9.260315801988714
1,1,block_2,2,Provo_ID7,3,1078535,1258031,1,applied_drift,1741718263938,0,-9.260315801988714
1,1,block_2,2,Provo_ID7,3,1078535,1258031,1,applied_drift,1741718263962,0,-9.260315801988714
1,1,block_2,2,Provo_ID7,3,1078535,1258031,1,applied_drift,1741718264003,0,-9.260315801988714
1,1,block_2,2,Provo_ID7,3,1078535,1258031,1,applied_drift,1741718264032,0,-9.260315801988714
1,1,block_2,2,Provo_ID7,3,1078535,1258031,1,applied_drift,1741718264059,0,-9.260315801988714
1,1,block_2,2,Provo_ID7,3,1078535,1258031,1,applied_drift,1741718264103,0,-9.260315801988714
1,1,block_2,2,Provo_ID7,3,1078535,1258031,1,applied_drift,1741718264122,0,-9.260315801988714
1,1,block_2,2,Provo_ID7,3,1078535,1258031,1,applied_drift,1741718264160,0,-9.260315801988714
1,1,block_2,2,Provo_ID7,3,1078535,1258031,1,applied_drift,1741718264189,0,-9.260315801988714
1,1,block_2,2,Provo_ID7,3,1078535,1258031,1,applied_drift,1741718264236,0,-9.260315801988714
1,1,block_2,2,Provo_ID7,3,1078535,1258031,1,applied_drift,1741718264263,0,-9.260315801988714
1,1,block_2,2,Provo_ID7,3,1078535,1258031,1,applied_drift,1741718264299,0,-9.260315801988714
1,1,block_2,2,Provo_ID7,3,1078535,1258031,1,applied_drift,1741718264326,0,-9.260315801988714
1,1,block_2,2,Provo_ID7,3,1078535,1258031,1,applied_drift,1741718264357,0,-9.260315801988714
1,1,block_2,2,Provo_ID7,3,1078535,1258031,1,applied_drift,1741718264401,0,-9.260315801988714
1,1,block_2,2,Provo_ID7,3,1078535,1258031,1,applied_drift,1741718264424,0,-9.260315801988714
1,1,block_2,2,Provo_ID7,3,1078535,1258031,1,applied_drift,1741718264461,0,-9.260315801988714
1,1,block_2,2,Provo_ID7,3,1078535,1258031,1,applied_drift,1741718264495,0,-9.260315801988714
1,1,block_2,2,Provo_ID7,3,1078535,1258031,1,applied_drift,1741718264531,0,-9.260315801988714
1,1,block_2,2,Provo_ID7,3,1078535,1258031,1,applied_drift,1741718264563,0,-9.260315801988714
1,1,block_2,2,Provo_ID7,3,1078535,1258031,1,applied_drift,1741718264597,0,-9.260315801988714
1,1,block_2,2,Provo_ID7,3,1078535,1258031,1,applied_drift,1741718264630,0,-9.260315801988714
1,1,block_2,2,Provo_ID7,3,1078535,1258031,1,applied_drift,1741718264667,0,-9.260315801988714
1,1,block_2,2,Provo_ID7,3,1078535,1258031,1,applied_drift,1741718264698,0,-9.260315801988714
1,1,block_2,2,Provo_ID7,3,1078535,1258031,1,applied_drift,1741718264736,0,-9.260315801988714
1,1,block_2,2,Provo_ID7,3,1078535,1258031,1,applied_drift,1741718264765,0,-9.260315801988714
1,1,block_2,2,Provo_ID7,3,1078535,1258031,1,applied_drift,1741718264797,0,-9.260315801988714
1,1,block_2,2,Provo_ID7,3,1078535,1258031,1,applied_drift,1741718264835,0,-9.260315801988714
1,1,block_2,2,Provo_ID7,3,1078535,1258031,1,applied_drift,1741718264871,0,-9.260315801988714
1,1,block_2,2,Provo_ID7,3,1078535,1258031,1,applied_drift,1741718264917,0,-9.260315801988714
1,1,block_2,2,Provo_ID7,3,1078535,1258031,1,applied_drift,1741718264949,0,-9.260315801988714
1,1,block_2,2,Provo_ID7,3,1078535,1258031,1,applied_drift,1741718264980,0,-9.260315801988714
1,1,block_2,2,Provo_ID7,3,1078535,1258031,1,applied_drift,1741718265019,0,-9.260315801988714
1,1,block_2,2,Provo_ID7,3,1078535,1258031,1,applied_drift,1741718265050,0,-9.260315801988714
1,1,block_2,2,Provo_ID7,3,1078535,1258031,1,applied_drift,1741718265078,0,-9.260315801988714
1,1,block_2,2,Provo_ID7,3,1078535,1258031,1,applied_drift,1741718265109,0,-9.260315801988714
1,1,block_2,2,Provo_ID7,3,1078535,1258031,1,applied_drift,1741718265153,0,-9.260315801988714
1,1,block_2,2,Provo_ID7,3,1078535,1258031,1,applied_drift,1741718265178,0,-9.260315801988714
1,1,block_2,2,Provo_ID7,3,1078535,1258031,1,applied_drift,1741718265214,0,-9.260315801988714
1,1,block_2,2,Provo_ID7,3,1078535,1258031,1,applied_drift,1741718265260,0,-9.260315801988714
1,1,block_2,2,Provo_ID7,3,1078535,1258031,1,applied_drift,1741718265278,0,-9.260315801988714
1,1,block_2,2,Provo_ID7,3,1078535,1258031,1,applied_drift,1741718265315,0,-9.260315801988714
1,1,block_2,2,Provo_ID7,3,1078535,1258031,1,applied_drift,1741718265344,0,-9.260315801988714
1,1,block_2,2,Provo_ID7,3,1078535,1258031,1,applied_drift,1741718265378,0,-9.260315801988714
1,1,block_2,2,Provo_ID7,3,1078535,1258031,1,applied_drift,1741718265421,0,-9.260315801988714
1,1,block_2,2,Provo_ID7,3,1078535,1258031,1,applied_drift,1741718265453,0,-9.260315801988714
1,1,block_2,2,Provo_ID7,3,1078535,1258031,1,applied_drift,1741718265481,0,-9.260315801988714
1,1,block_2,2,Provo_ID7,3,1078535,1258031,1,applied_drift,1741718265527,0,-9.260315801988714
1,1,block_2,2,Provo_ID7,3,1078535,1258031,1,applied_drift,1741718265542,0,-9.260315801988714
1,1,block_2,2,Provo_ID7,3,1078535,1258031,1,applied_drift,1741718265578,0,-9.260315801988714
1,1,block_2,2,Provo_ID7,3,1078535,1258031,1,applied_drift,1741718265622,0,-9.260315801988714
1,1,block_2,2,Provo_ID7,3,1078535,1258031,1,applied_drift,1741718265656,0,-9.260315801988714
1,1,block_2,2,Provo_ID7,3,1078535,1258031,1,applied_drift,1741718265690,0,-9.260315801988714
1,1,block_2,2,Provo_ID7,3,1078535,1258031,1,applied_drift,1741718265716,0,-9.260315801988714
1,1,block_2,2,Provo_ID7,3,1078535,1258031,1,applied_drift,1741718265752,0,-9.260315801988714
1,1,block_2,2,Provo_ID7,3,1078535,1258031,1,applied_drift,1741718265785,0,-9.260315801988714
1,1,block_2,2,Provo_ID7,3,1078535,1258031,1,applied_drift,1741718265822,0,-9.260315801988714
1,1,block_2,2,Provo_ID7,3,1078535,1258031,1,applied_drift,1741718265861,0,-9.260315801988714
1,1,block_2,2,Provo_ID7,3,1078535,1258031,1,applied_drift,1741718265887,0,-9.260315801988714
1,1,block_2,2,Provo_ID7,3,1078535,1258031,1,applied_drift,1741718265917,0,-9.260315801988714
1,1,block_2,2,Provo_ID7,3,1078535,1258031,1,applied_drift,1741718265956,0,-9.260315801988714
1,1,block_2,2,Provo_ID7,3,1078535,1258031,1,applied_drift,1741718265989,0,-9.260315801988714
1,1,block_2,2,Provo_ID7,3,1078535,1258031,1,applied_drift,1741718266012,0,-9.260315801988714
1,1,block_2,2,Provo_ID7,3,1078535,1258031,1,applied_drift,1741718266048,0,-9.260315801988714
1,1,block_2,2,Provo_ID7,3,1078535,1258031,1,applied_drift,1741718266087,0,-9.260315801988714
1,1,block_2,2,Provo_ID7,3,1078535,1258031,1,applied_drift,1741718266122,0,-9.260315801988714
1,1,block_2,2,Provo_ID7,3,1078535,1258031,1,applied_drift,1741718266153,0,-9.260315801988714
1,1,block_2,2,Provo_ID7,3,1078535,1258031,1,applied_drift,1741718266179,0,-9.260315801988714
1,1,block_2,2,Provo_ID7,3,1078535,1258031,1,applied_drift,1741718266210,0,-9.260315801988714
1,1,block_2,2,Provo_ID7,3,1078535,1258031,1,applied_drift,1741718266252,0,-9.260315801988714
1,1,block_2,2,Provo_ID7,3,1078535,1258031,1,applied_drift,1741718266295,0,-9.260315801988714
1,1,block_2,2,Provo_ID7,3,1078535,1258031,1,applied_drift,1741718266322,0,-9.260315801988714
1,1,block_2,2,Provo_ID7,3,1078535,1258031,1,applied_drift,1741718266346,0,-9.260315801988714
1,1,block_2,2,Provo_ID7,3,1078535,1258031,1,applied_drift,1741718266387,0,-9.260315801988714
1,1,block_2,2,Provo_ID7,3,1078535,1258031,1,applied_drift,1741718266446,0,-9.260315801988714
1,1,block_2,2,Provo_ID7,3,1078535,1258031,1,applied_drift,1741718266469,0,-9.260315801988714
1,1,block_2,2,Provo_ID7,3,1078535,1258031,1,applied_drift,1741718266493,0,-9.260315801988714
1,1,block_2,2,Provo_ID7,3,1078535,1258031,1,applied_drift,1741718266533,0,-9.260315801988714
1,1,block_2,2,Provo_ID7,3,1078535,1258031,1,applied_drift,1741718266567,0,-9.260315801988714
1,1,block_2,2,Provo_ID7,3,1078535,1258031,1,applied_drift,1741718266599,0,-9.260315801988714
1,1,block_2,2,Provo_ID7,3,1078535,1258031,1,applied_drift,1741718266623,0,-9.260315801988714
1,1,block_2,2,Provo_ID7,3,1078535,1258031,1,applied_drift,1741718266659,0,-9.260315801988714
1,1,block_2,2,Provo_ID7,3,1078535,1258031,1,applied_drift,1741718266707,0,-9.260315801988714
1,1,block_2,2,Provo_ID7,3,1078535,1258031,1,applied_drift,1741718266726,0,-9.260315801988714
1,1,block_2,2,Provo_ID7,3,1078535,1258031,1,applied_drift,1741718266764,0,-9.260315801988714
1,1,block_2,2,Provo_ID7,3,1078535,1258031,1,applied_drift,1741718266792,0,-9.260315801988714
1,1,block_2,2,Provo_ID7,3,1078535,1258031,1,applied_drift,1741718266843,0,-9.260315801988714
1,1,block_2,2,Provo_ID7,3,1078535,1258031,1,applied_drift,1741718266874,0,-9.260315801988714
1,1,block_2,2,Provo_ID7,3,1078535,1258031,1,applied_drift,1741718266900,0,-9.260315801988714
1,1,block_2,2,Provo_ID7,3,1078535,1258031,1,applied_drift,1741718266930,0,-9.260315801988714
1,1,block_2,2,Provo_ID7,3,1078535,1258031,1,applied_drift,1741718266958,0,-9.260315801988714
1,1,block_2,2,Provo_ID7,3,1078535,1258031,1,applied_drift,1741718267003,0,-9.260315801988714
1,1,block_2,2,Provo_ID7,3,1078535,1258031,1,applied_drift,1741718267030,0,-9.260315801988714
1,1,block_2,2,Provo_ID7,3,1078535,1258031,1,applied_drift,1741718267069,0,-9.260315801988714
1,1,block_2,2,Provo_ID7,3,1078535,1258031,1,applied_drift,1741718267095,0,-9.260315801988714
1,1,block_2,2,Provo_ID7,3,1078535,1258031,1,applied_drift,1741718267139,0,-9.260315801988714
1,1,block_2,2,Provo_ID7,3,1078535,1258031,1,applied_drift,1741718267157,0,-9.260315801988714
1,1,block_2,2,Provo_ID7,3,1078535,1258031,1,applied_drift,1741718267194,0,-9.260315801988714
1,1,block_2,2,Provo_ID7,3,1078535,1258031,1,applied_drift,1741718267237,0,-9.260315801988714
1,1,block_2,2,Provo_ID7,3,1078535,1258031,1,applied_drift,1741718267267,0,-9.260315801988714
1,1,block_2,2,Provo_ID7,3,1078535,1258031,1,applied_drift,1741718267294,0,-9.260315801988714
1,1,block_2,2,Provo_ID7,3,1078535,1258031,1,applied_drift,1741718267340,0,-9.260315801988714
1,1,block_2,2,Provo_ID7,3,1078535,1258031,1,applied_drift,1741718267373,0,-9.260315801988714
1,1,block_2,2,Provo_ID7,3,1078535,1258031,1,applied_drift,1741718267400,0,-9.260315801988714
1,1,block_2,2,Provo_ID7,3,1078535,1258031,1,applied_drift,1741718267440,0,-9.260315801988714
1,1,block_2,2,Provo_ID7,3,1078535,1258031,1,applied_drift,1741718267474,0,-9.260315801988714
1,1,block_2,2,Provo_ID7,3,1078535,1258031,1,applied_drift,1741718267509,0,-9.260315801988714
1,1,block_2,2,Provo_ID7,3,1078535,1258031,1,applied_drift,1741718267546,0,-9.260315801988714
1,1,block_2,2,Provo_ID7,3,1078535,1258031,1,applied_drift,1741718267566,0,-9.260315801988714
1,1,block_2,2,Provo_ID7,3,1078535,1258031,1,applied_drift,1741718267595,0,-9.260315801988714
1,1,block_2,2,Provo_ID7,3,1078535,1258031,1,applied_drift,1741718267631,0,-9.260315801988714
1,1,block_2,2,Provo_ID7,3,1078535,1258031,1,applied_drift,1741718267676,0,-9.260315801988714
1,1,block_2,2,Provo_ID7,3,1078535,1258031,1,applied_drift,1741718267698,0,-9.260315801988714
1,1,block_2,2,Provo_ID7,3,1078535,1258031,1,applied_drift,1741718267727,0,-9.260315801988714
1,1,block_2,2,Provo_ID7,3,1078535,1258031,1,applied_drift,1741718267769,0,-9.260315801988714
1,1,block_2,2,Provo_ID7,3,1078535,1258031,1,applied_drift,1741718267810,0,-9.260315801988714
1,1,block_2,2,Provo_ID7,3,1078535,1258031,1,applied_drift,1741718267839,0,-9.260315801988714
1,1,block_2,2,Provo_ID7,3,1078535,1258031,1,applied_drift,1741718267860,0,-9.260315801988714
1,1,block_2,2,Provo_ID7,3,1078535,1258031,1,applied_drift,1741718267895,0,-9.260315801988714
1,1,block_2,2,Provo_ID7,3,1078535,1258031,1,applied_drift,1741718267940,0,-9.260315801988714
1,1,block_2,2,Provo_ID7,3,1078535,1258031,1,applied_drift,1741718267962,0,-9.260315801988714
1,1,block_2,2,Provo_ID7,3,1078535,1258031,1,applied_drift,1741718268008,0,-9.260315801988714
1,1,block_2,2,Provo_ID7,3,1078535,1258031,1,applied_drift,1741718268042,0,-9.260315801988714
1,1,block_2,2,Provo_ID7,3,1078535,1258031,1,applied_drift,1741718268060,0,-9.260315801988714
1,1,block_2,2,Provo_ID7,3,1078535,1258031,1,applied_drift,1741718268097,0,-9.260315801988714
1,1,block_2,2,Provo_ID7,3,1078535,1258031,1,applied_drift,1741718268143,0,-9.260315801988714
1,1,block_2,2,Provo_ID7,3,1078535,1258031,1,applied_drift,1741718268176,0,-9.260315801988714
1,1,block_2,2,Provo_ID7,3,1078535,1258031,1,applied_drift,1741718268204,0,-9.260315801988714
1,1,block_2,2,Provo_ID7,3,1078535,1258031,1,applied_drift,1741718268244,0,-9.260315801988714
1,1,block_2,2,Provo_ID7,3,1078535,1258031,1,applied_drift,1741718268274,0,-9.260315801988714
1,1,block_2,2,Provo_ID7,3,1078535,1258031,1,applied_drift,1741718268303,0,-9.260315801988714
1,1,block_2,2,Provo_ID7,3,1078535,1258031,1,applied_drift,1741718268346,0,-9.260315801988714
1,1,block_2,2,Provo_ID7,3,1078535,1258031,1,applied_drift,1741718268366,0,-9.260315801988714
1,1,block_2,2,Provo_ID7,3,1078535,1258031,1,applied_drift,1741718268392,0,-9.260315801988714
1,1,block_2,2,Provo_ID7,3,1078535,1258031,1,applied_drift,1741718268444,0,-9.260315801988714
1,1,block_2,2,Provo_ID7,3,1078535,1258031,1,applied_drift,1741718268471,0,-9.260315801988714
1,1,block_2,2,Provo_ID7,3,1078535,1258031,1,applied_drift,1741718268519,0,-9.260315801988714
1,1,block_2,2,Provo_ID7,3,1078535,1258031,1,applied_drift,1741718268549,0,-9.260315801988714
1,1,block_2,2,Provo_ID7,3,1078535,1258031,1,applied_drift,1741718268576,0,-9.260315801988714
1,1,block_2,2,Provo_ID7,3,1078535,1258031,1,applied_drift,1741718268623,0,-9.260315801988714
1,1,block_2,2,Provo_ID7,3,1078535,1258031,1,applied_drift,1741718268649,0,-9.260315801988714
1,1,block_2,2,Provo_ID7,3,1078535,1258031,1,applied_drift,1741718268673,0,-9.260315801988714
1,1,block_2,2,Provo_ID7,3,1078535,1258031,1,applied_drift,1741718268716,0,-9.260315801988714
1,1,block_2,2,Provo_ID7,3,1078535,1258031,1,applied_drift,1741718268736,0,-9.260315801988714
1,1,block_2,2,Provo_ID7,3,1078535,1258031,1,applied_drift,1741718268778,0,-9.260315801988714
1,1,block_2,2,Provo_ID7,3,1078535,1258031,1,applied_drift,1741718268817,0,-9.260315801988714
1,1,block_2,2,Provo_ID7,3,1078535,1258031,1,applied_drift,1741718268853,0,-9.260315801988714
1,1,block_2,2,Provo_ID7,3,1078535,1258031,1,applied_drift,1741718268880,0,-9.260315801988714
1,1,block_2,2,Provo_ID7,3,1078535,1258031,1,applied_drift,1741718268919,0,-9.260315801988714
1,1,block_2,2,Provo_ID7,3,1078535,1258031,1,applied_drift,1741718268963,0,-9.260315801988714
1,1,block_2,2,Provo_ID7,3,1078535,1258031,1,applied_drift,1741718268991,0,-9.260315801988714
1,1,block_2,2,Provo_ID7,3,1078535,1258031,1,applied_drift,1741718269027,0,-9.260315801988714
1,1,block_2,2,Provo_ID7,3,1078535,1258031,1,applied_drift,1741718269043,0,-9.260315801988714
1,1,block_2,2,Provo_ID7,3,1078535,1258031,1,applied_drift,1741718269077,0,-9.260315801988714
1,1,block_2,2,Provo_ID7,3,1078535,1258031,1,applied_drift,1741718269127,0,-9.260315801988714
1,1,block_2,2,Provo_ID7,3,1078535,1258031,1,applied_drift,1741718269187,0,-9.260315801988714
1,1,block_2,2,Provo_ID7,3,1078535,1258031,1,applied_drift,1741718269211,0,-9.260315801988714
1,1,block_2,2,Provo_ID7,3,1078535,1258031,1,applied_drift,1741718269240,0,-9.260315801988714
1,1,block_2,2,Provo_ID7,3,1078535,1258031,1,applied_drift,1741718269279,0,-9.260315801988714
1,1,block_2,2,Provo_ID7,3,1078535,1258031,1,applied_drift,1741718269322,0,-9.260315801988714
1,1,block_2,2,Provo_ID7,3,1078535,1258031,1,applied_drift,1741718269343,0,-9.260315801988714
1,1,block_2,2,Provo_ID7,3,1078535,1258031,1,applied_drift,1741718269375,0,-9.260315801988714
1,1,block_2,2,Provo_ID7,3,1078535,1258031,1,applied_drift,1741718269419,0,-9.260315801988714
1,1,block_2,2,Provo_ID7,3,1078535,1258031,1,applied_drift,1741718269454,0,-9.260315801988714
1,1,block_2,2,Provo_ID7,3,1078535,1258031,1,applied_drift,1741718269481,0,-9.260315801988714
1,1,block_2,2,Provo_ID7,3,1078535,1258031,1,applied_drift,1741718269520,0,-9.260315801988714
1,1,block_2,2,Provo_ID7,3,1078535,1258031,1,applied_drift,1741718269552,0,-9.260315801988714
1,1,block_2,2,Provo_ID7,3,1078535,1258031,1,applied_drift,1741718269578,0,-9.260315801988714
1,1,block_2,2,Provo_ID7,3,1078535,1258031,1,applied_drift,1741718269607,0,-9.260315801988714
1,1,block_2,2,Provo_ID7,3,1078535,1258031,1,applied_drift,1741718269637,0,-9.260315801988714
1,1,block_2,2,Provo_ID7,3,1078535,1258031,1,applied_drift,1741718269674,0,-9.260315801988714
1,1,block_2,2,Provo_ID7,3,1078535,1258031,1,applied_drift,1741718269703,0,-9.260315801988714
1,1,block_2,2,Provo_ID7,3,1078535,1258031,1,applied_drift,1741718269737,0,-9.260315801988714
1,1,block_2,2,Provo_ID7,3,1078535,1258031,1,applied_drift,1741718269785,0,-9.260315801988714
1,1,block_2,2,Provo_ID7,3,1078535,1258031,1,applied_drift,1741718269819,0,-9.260315801988714
1,1,block_2,2,Provo_ID7,3,1078535,1258031,1,applied_drift,1741718269849,0,-9.260315801988714
1,1,block_2,2,Provo_ID7,3,1078535,1258031,1,applied_drift,1741718269884,0,-9.260315801988714
1,1,block_2,2,Provo_ID7,3,1078535,1258031,1,applied_drift,1741718269913,0,-9.260315801988714
1,1,block_2,2,Provo_ID7,3,1078535,1258031,1,applied_drift,1741718269949,0,-9.260315801988714
1,1,block_2,2,Provo_ID7,3,1078535,1258031,1,applied_drift,1741718269979,0,-9.260315801988714
1,1,block_2,2,Provo_ID7,3,1078535,1258031,1,applied_drift,1741718270022,0,-9.260315801988714
1,1,block_2,2,Provo_ID7,3,1078535,1258031,1,applied_drift,1741718270055,0,-9.260315801988714
1,1,block_2,2,Provo_ID7,3,1078535,1258031,1,applied_drift,1741718270086,0,-9.260315801988714
1,1,block_2,2,Provo_ID7,3,1078535,1258031,1,applied_drift,1741718270124,0,-9.260315801988714
1,1,block_2,2,Provo_ID7,3,1078535,1258031,1,applied_drift,1741718270155,0,-9.260315801988714
1,1,block_2,2,Provo_ID7,3,1078535,1258031,1,applied_drift,1741718270183,0,-9.260315801988714
1,1,block_2,2,Provo_ID7,3,1078535,1258031,1,applied_drift,1741718270214,0,-9.260315801988714
1,1,block_2,2,Provo_ID7,3,1078535,1258031,1,applied_drift,1741718270244,0,-9.260315801988714
1,1,block_2,2,Provo_ID7,3,1078535,1258031,1,applied_drift,1741718270284,0,-9.260315801988714
1,1,block_2,2,Provo_ID7,3,1078535,1258031,1,applied_drift,1741718270315,0,-9.260315801988714
1,1,block_2,2,Provo_ID7,3,1078535,1258031,1,applied_drift,1741718270344,0,-9.260315801988714
1,1,block_2,2,Provo_ID7,3,1078535,1258031,1,applied_drift,1741718270386,0,-9.260315801988714
1,1,block_2,2,Provo_ID7,3,1078535,1258031,1,applied_drift,1741718270427,0,-9.260315801988714
1,1,block_2,2,Provo_ID7,3,1078535,1258031,1,applied_drift,1741718270440,0,-9.260315801988714
1,1,block_2,2,Provo_ID7,3,1078535,1258031,1,applied_drift,1741718270483,0,-9.260315801988714
1,1,block_2,2,Provo_ID7,3,1078535,1258031,1,applied_drift,1741718270524,0,-9.260315801988714
1,1,block_2,2,Provo_ID7,3,1078535,1258031,1,applied_drift,1741718270561,0,-9.260315801988714
1,1,block_2,2,Provo_ID7,3,1078535,1258031,1,applied_drift,1741718270586,0,-9.260315801988714
1,1,block_2,2,Provo_ID7,3,1078535,1258031,1,applied_drift,1741718270622,0,-9.260315801988714
1,1,block_2,2,Provo_ID7,3,1078535,1258031,1,applied_drift,1741718270656,0,-9.260315801988714
1,1,block_2,2,Provo_ID7,3,1078535,1258031,1,applied_drift,1741718270680,0,-9.260315801988714
1,1,block_2,2,Provo_ID7,3,1078535,1258031,1,applied_drift,1741718270722,0,-9.260315801988714
1,1,block_2,2,Provo_ID7,3,1078535,1258031,1,applied_drift,1741718270744,0,-9.260315801988714
1,1,block_2,2,Provo_ID7,3,1078535,1258031,1,applied_drift,1741718270790,0,-9.260315801988714
1,1,block_2,2,Provo_ID7,3,1078535,1258031,1,applied_drift,1741718270827,0,-9.260315801988714
1,1,block_2,2,Provo_ID7,3,1078535,1258031,1,applied_drift,1741718270854,0,-9.260315801988714
1,1,block_2,2,Provo_ID7,3,1078535,1258031,1,applied_drift,1741718270894,0,-9.260315801988714
1,1,block_2,2,Provo_ID7,3,1078535,1258031,1,applied_drift,1741718270926,0,-9.260315801988714
1,1,block_2,2,Provo_ID7,3,1078535,1258031,1,applied_drift,1741718270957,0,-9.260315801988714
1,1,block_2,2,Provo_ID7,3,1078535,1258031,1,applied_drift,1741718270990,0,-9.260315801988714
1,1,block_2,2,Provo_ID7,3,1078535,1258031,1,applied_drift,1741718271013,0,-9.260315801988714
1,1,block_2,2,Provo_ID7,3,1078535,1258031,1,applied_drift,1741718271047,0,-9.260315801988714
1,1,block_2,2,Provo_ID7,3,1078535,1258031,1,applied_drift,1741718271083,0,-9.260315801988714
1,1,block_2,2,Provo_ID7,3,1078535,1258031,1,applied_drift,1741718271127,0,-9.260315801988714
1,1,block_2,2,Provo_ID7,3,1078535,1258031,1,applied_drift,1741718271156,0,-9.260315801988714
1,1,block_2,2,Provo_ID7,3,1078535,1258031,1,applied_drift,1741718271189,0,-9.260315801988714
1,1,block_2,2,Provo_ID7,3,1078535,1258031,1,applied_drift,1741718271220,0,-9.260315801988714
1,1,block_2,2,Provo_ID7,3,1078535,1258031,1,applied_drift,1741718271248,0,-9.260315801988714
1,1,block_2,2,Provo_ID7,3,1078535,1258031,1,applied_drift,1741718271275,0,-9.260315801988714
1,1,block_2,2,Provo_ID7,3,1078535,1258031,1,applied_drift,1741718271305,0,-9.260315801988714
1,1,block_2,2,Provo_ID7,3,1078535,1258031,1,applied_drift,1741718271339,0,-9.260315801988714
1,1,block_2,2,Provo_ID7,3,1078535,1258031,1,applied_drift,1741718271384,0,-9.260315801988714
1,1,block_2,2,Provo_ID7,3,1078535,1258031,1,applied_drift,1741718271417,0,-9.260315801988714
1,1,block_2,2,Provo_ID7,3,1078535,1258031,1,applied_drift,1741718271452,0,-9.260315801988714
1,1,block_2,2,Provo_ID7,3,1078535,1258031,1,applied_drift,1741718271481,0,-9.260315801988714
1,1,block_2,2,Provo_ID7,3,1078535,1258031,1,applied_drift,1741718271513,0,-9.260315801988714
1,1,block_2,2,Provo_ID7,3,1078535,1258031,1,applied_drift,1741718271550,0,-9.260315801988714
1,1,block_2,2,Provo_ID7,3,1078535,1258031,1,applied_drift,1741718271574,0,-9.260315801988714
1,1,block_2,2,Provo_ID7,3,1078535,1258031,1,applied_drift,1741718271624,0,-9.260315801988714
1,1,block_2,2,Provo_ID7,3,1078535,1258031,1,applied_drift,1741718271653,0,-9.260315801988714
1,1,block_2,2,Provo_ID7,3,1078535,1258031,1,applied_drift,1741718271684,0,-9.260315801988714
1,1,block_2,2,Provo_ID7,3,1078535,1258031,1,applied_drift,1741718271714,0,-9.260315801988714
1,1,block_2,2,Provo_ID7,3,1078535,1258031,1,applied_drift,1741718271743,0,-9.260315801988714
1,1,block_2,2,Provo_ID7,3,1078535,1258031,1,applied_drift,1741718271789,0,-9.260315801988714
1,1,block_2,2,Provo_ID7,3,1078535,1258031,1,applied_drift,1741718271817,0,-9.260315801988714
1,1,block_2,2,Provo_ID7,3,1078535,1258031,1,applied_drift,1741718271843,0,-9.260315801988714
1,1,block_2,2,Provo_ID7,3,1078535,1258031,1,applied_drift,1741718271877,0,-9.260315801988714
1,1,block_2,2,Provo_ID7,3,1078535,1258031,1,applied_drift,1741718271911,0,-9.260315801988714
1,1,block_2,2,Provo_ID7,3,1078535,1258031,1,applied_drift,1741718271942,0,-9.260315801988714
1,1,block_2,2,Provo_ID7,3,1078535,1258031,1,applied_drift,1741718271986,0,-9.260315801988714
1,1,block_2,2,Provo_ID7,3,1078535,1258031,1,applied_drift,1741718272019,0,-9.260315801988714
1,1,block_2,2,Provo_ID7,3,1078535,1258031,1,applied_drift,1741718272057,0,-9.260315801988714
1,1,block_2,2,Provo_ID7,3,1078535,1258031,1,applied_drift,1741718272088,0,-9.260315801988714
1,1,block_2,2,Provo_ID7,3,1078535,1258031,1,applied_drift,1741718272122,0,-9.260315801988714
1,1,block_2,2,Provo_ID7,3,1078535,1258031,1,applied_drift,1741718272154,0,-9.260315801988714
1,1,block_2,2,Provo_ID7,3,1078535,1258031,1,applied_drift,1741718272190,0,-9.260315801988714
1,1,block_2,2,Provo_ID7,3,1078535,1258031,1,applied_drift,1741718272219,0,-9.260315801988714
1,1,block_2,2,Provo_ID7,3,1078535,1258031,1,applied_drift,1741718272245,0,-9.260315801988714
1,1,block_2,2,Provo_ID7,3,1078535,1258031,1,applied_drift,1741718272284,0,-9.260315801988714
1,1,block_2,2,Provo_ID7,3,1078535,1258031,1,applied_drift,1741718272334,0,-9.260315801988714
1,1,block_2,2,Provo_ID7,3,1078535,1258031,1,applied_drift,1741718272359,0,-9.260315801988714
1,1,block_2,2,Provo_ID7,3,1078535,1258031,1,applied_drift,1741718272390,0,-9.260315801988714
1,1,block_2,2,Provo_ID7,3,1078535,1258031,1,applied_drift,1741718272414,0,-9.260315801988714
1,1,block_2,2,Provo_ID7,3,1078535,1258031,1,applied_drift,1741718272447,0,-9.260315801988714
1,1,block_2,2,Provo_ID7,3,1078535,1258031,1,applied_drift,1741718272480,0,-9.260315801988714
1,1,block_2,2,Provo_ID7,3,1078535,1258031,1,applied_drift,1741718272520,0,-9.260315801988714
1,1,block_2,2,Provo_ID7,3,1078535,1258031,1,applied_drift,1741718272557,0,-9.260315801988714
1,1,block_2,2,Provo_ID7,3,1078535,1258031,1,applied_drift,1741718272595,0,-9.260315801988714
1,1,block_2,2,Provo_ID7,3,1078535,1258031,1,applied_drift,1741718272614,0,-9.260315801988714
1,1,block_2,2,Provo_ID7,3,1078535,1258031,1,applied_drift,1741718272649,0,-9.260315801988714
1,1,block_2,2,Provo_ID7,3,1078535,1258031,1,applied_drift,1741718272688,0,-9.260315801988714
1,1,block_2,2,Provo_ID7,3,1078535,1258031,1,applied_drift,1741718272724,0,-9.260315801988714
1,1,block_2,2,Provo_ID7,3,1078535,1258031,1,applied_drift,1741718272757,0,-9.260315801988714
1,1,block_2,2,Provo_ID7,3,1078535,1258031,1,applied_drift,1741718272797,0,-9.260315801988714
1,1,block_2,2,Provo_ID7,3,1078535,1258031,1,applied_drift,1741718272825,0,-9.260315801988714
1,1,block_2,2,Provo_ID7,3,1078535,1258031,1,applied_drift,1741718272846,0,-9.260315801988714
1,1,block_2,2,Provo_ID7,3,1078535,1258031,1,applied_drift,1741718272891,0,-9.260315801988714
1,1,block_2,2,Provo_ID7,3,1078535,1258031,1,applied_drift,1741718272935,0,-9.260315801988714
1,1,block_2,2,Provo_ID7,3,1078535,1258031,1,applied_drift,1741718272962,0,-9.260315801988714
1,1,block_2,2,Provo_ID7,3,1078535,1258031,1,applied_drift,1741718272986,0,-9.260315801988714
1,1,block_2,2,Provo_ID7,3,1078535,1258031,1,applied_drift,1741718273026,0,-9.260315801988714
1,1,block_2,2,Provo_ID7,3,1078535,1258031,1,applied_drift,1741718273056,0,-9.260315801988714
1,1,block_2,2,Provo_ID7,3,1078535,1258031,1,applied_drift,1741718273089,0,-9.260315801988714
1,1,block_2,2,Provo_ID7,3,1078535,1258031,1,applied_drift,1741718273120,0,-9.260315801988714
1,1,block_2,2,Provo_ID7,3,1078535,1258031,1,applied_drift,1741718273150,0,-9.260315801988714
1,1,block_2,2,Provo_ID7,3,1078535,1258031,1,applied_drift,1741718273191,0,-9.260315801988714
1,1,block_2,2,Provo_ID7,3,1078535,1258031,1,applied_drift,1741718273225,0,-9.260315801988714
1,1,block_2,2,Provo_ID7,3,1078535,1258031,1,applied_drift,1741718273261,0,-9.260315801988714
1,1,block_2,2,Provo_ID7,3,1078535,1258031,1,applied_drift,1741718273292,0,-9.260315801988714
1,1,block_2,2,Provo_ID7,3,1078535,1258031,1,applied_drift,1741718273315,0,-9.260315801988714
1,1,block_2,2,Provo_ID7,3,1078535,1258031,1,applied_drift,1741718273356,0,-9.260315801988714
1,1,block_2,2,Provo_ID7,3,1078535,1258031,1,applied_drift,1741718273382,0,-9.260315801988714
1,1,block_2,2,Provo_ID7,3,1078535,1258031,1,applied_drift,1741718273439,0,-9.260315801988714
1,1,block_2,2,Provo_ID7,3,1078535,1258031,1,applied_drift,1741718273465,0,-9.260315801988714
1,1,block_2,2,Provo_ID7,3,1078535,1258031,1,applied_drift,1741718273502,0,-9.260315801988714
1,1,block_2,2,Provo_ID7,3,1078535,1258031,1,applied_drift,1741718273535,0,-9.260315801988714
1,1,block_2,2,Provo_ID7,3,1078535,1258031,1,applied_drift,1741718273559,0,-9.260315801988714
1,1,block_2,2,Provo_ID7,3,1078535,1258031,1,applied_drift,1741718273595,0,-9.260315801988714
1,1,block_2,2,Provo_ID7,3,1078535,1258031,1,applied_drift,1741718273638,0,-9.260315801988714
1,1,block_2,2,Provo_ID7,3,1078535,1258031,1,applied_drift,1741718273660,0,-9.260315801988714
1,1,block_2,2,Provo_ID7,3,1078535,1258031,1,applied_drift,1741718273703,0,-9.260315801988714
1,1,block_2,2,Provo_ID7,3,1078535,1258031,1,applied_drift,1741718273736,0,-9.260315801988714
1,1,block_2,2,Provo_ID7,3,1078535,1258031,1,applied_drift,1741718273773,0,-9.260315801988714
1,1,block_2,2,Provo_ID7,3,1078535,1258031,1,applied_drift,1741718273803,0,-9.260315801988714
1,1,block_2,2,Provo_ID7,3,1078535,1258031,1,applied_drift,1741718273836,0,-9.260315801988714
1,1,block_2,2,Provo_ID7,3,1078535,1258031,1,applied_drift,1741718273865,0,-9.260315801988714
1,1,block_2,2,Provo_ID7,3,1078535,1258031,1,applied_drift,1741718273893,0,-9.260315801988714
1,1,block_2,2,Provo_ID7,3,1078535,1258031,1,applied_drift,1741718273938,0,-9.260315801988714
1,1,block_2,2,Provo_ID7,3,1078535,1258031,1,applied_drift,1741718273978,0,-9.260315801988714
1,1,block_2,2,Provo_ID7,3,1078535,1258031,1,applied_drift,1741718273995,0,-9.260315801988714
1,1,block_2,2,Provo_ID7,3,1078535,1258031,1,applied_drift,1741718274034,0,-9.260315801988714
1,1,block_2,2,Provo_ID7,3,1078535,1258031,1,applied_drift,1741718274061,0,-9.260315801988714
1,1,block_2,2,Provo_ID7,3,1078535,1258031,1,applied_drift,1741718274113,0,-9.260315801988714
1,1,block_2,2,Provo_ID7,3,1078535,1258031,1,applied_drift,1741718274139,0,-9.260315801988714
1,1,block_2,2,Provo_ID7,3,1078535,1258031,1,applied_drift,1741718274164,0,-9.260315801988714
1,1,block_2,2,Provo_ID7,3,1078535,1258031,1,applied_drift,1741718274203,0,-9.260315801988714
1,1,block_2,2,Provo_ID7,3,1078535,1258031,1,applied_drift,1741718274239,0,-9.260315801988714
1,1,block_2,2,Provo_ID7,3,1078535,1258031,1,applied_drift,1741718274259,0,-9.260315801988714
1,1,block_2,2,Provo_ID7,3,1078535,1258031,1,applied_drift,1741718274307,0,-9.260315801988714
1,1,block_2,2,Provo_ID7,3,1078535,1258031,1,applied_drift,1741718274337,0,-9.260315801988714
1,1,block_2,2,Provo_ID7,3,1078535,1258031,1,applied_drift,1741718274378,0,-9.260315801988714
1,1,block_2,2,Provo_ID7,3,1078535,1258031,1,applied_drift,1741718274414,0,-9.260315801988714
1,1,block_2,2,Provo_ID7,3,1078535,1258031,1,applied_drift,1741718274440,0,-9.260315801988714
1,1,block_2,2,Provo_ID7,3,1078535,1258031,1,applied_drift,1741718274469,0,-9.260315801988714
1,1,block_2,2,Provo_ID7,3,1078535,1258031,1,applied_drift,1741718274507,0,-9.260315801988714
1,1,block_2,2,Provo_ID7,3,1078535,1258031,1,applied_drift,1741718274544,0,-9.260315801988714
1,1,block_2,2,Provo_ID7,3,1078535,1258031,1,applied_drift,1741718274571,0,-9.260315801988714
1,1,block_2,2,Provo_ID7,3,1078535,1258031,1,applied_drift,1741718274614,0,-9.260315801988714
1,1,block_2,2,Provo_ID7,3,1078535,1258031,1,applied_drift,1741718274635,0,-9.260315801988714
1,1,block_2,2,Provo_ID7,3,1078535,1258031,1,applied_drift,1741718274662,0,-9.260315801988714
1,1,block_2,2,Provo_ID7,3,1078535,1258031,1,applied_drift,1741718274708,0,-9.260315801988714
1,1,block_2,2,Provo_ID7,3,1078535,1258031,1,applied_drift,1741718274746,0,-9.260315801988714
1,1,block_2,2,Provo_ID7,3,1078535,1258031,1,applied_drift,1741718274771,0,-9.260315801988714
1,1,block_2,2,Provo_ID7,3,1078535,1258031,1,applied_drift,1741718274794,0,-9.260315801988714
1,1,block_2,2,Provo_ID7,3,1078535,1258031,1,applied_drift,1741718274841,0,-9.260315801988714
1,1,block_2,2,Provo_ID7,3,1078535,1258031,1,applied_drift,1741718274880,0,-9.260315801988714
1,1,block_2,2,Provo_ID7,3,1078535,1258031,1,applied_drift,1741718274907,0,-9.260315801988714
1,1,block_2,2,Provo_ID7,3,1078535,1258031,1,applied_drift,1741718274937,0,-9.260315801988714
1,1,block_2,2,Provo_ID7,3,1078535,1258031,1,applied_drift,1741718274973,0,-9.260315801988714
1,1,block_2,2,Provo_ID7,3,1078535,1258031,1,applied_drift,1741718275007,0,-9.260315801988714
1,1,block_2,2,Provo_ID7,3,1078535,1258031,1,applied_drift,1741718275039,0,-9.260315801988714
1,1,block_2,2,Provo_ID7,3,1078535,1258031,1,applied_drift,1741718275072,0,-9.260315801988714
1,1,block_2,2,Provo_ID7,3,1078535,1258031,1,applied_drift,1741718275099,0,-9.260315801988714
1,1,block_2,2,Provo_ID7,3,1078535,1258031,1,applied_drift,1741718275133,0,-9.260315801988714
1,1,block_2,2,Provo_ID7,3,1078535,1258031,1,applied_drift,1741718275178,0,-9.260315801988714
1,1,block_2,2,Provo_ID7,3,1078535,1258031,1,applied_drift,1741718275205,0,-9.260315801988714
1,1,block_2,2,Provo_ID7,3,1078535,1258031,1,applied_drift,1741718275236,0,-9.260315801988714
1,1,block_2,2,Provo_ID7,3,1078535,1258031,1,applied_drift,1741718275277,0,-9.260315801988714
1,1,block_2,2,Provo_ID7,3,1078535,1258031,1,applied_drift,1741718275308,0,-9.260315801988714
1,1,block_2,2,Provo_ID7,3,1078535,1258031,1,applied_drift,1741718275328,0,-9.260315801988714
1,1,block_2,2,Provo_ID7,3,1078535,1258031,1,applied_drift,1741718275376,0,-9.260315801988714
1,1,block_2,2,Provo_ID7,3,1078535,1258031,1,applied_drift,1741718275407,0,-9.260315801988714
1,1,block_2,2,Provo_ID7,3,1078535,1258031,1,applied_drift,1741718275435,0,-9.260315801988714
1,1,block_2,2,Provo_ID7,3,1078535,1258031,1,applied_drift,1741718275478,0,-9.260315801988714
1,1,block_2,2,Provo_ID7,3,1078535,1258031,1,applied_drift,1741718275501,0,-9.260315801988714
1,1,block_2,2,Provo_ID7,3,1078535,1258031,1,applied_drift,1741718275539,0,-9.260315801988714
1,1,block_2,2,Provo_ID7,3,1078535,1258031,1,applied_drift,1741718275579,0,-9.260315801988714
1,1,block_2,2,Provo_ID7,3,1078535,1258031,1,applied_drift,1741718275607,0,-9.260315801988714
1,1,block_2,2,Provo_ID7,3,1078535,1258031,1,applied_drift,1741718275639,0,-9.260315801988714
1,1,block_2,2,Provo_ID7,3,1078535,1258031,1,applied_drift,1741718275678,0,-9.260315801988714
1,1,block_2,2,Provo_ID7,3,1078535,1258031,1,applied_drift,1741718275709,0,-9.260315801988714
1,1,block_2,2,Provo_ID7,3,1078535,1258031,1,applied_drift,1741718275737,0,-9.260315801988714
1,1,block_2,2,Provo_ID7,3,1078535,1258031,1,applied_drift,1741718275775,0,-9.260315801988714
1,1,block_2,2,Provo_ID7,3,1078535,1258031,1,applied_drift,1741718275806,0,-9.260315801988714
1,1,block_2,2,Provo_ID7,3,1078535,1258031,1,applied_drift,1741718275833,0,-9.260315801988714
1,1,block_2,2,Provo_ID7,3,1078535,1258031,1,applied_drift,1741718275873,0,-9.260315801988714
1,1,block_2,2,Provo_ID7,3,1078535,1258031,1,applied_drift,1741718275922,0,-9.260315801988714
1,1,block_2,2,Provo_ID7,3,1078535,1258031,1,applied_drift,1741718275946,0,-9.260315801988714
1,1,block_2,2,Provo_ID7,3,1078535,1258031,1,applied_drift,1741718275984,0,-9.260315801988714
1,1,block_2,2,Provo_ID7,3,1078535,1258031,1,applied_drift,1741718276021,0,-9.260315801988714
1,1,block_2,2,Provo_ID7,3,1078535,1258031,1,applied_drift,1741718276048,0,-9.260315801988714
1,1,block_2,2,Provo_ID7,3,1078535,1258031,1,applied_drift,1741718276084,0,-9.260315801988714
1,1,block_2,2,Provo_ID7,3,1078535,1258031,1,applied_drift,1741718276110,0,-9.260315801988714
1,1,block_2,2,Provo_ID7,3,1078535,1258031,1,applied_drift,1741718276133,0,-9.260315801988714
1,1,block_2,2,Provo_ID7,3,1078535,1258031,1,applied_drift,1741718276177,0,-9.260315801988714
1,1,block_2,2,Provo_ID7,3,1078535,1258031,1,applied_drift,1741718276222,0,-9.260315801988714
1,1,block_2,2,Provo_ID7,3,1078535,1258031,1,applied_drift,1741718276260,0,-9.260315801988714
1,1,block_2,2,Provo_ID7,3,1078535,1258031,1,applied_drift,1741718276286,0,-9.260315801988714
1,1,block_2,2,Provo_ID7,3,1078535,1258031,1,applied_drift,1741718276313,0,-9.260315801988714
1,1,block_2,2,Provo_ID7,3,1078535,1258031,1,applied_drift,1741718276346,0,-9.260315801988714
1,1,block_2,2,Provo_ID7,3,1078535,1258031,1,applied_drift,1741718276375,0,-9.260315801988714
1,1,block_2,2,Provo_ID7,3,1078535,1258031,1,applied_drift,1741718276418,0,-9.260315801988714
1,1,block_2,2,Provo_ID7,3,1078535,1258031,1,applied_drift,1741718276454,0,-9.260315801988714
1,1,block_2,2,Provo_ID7,3,1078535,1258031,1,applied_drift,1741718276478,0,-9.260315801988714
1,1,block_2,2,Provo_ID7,3,1078535,1258031,1,applied_drift,1741718276514,0,-9.260315801988714
1,1,block_2,2,Provo_ID7,3,1078535,1258031,1,applied_drift,1741718276556,0,-9.260315801988714
1,1,block_2,2,Provo_ID7,3,1078535,1258031,1,applied_drift,1741718276599,0,-9.260315801988714
1,1,block_2,2,Provo_ID7,3,1078535,1258031,1,applied_drift,1741718276621,0,-9.260315801988714
1,1,block_2,2,Provo_ID7,3,1078535,1258031,1,applied_drift,1741718276647,0,-9.260315801988714
1,1,block_2,2,Provo_ID7,3,1078535,1258031,1,applied_drift,1741718276684,0,-9.260315801988714
1,1,block_2,2,Provo_ID7,3,1078535,1258031,1,applied_drift,1741718276721,0,-9.260315801988714
1,1,block_2,2,Provo_ID7,3,1078535,1258031,1,applied_drift,1741718276752,0,-9.260315801988714
1,1,block_2,2,Provo_ID7,3,1078535,1258031,1,applied_drift,1741718276786,0,-9.260315801988714
1,1,block_2,2,Provo_ID7,3,1078535,1258031,1,applied_drift,1741718276821,0,-9.260315801988714
1,1,block_2,2,Provo_ID7,3,1078535,1258031,1,applied_drift,1741718276850,0,-9.260315801988714
1,1,block_2,2,Provo_ID7,3,1078535,1258031,1,applied_drift,1741718276878,0,-9.260315801988714
1,1,block_2,2,Provo_ID7,3,1078535,1258031,1,applied_drift,1741718276915,0,-9.260315801988714
1,1,block_2,2,Provo_ID7,3,1078535,1258031,1,applied_drift,1741718276945,0,-9.260315801988714
1,1,block_2,2,Provo_ID7,3,1078535,1258031,1,applied_drift,1741718276982,0,-9.260315801988714
1,1,block_2,2,Provo_ID7,3,1078535,1258031,1,applied_drift,1741718277015,0,-9.260315801988714
1,1,block_2,2,Provo_ID7,3,1078535,1258031,1,applied_drift,1741718277051,0,-9.260315801988714
1,1,block_2,2,Provo_ID7,3,1078535,1258031,1,applied_drift,1741718277083,0,-9.260315801988714
1,1,block_2,2,Provo_ID7,3,1078535,1258031,1,applied_drift,1741718277113,0,-9.260315801988714
1,1,block_2,2,Provo_ID7,3,1078535,1258031,1,applied_drift,1741718277147,0,-9.260315801988714
1,1,block_2,2,Provo_ID7,3,1078535,1258031,1,applied_drift,1741718277181,0,-9.260315801988714
1,1,block_2,2,Provo_ID7,3,1078535,1258031,1,applied_drift,1741718277220,0,-9.260315801988714
1,1,block_2,2,Provo_ID7,3,1078535,1258031,1,applied_drift,1741718277251,0,-9.260315801988714
1,1,block_2,2,Provo_ID7,3,1078535,1258031,1,applied_drift,1741718277289,0,-9.260315801988714
1,1,block_2,2,Provo_ID7,3,1078535,1258031,1,applied_drift,1741718277310,0,-9.260315801988714
1,1,block_2,2,Provo_ID7,3,1078535,1258031,1,applied_drift,1741718277354,0,-9.260315801988714
1,1,block_2,2,Provo_ID7,3,1078535,1258031,1,applied_drift,1741718277378,0,-9.260315801988714
1,1,block_2,2,Provo_ID7,3,1078535,1258031,1,applied_drift,1741718277414,0,-9.260315801988714
1,1,block_2,2,Provo_ID7,3,1078535,1258031,1,applied_drift,1741718277449,0,-9.260315801988714
1,1,block_2,2,Provo_ID7,3,1078535,1258031,1,applied_drift,1741718277480,0,-9.260315801988714
1,1,block_2,2,Provo_ID7,3,1078535,1258031,1,applied_drift,1741718277519,0,-9.260315801988714
1,1,block_2,2,Provo_ID7,3,1078535,1258031,1,applied_drift,1741718277545,0,-9.260315801988714
1,1,block_2,2,Provo_ID7,3,1078535,1258031,1,applied_drift,1741718277585,0,-9.260315801988714
1,1,block_2,2,Provo_ID7,3,1078535,1258031,1,applied_drift,1741718277620,0,-9.260315801988714
1,1,block_2,2,Provo_ID7,3,1078535,1258031,1,applied_drift,1741718277648,0,-9.260315801988714
1,1,block_2,2,Provo_ID7,3,1078535,1258031,1,applied_drift,1741718277682,0,-9.260315801988714
1,1,block_2,2,Provo_ID7,3,1078535,1258031,1,applied_drift,1741718277713,0,-9.260315801988714
1,1,block_2,2,Provo_ID7,3,1078535,1258031,1,applied_drift,1741718277751,0,-9.260315801988714
1,1,block_2,2,Provo_ID7,3,1078535,1258031,1,applied_drift,1741718277794,0,-9.260315801988714
1,1,block_2,2,Provo_ID7,3,1078535,1258031,1,applied_drift,1741718277814,0,-9.260315801988714
1,1,block_2,2,Provo_ID7,3,1078535,1258031,1,applied_drift,1741718277845,0,-9.260315801988714
1,1,block_2,2,Provo_ID7,3,1078535,1258031,1,applied_drift,1741718277880,0,-9.260315801988714
1,1,block_2,2,Provo_ID7,3,1078535,1258031,1,applied_drift,1741718277918,0,-9.260315801988714
1,1,block_2,2,Provo_ID7,3,1078535,1258031,1,applied_drift,1741718277951,0,-9.260315801988714
1,1,block_2,2,Provo_ID7,3,1078535,1258031,1,applied_drift,1741718277984,0,-9.260315801988714
1,1,block_2,2,Provo_ID7,3,1078535,1258031,1,applied_drift,1741718278018,0,-9.260315801988714
1,1,block_2,2,Provo_ID7,3,1078535,1258031,1,applied_drift,1741718278046,0,-9.260315801988714
1,1,block_2,2,Provo_ID7,3,1078535,1258031,1,applied_drift,1741718278088,0,-9.260315801988714
1,1,block_2,2,Provo_ID7,3,1078535,1258031,1,applied_drift,1741718278121,0,-9.260315801988714
1,1,block_2,2,Provo_ID7,3,1078535,1258031,1,applied_drift,1741718278151,0,-9.260315801988714
1,1,block_2,2,Provo_ID7,3,1078535,1258031,1,applied_drift,1741718278183,0,-9.260315801988714
1,1,block_2,2,Provo_ID7,3,1078535,1258031,1,applied_drift,1741718278209,0,-9.260315801988714
1,1,block_2,2,Provo_ID7,3,1078535,1258031,1,applied_drift,1741718278245,0,-9.260315801988714
1,1,block_2,2,Provo_ID7,3,1078535,1258031,1,applied_drift,1741718278282,0,-9.260315801988714
1,1,block_2,2,Provo_ID7,3,1078535,1258031,1,applied_drift,1741718278308,0,-9.260315801988714
1,1,block_2,2,Provo_ID7,3,1078535,1258031,1,applied_drift,1741718278347,0,-9.260315801988714
1,1,block_2,2,Provo_ID7,3,1078535,1258031,1,applied_drift,1741718278371,0,-9.260315801988714
1,1,block_2,2,Provo_ID7,3,1078535,1258031,1,applied_drift,1741718278417,0,-9.260315801988714
1,1,block_2,2,Provo_ID7,3,1078535,1258031,1,applied_drift,1741718278451,0,-9.260315801988714
1,1,block_2,2,Provo_ID7,3,1078535,1258031,1,applied_drift,1741718278480,0,-9.260315801988714
1,1,block_2,2,Provo_ID7,3,1078535,1258031,1,applied_drift,1741718278515,0,-9.260315801988714
1,1,block_2,2,Provo_ID7,3,1078535,1258031,1,applied_drift,1741718278543,0,-9.260315801988714
1,1,block_2,2,Provo_ID7,3,1078535,1258031,1,applied_drift,1741718278588,0,-9.260315801988714
1,1,block_2,2,Provo_ID7,3,1078535,1258031,1,applied_drift,1741718278616,0,-9.260315801988714
1,1,block_2,2,Provo_ID7,3,1078535,1258031,1,applied_drift,1741718278649,0,-9.260315801988714
1,1,block_2,2,Provo_ID7,3,1078535,1258031,1,applied_drift,1741718278684,0,-9.260315801988714
1,1,block_2,2,Provo_ID7,3,1078535,1258031,1,applied_drift,1741718278715,0,-9.260315801988714
1,1,block_2,2,Provo_ID7,3,1078535,1258031,1,applied_drift,1741718278748,0,-9.260315801988714
1,1,block_2,2,Provo_ID7,3,1078535,1258031,1,applied_drift,1741718278783,0,-9.260315801988714
1,1,block_2,2,Provo_ID7,3,1078535,1258031,1,applied_drift,1741718278819,0,-9.260315801988714
1,1,block_2,2,Provo_ID7,3,1078535,1258031,1,applied_drift,1741718278853,0,-9.260315801988714
1,1,block_2,2,Provo_ID7,3,1078535,1258031,1,applied_drift,1741718278887,0,-9.260315801988714
1,1,block_2,2,Provo_ID7,3,1078535,1258031,1,applied_drift,1741718278916,0,-9.260315801988714
1,1,block_2,2,Provo_ID7,3,1078535,1258031,1,applied_drift,1741718278950,0,-9.260315801988714
1,1,block_2,2,Provo_ID7,3,1078535,1258031,1,applied_drift,1741718278976,0,-9.260315801988714
1,1,block_2,2,Provo_ID7,3,1078535,1258031,1,applied_drift,1741718279010,0,-9.260315801988714
1,1,block_2,2,Provo_ID7,3,1078535,1258031,1,applied_drift,1741718279061,0,-9.260315801988714
1,1,block_2,2,Provo_ID7,3,1078535,1258031,1,applied_drift,1741718279098,0,-9.260315801988714
1,1,block_2,2,Provo_ID7,3,1078535,1258031,1,applied_drift,1741718279131,0,-9.260315801988714
1,1,block_2,2,Provo_ID7,3,1078535,1258031,1,applied_drift,1741718279173,0,-9.260315801988714
1,1,block_2,2,Provo_ID7,3,1078535,1258031,1,applied_drift,1741718279192,0,-9.260315801988714
1,1,block_2,2,Provo_ID7,3,1078535,1258031,1,applied_drift,1741718279227,0,-9.260315801988714
1,1,block_2,2,Provo_ID7,3,1078535,1258031,1,applied_drift,1741718279258,0,-9.260315801988714
1,1,block_2,2,Provo_ID7,3,1078535,1258031,1,applied_drift,1741718279297,0,-9.260315801988714
1,1,block_2,2,Provo_ID7,3,1078535,1258031,1,applied_drift,1741718279332,0,-9.260315801988714
1,1,block_2,2,Provo_ID7,3,1078535,1258031,1,applied_drift,1741718279371,0,-9.260315801988714
1,1,block_2,2,Provo_ID7,3,1078535,1258031,1,applied_drift,1741718279396,0,-9.260315801988714
1,1,block_2,2,Provo_ID7,3,1078535,1258031,1,applied_drift,1741718279430,0,-9.260315801988714
1,1,block_2,2,Provo_ID7,3,1078535,1258031,1,applied_drift,1741718279456,0,-9.260315801988714
1,1,block_2,2,Provo_ID7,3,1078535,1258031,1,applied_drift,1741718279489,0,-9.260315801988714
1,1,block_2,2,Provo_ID7,3,1078535,1258031,1,applied_drift,1741718279527,0,-9.260315801988714
1,1,block_2,2,Provo_ID7,3,1078535,1258031,1,applied_drift,1741718279559,0,-9.260315801988714
1,1,block_2,2,Provo_ID7,3,1078535,1258031,1,applied_drift,1741718279595,0,-9.260315801988714
1,1,block_2,2,Provo_ID7,3,1078535,1258031,1,applied_drift,1741718279633,0,-9.260315801988714
1,1,block_2,2,Provo_ID7,3,1078535,1258031,1,applied_drift,1741718279673,0,-9.260315801988714
1,1,block_2,2,Provo_ID7,3,1078535,1258031,1,applied_drift,1741718279690,0,-9.260315801988714
1,1,block_2,2,Provo_ID7,3,1078535,1258031,1,applied_drift,1741718279723,0,-9.260315801988714
1,1,block_2,2,Provo_ID7,3,1078535,1258031,1,applied_drift,1741718279763,0,-9.260315801988714
1,1,block_2,2,Provo_ID7,3,1078535,1258031,1,applied_drift,1741718279794,0,-9.260315801988714
1,1,block_2,2,Provo_ID7,3,1078535,1258031,1,applied_drift,1741718279829,0,-9.260315801988714
1,1,block_2,2,Provo_ID7,3,1078535,1258031,1,applied_drift,1741718279862,0,-9.260315801988714
1,1,block_2,2,Provo_ID7,3,1078535,1258031,1,applied_drift,1741718279900,0,-9.260315801988714
1,1,block_2,2,Provo_ID7,3,1078535,1258031,1,applied_drift,1741718279928,0,-9.260315801988714
1,1,block_2,2,Provo_ID7,3,1078535,1258031,1,applied_drift,1741718279966,0,-9.260315801988714
1,1,block_2,2,Provo_ID7,3,1078535,1258031,1,applied_drift,1741718279987,0,-9.260315801988714
1,1,block_2,2,Provo_ID7,3,1078535,1258031,1,applied_drift,1741718280033,0,-9.260315801988714
1,1,block_2,2,Provo_ID7,3,1078535,1258031,1,applied_drift,1741718280063,0,-9.260315801988714
1,1,block_2,2,Provo_ID7,3,1078535,1258031,1,applied_drift,1741718280097,0,-9.260315801988714
1,1,block_2,2,Provo_ID7,3,1078535,1258031,1,applied_drift,1741718280124,0,-9.260315801988714
1,1,block_2,2,Provo_ID7,3,1078535,1258031,1,applied_drift,1741718280163,0,-9.260315801988714
1,1,block_2,2,Provo_ID7,3,1078535,1258031,1,applied_drift,1741718280202,0,-9.260315801988714
1,1,block_2,2,Provo_ID7,3,1078535,1258031,1,applied_drift,1741718280243,0,-9.260315801988714
1,1,block_2,2,Provo_ID7,3,1078535,1258031,1,applied_drift,1741718280274,0,-9.260315801988714
1,1,block_2,2,Provo_ID7,3,1078535,1258031,1,applied_drift,1741718280294,0,-9.260315801988714
1,1,block_2,2,Provo_ID7,3,1078535,1258031,1,applied_drift,1741718280336,0,-9.260315801988714
1,1,block_2,2,Provo_ID7,3,1078535,1258031,1,applied_drift,1741718280368,0,-9.260315801988714
1,1,block_2,2,Provo_ID7,3,1078535,1258031,1,applied_drift,1741718280411,0,-9.260315801988714
1,1,block_2,2,Provo_ID7,3,1078535,1258031,1,applied_drift,1741718280438,0,-9.260315801988714
1,1,block_2,2,Provo_ID7,3,1078535,1258031,1,applied_drift,1741718280465,0,-9.260315801988714
1,1,block_2,2,Provo_ID7,3,1078535,1258031,1,applied_drift,1741718280495,0,-9.260315801988714
1,1,block_2,2,Provo_ID7,3,1078535,1258031,1,applied_drift,1741718280537,0,-9.260315801988714
1,1,block_2,2,Provo_ID7,3,1078535,1258031,1,applied_drift,1741718280568,0,-9.260315801988714
1,1,block_2,2,Provo_ID7,3,1078535,1258031,1,applied_drift,1741718280596,0,-9.260315801988714
1,1,block_2,2,Provo_ID7,3,1078535,1258031,1,applied_drift,1741718280637,0,-9.260315801988714
1,1,block_2,2,Provo_ID7,3,1078535,1258031,1,applied_drift,1741718280668,0,-9.260315801988714
1,1,block_2,2,Provo_ID7,3,1078535,1258031,1,applied_drift,1741718280693,0,-9.260315801988714
1,1,block_2,2,Provo_ID7,3,1078535,1258031,1,applied_drift,1741718280735,0,-9.260315801988714
1,1,block_2,2,Provo_ID7,3,1078535,1258031,1,applied_drift,1741718280768,0,-9.260315801988714
1,1,block_2,2,Provo_ID7,3,1078535,1258031,1,applied_drift,1741718280797,0,-9.260315801988714
1,1,block_2,2,Provo_ID7,3,1078535,1258031,1,applied_drift,1741718280835,0,-9.260315801988714
1,1,block_2,2,Provo_ID7,3,1078535,1258031,1,applied_drift,1741718280867,0,-9.260315801988714
1,1,block_2,2,Provo_ID7,3,1078535,1258031,1,applied_drift,1741718280899,0,-9.260315801988714
1,1,block_2,2,Provo_ID7,3,1078535,1258031,1,applied_drift,1741718280932,0,-9.260315801988714
1,1,block_2,2,Provo_ID7,3,1078535,1258031,1,applied_drift,1741718280967,0,-9.260315801988714
1,1,block_2,2,Provo_ID7,3,1078535,1258031,1,applied_drift,1741718280996,0,-9.260315801988714
1,1,block_2,2,Provo_ID7,3,1078535,1258031,1,applied_drift,1741718281031,0,-9.260315801988714
1,1,block_2,2,Provo_ID7,3,1078535,1258031,1,applied_drift,1741718281064,0,-9.260315801988714
1,1,block_2,2,Provo_ID7,3,1078535,1258031,1,applied_drift,1741718281094,0,-9.260315801988714
1,1,block_2,2,Provo_ID7,3,1078535,1258031,1,applied_drift,1741718281128,0,-9.260315801988714
1,1,block_2,2,Provo_ID7,3,1078535,1258031,1,applied_drift,1741718281165,0,-9.260315801988714
1,1,block_2,2,Provo_ID7,3,1078535,1258031,1,applied_drift,1741718281204,0,-9.260315801988714
1,1,block_2,2,Provo_ID7,3,1078535,1258031,1,applied_drift,1741718281232,0,-9.260315801988714
1,1,block_2,2,Provo_ID7,3,1078535,1258031,1,applied_drift,1741718281267,0,-9.260315801988714
1,1,block_2,2,Provo_ID7,3,1078535,1258031,1,applied_drift,1741718281295,0,-9.260315801988714
1,1,block_2,2,Provo_ID7,3,1078535,1258031,1,applied_drift,1741718281333,0,-9.260315801988714
1,1,block_2,2,Provo_ID7,3,1078535,1258031,1,applied_drift,1741718281372,0,-9.260315801988714
1,1,block_2,2,Provo_ID7,3,1078535,1258031,1,applied_drift,1741718281396,0,-9.260315801988714
1,1,block_2,2,Provo_ID7,3,1078535,1258031,1,applied_drift,1741718281425,0,-9.260315801988714
1,1,block_2,2,Provo_ID7,3,1078535,1258031,1,applied_drift,1741718281455,0,-9.260315801988714
1,1,block_2,2,Provo_ID7,3,1078535,1258031,1,applied_drift,1741718281487,0,-9.260315801988714
1,1,block_2,2,Provo_ID7,3,1078535,1258031,1,applied_drift,1741718281529,0,-9.260315801988714
1,1,block_2,2,Provo_ID7,3,1078535,1258031,1,applied_drift,1741718281562,0,-9.260315801988714
1,1,block_2,2,Provo_ID7,3,1078535,1258031,1,applied_drift,1741718281596,0,-9.260315801988714
1,1,block_2,2,Provo_ID7,3,1078535,1258031,1,applied_drift,1741718281620,0,-9.260315801988714
1,1,block_2,2,Provo_ID7,3,1078535,1258031,1,applied_drift,1741718281661,0,-9.260315801988714
1,1,block_2,2,Provo_ID7,3,1078535,1258031,1,applied_drift,1741718281687,0,-9.260315801988714
1,1,block_2,2,Provo_ID7,3,1078535,1258031,1,applied_drift,1741718281731,0,-9.260315801988714
1,1,block_2,2,Provo_ID7,3,1078535,1258031,1,applied_drift,1741718281762,0,-9.260315801988714
1,1,block_2,2,Provo_ID7,3,1078535,1258031,1,applied_drift,1741718281796,0,-9.260315801988714
1,1,block_2,2,Provo_ID7,3,1078535,1258031,1,applied_drift,1741718281828,0,-9.260315801988714
1,1,block_2,2,Provo_ID7,3,1078535,1258031,1,applied_drift,1741718281877,0,-9.260315801988714
1,1,block_2,2,Provo_ID7,3,1078535,1258031,1,applied_drift,1741718281896,0,-9.260315801988714
1,1,block_2,2,Provo_ID7,3,1078535,1258031,1,applied_drift,1741718281929,0,-9.260315801988714
1,1,block_2,2,Provo_ID7,3,1078535,1258031,1,applied_drift,1741718281959,0,-9.260315801988714
1,1,block_2,2,Provo_ID7,3,1078535,1258031,1,applied_drift,1741718282005,0,-9.260315801988714
1,1,block_2,2,Provo_ID7,3,1078535,1258031,1,applied_drift,1741718282034,0,-9.260315801988714
1,1,block_2,2,Provo_ID7,3,1078535,1258031,1,applied_drift,1741718282062,0,-9.260315801988714
1,1,block_2,2,Provo_ID7,3,1078535,1258031,1,applied_drift,1741718282098,0,-9.260315801988714
1,1,block_2,2,Provo_ID7,3,1078535,1258031,1,applied_drift,1741718282130,0,-9.260315801988714
1,1,block_2,2,Provo_ID7,3,1078535,1258031,1,applied_drift,1741718282169,0,-9.260315801988714
1,1,block_2,2,Provo_ID7,3,1078535,1258031,1,applied_drift,1741718282216,0,-9.260315801988714
1,1,block_2,2,Provo_ID7,3,1078535,1258031,1,applied_drift,1741718282245,0,-9.260315801988714
1,1,block_2,2,Provo_ID7,3,1078535,1258031,1,applied_drift,1741718282277,0,-9.260315801988714
1,1,block_2,2,Provo_ID7,3,1078535,1258031,1,applied_drift,1741718282313,0,-9.260315801988714
1,1,block_2,2,Provo_ID7,3,1078535,1258031,1,applied_drift,1741718282346,0,-9.260315801988714
1,1,block_2,2,Provo_ID7,3,1078535,1258031,1,applied_drift,1741718282375,0,-9.260315801988714
1,1,block_2,2,Provo_ID7,3,1078535,1258031,1,error_trial,1741718166882,""
1,1,block_2,2,Provo_ID7,3,1078535,1258031,1,error_trial,1741718261138,40.67626423535792
1,1,block_2,2,Provo_ID7,3,1078535,1258031,1,error_trial_x,1741718166882,""
1,1,block_2,2,Provo_ID7,3,1078535,1258031,1,error_trial_x,1741718261138,35.05951832449272
1,1,block_2,2,Provo_ID7,3,1078535,1258031,1,error_trial_y,1741718166882,""
1,1,block_2,2,Provo_ID7,3,1078535,1258031,1,error_trial_y,1741718261138,18.579128041960413
1,1,block_2,2,Provo_ID7,3,1078535,1258031,1,error_calibration,1741718166882,""
1,1,block_2,2,Provo_ID7,3,1078535,1258031,1,error_calibration,1741718261138,626.9376609951194
1,1,block_2,2,Provo_ID7,3,1078535,1258031,1,error_calibration_x,1741718166882,""
1,1,block_2,2,Provo_ID7,3,1078535,1258031,1,error_calibration_x,1741718261138,523.9819177060738
1,1,block_2,2,Provo_ID7,3,1078535,1258031,1,error_calibration_y,1741718166882,""
1,1,block_2,2,Provo_ID7,3,1078535,1258031,1,error_calibration_y,1741718261138,303.8460886659436
1,1,block_2,2,Provo_ID7,3,1078535,1258031,1,gaze_conf,"",
1,1,block_2,2,Provo_ID3,5,1078535,1258031,1,gaze_data,1741718335393,
1,1,block_2,2,Provo_ID3,5,1078535,1258031,1,gaze_data,1741718358730,755.5791139602661,405.58124467762843,1741718358691.3,0.7881788617869181
1,1,block_2,2,Provo_ID3,5,1078535,1258031,1,gaze_data,1741718358759,753.5780191421509,424.97309686822126,1741718358720.7002,0.8503506869289355
1,1,block_2,2,Provo_ID3,5,1078535,1258031,1,gaze_data,1741718358789,747.9151010513306,419.89887593366575,1741718358752.3,0.821348423020709
1,1,block_2,2,Provo_ID3,5,1078535,1258031,1,gaze_data,1741718358828,756.6654205322266,409.2290750036012,1741718358799.7002,0.8139545249458062
1,1,block_2,2,Provo_ID3,5,1078535,1258031,1,gaze_data,1741718358855,754.979133605957,417.81461637087347,1741718358832.6,0.850691850078359
1,1,block_2,2,Provo_ID3,5,1078535,1258031,1,gaze_data,1741718358887,745.7384347915649,417.06597913630355,1741718358864.5,0.8758865977196576
1,1,block_2,2,Provo_ID3,5,1078535,1258031,1,gaze_data,1741718358924,751.9356966018677,419.1029033536766,1741718358898.7002,0.8245585563755593
1,1,block_2,2,Provo_ID3,5,1078535,1258031,1,gaze_data,1741718358953,750.8492946624756,415.014264485324,1741718358928.5,0.8448789499479313
1,1,block_2,2,Provo_ID3,5,1078535,1258031,1,gaze_data,1741718358991,738.9866828918457,422.36572067029044,1741718358959.9001,0.8709308779989035
1,1,block_2,2,Provo_ID3,5,1078535,1258031,1,gaze_data,1741718359026,571.8980550765991,295.935977100033,1741718358992,0.8564540775612802
1,1,block_2,2,Provo_ID3,5,1078535,1258031,1,gaze_data,1741718359050,309.65285897254944,214.65377145630677,1741718359023.8,0.6621099339582825
1,1,block_2,2,Provo_ID3,5,1078535,1258031,1,gaze_data,1741718359087,178.13432216644287,189.0192131158328,1741718359056,0.8144394446291638
1,1,block_2,2,Provo_ID3,5,1078535,1258031,1,gaze_data,1741718359121,146.77248001098633,158.95263357431406,1741718359088,1
1,1,block_2,2,Provo_ID3,5,1078535,1258031,1,gaze_data,1741718359164,112.38808631896973,112.83462425116086,1741718359136.8,1
1,1,block_2,2,Provo_ID3,5,1078535,1258031,1,gaze_data,1741718359193,97.72939682006836,108.28079422228765,1741718359168,1
1,1,block_2,2,Provo_ID3,5,1078535,1258031,1,gaze_data,1741718359232,112.74158954620361,119.94206807101368,1741718359200.5,1
1,1,block_2,2,Provo_ID3,5,1078535,1258031,1,gaze_data,1741718359260,120.57247161865234,101.82695202610239,1741718359232.8,1
1,1,block_2,2,Provo_ID3,5,1078535,1258031,1,gaze_data,1741718359298,127.82807350158691,120.10815138413436,1741718359264,1
1,1,block_2,2,Provo_ID3,5,1078535,1258031,1,gaze_data,1741718359333,120.0657606124878,125.04093228089835,1741718359296.8,1
1,1,block_2,2,Provo_ID3,5,1078535,1258031,1,gaze_data,1741718359359,124.70099925994873,119.13577346636261,1741718359328,1
1,1,block_2,2,Provo_ID3,5,1078535,1258031,1,gaze_data,1741718359389,124.91979598999023,111.92229430225562,1741718359360.5,1
1,1,block_2,2,Provo_ID3,5,1078535,1258031,1,gaze_data,1741718359429,124.07724857330322,101.69260186383626,1741718359391.7002,1
1,1,block_2,2,Provo_ID3,5,1078535,1258031,1,gaze_data,1741718359462,59.45754051208496,106.29351402828854,1741718359425.5,1
1,1,block_2,2,Provo_ID3,5,1078535,1258031,1,gaze_data,1741718359491,45.386338233947754,119.91997178878287,1741718359456.1,1
1,1,block_2,2,Provo_ID3,5,1078535,1258031,1,gaze_data,1741718359527,39.472103118896484,120.9739428538821,1741718359504.9001,1
1,1,block_2,2,Provo_ID3,5,1078535,1258031,1,gaze_data,1741718359568,42.75989532470703,128.3691298677192,1741718359536.8,1
1,1,block_2,2,Provo_ID3,5,1078535,1258031,1,gaze_data,1741718359597,45.93706130981445,127.25747909049409,1741718359567.9001,1
1,1,block_2,2,Provo_ID3,5,1078535,1258031,1,gaze_data,1741718359630,48.08619022369385,145.33660954870527,1741718359601.1,1
1,1,block_2,2,Provo_ID3,5,1078535,1258031,1,gaze_data,1741718359662,54.06057834625244,143.2710204879529,1741718359632.6,1
1,1,block_2,2,Provo_ID3,5,1078535,1258031,1,gaze_data,1741718359690,198.68693351745605,105.32026477077261,1741718359664.7002,1
1,1,block_2,2,Provo_ID3,5,1078535,1258031,1,gaze_data,1741718359730,278.31408977508545,129.6511014992141,1741718359696.7002,1
1,1,block_2,2,Provo_ID3,5,1078535,1258031,1,gaze_data,1741718359761,277.335000038147,123.68363816929484,1741718359728.3,1
1,1,block_2,2,Provo_ID3,5,1078535,1258031,1,gaze_data,1741718359791,287.3486518859863,108.75821392861985,1741718359759.8,1
1,1,block_2,2,Provo_ID3,5,1078535,1258031,1,gaze_data,1741718359822,284.028959274292,101.53702675908352,1741718359791.4001,1
1,1,block_2,2,Provo_ID3,5,1078535,1258031,1,gaze_data,1741718359870,277.53076553344727,109.15967068289469,1741718359840.3,1
1,1,block_2,2,Provo_ID3,5,1078535,1258031,1,gaze_data,1741718359900,266.943883895874,122.78503368319761,1741718359872.5,1
1,1,block_2,2,Provo_ID3,5,1078535,1258031,1,gaze_data,1741718359926,212.6882553100586,126.63199865378424,1741718359903.8,1
1,1,block_2,2,Provo_ID3,5,1078535,1258031,1,gaze_data,1741718359972,57.45744705200195,220.55061903020564,1741718359936.3,1
1,1,block_2,2,Provo_ID3,5,1078535,1258031,1,gaze_data,1741718360004,37.691354751586914,209.42517071639122,1741718359968.6,1
1,1,block_2,2,Provo_ID3,5,1078535,1258031,1,gaze_data,1741718360036,61.02004051208496,230.09052271439558,1741718360000.8,1
1,1,block_2,2,Provo_ID3,5,1078535,1258031,1,gaze_data,1741718360071,53.926753997802734,228.39311425959986,1741718360032.7002,1
1,1,block_2,2,Provo_ID3,5,1078535,1258031,1,gaze_data,1741718360103,55.231261253356934,254.01539750833572,1741718360068.5,1
1,1,block_2,2,Provo_ID3,5,1078535,1258031,1,gaze_data,1741718360132,54.63662147521973,250.35533118920316,1741718360096.8,1
1,1,block_2,2,Provo_ID3,5,1078535,1258031,1,gaze_data,1741718360161,53.59015464782715,246.44383680794607,1741718360127.8,1
1,1,block_2,2,Provo_ID3,5,1078535,1258031,1,gaze_data,1741718360197,165.9846544265747,198.0242524384935,1741718360160.4001,1
1,1,block_2,2,Provo_ID3,5,1078535,1258031,1,gaze_data,1741718360228,192.73223876953125,214.0089148813111,1741718360208.8,1
1,1,block_2,2,Provo_ID3,5,1078535,1258031,1,gaze_data,1741718360273,176.10666751861572,208.246158674327,1741718360240.8,1
1,1,block_2,2,Provo_ID3,5,1078535,1258031,1,gaze_data,1741718360296,183.01057815551758,213.77676986561937,1741718360274,1
1,1,block_2,2,Provo_ID3,5,1078535,1258031,1,gaze_data,1741718360332,179.40850257873535,216.78407611143564,1741718360307.2002,1
1,1,block_2,2,Provo_ID3,5,1078535,1258031,1,gaze_data,1741718360368,191.76123142242432,215.88305868450834,1741718360336.2002,1
1,1,block_2,2,Provo_ID3,5,1078535,1258031,1,gaze_data,1741718360402,180.01034259796143,209.75350568196262,1741718360367.7002,1
1,1,block_2,2,Provo_ID3,5,1078535,1258031,1,gaze_data,1741718360437,181.8568468093872,207.9594692801188,1741718360400.2002,1
1,1,block_2,2,Provo_ID3,5,1078535,1258031,1,gaze_data,1741718360470,443.25050711631775,178.7020739143686,1741718360434.2002,1
1,1,block_2,2,Provo_ID3,5,1078535,1258031,1,gaze_data,1741718360498,489.2801821231842,186.42494052713192,1741718360465.5,1
1,1,block_2,2,Provo_ID3,5,1078535,1258031,1,gaze_data,1741718360529,488.78716826438904,181.5478546241876,1741718360496.8,1
1,1,block_2,2,Provo_ID3,5,1078535,1258031,1,gaze_data,1741718360565,484.1940641403198,196.104936744541,1741718360545.3,1
1,1,block_2,2,Provo_ID3,5,1078535,1258031,1,gaze_data,1741718360595,492.3755407333374,204.61447419934055,1741718360576.7002,1
1,1,block_2,2,Provo_ID3,5,1078535,1258031,1,gaze_data,1741718360641,491.9857978820801,204.79080878731486,1741718360608.4001,1
1,1,block_2,2,Provo_ID3,5,1078535,1258031,1,gaze_data,1741718360668,518.1167840957642,200.64598712383278,1741718360640,1
1,1,block_2,2,Provo_ID3,5,1078535,1258031,1,gaze_data,1741718360698,539.0626192092896,205.14180603358338,1741718360672.9001,1
1,1,block_2,2,Provo_ID3,5,1078535,1258031,1,gaze_data,1741718360727,551.7349481582642,216.4178173867844,1741718360704.9001,1
1,1,block_2,2,Provo_ID3,5,1078535,1258031,1,gaze_data,1741718360770,563.6962652206421,229.97385674598678,1741718360738.8,1
1,1,block_2,2,Provo_ID3,5,1078535,1258031,1,gaze_data,1741718360802,574.7735977172852,237.10851131447484,1741718360768.7002,1
1,1,block_2,2,Provo_ID3,5,1078535,1258031,1,gaze_data,1741718360827,447.0897674560547,247.80932858812577,1741718360799.8,1
1,1,block_2,2,Provo_ID3,5,1078535,1258031,1,gaze_data,1741718360868,144.90149021148682,318.9050736499712,1741718360833.8,1
1,1,block_2,2,Provo_ID3,5,1078535,1258031,1,gaze_data,1741718360898,94.03116703033447,324.6467408285741,1741718360864.6,0.9845782372582543
1,1,block_2,2,Provo_ID3,5,1078535,1258031,1,gaze_data,1741718360928,114.61849212646484,305.786822933437,1741718360912.1,1
1,1,block_2,2,Provo_ID3,5,1078535,1258031,1,gaze_data,1741718360969,143.68770122528076,310.72780336061425,1741718360945.2002,1
1,1,block_2,2,Provo_ID3,5,1078535,1258031,1,gaze_data,1741718361007,143.30477714538574,309.103588840708,1741718360978.8,1
1,1,block_2,2,Provo_ID3,5,1078535,1258031,1,gaze_data,1741718361041,113.98558616638184,309.77148937299813,1741718361007.8,1
1,1,block_2,2,Provo_ID3,5,1078535,1258031,1,gaze_data,1741718361070,80.06889820098877,314.37733912933413,1741718361040.3,1
1,1,block_2,2,Provo_ID3,5,1078535,1258031,1,gaze_data,1741718361101,62.31093406677246,308.61075312351716,1741718361072.4001,1
1,1,block_2,2,Provo_ID3,5,1078535,1258031,1,gaze_data,1741718361133,56.975388526916504,319.26407307192454,1741718361105.2002,1
1,1,block_2,2,Provo_ID3,5,1078535,1258031,1,gaze_data,1741718361167,55.03065586090088,322.6529218628194,1741718361136.9001,1
1,1,block_2,2,Provo_ID3,5,1078535,1258031,1,gaze_data,1741718361202,57.831430435180664,325.51588360503024,1741718361170,1
1,1,block_2,2,Provo_ID3,5,1078535,1258031,1,gaze_data,1741718361238,301.5784800052643,238.66314898344027,1741718361200.8,1
1,1,block_2,2,Provo_ID3,5,1078535,1258031,1,gaze_data,1741718361281,360.43474078178406,295.8177281046638,1741718361250.8,1
1,1,block_2,2,Provo_ID3,5,1078535,1258031,1,gaze_data,1741718361305,349.4276285171509,292.40477224751305,1741718361279.9001,1
1,1,block_2,2,Provo_ID3,5,1078535,1258031,1,gaze_data,1741718361350,371.71099185943604,306.76737059222904,1741718361312.6,1
1,1,block_2,2,Provo_ID3,5,1078535,1258031,1,gaze_data,1741718361375,387.3766005039215,312.47942711422604,1741718361345.3,1
1,1,block_2,2,Provo_ID3,5,1078535,1258031,1,gaze_data,1741718361408,386.9030624628067,308.08316807943413,1741718361377.2002,1
1,1,block_2,2,Provo_ID3,5,1078535,1258031,1,gaze_data,1741718361442,382.70469307899475,317.2344844925688,1741718361409.3,1
1,1,block_2,2,Provo_ID3,5,1078535,1258031,1,gaze_data,1741718361480,430.8097302913666,278.4108511537895,1741718361441.2002,1
1,1,block_2,2,Provo_ID3,5,1078535,1258031,1,gaze_data,1741718361513,451.4016628265381,288.51079216748155,1741718361474,1
1,1,block_2,2,Provo_ID3,5,1078535,1258031,1,gaze_data,1741718361544,460.5732023715973,304.2220531471898,1741718361506.6,1
1,1,block_2,2,Provo_ID3,5,1078535,1258031,1,gaze_data,1741718361577,455.60210943222046,314.5420819197715,1741718361536.5,1
1,1,block_2,2,Provo_ID3,5,1078535,1258031,1,gaze_data,1741718361610,471.89905643463135,314.11026977406664,1741718361568.6,1
1,1,block_2,2,Provo_ID3,5,1078535,1258031,1,gaze_data,1741718361658,483.61196517944336,315.7143243222847,1741718361616.5,1
1,1,block_2,2,Provo_ID3,5,1078535,1258031,1,gaze_data,1741718361688,515.5046701431274,309.5970203457582,1741718361648.9001,1
1,1,block_2,2,Provo_ID3,5,1078535,1258031,1,gaze_data,1741718361716,535.6583595275879,337.1604381569554,1741718361679.9001,0.9947193669911001
1,1,block_2,2,Provo_ID3,5,1078535,1258031,1,gaze_data,1741718361751,534.1078281402588,330.6418933992531,1741718361712.9001,0.964525232762706
1,1,block_2,2,Provo_ID3,5,1078535,1258031,1,gaze_data,1741718361785,540.0577068328857,331.7337565722021,1741718361744,0.9519021117095452
1,1,block_2,2,Provo_ID3,5,1078535,1258031,1,gaze_data,1741718361819,523.7082242965698,343.64121741172806,1741718361777.2002,1
1,1,block_2,2,Provo_ID3,5,1078535,1258031,1,gaze_data,1741718361841,249.43275451660156,353.76849391713836,1741718361810.8,1
1,1,block_2,2,Provo_ID3,5,1078535,1258031,1,gaze_data,1741718361881,73.33319187164307,393.27073335130405,1741718361840.5,0.6510912894080899
1,1,block_2,2,Provo_ID3,5,1078535,1258031,1,gaze_data,1741718361908,48.48606586456299,393.77905955283603,1741718361873.6,0.6510912894080899
1,1,block_2,2,Provo_ID3,5,1078535,1258031,1,gaze_data,1741718361942,91.05780124664307,379.63849644857476,1741718361906.4001,0.8220134018764542
1,1,block_2,2,Provo_ID3,5,1078535,1258031,1,gaze_data,1741718361982,60.4511022567749,358.79211756774504,1741718361954.8,0.9742200405920545
1,1,block_2,2,Provo_ID3,5,1078535,1258031,1,gaze_data,1741718362017,95.96879482269287,360.7143377275115,1741718361987.6,0.8368255732563229
1,1,block_2,2,Provo_ID3,5,1078535,1258031,1,gaze_data,1741718362049,82.53731727600098,369.6636820563525,1741718362016.3,0.7221157417531081
1,1,block_2,2,Provo_ID3,5,1078535,1258031,1,gaze_data,1741718362077,86.91556453704834,373.19144623398523,1741718362048,0.9833539062418728
1,1,block_2,2,Provo_ID3,5,1078535,1258031,1,gaze_data,1741718362114,100.79081058502197,389.3843942505677,1741718362080.7002,1
1,1,block_2,2,Provo_ID3,5,1078535,1258031,1,gaze_data,1741718362157,68.90435218811035,371.1864711405657,1741718362112.4001,0.8943048556763085
1,1,block_2,2,Provo_ID3,5,1078535,1258031,1,gaze_data,1741718362180,68.77110004425049,380.39705355100153,1741718362145.7002,0.8943048556763085
1,1,block_2,2,Provo_ID3,5,1078535,1258031,1,gaze_data,1741718362212,237.96162605285645,384.31909523920484,1741718362176.8,0.9206406040858628
1,1,block_2,2,Provo_ID3,5,1078535,1258031,1,gaze_data,1741718362252,239.8998737335205,386.2485542214615,1741718362208.9001,1
1,1,block_2,2,Provo_ID3,5,1078535,1258031,1,gaze_data,1741718362290,247.16064929962158,398.174454695232,1741718362241.9001,0.9273271674008816
1,1,block_2,2,Provo_ID3,5,1078535,1258031,1,gaze_data,1741718362315,245.399808883667,395.41060971075956,1741718362275.1,0.9250675011412124
1,1,block_2,2,Provo_ID3,5,1078535,1258031,1,gaze_data,1741718362355,243.4504508972168,406.8229857339259,1741718362323.2002,1
1,1,block_2,2,Provo_ID3,5,1078535,1258031,1,gaze_data,1741718362389,255.48803806304932,406.52031060671857,1741718362352.5,0.9828095450609768
1,1,block_2,2,Provo_ID3,5,1078535,1258031,1,gaze_data,1741718362421,243.16978454589844,409.5090655080667,1741718362385.5,0.9950796330283409
1,1,block_2,2,Provo_ID3,5,1078535,1258031,1,gaze_data,1741718362455,318.5328543186188,382.3792993375898,1741718362417,0.9978390456583681
1,1,block_2,2,Provo_ID3,5,1078535,1258031,1,gaze_data,1741718362484,386.86174154281616,415.32356775246575,1741718362449.4001,0.8939742786576308
1,1,block_2,2,Provo_ID3,5,1078535,1258031,1,gaze_data,1741718362524,401.94804072380066,426.3625933136185,1741718362481.4001,0.9724474675442383
1,1,block_2,2,Provo_ID3,5,1078535,1258031,1,gaze_data,1741718362548,402.72789150476456,421.2040237128864,1741718362513.4001,0.9724474675442383
1,1,block_2,2,Provo_ID3,5,1078535,1258031,1,gaze_data,1741718362585,411.6147071123123,405.35806254554467,1741718362545.7002,0.9233624102589713
1,1,block_2,2,Provo_ID3,5,1078535,1258031,1,gaze_data,1741718362623,405.8796912431717,397.7626163375093,1741718362577.1,0.8638897185669467
1,1,block_2,2,Provo_ID3,5,1078535,1258031,1,gaze_data,1741718362658,398.48829209804535,412.55200731521575,1741718362609.5,0.932310610360898
1,1,block_2,2,Provo_ID3,5,1078535,1258031,1,gaze_data,1741718362682,461.65327429771423,381.0734068235451,1741718362659.3,0.932310610360898
1,1,block_2,2,Provo_ID3,5,1078535,1258031,1,gaze_data,1741718362716,516.9877290725708,380.96942694740545,1741718362688.5,0.983759435625315
1,1,block_2,2,Provo_ID3,5,1078535,1258031,1,gaze_data,1741718362757,521.2958335876465,389.95252265847427,1741718362721.2002,0.9465598997345418
1,1,block_2,2,Provo_ID3,5,1078535,1258031,1,gaze_data,1741718362789,531.6360950469971,394.4186973985519,1741718362753.3,0.7913166106446936
1,1,block_2,2,Provo_ID3,5,1078535,1258031,1,gaze_data,1741718362826,542.7148103713989,401.64929801626477,1741718362785.7002,0.7342332285819866
1,1,block_2,2,Provo_ID3,5,1078535,1258031,1,gaze_data,1741718362854,542.3203229904175,402.3106523294511,1741718362821.2002,0.7342332285819866
1,1,block_2,2,Provo_ID3,5,1078535,1258031,1,gaze_data,1741718362884,528.6134719848633,407.1648637022734,1741718362848.6,0.6555434848287921
1,1,block_2,2,Provo_ID3,5,1078535,1258031,1,gaze_data,1741718362924,537.1013402938843,416.99138649632255,1741718362881.1,0.8244199973981065
1,1,block_2,2,Provo_ID3,5,1078535,1258031,1,gaze_data,1741718362965,481.1362326145172,393.0664079049663,1741718362914,0.7348032651219856
1,1,block_2,2,Provo_ID3,5,1078535,1258031,1,gaze_data,1741718362989,328.3845365047455,260.7925812230969,1741718362946.3,0.7208099379614589
1,1,block_2,2,Provo_ID3,5,1078535,1258031,1,gaze_data,1741718363015,220.99149227142334,258.2179882521226,1741718362978.2002,0.7208099379614589
1,1,block_2,2,Provo_ID3,5,1078535,1258031,1,gaze_data,1741718363054,127.06537246704102,215.90487941485424,1741718363026.4001,0.34701102620944774
1,1,block_2,2,Provo_ID3,5,1078535,1258031,1,gaze_data,1741718363088,127.8740406036377,193.85362198968255,1741718363059.7002,0.6000188912247201
1,1,block_2,2,Provo_ID3,5,1078535,1258031,1,gaze_data,1741718363121,132.14802742004395,184.79394892032647,1741718363090.1,0.9534740098827901
1,1,block_2,2,Provo_ID3,5,1078535,1258031,1,gaze_data,1741718363159,136.26914024353027,159.72671095047494,1741718363121.6,1
1,1,block_2,2,Provo_ID3,5,1078535,1258031,1,gaze_data,1741718363193,122.16103076934814,166.0924435696219,1741718363152.6,1
1,1,block_2,2,Provo_ID3,5,1078535,1258031,1,gaze_data,1741718363227,123.23005199432373,170.2398122262024,1741718363184.5,1
1,1,block_2,2,Provo_ID3,5,1078535,1258031,1,gaze_data,1741718363262,143.5476303100586,163.51682286459038,1741718363216.5,1
1,1,block_2,2,Provo_ID3,5,1078535,1258031,1,gaze_data,1741718363286,139.4883632659912,160.42549563592013,1741718363249,1
1,1,block_2,2,Provo_ID3,5,1078535,1258031,1,gaze_data,1741718363313,104.5647382736206,142.32432102691584,1741718363281.1,1
1,1,block_2,2,Provo_ID3,5,1078535,1258031,1,gaze_data,1741718363356,59.72719192504883,189.4905371676298,1741718363312.6,1
1,1,block_2,2,Provo_ID3,5,1078535,1258031,1,gaze_data,1741718363382,63.16819190979004,162.65634135413842,1741718363361.1,1
1,1,block_2,2,Provo_ID3,5,1078535,1258031,1,gaze_data,1741718363413,48.341965675354004,112.37418449881795,1741718363393.6,0.995361145034277
1,1,block_2,2,Provo_ID3,5,1078535,1258031,1,gaze_data,1741718363460,35.38398742675781,117.66819157465937,1741718363425.6,1
1,1,block_2,2,Provo_ID3,5,1078535,1258031,1,gaze_data,1741718363484,43.19441318511963,116.03299221609781,1741718363457.2002,1
1,1,block_2,2,Provo_ID3,5,1078535,1258031,1,gaze_data,1741718363522,49.00515079498291,126.46330876877923,1741718363490.5,1
1,1,block_2,2,Provo_ID3,5,1078535,1258031,1,gaze_data,1741718363557,40.398526191711426,141.30349810883695,1741718363520.8,1
1,1,block_2,2,Provo_ID3,5,1078535,1258031,1,gaze_data,1741718363586,23.961281776428223,116.93608000583608,1741718363553,1
1,1,block_2,2,Provo_ID3,5,1078535,1258031,1,gaze_data,1741718363626,206.74750804901123,73.7822940189254,1741718363585.2002,1
1,1,block_2,2,Provo_ID3,5,1078535,1258031,1,gaze_data,1741718363654,343.4931695461273,111.62870493990222,1741718363616.6,1
1,1,block_2,2,Provo_ID3,5,1078535,1258031,1,gaze_data,1741718363693,418.2440936565399,97.59694759344072,1741718363649.6,1
1,1,block_2,2,Provo_ID3,5,1078535,1258031,1,gaze_data,1741718363726,421.8581974506378,98.67725992926806,1741718363682.6,1
1,1,block_2,2,Provo_ID3,5,1078535,1258031,1,gaze_data,1741718363761,410.4974702000618,106.11963334155962,1741718363731.6,1
1,1,block_2,2,Provo_ID3,5,1078535,1258031,1,gaze_data,1741718363778,399.9432146549225,106.42204036423027,1741718363760.6,1
1,1,block_2,2,Provo_ID3,5,1078535,1258031,1,gaze_data,1741718363813,430.44243454933167,106.04483217582785,1741718363793.6,1
1,1,block_2,2,Provo_ID3,5,1078535,1258031,1,gaze_data,1741718363847,428.20874750614166,105.778246898196,1741718363825.8,1
1,1,block_2,2,Provo_ID3,5,1078535,1258031,1,gaze_data,1741718363881,468.83063316345215,87.97759513275743,1741718363857.3,1
1,1,block_2,2,Provo_ID3,5,1078535,1258031,1,gaze_data,1741718363927,463.0506694316864,113.28229180127059,1741718363889.5,1
1,1,block_2,2,Provo_ID3,5,1078535,1258031,1,gaze_data,1741718363950,473.6877202987671,117.84595977717004,1741718363920.7002,1
1,1,block_2,2,Provo_ID3,5,1078535,1258031,1,gaze_data,1741718363982,425.4888981580734,119.97418103662851,1741718363953.1,1
1,1,block_2,2,Provo_ID3,5,1078535,1258031,1,gaze_data,1741718364016,111.97404861450195,224.22466681474202,1741718363985.1,1
1,1,block_2,2,Provo_ID3,5,1078535,1258031,1,gaze_data,1741718364050,101.99096202850342,174.70705193707843,1741718364016.8,0.9523816882579621
1,1,block_2,2,Provo_ID3,5,1078535,1258031,1,gaze_data,1741718364089,76.75573825836182,209.8137845186246,1741718364065.1,1
1,1,block_2,2,Provo_ID3,5,1078535,1258031,1,gaze_data,1741718364118,85.39609909057617,213.72773838663826,1741718364097.5,1
1,1,block_2,2,Provo_ID3,5,1078535,1258031,1,gaze_data,1741718364146,102.56216526031494,213.85789196817063,1741718364128.9001,1
1,1,block_2,2,Provo_ID3,5,1078535,1258031,1,gaze_data,1741718364185,99.20516014099121,215.7380643997689,1741718364163.7002,1
1,1,block_2,2,Provo_ID3,5,1078535,1258031,1,gaze_data,1741718364220,124.83103275299072,221.88073962991513,1741718364192.5,1
1,1,block_2,2,Provo_ID3,5,1078535,1258031,1,gaze_data,1741718364255,252.84433364868164,213.41776858182894,1741718364224.4001,1
1,1,block_2,2,Provo_ID3,5,1078535,1258031,1,gaze_data,1741718364295,234.6524477005005,227.964886150236,1741718364258.7002,0.9553708030771051
1,1,block_2,2,Provo_ID3,5,1078535,1258031,1,gaze_data,1741718364328,229.60777282714844,212.89322764133942,1741718364290.6,1
1,1,block_2,2,Provo_ID3,5,1078535,1258031,1,gaze_data,1741718364355,222.1792221069336,204.81848685705222,1741718364324.1,1
1,1,block_2,2,Provo_ID3,5,1078535,1258031,1,gaze_data,1741718364389,201.43122673034668,209.49908006217112,1741718364354,1
1,1,block_2,2,Provo_ID3,5,1078535,1258031,1,gaze_data,1741718364431,217.53528118133545,218.9325578817835,1741718364385.5,1
1,1,block_2,2,Provo_ID3,5,1078535,1258031,1,gaze_data,1741718364475,383.2610070705414,207.34704963038646,1741718364435.1,1
1,1,block_2,2,Provo_ID3,5,1078535,1258031,1,gaze_data,1741718364512,418.04186552762985,207.5842160206296,1741718364465.5,1
1,1,block_2,2,Provo_ID3,5,1078535,1258031,1,gaze_data,1741718364544,417.84510016441345,233.46833406973815,1741718364497.9001,1
1,1,block_2,2,Provo_ID3,5,1078535,1258031,1,gaze_data,1741718364564,422.03773111104965,233.8984677693332,1741718364530,1
1,1,block_2,2,Provo_ID3,5,1078535,1258031,1,gaze_data,1741718364596,423.79360049963,231.84793073029425,1741718364561.2002,0.9996041943947187
1,1,block_2,2,Provo_ID3,5,1078535,1258031,1,gaze_data,1741718364634,421.7435449361801,227.26059694352222,1741718364593.3,1
1,1,block_2,2,Provo_ID3,5,1078535,1258031,1,gaze_data,1741718364666,424.3685871362686,227.07135703196494,1741718364625.4001,1
1,1,block_2,2,Provo_ID3,5,1078535,1258031,1,gaze_data,1741718364699,423.8241583108902,222.220310782145,1741718364659.8,1
1,1,block_2,2,Provo_ID3,5,1078535,1258031,1,gaze_data,1741718364730,497.61040806770325,198.92835679126665,1741718364691.4001,1
1,1,block_2,2,Provo_ID3,5,1078535,1258031,1,gaze_data,1741718364772,490.51775336265564,204.66942073466203,1741718364721.2002,1
1,1,block_2,2,Provo_ID3,5,1078535,1258031,1,gaze_data,1741718364805,509.0372562408447,232.26743706394947,1741718364756.4001,1
1,1,block_2,2,Provo_ID3,5,1078535,1258031,1,gaze_data,1741718364833,484.15701389312744,243.8550491912246,1741718364804.7002,1
1,1,block_2,2,Provo_ID3,5,1078535,1258031,1,gaze_data,1741718364877,180.71720600128174,347.6887692598355,1741718364834.8,1
1,1,block_2,2,Provo_ID3,5,1078535,1258031,1,gaze_data,1741718364911,135.55662631988525,358.67275147013964,1741718364865.7002,0.9267758546078628
1,1,block_2,2,Provo_ID3,5,1078535,1258031,1,gaze_data,1741718364943,132.26072788238525,351.4136721927535,1741718364899.3,0.9267758546078628
1,1,block_2,2,Provo_ID3,5,1078535,1258031,1,gaze_data,1741718364974,152.09271907806396,316.009023339526,1741718364932.1,0.6785018059262412
1,1,block_2,2,Provo_ID3,5,1078535,1258031,1,gaze_data,1741718365017,149.1419792175293,330.1072333743412,1741718364960.7002,0.7705943394981322
1,1,block_2,2,Provo_ID3,5,1078535,1258031,1,gaze_data,1741718365040,149.75504875183105,338.2058149821846,1741718364993.3,0.87636769051494
1,1,block_2,2,Provo_ID3,5,1078535,1258031,1,gaze_data,1741718365062,147.59492874145508,331.7555549605032,1741718365026.3,0.87636769051494
1,1,block_2,2,Provo_ID3,5,1078535,1258031,1,gaze_data,1741718365099,203.60517501831055,320.05075136130904,1741718365057.6,0.8839261457144265
1,1,block_2,2,Provo_ID3,5,1078535,1258031,1,gaze_data,1741718365141,294.9723482131958,323.6337897575858,1741718365089.3,0.9007066142945171
1,1,block_2,2,Provo_ID3,5,1078535,1258031,1,gaze_data,1741718365166,406.6430240869522,324.08323722392515,1741718365138.7002,0.9007066142945171
1,1,block_2,2,Provo_ID3,5,1078535,1258031,1,gaze_data,1741718365203,440.7603830099106,315.0034525906445,1741718365170.3,0.788935435392057
1,1,block_2,2,Provo_ID3,5,1078535,1258031,1,gaze_data,1741718365243,446.65384590625763,319.9818857321253,1741718365201.7002,0.6888200123811823
1,1,block_2,2,Provo_ID3,5,1078535,1258031,1,gaze_data,1741718365279,444.39995288848877,323.8504703546553,1741718365233.1,0.8029311030408546
1,1,block_2,2,Provo_ID3,5,1078535,1258031,1,gaze_data,1741718365307,448.99694323539734,320.40730060569115,1741718365265.1,0.8077169848604844
1,1,block_2,2,Provo_ID3,5,1078535,1258031,1,gaze_data,1741718365336,461.2377107143402,320.70457640542384,1741718365298.3,0.8077169848604844
1,1,block_2,2,Provo_ID3,5,1078535,1258031,1,gaze_data,1741718365374,453.32956314086914,322.1952450766739,1741718365330.3,0.8881975051002771
1,1,block_2,2,Provo_ID3,5,1078535,1258031,1,gaze_data,1741718365407,420.45106440782547,368.97028925103376,1741718365361.4001,0.8204784746057232
1,1,block_2,2,Provo_ID3,5,1078535,1258031,1,gaze_data,1741718365430,225.35381317138672,420.73592808655184,1741718365393.6,0.8204784746057232
1,1,block_2,2,Provo_ID3,5,1078535,1258031,1,gaze_data,1741718365469,214.7517204284668,422.98811045748033,1741718365425.6,0.7498348460783408
1,1,block_2,2,Provo_ID3,5,1078535,1258031,1,gaze_data,1741718365510,245.81561088562012,405.0087074395633,1741718365458.1,0.7070617669196292
1,1,block_2,2,Provo_ID3,5,1078535,1258031,1,gaze_data,1741718365539,234.52560901641846,397.35776359243664,1741718365505.5,0.6374436823559135
1,1,block_2,2,Provo_ID3,5,1078535,1258031,1,gaze_data,1741718365569,223.6546754837036,393.91737170436636,1741718365539.4001,0.6374436823559135
1,1,block_2,2,Provo_ID3,5,1078535,1258031,1,gaze_data,1741718365620,75.99470615386963,422.1919740358299,1741718365572.2002,0.6036404479630958
1,1,block_2,2,Provo_ID3,5,1078535,1258031,1,gaze_data,1741718365656,78.05571556091309,404.15792237652096,1741718365603.5,0.6930900039947636
1,1,block_2,2,Provo_ID3,5,1078535,1258031,1,gaze_data,1741718365673,75.23128986358643,403.37396981659265,1741718365633.4001,0.6930900039947636
1,1,block_2,2,Provo_ID3,5,1078535,1258031,1,gaze_data,1741718365714,85.73694229125977,405.84260191679516,1741718365666.6,0.7203861751106077
1,1,block_2,2,Provo_ID3,5,1078535,1258031,1,gaze_data,1741718365741,72.41723537445068,409.54756829847224,1741718365698.6,0.8080577285587364
1,1,block_2,2,Provo_ID3,5,1078535,1258031,1,gaze_data,1741718365769,76.03399753570557,408.1618848953743,1741718365731.1,0.8080577285587364
1,1,block_2,2,Provo_ID3,5,1078535,1258031,1,gaze_data,1741718365809,212.14776039123535,390.64000226928977,1741718365762.8,0.8078119324542944
1,1,block_2,2,Provo_ID3,5,1078535,1258031,1,gaze_data,1741718365849,422.295817732811,370.3775401746373,1741718365795.5,0.8523466965048074
1,1,block_2,2,Provo_ID3,5,1078535,1258031,1,gaze_data,1741718365889,385.0959300994873,417.6677248741696,1741718365840.8,0.5916247072165322
1,1,block_2,2,Provo_ID3,5,1078535,1258031,1,gaze_data,1741718365907,385.5503976345062,414.81287329419314,1741718365873.6,0.5916247072165322
1,1,block_2,2,Provo_ID3,5,1078535,1258031,1,gaze_data,1741718365946,390.9375548362732,411.36062522772335,1741718365906.3,0.6511180697922757
1,1,block_2,2,Provo_ID3,5,1078535,1258031,1,gaze_data,1741718365991,402.1326094865799,422.35049829048603,1741718365937.8,0.5976403693305793
1,1,block_2,2,Provo_ID3,5,1078535,1258031,1,gaze_data,1741718366020,414.66649174690247,426.49085154502353,1741718365970.6,0.6230230565953474
1,1,block_2,2,Provo_ID3,5,1078535,1258031,1,gaze_data,1741718366044,415.67775309085846,421.85441552946213,1741718366003.6,0.6230230565953474
1,1,block_2,2,Provo_ID3,5,1078535,1258031,1,gaze_data,1741718366087,412.25512474775314,420.25725722571514,1741718366033.4001,0.626249357831171
1,1,block_2,2,Provo_ID3,5,1078535,1258031,1,gaze_data,1741718366109,406.9130003452301,416.7595058614934,1741718366065.7002,0.6848032850070925
1,1,block_2,2,Provo_ID3,5,1078535,1258031,1,gaze_data,1741718366136,413.7461856007576,421.87897688396066,1741718366098.4001,0.6848032850070925
1,1,block_2,2,Provo_ID3,5,1078535,1258031,1,gaze_data,1741718366180,408.3188131451607,425.58203674448805,1741718366131.2002,0.6863615799286267
1,1,block_2,2,Provo_ID3,5,1078535,1258031,1,gaze_data,1741718366221,248.5135793685913,232.83931800445094,1741718366162.3,0.6767875991464855
1,1,block_2,2,Provo_ID3,5,1078535,1258031,1,gaze_data,1741718366249,203.09903621673584,199.6914567761204,1741718366209.5,0.6767875991464855
1,1,block_2,2,Provo_ID3,5,1078535,1258031,1,gaze_data,1741718366279,104.48286533355713,185.67153698968784,1741718366243.1,0.3929891271870875
1,1,block_2,2,Provo_ID3,5,1078535,1258031,1,gaze_data,1741718366317,52.3989200592041,175.47183502263465,1741718366274.6,0.829760808119837
1,1,block_2,2,Provo_ID3,5,1078535,1258031,1,gaze_data,1741718366345,55.15871047973633,156.91232826083964,1741718366304.8,1
1,1,block_2,2,Provo_ID3,5,1078535,1258031,1,gaze_data,1741718366371,67.30527877807617,148.81709795970463,1741718366338.8,1
1,1,block_2,2,Provo_ID3,5,1078535,1258031,1,gaze_data,1741718366408,41.74764156341553,150.14213760607672,1741718366370.1,1
1,1,block_2,2,Provo_ID3,5,1078535,1258031,1,gaze_data,1741718366449,17.77169704437256,122.55528298996535,1741718366401.9001,1
1,1,block_2,2,Provo_ID3,5,1078535,1258031,1,gaze_data,1741718366477,22.9661226272583,126.15364802892192,1741718366433.6,1
1,1,block_2,2,Provo_ID3,5,1078535,1258031,1,gaze_data,1741718366512,24.25072193145752,135.368162639229,1741718366467,1
1,1,block_2,2,Provo_ID3,5,1078535,1258031,1,gaze_data,1741718366548,231.13925457000732,78.66867793614848,1741718366498,1
1,1,block_2,2,Provo_ID3,5,1078535,1258031,1,gaze_data,1741718366567,363.9084994792938,134.60242629309798,1741718366546.3,1
1,1,block_2,2,Provo_ID3,5,1078535,1258031,1,gaze_data,1741718366601,366.734516620636,149.564081882965,1741718366576.8,1
1,1,block_2,2,Provo_ID3,5,1078535,1258031,1,gaze_data,1741718366645,388.2027566432953,123.70067025472181,1741718366611.7002,1
1,1,block_2,2,Provo_ID3,5,1078535,1258031,1,gaze_data,1741718366681,401.50385797023773,129.1324011415825,1741718366640.6,1
1,1,block_2,2,Provo_ID3,5,1078535,1258031,1,gaze_data,1741718366711,407.3726952075958,140.66470181347233,1741718366672.7002,1
1,1,block_2,2,Provo_ID3,5,1078535,1258031,1,gaze_data,1741718366744,416.63547456264496,129.36786395091556,1741718366706,1
1,1,block_2,2,Provo_ID3,5,1078535,1258031,1,gaze_data,1741718366786,485.2971076965332,100.46621723961158,1741718366738.9001,1
1,1,block_2,2,Provo_ID3,5,1078535,1258031,1,gaze_data,1741718366821,502.105712890625,106.13837086973376,1741718366770,1
1,1,block_2,2,Provo_ID3,5,1078535,1258031,1,gaze_data,1741718366851,513.607668876648,112.13470756878304,1741718366803.4001,1
1,1,block_2,2,Provo_ID3,5,1078535,1258031,1,gaze_data,1741718366880,462.1034562587738,108.50265072638456,1741718366836,1
1,1,block_2,2,Provo_ID3,5,1078535,1258031,1,gaze_data,1741718366915,126.87780857086182,180.2242709343966,1741718366865.3,0.9071246800516426
1,1,block_2,2,Provo_ID3,5,1078535,1258031,1,gaze_data,1741718366937,57.23683834075928,235.01875933235482,1741718366913.7002,0.9071246800516426
1,1,block_2,2,Provo_ID3,5,1078535,1258031,1,gaze_data,1741718366976,53.31826210021973,233.46122092124955,1741718366946.1,0.8858757981916665
1,1,block_2,2,Provo_ID3,5,1078535,1258031,1,gaze_data,1741718367010,45.90506553649902,216.53103569841696,1741718366978.4001,1
1,1,block_2,2,Provo_ID3,5,1078535,1258031,1,gaze_data,1741718367042,40.69530963897705,216.3115604839201,1741718367012.1,1
1,1,block_2,2,Provo_ID3,5,1078535,1258031,1,gaze_data,1741718367068,39.792752265930176,224.85997961296692,1741718367041.3,1
1,1,block_2,2,Provo_ID3,5,1078535,1258031,1,gaze_data,1741718367107,55.1182746887207,224.73556700600977,1741718367074.7002,1
1,1,block_2,2,Provo_ID3,5,1078535,1258031,1,gaze_data,1741718367153,231.79571628570557,229.5152639360076,1741718367104.7002,1
1,1,block_2,2,Provo_ID3,5,1078535,1258031,1,gaze_data,1741718367193,402.1344840526581,247.14353937906193,1741718367140.5,0.6083175432973242
1,1,block_2,2,Provo_ID3,5,1078535,1258031,1,gaze_data,1741718367220,346.7297673225403,289.3320559420968,1741718367169.8,0.040503625313760526
1,1,block_2,2,Provo_ID3,5,1078535,1258031,1,gaze_data,1741718367253,366.74380898475647,255.42775731283257,1741718367202.9001,0.040503625313760526
1,1,block_2,2,Provo_ID3,5,1078535,1258031,1,gaze_data,1741718367290,359.8095238208771,273.6234648367329,1741718367250,0
1,1,block_2,2,Provo_ID3,5,1078535,1258031,1,gaze_data,1741718367335,330.2035450935364,269.1081189798947,1741718367281.1,0.13682840439536503
1,1,block_2,2,Provo_ID3,5,1078535,1258031,1,gaze_data,1741718367357,309.9924385547638,279.21700425882403,1741718367312.9001,0.2131145426359036
1,1,block_2,2,Provo_ID3,5,1078535,1258031,1,gaze_data,1741718367382,230.7847499847412,270.46857076715236,1741718367346.5,0.2131145426359036
1,1,block_2,2,Provo_ID3,5,1078535,1258031,1,gaze_data,1741718367428,96.85659408569336,280.8074487781318,1741718367377.9001,0.29763753805345533
1,1,block_2,2,Provo_ID3,5,1078535,1258031,1,gaze_data,1741718367473,72.30005264282227,260.04996516957976,1741718367409.4001,0.4639450137516325
1,1,block_2,2,Provo_ID3,5,1078535,1258031,1,gaze_data,1741718367500,76.96828842163086,249.99996979686546,1741718367442.2002,0.7776764608780171
1,1,block_2,2,Provo_ID3,5,1078535,1258031,1,gaze_data,1741718367534,76.96828842163086,249.99996979686546,1741718367475.6,0.7776764608780171
1,1,block_2,2,Provo_ID3,5,1078535,1258031,1,gaze_data,1741718367558,40.95005989074707,259.9276461983968,1741718367507.9001,0.9455165632596727
1,1,block_2,2,Provo_ID3,5,1078535,1258031,1,gaze_data,1741718367589,28.37533950805664,252.66318248823254,1741718367540.3,0.9455165632596727
1,1,block_2,2,Provo_ID3,5,1078535,1258031,1,gaze_data,1741718367632,17.194104194641113,241.8531293724209,1741718367570.3,1
1,1,block_2,2,Provo_ID3,5,1078535,1258031,1,gaze_data,1741718367665,32.27572441101074,240.79687197141172,1741718367618.1,0.9412284449186678
1,1,block_2,2,Provo_ID3,5,1078535,1258031,1,gaze_data,1741718367695,241.06619358062744,197.5439208189991,1741718367652.1,0.9412284449186678
1,1,block_2,2,Provo_ID3,5,1078535,1258031,1,gaze_data,1741718367726,288.6906623840332,247.83091100332794,1741718367682.6,1
1,1,block_2,2,Provo_ID3,5,1078535,1258031,1,gaze_data,1741718367755,294.52033042907715,254.24706961741416,1741718367713.4001,0.8963048334438755
1,1,block_2,2,Provo_ID3,5,1078535,1258031,1,gaze_data,1741718367799,301.1485993862152,248.42376833106846,1741718367745.7002,0.8364176029709335
1,1,block_2,2,Provo_ID3,5,1078535,1258031,1,gaze_data,1741718367836,277.83353328704834,252.6832959139942,1741718367777.5,0.8264407238330065
1,1,block_2,2,Provo_ID3,5,1078535,1258031,1,gaze_data,1741718367859,294.7765350341797,241.20215293900827,1741718367811.2002,0.8264407238330065
1,1,block_2,2,Provo_ID3,5,1078535,1258031,1,gaze_data,1741718367889,394.1137671470642,227.370854934229,1741718367842.9001,0.8365201928798159
1,1,block_2,2,Provo_ID3,5,1078535,1258031,1,gaze_data,1741718367927,414.5437330007553,237.7059664488356,1741718367874.7002,0.7759326262651408
1,1,block_2,2,Provo_ID3,5,1078535,1258031,1,gaze_data,1741718367965,418.84564459323883,241.2682518783205,1741718367905.9001,0.8097058975058238
1,1,block_2,2,Provo_ID3,5,1078535,1258031,1,gaze_data,1741718367993,424.12388771772385,242.49108039376017,1741718367955.6,0.8097058975058238
1,1,block_2,2,Provo_ID3,5,1078535,1258031,1,gaze_data,1741718368025,419.8100656270981,239.4252808130227,1741718367985.6,0.8710582848133952
1,1,block_2,2,Provo_ID3,5,1078535,1258031,1,gaze_data,1741718368053,491.5646433830261,217.1515915761025,1741718368017.6,0.8526646383498471
1,1,block_2,2,Provo_ID3,5,1078535,1258031,1,gaze_data,1741718368086,527.1706819534302,219.6278404517184,1741718368049.1,0.9093230522372338
1,1,block_2,2,Provo_ID3,5,1078535,1258031,1,gaze_data,1741718368122,540.7155513763428,226.14173713319988,1741718368080.8,0.9667211552455832
1,1,block_2,2,Provo_ID3,5,1078535,1258031,1,gaze_data,1741718368160,553.0251979827881,222.2427878100546,1741718368112.9001,1
1,1,block_2,2,Provo_ID3,5,1078535,1258031,1,gaze_data,1741718368195,552.8626441955566,228.36727940855212,1741718368146.4001,0.9214389168498016
1,1,block_2,2,Provo_ID3,5,1078535,1258031,1,gaze_data,1741718368226,506.6780090332031,246.35457289193045,1741718368176.8,1
1,1,block_2,2,Provo_ID3,5,1078535,1258031,1,gaze_data,1741718368252,156.57198429107666,358.4089663954464,1741718368209.8,1
1,1,block_2,2,Provo_ID3,5,1078535,1258031,1,gaze_data,1741718368287,70.72515487670898,339.4619443152835,1741718368242,0.769780218067865
1,1,block_2,2,Provo_ID3,5,1078535,1258031,1,gaze_data,1741718368325,100.94692707061768,330.3010431649628,1741718368272.6,0.9072412535649934
1,1,block_2,2,Provo_ID3,5,1078535,1258031,1,gaze_data,1741718368359,77.7933120727539,326.3456894880779,1741718368321.1,0.88546155473577
1,1,block_2,2,Provo_ID3,5,1078535,1258031,1,gaze_data,1741718368388,73.71935844421387,320.001412679213,1741718368352,0.9681917968435476
1,1,block_2,2,Provo_ID3,5,1078535,1258031,1,gaze_data,1741718368422,54.48794364929199,304.0083365947202,1741718368384.5,0.9460392013300383
1,1,block_2,2,Provo_ID3,5,1078535,1258031,1,gaze_data,1741718368450,79.89346981048584,322.4820722468246,1741718368417,1
1,1,block_2,2,Provo_ID3,5,1078535,1258031,1,gaze_data,1741718368491,59.899044036865234,318.82052390539206,1741718368450.1,0.9357749196054734
1,1,block_2,2,Provo_ID3,5,1078535,1258031,1,gaze_data,1741718368522,91.87145233154297,322.8204574088471,1741718368483.6,0.9357749196054734
1,1,block_2,2,Provo_ID3,5,1078535,1258031,1,gaze_data,1741718368553,199.06847476959229,315.17976111289994,1741718368515.4001,0.9580569938702475
1,1,block_2,2,Provo_ID3,5,1078535,1258031,1,gaze_data,1741718368591,196.87926769256592,324.27998126975365,1741718368544.1,1
1,1,block_2,2,Provo_ID3,5,1078535,1258031,1,gaze_data,1741718368623,196.3085174560547,311.050616117465,1741718368577.3,1
1,1,block_2,2,Provo_ID3,5,1078535,1258031,1,gaze_data,1741718368664,179.56511974334717,321.6313765519612,1741718368608.6,1
1,1,block_2,2,Provo_ID3,5,1078535,1258031,1,gaze_data,1741718368690,198.7032651901245,311.07121548269936,1741718368656.8,1
1,1,block_2,2,Provo_ID3,5,1078535,1258031,1,gaze_data,1741718368722,231.38906955718994,284.7003750583872,1741718368689.3,1
1,1,block_2,2,Provo_ID3,5,1078535,1258031,1,gaze_data,1741718368757,350.61615109443665,313.4448715507855,1741718368720.9001,1
1,1,block_2,2,Provo_ID3,5,1078535,1258031,1,gaze_data,1741718368781,352.03006863594055,315.9054381728431,1741718368753.8,1
1,1,block_2,2,Provo_ID3,5,1078535,1258031,1,gaze_data,1741718368815,343.5108780860901,327.6250619950367,1741718368785.3,0.9967504810528589
1,1,block_2,2,Provo_ID3,5,1078535,1258031,1,gaze_data,1741718368847,336.76576018333435,324.98712187992516,1741718368817.4001,0.8178728915953227
1,1,block_2,2,Provo_ID3,5,1078535,1258031,1,gaze_data,1741718368878,345.74798345565796,330.10280220213787,1741718368848.9001,0.9078391530597147
1,1,block_2,2,Provo_ID3,5,1078535,1258031,1,gaze_data,1741718368917,348.9487886428833,327.8936803987383,1741718368882.5,0.8830614338945412
1,1,block_2,2,Provo_ID3,5,1078535,1258031,1,gaze_data,1741718368955,355.6423246860504,337.04810235608943,1741718368912.8,1
1,1,block_2,2,Provo_ID3,5,1078535,1258031,1,gaze_data,1741718368991,425.84348320961,291.68075594622763,1741718368945.6,0.8405352028570786
1,1,block_2,2,Provo_ID3,5,1078535,1258031,1,gaze_data,1741718369026,437.72206008434296,313.99549124297766,1741718368977,0.88110025211599
1,1,block_2,2,Provo_ID3,5,1078535,1258031,1,gaze_data,1741718369056,464.5274758338928,331.4189795041033,1741718369025.4001,1
1,1,block_2,2,Provo_ID3,5,1078535,1258031,1,gaze_data,1741718369082,457.26990699768066,336.23234217182414,1741718369059.7002,1
1,1,block_2,2,Provo_ID3,5,1078535,1258031,1,gaze_data,1741718369111,471.3048458099365,341.41041637759923,1741718369088.3,0.8652424038344662
1,1,block_2,2,Provo_ID3,5,1078535,1258031,1,gaze_data,1741718369140,477.03882455825806,329.48226680465996,1741718369120.7002,1
1,1,block_2,2,Provo_ID3,5,1078535,1258031,1,gaze_data,1741718369178,530.7140827178955,309.83081494908527,1741718369152.7002,0.9825126511134012
1,1,block_2,2,Provo_ID3,5,1078535,1258031,1,gaze_data,1741718369221,563.377857208252,331.9822150042155,1741718369184.6,0.8813724144566266
1,1,block_2,2,Provo_ID3,5,1078535,1258031,1,gaze_data,1741718369255,563.5391235351562,337.9321174869827,1741718369216.1,0.6755450975927402
1,1,block_2,2,Provo_ID3,5,1078535,1258031,1,gaze_data,1741718369280,569.7186231613159,343.22576709010855,1741718369249.6,0.6755450975927402
1,1,block_2,2,Provo_ID3,5,1078535,1258031,1,gaze_data,1741718369316,488.6677861213684,338.9351189007211,1741718369282.1,0.7624407843905785
1,1,block_2,2,Provo_ID3,5,1078535,1258031,1,gaze_data,1741718369352,187.19213008880615,396.0438130475952,1741718369312.9001,0.7136150312673264
1,1,block_2,2,Provo_ID3,5,1078535,1258031,1,gaze_data,1741718369381,91.10817909240723,384.68656229610815,1741718369361.2002,0.4216482667344746
1,1,block_2,2,Provo_ID3,5,1078535,1258031,1,gaze_data,1741718369411,98.09672832489014,363.2195660969699,1741718369392.6,0.40695485852838376
1,1,block_2,2,Provo_ID3,5,1078535,1258031,1,gaze_data,1741718369444,96.0597276687622,376.48749361845006,1741718369424.4001,0.5504752885885938
1,1,block_2,2,Provo_ID3,5,1078535,1258031,1,gaze_data,1741718369480,68.95041465759277,394.20857791528266,1741718369456.8,0.625214553654956
1,1,block_2,2,Provo_ID3,5,1078535,1258031,1,gaze_data,1741718369522,67.48366355895996,385.51883325142353,1741718369490.6,0.7459995979051648
1,1,block_2,2,Provo_ID3,5,1078535,1258031,1,gaze_data,1741718369551,78.80859375,399.94771299548364,1741718369524.2002,0.7959212979168355
1,1,block_2,2,Provo_ID3,5,1078535,1258031,1,gaze_data,1741718369582,77.20391750335693,401.6382610461717,1741718369553.1,0.7959212979168355
1,1,block_2,2,Provo_ID3,5,1078535,1258031,1,gaze_data,1741718369621,77.65991687774658,398.31005601200263,1741718369584.5,1
1,1,block_2,2,Provo_ID3,5,1078535,1258031,1,gaze_data,1741718369655,72.5135087966919,398.4867517963666,1741718369618.4001,0.9507791237271972
1,1,block_2,2,Provo_ID3,5,1078535,1258031,1,gaze_data,1741718369683,272.2200632095337,400.7659233573202,1741718369650.2002,0.9507791237271972
1,1,block_2,2,Provo_ID3,5,1078535,1258031,1,gaze_data,1741718369710,318.69625449180603,412.7700358823168,1741718369681.8,0.824213712165089
1,1,block_2,2,Provo_ID3,5,1078535,1258031,1,gaze_data,1741718369753,324.7614920139313,422.3937375943728,1741718369728.8,0.8184623052247745
1,1,block_2,2,Provo_ID3,5,1078535,1258031,1,gaze_data,1741718369775,341.54390692710876,426.8409960699185,1741718369761.2002,0.702294885872687
1,1,block_2,2,Provo_ID3,5,1078535,1258031,1,gaze_data,1741718369820,341.7402684688568,415.50386805337837,1741718369795.8,0.7707967077819746
1,1,block_2,2,Provo_ID3,5,1078535,1258031,1,gaze_data,1741718369850,349.71057772636414,416.8332048196855,1741718369824.4001,0.78276882333584
1,1,block_2,2,Provo_ID3,5,1078535,1258031,1,gaze_data,1741718369885,351.74387097358704,417.56824319636746,1741718369856.5,0.6875977096733308
1,1,block_2,2,Provo_ID3,5,1078535,1258031,1,gaze_data,1741718369924,351.5294015407562,410.70843115287335,1741718369889.4001,0.7542242472465321
1,1,block_2,2,Provo_ID3,5,1078535,1258031,1,gaze_data,1741718369952,353.2146394252777,414.225560517218,1741718369922.9001,0.644257146736444
1,1,block_2,2,Provo_ID3,5,1078535,1258031,1,gaze_data,1741718369986,354.8088252544403,411.2676972163732,1741718369954.1,0.7220801888399825
1,1,block_2,2,Provo_ID3,5,1078535,1258031,1,gaze_data,1741718370018,369.40059661865234,415.82729149278487,1741718369985.5,0.6402139364458442
1,1,block_2,2,Provo_ID3,5,1078535,1258031,1,gaze_data,1741718370052,462.3286962509155,397.46275630793707,1741718370015.8,0.7447965858228649
1,1,block_2,2,Provo_ID3,5,1078535,1258031,1,gaze_data,1741718370096,469.9001133441925,405.53216665272083,1741718370065.4001,0.6795622192858571
1,1,block_2,2,Provo_ID3,5,1078535,1258031,1,gaze_data,1741718370128,472.5179374217987,400.25354579834516,1741718370096.9001,0.7005414089556579
1,1,block_2,2,Provo_ID3,5,1078535,1258031,1,gaze_data,1741718370158,478.9538860321045,404.4294377986883,1741718370129.3,0.7262642227298106
1,1,block_2,2,Provo_ID3,5,1078535,1258031,1,gaze_data,1741718370207,469.6892499923706,394.65647633318787,1741718370161,0.6782874981947108
1,1,block_2,2,Provo_ID3,5,1078535,1258031,1,gaze_data,1741718370227,477.8221309185028,405.6899461725529,1741718370193.9001,0.6782874981947108
1,1,block_2,2,Provo_ID3,5,1078535,1258031,1,gaze_data,1741718370263,490.85381627082825,408.20073026379896,1741718370226.4001,0.6925385423652644
1,1,block_2,2,Provo_ID3,5,1078535,1258031,1,gaze_data,1741718370298,488.1800055503845,414.28768629624375,1741718370257.1,0.7138844428379982
1,1,block_2,2,Provo_ID3,5,1078535,1258031,1,gaze_data,1741718370336,486.99477910995483,414.2364485403462,1741718370288,0.6912060346697851
1,1,block_2,2,Provo_ID3,5,1078535,1258031,1,gaze_data,1741718370371,484.8653197288513,412.77173387771575,1741718370322.2002,0.7143086166277268
1,1,block_2,2,Provo_ID3,5,1078535,1258031,1,gaze_data,1741718370397,483.41203927993774,408.51286352327224,1741718370354.7002,0.7143086166277268
1,1,block_2,2,Provo_ID3,5,1078535,1258031,1,gaze_data,1741718370436,483.9986026287079,402.279120256999,1741718370388,0.7072310708497055
1,1,block_2,2,Provo_ID3,5,1078535,1258031,1,gaze_data,1741718370471,315.9217059612274,256.08170523819336,1741718370433.7002,0.685636577403486
1,1,block_2,2,Provo_ID3,5,1078535,1258031,1,gaze_data,1741718370509,187.83230781555176,213.61122276157207,1741718370467.4001,0.4792515104963446
1,1,block_2,2,Provo_ID3,5,1078535,1258031,1,gaze_data,1741718370533,70.71375846862793,172.20658242314602,1741718370496.4001,0.639076743150796
1,1,block_2,2,Provo_ID3,5,1078535,1258031,1,gaze_data,1741718370563,55.68861961364746,145.34516655183407,1741718370529,0.639076743150796
1,1,block_2,2,Provo_ID3,5,1078535,1258031,1,gaze_data,1741718370592,60.11991500854492,136.94178732253465,1741718370560,1
1,1,block_2,2,Provo_ID3,5,1078535,1258031,1,gaze_data,1741718370625,52.37877368927002,121.08727659941236,1741718370592.7002,0.9528791916464834
1,1,block_2,2,Provo_ID3,5,1078535,1258031,1,gaze_data,1741718370663,42.317819595336914,131.41078328362255,1741718370626.3,1
1,1,block_2,2,Provo_ID3,5,1078535,1258031,1,gaze_data,1741718370699,42.312073707580566,124.47393586992442,1741718370657.5,1
1,1,block_2,2,Provo_ID3,5,1078535,1258031,1,gaze_data,1741718370739,43.97103786468506,139.84756386978248,1741718370689.3,1
1,1,block_2,2,Provo_ID3,5,1078535,1258031,1,gaze_data,1741718370776,40.82517623901367,137.4704894688538,1741718370722.5,1
1,1,block_2,2,Provo_ID3,5,1078535,1258031,1,gaze_data,1741718370803,39.32304382324219,141.0971767731706,1741718370754.1,1
1,1,block_2,2,Provo_ID3,5,1078535,1258031,1,gaze_data,1741718370833,137.58432865142822,91.67133091328718,1741718370801.8,1
1,1,block_2,2,Provo_ID3,5,1078535,1258031,1,gaze_data,1741718370862,357.6686441898346,103.49165777839445,1741718370833.3,1
1,1,block_2,2,Provo_ID3,5,1078535,1258031,1,gaze_data,1741718370898,347.5879907608032,121.52151658064372,1741718370864.5,1
1,1,block_2,2,Provo_ID3,5,1078535,1258031,1,gaze_data,1741718370934,361.2116575241089,132.4884890475656,1741718370898.1,1
1,1,block_2,2,Provo_ID3,5,1078535,1258031,1,gaze_data,1741718370971,377.5607645511627,121.40057164521124,1741718370929.1,1
1,1,block_2,2,Provo_ID3,5,1078535,1258031,1,gaze_data,1741718371004,386.0174983739853,124.32556979826887,1741718370962.1,1
1,1,block_2,2,Provo_ID3,5,1078535,1258031,1,gaze_data,1741718371040,384.20056104660034,129.0332248050582,1741718370994.2002,1
1,1,block_2,2,Provo_ID3,5,1078535,1258031,1,gaze_data,1741718371066,398.1784373521805,123.11842167455049,1741718371026.6,1
1,1,block_2,2,Provo_ID3,5,1078535,1258031,1,gaze_data,1741718371105,478.546404838562,101.90809833253542,1741718371056.1,1
1,1,block_2,2,Provo_ID3,5,1078535,1258031,1,gaze_data,1741718371129,495.3598737716675,108.23867202063703,1741718371089.5,1
1,1,block_2,2,Provo_ID3,5,1078535,1258031,1,gaze_data,1741718371164,507.99862146377563,137.2096312020192,1741718371137.6,1
1,1,block_2,2,Provo_ID3,5,1078535,1258031,1,gaze_data,1741718371206,519.8660612106323,129.99739574506847,1741718371171.9001,1
1,1,block_2,2,Provo_ID3,5,1078535,1258031,1,gaze_data,1741718371235,499.3522644042969,111.08558472738866,1741718371200.8,1
1,1,block_2,2,Provo_ID3,5,1078535,1258031,1,gaze_data,1741718371268,513.3876800537109,116.10151526726249,1741718371232.8,1
1,1,block_2,2,Provo_ID3,5,1078535,1258031,1,gaze_data,1741718371309,498.5345721244812,116.77311713162834,1741718371266.2002,1
1,1,block_2,2,Provo_ID3,5,1078535,1258031,1,gaze_data,1741718371339,567.2828912734985,140.1674721608193,1741718371297.5,1
1,1,block_2,2,Provo_ID3,5,1078535,1258031,1,gaze_data,1741718371365,615.7378435134888,127.92389760048425,1741718371330.7002,1
1,1,block_2,2,Provo_ID3,5,1078535,1258031,1,gaze_data,1741718371398,636.3649368286133,136.69936124259635,1741718371361.6,1
1,1,block_2,2,Provo_ID3,5,1078535,1258031,1,gaze_data,1741718371436,619.720458984375,101.62411604941279,1741718371393,1
1,1,block_2,2,Provo_ID3,5,1078535,1258031,1,gaze_data,1741718371468,568.84765625,109.49576950900725,1741718371425.9001,1
1,1,block_2,2,Provo_ID3,5,1078535,1258031,1,gaze_data,1741718371498,227.21827030181885,161.2015242173201,1741718371458.3,1
1,1,block_2,2,Provo_ID3,5,1078535,1258031,1,gaze_data,1741718371541,86.9685173034668,138.75718271913343,1741718371505.8,0.8420145425116407
1,1,block_2,2,Provo_ID3,5,1078535,1258031,1,gaze_data,1741718371571,62.128543853759766,152.13081045419688,1741718371538.3,0.8865682859582917
1,1,block_2,2,Provo_ID3,5,1078535,1258031,1,gaze_data,1741718371610,78.2170057296753,192.4669108525274,1741718371569.9001,0.9089342783215182
1,1,block_2,2,Provo_ID3,5,1078535,1258031,1,gaze_data,1741718371637,88.05203437805176,196.02899241085424,1741718371600.5,1
1,1,block_2,2,Provo_ID3,5,1078535,1258031,1,gaze_data,1741718371668,84.70146656036377,192.3519275193618,1741718371634.7002,1
1,1,block_2,2,Provo_ID3,5,1078535,1258031,1,gaze_data,1741718371700,49.53322410583496,214.99638857396718,1741718371664.5,1
1,1,block_2,2,Provo_ID3,5,1078535,1258031,1,gaze_data,1741718371730,50.161075592041016,211.50654256990313,1741718371696.9001,1
1,1,block_2,2,Provo_ID3,5,1078535,1258031,1,gaze_data,1741718371768,46.11022472381592,215.80742527761066,1741718371728.9001,1
1,1,block_2,2,Provo_ID3,5,1078535,1258031,1,gaze_data,1741718371795,250.4857301712036,185.34544739961106,1741718371761.1,1
1,1,block_2,2,Provo_ID3,5,1078535,1258031,1,gaze_data,1741718371830,391.34600162506104,189.69376040642794,1741718371792.8,1
1,1,block_2,2,Provo_ID3,5,1078535,1258031,1,gaze_data,1741718371864,399.32541847229004,207.07321622107912,1741718371841.1,1
1,1,block_2,2,Provo_ID3,5,1078535,1258031,1,gaze_data,1741718371900,475.71994066238403,208.09269116912643,1741718371872.8,1
1,1,block_2,2,Provo_ID3,5,1078535,1258031,1,gaze_data,1741718371937,481.58687949180603,207.2021242336182,1741718371906,1
1,1,block_2,2,Provo_ID3,5,1078535,1258031,1,gaze_data,1741718371976,490.7749056816101,224.51801600011464,1741718371937,1
1,1,block_2,2,Provo_ID3,5,1078535,1258031,1,gaze_data,1741718372007,493.50863695144653,224.33975627262006,1741718371972.2002,1
1,1,block_2,2,Provo_ID3,5,1078535,1258031,1,gaze_data,1741718372037,504.7434329986572,223.41458802626605,1741718372002.7002,1
1,1,block_2,2,Provo_ID3,5,1078535,1258031,1,gaze_data,1741718372070,499.4121193885803,262.9453861790986,1741718372032.3,1
1,1,block_2,2,Provo_ID3,5,1078535,1258031,1,gaze_data,1741718372100,511.1992835998535,266.9805493634073,1741718372065.2002,1
1,1,block_2,2,Provo_ID3,5,1078535,1258031,1,gaze_data,1741718372138,513.4507179260254,260.52589168258964,1741718372098.3,1
1,1,block_2,2,Provo_ID3,5,1078535,1258031,1,gaze_data,1741718372162,519.3230390548706,258.7825121434805,1741718372128.9001,1
1,1,block_2,2,Provo_ID3,5,1078535,1258031,1,gaze_data,1741718372202,234.02187824249268,299.231101013316,1741718372162.1,1
1,1,block_2,2,Provo_ID3,5,1078535,1258031,1,gaze_data,1741718372237,101.51941776275635,303.7837096770777,1741718372209.1,1
1,1,block_2,2,Provo_ID3,5,1078535,1258031,1,gaze_data,1741718372275,59.91318225860596,305.02428894704957,1741718372243.6,0.7433536546321413
1,1,block_2,2,Provo_ID3,5,1078535,1258031,1,gaze_data,1741718372300,55.89945316314697,297.5553582909309,1741718372273.6,0.7433536546321413
1,1,block_2,2,Provo_ID3,5,1078535,1258031,1,gaze_data,1741718372338,83.0639123916626,302.7669306690936,1741718372304.9001,0.996494277321772
1,1,block_2,2,Provo_ID3,5,1078535,1258031,1,gaze_data,1741718372363,78.58448028564453,313.3163154254508,1741718372337.2002,0.996494277321772
1,1,block_2,2,Provo_ID3,5,1078535,1258031,1,gaze_data,1741718372404,67.85356998443604,314.5726458369522,1741718372370.5,0.9633461865070991
1,1,block_2,2,Provo_ID3,5,1078535,1258031,1,gaze_data,1741718372437,48.444533348083496,325.4164242692728,1741718372400.7002,1
1,1,block_2,2,Provo_ID3,5,1078535,1258031,1,gaze_data,1741718372470,53.21521759033203,322.3797233399497,1741718372435.5,1
1,1,block_2,2,Provo_ID3,5,1078535,1258031,1,gaze_data,1741718372506,51.59032344818115,315.11079866818903,1741718372466.3,1
1,1,block_2,2,Provo_ID3,5,1078535,1258031,1,gaze_data,1741718372527,113.71996402740479,330.1214131253919,1741718372496.4001,1
1,1,block_2,2,Provo_ID3,5,1078535,1258031,1,gaze_data,1741718372565,195.4444408416748,301.35136850485316,1741718372544.6,0.9442320894240734
1,1,block_2,2,Provo_ID3,5,1078535,1258031,1,gaze_data,1741718372607,180.16297817230225,311.774557945268,1741718372577.2002,0.9494081854993497
1,1,block_2,2,Provo_ID3,5,1078535,1258031,1,gaze_data,1741718372645,194.5023536682129,308.4357553345521,1741718372609.2002,0.875282739321626
1,1,block_2,2,Provo_ID3,5,1078535,1258031,1,gaze_data,1741718372662,194.27435398101807,319.0005412070715,1741718372641,0.875282739321626
1,1,block_2,2,Provo_ID3,5,1078535,1258031,1,gaze_data,1741718372700,201.92315578460693,299.97842751459547,1741718372672.7002,0.8199211073011217
1,1,block_2,2,Provo_ID3,5,1078535,1258031,1,gaze_data,1741718372729,77.04496383666992,348.75079835573143,1741718372705.4001,0.853190685294687
1,1,block_2,2,Provo_ID3,5,1078535,1258031,1,gaze_data,1741718372763,50.811052322387695,345.7745103153386,1741718372737.4001,0.861488972874796
1,1,block_2,2,Provo_ID3,5,1078535,1258031,1,gaze_data,1741718372794,71.20919227600098,341.22839573924296,1741718372769.9001,0.7947060544507781
1,1,block_2,2,Provo_ID3,5,1078535,1258031,1,gaze_data,1741718372840,69.38049793243408,319.6631764641553,1741718372802,0.6863349571938872
1,1,block_2,2,Provo_ID3,5,1078535,1258031,1,gaze_data,1741718372867,59.50455665588379,325.09519779759734,1741718372834.9001,0.7905277091714397
1,1,block_2,2,Provo_ID3,5,1078535,1258031,1,gaze_data,1741718372906,50.2399206161499,330.29018493122754,1741718372867.7002,0.7905277091714397
1,1,block_2,2,Provo_ID3,5,1078535,1258031,1,gaze_data,1741718372937,28.23512554168701,334.6386766744022,1741718372913.1,0.8770461218709846
1,1,block_2,2,Provo_ID3,5,1078535,1258031,1,gaze_data,1741718372966,39.52980041503906,340.3073970769853,1741718372944.9001,0.8221114903072891
1,1,block_2,2,Provo_ID3,5,1078535,1258031,1,gaze_data,1741718373005,32.89368152618408,327.5720666649543,1741718372978.3,0.7349134894527025
1,1,block_2,2,Provo_ID3,5,1078535,1258031,1,gaze_data,1741718373036,39.977359771728516,335.97555015712913,1741718373009.4001,0.8597904067971793
1,1,block_2,2,Provo_ID3,5,1078535,1258031,1,gaze_data,1741718373083,47.4931001663208,347.3245566941135,1741718373041.6,0.9363644011100201
1,1,block_2,2,Provo_ID3,5,1078535,1258031,1,gaze_data,1741718373104,158.90793800354004,323.1352568189906,1741718373073,0.9363644011100201
1,1,block_2,2,Provo_ID3,5,1078535,1258031,1,gaze_data,1741718373130,145.83523273468018,315.4834416321198,1741718373105.1,0.8575000160177377
1,1,block_2,2,Provo_ID3,5,1078535,1258031,1,gaze_data,1741718373163,120.4291582107544,327.6617923165609,1741718373137.4001,0.9456044033211688
1,1,block_2,2,Provo_ID3,5,1078535,1258031,1,gaze_data,1741718373203,274.3480920791626,280.68864867899265,1741718373169.8,0.9725030896365143
1,1,block_2,2,Provo_ID3,5,1078535,1258031,1,gaze_data,1741718373234,186.21666431427002,226.23472658517304,1741718373201.1,0.9200174467035711
1,1,block_2,2,Provo_ID3,5,1078535,1258031,1,gaze_data,1741718373283,162.81027793884277,234.380219039586,1741718373249.6,0
1,1,block_2,2,Provo_ID3,5,1078535,1258031,1,gaze_data,1741718373322,175.98793506622314,215.20772756051088,1741718373281.9001,0
1,1,block_2,2,Provo_ID3,5,1078535,1258031,1,gaze_data,1741718373352,216.18444919586182,195.037154572129,1741718373313.5,0
1,1,block_2,2,Provo_ID3,5,1078535,1258031,1,gaze_data,1741718373377,284.2494249343872,302.8138861997526,1741718373347.2002,0
1,1,block_2,2,Provo_ID3,5,1078535,1258031,1,gaze_data,1741718373415,375.27170181274414,321.92541275520904,1741718373379.3,0
1,1,block_2,2,Provo_ID3,5,1078535,1258031,1,gaze_data,1741718373451,338.92953991889954,297.92802359690637,1741718373410.9001,0
1,1,block_2,2,Provo_ID3,5,1078535,1258031,1,gaze_data,1741718373480,478.9188623428345,311.29843407752975,1741718373441.3,0
1,1,block_2,2,Provo_ID3,5,1078535,1258031,1,gaze_data,1741718373518,477.4291932582855,311.4947461771603,1741718373473.9001,0
1,1,block_2,2,Provo_ID3,5,1078535,1258031,1,gaze_data,1741718373540,490.548300743103,304.4722021272539,1741718373506.1,0
1,1,block_2,2,Provo_ID3,5,1078535,1258031,1,gaze_data,1741718373578,483.9279353618622,317.14297147738444,1741718373538.4001,0.050087395819523976
1,1,block_2,2,Provo_ID3,5,1078535,1258031,1,gaze_data,1741718373617,503.00372838974,316.57107471126795,1741718373568.7002,0.21745912293786168
1,1,block_2,2,Provo_ID3,5,1078535,1258031,1,gaze_data,1741718373652,506.20226860046387,314.1282253306755,1741718373621.7002,0.38275279915466454
1,1,block_2,2,Provo_ID3,5,1078535,1258031,1,gaze_data,1741718373677,592.8824424743652,286.64560007686987,1741718373648.9001,0.38275279915466454
1,1,block_2,2,Provo_ID3,5,1078535,1258031,1,gaze_data,1741718373708,595.1436281204224,289.9968956142599,1741718373680.9001,0.32702527917366087
1,1,block_2,2,Provo_ID3,5,1078535,1258031,1,gaze_data,1741718373751,590.246319770813,297.46368143408523,1741718373713.7002,0.1655936185984386
1,1,block_2,2,Provo_ID3,5,1078535,1258031,1,gaze_data,1741718373790,593.4928894042969,309.16040466043796,1741718373745.8,0.24377565829748335
1,1,block_2,2,Provo_ID3,5,1078535,1258031,1,gaze_data,1741718373808,596.475100517273,291.0616057555226,1741718373778.4001,0.24377565829748335
1,1,block_2,2,Provo_ID3,5,1078535,1258031,1,gaze_data,1741718373850,601.7906665802002,301.87561713692423,1741718373811.5,0.31701057425843393
1,1,block_2,2,Provo_ID3,5,1078535,1258031,1,gaze_data,1741718373881,511.2831115722656,307.82213107624176,1741718373842.3,0.392857800684003
1,1,block_2,2,Provo_ID3,5,1078535,1258031,1,gaze_data,1741718373921,249.10035133361816,392.4757736106757,1741718373872.8,0.2934766664858564
1,1,block_2,2,Provo_ID3,5,1078535,1258031,1,gaze_data,1741718373948,227.9491901397705,379.57830698009167,1741718373905.7002,0.2997987234710662
1,1,block_2,2,Provo_ID3,5,1078535,1258031,1,gaze_data,1741718373983,211.43262386322021,374.0814937169536,1741718373955.7002,0.2997987234710662
1,1,block_2,2,Provo_ID3,5,1078535,1258031,1,gaze_data,1741718374015,218.03367137908936,367.24931133543333,1741718373985.9001,0.28455504020129047
1,1,block_2,2,Provo_ID3,5,1078535,1258031,1,gaze_data,1741718374053,199.85287189483643,386.06061294125374,1741718374017.4001,0.43247687041705946
1,1,block_2,2,Provo_ID3,5,1078535,1258031,1,gaze_data,1741718374089,183.26900005340576,393.84410469237224,1741718374050.2002,0.41971299453246724
1,1,block_2,2,Provo_ID3,5,1078535,1258031,1,gaze_data,1741718374120,188.75489234924316,390.13912341599865,1741718374080.9001,0.5762904191945751
1,1,block_2,2,Provo_ID3,5,1078535,1258031,1,gaze_data,1741718374147,191.95947647094727,383.4462660253694,1741718374113.2002,0.5762904191945751
1,1,block_2,2,Provo_ID3,5,1078535,1258031,1,gaze_data,1741718374182,178.6630153656006,382.2002799805747,1741718374146.2002,0.5565743000505444
1,1,block_2,2,Provo_ID3,5,1078535,1258031,1,gaze_data,1741718374221,197.37651348114014,393.0837751210641,1741718374176.9001,0.5486493194434103
1,1,block_2,2,Provo_ID3,5,1078535,1258031,1,gaze_data,1741718374255,358.1047832965851,386.70814497610496,1741718374209.8,0.5867712776682932
1,1,block_2,2,Provo_ID3,5,1078535,1258031,1,gaze_data,1741718374281,376.99941396713257,398.95034922436366,1741718374241.9001,0.5867712776682932
1,1,block_2,2,Provo_ID3,5,1078535,1258031,1,gaze_data,1741718374325,379.53869104385376,420.6857031700151,1741718374275.2002,0.7396364003272555
1,1,block_2,2,Provo_ID3,5,1078535,1258031,1,gaze_data,1741718374361,377.54024267196655,420.8391632278674,1741718374323.5,0.6162348512882175
1,1,block_2,2,Provo_ID3,5,1078535,1258031,1,gaze_data,1741718374392,398.6544609069824,425.97333531576226,1741718374352.8,0.6980818289008803
1,1,block_2,2,Provo_ID3,5,1078535,1258031,1,gaze_data,1741718374416,390.88594913482666,418.457337418761,1741718374385.6,0.6980818289008803
1,1,block_2,2,Provo_ID3,5,1078535,1258031,1,gaze_data,1741718374468,391.2814527750015,424.0147274124907,1741718374418,0.7231221837784825
1,1,block_2,2,Provo_ID3,5,1078535,1258031,1,gaze_data,1741718374505,401.5253931283951,411.1045853952007,1741718374451.1,0.8072178498124954
1,1,block_2,2,Provo_ID3,5,1078535,1258031,1,gaze_data,1741718374533,398.72483015060425,415.80442813368524,1741718374482.1,0.7845237350793958
1,1,block_2,2,Provo_ID3,5,1078535,1258031,1,gaze_data,1741718374562,399.4675725698471,410.73531608002304,1741718374515.9001,0.7845237350793958
1,1,block_2,2,Provo_ID3,5,1078535,1258031,1,gaze_data,1741718374595,247.5597381591797,216.0515642476444,1741718374545.8,0.7088759457423301
1,1,block_2,2,Provo_ID3,5,1078535,1258031,1,gaze_data,1741718374632,155.52160739898682,172.2147521641663,1741718374577.3,0.5103944755927206
1,1,block_2,2,Provo_ID3,5,1078535,1258031,1,gaze_data,1741718374657,119.99287605285645,155.98133525724265,1741718374611.7002,0.5103944755927206
1,1,block_2,2,Provo_ID3,5,1078535,1258031,1,gaze_data,1741718374692,89.11478519439697,160.78997630617883,1741718374657.2002,0.8992228318935811
1,1,block_2,2,Provo_ID3,5,1078535,1258031,1,gaze_data,1741718374736,81.51330947875977,101.1669382355994,1741718374689.7002,1
1,1,block_2,2,Provo_ID3,5,1078535,1258031,1,gaze_data,1741718374768,96.51343822479248,107.3102706942279,1741718374721.7002,1
1,1,block_2,2,Provo_ID3,5,1078535,1258031,1,gaze_data,1741718374790,112.72521018981934,108.58323103435127,1741718374753.8,1
1,1,block_2,2,Provo_ID3,5,1078535,1258031,1,gaze_data,1741718374833,122.34439849853516,112.45521164767912,1741718374785.8,1
1,1,block_2,2,Provo_ID3,5,1078535,1258031,1,gaze_data,1741718374859,285.75286865234375,123.01110538639888,1741718374819.5,1
1,1,block_2,2,Provo_ID3,5,1078535,1258031,1,gaze_data,1741718374894,401.8238961696625,103.44028597022862,1741718374849.4001,1
1,1,block_2,2,Provo_ID3,5,1078535,1258031,1,gaze_data,1741718374930,436.74959540367126,115.17954844973352,1741718374881.3,1
1,1,block_2,2,Provo_ID3,5,1078535,1258031,1,gaze_data,1741718374949,446.9463348388672,106.05667345953091,1741718374914.8,1
1,1,block_2,2,Provo_ID3,5,1078535,1258031,1,gaze_data,1741718374992,463.63999247550964,124.9511544978541,1741718374945.8,1
1,1,block_2,2,Provo_ID3,5,1078535,1258031,1,gaze_data,1741718375026,455.876100063324,111.34648023096445,1741718374977.5,1
1,1,block_2,2,Provo_ID3,5,1078535,1258031,1,gaze_data,1741718375059,459.0080738067627,105.22331519137235,1741718375025.9001,1
1,1,block_2,2,Provo_ID3,5,1078535,1258031,1,gaze_data,1741718375087,469.8556900024414,104.40915618697889,1741718375058.1,1
1,1,block_2,2,Provo_ID3,5,1078535,1258031,1,gaze_data,1741718375118,505.0739526748657,110.11013105479341,1741718375088.6,1
1,1,block_2,2,Provo_ID3,5,1078535,1258031,1,gaze_data,1741718375158,536.6851806640625,85.99494718936415,1741718375120.8,1
1,1,block_2,2,Provo_ID3,5,1078535,1258031,1,gaze_data,1741718375196,540.6619548797607,85.32724773547655,1741718375155.2002,1
1,1,block_2,2,Provo_ID3,5,1078535,1258031,1,gaze_data,1741718375225,572.9772567749023,77.82218254569295,1741718375184.7002,1
1,1,block_2,2,Provo_ID3,5,1078535,1258031,1,gaze_data,1741718375248,578.4250974655151,81.15226431161877,1741718375219.1,1
1,1,block_2,2,Provo_ID3,5,1078535,1258031,1,gaze_data,1741718375285,518.7105894088745,101.77482058841598,1741718375249.7002,1
1,1,block_2,2,Provo_ID3,5,1078535,1258031,1,gaze_data,1741718375321,189.45178985595703,165.88525089421137,1741718375282.7002,1
1,1,block_2,2,Provo_ID3,5,1078535,1258031,1,gaze_data,1741718375361,62.08057403564453,217.8160179204382,1741718375313.6,1
1,1,block_2,2,Provo_ID3,5,1078535,1258031,1,gaze_data,1741718375378,59.671735763549805,219.11962223673592,1741718375362.8,1
1,1,block_2,2,Provo_ID3,5,1078535,1258031,1,gaze_data,1741718375416,69.8892593383789,214.42442664355363,1741718375394.6,1
1,1,block_2,2,Provo_ID3,5,1078535,1258031,1,gaze_data,1741718375453,78.34739685058594,220.59667529356454,1741718375426.3,1
1,1,block_2,2,Provo_ID3,5,1078535,1258031,1,gaze_data,1741718375489,58.089351654052734,218.1685195310514,1741718375458.4001,1
1,1,block_2,2,Provo_ID3,5,1078535,1258031,1,gaze_data,1741718375532,60.138511657714844,220.80719507180171,1741718375489.3,1
1,1,block_2,2,Provo_ID3,5,1078535,1258031,1,gaze_data,1741718375550,58.170175552368164,211.64273036534772,1741718375522.1,1
1,1,block_2,2,Provo_ID3,5,1078535,1258031,1,gaze_data,1741718375591,59.279775619506836,221.3161431269118,1741718375554.8,1
1,1,block_2,2,Provo_ID3,5,1078535,1258031,1,gaze_data,1741718375624,63.08422088623047,220.05145492884705,1741718375586.5,1
1,1,block_2,2,Provo_ID3,5,1078535,1258031,1,gaze_data,1741718375646,161.39075756072998,201.24005836933657,1741718375619.2002,1
1,1,block_2,2,Provo_ID3,5,1078535,1258031,1,gaze_data,1741718375679,239.82136249542236,215.93777993754554,1741718375648.6,1
1,1,block_2,2,Provo_ID3,5,1078535,1258031,1,gaze_data,1741718375722,232.34801292419434,222.77498927912848,1741718375681.8,1
1,1,block_2,2,Provo_ID3,5,1078535,1258031,1,gaze_data,1741718375756,236.15264892578125,217.24031742120772,1741718375729.5,1
1,1,block_2,2,Provo_ID3,5,1078535,1258031,1,gaze_data,1741718375787,246.40092849731445,214.64699436940754,1741718375761.7002,1
1,1,block_2,2,Provo_ID3,5,1078535,1258031,1,gaze_data,1741718375812,238.9967441558838,216.01912732238108,1741718375794.6,1
1,1,block_2,2,Provo_ID3,5,1078535,1258031,1,gaze_data,1741718375845,238.42060565948486,232.07016053272173,1741718375825.4001,1
1,1,block_2,2,Provo_ID3,5,1078535,1258031,1,gaze_data,1741718375889,250.44593811035156,235.22054895661657,1741718375857.6,1
1,1,block_2,2,Provo_ID3,5,1078535,1258031,1,gaze_data,1741718375913,448.17339181900024,202.33514624407388,1741718375889.9001,1
1,1,block_2,2,Provo_ID3,5,1078535,1258031,1,gaze_data,1741718375947,439.9386793375015,182.447144266323,1741718375921.6,1
1,1,block_2,2,Provo_ID3,5,1078535,1258031,1,gaze_data,1741718375979,475.93480348587036,216.07634902259016,1741718375953.3,1
1,1,block_2,2,Provo_ID3,5,1078535,1258031,1,gaze_data,1741718376021,476.2866020202637,208.52015033978444,1741718375988.8,1
1,1,block_2,2,Provo_ID3,5,1078535,1258031,1,gaze_data,1741718376062,493.7978148460388,226.50333381785228,1741718376018.9001,1
1,1,block_2,2,Provo_ID3,5,1078535,1258031,1,gaze_data,1741718376091,489.0051543712616,228.43901971415687,1741718376048.8,1
1,1,block_2,2,Provo_ID3,5,1078535,1258031,1,gaze_data,1741718376155,491.59573316574097,226.71185398308677,1741718376099,1
1,1,block_2,2,Provo_ID3,5,1078535,1258031,1,gaze_data,1741718376184,415.9257858991623,206.46909105545012,1741718376131.4001,1
1,1,block_2,2,Provo_ID3,5,1078535,1258031,1,gaze_data,1741718376207,121.70767784118652,284.42388480759496,1741718376163.2002,1
1,1,block_2,2,Provo_ID3,5,1078535,1258031,1,gaze_data,1741718376250,81.9373607635498,300.4549758811835,1741718376194.9001,1
1,1,block_2,2,Provo_ID3,5,1078535,1258031,1,gaze_data,1741718376268,73.31616878509521,275.2013642979289,1741718376228.1,1
1,1,block_2,2,Provo_ID3,5,1078535,1258031,1,gaze_data,1741718376307,115.99924564361572,287.0163290723027,1741718376258.7002,0.9983416968660954
1,1,block_2,2,Provo_ID3,5,1078535,1258031,1,gaze_data,1741718376332,110.80813407897949,293.29758269667883,1741718376293.1,0.9983416968660954
1,1,block_2,2,Provo_ID3,5,1078535,1258031,1,gaze_data,1741718376366,106.23018741607666,305.725523810066,1741718376320.9001,1
1,1,block_2,2,Provo_ID3,5,1078535,1258031,1,gaze_data,1741718376406,98.43206405639648,295.73350604340726,1741718376353.8,1
1,1,block_2,2,Provo_ID3,5,1078535,1258031,1,gaze_data,1741718376438,98.52204322814941,289.38571408617264,1741718376387.6,1
1,1,block_2,2,Provo_ID3,5,1078535,1258031,1,gaze_data,1741718376460,69.65951919555664,298.9075584163376,1741718376433.2002,0.9915806775565716
1,1,block_2,2,Provo_ID3,5,1078535,1258031,1,gaze_data,1741718376501,52.248477935791016,291.1414860127546,1741718376464.1,1
1,1,block_2,2,Provo_ID3,5,1078535,1258031,1,gaze_data,1741718376532,63.77902030944824,325.9066385198829,1741718376496,1
1,1,block_2,2,Provo_ID3,5,1078535,1258031,1,gaze_data,1741718376566,65.77866077423096,308.0969382263316,1741718376530.2002,1
1,1,block_2,2,Provo_ID3,5,1078535,1258031,1,gaze_data,1741718376593,68.19543838500977,301.516930503597,1741718376561.3,1
1,1,block_2,2,Provo_ID3,5,1078535,1258031,1,gaze_data,1741718376631,59.851765632629395,319.73976499346486,1741718376592,1
1,1,block_2,2,Provo_ID3,5,1078535,1258031,1,gaze_data,1741718376659,66.42048358917236,320.5583551700617,1741718376623.7002,1
1,1,block_2,2,Provo_ID3,5,1078535,1258031,1,gaze_data,1741718376698,135.08448600769043,315.65139422964893,1741718376656,0.9319565574002624
1,1,block_2,2,Provo_ID3,5,1078535,1258031,1,gaze_data,1741718376738,175.8742332458496,320.1285389136854,1741718376688,1
1,1,block_2,2,Provo_ID3,5,1078535,1258031,1,gaze_data,1741718376768,169.11277770996094,297.5779982295833,1741718376722.6,0.934662450443843
1,1,block_2,2,Provo_ID3,5,1078535,1258031,1,gaze_data,1741718376793,164.24927711486816,304.0316616894108,1741718376753.1,0.8907950071315787
1,1,block_2,2,Provo_ID3,5,1078535,1258031,1,gaze_data,1741718376831,176.8294334411621,305.08148458153977,1741718376800.4001,0.8870073318091358
1,1,block_2,2,Provo_ID3,5,1078535,1258031,1,gaze_data,1741718376862,190.33408164978027,305.80110694736305,1741718376832.3,0.9645044324714895
1,1,block_2,2,Provo_ID3,5,1078535,1258031,1,gaze_data,1741718376899,180.90651035308838,311.9339163029271,1741718376864.5,1
1,1,block_2,2,Provo_ID3,5,1078535,1258031,1,gaze_data,1741718376926,289.4979000091553,247.6483057481348,1741718376896.2002,0.9831299191797869
1,1,block_2,2,Provo_ID3,5,1078535,1258031,1,gaze_data,1741718376964,282.74362087249756,229.22833064114454,1741718376928.2002,0.8328370090308954
1,1,block_2,2,Provo_ID3,5,1078535,1258031,1,gaze_data,1741718376996,287.62524127960205,210.5848959883485,1741718376960.5,0.9246005709590136
1,1,block_2,2,Provo_ID3,5,1078535,1258031,1,gaze_data,1741718377029,287.04211711883545,204.64217088744851,1741718376992.1,0.8917963119559698
1,1,block_2,2,Provo_ID3,5,1078535,1258031,1,gaze_data,1741718377067,298.9050626754761,200.72846650560092,1741718377026,0.9378600457508499
1,1,block_2,2,Provo_ID3,5,1078535,1258031,1,gaze_data,1741718377096,322.74572253227234,208.0235667445913,1741718377055.9001,0.9432013719841673
1,1,block_2,2,Provo_ID3,5,1078535,1258031,1,gaze_data,1741718377133,397.6808935403824,146.59939681113153,1741718377088.7002,1
1,1,block_2,2,Provo_ID3,5,1078535,1258031,1,gaze_data,1741718377167,415.19193947315216,127.71283230398844,1741718377136.2002,1
1,1,block_2,2,Provo_ID3,5,1078535,1258031,1,gaze_data,1741718377198,410.7990086078644,142.93317153500374,1741718377167.4001,0.9548431283157734
1,1,block_2,2,Provo_ID3,5,1078535,1258031,1,gaze_data,1741718377224,411.09727174043655,141.4065991978842,1741718377199.9001,0.9657087163372124
1,1,block_2,2,Provo_ID3,5,1078535,1258031,1,gaze_data,1741718377263,435.82196831703186,152.08168774519982,1741718377231.6,1
1,1,block_2,2,Provo_ID3,5,1078535,1258031,1,gaze_data,1741718377292,425.8739084005356,144.44687485436296,1741718377263.8,1
1,1,block_2,2,Provo_ID3,5,1078535,1258031,1,gaze_data,1741718377329,419.1693603992462,141.56714913126186,1741718377296,1
1,1,block_2,2,Provo_ID3,5,1078535,1258031,1,gaze_data,1741718377367,419.4768026471138,142.7889610836666,1741718377327.7002,1
1,1,block_2,2,Provo_ID3,5,1078535,1258031,1,gaze_data,1741718377402,432.13387429714203,142.04536570385582,1741718377361.9001,1
1,1,block_2,2,Provo_ID3,5,1078535,1258031,1,gaze_data,1741718377424,329.51985001564026,114.19173217905835,1741718377392.6,1
1,1,block_2,2,Provo_ID3,5,1078535,1258031,1,gaze_data,1741718377466,160.65282821655273,92.04416006092394,1741718377423.6,0.9389246723559785
1,1,block_2,2,Provo_ID3,5,1078535,1258031,1,gaze_data,1741718377496,144.7399139404297,107.4571919803247,1741718377456.2002,1
1,1,block_2,2,Provo_ID3,5,1078535,1258031,1,gaze_data,1741718377526,137.52682209014893,121.97056933752627,1741718377504.1,1
1,1,block_2,2,Provo_ID3,5,1078535,1258031,1,gaze_data,1741718377569,144.61941719055176,115.23084578441694,1741718377536.8,1
1,1,block_2,2,Provo_ID3,5,1078535,1258031,1,gaze_data,1741718377596,138.9216661453247,96.52972769582091,1741718377568.5,1
1,1,block_2,2,Provo_ID3,5,1078535,1258031,1,gaze_data,1741718377638,139.19494152069092,93.62191057515507,1741718377599.6,1
1,1,block_2,2,Provo_ID3,5,1078535,1258031,1,gaze_data,1741718377665,139.58587646484375,88.90051521086124,1741718377634.6,1
1,1,block_2,2,Provo_ID3,5,1078535,1258031,1,gaze_data,1741718377691,60.07132530212402,90.63866671150522,1741718377664.1,1
1,1,block_2,2,Provo_ID3,5,1078535,1258031,1,gaze_data,1741718377729,69.86937522888184,83.8653630651776,1741718377695.9001,1
1,1,block_2,2,Provo_ID3,5,1078535,1258031,1,gaze_data,1741718377761,68.4255838394165,69.46047867714971,1741718377728.4001,1
1,1,block_2,2,Provo_ID3,5,1078535,1258031,1,gaze_data,1741718377796,74.79898929595947,78.57321782639642,1741718377759.8,1
1,1,block_2,2,Provo_ID3,5,1078535,1258031,1,gaze_data,1741718377829,69.87435817718506,84.75053998239646,1741718377791.8,1
1,1,block_2,2,Provo_ID3,5,1078535,1258031,1,gaze_data,1741718377858,78.53207588195801,90.3811671987273,1741718377840.8,1
1,1,block_2,2,Provo_ID3,5,1078535,1258031,1,gaze_data,1741718377896,77.94945240020752,82.58231901553603,1741718377872.2002,1
1,1,block_2,2,Provo_ID3,5,1078535,1258031,1,gaze_data,1741718377924,217.4189567565918,77.37126050440195,1741718377903.8,1
1,1,block_2,2,Provo_ID3,5,1078535,1258031,1,gaze_data,1741718377960,271.05515003204346,115.9340988788067,1741718377935.7002,1
1,1,block_2,2,Provo_ID3,5,1078535,1258031,1,gaze_data,1741718377995,284.85212326049805,93.2082550644616,1741718377968.1,1
1,1,block_2,2,Provo_ID3,5,1078535,1258031,1,gaze_data,1741718378030,298.34728240966797,72.39634251129084,1741718378000.1,1
1,1,block_2,2,Provo_ID3,5,1078535,1258031,1,gaze_data,1741718378060,305.9850037097931,88.48304665786843,1741718378032.5,1
1,1,block_2,2,Provo_ID3,5,1078535,1258031,1,gaze_data,1741718378097,318.5330927371979,76.20837197127932,1741718378066.2002,1
1,1,block_2,2,Provo_ID3,5,1078535,1258031,1,gaze_data,1741718378122,316.8799340724945,77.23527192552281,1741718378096.1,1
1,1,block_2,2,Provo_ID3,5,1078535,1258031,1,gaze_data,1741718378159,335.0732386112213,46.88962162704633,1741718378128.1,1
1,1,block_2,2,Provo_ID3,5,1078535,1258031,1,gaze_data,1741718378192,422.12933897972107,60.126076654860356,1741718378160.2002,1
1,1,block_2,2,Provo_ID3,5,1078535,1258031,1,gaze_data,1741718378231,466.26535654067993,78.51943307740052,1741718378209,1
1,1,block_2,2,Provo_ID3,5,1078535,1258031,1,gaze_data,1741718378264,475.4108786582947,74.06557625131339,1741718378240.6,1
1,1,block_2,2,Provo_ID3,5,1078535,1258031,1,gaze_data,1741718378299,473.27014207839966,80.2332317492967,1741718378274.9001,1
1,1,block_2,2,Provo_ID3,5,1078535,1258031,1,gaze_data,1741718378326,471.73653841018677,83.80353518008151,1741718378303.8,1
1,1,block_2,2,Provo_ID3,5,1078535,1258031,1,gaze_data,1741718378365,440.0144338607788,68.0220084697202,1741718378336.2002,1
1,1,block_2,2,Provo_ID3,5,1078535,1258031,1,gaze_data,1741718378400,143.48795413970947,74.09481454050722,1741718378367.9001,1
1,1,block_2,2,Provo_ID3,5,1078535,1258031,1,gaze_data,1741718378432,15.06798267364502,118.5630128078502,1741718378400.5,1
1,1,block_2,2,Provo_ID3,5,1078535,1258031,1,gaze_data,1741718378460,21.60041332244873,115.95151822634219,1741718378431.8,1
1,1,block_2,2,Provo_ID3,5,1078535,1258031,1,gaze_data,1741718378493,12.006163597106934,117.22744261106544,1741718378463.8,1
1,1,block_2,2,Provo_ID3,5,1078535,1258031,1,gaze_data,1741718378522,10.271430015563965,138.3650351501597,1741718378496.3,1
1,1,block_2,2,Provo_ID3,5,1078535,1258031,1,gaze_data,1741718378579,3.847813606262207,136.92422647538257,1741718378546.8,1
1,1,block_2,2,Provo_ID3,5,1078535,1258031,1,gaze_data,1741718378607,8.662152290344238,122.59527525001907,1741718378575.6,1
1,1,block_2,2,Provo_ID3,5,1078535,1258031,1,gaze_data,1741718378634,10.781598091125488,132.34702666772938,1741718378607.7002,1
1,1,block_2,2,Provo_ID3,5,1078535,1258031,1,gaze_data,1741718378673,55.25491237640381,112.46757424575905,1741718378639.9001,1
1,1,block_2,2,Provo_ID3,5,1078535,1258031,1,gaze_data,1741718378701,46.90067768096924,116.02507568491772,1741718378671.7002,1
1,1,block_2,2,Provo_ID3,5,1078535,1258031,1,gaze_data,1741718378737,48.5567569732666,136.0004052681416,1741718378703.8,1
1,1,block_2,2,Provo_ID3,5,1078535,1258031,1,gaze_data,1741718378766,45.98569869995117,136.69936124259635,1741718378735.3,1
1,1,block_2,2,Provo_ID3,5,1078535,1258031,1,gaze_data,1741718378804,62.22262382507324,141.23096838431866,1741718378767.8,1
1,1,block_2,2,Provo_ID3,5,1078535,1258031,1,gaze_data,1741718378838,56.426334381103516,140.17290872503517,1741718378800.9001,1
1,1,block_2,2,Provo_ID3,5,1078535,1258031,1,gaze_data,1741718378871,117.94254779815674,110.05959334963056,1741718378832.2002,1
1,1,block_2,2,Provo_ID3,5,1078535,1258031,1,gaze_data,1741718378906,170.1368808746338,128.60191907903376,1741718378865.1,1
1,1,block_2,2,Provo_ID3,5,1078535,1258031,1,gaze_data,1741718378942,170.66073417663574,112.43261639311619,1741718378913.3,1
1,1,block_2,2,Provo_ID3,5,1078535,1258031,1,gaze_data,1741718378966,194.77365016937256,103.7992481554408,1741718378944.1,1
1,1,block_2,2,Provo_ID3,5,1078535,1258031,1,gaze_data,1741718379003,326.76183581352234,141.6814435847152,1741718378975.7002,1
1,1,block_2,2,Provo_ID3,5,1078535,1258031,1,gaze_data,1741718379032,358.083575963974,162.4830787973135,1741718379008.3,1
1,1,block_2,2,Provo_ID3,5,1078535,1258031,1,gaze_data,1741718379070,376.23093724250793,157.34190620207218,1741718379039.9001,1
1,1,block_2,2,Provo_ID3,5,1078535,1258031,1,gaze_data,1741718379111,388.01833391189575,170.71992042524954,1741718379071.7002,1
1,1,block_2,2,Provo_ID3,5,1078535,1258031,1,gaze_data,1741718379132,393.9208149909973,171.20558434608444,1741718379103.9001,1
1,1,block_2,2,Provo_ID3,5,1078535,1258031,1,gaze_data,1741718379171,384.84084010124207,192.88438312919433,1741718379135.6,1
1,1,block_2,2,Provo_ID3,5,1078535,1258031,1,gaze_data,1741718379201,390.9236937761307,175.202628278422,1741718379167.9001,1
1,1,block_2,2,Provo_ID3,5,1078535,1258031,1,gaze_data,1741718379237,382.08127617836,174.94687144513244,1741718379200.5,1
1,1,block_2,2,Provo_ID3,5,1078535,1258031,1,gaze_data,1741718379274,385.6215298175812,167.9064239700549,1741718379248.7002,1
1,1,block_2,2,Provo_ID3,5,1078535,1258031,1,gaze_data,1741718379312,453.29749584198,234.83001001486292,1741718379280.2002,1
1,1,block_2,2,Provo_ID3,5,1078535,1258031,1,gaze_data,1741718379340,496.10567688941956,203.60922741010754,1741718379311.8,0.8597040186955001
1,1,block_2,2,Provo_ID3,5,1078535,1258031,1,gaze_data,1741718379379,398.85225892066956,180.04444354009732,1741718379343.7002,0
1,1,block_2,2,Provo_ID3,5,1078535,1258031,1,gaze_data,1741718379408,447.2667157649994,180.1427113001362,1741718379379,0
1,1,block_2,2,Provo_ID3,5,1078535,1258031,1,gaze_data,1741718379442,544.2369222640991,202.8617668565597,1741718379407.5,0
1,1,block_2,2,Provo_ID3,5,1078535,1258031,1,gaze_data,1741718379469,576.600980758667,193.57194093716635,1741718379439.6,0
1,1,block_2,2,Provo_ID3,5,1078535,1258031,1,gaze_data,1741718379513,592.9666757583618,185.4452493133876,1741718379472.4001,0.022544505743069626
1,1,block_2,2,Provo_ID3,5,1078535,1258031,1,gaze_data,1741718379540,546.5759754180908,198.15646148814037,1741718379504.5,0.08510711801287224
1,1,block_2,2,Provo_ID3,5,1078535,1258031,1,gaze_data,1741718379568,533.186674118042,182.02721436473655,1741718379535.5,0.3410750491765187
1,1,block_2,2,Provo_ID3,5,1078535,1258031,1,gaze_data,1741718379606,223.21465015411377,191.7080223431039,1741718379567.9001,0.561661650605509
1,1,block_2,2,Provo_ID3,5,1078535,1258031,1,gaze_data,1741718379641,43.67852210998535,227.35252887204516,1741718379615,0.2948695599282446
1,1,block_2,2,Provo_ID3,5,1078535,1258031,1,gaze_data,1741718379679,58.49792957305908,250.7478511255889,1741718379647.5,0.7308239384025427
1,1,block_2,2,Provo_ID3,5,1078535,1258031,1,gaze_data,1741718379705,31.756210327148438,214.1818143799093,1741718379679.2002,0.8896247936160062
1,1,block_2,2,Provo_ID3,5,1078535,1258031,1,gaze_data,1741718379744,17.902016639709473,207.50650666540977,1741718379711.6,1
1,1,block_2,2,Provo_ID3,5,1078535,1258031,1,gaze_data,1741718379772,16.709256172180176,212.2950845581849,1741718379743.4001,1
1,1,block_2,2,Provo_ID3,5,1078535,1258031,1,gaze_data,1741718379809,20.15974521636963,199.0684302406559,1741718379775.6,1
1,1,block_2,2,Provo_ID3,5,1078535,1258031,1,gaze_data,1741718379837,16.220974922180176,202.68525725590175,1741718379807.2002,1
1,1,block_2,2,Provo_ID3,5,1078535,1258031,1,gaze_data,1741718379877,1.8049955368041992,200.06412208209585,1741718379839.7002,1
1,1,block_2,2,Provo_ID3,5,1078535,1258031,1,gaze_data,1741718379909,50.264573097229004,195.97687586786432,1741718379871.6,1
1,1,block_2,2,Provo_ID3,5,1078535,1258031,1,gaze_data,1741718379943,115.53900241851807,209.26640256108018,1741718379904.3,1
1,1,block_2,2,Provo_ID3,5,1078535,1258031,1,gaze_data,1741718379981,112.3694896697998,209.89501460772533,1741718379951.8,1
1,1,block_2,2,Provo_ID3,5,1078535,1258031,1,gaze_data,1741718380014,103.43441963195801,203.38310357546857,1741718379985.2002,1
1,1,block_2,2,Provo_ID3,5,1078535,1258031,1,gaze_data,1741718380048,107.47885704040527,205.86619470228084,1741718380016,1
1,1,block_2,2,Provo_ID3,5,1078535,1258031,1,gaze_data,1741718380076,112.84651756286621,210.11252186044953,1741718380047.7002,1
1,1,block_2,2,Provo_ID3,5,1078535,1258031,1,gaze_data,1741718380110,187.3481035232544,206.510016095871,1741718380079.5,1
1,1,block_2,2,Provo_ID3,5,1078535,1258031,1,gaze_data,1741718380137,205.75971603393555,212.73250269527807,1741718380111.5,1
1,1,block_2,2,Provo_ID3,5,1078535,1258031,1,gaze_data,1741718380180,205.6372880935669,213.69530704688611,1741718380143.8,1
1,1,block_2,2,Provo_ID3,5,1078535,1258031,1,gaze_data,1741718380208,200.8146047592163,220.00282746850797,1741718380175.9001,1
1,1,block_2,2,Provo_ID3,5,1078535,1258031,1,gaze_data,1741718380242,322.776061296463,203.56961868848822,1741718380207.9001,1
1,1,block_2,2,Provo_ID3,5,1078535,1258031,1,gaze_data,1741718380279,381.9382280111313,223.8712305619246,1741718380239.7002,1
1,1,block_2,2,Provo_ID3,5,1078535,1258031,1,gaze_data,1741718380315,399.0523874759674,211.10794187367867,1741718380272.2002,1
1,1,block_2,2,Provo_ID3,5,1078535,1258031,1,gaze_data,1741718380344,399.69398379325867,231.2145696027677,1741718380320.5,0.9246802922694304
1,1,block_2,2,Provo_ID3,5,1078535,1258031,1,gaze_data,1741718380384,395.94923853874207,240.22912524010252,1741718380352.2002,0.9622024655821488
1,1,block_2,2,Provo_ID3,5,1078535,1258031,1,gaze_data,1741718380409,408.9056059718132,228.3164642896673,1741718380383.7002,1
1,1,block_2,2,Provo_ID3,5,1078535,1258031,1,gaze_data,1741718380447,402.1117389202118,227.53745490713388,1741718380416.1,1
1,1,block_2,2,Provo_ID3,5,1078535,1258031,1,gaze_data,1741718380481,406.8322882056236,238.83365229774193,1741718380448,1
1,1,block_2,2,Provo_ID3,5,1078535,1258031,1,gaze_data,1741718380515,458.06318521499634,232.96047798206388,1741718380482,0.9532793189696993
1,1,block_2,2,Provo_ID3,5,1078535,1258031,1,gaze_data,1741718380542,471.63461446762085,225.91926622287312,1741718380511.8,0.9876586930319395
1,1,block_2,2,Provo_ID3,5,1078535,1258031,1,gaze_data,1741718380576,463.98258209228516,235.84923733858122,1741718380544.2002,0.9037784266599376
1,1,block_2,2,Provo_ID3,5,1078535,1258031,1,gaze_data,1741718380605,183.07089805603027,298.67511178304215,1741718380575.7002,0.8457341325370318
1,1,block_2,2,Provo_ID3,5,1078535,1258031,1,gaze_data,1741718380643,90.03710746765137,312.07898319931195,1741718380607.7002,0.6769829000966386
1,1,block_2,2,Provo_ID3,5,1078535,1258031,1,gaze_data,1741718380674,100.44667720794678,310.4280401465691,1741718380656.4001,0.9013042451039825
1,1,block_2,2,Provo_ID3,5,1078535,1258031,1,gaze_data,1741718380715,96.44908905029297,296.994669783917,1741718380690.4001,0.8868553615445465
1,1,block_2,2,Provo_ID3,5,1078535,1258031,1,gaze_data,1741718380751,99.36373233795166,302.0484849842924,1741718380719.8,0.9272259540461434
1,1,block_2,2,Provo_ID3,5,1078535,1258031,1,gaze_data,1741718380775,105.70735931396484,297.3047326805793,1741718380751.9001,0.9634752028263618
1,1,block_2,2,Provo_ID3,5,1078535,1258031,1,gaze_data,1741718380809,101.22861862182617,302.501775282324,1741718380784.1,0.971438128767351
1,1,block_2,2,Provo_ID3,5,1078535,1258031,1,gaze_data,1741718380845,122.63824939727783,303.9982007537643,1741718380815.9001,0.9825901770059731
1,1,block_2,2,Provo_ID3,5,1078535,1258031,1,gaze_data,1741718380875,184.1160535812378,300.8484714201888,1741718380847.4001,1
1,1,block_2,2,Provo_ID3,5,1078535,1258031,1,gaze_data,1741718380916,174.14023876190186,304.65090869564295,1741718380879.9001,0.9299746000214993
1,1,block_2,2,Provo_ID3,5,1078535,1258031,1,gaze_data,1741718380938,179.4301986694336,307.520833708459,1741718380911.6,0.9174597065002228
1,1,block_2,2,Provo_ID3,5,1078535,1258031,1,gaze_data,1741718380980,178.90288829803467,306.4506050821499,1741718380944.5,0.9532466142051979
1,1,block_2,2,Provo_ID3,5,1078535,1258031,1,gaze_data,1741718381004,71.46775722503662,335.46297151975153,1741718380975.6,0.992744850510034
1,1,block_2,2,Provo_ID3,5,1078535,1258031,1,gaze_data,1741718381043,66.19491577148438,310.2143757255372,1741718381023.8,0.8437915137860621
1,1,block_2,2,Provo_ID3,5,1078535,1258031,1,gaze_data,1741718381075,57.75270462036133,316.35473669221756,1741718381056.4001,0.8127873017693308
1,1,block_2,2,Provo_ID3,5,1078535,1258031,1,gaze_data,1741718381113,61.93192005157471,309.58269164774265,1741718381090.6,0.7466245552692267
1,1,block_2,2,Provo_ID3,5,1078535,1258031,1,gaze_data,1741718381148,63.399529457092285,310.5760412981608,1741718381119.4001,0.7736917986890589
1,1,block_2,2,Provo_ID3,5,1078535,1258031,1,gaze_data,1741718381176,68.71461868286133,311.685591923182,1741718381151.5,0.9530541073714769
1,1,block_2,2,Provo_ID3,5,1078535,1258031,1,gaze_data,1741718381207,59.81400012969971,318.26048331767515,1741718381184.6,0.8733032796819851
1,1,block_2,2,Provo_ID3,5,1078535,1258031,1,gaze_data,1741718381244,63.326072692871094,323.6752268031983,1741718381215.6,0.9350906142454374
1,1,block_2,2,Provo_ID3,5,1078535,1258031,1,gaze_data,1741718381277,57.45420455932617,313.46854667084335,1741718381250.1,0.8848611434778659
1,1,block_2,2,Provo_ID3,5,1078535,1258031,1,gaze_data,1741718381305,73.75283241271973,306.15058865826455,1741718381280.2002,0.9384573328765384
1,1,block_2,2,Provo_ID3,5,1078535,1258031,1,gaze_data,1741718381348,55.222249031066895,304.30203021994896,1741718381312.9001,1
1,1,block_2,2,Provo_ID3,5,1078535,1258031,1,gaze_data,1741718381376,78.83338928222656,311.6580516293871,1741718381359.8,0.9361969246127089
1,1,block_2,2,Provo_ID3,5,1078535,1258031,1,gaze_data,1741718381411,293.73576641082764,338.67894501593,1741718381392.6,0.7597013121790814
1,1,block_2,2,Provo_ID3,5,1078535,1258031,1,gaze_data,1741718381447,373.3421802520752,349.5291356150861,1741718381423.4001,0.5745010780587361
1,1,block_2,2,Provo_ID3,5,1078535,1258031,1,gaze_data,1741718381471,381.51613771915436,370.1133380484426,1741718381455.5,0.6334489936532716
1,1,block_2,2,Provo_ID3,5,1078535,1258031,1,gaze_data,1741718381510,416.7529299855232,397.90179238143554,1741718381487.3,0.5625675698455503
1,1,block_2,2,Provo_ID3,5,1078535,1258031,1,gaze_data,1741718381556,401.7506033182144,401.42194536916605,1741718381522.2002,0.5283516853925317
1,1,block_2,2,Provo_ID3,5,1078535,1258031,1,gaze_data,1741718381581,416.56682044267654,391.5919967949261,1741718381552.6,0.6359850529349813
1,1,block_2,2,Provo_ID3,5,1078535,1258031,1,gaze_data,1741718381608,422.03174233436584,386.6658440380965,1741718381583.7002,0.5167761822751314
1,1,block_2,2,Provo_ID3,5,1078535,1258031,1,gaze_data,1741718381642,425.115567445755,395.330282612633,1741718381615.9001,0.7544109973523276
1,1,block_2,2,Provo_ID3,5,1078535,1258031,1,gaze_data,1741718381679,430.9762120246887,376.1219330826964,1741718381649.7002,0.6745178308879423
1,1,block_2,2,Provo_ID3,5,1078535,1258031,1,gaze_data,1741718381708,426.12686455249786,379.9310878662639,1741718381679.4001,0.5990485429229597
1,1,block_2,2,Provo_ID3,5,1078535,1258031,1,gaze_data,1741718381751,430.1322728395462,383.94936418843633,1741718381727.4001,0.6143133921030237
1,1,block_2,2,Provo_ID3,5,1078535,1258031,1,gaze_data,1741718381802,432.92598128318787,385.9333079704235,1741718381760.5,0.6132241562333755
1,1,block_2,2,Provo_ID3,5,1078535,1258031,1,gaze_data,1741718381818,440.9017324447632,391.8149108224732,1741718381793.7002,0.6132241562333755
1,1,block_2,2,Provo_ID3,5,1078535,1258031,1,gaze_x,"",
1,1,block_2,2,Provo_ID3,5,1078535,1258031,1,gaze_y,"",
1,1,block_2,2,Provo_ID3,5,1078535,1258031,1,el_x,"",
1,1,block_2,2,Provo_ID3,5,1078535,1258031,1,applied_drift,1741718335393,
1,1,block_2,2,Provo_ID3,5,1078535,1258031,1,applied_drift,1741718358730,-27.161818742752075,-37.384988118666115
1,1,block_2,2,Provo_ID3,5,1078535,1258031,1,applied_drift,1741718358759,-27.161818742752075,-37.384988118666115
1,1,block_2,2,Provo_ID3,5,1078535,1258031,1,applied_drift,1741718358789,-27.161818742752075,-37.384988118666115
1,1,block_2,2,Provo_ID3,5,1078535,1258031,1,applied_drift,1741718358828,-27.161818742752075,-37.384988118666115
1,1,block_2,2,Provo_ID3,5,1078535,1258031,1,applied_drift,1741718358855,-27.161818742752075,-37.384988118666115
1,1,block_2,2,Provo_ID3,5,1078535,1258031,1,applied_drift,1741718358887,-27.161818742752075,-37.384988118666115
1,1,block_2,2,Provo_ID3,5,1078535,1258031,1,applied_drift,1741718358924,-27.161818742752075,-37.384988118666115
1,1,block_2,2,Provo_ID3,5,1078535,1258031,1,applied_drift,1741718358953,-27.161818742752075,-37.384988118666115
1,1,block_2,2,Provo_ID3,5,1078535,1258031,1,applied_drift,1741718358991,-27.161818742752075,-37.384988118666115
1,1,block_2,2,Provo_ID3,5,1078535,1258031,1,applied_drift,1741718359026,-27.161818742752075,-37.384988118666115
1,1,block_2,2,Provo_ID3,5,1078535,1258031,1,applied_drift,1741718359050,-27.161818742752075,-37.384988118666115
1,1,block_2,2,Provo_ID3,5,1078535,1258031,1,applied_drift,1741718359087,-27.161818742752075,-37.384988118666115
1,1,block_2,2,Provo_ID3,5,1078535,1258031,1,applied_drift,1741718359121,-27.161818742752075,-37.384988118666115
1,1,block_2,2,Provo_ID3,5,1078535,1258031,1,applied_drift,1741718359164,-27.161818742752075,-37.384988118666115
1,1,block_2,2,Provo_ID3,5,1078535,1258031,1,applied_drift,1741718359193,-27.161818742752075,-37.384988118666115
1,1,block_2,2,Provo_ID3,5,1078535,1258031,1,applied_drift,1741718359232,-27.161818742752075,-37.384988118666115
1,1,block_2,2,Provo_ID3,5,1078535,1258031,1,applied_drift,1741718359260,-27.161818742752075,-37.384988118666115
1,1,block_2,2,Provo_ID3,5,1078535,1258031,1,applied_drift,1741718359298,-27.161818742752075,-37.384988118666115
1,1,block_2,2,Provo_ID3,5,1078535,1258031,1,applied_drift,1741718359333,-27.161818742752075,-37.384988118666115
1,1,block_2,2,Provo_ID3,5,1078535,1258031,1,applied_drift,1741718359359,-27.161818742752075,-37.384988118666115
1,1,block_2,2,Provo_ID3,5,1078535,1258031,1,applied_drift,1741718359389,-27.161818742752075,-37.384988118666115
1,1,block_2,2,Provo_ID3,5,1078535,1258031,1,applied_drift,1741718359429,-27.161818742752075,-37.384988118666115
1,1,block_2,2,Provo_ID3,5,1078535,1258031,1,applied_drift,1741718359462,-27.161818742752075,-37.384988118666115
1,1,block_2,2,Provo_ID3,5,1078535,1258031,1,applied_drift,1741718359491,-27.161818742752075,-37.384988118666115
1,1,block_2,2,Provo_ID3,5,1078535,1258031,1,applied_drift,1741718359527,-27.161818742752075,-37.384988118666115
1,1,block_2,2,Provo_ID3,5,1078535,1258031,1,applied_drift,1741718359568,-27.161818742752075,-37.384988118666115
1,1,block_2,2,Provo_ID3,5,1078535,1258031,1,applied_drift,1741718359597,-27.161818742752075,-37.384988118666115
1,1,block_2,2,Provo_ID3,5,1078535,1258031,1,applied_drift,1741718359630,-27.161818742752075,-37.384988118666115
1,1,block_2,2,Provo_ID3,5,1078535,1258031,1,applied_drift,1741718359662,-27.161818742752075,-37.384988118666115
1,1,block_2,2,Provo_ID3,5,1078535,1258031,1,applied_drift,1741718359690,-27.161818742752075,-37.384988118666115
1,1,block_2,2,Provo_ID3,5,1078535,1258031,1,applied_drift,1741718359730,-27.161818742752075,-37.384988118666115
1,1,block_2,2,Provo_ID3,5,1078535,1258031,1,applied_drift,1741718359761,-27.161818742752075,-37.384988118666115
1,1,block_2,2,Provo_ID3,5,1078535,1258031,1,applied_drift,1741718359791,-27.161818742752075,-37.384988118666115
1,1,block_2,2,Provo_ID3,5,1078535,1258031,1,applied_drift,1741718359822,-27.161818742752075,-37.384988118666115
1,1,block_2,2,Provo_ID3,5,1078535,1258031,1,applied_drift,1741718359870,-27.161818742752075,-37.384988118666115
1,1,block_2,2,Provo_ID3,5,1078535,1258031,1,applied_drift,1741718359900,-27.161818742752075,-37.384988118666115
1,1,block_2,2,Provo_ID3,5,1078535,1258031,1,applied_drift,1741718359926,-27.161818742752075,-37.384988118666115
1,1,block_2,2,Provo_ID3,5,1078535,1258031,1,applied_drift,1741718359972,-27.161818742752075,-37.384988118666115
1,1,block_2,2,Provo_ID3,5,1078535,1258031,1,applied_drift,1741718360004,-27.161818742752075,-37.384988118666115
1,1,block_2,2,Provo_ID3,5,1078535,1258031,1,applied_drift,1741718360036,-27.161818742752075,-37.384988118666115
1,1,block_2,2,Provo_ID3,5,1078535,1258031,1,applied_drift,1741718360071,-27.161818742752075,-37.384988118666115
1,1,block_2,2,Provo_ID3,5,1078535,1258031,1,applied_drift,1741718360103,-27.161818742752075,-37.384988118666115
1,1,block_2,2,Provo_ID3,5,1078535,1258031,1,applied_drift,1741718360132,-27.161818742752075,-37.384988118666115
1,1,block_2,2,Provo_ID3,5,1078535,1258031,1,applied_drift,1741718360161,-27.161818742752075,-37.384988118666115
1,1,block_2,2,Provo_ID3,5,1078535,1258031,1,applied_drift,1741718360197,-27.161818742752075,-37.384988118666115
1,1,block_2,2,Provo_ID3,5,1078535,1258031,1,applied_drift,1741718360228,-27.161818742752075,-37.384988118666115
1,1,block_2,2,Provo_ID3,5,1078535,1258031,1,applied_drift,1741718360273,-27.161818742752075,-37.384988118666115
1,1,block_2,2,Provo_ID3,5,1078535,1258031,1,applied_drift,1741718360296,-27.161818742752075,-37.384988118666115
1,1,block_2,2,Provo_ID3,5,1078535,1258031,1,applied_drift,1741718360332,-27.161818742752075,-37.384988118666115
1,1,block_2,2,Provo_ID3,5,1078535,1258031,1,applied_drift,1741718360368,-27.161818742752075,-37.384988118666115
1,1,block_2,2,Provo_ID3,5,1078535,1258031,1,applied_drift,1741718360402,-27.161818742752075,-37.384988118666115
1,1,block_2,2,Provo_ID3,5,1078535,1258031,1,applied_drift,1741718360437,-27.161818742752075,-37.384988118666115
1,1,block_2,2,Provo_ID3,5,1078535,1258031,1,applied_drift,1741718360470,-27.161818742752075,-37.384988118666115
1,1,block_2,2,Provo_ID3,5,1078535,1258031,1,applied_drift,1741718360498,-27.161818742752075,-37.384988118666115
1,1,block_2,2,Provo_ID3,5,1078535,1258031,1,applied_drift,1741718360529,-27.161818742752075,-37.384988118666115
1,1,block_2,2,Provo_ID3,5,1078535,1258031,1,applied_drift,1741718360565,-27.161818742752075,-37.384988118666115
1,1,block_2,2,Provo_ID3,5,1078535,1258031,1,applied_drift,1741718360595,-27.161818742752075,-37.384988118666115
1,1,block_2,2,Provo_ID3,5,1078535,1258031,1,applied_drift,1741718360641,-27.161818742752075,-37.384988118666115
1,1,block_2,2,Provo_ID3,5,1078535,1258031,1,applied_drift,1741718360668,-27.161818742752075,-37.384988118666115
1,1,block_2,2,Provo_ID3,5,1078535,1258031,1,applied_drift,1741718360698,-27.161818742752075,-37.384988118666115
1,1,block_2,2,Provo_ID3,5,1078535,1258031,1,applied_drift,1741718360727,-27.161818742752075,-37.384988118666115
1,1,block_2,2,Provo_ID3,5,1078535,1258031,1,applied_drift,1741718360770,-27.161818742752075,-37.384988118666115
1,1,block_2,2,Provo_ID3,5,1078535,1258031,1,applied_drift,1741718360802,-27.161818742752075,-37.384988118666115
1,1,block_2,2,Provo_ID3,5,1078535,1258031,1,applied_drift,1741718360827,-27.161818742752075,-37.384988118666115
1,1,block_2,2,Provo_ID3,5,1078535,1258031,1,applied_drift,1741718360868,-27.161818742752075,-37.384988118666115
1,1,block_2,2,Provo_ID3,5,1078535,1258031,1,applied_drift,1741718360898,-27.161818742752075,-37.384988118666115
1,1,block_2,2,Provo_ID3,5,1078535,1258031,1,applied_drift,1741718360928,-27.161818742752075,-37.384988118666115
1,1,block_2,2,Provo_ID3,5,1078535,1258031,1,applied_drift,1741718360969,-27.161818742752075,-37.384988118666115
1,1,block_2,2,Provo_ID3,5,1078535,1258031,1,applied_drift,1741718361007,-27.161818742752075,-37.384988118666115
1,1,block_2,2,Provo_ID3,5,1078535,1258031,1,applied_drift,1741718361041,-27.161818742752075,-37.384988118666115
1,1,block_2,2,Provo_ID3,5,1078535,1258031,1,applied_drift,1741718361070,-27.161818742752075,-37.384988118666115
1,1,block_2,2,Provo_ID3,5,1078535,1258031,1,applied_drift,1741718361101,-27.161818742752075,-37.384988118666115
1,1,block_2,2,Provo_ID3,5,1078535,1258031,1,applied_drift,1741718361133,-27.161818742752075,-37.384988118666115
1,1,block_2,2,Provo_ID3,5,1078535,1258031,1,applied_drift,1741718361167,-27.161818742752075,-37.384988118666115
1,1,block_2,2,Provo_ID3,5,1078535,1258031,1,applied_drift,1741718361202,-27.161818742752075,-37.384988118666115
1,1,block_2,2,Provo_ID3,5,1078535,1258031,1,applied_drift,1741718361238,-27.161818742752075,-37.384988118666115
1,1,block_2,2,Provo_ID3,5,1078535,1258031,1,applied_drift,1741718361281,-27.161818742752075,-37.384988118666115
1,1,block_2,2,Provo_ID3,5,1078535,1258031,1,applied_drift,1741718361305,-27.161818742752075,-37.384988118666115
1,1,block_2,2,Provo_ID3,5,1078535,1258031,1,applied_drift,1741718361350,-27.161818742752075,-37.384988118666115
1,1,block_2,2,Provo_ID3,5,1078535,1258031,1,applied_drift,1741718361375,-27.161818742752075,-37.384988118666115
1,1,block_2,2,Provo_ID3,5,1078535,1258031,1,applied_drift,1741718361408,-27.161818742752075,-37.384988118666115
1,1,block_2,2,Provo_ID3,5,1078535,1258031,1,applied_drift,1741718361442,-27.161818742752075,-37.384988118666115
1,1,block_2,2,Provo_ID3,5,1078535,1258031,1,applied_drift,1741718361480,-27.161818742752075,-37.384988118666115
1,1,block_2,2,Provo_ID3,5,1078535,1258031,1,applied_drift,1741718361513,-27.161818742752075,-37.384988118666115
1,1,block_2,2,Provo_ID3,5,1078535,1258031,1,applied_drift,1741718361544,-27.161818742752075,-37.384988118666115
1,1,block_2,2,Provo_ID3,5,1078535,1258031,1,applied_drift,1741718361577,-27.161818742752075,-37.384988118666115
1,1,block_2,2,Provo_ID3,5,1078535,1258031,1,applied_drift,1741718361610,-27.161818742752075,-37.384988118666115
1,1,block_2,2,Provo_ID3,5,1078535,1258031,1,applied_drift,1741718361658,-27.161818742752075,-37.384988118666115
1,1,block_2,2,Provo_ID3,5,1078535,1258031,1,applied_drift,1741718361688,-27.161818742752075,-37.384988118666115
1,1,block_2,2,Provo_ID3,5,1078535,1258031,1,applied_drift,1741718361716,-27.161818742752075,-37.384988118666115
1,1,block_2,2,Provo_ID3,5,1078535,1258031,1,applied_drift,1741718361751,-27.161818742752075,-37.384988118666115
1,1,block_2,2,Provo_ID3,5,1078535,1258031,1,applied_drift,1741718361785,-27.161818742752075,-37.384988118666115
1,1,block_2,2,Provo_ID3,5,1078535,1258031,1,applied_drift,1741718361819,-27.161818742752075,-37.384988118666115
1,1,block_2,2,Provo_ID3,5,1078535,1258031,1,applied_drift,1741718361841,-27.161818742752075,-37.384988118666115
1,1,block_2,2,Provo_ID3,5,1078535,1258031,1,applied_drift,1741718361881,-27.161818742752075,-37.384988118666115
1,1,block_2,2,Provo_ID3,5,1078535,1258031,1,applied_drift,1741718361908,-27.161818742752075,-37.384988118666115
1,1,block_2,2,Provo_ID3,5,1078535,1258031,1,applied_drift,1741718361942,-27.161818742752075,-37.384988118666115
1,1,block_2,2,Provo_ID3,5,1078535,1258031,1,applied_drift,1741718361982,-27.161818742752075,-37.384988118666115
1,1,block_2,2,Provo_ID3,5,1078535,1258031,1,applied_drift,1741718362017,-27.161818742752075,-37.384988118666115
1,1,block_2,2,Provo_ID3,5,1078535,1258031,1,applied_drift,1741718362049,-27.161818742752075,-37.384988118666115
1,1,block_2,2,Provo_ID3,5,1078535,1258031,1,applied_drift,1741718362077,-27.161818742752075,-37.384988118666115
1,1,block_2,2,Provo_ID3,5,1078535,1258031,1,applied_drift,1741718362114,-27.161818742752075,-37.384988118666115
1,1,block_2,2,Provo_ID3,5,1078535,1258031,1,applied_drift,1741718362157,-27.161818742752075,-37.384988118666115
1,1,block_2,2,Provo_ID3,5,1078535,1258031,1,applied_drift,1741718362180,-27.161818742752075,-37.384988118666115
1,1,block_2,2,Provo_ID3,5,1078535,1258031,1,applied_drift,1741718362212,-27.161818742752075,-37.384988118666115
1,1,block_2,2,Provo_ID3,5,1078535,1258031,1,applied_drift,1741718362252,-27.161818742752075,-37.384988118666115
1,1,block_2,2,Provo_ID3,5,1078535,1258031,1,applied_drift,1741718362290,-27.161818742752075,-37.384988118666115
1,1,block_2,2,Provo_ID3,5,1078535,1258031,1,applied_drift,1741718362315,-27.161818742752075,-37.384988118666115
1,1,block_2,2,Provo_ID3,5,1078535,1258031,1,applied_drift,1741718362355,-27.161818742752075,-37.384988118666115
1,1,block_2,2,Provo_ID3,5,1078535,1258031,1,applied_drift,1741718362389,-27.161818742752075,-37.384988118666115
1,1,block_2,2,Provo_ID3,5,1078535,1258031,1,applied_drift,1741718362421,-27.161818742752075,-37.384988118666115
1,1,block_2,2,Provo_ID3,5,1078535,1258031,1,applied_drift,1741718362455,-27.161818742752075,-37.384988118666115
1,1,block_2,2,Provo_ID3,5,1078535,1258031,1,applied_drift,1741718362484,-27.161818742752075,-37.384988118666115
1,1,block_2,2,Provo_ID3,5,1078535,1258031,1,applied_drift,1741718362524,-27.161818742752075,-37.384988118666115
1,1,block_2,2,Provo_ID3,5,1078535,1258031,1,applied_drift,1741718362548,-27.161818742752075,-37.384988118666115
1,1,block_2,2,Provo_ID3,5,1078535,1258031,1,applied_drift,1741718362585,-27.161818742752075,-37.384988118666115
1,1,block_2,2,Provo_ID3,5,1078535,1258031,1,applied_drift,1741718362623,-27.161818742752075,-37.384988118666115
1,1,block_2,2,Provo_ID3,5,1078535,1258031,1,applied_drift,1741718362658,-27.161818742752075,-37.384988118666115
1,1,block_2,2,Provo_ID3,5,1078535,1258031,1,applied_drift,1741718362682,-27.161818742752075,-37.384988118666115
1,1,block_2,2,Provo_ID3,5,1078535,1258031,1,applied_drift,1741718362716,-27.161818742752075,-37.384988118666115
1,1,block_2,2,Provo_ID3,5,1078535,1258031,1,applied_drift,1741718362757,-27.161818742752075,-37.384988118666115
1,1,block_2,2,Provo_ID3,5,1078535,1258031,1,applied_drift,1741718362789,-27.161818742752075,-37.384988118666115
1,1,block_2,2,Provo_ID3,5,1078535,1258031,1,applied_drift,1741718362826,-27.161818742752075,-37.384988118666115
1,1,block_2,2,Provo_ID3,5,1078535,1258031,1,applied_drift,1741718362854,-27.161818742752075,-37.384988118666115
1,1,block_2,2,Provo_ID3,5,1078535,1258031,1,applied_drift,1741718362884,-27.161818742752075,-37.384988118666115
1,1,block_2,2,Provo_ID3,5,1078535,1258031,1,applied_drift,1741718362924,-27.161818742752075,-37.384988118666115
1,1,block_2,2,Provo_ID3,5,1078535,1258031,1,applied_drift,1741718362965,-27.161818742752075,-37.384988118666115
1,1,block_2,2,Provo_ID3,5,1078535,1258031,1,applied_drift,1741718362989,-27.161818742752075,-37.384988118666115
1,1,block_2,2,Provo_ID3,5,1078535,1258031,1,applied_drift,1741718363015,-27.161818742752075,-37.384988118666115
1,1,block_2,2,Provo_ID3,5,1078535,1258031,1,applied_drift,1741718363054,-27.161818742752075,-37.384988118666115
1,1,block_2,2,Provo_ID3,5,1078535,1258031,1,applied_drift,1741718363088,-27.161818742752075,-37.384988118666115
1,1,block_2,2,Provo_ID3,5,1078535,1258031,1,applied_drift,1741718363121,-27.161818742752075,-37.384988118666115
1,1,block_2,2,Provo_ID3,5,1078535,1258031,1,applied_drift,1741718363159,-27.161818742752075,-37.384988118666115
1,1,block_2,2,Provo_ID3,5,1078535,1258031,1,applied_drift,1741718363193,-27.161818742752075,-37.384988118666115
1,1,block_2,2,Provo_ID3,5,1078535,1258031,1,applied_drift,1741718363227,-27.161818742752075,-37.384988118666115
1,1,block_2,2,Provo_ID3,5,1078535,1258031,1,applied_drift,1741718363262,-27.161818742752075,-37.384988118666115
1,1,block_2,2,Provo_ID3,5,1078535,1258031,1,applied_drift,1741718363286,-27.161818742752075,-37.384988118666115
1,1,block_2,2,Provo_ID3,5,1078535,1258031,1,applied_drift,1741718363313,-27.161818742752075,-37.384988118666115
1,1,block_2,2,Provo_ID3,5,1078535,1258031,1,applied_drift,1741718363356,-27.161818742752075,-37.384988118666115
1,1,block_2,2,Provo_ID3,5,1078535,1258031,1,applied_drift,1741718363382,-27.161818742752075,-37.384988118666115
1,1,block_2,2,Provo_ID3,5,1078535,1258031,1,applied_drift,1741718363413,-27.161818742752075,-37.384988118666115
1,1,block_2,2,Provo_ID3,5,1078535,1258031,1,applied_drift,1741718363460,-27.161818742752075,-37.384988118666115
1,1,block_2,2,Provo_ID3,5,1078535,1258031,1,applied_drift,1741718363484,-27.161818742752075,-37.384988118666115
1,1,block_2,2,Provo_ID3,5,1078535,1258031,1,applied_drift,1741718363522,-27.161818742752075,-37.384988118666115
1,1,block_2,2,Provo_ID3,5,1078535,1258031,1,applied_drift,1741718363557,-27.161818742752075,-37.384988118666115
1,1,block_2,2,Provo_ID3,5,1078535,1258031,1,applied_drift,1741718363586,-27.161818742752075,-37.384988118666115
1,1,block_2,2,Provo_ID3,5,1078535,1258031,1,applied_drift,1741718363626,-27.161818742752075,-37.384988118666115
1,1,block_2,2,Provo_ID3,5,1078535,1258031,1,applied_drift,1741718363654,-27.161818742752075,-37.384988118666115
1,1,block_2,2,Provo_ID3,5,1078535,1258031,1,applied_drift,1741718363693,-27.161818742752075,-37.384988118666115
1,1,block_2,2,Provo_ID3,5,1078535,1258031,1,applied_drift,1741718363726,-27.161818742752075,-37.384988118666115
1,1,block_2,2,Provo_ID3,5,1078535,1258031,1,applied_drift,1741718363761,-27.161818742752075,-37.384988118666115
1,1,block_2,2,Provo_ID3,5,1078535,1258031,1,applied_drift,1741718363778,-27.161818742752075,-37.384988118666115
1,1,block_2,2,Provo_ID3,5,1078535,1258031,1,applied_drift,1741718363813,-27.161818742752075,-37.384988118666115
1,1,block_2,2,Provo_ID3,5,1078535,1258031,1,applied_drift,1741718363847,-27.161818742752075,-37.384988118666115
1,1,block_2,2,Provo_ID3,5,1078535,1258031,1,applied_drift,1741718363881,-27.161818742752075,-37.384988118666115
1,1,block_2,2,Provo_ID3,5,1078535,1258031,1,applied_drift,1741718363927,-27.161818742752075,-37.384988118666115
1,1,block_2,2,Provo_ID3,5,1078535,1258031,1,applied_drift,1741718363950,-27.161818742752075,-37.384988118666115
1,1,block_2,2,Provo_ID3,5,1078535,1258031,1,applied_drift,1741718363982,-27.161818742752075,-37.384988118666115
1,1,block_2,2,Provo_ID3,5,1078535,1258031,1,applied_drift,1741718364016,-27.161818742752075,-37.384988118666115
1,1,block_2,2,Provo_ID3,5,1078535,1258031,1,applied_drift,1741718364050,-27.161818742752075,-37.384988118666115
1,1,block_2,2,Provo_ID3,5,1078535,1258031,1,applied_drift,1741718364089,-27.161818742752075,-37.384988118666115
1,1,block_2,2,Provo_ID3,5,1078535,1258031,1,applied_drift,1741718364118,-27.161818742752075,-37.384988118666115
1,1,block_2,2,Provo_ID3,5,1078535,1258031,1,applied_drift,1741718364146,-27.161818742752075,-37.384988118666115
1,1,block_2,2,Provo_ID3,5,1078535,1258031,1,applied_drift,1741718364185,-27.161818742752075,-37.384988118666115
1,1,block_2,2,Provo_ID3,5,1078535,1258031,1,applied_drift,1741718364220,-27.161818742752075,-37.384988118666115
1,1,block_2,2,Provo_ID3,5,1078535,1258031,1,applied_drift,1741718364255,-27.161818742752075,-37.384988118666115
1,1,block_2,2,Provo_ID3,5,1078535,1258031,1,applied_drift,1741718364295,-27.161818742752075,-37.384988118666115
1,1,block_2,2,Provo_ID3,5,1078535,1258031,1,applied_drift,1741718364328,-27.161818742752075,-37.384988118666115
1,1,block_2,2,Provo_ID3,5,1078535,1258031,1,applied_drift,1741718364355,-27.161818742752075,-37.384988118666115
1,1,block_2,2,Provo_ID3,5,1078535,1258031,1,applied_drift,1741718364389,-27.161818742752075,-37.384988118666115
1,1,block_2,2,Provo_ID3,5,1078535,1258031,1,applied_drift,1741718364431,-27.161818742752075,-37.384988118666115
1,1,block_2,2,Provo_ID3,5,1078535,1258031,1,applied_drift,1741718364475,-27.161818742752075,-37.384988118666115
1,1,block_2,2,Provo_ID3,5,1078535,1258031,1,applied_drift,1741718364512,-27.161818742752075,-37.384988118666115
1,1,block_2,2,Provo_ID3,5,1078535,1258031,1,applied_drift,1741718364544,-27.161818742752075,-37.384988118666115
1,1,block_2,2,Provo_ID3,5,1078535,1258031,1,applied_drift,1741718364564,-27.161818742752075,-37.384988118666115
1,1,block_2,2,Provo_ID3,5,1078535,1258031,1,applied_drift,1741718364596,-27.161818742752075,-37.384988118666115
1,1,block_2,2,Provo_ID3,5,1078535,1258031,1,applied_drift,1741718364634,-27.161818742752075,-37.384988118666115
1,1,block_2,2,Provo_ID3,5,1078535,1258031,1,applied_drift,1741718364666,-27.161818742752075,-37.384988118666115
1,1,block_2,2,Provo_ID3,5,1078535,1258031,1,applied_drift,1741718364699,-27.161818742752075,-37.384988118666115
1,1,block_2,2,Provo_ID3,5,1078535,1258031,1,applied_drift,1741718364730,-27.161818742752075,-37.384988118666115
1,1,block_2,2,Provo_ID3,5,1078535,1258031,1,applied_drift,1741718364772,-27.161818742752075,-37.384988118666115
1,1,block_2,2,Provo_ID3,5,1078535,1258031,1,applied_drift,1741718364805,-27.161818742752075,-37.384988118666115
1,1,block_2,2,Provo_ID3,5,1078535,1258031,1,applied_drift,1741718364833,-27.161818742752075,-37.384988118666115
1,1,block_2,2,Provo_ID3,5,1078535,1258031,1,applied_drift,1741718364877,-27.161818742752075,-37.384988118666115
1,1,block_2,2,Provo_ID3,5,1078535,1258031,1,applied_drift,1741718364911,-27.161818742752075,-37.384988118666115
1,1,block_2,2,Provo_ID3,5,1078535,1258031,1,applied_drift,1741718364943,-27.161818742752075,-37.384988118666115
1,1,block_2,2,Provo_ID3,5,1078535,1258031,1,applied_drift,1741718364974,-27.161818742752075,-37.384988118666115
1,1,block_2,2,Provo_ID3,5,1078535,1258031,1,applied_drift,1741718365017,-27.161818742752075,-37.384988118666115
1,1,block_2,2,Provo_ID3,5,1078535,1258031,1,applied_drift,1741718365040,-27.161818742752075,-37.384988118666115
1,1,block_2,2,Provo_ID3,5,1078535,1258031,1,applied_drift,1741718365062,-27.161818742752075,-37.384988118666115
1,1,block_2,2,Provo_ID3,5,1078535,1258031,1,applied_drift,1741718365099,-27.161818742752075,-37.384988118666115
1,1,block_2,2,Provo_ID3,5,1078535,1258031,1,applied_drift,1741718365141,-27.161818742752075,-37.384988118666115
1,1,block_2,2,Provo_ID3,5,1078535,1258031,1,applied_drift,1741718365166,-27.161818742752075,-37.384988118666115
1,1,block_2,2,Provo_ID3,5,1078535,1258031,1,applied_drift,1741718365203,-27.161818742752075,-37.384988118666115
1,1,block_2,2,Provo_ID3,5,1078535,1258031,1,applied_drift,1741718365243,-27.161818742752075,-37.384988118666115
1,1,block_2,2,Provo_ID3,5,1078535,1258031,1,applied_drift,1741718365279,-27.161818742752075,-37.384988118666115
1,1,block_2,2,Provo_ID3,5,1078535,1258031,1,applied_drift,1741718365308,-27.161818742752075,-37.384988118666115
1,1,block_2,2,Provo_ID3,5,1078535,1258031,1,applied_drift,1741718365336,-27.161818742752075,-37.384988118666115
1,1,block_2,2,Provo_ID3,5,1078535,1258031,1,applied_drift,1741718365374,-27.161818742752075,-37.384988118666115
1,1,block_2,2,Provo_ID3,5,1078535,1258031,1,applied_drift,1741718365407,-27.161818742752075,-37.384988118666115
1,1,block_2,2,Provo_ID3,5,1078535,1258031,1,applied_drift,1741718365430,-27.161818742752075,-37.384988118666115
1,1,block_2,2,Provo_ID3,5,1078535,1258031,1,applied_drift,1741718365469,-27.161818742752075,-37.384988118666115
1,1,block_2,2,Provo_ID3,5,1078535,1258031,1,applied_drift,1741718365510,-27.161818742752075,-37.384988118666115
1,1,block_2,2,Provo_ID3,5,1078535,1258031,1,applied_drift,1741718365539,-27.161818742752075,-37.384988118666115
1,1,block_2,2,Provo_ID3,5,1078535,1258031,1,applied_drift,1741718365569,-27.161818742752075,-37.384988118666115
1,1,block_2,2,Provo_ID3,5,1078535,1258031,1,applied_drift,1741718365620,-27.161818742752075,-37.384988118666115
1,1,block_2,2,Provo_ID3,5,1078535,1258031,1,applied_drift,1741718365656,-27.161818742752075,-37.384988118666115
1,1,block_2,2,Provo_ID3,5,1078535,1258031,1,applied_drift,1741718365673,-27.161818742752075,-37.384988118666115
1,1,block_2,2,Provo_ID3,5,1078535,1258031,1,applied_drift,1741718365714,-27.161818742752075,-37.384988118666115
1,1,block_2,2,Provo_ID3,5,1078535,1258031,1,applied_drift,1741718365741,-27.161818742752075,-37.384988118666115
1,1,block_2,2,Provo_ID3,5,1078535,1258031,1,applied_drift,1741718365769,-27.161818742752075,-37.384988118666115
1,1,block_2,2,Provo_ID3,5,1078535,1258031,1,applied_drift,1741718365809,-27.161818742752075,-37.384988118666115
1,1,block_2,2,Provo_ID3,5,1078535,1258031,1,applied_drift,1741718365849,-27.161818742752075,-37.384988118666115
1,1,block_2,2,Provo_ID3,5,1078535,1258031,1,applied_drift,1741718365889,-27.161818742752075,-37.384988118666115
1,1,block_2,2,Provo_ID3,5,1078535,1258031,1,applied_drift,1741718365907,-27.161818742752075,-37.384988118666115
1,1,block_2,2,Provo_ID3,5,1078535,1258031,1,applied_drift,1741718365946,-27.161818742752075,-37.384988118666115
1,1,block_2,2,Provo_ID3,5,1078535,1258031,1,applied_drift,1741718365991,-27.161818742752075,-37.384988118666115
1,1,block_2,2,Provo_ID3,5,1078535,1258031,1,applied_drift,1741718366020,-27.161818742752075,-37.384988118666115
1,1,block_2,2,Provo_ID3,5,1078535,1258031,1,applied_drift,1741718366044,-27.161818742752075,-37.384988118666115
1,1,block_2,2,Provo_ID3,5,1078535,1258031,1,applied_drift,1741718366087,-27.161818742752075,-37.384988118666115
1,1,block_2,2,Provo_ID3,5,1078535,1258031,1,applied_drift,1741718366109,-27.161818742752075,-37.384988118666115
1,1,block_2,2,Provo_ID3,5,1078535,1258031,1,applied_drift,1741718366136,-27.161818742752075,-37.384988118666115
1,1,block_2,2,Provo_ID3,5,1078535,1258031,1,applied_drift,1741718366180,-27.161818742752075,-37.384988118666115
1,1,block_2,2,Provo_ID3,5,1078535,1258031,1,applied_drift,1741718366221,-27.161818742752075,-37.384988118666115
1,1,block_2,2,Provo_ID3,5,1078535,1258031,1,applied_drift,1741718366249,-27.161818742752075,-37.384988118666115
1,1,block_2,2,Provo_ID3,5,1078535,1258031,1,applied_drift,1741718366279,-27.161818742752075,-37.384988118666115
1,1,block_2,2,Provo_ID3,5,1078535,1258031,1,applied_drift,1741718366317,-27.161818742752075,-37.384988118666115
1,1,block_2,2,Provo_ID3,5,1078535,1258031,1,applied_drift,1741718366345,-27.161818742752075,-37.384988118666115
1,1,block_2,2,Provo_ID3,5,1078535,1258031,1,applied_drift,1741718366371,-27.161818742752075,-37.384988118666115
1,1,block_2,2,Provo_ID3,5,1078535,1258031,1,applied_drift,1741718366408,-27.161818742752075,-37.384988118666115
1,1,block_2,2,Provo_ID3,5,1078535,1258031,1,applied_drift,1741718366450,-27.161818742752075,-37.384988118666115
1,1,block_2,2,Provo_ID3,5,1078535,1258031,1,applied_drift,1741718366477,-27.161818742752075,-37.384988118666115
1,1,block_2,2,Provo_ID3,5,1078535,1258031,1,applied_drift,1741718366512,-27.161818742752075,-37.384988118666115
1,1,block_2,2,Provo_ID3,5,1078535,1258031,1,applied_drift,1741718366548,-27.161818742752075,-37.384988118666115
1,1,block_2,2,Provo_ID3,5,1078535,1258031,1,applied_drift,1741718366567,-27.161818742752075,-37.384988118666115
1,1,block_2,2,Provo_ID3,5,1078535,1258031,1,applied_drift,1741718366601,-27.161818742752075,-37.384988118666115
1,1,block_2,2,Provo_ID3,5,1078535,1258031,1,applied_drift,1741718366645,-27.161818742752075,-37.384988118666115
1,1,block_2,2,Provo_ID3,5,1078535,1258031,1,applied_drift,1741718366681,-27.161818742752075,-37.384988118666115
1,1,block_2,2,Provo_ID3,5,1078535,1258031,1,applied_drift,1741718366711,-27.161818742752075,-37.384988118666115
1,1,block_2,2,Provo_ID3,5,1078535,1258031,1,applied_drift,1741718366744,-27.161818742752075,-37.384988118666115
1,1,block_2,2,Provo_ID3,5,1078535,1258031,1,applied_drift,1741718366786,-27.161818742752075,-37.384988118666115
1,1,block_2,2,Provo_ID3,5,1078535,1258031,1,applied_drift,1741718366821,-27.161818742752075,-37.384988118666115
1,1,block_2,2,Provo_ID3,5,1078535,1258031,1,applied_drift,1741718366851,-27.161818742752075,-37.384988118666115
1,1,block_2,2,Provo_ID3,5,1078535,1258031,1,applied_drift,1741718366880,-27.161818742752075,-37.384988118666115
1,1,block_2,2,Provo_ID3,5,1078535,1258031,1,applied_drift,1741718366915,-27.161818742752075,-37.384988118666115
1,1,block_2,2,Provo_ID3,5,1078535,1258031,1,applied_drift,1741718366937,-27.161818742752075,-37.384988118666115
1,1,block_2,2,Provo_ID3,5,1078535,1258031,1,applied_drift,1741718366976,-27.161818742752075,-37.384988118666115
1,1,block_2,2,Provo_ID3,5,1078535,1258031,1,applied_drift,1741718367010,-27.161818742752075,-37.384988118666115
1,1,block_2,2,Provo_ID3,5,1078535,1258031,1,applied_drift,1741718367042,-27.161818742752075,-37.384988118666115
1,1,block_2,2,Provo_ID3,5,1078535,1258031,1,applied_drift,1741718367068,-27.161818742752075,-37.384988118666115
1,1,block_2,2,Provo_ID3,5,1078535,1258031,1,applied_drift,1741718367107,-27.161818742752075,-37.384988118666115
1,1,block_2,2,Provo_ID3,5,1078535,1258031,1,applied_drift,1741718367153,-27.161818742752075,-37.384988118666115
1,1,block_2,2,Provo_ID3,5,1078535,1258031,1,applied_drift,1741718367193,-27.161818742752075,-37.384988118666115
1,1,block_2,2,Provo_ID3,5,1078535,1258031,1,applied_drift,1741718367220,-27.161818742752075,-37.384988118666115
1,1,block_2,2,Provo_ID3,5,1078535,1258031,1,applied_drift,1741718367254,-27.161818742752075,-37.384988118666115
1,1,block_2,2,Provo_ID3,5,1078535,1258031,1,applied_drift,1741718367290,-27.161818742752075,-37.384988118666115
1,1,block_2,2,Provo_ID3,5,1078535,1258031,1,applied_drift,1741718367335,-27.161818742752075,-37.384988118666115
1,1,block_2,2,Provo_ID3,5,1078535,1258031,1,applied_drift,1741718367357,-27.161818742752075,-37.384988118666115
1,1,block_2,2,Provo_ID3,5,1078535,1258031,1,applied_drift,1741718367382,-27.161818742752075,-37.384988118666115
1,1,block_2,2,Provo_ID3,5,1078535,1258031,1,applied_drift,1741718367428,-27.161818742752075,-37.384988118666115
1,1,block_2,2,Provo_ID3,5,1078535,1258031,1,applied_drift,1741718367473,-27.161818742752075,-37.384988118666115
1,1,block_2,2,Provo_ID3,5,1078535,1258031,1,applied_drift,1741718367501,-27.161818742752075,-37.384988118666115
1,1,block_2,2,Provo_ID3,5,1078535,1258031,1,applied_drift,1741718367534,-27.161818742752075,-37.384988118666115
1,1,block_2,2,Provo_ID3,5,1078535,1258031,1,applied_drift,1741718367558,-27.161818742752075,-37.384988118666115
1,1,block_2,2,Provo_ID3,5,1078535,1258031,1,applied_drift,1741718367589,-27.161818742752075,-37.384988118666115
1,1,block_2,2,Provo_ID3,5,1078535,1258031,1,applied_drift,1741718367632,-27.161818742752075,-37.384988118666115
1,1,block_2,2,Provo_ID3,5,1078535,1258031,1,applied_drift,1741718367665,-27.161818742752075,-37.384988118666115
1,1,block_2,2,Provo_ID3,5,1078535,1258031,1,applied_drift,1741718367695,-27.161818742752075,-37.384988118666115
1,1,block_2,2,Provo_ID3,5,1078535,1258031,1,applied_drift,1741718367726,-27.161818742752075,-37.384988118666115
1,1,block_2,2,Provo_ID3,5,1078535,1258031,1,applied_drift,1741718367755,-27.161818742752075,-37.384988118666115
1,1,block_2,2,Provo_ID3,5,1078535,1258031,1,applied_drift,1741718367799,-27.161818742752075,-37.384988118666115
1,1,block_2,2,Provo_ID3,5,1078535,1258031,1,applied_drift,1741718367836,-27.161818742752075,-37.384988118666115
1,1,block_2,2,Provo_ID3,5,1078535,1258031,1,applied_drift,1741718367859,-27.161818742752075,-37.384988118666115
1,1,block_2,2,Provo_ID3,5,1078535,1258031,1,applied_drift,1741718367889,-27.161818742752075,-37.384988118666115
1,1,block_2,2,Provo_ID3,5,1078535,1258031,1,applied_drift,1741718367927,-27.161818742752075,-37.384988118666115
1,1,block_2,2,Provo_ID3,5,1078535,1258031,1,applied_drift,1741718367965,-27.161818742752075,-37.384988118666115
1,1,block_2,2,Provo_ID3,5,1078535,1258031,1,applied_drift,1741718367993,-27.161818742752075,-37.384988118666115
1,1,block_2,2,Provo_ID3,5,1078535,1258031,1,applied_drift,1741718368025,-27.161818742752075,-37.384988118666115
1,1,block_2,2,Provo_ID3,5,1078535,1258031,1,applied_drift,1741718368053,-27.161818742752075,-37.384988118666115
1,1,block_2,2,Provo_ID3,5,1078535,1258031,1,applied_drift,1741718368086,-27.161818742752075,-37.384988118666115
1,1,block_2,2,Provo_ID3,5,1078535,1258031,1,applied_drift,1741718368122,-27.161818742752075,-37.384988118666115
1,1,block_2,2,Provo_ID3,5,1078535,1258031,1,applied_drift,1741718368160,-27.161818742752075,-37.384988118666115
1,1,block_2,2,Provo_ID3,5,1078535,1258031,1,applied_drift,1741718368195,-27.161818742752075,-37.384988118666115
1,1,block_2,2,Provo_ID3,5,1078535,1258031,1,applied_drift,1741718368226,-27.161818742752075,-37.384988118666115
1,1,block_2,2,Provo_ID3,5,1078535,1258031,1,applied_drift,1741718368252,-27.161818742752075,-37.384988118666115
1,1,block_2,2,Provo_ID3,5,1078535,1258031,1,applied_drift,1741718368287,-27.161818742752075,-37.384988118666115
1,1,block_2,2,Provo_ID3,5,1078535,1258031,1,applied_drift,1741718368325,-27.161818742752075,-37.384988118666115
1,1,block_2,2,Provo_ID3,5,1078535,1258031,1,applied_drift,1741718368359,-27.161818742752075,-37.384988118666115
1,1,block_2,2,Provo_ID3,5,1078535,1258031,1,applied_drift,1741718368388,-27.161818742752075,-37.384988118666115
1,1,block_2,2,Provo_ID3,5,1078535,1258031,1,applied_drift,1741718368422,-27.161818742752075,-37.384988118666115
1,1,block_2,2,Provo_ID3,5,1078535,1258031,1,applied_drift,1741718368450,-27.161818742752075,-37.384988118666115
1,1,block_2,2,Provo_ID3,5,1078535,1258031,1,applied_drift,1741718368491,-27.161818742752075,-37.384988118666115
1,1,block_2,2,Provo_ID3,5,1078535,1258031,1,applied_drift,1741718368522,-27.161818742752075,-37.384988118666115
1,1,block_2,2,Provo_ID3,5,1078535,1258031,1,applied_drift,1741718368553,-27.161818742752075,-37.384988118666115
1,1,block_2,2,Provo_ID3,5,1078535,1258031,1,applied_drift,1741718368591,-27.161818742752075,-37.384988118666115
1,1,block_2,2,Provo_ID3,5,1078535,1258031,1,applied_drift,1741718368623,-27.161818742752075,-37.384988118666115
1,1,block_2,2,Provo_ID3,5,1078535,1258031,1,applied_drift,1741718368664,-27.161818742752075,-37.384988118666115
1,1,block_2,2,Provo_ID3,5,1078535,1258031,1,applied_drift,1741718368690,-27.161818742752075,-37.384988118666115
1,1,block_2,2,Provo_ID3,5,1078535,1258031,1,applied_drift,1741718368722,-27.161818742752075,-37.384988118666115
1,1,block_2,2,Provo_ID3,5,1078535,1258031,1,applied_drift,1741718368757,-27.161818742752075,-37.384988118666115
1,1,block_2,2,Provo_ID3,5,1078535,1258031,1,applied_drift,1741718368781,-27.161818742752075,-37.384988118666115
1,1,block_2,2,Provo_ID3,5,1078535,1258031,1,applied_drift,1741718368815,-27.161818742752075,-37.384988118666115
1,1,block_2,2,Provo_ID3,5,1078535,1258031,1,applied_drift,1741718368847,-27.161818742752075,-37.384988118666115
1,1,block_2,2,Provo_ID3,5,1078535,1258031,1,applied_drift,1741718368878,-27.161818742752075,-37.384988118666115
1,1,block_2,2,Provo_ID3,5,1078535,1258031,1,applied_drift,1741718368917,-27.161818742752075,-37.384988118666115
1,1,block_2,2,Provo_ID3,5,1078535,1258031,1,applied_drift,1741718368955,-27.161818742752075,-37.384988118666115
1,1,block_2,2,Provo_ID3,5,1078535,1258031,1,applied_drift,1741718368991,-27.161818742752075,-37.384988118666115
1,1,block_2,2,Provo_ID3,5,1078535,1258031,1,applied_drift,1741718369026,-27.161818742752075,-37.384988118666115
1,1,block_2,2,Provo_ID3,5,1078535,1258031,1,applied_drift,1741718369056,-27.161818742752075,-37.384988118666115
1,1,block_2,2,Provo_ID3,5,1078535,1258031,1,applied_drift,1741718369082,-27.161818742752075,-37.384988118666115
1,1,block_2,2,Provo_ID3,5,1078535,1258031,1,applied_drift,1741718369111,-27.161818742752075,-37.384988118666115
1,1,block_2,2,Provo_ID3,5,1078535,1258031,1,applied_drift,1741718369140,-27.161818742752075,-37.384988118666115
1,1,block_2,2,Provo_ID3,5,1078535,1258031,1,applied_drift,1741718369178,-27.161818742752075,-37.384988118666115
1,1,block_2,2,Provo_ID3,5,1078535,1258031,1,applied_drift,1741718369221,-27.161818742752075,-37.384988118666115
1,1,block_2,2,Provo_ID3,5,1078535,1258031,1,applied_drift,1741718369255,-27.161818742752075,-37.384988118666115
1,1,block_2,2,Provo_ID3,5,1078535,1258031,1,applied_drift,1741718369280,-27.161818742752075,-37.384988118666115
1,1,block_2,2,Provo_ID3,5,1078535,1258031,1,applied_drift,1741718369316,-27.161818742752075,-37.384988118666115
1,1,block_2,2,Provo_ID3,5,1078535,1258031,1,applied_drift,1741718369352,-27.161818742752075,-37.384988118666115
1,1,block_2,2,Provo_ID3,5,1078535,1258031,1,applied_drift,1741718369381,-27.161818742752075,-37.384988118666115
1,1,block_2,2,Provo_ID3,5,1078535,1258031,1,applied_drift,1741718369411,-27.161818742752075,-37.384988118666115
1,1,block_2,2,Provo_ID3,5,1078535,1258031,1,applied_drift,1741718369444,-27.161818742752075,-37.384988118666115
1,1,block_2,2,Provo_ID3,5,1078535,1258031,1,applied_drift,1741718369480,-27.161818742752075,-37.384988118666115
1,1,block_2,2,Provo_ID3,5,1078535,1258031,1,applied_drift,1741718369522,-27.161818742752075,-37.384988118666115
1,1,block_2,2,Provo_ID3,5,1078535,1258031,1,applied_drift,1741718369551,-27.161818742752075,-37.384988118666115
1,1,block_2,2,Provo_ID3,5,1078535,1258031,1,applied_drift,1741718369582,-27.161818742752075,-37.384988118666115
1,1,block_2,2,Provo_ID3,5,1078535,1258031,1,applied_drift,1741718369621,-27.161818742752075,-37.384988118666115
1,1,block_2,2,Provo_ID3,5,1078535,1258031,1,applied_drift,1741718369655,-27.161818742752075,-37.384988118666115
1,1,block_2,2,Provo_ID3,5,1078535,1258031,1,applied_drift,1741718369683,-27.161818742752075,-37.384988118666115
1,1,block_2,2,Provo_ID3,5,1078535,1258031,1,applied_drift,1741718369710,-27.161818742752075,-37.384988118666115
1,1,block_2,2,Provo_ID3,5,1078535,1258031,1,applied_drift,1741718369753,-27.161818742752075,-37.384988118666115
1,1,block_2,2,Provo_ID3,5,1078535,1258031,1,applied_drift,1741718369775,-27.161818742752075,-37.384988118666115
1,1,block_2,2,Provo_ID3,5,1078535,1258031,1,applied_drift,1741718369820,-27.161818742752075,-37.384988118666115
1,1,block_2,2,Provo_ID3,5,1078535,1258031,1,applied_drift,1741718369850,-27.161818742752075,-37.384988118666115
1,1,block_2,2,Provo_ID3,5,1078535,1258031,1,applied_drift,1741718369885,-27.161818742752075,-37.384988118666115
1,1,block_2,2,Provo_ID3,5,1078535,1258031,1,applied_drift,1741718369924,-27.161818742752075,-37.384988118666115
1,1,block_2,2,Provo_ID3,5,1078535,1258031,1,applied_drift,1741718369952,-27.161818742752075,-37.384988118666115
1,1,block_2,2,Provo_ID3,5,1078535,1258031,1,applied_drift,1741718369986,-27.161818742752075,-37.384988118666115
1,1,block_2,2,Provo_ID3,5,1078535,1258031,1,applied_drift,1741718370018,-27.161818742752075,-37.384988118666115
1,1,block_2,2,Provo_ID3,5,1078535,1258031,1,applied_drift,1741718370052,-27.161818742752075,-37.384988118666115
1,1,block_2,2,Provo_ID3,5,1078535,1258031,1,applied_drift,1741718370096,-27.161818742752075,-37.384988118666115
1,1,block_2,2,Provo_ID3,5,1078535,1258031,1,applied_drift,1741718370128,-27.161818742752075,-37.384988118666115
1,1,block_2,2,Provo_ID3,5,1078535,1258031,1,applied_drift,1741718370158,-27.161818742752075,-37.384988118666115
1,1,block_2,2,Provo_ID3,5,1078535,1258031,1,applied_drift,1741718370207,-27.161818742752075,-37.384988118666115
1,1,block_2,2,Provo_ID3,5,1078535,1258031,1,applied_drift,1741718370227,-27.161818742752075,-37.384988118666115
1,1,block_2,2,Provo_ID3,5,1078535,1258031,1,applied_drift,1741718370263,-27.161818742752075,-37.384988118666115
1,1,block_2,2,Provo_ID3,5,1078535,1258031,1,applied_drift,1741718370298,-27.161818742752075,-37.384988118666115
1,1,block_2,2,Provo_ID3,5,1078535,1258031,1,applied_drift,1741718370336,-27.161818742752075,-37.384988118666115
1,1,block_2,2,Provo_ID3,5,1078535,1258031,1,applied_drift,1741718370371,-27.161818742752075,-37.384988118666115
1,1,block_2,2,Provo_ID3,5,1078535,1258031,1,applied_drift,1741718370397,-27.161818742752075,-37.384988118666115
1,1,block_2,2,Provo_ID3,5,1078535,1258031,1,applied_drift,1741718370436,-27.161818742752075,-37.384988118666115
1,1,block_2,2,Provo_ID3,5,1078535,1258031,1,applied_drift,1741718370471,-27.161818742752075,-37.384988118666115
1,1,block_2,2,Provo_ID3,5,1078535,1258031,1,applied_drift,1741718370509,-27.161818742752075,-37.384988118666115
1,1,block_2,2,Provo_ID3,5,1078535,1258031,1,applied_drift,1741718370533,-27.161818742752075,-37.384988118666115
1,1,block_2,2,Provo_ID3,5,1078535,1258031,1,applied_drift,1741718370563,-27.161818742752075,-37.384988118666115
1,1,block_2,2,Provo_ID3,5,1078535,1258031,1,applied_drift,1741718370592,-27.161818742752075,-37.384988118666115
1,1,block_2,2,Provo_ID3,5,1078535,1258031,1,applied_drift,1741718370625,-27.161818742752075,-37.384988118666115
1,1,block_2,2,Provo_ID3,5,1078535,1258031,1,applied_drift,1741718370663,-27.161818742752075,-37.384988118666115
1,1,block_2,2,Provo_ID3,5,1078535,1258031,1,applied_drift,1741718370699,-27.161818742752075,-37.384988118666115
1,1,block_2,2,Provo_ID3,5,1078535,1258031,1,applied_drift,1741718370739,-27.161818742752075,-37.384988118666115
1,1,block_2,2,Provo_ID3,5,1078535,1258031,1,applied_drift,1741718370776,-27.161818742752075,-37.384988118666115
1,1,block_2,2,Provo_ID3,5,1078535,1258031,1,applied_drift,1741718370803,-27.161818742752075,-37.384988118666115
1,1,block_2,2,Provo_ID3,5,1078535,1258031,1,applied_drift,1741718370833,-27.161818742752075,-37.384988118666115
1,1,block_2,2,Provo_ID3,5,1078535,1258031,1,applied_drift,1741718370862,-27.161818742752075,-37.384988118666115
1,1,block_2,2,Provo_ID3,5,1078535,1258031,1,applied_drift,1741718370898,-27.161818742752075,-37.384988118666115
1,1,block_2,2,Provo_ID3,5,1078535,1258031,1,applied_drift,1741718370934,-27.161818742752075,-37.384988118666115
1,1,block_2,2,Provo_ID3,5,1078535,1258031,1,applied_drift,1741718370971,-27.161818742752075,-37.384988118666115
1,1,block_2,2,Provo_ID3,5,1078535,1258031,1,applied_drift,1741718371005,-27.161818742752075,-37.384988118666115
1,1,block_2,2,Provo_ID3,5,1078535,1258031,1,applied_drift,1741718371040,-27.161818742752075,-37.384988118666115
1,1,block_2,2,Provo_ID3,5,1078535,1258031,1,applied_drift,1741718371066,-27.161818742752075,-37.384988118666115
1,1,block_2,2,Provo_ID3,5,1078535,1258031,1,applied_drift,1741718371105,-27.161818742752075,-37.384988118666115
1,1,block_2,2,Provo_ID3,5,1078535,1258031,1,applied_drift,1741718371130,-27.161818742752075,-37.384988118666115
1,1,block_2,2,Provo_ID3,5,1078535,1258031,1,applied_drift,1741718371164,-27.161818742752075,-37.384988118666115
1,1,block_2,2,Provo_ID3,5,1078535,1258031,1,applied_drift,1741718371206,-27.161818742752075,-37.384988118666115
1,1,block_2,2,Provo_ID3,5,1078535,1258031,1,applied_drift,1741718371235,-27.161818742752075,-37.384988118666115
1,1,block_2,2,Provo_ID3,5,1078535,1258031,1,applied_drift,1741718371268,-27.161818742752075,-37.384988118666115
1,1,block_2,2,Provo_ID3,5,1078535,1258031,1,applied_drift,1741718371309,-27.161818742752075,-37.384988118666115
1,1,block_2,2,Provo_ID3,5,1078535,1258031,1,applied_drift,1741718371339,-27.161818742752075,-37.384988118666115
1,1,block_2,2,Provo_ID3,5,1078535,1258031,1,applied_drift,1741718371365,-27.161818742752075,-37.384988118666115
1,1,block_2,2,Provo_ID3,5,1078535,1258031,1,applied_drift,1741718371398,-27.161818742752075,-37.384988118666115
1,1,block_2,2,Provo_ID3,5,1078535,1258031,1,applied_drift,1741718371436,-27.161818742752075,-37.384988118666115
1,1,block_2,2,Provo_ID3,5,1078535,1258031,1,applied_drift,1741718371468,-27.161818742752075,-37.384988118666115
1,1,block_2,2,Provo_ID3,5,1078535,1258031,1,applied_drift,1741718371498,-27.161818742752075,-37.384988118666115
1,1,block_2,2,Provo_ID3,5,1078535,1258031,1,applied_drift,1741718371541,-27.161818742752075,-37.384988118666115
1,1,block_2,2,Provo_ID3,5,1078535,1258031,1,applied_drift,1741718371571,-27.161818742752075,-37.384988118666115
1,1,block_2,2,Provo_ID3,5,1078535,1258031,1,applied_drift,1741718371610,-27.161818742752075,-37.384988118666115
1,1,block_2,2,Provo_ID3,5,1078535,1258031,1,applied_drift,1741718371637,-27.161818742752075,-37.384988118666115
1,1,block_2,2,Provo_ID3,5,1078535,1258031,1,applied_drift,1741718371668,-27.161818742752075,-37.384988118666115
1,1,block_2,2,Provo_ID3,5,1078535,1258031,1,applied_drift,1741718371700,-27.161818742752075,-37.384988118666115
1,1,block_2,2,Provo_ID3,5,1078535,1258031,1,applied_drift,1741718371730,-27.161818742752075,-37.384988118666115
1,1,block_2,2,Provo_ID3,5,1078535,1258031,1,applied_drift,1741718371768,-27.161818742752075,-37.384988118666115
1,1,block_2,2,Provo_ID3,5,1078535,1258031,1,applied_drift,1741718371795,-27.161818742752075,-37.384988118666115
1,1,block_2,2,Provo_ID3,5,1078535,1258031,1,applied_drift,1741718371830,-27.161818742752075,-37.384988118666115
1,1,block_2,2,Provo_ID3,5,1078535,1258031,1,applied_drift,1741718371864,-27.161818742752075,-37.384988118666115
1,1,block_2,2,Provo_ID3,5,1078535,1258031,1,applied_drift,1741718371900,-27.161818742752075,-37.384988118666115
1,1,block_2,2,Provo_ID3,5,1078535,1258031,1,applied_drift,1741718371937,-27.161818742752075,-37.384988118666115
1,1,block_2,2,Provo_ID3,5,1078535,1258031,1,applied_drift,1741718371976,-27.161818742752075,-37.384988118666115
1,1,block_2,2,Provo_ID3,5,1078535,1258031,1,applied_drift,1741718372007,-27.161818742752075,-37.384988118666115
1,1,block_2,2,Provo_ID3,5,1078535,1258031,1,applied_drift,1741718372037,-27.161818742752075,-37.384988118666115
1,1,block_2,2,Provo_ID3,5,1078535,1258031,1,applied_drift,1741718372070,-27.161818742752075,-37.384988118666115
1,1,block_2,2,Provo_ID3,5,1078535,1258031,1,applied_drift,1741718372100,-27.161818742752075,-37.384988118666115
1,1,block_2,2,Provo_ID3,5,1078535,1258031,1,applied_drift,1741718372138,-27.161818742752075,-37.384988118666115
1,1,block_2,2,Provo_ID3,5,1078535,1258031,1,applied_drift,1741718372162,-27.161818742752075,-37.384988118666115
1,1,block_2,2,Provo_ID3,5,1078535,1258031,1,applied_drift,1741718372202,-27.161818742752075,-37.384988118666115
1,1,block_2,2,Provo_ID3,5,1078535,1258031,1,applied_drift,1741718372237,-27.161818742752075,-37.384988118666115
1,1,block_2,2,Provo_ID3,5,1078535,1258031,1,applied_drift,1741718372275,-27.161818742752075,-37.384988118666115
1,1,block_2,2,Provo_ID3,5,1078535,1258031,1,applied_drift,1741718372300,-27.161818742752075,-37.384988118666115
1,1,block_2,2,Provo_ID3,5,1078535,1258031,1,applied_drift,1741718372338,-27.161818742752075,-37.384988118666115
1,1,block_2,2,Provo_ID3,5,1078535,1258031,1,applied_drift,1741718372363,-27.161818742752075,-37.384988118666115
1,1,block_2,2,Provo_ID3,5,1078535,1258031,1,applied_drift,1741718372404,-27.161818742752075,-37.384988118666115
1,1,block_2,2,Provo_ID3,5,1078535,1258031,1,applied_drift,1741718372437,-27.161818742752075,-37.384988118666115
1,1,block_2,2,Provo_ID3,5,1078535,1258031,1,applied_drift,1741718372470,-27.161818742752075,-37.384988118666115
1,1,block_2,2,Provo_ID3,5,1078535,1258031,1,applied_drift,1741718372506,-27.161818742752075,-37.384988118666115
1,1,block_2,2,Provo_ID3,5,1078535,1258031,1,applied_drift,1741718372527,-27.161818742752075,-37.384988118666115
1,1,block_2,2,Provo_ID3,5,1078535,1258031,1,applied_drift,1741718372565,-27.161818742752075,-37.384988118666115
1,1,block_2,2,Provo_ID3,5,1078535,1258031,1,applied_drift,1741718372607,-27.161818742752075,-37.384988118666115
1,1,block_2,2,Provo_ID3,5,1078535,1258031,1,applied_drift,1741718372645,-27.161818742752075,-37.384988118666115
1,1,block_2,2,Provo_ID3,5,1078535,1258031,1,applied_drift,1741718372662,-27.161818742752075,-37.384988118666115
1,1,block_2,2,Provo_ID3,5,1078535,1258031,1,applied_drift,1741718372700,-27.161818742752075,-37.384988118666115
1,1,block_2,2,Provo_ID3,5,1078535,1258031,1,applied_drift,1741718372729,-27.161818742752075,-37.384988118666115
1,1,block_2,2,Provo_ID3,5,1078535,1258031,1,applied_drift,1741718372763,-27.161818742752075,-37.384988118666115
1,1,block_2,2,Provo_ID3,5,1078535,1258031,1,applied_drift,1741718372794,-27.161818742752075,-37.384988118666115
1,1,block_2,2,Provo_ID3,5,1078535,1258031,1,applied_drift,1741718372840,-27.161818742752075,-37.384988118666115
1,1,block_2,2,Provo_ID3,5,1078535,1258031,1,applied_drift,1741718372868,-27.161818742752075,-37.384988118666115
1,1,block_2,2,Provo_ID3,5,1078535,1258031,1,applied_drift,1741718372906,-27.161818742752075,-37.384988118666115
1,1,block_2,2,Provo_ID3,5,1078535,1258031,1,applied_drift,1741718372937,-27.161818742752075,-37.384988118666115
1,1,block_2,2,Provo_ID3,5,1078535,1258031,1,applied_drift,1741718372966,-27.161818742752075,-37.384988118666115
1,1,block_2,2,Provo_ID3,5,1078535,1258031,1,applied_drift,1741718373005,-27.161818742752075,-37.384988118666115
1,1,block_2,2,Provo_ID3,5,1078535,1258031,1,applied_drift,1741718373036,-27.161818742752075,-37.384988118666115
1,1,block_2,2,Provo_ID3,5,1078535,1258031,1,applied_drift,1741718373083,-27.161818742752075,-37.384988118666115
1,1,block_2,2,Provo_ID3,5,1078535,1258031,1,applied_drift,1741718373104,-27.161818742752075,-37.384988118666115
1,1,block_2,2,Provo_ID3,5,1078535,1258031,1,applied_drift,1741718373130,-27.161818742752075,-37.384988118666115
1,1,block_2,2,Provo_ID3,5,1078535,1258031,1,applied_drift,1741718373163,-27.161818742752075,-37.384988118666115
1,1,block_2,2,Provo_ID3,5,1078535,1258031,1,applied_drift,1741718373203,-27.161818742752075,-37.384988118666115
1,1,block_2,2,Provo_ID3,5,1078535,1258031,1,applied_drift,1741718373234,-27.161818742752075,-37.384988118666115
1,1,block_2,2,Provo_ID3,5,1078535,1258031,1,applied_drift,1741718373283,-27.161818742752075,-37.384988118666115
1,1,block_2,2,Provo_ID3,5,1078535,1258031,1,applied_drift,1741718373322,-27.161818742752075,-37.384988118666115
1,1,block_2,2,Provo_ID3,5,1078535,1258031,1,applied_drift,1741718373352,-27.161818742752075,-37.384988118666115
1,1,block_2,2,Provo_ID3,5,1078535,1258031,1,applied_drift,1741718373377,-27.161818742752075,-37.384988118666115
1,1,block_2,2,Provo_ID3,5,1078535,1258031,1,applied_drift,1741718373415,-27.161818742752075,-37.384988118666115
1,1,block_2,2,Provo_ID3,5,1078535,1258031,1,applied_drift,1741718373451,-27.161818742752075,-37.384988118666115
1,1,block_2,2,Provo_ID3,5,1078535,1258031,1,applied_drift,1741718373480,-27.161818742752075,-37.384988118666115
1,1,block_2,2,Provo_ID3,5,1078535,1258031,1,applied_drift,1741718373518,-27.161818742752075,-37.384988118666115
1,1,block_2,2,Provo_ID3,5,1078535,1258031,1,applied_drift,1741718373540,-27.161818742752075,-37.384988118666115
1,1,block_2,2,Provo_ID3,5,1078535,1258031,1,applied_drift,1741718373578,-27.161818742752075,-37.384988118666115
1,1,block_2,2,Provo_ID3,5,1078535,1258031,1,applied_drift,1741718373617,-27.161818742752075,-37.384988118666115
1,1,block_2,2,Provo_ID3,5,1078535,1258031,1,applied_drift,1741718373652,-27.161818742752075,-37.384988118666115
1,1,block_2,2,Provo_ID3,5,1078535,1258031,1,applied_drift,1741718373677,-27.161818742752075,-37.384988118666115
1,1,block_2,2,Provo_ID3,5,1078535,1258031,1,applied_drift,1741718373708,-27.161818742752075,-37.384988118666115
1,1,block_2,2,Provo_ID3,5,1078535,1258031,1,applied_drift,1741718373751,-27.161818742752075,-37.384988118666115
1,1,block_2,2,Provo_ID3,5,1078535,1258031,1,applied_drift,1741718373790,-27.161818742752075,-37.384988118666115
1,1,block_2,2,Provo_ID3,5,1078535,1258031,1,applied_drift,1741718373808,-27.161818742752075,-37.384988118666115
1,1,block_2,2,Provo_ID3,5,1078535,1258031,1,applied_drift,1741718373850,-27.161818742752075,-37.384988118666115
1,1,block_2,2,Provo_ID3,5,1078535,1258031,1,applied_drift,1741718373881,-27.161818742752075,-37.384988118666115
1,1,block_2,2,Provo_ID3,5,1078535,1258031,1,applied_drift,1741718373921,-27.161818742752075,-37.384988118666115
1,1,block_2,2,Provo_ID3,5,1078535,1258031,1,applied_drift,1741718373948,-27.161818742752075,-37.384988118666115
1,1,block_2,2,Provo_ID3,5,1078535,1258031,1,applied_drift,1741718373983,-27.161818742752075,-37.384988118666115
1,1,block_2,2,Provo_ID3,5,1078535,1258031,1,applied_drift,1741718374015,-27.161818742752075,-37.384988118666115
1,1,block_2,2,Provo_ID3,5,1078535,1258031,1,applied_drift,1741718374053,-27.161818742752075,-37.384988118666115
1,1,block_2,2,Provo_ID3,5,1078535,1258031,1,applied_drift,1741718374089,-27.161818742752075,-37.384988118666115
1,1,block_2,2,Provo_ID3,5,1078535,1258031,1,applied_drift,1741718374120,-27.161818742752075,-37.384988118666115
1,1,block_2,2,Provo_ID3,5,1078535,1258031,1,applied_drift,1741718374147,-27.161818742752075,-37.384988118666115
1,1,block_2,2,Provo_ID3,5,1078535,1258031,1,applied_drift,1741718374182,-27.161818742752075,-37.384988118666115
1,1,block_2,2,Provo_ID3,5,1078535,1258031,1,applied_drift,1741718374221,-27.161818742752075,-37.384988118666115
1,1,block_2,2,Provo_ID3,5,1078535,1258031,1,applied_drift,1741718374255,-27.161818742752075,-37.384988118666115
1,1,block_2,2,Provo_ID3,5,1078535,1258031,1,applied_drift,1741718374281,-27.161818742752075,-37.384988118666115
1,1,block_2,2,Provo_ID3,5,1078535,1258031,1,applied_drift,1741718374325,-27.161818742752075,-37.384988118666115
1,1,block_2,2,Provo_ID3,5,1078535,1258031,1,applied_drift,1741718374361,-27.161818742752075,-37.384988118666115
1,1,block_2,2,Provo_ID3,5,1078535,1258031,1,applied_drift,1741718374392,-27.161818742752075,-37.384988118666115
1,1,block_2,2,Provo_ID3,5,1078535,1258031,1,applied_drift,1741718374416,-27.161818742752075,-37.384988118666115
1,1,block_2,2,Provo_ID3,5,1078535,1258031,1,applied_drift,1741718374469,-27.161818742752075,-37.384988118666115
1,1,block_2,2,Provo_ID3,5,1078535,1258031,1,applied_drift,1741718374505,-27.161818742752075,-37.384988118666115
1,1,block_2,2,Provo_ID3,5,1078535,1258031,1,applied_drift,1741718374533,-27.161818742752075,-37.384988118666115
1,1,block_2,2,Provo_ID3,5,1078535,1258031,1,applied_drift,1741718374562,-27.161818742752075,-37.384988118666115
1,1,block_2,2,Provo_ID3,5,1078535,1258031,1,applied_drift,1741718374595,-27.161818742752075,-37.384988118666115
1,1,block_2,2,Provo_ID3,5,1078535,1258031,1,applied_drift,1741718374632,-27.161818742752075,-37.384988118666115
1,1,block_2,2,Provo_ID3,5,1078535,1258031,1,applied_drift,1741718374657,-27.161818742752075,-37.384988118666115
1,1,block_2,2,Provo_ID3,5,1078535,1258031,1,applied_drift,1741718374692,-27.161818742752075,-37.384988118666115
1,1,block_2,2,Provo_ID3,5,1078535,1258031,1,applied_drift,1741718374736,-27.161818742752075,-37.384988118666115
1,1,block_2,2,Provo_ID3,5,1078535,1258031,1,applied_drift,1741718374768,-27.161818742752075,-37.384988118666115
1,1,block_2,2,Provo_ID3,5,1078535,1258031,1,applied_drift,1741718374791,-27.161818742752075,-37.384988118666115
1,1,block_2,2,Provo_ID3,5,1078535,1258031,1,applied_drift,1741718374833,-27.161818742752075,-37.384988118666115
1,1,block_2,2,Provo_ID3,5,1078535,1258031,1,applied_drift,1741718374859,-27.161818742752075,-37.384988118666115
1,1,block_2,2,Provo_ID3,5,1078535,1258031,1,applied_drift,1741718374894,-27.161818742752075,-37.384988118666115
1,1,block_2,2,Provo_ID3,5,1078535,1258031,1,applied_drift,1741718374930,-27.161818742752075,-37.384988118666115
1,1,block_2,2,Provo_ID3,5,1078535,1258031,1,applied_drift,1741718374949,-27.161818742752075,-37.384988118666115
1,1,block_2,2,Provo_ID3,5,1078535,1258031,1,applied_drift,1741718374992,-27.161818742752075,-37.384988118666115
1,1,block_2,2,Provo_ID3,5,1078535,1258031,1,applied_drift,1741718375026,-27.161818742752075,-37.384988118666115
1,1,block_2,2,Provo_ID3,5,1078535,1258031,1,applied_drift,1741718375059,-27.161818742752075,-37.384988118666115
1,1,block_2,2,Provo_ID3,5,1078535,1258031,1,applied_drift,1741718375087,-27.161818742752075,-37.384988118666115
1,1,block_2,2,Provo_ID3,5,1078535,1258031,1,applied_drift,1741718375118,-27.161818742752075,-37.384988118666115
1,1,block_2,2,Provo_ID3,5,1078535,1258031,1,applied_drift,1741718375158,-27.161818742752075,-37.384988118666115
1,1,block_2,2,Provo_ID3,5,1078535,1258031,1,applied_drift,1741718375196,-27.161818742752075,-37.384988118666115
1,1,block_2,2,Provo_ID3,5,1078535,1258031,1,applied_drift,1741718375225,-27.161818742752075,-37.384988118666115
1,1,block_2,2,Provo_ID3,5,1078535,1258031,1,applied_drift,1741718375248,-27.161818742752075,-37.384988118666115
1,1,block_2,2,Provo_ID3,5,1078535,1258031,1,applied_drift,1741718375285,-27.161818742752075,-37.384988118666115
1,1,block_2,2,Provo_ID3,5,1078535,1258031,1,applied_drift,1741718375321,-27.161818742752075,-37.384988118666115
1,1,block_2,2,Provo_ID3,5,1078535,1258031,1,applied_drift,1741718375361,-27.161818742752075,-37.384988118666115
1,1,block_2,2,Provo_ID3,5,1078535,1258031,1,applied_drift,1741718375378,-27.161818742752075,-37.384988118666115
1,1,block_2,2,Provo_ID3,5,1078535,1258031,1,applied_drift,1741718375416,-27.161818742752075,-37.384988118666115
1,1,block_2,2,Provo_ID3,5,1078535,1258031,1,applied_drift,1741718375453,-27.161818742752075,-37.384988118666115
1,1,block_2,2,Provo_ID3,5,1078535,1258031,1,applied_drift,1741718375489,-27.161818742752075,-37.384988118666115
1,1,block_2,2,Provo_ID3,5,1078535,1258031,1,applied_drift,1741718375532,-27.161818742752075,-37.384988118666115
1,1,block_2,2,Provo_ID3,5,1078535,1258031,1,applied_drift,1741718375550,-27.161818742752075,-37.384988118666115
1,1,block_2,2,Provo_ID3,5,1078535,1258031,1,applied_drift,1741718375591,-27.161818742752075,-37.384988118666115
1,1,block_2,2,Provo_ID3,5,1078535,1258031,1,applied_drift,1741718375624,-27.161818742752075,-37.384988118666115
1,1,block_2,2,Provo_ID3,5,1078535,1258031,1,applied_drift,1741718375646,-27.161818742752075,-37.384988118666115
1,1,block_2,2,Provo_ID3,5,1078535,1258031,1,applied_drift,1741718375679,-27.161818742752075,-37.384988118666115
1,1,block_2,2,Provo_ID3,5,1078535,1258031,1,applied_drift,1741718375722,-27.161818742752075,-37.384988118666115
1,1,block_2,2,Provo_ID3,5,1078535,1258031,1,applied_drift,1741718375756,-27.161818742752075,-37.384988118666115
1,1,block_2,2,Provo_ID3,5,1078535,1258031,1,applied_drift,1741718375787,-27.161818742752075,-37.384988118666115
1,1,block_2,2,Provo_ID3,5,1078535,1258031,1,applied_drift,1741718375812,-27.161818742752075,-37.384988118666115
1,1,block_2,2,Provo_ID3,5,1078535,1258031,1,applied_drift,1741718375845,-27.161818742752075,-37.384988118666115
1,1,block_2,2,Provo_ID3,5,1078535,1258031,1,applied_drift,1741718375889,-27.161818742752075,-37.384988118666115
1,1,block_2,2,Provo_ID3,5,1078535,1258031,1,applied_drift,1741718375913,-27.161818742752075,-37.384988118666115
1,1,block_2,2,Provo_ID3,5,1078535,1258031,1,applied_drift,1741718375947,-27.161818742752075,-37.384988118666115
1,1,block_2,2,Provo_ID3,5,1078535,1258031,1,applied_drift,1741718375979,-27.161818742752075,-37.384988118666115
1,1,block_2,2,Provo_ID3,5,1078535,1258031,1,applied_drift,1741718376021,-27.161818742752075,-37.384988118666115
1,1,block_2,2,Provo_ID3,5,1078535,1258031,1,applied_drift,1741718376062,-27.161818742752075,-37.384988118666115
1,1,block_2,2,Provo_ID3,5,1078535,1258031,1,applied_drift,1741718376091,-27.161818742752075,-37.384988118666115
1,1,block_2,2,Provo_ID3,5,1078535,1258031,1,applied_drift,1741718376155,-27.161818742752075,-37.384988118666115
1,1,block_2,2,Provo_ID3,5,1078535,1258031,1,applied_drift,1741718376184,-27.161818742752075,-37.384988118666115
1,1,block_2,2,Provo_ID3,5,1078535,1258031,1,applied_drift,1741718376207,-27.161818742752075,-37.384988118666115
1,1,block_2,2,Provo_ID3,5,1078535,1258031,1,applied_drift,1741718376250,-27.161818742752075,-37.384988118666115
1,1,block_2,2,Provo_ID3,5,1078535,1258031,1,applied_drift,1741718376268,-27.161818742752075,-37.384988118666115
1,1,block_2,2,Provo_ID3,5,1078535,1258031,1,applied_drift,1741718376307,-27.161818742752075,-37.384988118666115
1,1,block_2,2,Provo_ID3,5,1078535,1258031,1,applied_drift,1741718376332,-27.161818742752075,-37.384988118666115
1,1,block_2,2,Provo_ID3,5,1078535,1258031,1,applied_drift,1741718376366,-27.161818742752075,-37.384988118666115
1,1,block_2,2,Provo_ID3,5,1078535,1258031,1,applied_drift,1741718376406,-27.161818742752075,-37.384988118666115
1,1,block_2,2,Provo_ID3,5,1078535,1258031,1,applied_drift,1741718376438,-27.161818742752075,-37.384988118666115
1,1,block_2,2,Provo_ID3,5,1078535,1258031,1,applied_drift,1741718376460,-27.161818742752075,-37.384988118666115
1,1,block_2,2,Provo_ID3,5,1078535,1258031,1,applied_drift,1741718376501,-27.161818742752075,-37.384988118666115
1,1,block_2,2,Provo_ID3,5,1078535,1258031,1,applied_drift,1741718376532,-27.161818742752075,-37.384988118666115
1,1,block_2,2,Provo_ID3,5,1078535,1258031,1,applied_drift,1741718376566,-27.161818742752075,-37.384988118666115
1,1,block_2,2,Provo_ID3,5,1078535,1258031,1,applied_drift,1741718376593,-27.161818742752075,-37.384988118666115
1,1,block_2,2,Provo_ID3,5,1078535,1258031,1,applied_drift,1741718376631,-27.161818742752075,-37.384988118666115
1,1,block_2,2,Provo_ID3,5,1078535,1258031,1,applied_drift,1741718376659,-27.161818742752075,-37.384988118666115
1,1,block_2,2,Provo_ID3,5,1078535,1258031,1,applied_drift,1741718376698,-27.161818742752075,-37.384988118666115
1,1,block_2,2,Provo_ID3,5,1078535,1258031,1,applied_drift,1741718376738,-27.161818742752075,-37.384988118666115
1,1,block_2,2,Provo_ID3,5,1078535,1258031,1,applied_drift,1741718376768,-27.161818742752075,-37.384988118666115
1,1,block_2,2,Provo_ID3,5,1078535,1258031,1,applied_drift,1741718376793,-27.161818742752075,-37.384988118666115
1,1,block_2,2,Provo_ID3,5,1078535,1258031,1,applied_drift,1741718376831,-27.161818742752075,-37.384988118666115
1,1,block_2,2,Provo_ID3,5,1078535,1258031,1,applied_drift,1741718376862,-27.161818742752075,-37.384988118666115
1,1,block_2,2,Provo_ID3,5,1078535,1258031,1,applied_drift,1741718376899,-27.161818742752075,-37.384988118666115
1,1,block_2,2,Provo_ID3,5,1078535,1258031,1,applied_drift,1741718376926,-27.161818742752075,-37.384988118666115
1,1,block_2,2,Provo_ID3,5,1078535,1258031,1,applied_drift,1741718376964,-27.161818742752075,-37.384988118666115
1,1,block_2,2,Provo_ID3,5,1078535,1258031,1,applied_drift,1741718376996,-27.161818742752075,-37.384988118666115
1,1,block_2,2,Provo_ID3,5,1078535,1258031,1,applied_drift,1741718377029,-27.161818742752075,-37.384988118666115
1,1,block_2,2,Provo_ID3,5,1078535,1258031,1,applied_drift,1741718377067,-27.161818742752075,-37.384988118666115
1,1,block_2,2,Provo_ID3,5,1078535,1258031,1,applied_drift,1741718377096,-27.161818742752075,-37.384988118666115
1,1,block_2,2,Provo_ID3,5,1078535,1258031,1,applied_drift,1741718377133,-27.161818742752075,-37.384988118666115
1,1,block_2,2,Provo_ID3,5,1078535,1258031,1,applied_drift,1741718377167,-27.161818742752075,-37.384988118666115
1,1,block_2,2,Provo_ID3,5,1078535,1258031,1,applied_drift,1741718377198,-27.161818742752075,-37.384988118666115
1,1,block_2,2,Provo_ID3,5,1078535,1258031,1,applied_drift,1741718377224,-27.161818742752075,-37.384988118666115
1,1,block_2,2,Provo_ID3,5,1078535,1258031,1,applied_drift,1741718377263,-27.161818742752075,-37.384988118666115
1,1,block_2,2,Provo_ID3,5,1078535,1258031,1,applied_drift,1741718377292,-27.161818742752075,-37.384988118666115
1,1,block_2,2,Provo_ID3,5,1078535,1258031,1,applied_drift,1741718377329,-27.161818742752075,-37.384988118666115
1,1,block_2,2,Provo_ID3,5,1078535,1258031,1,applied_drift,1741718377367,-27.161818742752075,-37.384988118666115
1,1,block_2,2,Provo_ID3,5,1078535,1258031,1,applied_drift,1741718377402,-27.161818742752075,-37.384988118666115
1,1,block_2,2,Provo_ID3,5,1078535,1258031,1,applied_drift,1741718377424,-27.161818742752075,-37.384988118666115
1,1,block_2,2,Provo_ID3,5,1078535,1258031,1,applied_drift,1741718377466,-27.161818742752075,-37.384988118666115
1,1,block_2,2,Provo_ID3,5,1078535,1258031,1,applied_drift,1741718377496,-27.161818742752075,-37.384988118666115
1,1,block_2,2,Provo_ID3,5,1078535,1258031,1,applied_drift,1741718377526,-27.161818742752075,-37.384988118666115
1,1,block_2,2,Provo_ID3,5,1078535,1258031,1,applied_drift,1741718377569,-27.161818742752075,-37.384988118666115
1,1,block_2,2,Provo_ID3,5,1078535,1258031,1,applied_drift,1741718377596,-27.161818742752075,-37.384988118666115
1,1,block_2,2,Provo_ID3,5,1078535,1258031,1,applied_drift,1741718377638,-27.161818742752075,-37.384988118666115
1,1,block_2,2,Provo_ID3,5,1078535,1258031,1,applied_drift,1741718377665,-27.161818742752075,-37.384988118666115
1,1,block_2,2,Provo_ID3,5,1078535,1258031,1,applied_drift,1741718377691,-27.161818742752075,-37.384988118666115
1,1,block_2,2,Provo_ID3,5,1078535,1258031,1,applied_drift,1741718377729,-27.161818742752075,-37.384988118666115
1,1,block_2,2,Provo_ID3,5,1078535,1258031,1,applied_drift,1741718377761,-27.161818742752075,-37.384988118666115
1,1,block_2,2,Provo_ID3,5,1078535,1258031,1,applied_drift,1741718377796,-27.161818742752075,-37.384988118666115
1,1,block_2,2,Provo_ID3,5,1078535,1258031,1,applied_drift,1741718377829,-27.161818742752075,-37.384988118666115
1,1,block_2,2,Provo_ID3,5,1078535,1258031,1,applied_drift,1741718377858,-27.161818742752075,-37.384988118666115
1,1,block_2,2,Provo_ID3,5,1078535,1258031,1,applied_drift,1741718377896,-27.161818742752075,-37.384988118666115
1,1,block_2,2,Provo_ID3,5,1078535,1258031,1,applied_drift,1741718377924,-27.161818742752075,-37.384988118666115
1,1,block_2,2,Provo_ID3,5,1078535,1258031,1,applied_drift,1741718377960,-27.161818742752075,-37.384988118666115
1,1,block_2,2,Provo_ID3,5,1078535,1258031,1,applied_drift,1741718377995,-27.161818742752075,-37.384988118666115
1,1,block_2,2,Provo_ID3,5,1078535,1258031,1,applied_drift,1741718378030,-27.161818742752075,-37.384988118666115
1,1,block_2,2,Provo_ID3,5,1078535,1258031,1,applied_drift,1741718378060,-27.161818742752075,-37.384988118666115
1,1,block_2,2,Provo_ID3,5,1078535,1258031,1,applied_drift,1741718378097,-27.161818742752075,-37.384988118666115
1,1,block_2,2,Provo_ID3,5,1078535,1258031,1,applied_drift,1741718378122,-27.161818742752075,-37.384988118666115
1,1,block_2,2,Provo_ID3,5,1078535,1258031,1,applied_drift,1741718378159,-27.161818742752075,-37.384988118666115
1,1,block_2,2,Provo_ID3,5,1078535,1258031,1,applied_drift,1741718378192,-27.161818742752075,-37.384988118666115
1,1,block_2,2,Provo_ID3,5,1078535,1258031,1,applied_drift,1741718378231,-27.161818742752075,-37.384988118666115
1,1,block_2,2,Provo_ID3,5,1078535,1258031,1,applied_drift,1741718378264,-27.161818742752075,-37.384988118666115
1,1,block_2,2,Provo_ID3,5,1078535,1258031,1,applied_drift,1741718378299,-27.161818742752075,-37.384988118666115
1,1,block_2,2,Provo_ID3,5,1078535,1258031,1,applied_drift,1741718378326,-27.161818742752075,-37.384988118666115
1,1,block_2,2,Provo_ID3,5,1078535,1258031,1,applied_drift,1741718378365,-27.161818742752075,-37.384988118666115
1,1,block_2,2,Provo_ID3,5,1078535,1258031,1,applied_drift,1741718378400,-27.161818742752075,-37.384988118666115
1,1,block_2,2,Provo_ID3,5,1078535,1258031,1,applied_drift,1741718378432,-27.161818742752075,-37.384988118666115
1,1,block_2,2,Provo_ID3,5,1078535,1258031,1,applied_drift,1741718378460,-27.161818742752075,-37.384988118666115
1,1,block_2,2,Provo_ID3,5,1078535,1258031,1,applied_drift,1741718378493,-27.161818742752075,-37.384988118666115
1,1,block_2,2,Provo_ID3,5,1078535,1258031,1,applied_drift,1741718378522,-27.161818742752075,-37.384988118666115
1,1,block_2,2,Provo_ID3,5,1078535,1258031,1,applied_drift,1741718378579,-27.161818742752075,-37.384988118666115
1,1,block_2,2,Provo_ID3,5,1078535,1258031,1,applied_drift,1741718378607,-27.161818742752075,-37.384988118666115
1,1,block_2,2,Provo_ID3,5,1078535,1258031,1,applied_drift,1741718378634,-27.161818742752075,-37.384988118666115
1,1,block_2,2,Provo_ID3,5,1078535,1258031,1,applied_drift,1741718378673,-27.161818742752075,-37.384988118666115
1,1,block_2,2,Provo_ID3,5,1078535,1258031,1,applied_drift,1741718378701,-27.161818742752075,-37.384988118666115
1,1,block_2,2,Provo_ID3,5,1078535,1258031,1,applied_drift,1741718378737,-27.161818742752075,-37.384988118666115
1,1,block_2,2,Provo_ID3,5,1078535,1258031,1,applied_drift,1741718378766,-27.161818742752075,-37.384988118666115
1,1,block_2,2,Provo_ID3,5,1078535,1258031,1,applied_drift,1741718378804,-27.161818742752075,-37.384988118666115
1,1,block_2,2,Provo_ID3,5,1078535,1258031,1,applied_drift,1741718378838,-27.161818742752075,-37.384988118666115
1,1,block_2,2,Provo_ID3,5,1078535,1258031,1,applied_drift,1741718378871,-27.161818742752075,-37.384988118666115
1,1,block_2,2,Provo_ID3,5,1078535,1258031,1,applied_drift,1741718378906,-27.161818742752075,-37.384988118666115
1,1,block_2,2,Provo_ID3,5,1078535,1258031,1,applied_drift,1741718378942,-27.161818742752075,-37.384988118666115
1,1,block_2,2,Provo_ID3,5,1078535,1258031,1,applied_drift,1741718378966,-27.161818742752075,-37.384988118666115
1,1,block_2,2,Provo_ID3,5,1078535,1258031,1,applied_drift,1741718379003,-27.161818742752075,-37.384988118666115
1,1,block_2,2,Provo_ID3,5,1078535,1258031,1,applied_drift,1741718379032,-27.161818742752075,-37.384988118666115
1,1,block_2,2,Provo_ID3,5,1078535,1258031,1,applied_drift,1741718379070,-27.161818742752075,-37.384988118666115
1,1,block_2,2,Provo_ID3,5,1078535,1258031,1,applied_drift,1741718379111,-27.161818742752075,-37.384988118666115
1,1,block_2,2,Provo_ID3,5,1078535,1258031,1,applied_drift,1741718379132,-27.161818742752075,-37.384988118666115
1,1,block_2,2,Provo_ID3,5,1078535,1258031,1,applied_drift,1741718379171,-27.161818742752075,-37.384988118666115
1,1,block_2,2,Provo_ID3,5,1078535,1258031,1,applied_drift,1741718379201,-27.161818742752075,-37.384988118666115
1,1,block_2,2,Provo_ID3,5,1078535,1258031,1,applied_drift,1741718379237,-27.161818742752075,-37.384988118666115
1,1,block_2,2,Provo_ID3,5,1078535,1258031,1,applied_drift,1741718379274,-27.161818742752075,-37.384988118666115
1,1,block_2,2,Provo_ID3,5,1078535,1258031,1,applied_drift,1741718379312,-27.161818742752075,-37.384988118666115
1,1,block_2,2,Provo_ID3,5,1078535,1258031,1,applied_drift,1741718379340,-27.161818742752075,-37.384988118666115
1,1,block_2,2,Provo_ID3,5,1078535,1258031,1,applied_drift,1741718379379,-27.161818742752075,-37.384988118666115
1,1,block_2,2,Provo_ID3,5,1078535,1258031,1,applied_drift,1741718379408,-27.161818742752075,-37.384988118666115
1,1,block_2,2,Provo_ID3,5,1078535,1258031,1,applied_drift,1741718379442,-27.161818742752075,-37.384988118666115
1,1,block_2,2,Provo_ID3,5,1078535,1258031,1,applied_drift,1741718379469,-27.161818742752075,-37.384988118666115
1,1,block_2,2,Provo_ID3,5,1078535,1258031,1,applied_drift,1741718379513,-27.161818742752075,-37.384988118666115
1,1,block_2,2,Provo_ID3,5,1078535,1258031,1,applied_drift,1741718379540,-27.161818742752075,-37.384988118666115
1,1,block_2,2,Provo_ID3,5,1078535,1258031,1,applied_drift,1741718379568,-27.161818742752075,-37.384988118666115
1,1,block_2,2,Provo_ID3,5,1078535,1258031,1,applied_drift,1741718379606,-27.161818742752075,-37.384988118666115
1,1,block_2,2,Provo_ID3,5,1078535,1258031,1,applied_drift,1741718379641,-27.161818742752075,-37.384988118666115
1,1,block_2,2,Provo_ID3,5,1078535,1258031,1,applied_drift,1741718379679,-27.161818742752075,-37.384988118666115
1,1,block_2,2,Provo_ID3,5,1078535,1258031,1,applied_drift,1741718379705,-27.161818742752075,-37.384988118666115
1,1,block_2,2,Provo_ID3,5,1078535,1258031,1,applied_drift,1741718379744,-27.161818742752075,-37.384988118666115
1,1,block_2,2,Provo_ID3,5,1078535,1258031,1,applied_drift,1741718379772,-27.161818742752075,-37.384988118666115
1,1,block_2,2,Provo_ID3,5,1078535,1258031,1,applied_drift,1741718379809,-27.161818742752075,-37.384988118666115
1,1,block_2,2,Provo_ID3,5,1078535,1258031,1,applied_drift,1741718379837,-27.161818742752075,-37.384988118666115
1,1,block_2,2,Provo_ID3,5,1078535,1258031,1,applied_drift,1741718379877,-27.161818742752075,-37.384988118666115
1,1,block_2,2,Provo_ID3,5,1078535,1258031,1,applied_drift,1741718379909,-27.161818742752075,-37.384988118666115
1,1,block_2,2,Provo_ID3,5,1078535,1258031,1,applied_drift,1741718379943,-27.161818742752075,-37.384988118666115
1,1,block_2,2,Provo_ID3,5,1078535,1258031,1,applied_drift,1741718379981,-27.161818742752075,-37.384988118666115
1,1,block_2,2,Provo_ID3,5,1078535,1258031,1,applied_drift,1741718380014,-27.161818742752075,-37.384988118666115
1,1,block_2,2,Provo_ID3,5,1078535,1258031,1,applied_drift,1741718380049,-27.161818742752075,-37.384988118666115
1,1,block_2,2,Provo_ID3,5,1078535,1258031,1,applied_drift,1741718380076,-27.161818742752075,-37.384988118666115
1,1,block_2,2,Provo_ID3,5,1078535,1258031,1,applied_drift,1741718380110,-27.161818742752075,-37.384988118666115
1,1,block_2,2,Provo_ID3,5,1078535,1258031,1,applied_drift,1741718380137,-27.161818742752075,-37.384988118666115
1,1,block_2,2,Provo_ID3,5,1078535,1258031,1,applied_drift,1741718380180,-27.161818742752075,-37.384988118666115
1,1,block_2,2,Provo_ID3,5,1078535,1258031,1,applied_drift,1741718380208,-27.161818742752075,-37.384988118666115
1,1,block_2,2,Provo_ID3,5,1078535,1258031,1,applied_drift,1741718380242,-27.161818742752075,-37.384988118666115
1,1,block_2,2,Provo_ID3,5,1078535,1258031,1,applied_drift,1741718380279,-27.161818742752075,-37.384988118666115
1,1,block_2,2,Provo_ID3,5,1078535,1258031,1,applied_drift,1741718380315,-27.161818742752075,-37.384988118666115
1,1,block_2,2,Provo_ID3,5,1078535,1258031,1,applied_drift,1741718380344,-27.161818742752075,-37.384988118666115
1,1,block_2,2,Provo_ID3,5,1078535,1258031,1,applied_drift,1741718380384,-27.161818742752075,-37.384988118666115
1,1,block_2,2,Provo_ID3,5,1078535,1258031,1,applied_drift,1741718380409,-27.161818742752075,-37.384988118666115
1,1,block_2,2,Provo_ID3,5,1078535,1258031,1,applied_drift,1741718380447,-27.161818742752075,-37.384988118666115
1,1,block_2,2,Provo_ID3,5,1078535,1258031,1,applied_drift,1741718380481,-27.161818742752075,-37.384988118666115
1,1,block_2,2,Provo_ID3,5,1078535,1258031,1,applied_drift,1741718380515,-27.161818742752075,-37.384988118666115
1,1,block_2,2,Provo_ID3,5,1078535,1258031,1,applied_drift,1741718380542,-27.161818742752075,-37.384988118666115
1,1,block_2,2,Provo_ID3,5,1078535,1258031,1,applied_drift,1741718380576,-27.161818742752075,-37.384988118666115
1,1,block_2,2,Provo_ID3,5,1078535,1258031,1,applied_drift,1741718380605,-27.161818742752075,-37.384988118666115
1,1,block_2,2,Provo_ID3,5,1078535,1258031,1,applied_drift,1741718380643,-27.161818742752075,-37.384988118666115
1,1,block_2,2,Provo_ID3,5,1078535,1258031,1,applied_drift,1741718380674,-27.161818742752075,-37.384988118666115
1,1,block_2,2,Provo_ID3,5,1078535,1258031,1,applied_drift,1741718380715,-27.161818742752075,-37.384988118666115
1,1,block_2,2,Provo_ID3,5,1078535,1258031,1,applied_drift,1741718380751,-27.161818742752075,-37.384988118666115
1,1,block_2,2,Provo_ID3,5,1078535,1258031,1,applied_drift,1741718380775,-27.161818742752075,-37.384988118666115
1,1,block_2,2,Provo_ID3,5,1078535,1258031,1,applied_drift,1741718380809,-27.161818742752075,-37.384988118666115
1,1,block_2,2,Provo_ID3,5,1078535,1258031,1,applied_drift,1741718380845,-27.161818742752075,-37.384988118666115
1,1,block_2,2,Provo_ID3,5,1078535,1258031,1,applied_drift,1741718380875,-27.161818742752075,-37.384988118666115
1,1,block_2,2,Provo_ID3,5,1078535,1258031,1,applied_drift,1741718380916,-27.161818742752075,-37.384988118666115
1,1,block_2,2,Provo_ID3,5,1078535,1258031,1,applied_drift,1741718380938,-27.161818742752075,-37.384988118666115
1,1,block_2,2,Provo_ID3,5,1078535,1258031,1,applied_drift,1741718380980,-27.161818742752075,-37.384988118666115
1,1,block_2,2,Provo_ID3,5,1078535,1258031,1,applied_drift,1741718381004,-27.161818742752075,-37.384988118666115
1,1,block_2,2,Provo_ID3,5,1078535,1258031,1,applied_drift,1741718381043,-27.161818742752075,-37.384988118666115
1,1,block_2,2,Provo_ID3,5,1078535,1258031,1,applied_drift,1741718381075,-27.161818742752075,-37.384988118666115
1,1,block_2,2,Provo_ID3,5,1078535,1258031,1,applied_drift,1741718381113,-27.161818742752075,-37.384988118666115
1,1,block_2,2,Provo_ID3,5,1078535,1258031,1,applied_drift,1741718381148,-27.161818742752075,-37.384988118666115
1,1,block_2,2,Provo_ID3,5,1078535,1258031,1,applied_drift,1741718381176,-27.161818742752075,-37.384988118666115
1,1,block_2,2,Provo_ID3,5,1078535,1258031,1,applied_drift,1741718381207,-27.161818742752075,-37.384988118666115
1,1,block_2,2,Provo_ID3,5,1078535,1258031,1,applied_drift,1741718381244,-27.161818742752075,-37.384988118666115
1,1,block_2,2,Provo_ID3,5,1078535,1258031,1,applied_drift,1741718381277,-27.161818742752075,-37.384988118666115
1,1,block_2,2,Provo_ID3,5,1078535,1258031,1,applied_drift,1741718381305,-27.161818742752075,-37.384988118666115
1,1,block_2,2,Provo_ID3,5,1078535,1258031,1,applied_drift,1741718381348,-27.161818742752075,-37.384988118666115
1,1,block_2,2,Provo_ID3,5,1078535,1258031,1,applied_drift,1741718381376,-27.161818742752075,-37.384988118666115
1,1,block_2,2,Provo_ID3,5,1078535,1258031,1,applied_drift,1741718381411,-27.161818742752075,-37.384988118666115
1,1,block_2,2,Provo_ID3,5,1078535,1258031,1,applied_drift,1741718381447,-27.161818742752075,-37.384988118666115
1,1,block_2,2,Provo_ID3,5,1078535,1258031,1,applied_drift,1741718381471,-27.161818742752075,-37.384988118666115
1,1,block_2,2,Provo_ID3,5,1078535,1258031,1,applied_drift,1741718381510,-27.161818742752075,-37.384988118666115
1,1,block_2,2,Provo_ID3,5,1078535,1258031,1,applied_drift,1741718381556,-27.161818742752075,-37.384988118666115
1,1,block_2,2,Provo_ID3,5,1078535,1258031,1,applied_drift,1741718381581,-27.161818742752075,-37.384988118666115
1,1,block_2,2,Provo_ID3,5,1078535,1258031,1,applied_drift,1741718381608,-27.161818742752075,-37.384988118666115
1,1,block_2,2,Provo_ID3,5,1078535,1258031,1,applied_drift,1741718381642,-27.161818742752075,-37.384988118666115
1,1,block_2,2,Provo_ID3,5,1078535,1258031,1,applied_drift,1741718381679,-27.161818742752075,-37.384988118666115
1,1,block_2,2,Provo_ID3,5,1078535,1258031,1,applied_drift,1741718381708,-27.161818742752075,-37.384988118666115
1,1,block_2,2,Provo_ID3,5,1078535,1258031,1,applied_drift,1741718381751,-27.161818742752075,-37.384988118666115
1,1,block_2,2,Provo_ID3,5,1078535,1258031,1,applied_drift,1741718381802,-27.161818742752075,-37.384988118666115
1,1,block_2,2,Provo_ID3,5,1078535,1258031,1,applied_drift,1741718381818,-27.161818742752075,-37.384988118666115
1,1,block_2,2,Provo_ID3,5,1078535,1258031,1,error_trial,1741718335393,""
1,1,block_2,2,Provo_ID3,5,1078535,1258031,1,error_trial,1741718358730,43.661708652499094
1,1,block_2,2,Provo_ID3,5,1078535,1258031,1,error_trial_x,1741718335393,""
1,1,block_2,2,Provo_ID3,5,1078535,1258031,1,error_trial_x,1741718358730,34.78820756648816
1,1,block_2,2,Provo_ID3,5,1078535,1258031,1,error_trial_y,1741718335393,""
1,1,block_2,2,Provo_ID3,5,1078535,1258031,1,error_trial_y,1741718358730,20.663332990865644
1,1,block_2,2,Provo_ID3,5,1078535,1258031,1,error_calibration,1741718335393,""
1,1,block_2,2,Provo_ID3,5,1078535,1258031,1,error_calibration,1741718358730,626.9376609951194
1,1,block_2,2,Provo_ID3,5,1078535,1258031,1,error_calibration_x,1741718335393,""
1,1,block_2,2,Provo_ID3,5,1078535,1258031,1,error_calibration_x,1741718358730,523.9819177060738
1,1,block_2,2,Provo_ID3,5,1078535,1258031,1,error_calibration_y,1741718335393,""
1,1,block_2,2,Provo_ID3,5,1078535,1258031,1,error_calibration_y,1741718358730,303.8460886659436
1,1,block_2,2,Provo_ID3,5,1078535,1258031,1,gaze_conf,"",
