Trial_Nr,Trial_Id,Block_Name,Block_Nr,Task_Name,Task_Nr,Exp_Subject_Id,Rec_Session_Id,Session_Nr,variable_name,timestamp,value
1,1,block_1,1,instructions,1,1082624,1262509,1,gaze_data,1741885134056,
1,1,block_1,1,instructions,1,1082624,1262509,1,gaze_data,1741885817642,
1,1,block_1,1,instructions,1,1082624,1262509,1,applied_drift,1741885134056,
1,1,block_1,1,instructions,1,1082624,1262509,1,applied_drift,1741885817642,
1,1,block_2,2,Provo_ID3,1,1082624,1262509,1,gaze_data,1741885873667,
1,1,block_2,2,Provo_ID3,1,1082624,1262509,1,gaze_data,1741885898795,407.79413878917694,84.6019446849823,1741885898767.4001,0.8489923985162076
1,1,block_2,2,Provo_ID3,1,1082624,1262509,1,gaze_data,1741885898824,410.3436693549156,120.45146375894547,1741885898800.3,1
1,1,block_2,2,Provo_ID3,1,1082624,1262509,1,gaze_data,1741885898855,391.2037044763565,122.70565181970596,1741885898833.5,1
1,1,block_2,2,Provo_ID3,1,1082624,1262509,1,gaze_data,1741885898889,400.35860762000084,105.77744096517563,1741885898868.1,1
1,1,block_2,2,Provo_ID3,1,1082624,1262509,1,gaze_data,1741885898923,398.7240843474865,121.55790477991104,1741885898900.3,1
1,1,block_2,2,Provo_ID3,1,1082624,1262509,1,gaze_data,1741885898953,394.3436224013567,91.7745590209961,1741885898934.2002,1
1,1,block_2,2,Provo_ID3,1,1082624,1262509,1,gaze_data,1741885898989,367.20724403858185,76.22525691986084,1741885898968.4001,1
1,1,block_2,2,Provo_ID3,1,1082624,1262509,1,gaze_data,1741885899023,375.80937296152115,68.4203565120697,1741885899004.9001,1
1,1,block_2,2,Provo_ID3,1,1082624,1262509,1,gaze_data,1741885899051,366.15619361400604,70.27799487113953,1741885899033.2002,1
1,1,block_2,2,Provo_ID3,1,1082624,1262509,1,gaze_data,1741885899085,282.2029948234558,92.5912618637085,1741885899067.9001,1
1,1,block_2,2,Provo_ID3,1,1082624,1262509,1,gaze_data,1741885899119,177.24807262420654,147.64655977487564,1741885899108.6,1
1,1,block_2,2,Provo_ID3,1,1082624,1262509,1,gaze_data,1741885899156,109.16008949279785,134.6182882785797,1741885899134.3,1
1,1,block_2,2,Provo_ID3,1,1082624,1262509,1,gaze_data,1741885899192,101.64811611175537,121.65520936250687,1741885899167.4001,1
1,1,block_2,2,Provo_ID3,1,1082624,1262509,1,gaze_data,1741885899215,100.55322647094727,120.6955149769783,1741885899201.7002,1
1,1,block_2,2,Provo_ID3,1,1082624,1262509,1,gaze_data,1741885899255,106.25810623168945,132.87050127983093,1741885899234.7002,1
1,1,block_2,2,Provo_ID3,1,1082624,1262509,1,gaze_data,1741885899288,105.77385425567627,135.50978749990463,1741885899267.4001,1
1,1,block_2,2,Provo_ID3,1,1082624,1262509,1,gaze_data,1741885899323,99.33958053588867,118.00636202096939,1741885899301.6,1
1,1,block_2,2,Provo_ID3,1,1082624,1262509,1,gaze_data,1741885899356,101.48084163665771,135.99254041910172,1741885899333.4001,1
1,1,block_2,2,Provo_ID3,1,1082624,1262509,1,gaze_data,1741885899394,92.67828464508057,135.35952419042587,1741885899367.5,1
1,1,block_2,2,Provo_ID3,1,1082624,1262509,1,gaze_data,1741885899413,90.20226001739502,134.9467396736145,1741885899400.7002,1
1,1,block_2,2,Provo_ID3,1,1082624,1262509,1,gaze_data,1741885899451,138.9275074005127,131.3333496451378,1741885899434.3,1
1,1,block_2,2,Provo_ID3,1,1082624,1262509,1,gaze_data,1741885899490,198.78859519958496,131.64895623922348,1741885899467.5,1
1,1,block_2,2,Provo_ID3,1,1082624,1262509,1,gaze_data,1741885899520,214.53089714050293,135.4771465063095,1741885899499.9001,1
1,1,block_2,2,Provo_ID3,1,1082624,1262509,1,gaze_data,1741885899556,228.84222269058228,133.52301567792892,1741885899537.4001,1
1,1,block_2,2,Provo_ID3,1,1082624,1262509,1,gaze_data,1741885899588,385.43525636196136,135.06217151880264,1741885899567.3,1
1,1,block_2,2,Provo_ID3,1,1082624,1262509,1,gaze_data,1741885899620,382.06986486911774,124.50192719697952,1741885899600,1
1,1,block_2,2,Provo_ID3,1,1082624,1262509,1,gaze_data,1741885899655,386.41625344753265,131.91452473402023,1741885899634.2002,1
1,1,block_2,2,Provo_ID3,1,1082624,1262509,1,gaze_data,1741885899690,392.8915500640869,127.62783318758011,1741885899668,1
1,1,block_2,2,Provo_ID3,1,1082624,1262509,1,gaze_data,1741885899726,396.641131490469,129.56032007932663,1741885899700.4001,1
1,1,block_2,2,Provo_ID3,1,1082624,1262509,1,gaze_data,1741885899757,370.43633460998535,142.0437902212143,1741885899734.1,1
1,1,block_2,2,Provo_ID3,1,1082624,1262509,1,gaze_data,1741885899789,223.05315732955933,210.27170717716217,1741885899767.6,1
1,1,block_2,2,Provo_ID3,1,1082624,1262509,1,gaze_data,1741885899822,228.32175493240356,209.1347523033619,1741885899800.6,1
1,1,block_2,2,Provo_ID3,1,1082624,1262509,1,gaze_data,1741885899857,223.8693356513977,217.25737154483795,1741885899835.9001,1
1,1,block_2,2,Provo_ID3,1,1082624,1262509,1,gaze_data,1741885899889,237.8916621208191,188.54516595602036,1741885899866.2002,1
1,1,block_2,2,Provo_ID3,1,1082624,1262509,1,gaze_data,1741885899922,222.11036682128906,212.63024434447289,1741885899901,1
1,1,block_2,2,Provo_ID3,1,1082624,1262509,1,gaze_data,1741885899957,213.6858582496643,199.21568632125854,1741885899933.7002,1
1,1,block_2,2,Provo_ID3,1,1082624,1262509,1,gaze_data,1741885899991,223.39328527450562,210.16365885734558,1741885899966.3,1
1,1,block_2,2,Provo_ID3,1,1082624,1262509,1,gaze_data,1741885900026,205.08826971054077,203.61120849847794,1741885899999.9001,1
1,1,block_2,2,Provo_ID3,1,1082624,1262509,1,gaze_data,1741885900056,300.540828704834,271.5458557009697,1741885900033.8,1
1,1,block_2,2,Provo_ID3,1,1082624,1262509,1,gaze_data,1741885900089,455.7866334915161,273.81497472524643,1741885900069.8,1
1,1,block_2,2,Provo_ID3,1,1082624,1262509,1,gaze_data,1741885900117,460.13492345809937,262.847813218832,1741885900100.4001,1
1,1,block_2,2,Provo_ID3,1,1082624,1262509,1,gaze_data,1741885900152,480.1686942577362,265.0417521595955,1741885900134.5,1
1,1,block_2,2,Provo_ID3,1,1082624,1262509,1,gaze_data,1741885900184,464.1950249671936,257.3270112276077,1741885900171.7002,1
1,1,block_2,2,Provo_ID3,1,1082624,1262509,1,gaze_data,1741885900217,475.4675090312958,249.13842640817165,1741885900201.1,1
1,1,block_2,2,Provo_ID3,1,1082624,1262509,1,gaze_data,1741885900252,474.393755197525,249.4171880185604,1741885900233.4001,1
1,1,block_2,2,Provo_ID3,1,1082624,1262509,1,gaze_data,1741885900294,464.9206280708313,257.2835221886635,1741885900267.3,1
1,1,block_2,2,Provo_ID3,1,1082624,1262509,1,gaze_data,1741885900317,436.69015169143677,264.4422598183155,1741885900306.6,1
1,1,block_2,2,Provo_ID3,1,1082624,1262509,1,gaze_data,1741885900355,470.181804895401,274.5123416185379,1741885900334.1,1
1,1,block_2,2,Provo_ID3,1,1082624,1262509,1,gaze_data,1741885900387,467.39147901535034,262.455789744854,1741885900367.7002,1
1,1,block_2,2,Provo_ID3,1,1082624,1262509,1,gaze_data,1741885900423,370.0815588235855,286.0433407127857,1741885900400.2002,1
1,1,block_2,2,Provo_ID3,1,1082624,1262509,1,gaze_data,1741885900455,378.31378877162933,284.7255975008011,1741885900434.1,1
1,1,block_2,2,Provo_ID3,1,1082624,1262509,1,gaze_data,1741885900487,362.7820551395416,289.2678067088127,1741885900466.4001,1
1,1,block_2,2,Provo_ID3,1,1082624,1262509,1,gaze_data,1741885900520,358.93117785453796,269.5958077907562,1741885900500.2002,1
1,1,block_2,2,Provo_ID3,1,1082624,1262509,1,gaze_data,1741885900548,230.52724599838257,308.50345492362976,1741885900533.4001,1
1,1,block_2,2,Provo_ID3,1,1082624,1262509,1,gaze_data,1741885900581,235.6301784515381,296.7482343316078,1741885900566.5,1
1,1,block_2,2,Provo_ID3,1,1082624,1262509,1,gaze_data,1741885900619,221.92894220352173,304.4239938259125,1741885900600.9001,1
1,1,block_2,2,Provo_ID3,1,1082624,1262509,1,gaze_data,1741885900655,238.05606365203857,307.6994478702545,1741885900633.5,1
1,1,block_2,2,Provo_ID3,1,1082624,1262509,1,gaze_data,1741885900687,217.69815683364868,299.4653046131134,1741885900666.6,1
1,1,block_2,2,Provo_ID3,1,1082624,1262509,1,gaze_data,1741885900719,221.0193395614624,316.6726887226105,1741885900699.4001,1
1,1,block_2,2,Provo_ID3,1,1082624,1262509,1,gaze_data,1741885900749,212.52902746200562,300.89100301265717,1741885900732.7002,1
1,1,block_2,2,Provo_ID3,1,1082624,1262509,1,gaze_data,1741885900783,217.9219126701355,314.29552137851715,1741885900767.7002,1
1,1,block_2,2,Provo_ID3,1,1082624,1262509,1,gaze_data,1741885900816,216.9529676437378,306.85184746980667,1741885900801,1
1,1,block_2,2,Provo_ID3,1,1082624,1262509,1,gaze_data,1741885900848,216.8217420578003,309.73728597164154,1741885900834.4001,1
1,1,block_2,2,Provo_ID3,1,1082624,1262509,1,gaze_data,1741885900883,202.94617414474487,311.07401698827744,1741885900867.2002,1
1,1,block_2,2,Provo_ID3,1,1082624,1262509,1,gaze_data,1741885900916,196.15211486816406,312.81085908412933,1741885900900.3,1
1,1,block_2,2,Provo_ID3,1,1082624,1262509,1,gaze_data,1741885900948,242.4380660057068,313.8725444674492,1741885900933.6,0.9877412117425988
1,1,block_2,2,Provo_ID3,1,1082624,1262509,1,gaze_data,1741885900977,322.329181432724,257.5346663594246,1741885900966.2002,1
1,1,block_2,2,Provo_ID3,1,1082624,1262509,1,gaze_data,1741885901021,320.07537484169006,237.3075656592846,1741885901000.4001,1
1,1,block_2,2,Provo_ID3,1,1082624,1262509,1,gaze_data,1741885901044,309.7359597682953,233.49379785358906,1741885901033.1,1
1,1,block_2,2,Provo_ID3,1,1082624,1262509,1,gaze_data,1741885901093,314.9971842765808,243.6477228999138,1741885901067.5,1
1,1,block_2,2,Provo_ID3,1,1082624,1262509,1,gaze_data,1741885901118,339.2310559749603,250.93345381319523,1741885901099.4001,1
1,1,block_2,2,Provo_ID3,1,1082624,1262509,1,gaze_data,1741885901153,318.07247400283813,255.69463558495045,1741885901134.1,1
1,1,block_2,2,Provo_ID3,1,1082624,1262509,1,gaze_data,1741885901186,349.4007110595703,249.7819945216179,1741885901166.5,1
1,1,block_2,2,Provo_ID3,1,1082624,1262509,1,gaze_data,1741885901216,230.73809146881104,254.65256199240685,1741885901200,1
1,1,block_2,2,Provo_ID3,1,1082624,1262509,1,gaze_data,1741885901252,200.4001498222351,250.64940974116325,1741885901243.3,1
1,1,block_2,2,Provo_ID3,1,1082624,1262509,1,gaze_data,1741885901287,184.9428653717041,267.6306463778019,1741885901266.6,0.9901106730758955
1,1,block_2,2,Provo_ID3,1,1082624,1262509,1,gaze_data,1741885901314,196.65255546569824,271.07415944337845,1741885901300.8,1
1,1,block_2,2,Provo_ID3,1,1082624,1262509,1,gaze_data,1741885901347,193.8136100769043,265.80772399902344,1741885901333.2002,1
1,1,block_2,2,Provo_ID3,1,1082624,1262509,1,gaze_data,1741885901385,227.42929458618164,255.8358073234558,1741885901366.9001,0.9833817326645602
1,1,block_2,2,Provo_ID3,1,1082624,1262509,1,gaze_data,1741885901419,377.4872973561287,220.09237334132195,1741885901399.4001,1
1,1,block_2,2,Provo_ID3,1,1082624,1262509,1,gaze_data,1741885901452,373.0239927768707,214.27544057369232,1741885901433.2002,1
1,1,block_2,2,Provo_ID3,1,1082624,1262509,1,gaze_data,1741885901484,407.4977919459343,200.61966627836227,1741885901466.4001,1
1,1,block_2,2,Provo_ID3,1,1082624,1262509,1,gaze_data,1741885901518,388.1153576076031,176.80843025445938,1741885901499.3,1
1,1,block_2,2,Provo_ID3,1,1082624,1262509,1,gaze_data,1741885901546,407.80181884765625,166.5438547730446,1741885901534.2002,1
1,1,block_2,2,Provo_ID3,1,1082624,1262509,1,gaze_data,1741885901579,451.384174823761,196.30650654435158,1741885901567,1
1,1,block_2,2,Provo_ID3,1,1082624,1262509,1,gaze_data,1741885901612,567.8273320198059,207.67128318548203,1741885901600.2002,1
1,1,block_2,2,Provo_ID3,1,1082624,1262509,1,gaze_data,1741885901651,593.5441255569458,200.74065253138542,1741885901632.8,1
1,1,block_2,2,Provo_ID3,1,1082624,1262509,1,gaze_data,1741885901684,602.6422739028931,190.29319882392883,1741885901666.8,1
1,1,block_2,2,Provo_ID3,1,1082624,1262509,1,gaze_data,1741885901713,613.7222051620483,183.26805382966995,1741885901700.1,1
1,1,block_2,2,Provo_ID3,1,1082624,1262509,1,gaze_data,1741885901751,611.6369724273682,204.18850928544998,1741885901732.8,1
1,1,block_2,2,Provo_ID3,1,1082624,1262509,1,gaze_data,1741885901785,601.1594772338867,189.6150916814804,1741885901767.2002,1
1,1,block_2,2,Provo_ID3,1,1082624,1262509,1,gaze_data,1741885901822,590.8946752548218,188.01842480897903,1741885901799.8,1
1,1,block_2,2,Provo_ID3,1,1082624,1262509,1,gaze_data,1741885901852,546.9593524932861,293.69348883628845,1741885901833.1,1
1,1,block_2,2,Provo_ID3,1,1082624,1262509,1,gaze_data,1741885901885,550.5502820014954,297.4637657403946,1741885901865.8,1
1,1,block_2,2,Provo_ID3,1,1082624,1262509,1,gaze_data,1741885901919,534.4409704208374,292.2270655632019,1741885901899.5,1
1,1,block_2,2,Provo_ID3,1,1082624,1262509,1,gaze_data,1741885901955,535.8856439590454,308.28113704919815,1741885901933,1
1,1,block_2,2,Provo_ID3,1,1082624,1262509,1,gaze_data,1741885901985,545.1653599739075,309.7223028540611,1741885901966.3,0.9520810271210234
1,1,block_2,2,Provo_ID3,1,1082624,1262509,1,gaze_data,1741885902018,549.2614030838013,282.011853903532,1741885901999.7002,0.9657333421687238
1,1,block_2,2,Provo_ID3,1,1082624,1262509,1,gaze_data,1741885902050,554.4566750526428,279.81065809726715,1741885902033,1
1,1,block_2,2,Provo_ID3,1,1082624,1262509,1,gaze_data,1741885902084,546.0420727729797,291.75688177347183,1741885902065.8,0.9737251290769531
1,1,block_2,2,Provo_ID3,1,1082624,1262509,1,gaze_data,1741885902118,535.476803779602,298.5306888818741,1741885902099.3,0.856176835939022
1,1,block_2,2,Provo_ID3,1,1082624,1262509,1,gaze_data,1741885902150,418.5354217886925,336.9745299220085,1741885902132,0.7983747071346374
1,1,block_2,2,Provo_ID3,1,1082624,1262509,1,gaze_data,1741885902181,398.4492354094982,336.6817072033882,1741885902180.9001,0.9578716479627651
1,1,block_2,2,Provo_ID3,1,1082624,1262509,1,gaze_data,1741885902217,404.62012365460396,343.6671108007431,1741885902200.4001,0.8816307403969852
1,1,block_2,2,Provo_ID3,1,1082624,1262509,1,gaze_data,1741885902249,384.2842549085617,334.58683490753174,1741885902234.7002,0.6875149436857493
1,1,block_2,2,Provo_ID3,1,1082624,1262509,1,gaze_data,1741885902282,328.5707354545593,340.75987935066223,1741885902266.7002,0.8712164017723731
1,1,block_2,2,Provo_ID3,1,1082624,1262509,1,gaze_data,1741885902317,282.01717138290405,336.4030107855797,1741885902313.1,0.8107715303382932
1,1,block_2,2,Provo_ID3,1,1082624,1262509,1,gaze_data,1741885902351,295.086145401001,343.16002428531647,1741885902333.6,0.8726621342009495
1,1,block_2,2,Provo_ID3,1,1082624,1262509,1,gaze_data,1741885902384,304.2036831378937,346.63444608449936,1741885902366.3,1
1,1,block_2,2,Provo_ID3,1,1082624,1262509,1,gaze_data,1741885902416,293.7000274658203,342.3898056149483,1741885902399.6,1
1,1,block_2,2,Provo_ID3,1,1082624,1262509,1,gaze_data,1741885902451,203.3231019973755,340.6104728579521,1741885902432.3,0.9541548573388758
1,1,block_2,2,Provo_ID3,1,1082624,1262509,1,gaze_data,1741885902474,176.1887788772583,338.41097205877304,1741885902466.4001,0.8967949564650368
1,1,block_2,2,Provo_ID3,1,1082624,1262509,1,gaze_data,1741885902508,173.37164878845215,338.278292119503,1741885902504.2002,0.9066815549297713
1,1,block_2,2,Provo_ID3,1,1082624,1262509,1,gaze_data,1741885902555,152.87199020385742,337.2284084558487,1741885902532.1,0.9592721230935592
1,1,block_2,2,Provo_ID3,1,1082624,1262509,1,gaze_data,1741885902584,160.5393409729004,362.0975077152252,1741885902565.5,0.9805376572497884
1,1,block_2,2,Provo_ID3,1,1082624,1262509,1,gaze_data,1741885902617,154.3323516845703,358.0738663673401,1741885902599.2002,0.7183519611045095
1,1,block_2,2,Provo_ID3,1,1082624,1262509,1,gaze_data,1741885902655,146.9554901123047,361.4099681377411,1741885902632.7002,0.8493432590271501
1,1,block_2,2,Provo_ID3,1,1082624,1262509,1,gaze_data,1741885902679,151.5594244003296,353.50698828697205,1741885902665.9001,0.8446503807785666
1,1,block_2,2,Provo_ID3,1,1082624,1262509,1,gaze_data,1741885902720,283.3805203437805,371.225243806839,1741885902700.1,0.8551159830834139
1,1,block_2,2,Provo_ID3,1,1082624,1262509,1,gaze_data,1741885902750,403.9475589990616,368.42717826366425,1741885902732.3,0.4913780044198238
1,1,block_2,2,Provo_ID3,1,1082624,1262509,1,gaze_data,1741885902783,458.16507935523987,358.2643926143646,1741885902765.2002,0.7773793124111241
1,1,block_2,2,Provo_ID3,1,1082624,1262509,1,gaze_data,1741885902817,454.1602432727814,349.10035729408264,1741885902799.7002,0.5971477784272256
1,1,block_2,2,Provo_ID3,1,1082624,1262509,1,gaze_data,1741885902852,444.1972255706787,319.20545399188995,1741885902832.7002,0.6154378531016811
1,1,block_2,2,Provo_ID3,1,1082624,1262509,1,gaze_data,1741885902884,438.87869119644165,302.05891132354736,1741885902865.1,0.5933280023889453
1,1,block_2,2,Provo_ID3,1,1082624,1262509,1,gaze_data,1741885902917,442.01036989688873,288.71188908815384,1741885902899.3,0.9690533842531028
1,1,block_2,2,Provo_ID3,1,1082624,1262509,1,gaze_data,1741885902950,457.1846663951874,303.3447176218033,1741885902933.2002,0.8419589962960301
1,1,block_2,2,Provo_ID3,1,1082624,1262509,1,gaze_data,1741885902984,488.70469331741333,354.0924847126007,1741885902966.9001,0.9771582951902248
1,1,block_2,2,Provo_ID3,1,1082624,1262509,1,gaze_data,1741885903017,629.7174453735352,302.1997720003128,1741885902999.8,0.9344951522209108
1,1,block_2,2,Provo_ID3,1,1082624,1262509,1,gaze_data,1741885903051,596.6817617416382,217.3289529979229,1741885903033.1,0.3433878655128411
1,1,block_2,2,Provo_ID3,1,1082624,1262509,1,gaze_data,1741885903083,477.5373160839081,268.15996170043945,1741885903066,0
1,1,block_2,2,Provo_ID3,1,1082624,1262509,1,gaze_data,1741885903117,481.1754107475281,402.593857049942,1741885903099.2002,0
1,1,block_2,2,Provo_ID3,1,1082624,1262509,1,gaze_data,1741885903150,579.9574851989746,415.41895866394043,1741885903132.6,0
1,1,block_2,2,Provo_ID3,1,1082624,1262509,1,gaze_data,1741885903183,647.7418661117554,477.3937523365021,1741885903166.8,0
1,1,block_2,2,Provo_ID3,1,1082624,1262509,1,gaze_data,1741885903217,607.0353984832764,464.0860319137573,1741885903199.3,0
1,1,block_2,2,Provo_ID3,1,1082624,1262509,1,gaze_data,1741885903251,579.4778108596802,439.9677574634552,1741885903232.6,0.01640174401874434
1,1,block_2,2,Provo_ID3,1,1082624,1262509,1,gaze_data,1741885903284,561.3809466362,449.56175088882446,1741885903265.9001,0.07789564039761372
1,1,block_2,2,Provo_ID3,1,1082624,1262509,1,gaze_data,1741885903317,547.8825569152832,405.72405457496643,1741885903299.2002,0.170395370428939
1,1,block_2,2,Provo_ID3,1,1082624,1262509,1,gaze_data,1741885903350,539.8705720901489,414.22334909439087,1741885903331.8,0.30660539921764884
1,1,block_2,2,Provo_ID3,1,1082624,1262509,1,gaze_data,1741885903384,542.1568989753723,401.593154668808,1741885903365.8,0.47796438504145256
1,1,block_2,2,Provo_ID3,1,1082624,1262509,1,gaze_data,1741885903417,529.1540741920471,407.12875723838806,1741885903401.4001,0.3522838413378405
1,1,block_2,2,Provo_ID3,1,1082624,1262509,1,gaze_data,1741885903450,501.78446769714355,441.9402241706848,1741885903434.3,0.35567421102840957
1,1,block_2,2,Provo_ID3,1,1082624,1262509,1,gaze_data,1741885903483,492.1063303947449,432.20863342285156,1741885903464.9001,0.20904586835702313
1,1,block_2,2,Provo_ID3,1,1082624,1262509,1,gaze_data,1741885903512,467.7257180213928,422.83395528793335,1741885903500,0.17118899384604433
1,1,block_2,2,Provo_ID3,1,1082624,1262509,1,gaze_data,1741885903549,470.25139331817627,443.56340765953064,1741885903532.8,0.033715549744396535
1,1,block_2,2,Provo_ID3,1,1082624,1262509,1,gaze_data,1741885903583,480.16735315322876,399.7051179409027,1741885903577.9001,0.25280566568771956
1,1,block_2,2,Provo_ID3,1,1082624,1262509,1,gaze_data,1741885903607,392.5757110118866,397.11005091667175,1741885903598.7002,0.26172785848743285
1,1,block_2,2,Provo_ID3,1,1082624,1262509,1,gaze_data,1741885903656,394.0524712204933,411.72361969947815,1741885903633,0.10416181981164728
1,1,block_2,2,Provo_ID3,1,1082624,1262509,1,gaze_data,1741885903687,395.7947224378586,440.2012884616852,1741885903665.7002,0.09578449388933076
1,1,block_2,2,Provo_ID3,1,1082624,1262509,1,gaze_data,1741885903722,388.8104021549225,427.23167538642883,1741885903699.5,0.06938879142073227
1,1,block_2,2,Provo_ID3,1,1082624,1262509,1,gaze_data,1741885903750,398.0622012168169,475.9717345237732,1741885903732.6,0.07629442170267849
1,1,block_2,2,Provo_ID3,1,1082624,1262509,1,gaze_data,1741885903784,469.35266852378845,487.63919472694397,1741885903765.6,0
1,1,block_2,2,Provo_ID3,1,1082624,1262509,1,gaze_data,1741885903824,532.9203963279724,520.0159013271332,1741885903799,0
1,1,block_2,2,Provo_ID3,1,1082624,1262509,1,gaze_data,1741885903856,542.6838636398315,521.9580590724945,1741885903831.6,0
1,1,block_2,2,Provo_ID3,1,1082624,1262509,1,gaze_data,1741885903879,539.4110918045044,506.5561294555664,1741885903866.2002,0
1,1,block_2,2,Provo_ID3,1,1082624,1262509,1,gaze_data,1741885903911,598.345160484314,507.99447894096375,1741885903898.9001,0
1,1,block_2,2,Provo_ID3,1,1082624,1262509,1,gaze_data,1741885903956,609.9845886230469,489.3758952617645,1741885903932.7002,0
1,1,block_2,2,Provo_ID3,1,1082624,1262509,1,gaze_data,1741885903983,630.2437782287598,449.69258308410645,1741885903965.4001,0.023973698426674298
1,1,block_2,2,Provo_ID3,1,1082624,1262509,1,gaze_data,1741885904017,613.3615493774414,416.8432116508484,1741885903998.8,0.09399495697714919
1,1,block_2,2,Provo_ID3,1,1082624,1262509,1,gaze_data,1741885904051,611.3262414932251,444.7560667991638,1741885904032.1,0.27092826531221814
1,1,block_2,2,Provo_ID3,1,1082624,1262509,1,gaze_data,1741885904079,526.4332890510559,358.7423622608185,1741885904066,0.1113613509706947
1,1,block_2,2,Provo_ID3,1,1082624,1262509,1,gaze_data,1741885904118,379.31675761938095,204.80545088648796,1741885904099.9001,0.21086780626182142
1,1,block_2,2,Provo_ID3,1,1082624,1262509,1,gaze_data,1741885904150,408.0628573894501,143.41115802526474,1741885904132.7002,0.2508918372789787
1,1,block_2,2,Provo_ID3,1,1082624,1262509,1,gaze_data,1741885904187,323.8420248031616,170.18769532442093,1741885904165.8,0.9289018141730683
1,1,block_2,2,Provo_ID3,1,1082624,1262509,1,gaze_data,1741885904217,349.21820163726807,201.0110080242157,1741885904198.2002,1
1,1,block_2,2,Provo_ID3,1,1082624,1262509,1,gaze_data,1741885904245,340.4142737388611,190.9622684121132,1741885904232.1,1
1,1,block_2,2,Provo_ID3,1,1082624,1262509,1,gaze_data,1741885904284,342.2581613063812,188.71261775493622,1741885904266.1,1
1,1,block_2,2,Provo_ID3,1,1082624,1262509,1,gaze_data,1741885904316,286.098313331604,186.11055463552475,1741885904300.5,1
1,1,block_2,2,Provo_ID3,1,1082624,1262509,1,gaze_data,1741885904346,296.1709260940552,161.19205057621002,1741885904333.3,1
1,1,block_2,2,Provo_ID3,1,1082624,1262509,1,gaze_data,1741885904379,275.9381175041199,154.01334166526794,1741885904366.1,1
1,1,block_2,2,Provo_ID3,1,1082624,1262509,1,gaze_data,1741885904411,271.6314673423767,146.27076536417007,1741885904399.5,1
1,1,block_2,2,Provo_ID3,1,1082624,1262509,1,gaze_data,1741885904450,267.29477643966675,142.64510422945023,1741885904434.9001,1
1,1,block_2,2,Provo_ID3,1,1082624,1262509,1,gaze_data,1741885904487,265.9098148345947,149.31629449129105,1741885904465.5,1
1,1,block_2,2,Provo_ID3,1,1082624,1262509,1,gaze_data,1741885904517,187.02871799468994,171.16669416427612,1741885904498.7002,1
1,1,block_2,2,Provo_ID3,1,1082624,1262509,1,gaze_data,1741885904550,209.60451364517212,160.34401059150696,1741885904531.9001,1
1,1,block_2,2,Provo_ID3,1,1082624,1262509,1,gaze_data,1741885904583,196.38257026672363,158.3353340625763,1741885904566,1
1,1,block_2,2,Provo_ID3,1,1082624,1262509,1,gaze_data,1741885904616,179.1407585144043,133.99423509836197,1741885904597.7002,1
1,1,block_2,2,Provo_ID3,1,1082624,1262509,1,gaze_data,1741885904650,201.3121485710144,175.02779364585876,1741885904631.9001,1
1,1,block_2,2,Provo_ID3,1,1082624,1262509,1,gaze_data,1741885904684,213.04237842559814,156.9688379764557,1741885904665.6,1
1,1,block_2,2,Provo_ID3,1,1082624,1262509,1,gaze_data,1741885904718,364.2791271209717,172.48275727033615,1741885904698.9001,1
1,1,block_2,2,Provo_ID3,1,1082624,1262509,1,gaze_data,1741885904750,448.1827437877655,131.69158846139908,1741885904732,1
1,1,block_2,2,Provo_ID3,1,1082624,1262509,1,gaze_data,1741885904779,483.8347554206848,129.42367643117905,1741885904765.5,1
1,1,block_2,2,Provo_ID3,1,1082624,1262509,1,gaze_data,1741885904817,467.91277527809143,118.21250468492508,1741885904799.8,1
1,1,block_2,2,Provo_ID3,1,1082624,1262509,1,gaze_data,1741885904850,485.64741611480713,122.09865301847458,1741885904832.5,1
1,1,block_2,2,Provo_ID3,1,1082624,1262509,1,gaze_data,1741885904882,485.34743785858154,121.1433544754982,1741885904865.2002,1
1,1,block_2,2,Provo_ID3,1,1082624,1262509,1,gaze_data,1741885904915,470.6647217273712,126.66942030191422,1741885904899.1,1
1,1,block_2,2,Provo_ID3,1,1082624,1262509,1,gaze_data,1741885904950,542.0725345611572,133.00761431455612,1741885904936.1,1
1,1,block_2,2,Provo_ID3,1,1082624,1262509,1,gaze_data,1741885904984,529.403829574585,120.1408639550209,1741885904965.3,1
1,1,block_2,2,Provo_ID3,1,1082624,1262509,1,gaze_data,1741885905017,561.751651763916,138.565032184124,1741885904998.5,1
1,1,block_2,2,Provo_ID3,1,1082624,1262509,1,gaze_data,1741885905050,546.2120413780212,126.61069482564926,1741885905032.6,1
1,1,block_2,2,Provo_ID3,1,1082624,1262509,1,gaze_data,1741885905083,460.1698935031891,119.12655681371689,1741885905064.2002,1
1,1,block_2,2,Provo_ID3,1,1082624,1262509,1,gaze_data,1741885905107,249.22749996185303,180.9745267033577,1741885905098.8,1
1,1,block_2,2,Provo_ID3,1,1082624,1262509,1,gaze_data,1741885905156,234.26209688186646,177.50321179628372,1741885905131.9001,1
1,1,block_2,2,Provo_ID3,1,1082624,1262509,1,gaze_data,1741885905189,219.41204071044922,175.8223906159401,1741885905164.5,1
1,1,block_2,2,Provo_ID3,1,1082624,1262509,1,gaze_data,1741885905222,228.1530261039734,167.27436184883118,1741885905198.4001,1
1,1,block_2,2,Provo_ID3,1,1082624,1262509,1,gaze_data,1741885905251,231.6146969795227,188.032566010952,1741885905230.7002,1
1,1,block_2,2,Provo_ID3,1,1082624,1262509,1,gaze_data,1741885905284,245.10406255722046,189.4634872674942,1741885905265.3,1
1,1,block_2,2,Provo_ID3,1,1082624,1262509,1,gaze_data,1741885905322,172.955584526062,210.19638553261757,1741885905298.4001,1
1,1,block_2,2,Provo_ID3,1,1082624,1262509,1,gaze_data,1741885905350,156.71169757843018,234.1859381645918,1741885905331.7002,1
1,1,block_2,2,Provo_ID3,1,1082624,1262509,1,gaze_data,1741885905391,153.76789569854736,227.61368975043297,1741885905365.1,1
1,1,block_2,2,Provo_ID3,1,1082624,1262509,1,gaze_data,1741885905422,154.69210147857666,235.35145111382008,1741885905397.6,1
1,1,block_2,2,Provo_ID3,1,1082624,1262509,1,gaze_data,1741885905450,143.32506656646729,225.62715634703636,1741885905431.5,1
1,1,block_2,2,Provo_ID3,1,1082624,1262509,1,gaze_data,1741885905485,145.550537109375,237.66873627901077,1741885905464.8,1
1,1,block_2,2,Provo_ID3,1,1082624,1262509,1,gaze_data,1741885905518,172.71978855133057,209.29947718977928,1741885905498.1,1
1,1,block_2,2,Provo_ID3,1,1082624,1262509,1,gaze_data,1741885905550,355.0349533557892,226.12782418727875,1741885905530.7002,1
1,1,block_2,2,Provo_ID3,1,1082624,1262509,1,gaze_data,1741885905584,375.24583637714386,236.77025772631168,1741885905564.8,1
1,1,block_2,2,Provo_ID3,1,1082624,1262509,1,gaze_data,1741885905617,396.123293787241,242.5023414194584,1741885905598.5,1
1,1,block_2,2,Provo_ID3,1,1082624,1262509,1,gaze_data,1741885905649,382.21558928489685,233.86613503098488,1741885905631.5,1
1,1,block_2,2,Provo_ID3,1,1082624,1262509,1,gaze_data,1741885905682,373.67648482322693,218.37934330105782,1741885905664.7002,1
1,1,block_2,2,Provo_ID3,1,1082624,1262509,1,gaze_data,1741885905717,386.78508698940277,241.13804511725903,1741885905697.7002,1
1,1,block_2,2,Provo_ID3,1,1082624,1262509,1,gaze_data,1741885905750,489.17155861854553,216.94522574543953,1741885905732.4001,1
1,1,block_2,2,Provo_ID3,1,1082624,1262509,1,gaze_data,1741885905782,568.9905405044556,209.4113439321518,1741885905764.8,1
1,1,block_2,2,Provo_ID3,1,1082624,1262509,1,gaze_data,1741885905817,568.7161207199097,213.8291247189045,1741885905798.6,1
1,1,block_2,2,Provo_ID3,1,1082624,1262509,1,gaze_data,1741885905850,555.8820843696594,199.13476556539536,1741885905831.8,1
1,1,block_2,2,Provo_ID3,1,1082624,1262509,1,gaze_data,1741885905883,512.8521203994751,206.21409118175507,1741885905864.3,1
1,1,block_2,2,Provo_ID3,1,1082624,1262509,1,gaze_data,1741885905913,293.7039852142334,264.0404872596264,1741885905897.5,1
1,1,block_2,2,Provo_ID3,1,1082624,1262509,1,gaze_data,1741885905950,236.34090423583984,301.6475200653076,1741885905931.9001,1
1,1,block_2,2,Provo_ID3,1,1082624,1262509,1,gaze_data,1741885905984,281.91425800323486,292.86175817251205,1741885905965.8,1
1,1,block_2,2,Provo_ID3,1,1082624,1262509,1,gaze_data,1741885906016,270.46706676483154,304.40709590911865,1741885905998.2002,1
1,1,block_2,2,Provo_ID3,1,1082624,1262509,1,gaze_data,1741885906049,275.04526376724243,306.21997117996216,1741885906031.9001,1
1,1,block_2,2,Provo_ID3,1,1082624,1262509,1,gaze_data,1741885906082,313.7057423591614,358.43706727027893,1741885906065,1
1,1,block_2,2,Provo_ID3,1,1082624,1262509,1,gaze_data,1741885906117,289.3076419830322,378.65150570869446,1741885906097.6,1
1,1,block_2,2,Provo_ID3,1,1082624,1262509,1,gaze_data,1741885906150,201.92461013793945,379.3203890323639,1741885906131.4001,0.6476028390164684
1,1,block_2,2,Provo_ID3,1,1082624,1262509,1,gaze_data,1741885906183,168.87695789337158,364.72949981689453,1741885906164.7002,0.44371651237067516
1,1,block_2,2,Provo_ID3,1,1082624,1262509,1,gaze_data,1741885906217,169.69678401947021,372.22877740859985,1741885906201.6,0.6013484573332328
1,1,block_2,2,Provo_ID3,1,1082624,1262509,1,gaze_data,1741885906250,157.1537733078003,363.03939521312714,1741885906231.4001,0.5133663340340401
1,1,block_2,2,Provo_ID3,1,1082624,1262509,1,gaze_data,1741885906282,161.0914945602417,371.8167006969452,1741885906264.8,0.590312279324027
1,1,block_2,2,Provo_ID3,1,1082624,1262509,1,gaze_data,1741885906317,170.75579166412354,358.60312581062317,1741885906298.6,0.6465210535971635
1,1,block_2,2,Provo_ID3,1,1082624,1262509,1,gaze_data,1741885906350,174.5910406112671,378.49629521369934,1741885906331.4001,0.600837831059553
1,1,block_2,2,Provo_ID3,1,1082624,1262509,1,gaze_data,1741885906383,177.46577262878418,361.67045533657074,1741885906364.4001,0.7663230132796399
1,1,block_2,2,Provo_ID3,1,1082624,1262509,1,gaze_data,1741885906417,285.8504056930542,372.3087668418884,1741885906398.5,0.6342228803777396
1,1,block_2,2,Provo_ID3,1,1082624,1262509,1,gaze_data,1741885906444,315.9687280654907,390.10847210884094,1741885906430.9001,0.5588566842617931
1,1,block_2,2,Provo_ID3,1,1082624,1262509,1,gaze_data,1741885906479,318.9976215362549,382.3481261730194,1741885906465.6,0.6090275523419701
1,1,block_2,2,Provo_ID3,1,1082624,1262509,1,gaze_data,1741885906510,362.3232662677765,392.86906123161316,1741885906498.8,0.5977674144103472
1,1,block_2,2,Provo_ID3,1,1082624,1262509,1,gaze_data,1741885906541,374.70588088035583,396.39196395874023,1741885906532.6,0.7573087238786917
1,1,block_2,2,Provo_ID3,1,1082624,1262509,1,gaze_data,1741885906589,348.13469648361206,365.9599184989929,1741885906564.9001,0.44962033853204536
1,1,block_2,2,Provo_ID3,1,1082624,1262509,1,gaze_data,1741885906617,474.8002231121063,405.61763048171997,1741885906597.7002,0.4323701026604512
1,1,block_2,2,Provo_ID3,1,1082624,1262509,1,gaze_data,1741885906645,486.10355257987976,411.80983781814575,1741885906631.1,0.4323701026604512
1,1,block_2,2,Provo_ID3,1,1082624,1262509,1,gaze_data,1741885906689,505.385947227478,409.6298575401306,1741885906664.2002,0.10921772337552575
1,1,block_2,2,Provo_ID3,1,1082624,1262509,1,gaze_data,1741885906722,510.21482944488525,397.829806804657,1741885906697.6,0.0858780986336363
1,1,block_2,2,Provo_ID3,1,1082624,1262509,1,gaze_data,1741885906753,519.6051597595215,403.12156677246094,1741885906731.1,0.17609471690766376
1,1,block_2,2,Provo_ID3,1,1082624,1262509,1,gaze_data,1741885906774,563.0699753761292,391.2397086620331,1741885906764.9001,0.17609471690766376
1,1,block_2,2,Provo_ID3,1,1082624,1262509,1,gaze_data,1741885906817,606.9126844406128,399.12710189819336,1741885906797.7002,0.34260581833564097
1,1,block_2,2,Provo_ID3,1,1082624,1262509,1,gaze_data,1741885906852,606.692910194397,397.7152466773987,1741885906831,0.2979689044643865
1,1,block_2,2,Provo_ID3,1,1082624,1262509,1,gaze_data,1741885906885,611.5235090255737,389.5134687423706,1741885906864.5,0.46294908737003726
1,1,block_2,2,Provo_ID3,1,1082624,1262509,1,gaze_data,1741885906927,601.7101049423218,373.0864882469177,1741885906898.4001,0.2729982096158359
1,1,block_2,2,Provo_ID3,1,1082624,1262509,1,gaze_data,1741885906945,596.1194515228271,362.2894048690796,1741885906930.9001,0.2729982096158359
1,1,block_2,2,Provo_ID3,1,1082624,1262509,1,gaze_data,1741885906984,519.5386648178101,341.6805550456047,1741885906964.3,0.6471810617587583
1,1,block_2,2,Provo_ID3,1,1082624,1262509,1,gaze_data,1741885907017,387.40707635879517,178.24727147817612,1741885906997.9001,0.5146653615767519
1,1,block_2,2,Provo_ID3,1,1082624,1262509,1,gaze_data,1741885907050,299.5065450668335,205.1572971045971,1741885907030.9001,1
1,1,block_2,2,Provo_ID3,1,1082624,1262509,1,gaze_data,1741885907089,307.4526071548462,190.2201011776924,1741885907064.3,1
1,1,block_2,2,Provo_ID3,1,1082624,1262509,1,gaze_data,1741885907111,309.7308099269867,161.87553703784943,1741885907097.5,1
1,1,block_2,2,Provo_ID3,1,1082624,1262509,1,gaze_data,1741885907154,248.66232872009277,166.7475387454033,1741885907132.9001,1
1,1,block_2,2,Provo_ID3,1,1082624,1262509,1,gaze_data,1741885907183,216.91397428512573,188.04813772439957,1741885907164.1,1
1,1,block_2,2,Provo_ID3,1,1082624,1262509,1,gaze_data,1741885907216,231.6417932510376,169.41967457532883,1741885907197.7002,1
1,1,block_2,2,Provo_ID3,1,1082624,1262509,1,gaze_data,1741885907249,212.90005445480347,160.30531227588654,1741885907231.1,1
1,1,block_2,2,Provo_ID3,1,1082624,1262509,1,gaze_data,1741885907277,224.98767375946045,157.59260058403015,1741885907264.2002,1
1,1,block_2,2,Provo_ID3,1,1082624,1262509,1,gaze_data,1741885907317,203.43668460845947,151.12270265817642,1741885907297.2002,1
1,1,block_2,2,Provo_ID3,1,1082624,1262509,1,gaze_data,1741885907350,232.50821828842163,166.57029688358307,1741885907331,1
1,1,block_2,2,Provo_ID3,1,1082624,1262509,1,gaze_data,1741885907389,218.59478950500488,165.78069180250168,1741885907365.1,1
1,1,block_2,2,Provo_ID3,1,1082624,1262509,1,gaze_data,1741885907413,230.97838163375854,160.2532997727394,1741885907397.4001,1
1,1,block_2,2,Provo_ID3,1,1082624,1262509,1,gaze_data,1741885907444,400.401958078146,187.58053183555603,1741885907430.4001,1
1,1,block_2,2,Provo_ID3,1,1082624,1262509,1,gaze_data,1741885907488,431.08659386634827,173.37967306375504,1741885907464.2002,1
1,1,block_2,2,Provo_ID3,1,1082624,1262509,1,gaze_data,1741885907512,425.65625607967377,155.4603561758995,1741885907497.3,1
1,1,block_2,2,Provo_ID3,1,1082624,1262509,1,gaze_data,1741885907547,428.2549411058426,140.25867581367493,1741885907530.6,1
1,1,block_2,2,Provo_ID3,1,1082624,1262509,1,gaze_data,1741885907584,425.65852105617523,152.7079850435257,1741885907563.3,1
1,1,block_2,2,Provo_ID3,1,1082624,1262509,1,gaze_data,1741885907622,513.530707359314,154.64717745780945,1741885907598.1,1
1,1,block_2,2,Provo_ID3,1,1082624,1262509,1,gaze_data,1741885907655,534.455931186676,112.59017735719681,1741885907630.7002,1
1,1,block_2,2,Provo_ID3,1,1082624,1262509,1,gaze_data,1741885907680,589.8200750350952,149.51251298189163,1741885907664,1
1,1,block_2,2,Provo_ID3,1,1082624,1262509,1,gaze_data,1741885907717,571.5212345123291,129.47600930929184,1741885907696.9001,1
1,1,block_2,2,Provo_ID3,1,1082624,1262509,1,gaze_data,1741885907750,591.8345808982849,117.54914969205856,1741885907730.5,0.9551534646573789
1,1,block_2,2,Provo_ID3,1,1082624,1262509,1,gaze_data,1741885907783,599.6860980987549,141.09372943639755,1741885907762.9001,1
1,1,block_2,2,Provo_ID3,1,1082624,1262509,1,gaze_data,1741885907817,594.0232276916504,123.09373766183853,1741885907796.4001,1
1,1,block_2,2,Provo_ID3,1,1082624,1262509,1,gaze_data,1741885907855,597.4661588668823,116.19160920381546,1741885907831.4001,1
1,1,block_2,2,Provo_ID3,1,1082624,1262509,1,gaze_data,1741885907889,658.8876485824585,138.85231167078018,1741885907864,1
1,1,block_2,2,Provo_ID3,1,1082624,1262509,1,gaze_data,1741885907921,691.6305303573608,136.80595755577087,1741885907897.3,1
1,1,block_2,2,Provo_ID3,1,1082624,1262509,1,gaze_data,1741885907949,681.4762592315674,138.93780708312988,1741885907930.9001,1
1,1,block_2,2,Provo_ID3,1,1082624,1262509,1,gaze_data,1741885907982,645.8853006362915,152.4841770529747,1741885907963.9001,1
1,1,block_2,2,Provo_ID3,1,1082624,1262509,1,gaze_data,1741885908017,374.4807839393616,140.90938717126846,1741885907996.4001,1
1,1,block_2,2,Provo_ID3,1,1082624,1262509,1,gaze_data,1741885908050,194.1464900970459,227.3553092032671,1741885908029.8,1
1,1,block_2,2,Provo_ID3,1,1082624,1262509,1,gaze_data,1741885908087,182.49664306640625,208.89029875397682,1741885908064.6,1
1,1,block_2,2,Provo_ID3,1,1082624,1262509,1,gaze_data,1741885908116,202.6678442955017,209.22744125127792,1741885908097.2002,1
1,1,block_2,2,Provo_ID3,1,1082624,1262509,1,gaze_data,1741885908150,181.73630237579346,198.75218197703362,1741885908130.6,1
1,1,block_2,2,Provo_ID3,1,1082624,1262509,1,gaze_data,1741885908185,187.0415449142456,216.2806637585163,1741885908164.1,1
1,1,block_2,2,Provo_ID3,1,1082624,1262509,1,gaze_data,1741885908213,169.08955574035645,212.02434077858925,1741885908197.7002,1
1,1,block_2,2,Provo_ID3,1,1082624,1262509,1,gaze_data,1741885908246,159.7813367843628,201.2125052511692,1741885908231,1
1,1,block_2,2,Provo_ID3,1,1082624,1262509,1,gaze_data,1741885908278,160.52017211914062,206.6814437508583,1741885908264.6,1
1,1,block_2,2,Provo_ID3,1,1082624,1262509,1,gaze_data,1741885908312,156.92765712738037,210.43673381209373,1741885908298.1,1
1,1,block_2,2,Provo_ID3,1,1082624,1262509,1,gaze_data,1741885908350,152.92975902557373,221.3262528181076,1741885908342.1,1
1,1,block_2,2,Provo_ID3,1,1082624,1262509,1,gaze_data,1741885908383,190.35472869873047,223.22507426142693,1741885908363,1
1,1,block_2,2,Provo_ID3,1,1082624,1262509,1,gaze_data,1741885908411,375.01736730337143,191.62860363721848,1741885908397.2002,1
1,1,block_2,2,Provo_ID3,1,1082624,1262509,1,gaze_data,1741885908445,367.3707127571106,177.48646289110184,1741885908431,1
1,1,block_2,2,Provo_ID3,1,1082624,1262509,1,gaze_data,1741885908478,409.39748734235764,204.32897880673409,1741885908463.9001,1
1,1,block_2,2,Provo_ID3,1,1082624,1262509,1,gaze_data,1741885908516,425.6831496953964,211.73519864678383,1741885908497.9001,1
1,1,block_2,2,Provo_ID3,1,1082624,1262509,1,gaze_data,1741885908540,438.1105363368988,205.49693927168846,1741885908531.4001,1
1,1,block_2,2,Provo_ID3,1,1082624,1262509,1,gaze_data,1741885908573,454.72466945648193,224.44841861724854,1741885908564,1
1,1,block_2,2,Provo_ID3,1,1082624,1262509,1,gaze_data,1741885908621,540.6790971755981,228.34148108959198,1741885908596.9001,1
1,1,block_2,2,Provo_ID3,1,1082624,1262509,1,gaze_data,1741885908648,525.9362578392029,199.13472458720207,1741885908630.5,0.9779946111529552
1,1,block_2,2,Provo_ID3,1,1082624,1262509,1,gaze_data,1741885908682,528.4339427947998,198.87472167611122,1741885908664,1
1,1,block_2,2,Provo_ID3,1,1082624,1262509,1,gaze_data,1741885908715,520.177972316742,192.10629016160965,1741885908697,0.9447488793868155
1,1,block_2,2,Provo_ID3,1,1082624,1262509,1,gaze_data,1741885908749,533.8524222373962,208.4088236093521,1741885908730.3,1
1,1,block_2,2,Provo_ID3,1,1082624,1262509,1,gaze_data,1741885908777,662.0299816131592,254.11450155079365,1741885908764.3,1
1,1,block_2,2,Provo_ID3,1,1082624,1262509,1,gaze_data,1741885908812,668.167781829834,237.10097037255764,1741885908796.7002,1
1,1,block_2,2,Provo_ID3,1,1082624,1262509,1,gaze_data,1741885908854,684.4819784164429,222.05757945775986,1741885908832.2002,1
1,1,block_2,2,Provo_ID3,1,1082624,1262509,1,gaze_data,1741885908887,683.7301254272461,237.3602468520403,1741885908863.8,1
1,1,block_2,2,Provo_ID3,1,1082624,1262509,1,gaze_data,1741885908917,667.6401138305664,241.43423736095428,1741885908897.4001,0.874804254694145
1,1,block_2,2,Provo_ID3,1,1082624,1262509,1,gaze_data,1741885908950,486.12688183784485,291.3054510951042,1741885908929.3,0.9853522556235883
1,1,block_2,2,Provo_ID3,1,1082624,1262509,1,gaze_data,1741885908982,313.8562023639679,384.6454381942749,1741885908963.6,0.5748866735395207
1,1,block_2,2,Provo_ID3,1,1082624,1262509,1,gaze_data,1741885909020,239.9025321006775,337.0476424694061,1741885908997.3,0.07742090526656359
1,1,block_2,2,Provo_ID3,1,1082624,1262509,1,gaze_data,1741885909053,233.7896704673767,337.63707280158997,1741885909030.2002,0.07056214560376259
1,1,block_2,2,Provo_ID3,1,1082624,1262509,1,gaze_data,1741885909083,226.26134157180786,325.940003991127,1741885909063.5,0.1558509587290461
1,1,block_2,2,Provo_ID3,1,1082624,1262509,1,gaze_data,1741885909115,234.34511423110962,333.2000359892845,1741885909096.9001,0.21787753556669898
1,1,block_2,2,Provo_ID3,1,1082624,1262509,1,gaze_data,1741885909146,229.78787422180176,350.9787082672119,1741885909130.1,0.1617972151086004
1,1,block_2,2,Provo_ID3,1,1082624,1262509,1,gaze_data,1741885909178,204.9512505531311,357.56752490997314,1741885909164.5,0.22669190015054227
1,1,block_2,2,Provo_ID3,1,1082624,1262509,1,gaze_data,1741885909212,188.65067958831787,345.4787790775299,1741885909197.3,0.09776901932459853
1,1,block_2,2,Provo_ID3,1,1082624,1262509,1,gaze_data,1741885909244,192.58849620819092,346.28015607595444,1741885909231.5,0.06126732604021255
1,1,block_2,2,Provo_ID3,1,1082624,1262509,1,gaze_data,1741885909279,306.73006772994995,332.1995496749878,1741885909264.7002,0.15957485802072502
1,1,block_2,2,Provo_ID3,1,1082624,1262509,1,gaze_data,1741885909311,384.29716527462006,308.7669298052788,1741885909297.2002,0.13661956322460603
1,1,block_2,2,Provo_ID3,1,1082624,1262509,1,gaze_data,1741885909345,400.93786120414734,301.7124593257904,1741885909330.7002,0.08772260532463899
1,1,block_2,2,Provo_ID3,1,1082624,1262509,1,gaze_data,1741885909378,473.88620376586914,323.2332453131676,1741885909364.2002,0.3502618517821838
1,1,block_2,2,Provo_ID3,1,1082624,1262509,1,gaze_data,1741885909412,471.39570116996765,326.1156886816025,1741885909404.1,0.4026009204938531
1,1,block_2,2,Provo_ID3,1,1082624,1262509,1,gaze_data,1741885909444,446.9797730445862,308.2774490118027,1741885909429.5,0.3900256491448048
1,1,block_2,2,Provo_ID3,1,1082624,1262509,1,gaze_data,1741885909474,461.6532504558563,314.24054354429245,1741885909464.5,0.4232592378974864
1,1,block_2,2,Provo_ID3,1,1082624,1262509,1,gaze_data,1741885909507,524.3820071220398,311.02287620306015,1741885909502.8,0.6070291071583044
1,1,block_2,2,Provo_ID3,1,1082624,1262509,1,gaze_data,1741885909549,635.3520154953003,344.03081089258194,1741885909530.1,0.48417574913645717
1,1,block_2,2,Provo_ID3,1,1082624,1262509,1,gaze_data,1741885909582,645.7177400588989,339.68902230262756,1741885909563.5,0.33685003933802166
1,1,block_2,2,Provo_ID3,1,1082624,1262509,1,gaze_data,1741885909617,639.0297889709473,361.03660464286804,1741885909596.7002,0.5458716161351411
1,1,block_2,2,Provo_ID3,1,1082624,1262509,1,gaze_data,1741885909650,628.5002946853638,363.2310092449188,1741885909629.9001,0.5100874837599286
1,1,block_2,2,Provo_ID3,1,1082624,1262509,1,gaze_data,1741885909679,624.6667861938477,361.6969048976898,1741885909663.1,0.5100874837599286
1,1,block_2,2,Provo_ID3,1,1082624,1262509,1,gaze_data,1741885909719,619.7501420974731,336.7614284157753,1741885909697.3,0.6396600754922154
1,1,block_2,2,Provo_ID3,1,1082624,1262509,1,gaze_data,1741885909755,621.1282253265381,346.6243728995323,1741885909732.3,0.710656763146384
1,1,block_2,2,Provo_ID3,1,1082624,1262509,1,gaze_data,1741885909789,609.7820520401001,337.691231071949,1741885909762.3,0.642246623825862
1,1,block_2,2,Provo_ID3,1,1082624,1262509,1,gaze_data,1741885909817,563.0816221237183,421.8494951725006,1741885909795.8,0.6130453576082666
1,1,block_2,2,Provo_ID3,1,1082624,1262509,1,gaze_data,1741885909851,360.4711353778839,410.76690554618835,1741885909829.7002,0.09879357928358926
1,1,block_2,2,Provo_ID3,1,1082624,1262509,1,gaze_data,1741885909889,327.59416699409485,380.90810775756836,1741885909863,0
1,1,block_2,2,Provo_ID3,1,1082624,1262509,1,gaze_data,1741885909917,326.1350095272064,370.2135741710663,1741885909895.5,0.004879206714707605
1,1,block_2,2,Provo_ID3,1,1082624,1262509,1,gaze_data,1741885909950,331.1129033565521,372.6573348045349,1741885909930.2002,0.04857391602583733
1,1,block_2,2,Provo_ID3,1,1082624,1262509,1,gaze_data,1741885909978,340.9563362598419,376.868999004364,1741885909963,0.03607192478162224
1,1,block_2,2,Provo_ID3,1,1082624,1262509,1,gaze_data,1741885910012,336.5225911140442,390.20440578460693,1741885909996.3,0.0961069957108613
1,1,block_2,2,Provo_ID3,1,1082624,1262509,1,gaze_data,1741885910045,323.3368515968323,379.30399775505066,1741885910030,0.15350699771157103
1,1,block_2,2,Provo_ID3,1,1082624,1262509,1,gaze_data,1741885910083,344.2183494567871,381.45456314086914,1741885910062.4001,0.21478749764546642
1,1,block_2,2,Provo_ID3,1,1082624,1262509,1,gaze_data,1741885910122,487.8110945224762,424.9088525772095,1741885910096.3,0.2429777651169289
1,1,block_2,2,Provo_ID3,1,1082624,1262509,1,gaze_data,1741885910154,509.94428396224976,413.2082521915436,1741885910129.7002,0.13597441327654944
1,1,block_2,2,Provo_ID3,1,1082624,1262509,1,gaze_data,1741885910184,493.4024214744568,406.85922503471375,1741885910166.3,0.1878180275887506
1,1,block_2,2,Provo_ID3,1,1082624,1262509,1,gaze_data,1741885910217,496.04151248931885,409.05842781066895,1741885910196.2002,0.33313467338034813
1,1,block_2,2,Provo_ID3,1,1082624,1262509,1,gaze_data,1741885910252,501.14437341690063,399.5733916759491,1741885910229.2002,0.19884681708090043
1,1,block_2,2,Provo_ID3,1,1082624,1262509,1,gaze_data,1741885910288,503.9476990699768,383.9309573173523,1741885910265.4001,0.3988998973722151
1,1,block_2,2,Provo_ID3,1,1082624,1262509,1,gaze_data,1741885910322,494.91134881973267,401.6405701637268,1741885910296.7002,0.2765446530530533
1,1,block_2,2,Provo_ID3,1,1082624,1262509,1,gaze_data,1741885910349,491.19274616241455,390.49500823020935,1741885910329.8,0.31928522268950305
1,1,block_2,2,Provo_ID3,1,1082624,1262509,1,gaze_data,1741885910383,508.40519666671753,395.661062002182,1741885910363.8,0.40432883633557576
1,1,block_2,2,Provo_ID3,1,1082624,1262509,1,gaze_data,1741885910417,567.8207874298096,401.0020852088928,1741885910397.1,0.31589988639514455
1,1,block_2,2,Provo_ID3,1,1082624,1262509,1,gaze_data,1741885910450,564.2795443534851,392.77917742729187,1741885910428.6,0.2952550400629727
1,1,block_2,2,Provo_ID3,1,1082624,1262509,1,gaze_data,1741885910485,562.7942800521851,419.72914934158325,1741885910462.5,0.3619211538174507
1,1,block_2,2,Provo_ID3,1,1082624,1262509,1,gaze_data,1741885910515,563.6458992958069,392.2610938549042,1741885910497.2002,0.47485962241621754
1,1,block_2,2,Provo_ID3,1,1082624,1262509,1,gaze_data,1741885910550,577.4173378944397,403.53859066963196,1741885910528.5,0.42344161516097434
1,1,block_2,2,Provo_ID3,1,1082624,1262509,1,gaze_data,1741885910583,535.0486993789673,363.0986124277115,1741885910562.9001,0.50963676966215
1,1,block_2,2,Provo_ID3,1,1082624,1262509,1,gaze_data,1741885910617,404.9333818256855,229.29874286055565,1741885910595.2002,0.5483370579340792
1,1,block_2,2,Provo_ID3,1,1082624,1262509,1,gaze_data,1741885910650,354.2246788740158,194.87216174602509,1741885910630.2002,0.6627585367234147
1,1,block_2,2,Provo_ID3,1,1082624,1262509,1,gaze_data,1741885910683,348.39736223220825,159.25121903419495,1741885910663,1
1,1,block_2,2,Provo_ID3,1,1082624,1262509,1,gaze_data,1741885910716,360.11672019958496,147.81000316143036,1741885910696.2002,1
1,1,block_2,2,Provo_ID3,1,1082624,1262509,1,gaze_data,1741885910749,362.74232268333435,152.99517512321472,1741885910729.7002,1
1,1,block_2,2,Provo_ID3,1,1082624,1262509,1,gaze_data,1741885910784,272.16876745224,164.0520080924034,1741885910763.3,1
1,1,block_2,2,Provo_ID3,1,1082624,1262509,1,gaze_data,1741885910817,244.02377605438232,138.24612498283386,1741885910796.1,1
1,1,block_2,2,Provo_ID3,1,1082624,1262509,1,gaze_data,1741885910850,217.96547174453735,137.52285987138748,1741885910829.4001,1
1,1,block_2,2,Provo_ID3,1,1082624,1262509,1,gaze_data,1741885910878,220.2736735343933,139.2029657959938,1741885910863.4001,1
1,1,block_2,2,Provo_ID3,1,1082624,1262509,1,gaze_data,1741885910912,238.04762363433838,125.07520467042923,1741885910895.6,1
1,1,block_2,2,Provo_ID3,1,1082624,1262509,1,gaze_data,1741885910950,225.96150636672974,137.29572892189026,1741885910929.7002,1
1,1,block_2,2,Provo_ID3,1,1082624,1262509,1,gaze_data,1741885910984,231.75525665283203,122.41472154855728,1741885910963.2002,1
1,1,block_2,2,Provo_ID3,1,1082624,1262509,1,gaze_data,1741885911010,228.26802730560303,116.33643358945847,1741885910996.1,1
1,1,block_2,2,Provo_ID3,1,1082624,1262509,1,gaze_data,1741885911054,251.84515714645386,108.41835886240005,1741885911029.1,1
1,1,block_2,2,Provo_ID3,1,1082624,1262509,1,gaze_data,1741885911083,241.57906770706177,111.64805144071579,1741885911061.8,1
1,1,block_2,2,Provo_ID3,1,1082624,1262509,1,gaze_data,1741885911115,390.53727462887764,108.3293542265892,1741885911096.7002,1
1,1,block_2,2,Provo_ID3,1,1082624,1262509,1,gaze_data,1741885911143,469.6338951587677,111.25375181436539,1741885911129.3,1
1,1,block_2,2,Provo_ID3,1,1082624,1262509,1,gaze_data,1741885911184,492.6521897315979,106.12590461969376,1741885911162,1
1,1,block_2,2,Provo_ID3,1,1082624,1262509,1,gaze_data,1741885911212,478.94129157066345,128.08337658643723,1741885911196.1,1
1,1,block_2,2,Provo_ID3,1,1082624,1262509,1,gaze_data,1741885911250,478.6477863788605,102.92358547449112,1741885911229.4001,1
1,1,block_2,2,Provo_ID3,1,1082624,1262509,1,gaze_data,1741885911285,496.2523341178894,101.67839974164963,1741885911262.6,1
1,1,block_2,2,Provo_ID3,1,1082624,1262509,1,gaze_data,1741885911317,575.2142429351807,108.30531865358353,1741885911295.3,1
1,1,block_2,2,Provo_ID3,1,1082624,1262509,1,gaze_data,1741885911350,609.5837354660034,121.06714993715286,1741885911329.8,1
1,1,block_2,2,Provo_ID3,1,1082624,1262509,1,gaze_data,1741885911383,644.4144487380981,124.5593711733818,1741885911362.5,1
1,1,block_2,2,Provo_ID3,1,1082624,1262509,1,gaze_data,1741885911410,612.6753568649292,115.40962606668472,1741885911395.8,1
1,1,block_2,2,Provo_ID3,1,1082624,1262509,1,gaze_data,1741885911445,484.972220659256,137.55002468824387,1741885911432.9001,1
1,1,block_2,2,Provo_ID3,1,1082624,1262509,1,gaze_data,1741885911478,388.79003524780273,173.49786162376404,1741885911463.9001,1
1,1,block_2,2,Provo_ID3,1,1082624,1262509,1,gaze_data,1741885911512,387.57954984903336,181.3499465584755,1741885911496.4001,1
1,1,block_2,2,Provo_ID3,1,1082624,1262509,1,gaze_data,1741885911543,400.72167217731476,155.8364987373352,1741885911529.6,1
1,1,block_2,2,Provo_ID3,1,1082624,1262509,1,gaze_data,1741885911578,394.46360617876053,169.3948268890381,1741885911564.8,1
1,1,block_2,2,Provo_ID3,1,1082624,1262509,1,gaze_data,1741885911612,367.1394020318985,158.43202024698257,1741885911596,1
1,1,block_2,2,Provo_ID3,1,1082624,1262509,1,gaze_data,1741885911646,331.613427400589,198.87898713350296,1741885911630.3,1
1,1,block_2,2,Provo_ID3,1,1082624,1262509,1,gaze_data,1741885911679,246.40562534332275,203.79249975085258,1741885911663,1
1,1,block_2,2,Provo_ID3,1,1082624,1262509,1,gaze_data,1741885911712,263.41904401779175,199.5442420244217,1741885911696.2002,1
1,1,block_2,2,Provo_ID3,1,1082624,1262509,1,gaze_data,1741885911745,242.3566222190857,211.41280084848404,1741885911729.2002,1
1,1,block_2,2,Provo_ID3,1,1082624,1262509,1,gaze_data,1741885911779,251.7733097076416,192.0087695121765,1741885911762.4001,1
1,1,block_2,2,Provo_ID3,1,1082624,1262509,1,gaze_data,1741885911817,250.8899211883545,207.94120654463768,1741885911796.7002,1
1,1,block_2,2,Provo_ID3,1,1082624,1262509,1,gaze_data,1741885911850,252.46236324310303,209.14672166109085,1741885911828.1,1
1,1,block_2,2,Provo_ID3,1,1082624,1262509,1,gaze_data,1741885911883,225.24396181106567,281.2274530529976,1741885911862.6,1
1,1,block_2,2,Provo_ID3,1,1082624,1262509,1,gaze_data,1741885911917,225.79742670059204,318.5412347316742,1741885911895.1,1
1,1,block_2,2,Provo_ID3,1,1082624,1262509,1,gaze_data,1741885911949,249.60172176361084,347.04767763614655,1741885911929,1
1,1,block_2,2,Provo_ID3,1,1082624,1262509,1,gaze_data,1741885911984,282.1861267089844,367.43632555007935,1741885911963.3,0.7915144412044071
1,1,block_2,2,Provo_ID3,1,1082624,1262509,1,gaze_data,1741885912016,283.8989853858948,379.30253744125366,1741885911994.7002,0.29082485875982117
1,1,block_2,2,Provo_ID3,1,1082624,1262509,1,gaze_data,1741885912050,269.8742866516113,374.5524197816849,1741885912029.5,0.2504780296471411
1,1,block_2,2,Provo_ID3,1,1082624,1262509,1,gaze_data,1741885912080,260.32549142837524,352.62509286403656,1741885912062.2002,0.19203504041662178
1,1,block_2,2,Provo_ID3,1,1082624,1262509,1,gaze_data,1741885912112,353.95605862140656,396.4133024215698,1741885912094.7002,0.19538383193206244
1,1,block_2,2,Provo_ID3,1,1082624,1262509,1,gaze_data,1741885912145,387.4856725335121,410.7471764087677,1741885912129.7002,0.30242698464000245
1,1,block_2,2,Provo_ID3,1,1082624,1262509,1,gaze_data,1741885912177,373.07634353637695,389.0218496322632,1741885912162.2002,0.15348662788893233
1,1,block_2,2,Provo_ID3,1,1082624,1262509,1,gaze_data,1741885912212,373.6475795507431,378.7835896015167,1741885912197.4001,0.2620993497875698
1,1,block_2,2,Provo_ID3,1,1082624,1262509,1,gaze_data,1741885912245,390.26461243629456,378.18483114242554,1741885912229.1,0.19069358993542498
1,1,block_2,2,Provo_ID3,1,1082624,1262509,1,gaze_data,1741885912278,381.9242596626282,385.1058542728424,1741885912263,0.11544068630264441
1,1,block_2,2,Provo_ID3,1,1082624,1262509,1,gaze_data,1741885912312,489.7885799407959,384.79164838790894,1741885912295.6,0.16414531019103176
1,1,block_2,2,Provo_ID3,1,1082624,1262509,1,gaze_data,1741885912345,485.6582701206207,367.4447000026703,1741885912329.9001,0.21848472699460056
1,1,block_2,2,Provo_ID3,1,1082624,1262509,1,gaze_data,1741885912380,508.09940099716187,371.4766263961792,1741885912363.4001,0.12324955207733151
1,1,block_2,2,Provo_ID3,1,1082624,1262509,1,gaze_data,1741885912412,495.79007625579834,367.13402569293976,1741885912396.1,0.3286135016484352
1,1,block_2,2,Provo_ID3,1,1082624,1262509,1,gaze_data,1741885912446,433.03317725658417,375.05990862846375,1741885912429.6,0.24173940421158155
1,1,block_2,2,Provo_ID3,1,1082624,1262509,1,gaze_data,1741885912479,224.02602434158325,405.74649572372437,1741885912462.8,0.25192637837177173
1,1,block_2,2,Provo_ID3,1,1082624,1262509,1,gaze_data,1741885912513,220.92444896697998,417.9580867290497,1741885912497.3,0.19680085650670207
1,1,block_2,2,Provo_ID3,1,1082624,1262509,1,gaze_data,1741885912542,201.46883726119995,386.6201400756836,1741885912529.5,0.23932057301812829
1,1,block_2,2,Provo_ID3,1,1082624,1262509,1,gaze_data,1741885912574,199.14541244506836,401.5662729740143,1741885912561.6,0.33140224610003166
1,1,block_2,2,Provo_ID3,1,1082624,1262509,1,gaze_data,1741885912617,192.06640720367432,386.8225574493408,1741885912594.9001,0.32344081386419987
1,1,block_2,2,Provo_ID3,1,1082624,1262509,1,gaze_data,1741885912653,188.57908248901367,380.92530369758606,1741885912628.9001,0.34062636329547985
1,1,block_2,2,Provo_ID3,1,1082624,1262509,1,gaze_data,1741885912689,202.05575227737427,383.7495505809784,1741885912662.5,0.40580126733218613
1,1,block_2,2,Provo_ID3,1,1082624,1262509,1,gaze_data,1741885912713,212.86306381225586,390.77187180519104,1741885912695.5,0.40580126733218613
1,1,block_2,2,Provo_ID3,1,1082624,1262509,1,gaze_data,1741885912751,321.97169065475464,356.5327435731888,1741885912729.7002,0.46945086300974836
1,1,block_2,2,Provo_ID3,1,1082624,1262509,1,gaze_data,1741885912784,399.1585969924927,329.1091978549957,1741885912761.9001,0.21042808337741656
1,1,block_2,2,Provo_ID3,1,1082624,1262509,1,gaze_data,1741885912818,421.2006628513336,325.17993301153183,1741885912795.3,0.49751822707663373
1,1,block_2,2,Provo_ID3,1,1082624,1262509,1,gaze_data,1741885912841,425.0518411397934,323.089724779129,1741885912829.2002,0.49751822707663373
1,1,block_2,2,Provo_ID3,1,1082624,1262509,1,gaze_data,1741885912884,427.90238857269287,315.2559459209442,1741885912862.3,0.6065208628396366
1,1,block_2,2,Provo_ID3,1,1082624,1262509,1,gaze_data,1741885912916,424.1224139928818,314.96136486530304,1741885912897.5,0.7358873967116311
1,1,block_2,2,Provo_ID3,1,1082624,1262509,1,gaze_data,1741885912950,425.06273090839386,317.1679586172104,1741885912928.6,0.6934529504647352
1,1,block_2,2,Provo_ID3,1,1082624,1262509,1,gaze_data,1741885912984,425.04388093948364,310.5303406715393,1741885912962.7002,0.6905216459257733
1,1,block_2,2,Provo_ID3,1,1082624,1262509,1,gaze_data,1741885913008,419.31663751602173,308.54640007019043,1741885912995.1,0.6905216459257733
1,1,block_2,2,Provo_ID3,1,1082624,1262509,1,gaze_data,1741885913050,420.6292986869812,308.6586281657219,1741885913028.9001,0.7606294076733107
1,1,block_2,2,Provo_ID3,1,1082624,1262509,1,gaze_data,1741885913084,351.77272856235504,213.45083639025688,1741885913062.3,0.8807775026652735
1,1,block_2,2,Provo_ID3,1,1082624,1262509,1,gaze_data,1741885913122,280.7181477546692,202.65838354825974,1741885913095.1,0.8409452027667266
1,1,block_2,2,Provo_ID3,1,1082624,1262509,1,gaze_data,1741885913146,290.52780866622925,182.6178416609764,1741885913128.4001,0.8409452027667266
1,1,block_2,2,Provo_ID3,1,1082624,1262509,1,gaze_data,1741885913185,277.6905059814453,180.0739899277687,1741885913162.3,1
1,1,block_2,2,Provo_ID3,1,1082624,1262509,1,gaze_data,1741885913217,269.1575050354004,186.29204332828522,1741885913197.2002,1
1,1,block_2,2,Provo_ID3,1,1082624,1262509,1,gaze_data,1741885913250,267.59228706359863,175.28813183307648,1741885913228.5,1
1,1,block_2,2,Provo_ID3,1,1082624,1262509,1,gaze_data,1741885913282,217.50470399856567,165.35621732473373,1741885913261.7002,1
1,1,block_2,2,Provo_ID3,1,1082624,1262509,1,gaze_data,1741885913313,194.61777210235596,155.23980408906937,1741885913295.4001,1
1,1,block_2,2,Provo_ID3,1,1082624,1262509,1,gaze_data,1741885913347,219.3041443824768,195.51255777478218,1741885913329,1
1,1,block_2,2,Provo_ID3,1,1082624,1262509,1,gaze_data,1741885913377,198.6987590789795,168.71625781059265,1741885913361.7002,1
1,1,block_2,2,Provo_ID3,1,1082624,1262509,1,gaze_data,1741885913410,214.74164724349976,153.37055772542953,1741885913394.9001,1
1,1,block_2,2,Provo_ID3,1,1082624,1262509,1,gaze_data,1741885913449,201.22004747390747,166.98226183652878,1741885913428.8,1
1,1,block_2,2,Provo_ID3,1,1082624,1262509,1,gaze_data,1741885913478,206.53977394104004,156.76626414060593,1741885913461.6,0.9988688312818375
1,1,block_2,2,Provo_ID3,1,1082624,1262509,1,gaze_data,1741885913514,220.35857439041138,169.86122578382492,1741885913494.2002,1
1,1,block_2,2,Provo_ID3,1,1082624,1262509,1,gaze_data,1741885913550,361.1194431781769,148.46648126840591,1741885913530.9001,1
1,1,block_2,2,Provo_ID3,1,1082624,1262509,1,gaze_data,1741885913583,447.54112362861633,196.28640115261078,1741885913560.6,1
1,1,block_2,2,Provo_ID3,1,1082624,1262509,1,gaze_data,1741885913614,423.748904466629,152.57480591535568,1741885913594.9001,1
1,1,block_2,2,Provo_ID3,1,1082624,1262509,1,gaze_data,1741885913645,426.94702446460724,148.02464693784714,1741885913629.8,1
1,1,block_2,2,Provo_ID3,1,1082624,1262509,1,gaze_data,1741885913678,436.9983732700348,139.01634365320206,1741885913662.5,1
1,1,block_2,2,Provo_ID3,1,1082624,1262509,1,gaze_data,1741885913711,448.80587458610535,145.40365189313889,1741885913695,1
1,1,block_2,2,Provo_ID3,1,1082624,1262509,1,gaze_data,1741885913751,441.6731297969818,150.1008778810501,1741885913727.7002,1
1,1,block_2,2,Provo_ID3,1,1082624,1262509,1,gaze_data,1741885913783,472.71294593811035,161.32607907056808,1741885913761.9001,1
1,1,block_2,2,Provo_ID3,1,1082624,1262509,1,gaze_data,1741885913816,507.7207565307617,150.0817969441414,1741885913794.8,1
1,1,block_2,2,Provo_ID3,1,1082624,1262509,1,gaze_data,1741885913849,510.314404964447,162.64162808656693,1741885913828.1,1
1,1,block_2,2,Provo_ID3,1,1082624,1262509,1,gaze_data,1741885913882,444.97222900390625,185.1924642920494,1741885913861.5,1
1,1,block_2,2,Provo_ID3,1,1082624,1262509,1,gaze_data,1741885913917,234.41787958145142,180.29697835445404,1741885913895.7002,1
1,1,block_2,2,Provo_ID3,1,1082624,1262509,1,gaze_data,1741885913950,174.54400062561035,200.71294754743576,1741885913928.1,1
1,1,block_2,2,Provo_ID3,1,1082624,1262509,1,gaze_data,1741885913983,165.83447456359863,221.69433385133743,1741885913960.6,1
1,1,block_2,2,Provo_ID3,1,1082624,1262509,1,gaze_data,1741885914014,181.0720920562744,208.24678093194962,1741885913995,1
1,1,block_2,2,Provo_ID3,1,1082624,1262509,1,gaze_data,1741885914049,172.43120670318604,246.0893340408802,1741885914028.2002,1
1,1,block_2,2,Provo_ID3,1,1082624,1262509,1,gaze_data,1741885914082,173.29397201538086,230.95136359333992,1741885914060.3,1
1,1,block_2,2,Provo_ID3,1,1082624,1262509,1,gaze_data,1741885914115,160.29293537139893,237.1345166116953,1741885914094.6,1
1,1,block_2,2,Provo_ID3,1,1082624,1262509,1,gaze_data,1741885914147,163.3819818496704,231.60016387701035,1741885914128.8,1
1,1,block_2,2,Provo_ID3,1,1082624,1262509,1,gaze_data,1741885914182,185.575270652771,233.1889145076275,1741885914161.4001,1
1,1,block_2,2,Provo_ID3,1,1082624,1262509,1,gaze_data,1741885914210,184.66057777404785,218.62699687480927,1741885914193.9001,1
1,1,block_2,2,Provo_ID3,1,1082624,1262509,1,gaze_data,1741885914244,185.19885540008545,239.49799723923206,1741885914228.4001,1
1,1,block_2,2,Provo_ID3,1,1082624,1262509,1,gaze_data,1741885914277,299.95453357696533,242.5737515091896,1741885914261.3,1
1,1,block_2,2,Provo_ID3,1,1082624,1262509,1,gaze_data,1741885914313,359.7426027059555,219.34571713209152,1741885914295.1,1
1,1,block_2,2,Provo_ID3,1,1082624,1262509,1,gaze_data,1741885914344,383.095121383667,231.72213733196259,1741885914328.1,1
1,1,block_2,2,Provo_ID3,1,1082624,1262509,1,gaze_data,1741885914380,362.7596288919449,247.57542312145233,1741885914362.1,1
1,1,block_2,2,Provo_ID3,1,1082624,1262509,1,gaze_data,1741885914411,421.07974886894226,341.9884502887726,1741885914394.7002,1
1,1,block_2,2,Provo_ID3,1,1082624,1262509,1,gaze_data,1741885914447,588.3019924163818,258.59850123524666,1741885914428.1,1
1,1,block_2,2,Provo_ID3,1,1082624,1262509,1,gaze_data,1741885914485,439.5589590072632,288.633993268013,1741885914461.5,0
1,1,block_2,2,Provo_ID3,1,1082624,1262509,1,gaze_data,1741885914517,523.614490032196,335.6560751795769,1741885914494.7002,0
1,1,block_2,2,Provo_ID3,1,1082624,1262509,1,gaze_data,1741885914551,568.3629751205444,307.3872685432434,1741885914528,0
1,1,block_2,2,Provo_ID3,1,1082624,1262509,1,gaze_data,1741885914575,541.1621570587158,348.3769431710243,1741885914561.2002,0
1,1,block_2,2,Provo_ID3,1,1082624,1262509,1,gaze_data,1741885914617,554.7664880752563,328.0680760741234,1741885914594.5,0.2688428330372485
1,1,block_2,2,Provo_ID3,1,1082624,1262509,1,gaze_data,1741885914645,527.1573185920715,289.03982639312744,1741885914628,0.5422068543958155
1,1,block_2,2,Provo_ID3,1,1082624,1262509,1,gaze_data,1741885914675,533.0153346061707,280.65018579363823,1741885914661.5,0.5668858456337553
1,1,block_2,2,Provo_ID3,1,1082624,1262509,1,gaze_data,1741885914713,518.6428666114807,271.5712174773216,1741885914694.8,0.5810145564378658
1,1,block_2,2,Provo_ID3,1,1082624,1262509,1,gaze_data,1741885914748,491.4367437362671,303.6411985754967,1741885914727.3,0.5790287021377685
1,1,block_2,2,Provo_ID3,1,1082624,1262509,1,gaze_data,1741885914778,263.932466506958,347.06193804740906,1741885914761.1,0.7774635085474606
1,1,block_2,2,Provo_ID3,1,1082624,1262509,1,gaze_data,1741885914817,212.96310424804688,338.37894201278687,1741885914794.4001,0.9494208015307692
1,1,block_2,2,Provo_ID3,1,1082624,1262509,1,gaze_data,1741885914849,211.83990240097046,345.3661039471626,1741885914828.4001,0.9974664429917395
1,1,block_2,2,Provo_ID3,1,1082624,1262509,1,gaze_data,1741885914879,203.38330268859863,339.6446242928505,1741885914860.9001,1
1,1,block_2,2,Provo_ID3,1,1082624,1262509,1,gaze_data,1741885914912,213.37848901748657,330.89849948883057,1741885914893.7002,1
1,1,block_2,2,Provo_ID3,1,1082624,1262509,1,gaze_data,1741885914940,223.76468181610107,328.4020856022835,1741885914927.9001,1
1,1,block_2,2,Provo_ID3,1,1082624,1262509,1,gaze_data,1741885914976,222.90290594100952,350.26577711105347,1741885914961,1
1,1,block_2,2,Provo_ID3,1,1082624,1262509,1,gaze_data,1741885915006,217.36842393875122,335.03945022821426,1741885914994.9001,1
1,1,block_2,2,Provo_ID3,1,1082624,1262509,1,gaze_data,1741885915041,205.5236577987671,329.45740818977356,1741885915028.3,1
1,1,block_2,2,Provo_ID3,1,1082624,1262509,1,gaze_data,1741885915089,232.1571707725525,314.52173590660095,1741885915067.9001,1
1,1,block_2,2,Provo_ID3,1,1082624,1262509,1,gaze_data,1741885915109,399.3493791669607,296.27659022808075,1741885915094.3,1
1,1,block_2,2,Provo_ID3,1,1082624,1262509,1,gaze_data,1741885915149,494.10903453826904,315.3489887714386,1741885915127.7002,0.8739220004213492
1,1,block_2,2,Provo_ID3,1,1082624,1262509,1,gaze_data,1741885915186,485.2505564689636,322.19063341617584,1741885915161.2002,0.6783606216597119
1,1,block_2,2,Provo_ID3,1,1082624,1262509,1,gaze_data,1741885915215,489.10810947418213,323.045289516449,1741885915194.3,0.7195332744741282
1,1,block_2,2,Provo_ID3,1,1082624,1262509,1,gaze_data,1741885915249,488.9194071292877,326.8545925617218,1741885915227.6,0.7750949355857886
1,1,block_2,2,Provo_ID3,1,1082624,1262509,1,gaze_data,1741885915277,488.80470991134644,327.01191902160645,1741885915260.8,0.7147155439059127
1,1,block_2,2,Provo_ID3,1,1082624,1262509,1,gaze_data,1741885915315,489.8165464401245,328.69886457920074,1741885915295.3,0.7889743138434091
1,1,block_2,2,Provo_ID3,1,1082624,1262509,1,gaze_data,1741885915348,500.02992153167725,332.948400080204,1741885915327.7002,0.7676363251021412
1,1,block_2,2,Provo_ID3,1,1082624,1262509,1,gaze_data,1741885915375,496.3935971260071,311.6304934024811,1741885915361,0.7877283669677397
1,1,block_2,2,Provo_ID3,1,1082624,1262509,1,gaze_data,1741885915420,490.7650053501129,310.36064624786377,1741885915395.5,0.7262719130342608
1,1,block_2,2,Provo_ID3,1,1082624,1262509,1,gaze_data,1741885915447,478.9965867996216,309.5700204372406,1741885915427.6,0.8626233560281222
1,1,block_2,2,Provo_ID3,1,1082624,1262509,1,gaze_data,1741885915481,481.3034236431122,289.63076174259186,1741885915460.7002,0.8248148275273479
1,1,block_2,2,Provo_ID3,1,1082624,1262509,1,gaze_data,1741885915516,471.01675271987915,304.5140862464905,1741885915495.4001,0.7607022630964027
1,1,block_2,2,Provo_ID3,1,1082624,1262509,1,gaze_data,1741885915549,560.7098579406738,284.75813418626785,1741885915528.2002,0.7344690461142602
1,1,block_2,2,Provo_ID3,1,1082624,1262509,1,gaze_data,1741885915581,543.835985660553,311.7128372192383,1741885915559.9001,0.6793497306571656
1,1,block_2,2,Provo_ID3,1,1082624,1262509,1,gaze_data,1741885915612,554.2442798614502,304.16316390037537,1741885915593.5,0.8010090810945694
1,1,block_2,2,Provo_ID3,1,1082624,1262509,1,gaze_data,1741885915650,551.9100785255432,294.256916642189,1741885915629,0.7272502147213307
1,1,block_2,2,Provo_ID3,1,1082624,1262509,1,gaze_data,1741885915682,546.2128043174744,296.28405570983887,1741885915660.8,0.8053931157193146
1,1,block_2,2,Provo_ID3,1,1082624,1262509,1,gaze_data,1741885915716,555.6751370429993,289.8050829768181,1741885915694,0.843067871218893
1,1,block_2,2,Provo_ID3,1,1082624,1262509,1,gaze_data,1741885915751,549.8647689819336,297.81292974948883,1741885915727.3,0.757812310833418
1,1,block_2,2,Provo_ID3,1,1082624,1262509,1,gaze_data,1741885915777,519.412362575531,298.9155113697052,1741885915764.1,0.7713783103409457
1,1,block_2,2,Provo_ID3,1,1082624,1262509,1,gaze_data,1741885915811,526.9258260726929,293.35898756980896,1741885915793.1,0.8733748328095152
1,1,block_2,2,Provo_ID3,1,1082624,1262509,1,gaze_data,1741885915844,521.6798901557922,267.3785448074341,1741885915827.4001,0.8362761794385842
1,1,block_2,2,Provo_ID3,1,1082624,1262509,1,gaze_data,1741885915877,525.7844090461731,279.8265278339386,1741885915861.9001,0.8891611236022223
1,1,block_2,2,Provo_ID3,1,1082624,1262509,1,gaze_data,1741885915913,503.84654998779297,269.5105545222759,1741885915899,0.7644557503021261
1,1,block_2,2,Provo_ID3,1,1082624,1262509,1,gaze_data,1741885915945,520.9710955619812,269.6748100221157,1741885915927.9001,0.8854720059544356
1,1,block_2,2,Provo_ID3,1,1082624,1262509,1,gaze_data,1741885915978,465.09379148483276,272.3194122314453,1741885915961,0.9146754721206345
1,1,block_2,2,Provo_ID3,1,1082624,1262509,1,gaze_data,1741885916010,496.9556927680969,210.51297560334206,1741885915994.8,0.6507068307853028
1,1,block_2,2,Provo_ID3,1,1082624,1262509,1,gaze_data,1741885916048,463.6050045490265,185.73105931282043,1741885916031.6,0.8036279490862783
1,1,block_2,2,Provo_ID3,1,1082624,1262509,1,gaze_data,1741885916078,442.019459605217,185.67429333925247,1741885916060.2002,1
1,1,block_2,2,Provo_ID3,1,1082624,1262509,1,gaze_data,1741885916117,446.4547634124756,174.99530166387558,1741885916094.7002,1
1,1,block_2,2,Provo_ID3,1,1082624,1262509,1,gaze_data,1741885916150,431.5827488899231,182.63719826936722,1741885916127.1,1
1,1,block_2,2,Provo_ID3,1,1082624,1262509,1,gaze_data,1741885916174,318.96029114723206,196.3030308485031,1741885916160.8,1
1,1,block_2,2,Provo_ID3,1,1082624,1262509,1,gaze_data,1741885916215,297.91334867477417,165.7568797469139,1741885916194.4001,1
1,1,block_2,2,Provo_ID3,1,1082624,1262509,1,gaze_data,1741885916248,292.90329217910767,171.95259630680084,1741885916230.4001,1
1,1,block_2,2,Provo_ID3,1,1082624,1262509,1,gaze_data,1741885916284,316.53767228126526,171.07681781053543,1741885916260.6,1
1,1,block_2,2,Provo_ID3,1,1082624,1262509,1,gaze_data,1741885916312,306.96982741355896,172.49393314123154,1741885916293.8,1
1,1,block_2,2,Provo_ID3,1,1082624,1262509,1,gaze_data,1741885916351,295.8038926124573,171.5135708451271,1741885916327.6,1
1,1,block_2,2,Provo_ID3,1,1082624,1262509,1,gaze_data,1741885916383,277.0361065864563,189.65285867452621,1741885916360.6,1
1,1,block_2,2,Provo_ID3,1,1082624,1262509,1,gaze_data,1741885916416,175.46908855438232,208.56961831450462,1741885916394,1
1,1,block_2,2,Provo_ID3,1,1082624,1262509,1,gaze_data,1741885916444,187.50238418579102,203.30945253372192,1741885916427.1,1
1,1,block_2,2,Provo_ID3,1,1082624,1262509,1,gaze_data,1741885916484,224.40193891525269,157.03311413526535,1741885916461.5,1
1,1,block_2,2,Provo_ID3,1,1082624,1262509,1,gaze_data,1741885916517,198.34046363830566,133.65064412355423,1741885916497,1
1,1,block_2,2,Provo_ID3,1,1082624,1262509,1,gaze_data,1741885916550,205.85691928863525,148.75890165567398,1741885916527.3,1
1,1,block_2,2,Provo_ID3,1,1082624,1262509,1,gaze_data,1741885916586,196.40450477600098,140.42422026395798,1741885916560.8,1
1,1,block_2,2,Provo_ID3,1,1082624,1262509,1,gaze_data,1741885916617,199.6037244796753,169.22336667776108,1741885916596.5,1
1,1,block_2,2,Provo_ID3,1,1082624,1262509,1,gaze_data,1741885916650,171.35322093963623,226.70212611556053,1741885916627.1,1
1,1,block_2,2,Provo_ID3,1,1082624,1262509,1,gaze_data,1741885916684,179.11839485168457,243.76877434551716,1741885916660.3,1
1,1,block_2,2,Provo_ID3,1,1082624,1262509,1,gaze_data,1741885916712,167.9370403289795,247.61780761182308,1741885916694.7002,1
1,1,block_2,2,Provo_ID3,1,1082624,1262509,1,gaze_data,1741885916760,152.4089813232422,244.1820152103901,1741885916735,1
1,1,block_2,2,Provo_ID3,1,1082624,1262509,1,gaze_data,1741885916779,146.61929607391357,238.00079002976418,1741885916760.6,1
1,1,block_2,2,Provo_ID3,1,1082624,1262509,1,gaze_data,1741885916821,279.6925663948059,249.32685904204845,1741885916794.4001,1
1,1,block_2,2,Provo_ID3,1,1082624,1262509,1,gaze_data,1741885916851,359.84714925289154,219.42313611507416,1741885916826.8,1
1,1,block_2,2,Provo_ID3,1,1082624,1262509,1,gaze_data,1741885916887,350.4425495862961,230.2966307848692,1741885916865.2002,1
1,1,block_2,2,Provo_ID3,1,1082624,1262509,1,gaze_data,1741885916917,370.31933069229126,236.3966092467308,1741885916893.1,1
1,1,block_2,2,Provo_ID3,1,1082624,1262509,1,gaze_data,1741885916950,366.9887214899063,222.54051864147186,1741885916927.7002,1
1,1,block_2,2,Provo_ID3,1,1082624,1262509,1,gaze_data,1741885916989,361.1599773168564,233.81652534008026,1741885916960.3,1
1,1,block_2,2,Provo_ID3,1,1082624,1262509,1,gaze_data,1741885917017,350.82481503486633,233.8143665343523,1741885916992.9001,1
1,1,block_2,2,Provo_ID3,1,1082624,1262509,1,gaze_data,1741885917050,380.0103172659874,236.49866729974747,1741885917026.6,1
1,1,block_2,2,Provo_ID3,1,1082624,1262509,1,gaze_data,1741885917080,459.5708191394806,276.3954497873783,1741885917060.1,1
1,1,block_2,2,Provo_ID3,1,1082624,1262509,1,gaze_data,1741885917117,444.7939872741699,261.7577113211155,1741885917096.4001,0.7045275302902323
1,1,block_2,2,Provo_ID3,1,1082624,1262509,1,gaze_data,1741885917145,499.76738691329956,272.04931378364563,1741885917126.9001,0.9306896927892203
1,1,block_2,2,Provo_ID3,1,1082624,1262509,1,gaze_data,1741885917177,481.17071986198425,266.4881221950054,1741885917161.1,0.8594427510284022
1,1,block_2,2,Provo_ID3,1,1082624,1262509,1,gaze_data,1741885917212,486.55580282211304,271.0580475628376,1741885917193.6,0.8418982063630072
1,1,block_2,2,Provo_ID3,1,1082624,1262509,1,gaze_data,1741885917250,384.4078868627548,295.14375925064087,1741885917226.8,0.8725060886180129
1,1,block_2,2,Provo_ID3,1,1082624,1262509,1,gaze_data,1741885917284,340.05361795425415,322.4045917391777,1741885917260.2002,0.9454000034173927
1,1,block_2,2,Provo_ID3,1,1082624,1262509,1,gaze_data,1741885917317,338.64150643348694,318.9123183488846,1741885917293.3,0.8385775427313455
1,1,block_2,2,Provo_ID3,1,1082624,1262509,1,gaze_data,1741885917353,339.2467141151428,328.55793684720993,1741885917326.6,0.7104826196850372
1,1,block_2,2,Provo_ID3,1,1082624,1262509,1,gaze_data,1741885917383,334.4372034072876,339.03124779462814,1741885917359.8,0.913026028974649
1,1,block_2,2,Provo_ID3,1,1082624,1262509,1,gaze_data,1741885917412,326.4681398868561,341.58875644207,1741885917393.6,0.9163252838315801
1,1,block_2,2,Provo_ID3,1,1082624,1262509,1,gaze_data,1741885917444,328.64887714385986,340.2535304427147,1741885917426.8,0.8821681705135545
1,1,block_2,2,Provo_ID3,1,1082624,1262509,1,gaze_data,1741885917484,327.3178458213806,326.34515166282654,1741885917467.5,0.962136941209554
1,1,block_2,2,Provo_ID3,1,1082624,1262509,1,gaze_data,1741885917512,333.8025450706482,338.69553208351135,1741885917492.7002,0.900323503703079
1,1,block_2,2,Provo_ID3,1,1082624,1262509,1,gaze_data,1741885917550,322.83486127853394,332.5059473514557,1741885917526.6,0.8369311488923272
1,1,block_2,2,Provo_ID3,1,1082624,1262509,1,gaze_data,1741885917578,328.86606454849243,333.8462397456169,1741885917559.8,0.8469560601515269
1,1,block_2,2,Provo_ID3,1,1082624,1262509,1,gaze_data,1741885917613,319.00551319122314,333.23412239551544,1741885917593.1,0.9334880655617801
1,1,block_2,2,Provo_ID3,1,1082624,1262509,1,gaze_data,1741885917651,320.12142539024353,342.76003241539,1741885917626.6,0.9173986170211077
1,1,block_2,2,Provo_ID3,1,1082624,1262509,1,gaze_data,1741885917683,321.9969928264618,331.9644093513489,1741885917660,0.8862585140561272
1,1,block_2,2,Provo_ID3,1,1082624,1262509,1,gaze_data,1741885917711,319.87226605415344,334.38435792922974,1741885917692.3,0.9126454404121156
1,1,block_2,2,Provo_ID3,1,1082624,1262509,1,gaze_data,1741885917745,477.725487947464,298.87692481279373,1741885917726.9001,0.9380114105306561
1,1,block_2,2,Provo_ID3,1,1082624,1262509,1,gaze_data,1741885917784,525.2636790275574,323.779171705246,1741885917759.9001,0.48812689312235136
1,1,block_2,2,Provo_ID3,1,1082624,1262509,1,gaze_data,1741885917812,537.5969648361206,338.8983517885208,1741885917793.1,0.5641735167051972
1,1,block_2,2,Provo_ID3,1,1082624,1262509,1,gaze_data,1741885917844,529.8001885414124,311.07804775238037,1741885917826.6,0.6911312401006032
1,1,block_2,2,Provo_ID3,1,1082624,1262509,1,gaze_data,1741885917883,519.1111445426941,318.92181783914566,1741885917868.7002,0.501398923034967
1,1,block_2,2,Provo_ID3,1,1082624,1262509,1,gaze_data,1741885917914,519.2694902420044,325.77502578496933,1741885917893.4001,0.590569702332056
1,1,block_2,2,Provo_ID3,1,1082624,1262509,1,gaze_data,1741885917945,534.6521615982056,319.921737909317,1741885917926.6,0.432332759707959
1,1,block_2,2,Provo_ID3,1,1082624,1262509,1,gaze_data,1741885917978,535.4495525360107,340.8677265048027,1741885917960.4001,0.6359789457586533
1,1,block_2,2,Provo_ID3,1,1082624,1262509,1,gaze_data,1741885918022,524.1360425949097,334.06369984149933,1741885918003,0.6629952428301951
1,1,block_2,2,Provo_ID3,1,1082624,1262509,1,gaze_data,1741885918055,523.1372714042664,319.81701254844666,1741885918026.8,0.5234435657699346
1,1,block_2,2,Provo_ID3,1,1082624,1262509,1,gaze_data,1741885918089,530.1947355270386,321.7996418476105,1741885918059.8,0.6971920989035563
1,1,block_2,2,Provo_ID3,1,1082624,1262509,1,gaze_data,1741885918117,519.0850853919983,303.02003622055054,1741885918093.8,0.6104285129347238
1,1,block_2,2,Provo_ID3,1,1082624,1262509,1,gaze_data,1741885918149,456.2646508216858,281.0570918023586,1741885918125.8,0.6188552696600867
1,1,block_2,2,Provo_ID3,1,1082624,1262509,1,gaze_data,1741885918180,412.5294864177704,146.1089089512825,1741885918158.8,0.7237087923847213
1,1,block_2,2,Provo_ID3,1,1082624,1262509,1,gaze_data,1741885918217,377.0815461874008,162.50503659248352,1741885918197.6,0.8087918639039255
1,1,block_2,2,Provo_ID3,1,1082624,1262509,1,gaze_data,1741885918250,382.8282564878464,167.3191100358963,1741885918225.5,1
1,1,block_2,2,Provo_ID3,1,1082624,1262509,1,gaze_data,1741885918283,394.08495388925076,157.69909918308258,1741885918259.6,1
1,1,block_2,2,Provo_ID3,1,1082624,1262509,1,gaze_data,1741885918314,301.5380024909973,180.48899471759796,1741885918293.1,1
1,1,block_2,2,Provo_ID3,1,1082624,1262509,1,gaze_data,1741885918345,258.69147777557373,162.56236881017685,1741885918331.9001,1
1,1,block_2,2,Provo_ID3,1,1082624,1262509,1,gaze_data,1741885918378,231.66320323944092,132.2960689663887,1741885918359.9001,1
1,1,block_2,2,Provo_ID3,1,1082624,1262509,1,gaze_data,1741885918417,239.34032917022705,107.89380818605423,1741885918393,1
1,1,block_2,2,Provo_ID3,1,1082624,1262509,1,gaze_data,1741885918451,239.65065479278564,87.99216747283936,1741885918426.4001,1
1,1,block_2,2,Provo_ID3,1,1082624,1262509,1,gaze_data,1741885918487,217.0231819152832,120.55449038743973,1741885918459,1
1,1,block_2,2,Provo_ID3,1,1082624,1262509,1,gaze_data,1741885918516,233.11604261398315,133.4203839302063,1741885918493,1
1,1,block_2,2,Provo_ID3,1,1082624,1262509,1,gaze_data,1741885918550,222.12239503860474,131.4507558941841,1741885918526.2002,1
1,1,block_2,2,Provo_ID3,1,1082624,1262509,1,gaze_data,1741885918583,230.10530471801758,122.6648673415184,1741885918560.2002,1
1,1,block_2,2,Provo_ID3,1,1082624,1262509,1,gaze_data,1741885918617,268.5884356498718,170.72677463293076,1741885918592.4001,1
1,1,block_2,2,Provo_ID3,1,1082624,1262509,1,gaze_data,1741885918650,288.54970932006836,201.44934430718422,1741885918625.6,1
1,1,block_2,2,Provo_ID3,1,1082624,1262509,1,gaze_data,1741885918683,280.81642389297485,199.40218180418015,1741885918659.8,1
1,1,block_2,2,Provo_ID3,1,1082624,1262509,1,gaze_data,1741885918717,272.71928787231445,190.74459969997406,1741885918692.9001,1
1,1,block_2,2,Provo_ID3,1,1082624,1262509,1,gaze_data,1741885918750,291.23114347457886,189.41223472356796,1741885918725.5,1
1,1,block_2,2,Provo_ID3,1,1082624,1262509,1,gaze_data,1741885918778,301.71427726745605,184.71137285232544,1741885918758.6,1
1,1,block_2,2,Provo_ID3,1,1082624,1262509,1,gaze_data,1741885918811,419.3590998649597,182.59118348360062,1741885918793.7002,1
1,1,block_2,2,Provo_ID3,1,1082624,1262509,1,gaze_data,1741885918845,454.9747109413147,199.57576170563698,1741885918826.3,1
1,1,block_2,2,Provo_ID3,1,1082624,1262509,1,gaze_data,1741885918878,460.6487810611725,174.91900026798248,1741885918859.7002,1
1,1,block_2,2,Provo_ID3,1,1082624,1262509,1,gaze_data,1741885918911,474.9867916107178,186.80161088705063,1741885918893.3,1
1,1,block_2,2,Provo_ID3,1,1082624,1262509,1,gaze_data,1741885918945,474.62812662124634,177.7769684791565,1741885918926.2002,1
1,1,block_2,2,Provo_ID3,1,1082624,1262509,1,gaze_data,1741885918981,457.6533317565918,172.2523033618927,1741885918959.8,1
1,1,block_2,2,Provo_ID3,1,1082624,1262509,1,gaze_data,1741885919017,466.95767045021057,150.6155714392662,1741885918993.6,1
1,1,block_2,2,Provo_ID3,1,1082624,1262509,1,gaze_data,1741885919055,459.79682207107544,154.45418506860733,1741885919027.1,1
1,1,block_2,2,Provo_ID3,1,1082624,1262509,1,gaze_data,1741885919077,360.7289582490921,189.4475132226944,1741885919059.9001,1
1,1,block_2,2,Provo_ID3,1,1082624,1262509,1,gaze_data,1741885919117,296.38729095458984,213.10123652219772,1741885919093.1,1
1,1,block_2,2,Provo_ID3,1,1082624,1262509,1,gaze_data,1741885919148,280.12545108795166,207.0546992123127,1741885919125.4001,1
1,1,block_2,2,Provo_ID3,1,1082624,1262509,1,gaze_data,1741885919183,292.41249561309814,215.38642644882202,1741885919158.5,1
1,1,block_2,2,Provo_ID3,1,1082624,1262509,1,gaze_data,1741885919215,271.01447582244873,205.96949607133865,1741885919191.7002,1
1,1,block_2,2,Provo_ID3,1,1082624,1262509,1,gaze_data,1741885919249,275.10738372802734,225.09116902947426,1741885919226,1
1,1,block_2,2,Provo_ID3,1,1082624,1262509,1,gaze_data,1741885919279,272.24223613739014,227.8294026851654,1741885919259.9001,1
1,1,block_2,2,Provo_ID3,1,1082624,1262509,1,gaze_data,1741885919316,247.42048978805542,213.25529962778091,1741885919293.5,1
1,1,block_2,2,Provo_ID3,1,1082624,1262509,1,gaze_data,1741885919354,178.35304737091064,220.5335669219494,1741885919326,1
1,1,block_2,2,Provo_ID3,1,1082624,1262509,1,gaze_data,1741885919383,174.25765991210938,237.92093843221664,1741885919359.4001,0.92200031360092
1,1,block_2,2,Provo_ID3,1,1082624,1262509,1,gaze_data,1741885919413,184.44643020629883,261.332082003355,1741885919392.9001,1
1,1,block_2,2,Provo_ID3,1,1082624,1262509,1,gaze_data,1741885919450,180.94098567962646,253.87661941349506,1741885919430.6,0.881741827397331
1,1,block_2,2,Provo_ID3,1,1082624,1262509,1,gaze_data,1741885919484,173.026704788208,254.8121739178896,1741885919459.3,0.9488486475636337
1,1,block_2,2,Provo_ID3,1,1082624,1262509,1,gaze_data,1741885919516,176.71799659729004,249.1670459508896,1741885919493.3,0.9330204848223027
1,1,block_2,2,Provo_ID3,1,1082624,1262509,1,gaze_data,1741885919551,166.1372423171997,253.4942388534546,1741885919526.1,1
1,1,block_2,2,Provo_ID3,1,1082624,1262509,1,gaze_data,1741885919582,200.5295991897583,254.8193208873272,1741885919563.2002,1
1,1,block_2,2,Provo_ID3,1,1082624,1262509,1,gaze_data,1741885919616,200.02156496047974,243.53003352880478,1741885919591.8,1
1,1,block_2,2,Provo_ID3,1,1082624,1262509,1,gaze_data,1741885919648,368.9799755811691,222.69068881869316,1741885919625.5,0.9868731897747156
1,1,block_2,2,Provo_ID3,1,1082624,1262509,1,gaze_data,1741885919682,475.31681656837463,204.5413389801979,1741885919658.3,1
1,1,block_2,2,Provo_ID3,1,1082624,1262509,1,gaze_data,1741885919712,504.35279607772827,194.31777894496918,1741885919691.8,0.8710111347505318
1,1,block_2,2,Provo_ID3,1,1082624,1262509,1,gaze_data,1741885919744,496.34196758270264,176.46069675683975,1741885919726.6,0.8477684779130121
1,1,block_2,2,Provo_ID3,1,1082624,1262509,1,gaze_data,1741885919778,510.8232378959656,159.43741649389267,1741885919758.8,0.9178451771495073
1,1,block_2,2,Provo_ID3,1,1082624,1262509,1,gaze_data,1741885919810,514.3615484237671,177.67152041196823,1741885919792.5,1
1,1,block_2,2,Provo_ID3,1,1082624,1262509,1,gaze_data,1741885919846,569.2200064659119,173.9629715681076,1741885919832.3,1
1,1,block_2,2,Provo_ID3,1,1082624,1262509,1,gaze_data,1741885919877,617.7080154418945,155.73206394910812,1741885919859.3,0.8504592051587303
1,1,block_2,2,Provo_ID3,1,1082624,1262509,1,gaze_data,1741885919911,597.4470853805542,150.83514004945755,1741885919892.6,0.9630602876065542
1,1,block_2,2,Provo_ID3,1,1082624,1262509,1,gaze_data,1741885919940,606.1816215515137,249.3668593466282,1741885919925.3,0.9856492004014084
1,1,block_2,2,Provo_ID3,1,1082624,1262509,1,gaze_data,1741885919988,641.0191774368286,326.03489458560944,1741885919965.4001,0.8093994648842053
1,1,block_2,2,Provo_ID3,1,1082624,1262509,1,gaze_data,1741885920012,688.7490034103394,268.83154958486557,1741885919992.1,0.8093994648842053
1,1,block_2,2,Provo_ID3,1,1082624,1262509,1,gaze_data,1741885920050,493.46702098846436,317.58392453193665,1741885920025.4001,0
1,1,block_2,2,Provo_ID3,1,1082624,1262509,1,gaze_data,1741885920089,477.3945212364197,392.4886643886566,1741885920059.9001,0
1,1,block_2,2,Provo_ID3,1,1082624,1262509,1,gaze_data,1741885920118,512.2036933898926,331.43546283245087,1741885920092.2002,0
1,1,block_2,2,Provo_ID3,1,1082624,1262509,1,gaze_data,1741885920154,498.5454797744751,345.58622390031815,1741885920133,0.10148440785199354
1,1,block_2,2,Provo_ID3,1,1082624,1262509,1,gaze_data,1741885920183,510.5985999107361,319.2919850349426,1741885920159.1,0.2735436945183541
1,1,block_2,2,Provo_ID3,1,1082624,1262509,1,gaze_data,1741885920217,510.19169092178345,321.02629393339157,1741885920192.7002,0.3929674879496286
1,1,block_2,2,Provo_ID3,1,1082624,1262509,1,gaze_data,1741885920249,480.8639407157898,309.9487781524658,1741885920225,0.32959487613474914
1,1,block_2,2,Provo_ID3,1,1082624,1262509,1,gaze_data,1741885920278,498.23511838912964,306.61864429712296,1741885920258.6,0.4808416938368603
1,1,block_2,2,Provo_ID3,1,1082624,1262509,1,gaze_data,1741885920317,479.8193156719208,309.8896652460098,1741885920291.7002,0.5989294937619348
1,1,block_2,2,Provo_ID3,1,1082624,1262509,1,gaze_data,1741885920348,313.7454032897949,353.36241722106934,1741885920324.6,0.5443353158616485
1,1,block_2,2,Provo_ID3,1,1082624,1262509,1,gaze_data,1741885920384,296.4199662208557,321.92392498254776,1741885920364.9001,0.745988669692085
1,1,block_2,2,Provo_ID3,1,1082624,1262509,1,gaze_data,1741885920417,297.46474027633667,325.2013757824898,1741885920392.3,0.8352062759664549
1,1,block_2,2,Provo_ID3,1,1082624,1262509,1,gaze_data,1741885920445,316.2644863128662,335.88677495718,1741885920425.6,0.8982705323382989
1,1,block_2,2,Provo_ID3,1,1082624,1262509,1,gaze_data,1741885920481,318.4710204601288,324.746935069561,1741885920458.4001,0.908536414519574
1,1,block_2,2,Provo_ID3,1,1082624,1262509,1,gaze_data,1741885920512,332.2828531265259,322.91264683008194,1741885920491.4001,1
1,1,block_2,2,Provo_ID3,1,1082624,1262509,1,gaze_data,1741885920544,205.3422451019287,336.55418306589127,1741885920525.4001,0.9239016507504313
1,1,block_2,2,Provo_ID3,1,1082624,1262509,1,gaze_data,1741885920580,159.6104860305786,344.9459731578827,1741885920558,0.8512313770190953
1,1,block_2,2,Provo_ID3,1,1082624,1262509,1,gaze_data,1741885920617,140.4667615890503,361.18844747543335,1741885920591.1,0.7084648691440041
1,1,block_2,2,Provo_ID3,1,1082624,1262509,1,gaze_data,1741885920640,160.42344570159912,371.07763290405273,1741885920624.7002,0.7126837591952917
1,1,block_2,2,Provo_ID3,1,1082624,1262509,1,gaze_data,1741885920677,132.3141098022461,357.71671533584595,1741885920659.3,0.7204639663125776
1,1,block_2,2,Provo_ID3,1,1082624,1262509,1,gaze_data,1741885920716,130.07946014404297,367.8941935300827,1741885920701.5,0.8841954973303086
1,1,block_2,2,Provo_ID3,1,1082624,1262509,1,gaze_data,1741885920751,119.4911003112793,346.0008040070534,1741885920725,0.8183495460823562
1,1,block_2,2,Provo_ID3,1,1082624,1262509,1,gaze_data,1741885920782,130.50222396850586,349.07296150922775,1741885920758.2002,0.8961471022524514
1,1,block_2,2,Provo_ID3,1,1082624,1262509,1,gaze_data,1741885920815,140.0627851486206,347.663177549839,1741885920791.2002,0.7988187754904907
1,1,block_2,2,Provo_ID3,1,1082624,1262509,1,gaze_data,1741885920845,124.0957260131836,351.4841705560684,1741885920824.5,0.9086815970915718
1,1,block_2,2,Provo_ID3,1,1082624,1262509,1,gaze_data,1741885920877,192.10689067840576,315.2630388736725,1741885920858.2002,0.9680623879378283
1,1,block_2,2,Provo_ID3,1,1082624,1262509,1,gaze_data,1741885920917,288.39467763900757,174.88926500082016,1741885920894.4001,0.9483230096219022
1,1,block_2,2,Provo_ID3,1,1082624,1262509,1,gaze_data,1741885920946,253.74765396118164,150.0495806336403,1741885920925.3,1
1,1,block_2,2,Provo_ID3,1,1082624,1262509,1,gaze_data,1741885920984,277.3981213569641,143.03564876317978,1741885920957.9001,1
1,1,block_2,2,Provo_ID3,1,1082624,1262509,1,gaze_data,1741885921016,275.5720615386963,132.4639454483986,1741885920992.2002,1
1,1,block_2,2,Provo_ID3,1,1082624,1262509,1,gaze_data,1741885921054,284.2268705368042,153.36826294660568,1741885921026.5,1
1,1,block_2,2,Provo_ID3,1,1082624,1262509,1,gaze_data,1741885921078,268.07212829589844,153.81540209054947,1741885921058.7002,1
1,1,block_2,2,Provo_ID3,1,1082624,1262509,1,gaze_data,1741885921111,265.6267285346985,137.95595467090607,1741885921091.8,1
1,1,block_2,2,Provo_ID3,1,1082624,1262509,1,gaze_data,1741885921144,233.1595778465271,141.38997197151184,1741885921124.8,1
1,1,block_2,2,Provo_ID3,1,1082624,1262509,1,gaze_data,1741885921177,315.2122378349304,221.86302617192268,1741885921158.6,1
1,1,block_2,2,Provo_ID3,1,1082624,1262509,1,gaze_data,1741885921207,415.85571467876434,371.6684192419052,1741885921199,1
1,1,block_2,2,Provo_ID3,1,1082624,1262509,1,gaze_data,1741885921246,465.99018573760986,470.0658977031708,1741885921225.2002,1
1,1,block_2,2,Provo_ID3,1,1082624,1262509,1,gaze_data,1741885921289,412.00830042362213,383.43620896339417,1741885921258,0.48382818745120976
1,1,block_2,2,Provo_ID3,1,1082624,1262509,1,gaze_data,1741885921319,398.0480030179024,399.9669909477234,1741885921291.3,0.5993828381930169
1,1,block_2,2,Provo_ID3,1,1082624,1262509,1,gaze_data,1741885921348,439.0482544898987,400.5382716655731,1741885921324.5,0.5500170747511232
1,1,block_2,2,Provo_ID3,1,1082624,1262509,1,gaze_data,1741885921381,429.3912708759308,384.6204340457916,1741885921358.4001,0.607260504899895
1,1,block_2,2,Provo_ID3,1,1082624,1262509,1,gaze_data,1741885921416,444.3530738353729,394.3394184112549,1741885921391.1,0.36558877157192693
1,1,block_2,2,Provo_ID3,1,1082624,1262509,1,gaze_data,1741885921440,377.272567152977,388.3026599884033,1741885921424.5,0.36558877157192693
1,1,block_2,2,Provo_ID3,1,1082624,1262509,1,gaze_data,1741885921481,233.32337141036987,362.86226511001587,1741885921458.4001,0.3629956986489017
1,1,block_2,2,Provo_ID3,1,1082624,1262509,1,gaze_data,1741885921519,238.7903094291687,375.13374388217926,1741885921499.4001,0.415036543213434
1,1,block_2,2,Provo_ID3,1,1082624,1262509,1,gaze_data,1741885921548,214.7240161895752,380.3724557161331,1741885921524.1,0.39598709569249346
1,1,block_2,2,Provo_ID3,1,1082624,1262509,1,gaze_data,1741885921578,223.73710870742798,372.71807193756104,1741885921557.5,0.6775457770355001
1,1,block_2,2,Provo_ID3,1,1082624,1262509,1,gaze_data,1741885921616,268.334698677063,402.502304315567,1741885921591.5,0.5882127620346729
1,1,block_2,2,Provo_ID3,1,1082624,1262509,1,gaze_data,1741885921650,418.5500755906105,375.1883268356323,1741885921624.1,0.6862057806443602
1,1,block_2,2,Provo_ID3,1,1082624,1262509,1,gaze_data,1741885921682,464.181923866272,378.5865366458893,1741885921657.6,0.459719654569389
1,1,block_2,2,Provo_ID3,1,1082624,1262509,1,gaze_data,1741885921717,435.8173370361328,394.13360357284546,1741885921691,0.4597798286605606
1,1,block_2,2,Provo_ID3,1,1082624,1262509,1,gaze_data,1741885921746,443.5482531785965,384.64561700820923,1741885921724.1,0.5374819734211636
1,1,block_2,2,Provo_ID3,1,1082624,1262509,1,gaze_data,1741885921777,436.93672120571136,369.82010900974274,1741885921757.5,0.4096837807465197
1,1,block_2,2,Provo_ID3,1,1082624,1262509,1,gaze_data,1741885921811,463.6802077293396,389.2199158668518,1741885921790.7002,0.6444964425111437
1,1,block_2,2,Provo_ID3,1,1082624,1262509,1,gaze_data,1741885921854,457.6893985271454,404.8815727233887,1741885921825.6,0.4206436593734544
1,1,block_2,2,Provo_ID3,1,1082624,1262509,1,gaze_data,1741885921883,458.5607588291168,369.67623829841614,1741885921857.3,0.44350478183697817
1,1,block_2,2,Provo_ID3,1,1082624,1262509,1,gaze_data,1741885921913,488.8148307800293,275.9491041302681,1741885921891.7002,0.3912312455274521
1,1,block_2,2,Provo_ID3,1,1082624,1262509,1,gaze_x,"",
1,1,block_2,2,Provo_ID3,1,1082624,1262509,1,gaze_y,"",
1,1,block_2,2,Provo_ID3,1,1082624,1262509,1,el_x,"",
1,1,block_2,2,Provo_ID3,1,1082624,1262509,1,applied_drift,1741885873667,
1,1,block_2,2,Provo_ID3,1,1082624,1262509,1,applied_drift,1741885898795,6.351661682128906,-57.78019279241562
1,1,block_2,2,Provo_ID3,1,1082624,1262509,1,applied_drift,1741885898824,6.351661682128906,-57.78019279241562
1,1,block_2,2,Provo_ID3,1,1082624,1262509,1,applied_drift,1741885898855,6.351661682128906,-57.78019279241562
1,1,block_2,2,Provo_ID3,1,1082624,1262509,1,applied_drift,1741885898889,6.351661682128906,-57.78019279241562
1,1,block_2,2,Provo_ID3,1,1082624,1262509,1,applied_drift,1741885898923,6.351661682128906,-57.78019279241562
1,1,block_2,2,Provo_ID3,1,1082624,1262509,1,applied_drift,1741885898953,6.351661682128906,-57.78019279241562
1,1,block_2,2,Provo_ID3,1,1082624,1262509,1,applied_drift,1741885898989,6.351661682128906,-57.78019279241562
1,1,block_2,2,Provo_ID3,1,1082624,1262509,1,applied_drift,1741885899023,6.351661682128906,-57.78019279241562
1,1,block_2,2,Provo_ID3,1,1082624,1262509,1,applied_drift,1741885899051,6.351661682128906,-57.78019279241562
1,1,block_2,2,Provo_ID3,1,1082624,1262509,1,applied_drift,1741885899085,6.351661682128906,-57.78019279241562
1,1,block_2,2,Provo_ID3,1,1082624,1262509,1,applied_drift,1741885899119,6.351661682128906,-57.78019279241562
1,1,block_2,2,Provo_ID3,1,1082624,1262509,1,applied_drift,1741885899156,6.351661682128906,-57.78019279241562
1,1,block_2,2,Provo_ID3,1,1082624,1262509,1,applied_drift,1741885899192,6.351661682128906,-57.78019279241562
1,1,block_2,2,Provo_ID3,1,1082624,1262509,1,applied_drift,1741885899215,6.351661682128906,-57.78019279241562
1,1,block_2,2,Provo_ID3,1,1082624,1262509,1,applied_drift,1741885899255,6.351661682128906,-57.78019279241562
1,1,block_2,2,Provo_ID3,1,1082624,1262509,1,applied_drift,1741885899288,6.351661682128906,-57.78019279241562
1,1,block_2,2,Provo_ID3,1,1082624,1262509,1,applied_drift,1741885899323,6.351661682128906,-57.78019279241562
1,1,block_2,2,Provo_ID3,1,1082624,1262509,1,applied_drift,1741885899356,6.351661682128906,-57.78019279241562
1,1,block_2,2,Provo_ID3,1,1082624,1262509,1,applied_drift,1741885899394,6.351661682128906,-57.78019279241562
1,1,block_2,2,Provo_ID3,1,1082624,1262509,1,applied_drift,1741885899413,6.351661682128906,-57.78019279241562
1,1,block_2,2,Provo_ID3,1,1082624,1262509,1,applied_drift,1741885899451,6.351661682128906,-57.78019279241562
1,1,block_2,2,Provo_ID3,1,1082624,1262509,1,applied_drift,1741885899490,6.351661682128906,-57.78019279241562
1,1,block_2,2,Provo_ID3,1,1082624,1262509,1,applied_drift,1741885899520,6.351661682128906,-57.78019279241562
1,1,block_2,2,Provo_ID3,1,1082624,1262509,1,applied_drift,1741885899556,6.351661682128906,-57.78019279241562
1,1,block_2,2,Provo_ID3,1,1082624,1262509,1,applied_drift,1741885899588,6.351661682128906,-57.78019279241562
1,1,block_2,2,Provo_ID3,1,1082624,1262509,1,applied_drift,1741885899620,6.351661682128906,-57.78019279241562
1,1,block_2,2,Provo_ID3,1,1082624,1262509,1,applied_drift,1741885899655,6.351661682128906,-57.78019279241562
1,1,block_2,2,Provo_ID3,1,1082624,1262509,1,applied_drift,1741885899690,6.351661682128906,-57.78019279241562
1,1,block_2,2,Provo_ID3,1,1082624,1262509,1,applied_drift,1741885899726,6.351661682128906,-57.78019279241562
1,1,block_2,2,Provo_ID3,1,1082624,1262509,1,applied_drift,1741885899757,6.351661682128906,-57.78019279241562
1,1,block_2,2,Provo_ID3,1,1082624,1262509,1,applied_drift,1741885899789,6.351661682128906,-57.78019279241562
1,1,block_2,2,Provo_ID3,1,1082624,1262509,1,applied_drift,1741885899822,6.351661682128906,-57.78019279241562
1,1,block_2,2,Provo_ID3,1,1082624,1262509,1,applied_drift,1741885899857,6.351661682128906,-57.78019279241562
1,1,block_2,2,Provo_ID3,1,1082624,1262509,1,applied_drift,1741885899889,6.351661682128906,-57.78019279241562
1,1,block_2,2,Provo_ID3,1,1082624,1262509,1,applied_drift,1741885899922,6.351661682128906,-57.78019279241562
1,1,block_2,2,Provo_ID3,1,1082624,1262509,1,applied_drift,1741885899957,6.351661682128906,-57.78019279241562
1,1,block_2,2,Provo_ID3,1,1082624,1262509,1,applied_drift,1741885899991,6.351661682128906,-57.78019279241562
1,1,block_2,2,Provo_ID3,1,1082624,1262509,1,applied_drift,1741885900026,6.351661682128906,-57.78019279241562
1,1,block_2,2,Provo_ID3,1,1082624,1262509,1,applied_drift,1741885900056,6.351661682128906,-57.78019279241562
1,1,block_2,2,Provo_ID3,1,1082624,1262509,1,applied_drift,1741885900089,6.351661682128906,-57.78019279241562
1,1,block_2,2,Provo_ID3,1,1082624,1262509,1,applied_drift,1741885900117,6.351661682128906,-57.78019279241562
1,1,block_2,2,Provo_ID3,1,1082624,1262509,1,applied_drift,1741885900152,6.351661682128906,-57.78019279241562
1,1,block_2,2,Provo_ID3,1,1082624,1262509,1,applied_drift,1741885900184,6.351661682128906,-57.78019279241562
1,1,block_2,2,Provo_ID3,1,1082624,1262509,1,applied_drift,1741885900217,6.351661682128906,-57.78019279241562
1,1,block_2,2,Provo_ID3,1,1082624,1262509,1,applied_drift,1741885900252,6.351661682128906,-57.78019279241562
1,1,block_2,2,Provo_ID3,1,1082624,1262509,1,applied_drift,1741885900294,6.351661682128906,-57.78019279241562
1,1,block_2,2,Provo_ID3,1,1082624,1262509,1,applied_drift,1741885900317,6.351661682128906,-57.78019279241562
1,1,block_2,2,Provo_ID3,1,1082624,1262509,1,applied_drift,1741885900355,6.351661682128906,-57.78019279241562
1,1,block_2,2,Provo_ID3,1,1082624,1262509,1,applied_drift,1741885900387,6.351661682128906,-57.78019279241562
1,1,block_2,2,Provo_ID3,1,1082624,1262509,1,applied_drift,1741885900424,6.351661682128906,-57.78019279241562
1,1,block_2,2,Provo_ID3,1,1082624,1262509,1,applied_drift,1741885900455,6.351661682128906,-57.78019279241562
1,1,block_2,2,Provo_ID3,1,1082624,1262509,1,applied_drift,1741885900487,6.351661682128906,-57.78019279241562
1,1,block_2,2,Provo_ID3,1,1082624,1262509,1,applied_drift,1741885900521,6.351661682128906,-57.78019279241562
1,1,block_2,2,Provo_ID3,1,1082624,1262509,1,applied_drift,1741885900548,6.351661682128906,-57.78019279241562
1,1,block_2,2,Provo_ID3,1,1082624,1262509,1,applied_drift,1741885900581,6.351661682128906,-57.78019279241562
1,1,block_2,2,Provo_ID3,1,1082624,1262509,1,applied_drift,1741885900619,6.351661682128906,-57.78019279241562
1,1,block_2,2,Provo_ID3,1,1082624,1262509,1,applied_drift,1741885900655,6.351661682128906,-57.78019279241562
1,1,block_2,2,Provo_ID3,1,1082624,1262509,1,applied_drift,1741885900687,6.351661682128906,-57.78019279241562
1,1,block_2,2,Provo_ID3,1,1082624,1262509,1,applied_drift,1741885900719,6.351661682128906,-57.78019279241562
1,1,block_2,2,Provo_ID3,1,1082624,1262509,1,applied_drift,1741885900749,6.351661682128906,-57.78019279241562
1,1,block_2,2,Provo_ID3,1,1082624,1262509,1,applied_drift,1741885900783,6.351661682128906,-57.78019279241562
1,1,block_2,2,Provo_ID3,1,1082624,1262509,1,applied_drift,1741885900816,6.351661682128906,-57.78019279241562
1,1,block_2,2,Provo_ID3,1,1082624,1262509,1,applied_drift,1741885900848,6.351661682128906,-57.78019279241562
1,1,block_2,2,Provo_ID3,1,1082624,1262509,1,applied_drift,1741885900883,6.351661682128906,-57.78019279241562
1,1,block_2,2,Provo_ID3,1,1082624,1262509,1,applied_drift,1741885900916,6.351661682128906,-57.78019279241562
1,1,block_2,2,Provo_ID3,1,1082624,1262509,1,applied_drift,1741885900948,6.351661682128906,-57.78019279241562
1,1,block_2,2,Provo_ID3,1,1082624,1262509,1,applied_drift,1741885900977,6.351661682128906,-57.78019279241562
1,1,block_2,2,Provo_ID3,1,1082624,1262509,1,applied_drift,1741885901021,6.351661682128906,-57.78019279241562
1,1,block_2,2,Provo_ID3,1,1082624,1262509,1,applied_drift,1741885901044,6.351661682128906,-57.78019279241562
1,1,block_2,2,Provo_ID3,1,1082624,1262509,1,applied_drift,1741885901093,6.351661682128906,-57.78019279241562
1,1,block_2,2,Provo_ID3,1,1082624,1262509,1,applied_drift,1741885901118,6.351661682128906,-57.78019279241562
1,1,block_2,2,Provo_ID3,1,1082624,1262509,1,applied_drift,1741885901153,6.351661682128906,-57.78019279241562
1,1,block_2,2,Provo_ID3,1,1082624,1262509,1,applied_drift,1741885901186,6.351661682128906,-57.78019279241562
1,1,block_2,2,Provo_ID3,1,1082624,1262509,1,applied_drift,1741885901216,6.351661682128906,-57.78019279241562
1,1,block_2,2,Provo_ID3,1,1082624,1262509,1,applied_drift,1741885901252,6.351661682128906,-57.78019279241562
1,1,block_2,2,Provo_ID3,1,1082624,1262509,1,applied_drift,1741885901287,6.351661682128906,-57.78019279241562
1,1,block_2,2,Provo_ID3,1,1082624,1262509,1,applied_drift,1741885901314,6.351661682128906,-57.78019279241562
1,1,block_2,2,Provo_ID3,1,1082624,1262509,1,applied_drift,1741885901347,6.351661682128906,-57.78019279241562
1,1,block_2,2,Provo_ID3,1,1082624,1262509,1,applied_drift,1741885901385,6.351661682128906,-57.78019279241562
1,1,block_2,2,Provo_ID3,1,1082624,1262509,1,applied_drift,1741885901419,6.351661682128906,-57.78019279241562
1,1,block_2,2,Provo_ID3,1,1082624,1262509,1,applied_drift,1741885901452,6.351661682128906,-57.78019279241562
1,1,block_2,2,Provo_ID3,1,1082624,1262509,1,applied_drift,1741885901484,6.351661682128906,-57.78019279241562
1,1,block_2,2,Provo_ID3,1,1082624,1262509,1,applied_drift,1741885901518,6.351661682128906,-57.78019279241562
1,1,block_2,2,Provo_ID3,1,1082624,1262509,1,applied_drift,1741885901546,6.351661682128906,-57.78019279241562
1,1,block_2,2,Provo_ID3,1,1082624,1262509,1,applied_drift,1741885901579,6.351661682128906,-57.78019279241562
1,1,block_2,2,Provo_ID3,1,1082624,1262509,1,applied_drift,1741885901612,6.351661682128906,-57.78019279241562
1,1,block_2,2,Provo_ID3,1,1082624,1262509,1,applied_drift,1741885901651,6.351661682128906,-57.78019279241562
1,1,block_2,2,Provo_ID3,1,1082624,1262509,1,applied_drift,1741885901684,6.351661682128906,-57.78019279241562
1,1,block_2,2,Provo_ID3,1,1082624,1262509,1,applied_drift,1741885901713,6.351661682128906,-57.78019279241562
1,1,block_2,2,Provo_ID3,1,1082624,1262509,1,applied_drift,1741885901751,6.351661682128906,-57.78019279241562
1,1,block_2,2,Provo_ID3,1,1082624,1262509,1,applied_drift,1741885901785,6.351661682128906,-57.78019279241562
1,1,block_2,2,Provo_ID3,1,1082624,1262509,1,applied_drift,1741885901822,6.351661682128906,-57.78019279241562
1,1,block_2,2,Provo_ID3,1,1082624,1262509,1,applied_drift,1741885901852,6.351661682128906,-57.78019279241562
1,1,block_2,2,Provo_ID3,1,1082624,1262509,1,applied_drift,1741885901885,6.351661682128906,-57.78019279241562
1,1,block_2,2,Provo_ID3,1,1082624,1262509,1,applied_drift,1741885901919,6.351661682128906,-57.78019279241562
1,1,block_2,2,Provo_ID3,1,1082624,1262509,1,applied_drift,1741885901955,6.351661682128906,-57.78019279241562
1,1,block_2,2,Provo_ID3,1,1082624,1262509,1,applied_drift,1741885901985,6.351661682128906,-57.78019279241562
1,1,block_2,2,Provo_ID3,1,1082624,1262509,1,applied_drift,1741885902018,6.351661682128906,-57.78019279241562
1,1,block_2,2,Provo_ID3,1,1082624,1262509,1,applied_drift,1741885902050,6.351661682128906,-57.78019279241562
1,1,block_2,2,Provo_ID3,1,1082624,1262509,1,applied_drift,1741885902084,6.351661682128906,-57.78019279241562
1,1,block_2,2,Provo_ID3,1,1082624,1262509,1,applied_drift,1741885902118,6.351661682128906,-57.78019279241562
1,1,block_2,2,Provo_ID3,1,1082624,1262509,1,applied_drift,1741885902150,6.351661682128906,-57.78019279241562
1,1,block_2,2,Provo_ID3,1,1082624,1262509,1,applied_drift,1741885902181,6.351661682128906,-57.78019279241562
1,1,block_2,2,Provo_ID3,1,1082624,1262509,1,applied_drift,1741885902217,6.351661682128906,-57.78019279241562
1,1,block_2,2,Provo_ID3,1,1082624,1262509,1,applied_drift,1741885902249,6.351661682128906,-57.78019279241562
1,1,block_2,2,Provo_ID3,1,1082624,1262509,1,applied_drift,1741885902282,6.351661682128906,-57.78019279241562
1,1,block_2,2,Provo_ID3,1,1082624,1262509,1,applied_drift,1741885902317,6.351661682128906,-57.78019279241562
1,1,block_2,2,Provo_ID3,1,1082624,1262509,1,applied_drift,1741885902351,6.351661682128906,-57.78019279241562
1,1,block_2,2,Provo_ID3,1,1082624,1262509,1,applied_drift,1741885902384,6.351661682128906,-57.78019279241562
1,1,block_2,2,Provo_ID3,1,1082624,1262509,1,applied_drift,1741885902416,6.351661682128906,-57.78019279241562
1,1,block_2,2,Provo_ID3,1,1082624,1262509,1,applied_drift,1741885902451,6.351661682128906,-57.78019279241562
1,1,block_2,2,Provo_ID3,1,1082624,1262509,1,applied_drift,1741885902474,6.351661682128906,-57.78019279241562
1,1,block_2,2,Provo_ID3,1,1082624,1262509,1,applied_drift,1741885902508,6.351661682128906,-57.78019279241562
1,1,block_2,2,Provo_ID3,1,1082624,1262509,1,applied_drift,1741885902555,6.351661682128906,-57.78019279241562
1,1,block_2,2,Provo_ID3,1,1082624,1262509,1,applied_drift,1741885902584,6.351661682128906,-57.78019279241562
1,1,block_2,2,Provo_ID3,1,1082624,1262509,1,applied_drift,1741885902617,6.351661682128906,-57.78019279241562
1,1,block_2,2,Provo_ID3,1,1082624,1262509,1,applied_drift,1741885902655,6.351661682128906,-57.78019279241562
1,1,block_2,2,Provo_ID3,1,1082624,1262509,1,applied_drift,1741885902679,6.351661682128906,-57.78019279241562
1,1,block_2,2,Provo_ID3,1,1082624,1262509,1,applied_drift,1741885902720,6.351661682128906,-57.78019279241562
1,1,block_2,2,Provo_ID3,1,1082624,1262509,1,applied_drift,1741885902750,6.351661682128906,-57.78019279241562
1,1,block_2,2,Provo_ID3,1,1082624,1262509,1,applied_drift,1741885902783,6.351661682128906,-57.78019279241562
1,1,block_2,2,Provo_ID3,1,1082624,1262509,1,applied_drift,1741885902817,6.351661682128906,-57.78019279241562
1,1,block_2,2,Provo_ID3,1,1082624,1262509,1,applied_drift,1741885902852,6.351661682128906,-57.78019279241562
1,1,block_2,2,Provo_ID3,1,1082624,1262509,1,applied_drift,1741885902884,6.351661682128906,-57.78019279241562
1,1,block_2,2,Provo_ID3,1,1082624,1262509,1,applied_drift,1741885902917,6.351661682128906,-57.78019279241562
1,1,block_2,2,Provo_ID3,1,1082624,1262509,1,applied_drift,1741885902950,6.351661682128906,-57.78019279241562
1,1,block_2,2,Provo_ID3,1,1082624,1262509,1,applied_drift,1741885902984,6.351661682128906,-57.78019279241562
1,1,block_2,2,Provo_ID3,1,1082624,1262509,1,applied_drift,1741885903017,6.351661682128906,-57.78019279241562
1,1,block_2,2,Provo_ID3,1,1082624,1262509,1,applied_drift,1741885903051,6.351661682128906,-57.78019279241562
1,1,block_2,2,Provo_ID3,1,1082624,1262509,1,applied_drift,1741885903083,6.351661682128906,-57.78019279241562
1,1,block_2,2,Provo_ID3,1,1082624,1262509,1,applied_drift,1741885903117,6.351661682128906,-57.78019279241562
1,1,block_2,2,Provo_ID3,1,1082624,1262509,1,applied_drift,1741885903150,6.351661682128906,-57.78019279241562
1,1,block_2,2,Provo_ID3,1,1082624,1262509,1,applied_drift,1741885903183,6.351661682128906,-57.78019279241562
1,1,block_2,2,Provo_ID3,1,1082624,1262509,1,applied_drift,1741885903217,6.351661682128906,-57.78019279241562
1,1,block_2,2,Provo_ID3,1,1082624,1262509,1,applied_drift,1741885903251,6.351661682128906,-57.78019279241562
1,1,block_2,2,Provo_ID3,1,1082624,1262509,1,applied_drift,1741885903284,6.351661682128906,-57.78019279241562
1,1,block_2,2,Provo_ID3,1,1082624,1262509,1,applied_drift,1741885903317,6.351661682128906,-57.78019279241562
1,1,block_2,2,Provo_ID3,1,1082624,1262509,1,applied_drift,1741885903350,6.351661682128906,-57.78019279241562
1,1,block_2,2,Provo_ID3,1,1082624,1262509,1,applied_drift,1741885903384,6.351661682128906,-57.78019279241562
1,1,block_2,2,Provo_ID3,1,1082624,1262509,1,applied_drift,1741885903417,6.351661682128906,-57.78019279241562
1,1,block_2,2,Provo_ID3,1,1082624,1262509,1,applied_drift,1741885903450,6.351661682128906,-57.78019279241562
1,1,block_2,2,Provo_ID3,1,1082624,1262509,1,applied_drift,1741885903483,6.351661682128906,-57.78019279241562
1,1,block_2,2,Provo_ID3,1,1082624,1262509,1,applied_drift,1741885903512,6.351661682128906,-57.78019279241562
1,1,block_2,2,Provo_ID3,1,1082624,1262509,1,applied_drift,1741885903549,6.351661682128906,-57.78019279241562
1,1,block_2,2,Provo_ID3,1,1082624,1262509,1,applied_drift,1741885903583,6.351661682128906,-57.78019279241562
1,1,block_2,2,Provo_ID3,1,1082624,1262509,1,applied_drift,1741885903607,6.351661682128906,-57.78019279241562
1,1,block_2,2,Provo_ID3,1,1082624,1262509,1,applied_drift,1741885903656,6.351661682128906,-57.78019279241562
1,1,block_2,2,Provo_ID3,1,1082624,1262509,1,applied_drift,1741885903687,6.351661682128906,-57.78019279241562
1,1,block_2,2,Provo_ID3,1,1082624,1262509,1,applied_drift,1741885903722,6.351661682128906,-57.78019279241562
1,1,block_2,2,Provo_ID3,1,1082624,1262509,1,applied_drift,1741885903750,6.351661682128906,-57.78019279241562
1,1,block_2,2,Provo_ID3,1,1082624,1262509,1,applied_drift,1741885903784,6.351661682128906,-57.78019279241562
1,1,block_2,2,Provo_ID3,1,1082624,1262509,1,applied_drift,1741885903824,6.351661682128906,-57.78019279241562
1,1,block_2,2,Provo_ID3,1,1082624,1262509,1,applied_drift,1741885903856,6.351661682128906,-57.78019279241562
1,1,block_2,2,Provo_ID3,1,1082624,1262509,1,applied_drift,1741885903879,6.351661682128906,-57.78019279241562
1,1,block_2,2,Provo_ID3,1,1082624,1262509,1,applied_drift,1741885903911,6.351661682128906,-57.78019279241562
1,1,block_2,2,Provo_ID3,1,1082624,1262509,1,applied_drift,1741885903956,6.351661682128906,-57.78019279241562
1,1,block_2,2,Provo_ID3,1,1082624,1262509,1,applied_drift,1741885903983,6.351661682128906,-57.78019279241562
1,1,block_2,2,Provo_ID3,1,1082624,1262509,1,applied_drift,1741885904017,6.351661682128906,-57.78019279241562
1,1,block_2,2,Provo_ID3,1,1082624,1262509,1,applied_drift,1741885904051,6.351661682128906,-57.78019279241562
1,1,block_2,2,Provo_ID3,1,1082624,1262509,1,applied_drift,1741885904079,6.351661682128906,-57.78019279241562
1,1,block_2,2,Provo_ID3,1,1082624,1262509,1,applied_drift,1741885904118,6.351661682128906,-57.78019279241562
1,1,block_2,2,Provo_ID3,1,1082624,1262509,1,applied_drift,1741885904150,6.351661682128906,-57.78019279241562
1,1,block_2,2,Provo_ID3,1,1082624,1262509,1,applied_drift,1741885904187,6.351661682128906,-57.78019279241562
1,1,block_2,2,Provo_ID3,1,1082624,1262509,1,applied_drift,1741885904217,6.351661682128906,-57.78019279241562
1,1,block_2,2,Provo_ID3,1,1082624,1262509,1,applied_drift,1741885904245,6.351661682128906,-57.78019279241562
1,1,block_2,2,Provo_ID3,1,1082624,1262509,1,applied_drift,1741885904284,6.351661682128906,-57.78019279241562
1,1,block_2,2,Provo_ID3,1,1082624,1262509,1,applied_drift,1741885904316,6.351661682128906,-57.78019279241562
1,1,block_2,2,Provo_ID3,1,1082624,1262509,1,applied_drift,1741885904346,6.351661682128906,-57.78019279241562
1,1,block_2,2,Provo_ID3,1,1082624,1262509,1,applied_drift,1741885904379,6.351661682128906,-57.78019279241562
1,1,block_2,2,Provo_ID3,1,1082624,1262509,1,applied_drift,1741885904411,6.351661682128906,-57.78019279241562
1,1,block_2,2,Provo_ID3,1,1082624,1262509,1,applied_drift,1741885904450,6.351661682128906,-57.78019279241562
1,1,block_2,2,Provo_ID3,1,1082624,1262509,1,applied_drift,1741885904487,6.351661682128906,-57.78019279241562
1,1,block_2,2,Provo_ID3,1,1082624,1262509,1,applied_drift,1741885904517,6.351661682128906,-57.78019279241562
1,1,block_2,2,Provo_ID3,1,1082624,1262509,1,applied_drift,1741885904550,6.351661682128906,-57.78019279241562
1,1,block_2,2,Provo_ID3,1,1082624,1262509,1,applied_drift,1741885904583,6.351661682128906,-57.78019279241562
1,1,block_2,2,Provo_ID3,1,1082624,1262509,1,applied_drift,1741885904616,6.351661682128906,-57.78019279241562
1,1,block_2,2,Provo_ID3,1,1082624,1262509,1,applied_drift,1741885904650,6.351661682128906,-57.78019279241562
1,1,block_2,2,Provo_ID3,1,1082624,1262509,1,applied_drift,1741885904684,6.351661682128906,-57.78019279241562
1,1,block_2,2,Provo_ID3,1,1082624,1262509,1,applied_drift,1741885904718,6.351661682128906,-57.78019279241562
1,1,block_2,2,Provo_ID3,1,1082624,1262509,1,applied_drift,1741885904750,6.351661682128906,-57.78019279241562
1,1,block_2,2,Provo_ID3,1,1082624,1262509,1,applied_drift,1741885904779,6.351661682128906,-57.78019279241562
1,1,block_2,2,Provo_ID3,1,1082624,1262509,1,applied_drift,1741885904817,6.351661682128906,-57.78019279241562
1,1,block_2,2,Provo_ID3,1,1082624,1262509,1,applied_drift,1741885904850,6.351661682128906,-57.78019279241562
1,1,block_2,2,Provo_ID3,1,1082624,1262509,1,applied_drift,1741885904882,6.351661682128906,-57.78019279241562
1,1,block_2,2,Provo_ID3,1,1082624,1262509,1,applied_drift,1741885904915,6.351661682128906,-57.78019279241562
1,1,block_2,2,Provo_ID3,1,1082624,1262509,1,applied_drift,1741885904950,6.351661682128906,-57.78019279241562
1,1,block_2,2,Provo_ID3,1,1082624,1262509,1,applied_drift,1741885904984,6.351661682128906,-57.78019279241562
1,1,block_2,2,Provo_ID3,1,1082624,1262509,1,applied_drift,1741885905017,6.351661682128906,-57.78019279241562
1,1,block_2,2,Provo_ID3,1,1082624,1262509,1,applied_drift,1741885905050,6.351661682128906,-57.78019279241562
1,1,block_2,2,Provo_ID3,1,1082624,1262509,1,applied_drift,1741885905083,6.351661682128906,-57.78019279241562
1,1,block_2,2,Provo_ID3,1,1082624,1262509,1,applied_drift,1741885905107,6.351661682128906,-57.78019279241562
1,1,block_2,2,Provo_ID3,1,1082624,1262509,1,applied_drift,1741885905156,6.351661682128906,-57.78019279241562
1,1,block_2,2,Provo_ID3,1,1082624,1262509,1,applied_drift,1741885905189,6.351661682128906,-57.78019279241562
1,1,block_2,2,Provo_ID3,1,1082624,1262509,1,applied_drift,1741885905222,6.351661682128906,-57.78019279241562
1,1,block_2,2,Provo_ID3,1,1082624,1262509,1,applied_drift,1741885905251,6.351661682128906,-57.78019279241562
1,1,block_2,2,Provo_ID3,1,1082624,1262509,1,applied_drift,1741885905284,6.351661682128906,-57.78019279241562
1,1,block_2,2,Provo_ID3,1,1082624,1262509,1,applied_drift,1741885905322,6.351661682128906,-57.78019279241562
1,1,block_2,2,Provo_ID3,1,1082624,1262509,1,applied_drift,1741885905350,6.351661682128906,-57.78019279241562
1,1,block_2,2,Provo_ID3,1,1082624,1262509,1,applied_drift,1741885905391,6.351661682128906,-57.78019279241562
1,1,block_2,2,Provo_ID3,1,1082624,1262509,1,applied_drift,1741885905422,6.351661682128906,-57.78019279241562
1,1,block_2,2,Provo_ID3,1,1082624,1262509,1,applied_drift,1741885905450,6.351661682128906,-57.78019279241562
1,1,block_2,2,Provo_ID3,1,1082624,1262509,1,applied_drift,1741885905485,6.351661682128906,-57.78019279241562
1,1,block_2,2,Provo_ID3,1,1082624,1262509,1,applied_drift,1741885905518,6.351661682128906,-57.78019279241562
1,1,block_2,2,Provo_ID3,1,1082624,1262509,1,applied_drift,1741885905550,6.351661682128906,-57.78019279241562
1,1,block_2,2,Provo_ID3,1,1082624,1262509,1,applied_drift,1741885905584,6.351661682128906,-57.78019279241562
1,1,block_2,2,Provo_ID3,1,1082624,1262509,1,applied_drift,1741885905617,6.351661682128906,-57.78019279241562
1,1,block_2,2,Provo_ID3,1,1082624,1262509,1,applied_drift,1741885905649,6.351661682128906,-57.78019279241562
1,1,block_2,2,Provo_ID3,1,1082624,1262509,1,applied_drift,1741885905682,6.351661682128906,-57.78019279241562
1,1,block_2,2,Provo_ID3,1,1082624,1262509,1,applied_drift,1741885905717,6.351661682128906,-57.78019279241562
1,1,block_2,2,Provo_ID3,1,1082624,1262509,1,applied_drift,1741885905750,6.351661682128906,-57.78019279241562
1,1,block_2,2,Provo_ID3,1,1082624,1262509,1,applied_drift,1741885905782,6.351661682128906,-57.78019279241562
1,1,block_2,2,Provo_ID3,1,1082624,1262509,1,applied_drift,1741885905817,6.351661682128906,-57.78019279241562
1,1,block_2,2,Provo_ID3,1,1082624,1262509,1,applied_drift,1741885905850,6.351661682128906,-57.78019279241562
1,1,block_2,2,Provo_ID3,1,1082624,1262509,1,applied_drift,1741885905883,6.351661682128906,-57.78019279241562
1,1,block_2,2,Provo_ID3,1,1082624,1262509,1,applied_drift,1741885905913,6.351661682128906,-57.78019279241562
1,1,block_2,2,Provo_ID3,1,1082624,1262509,1,applied_drift,1741885905950,6.351661682128906,-57.78019279241562
1,1,block_2,2,Provo_ID3,1,1082624,1262509,1,applied_drift,1741885905984,6.351661682128906,-57.78019279241562
1,1,block_2,2,Provo_ID3,1,1082624,1262509,1,applied_drift,1741885906016,6.351661682128906,-57.78019279241562
1,1,block_2,2,Provo_ID3,1,1082624,1262509,1,applied_drift,1741885906049,6.351661682128906,-57.78019279241562
1,1,block_2,2,Provo_ID3,1,1082624,1262509,1,applied_drift,1741885906082,6.351661682128906,-57.78019279241562
1,1,block_2,2,Provo_ID3,1,1082624,1262509,1,applied_drift,1741885906117,6.351661682128906,-57.78019279241562
1,1,block_2,2,Provo_ID3,1,1082624,1262509,1,applied_drift,1741885906150,6.351661682128906,-57.78019279241562
1,1,block_2,2,Provo_ID3,1,1082624,1262509,1,applied_drift,1741885906183,6.351661682128906,-57.78019279241562
1,1,block_2,2,Provo_ID3,1,1082624,1262509,1,applied_drift,1741885906217,6.351661682128906,-57.78019279241562
1,1,block_2,2,Provo_ID3,1,1082624,1262509,1,applied_drift,1741885906250,6.351661682128906,-57.78019279241562
1,1,block_2,2,Provo_ID3,1,1082624,1262509,1,applied_drift,1741885906282,6.351661682128906,-57.78019279241562
1,1,block_2,2,Provo_ID3,1,1082624,1262509,1,applied_drift,1741885906317,6.351661682128906,-57.78019279241562
1,1,block_2,2,Provo_ID3,1,1082624,1262509,1,applied_drift,1741885906350,6.351661682128906,-57.78019279241562
1,1,block_2,2,Provo_ID3,1,1082624,1262509,1,applied_drift,1741885906383,6.351661682128906,-57.78019279241562
1,1,block_2,2,Provo_ID3,1,1082624,1262509,1,applied_drift,1741885906417,6.351661682128906,-57.78019279241562
1,1,block_2,2,Provo_ID3,1,1082624,1262509,1,applied_drift,1741885906444,6.351661682128906,-57.78019279241562
1,1,block_2,2,Provo_ID3,1,1082624,1262509,1,applied_drift,1741885906479,6.351661682128906,-57.78019279241562
1,1,block_2,2,Provo_ID3,1,1082624,1262509,1,applied_drift,1741885906510,6.351661682128906,-57.78019279241562
1,1,block_2,2,Provo_ID3,1,1082624,1262509,1,applied_drift,1741885906541,6.351661682128906,-57.78019279241562
1,1,block_2,2,Provo_ID3,1,1082624,1262509,1,applied_drift,1741885906589,6.351661682128906,-57.78019279241562
1,1,block_2,2,Provo_ID3,1,1082624,1262509,1,applied_drift,1741885906617,6.351661682128906,-57.78019279241562
1,1,block_2,2,Provo_ID3,1,1082624,1262509,1,applied_drift,1741885906645,6.351661682128906,-57.78019279241562
1,1,block_2,2,Provo_ID3,1,1082624,1262509,1,applied_drift,1741885906689,6.351661682128906,-57.78019279241562
1,1,block_2,2,Provo_ID3,1,1082624,1262509,1,applied_drift,1741885906722,6.351661682128906,-57.78019279241562
1,1,block_2,2,Provo_ID3,1,1082624,1262509,1,applied_drift,1741885906753,6.351661682128906,-57.78019279241562
1,1,block_2,2,Provo_ID3,1,1082624,1262509,1,applied_drift,1741885906774,6.351661682128906,-57.78019279241562
1,1,block_2,2,Provo_ID3,1,1082624,1262509,1,applied_drift,1741885906817,6.351661682128906,-57.78019279241562
1,1,block_2,2,Provo_ID3,1,1082624,1262509,1,applied_drift,1741885906852,6.351661682128906,-57.78019279241562
1,1,block_2,2,Provo_ID3,1,1082624,1262509,1,applied_drift,1741885906885,6.351661682128906,-57.78019279241562
1,1,block_2,2,Provo_ID3,1,1082624,1262509,1,applied_drift,1741885906927,6.351661682128906,-57.78019279241562
1,1,block_2,2,Provo_ID3,1,1082624,1262509,1,applied_drift,1741885906945,6.351661682128906,-57.78019279241562
1,1,block_2,2,Provo_ID3,1,1082624,1262509,1,applied_drift,1741885906984,6.351661682128906,-57.78019279241562
1,1,block_2,2,Provo_ID3,1,1082624,1262509,1,applied_drift,1741885907017,6.351661682128906,-57.78019279241562
1,1,block_2,2,Provo_ID3,1,1082624,1262509,1,applied_drift,1741885907050,6.351661682128906,-57.78019279241562
1,1,block_2,2,Provo_ID3,1,1082624,1262509,1,applied_drift,1741885907089,6.351661682128906,-57.78019279241562
1,1,block_2,2,Provo_ID3,1,1082624,1262509,1,applied_drift,1741885907111,6.351661682128906,-57.78019279241562
1,1,block_2,2,Provo_ID3,1,1082624,1262509,1,applied_drift,1741885907154,6.351661682128906,-57.78019279241562
1,1,block_2,2,Provo_ID3,1,1082624,1262509,1,applied_drift,1741885907183,6.351661682128906,-57.78019279241562
1,1,block_2,2,Provo_ID3,1,1082624,1262509,1,applied_drift,1741885907216,6.351661682128906,-57.78019279241562
1,1,block_2,2,Provo_ID3,1,1082624,1262509,1,applied_drift,1741885907249,6.351661682128906,-57.78019279241562
1,1,block_2,2,Provo_ID3,1,1082624,1262509,1,applied_drift,1741885907277,6.351661682128906,-57.78019279241562
1,1,block_2,2,Provo_ID3,1,1082624,1262509,1,applied_drift,1741885907317,6.351661682128906,-57.78019279241562
1,1,block_2,2,Provo_ID3,1,1082624,1262509,1,applied_drift,1741885907350,6.351661682128906,-57.78019279241562
1,1,block_2,2,Provo_ID3,1,1082624,1262509,1,applied_drift,1741885907389,6.351661682128906,-57.78019279241562
1,1,block_2,2,Provo_ID3,1,1082624,1262509,1,applied_drift,1741885907413,6.351661682128906,-57.78019279241562
1,1,block_2,2,Provo_ID3,1,1082624,1262509,1,applied_drift,1741885907444,6.351661682128906,-57.78019279241562
1,1,block_2,2,Provo_ID3,1,1082624,1262509,1,applied_drift,1741885907488,6.351661682128906,-57.78019279241562
1,1,block_2,2,Provo_ID3,1,1082624,1262509,1,applied_drift,1741885907512,6.351661682128906,-57.78019279241562
1,1,block_2,2,Provo_ID3,1,1082624,1262509,1,applied_drift,1741885907547,6.351661682128906,-57.78019279241562
1,1,block_2,2,Provo_ID3,1,1082624,1262509,1,applied_drift,1741885907584,6.351661682128906,-57.78019279241562
1,1,block_2,2,Provo_ID3,1,1082624,1262509,1,applied_drift,1741885907622,6.351661682128906,-57.78019279241562
1,1,block_2,2,Provo_ID3,1,1082624,1262509,1,applied_drift,1741885907655,6.351661682128906,-57.78019279241562
1,1,block_2,2,Provo_ID3,1,1082624,1262509,1,applied_drift,1741885907680,6.351661682128906,-57.78019279241562
1,1,block_2,2,Provo_ID3,1,1082624,1262509,1,applied_drift,1741885907717,6.351661682128906,-57.78019279241562
1,1,block_2,2,Provo_ID3,1,1082624,1262509,1,applied_drift,1741885907751,6.351661682128906,-57.78019279241562
1,1,block_2,2,Provo_ID3,1,1082624,1262509,1,applied_drift,1741885907783,6.351661682128906,-57.78019279241562
1,1,block_2,2,Provo_ID3,1,1082624,1262509,1,applied_drift,1741885907817,6.351661682128906,-57.78019279241562
1,1,block_2,2,Provo_ID3,1,1082624,1262509,1,applied_drift,1741885907855,6.351661682128906,-57.78019279241562
1,1,block_2,2,Provo_ID3,1,1082624,1262509,1,applied_drift,1741885907889,6.351661682128906,-57.78019279241562
1,1,block_2,2,Provo_ID3,1,1082624,1262509,1,applied_drift,1741885907921,6.351661682128906,-57.78019279241562
1,1,block_2,2,Provo_ID3,1,1082624,1262509,1,applied_drift,1741885907949,6.351661682128906,-57.78019279241562
1,1,block_2,2,Provo_ID3,1,1082624,1262509,1,applied_drift,1741885907982,6.351661682128906,-57.78019279241562
1,1,block_2,2,Provo_ID3,1,1082624,1262509,1,applied_drift,1741885908017,6.351661682128906,-57.78019279241562
1,1,block_2,2,Provo_ID3,1,1082624,1262509,1,applied_drift,1741885908050,6.351661682128906,-57.78019279241562
1,1,block_2,2,Provo_ID3,1,1082624,1262509,1,applied_drift,1741885908087,6.351661682128906,-57.78019279241562
1,1,block_2,2,Provo_ID3,1,1082624,1262509,1,applied_drift,1741885908116,6.351661682128906,-57.78019279241562
1,1,block_2,2,Provo_ID3,1,1082624,1262509,1,applied_drift,1741885908150,6.351661682128906,-57.78019279241562
1,1,block_2,2,Provo_ID3,1,1082624,1262509,1,applied_drift,1741885908185,6.351661682128906,-57.78019279241562
1,1,block_2,2,Provo_ID3,1,1082624,1262509,1,applied_drift,1741885908213,6.351661682128906,-57.78019279241562
1,1,block_2,2,Provo_ID3,1,1082624,1262509,1,applied_drift,1741885908246,6.351661682128906,-57.78019279241562
1,1,block_2,2,Provo_ID3,1,1082624,1262509,1,applied_drift,1741885908278,6.351661682128906,-57.78019279241562
1,1,block_2,2,Provo_ID3,1,1082624,1262509,1,applied_drift,1741885908312,6.351661682128906,-57.78019279241562
1,1,block_2,2,Provo_ID3,1,1082624,1262509,1,applied_drift,1741885908350,6.351661682128906,-57.78019279241562
1,1,block_2,2,Provo_ID3,1,1082624,1262509,1,applied_drift,1741885908383,6.351661682128906,-57.78019279241562
1,1,block_2,2,Provo_ID3,1,1082624,1262509,1,applied_drift,1741885908411,6.351661682128906,-57.78019279241562
1,1,block_2,2,Provo_ID3,1,1082624,1262509,1,applied_drift,1741885908445,6.351661682128906,-57.78019279241562
1,1,block_2,2,Provo_ID3,1,1082624,1262509,1,applied_drift,1741885908478,6.351661682128906,-57.78019279241562
1,1,block_2,2,Provo_ID3,1,1082624,1262509,1,applied_drift,1741885908516,6.351661682128906,-57.78019279241562
1,1,block_2,2,Provo_ID3,1,1082624,1262509,1,applied_drift,1741885908540,6.351661682128906,-57.78019279241562
1,1,block_2,2,Provo_ID3,1,1082624,1262509,1,applied_drift,1741885908573,6.351661682128906,-57.78019279241562
1,1,block_2,2,Provo_ID3,1,1082624,1262509,1,applied_drift,1741885908621,6.351661682128906,-57.78019279241562
1,1,block_2,2,Provo_ID3,1,1082624,1262509,1,applied_drift,1741885908648,6.351661682128906,-57.78019279241562
1,1,block_2,2,Provo_ID3,1,1082624,1262509,1,applied_drift,1741885908682,6.351661682128906,-57.78019279241562
1,1,block_2,2,Provo_ID3,1,1082624,1262509,1,applied_drift,1741885908715,6.351661682128906,-57.78019279241562
1,1,block_2,2,Provo_ID3,1,1082624,1262509,1,applied_drift,1741885908749,6.351661682128906,-57.78019279241562
1,1,block_2,2,Provo_ID3,1,1082624,1262509,1,applied_drift,1741885908777,6.351661682128906,-57.78019279241562
1,1,block_2,2,Provo_ID3,1,1082624,1262509,1,applied_drift,1741885908812,6.351661682128906,-57.78019279241562
1,1,block_2,2,Provo_ID3,1,1082624,1262509,1,applied_drift,1741885908854,6.351661682128906,-57.78019279241562
1,1,block_2,2,Provo_ID3,1,1082624,1262509,1,applied_drift,1741885908887,6.351661682128906,-57.78019279241562
1,1,block_2,2,Provo_ID3,1,1082624,1262509,1,applied_drift,1741885908917,6.351661682128906,-57.78019279241562
1,1,block_2,2,Provo_ID3,1,1082624,1262509,1,applied_drift,1741885908950,6.351661682128906,-57.78019279241562
1,1,block_2,2,Provo_ID3,1,1082624,1262509,1,applied_drift,1741885908982,6.351661682128906,-57.78019279241562
1,1,block_2,2,Provo_ID3,1,1082624,1262509,1,applied_drift,1741885909020,6.351661682128906,-57.78019279241562
1,1,block_2,2,Provo_ID3,1,1082624,1262509,1,applied_drift,1741885909053,6.351661682128906,-57.78019279241562
1,1,block_2,2,Provo_ID3,1,1082624,1262509,1,applied_drift,1741885909083,6.351661682128906,-57.78019279241562
1,1,block_2,2,Provo_ID3,1,1082624,1262509,1,applied_drift,1741885909115,6.351661682128906,-57.78019279241562
1,1,block_2,2,Provo_ID3,1,1082624,1262509,1,applied_drift,1741885909146,6.351661682128906,-57.78019279241562
1,1,block_2,2,Provo_ID3,1,1082624,1262509,1,applied_drift,1741885909178,6.351661682128906,-57.78019279241562
1,1,block_2,2,Provo_ID3,1,1082624,1262509,1,applied_drift,1741885909212,6.351661682128906,-57.78019279241562
1,1,block_2,2,Provo_ID3,1,1082624,1262509,1,applied_drift,1741885909244,6.351661682128906,-57.78019279241562
1,1,block_2,2,Provo_ID3,1,1082624,1262509,1,applied_drift,1741885909279,6.351661682128906,-57.78019279241562
1,1,block_2,2,Provo_ID3,1,1082624,1262509,1,applied_drift,1741885909311,6.351661682128906,-57.78019279241562
1,1,block_2,2,Provo_ID3,1,1082624,1262509,1,applied_drift,1741885909345,6.351661682128906,-57.78019279241562
1,1,block_2,2,Provo_ID3,1,1082624,1262509,1,applied_drift,1741885909378,6.351661682128906,-57.78019279241562
1,1,block_2,2,Provo_ID3,1,1082624,1262509,1,applied_drift,1741885909412,6.351661682128906,-57.78019279241562
1,1,block_2,2,Provo_ID3,1,1082624,1262509,1,applied_drift,1741885909444,6.351661682128906,-57.78019279241562
1,1,block_2,2,Provo_ID3,1,1082624,1262509,1,applied_drift,1741885909474,6.351661682128906,-57.78019279241562
1,1,block_2,2,Provo_ID3,1,1082624,1262509,1,applied_drift,1741885909507,6.351661682128906,-57.78019279241562
1,1,block_2,2,Provo_ID3,1,1082624,1262509,1,applied_drift,1741885909549,6.351661682128906,-57.78019279241562
1,1,block_2,2,Provo_ID3,1,1082624,1262509,1,applied_drift,1741885909582,6.351661682128906,-57.78019279241562
1,1,block_2,2,Provo_ID3,1,1082624,1262509,1,applied_drift,1741885909617,6.351661682128906,-57.78019279241562
1,1,block_2,2,Provo_ID3,1,1082624,1262509,1,applied_drift,1741885909650,6.351661682128906,-57.78019279241562
1,1,block_2,2,Provo_ID3,1,1082624,1262509,1,applied_drift,1741885909679,6.351661682128906,-57.78019279241562
1,1,block_2,2,Provo_ID3,1,1082624,1262509,1,applied_drift,1741885909719,6.351661682128906,-57.78019279241562
1,1,block_2,2,Provo_ID3,1,1082624,1262509,1,applied_drift,1741885909755,6.351661682128906,-57.78019279241562
1,1,block_2,2,Provo_ID3,1,1082624,1262509,1,applied_drift,1741885909789,6.351661682128906,-57.78019279241562
1,1,block_2,2,Provo_ID3,1,1082624,1262509,1,applied_drift,1741885909817,6.351661682128906,-57.78019279241562
1,1,block_2,2,Provo_ID3,1,1082624,1262509,1,applied_drift,1741885909851,6.351661682128906,-57.78019279241562
1,1,block_2,2,Provo_ID3,1,1082624,1262509,1,applied_drift,1741885909889,6.351661682128906,-57.78019279241562
1,1,block_2,2,Provo_ID3,1,1082624,1262509,1,applied_drift,1741885909917,6.351661682128906,-57.78019279241562
1,1,block_2,2,Provo_ID3,1,1082624,1262509,1,applied_drift,1741885909950,6.351661682128906,-57.78019279241562
1,1,block_2,2,Provo_ID3,1,1082624,1262509,1,applied_drift,1741885909978,6.351661682128906,-57.78019279241562
1,1,block_2,2,Provo_ID3,1,1082624,1262509,1,applied_drift,1741885910012,6.351661682128906,-57.78019279241562
1,1,block_2,2,Provo_ID3,1,1082624,1262509,1,applied_drift,1741885910045,6.351661682128906,-57.78019279241562
1,1,block_2,2,Provo_ID3,1,1082624,1262509,1,applied_drift,1741885910083,6.351661682128906,-57.78019279241562
1,1,block_2,2,Provo_ID3,1,1082624,1262509,1,applied_drift,1741885910122,6.351661682128906,-57.78019279241562
1,1,block_2,2,Provo_ID3,1,1082624,1262509,1,applied_drift,1741885910154,6.351661682128906,-57.78019279241562
1,1,block_2,2,Provo_ID3,1,1082624,1262509,1,applied_drift,1741885910184,6.351661682128906,-57.78019279241562
1,1,block_2,2,Provo_ID3,1,1082624,1262509,1,applied_drift,1741885910217,6.351661682128906,-57.78019279241562
1,1,block_2,2,Provo_ID3,1,1082624,1262509,1,applied_drift,1741885910252,6.351661682128906,-57.78019279241562
1,1,block_2,2,Provo_ID3,1,1082624,1262509,1,applied_drift,1741885910288,6.351661682128906,-57.78019279241562
1,1,block_2,2,Provo_ID3,1,1082624,1262509,1,applied_drift,1741885910322,6.351661682128906,-57.78019279241562
1,1,block_2,2,Provo_ID3,1,1082624,1262509,1,applied_drift,1741885910349,6.351661682128906,-57.78019279241562
1,1,block_2,2,Provo_ID3,1,1082624,1262509,1,applied_drift,1741885910383,6.351661682128906,-57.78019279241562
1,1,block_2,2,Provo_ID3,1,1082624,1262509,1,applied_drift,1741885910417,6.351661682128906,-57.78019279241562
1,1,block_2,2,Provo_ID3,1,1082624,1262509,1,applied_drift,1741885910450,6.351661682128906,-57.78019279241562
1,1,block_2,2,Provo_ID3,1,1082624,1262509,1,applied_drift,1741885910485,6.351661682128906,-57.78019279241562
1,1,block_2,2,Provo_ID3,1,1082624,1262509,1,applied_drift,1741885910515,6.351661682128906,-57.78019279241562
1,1,block_2,2,Provo_ID3,1,1082624,1262509,1,applied_drift,1741885910550,6.351661682128906,-57.78019279241562
1,1,block_2,2,Provo_ID3,1,1082624,1262509,1,applied_drift,1741885910583,6.351661682128906,-57.78019279241562
1,1,block_2,2,Provo_ID3,1,1082624,1262509,1,applied_drift,1741885910617,6.351661682128906,-57.78019279241562
1,1,block_2,2,Provo_ID3,1,1082624,1262509,1,applied_drift,1741885910650,6.351661682128906,-57.78019279241562
1,1,block_2,2,Provo_ID3,1,1082624,1262509,1,applied_drift,1741885910683,6.351661682128906,-57.78019279241562
1,1,block_2,2,Provo_ID3,1,1082624,1262509,1,applied_drift,1741885910716,6.351661682128906,-57.78019279241562
1,1,block_2,2,Provo_ID3,1,1082624,1262509,1,applied_drift,1741885910749,6.351661682128906,-57.78019279241562
1,1,block_2,2,Provo_ID3,1,1082624,1262509,1,applied_drift,1741885910784,6.351661682128906,-57.78019279241562
1,1,block_2,2,Provo_ID3,1,1082624,1262509,1,applied_drift,1741885910817,6.351661682128906,-57.78019279241562
1,1,block_2,2,Provo_ID3,1,1082624,1262509,1,applied_drift,1741885910850,6.351661682128906,-57.78019279241562
1,1,block_2,2,Provo_ID3,1,1082624,1262509,1,applied_drift,1741885910878,6.351661682128906,-57.78019279241562
1,1,block_2,2,Provo_ID3,1,1082624,1262509,1,applied_drift,1741885910912,6.351661682128906,-57.78019279241562
1,1,block_2,2,Provo_ID3,1,1082624,1262509,1,applied_drift,1741885910950,6.351661682128906,-57.78019279241562
1,1,block_2,2,Provo_ID3,1,1082624,1262509,1,applied_drift,1741885910984,6.351661682128906,-57.78019279241562
1,1,block_2,2,Provo_ID3,1,1082624,1262509,1,applied_drift,1741885911010,6.351661682128906,-57.78019279241562
1,1,block_2,2,Provo_ID3,1,1082624,1262509,1,applied_drift,1741885911054,6.351661682128906,-57.78019279241562
1,1,block_2,2,Provo_ID3,1,1082624,1262509,1,applied_drift,1741885911083,6.351661682128906,-57.78019279241562
1,1,block_2,2,Provo_ID3,1,1082624,1262509,1,applied_drift,1741885911115,6.351661682128906,-57.78019279241562
1,1,block_2,2,Provo_ID3,1,1082624,1262509,1,applied_drift,1741885911143,6.351661682128906,-57.78019279241562
1,1,block_2,2,Provo_ID3,1,1082624,1262509,1,applied_drift,1741885911184,6.351661682128906,-57.78019279241562
1,1,block_2,2,Provo_ID3,1,1082624,1262509,1,applied_drift,1741885911212,6.351661682128906,-57.78019279241562
1,1,block_2,2,Provo_ID3,1,1082624,1262509,1,applied_drift,1741885911250,6.351661682128906,-57.78019279241562
1,1,block_2,2,Provo_ID3,1,1082624,1262509,1,applied_drift,1741885911285,6.351661682128906,-57.78019279241562
1,1,block_2,2,Provo_ID3,1,1082624,1262509,1,applied_drift,1741885911317,6.351661682128906,-57.78019279241562
1,1,block_2,2,Provo_ID3,1,1082624,1262509,1,applied_drift,1741885911350,6.351661682128906,-57.78019279241562
1,1,block_2,2,Provo_ID3,1,1082624,1262509,1,applied_drift,1741885911383,6.351661682128906,-57.78019279241562
1,1,block_2,2,Provo_ID3,1,1082624,1262509,1,applied_drift,1741885911410,6.351661682128906,-57.78019279241562
1,1,block_2,2,Provo_ID3,1,1082624,1262509,1,applied_drift,1741885911445,6.351661682128906,-57.78019279241562
1,1,block_2,2,Provo_ID3,1,1082624,1262509,1,applied_drift,1741885911478,6.351661682128906,-57.78019279241562
1,1,block_2,2,Provo_ID3,1,1082624,1262509,1,applied_drift,1741885911512,6.351661682128906,-57.78019279241562
1,1,block_2,2,Provo_ID3,1,1082624,1262509,1,applied_drift,1741885911543,6.351661682128906,-57.78019279241562
1,1,block_2,2,Provo_ID3,1,1082624,1262509,1,applied_drift,1741885911578,6.351661682128906,-57.78019279241562
1,1,block_2,2,Provo_ID3,1,1082624,1262509,1,applied_drift,1741885911612,6.351661682128906,-57.78019279241562
1,1,block_2,2,Provo_ID3,1,1082624,1262509,1,applied_drift,1741885911646,6.351661682128906,-57.78019279241562
1,1,block_2,2,Provo_ID3,1,1082624,1262509,1,applied_drift,1741885911679,6.351661682128906,-57.78019279241562
1,1,block_2,2,Provo_ID3,1,1082624,1262509,1,applied_drift,1741885911712,6.351661682128906,-57.78019279241562
1,1,block_2,2,Provo_ID3,1,1082624,1262509,1,applied_drift,1741885911745,6.351661682128906,-57.78019279241562
1,1,block_2,2,Provo_ID3,1,1082624,1262509,1,applied_drift,1741885911779,6.351661682128906,-57.78019279241562
1,1,block_2,2,Provo_ID3,1,1082624,1262509,1,applied_drift,1741885911817,6.351661682128906,-57.78019279241562
1,1,block_2,2,Provo_ID3,1,1082624,1262509,1,applied_drift,1741885911850,6.351661682128906,-57.78019279241562
1,1,block_2,2,Provo_ID3,1,1082624,1262509,1,applied_drift,1741885911883,6.351661682128906,-57.78019279241562
1,1,block_2,2,Provo_ID3,1,1082624,1262509,1,applied_drift,1741885911917,6.351661682128906,-57.78019279241562
1,1,block_2,2,Provo_ID3,1,1082624,1262509,1,applied_drift,1741885911949,6.351661682128906,-57.78019279241562
1,1,block_2,2,Provo_ID3,1,1082624,1262509,1,applied_drift,1741885911984,6.351661682128906,-57.78019279241562
1,1,block_2,2,Provo_ID3,1,1082624,1262509,1,applied_drift,1741885912016,6.351661682128906,-57.78019279241562
1,1,block_2,2,Provo_ID3,1,1082624,1262509,1,applied_drift,1741885912050,6.351661682128906,-57.78019279241562
1,1,block_2,2,Provo_ID3,1,1082624,1262509,1,applied_drift,1741885912080,6.351661682128906,-57.78019279241562
1,1,block_2,2,Provo_ID3,1,1082624,1262509,1,applied_drift,1741885912112,6.351661682128906,-57.78019279241562
1,1,block_2,2,Provo_ID3,1,1082624,1262509,1,applied_drift,1741885912145,6.351661682128906,-57.78019279241562
1,1,block_2,2,Provo_ID3,1,1082624,1262509,1,applied_drift,1741885912177,6.351661682128906,-57.78019279241562
1,1,block_2,2,Provo_ID3,1,1082624,1262509,1,applied_drift,1741885912212,6.351661682128906,-57.78019279241562
1,1,block_2,2,Provo_ID3,1,1082624,1262509,1,applied_drift,1741885912245,6.351661682128906,-57.78019279241562
1,1,block_2,2,Provo_ID3,1,1082624,1262509,1,applied_drift,1741885912278,6.351661682128906,-57.78019279241562
1,1,block_2,2,Provo_ID3,1,1082624,1262509,1,applied_drift,1741885912312,6.351661682128906,-57.78019279241562
1,1,block_2,2,Provo_ID3,1,1082624,1262509,1,applied_drift,1741885912345,6.351661682128906,-57.78019279241562
1,1,block_2,2,Provo_ID3,1,1082624,1262509,1,applied_drift,1741885912380,6.351661682128906,-57.78019279241562
1,1,block_2,2,Provo_ID3,1,1082624,1262509,1,applied_drift,1741885912412,6.351661682128906,-57.78019279241562
1,1,block_2,2,Provo_ID3,1,1082624,1262509,1,applied_drift,1741885912446,6.351661682128906,-57.78019279241562
1,1,block_2,2,Provo_ID3,1,1082624,1262509,1,applied_drift,1741885912479,6.351661682128906,-57.78019279241562
1,1,block_2,2,Provo_ID3,1,1082624,1262509,1,applied_drift,1741885912513,6.351661682128906,-57.78019279241562
1,1,block_2,2,Provo_ID3,1,1082624,1262509,1,applied_drift,1741885912542,6.351661682128906,-57.78019279241562
1,1,block_2,2,Provo_ID3,1,1082624,1262509,1,applied_drift,1741885912574,6.351661682128906,-57.78019279241562
1,1,block_2,2,Provo_ID3,1,1082624,1262509,1,applied_drift,1741885912617,6.351661682128906,-57.78019279241562
1,1,block_2,2,Provo_ID3,1,1082624,1262509,1,applied_drift,1741885912653,6.351661682128906,-57.78019279241562
1,1,block_2,2,Provo_ID3,1,1082624,1262509,1,applied_drift,1741885912689,6.351661682128906,-57.78019279241562
1,1,block_2,2,Provo_ID3,1,1082624,1262509,1,applied_drift,1741885912713,6.351661682128906,-57.78019279241562
1,1,block_2,2,Provo_ID3,1,1082624,1262509,1,applied_drift,1741885912751,6.351661682128906,-57.78019279241562
1,1,block_2,2,Provo_ID3,1,1082624,1262509,1,applied_drift,1741885912784,6.351661682128906,-57.78019279241562
1,1,block_2,2,Provo_ID3,1,1082624,1262509,1,applied_drift,1741885912818,6.351661682128906,-57.78019279241562
1,1,block_2,2,Provo_ID3,1,1082624,1262509,1,applied_drift,1741885912841,6.351661682128906,-57.78019279241562
1,1,block_2,2,Provo_ID3,1,1082624,1262509,1,applied_drift,1741885912884,6.351661682128906,-57.78019279241562
1,1,block_2,2,Provo_ID3,1,1082624,1262509,1,applied_drift,1741885912916,6.351661682128906,-57.78019279241562
1,1,block_2,2,Provo_ID3,1,1082624,1262509,1,applied_drift,1741885912950,6.351661682128906,-57.78019279241562
1,1,block_2,2,Provo_ID3,1,1082624,1262509,1,applied_drift,1741885912984,6.351661682128906,-57.78019279241562
1,1,block_2,2,Provo_ID3,1,1082624,1262509,1,applied_drift,1741885913008,6.351661682128906,-57.78019279241562
1,1,block_2,2,Provo_ID3,1,1082624,1262509,1,applied_drift,1741885913050,6.351661682128906,-57.78019279241562
1,1,block_2,2,Provo_ID3,1,1082624,1262509,1,applied_drift,1741885913084,6.351661682128906,-57.78019279241562
1,1,block_2,2,Provo_ID3,1,1082624,1262509,1,applied_drift,1741885913122,6.351661682128906,-57.78019279241562
1,1,block_2,2,Provo_ID3,1,1082624,1262509,1,applied_drift,1741885913146,6.351661682128906,-57.78019279241562
1,1,block_2,2,Provo_ID3,1,1082624,1262509,1,applied_drift,1741885913185,6.351661682128906,-57.78019279241562
1,1,block_2,2,Provo_ID3,1,1082624,1262509,1,applied_drift,1741885913217,6.351661682128906,-57.78019279241562
1,1,block_2,2,Provo_ID3,1,1082624,1262509,1,applied_drift,1741885913250,6.351661682128906,-57.78019279241562
1,1,block_2,2,Provo_ID3,1,1082624,1262509,1,applied_drift,1741885913282,6.351661682128906,-57.78019279241562
1,1,block_2,2,Provo_ID3,1,1082624,1262509,1,applied_drift,1741885913313,6.351661682128906,-57.78019279241562
1,1,block_2,2,Provo_ID3,1,1082624,1262509,1,applied_drift,1741885913347,6.351661682128906,-57.78019279241562
1,1,block_2,2,Provo_ID3,1,1082624,1262509,1,applied_drift,1741885913377,6.351661682128906,-57.78019279241562
1,1,block_2,2,Provo_ID3,1,1082624,1262509,1,applied_drift,1741885913410,6.351661682128906,-57.78019279241562
1,1,block_2,2,Provo_ID3,1,1082624,1262509,1,applied_drift,1741885913449,6.351661682128906,-57.78019279241562
1,1,block_2,2,Provo_ID3,1,1082624,1262509,1,applied_drift,1741885913478,6.351661682128906,-57.78019279241562
1,1,block_2,2,Provo_ID3,1,1082624,1262509,1,applied_drift,1741885913514,6.351661682128906,-57.78019279241562
1,1,block_2,2,Provo_ID3,1,1082624,1262509,1,applied_drift,1741885913550,6.351661682128906,-57.78019279241562
1,1,block_2,2,Provo_ID3,1,1082624,1262509,1,applied_drift,1741885913583,6.351661682128906,-57.78019279241562
1,1,block_2,2,Provo_ID3,1,1082624,1262509,1,applied_drift,1741885913615,6.351661682128906,-57.78019279241562
1,1,block_2,2,Provo_ID3,1,1082624,1262509,1,applied_drift,1741885913645,6.351661682128906,-57.78019279241562
1,1,block_2,2,Provo_ID3,1,1082624,1262509,1,applied_drift,1741885913678,6.351661682128906,-57.78019279241562
1,1,block_2,2,Provo_ID3,1,1082624,1262509,1,applied_drift,1741885913711,6.351661682128906,-57.78019279241562
1,1,block_2,2,Provo_ID3,1,1082624,1262509,1,applied_drift,1741885913751,6.351661682128906,-57.78019279241562
1,1,block_2,2,Provo_ID3,1,1082624,1262509,1,applied_drift,1741885913783,6.351661682128906,-57.78019279241562
1,1,block_2,2,Provo_ID3,1,1082624,1262509,1,applied_drift,1741885913816,6.351661682128906,-57.78019279241562
1,1,block_2,2,Provo_ID3,1,1082624,1262509,1,applied_drift,1741885913849,6.351661682128906,-57.78019279241562
1,1,block_2,2,Provo_ID3,1,1082624,1262509,1,applied_drift,1741885913882,6.351661682128906,-57.78019279241562
1,1,block_2,2,Provo_ID3,1,1082624,1262509,1,applied_drift,1741885913917,6.351661682128906,-57.78019279241562
1,1,block_2,2,Provo_ID3,1,1082624,1262509,1,applied_drift,1741885913950,6.351661682128906,-57.78019279241562
1,1,block_2,2,Provo_ID3,1,1082624,1262509,1,applied_drift,1741885913983,6.351661682128906,-57.78019279241562
1,1,block_2,2,Provo_ID3,1,1082624,1262509,1,applied_drift,1741885914014,6.351661682128906,-57.78019279241562
1,1,block_2,2,Provo_ID3,1,1082624,1262509,1,applied_drift,1741885914049,6.351661682128906,-57.78019279241562
1,1,block_2,2,Provo_ID3,1,1082624,1262509,1,applied_drift,1741885914082,6.351661682128906,-57.78019279241562
1,1,block_2,2,Provo_ID3,1,1082624,1262509,1,applied_drift,1741885914115,6.351661682128906,-57.78019279241562
1,1,block_2,2,Provo_ID3,1,1082624,1262509,1,applied_drift,1741885914147,6.351661682128906,-57.78019279241562
1,1,block_2,2,Provo_ID3,1,1082624,1262509,1,applied_drift,1741885914182,6.351661682128906,-57.78019279241562
1,1,block_2,2,Provo_ID3,1,1082624,1262509,1,applied_drift,1741885914210,6.351661682128906,-57.78019279241562
1,1,block_2,2,Provo_ID3,1,1082624,1262509,1,applied_drift,1741885914244,6.351661682128906,-57.78019279241562
1,1,block_2,2,Provo_ID3,1,1082624,1262509,1,applied_drift,1741885914277,6.351661682128906,-57.78019279241562
1,1,block_2,2,Provo_ID3,1,1082624,1262509,1,applied_drift,1741885914313,6.351661682128906,-57.78019279241562
1,1,block_2,2,Provo_ID3,1,1082624,1262509,1,applied_drift,1741885914344,6.351661682128906,-57.78019279241562
1,1,block_2,2,Provo_ID3,1,1082624,1262509,1,applied_drift,1741885914380,6.351661682128906,-57.78019279241562
1,1,block_2,2,Provo_ID3,1,1082624,1262509,1,applied_drift,1741885914411,6.351661682128906,-57.78019279241562
1,1,block_2,2,Provo_ID3,1,1082624,1262509,1,applied_drift,1741885914447,6.351661682128906,-57.78019279241562
1,1,block_2,2,Provo_ID3,1,1082624,1262509,1,applied_drift,1741885914485,6.351661682128906,-57.78019279241562
1,1,block_2,2,Provo_ID3,1,1082624,1262509,1,applied_drift,1741885914517,6.351661682128906,-57.78019279241562
1,1,block_2,2,Provo_ID3,1,1082624,1262509,1,applied_drift,1741885914551,6.351661682128906,-57.78019279241562
1,1,block_2,2,Provo_ID3,1,1082624,1262509,1,applied_drift,1741885914575,6.351661682128906,-57.78019279241562
1,1,block_2,2,Provo_ID3,1,1082624,1262509,1,applied_drift,1741885914617,6.351661682128906,-57.78019279241562
1,1,block_2,2,Provo_ID3,1,1082624,1262509,1,applied_drift,1741885914645,6.351661682128906,-57.78019279241562
1,1,block_2,2,Provo_ID3,1,1082624,1262509,1,applied_drift,1741885914675,6.351661682128906,-57.78019279241562
1,1,block_2,2,Provo_ID3,1,1082624,1262509,1,applied_drift,1741885914713,6.351661682128906,-57.78019279241562
1,1,block_2,2,Provo_ID3,1,1082624,1262509,1,applied_drift,1741885914748,6.351661682128906,-57.78019279241562
1,1,block_2,2,Provo_ID3,1,1082624,1262509,1,applied_drift,1741885914778,6.351661682128906,-57.78019279241562
1,1,block_2,2,Provo_ID3,1,1082624,1262509,1,applied_drift,1741885914817,6.351661682128906,-57.78019279241562
1,1,block_2,2,Provo_ID3,1,1082624,1262509,1,applied_drift,1741885914849,6.351661682128906,-57.78019279241562
1,1,block_2,2,Provo_ID3,1,1082624,1262509,1,applied_drift,1741885914879,6.351661682128906,-57.78019279241562
1,1,block_2,2,Provo_ID3,1,1082624,1262509,1,applied_drift,1741885914912,6.351661682128906,-57.78019279241562
1,1,block_2,2,Provo_ID3,1,1082624,1262509,1,applied_drift,1741885914940,6.351661682128906,-57.78019279241562
1,1,block_2,2,Provo_ID3,1,1082624,1262509,1,applied_drift,1741885914976,6.351661682128906,-57.78019279241562
1,1,block_2,2,Provo_ID3,1,1082624,1262509,1,applied_drift,1741885915006,6.351661682128906,-57.78019279241562
1,1,block_2,2,Provo_ID3,1,1082624,1262509,1,applied_drift,1741885915041,6.351661682128906,-57.78019279241562
1,1,block_2,2,Provo_ID3,1,1082624,1262509,1,applied_drift,1741885915089,6.351661682128906,-57.78019279241562
1,1,block_2,2,Provo_ID3,1,1082624,1262509,1,applied_drift,1741885915109,6.351661682128906,-57.78019279241562
1,1,block_2,2,Provo_ID3,1,1082624,1262509,1,applied_drift,1741885915149,6.351661682128906,-57.78019279241562
1,1,block_2,2,Provo_ID3,1,1082624,1262509,1,applied_drift,1741885915186,6.351661682128906,-57.78019279241562
1,1,block_2,2,Provo_ID3,1,1082624,1262509,1,applied_drift,1741885915215,6.351661682128906,-57.78019279241562
1,1,block_2,2,Provo_ID3,1,1082624,1262509,1,applied_drift,1741885915249,6.351661682128906,-57.78019279241562
1,1,block_2,2,Provo_ID3,1,1082624,1262509,1,applied_drift,1741885915277,6.351661682128906,-57.78019279241562
1,1,block_2,2,Provo_ID3,1,1082624,1262509,1,applied_drift,1741885915315,6.351661682128906,-57.78019279241562
1,1,block_2,2,Provo_ID3,1,1082624,1262509,1,applied_drift,1741885915348,6.351661682128906,-57.78019279241562
1,1,block_2,2,Provo_ID3,1,1082624,1262509,1,applied_drift,1741885915375,6.351661682128906,-57.78019279241562
1,1,block_2,2,Provo_ID3,1,1082624,1262509,1,applied_drift,1741885915420,6.351661682128906,-57.78019279241562
1,1,block_2,2,Provo_ID3,1,1082624,1262509,1,applied_drift,1741885915447,6.351661682128906,-57.78019279241562
1,1,block_2,2,Provo_ID3,1,1082624,1262509,1,applied_drift,1741885915481,6.351661682128906,-57.78019279241562
1,1,block_2,2,Provo_ID3,1,1082624,1262509,1,applied_drift,1741885915516,6.351661682128906,-57.78019279241562
1,1,block_2,2,Provo_ID3,1,1082624,1262509,1,applied_drift,1741885915549,6.351661682128906,-57.78019279241562
1,1,block_2,2,Provo_ID3,1,1082624,1262509,1,applied_drift,1741885915581,6.351661682128906,-57.78019279241562
1,1,block_2,2,Provo_ID3,1,1082624,1262509,1,applied_drift,1741885915612,6.351661682128906,-57.78019279241562
1,1,block_2,2,Provo_ID3,1,1082624,1262509,1,applied_drift,1741885915650,6.351661682128906,-57.78019279241562
1,1,block_2,2,Provo_ID3,1,1082624,1262509,1,applied_drift,1741885915682,6.351661682128906,-57.78019279241562
1,1,block_2,2,Provo_ID3,1,1082624,1262509,1,applied_drift,1741885915716,6.351661682128906,-57.78019279241562
1,1,block_2,2,Provo_ID3,1,1082624,1262509,1,applied_drift,1741885915751,6.351661682128906,-57.78019279241562
1,1,block_2,2,Provo_ID3,1,1082624,1262509,1,applied_drift,1741885915777,6.351661682128906,-57.78019279241562
1,1,block_2,2,Provo_ID3,1,1082624,1262509,1,applied_drift,1741885915811,6.351661682128906,-57.78019279241562
1,1,block_2,2,Provo_ID3,1,1082624,1262509,1,applied_drift,1741885915844,6.351661682128906,-57.78019279241562
1,1,block_2,2,Provo_ID3,1,1082624,1262509,1,applied_drift,1741885915877,6.351661682128906,-57.78019279241562
1,1,block_2,2,Provo_ID3,1,1082624,1262509,1,applied_drift,1741885915913,6.351661682128906,-57.78019279241562
1,1,block_2,2,Provo_ID3,1,1082624,1262509,1,applied_drift,1741885915945,6.351661682128906,-57.78019279241562
1,1,block_2,2,Provo_ID3,1,1082624,1262509,1,applied_drift,1741885915978,6.351661682128906,-57.78019279241562
1,1,block_2,2,Provo_ID3,1,1082624,1262509,1,applied_drift,1741885916010,6.351661682128906,-57.78019279241562
1,1,block_2,2,Provo_ID3,1,1082624,1262509,1,applied_drift,1741885916048,6.351661682128906,-57.78019279241562
1,1,block_2,2,Provo_ID3,1,1082624,1262509,1,applied_drift,1741885916078,6.351661682128906,-57.78019279241562
1,1,block_2,2,Provo_ID3,1,1082624,1262509,1,applied_drift,1741885916117,6.351661682128906,-57.78019279241562
1,1,block_2,2,Provo_ID3,1,1082624,1262509,1,applied_drift,1741885916150,6.351661682128906,-57.78019279241562
1,1,block_2,2,Provo_ID3,1,1082624,1262509,1,applied_drift,1741885916174,6.351661682128906,-57.78019279241562
1,1,block_2,2,Provo_ID3,1,1082624,1262509,1,applied_drift,1741885916215,6.351661682128906,-57.78019279241562
1,1,block_2,2,Provo_ID3,1,1082624,1262509,1,applied_drift,1741885916248,6.351661682128906,-57.78019279241562
1,1,block_2,2,Provo_ID3,1,1082624,1262509,1,applied_drift,1741885916284,6.351661682128906,-57.78019279241562
1,1,block_2,2,Provo_ID3,1,1082624,1262509,1,applied_drift,1741885916312,6.351661682128906,-57.78019279241562
1,1,block_2,2,Provo_ID3,1,1082624,1262509,1,applied_drift,1741885916351,6.351661682128906,-57.78019279241562
1,1,block_2,2,Provo_ID3,1,1082624,1262509,1,applied_drift,1741885916383,6.351661682128906,-57.78019279241562
1,1,block_2,2,Provo_ID3,1,1082624,1262509,1,applied_drift,1741885916416,6.351661682128906,-57.78019279241562
1,1,block_2,2,Provo_ID3,1,1082624,1262509,1,applied_drift,1741885916444,6.351661682128906,-57.78019279241562
1,1,block_2,2,Provo_ID3,1,1082624,1262509,1,applied_drift,1741885916484,6.351661682128906,-57.78019279241562
1,1,block_2,2,Provo_ID3,1,1082624,1262509,1,applied_drift,1741885916517,6.351661682128906,-57.78019279241562
1,1,block_2,2,Provo_ID3,1,1082624,1262509,1,applied_drift,1741885916550,6.351661682128906,-57.78019279241562
1,1,block_2,2,Provo_ID3,1,1082624,1262509,1,applied_drift,1741885916586,6.351661682128906,-57.78019279241562
1,1,block_2,2,Provo_ID3,1,1082624,1262509,1,applied_drift,1741885916617,6.351661682128906,-57.78019279241562
1,1,block_2,2,Provo_ID3,1,1082624,1262509,1,applied_drift,1741885916650,6.351661682128906,-57.78019279241562
1,1,block_2,2,Provo_ID3,1,1082624,1262509,1,applied_drift,1741885916684,6.351661682128906,-57.78019279241562
1,1,block_2,2,Provo_ID3,1,1082624,1262509,1,applied_drift,1741885916712,6.351661682128906,-57.78019279241562
1,1,block_2,2,Provo_ID3,1,1082624,1262509,1,applied_drift,1741885916760,6.351661682128906,-57.78019279241562
1,1,block_2,2,Provo_ID3,1,1082624,1262509,1,applied_drift,1741885916779,6.351661682128906,-57.78019279241562
1,1,block_2,2,Provo_ID3,1,1082624,1262509,1,applied_drift,1741885916821,6.351661682128906,-57.78019279241562
1,1,block_2,2,Provo_ID3,1,1082624,1262509,1,applied_drift,1741885916851,6.351661682128906,-57.78019279241562
1,1,block_2,2,Provo_ID3,1,1082624,1262509,1,applied_drift,1741885916887,6.351661682128906,-57.78019279241562
1,1,block_2,2,Provo_ID3,1,1082624,1262509,1,applied_drift,1741885916917,6.351661682128906,-57.78019279241562
1,1,block_2,2,Provo_ID3,1,1082624,1262509,1,applied_drift,1741885916950,6.351661682128906,-57.78019279241562
1,1,block_2,2,Provo_ID3,1,1082624,1262509,1,applied_drift,1741885916989,6.351661682128906,-57.78019279241562
1,1,block_2,2,Provo_ID3,1,1082624,1262509,1,applied_drift,1741885917017,6.351661682128906,-57.78019279241562
1,1,block_2,2,Provo_ID3,1,1082624,1262509,1,applied_drift,1741885917050,6.351661682128906,-57.78019279241562
1,1,block_2,2,Provo_ID3,1,1082624,1262509,1,applied_drift,1741885917080,6.351661682128906,-57.78019279241562
1,1,block_2,2,Provo_ID3,1,1082624,1262509,1,applied_drift,1741885917117,6.351661682128906,-57.78019279241562
1,1,block_2,2,Provo_ID3,1,1082624,1262509,1,applied_drift,1741885917145,6.351661682128906,-57.78019279241562
1,1,block_2,2,Provo_ID3,1,1082624,1262509,1,applied_drift,1741885917177,6.351661682128906,-57.78019279241562
1,1,block_2,2,Provo_ID3,1,1082624,1262509,1,applied_drift,1741885917212,6.351661682128906,-57.78019279241562
1,1,block_2,2,Provo_ID3,1,1082624,1262509,1,applied_drift,1741885917250,6.351661682128906,-57.78019279241562
1,1,block_2,2,Provo_ID3,1,1082624,1262509,1,applied_drift,1741885917284,6.351661682128906,-57.78019279241562
1,1,block_2,2,Provo_ID3,1,1082624,1262509,1,applied_drift,1741885917317,6.351661682128906,-57.78019279241562
1,1,block_2,2,Provo_ID3,1,1082624,1262509,1,applied_drift,1741885917353,6.351661682128906,-57.78019279241562
1,1,block_2,2,Provo_ID3,1,1082624,1262509,1,applied_drift,1741885917383,6.351661682128906,-57.78019279241562
1,1,block_2,2,Provo_ID3,1,1082624,1262509,1,applied_drift,1741885917412,6.351661682128906,-57.78019279241562
1,1,block_2,2,Provo_ID3,1,1082624,1262509,1,applied_drift,1741885917444,6.351661682128906,-57.78019279241562
1,1,block_2,2,Provo_ID3,1,1082624,1262509,1,applied_drift,1741885917484,6.351661682128906,-57.78019279241562
1,1,block_2,2,Provo_ID3,1,1082624,1262509,1,applied_drift,1741885917512,6.351661682128906,-57.78019279241562
1,1,block_2,2,Provo_ID3,1,1082624,1262509,1,applied_drift,1741885917550,6.351661682128906,-57.78019279241562
1,1,block_2,2,Provo_ID3,1,1082624,1262509,1,applied_drift,1741885917578,6.351661682128906,-57.78019279241562
1,1,block_2,2,Provo_ID3,1,1082624,1262509,1,applied_drift,1741885917613,6.351661682128906,-57.78019279241562
1,1,block_2,2,Provo_ID3,1,1082624,1262509,1,applied_drift,1741885917651,6.351661682128906,-57.78019279241562
1,1,block_2,2,Provo_ID3,1,1082624,1262509,1,applied_drift,1741885917683,6.351661682128906,-57.78019279241562
1,1,block_2,2,Provo_ID3,1,1082624,1262509,1,applied_drift,1741885917711,6.351661682128906,-57.78019279241562
1,1,block_2,2,Provo_ID3,1,1082624,1262509,1,applied_drift,1741885917745,6.351661682128906,-57.78019279241562
1,1,block_2,2,Provo_ID3,1,1082624,1262509,1,applied_drift,1741885917784,6.351661682128906,-57.78019279241562
1,1,block_2,2,Provo_ID3,1,1082624,1262509,1,applied_drift,1741885917812,6.351661682128906,-57.78019279241562
1,1,block_2,2,Provo_ID3,1,1082624,1262509,1,applied_drift,1741885917844,6.351661682128906,-57.78019279241562
1,1,block_2,2,Provo_ID3,1,1082624,1262509,1,applied_drift,1741885917883,6.351661682128906,-57.78019279241562
1,1,block_2,2,Provo_ID3,1,1082624,1262509,1,applied_drift,1741885917914,6.351661682128906,-57.78019279241562
1,1,block_2,2,Provo_ID3,1,1082624,1262509,1,applied_drift,1741885917945,6.351661682128906,-57.78019279241562
1,1,block_2,2,Provo_ID3,1,1082624,1262509,1,applied_drift,1741885917978,6.351661682128906,-57.78019279241562
1,1,block_2,2,Provo_ID3,1,1082624,1262509,1,applied_drift,1741885918022,6.351661682128906,-57.78019279241562
1,1,block_2,2,Provo_ID3,1,1082624,1262509,1,applied_drift,1741885918055,6.351661682128906,-57.78019279241562
1,1,block_2,2,Provo_ID3,1,1082624,1262509,1,applied_drift,1741885918089,6.351661682128906,-57.78019279241562
1,1,block_2,2,Provo_ID3,1,1082624,1262509,1,applied_drift,1741885918117,6.351661682128906,-57.78019279241562
1,1,block_2,2,Provo_ID3,1,1082624,1262509,1,applied_drift,1741885918149,6.351661682128906,-57.78019279241562
1,1,block_2,2,Provo_ID3,1,1082624,1262509,1,applied_drift,1741885918180,6.351661682128906,-57.78019279241562
1,1,block_2,2,Provo_ID3,1,1082624,1262509,1,applied_drift,1741885918217,6.351661682128906,-57.78019279241562
1,1,block_2,2,Provo_ID3,1,1082624,1262509,1,applied_drift,1741885918250,6.351661682128906,-57.78019279241562
1,1,block_2,2,Provo_ID3,1,1082624,1262509,1,applied_drift,1741885918283,6.351661682128906,-57.78019279241562
1,1,block_2,2,Provo_ID3,1,1082624,1262509,1,applied_drift,1741885918314,6.351661682128906,-57.78019279241562
1,1,block_2,2,Provo_ID3,1,1082624,1262509,1,applied_drift,1741885918345,6.351661682128906,-57.78019279241562
1,1,block_2,2,Provo_ID3,1,1082624,1262509,1,applied_drift,1741885918378,6.351661682128906,-57.78019279241562
1,1,block_2,2,Provo_ID3,1,1082624,1262509,1,applied_drift,1741885918417,6.351661682128906,-57.78019279241562
1,1,block_2,2,Provo_ID3,1,1082624,1262509,1,applied_drift,1741885918451,6.351661682128906,-57.78019279241562
1,1,block_2,2,Provo_ID3,1,1082624,1262509,1,applied_drift,1741885918487,6.351661682128906,-57.78019279241562
1,1,block_2,2,Provo_ID3,1,1082624,1262509,1,applied_drift,1741885918516,6.351661682128906,-57.78019279241562
1,1,block_2,2,Provo_ID3,1,1082624,1262509,1,applied_drift,1741885918550,6.351661682128906,-57.78019279241562
1,1,block_2,2,Provo_ID3,1,1082624,1262509,1,applied_drift,1741885918583,6.351661682128906,-57.78019279241562
1,1,block_2,2,Provo_ID3,1,1082624,1262509,1,applied_drift,1741885918617,6.351661682128906,-57.78019279241562
1,1,block_2,2,Provo_ID3,1,1082624,1262509,1,applied_drift,1741885918650,6.351661682128906,-57.78019279241562
1,1,block_2,2,Provo_ID3,1,1082624,1262509,1,applied_drift,1741885918683,6.351661682128906,-57.78019279241562
1,1,block_2,2,Provo_ID3,1,1082624,1262509,1,applied_drift,1741885918717,6.351661682128906,-57.78019279241562
1,1,block_2,2,Provo_ID3,1,1082624,1262509,1,applied_drift,1741885918750,6.351661682128906,-57.78019279241562
1,1,block_2,2,Provo_ID3,1,1082624,1262509,1,applied_drift,1741885918778,6.351661682128906,-57.78019279241562
1,1,block_2,2,Provo_ID3,1,1082624,1262509,1,applied_drift,1741885918811,6.351661682128906,-57.78019279241562
1,1,block_2,2,Provo_ID3,1,1082624,1262509,1,applied_drift,1741885918845,6.351661682128906,-57.78019279241562
1,1,block_2,2,Provo_ID3,1,1082624,1262509,1,applied_drift,1741885918878,6.351661682128906,-57.78019279241562
1,1,block_2,2,Provo_ID3,1,1082624,1262509,1,applied_drift,1741885918911,6.351661682128906,-57.78019279241562
1,1,block_2,2,Provo_ID3,1,1082624,1262509,1,applied_drift,1741885918945,6.351661682128906,-57.78019279241562
1,1,block_2,2,Provo_ID3,1,1082624,1262509,1,applied_drift,1741885918981,6.351661682128906,-57.78019279241562
1,1,block_2,2,Provo_ID3,1,1082624,1262509,1,applied_drift,1741885919017,6.351661682128906,-57.78019279241562
1,1,block_2,2,Provo_ID3,1,1082624,1262509,1,applied_drift,1741885919055,6.351661682128906,-57.78019279241562
1,1,block_2,2,Provo_ID3,1,1082624,1262509,1,applied_drift,1741885919077,6.351661682128906,-57.78019279241562
1,1,block_2,2,Provo_ID3,1,1082624,1262509,1,applied_drift,1741885919117,6.351661682128906,-57.78019279241562
1,1,block_2,2,Provo_ID3,1,1082624,1262509,1,applied_drift,1741885919148,6.351661682128906,-57.78019279241562
1,1,block_2,2,Provo_ID3,1,1082624,1262509,1,applied_drift,1741885919183,6.351661682128906,-57.78019279241562
1,1,block_2,2,Provo_ID3,1,1082624,1262509,1,applied_drift,1741885919215,6.351661682128906,-57.78019279241562
1,1,block_2,2,Provo_ID3,1,1082624,1262509,1,applied_drift,1741885919249,6.351661682128906,-57.78019279241562
1,1,block_2,2,Provo_ID3,1,1082624,1262509,1,applied_drift,1741885919279,6.351661682128906,-57.78019279241562
1,1,block_2,2,Provo_ID3,1,1082624,1262509,1,applied_drift,1741885919316,6.351661682128906,-57.78019279241562
1,1,block_2,2,Provo_ID3,1,1082624,1262509,1,applied_drift,1741885919354,6.351661682128906,-57.78019279241562
1,1,block_2,2,Provo_ID3,1,1082624,1262509,1,applied_drift,1741885919383,6.351661682128906,-57.78019279241562
1,1,block_2,2,Provo_ID3,1,1082624,1262509,1,applied_drift,1741885919413,6.351661682128906,-57.78019279241562
1,1,block_2,2,Provo_ID3,1,1082624,1262509,1,applied_drift,1741885919450,6.351661682128906,-57.78019279241562
1,1,block_2,2,Provo_ID3,1,1082624,1262509,1,applied_drift,1741885919484,6.351661682128906,-57.78019279241562
1,1,block_2,2,Provo_ID3,1,1082624,1262509,1,applied_drift,1741885919516,6.351661682128906,-57.78019279241562
1,1,block_2,2,Provo_ID3,1,1082624,1262509,1,applied_drift,1741885919551,6.351661682128906,-57.78019279241562
1,1,block_2,2,Provo_ID3,1,1082624,1262509,1,applied_drift,1741885919582,6.351661682128906,-57.78019279241562
1,1,block_2,2,Provo_ID3,1,1082624,1262509,1,applied_drift,1741885919616,6.351661682128906,-57.78019279241562
1,1,block_2,2,Provo_ID3,1,1082624,1262509,1,applied_drift,1741885919649,6.351661682128906,-57.78019279241562
1,1,block_2,2,Provo_ID3,1,1082624,1262509,1,applied_drift,1741885919682,6.351661682128906,-57.78019279241562
1,1,block_2,2,Provo_ID3,1,1082624,1262509,1,applied_drift,1741885919712,6.351661682128906,-57.78019279241562
1,1,block_2,2,Provo_ID3,1,1082624,1262509,1,applied_drift,1741885919744,6.351661682128906,-57.78019279241562
1,1,block_2,2,Provo_ID3,1,1082624,1262509,1,applied_drift,1741885919778,6.351661682128906,-57.78019279241562
1,1,block_2,2,Provo_ID3,1,1082624,1262509,1,applied_drift,1741885919810,6.351661682128906,-57.78019279241562
1,1,block_2,2,Provo_ID3,1,1082624,1262509,1,applied_drift,1741885919846,6.351661682128906,-57.78019279241562
1,1,block_2,2,Provo_ID3,1,1082624,1262509,1,applied_drift,1741885919877,6.351661682128906,-57.78019279241562
1,1,block_2,2,Provo_ID3,1,1082624,1262509,1,applied_drift,1741885919911,6.351661682128906,-57.78019279241562
1,1,block_2,2,Provo_ID3,1,1082624,1262509,1,applied_drift,1741885919940,6.351661682128906,-57.78019279241562
1,1,block_2,2,Provo_ID3,1,1082624,1262509,1,applied_drift,1741885919988,6.351661682128906,-57.78019279241562
1,1,block_2,2,Provo_ID3,1,1082624,1262509,1,applied_drift,1741885920012,6.351661682128906,-57.78019279241562
1,1,block_2,2,Provo_ID3,1,1082624,1262509,1,applied_drift,1741885920050,6.351661682128906,-57.78019279241562
1,1,block_2,2,Provo_ID3,1,1082624,1262509,1,applied_drift,1741885920089,6.351661682128906,-57.78019279241562
1,1,block_2,2,Provo_ID3,1,1082624,1262509,1,applied_drift,1741885920118,6.351661682128906,-57.78019279241562
1,1,block_2,2,Provo_ID3,1,1082624,1262509,1,applied_drift,1741885920154,6.351661682128906,-57.78019279241562
1,1,block_2,2,Provo_ID3,1,1082624,1262509,1,applied_drift,1741885920183,6.351661682128906,-57.78019279241562
1,1,block_2,2,Provo_ID3,1,1082624,1262509,1,applied_drift,1741885920217,6.351661682128906,-57.78019279241562
1,1,block_2,2,Provo_ID3,1,1082624,1262509,1,applied_drift,1741885920249,6.351661682128906,-57.78019279241562
1,1,block_2,2,Provo_ID3,1,1082624,1262509,1,applied_drift,1741885920278,6.351661682128906,-57.78019279241562
1,1,block_2,2,Provo_ID3,1,1082624,1262509,1,applied_drift,1741885920317,6.351661682128906,-57.78019279241562
1,1,block_2,2,Provo_ID3,1,1082624,1262509,1,applied_drift,1741885920348,6.351661682128906,-57.78019279241562
1,1,block_2,2,Provo_ID3,1,1082624,1262509,1,applied_drift,1741885920384,6.351661682128906,-57.78019279241562
1,1,block_2,2,Provo_ID3,1,1082624,1262509,1,applied_drift,1741885920417,6.351661682128906,-57.78019279241562
1,1,block_2,2,Provo_ID3,1,1082624,1262509,1,applied_drift,1741885920445,6.351661682128906,-57.78019279241562
1,1,block_2,2,Provo_ID3,1,1082624,1262509,1,applied_drift,1741885920481,6.351661682128906,-57.78019279241562
1,1,block_2,2,Provo_ID3,1,1082624,1262509,1,applied_drift,1741885920512,6.351661682128906,-57.78019279241562
1,1,block_2,2,Provo_ID3,1,1082624,1262509,1,applied_drift,1741885920544,6.351661682128906,-57.78019279241562
1,1,block_2,2,Provo_ID3,1,1082624,1262509,1,applied_drift,1741885920580,6.351661682128906,-57.78019279241562
1,1,block_2,2,Provo_ID3,1,1082624,1262509,1,applied_drift,1741885920617,6.351661682128906,-57.78019279241562
1,1,block_2,2,Provo_ID3,1,1082624,1262509,1,applied_drift,1741885920640,6.351661682128906,-57.78019279241562
1,1,block_2,2,Provo_ID3,1,1082624,1262509,1,applied_drift,1741885920677,6.351661682128906,-57.78019279241562
1,1,block_2,2,Provo_ID3,1,1082624,1262509,1,applied_drift,1741885920716,6.351661682128906,-57.78019279241562
1,1,block_2,2,Provo_ID3,1,1082624,1262509,1,applied_drift,1741885920751,6.351661682128906,-57.78019279241562
1,1,block_2,2,Provo_ID3,1,1082624,1262509,1,applied_drift,1741885920782,6.351661682128906,-57.78019279241562
1,1,block_2,2,Provo_ID3,1,1082624,1262509,1,applied_drift,1741885920815,6.351661682128906,-57.78019279241562
1,1,block_2,2,Provo_ID3,1,1082624,1262509,1,applied_drift,1741885920845,6.351661682128906,-57.78019279241562
1,1,block_2,2,Provo_ID3,1,1082624,1262509,1,applied_drift,1741885920877,6.351661682128906,-57.78019279241562
1,1,block_2,2,Provo_ID3,1,1082624,1262509,1,applied_drift,1741885920917,6.351661682128906,-57.78019279241562
1,1,block_2,2,Provo_ID3,1,1082624,1262509,1,applied_drift,1741885920946,6.351661682128906,-57.78019279241562
1,1,block_2,2,Provo_ID3,1,1082624,1262509,1,applied_drift,1741885920984,6.351661682128906,-57.78019279241562
1,1,block_2,2,Provo_ID3,1,1082624,1262509,1,applied_drift,1741885921016,6.351661682128906,-57.78019279241562
1,1,block_2,2,Provo_ID3,1,1082624,1262509,1,applied_drift,1741885921054,6.351661682128906,-57.78019279241562
1,1,block_2,2,Provo_ID3,1,1082624,1262509,1,applied_drift,1741885921078,6.351661682128906,-57.78019279241562
1,1,block_2,2,Provo_ID3,1,1082624,1262509,1,applied_drift,1741885921111,6.351661682128906,-57.78019279241562
1,1,block_2,2,Provo_ID3,1,1082624,1262509,1,applied_drift,1741885921144,6.351661682128906,-57.78019279241562
1,1,block_2,2,Provo_ID3,1,1082624,1262509,1,applied_drift,1741885921177,6.351661682128906,-57.78019279241562
1,1,block_2,2,Provo_ID3,1,1082624,1262509,1,applied_drift,1741885921207,6.351661682128906,-57.78019279241562
1,1,block_2,2,Provo_ID3,1,1082624,1262509,1,applied_drift,1741885921246,6.351661682128906,-57.78019279241562
1,1,block_2,2,Provo_ID3,1,1082624,1262509,1,applied_drift,1741885921289,6.351661682128906,-57.78019279241562
1,1,block_2,2,Provo_ID3,1,1082624,1262509,1,applied_drift,1741885921319,6.351661682128906,-57.78019279241562
1,1,block_2,2,Provo_ID3,1,1082624,1262509,1,applied_drift,1741885921349,6.351661682128906,-57.78019279241562
1,1,block_2,2,Provo_ID3,1,1082624,1262509,1,applied_drift,1741885921381,6.351661682128906,-57.78019279241562
1,1,block_2,2,Provo_ID3,1,1082624,1262509,1,applied_drift,1741885921416,6.351661682128906,-57.78019279241562
1,1,block_2,2,Provo_ID3,1,1082624,1262509,1,applied_drift,1741885921440,6.351661682128906,-57.78019279241562
1,1,block_2,2,Provo_ID3,1,1082624,1262509,1,applied_drift,1741885921481,6.351661682128906,-57.78019279241562
1,1,block_2,2,Provo_ID3,1,1082624,1262509,1,applied_drift,1741885921519,6.351661682128906,-57.78019279241562
1,1,block_2,2,Provo_ID3,1,1082624,1262509,1,applied_drift,1741885921548,6.351661682128906,-57.78019279241562
1,1,block_2,2,Provo_ID3,1,1082624,1262509,1,applied_drift,1741885921578,6.351661682128906,-57.78019279241562
1,1,block_2,2,Provo_ID3,1,1082624,1262509,1,applied_drift,1741885921616,6.351661682128906,-57.78019279241562
1,1,block_2,2,Provo_ID3,1,1082624,1262509,1,applied_drift,1741885921650,6.351661682128906,-57.78019279241562
1,1,block_2,2,Provo_ID3,1,1082624,1262509,1,applied_drift,1741885921682,6.351661682128906,-57.78019279241562
1,1,block_2,2,Provo_ID3,1,1082624,1262509,1,applied_drift,1741885921717,6.351661682128906,-57.78019279241562
1,1,block_2,2,Provo_ID3,1,1082624,1262509,1,applied_drift,1741885921746,6.351661682128906,-57.78019279241562
1,1,block_2,2,Provo_ID3,1,1082624,1262509,1,applied_drift,1741885921777,6.351661682128906,-57.78019279241562
1,1,block_2,2,Provo_ID3,1,1082624,1262509,1,applied_drift,1741885921811,6.351661682128906,-57.78019279241562
1,1,block_2,2,Provo_ID3,1,1082624,1262509,1,applied_drift,1741885921854,6.351661682128906,-57.78019279241562
1,1,block_2,2,Provo_ID3,1,1082624,1262509,1,applied_drift,1741885921883,6.351661682128906,-57.78019279241562
1,1,block_2,2,Provo_ID3,1,1082624,1262509,1,applied_drift,1741885921913,6.351661682128906,-57.78019279241562
1,1,block_2,2,Provo_ID3,1,1082624,1262509,1,error_trial,1741885898795,69.78381686740451
1,1,block_2,2,Provo_ID3,1,1082624,1262509,1,error_trial_x,1741885898795,37.06923166910807
1,1,block_2,2,Provo_ID3,1,1082624,1262509,1,error_trial_y,1741885898795,47.96821170383029
1,1,block_2,2,Provo_ID3,1,1082624,1262509,1,error_calibration,1741885898795,78.81319681803386
1,1,block_2,2,Provo_ID3,1,1082624,1262509,1,error_calibration_x,1741885898795,66.54381646050346
1,1,block_2,2,Provo_ID3,1,1082624,1262509,1,error_calibration_y,1741885898795,31.008336808946396
1,1,block_2,2,Provo_ID11,3,1082624,1262509,1,gaze_data,1741885970366,
1,1,block_2,2,Provo_ID11,3,1082624,1262509,1,gaze_data,1741886004432,705.5654764175415,434.69338715076447,1741886004392.4001,0.708179302973424
1,1,block_2,2,Provo_ID11,3,1082624,1262509,1,gaze_data,1741886004450,705.5654764175415,434.69338715076447,1741886004425.4001,0.708179302973424
1,1,block_2,2,Provo_ID11,3,1082624,1262509,1,gaze_data,1741886004491,701.1900663375854,436.4833891391754,1741886004458.2002,0.7668528714489922
1,1,block_2,2,Provo_ID11,3,1082624,1262509,1,gaze_data,1741886004523,701.9589424133301,438.0078077316284,1741886004492.9001,0.7411200020475831
1,1,block_2,2,Provo_ID11,3,1082624,1262509,1,gaze_data,1741886004547,704.0354013442993,439.41903710365295,1741886004525.9001,0.7411200020475831
1,1,block_2,2,Provo_ID11,3,1082624,1262509,1,gaze_data,1741886004590,701.8714189529419,447.027450799942,1741886004557.9001,0.7121308313387673
1,1,block_2,2,Provo_ID11,3,1082624,1262509,1,gaze_data,1741886004623,698.1700658798218,438.7008458375931,1741886004592.3,0.7276624080729865
1,1,block_2,2,Provo_ID11,3,1082624,1262509,1,gaze_data,1741886004650,697.1258401870728,438.89004588127136,1741886004626.3,0.7276624080729865
1,1,block_2,2,Provo_ID11,3,1082624,1262509,1,gaze_data,1741886004689,695.0390815734863,447.1301198005676,1741886004659,0.5189708361635383
1,1,block_2,2,Provo_ID11,3,1082624,1262509,1,gaze_data,1741886004724,707.7975749969482,442.9770618677139,1741886004691.5,0.7987743273190917
1,1,block_2,2,Provo_ID11,3,1082624,1262509,1,gaze_data,1741886004756,706.9702863693237,445.5188572406769,1741886004725.6,1
1,1,block_2,2,Provo_ID11,3,1082624,1262509,1,gaze_data,1741886004789,622.1257925033569,435.705429315567,1741886004758.7002,0.884767482420258
1,1,block_2,2,Provo_ID11,3,1082624,1262509,1,gaze_data,1741886004823,535.3830575942993,283.6237609386444,1741886004792.3,0.1333625154992704
1,1,block_2,2,Provo_ID11,3,1082624,1262509,1,gaze_data,1741886004852,624.7013092041016,181.37916028499603,1741886004825.9001,0.1333625154992704
1,1,block_2,2,Provo_ID11,3,1082624,1262509,1,gaze_data,1741886004890,504.24643754959106,177.00994610786438,1741886004859.2002,0
1,1,block_2,2,Provo_ID11,3,1082624,1262509,1,gaze_data,1741886004922,432.6622635126114,196.09870612621307,1741886004892.1,0
1,1,block_2,2,Provo_ID11,3,1082624,1262509,1,gaze_data,1741886004957,257.122278213501,255.80080449581146,1741886004925.6,0
1,1,block_2,2,Provo_ID11,3,1082624,1262509,1,gaze_data,1741886004992,183.9784860610962,236.98030170053244,1741886004959.4001,0
1,1,block_2,2,Provo_ID11,3,1082624,1262509,1,gaze_data,1741886005022,202.7031660079956,203.19725051522255,1741886004992.4001,0.8065396865829455
1,1,block_2,2,Provo_ID11,3,1082624,1262509,1,gaze_data,1741886005052,267.7335500717163,190.91423079371452,1741886005025.5,0.8065396865829455
1,1,block_2,2,Provo_ID11,3,1082624,1262509,1,gaze_data,1741886005090,156.27515316009521,156.23941868543625,1741886005059.1,1
1,1,block_2,2,Provo_ID11,3,1082624,1262509,1,gaze_data,1741886005115,228.20370197296143,150.89636892080307,1741886005093.2002,1
1,1,block_2,2,Provo_ID11,3,1082624,1262509,1,gaze_data,1741886005156,226.53701305389404,186.68893575668335,1741886005125.6,1
1,1,block_2,2,Provo_ID11,3,1082624,1262509,1,gaze_data,1741886005194,203.62207889556885,138.02671283483505,1741886005158.8,1
1,1,block_2,2,Provo_ID11,3,1082624,1262509,1,gaze_data,1741886005219,222.04227447509766,156.98919296264648,1741886005192.5,1
1,1,block_2,2,Provo_ID11,3,1082624,1262509,1,gaze_data,1741886005255,256.5426826477051,148.8845333456993,1741886005238.5,1
1,1,block_2,2,Provo_ID11,3,1082624,1262509,1,gaze_data,1741886014267,513.9952421188354,285.98271161317825,1741886014254.6,1
1,1,block_2,2,Provo_ID11,3,1082624,1262509,1,gaze_data,1741886014301,540.3197526931763,295.7966685295105,1741886014288,1
1,1,block_2,2,Provo_ID11,3,1082624,1262509,1,gaze_data,1741886014327,513.119649887085,279.45225164294243,1741886014321.1,1
1,1,block_2,2,Provo_ID11,3,1082624,1262509,1,gaze_data,1741886014368,527.420163154602,282.34115466475487,1741886014354.4001,1
1,1,block_2,2,Provo_ID11,3,1082624,1262509,1,gaze_data,1741886014401,532.1554183959961,289.8515224456787,1741886014387.8,1
1,1,block_2,2,Provo_ID11,3,1082624,1262509,1,gaze_data,1741886014435,518.1073665618896,282.1182109415531,1741886014421.2002,1
1,1,block_2,2,Provo_ID11,3,1082624,1262509,1,gaze_data,1741886014469,515.2068734169006,297.24732637405396,1741886014454.3,1
1,1,block_2,2,Provo_ID11,3,1082624,1262509,1,gaze_data,1741886014498,497.03782200813293,299.0176737308502,1741886014487.7002,1
1,1,block_2,2,Provo_ID11,3,1082624,1262509,1,gaze_data,1741886014531,326.718133687973,277.5324195623398,1741886014521.1,1
1,1,block_2,2,Provo_ID11,3,1082624,1262509,1,gaze_data,1741886014560,198.01607131958008,226.7512608319521,1741886014554.1,1
1,1,block_2,2,Provo_ID11,3,1082624,1262509,1,gaze_data,1741886014601,163.2662057876587,172.9290246963501,1741886014587.5,1
1,1,block_2,2,Provo_ID11,3,1082624,1262509,1,gaze_data,1741886014636,149.4870662689209,181.2690705060959,1741886014621.1,1
1,1,block_2,2,Provo_ID11,3,1082624,1262509,1,gaze_data,1741886014660,153.92684936523438,196.84361889958382,1741886014654.1,1
1,1,block_2,2,Provo_ID11,3,1082624,1262509,1,gaze_data,1741886014698,144.79577541351318,184.4537541270256,1741886014687.4001,1
1,1,block_2,2,Provo_ID11,3,1082624,1262509,1,gaze_data,1741886014736,138.88037204742432,176.6349583864212,1741886014720.7002,1
1,1,block_2,2,Provo_ID11,3,1082624,1262509,1,gaze_data,1741886014758,142.28370189666748,175.80790668725967,1741886014754.4001,1
1,1,block_2,2,Provo_ID11,3,1082624,1262509,1,gaze_data,1741886014798,138.15455436706543,183.33194255828857,1741886014786.9001,1
1,1,block_2,2,Provo_ID11,3,1082624,1262509,1,gaze_data,1741886014831,176.32319927215576,148.90672117471695,1741886014820.9001,1
1,1,block_2,2,Provo_ID11,3,1082624,1262509,1,gaze_data,1741886014863,187.5971555709839,129.1188806295395,1741886014854,1
1,1,block_2,2,Provo_ID11,3,1082624,1262509,1,gaze_data,1741886014898,223.42088222503662,127.66408771276474,1741886014889.2002,1
1,1,block_2,2,Provo_ID11,3,1082624,1262509,1,gaze_data,1741886014930,240.7620668411255,138.96687924861908,1741886014921.1,1
1,1,block_2,2,Provo_ID11,3,1082624,1262509,1,gaze_data,1741886014959,225.3162384033203,153.2996654510498,1741886014953.9001,1
1,1,block_2,2,Provo_ID11,3,1082624,1262509,1,gaze_data,1741886014992,224.3511199951172,143.2058498263359,1741886014988.2002,1
1,1,block_2,2,Provo_ID11,3,1082624,1262509,1,gaze_data,1741886015034,226.7345666885376,138.87394815683365,1741886015019.8,1
1,1,block_2,2,Provo_ID11,3,1082624,1262509,1,gaze_data,1741886015069,249.81234073638916,158.2028552889824,1741886015054.8,1
1,1,block_2,2,Provo_ID11,3,1082624,1262509,1,gaze_data,1741886015098,243.99867057800293,144.59405690431595,1741886015087.4001,1
1,1,block_2,2,Provo_ID11,3,1082624,1262509,1,gaze_data,1741886015131,207.11603164672852,156.6674843430519,1741886015120.5,1
1,1,block_2,2,Provo_ID11,3,1082624,1262509,1,gaze_data,1741886015160,187.45629787445068,163.11700493097305,1741886015153,1
1,1,block_2,2,Provo_ID11,3,1082624,1262509,1,gaze_data,1741886015203,142.17548370361328,155.32914400100708,1741886015186.3,1
1,1,block_2,2,Provo_ID11,3,1082624,1262509,1,gaze_data,1741886015241,143.96824836730957,131.241774559021,1741886015220.8,1
1,1,block_2,2,Provo_ID11,3,1082624,1262509,1,gaze_data,1741886015260,147.29487895965576,130.27912229299545,1741886015254.7002,1
1,1,block_2,2,Provo_ID11,3,1082624,1262509,1,gaze_data,1741886015302,150.53777694702148,133.8670238852501,1741886015287.3,1
1,1,block_2,2,Provo_ID11,3,1082624,1262509,1,gaze_data,1741886015333,142.77443885803223,136.0903963446617,1741886015320.6,1
1,1,block_2,2,Provo_ID11,3,1082624,1262509,1,gaze_data,1741886015368,149.2544174194336,142.07482188940048,1741886015355.2002,1
1,1,block_2,2,Provo_ID11,3,1082624,1262509,1,gaze_data,1741886015398,148.31197261810303,150.88455975055695,1741886015387.2002,1
1,1,block_2,2,Provo_ID11,3,1082624,1262509,1,gaze_data,1741886015431,138.67814540863037,130.22009134292603,1741886015420.4001,1
1,1,block_2,2,Provo_ID11,3,1082624,1262509,1,gaze_data,1741886015462,169.14255619049072,130.83062171936035,1741886015454.3,1
1,1,block_2,2,Provo_ID11,3,1082624,1262509,1,gaze_data,1741886015507,165.7599925994873,158.5050955414772,1741886015486.5,1
1,1,block_2,2,Provo_ID11,3,1082624,1262509,1,gaze_data,1741886015526,256.7394018173218,136.9238555431366,1741886015520.4001,1
1,1,block_2,2,Provo_ID11,3,1082624,1262509,1,gaze_data,1741886015558,257.80067443847656,154.75496500730515,1741886015553.2002,1
1,1,block_2,2,Provo_ID11,3,1082624,1262509,1,gaze_data,1741886015603,258.3300828933716,141.35336726903915,1741886015587.3,1
1,1,block_2,2,Provo_ID11,3,1082624,1262509,1,gaze_data,1741886015631,264.7780179977417,126.39704197645187,1741886015620.3,1
1,1,block_2,2,Provo_ID11,3,1082624,1262509,1,gaze_data,1741886015665,381.343412399292,141.99612140655518,1741886015653.7002,1
1,1,block_2,2,Provo_ID11,3,1082624,1262509,1,gaze_data,1741886015703,442.6654040813446,134.4960242509842,1741886015687.3,1
1,1,block_2,2,Provo_ID11,3,1082624,1262509,1,gaze_data,1741886015736,399.48718696832657,132.95715898275375,1741886015719.8,1
1,1,block_2,2,Provo_ID11,3,1082624,1262509,1,gaze_data,1741886015765,406.8087436258793,116.51464402675629,1741886015753.6,1
1,1,block_2,2,Provo_ID11,3,1082624,1262509,1,gaze_data,1741886015797,404.1118189692497,112.90766894817352,1741886015786.1,1
1,1,block_2,2,Provo_ID11,3,1082624,1262509,1,gaze_data,1741886015835,552.7307033538818,120.48563957214355,1741886015820.4001,1
1,1,block_2,2,Provo_ID11,3,1082624,1262509,1,gaze_data,1741886015859,574.864673614502,112.71851360797882,1741886015853.9001,1
1,1,block_2,2,Provo_ID11,3,1082624,1262509,1,gaze_data,1741886015898,592.3471212387085,100.42293965816498,1741886015887.1,1
1,1,block_2,2,Provo_ID11,3,1082624,1262509,1,gaze_data,1741886015925,591.4465427398682,106.0727596282959,1741886015920.5,1
1,1,block_2,2,Provo_ID11,3,1082624,1262509,1,gaze_data,1741886015965,582.7423334121704,111.59882545471191,1741886015953,1
1,1,block_2,2,Provo_ID11,3,1082624,1262509,1,gaze_data,1741886015998,558.8324785232544,104.37630712985992,1741886015987.4001,1
1,1,block_2,2,Provo_ID11,3,1082624,1262509,1,gaze_data,1741886016031,381.5370351076126,139.57973420619965,1741886016020.2002,1
1,1,block_2,2,Provo_ID11,3,1082624,1262509,1,gaze_data,1741886016063,290.5050754547119,161.6438165307045,1741886016055,1
1,1,block_2,2,Provo_ID11,3,1082624,1262509,1,gaze_data,1741886016098,303.7456452846527,189.6078608930111,1741886016086.4001,1
1,1,block_2,2,Provo_ID11,3,1082624,1262509,1,gaze_data,1741886016131,317.42786169052124,213.0167804658413,1741886016120.9001,1
1,1,block_2,2,Provo_ID11,3,1082624,1262509,1,gaze_data,1741886016165,320.00741958618164,193.34295615553856,1741886016154.8,1
1,1,block_2,2,Provo_ID11,3,1082624,1262509,1,gaze_data,1741886016203,273.02308082580566,197.57670015096664,1741886016189.5,1
1,1,block_2,2,Provo_ID11,3,1082624,1262509,1,gaze_data,1741886016236,230.58114051818848,186.86088025569916,1741886016220.3,1
1,1,block_2,2,Provo_ID11,3,1082624,1262509,1,gaze_data,1741886016269,251.84476375579834,189.99110385775566,1741886016253.5,1
1,1,block_2,2,Provo_ID11,3,1082624,1262509,1,gaze_data,1741886016302,223.1041431427002,191.43861755728722,1741886016287.2002,1
1,1,block_2,2,Provo_ID11,3,1082624,1262509,1,gaze_data,1741886016334,231.94470405578613,219.32738684117794,1741886016320.3,1
1,1,block_2,2,Provo_ID11,3,1082624,1262509,1,gaze_data,1741886016369,239.96727466583252,220.1942041516304,1741886016352.8,1
1,1,block_2,2,Provo_ID11,3,1082624,1262509,1,gaze_data,1741886016398,245.65565586090088,188.01836147904396,1741886016387,1
1,1,block_2,2,Provo_ID11,3,1082624,1262509,1,gaze_data,1741886016426,235.55381298065186,232.21314549446106,1741886016419.4001,1
1,1,block_2,2,Provo_ID11,3,1082624,1262509,1,gaze_data,1741886016465,259.4475984573364,303.1402215361595,1741886016453.7002,1
1,1,block_2,2,Provo_ID11,3,1082624,1262509,1,gaze_data,1741886016498,262.35947608947754,280.39973080158234,1741886016485.8,1
1,1,block_2,2,Provo_ID11,3,1082624,1262509,1,gaze_data,1741886016531,285.0921154022217,293.1828409433365,1741886016520.9001,1
1,1,block_2,2,Provo_ID11,3,1082624,1262509,1,gaze_data,1741886016570,301.2034237384796,282.6547533273697,1741886016553.3,1
1,1,block_2,2,Provo_ID11,3,1082624,1262509,1,gaze_data,1741886016600,319.5692300796509,296.5699568390846,1741886016586.7002,1
1,1,block_2,2,Provo_ID11,3,1082624,1262509,1,gaze_data,1741886016637,295.33026218414307,301.61110162734985,1741886016620.2002,0.9018347479004607
1,1,block_2,2,Provo_ID11,3,1082624,1262509,1,gaze_data,1741886016665,292.7105188369751,308.34825932979584,1741886016653.7002,0.9718713809563417
1,1,block_2,2,Provo_ID11,3,1082624,1262509,1,gaze_data,1741886016698,223.63016605377197,314.3653631210327,1741886016686.8,0.9750257941038818
1,1,block_2,2,Provo_ID11,3,1082624,1262509,1,gaze_data,1741886016731,226.50704383850098,326.96346044540405,1741886016719.3,0.8257822061527889
1,1,block_2,2,Provo_ID11,3,1082624,1262509,1,gaze_data,1741886016764,215.55917263031006,335.454224050045,1741886016755,0.7618781545561939
1,1,block_2,2,Provo_ID11,3,1082624,1262509,1,gaze_data,1741886016798,220.74377536773682,344.0336048603058,1741886016787.1,0.6491283357541584
1,1,block_2,2,Provo_ID11,3,1082624,1262509,1,gaze_data,1741886016832,219.8070526123047,360.4939639568329,1741886016820.7002,0.6242363637352546
1,1,block_2,2,Provo_ID11,3,1082624,1262509,1,gaze_data,1741886016881,276.55296325683594,361.29648089408875,1741886016866.9001,0.7586336569519068
1,1,block_2,2,Provo_ID11,3,1082624,1262509,1,gaze_data,1741886016910,285.36977767944336,406.24811351299286,1741886016887.1,0.702629460696987
1,1,block_2,2,Provo_ID11,3,1082624,1262509,1,gaze_data,1741886016947,291.66767597198486,381.6534787416458,1741886016919.2002,0.5245473550002346
1,1,block_2,2,Provo_ID11,3,1082624,1262509,1,gaze_data,1741886016974,281.97529315948486,385.3313535451889,1741886016959.9001,0.5245473550002346
1,1,block_2,2,Provo_ID11,3,1082624,1262509,1,gaze_data,1741886017011,300.7486879825592,380.55059909820557,1741886016987.3,0.47430242466324307
1,1,block_2,2,Provo_ID11,3,1082624,1262509,1,gaze_data,1741886017050,305.519038438797,377.60671079158783,1741886017019.4001,0.6064432606087816
1,1,block_2,2,Provo_ID11,3,1082624,1262509,1,gaze_data,1741886017072,501.323938369751,406.61195516586304,1741886017053.7002,0.6064432606087816
1,1,block_2,2,Provo_ID11,3,1082624,1262509,1,gaze_data,1741886017116,503.11793088912964,387.90283203125,1741886017098.1,0.3874848897301425
1,1,block_2,2,Provo_ID11,3,1082624,1262509,1,gaze_data,1741886017148,490.6778573989868,385.7314795255661,1741886017120.3,0.40999182231425946
1,1,block_2,2,Provo_ID11,3,1082624,1262509,1,gaze_data,1741886017178,509.1719150543213,400.32843351364136,1741886017153.5,0.2614820957878822
1,1,block_2,2,Provo_ID11,3,1082624,1262509,1,gaze_data,1741886017211,510.2641701698303,411.31643056869507,1741886017186.2002,0.39372402508368703
1,1,block_2,2,Provo_ID11,3,1082624,1262509,1,gaze_data,1741886017240,507.8670024871826,417.4741417169571,1741886017220.6,0.4757269951474364
1,1,block_2,2,Provo_ID11,3,1082624,1262509,1,gaze_data,1741886017273,520.707631111145,402.3237735033035,1741886017260.5,0.43274693603549924
1,1,block_2,2,Provo_ID11,3,1082624,1262509,1,gaze_data,1741886017310,579.1289329528809,406.98539316654205,1741886017286.5,0.39454769789793215
1,1,block_2,2,Provo_ID11,3,1082624,1262509,1,gaze_data,1741886017342,578.9713859558105,407.56962299346924,1741886017320.1,0.3644372398890518
1,1,block_2,2,Provo_ID11,3,1082624,1262509,1,gaze_data,1741886017378,571.8528032302856,401.3100326061249,1741886017352.9001,0.4162979319285366
1,1,block_2,2,Provo_ID11,3,1082624,1262509,1,gaze_data,1741886017403,564.0280961990356,392.18289256095886,1741886017385.5,0.29290341848299245
1,1,block_2,2,Provo_ID11,3,1082624,1262509,1,gaze_data,1741886017435,573.8382339477539,397.84204065799713,1741886017418.7002,0.5350686451894949
1,1,block_2,2,Provo_ID11,3,1082624,1262509,1,gaze_data,1741886017468,538.666844367981,378.7451148033142,1741886017455.2002,0.3222415043161954
1,1,block_2,2,Provo_ID11,3,1082624,1262509,1,gaze_data,1741886017511,362.47209310531616,288.2267892360687,1741886017485.7002,0.37977343572488115
1,1,block_2,2,Provo_ID11,3,1082624,1262509,1,gaze_data,1741886017545,318.62642765045166,201.82538256049156,1741886017519.3,0.6281137272220341
1,1,block_2,2,Provo_ID11,3,1082624,1262509,1,gaze_data,1741886017574,311.0659897327423,194.82931345701218,1741886017553.1,0.6281137272220341
1,1,block_2,2,Provo_ID11,3,1082624,1262509,1,gaze_data,1741886017616,305.3374946117401,192.30449050664902,1741886017587.1,1
1,1,block_2,2,Provo_ID11,3,1082624,1262509,1,gaze_data,1741886017639,314.29829001426697,181.95272088050842,1741886017619.5,1
1,1,block_2,2,Provo_ID11,3,1082624,1262509,1,gaze_data,1741886017673,302.5623142719269,204.83739525079727,1741886017665.6,1
1,1,block_2,2,Provo_ID11,3,1082624,1262509,1,gaze_data,1741886017716,200.92663764953613,181.4758613705635,1741886017691.8,1
1,1,block_2,2,Provo_ID11,3,1082624,1262509,1,gaze_data,1741886017748,185.49702167510986,182.61750638484955,1741886017720.2002,1
1,1,block_2,2,Provo_ID11,3,1082624,1262509,1,gaze_data,1741886017780,178.88329029083252,188.77494558691978,1741886017753.2002,1
1,1,block_2,2,Provo_ID11,3,1082624,1262509,1,gaze_data,1741886017808,185.056734085083,171.5838521718979,1741886017790.9001,1
1,1,block_2,2,Provo_ID11,3,1082624,1262509,1,gaze_data,1741886017841,184.55383777618408,176.77484303712845,1741886017818.7002,1
1,1,block_2,2,Provo_ID11,3,1082624,1262509,1,gaze_data,1741886017876,181.13937377929688,180.64516633749008,1741886017852.1,1
1,1,block_2,2,Provo_ID11,3,1082624,1262509,1,gaze_data,1741886017904,184.62653160095215,179.80599999427795,1741886017886,1
1,1,block_2,2,Provo_ID11,3,1082624,1262509,1,gaze_data,1741886017938,195.26569843292236,163.42899054288864,1741886017919.4001,1
1,1,block_2,2,Provo_ID11,3,1082624,1262509,1,gaze_data,1741886017976,329.0084660053253,172.8655681014061,1741886017952.7002,1
1,1,block_2,2,Provo_ID11,3,1082624,1262509,1,gaze_data,1741886018014,378.97746562957764,144.4299727678299,1741886017985.2002,1
1,1,block_2,2,Provo_ID11,3,1082624,1262509,1,gaze_data,1741886018045,409.5850810408592,151.4746457338333,1741886018019.7002,1
1,1,block_2,2,Provo_ID11,3,1082624,1262509,1,gaze_data,1741886018081,391.96875989437103,173.4935626387596,1741886018054.1,1
1,1,block_2,2,Provo_ID11,3,1082624,1262509,1,gaze_data,1741886018106,392.3048213124275,144.31558400392532,1741886018085.4001,1
1,1,block_2,2,Provo_ID11,3,1082624,1262509,1,gaze_data,1741886018140,379.23729717731476,165.61312079429626,1741886018119.3,1
1,1,block_2,2,Provo_ID11,3,1082624,1262509,1,gaze_data,1741886018178,205.84464073181152,188.9303684234619,1741886018153.5,1
1,1,block_2,2,Provo_ID11,3,1082624,1262509,1,gaze_data,1741886018209,188.64433765411377,226.44607201218605,1741886018186,1
1,1,block_2,2,Provo_ID11,3,1082624,1262509,1,gaze_data,1741886018240,179.98425960540771,233.07075761258602,1741886018219.5,1
1,1,block_2,2,Provo_ID11,3,1082624,1262509,1,gaze_data,1741886018273,180.37681579589844,212.33224347233772,1741886018253,1
1,1,block_2,2,Provo_ID11,3,1082624,1262509,1,gaze_data,1741886018304,180.7239294052124,211.81436106562614,1741886018285.9001,1
1,1,block_2,2,Provo_ID11,3,1082624,1262509,1,gaze_data,1741886018343,196.3655710220337,228.8018822669983,1741886018318.6,1
1,1,block_2,2,Provo_ID11,3,1082624,1262509,1,gaze_data,1741886018376,184.39562320709229,209.15856435894966,1741886018351.9001,1
1,1,block_2,2,Provo_ID11,3,1082624,1262509,1,gaze_data,1741886018409,294.6547031402588,239.33169469237328,1741886018386.9001,1
1,1,block_2,2,Provo_ID11,3,1082624,1262509,1,gaze_data,1741886018439,335.15997529029846,210.91944947838783,1741886018420,1
1,1,block_2,2,Provo_ID11,3,1082624,1262509,1,gaze_data,1741886018469,321.8735694885254,214.46351557970047,1741886018452.9001,1
1,1,block_2,2,Provo_ID11,3,1082624,1262509,1,gaze_data,1741886018505,324.9928593635559,202.44709998369217,1741886018486.1,1
1,1,block_2,2,Provo_ID11,3,1082624,1262509,1,gaze_data,1741886018537,325.77924728393555,240.84572531282902,1741886018518.4001,1
1,1,block_2,2,Provo_ID11,3,1082624,1262509,1,gaze_data,1741886018577,320.17332315444946,237.83759158104658,1741886018564.3,1
1,1,block_2,2,Provo_ID11,3,1082624,1262509,1,gaze_data,1741886018604,323.90618324279785,233.73707607388496,1741886018585.6,1
1,1,block_2,2,Provo_ID11,3,1082624,1262509,1,gaze_data,1741886018645,326.32211446762085,244.71455104649067,1741886018620.1,1
1,1,block_2,2,Provo_ID11,3,1082624,1262509,1,gaze_data,1741886018676,381.0103863477707,267.8773909807205,1741886018657,1
1,1,block_2,2,Provo_ID11,3,1082624,1262509,1,gaze_data,1741886018709,405.07880821824074,249.4129914790392,1741886018685.9001,1
1,1,block_2,2,Provo_ID11,3,1082624,1262509,1,gaze_data,1741886018742,387.1707409620285,272.871358692646,1741886018719.4001,1
1,1,block_2,2,Provo_ID11,3,1082624,1262509,1,gaze_data,1741886018780,289.4185781478882,280.2729442715645,1741886018759.5,1
1,1,block_2,2,Provo_ID11,3,1082624,1262509,1,gaze_data,1741886018808,263.6277437210083,293.0651664733887,1741886018786,0.9195520883590551
1,1,block_2,2,Provo_ID11,3,1082624,1262509,1,gaze_data,1741886018841,258.5010290145874,289.85090404748917,1741886018818.5,0.9665529404581341
1,1,block_2,2,Provo_ID11,3,1082624,1262509,1,gaze_data,1741886018868,267.9425239562988,292.2730877995491,1741886018852.2002,0.8764952485478448
1,1,block_2,2,Provo_ID11,3,1082624,1262509,1,gaze_data,1741886018910,255.40127754211426,304.9701660871506,1741886018892.3,0.9214035827856528
1,1,block_2,2,Provo_ID11,3,1082624,1262509,1,gaze_data,1741886018936,241.7363405227661,281.00588768720627,1741886018918.4001,0.9121067743134224
1,1,block_2,2,Provo_ID11,3,1082624,1262509,1,gaze_data,1741886018967,216.33403301239014,312.8435969352722,1741886018952.6,0.8135216061311561
1,1,block_2,2,Provo_ID11,3,1082624,1262509,1,gaze_data,1741886019011,191.1726951599121,319.07180547714233,1741886018985.9001,0.6861844408615041
1,1,block_2,2,Provo_ID11,3,1082624,1262509,1,gaze_data,1741886019041,199.4189739227295,321.2126925587654,1741886019019.5,0.8200155651159378
1,1,block_2,2,Provo_ID11,3,1082624,1262509,1,gaze_data,1741886019076,232.49547481536865,337.48907446861267,1741886019052,0.6626175598595798
1,1,block_2,2,Provo_ID11,3,1082624,1262509,1,gaze_data,1741886019107,334.2030167579651,350.24594366550446,1741886019085.6,0.7226331204596552
1,1,block_2,2,Provo_ID11,3,1082624,1262509,1,gaze_data,1741886019135,522.3568677902222,349.68329071998596,1741886019118.7002,0.8642563295226943
1,1,block_2,2,Provo_ID11,3,1082624,1262509,1,gaze_data,1741886019177,599.4833707809448,321.8981087207794,1741886019152,0.5043452188295605
1,1,block_2,2,Provo_ID11,3,1082624,1262509,1,gaze_data,1741886019210,565.9655094146729,300.96492767333984,1741886019185.3,0.6238013540550065
1,1,block_2,2,Provo_ID11,3,1082624,1262509,1,gaze_data,1741886019242,605.307412147522,313.04427087306976,1741886019219.2002,0.6016765941335852
1,1,block_2,2,Provo_ID11,3,1082624,1262509,1,gaze_data,1741886019270,580.9030055999756,282.3037602007389,1741886019252.4001,0.6367304882626967
1,1,block_2,2,Provo_ID11,3,1082624,1262509,1,gaze_data,1741886019310,676.8306255340576,297.9541629552841,1741886019285.7002,0.7535994687563431
1,1,block_2,2,Provo_ID11,3,1082624,1262509,1,gaze_data,1741886019337,689.8939609527588,298.38037341833115,1741886019319.1,0.7530137618439299
1,1,block_2,2,Provo_ID11,3,1082624,1262509,1,gaze_data,1741886019372,699.9523401260376,314.9389013648033,1741886019351.5,0.45169944547347063
1,1,block_2,2,Provo_ID11,3,1082624,1262509,1,gaze_data,1741886019408,682.2433948516846,309.73777770996094,1741886019385.2002,0.5813404783425369
1,1,block_2,2,Provo_ID11,3,1082624,1262509,1,gaze_data,1741886019441,663.499116897583,303.2041847705841,1741886019419.1,0.6934997439169899
1,1,block_2,2,Provo_ID11,3,1082624,1262509,1,gaze_data,1741886019473,524.3897199630737,321.07309848070145,1741886019451.8,0.6530575179494726
1,1,block_2,2,Provo_ID11,3,1082624,1262509,1,gaze_data,1741886019513,278.2376766204834,346.7931807041168,1741886019485.1,0.5345276121172584
1,1,block_2,2,Provo_ID11,3,1082624,1262509,1,gaze_data,1741886019538,242.29063987731934,339.4023463129997,1741886019518.1,0.5345276121172584
1,1,block_2,2,Provo_ID11,3,1082624,1262509,1,gaze_data,1741886019577,208.31608772277832,330.5324375629425,1741886019553.5,0.40452838237951005
1,1,block_2,2,Provo_ID11,3,1082624,1262509,1,gaze_data,1741886019598,204.34651374816895,327.79348492622375,1741886019585.1,0.40452838237951005
1,1,block_2,2,Provo_ID11,3,1082624,1262509,1,gaze_data,1741886019643,194.16322708129883,338.4734973311424,1741886019618.6,0.38171505418364526
1,1,block_2,2,Provo_ID11,3,1082624,1262509,1,gaze_data,1741886019674,218.26977729797363,342.43396520614624,1741886019660.1,0.5873365885434692
1,1,block_2,2,Provo_ID11,3,1082624,1262509,1,gaze_data,1741886019712,171.1470365524292,341.19430780410767,1741886019685,0.5745213865864961
1,1,block_2,2,Provo_ID11,3,1082624,1262509,1,gaze_data,1741886019739,182.78074264526367,369.206166267395,1741886019718.5,0.4648231637195556
1,1,block_2,2,Provo_ID11,3,1082624,1262509,1,gaze_data,1741886019773,172.69399166107178,383.9828133583069,1741886019760.5,0.4377875795674259
1,1,block_2,2,Provo_ID11,3,1082624,1262509,1,gaze_data,1741886019803,174.61886405944824,367.3799842596054,1741886019785.3,0.37309739907265055
1,1,block_2,2,Provo_ID11,3,1082624,1262509,1,gaze_data,1741886019841,381.133171916008,380.1000475883484,1741886019818.8,0.4121314985971165
1,1,block_2,2,Provo_ID11,3,1082624,1262509,1,gaze_data,1741886019878,458.3619475364685,388.41909766197205,1741886019852,0.06938872372324735
1,1,block_2,2,Provo_ID11,3,1082624,1262509,1,gaze_data,1741886019908,465.6224310398102,385.68674623966217,1741886019885.3,0.14498332380579027
1,1,block_2,2,Provo_ID11,3,1082624,1262509,1,gaze_data,1741886019942,493.6818838119507,373.71321618556976,1741886019918.9001,0.24688645365414966
1,1,block_2,2,Provo_ID11,3,1082624,1262509,1,gaze_data,1741886019970,493.9595639705658,399.3168234825134,1741886019951.3,0.3207556636805632
1,1,block_2,2,Provo_ID11,3,1082624,1262509,1,gaze_data,1741886020001,552.320408821106,351.5324205160141,1741886019985.5,0.28311080101094915
1,1,block_2,2,Provo_ID11,3,1082624,1262509,1,gaze_data,1741886020035,567.3540115356445,365.6451463699341,1741886020025.3,0.16924685387649105
1,1,block_2,2,Provo_ID11,3,1082624,1262509,1,gaze_data,1741886020068,570.8133220672607,398.01835119724274,1741886020051.9001,0.2555525065505282
1,1,block_2,2,Provo_ID11,3,1082624,1262509,1,gaze_data,1741886020103,554.9857139587402,389.35712575912476,1741886020084.5,0.13973002998127906
1,1,block_2,2,Provo_ID11,3,1082624,1262509,1,gaze_data,1741886020146,552.7878999710083,363.38042318820953,1741886020118.9001,0.07512899602756234
1,1,block_2,2,Provo_ID11,3,1082624,1262509,1,gaze_data,1741886020174,563.7338638305664,378.78817915916443,1741886020152.2002,0.08462399461326849
1,1,block_2,2,Provo_ID11,3,1082624,1262509,1,gaze_data,1741886020203,565.9266710281372,387.4261438846588,1741886020195.8,0.08462399461326849
1,1,block_2,2,Provo_ID11,3,1082624,1262509,1,gaze_data,1741886020234,504.88102436065674,355.6613087654114,1741886020218.9001,0.2458191217862132
1,1,block_2,2,Provo_ID11,3,1082624,1262509,1,gaze_data,1741886020273,428.1519591808319,275.0962659716606,1741886020252.8,0.2446648230355644
1,1,block_2,2,Provo_ID11,3,1082624,1262509,1,gaze_data,1741886020305,420.59879302978516,283.1641271710396,1741886020284.4001,0.1956146810981291
1,1,block_2,2,Provo_ID11,3,1082624,1262509,1,gaze_data,1741886020336,438.61305117607117,277.8089627623558,1741886020317.8,0.7135020265469151
1,1,block_2,2,Provo_ID11,3,1082624,1262509,1,gaze_data,1741886020370,421.55227810144424,280.97882717847824,1741886020362.7002,0.9216621736964062
1,1,block_2,2,Provo_ID11,3,1082624,1262509,1,gaze_data,1741886020401,404.0902316570282,281.5553270280361,1741886020384.5,1
1,1,block_2,2,Provo_ID11,3,1082624,1262509,1,gaze_data,1741886020439,336.9063138961792,235.35014167428017,1741886020418.4001,1
1,1,block_2,2,Provo_ID11,3,1082624,1262509,1,gaze_data,1741886020473,253.81731986999512,197.98019751906395,1741886020457.8,0.928539495126449
1,1,block_2,2,Provo_ID11,3,1082624,1262509,1,gaze_data,1741886020508,231.53207302093506,176.66929811239243,1741886020485.9001,0.9483545048330129
1,1,block_2,2,Provo_ID11,3,1082624,1262509,1,gaze_data,1741886020536,218.0237054824829,178.9901614189148,1741886020518.5,1
1,1,block_2,2,Provo_ID11,3,1082624,1262509,1,gaze_data,1741886020567,218.66466999053955,170.21498680114746,1741886020551.8,1
1,1,block_2,2,Provo_ID11,3,1082624,1262509,1,gaze_data,1741886020603,219.6521282196045,175.2800852060318,1741886020590.6,1
1,1,block_2,2,Provo_ID11,3,1082624,1262509,1,gaze_data,1741886020636,215.52391052246094,167.6632821559906,1741886020617.6,1
1,1,block_2,2,Provo_ID11,3,1082624,1262509,1,gaze_data,1741886020670,191.44549369812012,172.6226270198822,1741886020650.7002,1
1,1,block_2,2,Provo_ID11,3,1082624,1262509,1,gaze_data,1741886020701,184.31994915008545,168.08314472436905,1741886020684.4001,1
1,1,block_2,2,Provo_ID11,3,1082624,1262509,1,gaze_data,1741886020731,187.64567375183105,154.81155216693878,1741886020727.9001,1
1,1,block_2,2,Provo_ID11,3,1082624,1262509,1,gaze_data,1741886020765,185.03525257110596,157.39008635282516,1741886020751,1
1,1,block_2,2,Provo_ID11,3,1082624,1262509,1,gaze_data,1741886020811,196.59509658813477,161.98162585496902,1741886020785,1
1,1,block_2,2,Provo_ID11,3,1082624,1262509,1,gaze_data,1741886020831,348.92789125442505,176.59733295440674,1741886020818.9001,1
1,1,block_2,2,Provo_ID11,3,1082624,1262509,1,gaze_data,1741886020874,439.07617032527924,157.564876973629,1741886020854.4001,1
1,1,block_2,2,Provo_ID11,3,1082624,1262509,1,gaze_data,1741886020907,461.4540457725525,143.44896972179413,1741886020885,1
1,1,block_2,2,Provo_ID11,3,1082624,1262509,1,gaze_data,1741886020939,444.40031945705414,157.10530281066895,1741886020918.1,1
1,1,block_2,2,Provo_ID11,3,1082624,1262509,1,gaze_data,1741886020972,436.2879276275635,148.9557459950447,1741886020951.7002,1
1,1,block_2,2,Provo_ID11,3,1082624,1262509,1,gaze_data,1741886021002,428.0545324087143,135.30582785606384,1741886020984,1
1,1,block_2,2,Provo_ID11,3,1082624,1262509,1,gaze_data,1741886021035,434.2270463705063,146.22747749090195,1741886021017.7002,1
1,1,block_2,2,Provo_ID11,3,1082624,1262509,1,gaze_data,1741886021066,437.6974821090698,154.4993355870247,1741886021051.9001,1
1,1,block_2,2,Provo_ID11,3,1082624,1262509,1,gaze_data,1741886021108,360.39851903915405,195.0377844274044,1741886021086.4001,1
1,1,block_2,2,Provo_ID11,3,1082624,1262509,1,gaze_data,1741886021140,290.88478088378906,212.88270726799965,1741886021118.5,1
1,1,block_2,2,Provo_ID11,3,1082624,1262509,1,gaze_data,1741886021169,294.84291076660156,212.47703433036804,1741886021151.5,1
1,1,block_2,2,Provo_ID11,3,1082624,1262509,1,gaze_data,1741886021199,277.725625038147,227.70087085664272,1741886021184.7002,1
1,1,block_2,2,Provo_ID11,3,1082624,1262509,1,gaze_data,1741886021241,262.14826107025146,251.42152272164822,1741886021217.8,1
1,1,block_2,2,Provo_ID11,3,1082624,1262509,1,gaze_data,1741886021270,219.09921169281006,264.4251421093941,1741886021251.8,1
1,1,block_2,2,Provo_ID11,3,1082624,1262509,1,gaze_data,1741886021307,190.30992984771729,282.6409213244915,1741886021284.5,1
1,1,block_2,2,Provo_ID11,3,1082624,1262509,1,gaze_data,1741886021346,198.2442855834961,255.01761250197887,1741886021320.1,1
1,1,block_2,2,Provo_ID11,3,1082624,1262509,1,gaze_data,1741886021377,195.42038440704346,269.40897703170776,1741886021350.7002,1
1,1,block_2,2,Provo_ID11,3,1082624,1262509,1,gaze_data,1741886021406,210.88814735412598,246.80981077253819,1741886021384.8,1
1,1,block_2,2,Provo_ID11,3,1082624,1262509,1,gaze_data,1741886021445,341.676664352417,271.8709021806717,1741886021419.1,1
1,1,block_2,2,Provo_ID11,3,1082624,1262509,1,gaze_data,1741886021470,419.72884237766266,243.94832216203213,1741886021451.5,1
1,1,block_2,2,Provo_ID11,3,1082624,1262509,1,gaze_data,1741886021505,462.53191232681274,221.0681051015854,1741886021491.2002,1
1,1,block_2,2,Provo_ID11,3,1082624,1262509,1,gaze_data,1741886021539,445.86753845214844,225.8697547018528,1741886021518.7002,1
1,1,block_2,2,Provo_ID11,3,1082624,1262509,1,gaze_data,1741886021570,467.5213158130646,222.03166633844376,1741886021551.3,1
1,1,block_2,2,Provo_ID11,3,1082624,1262509,1,gaze_data,1741886021606,477.0510792732239,233.23762081563473,1741886021586,1
1,1,block_2,2,Provo_ID11,3,1082624,1262509,1,gaze_data,1741886021634,590.6508445739746,232.7624749392271,1741886021618.4001,1
1,1,block_2,2,Provo_ID11,3,1082624,1262509,1,gaze_data,1741886021676,550.6397724151611,229.48133423924446,1741886021652.7002,0.8773623664334838
1,1,block_2,2,Provo_ID11,3,1082624,1262509,1,gaze_data,1741886021704,557.4435710906982,241.57555997371674,1741886021684.6,0.8390986210006202
1,1,block_2,2,Provo_ID11,3,1082624,1262509,1,gaze_data,1741886021739,568.478536605835,228.55619378387928,1741886021725.2002,0.8834058101855655
1,1,block_2,2,Provo_ID11,3,1082624,1262509,1,gaze_data,1741886021777,494.4384694099426,244.28206533193588,1741886021751.2002,0.9483100834255707
1,1,block_2,2,Provo_ID11,3,1082624,1262509,1,gaze_data,1741886021805,459.82144474983215,287.9737079143524,1741886021784.4001,1
1,1,block_2,2,Provo_ID11,3,1082624,1262509,1,gaze_data,1741886021839,472.3267734050751,314.61351215839386,1741886021817.1,0.8378414773231766
1,1,block_2,2,Provo_ID11,3,1082624,1262509,1,gaze_data,1741886021871,476.0857582092285,300.47225058078766,1741886021852.3,1
1,1,block_2,2,Provo_ID11,3,1082624,1262509,1,gaze_data,1741886021904,471.7856526374817,308.9189440011978,1741886021884.6,1
1,1,block_2,2,Provo_ID11,3,1082624,1262509,1,gaze_data,1741886021938,456.889933347702,310.5640843510628,1741886021917.9001,1
1,1,block_2,2,Provo_ID11,3,1082624,1262509,1,gaze_data,1741886021977,273.720645904541,333.4645986557007,1741886021951.3,0.893030212843767
1,1,block_2,2,Provo_ID11,3,1082624,1262509,1,gaze_data,1741886022007,231.20017051696777,324.6341109275818,1741886021984.8,0.7983039840003667
1,1,block_2,2,Provo_ID11,3,1082624,1262509,1,gaze_data,1741886022040,242.50493049621582,322.38316386938095,1741886022017.6,0.5227063722969763
1,1,block_2,2,Provo_ID11,3,1082624,1262509,1,gaze_data,1741886022070,243.6556339263916,320.18488496541977,1741886022050.8,0.6364019871563538
1,1,block_2,2,Provo_ID11,3,1082624,1262509,1,gaze_data,1741886022105,247.69866466522217,325.9909585118294,1741886022083.9001,0.5802499442321123
1,1,block_2,2,Provo_ID11,3,1082624,1262509,1,gaze_data,1741886022138,288.2812976837158,332.49905556440353,1741886022118.6,0.6442679490900236
1,1,block_2,2,Provo_ID11,3,1082624,1262509,1,gaze_data,1741886022172,233.6496114730835,367.840176820755,1741886022151.1,0.5445604388805473
1,1,block_2,2,Provo_ID11,3,1082624,1262509,1,gaze_data,1741886022204,248.26197624206543,359.3686878681183,1741886022184.5,0.7245041805199448
1,1,block_2,2,Provo_ID11,3,1082624,1262509,1,gaze_data,1741886022239,238.2965087890625,393.7636077404022,1741886022218.4001,0.5885035404733555
1,1,block_2,2,Provo_ID11,3,1082624,1262509,1,gaze_data,1741886022269,228.82659435272217,397.4573075771332,1741886022251,0.5134853669963361
1,1,block_2,2,Provo_ID11,3,1082624,1262509,1,gaze_data,1741886022300,222.92330265045166,402.1889477968216,1741886022284.6,0.5896669845972532
1,1,block_2,2,Provo_ID11,3,1082624,1262509,1,gaze_data,1741886022344,227.94735431671143,389.0293002128601,1741886022317.4001,0.3836804882304448
1,1,block_2,2,Provo_ID11,3,1082624,1262509,1,gaze_data,1741886022366,411.3968104124069,365.13591408729553,1741886022351.9001,0.28002482258760225
1,1,block_2,2,Provo_ID11,3,1082624,1262509,1,gaze_data,1741886022399,495.44708132743835,372.6583778858185,1741886022384.4001,0.07877502009034486
1,1,block_2,2,Provo_ID11,3,1082624,1262509,1,gaze_data,1741886022432,532.925271987915,383.6480289697647,1741886022417.7002,0.18944822787149626
1,1,block_2,2,Provo_ID11,3,1082624,1262509,1,gaze_data,1741886022468,529.6091079711914,391.7135953903198,1741886022451.6,0.32767196049966346
1,1,block_2,2,Provo_ID11,3,1082624,1262509,1,gaze_data,1741886022504,536.7344617843628,390.6472235918045,1741886022484.9001,0.2930926881798514
1,1,block_2,2,Provo_ID11,3,1082624,1262509,1,gaze_data,1741886022543,536.5344285964966,381.9216847419739,1741886022517.4001,0.2930926881798514
1,1,block_2,2,Provo_ID11,3,1082624,1262509,1,gaze_data,1741886022567,549.6714353561401,372.19630777835846,1741886022561.7002,0.2045102353914526
1,1,block_2,2,Provo_ID11,3,1082624,1262509,1,gaze_data,1741886022604,534.4367265701294,375.1563489437103,1741886022584.6,0.2080714245332925
1,1,block_2,2,Provo_ID11,3,1082624,1262509,1,gaze_data,1741886022642,505.9534788131714,352.99252569675446,1741886022618,0.28193916682084585
1,1,block_2,2,Provo_ID11,3,1082624,1262509,1,gaze_data,1741886022671,495.7387387752533,344.6591481566429,1741886022650.8,0.3738258356739052
1,1,block_2,2,Provo_ID11,3,1082624,1262509,1,gaze_data,1741886022709,341.0891354084015,251.3862293213606,1741886022685.4001,0.31948714657559585
1,1,block_2,2,Provo_ID11,3,1082624,1262509,1,gaze_data,1741886022742,309.4965636730194,196.6799221932888,1741886022717.6,0.43415434522928276
1,1,block_2,2,Provo_ID11,3,1082624,1262509,1,gaze_data,1741886022776,285.9610080718994,217.6292523741722,1741886022750.5,1
1,1,block_2,2,Provo_ID11,3,1082624,1262509,1,gaze_data,1741886022804,288.25886249542236,228.69146652519703,1741886022784.2002,1
1,1,block_2,2,Provo_ID11,3,1082624,1262509,1,gaze_data,1741886022838,276.3815641403198,221.51724100112915,1741886022819.4001,0.9507812806205185
1,1,block_2,2,Provo_ID11,3,1082624,1262509,1,gaze_data,1741886022874,233.45839977264404,188.6530801653862,1741886022850.2002,0.9937138818537461
1,1,block_2,2,Provo_ID11,3,1082624,1262509,1,gaze_data,1741886022903,221.48306369781494,169.04392689466476,1741886022884.3,1
1,1,block_2,2,Provo_ID11,3,1082624,1262509,1,gaze_data,1741886022932,222.21999168395996,183.99084955453873,1741886022917.9001,1
1,1,block_2,2,Provo_ID11,3,1082624,1262509,1,gaze_data,1741886022962,212.5108003616333,191.8738879263401,1741886022951,1
1,1,block_2,2,Provo_ID11,3,1082624,1262509,1,gaze_data,1741886023004,224.4558811187744,179.15475964546204,1741886022986.3,1
1,1,block_2,2,Provo_ID11,3,1082624,1262509,1,gaze_data,1741886023038,212.72985935211182,186.6798684000969,1741886023017.4001,1
1,1,block_2,2,Provo_ID11,3,1082624,1262509,1,gaze_data,1741886023072,334.5787227153778,177.81735062599182,1741886023051.4001,1
1,1,block_2,2,Provo_ID11,3,1082624,1262509,1,gaze_data,1741886023106,501.38856172561646,195.90836241841316,1741886023084,1
1,1,block_2,2,Provo_ID11,3,1082624,1262509,1,gaze_data,1741886023136,534.7893238067627,179.08141613006592,1741886023116.6,1
1,1,block_2,2,Provo_ID11,3,1082624,1262509,1,gaze_data,1741886023170,521.4084625244141,159.4629868865013,1741886023151.1,1
1,1,block_2,2,Provo_ID11,3,1082624,1262509,1,gaze_data,1741886023199,479.2685329914093,131.65460377931595,1741886023184.2002,1
1,1,block_2,2,Provo_ID11,3,1082624,1262509,1,gaze_data,1741886023231,494.25456523895264,146.07956856489182,1741886023217.4001,1
1,1,block_2,2,Provo_ID11,3,1082624,1262509,1,gaze_data,1741886023267,478.7079334259033,140.66921770572662,1741886023250.8,0.9569842812085465
1,1,block_2,2,Provo_ID11,3,1082624,1262509,1,gaze_data,1741886023310,411.5556389093399,173.87526333332062,1741886023284.7002,1
1,1,block_2,2,Provo_ID11,3,1082624,1262509,1,gaze_data,1741886023333,231.38022422790527,233.9453961700201,1741886023317.4001,1
1,1,block_2,2,Provo_ID11,3,1082624,1262509,1,gaze_data,1741886023370,213.01167011260986,247.64514565467834,1741886023350.6,1
1,1,block_2,2,Provo_ID11,3,1082624,1262509,1,gaze_data,1741886023398,229.83191013336182,268.1978553533554,1741886023383.3,1
1,1,block_2,2,Provo_ID11,3,1082624,1262509,1,gaze_data,1741886023432,212.34378814697266,249.70282092690468,1741886023416.7002,1
1,1,block_2,2,Provo_ID11,3,1082624,1262509,1,gaze_data,1741886023461,195.7355260848999,238.72188236564398,1741886023451,1
1,1,block_2,2,Provo_ID11,3,1082624,1262509,1,gaze_data,1741886023499,196.78077697753906,235.77998708933592,1741886023483.7002,1
1,1,block_2,2,Provo_ID11,3,1082624,1262509,1,gaze_data,1741886023535,180.5232048034668,224.1845153272152,1741886023518.4001,1
1,1,block_2,2,Provo_ID11,3,1082624,1262509,1,gaze_data,1741886023570,198.44846725463867,228.36460210382938,1741886023556.7002,1
1,1,block_2,2,Provo_ID11,3,1082624,1262509,1,gaze_data,1741886023603,262.30576038360596,258.7096378207207,1741886023584,1
1,1,block_2,2,Provo_ID11,3,1082624,1262509,1,gaze_data,1741886023636,388.5563164949417,278.95492911338806,1741886023616.8,1
1,1,block_2,2,Provo_ID11,3,1082624,1262509,1,gaze_data,1741886023670,404.2799547314644,230.75188733637333,1741886023650.5,1
1,1,block_2,2,Provo_ID11,3,1082624,1262509,1,gaze_data,1741886023699,401.5009418129921,230.9056393802166,1741886023683.9001,1
1,1,block_2,2,Provo_ID11,3,1082624,1262509,1,gaze_data,1741886023737,411.9871661067009,223.6289143562317,1741886023717.2002,1
1,1,block_2,2,Provo_ID11,3,1082624,1262509,1,gaze_data,1741886023767,401.14369839429855,228.2828077673912,1741886023751.1,1
1,1,block_2,2,Provo_ID11,3,1082624,1262509,1,gaze_data,1741886023804,427.04884111881256,260.76643764972687,1741886023784,1
1,1,block_2,2,Provo_ID11,3,1082624,1262509,1,gaze_data,1741886023837,595.0194358825684,264.53636065125465,1741886023817.2002,1
1,1,block_2,2,Provo_ID11,3,1082624,1262509,1,gaze_data,1741886023870,525.1992702484131,240.4074216261506,1741886023850.8,0.869147117320455
1,1,block_2,2,Provo_ID11,3,1082624,1262509,1,gaze_data,1741886023900,545.9354400634766,239.2999328672886,1741886023883.7002,1
1,1,block_2,2,Provo_ID11,3,1082624,1262509,1,gaze_data,1741886023937,545.7364320755005,226.42517127096653,1741886023916.6,0.9825993023539228
1,1,block_2,2,Provo_ID11,3,1082624,1262509,1,gaze_data,1741886023970,524.5130777359009,262.54641115665436,1741886023950.5,1
1,1,block_2,2,Provo_ID11,3,1082624,1262509,1,gaze_data,1741886023997,373.04182946681976,271.4369021356106,1741886023984.5,1
1,1,block_2,2,Provo_ID11,3,1082624,1262509,1,gaze_data,1741886024037,333.31740498542786,305.0851285457611,1741886024021.2002,1
1,1,block_2,2,Provo_ID11,3,1082624,1262509,1,gaze_data,1741886024070,346.04615569114685,309.00900661945343,1741886024049.7002,1
1,1,block_2,2,Provo_ID11,3,1082624,1262509,1,gaze_data,1741886024102,334.29892659187317,292.2035962343216,1741886024083.4001,1
1,1,block_2,2,Provo_ID11,3,1082624,1262509,1,gaze_data,1741886024131,321.7609107494354,285.8506016433239,1741886024116.5,0.9892795247631518
1,1,block_2,2,Provo_ID11,3,1082624,1262509,1,gaze_data,1741886024165,316.3284122943878,301.48463547229767,1741886024149.7002,0.9109366751597952
1,1,block_2,2,Provo_ID11,3,1082624,1262509,1,gaze_data,1741886024198,326.05780363082886,302.83476263284683,1741886024183.8,1
1,1,block_2,2,Provo_ID11,3,1082624,1262509,1,gaze_data,1741886024230,311.9809925556183,307.30122923851013,1741886024217.7002,0.933698859673775
1,1,block_2,2,Provo_ID11,3,1082624,1262509,1,gaze_data,1741886024265,331.4789116382599,328.29270362854004,1741886024255,0.906275408233375
1,1,block_2,2,Provo_ID11,3,1082624,1262509,1,gaze_data,1741886024299,532.4725389480591,320.6718400120735,1741886024283.8,0.8717239302609983
1,1,block_2,2,Provo_ID11,3,1082624,1262509,1,gaze_data,1741886024331,533.5192203521729,334.66602712869644,1741886024317.3,0.3471873924426963
1,1,block_2,2,Provo_ID11,3,1082624,1262509,1,gaze_data,1741886024364,519.4610595703125,329.96877133846283,1741886024349.5,0.4491614163785168
1,1,block_2,2,Provo_ID11,3,1082624,1262509,1,gaze_data,1741886024398,530.2932500839233,336.9402199983597,1741886024383.6,0.45414327404028737
1,1,block_2,2,Provo_ID11,3,1082624,1262509,1,gaze_data,1741886024431,535.7006072998047,356.1594247817993,1741886024416.4001,0.47153101705394646
1,1,block_2,2,Provo_ID11,3,1082624,1262509,1,gaze_data,1741886024465,518.8801527023315,397.9501783847809,1741886024451.7002,0.48626402740672714
1,1,block_2,2,Provo_ID11,3,1082624,1262509,1,gaze_data,1741886024494,476.60326957702637,417.6878094673157,1741886024484,0.42577161841844313
1,1,block_2,2,Provo_ID11,3,1082624,1262509,1,gaze_data,1741886024536,474.2319703102112,398.6108809709549,1741886024517.2002,0.27142842235636483
1,1,block_2,2,Provo_ID11,3,1082624,1262509,1,gaze_data,1741886024570,478.01382541656494,387.69223392009735,1741886024550.4001,0.22750305497285075
1,1,block_2,2,Provo_ID11,3,1082624,1262509,1,gaze_data,1741886024594,431.1076581478119,393.1416779756546,1741886024583.9001,0.22750305497285075
1,1,block_2,2,Provo_ID11,3,1082624,1262509,1,gaze_data,1741886024641,258.53285789489746,375.2225995063782,1741886024617.4001,0.24108054399207413
1,1,block_2,2,Provo_ID11,3,1082624,1262509,1,gaze_data,1741886024669,260.21225452423096,362.28296756744385,1741886024650.1,0.050355950914771214
1,1,block_2,2,Provo_ID11,3,1082624,1262509,1,gaze_data,1741886024703,238.19336891174316,362.09837198257446,1741886024684.2002,0.12055501263335741
1,1,block_2,2,Provo_ID11,3,1082624,1262509,1,gaze_data,1741886024729,252.23047733306885,350.9875297546387,1741886024716,0.09978462832052352
1,1,block_2,2,Provo_ID11,3,1082624,1262509,1,gaze_data,1741886024770,235.56780815124512,350.728502869606,1741886024749.6,0.15410746103196296
1,1,block_2,2,Provo_ID11,3,1082624,1262509,1,gaze_data,1741886024803,236.81848049163818,372.8409469127655,1741886024783.8,0.14828356104180185
1,1,block_2,2,Provo_ID11,3,1082624,1262509,1,gaze_data,1741886024831,229.51090335845947,359.3710422515869,1741886024815.9001,0.14503864133939337
1,1,block_2,2,Provo_ID11,3,1082624,1262509,1,gaze_data,1741886024862,263.7455463409424,265.3692536056042,1741886024850.2002,0.2276192800325592
1,1,block_2,2,Provo_ID11,3,1082624,1262509,1,gaze_data,1741886024896,204.05218601226807,184.00120586156845,1741886024883.1,0.21087812898676161
1,1,block_2,2,Provo_ID11,3,1082624,1262509,1,gaze_data,1741886024935,200.85272789001465,214.81881514191628,1741886024917.8,0.7176660704607021
1,1,block_2,2,Provo_ID11,3,1082624,1262509,1,gaze_data,1741886024970,200.0741720199585,221.4665975421667,1741886024950.1,0.6326488292446557
1,1,block_2,2,Provo_ID11,3,1082624,1262509,1,gaze_data,1741886024997,205.16114234924316,225.0028107315302,1741886024983.3,0.9127681069304772
1,1,block_2,2,Provo_ID11,3,1082624,1262509,1,gaze_data,1741886025035,201.4054298400879,211.0653281211853,1741886025017.3,0.9860786121239458
1,1,block_2,2,Provo_ID11,3,1082624,1262509,1,gaze_data,1741886025069,222.47610092163086,181.0120850801468,1741886025049,1
1,1,block_2,2,Provo_ID11,3,1082624,1262509,1,gaze_data,1741886025096,215.1667594909668,189.95666354894638,1741886025082.6,1
1,1,block_2,2,Provo_ID11,3,1082624,1262509,1,gaze_data,1741886025130,238.32361698150635,179.37008887529373,1741886025115.7002,1
1,1,block_2,2,Provo_ID11,3,1082624,1262509,1,gaze_data,1741886025161,205.51369190216064,215.82643538713455,1741886025149.6,1
1,1,block_2,2,Provo_ID11,3,1082624,1262509,1,gaze_data,1741886025198,206.38830661773682,198.20560738444328,1741886025187.2002,1
1,1,block_2,2,Provo_ID11,3,1082624,1262509,1,gaze_data,1741886025236,329.09358739852905,218.60728077590466,1741886025216.7002,1
1,1,block_2,2,Provo_ID11,3,1082624,1262509,1,gaze_data,1741886025271,350.4991352558136,226.06442719697952,1741886025250.2002,1
1,1,block_2,2,Provo_ID11,3,1082624,1262509,1,gaze_data,1741886025302,333.7137997150421,198.69029000401497,1741886025287.6,1
1,1,block_2,2,Provo_ID11,3,1082624,1262509,1,gaze_data,1741886025335,335.26894450187683,215.57142809033394,1741886025316.9001,1
1,1,block_2,2,Provo_ID11,3,1082624,1262509,1,gaze_data,1741886025368,265.9180164337158,247.0572054386139,1741886025349.8,1
1,1,block_2,2,Provo_ID11,3,1082624,1262509,1,gaze_data,1741886025403,274.87192153930664,265.0216206908226,1741886025383.1,0.9767176314691146
1,1,block_2,2,Provo_ID11,3,1082624,1262509,1,gaze_data,1741886025435,282.6345920562744,266.8311059474945,1741886025416.6,0.9925285051126767
1,1,block_2,2,Provo_ID11,3,1082624,1262509,1,gaze_data,1741886025467,252.99196243286133,287.890850007534,1741886025450.4001,1
1,1,block_2,2,Provo_ID11,3,1082624,1262509,1,gaze_data,1741886025500,510.9567880630493,216.36456102132797,1741886025488.6,0.5304797324576208
1,1,block_2,2,Provo_ID11,3,1082624,1262509,1,gaze_data,1741886025530,462.1372103691101,182.24409818649292,1741886025516.6,0
1,1,block_2,2,Provo_ID11,3,1082624,1262509,1,gaze_data,1741886025568,443.24295818805695,239.53398633748293,1741886025550.7002,0
1,1,block_2,2,Provo_ID11,3,1082624,1262509,1,gaze_data,1741886025603,313.7990415096283,320.40488570928574,1741886025583.2002,0
1,1,block_2,2,Provo_ID11,3,1082624,1262509,1,gaze_data,1741886025634,261.88340187072754,360.0802779197693,1741886025616.5,0
1,1,block_2,2,Provo_ID11,3,1082624,1262509,1,gaze_data,1741886025666,256.2316656112671,336.76785081624985,1741886025649.7002,0
1,1,block_2,2,Provo_ID11,3,1082624,1262509,1,gaze_data,1741886025696,259.9907398223877,347.01524525880814,1741886025682.2002,0.02390029948689064
1,1,block_2,2,Provo_ID11,3,1082624,1262509,1,gaze_data,1741886025725,207.64808654785156,332.8270673751831,1741886025716.8,0.07609129923044633
1,1,block_2,2,Provo_ID11,3,1082624,1262509,1,gaze_data,1741886025764,217.42548942565918,356.3402056694031,1741886025751.7002,0.09056602569806897
1,1,block_2,2,Provo_ID11,3,1082624,1262509,1,gaze_data,1741886025800,216.12114906311035,346.1511716246605,1741886025783.6,0.2780632192109927
1,1,block_2,2,Provo_ID11,3,1082624,1262509,1,gaze_data,1741886025834,214.72887992858887,347.9863315820694,1741886025816.4001,0.13870202576487198
1,1,block_2,2,Provo_ID11,3,1082624,1262509,1,gaze_data,1741886025869,210.36877632141113,362.85797357559204,1741886025850.4001,0.25582168995088916
1,1,block_2,2,Provo_ID11,3,1082624,1262509,1,gaze_data,1741886025901,205.12232780456543,345.8333671092987,1741886025887.2002,0.10148482395280349
1,1,block_2,2,Provo_ID11,3,1082624,1262509,1,gaze_data,1741886025935,217.3372745513916,359.30026173591614,1741886025916.5,0.5920669432979276
1,1,block_2,2,Provo_ID11,3,1082624,1262509,1,gaze_data,1741886025968,195.69909572601318,339.8621216416359,1741886025950.1,0.4682901253194064
1,1,block_2,2,Provo_ID11,3,1082624,1262509,1,gaze_data,1741886025995,216.91889762878418,348.5223039984703,1741886025982.9001,0.3827683071693164
1,1,block_2,2,Provo_ID11,3,1082624,1262509,1,gaze_data,1741886026033,280.9666633605957,366.7924463748932,1741886026015.8,0.5551275557148938
1,1,block_2,2,Provo_ID11,3,1082624,1262509,1,gaze_data,1741886026061,344.3474471569061,416.65781140327454,1741886026049.6,0.3452304059755247
1,1,block_2,2,Provo_ID11,3,1082624,1262509,1,gaze_data,1741886026101,294.5244073867798,397.90815711021423,1741886026083.7002,0.03683132142123676
1,1,block_2,2,Provo_ID11,3,1082624,1262509,1,gaze_data,1741886026129,307.67696499824524,400.69492757320404,1741886026128.9001,0.09193622582665553
1,1,block_2,2,Provo_ID11,3,1082624,1262509,1,gaze_data,1741886026161,312.6807153224945,404.21723425388336,1741886026149.6,0.11324852788094401
1,1,block_2,2,Provo_ID11,3,1082624,1262509,1,gaze_data,1741886026204,328.5569667816162,420.2900439500809,1741886026183.1,0.06090350519231303
1,1,block_2,2,Provo_ID11,3,1082624,1262509,1,gaze_data,1741886026233,474.67336654663086,448.6597388982773,1741886026216.1,0.08198325555931876
1,1,block_2,2,Provo_ID11,3,1082624,1262509,1,gaze_data,1741886026268,480.7267367839813,433.3868384361267,1741886026256.1,0
1,1,block_2,2,Provo_ID11,3,1082624,1262509,1,gaze_data,1741886026296,456.4155638217926,437.77816593647003,1741886026281.8,0.000708442906113631
1,1,block_2,2,Provo_ID11,3,1082624,1262509,1,gaze_data,1741886026334,503.20677757263184,403.3110648393631,1741886026316.9001,0.14108639079077986
1,1,block_2,2,Provo_ID11,3,1082624,1262509,1,gaze_data,1741886026362,500.1443386077881,429.7923356294632,1741886026348.5,0.12330332267704484
1,1,block_2,2,Provo_ID11,3,1082624,1262509,1,gaze_data,1741886026413,483.683705329895,406.43330514431,1741886026383.4001,0.18014164718035242
1,1,block_2,2,Provo_ID11,3,1082624,1262509,1,gaze_data,1741886026435,478.50626707077026,403.8286566734314,1741886026419,0.18014164718035242
1,1,block_2,2,Provo_ID11,3,1082624,1262509,1,gaze_data,1741886026467,385.0661635398865,353.88965010643005,1741886026449.1,0.12431238050172586
1,1,block_2,2,Provo_ID11,3,1082624,1262509,1,gaze_data,1741886026500,291.54694080352783,232.50797800719738,1741886026482.8,0.30041740762287206
1,1,block_2,2,Provo_ID11,3,1082624,1262509,1,gaze_data,1741886026534,265.7002925872803,181.9586217403412,1741886026516,0.6906865983770152
1,1,block_2,2,Provo_ID11,3,1082624,1262509,1,gaze_data,1741886026568,272.75729179382324,208.95385220646858,1741886026550.1,1
1,1,block_2,2,Provo_ID11,3,1082624,1262509,1,gaze_data,1741886026597,276.3021945953369,203.0721478164196,1741886026581.9001,1
1,1,block_2,2,Provo_ID11,3,1082624,1262509,1,gaze_data,1741886026630,265.8689260482788,172.16054946184158,1741886026615.2002,1
1,1,block_2,2,Provo_ID11,3,1082624,1262509,1,gaze_data,1741886026662,291.20023250579834,161.7883875966072,1741886026650.6,1
1,1,block_2,2,Provo_ID11,3,1082624,1262509,1,gaze_data,1741886026695,258.386754989624,161.0884428024292,1741886026682.7002,1
1,1,block_2,2,Provo_ID11,3,1082624,1262509,1,gaze_data,1741886026729,411.14948615431786,160.96921861171722,1741886026716,1
1,1,block_2,2,Provo_ID11,3,1082624,1262509,1,gaze_data,1741886026762,411.02665066719055,145.1497808098793,1741886026749.7002,1
1,1,block_2,2,Provo_ID11,3,1082624,1262509,1,gaze_data,1741886026794,441.23836755752563,136.6370528936386,1741886026783.6,1
1,1,block_2,2,Provo_ID11,3,1082624,1262509,1,gaze_data,1741886026828,425.289386510849,146.22439295053482,1741886026815.5,1
1,1,block_2,2,Provo_ID11,3,1082624,1262509,1,gaze_data,1741886026862,510.07035970687866,145.30470818281174,1741886026849.3,1
1,1,block_2,2,Provo_ID11,3,1082624,1262509,1,gaze_data,1741886026893,589.0307188034058,150.09786039590836,1741886026883.9001,1
1,1,block_2,2,Provo_ID11,3,1082624,1262509,1,gaze_data,1741886026928,555.5282831192017,137.7856194972992,1741886026916.6,1
1,1,block_2,2,Provo_ID11,3,1082624,1262509,1,gaze_data,1741886026961,590.1347160339355,148.23557287454605,1741886026950.5,1
1,1,block_2,2,Provo_ID11,3,1082624,1262509,1,gaze_data,1741886026995,537.4514579772949,118.83801817893982,1741886026983,1
1,1,block_2,2,Provo_ID11,3,1082624,1262509,1,gaze_data,1741886027022,369.2670911550522,177.4868130683899,1741886027017.4001,1
1,1,block_2,2,Provo_ID11,3,1082624,1262509,1,gaze_data,1741886027061,365.9966707229614,184.62706953287125,1741886027048.8,1
1,1,block_2,2,Provo_ID11,3,1082624,1262509,1,gaze_data,1741886027099,376.7647981643677,196.27026319503784,1741886027082.7002,1
1,1,block_2,2,Provo_ID11,3,1082624,1262509,1,gaze_data,1741886027131,366.4881646633148,206.44100606441498,1741886027115.2002,1
1,1,block_2,2,Provo_ID11,3,1082624,1262509,1,gaze_data,1741886027164,369.01127099990845,211.21567711234093,1741886027149.5,1
1,1,block_2,2,Provo_ID11,3,1082624,1262509,1,gaze_data,1741886027204,377.09725201129913,206.3573621213436,1741886027182.6,1
1,1,block_2,2,Provo_ID11,3,1082624,1262509,1,gaze_data,1741886027239,328.462952375412,196.21504321694374,1741886027217,1
1,1,block_2,2,Provo_ID11,3,1082624,1262509,1,gaze_data,1741886027264,318.1716740131378,205.49965873360634,1741886027250,1
1,1,block_2,2,Provo_ID11,3,1082624,1262509,1,gaze_data,1741886027299,302.4151384830475,212.65450716018677,1741886027283.3,1
1,1,block_2,2,Provo_ID11,3,1082624,1262509,1,gaze_data,1741886027327,304.3668568134308,211.22215539216995,1741886027315.9001,1
1,1,block_2,2,Provo_ID11,3,1082624,1262509,1,gaze_data,1741886027368,290.2233123779297,216.28981307148933,1741886027348.5,1
1,1,block_2,2,Provo_ID11,3,1082624,1262509,1,gaze_data,1741886027396,293.1443929672241,236.83892041444778,1741886027382.1,1
1,1,block_2,2,Provo_ID11,3,1082624,1262509,1,gaze_data,1741886027437,281.42614364624023,302.94366776943207,1741886027418.7002,1
1,1,block_2,2,Provo_ID11,3,1082624,1262509,1,gaze_data,1741886027460,279.81739044189453,300.9957879781723,1741886027448.6,1
1,1,block_2,2,Provo_ID11,3,1082624,1262509,1,gaze_data,1741886027497,254.8293113708496,269.8315925896168,1741886027482.7002,1
1,1,block_2,2,Provo_ID11,3,1082624,1262509,1,gaze_data,1741886027532,247.21667766571045,303.33971083164215,1741886027514.9001,1
1,1,block_2,2,Provo_ID11,3,1082624,1262509,1,gaze_data,1741886027563,247.8020429611206,282.69025161862373,1741886027548.5,1
1,1,block_2,2,Provo_ID11,3,1082624,1262509,1,gaze_data,1741886027592,262.95835971832275,303.5849690437317,1741886027581.7002,1
1,1,block_2,2,Provo_ID11,3,1082624,1262509,1,gaze_data,1741886027624,252.10537910461426,296.278341114521,1741886027616.1,1
1,1,block_2,2,Provo_ID11,3,1082624,1262509,1,gaze_data,1741886027659,252.78258323669434,292.4040913581848,1741886027651.5,1
1,1,block_2,2,Provo_ID11,3,1082624,1262509,1,gaze_data,1741886027692,364.23192024230957,305.6264355778694,1741886027681.8,1
1,1,block_2,2,Provo_ID11,3,1082624,1262509,1,gaze_data,1741886027732,562.7202272415161,272.6893410086632,1741886027715.5,1
1,1,block_2,2,Provo_ID11,3,1082624,1262509,1,gaze_data,1741886027755,578.7058353424072,273.2913702726364,1741886027748.3,1
1,1,block_2,2,Provo_ID11,3,1082624,1262509,1,gaze_data,1741886027802,583.0461025238037,253.2624401152134,1741886027781.3,0.8042319034705186
1,1,block_2,2,Provo_ID11,3,1082624,1262509,1,gaze_data,1741886027835,573.267412185669,238.23644910007715,1741886027815.8,0.8027270132425812
1,1,block_2,2,Provo_ID11,3,1082624,1262509,1,gaze_data,1741886027864,578.2923698425293,246.02134749293327,1741886027848.4001,0.8967865870358289
1,1,block_2,2,Provo_ID11,3,1082624,1262509,1,gaze_data,1741886027896,581.9139242172241,262.23664581775665,1741886027881.4001,0.7962131074806567
1,1,block_2,2,Provo_ID11,3,1082624,1262509,1,gaze_data,1741886027923,575.2851247787476,250.3879874944687,1741886027914.8,0.9085162027140274
1,1,block_2,2,Provo_ID11,3,1082624,1262509,1,gaze_data,1741886027967,574.4962692260742,237.1610090136528,1741886027949.2002,0.8622362901403688
1,1,block_2,2,Provo_ID11,3,1082624,1262509,1,gaze_data,1741886027996,582.0001125335693,276.83128640055656,1741886027981.9001,0.8324312563553944
1,1,block_2,2,Provo_ID11,3,1082624,1262509,1,gaze_data,1741886028028,509.6524715423584,287.91326880455017,1741886028014.8,1
1,1,block_2,2,Provo_ID11,3,1082624,1262509,1,gaze_data,1741886028058,420.9386095404625,328.7426218390465,1741886028048.9001,0.868560958016491
1,1,block_2,2,Provo_ID11,3,1082624,1262509,1,gaze_data,1741886028096,449.74109530448914,309.00605618953705,1741886028082.2002,1
1,1,block_2,2,Provo_ID11,3,1082624,1262509,1,gaze_data,1741886028130,415.66945016384125,294.9867829680443,1741886028114.9001,0.9669455429386047
1,1,block_2,2,Provo_ID11,3,1082624,1262509,1,gaze_data,1741886028160,445.5568850040436,274.898374825716,1741886028148,0.8788037429108534
1,1,block_2,2,Provo_ID11,3,1082624,1262509,1,gaze_data,1741886028197,437.96756863594055,286.1538365483284,1741886028182.4001,1
1,1,block_2,2,Provo_ID11,3,1082624,1262509,1,gaze_data,1741886028229,427.2175997495651,295.4842805862427,1741886028215.6,1
1,1,block_2,2,Provo_ID11,3,1082624,1262509,1,gaze_data,1741886028263,419.455748796463,275.6998673081398,1741886028248.2002,1
1,1,block_2,2,Provo_ID11,3,1082624,1262509,1,gaze_data,1741886028297,413.7400984764099,275.20516365766525,1741886028282.4001,1
1,1,block_2,2,Provo_ID11,3,1082624,1262509,1,gaze_data,1741886028323,442.7906572818756,274.7598350048065,1741886028314.7002,0.8988270470945103
1,1,block_2,2,Provo_ID11,3,1082624,1262509,1,gaze_data,1741886028362,442.49796867370605,273.89821261167526,1741886028348.1,0.8655748584764518
1,1,block_2,2,Provo_ID11,3,1082624,1262509,1,gaze_data,1741886028391,452.0025849342346,291.198006272316,1741886028381.2002,0.7568869696507754
1,1,block_2,2,Provo_ID11,3,1082624,1262509,1,gaze_data,1741886028424,431.91630840301514,278.25156077742577,1741886028415.3,0.9135054612359652
1,1,block_2,2,Provo_ID11,3,1082624,1262509,1,gaze_data,1741886028463,285.26668548583984,317.99226105213165,1741886028449.3,0.8116718238087337
1,1,block_2,2,Provo_ID11,3,1082624,1262509,1,gaze_data,1741886028495,233.384370803833,324.0953743457794,1741886028481.3,0.6638371397530651
1,1,block_2,2,Provo_ID11,3,1082624,1262509,1,gaze_data,1741886028526,224.38251972198486,326.18526220321655,1741886028514.7002,0.6735282153492976
1,1,block_2,2,Provo_ID11,3,1082624,1262509,1,gaze_data,1741886028562,240.13030529022217,318.9284786581993,1741886028547.7002,0.6793782624793989
1,1,block_2,2,Provo_ID11,3,1082624,1262509,1,gaze_data,1741886028590,226.604962348938,323.00905734300613,1741886028582.5,0.6428685656907773
1,1,block_2,2,Provo_ID11,3,1082624,1262509,1,gaze_data,1741886028632,220.58005332946777,320.0258746743202,1741886028620,0.6891249444413586
1,1,block_2,2,Provo_ID11,3,1082624,1262509,1,gaze_data,1741886028659,222.86343574523926,312.79243379831314,1741886028649.1,0.8167928651174572
1,1,block_2,2,Provo_ID11,3,1082624,1262509,1,gaze_data,1741886028693,256.23085498809814,308.9805603027344,1741886028681.8,0.9067098287680033
1,1,block_2,2,Provo_ID11,3,1082624,1262509,1,gaze_data,1741886028728,466.41823053359985,237.32615020126104,1741886028714.5,0.7274121105538615
1,1,block_2,2,Provo_ID11,3,1082624,1262509,1,gaze_data,1741886028759,536.4896297454834,218.20895969867706,1741886028748.5,0.8287001749134851
1,1,block_2,2,Provo_ID11,3,1082624,1262509,1,gaze_data,1741886028798,548.0130910873413,238.79273273050785,1741886028781.2002,0.7808804101568216
1,1,block_2,2,Provo_ID11,3,1082624,1262509,1,gaze_data,1741886028825,568.6885356903076,222.7091196924448,1741886028814.3,0.7808804101568216
1,1,block_2,2,Provo_ID11,3,1082624,1262509,1,gaze_data,1741886028865,537.7615690231323,229.04325500130653,1741886028847.6,0.8486477495985607
1,1,block_2,2,Provo_ID11,3,1082624,1262509,1,gaze_data,1741886028898,530.6147575378418,210.16416922211647,1741886028881.7002,0.9138406842413902
1,1,block_2,2,Provo_ID11,3,1082624,1262509,1,gaze_data,1741886028924,589.4106388092041,246.34450897574425,1741886028914.4001,1
1,1,block_2,2,Provo_ID11,3,1082624,1262509,1,gaze_data,1741886028965,552.0222663879395,248.059643805027,1741886028948.4001,0.8262786460304539
1,1,block_2,2,Provo_ID11,3,1082624,1262509,1,gaze_data,1741886028998,494.3388104438782,258.9943841099739,1741886028982.4001,0.7983658123631954
1,1,block_2,2,Provo_ID11,3,1082624,1262509,1,gaze_data,1741886029031,530.6596755981445,257.056350260973,1741886029015.2002,0.7089670162507815
1,1,block_2,2,Provo_ID11,3,1082624,1262509,1,gaze_data,1741886029061,540.1910066604614,281.3286691904068,1741886029047.5,0.6044665429736216
1,1,block_2,2,Provo_ID11,3,1082624,1262509,1,gaze_data,1741886029092,554.8665046691895,278.3655360341072,1741886029086,0.6044665429736216
1,1,block_2,2,Provo_ID11,3,1082624,1262509,1,gaze_data,1741886029127,569.716477394104,269.48235034942627,1741886029115.4001,0.7202931407739293
1,1,block_2,2,Provo_ID11,3,1082624,1262509,1,gaze_data,1741886029169,548.4821081161499,291.046342253685,1741886029148.1,0.5198744759921694
1,1,block_2,2,Provo_ID11,3,1082624,1262509,1,gaze_data,1741886029201,566.1679267883301,338.2816970348358,1741886029181.8,0.24617638998011443
1,1,block_2,2,Provo_ID11,3,1082624,1262509,1,gaze_data,1741886029231,548.816967010498,294.64051723480225,1741886029216.2002,0.2783755188465722
1,1,block_2,2,Provo_ID11,3,1082624,1262509,1,gaze_data,1741886029264,544.9933528900146,322.3054766654968,1741886029247.4001,0.17646252897884357
1,1,block_2,2,Provo_ID11,3,1082624,1262509,1,gaze_data,1741886029297,538.0312204360962,310.0399136543274,1741886029281.7002,0.18447955655220946
1,1,block_2,2,Provo_ID11,3,1082624,1262509,1,gaze_data,1741886029332,539.6332025527954,325.5430296063423,1741886029315.1,0.004336069587248585
1,1,block_2,2,Provo_ID11,3,1082624,1262509,1,gaze_data,1741886029363,543.6733722686768,331.1236634850502,1741886029348.7002,0.03413774860702138
1,1,block_2,2,Provo_ID11,3,1082624,1262509,1,gaze_data,1741886029392,503.32138538360596,321.1499586701393,1741886029380.6,0
1,1,block_2,2,Provo_ID11,3,1082624,1262509,1,gaze_data,1741886029431,529.6459674835205,309.77435261011124,1741886029414.9001,0.013264052647543224
1,1,block_2,2,Provo_ID11,3,1082624,1262509,1,gaze_data,1741886029464,399.6717497706413,321.9991385936737,1741886029448.4001,0
1,1,block_2,2,Provo_ID11,3,1082624,1262509,1,gaze_data,1741886029498,270.47250270843506,336.406072974205,1741886029481.4001,0
1,1,block_2,2,Provo_ID11,3,1082624,1262509,1,gaze_data,1741886029531,232.51724243164062,362.72302865982056,1741886029513.9001,0
1,1,block_2,2,Provo_ID11,3,1082624,1262509,1,gaze_data,1741886029559,270.08328437805176,335.85381358861923,1741886029548.2002,0
1,1,block_2,2,Provo_ID11,3,1082624,1262509,1,gaze_data,1741886029597,254.0213108062744,330.78543692827225,1741886029582.3,0
1,1,block_2,2,Provo_ID11,3,1082624,1262509,1,gaze_data,1741886029631,265.54737091064453,331.1689332127571,1741886029614.9001,0.07091753155241083
1,1,block_2,2,Provo_ID11,3,1082624,1262509,1,gaze_data,1741886029667,304.50989603996277,373.67308735847473,1741886029648.2002,0.04678173118089905
1,1,block_2,2,Provo_ID11,3,1082624,1262509,1,gaze_data,1741886029697,433.82827937602997,361.70653104782104,1741886029681.1,0
1,1,block_2,2,Provo_ID11,3,1082624,1262509,1,gaze_data,1741886032429,419.1470995545387,177.99816876649857,1741886032414.1,1
1,1,block_2,2,Provo_ID11,3,1082624,1262509,1,gaze_data,1741886032454,422.2692757844925,187.14839816093445,1741886032447.1,1
1,1,block_2,2,Provo_ID11,3,1082624,1262509,1,gaze_data,1741886032490,407.92398527264595,190.41963890194893,1741886032480.5,1
1,1,block_2,2,Provo_ID11,3,1082624,1262509,1,gaze_data,1741886032526,422.7222502231598,170.9025338292122,1741886032515.3,1
1,1,block_2,2,Provo_ID11,3,1082624,1262509,1,gaze_data,1741886032560,427.12281942367554,167.57938116788864,1741886032547.1,1
1,1,block_2,2,Provo_ID11,3,1082624,1262509,1,gaze_data,1741886032587,410.65263971686363,184.06265079975128,1741886032580.1,1
1,1,block_2,2,Provo_ID11,3,1082624,1262509,1,gaze_data,1741886032631,406.2967598438263,186.99938654899597,1741886032620.4001,1
1,1,block_2,2,Provo_ID11,3,1082624,1262509,1,gaze_data,1741886032661,422.5956365466118,179.33031022548676,1741886032647.1,1
1,1,block_2,2,Provo_ID11,3,1082624,1262509,1,gaze_data,1741886032694,431.35375678539276,173.82182776927948,1741886032680,1
1,1,block_2,2,Provo_ID11,3,1082624,1262509,1,gaze_data,1741886032726,443.10330748558044,171.17893546819687,1741886032713.8,1
1,1,block_2,2,Provo_ID11,3,1082624,1262509,1,gaze_data,1741886032760,433.37894678115845,189.7536240518093,1741886032746,1
1,1,block_2,2,Provo_ID11,3,1082624,1262509,1,gaze_data,1741886032790,492.47262477874756,218.94006095826626,1741886032779.6,1
1,1,block_2,2,Provo_ID11,3,1082624,1262509,1,gaze_data,1741886032822,526.926589012146,278.78854647278786,1741886032813.3,0.8764695523144486
1,1,block_2,2,Provo_ID11,3,1082624,1262509,1,gaze_data,1741886032859,523.9864349365234,246.7970311641693,1741886032847.5,0.8809748334238248
1,1,block_2,2,Provo_ID11,3,1082624,1262509,1,gaze_data,1741886032894,534.0529441833496,251.05114690959454,1741886032880.2002,0.8642348010102912
1,1,block_2,2,Provo_ID11,3,1082624,1262509,1,gaze_data,1741886032931,523.3442306518555,256.34286403656006,1741886032912.6,0.7999028973037299
1,1,block_2,2,Provo_ID11,3,1082624,1262509,1,gaze_data,1741886032960,524.4382381439209,275.73656514286995,1741886032947,0.8443137558047669
1,1,block_2,2,Provo_ID11,3,1082624,1262509,1,gaze_data,1741886032988,513.9526844024658,284.3714825809002,1741886032979.3,0.715331436671415
1,1,block_2,2,Provo_ID11,3,1082624,1262509,1,gaze_data,1741886033022,502.7688980102539,380.8561474084854,1741886033013.8,0.78338071549275
1,1,block_2,2,Provo_ID11,3,1082624,1262509,1,gaze_data,1741886033051,489.1884744167328,387.1880382299423,1741886033046.6,0.8168448129709533
1,1,block_2,2,Provo_ID11,3,1082624,1262509,1,gaze_data,1741886033086,467.1051800251007,360.6973946094513,1741886033080.6,0.560692763425228
1,1,block_2,2,Provo_ID11,3,1082624,1262509,1,gaze_data,1741886033116,467.4702227115631,349.6674805879593,1741886033112.9001,0.5391851285486667
1,1,block_2,2,Provo_ID11,3,1082624,1262509,1,gaze_data,1741886033158,452.55507230758667,331.1599403619766,1741886033145.8,0.2728521123609285
1,1,block_2,2,Provo_ID11,3,1082624,1262509,1,gaze_data,1741886033187,467.6764667034149,328.9968803524971,1741886033179.7002,0.2728521123609285
1,1,block_2,2,Provo_ID11,3,1082624,1262509,1,gaze_data,1741886033219,484.4939589500427,326.17926448583603,1741886033212.5,0.318798090261846
1,1,block_2,2,Provo_ID11,3,1082624,1262509,1,gaze_data,1741886033258,467.6611006259918,333.1456318497658,1741886033245.9001,0.26089482379737766
1,1,block_2,2,Provo_ID11,3,1082624,1262509,1,gaze_data,1741886033295,465.7876789569855,344.7357103228569,1741886033280.9001,0.2319713466810981
1,1,block_2,2,Provo_ID11,3,1082624,1262509,1,gaze_data,1741886033324,452.9041826725006,336.3307923078537,1741886033314.2002,0.2808577998775321
1,1,block_2,2,Provo_ID11,3,1082624,1262509,1,gaze_data,1741886033355,470.7352042198181,357.6224207878113,1741886033346.4001,0.27989665626303
1,1,block_2,2,Provo_ID11,3,1082624,1262509,1,gaze_data,1741886033386,472.515994310379,343.93872916698456,1741886033379.9001,0.301929115569619
1,1,block_2,2,Provo_ID11,3,1082624,1262509,1,gaze_data,1741886033421,483.7578058242798,315.3729572892189,1741886033413.3,0.3251849244522421
1,1,block_2,2,Provo_ID11,3,1082624,1262509,1,gaze_data,1741886033457,459.0734839439392,247.28988334536552,1741886033446.8,0.3060066314784895
1,1,block_2,2,Provo_ID11,3,1082624,1262509,1,gaze_data,1741886033492,442.7445977926254,212.16869577765465,1741886033480,0.511594482684708
1,1,block_2,2,Provo_ID11,3,1082624,1262509,1,gaze_data,1741886033526,454.3951094150543,211.36754602193832,1741886033513.2002,0.8436187764846075
1,1,block_2,2,Provo_ID11,3,1082624,1262509,1,gaze_x,"",
1,1,block_2,2,Provo_ID11,3,1082624,1262509,1,gaze_y,"",
1,1,block_2,2,Provo_ID11,3,1082624,1262509,1,el_x,"",
1,1,block_2,2,Provo_ID11,3,1082624,1262509,1,applied_drift,1741885970366,
1,1,block_2,2,Provo_ID11,3,1082624,1262509,1,applied_drift,1741886004432,-16.983264684677124,-49.65495467185974
1,1,block_2,2,Provo_ID11,3,1082624,1262509,1,applied_drift,1741886004450,-16.983264684677124,-49.65495467185974
1,1,block_2,2,Provo_ID11,3,1082624,1262509,1,applied_drift,1741886004491,-16.983264684677124,-49.65495467185974
1,1,block_2,2,Provo_ID11,3,1082624,1262509,1,applied_drift,1741886004523,-16.983264684677124,-49.65495467185974
1,1,block_2,2,Provo_ID11,3,1082624,1262509,1,applied_drift,1741886004547,-16.983264684677124,-49.65495467185974
1,1,block_2,2,Provo_ID11,3,1082624,1262509,1,applied_drift,1741886004590,-16.983264684677124,-49.65495467185974
1,1,block_2,2,Provo_ID11,3,1082624,1262509,1,applied_drift,1741886004623,-16.983264684677124,-49.65495467185974
1,1,block_2,2,Provo_ID11,3,1082624,1262509,1,applied_drift,1741886004650,-16.983264684677124,-49.65495467185974
1,1,block_2,2,Provo_ID11,3,1082624,1262509,1,applied_drift,1741886004689,-16.983264684677124,-49.65495467185974
1,1,block_2,2,Provo_ID11,3,1082624,1262509,1,applied_drift,1741886004724,-16.983264684677124,-49.65495467185974
1,1,block_2,2,Provo_ID11,3,1082624,1262509,1,applied_drift,1741886004756,-16.983264684677124,-49.65495467185974
1,1,block_2,2,Provo_ID11,3,1082624,1262509,1,applied_drift,1741886004789,-16.983264684677124,-49.65495467185974
1,1,block_2,2,Provo_ID11,3,1082624,1262509,1,applied_drift,1741886004823,-16.983264684677124,-49.65495467185974
1,1,block_2,2,Provo_ID11,3,1082624,1262509,1,applied_drift,1741886004852,-16.983264684677124,-49.65495467185974
1,1,block_2,2,Provo_ID11,3,1082624,1262509,1,applied_drift,1741886004890,-16.983264684677124,-49.65495467185974
1,1,block_2,2,Provo_ID11,3,1082624,1262509,1,applied_drift,1741886004922,-16.983264684677124,-49.65495467185974
1,1,block_2,2,Provo_ID11,3,1082624,1262509,1,applied_drift,1741886004957,-16.983264684677124,-49.65495467185974
1,1,block_2,2,Provo_ID11,3,1082624,1262509,1,applied_drift,1741886004992,-16.983264684677124,-49.65495467185974
1,1,block_2,2,Provo_ID11,3,1082624,1262509,1,applied_drift,1741886005022,-16.983264684677124,-49.65495467185974
1,1,block_2,2,Provo_ID11,3,1082624,1262509,1,applied_drift,1741886005052,-16.983264684677124,-49.65495467185974
1,1,block_2,2,Provo_ID11,3,1082624,1262509,1,applied_drift,1741886005090,-16.983264684677124,-49.65495467185974
1,1,block_2,2,Provo_ID11,3,1082624,1262509,1,applied_drift,1741886005115,-16.983264684677124,-49.65495467185974
1,1,block_2,2,Provo_ID11,3,1082624,1262509,1,applied_drift,1741886005156,-16.983264684677124,-49.65495467185974
1,1,block_2,2,Provo_ID11,3,1082624,1262509,1,applied_drift,1741886005194,-16.983264684677124,-49.65495467185974
1,1,block_2,2,Provo_ID11,3,1082624,1262509,1,applied_drift,1741886005219,-16.983264684677124,-49.65495467185974
1,1,block_2,2,Provo_ID11,3,1082624,1262509,1,applied_drift,1741886005255,-16.983264684677124,-49.65495467185974
1,1,block_2,2,Provo_ID11,3,1082624,1262509,1,applied_drift,1741886014267,-16.983264684677124,-49.65495467185974
1,1,block_2,2,Provo_ID11,3,1082624,1262509,1,applied_drift,1741886014301,-16.983264684677124,-49.65495467185974
1,1,block_2,2,Provo_ID11,3,1082624,1262509,1,applied_drift,1741886014327,-16.983264684677124,-49.65495467185974
1,1,block_2,2,Provo_ID11,3,1082624,1262509,1,applied_drift,1741886014368,-16.983264684677124,-49.65495467185974
1,1,block_2,2,Provo_ID11,3,1082624,1262509,1,applied_drift,1741886014401,-16.983264684677124,-49.65495467185974
1,1,block_2,2,Provo_ID11,3,1082624,1262509,1,applied_drift,1741886014435,-16.983264684677124,-49.65495467185974
1,1,block_2,2,Provo_ID11,3,1082624,1262509,1,applied_drift,1741886014469,-16.983264684677124,-49.65495467185974
1,1,block_2,2,Provo_ID11,3,1082624,1262509,1,applied_drift,1741886014498,-16.983264684677124,-49.65495467185974
1,1,block_2,2,Provo_ID11,3,1082624,1262509,1,applied_drift,1741886014531,-16.983264684677124,-49.65495467185974
1,1,block_2,2,Provo_ID11,3,1082624,1262509,1,applied_drift,1741886014560,-16.983264684677124,-49.65495467185974
1,1,block_2,2,Provo_ID11,3,1082624,1262509,1,applied_drift,1741886014601,-16.983264684677124,-49.65495467185974
1,1,block_2,2,Provo_ID11,3,1082624,1262509,1,applied_drift,1741886014636,-16.983264684677124,-49.65495467185974
1,1,block_2,2,Provo_ID11,3,1082624,1262509,1,applied_drift,1741886014660,-16.983264684677124,-49.65495467185974
1,1,block_2,2,Provo_ID11,3,1082624,1262509,1,applied_drift,1741886014698,-16.983264684677124,-49.65495467185974
1,1,block_2,2,Provo_ID11,3,1082624,1262509,1,applied_drift,1741886014736,-16.983264684677124,-49.65495467185974
1,1,block_2,2,Provo_ID11,3,1082624,1262509,1,applied_drift,1741886014758,-16.983264684677124,-49.65495467185974
1,1,block_2,2,Provo_ID11,3,1082624,1262509,1,applied_drift,1741886014798,-16.983264684677124,-49.65495467185974
1,1,block_2,2,Provo_ID11,3,1082624,1262509,1,applied_drift,1741886014831,-16.983264684677124,-49.65495467185974
1,1,block_2,2,Provo_ID11,3,1082624,1262509,1,applied_drift,1741886014863,-16.983264684677124,-49.65495467185974
1,1,block_2,2,Provo_ID11,3,1082624,1262509,1,applied_drift,1741886014898,-16.983264684677124,-49.65495467185974
1,1,block_2,2,Provo_ID11,3,1082624,1262509,1,applied_drift,1741886014930,-16.983264684677124,-49.65495467185974
1,1,block_2,2,Provo_ID11,3,1082624,1262509,1,applied_drift,1741886014959,-16.983264684677124,-49.65495467185974
1,1,block_2,2,Provo_ID11,3,1082624,1262509,1,applied_drift,1741886014992,-16.983264684677124,-49.65495467185974
1,1,block_2,2,Provo_ID11,3,1082624,1262509,1,applied_drift,1741886015034,-16.983264684677124,-49.65495467185974
1,1,block_2,2,Provo_ID11,3,1082624,1262509,1,applied_drift,1741886015069,-16.983264684677124,-49.65495467185974
1,1,block_2,2,Provo_ID11,3,1082624,1262509,1,applied_drift,1741886015098,-16.983264684677124,-49.65495467185974
1,1,block_2,2,Provo_ID11,3,1082624,1262509,1,applied_drift,1741886015131,-16.983264684677124,-49.65495467185974
1,1,block_2,2,Provo_ID11,3,1082624,1262509,1,applied_drift,1741886015160,-16.983264684677124,-49.65495467185974
1,1,block_2,2,Provo_ID11,3,1082624,1262509,1,applied_drift,1741886015203,-16.983264684677124,-49.65495467185974
1,1,block_2,2,Provo_ID11,3,1082624,1262509,1,applied_drift,1741886015241,-16.983264684677124,-49.65495467185974
1,1,block_2,2,Provo_ID11,3,1082624,1262509,1,applied_drift,1741886015260,-16.983264684677124,-49.65495467185974
1,1,block_2,2,Provo_ID11,3,1082624,1262509,1,applied_drift,1741886015302,-16.983264684677124,-49.65495467185974
1,1,block_2,2,Provo_ID11,3,1082624,1262509,1,applied_drift,1741886015333,-16.983264684677124,-49.65495467185974
1,1,block_2,2,Provo_ID11,3,1082624,1262509,1,applied_drift,1741886015368,-16.983264684677124,-49.65495467185974
1,1,block_2,2,Provo_ID11,3,1082624,1262509,1,applied_drift,1741886015398,-16.983264684677124,-49.65495467185974
1,1,block_2,2,Provo_ID11,3,1082624,1262509,1,applied_drift,1741886015431,-16.983264684677124,-49.65495467185974
1,1,block_2,2,Provo_ID11,3,1082624,1262509,1,applied_drift,1741886015462,-16.983264684677124,-49.65495467185974
1,1,block_2,2,Provo_ID11,3,1082624,1262509,1,applied_drift,1741886015507,-16.983264684677124,-49.65495467185974
1,1,block_2,2,Provo_ID11,3,1082624,1262509,1,applied_drift,1741886015526,-16.983264684677124,-49.65495467185974
1,1,block_2,2,Provo_ID11,3,1082624,1262509,1,applied_drift,1741886015558,-16.983264684677124,-49.65495467185974
1,1,block_2,2,Provo_ID11,3,1082624,1262509,1,applied_drift,1741886015603,-16.983264684677124,-49.65495467185974
1,1,block_2,2,Provo_ID11,3,1082624,1262509,1,applied_drift,1741886015631,-16.983264684677124,-49.65495467185974
1,1,block_2,2,Provo_ID11,3,1082624,1262509,1,applied_drift,1741886015665,-16.983264684677124,-49.65495467185974
1,1,block_2,2,Provo_ID11,3,1082624,1262509,1,applied_drift,1741886015703,-16.983264684677124,-49.65495467185974
1,1,block_2,2,Provo_ID11,3,1082624,1262509,1,applied_drift,1741886015736,-16.983264684677124,-49.65495467185974
1,1,block_2,2,Provo_ID11,3,1082624,1262509,1,applied_drift,1741886015765,-16.983264684677124,-49.65495467185974
1,1,block_2,2,Provo_ID11,3,1082624,1262509,1,applied_drift,1741886015797,-16.983264684677124,-49.65495467185974
1,1,block_2,2,Provo_ID11,3,1082624,1262509,1,applied_drift,1741886015835,-16.983264684677124,-49.65495467185974
1,1,block_2,2,Provo_ID11,3,1082624,1262509,1,applied_drift,1741886015859,-16.983264684677124,-49.65495467185974
1,1,block_2,2,Provo_ID11,3,1082624,1262509,1,applied_drift,1741886015898,-16.983264684677124,-49.65495467185974
1,1,block_2,2,Provo_ID11,3,1082624,1262509,1,applied_drift,1741886015925,-16.983264684677124,-49.65495467185974
1,1,block_2,2,Provo_ID11,3,1082624,1262509,1,applied_drift,1741886015965,-16.983264684677124,-49.65495467185974
1,1,block_2,2,Provo_ID11,3,1082624,1262509,1,applied_drift,1741886015998,-16.983264684677124,-49.65495467185974
1,1,block_2,2,Provo_ID11,3,1082624,1262509,1,applied_drift,1741886016031,-16.983264684677124,-49.65495467185974
1,1,block_2,2,Provo_ID11,3,1082624,1262509,1,applied_drift,1741886016063,-16.983264684677124,-49.65495467185974
1,1,block_2,2,Provo_ID11,3,1082624,1262509,1,applied_drift,1741886016098,-16.983264684677124,-49.65495467185974
1,1,block_2,2,Provo_ID11,3,1082624,1262509,1,applied_drift,1741886016131,-16.983264684677124,-49.65495467185974
1,1,block_2,2,Provo_ID11,3,1082624,1262509,1,applied_drift,1741886016165,-16.983264684677124,-49.65495467185974
1,1,block_2,2,Provo_ID11,3,1082624,1262509,1,applied_drift,1741886016203,-16.983264684677124,-49.65495467185974
1,1,block_2,2,Provo_ID11,3,1082624,1262509,1,applied_drift,1741886016236,-16.983264684677124,-49.65495467185974
1,1,block_2,2,Provo_ID11,3,1082624,1262509,1,applied_drift,1741886016269,-16.983264684677124,-49.65495467185974
1,1,block_2,2,Provo_ID11,3,1082624,1262509,1,applied_drift,1741886016302,-16.983264684677124,-49.65495467185974
1,1,block_2,2,Provo_ID11,3,1082624,1262509,1,applied_drift,1741886016334,-16.983264684677124,-49.65495467185974
1,1,block_2,2,Provo_ID11,3,1082624,1262509,1,applied_drift,1741886016369,-16.983264684677124,-49.65495467185974
1,1,block_2,2,Provo_ID11,3,1082624,1262509,1,applied_drift,1741886016398,-16.983264684677124,-49.65495467185974
1,1,block_2,2,Provo_ID11,3,1082624,1262509,1,applied_drift,1741886016426,-16.983264684677124,-49.65495467185974
1,1,block_2,2,Provo_ID11,3,1082624,1262509,1,applied_drift,1741886016465,-16.983264684677124,-49.65495467185974
1,1,block_2,2,Provo_ID11,3,1082624,1262509,1,applied_drift,1741886016498,-16.983264684677124,-49.65495467185974
1,1,block_2,2,Provo_ID11,3,1082624,1262509,1,applied_drift,1741886016531,-16.983264684677124,-49.65495467185974
1,1,block_2,2,Provo_ID11,3,1082624,1262509,1,applied_drift,1741886016570,-16.983264684677124,-49.65495467185974
1,1,block_2,2,Provo_ID11,3,1082624,1262509,1,applied_drift,1741886016600,-16.983264684677124,-49.65495467185974
1,1,block_2,2,Provo_ID11,3,1082624,1262509,1,applied_drift,1741886016637,-16.983264684677124,-49.65495467185974
1,1,block_2,2,Provo_ID11,3,1082624,1262509,1,applied_drift,1741886016665,-16.983264684677124,-49.65495467185974
1,1,block_2,2,Provo_ID11,3,1082624,1262509,1,applied_drift,1741886016698,-16.983264684677124,-49.65495467185974
1,1,block_2,2,Provo_ID11,3,1082624,1262509,1,applied_drift,1741886016731,-16.983264684677124,-49.65495467185974
1,1,block_2,2,Provo_ID11,3,1082624,1262509,1,applied_drift,1741886016764,-16.983264684677124,-49.65495467185974
1,1,block_2,2,Provo_ID11,3,1082624,1262509,1,applied_drift,1741886016798,-16.983264684677124,-49.65495467185974
1,1,block_2,2,Provo_ID11,3,1082624,1262509,1,applied_drift,1741886016832,-16.983264684677124,-49.65495467185974
1,1,block_2,2,Provo_ID11,3,1082624,1262509,1,applied_drift,1741886016881,-16.983264684677124,-49.65495467185974
1,1,block_2,2,Provo_ID11,3,1082624,1262509,1,applied_drift,1741886016910,-16.983264684677124,-49.65495467185974
1,1,block_2,2,Provo_ID11,3,1082624,1262509,1,applied_drift,1741886016947,-16.983264684677124,-49.65495467185974
1,1,block_2,2,Provo_ID11,3,1082624,1262509,1,applied_drift,1741886016974,-16.983264684677124,-49.65495467185974
1,1,block_2,2,Provo_ID11,3,1082624,1262509,1,applied_drift,1741886017011,-16.983264684677124,-49.65495467185974
1,1,block_2,2,Provo_ID11,3,1082624,1262509,1,applied_drift,1741886017050,-16.983264684677124,-49.65495467185974
1,1,block_2,2,Provo_ID11,3,1082624,1262509,1,applied_drift,1741886017072,-16.983264684677124,-49.65495467185974
1,1,block_2,2,Provo_ID11,3,1082624,1262509,1,applied_drift,1741886017116,-16.983264684677124,-49.65495467185974
1,1,block_2,2,Provo_ID11,3,1082624,1262509,1,applied_drift,1741886017148,-16.983264684677124,-49.65495467185974
1,1,block_2,2,Provo_ID11,3,1082624,1262509,1,applied_drift,1741886017178,-16.983264684677124,-49.65495467185974
1,1,block_2,2,Provo_ID11,3,1082624,1262509,1,applied_drift,1741886017211,-16.983264684677124,-49.65495467185974
1,1,block_2,2,Provo_ID11,3,1082624,1262509,1,applied_drift,1741886017240,-16.983264684677124,-49.65495467185974
1,1,block_2,2,Provo_ID11,3,1082624,1262509,1,applied_drift,1741886017273,-16.983264684677124,-49.65495467185974
1,1,block_2,2,Provo_ID11,3,1082624,1262509,1,applied_drift,1741886017310,-16.983264684677124,-49.65495467185974
1,1,block_2,2,Provo_ID11,3,1082624,1262509,1,applied_drift,1741886017342,-16.983264684677124,-49.65495467185974
1,1,block_2,2,Provo_ID11,3,1082624,1262509,1,applied_drift,1741886017378,-16.983264684677124,-49.65495467185974
1,1,block_2,2,Provo_ID11,3,1082624,1262509,1,applied_drift,1741886017403,-16.983264684677124,-49.65495467185974
1,1,block_2,2,Provo_ID11,3,1082624,1262509,1,applied_drift,1741886017435,-16.983264684677124,-49.65495467185974
1,1,block_2,2,Provo_ID11,3,1082624,1262509,1,applied_drift,1741886017468,-16.983264684677124,-49.65495467185974
1,1,block_2,2,Provo_ID11,3,1082624,1262509,1,applied_drift,1741886017511,-16.983264684677124,-49.65495467185974
1,1,block_2,2,Provo_ID11,3,1082624,1262509,1,applied_drift,1741886017545,-16.983264684677124,-49.65495467185974
1,1,block_2,2,Provo_ID11,3,1082624,1262509,1,applied_drift,1741886017574,-16.983264684677124,-49.65495467185974
1,1,block_2,2,Provo_ID11,3,1082624,1262509,1,applied_drift,1741886017616,-16.983264684677124,-49.65495467185974
1,1,block_2,2,Provo_ID11,3,1082624,1262509,1,applied_drift,1741886017639,-16.983264684677124,-49.65495467185974
1,1,block_2,2,Provo_ID11,3,1082624,1262509,1,applied_drift,1741886017673,-16.983264684677124,-49.65495467185974
1,1,block_2,2,Provo_ID11,3,1082624,1262509,1,applied_drift,1741886017716,-16.983264684677124,-49.65495467185974
1,1,block_2,2,Provo_ID11,3,1082624,1262509,1,applied_drift,1741886017748,-16.983264684677124,-49.65495467185974
1,1,block_2,2,Provo_ID11,3,1082624,1262509,1,applied_drift,1741886017780,-16.983264684677124,-49.65495467185974
1,1,block_2,2,Provo_ID11,3,1082624,1262509,1,applied_drift,1741886017808,-16.983264684677124,-49.65495467185974
1,1,block_2,2,Provo_ID11,3,1082624,1262509,1,applied_drift,1741886017841,-16.983264684677124,-49.65495467185974
1,1,block_2,2,Provo_ID11,3,1082624,1262509,1,applied_drift,1741886017876,-16.983264684677124,-49.65495467185974
1,1,block_2,2,Provo_ID11,3,1082624,1262509,1,applied_drift,1741886017904,-16.983264684677124,-49.65495467185974
1,1,block_2,2,Provo_ID11,3,1082624,1262509,1,applied_drift,1741886017938,-16.983264684677124,-49.65495467185974
1,1,block_2,2,Provo_ID11,3,1082624,1262509,1,applied_drift,1741886017976,-16.983264684677124,-49.65495467185974
1,1,block_2,2,Provo_ID11,3,1082624,1262509,1,applied_drift,1741886018014,-16.983264684677124,-49.65495467185974
1,1,block_2,2,Provo_ID11,3,1082624,1262509,1,applied_drift,1741886018045,-16.983264684677124,-49.65495467185974
1,1,block_2,2,Provo_ID11,3,1082624,1262509,1,applied_drift,1741886018081,-16.983264684677124,-49.65495467185974
1,1,block_2,2,Provo_ID11,3,1082624,1262509,1,applied_drift,1741886018106,-16.983264684677124,-49.65495467185974
1,1,block_2,2,Provo_ID11,3,1082624,1262509,1,applied_drift,1741886018140,-16.983264684677124,-49.65495467185974
1,1,block_2,2,Provo_ID11,3,1082624,1262509,1,applied_drift,1741886018178,-16.983264684677124,-49.65495467185974
1,1,block_2,2,Provo_ID11,3,1082624,1262509,1,applied_drift,1741886018209,-16.983264684677124,-49.65495467185974
1,1,block_2,2,Provo_ID11,3,1082624,1262509,1,applied_drift,1741886018240,-16.983264684677124,-49.65495467185974
1,1,block_2,2,Provo_ID11,3,1082624,1262509,1,applied_drift,1741886018273,-16.983264684677124,-49.65495467185974
1,1,block_2,2,Provo_ID11,3,1082624,1262509,1,applied_drift,1741886018304,-16.983264684677124,-49.65495467185974
1,1,block_2,2,Provo_ID11,3,1082624,1262509,1,applied_drift,1741886018343,-16.983264684677124,-49.65495467185974
1,1,block_2,2,Provo_ID11,3,1082624,1262509,1,applied_drift,1741886018376,-16.983264684677124,-49.65495467185974
1,1,block_2,2,Provo_ID11,3,1082624,1262509,1,applied_drift,1741886018409,-16.983264684677124,-49.65495467185974
1,1,block_2,2,Provo_ID11,3,1082624,1262509,1,applied_drift,1741886018439,-16.983264684677124,-49.65495467185974
1,1,block_2,2,Provo_ID11,3,1082624,1262509,1,applied_drift,1741886018469,-16.983264684677124,-49.65495467185974
1,1,block_2,2,Provo_ID11,3,1082624,1262509,1,applied_drift,1741886018505,-16.983264684677124,-49.65495467185974
1,1,block_2,2,Provo_ID11,3,1082624,1262509,1,applied_drift,1741886018537,-16.983264684677124,-49.65495467185974
1,1,block_2,2,Provo_ID11,3,1082624,1262509,1,applied_drift,1741886018577,-16.983264684677124,-49.65495467185974
1,1,block_2,2,Provo_ID11,3,1082624,1262509,1,applied_drift,1741886018604,-16.983264684677124,-49.65495467185974
1,1,block_2,2,Provo_ID11,3,1082624,1262509,1,applied_drift,1741886018645,-16.983264684677124,-49.65495467185974
1,1,block_2,2,Provo_ID11,3,1082624,1262509,1,applied_drift,1741886018676,-16.983264684677124,-49.65495467185974
1,1,block_2,2,Provo_ID11,3,1082624,1262509,1,applied_drift,1741886018709,-16.983264684677124,-49.65495467185974
1,1,block_2,2,Provo_ID11,3,1082624,1262509,1,applied_drift,1741886018742,-16.983264684677124,-49.65495467185974
1,1,block_2,2,Provo_ID11,3,1082624,1262509,1,applied_drift,1741886018780,-16.983264684677124,-49.65495467185974
1,1,block_2,2,Provo_ID11,3,1082624,1262509,1,applied_drift,1741886018808,-16.983264684677124,-49.65495467185974
1,1,block_2,2,Provo_ID11,3,1082624,1262509,1,applied_drift,1741886018841,-16.983264684677124,-49.65495467185974
1,1,block_2,2,Provo_ID11,3,1082624,1262509,1,applied_drift,1741886018868,-16.983264684677124,-49.65495467185974
1,1,block_2,2,Provo_ID11,3,1082624,1262509,1,applied_drift,1741886018910,-16.983264684677124,-49.65495467185974
1,1,block_2,2,Provo_ID11,3,1082624,1262509,1,applied_drift,1741886018936,-16.983264684677124,-49.65495467185974
1,1,block_2,2,Provo_ID11,3,1082624,1262509,1,applied_drift,1741886018967,-16.983264684677124,-49.65495467185974
1,1,block_2,2,Provo_ID11,3,1082624,1262509,1,applied_drift,1741886019011,-16.983264684677124,-49.65495467185974
1,1,block_2,2,Provo_ID11,3,1082624,1262509,1,applied_drift,1741886019041,-16.983264684677124,-49.65495467185974
1,1,block_2,2,Provo_ID11,3,1082624,1262509,1,applied_drift,1741886019076,-16.983264684677124,-49.65495467185974
1,1,block_2,2,Provo_ID11,3,1082624,1262509,1,applied_drift,1741886019107,-16.983264684677124,-49.65495467185974
1,1,block_2,2,Provo_ID11,3,1082624,1262509,1,applied_drift,1741886019135,-16.983264684677124,-49.65495467185974
1,1,block_2,2,Provo_ID11,3,1082624,1262509,1,applied_drift,1741886019177,-16.983264684677124,-49.65495467185974
1,1,block_2,2,Provo_ID11,3,1082624,1262509,1,applied_drift,1741886019210,-16.983264684677124,-49.65495467185974
1,1,block_2,2,Provo_ID11,3,1082624,1262509,1,applied_drift,1741886019242,-16.983264684677124,-49.65495467185974
1,1,block_2,2,Provo_ID11,3,1082624,1262509,1,applied_drift,1741886019270,-16.983264684677124,-49.65495467185974
1,1,block_2,2,Provo_ID11,3,1082624,1262509,1,applied_drift,1741886019310,-16.983264684677124,-49.65495467185974
1,1,block_2,2,Provo_ID11,3,1082624,1262509,1,applied_drift,1741886019337,-16.983264684677124,-49.65495467185974
1,1,block_2,2,Provo_ID11,3,1082624,1262509,1,applied_drift,1741886019372,-16.983264684677124,-49.65495467185974
1,1,block_2,2,Provo_ID11,3,1082624,1262509,1,applied_drift,1741886019408,-16.983264684677124,-49.65495467185974
1,1,block_2,2,Provo_ID11,3,1082624,1262509,1,applied_drift,1741886019441,-16.983264684677124,-49.65495467185974
1,1,block_2,2,Provo_ID11,3,1082624,1262509,1,applied_drift,1741886019473,-16.983264684677124,-49.65495467185974
1,1,block_2,2,Provo_ID11,3,1082624,1262509,1,applied_drift,1741886019513,-16.983264684677124,-49.65495467185974
1,1,block_2,2,Provo_ID11,3,1082624,1262509,1,applied_drift,1741886019538,-16.983264684677124,-49.65495467185974
1,1,block_2,2,Provo_ID11,3,1082624,1262509,1,applied_drift,1741886019577,-16.983264684677124,-49.65495467185974
1,1,block_2,2,Provo_ID11,3,1082624,1262509,1,applied_drift,1741886019598,-16.983264684677124,-49.65495467185974
1,1,block_2,2,Provo_ID11,3,1082624,1262509,1,applied_drift,1741886019643,-16.983264684677124,-49.65495467185974
1,1,block_2,2,Provo_ID11,3,1082624,1262509,1,applied_drift,1741886019674,-16.983264684677124,-49.65495467185974
1,1,block_2,2,Provo_ID11,3,1082624,1262509,1,applied_drift,1741886019712,-16.983264684677124,-49.65495467185974
1,1,block_2,2,Provo_ID11,3,1082624,1262509,1,applied_drift,1741886019739,-16.983264684677124,-49.65495467185974
1,1,block_2,2,Provo_ID11,3,1082624,1262509,1,applied_drift,1741886019773,-16.983264684677124,-49.65495467185974
1,1,block_2,2,Provo_ID11,3,1082624,1262509,1,applied_drift,1741886019803,-16.983264684677124,-49.65495467185974
1,1,block_2,2,Provo_ID11,3,1082624,1262509,1,applied_drift,1741886019841,-16.983264684677124,-49.65495467185974
1,1,block_2,2,Provo_ID11,3,1082624,1262509,1,applied_drift,1741886019878,-16.983264684677124,-49.65495467185974
1,1,block_2,2,Provo_ID11,3,1082624,1262509,1,applied_drift,1741886019908,-16.983264684677124,-49.65495467185974
1,1,block_2,2,Provo_ID11,3,1082624,1262509,1,applied_drift,1741886019942,-16.983264684677124,-49.65495467185974
1,1,block_2,2,Provo_ID11,3,1082624,1262509,1,applied_drift,1741886019970,-16.983264684677124,-49.65495467185974
1,1,block_2,2,Provo_ID11,3,1082624,1262509,1,applied_drift,1741886020001,-16.983264684677124,-49.65495467185974
1,1,block_2,2,Provo_ID11,3,1082624,1262509,1,applied_drift,1741886020035,-16.983264684677124,-49.65495467185974
1,1,block_2,2,Provo_ID11,3,1082624,1262509,1,applied_drift,1741886020068,-16.983264684677124,-49.65495467185974
1,1,block_2,2,Provo_ID11,3,1082624,1262509,1,applied_drift,1741886020103,-16.983264684677124,-49.65495467185974
1,1,block_2,2,Provo_ID11,3,1082624,1262509,1,applied_drift,1741886020146,-16.983264684677124,-49.65495467185974
1,1,block_2,2,Provo_ID11,3,1082624,1262509,1,applied_drift,1741886020174,-16.983264684677124,-49.65495467185974
1,1,block_2,2,Provo_ID11,3,1082624,1262509,1,applied_drift,1741886020203,-16.983264684677124,-49.65495467185974
1,1,block_2,2,Provo_ID11,3,1082624,1262509,1,applied_drift,1741886020234,-16.983264684677124,-49.65495467185974
1,1,block_2,2,Provo_ID11,3,1082624,1262509,1,applied_drift,1741886020274,-16.983264684677124,-49.65495467185974
1,1,block_2,2,Provo_ID11,3,1082624,1262509,1,applied_drift,1741886020305,-16.983264684677124,-49.65495467185974
1,1,block_2,2,Provo_ID11,3,1082624,1262509,1,applied_drift,1741886020336,-16.983264684677124,-49.65495467185974
1,1,block_2,2,Provo_ID11,3,1082624,1262509,1,applied_drift,1741886020370,-16.983264684677124,-49.65495467185974
1,1,block_2,2,Provo_ID11,3,1082624,1262509,1,applied_drift,1741886020401,-16.983264684677124,-49.65495467185974
1,1,block_2,2,Provo_ID11,3,1082624,1262509,1,applied_drift,1741886020439,-16.983264684677124,-49.65495467185974
1,1,block_2,2,Provo_ID11,3,1082624,1262509,1,applied_drift,1741886020473,-16.983264684677124,-49.65495467185974
1,1,block_2,2,Provo_ID11,3,1082624,1262509,1,applied_drift,1741886020508,-16.983264684677124,-49.65495467185974
1,1,block_2,2,Provo_ID11,3,1082624,1262509,1,applied_drift,1741886020536,-16.983264684677124,-49.65495467185974
1,1,block_2,2,Provo_ID11,3,1082624,1262509,1,applied_drift,1741886020567,-16.983264684677124,-49.65495467185974
1,1,block_2,2,Provo_ID11,3,1082624,1262509,1,applied_drift,1741886020603,-16.983264684677124,-49.65495467185974
1,1,block_2,2,Provo_ID11,3,1082624,1262509,1,applied_drift,1741886020636,-16.983264684677124,-49.65495467185974
1,1,block_2,2,Provo_ID11,3,1082624,1262509,1,applied_drift,1741886020670,-16.983264684677124,-49.65495467185974
1,1,block_2,2,Provo_ID11,3,1082624,1262509,1,applied_drift,1741886020701,-16.983264684677124,-49.65495467185974
1,1,block_2,2,Provo_ID11,3,1082624,1262509,1,applied_drift,1741886020731,-16.983264684677124,-49.65495467185974
1,1,block_2,2,Provo_ID11,3,1082624,1262509,1,applied_drift,1741886020765,-16.983264684677124,-49.65495467185974
1,1,block_2,2,Provo_ID11,3,1082624,1262509,1,applied_drift,1741886020811,-16.983264684677124,-49.65495467185974
1,1,block_2,2,Provo_ID11,3,1082624,1262509,1,applied_drift,1741886020831,-16.983264684677124,-49.65495467185974
1,1,block_2,2,Provo_ID11,3,1082624,1262509,1,applied_drift,1741886020874,-16.983264684677124,-49.65495467185974
1,1,block_2,2,Provo_ID11,3,1082624,1262509,1,applied_drift,1741886020907,-16.983264684677124,-49.65495467185974
1,1,block_2,2,Provo_ID11,3,1082624,1262509,1,applied_drift,1741886020939,-16.983264684677124,-49.65495467185974
1,1,block_2,2,Provo_ID11,3,1082624,1262509,1,applied_drift,1741886020972,-16.983264684677124,-49.65495467185974
1,1,block_2,2,Provo_ID11,3,1082624,1262509,1,applied_drift,1741886021002,-16.983264684677124,-49.65495467185974
1,1,block_2,2,Provo_ID11,3,1082624,1262509,1,applied_drift,1741886021035,-16.983264684677124,-49.65495467185974
1,1,block_2,2,Provo_ID11,3,1082624,1262509,1,applied_drift,1741886021066,-16.983264684677124,-49.65495467185974
1,1,block_2,2,Provo_ID11,3,1082624,1262509,1,applied_drift,1741886021108,-16.983264684677124,-49.65495467185974
1,1,block_2,2,Provo_ID11,3,1082624,1262509,1,applied_drift,1741886021140,-16.983264684677124,-49.65495467185974
1,1,block_2,2,Provo_ID11,3,1082624,1262509,1,applied_drift,1741886021169,-16.983264684677124,-49.65495467185974
1,1,block_2,2,Provo_ID11,3,1082624,1262509,1,applied_drift,1741886021199,-16.983264684677124,-49.65495467185974
1,1,block_2,2,Provo_ID11,3,1082624,1262509,1,applied_drift,1741886021241,-16.983264684677124,-49.65495467185974
1,1,block_2,2,Provo_ID11,3,1082624,1262509,1,applied_drift,1741886021270,-16.983264684677124,-49.65495467185974
1,1,block_2,2,Provo_ID11,3,1082624,1262509,1,applied_drift,1741886021307,-16.983264684677124,-49.65495467185974
1,1,block_2,2,Provo_ID11,3,1082624,1262509,1,applied_drift,1741886021346,-16.983264684677124,-49.65495467185974
1,1,block_2,2,Provo_ID11,3,1082624,1262509,1,applied_drift,1741886021377,-16.983264684677124,-49.65495467185974
1,1,block_2,2,Provo_ID11,3,1082624,1262509,1,applied_drift,1741886021406,-16.983264684677124,-49.65495467185974
1,1,block_2,2,Provo_ID11,3,1082624,1262509,1,applied_drift,1741886021445,-16.983264684677124,-49.65495467185974
1,1,block_2,2,Provo_ID11,3,1082624,1262509,1,applied_drift,1741886021470,-16.983264684677124,-49.65495467185974
1,1,block_2,2,Provo_ID11,3,1082624,1262509,1,applied_drift,1741886021505,-16.983264684677124,-49.65495467185974
1,1,block_2,2,Provo_ID11,3,1082624,1262509,1,applied_drift,1741886021539,-16.983264684677124,-49.65495467185974
1,1,block_2,2,Provo_ID11,3,1082624,1262509,1,applied_drift,1741886021570,-16.983264684677124,-49.65495467185974
1,1,block_2,2,Provo_ID11,3,1082624,1262509,1,applied_drift,1741886021606,-16.983264684677124,-49.65495467185974
1,1,block_2,2,Provo_ID11,3,1082624,1262509,1,applied_drift,1741886021634,-16.983264684677124,-49.65495467185974
1,1,block_2,2,Provo_ID11,3,1082624,1262509,1,applied_drift,1741886021676,-16.983264684677124,-49.65495467185974
1,1,block_2,2,Provo_ID11,3,1082624,1262509,1,applied_drift,1741886021704,-16.983264684677124,-49.65495467185974
1,1,block_2,2,Provo_ID11,3,1082624,1262509,1,applied_drift,1741886021739,-16.983264684677124,-49.65495467185974
1,1,block_2,2,Provo_ID11,3,1082624,1262509,1,applied_drift,1741886021777,-16.983264684677124,-49.65495467185974
1,1,block_2,2,Provo_ID11,3,1082624,1262509,1,applied_drift,1741886021805,-16.983264684677124,-49.65495467185974
1,1,block_2,2,Provo_ID11,3,1082624,1262509,1,applied_drift,1741886021839,-16.983264684677124,-49.65495467185974
1,1,block_2,2,Provo_ID11,3,1082624,1262509,1,applied_drift,1741886021871,-16.983264684677124,-49.65495467185974
1,1,block_2,2,Provo_ID11,3,1082624,1262509,1,applied_drift,1741886021904,-16.983264684677124,-49.65495467185974
1,1,block_2,2,Provo_ID11,3,1082624,1262509,1,applied_drift,1741886021938,-16.983264684677124,-49.65495467185974
1,1,block_2,2,Provo_ID11,3,1082624,1262509,1,applied_drift,1741886021977,-16.983264684677124,-49.65495467185974
1,1,block_2,2,Provo_ID11,3,1082624,1262509,1,applied_drift,1741886022007,-16.983264684677124,-49.65495467185974
1,1,block_2,2,Provo_ID11,3,1082624,1262509,1,applied_drift,1741886022040,-16.983264684677124,-49.65495467185974
1,1,block_2,2,Provo_ID11,3,1082624,1262509,1,applied_drift,1741886022070,-16.983264684677124,-49.65495467185974
1,1,block_2,2,Provo_ID11,3,1082624,1262509,1,applied_drift,1741886022105,-16.983264684677124,-49.65495467185974
1,1,block_2,2,Provo_ID11,3,1082624,1262509,1,applied_drift,1741886022138,-16.983264684677124,-49.65495467185974
1,1,block_2,2,Provo_ID11,3,1082624,1262509,1,applied_drift,1741886022172,-16.983264684677124,-49.65495467185974
1,1,block_2,2,Provo_ID11,3,1082624,1262509,1,applied_drift,1741886022204,-16.983264684677124,-49.65495467185974
1,1,block_2,2,Provo_ID11,3,1082624,1262509,1,applied_drift,1741886022239,-16.983264684677124,-49.65495467185974
1,1,block_2,2,Provo_ID11,3,1082624,1262509,1,applied_drift,1741886022269,-16.983264684677124,-49.65495467185974
1,1,block_2,2,Provo_ID11,3,1082624,1262509,1,applied_drift,1741886022300,-16.983264684677124,-49.65495467185974
1,1,block_2,2,Provo_ID11,3,1082624,1262509,1,applied_drift,1741886022344,-16.983264684677124,-49.65495467185974
1,1,block_2,2,Provo_ID11,3,1082624,1262509,1,applied_drift,1741886022366,-16.983264684677124,-49.65495467185974
1,1,block_2,2,Provo_ID11,3,1082624,1262509,1,applied_drift,1741886022399,-16.983264684677124,-49.65495467185974
1,1,block_2,2,Provo_ID11,3,1082624,1262509,1,applied_drift,1741886022432,-16.983264684677124,-49.65495467185974
1,1,block_2,2,Provo_ID11,3,1082624,1262509,1,applied_drift,1741886022468,-16.983264684677124,-49.65495467185974
1,1,block_2,2,Provo_ID11,3,1082624,1262509,1,applied_drift,1741886022504,-16.983264684677124,-49.65495467185974
1,1,block_2,2,Provo_ID11,3,1082624,1262509,1,applied_drift,1741886022543,-16.983264684677124,-49.65495467185974
1,1,block_2,2,Provo_ID11,3,1082624,1262509,1,applied_drift,1741886022567,-16.983264684677124,-49.65495467185974
1,1,block_2,2,Provo_ID11,3,1082624,1262509,1,applied_drift,1741886022604,-16.983264684677124,-49.65495467185974
1,1,block_2,2,Provo_ID11,3,1082624,1262509,1,applied_drift,1741886022642,-16.983264684677124,-49.65495467185974
1,1,block_2,2,Provo_ID11,3,1082624,1262509,1,applied_drift,1741886022671,-16.983264684677124,-49.65495467185974
1,1,block_2,2,Provo_ID11,3,1082624,1262509,1,applied_drift,1741886022709,-16.983264684677124,-49.65495467185974
1,1,block_2,2,Provo_ID11,3,1082624,1262509,1,applied_drift,1741886022742,-16.983264684677124,-49.65495467185974
1,1,block_2,2,Provo_ID11,3,1082624,1262509,1,applied_drift,1741886022776,-16.983264684677124,-49.65495467185974
1,1,block_2,2,Provo_ID11,3,1082624,1262509,1,applied_drift,1741886022804,-16.983264684677124,-49.65495467185974
1,1,block_2,2,Provo_ID11,3,1082624,1262509,1,applied_drift,1741886022838,-16.983264684677124,-49.65495467185974
1,1,block_2,2,Provo_ID11,3,1082624,1262509,1,applied_drift,1741886022874,-16.983264684677124,-49.65495467185974
1,1,block_2,2,Provo_ID11,3,1082624,1262509,1,applied_drift,1741886022903,-16.983264684677124,-49.65495467185974
1,1,block_2,2,Provo_ID11,3,1082624,1262509,1,applied_drift,1741886022932,-16.983264684677124,-49.65495467185974
1,1,block_2,2,Provo_ID11,3,1082624,1262509,1,applied_drift,1741886022962,-16.983264684677124,-49.65495467185974
1,1,block_2,2,Provo_ID11,3,1082624,1262509,1,applied_drift,1741886023004,-16.983264684677124,-49.65495467185974
1,1,block_2,2,Provo_ID11,3,1082624,1262509,1,applied_drift,1741886023038,-16.983264684677124,-49.65495467185974
1,1,block_2,2,Provo_ID11,3,1082624,1262509,1,applied_drift,1741886023072,-16.983264684677124,-49.65495467185974
1,1,block_2,2,Provo_ID11,3,1082624,1262509,1,applied_drift,1741886023106,-16.983264684677124,-49.65495467185974
1,1,block_2,2,Provo_ID11,3,1082624,1262509,1,applied_drift,1741886023136,-16.983264684677124,-49.65495467185974
1,1,block_2,2,Provo_ID11,3,1082624,1262509,1,applied_drift,1741886023170,-16.983264684677124,-49.65495467185974
1,1,block_2,2,Provo_ID11,3,1082624,1262509,1,applied_drift,1741886023199,-16.983264684677124,-49.65495467185974
1,1,block_2,2,Provo_ID11,3,1082624,1262509,1,applied_drift,1741886023231,-16.983264684677124,-49.65495467185974
1,1,block_2,2,Provo_ID11,3,1082624,1262509,1,applied_drift,1741886023267,-16.983264684677124,-49.65495467185974
1,1,block_2,2,Provo_ID11,3,1082624,1262509,1,applied_drift,1741886023310,-16.983264684677124,-49.65495467185974
1,1,block_2,2,Provo_ID11,3,1082624,1262509,1,applied_drift,1741886023333,-16.983264684677124,-49.65495467185974
1,1,block_2,2,Provo_ID11,3,1082624,1262509,1,applied_drift,1741886023370,-16.983264684677124,-49.65495467185974
1,1,block_2,2,Provo_ID11,3,1082624,1262509,1,applied_drift,1741886023398,-16.983264684677124,-49.65495467185974
1,1,block_2,2,Provo_ID11,3,1082624,1262509,1,applied_drift,1741886023432,-16.983264684677124,-49.65495467185974
1,1,block_2,2,Provo_ID11,3,1082624,1262509,1,applied_drift,1741886023461,-16.983264684677124,-49.65495467185974
1,1,block_2,2,Provo_ID11,3,1082624,1262509,1,applied_drift,1741886023499,-16.983264684677124,-49.65495467185974
1,1,block_2,2,Provo_ID11,3,1082624,1262509,1,applied_drift,1741886023535,-16.983264684677124,-49.65495467185974
1,1,block_2,2,Provo_ID11,3,1082624,1262509,1,applied_drift,1741886023570,-16.983264684677124,-49.65495467185974
1,1,block_2,2,Provo_ID11,3,1082624,1262509,1,applied_drift,1741886023603,-16.983264684677124,-49.65495467185974
1,1,block_2,2,Provo_ID11,3,1082624,1262509,1,applied_drift,1741886023636,-16.983264684677124,-49.65495467185974
1,1,block_2,2,Provo_ID11,3,1082624,1262509,1,applied_drift,1741886023670,-16.983264684677124,-49.65495467185974
1,1,block_2,2,Provo_ID11,3,1082624,1262509,1,applied_drift,1741886023699,-16.983264684677124,-49.65495467185974
1,1,block_2,2,Provo_ID11,3,1082624,1262509,1,applied_drift,1741886023738,-16.983264684677124,-49.65495467185974
1,1,block_2,2,Provo_ID11,3,1082624,1262509,1,applied_drift,1741886023767,-16.983264684677124,-49.65495467185974
1,1,block_2,2,Provo_ID11,3,1082624,1262509,1,applied_drift,1741886023804,-16.983264684677124,-49.65495467185974
1,1,block_2,2,Provo_ID11,3,1082624,1262509,1,applied_drift,1741886023837,-16.983264684677124,-49.65495467185974
1,1,block_2,2,Provo_ID11,3,1082624,1262509,1,applied_drift,1741886023870,-16.983264684677124,-49.65495467185974
1,1,block_2,2,Provo_ID11,3,1082624,1262509,1,applied_drift,1741886023900,-16.983264684677124,-49.65495467185974
1,1,block_2,2,Provo_ID11,3,1082624,1262509,1,applied_drift,1741886023937,-16.983264684677124,-49.65495467185974
1,1,block_2,2,Provo_ID11,3,1082624,1262509,1,applied_drift,1741886023970,-16.983264684677124,-49.65495467185974
1,1,block_2,2,Provo_ID11,3,1082624,1262509,1,applied_drift,1741886023997,-16.983264684677124,-49.65495467185974
1,1,block_2,2,Provo_ID11,3,1082624,1262509,1,applied_drift,1741886024037,-16.983264684677124,-49.65495467185974
1,1,block_2,2,Provo_ID11,3,1082624,1262509,1,applied_drift,1741886024070,-16.983264684677124,-49.65495467185974
1,1,block_2,2,Provo_ID11,3,1082624,1262509,1,applied_drift,1741886024102,-16.983264684677124,-49.65495467185974
1,1,block_2,2,Provo_ID11,3,1082624,1262509,1,applied_drift,1741886024131,-16.983264684677124,-49.65495467185974
1,1,block_2,2,Provo_ID11,3,1082624,1262509,1,applied_drift,1741886024165,-16.983264684677124,-49.65495467185974
1,1,block_2,2,Provo_ID11,3,1082624,1262509,1,applied_drift,1741886024198,-16.983264684677124,-49.65495467185974
1,1,block_2,2,Provo_ID11,3,1082624,1262509,1,applied_drift,1741886024230,-16.983264684677124,-49.65495467185974
1,1,block_2,2,Provo_ID11,3,1082624,1262509,1,applied_drift,1741886024265,-16.983264684677124,-49.65495467185974
1,1,block_2,2,Provo_ID11,3,1082624,1262509,1,applied_drift,1741886024299,-16.983264684677124,-49.65495467185974
1,1,block_2,2,Provo_ID11,3,1082624,1262509,1,applied_drift,1741886024331,-16.983264684677124,-49.65495467185974
1,1,block_2,2,Provo_ID11,3,1082624,1262509,1,applied_drift,1741886024364,-16.983264684677124,-49.65495467185974
1,1,block_2,2,Provo_ID11,3,1082624,1262509,1,applied_drift,1741886024398,-16.983264684677124,-49.65495467185974
1,1,block_2,2,Provo_ID11,3,1082624,1262509,1,applied_drift,1741886024431,-16.983264684677124,-49.65495467185974
1,1,block_2,2,Provo_ID11,3,1082624,1262509,1,applied_drift,1741886024465,-16.983264684677124,-49.65495467185974
1,1,block_2,2,Provo_ID11,3,1082624,1262509,1,applied_drift,1741886024494,-16.983264684677124,-49.65495467185974
1,1,block_2,2,Provo_ID11,3,1082624,1262509,1,applied_drift,1741886024536,-16.983264684677124,-49.65495467185974
1,1,block_2,2,Provo_ID11,3,1082624,1262509,1,applied_drift,1741886024570,-16.983264684677124,-49.65495467185974
1,1,block_2,2,Provo_ID11,3,1082624,1262509,1,applied_drift,1741886024594,-16.983264684677124,-49.65495467185974
1,1,block_2,2,Provo_ID11,3,1082624,1262509,1,applied_drift,1741886024641,-16.983264684677124,-49.65495467185974
1,1,block_2,2,Provo_ID11,3,1082624,1262509,1,applied_drift,1741886024669,-16.983264684677124,-49.65495467185974
1,1,block_2,2,Provo_ID11,3,1082624,1262509,1,applied_drift,1741886024703,-16.983264684677124,-49.65495467185974
1,1,block_2,2,Provo_ID11,3,1082624,1262509,1,applied_drift,1741886024729,-16.983264684677124,-49.65495467185974
1,1,block_2,2,Provo_ID11,3,1082624,1262509,1,applied_drift,1741886024770,-16.983264684677124,-49.65495467185974
1,1,block_2,2,Provo_ID11,3,1082624,1262509,1,applied_drift,1741886024803,-16.983264684677124,-49.65495467185974
1,1,block_2,2,Provo_ID11,3,1082624,1262509,1,applied_drift,1741886024831,-16.983264684677124,-49.65495467185974
1,1,block_2,2,Provo_ID11,3,1082624,1262509,1,applied_drift,1741886024862,-16.983264684677124,-49.65495467185974
1,1,block_2,2,Provo_ID11,3,1082624,1262509,1,applied_drift,1741886024896,-16.983264684677124,-49.65495467185974
1,1,block_2,2,Provo_ID11,3,1082624,1262509,1,applied_drift,1741886024935,-16.983264684677124,-49.65495467185974
1,1,block_2,2,Provo_ID11,3,1082624,1262509,1,applied_drift,1741886024970,-16.983264684677124,-49.65495467185974
1,1,block_2,2,Provo_ID11,3,1082624,1262509,1,applied_drift,1741886024997,-16.983264684677124,-49.65495467185974
1,1,block_2,2,Provo_ID11,3,1082624,1262509,1,applied_drift,1741886025035,-16.983264684677124,-49.65495467185974
1,1,block_2,2,Provo_ID11,3,1082624,1262509,1,applied_drift,1741886025069,-16.983264684677124,-49.65495467185974
1,1,block_2,2,Provo_ID11,3,1082624,1262509,1,applied_drift,1741886025096,-16.983264684677124,-49.65495467185974
1,1,block_2,2,Provo_ID11,3,1082624,1262509,1,applied_drift,1741886025130,-16.983264684677124,-49.65495467185974
1,1,block_2,2,Provo_ID11,3,1082624,1262509,1,applied_drift,1741886025161,-16.983264684677124,-49.65495467185974
1,1,block_2,2,Provo_ID11,3,1082624,1262509,1,applied_drift,1741886025198,-16.983264684677124,-49.65495467185974
1,1,block_2,2,Provo_ID11,3,1082624,1262509,1,applied_drift,1741886025236,-16.983264684677124,-49.65495467185974
1,1,block_2,2,Provo_ID11,3,1082624,1262509,1,applied_drift,1741886025271,-16.983264684677124,-49.65495467185974
1,1,block_2,2,Provo_ID11,3,1082624,1262509,1,applied_drift,1741886025302,-16.983264684677124,-49.65495467185974
1,1,block_2,2,Provo_ID11,3,1082624,1262509,1,applied_drift,1741886025335,-16.983264684677124,-49.65495467185974
1,1,block_2,2,Provo_ID11,3,1082624,1262509,1,applied_drift,1741886025368,-16.983264684677124,-49.65495467185974
1,1,block_2,2,Provo_ID11,3,1082624,1262509,1,applied_drift,1741886025403,-16.983264684677124,-49.65495467185974
1,1,block_2,2,Provo_ID11,3,1082624,1262509,1,applied_drift,1741886025435,-16.983264684677124,-49.65495467185974
1,1,block_2,2,Provo_ID11,3,1082624,1262509,1,applied_drift,1741886025467,-16.983264684677124,-49.65495467185974
1,1,block_2,2,Provo_ID11,3,1082624,1262509,1,applied_drift,1741886025500,-16.983264684677124,-49.65495467185974
1,1,block_2,2,Provo_ID11,3,1082624,1262509,1,applied_drift,1741886025530,-16.983264684677124,-49.65495467185974
1,1,block_2,2,Provo_ID11,3,1082624,1262509,1,applied_drift,1741886025568,-16.983264684677124,-49.65495467185974
1,1,block_2,2,Provo_ID11,3,1082624,1262509,1,applied_drift,1741886025603,-16.983264684677124,-49.65495467185974
1,1,block_2,2,Provo_ID11,3,1082624,1262509,1,applied_drift,1741886025634,-16.983264684677124,-49.65495467185974
1,1,block_2,2,Provo_ID11,3,1082624,1262509,1,applied_drift,1741886025666,-16.983264684677124,-49.65495467185974
1,1,block_2,2,Provo_ID11,3,1082624,1262509,1,applied_drift,1741886025696,-16.983264684677124,-49.65495467185974
1,1,block_2,2,Provo_ID11,3,1082624,1262509,1,applied_drift,1741886025725,-16.983264684677124,-49.65495467185974
1,1,block_2,2,Provo_ID11,3,1082624,1262509,1,applied_drift,1741886025764,-16.983264684677124,-49.65495467185974
1,1,block_2,2,Provo_ID11,3,1082624,1262509,1,applied_drift,1741886025800,-16.983264684677124,-49.65495467185974
1,1,block_2,2,Provo_ID11,3,1082624,1262509,1,applied_drift,1741886025834,-16.983264684677124,-49.65495467185974
1,1,block_2,2,Provo_ID11,3,1082624,1262509,1,applied_drift,1741886025869,-16.983264684677124,-49.65495467185974
1,1,block_2,2,Provo_ID11,3,1082624,1262509,1,applied_drift,1741886025901,-16.983264684677124,-49.65495467185974
1,1,block_2,2,Provo_ID11,3,1082624,1262509,1,applied_drift,1741886025935,-16.983264684677124,-49.65495467185974
1,1,block_2,2,Provo_ID11,3,1082624,1262509,1,applied_drift,1741886025968,-16.983264684677124,-49.65495467185974
1,1,block_2,2,Provo_ID11,3,1082624,1262509,1,applied_drift,1741886025995,-16.983264684677124,-49.65495467185974
1,1,block_2,2,Provo_ID11,3,1082624,1262509,1,applied_drift,1741886026033,-16.983264684677124,-49.65495467185974
1,1,block_2,2,Provo_ID11,3,1082624,1262509,1,applied_drift,1741886026061,-16.983264684677124,-49.65495467185974
1,1,block_2,2,Provo_ID11,3,1082624,1262509,1,applied_drift,1741886026101,-16.983264684677124,-49.65495467185974
1,1,block_2,2,Provo_ID11,3,1082624,1262509,1,applied_drift,1741886026129,-16.983264684677124,-49.65495467185974
1,1,block_2,2,Provo_ID11,3,1082624,1262509,1,applied_drift,1741886026161,-16.983264684677124,-49.65495467185974
1,1,block_2,2,Provo_ID11,3,1082624,1262509,1,applied_drift,1741886026204,-16.983264684677124,-49.65495467185974
1,1,block_2,2,Provo_ID11,3,1082624,1262509,1,applied_drift,1741886026233,-16.983264684677124,-49.65495467185974
1,1,block_2,2,Provo_ID11,3,1082624,1262509,1,applied_drift,1741886026268,-16.983264684677124,-49.65495467185974
1,1,block_2,2,Provo_ID11,3,1082624,1262509,1,applied_drift,1741886026296,-16.983264684677124,-49.65495467185974
1,1,block_2,2,Provo_ID11,3,1082624,1262509,1,applied_drift,1741886026334,-16.983264684677124,-49.65495467185974
1,1,block_2,2,Provo_ID11,3,1082624,1262509,1,applied_drift,1741886026362,-16.983264684677124,-49.65495467185974
1,1,block_2,2,Provo_ID11,3,1082624,1262509,1,applied_drift,1741886026413,-16.983264684677124,-49.65495467185974
1,1,block_2,2,Provo_ID11,3,1082624,1262509,1,applied_drift,1741886026435,-16.983264684677124,-49.65495467185974
1,1,block_2,2,Provo_ID11,3,1082624,1262509,1,applied_drift,1741886026467,-16.983264684677124,-49.65495467185974
1,1,block_2,2,Provo_ID11,3,1082624,1262509,1,applied_drift,1741886026500,-16.983264684677124,-49.65495467185974
1,1,block_2,2,Provo_ID11,3,1082624,1262509,1,applied_drift,1741886026534,-16.983264684677124,-49.65495467185974
1,1,block_2,2,Provo_ID11,3,1082624,1262509,1,applied_drift,1741886026568,-16.983264684677124,-49.65495467185974
1,1,block_2,2,Provo_ID11,3,1082624,1262509,1,applied_drift,1741886026597,-16.983264684677124,-49.65495467185974
1,1,block_2,2,Provo_ID11,3,1082624,1262509,1,applied_drift,1741886026630,-16.983264684677124,-49.65495467185974
1,1,block_2,2,Provo_ID11,3,1082624,1262509,1,applied_drift,1741886026662,-16.983264684677124,-49.65495467185974
1,1,block_2,2,Provo_ID11,3,1082624,1262509,1,applied_drift,1741886026695,-16.983264684677124,-49.65495467185974
1,1,block_2,2,Provo_ID11,3,1082624,1262509,1,applied_drift,1741886026729,-16.983264684677124,-49.65495467185974
1,1,block_2,2,Provo_ID11,3,1082624,1262509,1,applied_drift,1741886026762,-16.983264684677124,-49.65495467185974
1,1,block_2,2,Provo_ID11,3,1082624,1262509,1,applied_drift,1741886026794,-16.983264684677124,-49.65495467185974
1,1,block_2,2,Provo_ID11,3,1082624,1262509,1,applied_drift,1741886026828,-16.983264684677124,-49.65495467185974
1,1,block_2,2,Provo_ID11,3,1082624,1262509,1,applied_drift,1741886026862,-16.983264684677124,-49.65495467185974
1,1,block_2,2,Provo_ID11,3,1082624,1262509,1,applied_drift,1741886026893,-16.983264684677124,-49.65495467185974
1,1,block_2,2,Provo_ID11,3,1082624,1262509,1,applied_drift,1741886026928,-16.983264684677124,-49.65495467185974
1,1,block_2,2,Provo_ID11,3,1082624,1262509,1,applied_drift,1741886026961,-16.983264684677124,-49.65495467185974
1,1,block_2,2,Provo_ID11,3,1082624,1262509,1,applied_drift,1741886026995,-16.983264684677124,-49.65495467185974
1,1,block_2,2,Provo_ID11,3,1082624,1262509,1,applied_drift,1741886027022,-16.983264684677124,-49.65495467185974
1,1,block_2,2,Provo_ID11,3,1082624,1262509,1,applied_drift,1741886027061,-16.983264684677124,-49.65495467185974
1,1,block_2,2,Provo_ID11,3,1082624,1262509,1,applied_drift,1741886027099,-16.983264684677124,-49.65495467185974
1,1,block_2,2,Provo_ID11,3,1082624,1262509,1,applied_drift,1741886027131,-16.983264684677124,-49.65495467185974
1,1,block_2,2,Provo_ID11,3,1082624,1262509,1,applied_drift,1741886027164,-16.983264684677124,-49.65495467185974
1,1,block_2,2,Provo_ID11,3,1082624,1262509,1,applied_drift,1741886027204,-16.983264684677124,-49.65495467185974
1,1,block_2,2,Provo_ID11,3,1082624,1262509,1,applied_drift,1741886027239,-16.983264684677124,-49.65495467185974
1,1,block_2,2,Provo_ID11,3,1082624,1262509,1,applied_drift,1741886027264,-16.983264684677124,-49.65495467185974
1,1,block_2,2,Provo_ID11,3,1082624,1262509,1,applied_drift,1741886027299,-16.983264684677124,-49.65495467185974
1,1,block_2,2,Provo_ID11,3,1082624,1262509,1,applied_drift,1741886027327,-16.983264684677124,-49.65495467185974
1,1,block_2,2,Provo_ID11,3,1082624,1262509,1,applied_drift,1741886027368,-16.983264684677124,-49.65495467185974
1,1,block_2,2,Provo_ID11,3,1082624,1262509,1,applied_drift,1741886027396,-16.983264684677124,-49.65495467185974
1,1,block_2,2,Provo_ID11,3,1082624,1262509,1,applied_drift,1741886027437,-16.983264684677124,-49.65495467185974
1,1,block_2,2,Provo_ID11,3,1082624,1262509,1,applied_drift,1741886027460,-16.983264684677124,-49.65495467185974
1,1,block_2,2,Provo_ID11,3,1082624,1262509,1,applied_drift,1741886027497,-16.983264684677124,-49.65495467185974
1,1,block_2,2,Provo_ID11,3,1082624,1262509,1,applied_drift,1741886027532,-16.983264684677124,-49.65495467185974
1,1,block_2,2,Provo_ID11,3,1082624,1262509,1,applied_drift,1741886027563,-16.983264684677124,-49.65495467185974
1,1,block_2,2,Provo_ID11,3,1082624,1262509,1,applied_drift,1741886027592,-16.983264684677124,-49.65495467185974
1,1,block_2,2,Provo_ID11,3,1082624,1262509,1,applied_drift,1741886027624,-16.983264684677124,-49.65495467185974
1,1,block_2,2,Provo_ID11,3,1082624,1262509,1,applied_drift,1741886027659,-16.983264684677124,-49.65495467185974
1,1,block_2,2,Provo_ID11,3,1082624,1262509,1,applied_drift,1741886027692,-16.983264684677124,-49.65495467185974
1,1,block_2,2,Provo_ID11,3,1082624,1262509,1,applied_drift,1741886027732,-16.983264684677124,-49.65495467185974
1,1,block_2,2,Provo_ID11,3,1082624,1262509,1,applied_drift,1741886027755,-16.983264684677124,-49.65495467185974
1,1,block_2,2,Provo_ID11,3,1082624,1262509,1,applied_drift,1741886027802,-16.983264684677124,-49.65495467185974
1,1,block_2,2,Provo_ID11,3,1082624,1262509,1,applied_drift,1741886027835,-16.983264684677124,-49.65495467185974
1,1,block_2,2,Provo_ID11,3,1082624,1262509,1,applied_drift,1741886027864,-16.983264684677124,-49.65495467185974
1,1,block_2,2,Provo_ID11,3,1082624,1262509,1,applied_drift,1741886027896,-16.983264684677124,-49.65495467185974
1,1,block_2,2,Provo_ID11,3,1082624,1262509,1,applied_drift,1741886027923,-16.983264684677124,-49.65495467185974
1,1,block_2,2,Provo_ID11,3,1082624,1262509,1,applied_drift,1741886027967,-16.983264684677124,-49.65495467185974
1,1,block_2,2,Provo_ID11,3,1082624,1262509,1,applied_drift,1741886027996,-16.983264684677124,-49.65495467185974
1,1,block_2,2,Provo_ID11,3,1082624,1262509,1,applied_drift,1741886028028,-16.983264684677124,-49.65495467185974
1,1,block_2,2,Provo_ID11,3,1082624,1262509,1,applied_drift,1741886028058,-16.983264684677124,-49.65495467185974
1,1,block_2,2,Provo_ID11,3,1082624,1262509,1,applied_drift,1741886028096,-16.983264684677124,-49.65495467185974
1,1,block_2,2,Provo_ID11,3,1082624,1262509,1,applied_drift,1741886028130,-16.983264684677124,-49.65495467185974
1,1,block_2,2,Provo_ID11,3,1082624,1262509,1,applied_drift,1741886028160,-16.983264684677124,-49.65495467185974
1,1,block_2,2,Provo_ID11,3,1082624,1262509,1,applied_drift,1741886028197,-16.983264684677124,-49.65495467185974
1,1,block_2,2,Provo_ID11,3,1082624,1262509,1,applied_drift,1741886028229,-16.983264684677124,-49.65495467185974
1,1,block_2,2,Provo_ID11,3,1082624,1262509,1,applied_drift,1741886028263,-16.983264684677124,-49.65495467185974
1,1,block_2,2,Provo_ID11,3,1082624,1262509,1,applied_drift,1741886028297,-16.983264684677124,-49.65495467185974
1,1,block_2,2,Provo_ID11,3,1082624,1262509,1,applied_drift,1741886028323,-16.983264684677124,-49.65495467185974
1,1,block_2,2,Provo_ID11,3,1082624,1262509,1,applied_drift,1741886028362,-16.983264684677124,-49.65495467185974
1,1,block_2,2,Provo_ID11,3,1082624,1262509,1,applied_drift,1741886028391,-16.983264684677124,-49.65495467185974
1,1,block_2,2,Provo_ID11,3,1082624,1262509,1,applied_drift,1741886028424,-16.983264684677124,-49.65495467185974
1,1,block_2,2,Provo_ID11,3,1082624,1262509,1,applied_drift,1741886028463,-16.983264684677124,-49.65495467185974
1,1,block_2,2,Provo_ID11,3,1082624,1262509,1,applied_drift,1741886028495,-16.983264684677124,-49.65495467185974
1,1,block_2,2,Provo_ID11,3,1082624,1262509,1,applied_drift,1741886028526,-16.983264684677124,-49.65495467185974
1,1,block_2,2,Provo_ID11,3,1082624,1262509,1,applied_drift,1741886028562,-16.983264684677124,-49.65495467185974
1,1,block_2,2,Provo_ID11,3,1082624,1262509,1,applied_drift,1741886028590,-16.983264684677124,-49.65495467185974
1,1,block_2,2,Provo_ID11,3,1082624,1262509,1,applied_drift,1741886028632,-16.983264684677124,-49.65495467185974
1,1,block_2,2,Provo_ID11,3,1082624,1262509,1,applied_drift,1741886028659,-16.983264684677124,-49.65495467185974
1,1,block_2,2,Provo_ID11,3,1082624,1262509,1,applied_drift,1741886028693,-16.983264684677124,-49.65495467185974
1,1,block_2,2,Provo_ID11,3,1082624,1262509,1,applied_drift,1741886028728,-16.983264684677124,-49.65495467185974
1,1,block_2,2,Provo_ID11,3,1082624,1262509,1,applied_drift,1741886028759,-16.983264684677124,-49.65495467185974
1,1,block_2,2,Provo_ID11,3,1082624,1262509,1,applied_drift,1741886028798,-16.983264684677124,-49.65495467185974
1,1,block_2,2,Provo_ID11,3,1082624,1262509,1,applied_drift,1741886028825,-16.983264684677124,-49.65495467185974
1,1,block_2,2,Provo_ID11,3,1082624,1262509,1,applied_drift,1741886028865,-16.983264684677124,-49.65495467185974
1,1,block_2,2,Provo_ID11,3,1082624,1262509,1,applied_drift,1741886028898,-16.983264684677124,-49.65495467185974
1,1,block_2,2,Provo_ID11,3,1082624,1262509,1,applied_drift,1741886028924,-16.983264684677124,-49.65495467185974
1,1,block_2,2,Provo_ID11,3,1082624,1262509,1,applied_drift,1741886028965,-16.983264684677124,-49.65495467185974
1,1,block_2,2,Provo_ID11,3,1082624,1262509,1,applied_drift,1741886028998,-16.983264684677124,-49.65495467185974
1,1,block_2,2,Provo_ID11,3,1082624,1262509,1,applied_drift,1741886029031,-16.983264684677124,-49.65495467185974
1,1,block_2,2,Provo_ID11,3,1082624,1262509,1,applied_drift,1741886029061,-16.983264684677124,-49.65495467185974
1,1,block_2,2,Provo_ID11,3,1082624,1262509,1,applied_drift,1741886029092,-16.983264684677124,-49.65495467185974
1,1,block_2,2,Provo_ID11,3,1082624,1262509,1,applied_drift,1741886029127,-16.983264684677124,-49.65495467185974
1,1,block_2,2,Provo_ID11,3,1082624,1262509,1,applied_drift,1741886029169,-16.983264684677124,-49.65495467185974
1,1,block_2,2,Provo_ID11,3,1082624,1262509,1,applied_drift,1741886029201,-16.983264684677124,-49.65495467185974
1,1,block_2,2,Provo_ID11,3,1082624,1262509,1,applied_drift,1741886029231,-16.983264684677124,-49.65495467185974
1,1,block_2,2,Provo_ID11,3,1082624,1262509,1,applied_drift,1741886029264,-16.983264684677124,-49.65495467185974
1,1,block_2,2,Provo_ID11,3,1082624,1262509,1,applied_drift,1741886029297,-16.983264684677124,-49.65495467185974
1,1,block_2,2,Provo_ID11,3,1082624,1262509,1,applied_drift,1741886029332,-16.983264684677124,-49.65495467185974
1,1,block_2,2,Provo_ID11,3,1082624,1262509,1,applied_drift,1741886029363,-16.983264684677124,-49.65495467185974
1,1,block_2,2,Provo_ID11,3,1082624,1262509,1,applied_drift,1741886029392,-16.983264684677124,-49.65495467185974
1,1,block_2,2,Provo_ID11,3,1082624,1262509,1,applied_drift,1741886029431,-16.983264684677124,-49.65495467185974
1,1,block_2,2,Provo_ID11,3,1082624,1262509,1,applied_drift,1741886029464,-16.983264684677124,-49.65495467185974
1,1,block_2,2,Provo_ID11,3,1082624,1262509,1,applied_drift,1741886029498,-16.983264684677124,-49.65495467185974
1,1,block_2,2,Provo_ID11,3,1082624,1262509,1,applied_drift,1741886029531,-16.983264684677124,-49.65495467185974
1,1,block_2,2,Provo_ID11,3,1082624,1262509,1,applied_drift,1741886029559,-16.983264684677124,-49.65495467185974
1,1,block_2,2,Provo_ID11,3,1082624,1262509,1,applied_drift,1741886029597,-16.983264684677124,-49.65495467185974
1,1,block_2,2,Provo_ID11,3,1082624,1262509,1,applied_drift,1741886029631,-16.983264684677124,-49.65495467185974
1,1,block_2,2,Provo_ID11,3,1082624,1262509,1,applied_drift,1741886029667,-16.983264684677124,-49.65495467185974
1,1,block_2,2,Provo_ID11,3,1082624,1262509,1,applied_drift,1741886029697,-16.983264684677124,-49.65495467185974
1,1,block_2,2,Provo_ID11,3,1082624,1262509,1,applied_drift,1741886032429,-16.983264684677124,-49.65495467185974
1,1,block_2,2,Provo_ID11,3,1082624,1262509,1,applied_drift,1741886032454,-16.983264684677124,-49.65495467185974
1,1,block_2,2,Provo_ID11,3,1082624,1262509,1,applied_drift,1741886032490,-16.983264684677124,-49.65495467185974
1,1,block_2,2,Provo_ID11,3,1082624,1262509,1,applied_drift,1741886032526,-16.983264684677124,-49.65495467185974
1,1,block_2,2,Provo_ID11,3,1082624,1262509,1,applied_drift,1741886032560,-16.983264684677124,-49.65495467185974
1,1,block_2,2,Provo_ID11,3,1082624,1262509,1,applied_drift,1741886032587,-16.983264684677124,-49.65495467185974
1,1,block_2,2,Provo_ID11,3,1082624,1262509,1,applied_drift,1741886032631,-16.983264684677124,-49.65495467185974
1,1,block_2,2,Provo_ID11,3,1082624,1262509,1,applied_drift,1741886032661,-16.983264684677124,-49.65495467185974
1,1,block_2,2,Provo_ID11,3,1082624,1262509,1,applied_drift,1741886032694,-16.983264684677124,-49.65495467185974
1,1,block_2,2,Provo_ID11,3,1082624,1262509,1,applied_drift,1741886032726,-16.983264684677124,-49.65495467185974
1,1,block_2,2,Provo_ID11,3,1082624,1262509,1,applied_drift,1741886032760,-16.983264684677124,-49.65495467185974
1,1,block_2,2,Provo_ID11,3,1082624,1262509,1,applied_drift,1741886032790,-16.983264684677124,-49.65495467185974
1,1,block_2,2,Provo_ID11,3,1082624,1262509,1,applied_drift,1741886032822,-16.983264684677124,-49.65495467185974
1,1,block_2,2,Provo_ID11,3,1082624,1262509,1,applied_drift,1741886032859,-16.983264684677124,-49.65495467185974
1,1,block_2,2,Provo_ID11,3,1082624,1262509,1,applied_drift,1741886032894,-16.983264684677124,-49.65495467185974
1,1,block_2,2,Provo_ID11,3,1082624,1262509,1,applied_drift,1741886032931,-16.983264684677124,-49.65495467185974
1,1,block_2,2,Provo_ID11,3,1082624,1262509,1,applied_drift,1741886032960,-16.983264684677124,-49.65495467185974
1,1,block_2,2,Provo_ID11,3,1082624,1262509,1,applied_drift,1741886032988,-16.983264684677124,-49.65495467185974
1,1,block_2,2,Provo_ID11,3,1082624,1262509,1,applied_drift,1741886033022,-16.983264684677124,-49.65495467185974
1,1,block_2,2,Provo_ID11,3,1082624,1262509,1,applied_drift,1741886033051,-16.983264684677124,-49.65495467185974
1,1,block_2,2,Provo_ID11,3,1082624,1262509,1,applied_drift,1741886033086,-16.983264684677124,-49.65495467185974
1,1,block_2,2,Provo_ID11,3,1082624,1262509,1,applied_drift,1741886033116,-16.983264684677124,-49.65495467185974
1,1,block_2,2,Provo_ID11,3,1082624,1262509,1,applied_drift,1741886033158,-16.983264684677124,-49.65495467185974
1,1,block_2,2,Provo_ID11,3,1082624,1262509,1,applied_drift,1741886033187,-16.983264684677124,-49.65495467185974
1,1,block_2,2,Provo_ID11,3,1082624,1262509,1,applied_drift,1741886033219,-16.983264684677124,-49.65495467185974
1,1,block_2,2,Provo_ID11,3,1082624,1262509,1,applied_drift,1741886033258,-16.983264684677124,-49.65495467185974
1,1,block_2,2,Provo_ID11,3,1082624,1262509,1,applied_drift,1741886033295,-16.983264684677124,-49.65495467185974
1,1,block_2,2,Provo_ID11,3,1082624,1262509,1,applied_drift,1741886033324,-16.983264684677124,-49.65495467185974
1,1,block_2,2,Provo_ID11,3,1082624,1262509,1,applied_drift,1741886033355,-16.983264684677124,-49.65495467185974
1,1,block_2,2,Provo_ID11,3,1082624,1262509,1,applied_drift,1741886033386,-16.983264684677124,-49.65495467185974
1,1,block_2,2,Provo_ID11,3,1082624,1262509,1,applied_drift,1741886033421,-16.983264684677124,-49.65495467185974
1,1,block_2,2,Provo_ID11,3,1082624,1262509,1,applied_drift,1741886033457,-16.983264684677124,-49.65495467185974
1,1,block_2,2,Provo_ID11,3,1082624,1262509,1,applied_drift,1741886033492,-16.983264684677124,-49.65495467185974
1,1,block_2,2,Provo_ID11,3,1082624,1262509,1,applied_drift,1741886033526,-16.983264684677124,-49.65495467185974
1,1,block_2,2,Provo_ID11,3,1082624,1262509,1,error_trial,1741885970366,""
1,1,block_2,2,Provo_ID11,3,1082624,1262509,1,error_trial,1741886004432,89.7911156548394
1,1,block_2,2,Provo_ID11,3,1082624,1262509,1,error_trial_x,1741885970366,""
1,1,block_2,2,Provo_ID11,3,1082624,1262509,1,error_trial_x,1741886004432,74.1158209906684
1,1,block_2,2,Provo_ID11,3,1082624,1262509,1,error_trial_y,1741885970366,""
1,1,block_2,2,Provo_ID11,3,1082624,1262509,1,error_trial_y,1741886004432,30.604239569769966
1,1,block_2,2,Provo_ID11,3,1082624,1262509,1,error_calibration,1741885970366,""
1,1,block_2,2,Provo_ID11,3,1082624,1262509,1,error_calibration,1741886004432,78.81319681803386
1,1,block_2,2,Provo_ID11,3,1082624,1262509,1,error_calibration_x,1741885970366,""
1,1,block_2,2,Provo_ID11,3,1082624,1262509,1,error_calibration_x,1741886004432,66.54381646050346
1,1,block_2,2,Provo_ID11,3,1082624,1262509,1,error_calibration_y,1741885970366,""
1,1,block_2,2,Provo_ID11,3,1082624,1262509,1,error_calibration_y,1741886004432,31.008336808946396
1,1,block_2,2,Provo_ID11,3,1082624,1262509,1,gaze_conf,"",
1,1,block_2,2,Provo_ID12,2,1082624,1262509,1,gaze_data,1741885925141,
1,1,block_2,2,Provo_ID12,2,1082624,1262509,1,gaze_data,1741885949136,656.9567441940308,417.04509258270264,1741885949114.8,0.5685708453436744
1,1,block_2,2,Provo_ID12,2,1082624,1262509,1,gaze_data,1741885949160,672.1035003662109,420.3112930059433,1741885949147.3,0.8230668140405406
1,1,block_2,2,Provo_ID12,2,1082624,1262509,1,gaze_data,1741885949193,664.9723052978516,450.66215693950653,1741885949180.7002,0.6763121318647207
1,1,block_2,2,Provo_ID12,2,1082624,1262509,1,gaze_data,1741885949226,662.7810001373291,420.15132904052734,1741885949214.1,0.7164421135759397
1,1,block_2,2,Provo_ID12,2,1082624,1262509,1,gaze_data,1741885949265,666.0152673721313,409.4136714935303,1741885949247.2002,0.60118516005313
1,1,block_2,2,Provo_ID12,2,1082624,1262509,1,gaze_data,1741885949287,668.5549020767212,413.0422830581665,1741885949280.4001,0.60118516005313
1,1,block_2,2,Provo_ID12,2,1082624,1262509,1,gaze_data,1741885949323,672.5701808929443,416.09609723091125,1741885949314.1,0.8241892450204538
1,1,block_2,2,Provo_ID12,2,1082624,1262509,1,gaze_data,1741885949361,664.6857500076294,411.1180067062378,1741885949347.9001,0.8456195430561051
1,1,block_2,2,Provo_ID12,2,1082624,1262509,1,gaze_data,1741885949384,659.5366716384888,414.4918829202652,1741885949380.5,0.8456195430561051
1,1,block_2,2,Provo_ID12,2,1082624,1262509,1,gaze_data,1741885949419,659.6192359924316,423.244109749794,1741885949413.7002,0.7645250120835931
1,1,block_2,2,Provo_ID12,2,1082624,1262509,1,gaze_data,1741885949460,622.3593235015869,426.0904401540756,1741885949448.2002,0.7582826154012787
1,1,block_2,2,Provo_ID12,2,1082624,1262509,1,gaze_data,1741885949493,421.5391010046005,379.874786734581,1741885949480.6,0.7600993337530826
1,1,block_2,2,Provo_ID12,2,1082624,1262509,1,gaze_data,1741885949526,240.5534267425537,279.3859973549843,1741885949513.9001,0.4468905180693068
1,1,block_2,2,Provo_ID12,2,1082624,1262509,1,gaze_data,1741885949556,113.93792629241943,239.57133423537016,1741885949547,0.8702441846402815
1,1,block_2,2,Provo_ID12,2,1082624,1262509,1,gaze_data,1741885949588,106.82497024536133,209.86289475113153,1741885949580.4001,1
1,1,block_2,2,Provo_ID12,2,1082624,1262509,1,gaze_data,1741885949620,91.06593132019043,196.9653446227312,1741885949613.9001,1
1,1,block_2,2,Provo_ID12,2,1082624,1262509,1,gaze_data,1741885949654,74.73635673522949,175.772937387228,1741885949647,1
1,1,block_2,2,Provo_ID12,2,1082624,1262509,1,gaze_data,1741885949686,61.21773719787598,199.68629106879234,1741885949680.8,1
1,1,block_2,2,Provo_ID12,2,1082624,1262509,1,gaze_data,1741885949731,68.38607788085938,211.1692264676094,1741885949714,1
1,1,block_2,2,Provo_ID12,2,1082624,1262509,1,gaze_data,1741885949762,73.68004322052002,168.08020547032356,1741885949747.5,1
1,1,block_2,2,Provo_ID12,2,1082624,1262509,1,gaze_data,1741885949793,89.77336883544922,173.19654524326324,1741885949780.5,1
1,1,block_2,2,Provo_ID12,2,1082624,1262509,1,gaze_data,1741885949821,59.42881107330322,170.69547474384308,1741885949813.8,1
1,1,block_2,2,Provo_ID12,2,1082624,1262509,1,gaze_data,1741885949865,70.6763744354248,143.35498064756393,1741885949847.7002,1
1,1,block_2,2,Provo_ID12,2,1082624,1262509,1,gaze_data,1741885949894,84.66134071350098,125.88260918855667,1741885949881,1
1,1,block_2,2,Provo_ID12,2,1082624,1262509,1,gaze_data,1741885949931,74.78084564208984,124.86253529787064,1741885949914.4001,1
1,1,block_2,2,Provo_ID12,2,1082624,1262509,1,gaze_data,1741885949971,79.64870929718018,145.83822935819626,1741885949949.2002,1
1,1,block_2,2,Provo_ID12,2,1082624,1262509,1,gaze_data,1741885950006,79.50220108032227,148.28444123268127,1741885949979.7002,1
1,1,block_2,2,Provo_ID12,2,1082624,1262509,1,gaze_data,1741885950033,83.53376388549805,147.40038514137268,1741885950013.6,1
1,1,block_2,2,Provo_ID12,2,1082624,1262509,1,gaze_data,1741885950061,80.00435829162598,146.89570516347885,1741885950047.6,1
1,1,block_2,2,Provo_ID12,2,1082624,1262509,1,gaze_data,1741885950094,167.3786163330078,145.89096456766129,1741885950087.1,1
1,1,block_2,2,Provo_ID12,2,1082624,1262509,1,gaze_data,1741885950132,220.62114477157593,162.67151609063148,1741885950113.8,1
1,1,block_2,2,Provo_ID12,2,1082624,1262509,1,gaze_data,1741885950169,206.91697597503662,151.0849505662918,1741885950147.1,1
1,1,block_2,2,Provo_ID12,2,1082624,1262509,1,gaze_data,1741885950205,205.73831796646118,140.3335690498352,1741885950182.1,1
1,1,block_2,2,Provo_ID12,2,1082624,1262509,1,gaze_data,1741885950239,203.2438039779663,126.93779021501541,1741885950212.6,1
1,1,block_2,2,Provo_ID12,2,1082624,1262509,1,gaze_data,1741885950268,217.757248878479,142.1164631843567,1741885950246.4001,1
1,1,block_2,2,Provo_ID12,2,1082624,1262509,1,gaze_data,1741885950305,328.13979387283325,149.8175546526909,1741885950281.2002,1
1,1,block_2,2,Provo_ID12,2,1082624,1262509,1,gaze_data,1741885950338,333.3786606788635,159.69338864088058,1741885950313.6,1
1,1,block_2,2,Provo_ID12,2,1082624,1262509,1,gaze_data,1741885950371,349.88275170326233,148.88559132814407,1741885950346.8,1
1,1,block_2,2,Provo_ID12,2,1082624,1262509,1,gaze_data,1741885950394,351.78481936454773,147.70897328853607,1741885950379.7002,1
1,1,block_2,2,Provo_ID12,2,1082624,1262509,1,gaze_data,1741885950429,456.26299381256104,160.166634619236,1741885950413,1
1,1,block_2,2,Provo_ID12,2,1082624,1262509,1,gaze_data,1741885950466,491.83658361434937,134.8653867840767,1741885950446.8,1
1,1,block_2,2,Provo_ID12,2,1082624,1262509,1,gaze_data,1741885950500,493.8858151435852,133.38384628295898,1741885950482.3,1
1,1,block_2,2,Provo_ID12,2,1082624,1262509,1,gaze_data,1741885950534,503.2428741455078,110.06750017404556,1741885950515.9001,1
1,1,block_2,2,Provo_ID12,2,1082624,1262509,1,gaze_data,1741885950566,529.2452931404114,129.68677133321762,1741885950546.2002,1
1,1,block_2,2,Provo_ID12,2,1082624,1262509,1,gaze_data,1741885950600,497.76172637939453,117.6844671368599,1741885950579.9001,1
1,1,block_2,2,Provo_ID12,2,1082624,1262509,1,gaze_data,1741885950631,400.29128789901733,160.92866510152817,1741885950613.4001,1
1,1,block_2,2,Provo_ID12,2,1082624,1262509,1,gaze_data,1741885950665,214.5282745361328,162.93531507253647,1741885950647.7002,1
1,1,block_2,2,Provo_ID12,2,1082624,1262509,1,gaze_data,1741885950698,218.5858964920044,172.17217609286308,1741885950680.2002,1
1,1,block_2,2,Provo_ID12,2,1082624,1262509,1,gaze_data,1741885950727,207.48639106750488,182.14907720685005,1741885950713.2002,1
1,1,block_2,2,Provo_ID12,2,1082624,1262509,1,gaze_data,1741885950763,220.4340934753418,194.09528225660324,1741885950747.3,1
1,1,block_2,2,Provo_ID12,2,1082624,1262509,1,gaze_data,1741885950804,207.2333574295044,189.373130351305,1741885950779.5,1
1,1,block_2,2,Provo_ID12,2,1082624,1262509,1,gaze_data,1741885950833,164.52715396881104,185.25677025318146,1741885950813.2002,1
1,1,block_2,2,Provo_ID12,2,1082624,1262509,1,gaze_data,1741885950865,145.83487510681152,196.53279930353165,1741885950846.7002,1
1,1,block_2,2,Provo_ID12,2,1082624,1262509,1,gaze_data,1741885950896,143.75579357147217,198.98883663117886,1741885950879.9001,1
1,1,block_2,2,Provo_ID12,2,1082624,1262509,1,gaze_data,1741885950927,130.24108409881592,210.61625089496374,1741885950913.7002,1
1,1,block_2,2,Provo_ID12,2,1082624,1262509,1,gaze_data,1741885950960,138.44261169433594,210.54266802966595,1741885950946.7002,1
1,1,block_2,2,Provo_ID12,2,1082624,1262509,1,gaze_data,1741885950989,317.18093156814575,229.36545396223664,1741885950980.6,1
1,1,block_2,2,Provo_ID12,2,1082624,1262509,1,gaze_data,1741885951026,324.4384229183197,195.28118930757046,1741885951013.6,1
1,1,block_2,2,Provo_ID12,2,1082624,1262509,1,gaze_data,1741885951074,412.8935217857361,220.01618975773454,1741885951050.4001,1
1,1,block_2,2,Provo_ID12,2,1082624,1262509,1,gaze_data,1741885951105,409.5215857028961,212.68418096005917,1741885951080.2002,1
1,1,block_2,2,Provo_ID12,2,1082624,1262509,1,gaze_data,1741885951138,396.3865876197815,200.42415373027325,1741885951112.9001,1
1,1,block_2,2,Provo_ID12,2,1082624,1262509,1,gaze_data,1741885951168,415.38665294647217,221.28972937352955,1741885951146.4001,1
1,1,block_2,2,Provo_ID12,2,1082624,1262509,1,gaze_data,1741885951198,404.6061486005783,226.16185494698584,1741885951180.2002,1
1,1,block_2,2,Provo_ID12,2,1082624,1262509,1,gaze_data,1741885951232,411.49176359176636,226.74959644209594,1741885951214,1
1,1,block_2,2,Provo_ID12,2,1082624,1262509,1,gaze_data,1741885951258,555.2385568618774,229.32755053043365,1741885951246.5,1
1,1,block_2,2,Provo_ID12,2,1082624,1262509,1,gaze_data,1741885951299,567.7868843078613,233.9868837967515,1741885951280.4001,1
1,1,block_2,2,Provo_ID12,2,1082624,1262509,1,gaze_data,1741885951333,570.3644275665283,235.96926722675562,1741885951313.3,1
1,1,block_2,2,Provo_ID12,2,1082624,1262509,1,gaze_data,1741885951366,573.0406284332275,232.6971249654889,1741885951346.5,1
1,1,block_2,2,Provo_ID12,2,1082624,1262509,1,gaze_data,1741885951394,570.0669050216675,232.63813592493534,1741885951379.7002,1
1,1,block_2,2,Provo_ID12,2,1082624,1262509,1,gaze_data,1741885951430,559.7654223442078,220.21629000082612,1741885951413,1
1,1,block_2,2,Provo_ID12,2,1082624,1262509,1,gaze_data,1741885951466,569.9254035949707,242.06373132765293,1741885951447.8,1
1,1,block_2,2,Provo_ID12,2,1082624,1262509,1,gaze_data,1741885951505,552.4930238723755,211.4948531612754,1741885951479.9001,1
1,1,block_2,2,Provo_ID12,2,1082624,1262509,1,gaze_data,1741885951530,558.0293655395508,209.5527894794941,1741885951513.1,1
1,1,block_2,2,Provo_ID12,2,1082624,1262509,1,gaze_data,1741885951566,536.9643449783325,228.00778402015567,1741885951548.6,1
1,1,block_2,2,Provo_ID12,2,1082624,1262509,1,gaze_data,1741885951598,366.3832873106003,251.37785114347935,1741885951578.9001,1
1,1,block_2,2,Provo_ID12,2,1082624,1262509,1,gaze_data,1741885951627,182.259202003479,300.48340409994125,1741885951612.2002,1
1,1,block_2,2,Provo_ID12,2,1082624,1262509,1,gaze_data,1741885951659,173.72004985809326,284.42368879914284,1741885951646.9001,1
1,1,block_2,2,Provo_ID12,2,1082624,1262509,1,gaze_data,1741885951695,153.80284786224365,272.9969158768654,1741885951682.5,1
1,1,block_2,2,Provo_ID12,2,1082624,1262509,1,gaze_data,1741885951728,166.13497734069824,289.56272304058075,1741885951713.3,1
1,1,block_2,2,Provo_ID12,2,1082624,1262509,1,gaze_data,1741885951761,146.99113368988037,276.49563774466515,1741885951746.7002,1
1,1,block_2,2,Provo_ID12,2,1082624,1262509,1,gaze_data,1741885951793,159.57305431365967,283.1248626112938,1741885951780.2002,1
1,1,block_2,2,Provo_ID12,2,1082624,1262509,1,gaze_data,1741885951828,144.27411556243896,298.6744925379753,1741885951815.6,1
1,1,block_2,2,Provo_ID12,2,1082624,1262509,1,gaze_data,1741885951861,151.86290740966797,296.81790471076965,1741885951845.7002,1
1,1,block_2,2,Provo_ID12,2,1082624,1262509,1,gaze_data,1741885951895,151.95341110229492,287.21216171979904,1741885951879.9001,1
1,1,block_2,2,Provo_ID12,2,1082624,1262509,1,gaze_data,1741885951935,254.61190938949585,299.62327927351,1741885951913.8,1
1,1,block_2,2,Provo_ID12,2,1082624,1262509,1,gaze_data,1741885951966,373.14678728580475,280.7400584220886,1741885951946.5,1
1,1,block_2,2,Provo_ID12,2,1082624,1262509,1,gaze_data,1741885951990,374.270498752594,270.9126755595207,1741885951979.7002,1
1,1,block_2,2,Provo_ID12,2,1082624,1262509,1,gaze_data,1741885952033,422.95115888118744,280.7613931596279,1741885952013.5,1
1,1,block_2,2,Provo_ID12,2,1082624,1262509,1,gaze_data,1741885952062,427.5723546743393,283.7369091808796,1741885952046.2002,1
1,1,block_2,2,Provo_ID12,2,1082624,1262509,1,gaze_data,1741885952098,410.0980132818222,263.72934728860855,1741885952079.8,1
1,1,block_2,2,Provo_ID12,2,1082624,1262509,1,gaze_data,1741885952132,422.55987226963043,283.574415743351,1741885952112.7002,1
1,1,block_2,2,Provo_ID12,2,1082624,1262509,1,gaze_data,1741885952165,527.6514291763306,307.2296142578125,1741885952146.8,1
1,1,block_2,2,Provo_ID12,2,1082624,1262509,1,gaze_data,1741885952194,507.12153911590576,285.1901076734066,1741885952179.5,1
1,1,block_2,2,Provo_ID12,2,1082624,1262509,1,gaze_data,1741885952237,545.7375884056091,317.98139065504074,1741885952212.7002,1
1,1,block_2,2,Provo_ID12,2,1082624,1262509,1,gaze_data,1741885952271,565.6248688697815,282.12705478072166,1741885952246.3,1
1,1,block_2,2,Provo_ID12,2,1082624,1262509,1,gaze_data,1741885952297,530.3288221359253,279.82327193021774,1741885952279.4001,1
1,1,block_2,2,Provo_ID12,2,1082624,1262509,1,gaze_data,1741885952338,541.9268250465393,275.0304400920868,1741885952315.7002,1
1,1,block_2,2,Provo_ID12,2,1082624,1262509,1,gaze_data,1741885952365,442.4027532339096,339.8430183529854,1741885952346,1
1,1,block_2,2,Provo_ID12,2,1082624,1262509,1,gaze_data,1741885952398,417.9033488035202,347.73623049259186,1741885952380,0.9259907389591975
1,1,block_2,2,Provo_ID12,2,1082624,1262509,1,gaze_data,1741885952426,411.19209229946136,349.59349632263184,1741885952411.8,0.9505722603068905
1,1,block_2,2,Provo_ID12,2,1082624,1262509,1,gaze_data,1741885952466,399.6189057826996,344.3845570087433,1741885952445.4001,0.7839069872970655
1,1,block_2,2,Provo_ID12,2,1082624,1262509,1,gaze_data,1741885952499,413.63633275032043,346.99652194976807,1741885952479.7002,0.9438851197788591
1,1,block_2,2,Provo_ID12,2,1082624,1262509,1,gaze_data,1741885952527,400.10946691036224,343.7523454427719,1741885952512.5,0.7943712617928111
1,1,block_2,2,Provo_ID12,2,1082624,1262509,1,gaze_data,1741885952571,282.16274976730347,343.92368644475937,1741885952551.5,0.8662733293192498
1,1,block_2,2,Provo_ID12,2,1082624,1262509,1,gaze_data,1741885952594,254.82800006866455,330.21743446588516,1741885952579.4001,0.6836869834345332
1,1,block_2,2,Provo_ID12,2,1082624,1262509,1,gaze_data,1741885952633,259.37838554382324,340.38244783878326,1741885952613.1,0.6187966032391855
1,1,block_2,2,Provo_ID12,2,1082624,1262509,1,gaze_data,1741885952668,257.348096370697,346.6496676206589,1741885952645.9001,0.714879078719269
1,1,block_2,2,Provo_ID12,2,1082624,1262509,1,gaze_data,1741885952699,243.8960075378418,340.8009544014931,1741885952680.7002,0.8369287813759303
1,1,block_2,2,Provo_ID12,2,1082624,1262509,1,gaze_data,1741885952733,199.01609420776367,316.8794572353363,1741885952712.9001,0.7774726585133309
1,1,block_2,2,Provo_ID12,2,1082624,1262509,1,gaze_data,1741885952765,183.67290496826172,307.67229050397873,1741885952745.2002,0.8970432931578044
1,1,block_2,2,Provo_ID12,2,1082624,1262509,1,gaze_data,1741885952799,157.84120559692383,307.9097628593445,1741885952779,0.7712746794822078
1,1,block_2,2,Provo_ID12,2,1082624,1262509,1,gaze_data,1741885952832,170.16236782073975,316.3068354129791,1741885952811.5,1
1,1,block_2,2,Provo_ID12,2,1082624,1262509,1,gaze_data,1741885952866,184.36262607574463,320.09821981191635,1741885952846.5,0.9838232303241967
1,1,block_2,2,Provo_ID12,2,1082624,1262509,1,gaze_data,1741885952898,192.87116527557373,310.0870907306671,1741885952879.1,1
1,1,block_2,2,Provo_ID12,2,1082624,1262509,1,gaze_data,1741885952933,175.7221221923828,311.4235758781433,1741885952913.7002,1
1,1,block_2,2,Provo_ID12,2,1082624,1262509,1,gaze_data,1741885952966,301.6318202018738,365.44684171676636,1741885952946,1
1,1,block_2,2,Provo_ID12,2,1082624,1262509,1,gaze_data,1741885952994,317.1180009841919,363.13725113868713,1741885952978.3,0.9680947562898883
1,1,block_2,2,Provo_ID12,2,1082624,1262509,1,gaze_data,1741885953027,314.4588828086853,346.53310328722,1741885953013,0.7519819757079331
1,1,block_2,2,Provo_ID12,2,1082624,1262509,1,gaze_data,1741885953059,304.162073135376,349.5398223400116,1741885953045.9001,0.6871198111132656
1,1,block_2,2,Provo_ID12,2,1082624,1262509,1,gaze_data,1741885953095,287.95201778411865,340.31710624694824,1741885953083.5,0.7023432883171576
1,1,block_2,2,Provo_ID12,2,1082624,1262509,1,gaze_data,1741885953129,310.12654304504395,372.90886640548706,1741885953112.6,0.7500796704422017
1,1,block_2,2,Provo_ID12,2,1082624,1262509,1,gaze_data,1741885953161,388.9560490846634,367.76598393917084,1741885953146.4001,0.671577001629841
1,1,block_2,2,Provo_ID12,2,1082624,1262509,1,gaze_data,1741885953190,432.97923505306244,324.3714705109596,1741885953180.2002,0.8116133485720436
1,1,block_2,2,Provo_ID12,2,1082624,1262509,1,gaze_data,1741885953228,440.44454991817474,308.512082695961,1741885953213,0.5946319281067446
1,1,block_2,2,Provo_ID12,2,1082624,1262509,1,gaze_data,1741885953262,467.0934557914734,297.1263065934181,1741885953245.7002,0.6781931629686443
1,1,block_2,2,Provo_ID12,2,1082624,1262509,1,gaze_data,1741885953295,479.27119731903076,321.2822064757347,1741885953280.2002,0.7857988134259961
1,1,block_2,2,Provo_ID12,2,1082624,1262509,1,gaze_data,1741885953328,461.1535906791687,307.3259428143501,1741885953314.4001,0.6327825392767248
1,1,block_2,2,Provo_ID12,2,1082624,1262509,1,gaze_data,1741885953355,379.9843639135361,317.83166378736496,1741885953345.9001,0.9380514369210853
1,1,block_2,2,Provo_ID12,2,1082624,1262509,1,gaze_data,1741885953401,342.1501040458679,326.0538637638092,1741885953379,0.7458388380631363
1,1,block_2,2,Provo_ID12,2,1082624,1262509,1,gaze_data,1741885953423,344.268661737442,332.78169333934784,1741885953414.4001,0.7458388380631363
1,1,block_2,2,Provo_ID12,2,1082624,1262509,1,gaze_data,1741885953464,346.29536271095276,340.9428134560585,1741885953446,0.8685510211304202
1,1,block_2,2,Provo_ID12,2,1082624,1262509,1,gaze_data,1741885953488,348.7346827983856,343.9024895429611,1741885953478.9001,0.8685510211304202
1,1,block_2,2,Provo_ID12,2,1082624,1262509,1,gaze_data,1741885953534,347.2693085670471,345.5499842762947,1741885953512.3,0.8291917082861433
1,1,block_2,2,Provo_ID12,2,1082624,1262509,1,gaze_data,1741885953564,301.2480854988098,357.2370022535324,1741885953547.3,0.8744976814741543
1,1,block_2,2,Provo_ID12,2,1082624,1262509,1,gaze_data,1741885953598,308.2838177680969,335.86852103471756,1741885953579,0.6895587421529015
1,1,block_2,2,Provo_ID12,2,1082624,1262509,1,gaze_data,1741885953632,294.1442012786865,349.61719661951065,1741885953612,0.5786161268160543
1,1,block_2,2,Provo_ID12,2,1082624,1262509,1,gaze_data,1741885953664,304.2137145996094,347.76021391153336,1741885953646.5,0.7223022682373131
1,1,block_2,2,Provo_ID12,2,1082624,1262509,1,gaze_data,1741885953699,280.7913064956665,333.33609104156494,1741885953678.9001,0.6050373072399334
1,1,block_2,2,Provo_ID12,2,1082624,1262509,1,gaze_data,1741885953735,285.20758152008057,343.44445765018463,1741885953712,0.6932241603894489
1,1,block_2,2,Provo_ID12,2,1082624,1262509,1,gaze_data,1741885953771,348.154079914093,363.99482786655426,1741885953750.4001,0.8684768585842343
1,1,block_2,2,Provo_ID12,2,1082624,1262509,1,gaze_data,1741885953801,489.3597960472107,408.1963211297989,1741885953779.2002,0.6690743707436266
1,1,block_2,2,Provo_ID12,2,1082624,1262509,1,gaze_data,1741885953830,488.12175989151,366.6981369256973,1741885953812.1,0.3823572292295438
1,1,block_2,2,Provo_ID12,2,1082624,1262509,1,gaze_data,1741885953871,525.0668525695801,380.4384380578995,1741885953848.9001,0.38183968181790995
1,1,block_2,2,Provo_ID12,2,1082624,1262509,1,gaze_data,1741885953904,529.1655778884888,378.50155532360077,1741885953879.2002,0.45291239271170697
1,1,block_2,2,Provo_ID12,2,1082624,1262509,1,gaze_data,1741885953933,532.9838514328003,364.96952772140503,1741885953912,0.551657645556574
1,1,block_2,2,Provo_ID12,2,1082624,1262509,1,gaze_data,1741885953966,525.5265474319458,354.4695734977722,1741885953945.2002,0.5219485143190514
1,1,block_2,2,Provo_ID12,2,1082624,1262509,1,gaze_data,1741885953999,519.5243120193481,354.24595177173615,1741885953979.1,0.4706362537719962
1,1,block_2,2,Provo_ID12,2,1082624,1262509,1,gaze_data,1741885954032,515.1460409164429,360.10631024837494,1741885954012.9001,0.703904398005374
1,1,block_2,2,Provo_ID12,2,1082624,1262509,1,gaze_data,1741885954061,527.4025440216064,373.3749598264694,1741885954045.3,0.74752230137688
1,1,block_2,2,Provo_ID12,2,1082624,1262509,1,gaze_data,1741885954101,533.6151003837585,384.44257378578186,1741885954078.6,0.7315182431676408
1,1,block_2,2,Provo_ID12,2,1082624,1262509,1,gaze_data,1741885954139,475.2861738204956,363.06502521038055,1741885954111.7002,0.6697121220890332
1,1,block_2,2,Provo_ID12,2,1082624,1262509,1,gaze_data,1741885954170,453.27489376068115,382.858744263649,1741885954145.3,0.776591938130436
1,1,block_2,2,Provo_ID12,2,1082624,1262509,1,gaze_data,1741885954199,465.37805795669556,367.2394961118698,1741885954178.7002,0.521017947359508
1,1,block_2,2,Provo_ID12,2,1082624,1262509,1,gaze_data,1741885954232,457.8963041305542,377.19977498054504,1741885954210.9001,0.4418015133088056
1,1,block_2,2,Provo_ID12,2,1082624,1262509,1,gaze_data,1741885954259,450.50240755081177,384.292995929718,1741885954244.9001,0.4449330031487969
1,1,block_2,2,Provo_ID12,2,1082624,1262509,1,gaze_data,1741885954294,437.6867860555649,384.61694717407227,1741885954279.2002,0.6375467540670581
1,1,block_2,2,Provo_ID12,2,1082624,1262509,1,gaze_data,1741885954328,451.23441219329834,371.34470641613007,1741885954312,0.6983486663817008
1,1,block_2,2,Provo_ID12,2,1082624,1262509,1,gaze_data,1741885954361,420.8305209875107,340.23518711328506,1741885954345,0.5476546522205529
1,1,block_2,2,Provo_ID12,2,1082624,1262509,1,gaze_data,1741885954401,309.5813989639282,237.8342006355524,1741885954379.1,0.7169085187124257
1,1,block_2,2,Provo_ID12,2,1082624,1262509,1,gaze_data,1741885954437,234.5594048500061,162.5314936041832,1741885954415.5,0.923234261650669
1,1,block_2,2,Provo_ID12,2,1082624,1262509,1,gaze_data,1741885954466,213.44939470291138,141.25557094812393,1741885954445.3,1
1,1,block_2,2,Provo_ID12,2,1082624,1262509,1,gaze_data,1741885954499,209.25469398498535,133.05067121982574,1741885954479.2002,1
1,1,block_2,2,Provo_ID12,2,1082624,1262509,1,gaze_data,1741885954531,174.4990348815918,155.79917132854462,1741885954511.8,1
1,1,block_2,2,Provo_ID12,2,1082624,1262509,1,gaze_data,1741885954566,139.24858570098877,154.11262065172195,1741885954545.1,1
1,1,block_2,2,Provo_ID12,2,1082624,1262509,1,gaze_data,1741885954594,136.64989471435547,160.3240579366684,1741885954578.7002,1
1,1,block_2,2,Provo_ID12,2,1082624,1262509,1,gaze_data,1741885954628,119.74196434020996,160.82065403461456,1741885954611.6,1
1,1,block_2,2,Provo_ID12,2,1082624,1262509,1,gaze_data,1741885954666,132.77595043182373,162.4048039317131,1741885954645.1,1
1,1,block_2,2,Provo_ID12,2,1082624,1262509,1,gaze_data,1741885954699,127.21295356750488,153.26228588819504,1741885954678.4001,1
1,1,block_2,2,Provo_ID12,2,1082624,1262509,1,gaze_data,1741885954733,121.70143127441406,142.96667128801346,1741885954712.4001,1
1,1,block_2,2,Provo_ID12,2,1082624,1262509,1,gaze_data,1741885954766,118.51527690887451,149.37560111284256,1741885954744.9001,1
1,1,block_2,2,Provo_ID12,2,1082624,1262509,1,gaze_data,1741885954795,122.67117500305176,130.60083836317062,1741885954778.3,1
1,1,block_2,2,Provo_ID12,2,1082624,1262509,1,gaze_data,1741885954832,134.1869831085205,132.45767205953598,1741885954815.2002,1
1,1,block_2,2,Provo_ID12,2,1082624,1262509,1,gaze_data,1741885954866,135.6428623199463,132.8538343310356,1741885954845.1,1
1,1,block_2,2,Provo_ID12,2,1082624,1262509,1,gaze_data,1741885954899,121.01998329162598,142.22120344638824,1741885954879.2002,1
1,1,block_2,2,Provo_ID12,2,1082624,1262509,1,gaze_data,1741885954935,127.86016464233398,137.2481793165207,1741885954911.6,1
1,1,block_2,2,Provo_ID12,2,1082624,1262509,1,gaze_data,1741885954966,209.46853160858154,131.40566498041153,1741885954945,1
1,1,block_2,2,Provo_ID12,2,1082624,1262509,1,gaze_data,1741885954999,313.33000659942627,162.58636713027954,1741885954978.1,1
1,1,block_2,2,Provo_ID12,2,1082624,1262509,1,gaze_data,1741885955032,331.57052993774414,135.1473093032837,1741885955010.7002,1
1,1,block_2,2,Provo_ID12,2,1082624,1262509,1,gaze_data,1741885955065,347.6079046726227,141.3360521197319,1741885955047.8,1
1,1,block_2,2,Provo_ID12,2,1082624,1262509,1,gaze_data,1741885955094,336.61240339279175,147.7781742811203,1741885955078.2002,1
1,1,block_2,2,Provo_ID12,2,1082624,1262509,1,gaze_data,1741885955122,342.47658252716064,146.44983261823654,1741885955111.6,1
1,1,block_2,2,Provo_ID12,2,1082624,1262509,1,gaze_data,1741885955171,345.5992102622986,151.20083689689636,1741885955146.7002,1
1,1,block_2,2,Provo_ID12,2,1082624,1262509,1,gaze_data,1741885955195,447.3395377397537,135.93727946281433,1741885955179.1,1
1,1,block_2,2,Provo_ID12,2,1082624,1262509,1,gaze_data,1741885955233,466.0059928894043,131.73816949129105,1741885955212,1
1,1,block_2,2,Provo_ID12,2,1082624,1262509,1,gaze_data,1741885955264,463.5713458061218,132.44107216596603,1741885955245.1,1
1,1,block_2,2,Provo_ID12,2,1082624,1262509,1,gaze_data,1741885955304,457.3034167289734,117.24277436733246,1741885955279.3,1
1,1,block_2,2,Provo_ID12,2,1082624,1262509,1,gaze_data,1741885955328,448.5925406217575,118.74277740716934,1741885955311.5,1
1,1,block_2,2,Provo_ID12,2,1082624,1262509,1,gaze_data,1741885955372,439.93482887744904,100.12477487325668,1741885955345.3,1
1,1,block_2,2,Provo_ID12,2,1082624,1262509,1,gaze_data,1741885955402,442.12503731250763,122.73964881896973,1741885955378.4001,1
1,1,block_2,2,Provo_ID12,2,1082624,1262509,1,gaze_data,1741885955433,473.9308714866638,129.50043231248856,1741885955414.5,1
1,1,block_2,2,Provo_ID12,2,1082624,1262509,1,gaze_data,1741885955466,546.8169927597046,101.5580803155899,1741885955444.7002,1
1,1,block_2,2,Provo_ID12,2,1082624,1262509,1,gaze_data,1741885955499,573.0219841003418,120.83811163902283,1741885955477.1,1
1,1,block_2,2,Provo_ID12,2,1082624,1262509,1,gaze_data,1741885955523,563.0741834640503,119.29990947246552,1741885955511.6,1
1,1,block_2,2,Provo_ID12,2,1082624,1262509,1,gaze_data,1741885955564,528.5606741905212,124.35074746608734,1741885955544.2002,1
1,1,block_2,2,Provo_ID12,2,1082624,1262509,1,gaze_data,1741885955598,279.9788236618042,174.06693324446678,1741885955577.9001,1
1,1,block_2,2,Provo_ID12,2,1082624,1262509,1,gaze_data,1741885955630,128.65724563598633,218.37607622146606,1741885955611.2002,1
1,1,block_2,2,Provo_ID12,2,1082624,1262509,1,gaze_data,1741885955669,122.46663570404053,190.3637781739235,1741885955645.1,1
1,1,block_2,2,Provo_ID12,2,1082624,1262509,1,gaze_data,1741885955695,123.95405769348145,189.82302248477936,1741885955678.5,1
1,1,block_2,2,Provo_ID12,2,1082624,1262509,1,gaze_data,1741885955731,121.3130235671997,208.80501754581928,1741885955711.8,1
1,1,block_2,2,Provo_ID12,2,1082624,1262509,1,gaze_data,1741885955760,131.93471431732178,215.50641991198063,1741885955744.9001,1
1,1,block_2,2,Provo_ID12,2,1082624,1262509,1,gaze_data,1741885955803,122.15445041656494,181.69647678732872,1741885955777.3,1
1,1,block_2,2,Provo_ID12,2,1082624,1262509,1,gaze_data,1741885955836,113.72272968292236,206.63030669093132,1741885955811.3,1
1,1,block_2,2,Provo_ID12,2,1082624,1262509,1,gaze_data,1741885955870,110.1022481918335,196.287552267313,1741885955845.3,1
1,1,block_2,2,Provo_ID12,2,1082624,1262509,1,gaze_data,1741885955898,111.28401756286621,198.78140315413475,1741885955877.9001,1
1,1,block_2,2,Provo_ID12,2,1082624,1262509,1,gaze_data,1741885955931,185.04254817962646,192.685766518116,1741885955911.4001,1
1,1,block_2,2,Provo_ID12,2,1082624,1262509,1,gaze_data,1741885955963,305.1588177680969,192.88746863603592,1741885955944.7002,1
1,1,block_2,2,Provo_ID12,2,1082624,1262509,1,gaze_data,1741885955994,352.0746111869812,191.81848168373108,1741885955977.9001,1
1,1,block_2,2,Provo_ID12,2,1082624,1262509,1,gaze_data,1741885956031,349.1604804992676,189.2118588089943,1741885956011.1,1
1,1,block_2,2,Provo_ID12,2,1082624,1262509,1,gaze_data,1741885956065,375.1183331012726,211.44483741372824,1741885956044.6,1
1,1,block_2,2,Provo_ID12,2,1082624,1262509,1,gaze_data,1741885956092,475.22284984588623,346.7663139104843,1741885956077.7002,1
1,1,block_2,2,Provo_ID12,2,1082624,1262509,1,gaze_data,1741885956132,545.0279951095581,220.22332195192575,1741885956111.7002,0.25550653780109867
1,1,block_2,2,Provo_ID12,2,1082624,1262509,1,gaze_data,1741885956164,458.6273193359375,324.8871996998787,1741885956143.8,0
1,1,block_2,2,Provo_ID12,2,1082624,1262509,1,gaze_data,1741885956193,492.0288920402527,298.0916038155556,1741885956177.9001,0
1,1,block_2,2,Provo_ID12,2,1082624,1262509,1,gaze_data,1741885956229,524.741792678833,295.71977853775024,1741885956211.6,0
1,1,block_2,2,Provo_ID12,2,1082624,1262509,1,gaze_data,1741885956264,496.32502794265747,263.18877786397934,1741885956244.3,0.05568213438994689
1,1,block_2,2,Provo_ID12,2,1082624,1262509,1,gaze_data,1741885956297,488.9611005783081,253.97821925580502,1741885956277.9001,0.24523292515214656
1,1,block_2,2,Provo_ID12,2,1082624,1262509,1,gaze_data,1741885956329,485.2357506752014,231.67381705716252,1741885956311.1,0.534748522379621
1,1,block_2,2,Provo_ID12,2,1082624,1262509,1,gaze_data,1741885956362,513.5531306266785,253.78955379128456,1741885956345.1,0.6667288950611114
1,1,block_2,2,Provo_ID12,2,1082624,1262509,1,gaze_data,1741885956397,485.4612708091736,248.6315131187439,1741885956376.8,0.7292731871654878
1,1,block_2,2,Provo_ID12,2,1082624,1262509,1,gaze_data,1741885956431,454.4655919075012,248.7557329237461,1741885956413.5,1
1,1,block_2,2,Provo_ID12,2,1082624,1262509,1,gaze_data,1741885956465,431.52553737163544,247.65335246920586,1741885956444.7002,0.9293407954732977
1,1,block_2,2,Provo_ID12,2,1082624,1262509,1,gaze_data,1741885956492,465.1751756668091,259.92096066474915,1741885956477.7002,1
1,1,block_2,2,Provo_ID12,2,1082624,1262509,1,gaze_data,1741885956532,448.6905485391617,257.77816995978355,1741885956513.9001,0.9371061467301391
1,1,block_2,2,Provo_ID12,2,1082624,1262509,1,gaze_data,1741885956565,454.9925446510315,262.2431166470051,1741885956544.3,1
1,1,block_2,2,Provo_ID12,2,1082624,1262509,1,gaze_data,1741885956598,450.16969442367554,269.11641880869865,1741885956578.2002,1
1,1,block_2,2,Provo_ID12,2,1082624,1262509,1,gaze_data,1741885956623,429.6075373888016,272.25929349660873,1741885956610.8,1
1,1,block_2,2,Provo_ID12,2,1082624,1262509,1,gaze_data,1741885956658,322.5704789161682,267.7290163934231,1741885956643.7002,1
1,1,block_2,2,Provo_ID12,2,1082624,1262509,1,gaze_data,1741885956697,296.1582899093628,257.22890943288803,1741885956677.8,1
1,1,block_2,2,Provo_ID12,2,1082624,1262509,1,gaze_data,1741885956729,323.8647937774658,281.6354990005493,1741885956711,1
1,1,block_2,2,Provo_ID12,2,1082624,1262509,1,gaze_data,1741885956762,309.6156597137451,280.7498149573803,1741885956744.2002,1
1,1,block_2,2,Provo_ID12,2,1082624,1262509,1,gaze_data,1741885956793,306.28446340560913,294.9199214577675,1741885956776.9001,1
1,1,block_2,2,Provo_ID12,2,1082624,1262509,1,gaze_data,1741885956823,299.15231466293335,275.9500950574875,1741885956811.8,1
1,1,block_2,2,Provo_ID12,2,1082624,1262509,1,gaze_data,1741885956859,289.77540731430054,269.4262772798538,1741885956843.2002,1
1,1,block_2,2,Provo_ID12,2,1082624,1262509,1,gaze_data,1741885956893,308.46452713012695,269.4275476038456,1741885956877.5,1
1,1,block_2,2,Provo_ID12,2,1082624,1262509,1,gaze_data,1741885956925,295.0626492500305,272.5459583103657,1741885956911.1,1
1,1,block_2,2,Provo_ID12,2,1082624,1262509,1,gaze_data,1741885956961,287.24074363708496,263.2932461798191,1741885956944.6,1
1,1,block_2,2,Provo_ID12,2,1082624,1262509,1,gaze_data,1741885956993,295.0204372406006,274.0241311490536,1741885956977.9001,1
1,1,block_2,2,Provo_ID12,2,1082624,1262509,1,gaze_data,1741885957026,287.62879371643066,275.61597749590874,1741885957010.9001,1
1,1,block_2,2,Provo_ID12,2,1082624,1262509,1,gaze_data,1741885957060,282.628858089447,276.7057217657566,1741885957045,1
1,1,block_2,2,Provo_ID12,2,1082624,1262509,1,gaze_data,1741885957093,262.62197494506836,285.4481138288975,1741885957078.9001,1
1,1,block_2,2,Provo_ID12,2,1082624,1262509,1,gaze_data,1741885957126,246.93647623062134,304.9892842769623,1741885957110.8,1
1,1,block_2,2,Provo_ID12,2,1082624,1262509,1,gaze_data,1741885957157,240.25038480758667,303.7368714809418,1741885957144.3,1
1,1,block_2,2,Provo_ID12,2,1082624,1262509,1,gaze_data,1741885957192,219.3456768989563,287.23081424832344,1741885957179.3,1
1,1,block_2,2,Provo_ID12,2,1082624,1262509,1,gaze_data,1741885957222,216.52045249938965,304.6801373362541,1741885957211.1,1
1,1,block_2,2,Provo_ID12,2,1082624,1262509,1,gaze_data,1741885957254,184.71298217773438,285.4671314358711,1741885957243.8,1
1,1,block_2,2,Provo_ID12,2,1082624,1262509,1,gaze_data,1741885957303,114.09411430358887,276.4858737587929,1741885957286.5,0.8948261910282111
1,1,block_2,2,Provo_ID12,2,1082624,1262509,1,gaze_data,1741885957333,125.32868385314941,300.7187753915787,1741885957309.9001,0.972522733047279
1,1,block_2,2,Provo_ID12,2,1082624,1262509,1,gaze_data,1741885957365,127.76048183441162,314.3019065260887,1741885957344.3,0.8540930331864574
1,1,block_2,2,Provo_ID12,2,1082624,1262509,1,gaze_data,1741885957399,136.95847988128662,306.14827424287796,1741885957377.7002,1
1,1,block_2,2,Provo_ID12,2,1082624,1262509,1,gaze_data,1741885957423,159.89537239074707,306.3789665699005,1741885957410.1,1
1,1,block_2,2,Provo_ID12,2,1082624,1262509,1,gaze_data,1741885957467,345.70956230163574,314.5612761378288,1741885957444.2002,1
1,1,block_2,2,Provo_ID12,2,1082624,1262509,1,gaze_data,1741885957499,342.4933195114136,297.13009148836136,1741885957478.6,0.9879525160339018
1,1,block_2,2,Provo_ID12,2,1082624,1262509,1,gaze_data,1741885957533,384.14909690618515,304.2967975139618,1741885957511.5,1
1,1,block_2,2,Provo_ID12,2,1082624,1262509,1,gaze_data,1741885957561,381.52991086244583,299.5225325226784,1741885957544,1
1,1,block_2,2,Provo_ID12,2,1082624,1262509,1,gaze_data,1741885957592,349.08894300460815,302.4909034371376,1741885957577.6,1
1,1,block_2,2,Provo_ID12,2,1082624,1262509,1,gaze_data,1741885957636,369.11313831806183,313.01911026239395,1741885957615.7002,0.9095755937411707
1,1,block_2,2,Provo_ID12,2,1082624,1262509,1,gaze_data,1741885957666,468.80853176116943,324.5844230055809,1741885957643.7002,0.9708993416191936
1,1,block_2,2,Provo_ID12,2,1082624,1262509,1,gaze_data,1741885957699,469.7963237762451,315.6893014907837,1741885957677.2002,0.908125990432723
1,1,block_2,2,Provo_ID12,2,1082624,1262509,1,gaze_data,1741885957733,450.5853533744812,301.8108069896698,1741885957710.2002,0.7485806786112565
1,1,block_2,2,Provo_ID12,2,1082624,1262509,1,gaze_data,1741885957765,444.1985458135605,289.1194134950638,1741885957744.4001,0.6849289879305615
1,1,block_2,2,Provo_ID12,2,1082624,1262509,1,gaze_data,1741885957792,436.0980957746506,295.8993449807167,1741885957776.3,0.7983037902816451
1,1,block_2,2,Provo_ID12,2,1082624,1262509,1,gaze_data,1741885957832,574.5335817337036,317.7267372608185,1741885957814.5,0.8807851383161092
1,1,block_2,2,Provo_ID12,2,1082624,1262509,1,gaze_data,1741885957866,598.0320453643799,317.6462262868881,1741885957843.1,0.6773485631162086
1,1,block_2,2,Provo_ID12,2,1082624,1262509,1,gaze_data,1741885957898,617.9238319396973,342.26580560207367,1741885957877,0.8460160335399292
1,1,block_2,2,Provo_ID12,2,1082624,1262509,1,gaze_data,1741885957924,584.6840858459473,305.5334001779556,1741885957910.3,0.8061283721324193
1,1,block_2,2,Provo_ID12,2,1082624,1262509,1,gaze_data,1741885957965,578.7706136703491,328.3933311700821,1741885957944.1,0.7793607079326916
1,1,block_2,2,Provo_ID12,2,1082624,1262509,1,gaze_data,1741885957999,370.4447954893112,341.39199405908585,1741885957977.8,0.7123228018940031
1,1,block_2,2,Provo_ID12,2,1082624,1262509,1,gaze_data,1741885958033,193.90714168548584,342.94354021549225,1741885958010.4001,0.6121178612984748
1,1,block_2,2,Provo_ID12,2,1082624,1262509,1,gaze_data,1741885958064,178.9867401123047,327.62323915958405,1741885958043.9001,0.9441098929862699
1,1,block_2,2,Provo_ID12,2,1082624,1262509,1,gaze_data,1741885958099,159.89704132080078,331.3504219055176,1741885958081.4001,0.9682038017352155
1,1,block_2,2,Provo_ID12,2,1082624,1262509,1,gaze_data,1741885958131,150.16376972198486,337.8589063882828,1741885958110.3,0.9000169699518374
1,1,block_2,2,Provo_ID12,2,1082624,1262509,1,gaze_data,1741885958164,164.2261266708374,338.1586357951164,1741885958142.7002,0.7583804097824229
1,1,block_2,2,Provo_ID12,2,1082624,1262509,1,gaze_data,1741885958198,168.65501403808594,342.28110164403915,1741885958176.8,0.9373079063787566
1,1,block_2,2,Provo_ID12,2,1082624,1262509,1,gaze_data,1741885958232,154.5382022857666,358.77901911735535,1741885958210.3,0.8737133670720043
1,1,block_2,2,Provo_ID12,2,1082624,1262509,1,gaze_data,1741885958265,152.21378803253174,359.6177011728287,1741885958243.1,0.8182453706909585
1,1,block_2,2,Provo_ID12,2,1082624,1262509,1,gaze_data,1741885958294,120.87256908416748,338.49184811115265,1741885958277,0.8056279452145421
1,1,block_2,2,Provo_ID12,2,1082624,1262509,1,gaze_data,1741885958327,151.92365646362305,366.0515457391739,1741885958310.4001,0.8609491199459818
1,1,block_2,2,Provo_ID12,2,1082624,1262509,1,gaze_data,1741885958361,134.78832244873047,360.75953245162964,1741885958343.7002,0.9551055834630922
1,1,block_2,2,Provo_ID12,2,1082624,1262509,1,gaze_data,1741885958393,131.77952766418457,357.90512561798096,1741885958376.9001,0.9544740669076304
1,1,block_2,2,Provo_ID12,2,1082624,1262509,1,gaze_data,1741885958426,267.1510100364685,367.08874106407166,1741885958409.6,0.7783026900104901
1,1,block_2,2,Provo_ID12,2,1082624,1262509,1,gaze_data,1741885958466,352.4661600589752,342.4848601222038,1741885958446.5,0.46995586136472844
1,1,block_2,2,Provo_ID12,2,1082624,1262509,1,gaze_data,1741885958490,338.54148387908936,347.93199449777603,1741885958477.1,0.46995586136472844
1,1,block_2,2,Provo_ID12,2,1082624,1262509,1,gaze_data,1741885958532,358.1974297761917,331.89304769039154,1741885958510.7002,0.300926966358088
1,1,block_2,2,Provo_ID12,2,1082624,1262509,1,gaze_data,1741885958566,386.02447509765625,344.416207075119,1741885958544,0.4601393512394997
1,1,block_2,2,Provo_ID12,2,1082624,1262509,1,gaze_data,1741885958601,381.15566968917847,353.4983605146408,1741885958577.3,0.4084520451187003
1,1,block_2,2,Provo_ID12,2,1082624,1262509,1,gaze_data,1741885958632,388.7907028198242,338.74205350875854,1741885958611.8,0.41334145666819416
1,1,block_2,2,Provo_ID12,2,1082624,1262509,1,gaze_data,1741885958666,428.4190624952316,381.67931735515594,1741885958643.6,0.4164295373258742
1,1,block_2,2,Provo_ID12,2,1082624,1262509,1,gaze_data,1741885958689,523.1835246086121,392.87509620189667,1741885958677.5,0.4164295373258742
1,1,block_2,2,Provo_ID12,2,1082624,1262509,1,gaze_data,1741885958734,539.0903949737549,382.796710729599,1741885958710.3,0.2564529947201911
1,1,block_2,2,Provo_ID12,2,1082624,1262509,1,gaze_data,1741885958771,535.4959845542908,369.9437439441681,1741885958747.2002,0.44035672617420474
1,1,block_2,2,Provo_ID12,2,1082624,1262509,1,gaze_data,1741885958799,538.9572620391846,372.70273864269257,1741885958777.3,0.4341167715554198
1,1,block_2,2,Provo_ID12,2,1082624,1262509,1,gaze_data,1741885958832,550.6132245063782,370.8157151937485,1741885958810.1,0.25384389162016424
1,1,block_2,2,Provo_ID12,2,1082624,1262509,1,gaze_data,1741885958864,535.267174243927,387.84942626953125,1741885958842.8,0.29349421841447954
1,1,block_2,2,Provo_ID12,2,1082624,1262509,1,gaze_data,1741885958899,544.7370171546936,378.4680873155594,1741885958877.6,0.44780754176621124
1,1,block_2,2,Provo_ID12,2,1082624,1262509,1,gaze_data,1741885958931,523.6964702606201,380.82819283008575,1741885958909.7002,0.3513731894119232
1,1,block_2,2,Provo_ID12,2,1082624,1262509,1,gaze_data,1741885958965,460.9347701072693,323.77048432826996,1741885958943.3,0.5117503898800613
1,1,block_2,2,Provo_ID12,2,1082624,1262509,1,gaze_data,1741885958995,294.54270601272583,200.586025044322,1741885958976.6,0.3729219963823641
1,1,block_2,2,Provo_ID12,2,1082624,1262509,1,gaze_data,1741885959037,241.8230175971985,143.76154392957687,1741885959009.6,0.8623330062764634
1,1,block_2,2,Provo_ID12,2,1082624,1262509,1,gaze_data,1741885959064,228.23007106781006,142.9900735616684,1741885959043.3,1
1,1,block_2,2,Provo_ID12,2,1082624,1262509,1,gaze_data,1741885959099,199.37355518341064,119.7434350848198,1741885959076.5,1
1,1,block_2,2,Provo_ID12,2,1082624,1262509,1,gaze_data,1741885959132,204.61716651916504,126.82667970657349,1741885959109.8,1
1,1,block_2,2,Provo_ID12,2,1082624,1262509,1,gaze_data,1741885959155,171.93987369537354,127.81415730714798,1741885959143.1,1
1,1,block_2,2,Provo_ID12,2,1082624,1262509,1,gaze_data,1741885959199,151.53539180755615,117.43574440479279,1741885959177.8,1
1,1,block_2,2,Provo_ID12,2,1082624,1262509,1,gaze_data,1741885959232,149.77970123291016,118.97785812616348,1741885959209.1,1
1,1,block_2,2,Provo_ID12,2,1082624,1262509,1,gaze_data,1741885959264,152.60584354400635,107.79679417610168,1741885959243.4001,1
1,1,block_2,2,Provo_ID12,2,1082624,1262509,1,gaze_data,1741885959294,162.89873123168945,117.01889932155609,1741885959275.6,1
1,1,block_2,2,Provo_ID12,2,1082624,1262509,1,gaze_data,1741885959330,160.42768955230713,121.8004360795021,1741885959309.9001,1
1,1,block_2,2,Provo_ID12,2,1082624,1262509,1,gaze_data,1741885959356,153.6102533340454,116.15079492330551,1741885959342.2002,1
1,1,block_2,2,Provo_ID12,2,1082624,1262509,1,gaze_data,1741885959390,153.62608432769775,121.82687073945999,1741885959376.8,1
1,1,block_2,2,Provo_ID12,2,1082624,1262509,1,gaze_data,1741885959430,214.23606872558594,100.7392093539238,1741885959409.3,1
1,1,block_2,2,Provo_ID12,2,1082624,1262509,1,gaze_data,1741885959460,409.1995596885681,105.83939999341965,1741885959445.9001,1
1,1,block_2,2,Provo_ID12,2,1082624,1262509,1,gaze_data,1741885959493,421.74603044986725,105.90851902961731,1741885959476.7002,1
1,1,block_2,2,Provo_ID12,2,1082624,1262509,1,gaze_data,1741885959532,411.6582840681076,100.66988915205002,1741885959509.9001,1
1,1,block_2,2,Provo_ID12,2,1082624,1262509,1,gaze_data,1741885959565,434.6301347017288,108.60991328954697,1741885959543.1,1
1,1,block_2,2,Provo_ID12,2,1082624,1262509,1,gaze_data,1741885959600,447.43140041828156,121.89790457487106,1741885959576.3,1
1,1,block_2,2,Provo_ID12,2,1082624,1262509,1,gaze_data,1741885959632,562.1097087860107,139.6142229437828,1741885959610.3,1
1,1,block_2,2,Provo_ID12,2,1082624,1262509,1,gaze_data,1741885959665,591.9673919677734,143.97842288017273,1741885959643.2002,1
1,1,block_2,2,Provo_ID12,2,1082624,1262509,1,gaze_data,1741885959698,593.9117193222046,132.56693482398987,1741885959676.2002,1
1,1,block_2,2,Provo_ID12,2,1082624,1262509,1,gaze_data,1741885959732,601.1561393737793,136.51877492666245,1741885959713.7002,1
1,1,block_2,2,Provo_ID12,2,1082624,1262509,1,gaze_data,1741885959761,613.794755935669,137.75747120380402,1741885959743.1,1
1,1,block_2,2,Provo_ID12,2,1082624,1262509,1,gaze_data,1741885959798,497.31733798980713,138.4296253323555,1741885959775.6,1
1,1,block_2,2,Provo_ID12,2,1082624,1262509,1,gaze_data,1741885959826,268.5115933418274,216.35090876370668,1741885959809.7002,1
1,1,block_2,2,Provo_ID12,2,1082624,1262509,1,gaze_data,1741885959862,163.2305383682251,263.0072705447674,1741885959848.6,1
1,1,block_2,2,Provo_ID12,2,1082624,1262509,1,gaze_data,1741885959893,137.11352348327637,237.8506924957037,1741885959876.6,1
1,1,block_2,2,Provo_ID12,2,1082624,1262509,1,gaze_data,1741885959927,135.52005290985107,228.9739445783198,1741885959909.5,1
1,1,block_2,2,Provo_ID12,2,1082624,1262509,1,gaze_data,1741885959959,135.01708507537842,226.2372126802802,1741885959943.2002,1
1,1,block_2,2,Provo_ID12,2,1082624,1262509,1,gaze_data,1741885959992,131.82647228240967,220.55483926087618,1741885959980.2002,1
1,1,block_2,2,Provo_ID12,2,1082624,1262509,1,gaze_data,1741885960022,135.683012008667,220.41606567800045,1741885960008.8,1
1,1,block_2,2,Provo_ID12,2,1082624,1262509,1,gaze_data,1741885960066,132.64756202697754,228.43533139675856,1741885960042.8,1
1,1,block_2,2,Provo_ID12,2,1082624,1262509,1,gaze_data,1741885960098,320.58048248291016,230.10052544996142,1741885960077.1,1
1,1,block_2,2,Provo_ID12,2,1082624,1262509,1,gaze_data,1741885960132,394.0974324941635,207.87030309438705,1741885960109.5,1
1,1,block_2,2,Provo_ID12,2,1082624,1262509,1,gaze_data,1741885960159,389.57907408475876,200.64548812806606,1741885960143.1,1
1,1,block_2,2,Provo_ID12,2,1082624,1262509,1,gaze_data,1741885960202,425.3375977277756,224.11210493883118,1741885960180,1
1,1,block_2,2,Provo_ID12,2,1082624,1262509,1,gaze_data,1741885960232,424.9586433172226,218.75981092453003,1741885960209.1,1
1,1,block_2,2,Provo_ID12,2,1082624,1262509,1,gaze_data,1741885960265,408.1802308559418,214.2701068893075,1741885960242.7002,1
1,1,block_2,2,Provo_ID12,2,1082624,1262509,1,gaze_data,1741885960299,397.2510576248169,218.14252706244588,1741885960276.1,1
1,1,block_2,2,Provo_ID12,2,1082624,1262509,1,gaze_data,1741885960331,227.327299118042,264.4369773566723,1741885960310,1
1,1,block_2,2,Provo_ID12,2,1082624,1262509,1,gaze_data,1741885960365,192.55869388580322,266.13566875457764,1741885960342.7002,1
1,1,block_2,2,Provo_ID12,2,1082624,1262509,1,gaze_data,1741885960393,191.52092933654785,256.30610287189484,1741885960375.9001,1
1,1,block_2,2,Provo_ID12,2,1082624,1262509,1,gaze_data,1741885960425,192.1144962310791,248.1909677386284,1741885960409.7002,1
1,1,block_2,2,Provo_ID12,2,1082624,1262509,1,gaze_data,1741885960465,191.1787986755371,253.2671581953764,1741885960446.2002,1
1,1,block_2,2,Provo_ID12,2,1082624,1262509,1,gaze_data,1741885960503,139.48609828948975,262.1569059789181,1741885960476.2002,1
1,1,block_2,2,Provo_ID12,2,1082624,1262509,1,gaze_data,1741885960534,116.87712669372559,276.0996915400028,1741885960509.4001,1
1,1,block_2,2,Provo_ID12,2,1082624,1262509,1,gaze_data,1741885960566,112.88025379180908,272.4691614508629,1741885960544.8,0.872314059294713
1,1,block_2,2,Provo_ID12,2,1082624,1262509,1,gaze_data,1741885960599,117.64602661132812,283.68107080459595,1741885960575,1
1,1,block_2,2,Provo_ID12,2,1082624,1262509,1,gaze_data,1741885960631,126.67837142944336,286.7044121026993,1741885960609.4001,1
1,1,block_2,2,Provo_ID12,2,1082624,1262509,1,gaze_data,1741885960664,105.46870231628418,270.0226701796055,1741885960642.9001,0.9859501436925253
1,1,block_2,2,Provo_ID12,2,1082624,1262509,1,gaze_data,1741885960697,252.94108390808105,296.1364075541496,1741885960675,1
1,1,block_2,2,Provo_ID12,2,1082624,1262509,1,gaze_data,1741885960731,385.4634866118431,275.96039175987244,1741885960709.5,0.7822226771935137
1,1,block_2,2,Provo_ID12,2,1082624,1262509,1,gaze_data,1741885960758,433.3869308233261,279.74427714943886,1741885960742.4001,0.9881794122489533
1,1,block_2,2,Provo_ID12,2,1082624,1262509,1,gaze_data,1741885960799,444.3254202604294,269.18667778372765,1741885960776.9001,0.9590990205860161
1,1,block_2,2,Provo_ID12,2,1082624,1262509,1,gaze_data,1741885960832,442.7796810865402,263.1232686340809,1741885960809.3,0.9981613736883972
1,1,block_2,2,Provo_ID12,2,1082624,1262509,1,gaze_data,1741885960866,440.9792512655258,256.7848511040211,1741885960842.4001,0.9608634525311923
1,1,block_2,2,Provo_ID12,2,1082624,1262509,1,gaze_data,1741885960890,534.6062541007996,279.97485026717186,1741885960876.2002,1
1,1,block_2,2,Provo_ID12,2,1082624,1262509,1,gaze_data,1741885960931,517.4936532974243,264.27913680672646,1741885960909.4001,0.7806469055243639
1,1,block_2,2,Provo_ID12,2,1082624,1262509,1,gaze_data,1741885960964,537.5814199447632,274.2248125374317,1741885960942.7002,0.8981194241755053
1,1,block_2,2,Provo_ID12,2,1082624,1262509,1,gaze_data,1741885960993,548.1737375259399,267.9418012499809,1741885960975.7002,0.7946806191196467
1,1,block_2,2,Provo_ID12,2,1082624,1262509,1,gaze_data,1741885961026,540.2278780937195,275.1319617033005,1741885961009.8,0.7356416136301176
1,1,block_2,2,Provo_ID12,2,1082624,1262509,1,gaze_data,1741885961055,541.0031199455261,274.64686557650566,1741885961048.6,0.8114425177337643
1,1,block_2,2,Provo_ID12,2,1082624,1262509,1,gaze_data,1741885961095,549.8406887054443,275.8301295340061,1741885961075.4001,0.8495924782057007
1,1,block_2,2,Provo_ID12,2,1082624,1262509,1,gaze_data,1741885961131,446.79889380931854,313.3888006210327,1741885961109.8,0.7324085554975062
1,1,block_2,2,Provo_ID12,2,1082624,1262509,1,gaze_data,1741885961162,274.893593788147,335.4417145252228,1741885961152.5,0.7324085554975062
1,1,block_2,2,Provo_ID12,2,1082624,1262509,1,gaze_data,1741885961199,252.6474952697754,308.0048620700836,1741885961175.4001,0.49496587552501936
1,1,block_2,2,Provo_ID12,2,1082624,1262509,1,gaze_data,1741885961232,244.07848119735718,324.51192885637283,1741885961209.1,0.678665180896633
1,1,block_2,2,Provo_ID12,2,1082624,1262509,1,gaze_data,1741885961271,242.5803303718567,328.56932133436203,1741885961243.3,0.6892263056506659
1,1,block_2,2,Provo_ID12,2,1082624,1262509,1,gaze_data,1741885961289,237.46576309204102,333.7997406721115,1741885961276,0.6892263056506659
1,1,block_2,2,Provo_ID12,2,1082624,1262509,1,gaze_data,1741885961342,231.21365308761597,345.7800358533859,1741885961319.9001,0.7392138700242559
1,1,block_2,2,Provo_ID12,2,1082624,1262509,1,gaze_data,1741885961361,220.25259733200073,339.76388573646545,1741885961342.5,0.7392138700242559
1,1,block_2,2,Provo_ID12,2,1082624,1262509,1,gaze_data,1741885961398,218.2589888572693,350.97882747650146,1741885961376.2002,0.49527583717306467
1,1,block_2,2,Provo_ID12,2,1082624,1262509,1,gaze_data,1741885961435,205.24985790252686,346.4863732457161,1741885961416.6,0.5079609153741641
1,1,block_2,2,Provo_ID12,2,1082624,1262509,1,gaze_data,1741885961466,196.68755531311035,356.1236470937729,1741885961441.6,0.6457540544201408
1,1,block_2,2,Provo_ID12,2,1082624,1262509,1,gaze_data,1741885961496,203.50518226623535,341.244301199913,1741885961475.6,0.425421394426321
1,1,block_2,2,Provo_ID12,2,1082624,1262509,1,gaze_data,1741885961531,187.54985332489014,358.6023658514023,1741885961508.2002,0.523508685895435
1,1,block_2,2,Provo_ID12,2,1082624,1262509,1,gaze_data,1741885961564,241.09230041503906,356.5762400627136,1741885961542.3,0.5181659268143669
1,1,block_2,2,Provo_ID12,2,1082624,1262509,1,gaze_data,1741885961601,393.95326375961304,394.2277044057846,1741885961575.1,0.4675911223428241
1,1,block_2,2,Provo_ID12,2,1082624,1262509,1,gaze_data,1741885961636,461.2713813781738,416.73581898212433,1741885961610.7002,0.18976536240754627
1,1,block_2,2,Provo_ID12,2,1082624,1262509,1,gaze_data,1741885961665,467.9341197013855,395.2650189399719,1741885961642.2002,0.15231462361337195
1,1,block_2,2,Provo_ID12,2,1082624,1262509,1,gaze_data,1741885961693,461.3836169242859,378.2379239797592,1741885961675.5,0.2079595644103937
1,1,block_2,2,Provo_ID12,2,1082624,1262509,1,gaze_data,1741885961730,476.00107192993164,368.6784267425537,1741885961709.6,0.11783935479290308
1,1,block_2,2,Provo_ID12,2,1082624,1262509,1,gaze_data,1741885961761,488.3065342903137,368.219918012619,1741885961741.3,0.12689557476796445
1,1,block_2,2,Provo_ID12,2,1082624,1262509,1,gaze_data,1741885961800,509.9853992462158,371.14416658878326,1741885961775.7002,0.1845617979293267
1,1,block_2,2,Provo_ID12,2,1082624,1262509,1,gaze_data,1741885961831,534.102213382721,380.8590233325958,1741885961808.3,0.23361258018729195
1,1,block_2,2,Provo_ID12,2,1082624,1262509,1,gaze_data,1741885961861,521.1682319641113,364.3952816724777,1741885961846.7002,0.27963508029118034
1,1,block_2,2,Provo_ID12,2,1082624,1262509,1,gaze_data,1741885961892,539.6663784980774,371.4095562696457,1741885961875.6,0.26757404707509985
1,1,block_2,2,Provo_ID12,2,1082624,1262509,1,gaze_data,1741885961925,524.0164279937744,364.0228271484375,1741885961908.9001,0.3742066309394118
1,1,block_2,2,Provo_ID12,2,1082624,1262509,1,gaze_data,1741885961970,517.2953367233276,359.0148001909256,1741885961949.3,0.3234866139998441
1,1,block_2,2,Provo_ID12,2,1082624,1262509,1,gaze_data,1741885961999,527.5489091873169,363.8678103685379,1741885961975.8,0.2947949875893983
1,1,block_2,2,Provo_ID12,2,1082624,1262509,1,gaze_data,1741885962028,412.1155560016632,279.3402396142483,1741885962009.1,0.2947949875893983
1,1,block_2,2,Provo_ID12,2,1082624,1262509,1,gaze_data,1741885962061,310.4714512825012,185.0476585328579,1741885962053.5,0.19691476388124898
1,1,block_2,2,Provo_ID12,2,1082624,1262509,1,gaze_data,1741885962103,238.43823671340942,146.26420885324478,1741885962075.9001,0.9446462388995811
1,1,block_2,2,Provo_ID12,2,1082624,1262509,1,gaze_data,1741885962137,224.7278332710266,142.44762659072876,1741885962108.8,1
1,1,block_2,2,Provo_ID12,2,1082624,1262509,1,gaze_data,1741885962170,236.47196292877197,146.0173264145851,1741885962142.1,1
1,1,block_2,2,Provo_ID12,2,1082624,1262509,1,gaze_data,1741885962203,227.91959047317505,132.3486104607582,1741885962175.8,1
1,1,block_2,2,Provo_ID12,2,1082624,1262509,1,gaze_data,1741885962234,163.75038623809814,159.69883501529694,1741885962208.9001,1
1,1,block_2,2,Provo_ID12,2,1082624,1262509,1,gaze_data,1741885962270,148.976731300354,122.22280949354172,1741885962242,1
1,1,block_2,2,Provo_ID12,2,1082624,1262509,1,gaze_data,1741885962299,147.98696041107178,122.97933399677277,1741885962275.6,1
1,1,block_2,2,Provo_ID12,2,1082624,1262509,1,gaze_data,1741885962330,150.0807762145996,124.97155219316483,1741885962308.8,1
1,1,block_2,2,Provo_ID12,2,1082624,1262509,1,gaze_data,1741885962371,146.99056148529053,128.9587453007698,1741885962348.7002,1
1,1,block_2,2,Provo_ID12,2,1082624,1262509,1,gaze_data,1741885962399,163.35008144378662,125.20379424095154,1741885962375.1,1
1,1,block_2,2,Provo_ID12,2,1082624,1262509,1,gaze_data,1741885962431,151.48584842681885,129.52175587415695,1741885962409.4001,1
1,1,block_2,2,Provo_ID12,2,1082624,1262509,1,gaze_data,1741885962460,131.84685707092285,139.81244564056396,1741885962441.7002,1
1,1,block_2,2,Provo_ID12,2,1082624,1262509,1,gaze_data,1741885962494,241.3423776626587,129.38970923423767,1741885962478.2002,1
1,1,block_2,2,Provo_ID12,2,1082624,1262509,1,gaze_data,1741885962527,355.1971584558487,148.7600639462471,1741885962508.9001,1
1,1,block_2,2,Provo_ID12,2,1082624,1262509,1,gaze_data,1741885962565,394.79667842388153,131.63150697946548,1741885962542,1
1,1,block_2,2,Provo_ID12,2,1082624,1262509,1,gaze_data,1741885962593,390.74506163597107,133.85759890079498,1741885962575.5,1
1,1,block_2,2,Provo_ID12,2,1082624,1262509,1,gaze_data,1741885962633,402.43126451969147,108.97657126188278,1741885962608.5,1
1,1,block_2,2,Provo_ID12,2,1082624,1262509,1,gaze_data,1741885962664,401.13516449928284,111.27071678638458,1741885962642.4001,1
1,1,block_2,2,Provo_ID12,2,1082624,1262509,1,gaze_data,1741885962700,394.5929944515228,106.63621723651886,1741885962675,1
1,1,block_2,2,Provo_ID12,2,1082624,1262509,1,gaze_data,1741885962727,445.46556770801544,124.97142553329468,1741885962713.5,1
1,1,block_2,2,Provo_ID12,2,1082624,1262509,1,gaze_data,1741885962760,458.5394501686096,118.50106567144394,1741885962741.7002,1
1,1,block_2,2,Provo_ID12,2,1082624,1262509,1,gaze_data,1741885962793,471.45445346832275,116.48334413766861,1741885962774.2002,1
1,1,block_2,2,Provo_ID12,2,1082624,1262509,1,gaze_data,1741885962827,492.58896112442017,126.34172886610031,1741885962808.5,1
1,1,block_2,2,Provo_ID12,2,1082624,1262509,1,gaze_data,1741885962864,468.7416076660156,103.80779802799225,1741885962841.5,1
1,1,block_2,2,Provo_ID12,2,1082624,1262509,1,gaze_data,1741885962904,375.21189749240875,135.42418032884598,1741885962885.6,1
1,1,block_2,2,Provo_ID12,2,1082624,1262509,1,gaze_data,1741885962933,217.02336072921753,152.6629537343979,1741885962907.7002,1
1,1,block_2,2,Provo_ID12,2,1082624,1262509,1,gaze_data,1741885962966,194.53270435333252,159.07756090164185,1741885962941.5,1
1,1,block_2,2,Provo_ID12,2,1082624,1262509,1,gaze_data,1741885962994,178.57794761657715,162.04646080732346,1741885962975.2002,1
1,1,block_2,2,Provo_ID12,2,1082624,1262509,1,gaze_data,1741885963034,187.82413005828857,165.0010220706463,1741885963007.4001,1
1,1,block_2,2,Provo_ID12,2,1082624,1262509,1,gaze_data,1741885963066,171.28660678863525,143.0343896150589,1741885963049.4001,1
1,1,block_2,2,Provo_ID12,2,1082624,1262509,1,gaze_data,1741885963099,161.44039630889893,174.86479356884956,1741885963075.2002,1
1,1,block_2,2,Provo_ID12,2,1082624,1262509,1,gaze_data,1741885963132,161.20476722717285,179.6225629746914,1741885963108.5,1
1,1,block_2,2,Provo_ID12,2,1082624,1262509,1,gaze_data,1741885963163,132.69498348236084,181.61437138915062,1741885963141.8,1
1,1,block_2,2,Provo_ID12,2,1082624,1262509,1,gaze_data,1741885963193,151.89809799194336,177.3680917918682,1741885963174,1
1,1,block_2,2,Provo_ID12,2,1082624,1262509,1,gaze_data,1741885963226,137.24687099456787,193.7037207186222,1741885963208.3,1
1,1,block_2,2,Provo_ID12,2,1082624,1262509,1,gaze_data,1741885963259,201.804780960083,220.24228973314166,1741885963241.6,1
1,1,block_2,2,Provo_ID12,2,1082624,1262509,1,gaze_data,1741885963299,290.48062562942505,225.73210650589317,1741885963279.1,1
1,1,block_2,2,Provo_ID12,2,1082624,1262509,1,gaze_data,1741885963327,299.69626665115356,225.86014170665294,1741885963308.2002,1
1,1,block_2,2,Provo_ID12,2,1082624,1262509,1,gaze_data,1741885963361,304.6499252319336,213.1917405873537,1741885963342.4001,1
1,1,block_2,2,Provo_ID12,2,1082624,1262509,1,gaze_data,1741885963399,305.2457809448242,238.6121390387416,1741885963373.9001,1
1,1,block_2,2,Provo_ID12,2,1082624,1262509,1,gaze_data,1741885963432,289.9946451187134,232.68692325800657,1741885963407.5,1
1,1,block_2,2,Provo_ID12,2,1082624,1262509,1,gaze_data,1741885963461,332.95698165893555,285.0341819226742,1741885963440.8,1
1,1,block_2,2,Provo_ID12,2,1082624,1262509,1,gaze_data,1741885963498,334.69598293304443,304.0653005242348,1741885963474.8,0.8812985168841285
1,1,block_2,2,Provo_ID12,2,1082624,1262509,1,gaze_data,1741885963529,347.15641736984253,300.2501115202904,1741885963507.4001,0.9283990741917267
1,1,block_2,2,Provo_ID12,2,1082624,1262509,1,gaze_data,1741885963560,356.77271485328674,295.3880488872528,1741885963540.7002,0.9026621721749988
1,1,block_2,2,Provo_ID12,2,1082624,1262509,1,gaze_data,1741885963593,354.4709026813507,316.0993739962578,1741885963575.4001,0.7051116113174312
1,1,block_2,2,Provo_ID12,2,1082624,1262509,1,gaze_data,1741885963623,419.6368783712387,312.6280590891838,1741885963607.2002,0.5613247101038729
1,1,block_2,2,Provo_ID12,2,1082624,1262509,1,gaze_data,1741885963666,439.77496325969696,304.59938794374466,1741885963652.2002,0.48074990809509566
1,1,block_2,2,Provo_ID12,2,1082624,1262509,1,gaze_data,1741885963699,419.7238117456436,313.6113569140434,1741885963675,0.6584614551092041
1,1,block_2,2,Provo_ID12,2,1082624,1262509,1,gaze_data,1741885963732,444.16585862636566,308.68421345949173,1741885963707.6,0.6570575666652285
1,1,block_2,2,Provo_ID12,2,1082624,1262509,1,gaze_data,1741885963765,457.35411643981934,308.05683732032776,1741885963741.4001,0.7837701522887593
1,1,block_2,2,Provo_ID12,2,1082624,1262509,1,gaze_data,1741885963797,434.0183526277542,321.02292627096176,1741885963774.7002,0.6696868326819401
1,1,block_2,2,Provo_ID12,2,1082624,1262509,1,gaze_data,1741885963832,263.56892585754395,350.2441555261612,1741885963814.4001,0.6038145308982918
1,1,block_2,2,Provo_ID12,2,1082624,1262509,1,gaze_data,1741885963866,230.64489364624023,350.02169609069824,1741885963841.8,0.48467899778780377
1,1,block_2,2,Provo_ID12,2,1082624,1262509,1,gaze_data,1741885963898,232.00563192367554,346.1724206805229,1741885963873.8,0.42327180712505186
1,1,block_2,2,Provo_ID12,2,1082624,1262509,1,gaze_data,1741885963929,217.92287826538086,348.97700548171997,1741885963908.6,0.4582065323853127
1,1,block_2,2,Provo_ID12,2,1082624,1262509,1,gaze_data,1741885963961,220.81971168518066,342.00648814439774,1741885963940.4001,0.5586910739616964
1,1,block_2,2,Provo_ID12,2,1082624,1262509,1,gaze_data,1741885963993,233.86609554290771,356.72854483127594,1741885963974.6,0.5129384445307693
1,1,block_2,2,Provo_ID12,2,1082624,1262509,1,gaze_data,1741885964025,225.39347410202026,342.39562451839447,1741885964008.1,0.5290415808338995
1,1,block_2,2,Provo_ID12,2,1082624,1262509,1,gaze_data,1741885964066,226.77490711212158,345.3468441963196,1741885964049,0.5704418219143468
1,1,block_2,2,Provo_ID12,2,1082624,1262509,1,gaze_data,1741885964095,241.7993664741516,356.3386559486389,1741885964073.8,0.6735877998662603
1,1,block_2,2,Provo_ID12,2,1082624,1262509,1,gaze_data,1741885964130,236.51975393295288,359.0950131416321,1741885964107.4001,0.619209181224174
1,1,block_2,2,Provo_ID12,2,1082624,1262509,1,gaze_data,1741885964166,244.68235969543457,359.37528908252716,1741885964147.6,0.49699639912008736
1,1,block_2,2,Provo_ID12,2,1082624,1262509,1,gaze_data,1741885964190,367.0368164777756,384.8883271217346,1741885964173.9001,0.49699639912008736
1,1,block_2,2,Provo_ID12,2,1082624,1262509,1,gaze_data,1741885964234,377.791103720665,371.65500819683075,1741885964208.3,0.3771239644644696
1,1,block_2,2,Provo_ID12,2,1082624,1262509,1,gaze_data,1741885964266,404.06353771686554,389.2409861087799,1741885964241.4001,0.338205248795672
1,1,block_2,2,Provo_ID12,2,1082624,1262509,1,gaze_data,1741885964299,393.3909088373184,377.30195224285126,1741885964275.4001,0.20494460728364886
1,1,block_2,2,Provo_ID12,2,1082624,1262509,1,gaze_data,1741885964330,397.4152863025665,390.77593982219696,1741885964307.7002,0.20483185267342846
1,1,block_2,2,Provo_ID12,2,1082624,1262509,1,gaze_data,1741885964378,383.1496372818947,391.57619178295135,1741885964374.8,0.18833876023091792
1,1,block_2,2,Provo_ID12,2,1082624,1262509,1,gaze_data,1741885964417,382.48742520809174,363.5367512702942,1741885964407.1,0.17129148035875108
1,1,block_2,2,Provo_ID12,2,1082624,1262509,1,gaze_data,1741885964454,334.62685346603394,320.50994634628296,1741885964440.6,0.10778414280519025
1,1,block_2,2,Provo_ID12,2,1082624,1262509,1,gaze_data,1741885964486,324.7883677482605,291.27007573843,1741885964474.4001,0.28164900922197034
1,1,block_2,2,Provo_ID12,2,1082624,1262509,1,gaze_data,1741885964518,307.4355483055115,275.8632995188236,1741885964508.4001,0.4916041708400146
1,1,block_2,2,Provo_ID12,2,1082624,1262509,1,gaze_data,1741885964553,314.93725776672363,278.38533222675323,1741885964541,0.6169440453225891
1,1,block_2,2,Provo_ID12,2,1082624,1262509,1,gaze_data,1741885964588,291.2172317504883,272.5488156080246,1741885964573.9001,0.8147473862553279
1,1,block_2,2,Provo_ID12,2,1082624,1262509,1,gaze_data,1741885964622,304.97604608535767,272.7086044847965,1741885964608,0.703172034572292
1,1,block_2,2,Provo_ID12,2,1082624,1262509,1,gaze_data,1741885964649,267.0151948928833,268.84028166532516,1741885964640.5,0.9259873294670786
1,1,block_2,2,Provo_ID12,2,1082624,1262509,1,gaze_data,1741885964673,288.92340660095215,185.47267690300941,1741885964678.8,0.9259873294670786
1,1,block_2,2,Provo_ID12,2,1082624,1262509,1,gaze_data,1741885964721,185.85569858551025,128.1490981578827,1741885964707.8,0.9849220199036473
1,1,block_2,2,Provo_ID12,2,1082624,1262509,1,gaze_data,1741885964754,167.55611896514893,140.12399911880493,1741885964741.7002,1
1,1,block_2,2,Provo_ID12,2,1082624,1262509,1,gaze_data,1741885964789,174.61979389190674,133.39865058660507,1741885964774.3,1
1,1,block_2,2,Provo_ID12,2,1082624,1262509,1,gaze_data,1741885964816,181.2225341796875,148.99393767118454,1741885964807.5,1
1,1,block_2,2,Provo_ID12,2,1082624,1262509,1,gaze_data,1741885964849,174.68903064727783,142.860247194767,1741885964841.2002,1
1,1,block_2,2,Provo_ID12,2,1082624,1262509,1,gaze_data,1741885964877,168.3607578277588,133.46550464630127,1741885964874.3,1
1,1,block_2,2,Provo_ID12,2,1082624,1262509,1,gaze_data,1741885964911,166.30699634552002,143.6599999666214,1741885964908.7002,1
1,1,block_2,2,Provo_ID12,2,1082624,1262509,1,gaze_data,1741885964943,211.49767637252808,147.6676970720291,1741885964941.3,1
1,1,block_2,2,Provo_ID12,2,1082624,1262509,1,gaze_data,1741885964982,346.9992160797119,110.92608273029327,1741885964974.6,1
1,1,block_2,2,Provo_ID12,2,1082624,1262509,1,gaze_data,1741885965016,347.5145936012268,129.77309376001358,1741885965008.6,1
1,1,block_2,2,Provo_ID12,2,1082624,1262509,1,gaze_data,1741885965049,349.7349739074707,110.32529771327972,1741885965041.7002,1
1,1,block_2,2,Provo_ID12,2,1082624,1262509,1,gaze_data,1741885965085,367.12559163570404,132.0940688252449,1741885965074.4001,1
1,1,block_2,2,Provo_ID12,2,1082624,1262509,1,gaze_data,1741885965116,353.7963926792145,108.93742591142654,1741885965107.6,1
1,1,block_2,2,Provo_ID12,2,1082624,1262509,1,gaze_data,1741885965144,347.4782645702362,130.17669916152954,1741885965141.6,1
1,1,block_2,2,Provo_ID12,2,1082624,1262509,1,gaze_data,1741885965188,301.1652946472168,148.40588569641113,1741885965173.8,1
1,1,block_2,2,Provo_ID12,2,1082624,1262509,1,gaze_data,1741885965240,203.14844846725464,183.626139909029,1741885965220.4001,1
1,1,block_2,2,Provo_ID12,2,1082624,1262509,1,gaze_data,1741885965258,210.8919858932495,194.6195349097252,1741885965241.3,1
1,1,block_2,2,Provo_ID12,2,1082624,1262509,1,gaze_data,1741885965296,201.91415548324585,183.61324295401573,1741885965274.5,1
1,1,block_2,2,Provo_ID12,2,1082624,1262509,1,gaze_data,1741885965331,198.00660610198975,190.51397070288658,1741885965307.7002,1
1,1,block_2,2,Provo_ID12,2,1082624,1262509,1,gaze_data,1741885965363,202.70084142684937,197.9448612779379,1741885965343.1,1
1,1,block_2,2,Provo_ID12,2,1082624,1262509,1,gaze_data,1741885965396,203.52123975753784,173.5275074839592,1741885965374.6,1
1,1,block_2,2,Provo_ID12,2,1082624,1262509,1,gaze_data,1741885965425,198.65171909332275,179.10262048244476,1741885965407.4001,1
1,1,block_2,2,Provo_ID12,2,1082624,1262509,1,gaze_data,1741885965465,196.06366157531738,184.48165282607079,1741885965441.7002,1
1,1,block_2,2,Provo_ID12,2,1082624,1262509,1,gaze_data,1741885965496,215.713369846344,189.71867337822914,1741885965474.3,1
1,1,block_2,2,Provo_ID12,2,1082624,1262509,1,gaze_data,1741885965528,351.46981179714203,187.89994567632675,1741885965507.6,1
1,1,block_2,2,Provo_ID12,2,1082624,1262509,1,gaze_data,1741885965563,411.6547763347626,216.35866574943066,1741885965541.2002,1
1,1,block_2,2,Provo_ID12,2,1082624,1262509,1,gaze_data,1741885965595,402.72160172462463,202.4281419813633,1741885965577.7002,1
1,1,block_2,2,Provo_ID12,2,1082624,1262509,1,gaze_data,1741885965629,395.0313985347748,177.6016265153885,1741885965606.4001,1
1,1,block_2,2,Provo_ID12,2,1082624,1262509,1,gaze_data,1741885965662,418.6831682920456,207.614453881979,1741885965640,1
1,1,block_2,2,Provo_ID12,2,1082624,1262509,1,gaze_data,1741885965691,427.10523903369904,196.0940569639206,1741885965673.8,1
1,1,block_2,2,Provo_ID12,2,1082624,1262509,1,gaze_data,1741885965728,480.46045303344727,192.34684705734253,1741885965707.1,1
1,1,block_2,2,Provo_ID12,2,1082624,1262509,1,gaze_data,1741885965757,596.8754291534424,212.9165180027485,1741885965739.9001,1
1,1,block_2,2,Provo_ID12,2,1082624,1262509,1,gaze_data,1741885965797,600.703763961792,216.8841067701578,1741885965774.1,0.9758392103228162
1,1,block_2,2,Provo_ID12,2,1082624,1262509,1,gaze_data,1741885965834,586.3379955291748,203.29541377723217,1741885965807.2002,0.9794384691234321
1,1,block_2,2,Provo_ID12,2,1082624,1262509,1,gaze_data,1741885965864,394.96942162513733,234.40670259296894,1741885965840.9001,0.8873816355282416
1,1,block_2,2,Provo_ID12,2,1082624,1262509,1,gaze_data,1741885965896,350.8070856332779,262.0865724980831,1741885965873.3,1
1,1,block_2,2,Provo_ID12,2,1082624,1262509,1,gaze_data,1741885965931,336.9723439216614,257.892819494009,1741885965907.9001,1
1,1,block_2,2,Provo_ID12,2,1082624,1262509,1,gaze_data,1741885965959,350.3912031650543,257.30251371860504,1741885965940.3,1
1,1,block_2,2,Provo_ID12,2,1082624,1262509,1,gaze_data,1741885965989,341.68394804000854,251.91025100648403,1741885965973.9001,1
1,1,block_2,2,Provo_ID12,2,1082624,1262509,1,gaze_data,1741885966021,282.2783350944519,239.74310364574194,1741885966006.5,1
1,1,block_2,2,Provo_ID12,2,1082624,1262509,1,gaze_data,1741885966056,184.42020416259766,280.0687126815319,1741885966040.1,1
1,1,block_2,2,Provo_ID12,2,1082624,1262509,1,gaze_data,1741885966095,178.35562229156494,293.98532062768936,1741885966086.1,1
1,1,block_2,2,Provo_ID12,2,1082624,1262509,1,gaze_data,1741885966126,147.04434871673584,296.4957043528557,1741885966106.6,1
1,1,block_2,2,Provo_ID12,2,1082624,1262509,1,gaze_data,1741885966163,143.23856830596924,291.82834029197693,1741885966140.9001,0.9547496516902392
1,1,block_2,2,Provo_ID12,2,1082624,1262509,1,gaze_data,1741885966197,165.75095653533936,281.92610144615173,1741885966172.9001,1
1,1,block_2,2,Provo_ID12,2,1082624,1262509,1,gaze_data,1741885966229,163.64707946777344,288.04771453142166,1741885966211.2002,1
1,1,block_2,2,Provo_ID12,2,1082624,1262509,1,gaze_data,1741885966258,146.90096378326416,299.40564781427383,1741885966241,1
1,1,block_2,2,Provo_ID12,2,1082624,1262509,1,gaze_data,1741885966298,153.9820671081543,321.5108945965767,1741885966273.4001,1
1,1,block_2,2,Provo_ID12,2,1082624,1262509,1,gaze_data,1741885966329,171.64249420166016,325.5329564213753,1741885966306.1,0.8871873977803886
1,1,block_2,2,Provo_ID12,2,1082624,1262509,1,gaze_data,1741885966363,178.5780668258667,357.4641853570938,1741885966347,0.8059900566581586
1,1,block_2,2,Provo_ID12,2,1082624,1262509,1,gaze_data,1741885966394,182.7808380126953,356.00914657115936,1741885966373.6,0.5437317134437146
1,1,block_2,2,Provo_ID12,2,1082624,1262509,1,gaze_data,1741885966427,174.42920207977295,377.4539589881897,1741885966407.1,0.7650219116561499
1,1,block_2,2,Provo_ID12,2,1082624,1262509,1,gaze_data,1741885966459,172.18093872070312,351.7104148864746,1741885966439.4001,0.5351895675645165
1,1,block_2,2,Provo_ID12,2,1082624,1262509,1,gaze_data,1741885966491,153.5395622253418,355.55911660194397,1741885966473.1,0.654066844261018
1,1,block_2,2,Provo_ID12,2,1082624,1262509,1,gaze_data,1741885966523,158.05377960205078,381.85948729515076,1741885966506.2002,0.5627350139969121
1,1,block_2,2,Provo_ID12,2,1082624,1262509,1,gaze_data,1741885966553,167.7372694015503,365.3740644454956,1741885966539.6,0.45572642781351846
1,1,block_2,2,Provo_ID12,2,1082624,1262509,1,gaze_data,1741885966598,181.07123374938965,351.4718621969223,1741885966573.5,0.47295880601113416
1,1,block_2,2,Provo_ID12,2,1082624,1262509,1,gaze_data,1741885966632,166.5546178817749,365.3436213731766,1741885966612.7002,0.4026656075974448
1,1,block_2,2,Provo_ID12,2,1082624,1262509,1,gaze_data,1741885966662,172.7473497390747,397.64460027217865,1741885966639.4001,0.30422002342008697
1,1,block_2,2,Provo_ID12,2,1082624,1262509,1,gaze_data,1741885966695,187.6201629638672,367.8457200527191,1741885966673.5,0.4941002910177432
1,1,block_2,2,Provo_ID12,2,1082624,1262509,1,gaze_data,1741885966733,161.96460723876953,343.54635179042816,1741885966706.9001,0.42913954490393097
1,1,block_2,2,Provo_ID12,2,1082624,1262509,1,gaze_data,1741885966762,160.1740598678589,357.70220160484314,1741885966739.7002,0.4158884028731089
1,1,block_2,2,Provo_ID12,2,1082624,1262509,1,gaze_data,1741885966794,161.54870986938477,379.5296758413315,1741885966772.7002,0.3268728967319319
1,1,block_2,2,Provo_ID12,2,1082624,1262509,1,gaze_data,1741885966833,179.54390048980713,379.36120331287384,1741885966806.1,0.6681312993151289
1,1,block_2,2,Provo_ID12,2,1082624,1262509,1,gaze_data,1741885966866,157.3293685913086,368.33872497081757,1741885966841.3,0.3987658865111946
1,1,block_2,2,Provo_ID12,2,1082624,1262509,1,gaze_data,1741885966894,187.1617078781128,362.8641128540039,1741885966873,0.36585314352099985
1,1,block_2,2,Provo_ID12,2,1082624,1262509,1,gaze_data,1741885966928,265.1922583580017,275.83687976002693,1741885966906,0.33467940611481417
1,1,block_2,2,Provo_ID12,2,1082624,1262509,1,gaze_data,1741885966957,289.97418880462646,175.74325054883957,1741885966939.4001,0.3142581401953748
1,1,block_2,2,Provo_ID12,2,1082624,1262509,1,gaze_x,"",
1,1,block_2,2,Provo_ID12,2,1082624,1262509,1,gaze_y,"",
1,1,block_2,2,Provo_ID12,2,1082624,1262509,1,el_x,"",
1,1,block_2,2,Provo_ID12,2,1082624,1262509,1,applied_drift,1741885925141,
1,1,block_2,2,Provo_ID12,2,1082624,1262509,1,applied_drift,1741885949136,32.427433133125305,-25
1,1,block_2,2,Provo_ID12,2,1082624,1262509,1,applied_drift,1741885949160,32.427433133125305,-25
1,1,block_2,2,Provo_ID12,2,1082624,1262509,1,applied_drift,1741885949193,32.427433133125305,-25
1,1,block_2,2,Provo_ID12,2,1082624,1262509,1,applied_drift,1741885949226,32.427433133125305,-25
1,1,block_2,2,Provo_ID12,2,1082624,1262509,1,applied_drift,1741885949265,32.427433133125305,-25
1,1,block_2,2,Provo_ID12,2,1082624,1262509,1,applied_drift,1741885949287,32.427433133125305,-25
1,1,block_2,2,Provo_ID12,2,1082624,1262509,1,applied_drift,1741885949323,32.427433133125305,-25
1,1,block_2,2,Provo_ID12,2,1082624,1262509,1,applied_drift,1741885949361,32.427433133125305,-25
1,1,block_2,2,Provo_ID12,2,1082624,1262509,1,applied_drift,1741885949384,32.427433133125305,-25
1,1,block_2,2,Provo_ID12,2,1082624,1262509,1,applied_drift,1741885949419,32.427433133125305,-25
1,1,block_2,2,Provo_ID12,2,1082624,1262509,1,applied_drift,1741885949460,32.427433133125305,-25
1,1,block_2,2,Provo_ID12,2,1082624,1262509,1,applied_drift,1741885949493,32.427433133125305,-25
1,1,block_2,2,Provo_ID12,2,1082624,1262509,1,applied_drift,1741885949526,32.427433133125305,-25
1,1,block_2,2,Provo_ID12,2,1082624,1262509,1,applied_drift,1741885949556,32.427433133125305,-25
1,1,block_2,2,Provo_ID12,2,1082624,1262509,1,applied_drift,1741885949588,32.427433133125305,-25
1,1,block_2,2,Provo_ID12,2,1082624,1262509,1,applied_drift,1741885949620,32.427433133125305,-25
1,1,block_2,2,Provo_ID12,2,1082624,1262509,1,applied_drift,1741885949654,32.427433133125305,-25
1,1,block_2,2,Provo_ID12,2,1082624,1262509,1,applied_drift,1741885949686,32.427433133125305,-25
1,1,block_2,2,Provo_ID12,2,1082624,1262509,1,applied_drift,1741885949731,32.427433133125305,-25
1,1,block_2,2,Provo_ID12,2,1082624,1262509,1,applied_drift,1741885949762,32.427433133125305,-25
1,1,block_2,2,Provo_ID12,2,1082624,1262509,1,applied_drift,1741885949793,32.427433133125305,-25
1,1,block_2,2,Provo_ID12,2,1082624,1262509,1,applied_drift,1741885949821,32.427433133125305,-25
1,1,block_2,2,Provo_ID12,2,1082624,1262509,1,applied_drift,1741885949865,32.427433133125305,-25
1,1,block_2,2,Provo_ID12,2,1082624,1262509,1,applied_drift,1741885949894,32.427433133125305,-25
1,1,block_2,2,Provo_ID12,2,1082624,1262509,1,applied_drift,1741885949931,32.427433133125305,-25
1,1,block_2,2,Provo_ID12,2,1082624,1262509,1,applied_drift,1741885949971,32.427433133125305,-25
1,1,block_2,2,Provo_ID12,2,1082624,1262509,1,applied_drift,1741885950006,32.427433133125305,-25
1,1,block_2,2,Provo_ID12,2,1082624,1262509,1,applied_drift,1741885950033,32.427433133125305,-25
1,1,block_2,2,Provo_ID12,2,1082624,1262509,1,applied_drift,1741885950061,32.427433133125305,-25
1,1,block_2,2,Provo_ID12,2,1082624,1262509,1,applied_drift,1741885950094,32.427433133125305,-25
1,1,block_2,2,Provo_ID12,2,1082624,1262509,1,applied_drift,1741885950132,32.427433133125305,-25
1,1,block_2,2,Provo_ID12,2,1082624,1262509,1,applied_drift,1741885950169,32.427433133125305,-25
1,1,block_2,2,Provo_ID12,2,1082624,1262509,1,applied_drift,1741885950205,32.427433133125305,-25
1,1,block_2,2,Provo_ID12,2,1082624,1262509,1,applied_drift,1741885950239,32.427433133125305,-25
1,1,block_2,2,Provo_ID12,2,1082624,1262509,1,applied_drift,1741885950268,32.427433133125305,-25
1,1,block_2,2,Provo_ID12,2,1082624,1262509,1,applied_drift,1741885950305,32.427433133125305,-25
1,1,block_2,2,Provo_ID12,2,1082624,1262509,1,applied_drift,1741885950338,32.427433133125305,-25
1,1,block_2,2,Provo_ID12,2,1082624,1262509,1,applied_drift,1741885950371,32.427433133125305,-25
1,1,block_2,2,Provo_ID12,2,1082624,1262509,1,applied_drift,1741885950394,32.427433133125305,-25
1,1,block_2,2,Provo_ID12,2,1082624,1262509,1,applied_drift,1741885950429,32.427433133125305,-25
1,1,block_2,2,Provo_ID12,2,1082624,1262509,1,applied_drift,1741885950466,32.427433133125305,-25
1,1,block_2,2,Provo_ID12,2,1082624,1262509,1,applied_drift,1741885950500,32.427433133125305,-25
1,1,block_2,2,Provo_ID12,2,1082624,1262509,1,applied_drift,1741885950534,32.427433133125305,-25
1,1,block_2,2,Provo_ID12,2,1082624,1262509,1,applied_drift,1741885950566,32.427433133125305,-25
1,1,block_2,2,Provo_ID12,2,1082624,1262509,1,applied_drift,1741885950600,32.427433133125305,-25
1,1,block_2,2,Provo_ID12,2,1082624,1262509,1,applied_drift,1741885950631,32.427433133125305,-25
1,1,block_2,2,Provo_ID12,2,1082624,1262509,1,applied_drift,1741885950666,32.427433133125305,-25
1,1,block_2,2,Provo_ID12,2,1082624,1262509,1,applied_drift,1741885950699,32.427433133125305,-25
1,1,block_2,2,Provo_ID12,2,1082624,1262509,1,applied_drift,1741885950728,32.427433133125305,-25
1,1,block_2,2,Provo_ID12,2,1082624,1262509,1,applied_drift,1741885950763,32.427433133125305,-25
1,1,block_2,2,Provo_ID12,2,1082624,1262509,1,applied_drift,1741885950804,32.427433133125305,-25
1,1,block_2,2,Provo_ID12,2,1082624,1262509,1,applied_drift,1741885950833,32.427433133125305,-25
1,1,block_2,2,Provo_ID12,2,1082624,1262509,1,applied_drift,1741885950865,32.427433133125305,-25
1,1,block_2,2,Provo_ID12,2,1082624,1262509,1,applied_drift,1741885950896,32.427433133125305,-25
1,1,block_2,2,Provo_ID12,2,1082624,1262509,1,applied_drift,1741885950927,32.427433133125305,-25
1,1,block_2,2,Provo_ID12,2,1082624,1262509,1,applied_drift,1741885950960,32.427433133125305,-25
1,1,block_2,2,Provo_ID12,2,1082624,1262509,1,applied_drift,1741885950989,32.427433133125305,-25
1,1,block_2,2,Provo_ID12,2,1082624,1262509,1,applied_drift,1741885951026,32.427433133125305,-25
1,1,block_2,2,Provo_ID12,2,1082624,1262509,1,applied_drift,1741885951074,32.427433133125305,-25
1,1,block_2,2,Provo_ID12,2,1082624,1262509,1,applied_drift,1741885951105,32.427433133125305,-25
1,1,block_2,2,Provo_ID12,2,1082624,1262509,1,applied_drift,1741885951138,32.427433133125305,-25
1,1,block_2,2,Provo_ID12,2,1082624,1262509,1,applied_drift,1741885951168,32.427433133125305,-25
1,1,block_2,2,Provo_ID12,2,1082624,1262509,1,applied_drift,1741885951198,32.427433133125305,-25
1,1,block_2,2,Provo_ID12,2,1082624,1262509,1,applied_drift,1741885951232,32.427433133125305,-25
1,1,block_2,2,Provo_ID12,2,1082624,1262509,1,applied_drift,1741885951258,32.427433133125305,-25
1,1,block_2,2,Provo_ID12,2,1082624,1262509,1,applied_drift,1741885951300,32.427433133125305,-25
1,1,block_2,2,Provo_ID12,2,1082624,1262509,1,applied_drift,1741885951333,32.427433133125305,-25
1,1,block_2,2,Provo_ID12,2,1082624,1262509,1,applied_drift,1741885951366,32.427433133125305,-25
1,1,block_2,2,Provo_ID12,2,1082624,1262509,1,applied_drift,1741885951394,32.427433133125305,-25
1,1,block_2,2,Provo_ID12,2,1082624,1262509,1,applied_drift,1741885951430,32.427433133125305,-25
1,1,block_2,2,Provo_ID12,2,1082624,1262509,1,applied_drift,1741885951466,32.427433133125305,-25
1,1,block_2,2,Provo_ID12,2,1082624,1262509,1,applied_drift,1741885951505,32.427433133125305,-25
1,1,block_2,2,Provo_ID12,2,1082624,1262509,1,applied_drift,1741885951530,32.427433133125305,-25
1,1,block_2,2,Provo_ID12,2,1082624,1262509,1,applied_drift,1741885951566,32.427433133125305,-25
1,1,block_2,2,Provo_ID12,2,1082624,1262509,1,applied_drift,1741885951598,32.427433133125305,-25
1,1,block_2,2,Provo_ID12,2,1082624,1262509,1,applied_drift,1741885951627,32.427433133125305,-25
1,1,block_2,2,Provo_ID12,2,1082624,1262509,1,applied_drift,1741885951659,32.427433133125305,-25
1,1,block_2,2,Provo_ID12,2,1082624,1262509,1,applied_drift,1741885951695,32.427433133125305,-25
1,1,block_2,2,Provo_ID12,2,1082624,1262509,1,applied_drift,1741885951728,32.427433133125305,-25
1,1,block_2,2,Provo_ID12,2,1082624,1262509,1,applied_drift,1741885951761,32.427433133125305,-25
1,1,block_2,2,Provo_ID12,2,1082624,1262509,1,applied_drift,1741885951793,32.427433133125305,-25
1,1,block_2,2,Provo_ID12,2,1082624,1262509,1,applied_drift,1741885951828,32.427433133125305,-25
1,1,block_2,2,Provo_ID12,2,1082624,1262509,1,applied_drift,1741885951861,32.427433133125305,-25
1,1,block_2,2,Provo_ID12,2,1082624,1262509,1,applied_drift,1741885951895,32.427433133125305,-25
1,1,block_2,2,Provo_ID12,2,1082624,1262509,1,applied_drift,1741885951935,32.427433133125305,-25
1,1,block_2,2,Provo_ID12,2,1082624,1262509,1,applied_drift,1741885951966,32.427433133125305,-25
1,1,block_2,2,Provo_ID12,2,1082624,1262509,1,applied_drift,1741885951990,32.427433133125305,-25
1,1,block_2,2,Provo_ID12,2,1082624,1262509,1,applied_drift,1741885952033,32.427433133125305,-25
1,1,block_2,2,Provo_ID12,2,1082624,1262509,1,applied_drift,1741885952062,32.427433133125305,-25
1,1,block_2,2,Provo_ID12,2,1082624,1262509,1,applied_drift,1741885952098,32.427433133125305,-25
1,1,block_2,2,Provo_ID12,2,1082624,1262509,1,applied_drift,1741885952132,32.427433133125305,-25
1,1,block_2,2,Provo_ID12,2,1082624,1262509,1,applied_drift,1741885952165,32.427433133125305,-25
1,1,block_2,2,Provo_ID12,2,1082624,1262509,1,applied_drift,1741885952194,32.427433133125305,-25
1,1,block_2,2,Provo_ID12,2,1082624,1262509,1,applied_drift,1741885952237,32.427433133125305,-25
1,1,block_2,2,Provo_ID12,2,1082624,1262509,1,applied_drift,1741885952271,32.427433133125305,-25
1,1,block_2,2,Provo_ID12,2,1082624,1262509,1,applied_drift,1741885952297,32.427433133125305,-25
1,1,block_2,2,Provo_ID12,2,1082624,1262509,1,applied_drift,1741885952338,32.427433133125305,-25
1,1,block_2,2,Provo_ID12,2,1082624,1262509,1,applied_drift,1741885952365,32.427433133125305,-25
1,1,block_2,2,Provo_ID12,2,1082624,1262509,1,applied_drift,1741885952398,32.427433133125305,-25
1,1,block_2,2,Provo_ID12,2,1082624,1262509,1,applied_drift,1741885952426,32.427433133125305,-25
1,1,block_2,2,Provo_ID12,2,1082624,1262509,1,applied_drift,1741885952466,32.427433133125305,-25
1,1,block_2,2,Provo_ID12,2,1082624,1262509,1,applied_drift,1741885952499,32.427433133125305,-25
1,1,block_2,2,Provo_ID12,2,1082624,1262509,1,applied_drift,1741885952527,32.427433133125305,-25
1,1,block_2,2,Provo_ID12,2,1082624,1262509,1,applied_drift,1741885952571,32.427433133125305,-25
1,1,block_2,2,Provo_ID12,2,1082624,1262509,1,applied_drift,1741885952594,32.427433133125305,-25
1,1,block_2,2,Provo_ID12,2,1082624,1262509,1,applied_drift,1741885952633,32.427433133125305,-25
1,1,block_2,2,Provo_ID12,2,1082624,1262509,1,applied_drift,1741885952668,32.427433133125305,-25
1,1,block_2,2,Provo_ID12,2,1082624,1262509,1,applied_drift,1741885952699,32.427433133125305,-25
1,1,block_2,2,Provo_ID12,2,1082624,1262509,1,applied_drift,1741885952733,32.427433133125305,-25
1,1,block_2,2,Provo_ID12,2,1082624,1262509,1,applied_drift,1741885952765,32.427433133125305,-25
1,1,block_2,2,Provo_ID12,2,1082624,1262509,1,applied_drift,1741885952799,32.427433133125305,-25
1,1,block_2,2,Provo_ID12,2,1082624,1262509,1,applied_drift,1741885952832,32.427433133125305,-25
1,1,block_2,2,Provo_ID12,2,1082624,1262509,1,applied_drift,1741885952866,32.427433133125305,-25
1,1,block_2,2,Provo_ID12,2,1082624,1262509,1,applied_drift,1741885952898,32.427433133125305,-25
1,1,block_2,2,Provo_ID12,2,1082624,1262509,1,applied_drift,1741885952933,32.427433133125305,-25
1,1,block_2,2,Provo_ID12,2,1082624,1262509,1,applied_drift,1741885952966,32.427433133125305,-25
1,1,block_2,2,Provo_ID12,2,1082624,1262509,1,applied_drift,1741885952994,32.427433133125305,-25
1,1,block_2,2,Provo_ID12,2,1082624,1262509,1,applied_drift,1741885953027,32.427433133125305,-25
1,1,block_2,2,Provo_ID12,2,1082624,1262509,1,applied_drift,1741885953059,32.427433133125305,-25
1,1,block_2,2,Provo_ID12,2,1082624,1262509,1,applied_drift,1741885953095,32.427433133125305,-25
1,1,block_2,2,Provo_ID12,2,1082624,1262509,1,applied_drift,1741885953129,32.427433133125305,-25
1,1,block_2,2,Provo_ID12,2,1082624,1262509,1,applied_drift,1741885953161,32.427433133125305,-25
1,1,block_2,2,Provo_ID12,2,1082624,1262509,1,applied_drift,1741885953190,32.427433133125305,-25
1,1,block_2,2,Provo_ID12,2,1082624,1262509,1,applied_drift,1741885953228,32.427433133125305,-25
1,1,block_2,2,Provo_ID12,2,1082624,1262509,1,applied_drift,1741885953262,32.427433133125305,-25
1,1,block_2,2,Provo_ID12,2,1082624,1262509,1,applied_drift,1741885953295,32.427433133125305,-25
1,1,block_2,2,Provo_ID12,2,1082624,1262509,1,applied_drift,1741885953328,32.427433133125305,-25
1,1,block_2,2,Provo_ID12,2,1082624,1262509,1,applied_drift,1741885953355,32.427433133125305,-25
1,1,block_2,2,Provo_ID12,2,1082624,1262509,1,applied_drift,1741885953401,32.427433133125305,-25
1,1,block_2,2,Provo_ID12,2,1082624,1262509,1,applied_drift,1741885953423,32.427433133125305,-25
1,1,block_2,2,Provo_ID12,2,1082624,1262509,1,applied_drift,1741885953464,32.427433133125305,-25
1,1,block_2,2,Provo_ID12,2,1082624,1262509,1,applied_drift,1741885953488,32.427433133125305,-25
1,1,block_2,2,Provo_ID12,2,1082624,1262509,1,applied_drift,1741885953534,32.427433133125305,-25
1,1,block_2,2,Provo_ID12,2,1082624,1262509,1,applied_drift,1741885953564,32.427433133125305,-25
1,1,block_2,2,Provo_ID12,2,1082624,1262509,1,applied_drift,1741885953598,32.427433133125305,-25
1,1,block_2,2,Provo_ID12,2,1082624,1262509,1,applied_drift,1741885953632,32.427433133125305,-25
1,1,block_2,2,Provo_ID12,2,1082624,1262509,1,applied_drift,1741885953664,32.427433133125305,-25
1,1,block_2,2,Provo_ID12,2,1082624,1262509,1,applied_drift,1741885953699,32.427433133125305,-25
1,1,block_2,2,Provo_ID12,2,1082624,1262509,1,applied_drift,1741885953735,32.427433133125305,-25
1,1,block_2,2,Provo_ID12,2,1082624,1262509,1,applied_drift,1741885953771,32.427433133125305,-25
1,1,block_2,2,Provo_ID12,2,1082624,1262509,1,applied_drift,1741885953801,32.427433133125305,-25
1,1,block_2,2,Provo_ID12,2,1082624,1262509,1,applied_drift,1741885953830,32.427433133125305,-25
1,1,block_2,2,Provo_ID12,2,1082624,1262509,1,applied_drift,1741885953871,32.427433133125305,-25
1,1,block_2,2,Provo_ID12,2,1082624,1262509,1,applied_drift,1741885953904,32.427433133125305,-25
1,1,block_2,2,Provo_ID12,2,1082624,1262509,1,applied_drift,1741885953933,32.427433133125305,-25
1,1,block_2,2,Provo_ID12,2,1082624,1262509,1,applied_drift,1741885953966,32.427433133125305,-25
1,1,block_2,2,Provo_ID12,2,1082624,1262509,1,applied_drift,1741885953999,32.427433133125305,-25
1,1,block_2,2,Provo_ID12,2,1082624,1262509,1,applied_drift,1741885954032,32.427433133125305,-25
1,1,block_2,2,Provo_ID12,2,1082624,1262509,1,applied_drift,1741885954061,32.427433133125305,-25
1,1,block_2,2,Provo_ID12,2,1082624,1262509,1,applied_drift,1741885954101,32.427433133125305,-25
1,1,block_2,2,Provo_ID12,2,1082624,1262509,1,applied_drift,1741885954139,32.427433133125305,-25
1,1,block_2,2,Provo_ID12,2,1082624,1262509,1,applied_drift,1741885954170,32.427433133125305,-25
1,1,block_2,2,Provo_ID12,2,1082624,1262509,1,applied_drift,1741885954199,32.427433133125305,-25
1,1,block_2,2,Provo_ID12,2,1082624,1262509,1,applied_drift,1741885954232,32.427433133125305,-25
1,1,block_2,2,Provo_ID12,2,1082624,1262509,1,applied_drift,1741885954259,32.427433133125305,-25
1,1,block_2,2,Provo_ID12,2,1082624,1262509,1,applied_drift,1741885954294,32.427433133125305,-25
1,1,block_2,2,Provo_ID12,2,1082624,1262509,1,applied_drift,1741885954328,32.427433133125305,-25
1,1,block_2,2,Provo_ID12,2,1082624,1262509,1,applied_drift,1741885954361,32.427433133125305,-25
1,1,block_2,2,Provo_ID12,2,1082624,1262509,1,applied_drift,1741885954401,32.427433133125305,-25
1,1,block_2,2,Provo_ID12,2,1082624,1262509,1,applied_drift,1741885954437,32.427433133125305,-25
1,1,block_2,2,Provo_ID12,2,1082624,1262509,1,applied_drift,1741885954466,32.427433133125305,-25
1,1,block_2,2,Provo_ID12,2,1082624,1262509,1,applied_drift,1741885954499,32.427433133125305,-25
1,1,block_2,2,Provo_ID12,2,1082624,1262509,1,applied_drift,1741885954532,32.427433133125305,-25
1,1,block_2,2,Provo_ID12,2,1082624,1262509,1,applied_drift,1741885954566,32.427433133125305,-25
1,1,block_2,2,Provo_ID12,2,1082624,1262509,1,applied_drift,1741885954594,32.427433133125305,-25
1,1,block_2,2,Provo_ID12,2,1082624,1262509,1,applied_drift,1741885954628,32.427433133125305,-25
1,1,block_2,2,Provo_ID12,2,1082624,1262509,1,applied_drift,1741885954666,32.427433133125305,-25
1,1,block_2,2,Provo_ID12,2,1082624,1262509,1,applied_drift,1741885954699,32.427433133125305,-25
1,1,block_2,2,Provo_ID12,2,1082624,1262509,1,applied_drift,1741885954733,32.427433133125305,-25
1,1,block_2,2,Provo_ID12,2,1082624,1262509,1,applied_drift,1741885954766,32.427433133125305,-25
1,1,block_2,2,Provo_ID12,2,1082624,1262509,1,applied_drift,1741885954795,32.427433133125305,-25
1,1,block_2,2,Provo_ID12,2,1082624,1262509,1,applied_drift,1741885954832,32.427433133125305,-25
1,1,block_2,2,Provo_ID12,2,1082624,1262509,1,applied_drift,1741885954866,32.427433133125305,-25
1,1,block_2,2,Provo_ID12,2,1082624,1262509,1,applied_drift,1741885954899,32.427433133125305,-25
1,1,block_2,2,Provo_ID12,2,1082624,1262509,1,applied_drift,1741885954935,32.427433133125305,-25
1,1,block_2,2,Provo_ID12,2,1082624,1262509,1,applied_drift,1741885954966,32.427433133125305,-25
1,1,block_2,2,Provo_ID12,2,1082624,1262509,1,applied_drift,1741885954999,32.427433133125305,-25
1,1,block_2,2,Provo_ID12,2,1082624,1262509,1,applied_drift,1741885955032,32.427433133125305,-25
1,1,block_2,2,Provo_ID12,2,1082624,1262509,1,applied_drift,1741885955065,32.427433133125305,-25
1,1,block_2,2,Provo_ID12,2,1082624,1262509,1,applied_drift,1741885955094,32.427433133125305,-25
1,1,block_2,2,Provo_ID12,2,1082624,1262509,1,applied_drift,1741885955122,32.427433133125305,-25
1,1,block_2,2,Provo_ID12,2,1082624,1262509,1,applied_drift,1741885955171,32.427433133125305,-25
1,1,block_2,2,Provo_ID12,2,1082624,1262509,1,applied_drift,1741885955195,32.427433133125305,-25
1,1,block_2,2,Provo_ID12,2,1082624,1262509,1,applied_drift,1741885955233,32.427433133125305,-25
1,1,block_2,2,Provo_ID12,2,1082624,1262509,1,applied_drift,1741885955264,32.427433133125305,-25
1,1,block_2,2,Provo_ID12,2,1082624,1262509,1,applied_drift,1741885955304,32.427433133125305,-25
1,1,block_2,2,Provo_ID12,2,1082624,1262509,1,applied_drift,1741885955328,32.427433133125305,-25
1,1,block_2,2,Provo_ID12,2,1082624,1262509,1,applied_drift,1741885955372,32.427433133125305,-25
1,1,block_2,2,Provo_ID12,2,1082624,1262509,1,applied_drift,1741885955402,32.427433133125305,-25
1,1,block_2,2,Provo_ID12,2,1082624,1262509,1,applied_drift,1741885955433,32.427433133125305,-25
1,1,block_2,2,Provo_ID12,2,1082624,1262509,1,applied_drift,1741885955466,32.427433133125305,-25
1,1,block_2,2,Provo_ID12,2,1082624,1262509,1,applied_drift,1741885955499,32.427433133125305,-25
1,1,block_2,2,Provo_ID12,2,1082624,1262509,1,applied_drift,1741885955523,32.427433133125305,-25
1,1,block_2,2,Provo_ID12,2,1082624,1262509,1,applied_drift,1741885955564,32.427433133125305,-25
1,1,block_2,2,Provo_ID12,2,1082624,1262509,1,applied_drift,1741885955598,32.427433133125305,-25
1,1,block_2,2,Provo_ID12,2,1082624,1262509,1,applied_drift,1741885955630,32.427433133125305,-25
1,1,block_2,2,Provo_ID12,2,1082624,1262509,1,applied_drift,1741885955669,32.427433133125305,-25
1,1,block_2,2,Provo_ID12,2,1082624,1262509,1,applied_drift,1741885955695,32.427433133125305,-25
1,1,block_2,2,Provo_ID12,2,1082624,1262509,1,applied_drift,1741885955731,32.427433133125305,-25
1,1,block_2,2,Provo_ID12,2,1082624,1262509,1,applied_drift,1741885955760,32.427433133125305,-25
1,1,block_2,2,Provo_ID12,2,1082624,1262509,1,applied_drift,1741885955803,32.427433133125305,-25
1,1,block_2,2,Provo_ID12,2,1082624,1262509,1,applied_drift,1741885955836,32.427433133125305,-25
1,1,block_2,2,Provo_ID12,2,1082624,1262509,1,applied_drift,1741885955870,32.427433133125305,-25
1,1,block_2,2,Provo_ID12,2,1082624,1262509,1,applied_drift,1741885955898,32.427433133125305,-25
1,1,block_2,2,Provo_ID12,2,1082624,1262509,1,applied_drift,1741885955931,32.427433133125305,-25
1,1,block_2,2,Provo_ID12,2,1082624,1262509,1,applied_drift,1741885955963,32.427433133125305,-25
1,1,block_2,2,Provo_ID12,2,1082624,1262509,1,applied_drift,1741885955994,32.427433133125305,-25
1,1,block_2,2,Provo_ID12,2,1082624,1262509,1,applied_drift,1741885956031,32.427433133125305,-25
1,1,block_2,2,Provo_ID12,2,1082624,1262509,1,applied_drift,1741885956065,32.427433133125305,-25
1,1,block_2,2,Provo_ID12,2,1082624,1262509,1,applied_drift,1741885956092,32.427433133125305,-25
1,1,block_2,2,Provo_ID12,2,1082624,1262509,1,applied_drift,1741885956132,32.427433133125305,-25
1,1,block_2,2,Provo_ID12,2,1082624,1262509,1,applied_drift,1741885956164,32.427433133125305,-25
1,1,block_2,2,Provo_ID12,2,1082624,1262509,1,applied_drift,1741885956193,32.427433133125305,-25
1,1,block_2,2,Provo_ID12,2,1082624,1262509,1,applied_drift,1741885956229,32.427433133125305,-25
1,1,block_2,2,Provo_ID12,2,1082624,1262509,1,applied_drift,1741885956264,32.427433133125305,-25
1,1,block_2,2,Provo_ID12,2,1082624,1262509,1,applied_drift,1741885956297,32.427433133125305,-25
1,1,block_2,2,Provo_ID12,2,1082624,1262509,1,applied_drift,1741885956329,32.427433133125305,-25
1,1,block_2,2,Provo_ID12,2,1082624,1262509,1,applied_drift,1741885956362,32.427433133125305,-25
1,1,block_2,2,Provo_ID12,2,1082624,1262509,1,applied_drift,1741885956397,32.427433133125305,-25
1,1,block_2,2,Provo_ID12,2,1082624,1262509,1,applied_drift,1741885956431,32.427433133125305,-25
1,1,block_2,2,Provo_ID12,2,1082624,1262509,1,applied_drift,1741885956465,32.427433133125305,-25
1,1,block_2,2,Provo_ID12,2,1082624,1262509,1,applied_drift,1741885956492,32.427433133125305,-25
1,1,block_2,2,Provo_ID12,2,1082624,1262509,1,applied_drift,1741885956532,32.427433133125305,-25
1,1,block_2,2,Provo_ID12,2,1082624,1262509,1,applied_drift,1741885956565,32.427433133125305,-25
1,1,block_2,2,Provo_ID12,2,1082624,1262509,1,applied_drift,1741885956598,32.427433133125305,-25
1,1,block_2,2,Provo_ID12,2,1082624,1262509,1,applied_drift,1741885956623,32.427433133125305,-25
1,1,block_2,2,Provo_ID12,2,1082624,1262509,1,applied_drift,1741885956658,32.427433133125305,-25
1,1,block_2,2,Provo_ID12,2,1082624,1262509,1,applied_drift,1741885956697,32.427433133125305,-25
1,1,block_2,2,Provo_ID12,2,1082624,1262509,1,applied_drift,1741885956729,32.427433133125305,-25
1,1,block_2,2,Provo_ID12,2,1082624,1262509,1,applied_drift,1741885956762,32.427433133125305,-25
1,1,block_2,2,Provo_ID12,2,1082624,1262509,1,applied_drift,1741885956793,32.427433133125305,-25
1,1,block_2,2,Provo_ID12,2,1082624,1262509,1,applied_drift,1741885956823,32.427433133125305,-25
1,1,block_2,2,Provo_ID12,2,1082624,1262509,1,applied_drift,1741885956859,32.427433133125305,-25
1,1,block_2,2,Provo_ID12,2,1082624,1262509,1,applied_drift,1741885956893,32.427433133125305,-25
1,1,block_2,2,Provo_ID12,2,1082624,1262509,1,applied_drift,1741885956925,32.427433133125305,-25
1,1,block_2,2,Provo_ID12,2,1082624,1262509,1,applied_drift,1741885956961,32.427433133125305,-25
1,1,block_2,2,Provo_ID12,2,1082624,1262509,1,applied_drift,1741885956993,32.427433133125305,-25
1,1,block_2,2,Provo_ID12,2,1082624,1262509,1,applied_drift,1741885957026,32.427433133125305,-25
1,1,block_2,2,Provo_ID12,2,1082624,1262509,1,applied_drift,1741885957060,32.427433133125305,-25
1,1,block_2,2,Provo_ID12,2,1082624,1262509,1,applied_drift,1741885957093,32.427433133125305,-25
1,1,block_2,2,Provo_ID12,2,1082624,1262509,1,applied_drift,1741885957126,32.427433133125305,-25
1,1,block_2,2,Provo_ID12,2,1082624,1262509,1,applied_drift,1741885957157,32.427433133125305,-25
1,1,block_2,2,Provo_ID12,2,1082624,1262509,1,applied_drift,1741885957192,32.427433133125305,-25
1,1,block_2,2,Provo_ID12,2,1082624,1262509,1,applied_drift,1741885957222,32.427433133125305,-25
1,1,block_2,2,Provo_ID12,2,1082624,1262509,1,applied_drift,1741885957254,32.427433133125305,-25
1,1,block_2,2,Provo_ID12,2,1082624,1262509,1,applied_drift,1741885957303,32.427433133125305,-25
1,1,block_2,2,Provo_ID12,2,1082624,1262509,1,applied_drift,1741885957333,32.427433133125305,-25
1,1,block_2,2,Provo_ID12,2,1082624,1262509,1,applied_drift,1741885957365,32.427433133125305,-25
1,1,block_2,2,Provo_ID12,2,1082624,1262509,1,applied_drift,1741885957399,32.427433133125305,-25
1,1,block_2,2,Provo_ID12,2,1082624,1262509,1,applied_drift,1741885957423,32.427433133125305,-25
1,1,block_2,2,Provo_ID12,2,1082624,1262509,1,applied_drift,1741885957467,32.427433133125305,-25
1,1,block_2,2,Provo_ID12,2,1082624,1262509,1,applied_drift,1741885957499,32.427433133125305,-25
1,1,block_2,2,Provo_ID12,2,1082624,1262509,1,applied_drift,1741885957533,32.427433133125305,-25
1,1,block_2,2,Provo_ID12,2,1082624,1262509,1,applied_drift,1741885957561,32.427433133125305,-25
1,1,block_2,2,Provo_ID12,2,1082624,1262509,1,applied_drift,1741885957592,32.427433133125305,-25
1,1,block_2,2,Provo_ID12,2,1082624,1262509,1,applied_drift,1741885957636,32.427433133125305,-25
1,1,block_2,2,Provo_ID12,2,1082624,1262509,1,applied_drift,1741885957666,32.427433133125305,-25
1,1,block_2,2,Provo_ID12,2,1082624,1262509,1,applied_drift,1741885957699,32.427433133125305,-25
1,1,block_2,2,Provo_ID12,2,1082624,1262509,1,applied_drift,1741885957733,32.427433133125305,-25
1,1,block_2,2,Provo_ID12,2,1082624,1262509,1,applied_drift,1741885957765,32.427433133125305,-25
1,1,block_2,2,Provo_ID12,2,1082624,1262509,1,applied_drift,1741885957792,32.427433133125305,-25
1,1,block_2,2,Provo_ID12,2,1082624,1262509,1,applied_drift,1741885957832,32.427433133125305,-25
1,1,block_2,2,Provo_ID12,2,1082624,1262509,1,applied_drift,1741885957866,32.427433133125305,-25
1,1,block_2,2,Provo_ID12,2,1082624,1262509,1,applied_drift,1741885957898,32.427433133125305,-25
1,1,block_2,2,Provo_ID12,2,1082624,1262509,1,applied_drift,1741885957924,32.427433133125305,-25
1,1,block_2,2,Provo_ID12,2,1082624,1262509,1,applied_drift,1741885957965,32.427433133125305,-25
1,1,block_2,2,Provo_ID12,2,1082624,1262509,1,applied_drift,1741885957999,32.427433133125305,-25
1,1,block_2,2,Provo_ID12,2,1082624,1262509,1,applied_drift,1741885958033,32.427433133125305,-25
1,1,block_2,2,Provo_ID12,2,1082624,1262509,1,applied_drift,1741885958064,32.427433133125305,-25
1,1,block_2,2,Provo_ID12,2,1082624,1262509,1,applied_drift,1741885958099,32.427433133125305,-25
1,1,block_2,2,Provo_ID12,2,1082624,1262509,1,applied_drift,1741885958131,32.427433133125305,-25
1,1,block_2,2,Provo_ID12,2,1082624,1262509,1,applied_drift,1741885958164,32.427433133125305,-25
1,1,block_2,2,Provo_ID12,2,1082624,1262509,1,applied_drift,1741885958198,32.427433133125305,-25
1,1,block_2,2,Provo_ID12,2,1082624,1262509,1,applied_drift,1741885958232,32.427433133125305,-25
1,1,block_2,2,Provo_ID12,2,1082624,1262509,1,applied_drift,1741885958265,32.427433133125305,-25
1,1,block_2,2,Provo_ID12,2,1082624,1262509,1,applied_drift,1741885958294,32.427433133125305,-25
1,1,block_2,2,Provo_ID12,2,1082624,1262509,1,applied_drift,1741885958327,32.427433133125305,-25
1,1,block_2,2,Provo_ID12,2,1082624,1262509,1,applied_drift,1741885958361,32.427433133125305,-25
1,1,block_2,2,Provo_ID12,2,1082624,1262509,1,applied_drift,1741885958393,32.427433133125305,-25
1,1,block_2,2,Provo_ID12,2,1082624,1262509,1,applied_drift,1741885958426,32.427433133125305,-25
1,1,block_2,2,Provo_ID12,2,1082624,1262509,1,applied_drift,1741885958466,32.427433133125305,-25
1,1,block_2,2,Provo_ID12,2,1082624,1262509,1,applied_drift,1741885958490,32.427433133125305,-25
1,1,block_2,2,Provo_ID12,2,1082624,1262509,1,applied_drift,1741885958532,32.427433133125305,-25
1,1,block_2,2,Provo_ID12,2,1082624,1262509,1,applied_drift,1741885958566,32.427433133125305,-25
1,1,block_2,2,Provo_ID12,2,1082624,1262509,1,applied_drift,1741885958601,32.427433133125305,-25
1,1,block_2,2,Provo_ID12,2,1082624,1262509,1,applied_drift,1741885958633,32.427433133125305,-25
1,1,block_2,2,Provo_ID12,2,1082624,1262509,1,applied_drift,1741885958666,32.427433133125305,-25
1,1,block_2,2,Provo_ID12,2,1082624,1262509,1,applied_drift,1741885958689,32.427433133125305,-25
1,1,block_2,2,Provo_ID12,2,1082624,1262509,1,applied_drift,1741885958734,32.427433133125305,-25
1,1,block_2,2,Provo_ID12,2,1082624,1262509,1,applied_drift,1741885958771,32.427433133125305,-25
1,1,block_2,2,Provo_ID12,2,1082624,1262509,1,applied_drift,1741885958799,32.427433133125305,-25
1,1,block_2,2,Provo_ID12,2,1082624,1262509,1,applied_drift,1741885958832,32.427433133125305,-25
1,1,block_2,2,Provo_ID12,2,1082624,1262509,1,applied_drift,1741885958865,32.427433133125305,-25
1,1,block_2,2,Provo_ID12,2,1082624,1262509,1,applied_drift,1741885958899,32.427433133125305,-25
1,1,block_2,2,Provo_ID12,2,1082624,1262509,1,applied_drift,1741885958931,32.427433133125305,-25
1,1,block_2,2,Provo_ID12,2,1082624,1262509,1,applied_drift,1741885958965,32.427433133125305,-25
1,1,block_2,2,Provo_ID12,2,1082624,1262509,1,applied_drift,1741885958995,32.427433133125305,-25
1,1,block_2,2,Provo_ID12,2,1082624,1262509,1,applied_drift,1741885959037,32.427433133125305,-25
1,1,block_2,2,Provo_ID12,2,1082624,1262509,1,applied_drift,1741885959064,32.427433133125305,-25
1,1,block_2,2,Provo_ID12,2,1082624,1262509,1,applied_drift,1741885959099,32.427433133125305,-25
1,1,block_2,2,Provo_ID12,2,1082624,1262509,1,applied_drift,1741885959132,32.427433133125305,-25
1,1,block_2,2,Provo_ID12,2,1082624,1262509,1,applied_drift,1741885959155,32.427433133125305,-25
1,1,block_2,2,Provo_ID12,2,1082624,1262509,1,applied_drift,1741885959199,32.427433133125305,-25
1,1,block_2,2,Provo_ID12,2,1082624,1262509,1,applied_drift,1741885959232,32.427433133125305,-25
1,1,block_2,2,Provo_ID12,2,1082624,1262509,1,applied_drift,1741885959264,32.427433133125305,-25
1,1,block_2,2,Provo_ID12,2,1082624,1262509,1,applied_drift,1741885959294,32.427433133125305,-25
1,1,block_2,2,Provo_ID12,2,1082624,1262509,1,applied_drift,1741885959330,32.427433133125305,-25
1,1,block_2,2,Provo_ID12,2,1082624,1262509,1,applied_drift,1741885959356,32.427433133125305,-25
1,1,block_2,2,Provo_ID12,2,1082624,1262509,1,applied_drift,1741885959390,32.427433133125305,-25
1,1,block_2,2,Provo_ID12,2,1082624,1262509,1,applied_drift,1741885959430,32.427433133125305,-25
1,1,block_2,2,Provo_ID12,2,1082624,1262509,1,applied_drift,1741885959460,32.427433133125305,-25
1,1,block_2,2,Provo_ID12,2,1082624,1262509,1,applied_drift,1741885959493,32.427433133125305,-25
1,1,block_2,2,Provo_ID12,2,1082624,1262509,1,applied_drift,1741885959532,32.427433133125305,-25
1,1,block_2,2,Provo_ID12,2,1082624,1262509,1,applied_drift,1741885959565,32.427433133125305,-25
1,1,block_2,2,Provo_ID12,2,1082624,1262509,1,applied_drift,1741885959600,32.427433133125305,-25
1,1,block_2,2,Provo_ID12,2,1082624,1262509,1,applied_drift,1741885959632,32.427433133125305,-25
1,1,block_2,2,Provo_ID12,2,1082624,1262509,1,applied_drift,1741885959665,32.427433133125305,-25
1,1,block_2,2,Provo_ID12,2,1082624,1262509,1,applied_drift,1741885959698,32.427433133125305,-25
1,1,block_2,2,Provo_ID12,2,1082624,1262509,1,applied_drift,1741885959732,32.427433133125305,-25
1,1,block_2,2,Provo_ID12,2,1082624,1262509,1,applied_drift,1741885959761,32.427433133125305,-25
1,1,block_2,2,Provo_ID12,2,1082624,1262509,1,applied_drift,1741885959798,32.427433133125305,-25
1,1,block_2,2,Provo_ID12,2,1082624,1262509,1,applied_drift,1741885959826,32.427433133125305,-25
1,1,block_2,2,Provo_ID12,2,1082624,1262509,1,applied_drift,1741885959862,32.427433133125305,-25
1,1,block_2,2,Provo_ID12,2,1082624,1262509,1,applied_drift,1741885959893,32.427433133125305,-25
1,1,block_2,2,Provo_ID12,2,1082624,1262509,1,applied_drift,1741885959927,32.427433133125305,-25
1,1,block_2,2,Provo_ID12,2,1082624,1262509,1,applied_drift,1741885959959,32.427433133125305,-25
1,1,block_2,2,Provo_ID12,2,1082624,1262509,1,applied_drift,1741885959992,32.427433133125305,-25
1,1,block_2,2,Provo_ID12,2,1082624,1262509,1,applied_drift,1741885960022,32.427433133125305,-25
1,1,block_2,2,Provo_ID12,2,1082624,1262509,1,applied_drift,1741885960066,32.427433133125305,-25
1,1,block_2,2,Provo_ID12,2,1082624,1262509,1,applied_drift,1741885960098,32.427433133125305,-25
1,1,block_2,2,Provo_ID12,2,1082624,1262509,1,applied_drift,1741885960132,32.427433133125305,-25
1,1,block_2,2,Provo_ID12,2,1082624,1262509,1,applied_drift,1741885960159,32.427433133125305,-25
1,1,block_2,2,Provo_ID12,2,1082624,1262509,1,applied_drift,1741885960202,32.427433133125305,-25
1,1,block_2,2,Provo_ID12,2,1082624,1262509,1,applied_drift,1741885960232,32.427433133125305,-25
1,1,block_2,2,Provo_ID12,2,1082624,1262509,1,applied_drift,1741885960265,32.427433133125305,-25
1,1,block_2,2,Provo_ID12,2,1082624,1262509,1,applied_drift,1741885960299,32.427433133125305,-25
1,1,block_2,2,Provo_ID12,2,1082624,1262509,1,applied_drift,1741885960331,32.427433133125305,-25
1,1,block_2,2,Provo_ID12,2,1082624,1262509,1,applied_drift,1741885960365,32.427433133125305,-25
1,1,block_2,2,Provo_ID12,2,1082624,1262509,1,applied_drift,1741885960393,32.427433133125305,-25
1,1,block_2,2,Provo_ID12,2,1082624,1262509,1,applied_drift,1741885960425,32.427433133125305,-25
1,1,block_2,2,Provo_ID12,2,1082624,1262509,1,applied_drift,1741885960465,32.427433133125305,-25
1,1,block_2,2,Provo_ID12,2,1082624,1262509,1,applied_drift,1741885960503,32.427433133125305,-25
1,1,block_2,2,Provo_ID12,2,1082624,1262509,1,applied_drift,1741885960534,32.427433133125305,-25
1,1,block_2,2,Provo_ID12,2,1082624,1262509,1,applied_drift,1741885960566,32.427433133125305,-25
1,1,block_2,2,Provo_ID12,2,1082624,1262509,1,applied_drift,1741885960599,32.427433133125305,-25
1,1,block_2,2,Provo_ID12,2,1082624,1262509,1,applied_drift,1741885960631,32.427433133125305,-25
1,1,block_2,2,Provo_ID12,2,1082624,1262509,1,applied_drift,1741885960664,32.427433133125305,-25
1,1,block_2,2,Provo_ID12,2,1082624,1262509,1,applied_drift,1741885960697,32.427433133125305,-25
1,1,block_2,2,Provo_ID12,2,1082624,1262509,1,applied_drift,1741885960731,32.427433133125305,-25
1,1,block_2,2,Provo_ID12,2,1082624,1262509,1,applied_drift,1741885960758,32.427433133125305,-25
1,1,block_2,2,Provo_ID12,2,1082624,1262509,1,applied_drift,1741885960799,32.427433133125305,-25
1,1,block_2,2,Provo_ID12,2,1082624,1262509,1,applied_drift,1741885960832,32.427433133125305,-25
1,1,block_2,2,Provo_ID12,2,1082624,1262509,1,applied_drift,1741885960866,32.427433133125305,-25
1,1,block_2,2,Provo_ID12,2,1082624,1262509,1,applied_drift,1741885960890,32.427433133125305,-25
1,1,block_2,2,Provo_ID12,2,1082624,1262509,1,applied_drift,1741885960931,32.427433133125305,-25
1,1,block_2,2,Provo_ID12,2,1082624,1262509,1,applied_drift,1741885960964,32.427433133125305,-25
1,1,block_2,2,Provo_ID12,2,1082624,1262509,1,applied_drift,1741885960993,32.427433133125305,-25
1,1,block_2,2,Provo_ID12,2,1082624,1262509,1,applied_drift,1741885961026,32.427433133125305,-25
1,1,block_2,2,Provo_ID12,2,1082624,1262509,1,applied_drift,1741885961055,32.427433133125305,-25
1,1,block_2,2,Provo_ID12,2,1082624,1262509,1,applied_drift,1741885961095,32.427433133125305,-25
1,1,block_2,2,Provo_ID12,2,1082624,1262509,1,applied_drift,1741885961131,32.427433133125305,-25
1,1,block_2,2,Provo_ID12,2,1082624,1262509,1,applied_drift,1741885961162,32.427433133125305,-25
1,1,block_2,2,Provo_ID12,2,1082624,1262509,1,applied_drift,1741885961199,32.427433133125305,-25
1,1,block_2,2,Provo_ID12,2,1082624,1262509,1,applied_drift,1741885961232,32.427433133125305,-25
1,1,block_2,2,Provo_ID12,2,1082624,1262509,1,applied_drift,1741885961271,32.427433133125305,-25
1,1,block_2,2,Provo_ID12,2,1082624,1262509,1,applied_drift,1741885961289,32.427433133125305,-25
1,1,block_2,2,Provo_ID12,2,1082624,1262509,1,applied_drift,1741885961342,32.427433133125305,-25
1,1,block_2,2,Provo_ID12,2,1082624,1262509,1,applied_drift,1741885961361,32.427433133125305,-25
1,1,block_2,2,Provo_ID12,2,1082624,1262509,1,applied_drift,1741885961398,32.427433133125305,-25
1,1,block_2,2,Provo_ID12,2,1082624,1262509,1,applied_drift,1741885961435,32.427433133125305,-25
1,1,block_2,2,Provo_ID12,2,1082624,1262509,1,applied_drift,1741885961466,32.427433133125305,-25
1,1,block_2,2,Provo_ID12,2,1082624,1262509,1,applied_drift,1741885961496,32.427433133125305,-25
1,1,block_2,2,Provo_ID12,2,1082624,1262509,1,applied_drift,1741885961531,32.427433133125305,-25
1,1,block_2,2,Provo_ID12,2,1082624,1262509,1,applied_drift,1741885961564,32.427433133125305,-25
1,1,block_2,2,Provo_ID12,2,1082624,1262509,1,applied_drift,1741885961601,32.427433133125305,-25
1,1,block_2,2,Provo_ID12,2,1082624,1262509,1,applied_drift,1741885961636,32.427433133125305,-25
1,1,block_2,2,Provo_ID12,2,1082624,1262509,1,applied_drift,1741885961665,32.427433133125305,-25
1,1,block_2,2,Provo_ID12,2,1082624,1262509,1,applied_drift,1741885961693,32.427433133125305,-25
1,1,block_2,2,Provo_ID12,2,1082624,1262509,1,applied_drift,1741885961730,32.427433133125305,-25
1,1,block_2,2,Provo_ID12,2,1082624,1262509,1,applied_drift,1741885961761,32.427433133125305,-25
1,1,block_2,2,Provo_ID12,2,1082624,1262509,1,applied_drift,1741885961800,32.427433133125305,-25
1,1,block_2,2,Provo_ID12,2,1082624,1262509,1,applied_drift,1741885961831,32.427433133125305,-25
1,1,block_2,2,Provo_ID12,2,1082624,1262509,1,applied_drift,1741885961861,32.427433133125305,-25
1,1,block_2,2,Provo_ID12,2,1082624,1262509,1,applied_drift,1741885961892,32.427433133125305,-25
1,1,block_2,2,Provo_ID12,2,1082624,1262509,1,applied_drift,1741885961925,32.427433133125305,-25
1,1,block_2,2,Provo_ID12,2,1082624,1262509,1,applied_drift,1741885961970,32.427433133125305,-25
1,1,block_2,2,Provo_ID12,2,1082624,1262509,1,applied_drift,1741885961999,32.427433133125305,-25
1,1,block_2,2,Provo_ID12,2,1082624,1262509,1,applied_drift,1741885962028,32.427433133125305,-25
1,1,block_2,2,Provo_ID12,2,1082624,1262509,1,applied_drift,1741885962061,32.427433133125305,-25
1,1,block_2,2,Provo_ID12,2,1082624,1262509,1,applied_drift,1741885962103,32.427433133125305,-25
1,1,block_2,2,Provo_ID12,2,1082624,1262509,1,applied_drift,1741885962137,32.427433133125305,-25
1,1,block_2,2,Provo_ID12,2,1082624,1262509,1,applied_drift,1741885962170,32.427433133125305,-25
1,1,block_2,2,Provo_ID12,2,1082624,1262509,1,applied_drift,1741885962203,32.427433133125305,-25
1,1,block_2,2,Provo_ID12,2,1082624,1262509,1,applied_drift,1741885962234,32.427433133125305,-25
1,1,block_2,2,Provo_ID12,2,1082624,1262509,1,applied_drift,1741885962270,32.427433133125305,-25
1,1,block_2,2,Provo_ID12,2,1082624,1262509,1,applied_drift,1741885962299,32.427433133125305,-25
1,1,block_2,2,Provo_ID12,2,1082624,1262509,1,applied_drift,1741885962330,32.427433133125305,-25
1,1,block_2,2,Provo_ID12,2,1082624,1262509,1,applied_drift,1741885962371,32.427433133125305,-25
1,1,block_2,2,Provo_ID12,2,1082624,1262509,1,applied_drift,1741885962399,32.427433133125305,-25
1,1,block_2,2,Provo_ID12,2,1082624,1262509,1,applied_drift,1741885962431,32.427433133125305,-25
1,1,block_2,2,Provo_ID12,2,1082624,1262509,1,applied_drift,1741885962460,32.427433133125305,-25
1,1,block_2,2,Provo_ID12,2,1082624,1262509,1,applied_drift,1741885962494,32.427433133125305,-25
1,1,block_2,2,Provo_ID12,2,1082624,1262509,1,applied_drift,1741885962527,32.427433133125305,-25
1,1,block_2,2,Provo_ID12,2,1082624,1262509,1,applied_drift,1741885962565,32.427433133125305,-25
1,1,block_2,2,Provo_ID12,2,1082624,1262509,1,applied_drift,1741885962593,32.427433133125305,-25
1,1,block_2,2,Provo_ID12,2,1082624,1262509,1,applied_drift,1741885962633,32.427433133125305,-25
1,1,block_2,2,Provo_ID12,2,1082624,1262509,1,applied_drift,1741885962664,32.427433133125305,-25
1,1,block_2,2,Provo_ID12,2,1082624,1262509,1,applied_drift,1741885962700,32.427433133125305,-25
1,1,block_2,2,Provo_ID12,2,1082624,1262509,1,applied_drift,1741885962727,32.427433133125305,-25
1,1,block_2,2,Provo_ID12,2,1082624,1262509,1,applied_drift,1741885962760,32.427433133125305,-25
1,1,block_2,2,Provo_ID12,2,1082624,1262509,1,applied_drift,1741885962793,32.427433133125305,-25
1,1,block_2,2,Provo_ID12,2,1082624,1262509,1,applied_drift,1741885962827,32.427433133125305,-25
1,1,block_2,2,Provo_ID12,2,1082624,1262509,1,applied_drift,1741885962864,32.427433133125305,-25
1,1,block_2,2,Provo_ID12,2,1082624,1262509,1,applied_drift,1741885962904,32.427433133125305,-25
1,1,block_2,2,Provo_ID12,2,1082624,1262509,1,applied_drift,1741885962933,32.427433133125305,-25
1,1,block_2,2,Provo_ID12,2,1082624,1262509,1,applied_drift,1741885962966,32.427433133125305,-25
1,1,block_2,2,Provo_ID12,2,1082624,1262509,1,applied_drift,1741885962994,32.427433133125305,-25
1,1,block_2,2,Provo_ID12,2,1082624,1262509,1,applied_drift,1741885963034,32.427433133125305,-25
1,1,block_2,2,Provo_ID12,2,1082624,1262509,1,applied_drift,1741885963066,32.427433133125305,-25
1,1,block_2,2,Provo_ID12,2,1082624,1262509,1,applied_drift,1741885963099,32.427433133125305,-25
1,1,block_2,2,Provo_ID12,2,1082624,1262509,1,applied_drift,1741885963132,32.427433133125305,-25
1,1,block_2,2,Provo_ID12,2,1082624,1262509,1,applied_drift,1741885963163,32.427433133125305,-25
1,1,block_2,2,Provo_ID12,2,1082624,1262509,1,applied_drift,1741885963193,32.427433133125305,-25
1,1,block_2,2,Provo_ID12,2,1082624,1262509,1,applied_drift,1741885963226,32.427433133125305,-25
1,1,block_2,2,Provo_ID12,2,1082624,1262509,1,applied_drift,1741885963259,32.427433133125305,-25
1,1,block_2,2,Provo_ID12,2,1082624,1262509,1,applied_drift,1741885963299,32.427433133125305,-25
1,1,block_2,2,Provo_ID12,2,1082624,1262509,1,applied_drift,1741885963327,32.427433133125305,-25
1,1,block_2,2,Provo_ID12,2,1082624,1262509,1,applied_drift,1741885963361,32.427433133125305,-25
1,1,block_2,2,Provo_ID12,2,1082624,1262509,1,applied_drift,1741885963399,32.427433133125305,-25
1,1,block_2,2,Provo_ID12,2,1082624,1262509,1,applied_drift,1741885963432,32.427433133125305,-25
1,1,block_2,2,Provo_ID12,2,1082624,1262509,1,applied_drift,1741885963461,32.427433133125305,-25
1,1,block_2,2,Provo_ID12,2,1082624,1262509,1,applied_drift,1741885963498,32.427433133125305,-25
1,1,block_2,2,Provo_ID12,2,1082624,1262509,1,applied_drift,1741885963529,32.427433133125305,-25
1,1,block_2,2,Provo_ID12,2,1082624,1262509,1,applied_drift,1741885963560,32.427433133125305,-25
1,1,block_2,2,Provo_ID12,2,1082624,1262509,1,applied_drift,1741885963593,32.427433133125305,-25
1,1,block_2,2,Provo_ID12,2,1082624,1262509,1,applied_drift,1741885963623,32.427433133125305,-25
1,1,block_2,2,Provo_ID12,2,1082624,1262509,1,applied_drift,1741885963666,32.427433133125305,-25
1,1,block_2,2,Provo_ID12,2,1082624,1262509,1,applied_drift,1741885963699,32.427433133125305,-25
1,1,block_2,2,Provo_ID12,2,1082624,1262509,1,applied_drift,1741885963732,32.427433133125305,-25
1,1,block_2,2,Provo_ID12,2,1082624,1262509,1,applied_drift,1741885963765,32.427433133125305,-25
1,1,block_2,2,Provo_ID12,2,1082624,1262509,1,applied_drift,1741885963797,32.427433133125305,-25
1,1,block_2,2,Provo_ID12,2,1082624,1262509,1,applied_drift,1741885963832,32.427433133125305,-25
1,1,block_2,2,Provo_ID12,2,1082624,1262509,1,applied_drift,1741885963866,32.427433133125305,-25
1,1,block_2,2,Provo_ID12,2,1082624,1262509,1,applied_drift,1741885963898,32.427433133125305,-25
1,1,block_2,2,Provo_ID12,2,1082624,1262509,1,applied_drift,1741885963929,32.427433133125305,-25
1,1,block_2,2,Provo_ID12,2,1082624,1262509,1,applied_drift,1741885963961,32.427433133125305,-25
1,1,block_2,2,Provo_ID12,2,1082624,1262509,1,applied_drift,1741885963993,32.427433133125305,-25
1,1,block_2,2,Provo_ID12,2,1082624,1262509,1,applied_drift,1741885964025,32.427433133125305,-25
1,1,block_2,2,Provo_ID12,2,1082624,1262509,1,applied_drift,1741885964066,32.427433133125305,-25
1,1,block_2,2,Provo_ID12,2,1082624,1262509,1,applied_drift,1741885964095,32.427433133125305,-25
1,1,block_2,2,Provo_ID12,2,1082624,1262509,1,applied_drift,1741885964130,32.427433133125305,-25
1,1,block_2,2,Provo_ID12,2,1082624,1262509,1,applied_drift,1741885964166,32.427433133125305,-25
1,1,block_2,2,Provo_ID12,2,1082624,1262509,1,applied_drift,1741885964190,32.427433133125305,-25
1,1,block_2,2,Provo_ID12,2,1082624,1262509,1,applied_drift,1741885964234,32.427433133125305,-25
1,1,block_2,2,Provo_ID12,2,1082624,1262509,1,applied_drift,1741885964266,32.427433133125305,-25
1,1,block_2,2,Provo_ID12,2,1082624,1262509,1,applied_drift,1741885964299,32.427433133125305,-25
1,1,block_2,2,Provo_ID12,2,1082624,1262509,1,applied_drift,1741885964330,32.427433133125305,-25
1,1,block_2,2,Provo_ID12,2,1082624,1262509,1,applied_drift,1741885964378,32.427433133125305,-25
1,1,block_2,2,Provo_ID12,2,1082624,1262509,1,applied_drift,1741885964417,32.427433133125305,-25
1,1,block_2,2,Provo_ID12,2,1082624,1262509,1,applied_drift,1741885964454,32.427433133125305,-25
1,1,block_2,2,Provo_ID12,2,1082624,1262509,1,applied_drift,1741885964486,32.427433133125305,-25
1,1,block_2,2,Provo_ID12,2,1082624,1262509,1,applied_drift,1741885964518,32.427433133125305,-25
1,1,block_2,2,Provo_ID12,2,1082624,1262509,1,applied_drift,1741885964553,32.427433133125305,-25
1,1,block_2,2,Provo_ID12,2,1082624,1262509,1,applied_drift,1741885964588,32.427433133125305,-25
1,1,block_2,2,Provo_ID12,2,1082624,1262509,1,applied_drift,1741885964622,32.427433133125305,-25
1,1,block_2,2,Provo_ID12,2,1082624,1262509,1,applied_drift,1741885964649,32.427433133125305,-25
1,1,block_2,2,Provo_ID12,2,1082624,1262509,1,applied_drift,1741885964673,32.427433133125305,-25
1,1,block_2,2,Provo_ID12,2,1082624,1262509,1,applied_drift,1741885964721,32.427433133125305,-25
1,1,block_2,2,Provo_ID12,2,1082624,1262509,1,applied_drift,1741885964754,32.427433133125305,-25
1,1,block_2,2,Provo_ID12,2,1082624,1262509,1,applied_drift,1741885964789,32.427433133125305,-25
1,1,block_2,2,Provo_ID12,2,1082624,1262509,1,applied_drift,1741885964816,32.427433133125305,-25
1,1,block_2,2,Provo_ID12,2,1082624,1262509,1,applied_drift,1741885964849,32.427433133125305,-25
1,1,block_2,2,Provo_ID12,2,1082624,1262509,1,applied_drift,1741885964877,32.427433133125305,-25
1,1,block_2,2,Provo_ID12,2,1082624,1262509,1,applied_drift,1741885964911,32.427433133125305,-25
1,1,block_2,2,Provo_ID12,2,1082624,1262509,1,applied_drift,1741885964943,32.427433133125305,-25
1,1,block_2,2,Provo_ID12,2,1082624,1262509,1,applied_drift,1741885964982,32.427433133125305,-25
1,1,block_2,2,Provo_ID12,2,1082624,1262509,1,applied_drift,1741885965016,32.427433133125305,-25
1,1,block_2,2,Provo_ID12,2,1082624,1262509,1,applied_drift,1741885965049,32.427433133125305,-25
1,1,block_2,2,Provo_ID12,2,1082624,1262509,1,applied_drift,1741885965085,32.427433133125305,-25
1,1,block_2,2,Provo_ID12,2,1082624,1262509,1,applied_drift,1741885965116,32.427433133125305,-25
1,1,block_2,2,Provo_ID12,2,1082624,1262509,1,applied_drift,1741885965144,32.427433133125305,-25
1,1,block_2,2,Provo_ID12,2,1082624,1262509,1,applied_drift,1741885965188,32.427433133125305,-25
1,1,block_2,2,Provo_ID12,2,1082624,1262509,1,applied_drift,1741885965240,32.427433133125305,-25
1,1,block_2,2,Provo_ID12,2,1082624,1262509,1,applied_drift,1741885965258,32.427433133125305,-25
1,1,block_2,2,Provo_ID12,2,1082624,1262509,1,applied_drift,1741885965296,32.427433133125305,-25
1,1,block_2,2,Provo_ID12,2,1082624,1262509,1,applied_drift,1741885965331,32.427433133125305,-25
1,1,block_2,2,Provo_ID12,2,1082624,1262509,1,applied_drift,1741885965363,32.427433133125305,-25
1,1,block_2,2,Provo_ID12,2,1082624,1262509,1,applied_drift,1741885965396,32.427433133125305,-25
1,1,block_2,2,Provo_ID12,2,1082624,1262509,1,applied_drift,1741885965425,32.427433133125305,-25
1,1,block_2,2,Provo_ID12,2,1082624,1262509,1,applied_drift,1741885965465,32.427433133125305,-25
1,1,block_2,2,Provo_ID12,2,1082624,1262509,1,applied_drift,1741885965496,32.427433133125305,-25
1,1,block_2,2,Provo_ID12,2,1082624,1262509,1,applied_drift,1741885965528,32.427433133125305,-25
1,1,block_2,2,Provo_ID12,2,1082624,1262509,1,applied_drift,1741885965563,32.427433133125305,-25
1,1,block_2,2,Provo_ID12,2,1082624,1262509,1,applied_drift,1741885965595,32.427433133125305,-25
1,1,block_2,2,Provo_ID12,2,1082624,1262509,1,applied_drift,1741885965629,32.427433133125305,-25
1,1,block_2,2,Provo_ID12,2,1082624,1262509,1,applied_drift,1741885965662,32.427433133125305,-25
1,1,block_2,2,Provo_ID12,2,1082624,1262509,1,applied_drift,1741885965691,32.427433133125305,-25
1,1,block_2,2,Provo_ID12,2,1082624,1262509,1,applied_drift,1741885965728,32.427433133125305,-25
1,1,block_2,2,Provo_ID12,2,1082624,1262509,1,applied_drift,1741885965757,32.427433133125305,-25
1,1,block_2,2,Provo_ID12,2,1082624,1262509,1,applied_drift,1741885965797,32.427433133125305,-25
1,1,block_2,2,Provo_ID12,2,1082624,1262509,1,applied_drift,1741885965834,32.427433133125305,-25
1,1,block_2,2,Provo_ID12,2,1082624,1262509,1,applied_drift,1741885965864,32.427433133125305,-25
1,1,block_2,2,Provo_ID12,2,1082624,1262509,1,applied_drift,1741885965896,32.427433133125305,-25
1,1,block_2,2,Provo_ID12,2,1082624,1262509,1,applied_drift,1741885965931,32.427433133125305,-25
1,1,block_2,2,Provo_ID12,2,1082624,1262509,1,applied_drift,1741885965959,32.427433133125305,-25
1,1,block_2,2,Provo_ID12,2,1082624,1262509,1,applied_drift,1741885965989,32.427433133125305,-25
1,1,block_2,2,Provo_ID12,2,1082624,1262509,1,applied_drift,1741885966021,32.427433133125305,-25
1,1,block_2,2,Provo_ID12,2,1082624,1262509,1,applied_drift,1741885966056,32.427433133125305,-25
1,1,block_2,2,Provo_ID12,2,1082624,1262509,1,applied_drift,1741885966095,32.427433133125305,-25
1,1,block_2,2,Provo_ID12,2,1082624,1262509,1,applied_drift,1741885966126,32.427433133125305,-25
1,1,block_2,2,Provo_ID12,2,1082624,1262509,1,applied_drift,1741885966163,32.427433133125305,-25
1,1,block_2,2,Provo_ID12,2,1082624,1262509,1,applied_drift,1741885966197,32.427433133125305,-25
1,1,block_2,2,Provo_ID12,2,1082624,1262509,1,applied_drift,1741885966229,32.427433133125305,-25
1,1,block_2,2,Provo_ID12,2,1082624,1262509,1,applied_drift,1741885966258,32.427433133125305,-25
1,1,block_2,2,Provo_ID12,2,1082624,1262509,1,applied_drift,1741885966298,32.427433133125305,-25
1,1,block_2,2,Provo_ID12,2,1082624,1262509,1,applied_drift,1741885966329,32.427433133125305,-25
1,1,block_2,2,Provo_ID12,2,1082624,1262509,1,applied_drift,1741885966363,32.427433133125305,-25
1,1,block_2,2,Provo_ID12,2,1082624,1262509,1,applied_drift,1741885966394,32.427433133125305,-25
1,1,block_2,2,Provo_ID12,2,1082624,1262509,1,applied_drift,1741885966427,32.427433133125305,-25
1,1,block_2,2,Provo_ID12,2,1082624,1262509,1,applied_drift,1741885966459,32.427433133125305,-25
1,1,block_2,2,Provo_ID12,2,1082624,1262509,1,applied_drift,1741885966491,32.427433133125305,-25
1,1,block_2,2,Provo_ID12,2,1082624,1262509,1,applied_drift,1741885966523,32.427433133125305,-25
1,1,block_2,2,Provo_ID12,2,1082624,1262509,1,applied_drift,1741885966553,32.427433133125305,-25
1,1,block_2,2,Provo_ID12,2,1082624,1262509,1,applied_drift,1741885966598,32.427433133125305,-25
1,1,block_2,2,Provo_ID12,2,1082624,1262509,1,applied_drift,1741885966632,32.427433133125305,-25
1,1,block_2,2,Provo_ID12,2,1082624,1262509,1,applied_drift,1741885966662,32.427433133125305,-25
1,1,block_2,2,Provo_ID12,2,1082624,1262509,1,applied_drift,1741885966695,32.427433133125305,-25
1,1,block_2,2,Provo_ID12,2,1082624,1262509,1,applied_drift,1741885966733,32.427433133125305,-25
1,1,block_2,2,Provo_ID12,2,1082624,1262509,1,applied_drift,1741885966762,32.427433133125305,-25
1,1,block_2,2,Provo_ID12,2,1082624,1262509,1,applied_drift,1741885966795,32.427433133125305,-25
1,1,block_2,2,Provo_ID12,2,1082624,1262509,1,applied_drift,1741885966833,32.427433133125305,-25
1,1,block_2,2,Provo_ID12,2,1082624,1262509,1,applied_drift,1741885966866,32.427433133125305,-25
1,1,block_2,2,Provo_ID12,2,1082624,1262509,1,applied_drift,1741885966894,32.427433133125305,-25
1,1,block_2,2,Provo_ID12,2,1082624,1262509,1,applied_drift,1741885966928,32.427433133125305,-25
1,1,block_2,2,Provo_ID12,2,1082624,1262509,1,applied_drift,1741885966957,32.427433133125305,-25
1,1,block_2,2,Provo_ID12,2,1082624,1262509,1,error_trial,1741885925141,""
1,1,block_2,2,Provo_ID12,2,1082624,1262509,1,error_trial,1741885949136,86.27782185872395
1,1,block_2,2,Provo_ID12,2,1082624,1262509,1,error_trial_x,1741885925141,""
1,1,block_2,2,Provo_ID12,2,1082624,1262509,1,error_trial_x,1741885949136,66.76869710286458
1,1,block_2,2,Provo_ID12,2,1082624,1262509,1,error_trial_y,1741885925141,""
1,1,block_2,2,Provo_ID12,2,1082624,1262509,1,error_trial_y,1741885949136,37.25372314453125
1,1,block_2,2,Provo_ID12,2,1082624,1262509,1,error_calibration,1741885925141,""
1,1,block_2,2,Provo_ID12,2,1082624,1262509,1,error_calibration,1741885949136,78.81319681803386
1,1,block_2,2,Provo_ID12,2,1082624,1262509,1,error_calibration_x,1741885925141,""
1,1,block_2,2,Provo_ID12,2,1082624,1262509,1,error_calibration_x,1741885949136,66.54381646050346
1,1,block_2,2,Provo_ID12,2,1082624,1262509,1,error_calibration_y,1741885925141,""
1,1,block_2,2,Provo_ID12,2,1082624,1262509,1,error_calibration_y,1741885949136,31.008336808946396
1,1,block_2,2,Provo_ID12,2,1082624,1262509,1,gaze_conf,"",
1,1,block_2,2,Provo_ID7,5,1082624,1262509,1,gaze_data,1741886089880,
1,1,block_2,2,Provo_ID7,5,1082624,1262509,1,gaze_data,1741886113385,758.0039262771606,401.6892373561859,1741886113381.2002,1
1,1,block_2,2,Provo_ID7,5,1082624,1262509,1,gaze_data,1741886113419,761.9609832763672,409.44252014160156,1741886113414.7002,1
1,1,block_2,2,Provo_ID7,5,1082624,1262509,1,gaze_data,1741886113451,771.3186025619507,407.5777143239975,1741886113447.5,1
1,1,block_2,2,Provo_ID7,5,1082624,1262509,1,gaze_data,1741886113484,764.7337436676025,418.7568485736847,1741886113480.8,1
1,1,block_2,2,Provo_ID7,5,1082624,1262509,1,gaze_data,1741886113514,749.7984409332275,425.0342905521393,1741886113514.2002,1
1,1,block_2,2,Provo_ID7,5,1082624,1262509,1,gaze_data,1741886113552,583.2343816757202,334.07575488090515,1741886113549.5,1
1,1,block_2,2,Provo_ID7,5,1082624,1262509,1,gaze_data,1741886113580,483.16139578819275,279.7287203371525,1741886113580.1,1
1,1,block_2,2,Provo_ID7,5,1082624,1262509,1,gaze_data,1741886113618,423.9926367998123,284.4335235655308,1741886113615.5,1
1,1,block_2,2,Provo_ID7,5,1082624,1262509,1,gaze_data,1741886113653,452.7301788330078,256.4967855811119,1741886113648.5,1
1,1,block_2,2,Provo_ID7,5,1082624,1262509,1,gaze_data,1741886113690,430.08498549461365,276.29147320985794,1741886113681.5,1
1,1,block_2,2,Provo_ID7,5,1082624,1262509,1,gaze_data,1741886113719,312.036269903183,260.0744165480137,1741886113714.5,1
1,1,block_2,2,Provo_ID7,5,1082624,1262509,1,gaze_data,1741886113752,264.38560485839844,164.43829834461212,1741886113747,1
1,1,block_2,2,Provo_ID7,5,1082624,1262509,1,gaze_data,1741886113785,217.3781156539917,190.95970541238785,1741886113782.1,1
1,1,block_2,2,Provo_ID7,5,1082624,1262509,1,gaze_data,1741886113824,162.16483116149902,189.8398458957672,1741886113815.4001,1
1,1,block_2,2,Provo_ID7,5,1082624,1262509,1,gaze_data,1741886113859,141.9844627380371,175.8647471666336,1741886113847.7002,1
1,1,block_2,2,Provo_ID7,5,1082624,1262509,1,gaze_data,1741886113891,150.6399154663086,163.86537849903107,1741886113881.4001,1
1,1,block_2,2,Provo_ID7,5,1082624,1262509,1,gaze_data,1741886113930,142.21789836883545,152.3766428232193,1741886113914.3,1
1,1,block_2,2,Provo_ID7,5,1082624,1262509,1,gaze_data,1741886113964,139.66600894927979,156.66574835777283,1741886113947.3,1
1,1,block_2,2,Provo_ID7,5,1082624,1262509,1,gaze_data,1741886113986,160.43744087219238,144.07566785812378,1741886113980.8,1
1,1,block_2,2,Provo_ID7,5,1082624,1262509,1,gaze_data,1741886114024,179.36367988586426,168.7788650393486,1741886114015.2002,1
1,1,block_2,2,Provo_ID7,5,1082624,1262509,1,gaze_data,1741886114062,177.46028900146484,153.74112725257874,1741886114047.6,1
1,1,block_2,2,Provo_ID7,5,1082624,1262509,1,gaze_data,1741886114095,150.12905597686768,152.13671922683716,1741886114080.6,1
1,1,block_2,2,Provo_ID7,5,1082624,1262509,1,gaze_data,1741886114128,225.61771869659424,139.80854153633118,1741886114114.3,1
1,1,block_2,2,Provo_ID7,5,1082624,1262509,1,gaze_data,1741886114161,224.50881004333496,168.6291977763176,1741886114147.4001,1
1,1,block_2,2,Provo_ID7,5,1082624,1262509,1,gaze_data,1741886114189,244.20742988586426,173.0336830019951,1741886114180.5,1
1,1,block_2,2,Provo_ID7,5,1082624,1262509,1,gaze_data,1741886114228,249.09019470214844,148.2061356306076,1741886114214,1
1,1,block_2,2,Provo_ID7,5,1082624,1262509,1,gaze_data,1741886114262,251.43513679504395,150.2346307039261,1741886114247.3,1
1,1,block_2,2,Provo_ID7,5,1082624,1262509,1,gaze_data,1741886114295,318.69853138923645,135.27413308620453,1741886114280.7002,1
1,1,block_2,2,Provo_ID7,5,1082624,1262509,1,gaze_data,1741886114324,410.1116120815277,124.81462061405182,1741886114313.7002,1
1,1,block_2,2,Provo_ID7,5,1082624,1262509,1,gaze_data,1741886114361,433.42410922050476,120.23552358150482,1741886114347.8,1
1,1,block_2,2,Provo_ID7,5,1082624,1262509,1,gaze_data,1741886114390,456.2207341194153,148.81778359413147,1741886114380.6,1
1,1,block_2,2,Provo_ID7,5,1082624,1262509,1,gaze_data,1741886114431,457.6074421405792,132.941535115242,1741886114413.9001,1
1,1,block_2,2,Provo_ID7,5,1082624,1262509,1,gaze_data,1741886114467,448.50892424583435,145.8499640226364,1741886114447.9001,1
1,1,block_2,2,Provo_ID7,5,1082624,1262509,1,gaze_data,1741886114495,463.6986553668976,141.8022722005844,1741886114481.4001,1
1,1,block_2,2,Provo_ID7,5,1082624,1262509,1,gaze_data,1741886114529,421.78941667079926,154.92833256721497,1741886114513.8,1
1,1,block_2,2,Provo_ID7,5,1082624,1262509,1,gaze_data,1741886114562,273.2590436935425,230.50851598381996,1741886114547,1
1,1,block_2,2,Provo_ID7,5,1082624,1262509,1,gaze_data,1741886114595,253.31645011901855,234.38468798995018,1741886114580.1,1
1,1,block_2,2,Provo_ID7,5,1082624,1262509,1,gaze_data,1741886114629,210.16602516174316,226.89994275569916,1741886114613.7002,1
1,1,block_2,2,Provo_ID7,5,1082624,1262509,1,gaze_data,1741886114662,220.6557035446167,265.53569585084915,1741886114647,1
1,1,block_2,2,Provo_ID7,5,1082624,1262509,1,gaze_data,1741886114689,227.37295627593994,208.7847799062729,1741886114680.3,1
1,1,block_2,2,Provo_ID7,5,1082624,1262509,1,gaze_data,1741886114728,207.90412425994873,219.0420538187027,1741886114714.8,1
1,1,block_2,2,Provo_ID7,5,1082624,1262509,1,gaze_data,1741886114761,200.52127838134766,293.8629671931267,1741886114747.1,1
1,1,block_2,2,Provo_ID7,5,1082624,1262509,1,gaze_data,1741886114790,217.44110584259033,250.27231723070145,1741886114780.3,1
1,1,block_2,2,Provo_ID7,5,1082624,1262509,1,gaze_data,1741886114822,329.3730676174164,236.21672242879868,1741886114813.9001,1
1,1,block_2,2,Provo_ID7,5,1082624,1262509,1,gaze_data,1741886114862,459.856516122818,254.32622283697128,1741886114847.9001,1
1,1,block_2,2,Provo_ID7,5,1082624,1262509,1,gaze_data,1741886114895,472.0569431781769,223.8614097237587,1741886114880.5,1
1,1,block_2,2,Provo_ID7,5,1082624,1262509,1,gaze_data,1741886114924,440.8568203449249,245.71578055620193,1741886114912.4001,1
1,1,block_2,2,Provo_ID7,5,1082624,1262509,1,gaze_data,1741886114959,435.9796166419983,248.8688364624977,1741886114947.7002,1
1,1,block_2,2,Provo_ID7,5,1082624,1262509,1,gaze_data,1741886114995,440.44219851493835,227.76819616556168,1741886114980.5,1
1,1,block_2,2,Provo_ID7,5,1082624,1262509,1,gaze_data,1741886115029,477.7920961380005,265.34530371427536,1741886115013.7002,1
1,1,block_2,2,Provo_ID7,5,1082624,1262509,1,gaze_data,1741886115064,495.6642270088196,250.8900783956051,1741886115047.2002,1
1,1,block_2,2,Provo_ID7,5,1082624,1262509,1,gaze_data,1741886115095,537.9176020622253,234.96017456054688,1741886115080.5,1
1,1,block_2,2,Provo_ID7,5,1082624,1262509,1,gaze_data,1741886115129,555.3407907485962,228.3700205385685,1741886115113.5,1
1,1,block_2,2,Provo_ID7,5,1082624,1262509,1,gaze_data,1741886115161,548.1974601745605,233.92336294054985,1741886115147,1
1,1,block_2,2,Provo_ID7,5,1082624,1262509,1,gaze_data,1741886115195,522.10693359375,219.3869560956955,1741886115183.8,1
1,1,block_2,2,Provo_ID7,5,1082624,1262509,1,gaze_data,1741886115229,529.1802406311035,227.96908989548683,1741886115213.6,1
1,1,block_2,2,Provo_ID7,5,1082624,1262509,1,gaze_data,1741886115262,542.3061370849609,229.93325293064117,1741886115246.7002,1
1,1,block_2,2,Provo_ID7,5,1082624,1262509,1,gaze_data,1741886115294,533.1802845001221,223.65469336509705,1741886115280.2002,1
1,1,block_2,2,Provo_ID7,5,1082624,1262509,1,gaze_data,1741886115329,436.30629777908325,269.6257218718529,1741886115316.1,1
1,1,block_2,2,Provo_ID7,5,1082624,1262509,1,gaze_data,1741886115362,271.7210292816162,310.83996444940567,1741886115346.8,1
1,1,block_2,2,Provo_ID7,5,1082624,1262509,1,gaze_data,1741886115399,289.5160436630249,293.34904849529266,1741886115379.1,1
1,1,block_2,2,Provo_ID7,5,1082624,1262509,1,gaze_data,1741886115430,265.22345542907715,322.6121872663498,1741886115421.5,1
1,1,block_2,2,Provo_ID7,5,1082624,1262509,1,gaze_data,1741886115462,266.90220832824707,294.49999928474426,1741886115447,1
1,1,block_2,2,Provo_ID7,5,1082624,1262509,1,gaze_data,1741886115501,267.1839237213135,317.87990629673004,1741886115479.8,1
1,1,block_2,2,Provo_ID7,5,1082624,1262509,1,gaze_data,1741886115525,283.4893226623535,299.1816982626915,1741886115513.5,1
1,1,block_2,2,Provo_ID7,5,1082624,1262509,1,gaze_data,1741886115567,285.9637975692749,283.78884717822075,1741886115549.4001,1
1,1,block_2,2,Provo_ID7,5,1082624,1262509,1,gaze_data,1741886115596,261.71581745147705,297.054848074913,1741886115580.3,1
1,1,block_2,2,Provo_ID7,5,1082624,1262509,1,gaze_data,1741886115627,264.3547058105469,299.988029897213,1741886115613.2002,1
1,1,block_2,2,Provo_ID7,5,1082624,1262509,1,gaze_data,1741886115662,285.2405309677124,313.12567591667175,1741886115649.9001,1
1,1,block_2,2,Provo_ID7,5,1082624,1262509,1,gaze_data,1741886115690,346.89794182777405,324.4160398840904,1741886115679.1,1
1,1,block_2,2,Provo_ID7,5,1082624,1262509,1,gaze_data,1741886115724,425.4784107208252,298.0693116784096,1741886115713.3,1
1,1,block_2,2,Provo_ID7,5,1082624,1262509,1,gaze_data,1741886115759,437.7778321504593,317.20319241285324,1741886115746.7002,0.9555297143648334
1,1,block_2,2,Provo_ID7,5,1082624,1262509,1,gaze_data,1741886115795,431.74914717674255,325.93988478183746,1741886115779.5,0.9680665001692672
1,1,block_2,2,Provo_ID7,5,1082624,1262509,1,gaze_data,1741886115828,501.3685941696167,394.3522781133652,1741886115813.2002,0.9561337832769743
1,1,block_2,2,Provo_ID7,5,1082624,1262509,1,gaze_data,1741886115862,515.1548147201538,372.9074954986572,1741886115846.5,0.8218597938152108
1,1,block_2,2,Provo_ID7,5,1082624,1262509,1,gaze_data,1741886115896,507.28185176849365,370.8059847354889,1741886115880.4001,0.5800457580215557
1,1,block_2,2,Provo_ID7,5,1082624,1262509,1,gaze_data,1741886115929,521.2030172348022,396.5719550848007,1741886115912.5,0.5769039385182615
1,1,block_2,2,Provo_ID7,5,1082624,1262509,1,gaze_data,1741886115962,524.5423316955566,376.98783576488495,1741886115947.3,0.5958140941580341
1,1,block_2,2,Provo_ID7,5,1082624,1262509,1,gaze_data,1741886115996,665.9406423568726,418.37964057922363,1741886115980.3,0.6500700501177004
1,1,block_2,2,Provo_ID7,5,1082624,1262509,1,gaze_data,1741886116028,643.2886600494385,416.59284234046936,1741886116013.2002,0.4407581932011961
1,1,block_2,2,Provo_ID7,5,1082624,1262509,1,gaze_data,1741886116062,643.7662839889526,409.34616923332214,1741886116045.8,0.3942787847135151
1,1,block_2,2,Provo_ID7,5,1082624,1262509,1,gaze_data,1741886116095,651.9490003585815,420.85177302360535,1741886116079.9001,0.31907097004117735
1,1,block_2,2,Provo_ID7,5,1082624,1262509,1,gaze_data,1741886116127,641.3753032684326,396.42316699028015,1741886116113.5,0.4420951035632495
1,1,block_2,2,Provo_ID7,5,1082624,1262509,1,gaze_data,1741886116156,650.8535146713257,402.2938370704651,1741886116152.7002,0.40498394401673615
1,1,block_2,2,Provo_ID7,5,1082624,1262509,1,gaze_data,1741886116190,658.7262392044067,393.79166662693024,1741886116179.2002,0.40801101395642797
1,1,block_2,2,Provo_ID7,5,1082624,1262509,1,gaze_data,1741886116228,638.4302854537964,376.2755751609802,1741886116213.6,0.5673131452823358
1,1,block_2,2,Provo_ID7,5,1082624,1262509,1,gaze_data,1741886116258,641.7823791503906,379.1726589202881,1741886116246.6,0.4424823982558882
1,1,block_2,2,Provo_ID7,5,1082624,1262509,1,gaze_data,1741886116291,635.3783369064331,380.55018186569214,1741886116279.9001,0.6011593385025265
1,1,block_2,2,Provo_ID7,5,1082624,1262509,1,gaze_data,1741886116323,512.0115041732788,355.72943687438965,1741886116312.9001,0.5501547947534376
1,1,block_2,2,Provo_ID7,5,1082624,1262509,1,gaze_data,1741886116356,341.7486250400543,225.06822496652603,1741886116347.2002,0.3391581242847218
1,1,block_2,2,Provo_ID7,5,1082624,1262509,1,gaze_data,1741886116390,274.04725551605225,190.20499885082245,1741886116379.3,0.6768317527170934
1,1,block_2,2,Provo_ID7,5,1082624,1262509,1,gaze_data,1741886116426,260.22322177886963,210.85768043994904,1741886116413.1,1
1,1,block_2,2,Provo_ID7,5,1082624,1262509,1,gaze_data,1741886116457,256.9386959075928,207.59585350751877,1741886116445.9001,1
1,1,block_2,2,Provo_ID7,5,1082624,1262509,1,gaze_data,1741886116490,202.64320373535156,199.1741567850113,1741886116481.1,1
1,1,block_2,2,Provo_ID7,5,1082624,1262509,1,gaze_data,1741886116524,181.00461959838867,222.97893315553665,1741886116513.1,1
1,1,block_2,2,Provo_ID7,5,1082624,1262509,1,gaze_data,1741886116558,162.71750926971436,223.08550626039505,1741886116546.5,1
1,1,block_2,2,Provo_ID7,5,1082624,1262509,1,gaze_data,1741886116590,170.9118366241455,220.81070244312286,1741886116580.8,1
1,1,block_2,2,Provo_ID7,5,1082624,1262509,1,gaze_data,1741886116622,164.59476947784424,208.58100652694702,1741886116612.5,1
1,1,block_2,2,Provo_ID7,5,1082624,1262509,1,gaze_data,1741886116657,168.0567979812622,203.33498567342758,1741886116646.4001,1
1,1,block_2,2,Provo_ID7,5,1082624,1262509,1,gaze_data,1741886116689,174.7131109237671,212.08735406398773,1741886116680,1
1,1,block_2,2,Provo_ID7,5,1082624,1262509,1,gaze_data,1741886116729,153.22091579437256,212.83128708600998,1741886116716.2002,1
1,1,block_2,2,Provo_ID7,5,1082624,1262509,1,gaze_data,1741886116762,302.4410545825958,211.56311631202698,1741886116746.4001,1
1,1,block_2,2,Provo_ID7,5,1082624,1262509,1,gaze_data,1741886116795,396.10992074012756,217.09674447774887,1741886116779.3,1
1,1,block_2,2,Provo_ID7,5,1082624,1262509,1,gaze_data,1741886116823,388.6082649230957,204.49407249689102,1741886116813.4001,1
1,1,block_2,2,Provo_ID7,5,1082624,1262509,1,gaze_data,1741886116861,401.34955644607544,196.721351146698,1741886116845.6,1
1,1,block_2,2,Provo_ID7,5,1082624,1262509,1,gaze_data,1741886116895,391.69676899909973,187.23708242177963,1741886116879.6,1
1,1,block_2,2,Provo_ID7,5,1082624,1262509,1,gaze_data,1741886116927,401.2887477874756,187.61893212795258,1741886116912,1
1,1,block_2,2,Provo_ID7,5,1082624,1262509,1,gaze_data,1741886116962,450.4880666732788,183.106629550457,1741886116948.4001,1
1,1,block_2,2,Provo_ID7,5,1082624,1262509,1,gaze_data,1741886116994,603.449535369873,163.9720782637596,1741886116978.6,1
1,1,block_2,2,Provo_ID7,5,1082624,1262509,1,gaze_data,1741886117024,641.2660121917725,168.68232786655426,1741886117011.8,1
1,1,block_2,2,Provo_ID7,5,1082624,1262509,1,gaze_data,1741886117061,665.996789932251,190.26043117046356,1741886117047.1,1
1,1,block_2,2,Provo_ID7,5,1082624,1262509,1,gaze_data,1741886117095,651.2864112854004,169.62543725967407,1741886117079.3,1
1,1,block_2,2,Provo_ID7,5,1082624,1262509,1,gaze_data,1741886117128,668.8822746276855,193.14311295747757,1741886117112.6,1
1,1,block_2,2,Provo_ID7,5,1082624,1262509,1,gaze_data,1741886117162,648.8763093948364,164.26972150802612,1741886117145.4001,1
1,1,block_2,2,Provo_ID7,5,1082624,1262509,1,gaze_data,1741886117193,646.9305992126465,163.65866959095,1741886117179.5,1
1,1,block_2,2,Provo_ID7,5,1082624,1262509,1,gaze_data,1741886117224,655.1634073257446,170.919930934906,1741886117212.1,1
1,1,block_2,2,Provo_ID7,5,1082624,1262509,1,gaze_data,1741886117257,652.788782119751,161.63105368614197,1741886117245.9001,1
1,1,block_2,2,Provo_ID7,5,1082624,1262509,1,gaze_data,1741886117290,646.2663888931274,152.3485541343689,1741886117280.2002,1
1,1,block_2,2,Provo_ID7,5,1082624,1262509,1,gaze_data,1741886117324,651.9635677337646,153.40419709682465,1741886117312.1,1
1,1,block_2,2,Provo_ID7,5,1082624,1262509,1,gaze_data,1741886117357,641.8646097183228,150.60894787311554,1741886117346.1,1
1,1,block_2,2,Provo_ID7,5,1082624,1262509,1,gaze_data,1741886117390,535.2224588394165,151.63085460662842,1741886117379.6,1
1,1,block_2,2,Provo_ID7,5,1082624,1262509,1,gaze_data,1741886117422,518.5517072677612,146.71315848827362,1741886117412.7002,1
1,1,block_2,2,Provo_ID7,5,1082624,1262509,1,gaze_data,1741886117462,526.1140823364258,155.04705011844635,1741886117446.4001,1
1,1,block_2,2,Provo_ID7,5,1082624,1262509,1,gaze_data,1741886117490,507.1603298187256,163.82371485233307,1741886117479.5,1
1,1,block_2,2,Provo_ID7,5,1082624,1262509,1,gaze_data,1741886117528,506.2629699707031,149.75825548171997,1741886117513.2002,1
1,1,block_2,2,Provo_ID7,5,1082624,1262509,1,gaze_data,1741886117556,514.3856525421143,151.48537456989288,1741886117545,1
1,1,block_2,2,Provo_ID7,5,1082624,1262509,1,gaze_data,1741886117589,619.9747562408447,156.18487298488617,1741886117579.2002,1
1,1,block_2,2,Provo_ID7,5,1082624,1262509,1,gaze_data,1741886117624,712.6709222793579,184.53409373760223,1741886117615.7002,1
1,1,block_2,2,Provo_ID7,5,1082624,1262509,1,gaze_data,1741886117657,713.2154941558838,166.04906171560287,1741886117646.1,1
1,1,block_2,2,Provo_ID7,5,1082624,1262509,1,gaze_data,1741886117690,700.7199764251709,172.1723809838295,1741886117679.2002,1
1,1,block_2,2,Provo_ID7,5,1082624,1262509,1,gaze_data,1741886117723,482.71857500076294,177.35706865787506,1741886117712.3,1
1,1,block_2,2,Provo_ID7,5,1082624,1262509,1,gaze_data,1741886117760,284.71717834472656,257.01866149902344,1741886117746.3,1
1,1,block_2,2,Provo_ID7,5,1082624,1262509,1,gaze_data,1741886117790,231.2281370162964,236.22331619262695,1741886117779.3,1
1,1,block_2,2,Provo_ID7,5,1082624,1262509,1,gaze_data,1741886117823,210.5553150177002,261.2209603190422,1741886117813,1
1,1,block_2,2,Provo_ID7,5,1082624,1262509,1,gaze_data,1741886117861,209.4799041748047,254.04599159955978,1741886117846.1,1
1,1,block_2,2,Provo_ID7,5,1082624,1262509,1,gaze_data,1741886117895,230.8828830718994,252.4215117096901,1741886117879,1
1,1,block_2,2,Provo_ID7,5,1082624,1262509,1,gaze_data,1741886117923,233.00902843475342,272.3460406064987,1741886117912.3,1
1,1,block_2,2,Provo_ID7,5,1082624,1262509,1,gaze_data,1741886117964,230.76894283294678,264.01447355747223,1741886117945.7002,1
1,1,block_2,2,Provo_ID7,5,1082624,1262509,1,gaze_data,1741886117995,276.2150526046753,270.37124931812286,1741886117984.6,1
1,1,block_2,2,Provo_ID7,5,1082624,1262509,1,gaze_data,1741886118023,390.10705947875977,262.9580967128277,1741886118012.3,1
1,1,block_2,2,Provo_ID7,5,1082624,1262509,1,gaze_data,1741886118068,478.22914719581604,238.29553127288818,1741886118046.1,1
1,1,block_2,2,Provo_ID7,5,1082624,1262509,1,gaze_data,1741886118096,490.7818913459778,245.9425874054432,1741886118078.3,1
1,1,block_2,2,Provo_ID7,5,1082624,1262509,1,gaze_data,1741886118128,509.87353324890137,392.4535572528839,1741886118115.8,1
1,1,block_2,2,Provo_ID7,5,1082624,1262509,1,gaze_data,1741886118162,605.6088447570801,250.7135108113289,1741886118145,0.11797165724059828
1,1,block_2,2,Provo_ID7,5,1082624,1262509,1,gaze_data,1741886118190,552.9894351959229,289.2288029193878,1741886118179,0
1,1,block_2,2,Provo_ID7,5,1082624,1262509,1,gaze_data,1741886118223,523.0447769165039,303.4124657511711,1741886118213.1,0
1,1,block_2,2,Provo_ID7,5,1082624,1262509,1,gaze_data,1741886118255,539.2639398574829,375.6950855255127,1741886118245.7002,0
1,1,block_2,2,Provo_ID7,5,1082624,1262509,1,gaze_data,1741886118300,581.8372488021851,323.25461357831955,1741886118279.4001,0
1,1,block_2,2,Provo_ID7,5,1082624,1262509,1,gaze_data,1741886118328,581.1729192733765,305.74650913476944,1741886118312.6,0.15361495764937208
1,1,block_2,2,Provo_ID7,5,1082624,1262509,1,gaze_data,1741886118362,428.90212535858154,318.1662768125534,1741886118345.2002,0.3223931224588361
1,1,block_2,2,Provo_ID7,5,1082624,1262509,1,gaze_data,1741886118394,253.23712825775146,337.9595935344696,1741886118378.5,0.43576036235285254
1,1,block_2,2,Provo_ID7,5,1082624,1262509,1,gaze_data,1741886118428,241.25285148620605,327.17829048633575,1741886118416.1,0.37507845034351206
1,1,block_2,2,Provo_ID7,5,1082624,1262509,1,gaze_data,1741886118457,227.80053615570068,327.91140526533127,1741886118445.4001,0.5828703838628675
1,1,block_2,2,Provo_ID7,5,1082624,1262509,1,gaze_data,1741886118490,222.84586429595947,329.70347106456757,1741886118478.8,0.8107257523542377
1,1,block_2,2,Provo_ID7,5,1082624,1262509,1,gaze_data,1741886118528,227.39157676696777,332.267826795578,1741886118512.2002,0.7230682819432359
1,1,block_2,2,Provo_ID7,5,1082624,1262509,1,gaze_data,1741886118557,224.28245544433594,347.1620738506317,1741886118545.8,0.7853592847566506
1,1,block_2,2,Provo_ID7,5,1082624,1262509,1,gaze_data,1741886118590,224.12514686584473,353.94052267074585,1741886118578.9001,0.762164591509606
1,1,block_2,2,Provo_ID7,5,1082624,1262509,1,gaze_data,1741886118622,334.82571244239807,349.9839812517166,1741886118611.9001,0.8198013829399531
1,1,block_2,2,Provo_ID7,5,1082624,1262509,1,gaze_data,1741886118657,423.6481234431267,332.4114516377449,1741886118651.6,0.6689726288714591
1,1,block_2,2,Provo_ID7,5,1082624,1262509,1,gaze_data,1741886118690,391.9066071510315,323.5884368419647,1741886118679.1,0.6429922799250203
1,1,block_2,2,Provo_ID7,5,1082624,1262509,1,gaze_data,1741886118729,433.287912607193,351.02078914642334,1741886118712.6,0.8694560757972299
1,1,block_2,2,Provo_ID7,5,1082624,1262509,1,gaze_data,1741886118762,416.67429208755493,346.9751834869385,1741886118745.7002,0.8634732444774786
1,1,block_2,2,Provo_ID7,5,1082624,1262509,1,gaze_data,1741886118790,418.01793575286865,339.67546969652176,1741886118779.2002,0.8634732444774786
1,1,block_2,2,Provo_ID7,5,1082624,1262509,1,gaze_data,1741886118829,417.35245287418365,342.68894642591476,1741886118812.4001,0.5524562497070904
1,1,block_2,2,Provo_ID7,5,1082624,1262509,1,gaze_data,1741886118862,553.233003616333,342.58966743946075,1741886118845.5,0.698626235345851
1,1,block_2,2,Provo_ID7,5,1082624,1262509,1,gaze_data,1741886118886,552.8955936431885,315.0469347834587,1741886118878.7002,0.698626235345851
1,1,block_2,2,Provo_ID7,5,1082624,1262509,1,gaze_data,1741886118928,608.3721399307251,331.2189191579819,1741886118912.5,0.49667458601847914
1,1,block_2,2,Provo_ID7,5,1082624,1262509,1,gaze_data,1741886118963,606.4974784851074,330.34559190273285,1741886118945.3,0.5962558647667837
1,1,block_2,2,Provo_ID7,5,1082624,1262509,1,gaze_data,1741886118990,598.3434677124023,327.004699409008,1741886118978.6,0.5962558647667837
1,1,block_2,2,Provo_ID7,5,1082624,1262509,1,gaze_data,1741886119028,548.9356994628906,334.49642211198807,1741886119012.5,0.3736025868009903
1,1,block_2,2,Provo_ID7,5,1082624,1262509,1,gaze_data,1741886119057,328.9129078388214,393.9610779285431,1741886119045,0.5731195572819667
1,1,block_2,2,Provo_ID7,5,1082624,1262509,1,gaze_data,1741886119095,300.4472553730011,361.4023685455322,1741886119081.5,0.6797398370387259
1,1,block_2,2,Provo_ID7,5,1082624,1262509,1,gaze_data,1741886119120,312.500935792923,373.93341064453125,1741886119112,0.6797398370387259
1,1,block_2,2,Provo_ID7,5,1082624,1262509,1,gaze_data,1741886119162,308.4534823894501,379.7984182834625,1741886119146,0.5874464120899482
1,1,block_2,2,Provo_ID7,5,1082624,1262509,1,gaze_data,1741886119192,288.47739696502686,376.7772078514099,1741886119178.8,0.4072980311356867
1,1,block_2,2,Provo_ID7,5,1082624,1262509,1,gaze_data,1741886119221,318.3110296726227,369.3535089492798,1741886119217.3,0.4072980311356867
1,1,block_2,2,Provo_ID7,5,1082624,1262509,1,gaze_data,1741886119252,469.6447491645813,405.8665245771408,1741886119246.1,0.6204641743081208
1,1,block_2,2,Provo_ID7,5,1082624,1262509,1,gaze_data,1741886119301,486.71486377716064,407.8893721103668,1741886119278.9001,0.514975835428274
1,1,block_2,2,Provo_ID7,5,1082624,1262509,1,gaze_data,1741886119334,477.55608558654785,395.6705093383789,1741886119311.7002,0.47061338790577073
1,1,block_2,2,Provo_ID7,5,1082624,1262509,1,gaze_data,1741886119362,497.6912021636963,406.7553639411926,1741886119345.2002,0.6126153136422562
1,1,block_2,2,Provo_ID7,5,1082624,1262509,1,gaze_data,1741886119400,485.18630266189575,409.187650680542,1741886119379.1,0.3792373740870196
1,1,block_2,2,Provo_ID7,5,1082624,1262509,1,gaze_data,1741886119426,512.1077179908752,395.20662128925323,1741886119411.9001,0.5990173557073062
1,1,block_2,2,Provo_ID7,5,1082624,1262509,1,gaze_data,1741886119467,561.2358331680298,412.3326301574707,1741886119450.2002,0.32962519854647804
1,1,block_2,2,Provo_ID7,5,1082624,1262509,1,gaze_data,1741886119500,555.6473255157471,402.8694689273834,1741886119478.9001,0.2855026075346311
1,1,block_2,2,Provo_ID7,5,1082624,1262509,1,gaze_data,1741886119530,562.8220796585083,397.98005521297455,1741886119511.8,0.4813547045086452
1,1,block_2,2,Provo_ID7,5,1082624,1262509,1,gaze_data,1741886119566,573.4078407287598,391.9470965862274,1741886119550.3,0.38197150231513644
1,1,block_2,2,Provo_ID7,5,1082624,1262509,1,gaze_data,1741886119595,491.70371294021606,331.28628730773926,1741886119577.7002,0.31588992418389233
1,1,block_2,2,Provo_ID7,5,1082624,1262509,1,gaze_data,1741886119630,409.25045907497406,210.7727661728859,1741886119612.2002,0.3394816808203166
1,1,block_2,2,Provo_ID7,5,1082624,1262509,1,gaze_data,1741886119667,327.3000419139862,220.04635483026505,1741886119650.9001,0.7846769971807047
1,1,block_2,2,Provo_ID7,5,1082624,1262509,1,gaze_data,1741886119690,291.4370536804199,190.5056819319725,1741886119677.6,1
1,1,block_2,2,Provo_ID7,5,1082624,1262509,1,gaze_data,1741886119728,306.8012535572052,207.47507959604263,1741886119711.9001,1
1,1,block_2,2,Provo_ID7,5,1082624,1262509,1,gaze_data,1741886119755,256.8901300430298,201.01352632045746,1741886119745,1
1,1,block_2,2,Provo_ID7,5,1082624,1262509,1,gaze_data,1741886119801,224.81694221496582,193.5753509402275,1741886119779.3,1
1,1,block_2,2,Provo_ID7,5,1082624,1262509,1,gaze_data,1741886119829,222.53689765930176,201.997472345829,1741886119811.8,1
1,1,block_2,2,Provo_ID7,5,1082624,1262509,1,gaze_data,1741886119856,194.83962059020996,226.10628455877304,1741886119845.3,1
1,1,block_2,2,Provo_ID7,5,1082624,1262509,1,gaze_data,1741886119891,215.75586795806885,209.5169112086296,1741886119878.3,1
1,1,block_2,2,Provo_ID7,5,1082624,1262509,1,gaze_data,1741886119928,209.03480052947998,208.00056904554367,1741886119911.9001,1
1,1,block_2,2,Provo_ID7,5,1082624,1262509,1,gaze_data,1741886119960,213.61596584320068,216.12188071012497,1741886119945.1,1
1,1,block_2,2,Provo_ID7,5,1082624,1262509,1,gaze_data,1741886119989,198.3177661895752,206.48440569639206,1741886119978.3,1
1,1,block_2,2,Provo_ID7,5,1082624,1262509,1,gaze_data,1741886120025,207.16781616210938,199.48845207691193,1741886120011.7002,1
1,1,block_2,2,Provo_ID7,5,1082624,1262509,1,gaze_data,1741886120057,212.5218629837036,183.18985253572464,1741886120044.2002,1
1,1,block_2,2,Provo_ID7,5,1082624,1262509,1,gaze_data,1741886120089,333.79464745521545,196.08005732297897,1741886120078.9001,1
1,1,block_2,2,Provo_ID7,5,1082624,1262509,1,gaze_data,1741886120123,499.8391091823578,187.62984722852707,1741886120111.7002,1
1,1,block_2,2,Provo_ID7,5,1082624,1262509,1,gaze_data,1741886120161,505.8887481689453,177.92337238788605,1741886120144.9001,1
1,1,block_2,2,Provo_ID7,5,1082624,1262509,1,gaze_data,1741886120190,525.3847599029541,169.9331760406494,1741886120177.8,1
1,1,block_2,2,Provo_ID7,5,1082624,1262509,1,gaze_data,1741886120229,508.6375951766968,170.92197239398956,1741886120211.4001,1
1,1,block_2,2,Provo_ID7,5,1082624,1262509,1,gaze_data,1741886120259,523.517370223999,173.88132065534592,1741886120244.6,1
1,1,block_2,2,Provo_ID7,5,1082624,1262509,1,gaze_data,1741886120289,621.635913848877,182.9775631427765,1741886120277.2002,1
1,1,block_2,2,Provo_ID7,5,1082624,1262509,1,gaze_data,1741886120323,658.2072257995605,193.74337643384933,1741886120312.1,1
1,1,block_2,2,Provo_ID7,5,1082624,1262509,1,gaze_data,1741886120357,642.4345970153809,179.57498729228973,1741886120344.9001,1
1,1,block_2,2,Provo_ID7,5,1082624,1262509,1,gaze_data,1741886120389,662.0877265930176,175.21262019872665,1741886120378.7002,1
1,1,block_2,2,Provo_ID7,5,1082624,1262509,1,gaze_data,1741886120423,634.7528219223022,163.4518414735794,1741886120411.6,0.9972288925835673
1,1,block_2,2,Provo_ID7,5,1082624,1262509,1,gaze_data,1741886120456,419.04474794864655,181.02574199438095,1741886120444.8,1
1,1,block_2,2,Provo_ID7,5,1082624,1262509,1,gaze_data,1741886120490,288.7328863143921,242.47966930270195,1741886120478,1
1,1,block_2,2,Provo_ID7,5,1082624,1262509,1,gaze_data,1741886120523,260.7618808746338,237.16036081314087,1741886120510.6,1
1,1,block_2,2,Provo_ID7,5,1082624,1262509,1,gaze_data,1741886120556,247.08991050720215,227.03456729650497,1741886120545.7002,1
1,1,block_2,2,Provo_ID7,5,1082624,1262509,1,gaze_data,1741886120589,236.55824661254883,239.39733803272247,1741886120578,1
1,1,block_2,2,Provo_ID7,5,1082624,1262509,1,gaze_data,1741886120622,235.21275520324707,229.98651713132858,1741886120611.5,1
1,1,block_2,2,Provo_ID7,5,1082624,1262509,1,gaze_data,1741886120656,247.71442413330078,231.98621198534966,1741886120644.1,1
1,1,block_2,2,Provo_ID7,5,1082624,1262509,1,gaze_data,1741886120689,241.6029453277588,230.40126487612724,1741886120678.1,1
1,1,block_2,2,Provo_ID7,5,1082624,1262509,1,gaze_data,1741886120723,249.38898086547852,231.70744478702545,1741886120711.1,1
1,1,block_2,2,Provo_ID7,5,1082624,1262509,1,gaze_data,1741886120764,247.67992496490479,229.13542985916138,1741886120743.9001,1
1,1,block_2,2,Provo_ID7,5,1082624,1262509,1,gaze_data,1741886120793,312.8219664096832,241.75846427679062,1741886120777.9001,1
1,1,block_2,2,Provo_ID7,5,1082624,1262509,1,gaze_data,1741886120827,497.5161552429199,259.12485867738724,1741886120811.2002,1
1,1,block_2,2,Provo_ID7,5,1082624,1262509,1,gaze_data,1741886120861,523.6458897590637,255.20450845360756,1741886120844.5,1
1,1,block_2,2,Provo_ID7,5,1082624,1262509,1,gaze_data,1741886120892,517.6283359527588,232.44178891181946,1741886120878.2002,1
1,1,block_2,2,Provo_ID7,5,1082624,1262509,1,gaze_data,1741886120926,529.0114641189575,241.1558911204338,1741886120915.3,1
1,1,block_2,2,Provo_ID7,5,1082624,1262509,1,gaze_data,1741886120956,511.96402311325073,229.23706322908401,1741886120944.4001,1
1,1,block_2,2,Provo_ID7,5,1082624,1262509,1,gaze_data,1741886120989,522.6091861724854,253.61183136701584,1741886120977.3,1
1,1,block_2,2,Provo_ID7,5,1082624,1262509,1,gaze_data,1741886121024,430.7625114917755,318.3680906891823,1741886121011.5,1
1,1,block_2,2,Provo_ID7,5,1082624,1262509,1,gaze_data,1741886121056,434.4170480966568,328.82214188575745,1741886121044.7002,1
1,1,block_2,2,Provo_ID7,5,1082624,1262509,1,gaze_data,1741886121089,443.54308247566223,320.9901362657547,1741886121078,0.7852210661842096
1,1,block_2,2,Provo_ID7,5,1082624,1262509,1,gaze_data,1741886121122,454.50196266174316,379.50458228588104,1741886121111.6,1
1,1,block_2,2,Provo_ID7,5,1082624,1262509,1,gaze_data,1741886121154,491.545307636261,370.9084153175354,1741886121144.5,0.66906663690937
1,1,block_2,2,Provo_ID7,5,1082624,1262509,1,gaze_data,1741886121186,334.3122065067291,336.7132678627968,1741886121178,0
1,1,block_2,2,Provo_ID7,5,1082624,1262509,1,gaze_data,1741886121222,262.1316432952881,397.55835235118866,1741886121210.4001,0
1,1,block_2,2,Provo_ID7,5,1082624,1262509,1,gaze_data,1741886121259,264.42644596099854,361.53090596199036,1741886121245.6,0
1,1,block_2,2,Provo_ID7,5,1082624,1262509,1,gaze_data,1741886121295,266.5875196456909,369.0449655056,1741886121277.7002,0
1,1,block_2,2,Provo_ID7,5,1082624,1262509,1,gaze_data,1741886121328,412.3525708913803,363.0835622549057,1741886121314.3,0
1,1,block_2,2,Provo_ID7,5,1082624,1262509,1,gaze_data,1741886121366,543.7883973121643,203.68695855140686,1741886121344.8,0
1,1,block_2,2,Provo_ID7,5,1082624,1262509,1,gaze_data,1741886121389,562.6177072525024,193.10544282197952,1741886121377.6,0
1,1,block_2,2,Provo_ID7,5,1082624,1262509,1,gaze_data,1741886121429,556.7622423171997,281.96334317326546,1741886121411.6,0
1,1,block_2,2,Provo_ID7,5,1082624,1262509,1,gaze_data,1741886121462,594.9444532394409,324.3728041648865,1741886121448.5,0
1,1,block_2,2,Provo_ID7,5,1082624,1262509,1,gaze_data,1741886121494,474.9553918838501,326.5448197722435,1741886121478.9001,0
1,1,block_2,2,Provo_ID7,5,1082624,1262509,1,gaze_data,1741886121527,356.820011138916,435.55977046489716,1741886121511.2002,0
1,1,block_2,2,Provo_ID7,5,1082624,1262509,1,gaze_data,1741886121561,268.4070110321045,495.36571502685547,1741886121544.8,0
1,1,block_2,2,Provo_ID7,5,1082624,1262509,1,gaze_data,1741886121594,226.96053981781006,459.406054019928,1741886121578.3,0
1,1,block_2,2,Provo_ID7,5,1082624,1262509,1,gaze_data,1741886121627,240.35520553588867,468.1557923555374,1741886121611.1,0
1,1,block_2,2,Provo_ID7,5,1082624,1262509,1,gaze_data,1741886121659,231.85102939605713,449.8135507106781,1741886121644.4001,0
1,1,block_2,2,Provo_ID7,5,1082624,1262509,1,gaze_data,1741886121701,361.48834228515625,500.894433259964,1741886121684.8,0
1,1,block_2,2,Provo_ID7,5,1082624,1262509,1,gaze_data,1741886121728,413.51340115070343,474.79571998119354,1741886121712.2002,0
1,1,block_2,2,Provo_ID7,5,1082624,1262509,1,gaze_data,1741886121762,414.28619623184204,465.37542939186096,1741886121743.6,0.007783416576673503
1,1,block_2,2,Provo_ID7,5,1082624,1262509,1,gaze_data,1741886121794,429.1393280029297,459.7725033760071,1741886121779.1,0.0004088809210453744
1,1,block_2,2,Provo_ID7,5,1082624,1262509,1,gaze_data,1741886121826,428.6649078130722,445.2853858470917,1741886121811.3,0
1,1,block_2,2,Provo_ID7,5,1082624,1262509,1,gaze_data,1741886121862,414.6248519420624,424.3352323770523,1741886121846.7002,0.04139110720485957
1,1,block_2,2,Provo_ID7,5,1082624,1262509,1,gaze_data,1741886121902,433.7217003107071,444.0763056278229,1741886121878,0.14892574280469983
1,1,block_2,2,Provo_ID7,5,1082624,1262509,1,gaze_data,1741886121919,430.5675536394119,450.4226505756378,1741886121911.2002,0.14892574280469983
1,1,block_2,2,Provo_ID7,5,1082624,1262509,1,gaze_data,1741886121964,326.05263590812683,435.2012485265732,1741886121944.5,0.046208843458012856
1,1,block_2,2,Provo_ID7,5,1082624,1262509,1,gaze_data,1741886121989,317.0621454715729,415.5992031097412,1741886121983.2002,0.046208843458012856
1,1,block_2,2,Provo_ID7,5,1082624,1262509,1,gaze_data,1741886122033,326.64321064949036,434.80992913246155,1741886122011.4001,0.1353717788874732
1,1,block_2,2,Provo_ID7,5,1082624,1262509,1,gaze_data,1741886122063,322.3794996738434,432.65991508960724,1741886122044.3,0.2594358308869713
1,1,block_2,2,Provo_ID7,5,1082624,1262509,1,gaze_data,1741886122091,315.2190029621124,425.9426951408386,1741886122077.5,0.2594358308869713
1,1,block_2,2,Provo_ID7,5,1082624,1262509,1,gaze_data,1741886122127,303.83734107017517,417.9576247930527,1741886122110.4001,0.2213544123363172
1,1,block_2,2,Provo_ID7,5,1082624,1262509,1,gaze_data,1741886122161,287.1451139450073,298.864609003067,1741886122143.8,0.2484219331208266
1,1,block_2,2,Provo_ID7,5,1082624,1262509,1,gaze_data,1741886122197,210.95316410064697,225.79871714115143,1741886122178.4001,0.45184494912393447
1,1,block_2,2,Provo_ID7,5,1082624,1262509,1,gaze_data,1741886122229,253.2726764678955,193.97940337657928,1741886122212.7002,1
1,1,block_2,2,Provo_ID7,5,1082624,1262509,1,gaze_data,1741886122257,263.980770111084,176.37006044387817,1741886122244.4001,1
1,1,block_2,2,Provo_ID7,5,1082624,1262509,1,gaze_data,1741886122295,241.40305519104004,193.67110580205917,1741886122277,1
1,1,block_2,2,Provo_ID7,5,1082624,1262509,1,gaze_data,1741886122331,234.09652709960938,204.98902201652527,1741886122311,1
1,1,block_2,2,Provo_ID7,5,1082624,1262509,1,gaze_data,1741886122358,236.50434017181396,201.14794224500656,1741886122348.9001,1
1,1,block_2,2,Provo_ID7,5,1082624,1262509,1,gaze_data,1741886122396,214.5853042602539,191.00579470396042,1741886122377.9001,1
1,1,block_2,2,Provo_ID7,5,1082624,1262509,1,gaze_data,1741886122429,197.64575958251953,187.53522485494614,1741886122411.5,1
1,1,block_2,2,Provo_ID7,5,1082624,1262509,1,gaze_data,1741886122461,195.5575466156006,188.61470967531204,1741886122443.9001,1
1,1,block_2,2,Provo_ID7,5,1082624,1262509,1,gaze_data,1741886122494,195.85387706756592,198.34623336791992,1741886122478.5,1
1,1,block_2,2,Provo_ID7,5,1082624,1262509,1,gaze_data,1741886122528,206.36420249938965,212.40245401859283,1741886122510.9001,1
1,1,block_2,2,Provo_ID7,5,1082624,1262509,1,gaze_data,1741886122556,200.8286476135254,209.75316911935806,1741886122544.2002,1
1,1,block_2,2,Provo_ID7,5,1082624,1262509,1,gaze_data,1741886122604,188.10224533081055,226.1264830827713,1741886122588.3,1
1,1,block_2,2,Provo_ID7,5,1082624,1262509,1,gaze_data,1741886122624,206.73649311065674,218.54111403226852,1741886122610.9001,1
1,1,block_2,2,Provo_ID7,5,1082624,1262509,1,gaze_data,1741886122664,187.72802352905273,203.46953570842743,1741886122644.8,1
1,1,block_2,2,Provo_ID7,5,1082624,1262509,1,gaze_data,1741886122702,183.3625316619873,198.94637763500214,1741886122685,1
1,1,block_2,2,Provo_ID7,5,1082624,1262509,1,gaze_data,1741886122729,188.26115131378174,197.69897162914276,1741886122710.7002,1
1,1,block_2,2,Provo_ID7,5,1082624,1262509,1,gaze_data,1741886122762,203.94432544708252,197.5540727376938,1741886122744,1
1,1,block_2,2,Provo_ID7,5,1082624,1262509,1,gaze_data,1741886122795,207.33344554901123,205.68412393331528,1741886122777.2002,1
1,1,block_2,2,Provo_ID7,5,1082624,1262509,1,gaze_data,1741886122829,328.1779110431671,197.2859039902687,1741886122809.7002,1
1,1,block_2,2,Provo_ID7,5,1082624,1262509,1,gaze_data,1741886122862,374.3495047092438,195.11355310678482,1741886122843.5,1
1,1,block_2,2,Provo_ID7,5,1082624,1262509,1,gaze_data,1741886122893,371.83751463890076,170.6573873758316,1741886122877.9001,1
1,1,block_2,2,Provo_ID7,5,1082624,1262509,1,gaze_data,1741886122927,379.41945791244507,195.15246748924255,1741886122913.4001,1
1,1,block_2,2,Provo_ID7,5,1082624,1262509,1,gaze_data,1741886122956,373.74958992004395,184.74837243556976,1741886122943.7002,1
1,1,block_2,2,Provo_ID7,5,1082624,1262509,1,gaze_data,1741886122995,401.01291835308075,191.524139046669,1741886122977.1,1
1,1,block_2,2,Provo_ID7,5,1082624,1262509,1,gaze_data,1741886123032,500.55670738220215,179.97410744428635,1741886123010.2002,1
1,1,block_2,2,Provo_ID7,5,1082624,1262509,1,gaze_data,1741886123062,537.029767036438,153.0581772327423,1741886123050.7002,1
1,1,block_2,2,Provo_ID7,5,1082624,1262509,1,gaze_data,1741886123095,538.4313821792603,145.6182360649109,1741886123077,1
1,1,block_2,2,Provo_ID7,5,1082624,1262509,1,gaze_data,1741886123129,551.7159461975098,149.5900958776474,1741886123111.1,1
1,1,block_2,2,Provo_ID7,5,1082624,1262509,1,gaze_data,1741886123155,548.0473518371582,147.0048189163208,1741886123143.3,1
1,1,block_2,2,Provo_ID7,5,1082624,1262509,1,gaze_data,1741886123201,592.255973815918,159.6545934677124,1741886123183.4001,1
1,1,block_2,2,Provo_ID7,5,1082624,1262509,1,gaze_data,1741886123224,604.5024633407593,180.3658813238144,1741886123210.6,1
1,1,block_2,2,Provo_ID7,5,1082624,1262509,1,gaze_data,1741886123262,615.923023223877,167.77869164943695,1741886123243.5,1
1,1,block_2,2,Provo_ID7,5,1082624,1262509,1,gaze_data,1741886123293,612.4788999557495,167.14337319135666,1741886123277,1
1,1,block_2,2,Provo_ID7,5,1082624,1262509,1,gaze_data,1741886123328,607.9269170761108,155.9343844652176,1741886123309.8,1
1,1,block_2,2,Provo_ID7,5,1082624,1262509,1,gaze_data,1741886123367,493.7773108482361,187.32355386018753,1741886123344.3,1
1,1,block_2,2,Provo_ID7,5,1082624,1262509,1,gaze_data,1741886123393,467.20789074897766,161.6646558046341,1741886123376.7002,1
1,1,block_2,2,Provo_ID7,5,1082624,1262509,1,gaze_data,1741886123434,471.6749906539917,186.1252397298813,1741886123414.6,1
1,1,block_2,2,Provo_ID7,5,1082624,1262509,1,gaze_data,1741886123462,471.193927526474,166.80011004209518,1741886123446,1
1,1,block_2,2,Provo_ID7,5,1082624,1262509,1,gaze_data,1741886123495,461.16929054260254,175.50882548093796,1741886123477,1
1,1,block_2,2,Provo_ID7,5,1082624,1262509,1,gaze_data,1741886123529,472.72348403930664,164.91295248270035,1741886123509.9001,1
1,1,block_2,2,Provo_ID7,5,1082624,1262509,1,gaze_data,1741886123562,373.90081882476807,184.44329351186752,1741886123542.9001,1
1,1,block_2,2,Provo_ID7,5,1082624,1262509,1,gaze_data,1741886123590,293.2533264160156,210.67327111959457,1741886123577.5,1
1,1,block_2,2,Provo_ID7,5,1082624,1262509,1,gaze_data,1741886123624,291.204833984375,229.58388030529022,1741886123610.1,1
1,1,block_2,2,Provo_ID7,5,1082624,1262509,1,gaze_data,1741886123659,293.2555675506592,225.7622465491295,1741886123643.3,1
1,1,block_2,2,Provo_ID7,5,1082624,1262509,1,gaze_data,1741886123690,297.40517139434814,222.66786396503448,1741886123676.2002,1
1,1,block_2,2,Provo_ID7,5,1082624,1262509,1,gaze_data,1741886123724,306.483393907547,232.4632726609707,1741886123710.1,1
1,1,block_2,2,Provo_ID7,5,1082624,1262509,1,gaze_data,1741886123757,256.693959236145,230.61021640896797,1741886123742.5,1
1,1,block_2,2,Provo_ID7,5,1082624,1262509,1,gaze_data,1741886123788,252.39272117614746,243.39200034737587,1741886123776.5,1
1,1,block_2,2,Provo_ID7,5,1082624,1262509,1,gaze_data,1741886123829,254.43973541259766,245.93477174639702,1741886123821.1,1
1,1,block_2,2,Provo_ID7,5,1082624,1262509,1,gaze_data,1741886123862,259.16693210601807,267.70651564002037,1741886123843.4001,1
1,1,block_2,2,Provo_ID7,5,1082624,1262509,1,gaze_data,1741886123894,258.16071033477783,271.9055622816086,1741886123876.8,1
1,1,block_2,2,Provo_ID7,5,1082624,1262509,1,gaze_data,1741886123924,208.85941982269287,261.0305719077587,1741886123910.3,1
1,1,block_2,2,Provo_ID7,5,1082624,1262509,1,gaze_data,1741886123957,197.1301555633545,262.92954236269,1741886123943.3,1
1,1,block_2,2,Provo_ID7,5,1082624,1262509,1,gaze_data,1741886123990,166.25735759735107,256.58073872327805,1741886123975.9001,1
1,1,block_2,2,Provo_ID7,5,1082624,1262509,1,gaze_data,1741886124023,163.44082355499268,295.56140154600143,1741886124009.6,0.9991484837126956
1,1,block_2,2,Provo_ID7,5,1082624,1262509,1,gaze_data,1741886124057,222.3641872406006,372.6072072982788,1741886124044.2002,0.9330703695130707
1,1,block_2,2,Provo_ID7,5,1082624,1262509,1,gaze_data,1741886124090,357.0225775241852,296.1018815636635,1741886124076.6,0.03924131285185434
1,1,block_2,2,Provo_ID7,5,1082624,1262509,1,gaze_data,1741886124123,273.62749576568604,319.5665016770363,1741886124110.2002,0
1,1,block_2,2,Provo_ID7,5,1082624,1262509,1,gaze_data,1741886124155,193.29497814178467,401.3463020324707,1741886124143.6,0
1,1,block_2,2,Provo_ID7,5,1082624,1262509,1,gaze_data,1741886124190,167.598295211792,330.38582503795624,1741886124176.5,0
1,1,block_2,2,Provo_ID7,5,1082624,1262509,1,gaze_data,1741886124225,156.92052841186523,335.2496460080147,1741886124209.2002,0.1244420229096425
1,1,block_2,2,Provo_ID7,5,1082624,1262509,1,gaze_data,1741886124262,145.09124755859375,320.7724452018738,1741886124243.3,0.2511720321227344
1,1,block_2,2,Provo_ID7,5,1082624,1262509,1,gaze_data,1741886124296,151.1958122253418,305.576553940773,1741886124277.4001,0.668577122976139
1,1,block_2,2,Provo_ID7,5,1082624,1262509,1,gaze_data,1741886124329,190.29700756072998,280.48734217882156,1741886124311.1,0.7601630646167394
1,1,block_2,2,Provo_ID7,5,1082624,1262509,1,gaze_data,1741886124362,289.28449153900146,246.95391431450844,1741886124342.7002,0.816907822569156
1,1,block_2,2,Provo_ID7,5,1082624,1262509,1,gaze_data,1741886124391,271.7752933502197,247.21515402197838,1741886124376.8,0.816907822569156
1,1,block_2,2,Provo_ID7,5,1082624,1262509,1,gaze_data,1741886124429,285.0145101547241,261.6886034607887,1741886124409.3,1
1,1,block_2,2,Provo_ID7,5,1082624,1262509,1,gaze_data,1741886124457,288.47622871398926,261.55215352773666,1741886124443.6,1
1,1,block_2,2,Provo_ID7,5,1082624,1262509,1,gaze_data,1741886124498,300.981730222702,206.63046687841415,1741886124475.9001,1
1,1,block_2,2,Provo_ID7,5,1082624,1262509,1,gaze_data,1741886124531,307.5724422931671,203.7300005555153,1741886124511.2002,1
1,1,block_2,2,Provo_ID7,5,1082624,1262509,1,gaze_data,1741886124562,297.8837251663208,207.70845413208008,1741886124543.4001,1
1,1,block_2,2,Provo_ID7,5,1082624,1262509,1,gaze_data,1741886124591,378.1857907772064,190.49303084611893,1741886124576.5,1
1,1,block_2,2,Provo_ID7,5,1082624,1262509,1,gaze_data,1741886124629,433.58764946460724,195.74657678604126,1741886124610.4001,1
1,1,block_2,2,Provo_ID7,5,1082624,1262509,1,gaze_data,1741886124653,426.7057627439499,205.7615578174591,1741886124642.4001,1
1,1,block_2,2,Provo_ID7,5,1082624,1262509,1,gaze_data,1741886124695,430.06434738636017,186.47027611732483,1741886124676.1,1
1,1,block_2,2,Provo_ID7,5,1082624,1262509,1,gaze_data,1741886124727,423.4597370028496,203.65323722362518,1741886124709,1
1,1,block_2,2,Provo_ID7,5,1082624,1262509,1,gaze_data,1741886124753,410.19253730773926,214.33842778205872,1741886124751.6,1
1,1,block_2,2,Provo_ID7,5,1082624,1262509,1,gaze_data,1741886124795,431.75400495529175,175.81327110528946,1741886124776.2002,1
1,1,block_2,2,Provo_ID7,5,1082624,1262509,1,gaze_data,1741886124824,528.9937019348145,185.53984761238098,1741886124809.8,1
1,1,block_2,2,Provo_ID7,5,1082624,1262509,1,gaze_data,1741886124858,564.9365425109863,137.30547428131104,1741886124843.8,0.9723304294786574
1,1,block_2,2,Provo_ID7,5,1082624,1262509,1,gaze_data,1741886124899,643.9053058624268,183.61278474330902,1741886124877.3,1
1,1,block_2,2,Provo_ID7,5,1082624,1262509,1,gaze_data,1741886124934,637.326169013977,168.35515052080154,1741886124909.7002,1
1,1,block_2,2,Provo_ID7,5,1082624,1262509,1,gaze_data,1741886124965,623.1509685516357,158.87773633003235,1741886124942.9001,1
1,1,block_2,2,Provo_ID7,5,1082624,1262509,1,gaze_data,1741886125002,574.390983581543,167.51419603824615,1741886124985.8,1
1,1,block_2,2,Provo_ID7,5,1082624,1262509,1,gaze_data,1741886125029,340.9004747867584,225.91713666915894,1741886125008.8,1
1,1,block_2,2,Provo_ID7,5,1082624,1262509,1,gaze_data,1741886125062,218.44463348388672,243.87916028499603,1741886125042.3,1
1,1,block_2,2,Provo_ID7,5,1082624,1262509,1,gaze_data,1741886125090,227.90298461914062,218.42986941337585,1741886125076.5,1
1,1,block_2,2,Provo_ID7,5,1082624,1262509,1,gaze_data,1741886125123,233.89580249786377,262.6206487417221,1741886125110.2002,1
1,1,block_2,2,Provo_ID7,5,1082624,1262509,1,gaze_data,1741886125158,216.1954402923584,224.03538823127747,1741886125143,1
1,1,block_2,2,Provo_ID7,5,1082624,1262509,1,gaze_data,1741886125200,225.5465269088745,229.7433264553547,1741886125176.1,1
1,1,block_2,2,Provo_ID7,5,1082624,1262509,1,gaze_data,1741886125230,225.68743228912354,237.53918558359146,1741886125210,1
1,1,block_2,2,Provo_ID7,5,1082624,1262509,1,gaze_data,1741886125261,205.3307056427002,222.89628386497498,1741886125241.9001,1
1,1,block_2,2,Provo_ID7,5,1082624,1262509,1,gaze_data,1741886125295,214.81375694274902,222.1899911761284,1741886125276.2002,1
1,1,block_2,2,Provo_ID7,5,1082624,1262509,1,gaze_data,1741886125324,205.74944019317627,223.64494055509567,1741886125309.7002,1
1,1,block_2,2,Provo_ID7,5,1082624,1262509,1,gaze_data,1741886125367,342.30067133903503,238.1669044494629,1741886125344.4001,1
1,1,block_2,2,Provo_ID7,5,1082624,1262509,1,gaze_data,1741886125391,550.3210783004761,210.6829196214676,1741886125376.1,1
1,1,block_2,2,Provo_ID7,5,1082624,1262509,1,gaze_data,1741886125429,610.5217933654785,212.2889369726181,1741886125409.4001,1
1,1,block_2,2,Provo_ID7,5,1082624,1262509,1,gaze_data,1741886125462,584.7704887390137,210.40450632572174,1741886125443.5,1
1,1,block_2,2,Provo_ID7,5,1082624,1262509,1,gaze_data,1741886125495,610.1028442382812,206.420136988163,1741886125476.1,1
1,1,block_2,2,Provo_ID7,5,1082624,1262509,1,gaze_data,1741886125528,599.899435043335,213.26701939105988,1741886125509.5,1
1,1,block_2,2,Provo_ID7,5,1082624,1262509,1,gaze_data,1741886125561,632.1476697921753,224.82846528291702,1741886125543.2002,1
1,1,block_2,2,Provo_ID7,5,1082624,1262509,1,gaze_data,1741886125591,669.8749780654907,224.37394261360168,1741886125576.2002,1
1,1,block_2,2,Provo_ID7,5,1082624,1262509,1,gaze_data,1741886125621,684.9152326583862,218.72827261686325,1741886125609.3,1
1,1,block_2,2,Provo_ID7,5,1082624,1262509,1,gaze_data,1741886125656,696.8392133712769,225.14232844114304,1741886125650.7002,1
1,1,block_2,2,Provo_ID7,5,1082624,1262509,1,gaze_data,1741886125685,683.0207347869873,237.77019828557968,1741886125676.1,1
1,1,block_2,2,Provo_ID7,5,1082624,1262509,1,gaze_data,1741886125729,677.3053407669067,233.36585089564323,1741886125709,1
1,1,block_2,2,Provo_ID7,5,1082624,1262509,1,gaze_data,1741886125759,497.0674753189087,251.00931748747826,1741886125743.3,1
1,1,block_2,2,Provo_ID7,5,1082624,1262509,1,gaze_data,1741886125798,273.40855598449707,273.2732467353344,1741886125784.5,0.8285512499259937
1,1,block_2,2,Provo_ID7,5,1082624,1262509,1,gaze_data,1741886125834,211.45029067993164,277.84350365400314,1741886125809.9001,0.9002958550306244
1,1,block_2,2,Provo_ID7,5,1082624,1262509,1,gaze_data,1741886125867,198.71599674224854,293.127803504467,1741886125842.7002,1
1,1,block_2,2,Provo_ID7,5,1082624,1262509,1,gaze_data,1741886125895,192.02160835266113,296.7027857899666,1741886125876.1,0.9949165320256119
1,1,block_2,2,Provo_ID7,5,1082624,1262509,1,gaze_data,1741886125928,202.43818759918213,302.33700424432755,1741886125909.8,1
1,1,block_2,2,Provo_ID7,5,1082624,1262509,1,gaze_data,1741886125959,215.27204513549805,284.9432699382305,1741886125942.5,1
1,1,block_2,2,Provo_ID7,5,1082624,1262509,1,gaze_data,1741886125995,211.51039600372314,288.25382739305496,1741886125983.3,1
1,1,block_2,2,Provo_ID7,5,1082624,1262509,1,gaze_data,1741886126027,214.16523456573486,307.4296101927757,1741886126008.7002,1
1,1,block_2,2,Provo_ID7,5,1082624,1262509,1,gaze_data,1741886126059,212.63411045074463,303.921802341938,1741886126042.8,1
1,1,block_2,2,Provo_ID7,5,1082624,1262509,1,gaze_data,1741886126089,236.6074800491333,300.9856551885605,1741886126078.2002,1
1,1,block_2,2,Provo_ID7,5,1082624,1262509,1,gaze_data,1741886126133,409.59421396255493,298.7203359603882,1741886126109.2002,0.9669433749679421
1,1,block_2,2,Provo_ID7,5,1082624,1262509,1,gaze_data,1741886126167,469.1822946071625,297.89615273475647,1741886126143.2002,0.9654108002191979
1,1,block_2,2,Provo_ID7,5,1082624,1262509,1,gaze_data,1741886126195,504.5340299606323,311.19336783885956,1741886126175.7002,1
1,1,block_2,2,Provo_ID7,5,1082624,1262509,1,gaze_data,1741886126230,474.0342378616333,295.91185450553894,1741886126209,0.8966092647630912
1,1,block_2,2,Provo_ID7,5,1082624,1262509,1,gaze_data,1741886126267,471.3963985443115,297.4770426750183,1741886126253.4001,1
1,1,block_2,2,Provo_ID7,5,1082624,1262509,1,gaze_data,1741886126295,492.062109708786,304.36444133520126,1741886126275.8,0.9831609189810764
1,1,block_2,2,Provo_ID7,5,1082624,1262509,1,gaze_data,1741886126329,598.2120752334595,305.7899534702301,1741886126308.8,1
1,1,block_2,2,Provo_ID7,5,1082624,1262509,1,gaze_data,1741886126358,586.3922834396362,293.3354064822197,1741886126342.4001,0.6558757205343122
1,1,block_2,2,Provo_ID7,5,1082624,1262509,1,gaze_data,1741886126391,594.8779344558716,308.0667167901993,1741886126375.7002,0.7819282589758316
1,1,block_2,2,Provo_ID7,5,1082624,1262509,1,gaze_data,1741886126434,577.1420478820801,296.0629001259804,1741886126409.2002,0.830508317321276
1,1,block_2,2,Provo_ID7,5,1082624,1262509,1,gaze_data,1741886126457,522.8982925415039,342.5851672887802,1741886126442.2002,0.7686893189175428
1,1,block_2,2,Provo_ID7,5,1082624,1262509,1,gaze_data,1741886126490,345.7437217235565,364.6631747484207,1741886126475.8,0.5840790526830949
1,1,block_2,2,Provo_ID7,5,1082624,1262509,1,gaze_data,1741886126531,339.6502912044525,355.2059292793274,1741886126509.1,0.32788583049139985
1,1,block_2,2,Provo_ID7,5,1082624,1262509,1,gaze_data,1741886126562,314.99326825141907,349.1977959871292,1741886126542.8,0.3982218316460219
1,1,block_2,2,Provo_ID7,5,1082624,1262509,1,gaze_data,1741886126600,328.3780038356781,354.8675090074539,1741886126574.7002,0.36868623564146785
1,1,block_2,2,Provo_ID7,5,1082624,1262509,1,gaze_data,1741886126629,337.6324236392975,349.81214106082916,1741886126609.7002,0.3454206481360188
1,1,block_2,2,Provo_ID7,5,1082624,1262509,1,gaze_data,1741886126664,248.5919952392578,347.0564693212509,1741886126642.2002,0.38758641814319844
1,1,block_2,2,Provo_ID7,5,1082624,1262509,1,gaze_data,1741886126695,237.2800588607788,360.3139728307724,1741886126683,0.3731256738007739
1,1,block_2,2,Provo_ID7,5,1082624,1262509,1,gaze_data,1741886126723,235.75868606567383,352.14165449142456,1741886126708.4001,0.3751802123554303
1,1,block_2,2,Provo_ID7,5,1082624,1262509,1,gaze_data,1741886126762,231.06157779693604,352.62272357940674,1741886126741.9001,0.37871152987971596
1,1,block_2,2,Provo_ID7,5,1082624,1262509,1,gaze_data,1741886126799,219.47369575500488,374.1815894842148,1741886126775.6,0.45825569632876806
1,1,block_2,2,Provo_ID7,5,1082624,1262509,1,gaze_data,1741886126828,249.90811347961426,353.1614899635315,1741886126808.9001,0.33075888078719645
1,1,block_2,2,Provo_ID7,5,1082624,1262509,1,gaze_data,1741886126862,488.3898437023163,402.53198742866516,1741886126843,0.234125583066306
1,1,block_2,2,Provo_ID7,5,1082624,1262509,1,gaze_data,1741886126893,552.7702331542969,362.79231905937195,1741886126875.6,0.20494293448623088
1,1,block_2,2,Provo_ID7,5,1082624,1262509,1,gaze_data,1741886126928,556.2739610671997,363.10139894485474,1741886126916.8,0.31836899537847174
1,1,block_2,2,Provo_ID7,5,1082624,1262509,1,gaze_data,1741886126957,552.9437303543091,360.06627082824707,1741886126943,0.14774327136778231
1,1,block_2,2,Provo_ID7,5,1082624,1262509,1,gaze_data,1741886126990,547.2621917724609,362.69054412841797,1741886126975.5,0.28062628625432245
1,1,block_2,2,Provo_ID7,5,1082624,1262509,1,gaze_data,1741886127026,551.1589288711548,372.45351672172546,1741886127007.8,0.28878517286509686
1,1,block_2,2,Provo_ID7,5,1082624,1262509,1,gaze_data,1741886127056,545.8884954452515,354.8917531967163,1741886127041.6,0.27572325857312585
1,1,block_2,2,Provo_ID7,5,1082624,1262509,1,gaze_data,1741886127090,543.2501554489136,352.7317404747009,1741886127076.2002,0.37107983066430933
1,1,block_2,2,Provo_ID7,5,1082624,1262509,1,gaze_data,1741886127124,553.3737182617188,366.5320634841919,1741886127108.5,0.334489219118551
1,1,block_2,2,Provo_ID7,5,1082624,1262509,1,gaze_data,1741886127162,452.73839831352234,293.5522109270096,1741886127141.3,0.4780448300963609
1,1,block_2,2,Provo_ID7,5,1082624,1262509,1,gaze_data,1741886127195,355.99043369293213,210.82252860069275,1741886127175.5,0.46915221300368576
1,1,block_2,2,Provo_ID7,5,1082624,1262509,1,gaze_data,1741886127227,363.95554542541504,206.1093434691429,1741886127208.6,0.7849427489772696
1,1,block_2,2,Provo_ID7,5,1082624,1262509,1,gaze_data,1741886127262,332.4470341205597,210.80384999513626,1741886127249.3,1
1,1,block_2,2,Provo_ID7,5,1082624,1262509,1,gaze_data,1741886127295,316.11074805259705,191.9254645705223,1741886127275.5,1
1,1,block_2,2,Provo_ID7,5,1082624,1262509,1,gaze_data,1741886127328,275.4010200500488,182.1399837732315,1741886127309.3,1
1,1,block_2,2,Provo_ID7,5,1082624,1262509,1,gaze_data,1741886127363,238.07179927825928,182.56793022155762,1741886127341.9001,1
1,1,block_2,2,Provo_ID7,5,1082624,1262509,1,gaze_data,1741886127395,245.88029384613037,182.42513239383698,1741886127374.8,1
1,1,block_2,2,Provo_ID7,5,1082624,1262509,1,gaze_data,1741886127428,241.89846515655518,179.958938062191,1741886127408.7002,1
1,1,block_2,2,Provo_ID7,5,1082624,1262509,1,gaze_data,1741886127462,251.2157678604126,170.1759308576584,1741886127441.9001,1
1,1,block_2,2,Provo_ID7,5,1082624,1262509,1,gaze_data,1741886127491,231.9607973098755,185.79518646001816,1741886127475.2002,1
1,1,block_2,2,Provo_ID7,5,1082624,1262509,1,gaze_data,1741886127524,181.05931282043457,182.4202448129654,1741886127508.2002,1
1,1,block_2,2,Provo_ID7,5,1082624,1262509,1,gaze_data,1741886127557,176.95770263671875,182.23208785057068,1741886127542.5,1
1,1,block_2,2,Provo_ID7,5,1082624,1262509,1,gaze_data,1741886127590,185.54091453552246,175.92032104730606,1741886127574.1,1
1,1,block_2,2,Provo_ID7,5,1082624,1262509,1,gaze_data,1741886127623,176.84483528137207,180.60098439455032,1741886127608.5,1
1,1,block_2,2,Provo_ID7,5,1082624,1262509,1,gaze_data,1741886127663,167.07727909088135,186.06722950935364,1741886127641.4001,1
1,1,block_2,2,Provo_ID7,5,1082624,1262509,1,gaze_data,1741886127700,323.6417353153229,195.75049579143524,1741886127675.1,1
1,1,block_2,2,Provo_ID7,5,1082624,1262509,1,gaze_data,1741886127724,392.47204661369324,175.79810917377472,1741886127709,1
1,1,block_2,2,Provo_ID7,5,1082624,1262509,1,gaze_data,1741886127761,423.5914349555969,169.822758436203,1741886127741.8,1
1,1,block_2,2,Provo_ID7,5,1082624,1262509,1,gaze_data,1741886127797,411.69306337833405,180.05180209875107,1741886127776.1,1
1,1,block_2,2,Provo_ID7,5,1082624,1262509,1,gaze_data,1741886127820,416.56316816806793,180.574668943882,1741886127809.3,1
1,1,block_2,2,Provo_ID7,5,1082624,1262509,1,gaze_data,1741886127867,418.35740208625793,179.83893156051636,1741886127842.1,1
1,1,block_2,2,Provo_ID7,5,1082624,1262509,1,gaze_data,1741886127886,420.78408002853394,172.63175398111343,1741886127874.9001,1
1,1,block_2,2,Provo_ID7,5,1082624,1262509,1,gaze_data,1741886127930,417.31877624988556,172.72381335496902,1741886127908.7002,1
1,1,block_2,2,Provo_ID7,5,1082624,1262509,1,gaze_data,1741886127963,434.3066334724426,174.54513758420944,1741886127950.3,1
1,1,block_2,2,Provo_ID7,5,1082624,1262509,1,gaze_data,1741886127991,402.24715173244476,182.76209235191345,1741886127975.6,1
1,1,block_2,2,Provo_ID7,5,1082624,1262509,1,gaze_data,1741886128026,309.6278250217438,188.6930152773857,1741886128009.3,1
1,1,block_2,2,Provo_ID7,5,1082624,1262509,1,gaze_data,1741886128057,309.591680765152,190.04385024309158,1741886128053.7002,1
1,1,block_2,2,Provo_ID7,5,1082624,1262509,1,gaze_data,1741886128100,269.19751167297363,164.81479853391647,1741886128074.3,1
1,1,block_2,2,Provo_ID7,5,1082624,1262509,1,gaze_data,1741886128125,276.3054847717285,168.38811933994293,1741886128108.2002,1
1,1,block_2,2,Provo_ID7,5,1082624,1262509,1,gaze_data,1741886128160,259.7719669342041,163.3074939250946,1741886128141.8,1
1,1,block_2,2,Provo_ID7,5,1082624,1262509,1,gaze_data,1741886128192,273.4893321990967,161.55969202518463,1741886128181.7002,1
1,1,block_2,2,Provo_ID7,5,1082624,1262509,1,gaze_data,1741886128224,273.67963790893555,171.57909870147705,1741886128208.9001,1
1,1,block_2,2,Provo_ID7,5,1082624,1262509,1,gaze_data,1741886128267,219.91195678710938,178.24531197547913,1741886128242.8,1
1,1,block_2,2,Provo_ID7,5,1082624,1262509,1,gaze_data,1741886128293,217.99120903015137,182.8205868601799,1741886128275.3,1
1,1,block_2,2,Provo_ID7,5,1082624,1262509,1,gaze_data,1741886128324,225.1115083694458,189.97564762830734,1741886128314.2002,1
1,1,block_2,2,Provo_ID7,5,1082624,1262509,1,gaze_data,1741886128362,217.5396203994751,182.50589668750763,1741886128341.6,1
1,1,block_2,2,Provo_ID7,5,1082624,1262509,1,gaze_data,1741886128395,239.09814357757568,195.37724405527115,1741886128374.4001,1
1,1,block_2,2,Provo_ID7,5,1082624,1262509,1,gaze_data,1741886128431,198.2485294342041,232.45446979999542,1741886128407.9001,1
1,1,block_2,2,Provo_ID7,5,1082624,1262509,1,gaze_data,1741886128458,199.7476577758789,251.70055255293846,1741886128447.7002,1
1,1,block_2,2,Provo_ID7,5,1082624,1262509,1,gaze_data,1741886128495,236.4887237548828,236.8124671280384,1741886128476.2002,1
1,1,block_2,2,Provo_ID7,5,1082624,1262509,1,gaze_data,1741886128519,235.51294803619385,233.85948166251183,1741886128508.7002,1
1,1,block_2,2,Provo_ID7,5,1082624,1262509,1,gaze_data,1741886128561,221.2381362915039,238.53232562541962,1741886128541.9001,1
1,1,block_2,2,Provo_ID7,5,1082624,1262509,1,gaze_data,1741886128591,260.3172779083252,262.6475863158703,1741886128576.9001,1
1,1,block_2,2,Provo_ID7,5,1082624,1262509,1,gaze_data,1741886128629,383.39235186576843,217.60254204273224,1741886128608.6,1
1,1,block_2,2,Provo_ID7,5,1082624,1262509,1,gaze_data,1741886128667,423.3716279268265,225.2901703119278,1741886128640.9001,1
1,1,block_2,2,Provo_ID7,5,1082624,1262509,1,gaze_data,1741886128689,417.72032380104065,212.00720071792603,1741886128674.3,1
1,1,block_2,2,Provo_ID7,5,1082624,1262509,1,gaze_data,1741886128729,432.89483189582825,191.62301570177078,1741886128714.8,1
1,1,block_2,2,Provo_ID7,5,1082624,1262509,1,gaze_data,1741886128762,435.8375549316406,199.9477654695511,1741886128741.9001,1
1,1,block_2,2,Provo_ID7,5,1082624,1262509,1,gaze_data,1741886128795,450.5448877811432,246.61145582795143,1741886128774.9001,1
1,1,block_2,2,Provo_ID7,5,1082624,1262509,1,gaze_data,1741886128829,483.8744342327118,294.24742460250854,1741886128808.6,1
1,1,block_2,2,Provo_ID7,5,1082624,1262509,1,gaze_data,1741886128861,466.75829887390137,283.99716168642044,1741886128850.2002,1
1,1,block_2,2,Provo_ID7,5,1082624,1262509,1,gaze_data,1741886128890,472.4540948867798,291.6312426328659,1741886128874.6,0.9850920735343651
1,1,block_2,2,Provo_ID7,5,1082624,1262509,1,gaze_data,1741886128922,483.87370109558105,292.1336352825165,1741886128907.4001,1
1,1,block_2,2,Provo_ID7,5,1082624,1262509,1,gaze_data,1741886128960,484.17320251464844,294.8006674647331,1741886128941.1,1
1,1,block_2,2,Provo_ID7,5,1082624,1262509,1,gaze_data,1741886128994,465.23932814598083,291.9943690299988,1741886128975.6,0.9871701947831917
1,1,block_2,2,Provo_ID7,5,1082624,1262509,1,gaze_data,1741886129023,444.1556066274643,289.62355703115463,1741886129008,0.9331422295899392
1,1,block_2,2,Provo_ID7,5,1082624,1262509,1,gaze_data,1741886129065,296.52678966522217,303.8663700222969,1741886129040.6,0.9043636651124096
1,1,block_2,2,Provo_ID7,5,1082624,1262509,1,gaze_data,1741886129094,262.6136064529419,302.6025280356407,1741886129084.3,0.7833108987754764
1,1,block_2,2,Provo_ID7,5,1082624,1262509,1,gaze_data,1741886129132,238.1833553314209,315.272955596447,1741886129107.1,0.8373266909349071
1,1,block_2,2,Provo_ID7,5,1082624,1262509,1,gaze_data,1741886129162,257.8672409057617,302.3165449500084,1741886129140.5,0.7977355167552651
1,1,block_2,2,Provo_ID7,5,1082624,1262509,1,gaze_data,1741886129194,261.0858201980591,291.6653886437416,1741886129174.6,0.7646514278055286
1,1,block_2,2,Provo_ID7,5,1082624,1262509,1,gaze_data,1741886129222,258.8032007217407,287.8199800848961,1741886129207.2002,0.8849080369051627
1,1,block_2,2,Provo_ID7,5,1082624,1262509,1,gaze_data,1741886129257,222.59821891784668,314.0687257051468,1741886129240.4001,0.8434984879299368
1,1,block_2,2,Provo_ID7,5,1082624,1262509,1,gaze_data,1741886129293,218.89238357543945,305.42649924755096,1741886129274.1,0.9734521452639004
1,1,block_2,2,Provo_ID7,5,1082624,1262509,1,gaze_data,1741886129330,207.34426975250244,313.1304442882538,1741886129316,0.8619654385869672
1,1,block_2,2,Provo_ID7,5,1082624,1262509,1,gaze_data,1741886129361,223.3999252319336,322.31923043727875,1741886129340.4001,0.8635206174120231
1,1,block_2,2,Provo_ID7,5,1082624,1262509,1,gaze_data,1741886129390,190.25399684906006,319.773568212986,1741886129373.7002,0.8499317151074495
1,1,block_2,2,Provo_ID7,5,1082624,1262509,1,gaze_data,1741886129432,200.1452922821045,356.6797137260437,1741886129407.7002,0.8070223302812993
1,1,block_2,2,Provo_ID7,5,1082624,1262509,1,gaze_data,1741886129457,227.41706371307373,358.16772878170013,1741886129441.5,0.8099811203343564
1,1,block_2,2,Provo_ID7,5,1082624,1262509,1,gaze_data,1741886129490,225.11327266693115,368.35013926029205,1741886129473.7002,0.753477914047844
1,1,block_2,2,Provo_ID7,5,1082624,1262509,1,gaze_data,1741886129528,220.75157165527344,381.03652596473694,1741886129507.2002,0.4349807503527468
1,1,block_2,2,Provo_ID7,5,1082624,1262509,1,gaze_data,1741886129556,201.71563625335693,372.2046375274658,1741886129540.4001,0.38107346722326646
1,1,block_2,2,Provo_ID7,5,1082624,1262509,1,gaze_data,1741886129594,219.25806999206543,371.8147933483124,1741886129573.7002,0.3832940708255825
1,1,block_2,2,Provo_ID7,5,1082624,1262509,1,gaze_data,1741886129633,205.74865341186523,376.28225088119507,1741886129606.8,0.44208155018967343
1,1,block_2,2,Provo_ID7,5,1082624,1262509,1,gaze_data,1741886129662,210.04786491394043,367.0251578092575,1741886129641,0.30268488002477084
1,1,block_2,2,Provo_ID7,5,1082624,1262509,1,gaze_data,1741886129699,197.44093418121338,374.6407389640808,1741886129674.1,0.24244545000022905
1,1,block_2,2,Provo_ID7,5,1082624,1262509,1,gaze_data,1741886129723,210.47370433807373,375.4558324813843,1741886129707,0.358423752092665
1,1,block_2,2,Provo_ID7,5,1082624,1262509,1,gaze_data,1741886129762,200.25582313537598,401.36290192604065,1741886129741.3,0.2456805552472467
1,1,block_2,2,Provo_ID7,5,1082624,1262509,1,gaze_data,1741886129795,207.03125,397.7951765060425,1741886129774.3,0.24964015931076508
1,1,block_2,2,Provo_ID7,5,1082624,1262509,1,gaze_data,1741886129829,212.1962308883667,372.6200520992279,1741886129807.5,0.19678884625037749
1,1,block_2,2,Provo_ID7,5,1082624,1262509,1,gaze_data,1741886129857,221.3520050048828,364.92923498153687,1741886129841.1,0.30328997043435213
1,1,block_2,2,Provo_ID7,5,1082624,1262509,1,gaze_data,1741886129894,221.8390941619873,376.1134058237076,1741886129874.5,0.19302023640509167
1,1,block_2,2,Provo_ID7,5,1082624,1262509,1,gaze_data,1741886129928,200.72298049926758,390.4073894023895,1741886129906.7002,0.17832903395462055
1,1,block_2,2,Provo_ID7,5,1082624,1262509,1,gaze_data,1741886129956,211.36345863342285,382.08765387535095,1741886129940.3,0.23527868215538605
1,1,block_2,2,Provo_ID7,5,1082624,1262509,1,gaze_data,1741886129999,205.00597953796387,374.64649081230164,1741886129973.8,0.2681051228926442
1,1,block_2,2,Provo_ID7,5,1082624,1262509,1,gaze_data,1741886130028,196.6475248336792,383.48416090011597,1741886130006.9001,0.23760839792521182
1,1,block_2,2,Provo_ID7,5,1082624,1262509,1,gaze_data,1741886130060,209.43129062652588,387.1248573064804,1741886130040.4001,0.2076114868429646
1,1,block_2,2,Provo_ID7,5,1082624,1262509,1,gaze_data,1741886130094,210.42325496673584,378.7911295890808,1741886130073.4001,0.2691538217434005
1,1,block_2,2,Provo_ID7,5,1082624,1262509,1,gaze_data,1741886130122,210.57965755462646,376.0404050350189,1741886130107.3,0.27079297060472907
1,1,block_2,2,Provo_ID7,5,1082624,1262509,1,gaze_data,1741886130161,204.7806739807129,435.37299931049347,1741886130140.1,0.27032569081087016
1,1,block_2,2,Provo_ID7,5,1082624,1262509,1,gaze_data,1741886130195,227.36504077911377,396.3923066854477,1741886130173.3,0.1662454868414886
1,1,block_2,2,Provo_ID7,5,1082624,1262509,1,gaze_data,1741886130227,221.64154052734375,373.37002754211426,1741886130206.9001,0.1523784434352959
1,1,block_2,2,Provo_ID7,5,1082624,1262509,1,gaze_data,1741886130260,227.5766372680664,395.9091365337372,1741886130240.3,0.2516355005170595
1,1,block_2,2,Provo_ID7,5,1082624,1262509,1,gaze_x,"",
1,1,block_2,2,Provo_ID7,5,1082624,1262509,1,gaze_y,"",
1,1,block_2,2,Provo_ID7,5,1082624,1262509,1,el_x,"",
1,1,block_2,2,Provo_ID7,5,1082624,1262509,1,applied_drift,1741886089880,
1,1,block_2,2,Provo_ID7,5,1082624,1262509,1,applied_drift,1741886113385,-47.109729051589966,-88.84378671646118
1,1,block_2,2,Provo_ID7,5,1082624,1262509,1,applied_drift,1741886113419,-47.109729051589966,-88.84378671646118
1,1,block_2,2,Provo_ID7,5,1082624,1262509,1,applied_drift,1741886113451,-47.109729051589966,-88.84378671646118
1,1,block_2,2,Provo_ID7,5,1082624,1262509,1,applied_drift,1741886113484,-47.109729051589966,-88.84378671646118
1,1,block_2,2,Provo_ID7,5,1082624,1262509,1,applied_drift,1741886113514,-47.109729051589966,-88.84378671646118
1,1,block_2,2,Provo_ID7,5,1082624,1262509,1,applied_drift,1741886113552,-47.109729051589966,-88.84378671646118
1,1,block_2,2,Provo_ID7,5,1082624,1262509,1,applied_drift,1741886113580,-47.109729051589966,-88.84378671646118
1,1,block_2,2,Provo_ID7,5,1082624,1262509,1,applied_drift,1741886113618,-47.109729051589966,-88.84378671646118
1,1,block_2,2,Provo_ID7,5,1082624,1262509,1,applied_drift,1741886113653,-47.109729051589966,-88.84378671646118
1,1,block_2,2,Provo_ID7,5,1082624,1262509,1,applied_drift,1741886113690,-47.109729051589966,-88.84378671646118
1,1,block_2,2,Provo_ID7,5,1082624,1262509,1,applied_drift,1741886113719,-47.109729051589966,-88.84378671646118
1,1,block_2,2,Provo_ID7,5,1082624,1262509,1,applied_drift,1741886113752,-47.109729051589966,-88.84378671646118
1,1,block_2,2,Provo_ID7,5,1082624,1262509,1,applied_drift,1741886113785,-47.109729051589966,-88.84378671646118
1,1,block_2,2,Provo_ID7,5,1082624,1262509,1,applied_drift,1741886113824,-47.109729051589966,-88.84378671646118
1,1,block_2,2,Provo_ID7,5,1082624,1262509,1,applied_drift,1741886113859,-47.109729051589966,-88.84378671646118
1,1,block_2,2,Provo_ID7,5,1082624,1262509,1,applied_drift,1741886113891,-47.109729051589966,-88.84378671646118
1,1,block_2,2,Provo_ID7,5,1082624,1262509,1,applied_drift,1741886113930,-47.109729051589966,-88.84378671646118
1,1,block_2,2,Provo_ID7,5,1082624,1262509,1,applied_drift,1741886113964,-47.109729051589966,-88.84378671646118
1,1,block_2,2,Provo_ID7,5,1082624,1262509,1,applied_drift,1741886113986,-47.109729051589966,-88.84378671646118
1,1,block_2,2,Provo_ID7,5,1082624,1262509,1,applied_drift,1741886114024,-47.109729051589966,-88.84378671646118
1,1,block_2,2,Provo_ID7,5,1082624,1262509,1,applied_drift,1741886114062,-47.109729051589966,-88.84378671646118
1,1,block_2,2,Provo_ID7,5,1082624,1262509,1,applied_drift,1741886114095,-47.109729051589966,-88.84378671646118
1,1,block_2,2,Provo_ID7,5,1082624,1262509,1,applied_drift,1741886114128,-47.109729051589966,-88.84378671646118
1,1,block_2,2,Provo_ID7,5,1082624,1262509,1,applied_drift,1741886114161,-47.109729051589966,-88.84378671646118
1,1,block_2,2,Provo_ID7,5,1082624,1262509,1,applied_drift,1741886114189,-47.109729051589966,-88.84378671646118
1,1,block_2,2,Provo_ID7,5,1082624,1262509,1,applied_drift,1741886114228,-47.109729051589966,-88.84378671646118
1,1,block_2,2,Provo_ID7,5,1082624,1262509,1,applied_drift,1741886114262,-47.109729051589966,-88.84378671646118
1,1,block_2,2,Provo_ID7,5,1082624,1262509,1,applied_drift,1741886114295,-47.109729051589966,-88.84378671646118
1,1,block_2,2,Provo_ID7,5,1082624,1262509,1,applied_drift,1741886114324,-47.109729051589966,-88.84378671646118
1,1,block_2,2,Provo_ID7,5,1082624,1262509,1,applied_drift,1741886114361,-47.109729051589966,-88.84378671646118
1,1,block_2,2,Provo_ID7,5,1082624,1262509,1,applied_drift,1741886114390,-47.109729051589966,-88.84378671646118
1,1,block_2,2,Provo_ID7,5,1082624,1262509,1,applied_drift,1741886114431,-47.109729051589966,-88.84378671646118
1,1,block_2,2,Provo_ID7,5,1082624,1262509,1,applied_drift,1741886114467,-47.109729051589966,-88.84378671646118
1,1,block_2,2,Provo_ID7,5,1082624,1262509,1,applied_drift,1741886114496,-47.109729051589966,-88.84378671646118
1,1,block_2,2,Provo_ID7,5,1082624,1262509,1,applied_drift,1741886114529,-47.109729051589966,-88.84378671646118
1,1,block_2,2,Provo_ID7,5,1082624,1262509,1,applied_drift,1741886114562,-47.109729051589966,-88.84378671646118
1,1,block_2,2,Provo_ID7,5,1082624,1262509,1,applied_drift,1741886114595,-47.109729051589966,-88.84378671646118
1,1,block_2,2,Provo_ID7,5,1082624,1262509,1,applied_drift,1741886114629,-47.109729051589966,-88.84378671646118
1,1,block_2,2,Provo_ID7,5,1082624,1262509,1,applied_drift,1741886114662,-47.109729051589966,-88.84378671646118
1,1,block_2,2,Provo_ID7,5,1082624,1262509,1,applied_drift,1741886114689,-47.109729051589966,-88.84378671646118
1,1,block_2,2,Provo_ID7,5,1082624,1262509,1,applied_drift,1741886114728,-47.109729051589966,-88.84378671646118
1,1,block_2,2,Provo_ID7,5,1082624,1262509,1,applied_drift,1741886114761,-47.109729051589966,-88.84378671646118
1,1,block_2,2,Provo_ID7,5,1082624,1262509,1,applied_drift,1741886114790,-47.109729051589966,-88.84378671646118
1,1,block_2,2,Provo_ID7,5,1082624,1262509,1,applied_drift,1741886114822,-47.109729051589966,-88.84378671646118
1,1,block_2,2,Provo_ID7,5,1082624,1262509,1,applied_drift,1741886114862,-47.109729051589966,-88.84378671646118
1,1,block_2,2,Provo_ID7,5,1082624,1262509,1,applied_drift,1741886114895,-47.109729051589966,-88.84378671646118
1,1,block_2,2,Provo_ID7,5,1082624,1262509,1,applied_drift,1741886114924,-47.109729051589966,-88.84378671646118
1,1,block_2,2,Provo_ID7,5,1082624,1262509,1,applied_drift,1741886114959,-47.109729051589966,-88.84378671646118
1,1,block_2,2,Provo_ID7,5,1082624,1262509,1,applied_drift,1741886114995,-47.109729051589966,-88.84378671646118
1,1,block_2,2,Provo_ID7,5,1082624,1262509,1,applied_drift,1741886115029,-47.109729051589966,-88.84378671646118
1,1,block_2,2,Provo_ID7,5,1082624,1262509,1,applied_drift,1741886115064,-47.109729051589966,-88.84378671646118
1,1,block_2,2,Provo_ID7,5,1082624,1262509,1,applied_drift,1741886115095,-47.109729051589966,-88.84378671646118
1,1,block_2,2,Provo_ID7,5,1082624,1262509,1,applied_drift,1741886115129,-47.109729051589966,-88.84378671646118
1,1,block_2,2,Provo_ID7,5,1082624,1262509,1,applied_drift,1741886115161,-47.109729051589966,-88.84378671646118
1,1,block_2,2,Provo_ID7,5,1082624,1262509,1,applied_drift,1741886115195,-47.109729051589966,-88.84378671646118
1,1,block_2,2,Provo_ID7,5,1082624,1262509,1,applied_drift,1741886115229,-47.109729051589966,-88.84378671646118
1,1,block_2,2,Provo_ID7,5,1082624,1262509,1,applied_drift,1741886115262,-47.109729051589966,-88.84378671646118
1,1,block_2,2,Provo_ID7,5,1082624,1262509,1,applied_drift,1741886115294,-47.109729051589966,-88.84378671646118
1,1,block_2,2,Provo_ID7,5,1082624,1262509,1,applied_drift,1741886115329,-47.109729051589966,-88.84378671646118
1,1,block_2,2,Provo_ID7,5,1082624,1262509,1,applied_drift,1741886115362,-47.109729051589966,-88.84378671646118
1,1,block_2,2,Provo_ID7,5,1082624,1262509,1,applied_drift,1741886115399,-47.109729051589966,-88.84378671646118
1,1,block_2,2,Provo_ID7,5,1082624,1262509,1,applied_drift,1741886115430,-47.109729051589966,-88.84378671646118
1,1,block_2,2,Provo_ID7,5,1082624,1262509,1,applied_drift,1741886115462,-47.109729051589966,-88.84378671646118
1,1,block_2,2,Provo_ID7,5,1082624,1262509,1,applied_drift,1741886115501,-47.109729051589966,-88.84378671646118
1,1,block_2,2,Provo_ID7,5,1082624,1262509,1,applied_drift,1741886115525,-47.109729051589966,-88.84378671646118
1,1,block_2,2,Provo_ID7,5,1082624,1262509,1,applied_drift,1741886115567,-47.109729051589966,-88.84378671646118
1,1,block_2,2,Provo_ID7,5,1082624,1262509,1,applied_drift,1741886115596,-47.109729051589966,-88.84378671646118
1,1,block_2,2,Provo_ID7,5,1082624,1262509,1,applied_drift,1741886115627,-47.109729051589966,-88.84378671646118
1,1,block_2,2,Provo_ID7,5,1082624,1262509,1,applied_drift,1741886115662,-47.109729051589966,-88.84378671646118
1,1,block_2,2,Provo_ID7,5,1082624,1262509,1,applied_drift,1741886115690,-47.109729051589966,-88.84378671646118
1,1,block_2,2,Provo_ID7,5,1082624,1262509,1,applied_drift,1741886115724,-47.109729051589966,-88.84378671646118
1,1,block_2,2,Provo_ID7,5,1082624,1262509,1,applied_drift,1741886115759,-47.109729051589966,-88.84378671646118
1,1,block_2,2,Provo_ID7,5,1082624,1262509,1,applied_drift,1741886115795,-47.109729051589966,-88.84378671646118
1,1,block_2,2,Provo_ID7,5,1082624,1262509,1,applied_drift,1741886115828,-47.109729051589966,-88.84378671646118
1,1,block_2,2,Provo_ID7,5,1082624,1262509,1,applied_drift,1741886115862,-47.109729051589966,-88.84378671646118
1,1,block_2,2,Provo_ID7,5,1082624,1262509,1,applied_drift,1741886115896,-47.109729051589966,-88.84378671646118
1,1,block_2,2,Provo_ID7,5,1082624,1262509,1,applied_drift,1741886115929,-47.109729051589966,-88.84378671646118
1,1,block_2,2,Provo_ID7,5,1082624,1262509,1,applied_drift,1741886115962,-47.109729051589966,-88.84378671646118
1,1,block_2,2,Provo_ID7,5,1082624,1262509,1,applied_drift,1741886115996,-47.109729051589966,-88.84378671646118
1,1,block_2,2,Provo_ID7,5,1082624,1262509,1,applied_drift,1741886116028,-47.109729051589966,-88.84378671646118
1,1,block_2,2,Provo_ID7,5,1082624,1262509,1,applied_drift,1741886116062,-47.109729051589966,-88.84378671646118
1,1,block_2,2,Provo_ID7,5,1082624,1262509,1,applied_drift,1741886116095,-47.109729051589966,-88.84378671646118
1,1,block_2,2,Provo_ID7,5,1082624,1262509,1,applied_drift,1741886116127,-47.109729051589966,-88.84378671646118
1,1,block_2,2,Provo_ID7,5,1082624,1262509,1,applied_drift,1741886116157,-47.109729051589966,-88.84378671646118
1,1,block_2,2,Provo_ID7,5,1082624,1262509,1,applied_drift,1741886116190,-47.109729051589966,-88.84378671646118
1,1,block_2,2,Provo_ID7,5,1082624,1262509,1,applied_drift,1741886116228,-47.109729051589966,-88.84378671646118
1,1,block_2,2,Provo_ID7,5,1082624,1262509,1,applied_drift,1741886116258,-47.109729051589966,-88.84378671646118
1,1,block_2,2,Provo_ID7,5,1082624,1262509,1,applied_drift,1741886116291,-47.109729051589966,-88.84378671646118
1,1,block_2,2,Provo_ID7,5,1082624,1262509,1,applied_drift,1741886116323,-47.109729051589966,-88.84378671646118
1,1,block_2,2,Provo_ID7,5,1082624,1262509,1,applied_drift,1741886116356,-47.109729051589966,-88.84378671646118
1,1,block_2,2,Provo_ID7,5,1082624,1262509,1,applied_drift,1741886116390,-47.109729051589966,-88.84378671646118
1,1,block_2,2,Provo_ID7,5,1082624,1262509,1,applied_drift,1741886116426,-47.109729051589966,-88.84378671646118
1,1,block_2,2,Provo_ID7,5,1082624,1262509,1,applied_drift,1741886116457,-47.109729051589966,-88.84378671646118
1,1,block_2,2,Provo_ID7,5,1082624,1262509,1,applied_drift,1741886116490,-47.109729051589966,-88.84378671646118
1,1,block_2,2,Provo_ID7,5,1082624,1262509,1,applied_drift,1741886116524,-47.109729051589966,-88.84378671646118
1,1,block_2,2,Provo_ID7,5,1082624,1262509,1,applied_drift,1741886116558,-47.109729051589966,-88.84378671646118
1,1,block_2,2,Provo_ID7,5,1082624,1262509,1,applied_drift,1741886116590,-47.109729051589966,-88.84378671646118
1,1,block_2,2,Provo_ID7,5,1082624,1262509,1,applied_drift,1741886116622,-47.109729051589966,-88.84378671646118
1,1,block_2,2,Provo_ID7,5,1082624,1262509,1,applied_drift,1741886116657,-47.109729051589966,-88.84378671646118
1,1,block_2,2,Provo_ID7,5,1082624,1262509,1,applied_drift,1741886116689,-47.109729051589966,-88.84378671646118
1,1,block_2,2,Provo_ID7,5,1082624,1262509,1,applied_drift,1741886116729,-47.109729051589966,-88.84378671646118
1,1,block_2,2,Provo_ID7,5,1082624,1262509,1,applied_drift,1741886116762,-47.109729051589966,-88.84378671646118
1,1,block_2,2,Provo_ID7,5,1082624,1262509,1,applied_drift,1741886116795,-47.109729051589966,-88.84378671646118
1,1,block_2,2,Provo_ID7,5,1082624,1262509,1,applied_drift,1741886116823,-47.109729051589966,-88.84378671646118
1,1,block_2,2,Provo_ID7,5,1082624,1262509,1,applied_drift,1741886116861,-47.109729051589966,-88.84378671646118
1,1,block_2,2,Provo_ID7,5,1082624,1262509,1,applied_drift,1741886116895,-47.109729051589966,-88.84378671646118
1,1,block_2,2,Provo_ID7,5,1082624,1262509,1,applied_drift,1741886116927,-47.109729051589966,-88.84378671646118
1,1,block_2,2,Provo_ID7,5,1082624,1262509,1,applied_drift,1741886116962,-47.109729051589966,-88.84378671646118
1,1,block_2,2,Provo_ID7,5,1082624,1262509,1,applied_drift,1741886116994,-47.109729051589966,-88.84378671646118
1,1,block_2,2,Provo_ID7,5,1082624,1262509,1,applied_drift,1741886117024,-47.109729051589966,-88.84378671646118
1,1,block_2,2,Provo_ID7,5,1082624,1262509,1,applied_drift,1741886117061,-47.109729051589966,-88.84378671646118
1,1,block_2,2,Provo_ID7,5,1082624,1262509,1,applied_drift,1741886117095,-47.109729051589966,-88.84378671646118
1,1,block_2,2,Provo_ID7,5,1082624,1262509,1,applied_drift,1741886117128,-47.109729051589966,-88.84378671646118
1,1,block_2,2,Provo_ID7,5,1082624,1262509,1,applied_drift,1741886117162,-47.109729051589966,-88.84378671646118
1,1,block_2,2,Provo_ID7,5,1082624,1262509,1,applied_drift,1741886117193,-47.109729051589966,-88.84378671646118
1,1,block_2,2,Provo_ID7,5,1082624,1262509,1,applied_drift,1741886117224,-47.109729051589966,-88.84378671646118
1,1,block_2,2,Provo_ID7,5,1082624,1262509,1,applied_drift,1741886117257,-47.109729051589966,-88.84378671646118
1,1,block_2,2,Provo_ID7,5,1082624,1262509,1,applied_drift,1741886117290,-47.109729051589966,-88.84378671646118
1,1,block_2,2,Provo_ID7,5,1082624,1262509,1,applied_drift,1741886117324,-47.109729051589966,-88.84378671646118
1,1,block_2,2,Provo_ID7,5,1082624,1262509,1,applied_drift,1741886117357,-47.109729051589966,-88.84378671646118
1,1,block_2,2,Provo_ID7,5,1082624,1262509,1,applied_drift,1741886117390,-47.109729051589966,-88.84378671646118
1,1,block_2,2,Provo_ID7,5,1082624,1262509,1,applied_drift,1741886117422,-47.109729051589966,-88.84378671646118
1,1,block_2,2,Provo_ID7,5,1082624,1262509,1,applied_drift,1741886117462,-47.109729051589966,-88.84378671646118
1,1,block_2,2,Provo_ID7,5,1082624,1262509,1,applied_drift,1741886117490,-47.109729051589966,-88.84378671646118
1,1,block_2,2,Provo_ID7,5,1082624,1262509,1,applied_drift,1741886117528,-47.109729051589966,-88.84378671646118
1,1,block_2,2,Provo_ID7,5,1082624,1262509,1,applied_drift,1741886117556,-47.109729051589966,-88.84378671646118
1,1,block_2,2,Provo_ID7,5,1082624,1262509,1,applied_drift,1741886117589,-47.109729051589966,-88.84378671646118
1,1,block_2,2,Provo_ID7,5,1082624,1262509,1,applied_drift,1741886117624,-47.109729051589966,-88.84378671646118
1,1,block_2,2,Provo_ID7,5,1082624,1262509,1,applied_drift,1741886117657,-47.109729051589966,-88.84378671646118
1,1,block_2,2,Provo_ID7,5,1082624,1262509,1,applied_drift,1741886117690,-47.109729051589966,-88.84378671646118
1,1,block_2,2,Provo_ID7,5,1082624,1262509,1,applied_drift,1741886117724,-47.109729051589966,-88.84378671646118
1,1,block_2,2,Provo_ID7,5,1082624,1262509,1,applied_drift,1741886117760,-47.109729051589966,-88.84378671646118
1,1,block_2,2,Provo_ID7,5,1082624,1262509,1,applied_drift,1741886117790,-47.109729051589966,-88.84378671646118
1,1,block_2,2,Provo_ID7,5,1082624,1262509,1,applied_drift,1741886117823,-47.109729051589966,-88.84378671646118
1,1,block_2,2,Provo_ID7,5,1082624,1262509,1,applied_drift,1741886117861,-47.109729051589966,-88.84378671646118
1,1,block_2,2,Provo_ID7,5,1082624,1262509,1,applied_drift,1741886117895,-47.109729051589966,-88.84378671646118
1,1,block_2,2,Provo_ID7,5,1082624,1262509,1,applied_drift,1741886117923,-47.109729051589966,-88.84378671646118
1,1,block_2,2,Provo_ID7,5,1082624,1262509,1,applied_drift,1741886117964,-47.109729051589966,-88.84378671646118
1,1,block_2,2,Provo_ID7,5,1082624,1262509,1,applied_drift,1741886117995,-47.109729051589966,-88.84378671646118
1,1,block_2,2,Provo_ID7,5,1082624,1262509,1,applied_drift,1741886118023,-47.109729051589966,-88.84378671646118
1,1,block_2,2,Provo_ID7,5,1082624,1262509,1,applied_drift,1741886118068,-47.109729051589966,-88.84378671646118
1,1,block_2,2,Provo_ID7,5,1082624,1262509,1,applied_drift,1741886118096,-47.109729051589966,-88.84378671646118
1,1,block_2,2,Provo_ID7,5,1082624,1262509,1,applied_drift,1741886118128,-47.109729051589966,-88.84378671646118
1,1,block_2,2,Provo_ID7,5,1082624,1262509,1,applied_drift,1741886118162,-47.109729051589966,-88.84378671646118
1,1,block_2,2,Provo_ID7,5,1082624,1262509,1,applied_drift,1741886118190,-47.109729051589966,-88.84378671646118
1,1,block_2,2,Provo_ID7,5,1082624,1262509,1,applied_drift,1741886118223,-47.109729051589966,-88.84378671646118
1,1,block_2,2,Provo_ID7,5,1082624,1262509,1,applied_drift,1741886118256,-47.109729051589966,-88.84378671646118
1,1,block_2,2,Provo_ID7,5,1082624,1262509,1,applied_drift,1741886118300,-47.109729051589966,-88.84378671646118
1,1,block_2,2,Provo_ID7,5,1082624,1262509,1,applied_drift,1741886118328,-47.109729051589966,-88.84378671646118
1,1,block_2,2,Provo_ID7,5,1082624,1262509,1,applied_drift,1741886118362,-47.109729051589966,-88.84378671646118
1,1,block_2,2,Provo_ID7,5,1082624,1262509,1,applied_drift,1741886118394,-47.109729051589966,-88.84378671646118
1,1,block_2,2,Provo_ID7,5,1082624,1262509,1,applied_drift,1741886118428,-47.109729051589966,-88.84378671646118
1,1,block_2,2,Provo_ID7,5,1082624,1262509,1,applied_drift,1741886118457,-47.109729051589966,-88.84378671646118
1,1,block_2,2,Provo_ID7,5,1082624,1262509,1,applied_drift,1741886118490,-47.109729051589966,-88.84378671646118
1,1,block_2,2,Provo_ID7,5,1082624,1262509,1,applied_drift,1741886118528,-47.109729051589966,-88.84378671646118
1,1,block_2,2,Provo_ID7,5,1082624,1262509,1,applied_drift,1741886118557,-47.109729051589966,-88.84378671646118
1,1,block_2,2,Provo_ID7,5,1082624,1262509,1,applied_drift,1741886118590,-47.109729051589966,-88.84378671646118
1,1,block_2,2,Provo_ID7,5,1082624,1262509,1,applied_drift,1741886118622,-47.109729051589966,-88.84378671646118
1,1,block_2,2,Provo_ID7,5,1082624,1262509,1,applied_drift,1741886118657,-47.109729051589966,-88.84378671646118
1,1,block_2,2,Provo_ID7,5,1082624,1262509,1,applied_drift,1741886118690,-47.109729051589966,-88.84378671646118
1,1,block_2,2,Provo_ID7,5,1082624,1262509,1,applied_drift,1741886118729,-47.109729051589966,-88.84378671646118
1,1,block_2,2,Provo_ID7,5,1082624,1262509,1,applied_drift,1741886118762,-47.109729051589966,-88.84378671646118
1,1,block_2,2,Provo_ID7,5,1082624,1262509,1,applied_drift,1741886118790,-47.109729051589966,-88.84378671646118
1,1,block_2,2,Provo_ID7,5,1082624,1262509,1,applied_drift,1741886118829,-47.109729051589966,-88.84378671646118
1,1,block_2,2,Provo_ID7,5,1082624,1262509,1,applied_drift,1741886118862,-47.109729051589966,-88.84378671646118
1,1,block_2,2,Provo_ID7,5,1082624,1262509,1,applied_drift,1741886118886,-47.109729051589966,-88.84378671646118
1,1,block_2,2,Provo_ID7,5,1082624,1262509,1,applied_drift,1741886118928,-47.109729051589966,-88.84378671646118
1,1,block_2,2,Provo_ID7,5,1082624,1262509,1,applied_drift,1741886118963,-47.109729051589966,-88.84378671646118
1,1,block_2,2,Provo_ID7,5,1082624,1262509,1,applied_drift,1741886118990,-47.109729051589966,-88.84378671646118
1,1,block_2,2,Provo_ID7,5,1082624,1262509,1,applied_drift,1741886119028,-47.109729051589966,-88.84378671646118
1,1,block_2,2,Provo_ID7,5,1082624,1262509,1,applied_drift,1741886119057,-47.109729051589966,-88.84378671646118
1,1,block_2,2,Provo_ID7,5,1082624,1262509,1,applied_drift,1741886119095,-47.109729051589966,-88.84378671646118
1,1,block_2,2,Provo_ID7,5,1082624,1262509,1,applied_drift,1741886119120,-47.109729051589966,-88.84378671646118
1,1,block_2,2,Provo_ID7,5,1082624,1262509,1,applied_drift,1741886119162,-47.109729051589966,-88.84378671646118
1,1,block_2,2,Provo_ID7,5,1082624,1262509,1,applied_drift,1741886119193,-47.109729051589966,-88.84378671646118
1,1,block_2,2,Provo_ID7,5,1082624,1262509,1,applied_drift,1741886119221,-47.109729051589966,-88.84378671646118
1,1,block_2,2,Provo_ID7,5,1082624,1262509,1,applied_drift,1741886119252,-47.109729051589966,-88.84378671646118
1,1,block_2,2,Provo_ID7,5,1082624,1262509,1,applied_drift,1741886119301,-47.109729051589966,-88.84378671646118
1,1,block_2,2,Provo_ID7,5,1082624,1262509,1,applied_drift,1741886119334,-47.109729051589966,-88.84378671646118
1,1,block_2,2,Provo_ID7,5,1082624,1262509,1,applied_drift,1741886119362,-47.109729051589966,-88.84378671646118
1,1,block_2,2,Provo_ID7,5,1082624,1262509,1,applied_drift,1741886119400,-47.109729051589966,-88.84378671646118
1,1,block_2,2,Provo_ID7,5,1082624,1262509,1,applied_drift,1741886119426,-47.109729051589966,-88.84378671646118
1,1,block_2,2,Provo_ID7,5,1082624,1262509,1,applied_drift,1741886119467,-47.109729051589966,-88.84378671646118
1,1,block_2,2,Provo_ID7,5,1082624,1262509,1,applied_drift,1741886119500,-47.109729051589966,-88.84378671646118
1,1,block_2,2,Provo_ID7,5,1082624,1262509,1,applied_drift,1741886119530,-47.109729051589966,-88.84378671646118
1,1,block_2,2,Provo_ID7,5,1082624,1262509,1,applied_drift,1741886119566,-47.109729051589966,-88.84378671646118
1,1,block_2,2,Provo_ID7,5,1082624,1262509,1,applied_drift,1741886119595,-47.109729051589966,-88.84378671646118
1,1,block_2,2,Provo_ID7,5,1082624,1262509,1,applied_drift,1741886119630,-47.109729051589966,-88.84378671646118
1,1,block_2,2,Provo_ID7,5,1082624,1262509,1,applied_drift,1741886119667,-47.109729051589966,-88.84378671646118
1,1,block_2,2,Provo_ID7,5,1082624,1262509,1,applied_drift,1741886119690,-47.109729051589966,-88.84378671646118
1,1,block_2,2,Provo_ID7,5,1082624,1262509,1,applied_drift,1741886119728,-47.109729051589966,-88.84378671646118
1,1,block_2,2,Provo_ID7,5,1082624,1262509,1,applied_drift,1741886119755,-47.109729051589966,-88.84378671646118
1,1,block_2,2,Provo_ID7,5,1082624,1262509,1,applied_drift,1741886119801,-47.109729051589966,-88.84378671646118
1,1,block_2,2,Provo_ID7,5,1082624,1262509,1,applied_drift,1741886119829,-47.109729051589966,-88.84378671646118
1,1,block_2,2,Provo_ID7,5,1082624,1262509,1,applied_drift,1741886119856,-47.109729051589966,-88.84378671646118
1,1,block_2,2,Provo_ID7,5,1082624,1262509,1,applied_drift,1741886119891,-47.109729051589966,-88.84378671646118
1,1,block_2,2,Provo_ID7,5,1082624,1262509,1,applied_drift,1741886119928,-47.109729051589966,-88.84378671646118
1,1,block_2,2,Provo_ID7,5,1082624,1262509,1,applied_drift,1741886119960,-47.109729051589966,-88.84378671646118
1,1,block_2,2,Provo_ID7,5,1082624,1262509,1,applied_drift,1741886119990,-47.109729051589966,-88.84378671646118
1,1,block_2,2,Provo_ID7,5,1082624,1262509,1,applied_drift,1741886120025,-47.109729051589966,-88.84378671646118
1,1,block_2,2,Provo_ID7,5,1082624,1262509,1,applied_drift,1741886120057,-47.109729051589966,-88.84378671646118
1,1,block_2,2,Provo_ID7,5,1082624,1262509,1,applied_drift,1741886120089,-47.109729051589966,-88.84378671646118
1,1,block_2,2,Provo_ID7,5,1082624,1262509,1,applied_drift,1741886120123,-47.109729051589966,-88.84378671646118
1,1,block_2,2,Provo_ID7,5,1082624,1262509,1,applied_drift,1741886120161,-47.109729051589966,-88.84378671646118
1,1,block_2,2,Provo_ID7,5,1082624,1262509,1,applied_drift,1741886120190,-47.109729051589966,-88.84378671646118
1,1,block_2,2,Provo_ID7,5,1082624,1262509,1,applied_drift,1741886120229,-47.109729051589966,-88.84378671646118
1,1,block_2,2,Provo_ID7,5,1082624,1262509,1,applied_drift,1741886120259,-47.109729051589966,-88.84378671646118
1,1,block_2,2,Provo_ID7,5,1082624,1262509,1,applied_drift,1741886120289,-47.109729051589966,-88.84378671646118
1,1,block_2,2,Provo_ID7,5,1082624,1262509,1,applied_drift,1741886120323,-47.109729051589966,-88.84378671646118
1,1,block_2,2,Provo_ID7,5,1082624,1262509,1,applied_drift,1741886120357,-47.109729051589966,-88.84378671646118
1,1,block_2,2,Provo_ID7,5,1082624,1262509,1,applied_drift,1741886120389,-47.109729051589966,-88.84378671646118
1,1,block_2,2,Provo_ID7,5,1082624,1262509,1,applied_drift,1741886120423,-47.109729051589966,-88.84378671646118
1,1,block_2,2,Provo_ID7,5,1082624,1262509,1,applied_drift,1741886120456,-47.109729051589966,-88.84378671646118
1,1,block_2,2,Provo_ID7,5,1082624,1262509,1,applied_drift,1741886120490,-47.109729051589966,-88.84378671646118
1,1,block_2,2,Provo_ID7,5,1082624,1262509,1,applied_drift,1741886120523,-47.109729051589966,-88.84378671646118
1,1,block_2,2,Provo_ID7,5,1082624,1262509,1,applied_drift,1741886120556,-47.109729051589966,-88.84378671646118
1,1,block_2,2,Provo_ID7,5,1082624,1262509,1,applied_drift,1741886120589,-47.109729051589966,-88.84378671646118
1,1,block_2,2,Provo_ID7,5,1082624,1262509,1,applied_drift,1741886120622,-47.109729051589966,-88.84378671646118
1,1,block_2,2,Provo_ID7,5,1082624,1262509,1,applied_drift,1741886120656,-47.109729051589966,-88.84378671646118
1,1,block_2,2,Provo_ID7,5,1082624,1262509,1,applied_drift,1741886120689,-47.109729051589966,-88.84378671646118
1,1,block_2,2,Provo_ID7,5,1082624,1262509,1,applied_drift,1741886120723,-47.109729051589966,-88.84378671646118
1,1,block_2,2,Provo_ID7,5,1082624,1262509,1,applied_drift,1741886120764,-47.109729051589966,-88.84378671646118
1,1,block_2,2,Provo_ID7,5,1082624,1262509,1,applied_drift,1741886120793,-47.109729051589966,-88.84378671646118
1,1,block_2,2,Provo_ID7,5,1082624,1262509,1,applied_drift,1741886120827,-47.109729051589966,-88.84378671646118
1,1,block_2,2,Provo_ID7,5,1082624,1262509,1,applied_drift,1741886120861,-47.109729051589966,-88.84378671646118
1,1,block_2,2,Provo_ID7,5,1082624,1262509,1,applied_drift,1741886120892,-47.109729051589966,-88.84378671646118
1,1,block_2,2,Provo_ID7,5,1082624,1262509,1,applied_drift,1741886120926,-47.109729051589966,-88.84378671646118
1,1,block_2,2,Provo_ID7,5,1082624,1262509,1,applied_drift,1741886120956,-47.109729051589966,-88.84378671646118
1,1,block_2,2,Provo_ID7,5,1082624,1262509,1,applied_drift,1741886120989,-47.109729051589966,-88.84378671646118
1,1,block_2,2,Provo_ID7,5,1082624,1262509,1,applied_drift,1741886121024,-47.109729051589966,-88.84378671646118
1,1,block_2,2,Provo_ID7,5,1082624,1262509,1,applied_drift,1741886121056,-47.109729051589966,-88.84378671646118
1,1,block_2,2,Provo_ID7,5,1082624,1262509,1,applied_drift,1741886121089,-47.109729051589966,-88.84378671646118
1,1,block_2,2,Provo_ID7,5,1082624,1262509,1,applied_drift,1741886121122,-47.109729051589966,-88.84378671646118
1,1,block_2,2,Provo_ID7,5,1082624,1262509,1,applied_drift,1741886121154,-47.109729051589966,-88.84378671646118
1,1,block_2,2,Provo_ID7,5,1082624,1262509,1,applied_drift,1741886121186,-47.109729051589966,-88.84378671646118
1,1,block_2,2,Provo_ID7,5,1082624,1262509,1,applied_drift,1741886121222,-47.109729051589966,-88.84378671646118
1,1,block_2,2,Provo_ID7,5,1082624,1262509,1,applied_drift,1741886121259,-47.109729051589966,-88.84378671646118
1,1,block_2,2,Provo_ID7,5,1082624,1262509,1,applied_drift,1741886121295,-47.109729051589966,-88.84378671646118
1,1,block_2,2,Provo_ID7,5,1082624,1262509,1,applied_drift,1741886121328,-47.109729051589966,-88.84378671646118
1,1,block_2,2,Provo_ID7,5,1082624,1262509,1,applied_drift,1741886121366,-47.109729051589966,-88.84378671646118
1,1,block_2,2,Provo_ID7,5,1082624,1262509,1,applied_drift,1741886121389,-47.109729051589966,-88.84378671646118
1,1,block_2,2,Provo_ID7,5,1082624,1262509,1,applied_drift,1741886121429,-47.109729051589966,-88.84378671646118
1,1,block_2,2,Provo_ID7,5,1082624,1262509,1,applied_drift,1741886121462,-47.109729051589966,-88.84378671646118
1,1,block_2,2,Provo_ID7,5,1082624,1262509,1,applied_drift,1741886121494,-47.109729051589966,-88.84378671646118
1,1,block_2,2,Provo_ID7,5,1082624,1262509,1,applied_drift,1741886121527,-47.109729051589966,-88.84378671646118
1,1,block_2,2,Provo_ID7,5,1082624,1262509,1,applied_drift,1741886121561,-47.109729051589966,-88.84378671646118
1,1,block_2,2,Provo_ID7,5,1082624,1262509,1,applied_drift,1741886121594,-47.109729051589966,-88.84378671646118
1,1,block_2,2,Provo_ID7,5,1082624,1262509,1,applied_drift,1741886121627,-47.109729051589966,-88.84378671646118
1,1,block_2,2,Provo_ID7,5,1082624,1262509,1,applied_drift,1741886121659,-47.109729051589966,-88.84378671646118
1,1,block_2,2,Provo_ID7,5,1082624,1262509,1,applied_drift,1741886121701,-47.109729051589966,-88.84378671646118
1,1,block_2,2,Provo_ID7,5,1082624,1262509,1,applied_drift,1741886121728,-47.109729051589966,-88.84378671646118
1,1,block_2,2,Provo_ID7,5,1082624,1262509,1,applied_drift,1741886121762,-47.109729051589966,-88.84378671646118
1,1,block_2,2,Provo_ID7,5,1082624,1262509,1,applied_drift,1741886121794,-47.109729051589966,-88.84378671646118
1,1,block_2,2,Provo_ID7,5,1082624,1262509,1,applied_drift,1741886121826,-47.109729051589966,-88.84378671646118
1,1,block_2,2,Provo_ID7,5,1082624,1262509,1,applied_drift,1741886121862,-47.109729051589966,-88.84378671646118
1,1,block_2,2,Provo_ID7,5,1082624,1262509,1,applied_drift,1741886121902,-47.109729051589966,-88.84378671646118
1,1,block_2,2,Provo_ID7,5,1082624,1262509,1,applied_drift,1741886121919,-47.109729051589966,-88.84378671646118
1,1,block_2,2,Provo_ID7,5,1082624,1262509,1,applied_drift,1741886121964,-47.109729051589966,-88.84378671646118
1,1,block_2,2,Provo_ID7,5,1082624,1262509,1,applied_drift,1741886121989,-47.109729051589966,-88.84378671646118
1,1,block_2,2,Provo_ID7,5,1082624,1262509,1,applied_drift,1741886122033,-47.109729051589966,-88.84378671646118
1,1,block_2,2,Provo_ID7,5,1082624,1262509,1,applied_drift,1741886122063,-47.109729051589966,-88.84378671646118
1,1,block_2,2,Provo_ID7,5,1082624,1262509,1,applied_drift,1741886122091,-47.109729051589966,-88.84378671646118
1,1,block_2,2,Provo_ID7,5,1082624,1262509,1,applied_drift,1741886122127,-47.109729051589966,-88.84378671646118
1,1,block_2,2,Provo_ID7,5,1082624,1262509,1,applied_drift,1741886122161,-47.109729051589966,-88.84378671646118
1,1,block_2,2,Provo_ID7,5,1082624,1262509,1,applied_drift,1741886122197,-47.109729051589966,-88.84378671646118
1,1,block_2,2,Provo_ID7,5,1082624,1262509,1,applied_drift,1741886122229,-47.109729051589966,-88.84378671646118
1,1,block_2,2,Provo_ID7,5,1082624,1262509,1,applied_drift,1741886122257,-47.109729051589966,-88.84378671646118
1,1,block_2,2,Provo_ID7,5,1082624,1262509,1,applied_drift,1741886122295,-47.109729051589966,-88.84378671646118
1,1,block_2,2,Provo_ID7,5,1082624,1262509,1,applied_drift,1741886122331,-47.109729051589966,-88.84378671646118
1,1,block_2,2,Provo_ID7,5,1082624,1262509,1,applied_drift,1741886122358,-47.109729051589966,-88.84378671646118
1,1,block_2,2,Provo_ID7,5,1082624,1262509,1,applied_drift,1741886122396,-47.109729051589966,-88.84378671646118
1,1,block_2,2,Provo_ID7,5,1082624,1262509,1,applied_drift,1741886122429,-47.109729051589966,-88.84378671646118
1,1,block_2,2,Provo_ID7,5,1082624,1262509,1,applied_drift,1741886122461,-47.109729051589966,-88.84378671646118
1,1,block_2,2,Provo_ID7,5,1082624,1262509,1,applied_drift,1741886122494,-47.109729051589966,-88.84378671646118
1,1,block_2,2,Provo_ID7,5,1082624,1262509,1,applied_drift,1741886122528,-47.109729051589966,-88.84378671646118
1,1,block_2,2,Provo_ID7,5,1082624,1262509,1,applied_drift,1741886122556,-47.109729051589966,-88.84378671646118
1,1,block_2,2,Provo_ID7,5,1082624,1262509,1,applied_drift,1741886122604,-47.109729051589966,-88.84378671646118
1,1,block_2,2,Provo_ID7,5,1082624,1262509,1,applied_drift,1741886122624,-47.109729051589966,-88.84378671646118
1,1,block_2,2,Provo_ID7,5,1082624,1262509,1,applied_drift,1741886122664,-47.109729051589966,-88.84378671646118
1,1,block_2,2,Provo_ID7,5,1082624,1262509,1,applied_drift,1741886122702,-47.109729051589966,-88.84378671646118
1,1,block_2,2,Provo_ID7,5,1082624,1262509,1,applied_drift,1741886122729,-47.109729051589966,-88.84378671646118
1,1,block_2,2,Provo_ID7,5,1082624,1262509,1,applied_drift,1741886122762,-47.109729051589966,-88.84378671646118
1,1,block_2,2,Provo_ID7,5,1082624,1262509,1,applied_drift,1741886122795,-47.109729051589966,-88.84378671646118
1,1,block_2,2,Provo_ID7,5,1082624,1262509,1,applied_drift,1741886122829,-47.109729051589966,-88.84378671646118
1,1,block_2,2,Provo_ID7,5,1082624,1262509,1,applied_drift,1741886122862,-47.109729051589966,-88.84378671646118
1,1,block_2,2,Provo_ID7,5,1082624,1262509,1,applied_drift,1741886122893,-47.109729051589966,-88.84378671646118
1,1,block_2,2,Provo_ID7,5,1082624,1262509,1,applied_drift,1741886122927,-47.109729051589966,-88.84378671646118
1,1,block_2,2,Provo_ID7,5,1082624,1262509,1,applied_drift,1741886122956,-47.109729051589966,-88.84378671646118
1,1,block_2,2,Provo_ID7,5,1082624,1262509,1,applied_drift,1741886122995,-47.109729051589966,-88.84378671646118
1,1,block_2,2,Provo_ID7,5,1082624,1262509,1,applied_drift,1741886123032,-47.109729051589966,-88.84378671646118
1,1,block_2,2,Provo_ID7,5,1082624,1262509,1,applied_drift,1741886123062,-47.109729051589966,-88.84378671646118
1,1,block_2,2,Provo_ID7,5,1082624,1262509,1,applied_drift,1741886123095,-47.109729051589966,-88.84378671646118
1,1,block_2,2,Provo_ID7,5,1082624,1262509,1,applied_drift,1741886123129,-47.109729051589966,-88.84378671646118
1,1,block_2,2,Provo_ID7,5,1082624,1262509,1,applied_drift,1741886123155,-47.109729051589966,-88.84378671646118
1,1,block_2,2,Provo_ID7,5,1082624,1262509,1,applied_drift,1741886123201,-47.109729051589966,-88.84378671646118
1,1,block_2,2,Provo_ID7,5,1082624,1262509,1,applied_drift,1741886123224,-47.109729051589966,-88.84378671646118
1,1,block_2,2,Provo_ID7,5,1082624,1262509,1,applied_drift,1741886123262,-47.109729051589966,-88.84378671646118
1,1,block_2,2,Provo_ID7,5,1082624,1262509,1,applied_drift,1741886123293,-47.109729051589966,-88.84378671646118
1,1,block_2,2,Provo_ID7,5,1082624,1262509,1,applied_drift,1741886123328,-47.109729051589966,-88.84378671646118
1,1,block_2,2,Provo_ID7,5,1082624,1262509,1,applied_drift,1741886123367,-47.109729051589966,-88.84378671646118
1,1,block_2,2,Provo_ID7,5,1082624,1262509,1,applied_drift,1741886123393,-47.109729051589966,-88.84378671646118
1,1,block_2,2,Provo_ID7,5,1082624,1262509,1,applied_drift,1741886123434,-47.109729051589966,-88.84378671646118
1,1,block_2,2,Provo_ID7,5,1082624,1262509,1,applied_drift,1741886123462,-47.109729051589966,-88.84378671646118
1,1,block_2,2,Provo_ID7,5,1082624,1262509,1,applied_drift,1741886123495,-47.109729051589966,-88.84378671646118
1,1,block_2,2,Provo_ID7,5,1082624,1262509,1,applied_drift,1741886123529,-47.109729051589966,-88.84378671646118
1,1,block_2,2,Provo_ID7,5,1082624,1262509,1,applied_drift,1741886123562,-47.109729051589966,-88.84378671646118
1,1,block_2,2,Provo_ID7,5,1082624,1262509,1,applied_drift,1741886123590,-47.109729051589966,-88.84378671646118
1,1,block_2,2,Provo_ID7,5,1082624,1262509,1,applied_drift,1741886123624,-47.109729051589966,-88.84378671646118
1,1,block_2,2,Provo_ID7,5,1082624,1262509,1,applied_drift,1741886123659,-47.109729051589966,-88.84378671646118
1,1,block_2,2,Provo_ID7,5,1082624,1262509,1,applied_drift,1741886123690,-47.109729051589966,-88.84378671646118
1,1,block_2,2,Provo_ID7,5,1082624,1262509,1,applied_drift,1741886123724,-47.109729051589966,-88.84378671646118
1,1,block_2,2,Provo_ID7,5,1082624,1262509,1,applied_drift,1741886123757,-47.109729051589966,-88.84378671646118
1,1,block_2,2,Provo_ID7,5,1082624,1262509,1,applied_drift,1741886123788,-47.109729051589966,-88.84378671646118
1,1,block_2,2,Provo_ID7,5,1082624,1262509,1,applied_drift,1741886123829,-47.109729051589966,-88.84378671646118
1,1,block_2,2,Provo_ID7,5,1082624,1262509,1,applied_drift,1741886123862,-47.109729051589966,-88.84378671646118
1,1,block_2,2,Provo_ID7,5,1082624,1262509,1,applied_drift,1741886123894,-47.109729051589966,-88.84378671646118
1,1,block_2,2,Provo_ID7,5,1082624,1262509,1,applied_drift,1741886123924,-47.109729051589966,-88.84378671646118
1,1,block_2,2,Provo_ID7,5,1082624,1262509,1,applied_drift,1741886123957,-47.109729051589966,-88.84378671646118
1,1,block_2,2,Provo_ID7,5,1082624,1262509,1,applied_drift,1741886123990,-47.109729051589966,-88.84378671646118
1,1,block_2,2,Provo_ID7,5,1082624,1262509,1,applied_drift,1741886124023,-47.109729051589966,-88.84378671646118
1,1,block_2,2,Provo_ID7,5,1082624,1262509,1,applied_drift,1741886124057,-47.109729051589966,-88.84378671646118
1,1,block_2,2,Provo_ID7,5,1082624,1262509,1,applied_drift,1741886124090,-47.109729051589966,-88.84378671646118
1,1,block_2,2,Provo_ID7,5,1082624,1262509,1,applied_drift,1741886124123,-47.109729051589966,-88.84378671646118
1,1,block_2,2,Provo_ID7,5,1082624,1262509,1,applied_drift,1741886124155,-47.109729051589966,-88.84378671646118
1,1,block_2,2,Provo_ID7,5,1082624,1262509,1,applied_drift,1741886124190,-47.109729051589966,-88.84378671646118
1,1,block_2,2,Provo_ID7,5,1082624,1262509,1,applied_drift,1741886124225,-47.109729051589966,-88.84378671646118
1,1,block_2,2,Provo_ID7,5,1082624,1262509,1,applied_drift,1741886124262,-47.109729051589966,-88.84378671646118
1,1,block_2,2,Provo_ID7,5,1082624,1262509,1,applied_drift,1741886124296,-47.109729051589966,-88.84378671646118
1,1,block_2,2,Provo_ID7,5,1082624,1262509,1,applied_drift,1741886124329,-47.109729051589966,-88.84378671646118
1,1,block_2,2,Provo_ID7,5,1082624,1262509,1,applied_drift,1741886124362,-47.109729051589966,-88.84378671646118
1,1,block_2,2,Provo_ID7,5,1082624,1262509,1,applied_drift,1741886124391,-47.109729051589966,-88.84378671646118
1,1,block_2,2,Provo_ID7,5,1082624,1262509,1,applied_drift,1741886124429,-47.109729051589966,-88.84378671646118
1,1,block_2,2,Provo_ID7,5,1082624,1262509,1,applied_drift,1741886124457,-47.109729051589966,-88.84378671646118
1,1,block_2,2,Provo_ID7,5,1082624,1262509,1,applied_drift,1741886124498,-47.109729051589966,-88.84378671646118
1,1,block_2,2,Provo_ID7,5,1082624,1262509,1,applied_drift,1741886124531,-47.109729051589966,-88.84378671646118
1,1,block_2,2,Provo_ID7,5,1082624,1262509,1,applied_drift,1741886124562,-47.109729051589966,-88.84378671646118
1,1,block_2,2,Provo_ID7,5,1082624,1262509,1,applied_drift,1741886124591,-47.109729051589966,-88.84378671646118
1,1,block_2,2,Provo_ID7,5,1082624,1262509,1,applied_drift,1741886124629,-47.109729051589966,-88.84378671646118
1,1,block_2,2,Provo_ID7,5,1082624,1262509,1,applied_drift,1741886124653,-47.109729051589966,-88.84378671646118
1,1,block_2,2,Provo_ID7,5,1082624,1262509,1,applied_drift,1741886124695,-47.109729051589966,-88.84378671646118
1,1,block_2,2,Provo_ID7,5,1082624,1262509,1,applied_drift,1741886124727,-47.109729051589966,-88.84378671646118
1,1,block_2,2,Provo_ID7,5,1082624,1262509,1,applied_drift,1741886124753,-47.109729051589966,-88.84378671646118
1,1,block_2,2,Provo_ID7,5,1082624,1262509,1,applied_drift,1741886124795,-47.109729051589966,-88.84378671646118
1,1,block_2,2,Provo_ID7,5,1082624,1262509,1,applied_drift,1741886124824,-47.109729051589966,-88.84378671646118
1,1,block_2,2,Provo_ID7,5,1082624,1262509,1,applied_drift,1741886124858,-47.109729051589966,-88.84378671646118
1,1,block_2,2,Provo_ID7,5,1082624,1262509,1,applied_drift,1741886124899,-47.109729051589966,-88.84378671646118
1,1,block_2,2,Provo_ID7,5,1082624,1262509,1,applied_drift,1741886124934,-47.109729051589966,-88.84378671646118
1,1,block_2,2,Provo_ID7,5,1082624,1262509,1,applied_drift,1741886124965,-47.109729051589966,-88.84378671646118
1,1,block_2,2,Provo_ID7,5,1082624,1262509,1,applied_drift,1741886125002,-47.109729051589966,-88.84378671646118
1,1,block_2,2,Provo_ID7,5,1082624,1262509,1,applied_drift,1741886125029,-47.109729051589966,-88.84378671646118
1,1,block_2,2,Provo_ID7,5,1082624,1262509,1,applied_drift,1741886125062,-47.109729051589966,-88.84378671646118
1,1,block_2,2,Provo_ID7,5,1082624,1262509,1,applied_drift,1741886125090,-47.109729051589966,-88.84378671646118
1,1,block_2,2,Provo_ID7,5,1082624,1262509,1,applied_drift,1741886125123,-47.109729051589966,-88.84378671646118
1,1,block_2,2,Provo_ID7,5,1082624,1262509,1,applied_drift,1741886125158,-47.109729051589966,-88.84378671646118
1,1,block_2,2,Provo_ID7,5,1082624,1262509,1,applied_drift,1741886125200,-47.109729051589966,-88.84378671646118
1,1,block_2,2,Provo_ID7,5,1082624,1262509,1,applied_drift,1741886125230,-47.109729051589966,-88.84378671646118
1,1,block_2,2,Provo_ID7,5,1082624,1262509,1,applied_drift,1741886125261,-47.109729051589966,-88.84378671646118
1,1,block_2,2,Provo_ID7,5,1082624,1262509,1,applied_drift,1741886125295,-47.109729051589966,-88.84378671646118
1,1,block_2,2,Provo_ID7,5,1082624,1262509,1,applied_drift,1741886125324,-47.109729051589966,-88.84378671646118
1,1,block_2,2,Provo_ID7,5,1082624,1262509,1,applied_drift,1741886125367,-47.109729051589966,-88.84378671646118
1,1,block_2,2,Provo_ID7,5,1082624,1262509,1,applied_drift,1741886125391,-47.109729051589966,-88.84378671646118
1,1,block_2,2,Provo_ID7,5,1082624,1262509,1,applied_drift,1741886125429,-47.109729051589966,-88.84378671646118
1,1,block_2,2,Provo_ID7,5,1082624,1262509,1,applied_drift,1741886125462,-47.109729051589966,-88.84378671646118
1,1,block_2,2,Provo_ID7,5,1082624,1262509,1,applied_drift,1741886125495,-47.109729051589966,-88.84378671646118
1,1,block_2,2,Provo_ID7,5,1082624,1262509,1,applied_drift,1741886125528,-47.109729051589966,-88.84378671646118
1,1,block_2,2,Provo_ID7,5,1082624,1262509,1,applied_drift,1741886125561,-47.109729051589966,-88.84378671646118
1,1,block_2,2,Provo_ID7,5,1082624,1262509,1,applied_drift,1741886125591,-47.109729051589966,-88.84378671646118
1,1,block_2,2,Provo_ID7,5,1082624,1262509,1,applied_drift,1741886125621,-47.109729051589966,-88.84378671646118
1,1,block_2,2,Provo_ID7,5,1082624,1262509,1,applied_drift,1741886125656,-47.109729051589966,-88.84378671646118
1,1,block_2,2,Provo_ID7,5,1082624,1262509,1,applied_drift,1741886125685,-47.109729051589966,-88.84378671646118
1,1,block_2,2,Provo_ID7,5,1082624,1262509,1,applied_drift,1741886125729,-47.109729051589966,-88.84378671646118
1,1,block_2,2,Provo_ID7,5,1082624,1262509,1,applied_drift,1741886125759,-47.109729051589966,-88.84378671646118
1,1,block_2,2,Provo_ID7,5,1082624,1262509,1,applied_drift,1741886125798,-47.109729051589966,-88.84378671646118
1,1,block_2,2,Provo_ID7,5,1082624,1262509,1,applied_drift,1741886125834,-47.109729051589966,-88.84378671646118
1,1,block_2,2,Provo_ID7,5,1082624,1262509,1,applied_drift,1741886125867,-47.109729051589966,-88.84378671646118
1,1,block_2,2,Provo_ID7,5,1082624,1262509,1,applied_drift,1741886125895,-47.109729051589966,-88.84378671646118
1,1,block_2,2,Provo_ID7,5,1082624,1262509,1,applied_drift,1741886125928,-47.109729051589966,-88.84378671646118
1,1,block_2,2,Provo_ID7,5,1082624,1262509,1,applied_drift,1741886125959,-47.109729051589966,-88.84378671646118
1,1,block_2,2,Provo_ID7,5,1082624,1262509,1,applied_drift,1741886125995,-47.109729051589966,-88.84378671646118
1,1,block_2,2,Provo_ID7,5,1082624,1262509,1,applied_drift,1741886126027,-47.109729051589966,-88.84378671646118
1,1,block_2,2,Provo_ID7,5,1082624,1262509,1,applied_drift,1741886126059,-47.109729051589966,-88.84378671646118
1,1,block_2,2,Provo_ID7,5,1082624,1262509,1,applied_drift,1741886126089,-47.109729051589966,-88.84378671646118
1,1,block_2,2,Provo_ID7,5,1082624,1262509,1,applied_drift,1741886126133,-47.109729051589966,-88.84378671646118
1,1,block_2,2,Provo_ID7,5,1082624,1262509,1,applied_drift,1741886126167,-47.109729051589966,-88.84378671646118
1,1,block_2,2,Provo_ID7,5,1082624,1262509,1,applied_drift,1741886126195,-47.109729051589966,-88.84378671646118
1,1,block_2,2,Provo_ID7,5,1082624,1262509,1,applied_drift,1741886126230,-47.109729051589966,-88.84378671646118
1,1,block_2,2,Provo_ID7,5,1082624,1262509,1,applied_drift,1741886126267,-47.109729051589966,-88.84378671646118
1,1,block_2,2,Provo_ID7,5,1082624,1262509,1,applied_drift,1741886126295,-47.109729051589966,-88.84378671646118
1,1,block_2,2,Provo_ID7,5,1082624,1262509,1,applied_drift,1741886126329,-47.109729051589966,-88.84378671646118
1,1,block_2,2,Provo_ID7,5,1082624,1262509,1,applied_drift,1741886126358,-47.109729051589966,-88.84378671646118
1,1,block_2,2,Provo_ID7,5,1082624,1262509,1,applied_drift,1741886126391,-47.109729051589966,-88.84378671646118
1,1,block_2,2,Provo_ID7,5,1082624,1262509,1,applied_drift,1741886126434,-47.109729051589966,-88.84378671646118
1,1,block_2,2,Provo_ID7,5,1082624,1262509,1,applied_drift,1741886126457,-47.109729051589966,-88.84378671646118
1,1,block_2,2,Provo_ID7,5,1082624,1262509,1,applied_drift,1741886126490,-47.109729051589966,-88.84378671646118
1,1,block_2,2,Provo_ID7,5,1082624,1262509,1,applied_drift,1741886126531,-47.109729051589966,-88.84378671646118
1,1,block_2,2,Provo_ID7,5,1082624,1262509,1,applied_drift,1741886126562,-47.109729051589966,-88.84378671646118
1,1,block_2,2,Provo_ID7,5,1082624,1262509,1,applied_drift,1741886126600,-47.109729051589966,-88.84378671646118
1,1,block_2,2,Provo_ID7,5,1082624,1262509,1,applied_drift,1741886126629,-47.109729051589966,-88.84378671646118
1,1,block_2,2,Provo_ID7,5,1082624,1262509,1,applied_drift,1741886126664,-47.109729051589966,-88.84378671646118
1,1,block_2,2,Provo_ID7,5,1082624,1262509,1,applied_drift,1741886126695,-47.109729051589966,-88.84378671646118
1,1,block_2,2,Provo_ID7,5,1082624,1262509,1,applied_drift,1741886126723,-47.109729051589966,-88.84378671646118
1,1,block_2,2,Provo_ID7,5,1082624,1262509,1,applied_drift,1741886126762,-47.109729051589966,-88.84378671646118
1,1,block_2,2,Provo_ID7,5,1082624,1262509,1,applied_drift,1741886126799,-47.109729051589966,-88.84378671646118
1,1,block_2,2,Provo_ID7,5,1082624,1262509,1,applied_drift,1741886126828,-47.109729051589966,-88.84378671646118
1,1,block_2,2,Provo_ID7,5,1082624,1262509,1,applied_drift,1741886126862,-47.109729051589966,-88.84378671646118
1,1,block_2,2,Provo_ID7,5,1082624,1262509,1,applied_drift,1741886126893,-47.109729051589966,-88.84378671646118
1,1,block_2,2,Provo_ID7,5,1082624,1262509,1,applied_drift,1741886126928,-47.109729051589966,-88.84378671646118
1,1,block_2,2,Provo_ID7,5,1082624,1262509,1,applied_drift,1741886126957,-47.109729051589966,-88.84378671646118
1,1,block_2,2,Provo_ID7,5,1082624,1262509,1,applied_drift,1741886126990,-47.109729051589966,-88.84378671646118
1,1,block_2,2,Provo_ID7,5,1082624,1262509,1,applied_drift,1741886127026,-47.109729051589966,-88.84378671646118
1,1,block_2,2,Provo_ID7,5,1082624,1262509,1,applied_drift,1741886127056,-47.109729051589966,-88.84378671646118
1,1,block_2,2,Provo_ID7,5,1082624,1262509,1,applied_drift,1741886127090,-47.109729051589966,-88.84378671646118
1,1,block_2,2,Provo_ID7,5,1082624,1262509,1,applied_drift,1741886127124,-47.109729051589966,-88.84378671646118
1,1,block_2,2,Provo_ID7,5,1082624,1262509,1,applied_drift,1741886127162,-47.109729051589966,-88.84378671646118
1,1,block_2,2,Provo_ID7,5,1082624,1262509,1,applied_drift,1741886127195,-47.109729051589966,-88.84378671646118
1,1,block_2,2,Provo_ID7,5,1082624,1262509,1,applied_drift,1741886127227,-47.109729051589966,-88.84378671646118
1,1,block_2,2,Provo_ID7,5,1082624,1262509,1,applied_drift,1741886127262,-47.109729051589966,-88.84378671646118
1,1,block_2,2,Provo_ID7,5,1082624,1262509,1,applied_drift,1741886127295,-47.109729051589966,-88.84378671646118
1,1,block_2,2,Provo_ID7,5,1082624,1262509,1,applied_drift,1741886127328,-47.109729051589966,-88.84378671646118
1,1,block_2,2,Provo_ID7,5,1082624,1262509,1,applied_drift,1741886127363,-47.109729051589966,-88.84378671646118
1,1,block_2,2,Provo_ID7,5,1082624,1262509,1,applied_drift,1741886127395,-47.109729051589966,-88.84378671646118
1,1,block_2,2,Provo_ID7,5,1082624,1262509,1,applied_drift,1741886127428,-47.109729051589966,-88.84378671646118
1,1,block_2,2,Provo_ID7,5,1082624,1262509,1,applied_drift,1741886127462,-47.109729051589966,-88.84378671646118
1,1,block_2,2,Provo_ID7,5,1082624,1262509,1,applied_drift,1741886127491,-47.109729051589966,-88.84378671646118
1,1,block_2,2,Provo_ID7,5,1082624,1262509,1,applied_drift,1741886127524,-47.109729051589966,-88.84378671646118
1,1,block_2,2,Provo_ID7,5,1082624,1262509,1,applied_drift,1741886127557,-47.109729051589966,-88.84378671646118
1,1,block_2,2,Provo_ID7,5,1082624,1262509,1,applied_drift,1741886127590,-47.109729051589966,-88.84378671646118
1,1,block_2,2,Provo_ID7,5,1082624,1262509,1,applied_drift,1741886127623,-47.109729051589966,-88.84378671646118
1,1,block_2,2,Provo_ID7,5,1082624,1262509,1,applied_drift,1741886127663,-47.109729051589966,-88.84378671646118
1,1,block_2,2,Provo_ID7,5,1082624,1262509,1,applied_drift,1741886127700,-47.109729051589966,-88.84378671646118
1,1,block_2,2,Provo_ID7,5,1082624,1262509,1,applied_drift,1741886127724,-47.109729051589966,-88.84378671646118
1,1,block_2,2,Provo_ID7,5,1082624,1262509,1,applied_drift,1741886127761,-47.109729051589966,-88.84378671646118
1,1,block_2,2,Provo_ID7,5,1082624,1262509,1,applied_drift,1741886127797,-47.109729051589966,-88.84378671646118
1,1,block_2,2,Provo_ID7,5,1082624,1262509,1,applied_drift,1741886127820,-47.109729051589966,-88.84378671646118
1,1,block_2,2,Provo_ID7,5,1082624,1262509,1,applied_drift,1741886127867,-47.109729051589966,-88.84378671646118
1,1,block_2,2,Provo_ID7,5,1082624,1262509,1,applied_drift,1741886127886,-47.109729051589966,-88.84378671646118
1,1,block_2,2,Provo_ID7,5,1082624,1262509,1,applied_drift,1741886127930,-47.109729051589966,-88.84378671646118
1,1,block_2,2,Provo_ID7,5,1082624,1262509,1,applied_drift,1741886127963,-47.109729051589966,-88.84378671646118
1,1,block_2,2,Provo_ID7,5,1082624,1262509,1,applied_drift,1741886127991,-47.109729051589966,-88.84378671646118
1,1,block_2,2,Provo_ID7,5,1082624,1262509,1,applied_drift,1741886128026,-47.109729051589966,-88.84378671646118
1,1,block_2,2,Provo_ID7,5,1082624,1262509,1,applied_drift,1741886128057,-47.109729051589966,-88.84378671646118
1,1,block_2,2,Provo_ID7,5,1082624,1262509,1,applied_drift,1741886128100,-47.109729051589966,-88.84378671646118
1,1,block_2,2,Provo_ID7,5,1082624,1262509,1,applied_drift,1741886128125,-47.109729051589966,-88.84378671646118
1,1,block_2,2,Provo_ID7,5,1082624,1262509,1,applied_drift,1741886128160,-47.109729051589966,-88.84378671646118
1,1,block_2,2,Provo_ID7,5,1082624,1262509,1,applied_drift,1741886128192,-47.109729051589966,-88.84378671646118
1,1,block_2,2,Provo_ID7,5,1082624,1262509,1,applied_drift,1741886128224,-47.109729051589966,-88.84378671646118
1,1,block_2,2,Provo_ID7,5,1082624,1262509,1,applied_drift,1741886128267,-47.109729051589966,-88.84378671646118
1,1,block_2,2,Provo_ID7,5,1082624,1262509,1,applied_drift,1741886128294,-47.109729051589966,-88.84378671646118
1,1,block_2,2,Provo_ID7,5,1082624,1262509,1,applied_drift,1741886128324,-47.109729051589966,-88.84378671646118
1,1,block_2,2,Provo_ID7,5,1082624,1262509,1,applied_drift,1741886128362,-47.109729051589966,-88.84378671646118
1,1,block_2,2,Provo_ID7,5,1082624,1262509,1,applied_drift,1741886128395,-47.109729051589966,-88.84378671646118
1,1,block_2,2,Provo_ID7,5,1082624,1262509,1,applied_drift,1741886128431,-47.109729051589966,-88.84378671646118
1,1,block_2,2,Provo_ID7,5,1082624,1262509,1,applied_drift,1741886128458,-47.109729051589966,-88.84378671646118
1,1,block_2,2,Provo_ID7,5,1082624,1262509,1,applied_drift,1741886128495,-47.109729051589966,-88.84378671646118
1,1,block_2,2,Provo_ID7,5,1082624,1262509,1,applied_drift,1741886128519,-47.109729051589966,-88.84378671646118
1,1,block_2,2,Provo_ID7,5,1082624,1262509,1,applied_drift,1741886128561,-47.109729051589966,-88.84378671646118
1,1,block_2,2,Provo_ID7,5,1082624,1262509,1,applied_drift,1741886128591,-47.109729051589966,-88.84378671646118
1,1,block_2,2,Provo_ID7,5,1082624,1262509,1,applied_drift,1741886128629,-47.109729051589966,-88.84378671646118
1,1,block_2,2,Provo_ID7,5,1082624,1262509,1,applied_drift,1741886128667,-47.109729051589966,-88.84378671646118
1,1,block_2,2,Provo_ID7,5,1082624,1262509,1,applied_drift,1741886128689,-47.109729051589966,-88.84378671646118
1,1,block_2,2,Provo_ID7,5,1082624,1262509,1,applied_drift,1741886128729,-47.109729051589966,-88.84378671646118
1,1,block_2,2,Provo_ID7,5,1082624,1262509,1,applied_drift,1741886128762,-47.109729051589966,-88.84378671646118
1,1,block_2,2,Provo_ID7,5,1082624,1262509,1,applied_drift,1741886128795,-47.109729051589966,-88.84378671646118
1,1,block_2,2,Provo_ID7,5,1082624,1262509,1,applied_drift,1741886128829,-47.109729051589966,-88.84378671646118
1,1,block_2,2,Provo_ID7,5,1082624,1262509,1,applied_drift,1741886128861,-47.109729051589966,-88.84378671646118
1,1,block_2,2,Provo_ID7,5,1082624,1262509,1,applied_drift,1741886128890,-47.109729051589966,-88.84378671646118
1,1,block_2,2,Provo_ID7,5,1082624,1262509,1,applied_drift,1741886128922,-47.109729051589966,-88.84378671646118
1,1,block_2,2,Provo_ID7,5,1082624,1262509,1,applied_drift,1741886128960,-47.109729051589966,-88.84378671646118
1,1,block_2,2,Provo_ID7,5,1082624,1262509,1,applied_drift,1741886128994,-47.109729051589966,-88.84378671646118
1,1,block_2,2,Provo_ID7,5,1082624,1262509,1,applied_drift,1741886129023,-47.109729051589966,-88.84378671646118
1,1,block_2,2,Provo_ID7,5,1082624,1262509,1,applied_drift,1741886129065,-47.109729051589966,-88.84378671646118
1,1,block_2,2,Provo_ID7,5,1082624,1262509,1,applied_drift,1741886129094,-47.109729051589966,-88.84378671646118
1,1,block_2,2,Provo_ID7,5,1082624,1262509,1,applied_drift,1741886129132,-47.109729051589966,-88.84378671646118
1,1,block_2,2,Provo_ID7,5,1082624,1262509,1,applied_drift,1741886129162,-47.109729051589966,-88.84378671646118
1,1,block_2,2,Provo_ID7,5,1082624,1262509,1,applied_drift,1741886129194,-47.109729051589966,-88.84378671646118
1,1,block_2,2,Provo_ID7,5,1082624,1262509,1,applied_drift,1741886129222,-47.109729051589966,-88.84378671646118
1,1,block_2,2,Provo_ID7,5,1082624,1262509,1,applied_drift,1741886129257,-47.109729051589966,-88.84378671646118
1,1,block_2,2,Provo_ID7,5,1082624,1262509,1,applied_drift,1741886129293,-47.109729051589966,-88.84378671646118
1,1,block_2,2,Provo_ID7,5,1082624,1262509,1,applied_drift,1741886129330,-47.109729051589966,-88.84378671646118
1,1,block_2,2,Provo_ID7,5,1082624,1262509,1,applied_drift,1741886129361,-47.109729051589966,-88.84378671646118
1,1,block_2,2,Provo_ID7,5,1082624,1262509,1,applied_drift,1741886129390,-47.109729051589966,-88.84378671646118
1,1,block_2,2,Provo_ID7,5,1082624,1262509,1,applied_drift,1741886129432,-47.109729051589966,-88.84378671646118
1,1,block_2,2,Provo_ID7,5,1082624,1262509,1,applied_drift,1741886129457,-47.109729051589966,-88.84378671646118
1,1,block_2,2,Provo_ID7,5,1082624,1262509,1,applied_drift,1741886129490,-47.109729051589966,-88.84378671646118
1,1,block_2,2,Provo_ID7,5,1082624,1262509,1,applied_drift,1741886129528,-47.109729051589966,-88.84378671646118
1,1,block_2,2,Provo_ID7,5,1082624,1262509,1,applied_drift,1741886129556,-47.109729051589966,-88.84378671646118
1,1,block_2,2,Provo_ID7,5,1082624,1262509,1,applied_drift,1741886129594,-47.109729051589966,-88.84378671646118
1,1,block_2,2,Provo_ID7,5,1082624,1262509,1,applied_drift,1741886129633,-47.109729051589966,-88.84378671646118
1,1,block_2,2,Provo_ID7,5,1082624,1262509,1,applied_drift,1741886129662,-47.109729051589966,-88.84378671646118
1,1,block_2,2,Provo_ID7,5,1082624,1262509,1,applied_drift,1741886129699,-47.109729051589966,-88.84378671646118
1,1,block_2,2,Provo_ID7,5,1082624,1262509,1,applied_drift,1741886129723,-47.109729051589966,-88.84378671646118
1,1,block_2,2,Provo_ID7,5,1082624,1262509,1,applied_drift,1741886129762,-47.109729051589966,-88.84378671646118
1,1,block_2,2,Provo_ID7,5,1082624,1262509,1,applied_drift,1741886129795,-47.109729051589966,-88.84378671646118
1,1,block_2,2,Provo_ID7,5,1082624,1262509,1,applied_drift,1741886129829,-47.109729051589966,-88.84378671646118
1,1,block_2,2,Provo_ID7,5,1082624,1262509,1,applied_drift,1741886129857,-47.109729051589966,-88.84378671646118
1,1,block_2,2,Provo_ID7,5,1082624,1262509,1,applied_drift,1741886129894,-47.109729051589966,-88.84378671646118
1,1,block_2,2,Provo_ID7,5,1082624,1262509,1,applied_drift,1741886129928,-47.109729051589966,-88.84378671646118
1,1,block_2,2,Provo_ID7,5,1082624,1262509,1,applied_drift,1741886129956,-47.109729051589966,-88.84378671646118
1,1,block_2,2,Provo_ID7,5,1082624,1262509,1,applied_drift,1741886129999,-47.109729051589966,-88.84378671646118
1,1,block_2,2,Provo_ID7,5,1082624,1262509,1,applied_drift,1741886130028,-47.109729051589966,-88.84378671646118
1,1,block_2,2,Provo_ID7,5,1082624,1262509,1,applied_drift,1741886130060,-47.109729051589966,-88.84378671646118
1,1,block_2,2,Provo_ID7,5,1082624,1262509,1,applied_drift,1741886130094,-47.109729051589966,-88.84378671646118
1,1,block_2,2,Provo_ID7,5,1082624,1262509,1,applied_drift,1741886130122,-47.109729051589966,-88.84378671646118
1,1,block_2,2,Provo_ID7,5,1082624,1262509,1,applied_drift,1741886130161,-47.109729051589966,-88.84378671646118
1,1,block_2,2,Provo_ID7,5,1082624,1262509,1,applied_drift,1741886130195,-47.109729051589966,-88.84378671646118
1,1,block_2,2,Provo_ID7,5,1082624,1262509,1,applied_drift,1741886130227,-47.109729051589966,-88.84378671646118
1,1,block_2,2,Provo_ID7,5,1082624,1262509,1,applied_drift,1741886130260,-47.109729051589966,-88.84378671646118
1,1,block_2,2,Provo_ID7,5,1082624,1262509,1,error_trial,1741886089880,""
1,1,block_2,2,Provo_ID7,5,1082624,1262509,1,error_trial,1741886113385,72.43041144476996
1,1,block_2,2,Provo_ID7,5,1082624,1262509,1,error_trial_x,1741886089880,""
1,1,block_2,2,Provo_ID7,5,1082624,1262509,1,error_trial_x,1741886113385,23.171971638997395
1,1,block_2,2,Provo_ID7,5,1082624,1262509,1,error_trial_y,1741886089880,""
1,1,block_2,2,Provo_ID7,5,1082624,1262509,1,error_trial_y,1741886113385,64.50711992051866
1,1,block_2,2,Provo_ID7,5,1082624,1262509,1,error_calibration,1741886089880,""
1,1,block_2,2,Provo_ID7,5,1082624,1262509,1,error_calibration,1741886113385,78.81319681803386
1,1,block_2,2,Provo_ID7,5,1082624,1262509,1,error_calibration_x,1741886089880,""
1,1,block_2,2,Provo_ID7,5,1082624,1262509,1,error_calibration_x,1741886113385,66.54381646050346
1,1,block_2,2,Provo_ID7,5,1082624,1262509,1,error_calibration_y,1741886089880,""
1,1,block_2,2,Provo_ID7,5,1082624,1262509,1,error_calibration_y,1741886113385,31.008336808946396
1,1,block_2,2,Provo_ID7,5,1082624,1262509,1,gaze_conf,"",
1,1,block_2,2,Provo_ID2,4,1082624,1262509,1,gaze_data,1741886036788,
1,1,block_2,2,Provo_ID2,4,1082624,1262509,1,gaze_data,1741886067258,718.5133695602417,434.6121907234192,1741886067233.6,0.836151658026953
1,1,block_2,2,Provo_ID2,4,1082624,1262509,1,gaze_data,1741886067277,720.4169511795044,433.57930183410645,1741886067266.6,0.836151658026953
1,1,block_2,2,Provo_ID2,4,1082624,1262509,1,gaze_data,1741886067311,721.1265802383423,421.28021121025085,1741886067300.3,0.9015169234077947
1,1,block_2,2,Provo_ID2,4,1082624,1262509,1,gaze_data,1741886067340,723.3242511749268,421.5765357017517,1741886067342.9001,0.9015169234077947
1,1,block_2,2,Provo_ID2,4,1082624,1262509,1,gaze_data,1741886067383,714.9080753326416,422.5136697292328,1741886067366.9001,0.9754753704774859
1,1,block_2,2,Provo_ID2,4,1082624,1262509,1,gaze_data,1741886067417,578.0093908309937,397.29965329170227,1741886067399.7002,1
1,1,block_2,2,Provo_ID2,4,1082624,1262509,1,gaze_data,1741886067449,547.0466136932373,402.85465717315674,1741886067432.8,0.6383633181049961
1,1,block_2,2,Provo_ID2,4,1082624,1262509,1,gaze_data,1741886067482,549.8390197753906,384.33293104171753,1741886067465.3,0.8545088405206109
1,1,block_2,2,Provo_ID2,4,1082624,1262509,1,gaze_data,1741886067516,541.4992094039917,376.46568417549133,1741886067500.3,0.9731528241122684
1,1,block_2,2,Provo_ID2,4,1082624,1262509,1,gaze_data,1741886067543,508.8901996612549,356.30858540534973,1741886067533,0.908539944066344
1,1,block_2,2,Provo_ID2,4,1082624,1262509,1,gaze_data,1741886067575,304.5043885707855,247.2660917788744,1741886067566.5,0.9184709548815138
1,1,block_2,2,Provo_ID2,4,1082624,1262509,1,gaze_data,1741886067615,201.25796794891357,156.6057339310646,1741886067600.3,0.8117540760343971
1,1,block_2,2,Provo_ID2,4,1082624,1262509,1,gaze_data,1741886067648,140.97092151641846,193.3859795331955,1741886067633,1
1,1,block_2,2,Provo_ID2,4,1082624,1262509,1,gaze_data,1741886067681,152.9224395751953,171.56949117779732,1741886067666.1,1
1,1,block_2,2,Provo_ID2,4,1082624,1262509,1,gaze_data,1741886067712,135.201096534729,153.56501042842865,1741886067698.9001,1
1,1,block_2,2,Provo_ID2,4,1082624,1262509,1,gaze_data,1741886067749,182.60746002197266,126.14907920360565,1741886067732,1
1,1,block_2,2,Provo_ID2,4,1082624,1262509,1,gaze_data,1741886067776,162.77234554290771,129.56296503543854,1741886067765.2002,1
1,1,block_2,2,Provo_ID2,4,1082624,1262509,1,gaze_data,1741886067812,134.33260917663574,129.21678870916367,1741886067799.6,1
1,1,block_2,2,Provo_ID2,4,1082624,1262509,1,gaze_data,1741886067843,115.93585014343262,149.68398809432983,1741886067835.9001,1
1,1,block_2,2,Provo_ID2,4,1082624,1262509,1,gaze_data,1741886067876,162.08345890045166,109.00863856077194,1741886067867,1
1,1,block_2,2,Provo_ID2,4,1082624,1262509,1,gaze_data,1741886067905,163.2756471633911,134.30765122175217,1741886067900.6,1
1,1,block_2,2,Provo_ID2,4,1082624,1262509,1,gaze_data,1741886067945,121.32840156555176,144.2851409316063,1741886067932.8,1
1,1,block_2,2,Provo_ID2,4,1082624,1262509,1,gaze_data,1741886067983,150.17991065979004,153.3880591392517,1741886067966.6,1
1,1,block_2,2,Provo_ID2,4,1082624,1262509,1,gaze_data,1741886068014,251.72853469848633,124.11078661680222,1741886068000.5,1
1,1,block_2,2,Provo_ID2,4,1082624,1262509,1,gaze_data,1741886068052,282.2779417037964,136.320298910141,1741886068032.6,1
1,1,block_2,2,Provo_ID2,4,1082624,1262509,1,gaze_data,1741886068075,277.61192321777344,143.42374205589294,1741886068066.7002,1
1,1,block_2,2,Provo_ID2,4,1082624,1262509,1,gaze_data,1741886068111,255.24475574493408,139.9693325161934,1741886068099.3,1
1,1,block_2,2,Provo_ID2,4,1082624,1262509,1,gaze_data,1741886068146,366.45015478134155,123.9124596118927,1741886068132.9001,1
1,1,block_2,2,Provo_ID2,4,1082624,1262509,1,gaze_data,1741886068179,458.24472308158875,140.85685312747955,1741886068166.3,1
1,1,block_2,2,Provo_ID2,4,1082624,1262509,1,gaze_data,1741886068212,482.7790558338165,152.28396505117416,1741886068199.3,1
1,1,block_2,2,Provo_ID2,4,1082624,1262509,1,gaze_data,1741886068240,464.1530513763428,136.20557487010956,1741886068232.6,1
1,1,block_2,2,Provo_ID2,4,1082624,1262509,1,gaze_data,1741886068285,468.44844818115234,113.45901936292648,1741886068267.1,1
1,1,block_2,2,Provo_ID2,4,1082624,1262509,1,gaze_data,1741886068319,515.8503293991089,111.97364181280136,1741886068299,1
1,1,block_2,2,Provo_ID2,4,1082624,1262509,1,gaze_data,1741886068352,675.2676725387573,104.06776368618011,1741886068332.4001,1
1,1,block_2,2,Provo_ID2,4,1082624,1262509,1,gaze_data,1741886068382,702.1933555603027,130.6316539645195,1741886068365.9001,1
1,1,block_2,2,Provo_ID2,4,1082624,1262509,1,gaze_data,1741886068419,683.2931518554688,102.43138521909714,1741886068400,1
1,1,block_2,2,Provo_ID2,4,1082624,1262509,1,gaze_data,1741886068451,703.0385732650757,89.6218478679657,1741886068432.7002,1
1,1,block_2,2,Provo_ID2,4,1082624,1262509,1,gaze_data,1741886068480,704.0354013442993,81.38493299484253,1741886068465.8,1
1,1,block_2,2,Provo_ID2,4,1082624,1262509,1,gaze_data,1741886068511,513.3589029312134,120.81145346164703,1741886068499.3,1
1,1,block_2,2,Provo_ID2,4,1082624,1262509,1,gaze_data,1741886068547,313.0216658115387,126.61163359880447,1741886068533.4001,1
1,1,block_2,2,Provo_ID2,4,1082624,1262509,1,gaze_data,1741886068579,222.6344108581543,174.01812821626663,1741886068565.8,1
1,1,block_2,2,Provo_ID2,4,1082624,1262509,1,gaze_data,1741886068608,210.65304279327393,173.53370264172554,1741886068599,1
1,1,block_2,2,Provo_ID2,4,1082624,1262509,1,gaze_data,1741886068651,213.66045475006104,164.0244483947754,1741886068633.5,1
1,1,block_2,2,Provo_ID2,4,1082624,1262509,1,gaze_data,1741886068680,222.3386287689209,171.6402381658554,1741886068665.7002,1
1,1,block_2,2,Provo_ID2,4,1082624,1262509,1,gaze_data,1741886068711,200.16610622406006,189.4191861152649,1741886068698.9001,1
1,1,block_2,2,Provo_ID2,4,1082624,1262509,1,gaze_data,1741886068751,204.13036346435547,182.14345574378967,1741886068732.6,1
1,1,block_2,2,Provo_ID2,4,1082624,1262509,1,gaze_data,1741886068779,206.96351528167725,178.09488847851753,1741886068766.5,1
1,1,block_2,2,Provo_ID2,4,1082624,1262509,1,gaze_data,1741886068812,194.79875564575195,199.64005462825298,1741886068798.8,1
1,1,block_2,2,Provo_ID2,4,1082624,1262509,1,gaze_data,1741886068845,372.23401069641113,213.87540120631456,1741886068832.3,1
1,1,block_2,2,Provo_ID2,4,1082624,1262509,1,gaze_data,1741886068878,435.29316782951355,224.4060664321296,1741886068865.6,1
1,1,block_2,2,Provo_ID2,4,1082624,1262509,1,gaze_data,1741886068911,451.0127305984497,191.1702662706375,1741886068899.2002,1
1,1,block_2,2,Provo_ID2,4,1082624,1262509,1,gaze_data,1741886068940,443.29046607017517,184.30708944797516,1741886068932.5,1
1,1,block_2,2,Provo_ID2,4,1082624,1262509,1,gaze_data,1741886068974,431.2791109085083,188.7642316520214,1741886068966.5,1
1,1,block_2,2,Provo_ID2,4,1082624,1262509,1,gaze_data,1741886069008,431.2989681959152,180.3714357316494,1741886069000.2002,1
1,1,block_2,2,Provo_ID2,4,1082624,1262509,1,gaze_data,1741886069047,554.9622535705566,202.42603532969952,1741886069032.3,1
1,1,block_2,2,Provo_ID2,4,1082624,1262509,1,gaze_data,1741886069085,557.6768159866333,173.14350083470345,1741886069065.6,1
1,1,block_2,2,Provo_ID2,4,1082624,1262509,1,gaze_data,1741886069112,570.5061912536621,172.51165062189102,1741886069099.1,1
1,1,block_2,2,Provo_ID2,4,1082624,1262509,1,gaze_data,1741886069142,562.7944946289062,186.8253894150257,1741886069132.3,1
1,1,block_2,2,Provo_ID2,4,1082624,1262509,1,gaze_data,1741886069180,565.088677406311,210.30257306993008,1741886069164.9001,1
1,1,block_2,2,Provo_ID2,4,1082624,1262509,1,gaze_data,1741886069212,581.8957090377808,167.36262887716293,1741886069198.8,1
1,1,block_2,2,Provo_ID2,4,1082624,1262509,1,gaze_data,1741886069242,561.0661268234253,176.24508440494537,1741886069232.8,1
1,1,block_2,2,Provo_ID2,4,1082624,1262509,1,gaze_data,1741886069279,543.772554397583,175.46509057283401,1741886069275.6,1
1,1,block_2,2,Provo_ID2,4,1082624,1262509,1,gaze_data,1741886069313,550.9884834289551,180.4033800959587,1741886069298.9001,1
1,1,block_2,2,Provo_ID2,4,1082624,1262509,1,gaze_data,1741886069342,513.741135597229,189.77919071912766,1741886069332.5,1
1,1,block_2,2,Provo_ID2,4,1082624,1262509,1,gaze_data,1741886069379,540.2897119522095,196.00145183503628,1741886069367,1
1,1,block_2,2,Provo_ID2,4,1082624,1262509,1,gaze_data,1741886069411,431.0549736022949,225.32912858296186,1741886069398.9001,1
1,1,block_2,2,Provo_ID2,4,1082624,1262509,1,gaze_data,1741886069446,250.16021728515625,281.4533956348896,1741886069432,1
1,1,block_2,2,Provo_ID2,4,1082624,1262509,1,gaze_data,1741886069473,243.5943365097046,265.5239947140217,1741886069465.8,1
1,1,block_2,2,Provo_ID2,4,1082624,1262509,1,gaze_data,1741886069513,252.5982141494751,234.18755307793617,1741886069498.3,0.9847334498713805
1,1,block_2,2,Provo_ID2,4,1082624,1262509,1,gaze_data,1741886069547,242.1311616897583,276.5884719789028,1741886069531.9001,0.9166941043578367
1,1,block_2,2,Provo_ID2,4,1082624,1262509,1,gaze_data,1741886069580,234.69488620758057,259.00081023573875,1741886069565.5,1
1,1,block_2,2,Provo_ID2,4,1082624,1262509,1,gaze_data,1741886069611,242.92092323303223,276.34762078523636,1741886069598.5,1
1,1,block_2,2,Provo_ID2,4,1082624,1262509,1,gaze_data,1741886069646,230.68780899047852,265.8650189638138,1741886069631.8,1
1,1,block_2,2,Provo_ID2,4,1082624,1262509,1,gaze_data,1741886069679,210.11579036712646,276.6389459371567,1741886069665.1,0.9991102091686415
1,1,block_2,2,Provo_ID2,4,1082624,1262509,1,gaze_data,1741886069717,299.6631383895874,282.6684661209583,1741886069699.3,1
1,1,block_2,2,Provo_ID2,4,1082624,1262509,1,gaze_data,1741886069744,425.95151364803314,262.46284544467926,1741886069731.8,1
1,1,block_2,2,Provo_ID2,4,1082624,1262509,1,gaze_data,1741886069778,481.60122632980347,270.52122578024864,1741886069764.6,0.8899274654243507
1,1,block_2,2,Provo_ID2,4,1082624,1262509,1,gaze_data,1741886069813,480.31882643699646,264.814293384552,1741886069798.7002,1
1,1,block_2,2,Provo_ID2,4,1082624,1262509,1,gaze_data,1741886069846,482.6734960079193,261.7387570440769,1741886069831.7002,1
1,1,block_2,2,Provo_ID2,4,1082624,1262509,1,gaze_data,1741886069878,483.4382891654968,260.7874445617199,1741886069865.1,0.9826375098330571
1,1,block_2,2,Provo_ID2,4,1082624,1262509,1,gaze_data,1741886069913,474.48675632476807,261.71566396951675,1741886069898.7002,0.9597693841246122
1,1,block_2,2,Provo_ID2,4,1082624,1262509,1,gaze_data,1741886069946,442.30110347270966,336.6509288549423,1741886069932.3,0.9133310860687325
1,1,block_2,2,Provo_ID2,4,1082624,1262509,1,gaze_data,1741886069977,416.24802350997925,359.48113203048706,1741886069964.2002,0.9388557294650708
1,1,block_2,2,Provo_ID2,4,1082624,1262509,1,gaze_data,1741886070011,426.67325735092163,350.33554434776306,1741886069998.9001,0.592527055380098
1,1,block_2,2,Provo_ID2,4,1082624,1262509,1,gaze_data,1741886070045,418.0495023727417,377.1596908569336,1741886070032.2002,0.7010568875750345
1,1,block_2,2,Provo_ID2,4,1082624,1262509,1,gaze_data,1741886070078,427.29181945323944,395.3401803970337,1741886070065,0.4174409833854806
1,1,block_2,2,Provo_ID2,4,1082624,1262509,1,gaze_data,1741886070108,326.8330156803131,363.1889283657074,1741886070098.8,0.29264883943825454
1,1,block_2,2,Provo_ID2,4,1082624,1262509,1,gaze_data,1741886070141,255.442214012146,373.169070482254,1741886070131.7002,0.3395548005234152
1,1,block_2,2,Provo_ID2,4,1082624,1262509,1,gaze_data,1741886070180,265.3541088104248,372.07037806510925,1741886070166.6,0.19944449304706746
1,1,block_2,2,Provo_ID2,4,1082624,1262509,1,gaze_data,1741886070213,237.20977306365967,350.0591278076172,1741886070197.7002,0.4491422762196175
1,1,block_2,2,Provo_ID2,4,1082624,1262509,1,gaze_data,1741886070247,206.38189315795898,352.20152735710144,1741886070231.8,0.3237340705475767
1,1,block_2,2,Provo_ID2,4,1082624,1262509,1,gaze_data,1741886070278,266.5471315383911,379.2259752750397,1741886070265.2002,0.3842923332491279
1,1,block_2,2,Provo_ID2,4,1082624,1262509,1,gaze_data,1741886070314,247.21357822418213,389.98586535453796,1741886070298.5,0.46195581607418257
1,1,block_2,2,Provo_ID2,4,1082624,1262509,1,gaze_data,1741886070345,268.10529232025146,350.0997483730316,1741886070332,0.2708946167767536
1,1,block_2,2,Provo_ID2,4,1082624,1262509,1,gaze_data,1741886070375,446.73040211200714,359.08881425857544,1741886070365,0.4493787826092238
1,1,block_2,2,Provo_ID2,4,1082624,1262509,1,gaze_data,1741886070408,563.3524656295776,384.91663932800293,1741886070399.1,0.2454788188268028
1,1,block_2,2,Provo_ID2,4,1082624,1262509,1,gaze_data,1741886070440,549.5121240615845,398.7585961818695,1741886070431.9001,0.14688823936074735
1,1,block_2,2,Provo_ID2,4,1082624,1262509,1,gaze_data,1741886070481,567.2621488571167,392.63100028038025,1741886070467.5,0.31083025825461347
1,1,block_2,2,Provo_ID2,4,1082624,1262509,1,gaze_data,1741886070516,537.9342079162598,388.796991109848,1741886070498.1,0.2524780154195661
1,1,block_2,2,Provo_ID2,4,1082624,1262509,1,gaze_data,1741886070546,540.8105373382568,405.92191219329834,1741886070531.7002,0.3706674632912193
1,1,block_2,2,Provo_ID2,4,1082624,1262509,1,gaze_data,1741886070578,553.3438682556152,372.9858160018921,1741886070564.9001,0.45597241670987126
1,1,block_2,2,Provo_ID2,4,1082624,1262509,1,gaze_data,1741886070612,570.8875894546509,311.31016314029694,1741886070598.5,0.4794927258480487
1,1,block_2,2,Provo_ID2,4,1082624,1262509,1,gaze_data,1741886070646,574.1557836532593,309.63121205568314,1741886070632.3,0.5206869497142858
1,1,block_2,2,Provo_ID2,4,1082624,1262509,1,gaze_data,1741886070678,579.2986869812012,334.32935774326324,1741886070665,0.6686702500201314
1,1,block_2,2,Provo_ID2,4,1082624,1262509,1,gaze_data,1741886070710,485.1060748100281,296.29962742328644,1741886070703.7002,0.7742723620607261
1,1,block_2,2,Provo_ID2,4,1082624,1262509,1,gaze_data,1741886070742,353.5860478878021,176.8825262784958,1741886070732.4001,0.6248994929742754
1,1,block_2,2,Provo_ID2,4,1082624,1262509,1,gaze_data,1741886070775,339.4155204296112,112.37604767084122,1741886070766.1,0.5779191251804128
1,1,block_2,2,Provo_ID2,4,1082624,1262509,1,gaze_data,1741886070804,291.89019203186035,93.70560050010681,1741886070799.3,0.9962404974820678
1,1,block_2,2,Provo_ID2,4,1082624,1262509,1,gaze_data,1741886070837,239.26374912261963,116.65619760751724,1741886070832.2002,1
1,1,block_2,2,Provo_ID2,4,1082624,1262509,1,gaze_data,1741886070875,243.58601570129395,117.6033154129982,1741886070871.7002,1
1,1,block_2,2,Provo_ID2,4,1082624,1262509,1,gaze_data,1741886070904,276.62947177886963,102.72450596094131,1741886070897.8,1
1,1,block_2,2,Provo_ID2,4,1082624,1262509,1,gaze_data,1741886070948,235.8442783355713,96.2000846862793,1741886070931.5,1
1,1,block_2,2,Provo_ID2,4,1082624,1262509,1,gaze_data,1741886070985,271.3724374771118,85.07392406463623,1741886070965.2002,1
1,1,block_2,2,Provo_ID2,4,1082624,1262509,1,gaze_data,1741886071018,274.6435880661011,102.5937482714653,1741886070998.1,1
1,1,block_2,2,Provo_ID2,4,1082624,1262509,1,gaze_data,1741886071047,277.5736331939697,86.22140288352966,1741886071031.3,1
1,1,block_2,2,Provo_ID2,4,1082624,1262509,1,gaze_data,1741886071078,303.2025635242462,99.3698000907898,1741886071064.7002,1
1,1,block_2,2,Provo_ID2,4,1082624,1262509,1,gaze_data,1741886071112,477.5276482105255,115.12815803289413,1741886071098.6,1
1,1,block_2,2,Provo_ID2,4,1082624,1262509,1,gaze_data,1741886071149,501.5392065048218,87.94639110565186,1741886071131.3,1
1,1,block_2,2,Provo_ID2,4,1082624,1262509,1,gaze_data,1741886071179,485.90062260627747,89.55729603767395,1741886071164.1,1
1,1,block_2,2,Provo_ID2,4,1082624,1262509,1,gaze_data,1741886071208,484.2321038246155,88.4440004825592,1741886071197.3,1
1,1,block_2,2,Provo_ID2,4,1082624,1262509,1,gaze_data,1741886071241,473.28556776046753,97.94068932533264,1741886071231.5,1
1,1,block_2,2,Provo_ID2,4,1082624,1262509,1,gaze_data,1741886071273,511.6727113723755,89.48755860328674,1741886071265.1,1
1,1,block_2,2,Provo_ID2,4,1082624,1262509,1,gaze_data,1741886071308,515.4720187187195,78.33111882209778,1741886071298.4001,1
1,1,block_2,2,Provo_ID2,4,1082624,1262509,1,gaze_data,1741886071347,409.39987003803253,128.7112444639206,1741886071332.2002,1
1,1,block_2,2,Provo_ID2,4,1082624,1262509,1,gaze_data,1741886071379,276.3967514038086,163.84995952248573,1741886071366,1
1,1,block_2,2,Provo_ID2,4,1082624,1262509,1,gaze_data,1741886071411,268.52941513061523,119.59085464477539,1741886071398,1
1,1,block_2,2,Provo_ID2,4,1082624,1262509,1,gaze_data,1741886071445,268.9361095428467,134.46440398693085,1741886071431.6,1
1,1,block_2,2,Provo_ID2,4,1082624,1262509,1,gaze_data,1741886071482,244.42901611328125,154.5588582754135,1741886071464.5,1
1,1,block_2,2,Provo_ID2,4,1082624,1262509,1,gaze_data,1741886071513,225.5573034286499,168.19173321127892,1741886071497.8,1
1,1,block_2,2,Provo_ID2,4,1082624,1262509,1,gaze_data,1741886071547,200.91819763183594,160.24114042520523,1741886071531.3,1
1,1,block_2,2,Provo_ID2,4,1082624,1262509,1,gaze_data,1741886071571,197.62022495269775,158.1471025943756,1741886071565.4001,1
1,1,block_2,2,Provo_ID2,4,1082624,1262509,1,gaze_data,1741886071616,165.5369758605957,160.31683087348938,1741886071598.1,1
1,1,block_2,2,Provo_ID2,4,1082624,1262509,1,gaze_data,1741886071648,171.8989372253418,169.85853984951973,1741886071631.3,1
1,1,block_2,2,Provo_ID2,4,1082624,1262509,1,gaze_data,1741886071680,183.16452503204346,176.29938423633575,1741886071664.9001,1
1,1,block_2,2,Provo_ID2,4,1082624,1262509,1,gaze_data,1741886071713,185.85889339447021,168.57265159487724,1741886071697.9001,1
1,1,block_2,2,Provo_ID2,4,1082624,1262509,1,gaze_data,1741886071747,163.91892433166504,184.97048541903496,1741886071730.9001,1
1,1,block_2,2,Provo_ID2,4,1082624,1262509,1,gaze_data,1741886071773,151.35927200317383,207.38000832498074,1741886071764.6,1
1,1,block_2,2,Provo_ID2,4,1082624,1262509,1,gaze_data,1741886071816,179.3694257736206,215.58091267943382,1741886071799.2002,1
1,1,block_2,2,Provo_ID2,4,1082624,1262509,1,gaze_data,1741886071852,169.0373659133911,172.53730297088623,1741886071830.4001,1
1,1,block_2,2,Provo_ID2,4,1082624,1262509,1,gaze_data,1741886071880,143.6969757080078,200.62801092863083,1741886071864.3,1
1,1,block_2,2,Provo_ID2,4,1082624,1262509,1,gaze_data,1741886071915,256.29425048828125,199.96787831187248,1741886071897,1
1,1,block_2,2,Provo_ID2,4,1082624,1262509,1,gaze_data,1741886071947,362.0464265346527,214.3170576542616,1741886071930.9001,1
1,1,block_2,2,Provo_ID2,4,1082624,1262509,1,gaze_data,1741886071975,365.31121730804443,215.55384937673807,1741886071964.5,1
1,1,block_2,2,Provo_ID2,4,1082624,1262509,1,gaze_data,1741886072008,370.2909231185913,211.78025137633085,1741886071997.8,1
1,1,block_2,2,Provo_ID2,4,1082624,1262509,1,gaze_data,1741886072049,373.21165800094604,203.92262414097786,1741886072031.7002,1
1,1,block_2,2,Provo_ID2,4,1082624,1262509,1,gaze_data,1741886072080,358.31889510154724,226.78440404124558,1741886072065,1
1,1,block_2,2,Provo_ID2,4,1082624,1262509,1,gaze_data,1741886072113,339.62950110435486,201.8540859222412,1741886072097.7002,1
1,1,block_2,2,Provo_ID2,4,1082624,1262509,1,gaze_data,1741886072146,397.8958249092102,212.98969388008118,1741886072131.2002,1
1,1,block_2,2,Provo_ID2,4,1082624,1262509,1,gaze_data,1741886072178,470.9926903247833,225.70664403028786,1741886072164.3,1
1,1,block_2,2,Provo_ID2,4,1082624,1262509,1,gaze_data,1741886072213,493.1621313095093,224.95944160036743,1741886072198.1,1
1,1,block_2,2,Provo_ID2,4,1082624,1262509,1,gaze_data,1741886072247,489.29089307785034,241.59603603184223,1741886072230.1,1
1,1,block_2,2,Provo_ID2,4,1082624,1262509,1,gaze_data,1741886072280,482.2786211967468,249.0404587239027,1741886072264.7002,1
1,1,block_2,2,Provo_ID2,4,1082624,1262509,1,gaze_data,1741886072312,569.2955493927002,237.22193613648415,1741886072297.6,1
1,1,block_2,2,Provo_ID2,4,1082624,1262509,1,gaze_data,1741886072347,596.3359355926514,234.70525946468115,1741886072330.1,0.9481941212248151
1,1,block_2,2,Provo_ID2,4,1082624,1262509,1,gaze_data,1741886072380,607.1449518203735,245.5810759216547,1741886072363.7002,0.8489838123738731
1,1,block_2,2,Provo_ID2,4,1082624,1262509,1,gaze_data,1741886072413,596.6638803482056,257.32094272971153,1741886072397.6,0.9343449866846707
1,1,block_2,2,Provo_ID2,4,1082624,1262509,1,gaze_data,1741886072446,522.368323802948,270.3420951962471,1741886072429.7002,0.9909970957297611
1,1,block_2,2,Provo_ID2,4,1082624,1262509,1,gaze_data,1741886072475,312.56231665611267,318.37417036294937,1741886072463.1,0.6371133564695627
1,1,block_2,2,Provo_ID2,4,1082624,1262509,1,gaze_data,1741886072508,244.97315883636475,311.1526131629944,1741886072498.7002,0.4822848840378575
1,1,block_2,2,Provo_ID2,4,1082624,1262509,1,gaze_data,1741886072541,250.91323852539062,309.6306309103966,1741886072531.3,0.4507780488735891
1,1,block_2,2,Provo_ID2,4,1082624,1262509,1,gaze_data,1741886072575,239.39120769500732,310.29306948184967,1741886072563.6,0.3693516308946181
1,1,block_2,2,Provo_ID2,4,1082624,1262509,1,gaze_data,1741886072608,251.06959342956543,317.0456126332283,1741886072598.7002,0.6085447731321377
1,1,block_2,2,Provo_ID2,4,1082624,1262509,1,gaze_data,1741886072639,240.82682132720947,326.6717255115509,1741886072631.7002,0.47860939903323013
1,1,block_2,2,Provo_ID2,4,1082624,1262509,1,gaze_data,1741886072675,182.68868923187256,319.432570040226,1741886072665.6,0.5663866929756571
1,1,block_2,2,Provo_ID2,4,1082624,1262509,1,gaze_data,1741886072708,209.98356342315674,330.5710017681122,1741886072697.1,0.5419021769111892
1,1,block_2,2,Provo_ID2,4,1082624,1262509,1,gaze_data,1741886072741,188.32671642303467,329.94477301836014,1741886072731.7002,0.34873337696860435
1,1,block_2,2,Provo_ID2,4,1082624,1262509,1,gaze_data,1741886072773,201.30634307861328,343.9156770706177,1741886072764.2002,0.36764196701143437
1,1,block_2,2,Provo_ID2,4,1082624,1262509,1,gaze_data,1741886072813,192.10407733917236,312.63065934181213,1741886072799.9001,0.3876574991061967
1,1,block_2,2,Provo_ID2,4,1082624,1262509,1,gaze_data,1741886072841,212.59684562683105,335.84216088056564,1741886072831.5,0.3921100341605537
1,1,block_2,2,Provo_ID2,4,1082624,1262509,1,gaze_data,1741886072876,392.48417615890503,368.91621947288513,1741886072864.5,0.35826129467663165
1,1,block_2,2,Provo_ID2,4,1082624,1262509,1,gaze_data,1741886072913,413.1460338830948,356.6240429878235,1741886072897.7002,0.2580221007313892
1,1,block_2,2,Provo_ID2,4,1082624,1262509,1,gaze_data,1741886072953,428.84284257888794,361.91115379333496,1741886072930.6,0.299104417914212
1,1,block_2,2,Provo_ID2,4,1082624,1262509,1,gaze_data,1741886072983,424.67221915721893,352.0677149295807,1741886072964.5,0.26418072941011733
1,1,block_2,2,Provo_ID2,4,1082624,1262509,1,gaze_data,1741886073020,406.232351064682,331.3561141490936,1741886072999.2002,0.2644667422810314
1,1,block_2,2,Provo_ID2,4,1082624,1262509,1,gaze_data,1741886073052,408.374148607254,337.1668517589569,1741886073030.7002,0.3691617147386131
1,1,block_2,2,Provo_ID2,4,1082624,1262509,1,gaze_data,1741886073080,399.94404315948486,318.21463853120804,1741886073064.4001,0.2814419237530548
1,1,block_2,2,Provo_ID2,4,1082624,1262509,1,gaze_data,1741886073114,325.7016956806183,164.91608172655106,1741886073097.3,0.37602523832563955
1,1,block_2,2,Provo_ID2,4,1082624,1262509,1,gaze_data,1741886073145,259.68451499938965,155.6551143527031,1741886073132.1,0.5810835139921293
1,1,block_2,2,Provo_ID2,4,1082624,1262509,1,gaze_data,1741886073175,229.27703857421875,125.65830200910568,1741886073164,0.8959191231388752
1,1,block_2,2,Provo_ID2,4,1082624,1262509,1,gaze_data,1741886073208,253.77798080444336,143.76540333032608,1741886073197.7002,1
1,1,block_2,2,Provo_ID2,4,1082624,1262509,1,gaze_data,1741886073246,236.0281467437744,146.1645945906639,1741886073230.8,1
1,1,block_2,2,Provo_ID2,4,1082624,1262509,1,gaze_data,1741886073280,188.90726566314697,160.77053397893906,1741886073264.7002,1
1,1,block_2,2,Provo_ID2,4,1082624,1262509,1,gaze_data,1741886073313,192.06562042236328,148.92044514417648,1741886073297.1,1
1,1,block_2,2,Provo_ID2,4,1082624,1262509,1,gaze_data,1741886073341,154.8119068145752,129.7512486577034,1741886073330.6,1
1,1,block_2,2,Provo_ID2,4,1082624,1262509,1,gaze_data,1741886073375,172.73199558258057,153.4019097685814,1741886073372.7002,1
1,1,block_2,2,Provo_ID2,4,1082624,1262509,1,gaze_data,1741886073408,177.47206687927246,137.86715865135193,1741886073397.5,1
1,1,block_2,2,Provo_ID2,4,1082624,1262509,1,gaze_data,1741886073449,192.21115112304688,140.3406023979187,1741886073431.7002,1
1,1,block_2,2,Provo_ID2,4,1082624,1262509,1,gaze_data,1741886073471,223.2736349105835,142.67657548189163,1741886073465.6,1
1,1,block_2,2,Provo_ID2,4,1082624,1262509,1,gaze_data,1741886073513,382.7314019203186,139.59404677152634,1741886073497.8,1
1,1,block_2,2,Provo_ID2,4,1082624,1262509,1,gaze_data,1741886073552,424.5663970708847,129.8561155796051,1741886073530.8,1
1,1,block_2,2,Provo_ID2,4,1082624,1262509,1,gaze_data,1741886073581,397.04482555389404,140.19742459058762,1741886073563.8,1
1,1,block_2,2,Provo_ID2,4,1082624,1262509,1,gaze_data,1741886073613,406.81630074977875,139.8399382829666,1741886073597.9001,1
1,1,block_2,2,Provo_ID2,4,1082624,1262509,1,gaze_data,1741886073647,397.18812108039856,138.26230019330978,1741886073630.6,1
1,1,block_2,2,Provo_ID2,4,1082624,1262509,1,gaze_data,1741886073681,472.74178862571716,131.5709039568901,1741886073664.2002,1
1,1,block_2,2,Provo_ID2,4,1082624,1262509,1,gaze_data,1741886073713,579.3277740478516,122.68810570240021,1741886073696.8,1
1,1,block_2,2,Provo_ID2,4,1082624,1262509,1,gaze_data,1741886073747,587.052583694458,114.41065967082977,1741886073730.6,1
1,1,block_2,2,Provo_ID2,4,1082624,1262509,1,gaze_data,1741886073775,587.2161388397217,103.64791601896286,1741886073763.8,1
1,1,block_2,2,Provo_ID2,4,1082624,1262509,1,gaze_data,1741886073812,588.779878616333,100.07058680057526,1741886073798.1,1
1,1,block_2,2,Provo_ID2,4,1082624,1262509,1,gaze_data,1741886073847,605.9136629104614,103.03781032562256,1741886073830.2002,1
1,1,block_2,2,Provo_ID2,4,1082624,1262509,1,gaze_data,1741886073880,507.58060216903687,104.4035017490387,1741886073863.6,1
1,1,block_2,2,Provo_ID2,4,1082624,1262509,1,gaze_data,1741886073917,289.49077129364014,168.30254569649696,1741886073897,1
1,1,block_2,2,Provo_ID2,4,1082624,1262509,1,gaze_data,1741886073952,188.82458209991455,179.04984802007675,1741886073929.4001,1
1,1,block_2,2,Provo_ID2,4,1082624,1262509,1,gaze_data,1741886073985,174.3990659713745,196.76378406584263,1741886073962.6,1
1,1,block_2,2,Provo_ID2,4,1082624,1262509,1,gaze_data,1741886074011,166.1365270614624,213.20770252496004,1741886073997,1
1,1,block_2,2,Provo_ID2,4,1082624,1262509,1,gaze_data,1741886074046,180.02309799194336,211.20412964373827,1741886074030.2002,1
1,1,block_2,2,Provo_ID2,4,1082624,1262509,1,gaze_data,1741886074080,193.69440078735352,197.9277342557907,1741886074063.6,1
1,1,block_2,2,Provo_ID2,4,1082624,1262509,1,gaze_data,1741886074111,181.12618923187256,190.29889106750488,1741886074096.9001,1
1,1,block_2,2,Provo_ID2,4,1082624,1262509,1,gaze_data,1741886074140,176.78942680358887,192.15417876839638,1741886074130.6,1
1,1,block_2,2,Provo_ID2,4,1082624,1262509,1,gaze_data,1741886074175,308.0439627170563,157.64079093933105,1741886074163.5,1
1,1,block_2,2,Provo_ID2,4,1082624,1262509,1,gaze_data,1741886074213,369.6410894393921,161.22929602861404,1741886074196.8,1
1,1,block_2,2,Provo_ID2,4,1082624,1262509,1,gaze_data,1741886074247,354.896742105484,168.33360344171524,1741886074229.8,1
1,1,block_2,2,Provo_ID2,4,1082624,1262509,1,gaze_data,1741886074280,356.30996227264404,174.37251135706902,1741886074263.5,1
1,1,block_2,2,Provo_ID2,4,1082624,1262509,1,gaze_data,1741886074313,371.0614800453186,174.94741305708885,1741886074296.6,1
1,1,block_2,2,Provo_ID2,4,1082624,1262509,1,gaze_data,1741886074346,378.2972514629364,187.71979808807373,1741886074332.1,1
1,1,block_2,2,Provo_ID2,4,1082624,1262509,1,gaze_data,1741886074379,383.80934596061707,179.34096455574036,1741886074364.2002,1
1,1,block_2,2,Provo_ID2,4,1082624,1262509,1,gaze_data,1741886074413,486.769562959671,184.01115238666534,1741886074396.7002,1
1,1,block_2,2,Provo_ID2,4,1082624,1262509,1,gaze_data,1741886074440,585.0897312164307,155.25679141283035,1741886074430,1
1,1,block_2,2,Provo_ID2,4,1082624,1262509,1,gaze_data,1741886074479,584.5299482345581,170.63402608036995,1741886074466.1,0.9013162592484969
1,1,block_2,2,Provo_ID2,4,1082624,1262509,1,gaze_data,1741886074508,586.5298748016357,163.46339732408524,1741886074495.9001,1
1,1,block_2,2,Provo_ID2,4,1082624,1262509,1,gaze_data,1741886074541,584.3221426010132,171.00209221243858,1741886074529.9001,1
1,1,block_2,2,Provo_ID2,4,1082624,1262509,1,gaze_data,1741886074574,590.4289245605469,155.1023930311203,1741886074563.4001,1
1,1,block_2,2,Provo_ID2,4,1082624,1262509,1,gaze_data,1741886074608,581.7614555358887,171.71274349093437,1741886074597.8,0.9074950246241014
1,1,block_2,2,Provo_ID2,4,1082624,1262509,1,gaze_data,1741886074641,570.234227180481,176.9466757774353,1741886074629.6,0.9222497994325471
1,1,block_2,2,Provo_ID2,4,1082624,1262509,1,gaze_data,1741886074670,357.8652322292328,246.72479964792728,1741886074663.9001,1
1,1,block_2,2,Provo_ID2,4,1082624,1262509,1,gaze_data,1741886074708,226.02956295013428,257.53334760665894,1741886074706,0.9658226896084909
1,1,block_2,2,Provo_ID2,4,1082624,1262509,1,gaze_data,1741886074741,202.4808168411255,265.36181420087814,1741886074729.5,0.9990678039372911
1,1,block_2,2,Provo_ID2,4,1082624,1262509,1,gaze_data,1741886074780,203.90119552612305,265.7698079943657,1741886074763.7002,0.900002995017835
1,1,block_2,2,Provo_ID2,4,1082624,1262509,1,gaze_data,1741886074815,189.60871696472168,286.5859255194664,1741886074796.5,0.9641592686346838
1,1,block_2,2,Provo_ID2,4,1082624,1262509,1,gaze_data,1741886074846,185.92991828918457,264.5566448569298,1741886074832.2002,0.9024910308347556
1,1,block_2,2,Provo_ID2,4,1082624,1262509,1,gaze_data,1741886074879,208.13207626342773,281.92118033766747,1741886074863.6,0.9755929057633446
1,1,block_2,2,Provo_ID2,4,1082624,1262509,1,gaze_data,1741886074912,213.03722858428955,252.2885300219059,1741886074896.6,0.981856219393495
1,1,block_2,2,Provo_ID2,4,1082624,1262509,1,gaze_data,1741886074950,205.8238983154297,281.08514696359634,1741886074930.1,0.9179847683795943
1,1,block_2,2,Provo_ID2,4,1082624,1262509,1,gaze_data,1741886074980,207.53662586212158,277.34457924962044,1741886074966.1,0.8421733891406058
1,1,block_2,2,Provo_ID2,4,1082624,1262509,1,gaze_data,1741886075013,386.0454201698303,269.9017360806465,1741886074996.6,0.8263515603874261
1,1,block_2,2,Provo_ID2,4,1082624,1262509,1,gaze_data,1741886075047,462.88655400276184,272.86427319049835,1741886075029.8,0.8927325409711013
1,1,block_2,2,Provo_ID2,4,1082624,1262509,1,gaze_data,1741886075080,493.07838678359985,274.74421858787537,1741886075063.8,0.9433898996291132
1,1,block_2,2,Provo_ID2,4,1082624,1262509,1,gaze_data,1741886075115,451.786071062088,249.83871392905712,1741886075096.5,0.6120459816802245
1,1,block_2,2,Provo_ID2,4,1082624,1262509,1,gaze_data,1741886075142,441.5907025337219,243.43268796801567,1741886075130,0.6120459816802245
1,1,block_2,2,Provo_ID2,4,1082624,1262509,1,gaze_data,1741886075180,465.88305830955505,260.46304255723953,1741886075163.8,0.8606731629855903
1,1,block_2,2,Provo_ID2,4,1082624,1262509,1,gaze_data,1741886075211,471.3217258453369,258.71506556868553,1741886075196.5,0.6525557607797429
1,1,block_2,2,Provo_ID2,4,1082624,1262509,1,gaze_data,1741886075246,537.6863718032837,260.5290286242962,1741886075233.4001,0.6917668879615635
1,1,block_2,2,Provo_ID2,4,1082624,1262509,1,gaze_data,1741886075281,549.1894364356995,262.66144439578056,1741886075263.2002,0.6410822331684564
1,1,block_2,2,Provo_ID2,4,1082624,1262509,1,gaze_data,1741886075307,553.3942937850952,262.4418646097183,1741886075296.7002,0.6410822331684564
1,1,block_2,2,Provo_ID2,4,1082624,1262509,1,gaze_data,1741886075351,518.4668064117432,281.5134808421135,1741886075336.2002,0.6899075845209232
1,1,block_2,2,Provo_ID2,4,1082624,1262509,1,gaze_data,1741886075380,351.15647315979004,371.6073989868164,1741886075362.4001,0.5440031661406014
1,1,block_2,2,Provo_ID2,4,1082624,1262509,1,gaze_data,1741886075413,334.26273465156555,349.68918412923813,1741886075395.7002,0.2805517161722953
1,1,block_2,2,Provo_ID2,4,1082624,1262509,1,gaze_data,1741886075443,314.9260103702545,337.18783259391785,1741886075428.7002,0.1511195665689199
1,1,block_2,2,Provo_ID2,4,1082624,1262509,1,gaze_data,1741886075480,326.88661217689514,346.24956399202347,1741886075462.8,0.20937512681803935
1,1,block_2,2,Provo_ID2,4,1082624,1262509,1,gaze_data,1741886075513,316.12674593925476,341.89046025276184,1741886075495.7002,0.19062272213638692
1,1,block_2,2,Provo_ID2,4,1082624,1262509,1,gaze_data,1741886075548,288.32151889801025,348.24071675539017,1741886075530.3,0.23143440631941908
1,1,block_2,2,Provo_ID2,4,1082624,1262509,1,gaze_data,1741886075573,199.09496307373047,331.00748658180237,1741886075563.2002,0.23143440631941908
1,1,block_2,2,Provo_ID2,4,1082624,1262509,1,gaze_data,1741886075617,192.58720874786377,324.6542051434517,1741886075597.2002,0.26617143477911387
1,1,block_2,2,Provo_ID2,4,1082624,1262509,1,gaze_data,1741886075652,201.90057754516602,326.1563837528229,1741886075629,0.27777735889198635
1,1,block_2,2,Provo_ID2,4,1082624,1262509,1,gaze_data,1741886075680,197.35956192016602,331.4610406756401,1741886075662.8,0.2501475590905365
1,1,block_2,2,Provo_ID2,4,1082624,1262509,1,gaze_data,1741886075713,199.91071224212646,270.878279954195,1741886075696,0.23696265786596304
1,1,block_2,2,Provo_ID2,4,1082624,1262509,1,gaze_data,1741886075745,234.6043348312378,174.421226978302,1741886075729.1,0.2586742484022479
1,1,block_2,2,Provo_ID2,4,1082624,1262509,1,gaze_data,1741886075784,198.08170795440674,149.6743768453598,1741886075766,0.6400057223734801
1,1,block_2,2,Provo_ID2,4,1082624,1262509,1,gaze_data,1741886075813,203.42328548431396,116.80153608322144,1741886075796.2002,0.9921516338753915
1,1,block_2,2,Provo_ID2,4,1082624,1262509,1,gaze_data,1741886075845,202.17256546020508,140.83986580371857,1741886075829.3,1
1,1,block_2,2,Provo_ID2,4,1082624,1262509,1,gaze_data,1741886075875,212.38210201263428,160.27189642190933,1741886075863.1,1
1,1,block_2,2,Provo_ID2,4,1082624,1262509,1,gaze_data,1741886075911,183.63053798675537,144.5147380232811,1741886075895.7002,1
1,1,block_2,2,Provo_ID2,4,1082624,1262509,1,gaze_data,1741886075947,197.43380546569824,129.50748056173325,1741886075930.7002,1
1,1,block_2,2,Provo_ID2,4,1082624,1262509,1,gaze_data,1741886075979,182.71374702453613,132.9873338341713,1741886075962.8,1
1,1,block_2,2,Provo_ID2,4,1082624,1262509,1,gaze_data,1741886076013,193.5840129852295,128.49915623664856,1741886075996.7002,1
1,1,block_2,2,Provo_ID2,4,1082624,1262509,1,gaze_data,1741886076047,199.06558990478516,149.31920766830444,1741886076029.5,1
1,1,block_2,2,Provo_ID2,4,1082624,1262509,1,gaze_data,1741886076081,189.00372982025146,280.80655857920647,1741886076062.8,1
1,1,block_2,2,Provo_ID2,4,1082624,1262509,1,gaze_data,1741886076112,202.2749900817871,318.9464643597603,1741886076095.5,0.5362579913960507
1,1,block_2,2,Provo_ID2,4,1082624,1262509,1,gaze_data,1741886076146,197.7078914642334,321.0241034626961,1741886076129.5,0.3703788998032124
1,1,block_2,2,Provo_ID2,4,1082624,1262509,1,gaze_data,1741886076178,186.3333225250244,325.8748486638069,1741886076164.2002,0.3162562750912741
1,1,block_2,2,Provo_ID2,4,1082624,1262509,1,gaze_data,1741886076208,198.96464347839355,325.26025772094727,1741886076196.1,0.3350351065635412
1,1,block_2,2,Provo_ID2,4,1082624,1262509,1,gaze_data,1741886076241,202.93290615081787,315.8559113740921,1741886076229.8,0.2625260085006282
1,1,block_2,2,Provo_ID2,4,1082624,1262509,1,gaze_data,1741886076278,183.6111068725586,331.0304343700409,1741886076262.5,0.2049267309874591
1,1,block_2,2,Provo_ID2,4,1082624,1262509,1,gaze_data,1741886076309,238.84832859039307,347.73817509412766,1741886076295.1,0.19567312221401245
1,1,block_2,2,Provo_ID2,4,1082624,1262509,1,gaze_data,1741886076347,313.98759484291077,259.6820205450058,1741886076328.7002,0
1,1,block_2,2,Provo_ID2,4,1082624,1262509,1,gaze_data,1741886076378,252.26457118988037,246.49754017591476,1741886076362.7002,0
1,1,block_2,2,Provo_ID2,4,1082624,1262509,1,gaze_data,1741886076413,244.50416564941406,259.7934812307358,1741886076395.6,0
1,1,block_2,2,Provo_ID2,4,1082624,1262509,1,gaze_data,1741886076446,210.449481010437,215.41750375181437,1741886076429.3,0.026641254537456163
1,1,block_2,2,Provo_ID2,4,1082624,1262509,1,gaze_data,1741886076480,176.68402194976807,169.12797316908836,1741886076463.7002,0.46287158778213877
1,1,block_2,2,Provo_ID2,4,1082624,1262509,1,gaze_data,1741886076512,191.5787935256958,172.54666090011597,1741886076495.9001,0.6473030459037044
1,1,block_2,2,Provo_ID2,4,1082624,1262509,1,gaze_data,1741886076545,194.248628616333,151.15918815135956,1741886076528.5,0.8369230725948484
1,1,block_2,2,Provo_ID2,4,1082624,1262509,1,gaze_data,1741886076575,202.21450328826904,159.26772207021713,1741886076561.8,0.9660612401176283
1,1,block_2,2,Provo_ID2,4,1082624,1262509,1,gaze_data,1741886076608,201.02925300598145,149.36084896326065,1741886076595.8,1
1,1,block_2,2,Provo_ID2,4,1082624,1262509,1,gaze_data,1741886076641,213.2976770401001,150.6141632795334,1741886076629.4001,1
1,1,block_2,2,Provo_ID2,4,1082624,1262509,1,gaze_data,1741886076674,366.8558955192566,165.51843881607056,1741886076662.4001,1
1,1,block_2,2,Provo_ID2,4,1082624,1262509,1,gaze_data,1741886076706,443.6497062444687,180.3840085864067,1741886076697,1
1,1,block_2,2,Provo_ID2,4,1082624,1262509,1,gaze_data,1741886076741,421.52991592884064,138.70400041341782,1741886076732.5,1
1,1,block_2,2,Provo_ID2,4,1082624,1262509,1,gaze_data,1741886076774,455.7078719139099,118.36687326431274,1741886076762.6,1
1,1,block_2,2,Provo_ID2,4,1082624,1262509,1,gaze_data,1741886076808,488.85258436203003,108.87420028448105,1741886076795.4001,1
1,1,block_2,2,Provo_ID2,4,1082624,1262509,1,gaze_data,1741886076841,534.0237855911255,101.2362077832222,1741886076829.2002,1
1,1,block_2,2,Provo_ID2,4,1082624,1262509,1,gaze_data,1741886076874,552.2658586502075,110.52141934633255,1741886076862.3,1
1,1,block_2,2,Provo_ID2,4,1082624,1262509,1,gaze_data,1741886076908,569.1508769989014,103.7338063120842,1741886076896.1,1
1,1,block_2,2,Provo_ID2,4,1082624,1262509,1,gaze_data,1741886076942,535.2818965911865,100.55815279483795,1741886076929.7002,1
1,1,block_2,2,Provo_ID2,4,1082624,1262509,1,gaze_data,1741886076975,528.7136197090149,98.81085753440857,1741886076962.4001,1
1,1,block_2,2,Provo_ID2,4,1082624,1262509,1,gaze_data,1741886077008,488.0136966705322,99.37218427658081,1741886076995.3,1
1,1,block_2,2,Provo_ID2,4,1082624,1262509,1,gaze_data,1741886077044,294.350266456604,140.90967029333115,1741886077029.5,1
1,1,block_2,2,Provo_ID2,4,1082624,1262509,1,gaze_data,1741886077080,226.4582395553589,165.07869809865952,1741886077066.3,1
1,1,block_2,2,Provo_ID2,4,1082624,1262509,1,gaze_data,1741886077113,211.13860607147217,164.50844928622246,1741886077095.7002,1
1,1,block_2,2,Provo_ID2,4,1082624,1262509,1,gaze_data,1741886077147,206.68954849243164,171.54515385627747,1741886077129.1,1
1,1,block_2,2,Provo_ID2,4,1082624,1262509,1,gaze_data,1741886077182,220.01492977142334,164.85188752412796,1741886077163.3,1
1,1,block_2,2,Provo_ID2,4,1082624,1262509,1,gaze_data,1741886077209,218.12710762023926,167.81290844082832,1741886077200.6,1
1,1,block_2,2,Provo_ID2,4,1082624,1262509,1,gaze_data,1741886077247,204.47046756744385,169.19929385185242,1741886077229.5,1
1,1,block_2,2,Provo_ID2,4,1082624,1262509,1,gaze_data,1741886077279,191.5184497833252,171.1916945874691,1741886077262.4001,1
1,1,block_2,2,Provo_ID2,4,1082624,1262509,1,gaze_data,1741886077313,211.51771545410156,180.24609088897705,1741886077294.8,1
1,1,block_2,2,Provo_ID2,4,1082624,1262509,1,gaze_data,1741886077344,352.4831473827362,159.23160910606384,1741886077328.8,1
1,1,block_2,2,Provo_ID2,4,1082624,1262509,1,gaze_data,1741886077374,357.9190254211426,154.41713333129883,1741886077363.2002,1
1,1,block_2,2,Provo_ID2,4,1082624,1262509,1,gaze_data,1741886077416,384.65516567230225,171.58459722995758,1741886077396.7002,1
1,1,block_2,2,Provo_ID2,4,1082624,1262509,1,gaze_data,1741886077442,392.2306418418884,177.94145867228508,1741886077428.8,1
1,1,block_2,2,Provo_ID2,4,1082624,1262509,1,gaze_data,1741886077484,375.9001553058624,167.9347589612007,1741886077469.1,1
1,1,block_2,2,Provo_ID2,4,1082624,1262509,1,gaze_data,1741886077518,379.2600989341736,196.51241451501846,1741886077495.7002,1
1,1,block_2,2,Provo_ID2,4,1082624,1262509,1,gaze_data,1741886077549,369.2309021949768,192.7838608622551,1741886077528.7002,1
1,1,block_2,2,Provo_ID2,4,1082624,1262509,1,gaze_data,1741886077584,386.9474709033966,193.44344958662987,1741886077567.4001,1
1,1,block_2,2,Provo_ID2,4,1082624,1262509,1,gaze_data,1741886077613,343.3782637119293,200.51237419247627,1741886077595.5,1
1,1,block_2,2,Provo_ID2,4,1082624,1262509,1,gaze_data,1741886077646,215.13400077819824,236.0557023435831,1741886077628.3,1
1,1,block_2,2,Provo_ID2,4,1082624,1262509,1,gaze_data,1741886077675,198.28784465789795,229.5175775885582,1741886077661.9001,0.8479320470761178
1,1,block_2,2,Provo_ID2,4,1082624,1262509,1,gaze_data,1741886077708,194.68209743499756,249.3382826447487,1741886077695.3,1
1,1,block_2,2,Provo_ID2,4,1082624,1262509,1,gaze_data,1741886077752,186.79115772247314,262.2747629880905,1741886077729.1,0.9167396606476746
1,1,block_2,2,Provo_ID2,4,1082624,1262509,1,gaze_data,1741886077780,184.80687141418457,268.8444875180721,1741886077762.1,0.8692135291668328
1,1,block_2,2,Provo_ID2,4,1082624,1262509,1,gaze_data,1741886077808,204.998517036438,271.33549228310585,1741886077795.2002,0.8531127790919515
1,1,block_2,2,Provo_ID2,4,1082624,1262509,1,gaze_data,1741886077840,198.57492446899414,273.1255128979683,1741886077828.5,0.9042756242457286
1,1,block_2,2,Provo_ID2,4,1082624,1262509,1,gaze_data,1741886077884,189.85989093780518,268.0719815194607,1741886077865.1,0.768650713008372
1,1,block_2,2,Provo_ID2,4,1082624,1262509,1,gaze_data,1741886077913,203.7388801574707,273.99587854743004,1741886077895.4001,0.7693811186669883
1,1,block_2,2,Provo_ID2,4,1082624,1262509,1,gaze_data,1741886077946,404.82057929039,268.9142882823944,1741886077928.9001,0.8800543296307479
1,1,block_2,2,Provo_ID2,4,1082624,1262509,1,gaze_data,1741886077979,441.17117524147034,266.6424535214901,1741886077962.4001,0.6987721132470737
1,1,block_2,2,Provo_ID2,4,1082624,1262509,1,gaze_data,1741886078012,430.77850341796875,263.33208605647087,1741886077994.5,0.6572018656443144
1,1,block_2,2,Provo_ID2,4,1082624,1262509,1,gaze_data,1741886078046,429.46953773498535,265.8715009689331,1741886078027.8,0.6432961604160231
1,1,block_2,2,Provo_ID2,4,1082624,1262509,1,gaze_data,1741886078074,462.95151114463806,279.36068400740623,1741886078062,0.7479609902807146
1,1,block_2,2,Provo_ID2,4,1082624,1262509,1,gaze_data,1741886078110,434.094300866127,253.90241518616676,1741886078096,0.4437752824214452
1,1,block_2,2,Provo_ID2,4,1082624,1262509,1,gaze_data,1741886078142,446.4845508337021,271.0565462708473,1741886078127.6,0.6582915873689603
1,1,block_2,2,Provo_ID2,4,1082624,1262509,1,gaze_data,1741886078174,451.0393738746643,276.2546934187412,1741886078161.2002,0.5346255380285917
1,1,block_2,2,Provo_ID2,4,1082624,1262509,1,gaze_data,1741886078208,489.46664333343506,330.35792261362076,1741886078195.3,0.3924661860787536
1,1,block_2,2,Provo_ID2,4,1082624,1262509,1,gaze_data,1741886078241,488.2876515388489,342.16386675834656,1741886078228.7002,0.2577830084395331
1,1,block_2,2,Provo_ID2,4,1082624,1262509,1,gaze_data,1741886078274,473.5354483127594,344.8768764734268,1741886078261.8,0.23161820218077583
1,1,block_2,2,Provo_ID2,4,1082624,1262509,1,gaze_data,1741886078308,480.64114451408386,343.48320066928864,1741886078295.2002,0.23547462244914433
1,1,block_2,2,Provo_ID2,4,1082624,1262509,1,gaze_data,1741886078341,493.2577610015869,344.57254260778427,1741886078329,0.2468775193497834
1,1,block_2,2,Provo_ID2,4,1082624,1262509,1,gaze_data,1741886078374,485.2324604988098,364.0821933746338,1741886078361.6,0.2549287964298213
1,1,block_2,2,Provo_ID2,4,1082624,1262509,1,gaze_data,1741886078407,302.3868143558502,350.80230832099915,1741886078394.3,0.1770168562834165
1,1,block_2,2,Provo_ID2,4,1082624,1262509,1,gaze_data,1741886078441,202.0963191986084,339.4784763455391,1741886078428.7002,0.021844954366889772
1,1,block_2,2,Provo_ID2,4,1082624,1262509,1,gaze_data,1741886078474,201.46422386169434,345.2467232942581,1741886078461.8,0.08474349476646655
1,1,block_2,2,Provo_ID2,4,1082624,1262509,1,gaze_data,1741886078508,212.77644634246826,337.2925356030464,1741886078495,0.12083633103068628
1,1,block_2,2,Provo_ID2,4,1082624,1262509,1,gaze_data,1741886078541,219.549298286438,334.1132089495659,1741886078528.2002,0.14503284246731118
1,1,block_2,2,Provo_ID2,4,1082624,1262509,1,gaze_data,1741886078574,202.55811214447021,349.4921162724495,1741886078562.8,0.09682188714545858
1,1,block_2,2,Provo_ID2,4,1082624,1262509,1,gaze_data,1741886078607,198.20332527160645,353.56826186180115,1741886078595.2002,0.11419595843220366
1,1,block_2,2,Provo_ID2,4,1082624,1262509,1,gaze_data,1741886078641,199.48103427886963,345.901457965374,1741886078627.6,0.16487651032015582
1,1,block_2,2,Provo_ID2,4,1082624,1262509,1,gaze_data,1741886078680,371.23069167137146,336.74073815345764,1741886078662,0.14112091367131405
1,1,block_2,2,Provo_ID2,4,1082624,1262509,1,gaze_data,1741886078712,444.9450373649597,353.2135546207428,1741886078694,0.11997337277354311
1,1,block_2,2,Provo_ID2,4,1082624,1262509,1,gaze_data,1741886078741,458.13024044036865,358.18610191345215,1741886078728.3,0.051276752972819195
1,1,block_2,2,Provo_ID2,4,1082624,1262509,1,gaze_data,1741886078779,459.20242071151733,350.09801983833313,1741886078761.7002,0.10197997174657407
1,1,block_2,2,Provo_ID2,4,1082624,1262509,1,gaze_data,1741886078812,455.6463360786438,361.9738280773163,1741886078795.7002,0.197745739266253
1,1,block_2,2,Provo_ID2,4,1082624,1262509,1,gaze_data,1741886078843,472.78881072998047,369.38414573669434,1741886078827.6,0.2959537850801488
1,1,block_2,2,Provo_ID2,4,1082624,1262509,1,gaze_data,1741886078869,476.76451206207275,373.16683530807495,1741886078861.1,0.3443687380927526
1,1,block_2,2,Provo_ID2,4,1082624,1262509,1,gaze_data,1741886078915,465.1346802711487,350.3300607204437,1741886078895.5,0.21644658243828563
1,1,block_2,2,Provo_ID2,4,1082624,1262509,1,gaze_data,1741886078951,318.84410977363586,259.7244068980217,1741886078934,0.3130305487675531
1,1,block_2,2,Provo_ID2,4,1082624,1262509,1,gaze_data,1741886078980,267.88909435272217,170.41357830166817,1741886078961.8,0.24029980529288658
1,1,block_2,2,Provo_ID2,4,1082624,1262509,1,gaze_data,1741886079012,218.13552379608154,146.88195139169693,1741886078994.7002,1
1,1,block_2,2,Provo_ID2,4,1082624,1262509,1,gaze_data,1741886079045,215.8468723297119,130.83931654691696,1741886079029.1,1
1,1,block_2,2,Provo_ID2,4,1082624,1262509,1,gaze_data,1741886079075,223.08120727539062,115.14652371406555,1741886079067,1
1,1,block_2,2,Provo_ID2,4,1082624,1262509,1,gaze_data,1741886079118,253.61075401306152,130.26049584150314,1741886079094.4001,1
1,1,block_2,2,Provo_ID2,4,1082624,1262509,1,gaze_data,1741886079152,256.8796634674072,119.9556052684784,1741886079128.8,1
1,1,block_2,2,Provo_ID2,4,1082624,1262509,1,gaze_data,1741886079179,243.0269479751587,119.86426115036011,1741886079161.5,1
1,1,block_2,2,Provo_ID2,4,1082624,1262509,1,gaze_data,1741886079213,176.13062858581543,136.9575172662735,1741886079194.8,1
1,1,block_2,2,Provo_ID2,4,1082624,1262509,1,gaze_data,1741886079247,156.77835941314697,136.18813306093216,1741886079232.5,1
1,1,block_2,2,Provo_ID2,4,1082624,1262509,1,gaze_data,1741886079284,160.87298393249512,144.3255677819252,1741886079262.3,1
1,1,block_2,2,Provo_ID2,4,1082624,1262509,1,gaze_data,1741886079311,154.79848384857178,143.34434121847153,1741886079294.5,1
1,1,block_2,2,Provo_ID2,4,1082624,1262509,1,gaze_data,1741886079346,150.1518964767456,134.60170328617096,1741886079331.4001,1
1,1,block_2,2,Provo_ID2,4,1082624,1262509,1,gaze_data,1741886079380,279.0095567703247,147.59517312049866,1741886079361.8,1
1,1,block_2,2,Provo_ID2,4,1082624,1262509,1,gaze_data,1741886079413,322.2217381000519,123.65091443061829,1741886079394.7002,1
1,1,block_2,2,Provo_ID2,4,1082624,1262509,1,gaze_data,1741886079446,341.9646918773651,125.44225752353668,1741886079428,1
1,1,block_2,2,Provo_ID2,4,1082624,1262509,1,gaze_data,1741886079478,319.36102509498596,117.52777397632599,1741886079461.4001,1
1,1,block_2,2,Provo_ID2,4,1082624,1262509,1,gaze_data,1741886079513,328.3850133419037,110.20952314138412,1741886079499.2002,1
1,1,block_2,2,Provo_ID2,4,1082624,1262509,1,gaze_data,1741886079541,318.12867522239685,92.82857775688171,1741886079527.1,1
1,1,block_2,2,Provo_ID2,4,1082624,1262509,1,gaze_data,1741886079579,319.83975768089294,102.33843177556992,1741886079560.5,1
1,1,block_2,2,Provo_ID2,4,1082624,1262509,1,gaze_data,1741886079610,322.47477173805237,102.7523785829544,1741886079594.8,1
1,1,block_2,2,Provo_ID2,4,1082624,1262509,1,gaze_data,1741886079641,320.1055109500885,95.27186155319214,1741886079627.2002,1
1,1,block_2,2,Provo_ID2,4,1082624,1262509,1,gaze_data,1741886079674,314.79260325431824,91.05021357536316,1741886079661.2002,1
1,1,block_2,2,Provo_ID2,4,1082624,1262509,1,gaze_data,1741886079707,375.12579560279846,99.78160858154297,1741886079694.6,1
1,1,block_2,2,Provo_ID2,4,1082624,1262509,1,gaze_data,1741886079746,481.13505840301514,127.83548831939697,1741886079732.9001,1
1,1,block_2,2,Provo_ID2,4,1082624,1262509,1,gaze_data,1741886079779,480.1510512828827,106.19837641716003,1741886079760.3,1
1,1,block_2,2,Provo_ID2,4,1082624,1262509,1,gaze_data,1741886079808,494.07423734664917,129.50242906808853,1741886079793.6,1
1,1,block_2,2,Provo_ID2,4,1082624,1262509,1,gaze_data,1741886079842,476.72592401504517,134.16134417057037,1741886079828.2002,1
1,1,block_2,2,Provo_ID2,4,1082624,1262509,1,gaze_data,1741886079869,476.16540789604187,118.36313307285309,1741886079860.3,1
1,1,block_2,2,Provo_ID2,4,1082624,1262509,1,gaze_data,1741886079911,483.38420391082764,115.62866568565369,1741886079895,1
1,1,block_2,2,Provo_ID2,4,1082624,1262509,1,gaze_data,1741886079941,483.40649604797363,108.62720608711243,1741886079938.1,1
1,1,block_2,2,Provo_ID2,4,1082624,1262509,1,gaze_data,1741886079985,448.085355758667,119.56815272569656,1741886079961.7002,1
1,1,block_2,2,Provo_ID2,4,1082624,1262509,1,gaze_data,1741886080018,430.6201606988907,183.97449180483818,1741886079993.4001,1
1,1,block_2,2,Provo_ID2,4,1082624,1262509,1,gaze_data,1741886080046,435.320121049881,170.48026099801064,1741886080026.9001,1
1,1,block_2,2,Provo_ID2,4,1082624,1262509,1,gaze_data,1741886080078,431.1860203742981,177.53652334213257,1741886080061.3,1
1,1,block_2,2,Provo_ID2,4,1082624,1262509,1,gaze_data,1741886080113,425.83144307136536,173.66351410746574,1741886080093.7002,1
1,1,block_2,2,Provo_ID2,4,1082624,1262509,1,gaze_data,1741886080145,444.7595328092575,173.7845040857792,1741886080127.1,1
1,1,block_2,2,Provo_ID2,4,1082624,1262509,1,gaze_data,1741886080178,438.60549330711365,177.93812081217766,1741886080161,1
1,1,block_2,2,Provo_ID2,4,1082624,1262509,1,gaze_data,1741886080209,363.8269603252411,158.35139751434326,1741886080194.9001,1
1,1,block_2,2,Provo_ID2,4,1082624,1262509,1,gaze_data,1741886080245,223.34966659545898,179.77714017033577,1741886080231.6,1
1,1,block_2,2,Provo_ID2,4,1082624,1262509,1,gaze_data,1741886080273,198.5764980316162,215.91690313071012,1741886080260.2002,0.9498412462727321
1,1,block_2,2,Provo_ID2,4,1082624,1262509,1,gaze_data,1741886080316,186.51630878448486,212.97432892024517,1741886080293.9001,0.9892546578711268
1,1,block_2,2,Provo_ID2,4,1082624,1262509,1,gaze_data,1741886080341,191.609787940979,194.99229490756989,1741886080327,1
1,1,block_2,2,Provo_ID2,4,1082624,1262509,1,gaze_data,1741886080373,184.8362922668457,211.90855968743563,1741886080360.8,1
1,1,block_2,2,Provo_ID2,4,1082624,1262509,1,gaze_data,1741886080412,191.00277423858643,202.27863118052483,1741886080399.2002,1
1,1,block_2,2,Provo_ID2,4,1082624,1262509,1,gaze_data,1741886080444,191.1656379699707,201.38732567429543,1741886080427.7002,1
1,1,block_2,2,Provo_ID2,4,1082624,1262509,1,gaze_data,1741886080473,190.60802459716797,185.14893427491188,1741886080460,1
1,1,block_2,2,Provo_ID2,4,1082624,1262509,1,gaze_data,1741886080507,193.88163089752197,196.18514217436314,1741886080499.5,1
1,1,block_2,2,Provo_ID2,4,1082624,1262509,1,gaze_data,1741886080540,188.59450817108154,212.08551656454802,1741886080527.2002,1
1,1,block_2,2,Provo_ID2,4,1082624,1262509,1,gaze_data,1741886080575,208.7165355682373,213.5103851556778,1741886080560.6,1
1,1,block_2,2,Provo_ID2,4,1082624,1262509,1,gaze_data,1741886080614,190.38147926330566,231.83618709445,1741886080593.9001,1
1,1,block_2,2,Provo_ID2,4,1082624,1262509,1,gaze_data,1741886080651,202.95743942260742,273.27139899134636,1741886080633.1,1
1,1,block_2,2,Provo_ID2,4,1082624,1262509,1,gaze_data,1741886080680,192.16296672821045,268.7782146036625,1741886080660.6,0.7127252949377527
1,1,block_2,2,Provo_ID2,4,1082624,1262509,1,gaze_data,1741886080712,180.32829761505127,272.09261283278465,1741886080693.8,0.6945354052052889
1,1,block_2,2,Provo_ID2,4,1082624,1262509,1,gaze_data,1741886080746,215.26122093200684,313.2331132888794,1741886080726.9001,0.7236956470179545
1,1,block_2,2,Provo_ID2,4,1082624,1262509,1,gaze_data,1741886080779,431.5127670764923,202.19828225672245,1741886080761.3,0.1259214516773515
1,1,block_2,2,Provo_ID2,4,1082624,1262509,1,gaze_data,1741886080812,498.4012722969055,161.67106330394745,1741886080794.5,0
1,1,block_2,2,Provo_ID2,4,1082624,1262509,1,gaze_data,1741886080848,436.0522449016571,221.56183505430818,1741886080827.8,0
1,1,block_2,2,Provo_ID2,4,1082624,1262509,1,gaze_data,1741886080884,323.7302362918854,301.09862834215164,1741886080867.2002,0
1,1,block_2,2,Provo_ID2,4,1082624,1262509,1,gaze_data,1741886080913,162.0950222015381,368.8767611980438,1741886080895.1,0
1,1,block_2,2,Provo_ID2,4,1082624,1262509,1,gaze_data,1741886080945,151.49376392364502,356.5971910953522,1741886080926.7002,0
1,1,block_2,2,Provo_ID2,4,1082624,1262509,1,gaze_data,1741886080987,141.02938175201416,337.53533512353897,1741886080962.5,0.022477229516182064
1,1,block_2,2,Provo_ID2,4,1082624,1262509,1,gaze_data,1741886081011,155.14304637908936,312.74876594543457,1741886080993.5,0.1919160640051117
1,1,block_2,2,Provo_ID2,4,1082624,1262509,1,gaze_data,1741886081045,183.14130306243896,224.54005813924596,1741886081027.1,0.15574538599593005
1,1,block_2,2,Provo_ID2,4,1082624,1262509,1,gaze_data,1741886081077,154.99942302703857,212.14748118072748,1741886081060.7002,0.4686423782376795
1,1,block_2,2,Provo_ID2,4,1082624,1262509,1,gaze_data,1741886081116,169.09945011138916,229.158575553447,1741886081098.7002,0.6167943213257235
1,1,block_2,2,Provo_ID2,4,1082624,1262509,1,gaze_data,1741886081149,165.079665184021,227.94904364272952,1741886081126.9001,0.6732901953420125
1,1,block_2,2,Provo_ID2,4,1082624,1262509,1,gaze_data,1741886081176,159.2193365097046,233.91547184437513,1741886081160.7002,1
1,1,block_2,2,Provo_ID2,4,1082624,1262509,1,gaze_data,1741886081213,155.87878227233887,237.51536328345537,1741886081198.6,0.835932696413527
1,1,block_2,2,Provo_ID2,4,1082624,1262509,1,gaze_data,1741886081240,219.62766647338867,277.04687640070915,1741886081226.6,0.9011576496162124
1,1,block_2,2,Provo_ID2,4,1082624,1262509,1,gaze_data,1741886081274,223.298978805542,271.9501502811909,1741886081260.3,0.8507229703224283
1,1,block_2,2,Provo_ID2,4,1082624,1262509,1,gaze_data,1741886081318,220.17157077789307,301.36701315641403,1741886081304.7002,0.8441607169923389
1,1,block_2,2,Provo_ID2,4,1082624,1262509,1,gaze_data,1741886081352,202.7055025100708,283.70572477579117,1741886081326.8,0.7642631380786841
1,1,block_2,2,Provo_ID2,4,1082624,1262509,1,gaze_data,1741886081380,223.67722988128662,270.50542309880257,1741886081360.4001,0.6540324915756207
1,1,block_2,2,Provo_ID2,4,1082624,1262509,1,gaze_data,1741886081411,223.00631999969482,268.55988278985023,1741886081393,0.6397026821016715
1,1,block_2,2,Provo_ID2,4,1082624,1262509,1,gaze_data,1741886081452,218.86916160583496,285.5797991156578,1741886081434.3,0.8681896596672436
1,1,block_2,2,Provo_ID2,4,1082624,1262509,1,gaze_data,1741886081480,182.1697235107422,283.74254181981087,1741886081460.5,0.7474120268475986
1,1,block_2,2,Provo_ID2,4,1082624,1262509,1,gaze_data,1741886081507,152.63357162475586,263.90324756503105,1741886081494,0.8632454779986464
1,1,block_2,2,Provo_ID2,4,1082624,1262509,1,gaze_data,1741886081538,136.34629249572754,284.2404715716839,1741886081527.7002,0.6110628114975167
1,1,block_2,2,Provo_ID2,4,1082624,1262509,1,gaze_data,1741886081575,138.79547119140625,284.7715489566326,1741886081561.6,0.6288586582878498
1,1,block_2,2,Provo_ID2,4,1082624,1262509,1,gaze_data,1741886081613,147.57661819458008,309.7146213054657,1741886081594,0.5431443882310077
1,1,block_2,2,Provo_ID2,4,1082624,1262509,1,gaze_data,1741886081647,157.00528621673584,297.54357635974884,1741886081626.8,0.4657552452657921
1,1,block_2,2,Provo_ID2,4,1082624,1262509,1,gaze_data,1741886081674,147.13513851165771,304.2849585413933,1741886081659.9001,0.5771239902482471
1,1,block_2,2,Provo_ID2,4,1082624,1262509,1,gaze_data,1741886081717,143.53148937225342,321.7555120587349,1741886081701.6,0.6780710289134123
1,1,block_2,2,Provo_ID2,4,1082624,1262509,1,gaze_data,1741886081750,176.985764503479,251.66344679892063,1741886081726.3,0.5034443477554488
1,1,block_2,2,Provo_ID2,4,1082624,1262509,1,gaze_data,1741886081780,242.3705816268921,161.3114982843399,1741886081759.5,0.5952620472993609
1,1,block_2,2,Provo_ID2,4,1082624,1262509,1,gaze_data,1741886081814,199.65953826904297,157.05101788043976,1741886081792.9001,0.6557774785049404
1,1,block_2,2,Provo_ID2,4,1082624,1262509,1,gaze_data,1741886081847,197.09875583648682,170.35713642835617,1741886081830.1,1
1,1,block_2,2,Provo_ID2,4,1082624,1262509,1,gaze_data,1741886081880,203.16145420074463,175.743418186903,1741886081859.6,0.9126497235044964
1,1,block_2,2,Provo_ID2,4,1082624,1262509,1,gaze_data,1741886081912,201.87463760375977,170.826668292284,1741886081893,0.892871297017443
1,1,block_2,2,Provo_ID2,4,1082624,1262509,1,gaze_data,1741886081946,191.16547107696533,172.04727083444595,1741886081932.7002,0.802434969648746
1,1,block_2,2,Provo_ID2,4,1082624,1262509,1,gaze_data,1741886081979,349.2689549922943,183.72389152646065,1741886081960.5,0.9178554792847358
1,1,block_2,2,Provo_ID2,4,1082624,1262509,1,gaze_data,1741886082007,432.6538860797882,186.14028245210648,1741886081993.5,0.978665355183455
1,1,block_2,2,Provo_ID2,4,1082624,1262509,1,gaze_data,1741886082043,453.2462954521179,168.55788081884384,1741886082027,1
1,1,block_2,2,Provo_ID2,4,1082624,1262509,1,gaze_data,1741886082074,451.09050273895264,150.51081627607346,1741886082060,0.9322752024391732
1,1,block_2,2,Provo_ID2,4,1082624,1262509,1,gaze_data,1741886082107,467.54574179649353,137.3113751411438,1741886082093.7002,0.7862525469816357
1,1,block_2,2,Provo_ID2,4,1082624,1262509,1,gaze_data,1741886082141,458.1542193889618,136.2120270729065,1741886082126.4001,0.881997356586
1,1,block_2,2,Provo_ID2,4,1082624,1262509,1,gaze_data,1741886082180,459.94805097579956,135.85638850927353,1741886082160.5,0.9984722076849248
1,1,block_2,2,Provo_ID2,4,1082624,1262509,1,gaze_data,1741886082208,576.7201662063599,131.4803645014763,1741886082192.9001,0.982692164417494
1,1,block_2,2,Provo_ID2,4,1082624,1262509,1,gaze_data,1741886082240,620.2620983123779,147.01193422079086,1741886082226.2002,0.645681667870559
1,1,block_2,2,Provo_ID2,4,1082624,1262509,1,gaze_data,1741886082280,643.2805776596069,156.01876974105835,1741886082259.9001,0.8730679402623593
1,1,block_2,2,Provo_ID2,4,1082624,1262509,1,gaze_data,1741886082315,647.803783416748,147.26563394069672,1741886082293.7002,0.9894454596302817
1,1,block_2,2,Provo_ID2,4,1082624,1262509,1,gaze_data,1741886082340,657.1850299835205,142.72279143333435,1741886082329,0.9894454596302817
1,1,block_2,2,Provo_ID2,4,1082624,1262509,1,gaze_data,1741886082384,661.2042903900146,131.56745433807373,1741886082359.9001,1
1,1,block_2,2,Provo_ID2,4,1082624,1262509,1,gaze_data,1741886082416,584.0110301971436,159.46999043226242,1741886082392.8,0.9184415830894923
1,1,block_2,2,Provo_ID2,4,1082624,1262509,1,gaze_data,1741886082443,541.5991067886353,163.58416378498077,1741886082425.9001,1
1,1,block_2,2,Provo_ID2,4,1082624,1262509,1,gaze_data,1741886082477,551.203441619873,154.97481673955917,1741886082467.5,0.9632642537223974
1,1,block_2,2,Provo_ID2,4,1082624,1262509,1,gaze_data,1741886082507,538.7044787406921,159.68639999628067,1741886082492.7002,0.9027831842695648
1,1,block_2,2,Provo_ID2,4,1082624,1262509,1,gaze_data,1741886082540,547.5292563438416,164.8435428738594,1741886082526.6,0.9844958203209679
1,1,block_2,2,Provo_ID2,4,1082624,1262509,1,gaze_data,1741886082580,445.7390069961548,187.9523754119873,1741886082559.3,0.7812652916736336
1,1,block_2,2,Provo_ID2,4,1082624,1262509,1,gaze_data,1741886082611,433.7889760732651,175.20785555243492,1741886082592.5,1
1,1,block_2,2,Provo_ID2,4,1082624,1262509,1,gaze_data,1741886082646,430.90638518333435,179.18168604373932,1741886082626.4001,0.9325546851451314
1,1,block_2,2,Provo_ID2,4,1082624,1262509,1,gaze_data,1741886082673,423.5750883817673,175.58614760637283,1741886082659.4001,0.9818612533018967
1,1,block_2,2,Provo_ID2,4,1082624,1262509,1,gaze_data,1741886082706,344.78617310523987,181.8839967250824,1741886082693.4001,1
1,1,block_2,2,Provo_ID2,4,1082624,1262509,1,gaze_data,1741886082740,218.14241409301758,175.769804418087,1741886082725.8,1
1,1,block_2,2,Provo_ID2,4,1082624,1262509,1,gaze_data,1741886082770,157.59828090667725,184.527887403965,1741886082760.7002,1
1,1,block_2,2,Provo_ID2,4,1082624,1262509,1,gaze_data,1741886082809,168.02396774291992,198.81586208939552,1741886082793.3,1
1,1,block_2,2,Provo_ID2,4,1082624,1262509,1,gaze_data,1741886082848,159.20302867889404,204.4908408075571,1741886082827,1
1,1,block_2,2,Provo_ID2,4,1082624,1262509,1,gaze_data,1741886082879,152.78527736663818,200.9803395718336,1741886082860.7002,1
1,1,block_2,2,Provo_ID2,4,1082624,1262509,1,gaze_data,1741886082906,151.38826370239258,196.082990989089,1741886082892.7002,1
1,1,block_2,2,Provo_ID2,4,1082624,1262509,1,gaze_data,1741886082944,164.22789096832275,185.89858561754227,1741886082926.3,1
1,1,block_2,2,Provo_ID2,4,1082624,1262509,1,gaze_data,1741886082976,162.93375492095947,209.33347046375275,1741886082959.5,1
1,1,block_2,2,Provo_ID2,4,1082624,1262509,1,gaze_data,1741886083009,169.4237470626831,201.54588147997856,1741886082997,1
1,1,block_2,2,Provo_ID2,4,1082624,1262509,1,gaze_data,1741886083045,162.6439094543457,191.6067287325859,1741886083025.7002,1
1,1,block_2,2,Provo_ID2,4,1082624,1262509,1,gaze_data,1741886083079,221.1353063583374,188.45193684101105,1741886083059.7002,1
1,1,block_2,2,Provo_ID2,4,1082624,1262509,1,gaze_data,1741886083107,237.62688636779785,161.17836385965347,1741886083093.7002,1
1,1,block_2,2,Provo_ID2,4,1082624,1262509,1,gaze_data,1741886083137,277.8627395629883,187.5486172735691,1741886083135.8,1
1,1,block_2,2,Provo_ID2,4,1082624,1262509,1,gaze_data,1741886083179,280.48293590545654,189.2006866633892,1741886083159.6,0.9323349460655503
1,1,block_2,2,Provo_ID2,4,1082624,1262509,1,gaze_data,1741886083215,266.58504009246826,178.77345010638237,1741886083192.3,0.8461337722812807
1,1,block_2,2,Provo_ID2,4,1082624,1262509,1,gaze_data,1741886083250,337.31183409690857,196.37505747377872,1741886083234.2002,0.9945430579257851
1,1,block_2,2,Provo_ID2,4,1082624,1262509,1,gaze_data,1741886083281,448.66944551467896,198.33752550184727,1741886083260.3,0.7704662280462369
1,1,block_2,2,Provo_ID2,4,1082624,1262509,1,gaze_data,1741886083313,474.74032640457153,198.5606089234352,1741886083293.2002,0.8900354571892501
1,1,block_2,2,Provo_ID2,4,1082624,1262509,1,gaze_data,1741886083352,472.1553146839142,186.70460060238838,1741886083328,0.945552916248825
1,1,block_2,2,Provo_ID2,4,1082624,1262509,1,gaze_data,1741886083379,481.90388679504395,181.1551883816719,1741886083359,0.8332952833125704
1,1,block_2,2,Provo_ID2,4,1082624,1262509,1,gaze_data,1741886083407,476.69127583503723,172.7875456213951,1741886083392.4001,0.8590496497102658
1,1,block_2,2,Provo_ID2,4,1082624,1262509,1,gaze_data,1741886083447,484.06035900115967,171.0451975464821,1741886083433.3,0.8132835390740216
1,1,block_2,2,Provo_ID2,4,1082624,1262509,1,gaze_data,1741886083480,470.1161324977875,181.42035454511642,1741886083460.1,0.7671169457203177
1,1,block_2,2,Provo_ID2,4,1082624,1262509,1,gaze_data,1741886083513,477.8774857521057,191.54609963297844,1741886083493.1,0.7885592405766073
1,1,block_2,2,Provo_ID2,4,1082624,1262509,1,gaze_data,1741886083541,489.0702724456787,182.0467211306095,1741886083525.7002,0.9557811387912265
1,1,block_2,2,Provo_ID2,4,1082624,1262509,1,gaze_data,1741886083575,356.2982976436615,189.50119093060493,1741886083560.1,0.8837507296228249
1,1,block_2,2,Provo_ID2,4,1082624,1262509,1,gaze_data,1741886083614,288.9643669128418,197.80618734657764,1741886083592.6,0.9210959659719737
1,1,block_2,2,Provo_ID2,4,1082624,1262509,1,gaze_data,1741886083647,281.1081886291504,209.70955807715654,1741886083625.9001,0.8704400482577883
1,1,block_2,2,Provo_ID2,4,1082624,1262509,1,gaze_data,1741886083680,286.6389751434326,194.00677308440208,1741886083659,0.9017154909516744
1,1,block_2,2,Provo_ID2,4,1082624,1262509,1,gaze_data,1741886083711,263.50886821746826,181.1903551220894,1741886083693.1,0.7432522053202892
1,1,block_2,2,Provo_ID2,4,1082624,1262509,1,gaze_data,1741886083742,271.31710052490234,197.16094844043255,1741886083725.7002,0.7104896818397097
1,1,block_2,2,Provo_ID2,4,1082624,1262509,1,gaze_data,1741886083774,287.0082378387451,194.10923160612583,1741886083758.8,0.6481627727508551
1,1,block_2,2,Provo_ID2,4,1082624,1262509,1,gaze_data,1741886083803,280.3875684738159,191.1535732448101,1741886083792.3,0.8799325381563015
1,1,block_2,2,Provo_ID2,4,1082624,1262509,1,gaze_data,1741886083847,401.3859838247299,210.1935189217329,1741886083825.9001,0.9370794729230538
1,1,block_2,2,Provo_ID2,4,1082624,1262509,1,gaze_data,1741886083881,505.1421523094177,194.5817045867443,1741886083859.2002,0.7633995103340556
1,1,block_2,2,Provo_ID2,4,1082624,1262509,1,gaze_data,1741886083916,518.5387015342712,193.00509840250015,1741886083902.3,0.6888212578961062
1,1,block_2,2,Provo_ID2,4,1082624,1262509,1,gaze_data,1741886083948,508.40420722961426,190.6856320798397,1741886083927.4001,0.7916794518302457
1,1,block_2,2,Provo_ID2,4,1082624,1262509,1,gaze_data,1741886083980,492.19579696655273,187.42111548781395,1741886083959.8,0.775657289083242
1,1,block_2,2,Provo_ID2,4,1082624,1262509,1,gaze_data,1741886084010,517.8576707839966,190.46771004796028,1741886083992.3,0.7426111022136639
1,1,block_2,2,Provo_ID2,4,1082624,1262509,1,gaze_data,1741886084045,366.51099920272827,207.61347226798534,1741886084034.1,0.8139010519784402
1,1,block_2,2,Provo_ID2,4,1082624,1262509,1,gaze_data,1741886084080,229.81667518615723,243.89788918197155,1741886084058.6,0.7849680465225227
1,1,block_2,2,Provo_ID2,4,1082624,1262509,1,gaze_data,1741886084109,210.57143211364746,246.50406874716282,1741886084092,0.8068332747442324
1,1,block_2,2,Provo_ID2,4,1082624,1262509,1,gaze_data,1741886084141,213.20130825042725,238.69862724095583,1741886084132.3,0.9137589648648397
1,1,block_2,2,Provo_ID2,4,1082624,1262509,1,gaze_data,1741886084180,211.11106872558594,250.07785335183144,1741886084159.3,0.7642802799852819
1,1,block_2,2,Provo_ID2,4,1082624,1262509,1,gaze_data,1741886084217,217.59228706359863,337.89704591035843,1741886084191.9001,0.7178525706098525
1,1,block_2,2,Provo_ID2,4,1082624,1262509,1,gaze_data,1741886084244,540.6843662261963,196.7762991786003,1741886084225.2002,0.06200816487479978
1,1,block_2,2,Provo_ID2,4,1082624,1262509,1,gaze_data,1741886084280,558.6395740509033,176.62799581885338,1741886084268,0
1,1,block_2,2,Provo_ID2,4,1082624,1262509,1,gaze_data,1741886084312,463.1122827529907,240.94230718910694,1741886084293,0
1,1,block_2,2,Provo_ID2,4,1082624,1262509,1,gaze_data,1741886084344,257.65628814697266,374.8890221118927,1741886084325.1,0
1,1,block_2,2,Provo_ID2,4,1082624,1262509,1,gaze_data,1741886084373,207.2307586669922,341.0104051232338,1741886084359.2002,0
1,1,block_2,2,Provo_ID2,4,1082624,1262509,1,gaze_data,1741886084409,202.22480297088623,337.06021159887314,1741886084392.5,0
1,1,block_2,2,Provo_ID2,4,1082624,1262509,1,gaze_data,1741886084449,182.9214096069336,302.5434300303459,1741886084425.7002,0
1,1,block_2,2,Provo_ID2,4,1082624,1262509,1,gaze_data,1741886084480,168.28818321228027,264.30966928601265,1741886084466.5,0.07847097999050877
1,1,block_2,2,Provo_ID2,4,1082624,1262509,1,gaze_data,1741886084509,165.01531600952148,265.8078022301197,1741886084492.4001,0.07847097999050877
1,1,block_2,2,Provo_ID2,4,1082624,1262509,1,gaze_data,1741886084549,160.02156734466553,297.8308781981468,1741886084525.7002,0.30425205255482884
1,1,block_2,2,Provo_ID2,4,1082624,1262509,1,gaze_data,1741886084584,171.78854942321777,322.14967012405396,1741886084569.7002,0.387059097813379
1,1,block_2,2,Provo_ID2,4,1082624,1262509,1,gaze_data,1741886084613,222.3057985305786,324.09362345933914,1741886084592.3,0.2846547553237218
1,1,block_2,2,Provo_ID2,4,1082624,1262509,1,gaze_data,1741886084646,222.06799983978271,347.89999425411224,1741886084626.1,0.21417558308122062
1,1,block_2,2,Provo_ID2,4,1082624,1262509,1,gaze_data,1741886084677,227.8566598892212,344.1765069961548,1741886084658.9001,0.2837558881107608
1,1,block_2,2,Provo_ID2,4,1082624,1262509,1,gaze_data,1741886084718,203.13622951507568,327.570615708828,1741886084700.2002,0.20030284814237825
1,1,block_2,2,Provo_ID2,4,1082624,1262509,1,gaze_data,1741886084752,203.0885934829712,315.7483696937561,1741886084726.5,0.24555073075795938
1,1,block_2,2,Provo_ID2,4,1082624,1262509,1,gaze_data,1741886084784,192.96751022338867,330.7608276605606,1741886084759.5,0.2114360199714294
1,1,block_2,2,Provo_ID2,4,1082624,1262509,1,gaze_data,1741886084812,197.1954345703125,343.49845200777054,1741886084792.2002,0.1283632396207513
1,1,block_2,2,Provo_ID2,4,1082624,1262509,1,gaze_data,1741886084846,205.1633596420288,339.60915207862854,1741886084826.5,0.33697446500449335
1,1,block_2,2,Provo_ID2,4,1082624,1262509,1,gaze_data,1741886084883,216.0308837890625,325.7656827569008,1741886084859.5,0.19926826112007276
1,1,block_2,2,Provo_ID2,4,1082624,1262509,1,gaze_data,1741886084908,220.94628810882568,319.2769721150398,1741886084892.8,0.19926826112007276
1,1,block_2,2,Provo_ID2,4,1082624,1262509,1,gaze_data,1741886084943,217.08805561065674,344.6618750691414,1741886084925.4001,0.18026775403854797
1,1,block_2,2,Provo_ID2,4,1082624,1262509,1,gaze_data,1741886084980,225.5284070968628,344.3181872367859,1741886084960.1,0.1369611204669713
1,1,block_2,2,Provo_ID2,4,1082624,1262509,1,gaze_data,1741886085012,425.484162569046,370.1767683029175,1741886084991.7002,0.2260626414272664
1,1,block_2,2,Provo_ID2,4,1082624,1262509,1,gaze_data,1741886085046,448.93297255039215,345.73078751564026,1741886085026,0.05399788466622307
1,1,block_2,2,Provo_ID2,4,1082624,1262509,1,gaze_data,1741886085072,459.51157212257385,360.70159673690796,1741886085059.3,0.05399788466622307
1,1,block_2,2,Provo_ID2,4,1082624,1262509,1,gaze_data,1741886085116,471.95730209350586,371.8075215816498,1741886085093.2002,0.1528597925543901
1,1,block_2,2,Provo_ID2,4,1082624,1262509,1,gaze_data,1741886085146,470.1696455478668,350.4829466342926,1741886085125.2002,0.17539448864098403
1,1,block_2,2,Provo_ID2,4,1082624,1262509,1,gaze_data,1741886085179,486.5537106990814,348.49843233823776,1741886085158.3,0.2631324637286456
1,1,block_2,2,Provo_ID2,4,1082624,1262509,1,gaze_data,1741886085210,480.7730793952942,337.77441680431366,1741886085191.8,0.29341750223906987
1,1,block_2,2,Provo_ID2,4,1082624,1262509,1,gaze_data,1741886085242,478.1805396080017,352.35089659690857,1741886085224.8,0.23204331549002025
1,1,block_2,2,Provo_ID2,4,1082624,1262509,1,gaze_data,1741886085275,475.23176074028015,334.73646491765976,1741886085258.3,0.2951341281140647
1,1,block_2,2,Provo_ID2,4,1082624,1262509,1,gaze_data,1741886085312,486.33989691734314,346.6234192252159,1741886085297.7002,0.33210657429377616
1,1,block_2,2,Provo_ID2,4,1082624,1262509,1,gaze_data,1741886085345,487.1820271015167,357.1008801460266,1741886085325.4001,0.27741210359095975
1,1,block_2,2,Provo_ID2,4,1082624,1262509,1,gaze_data,1741886085373,476.05234384536743,355.0400197505951,1741886085358.6,0.22104280975805246
1,1,block_2,2,Provo_ID2,4,1082624,1262509,1,gaze_data,1741886085409,307.38794207572937,341.85676872730255,1741886085391.4001,0.31607209186369184
1,1,block_2,2,Provo_ID2,4,1082624,1262509,1,gaze_data,1741886085440,233.35998058319092,329.20525819063187,1741886085425.1,0.12551931541948172
1,1,block_2,2,Provo_ID2,4,1082624,1262509,1,gaze_data,1741886085470,220.60039043426514,330.46763241291046,1741886085458.6,0.21504776618988197
1,1,block_2,2,Provo_ID2,4,1082624,1262509,1,gaze_data,1741886085507,224.24333095550537,330.7581976056099,1741886085492.6,0.2503409120196897
1,1,block_2,2,Provo_ID2,4,1082624,1262509,1,gaze_data,1741886085542,234.51807498931885,333.30943286418915,1741886085525.2002,0.29210675827329247
1,1,block_2,2,Provo_ID2,4,1082624,1262509,1,gaze_data,1741886085578,218.1452989578247,336.63604259490967,1741886085560.3,0.27452906069982047
1,1,block_2,2,Provo_ID2,4,1082624,1262509,1,gaze_data,1741886085607,210.02154350280762,341.097554564476,1741886085591.8,0.27452906069982047
1,1,block_2,2,Provo_ID2,4,1082624,1262509,1,gaze_data,1741886085644,220.69203853607178,337.61142045259476,1741886085625.7002,0.1553471997917644
1,1,block_2,2,Provo_ID2,4,1082624,1262509,1,gaze_data,1741886085672,202.0158290863037,343.22935938835144,1741886085658.5,0.21786031873740414
1,1,block_2,2,Provo_ID2,4,1082624,1262509,1,gaze_data,1741886085715,226.45320892333984,343.0822625756264,1741886085691.7002,0.20406288230524783
1,1,block_2,2,Provo_ID2,4,1082624,1262509,1,gaze_data,1741886085748,214.73469734191895,331.09181970357895,1741886085733.3,0.1177299664853949
1,1,block_2,2,Provo_ID2,4,1082624,1262509,1,gaze_data,1741886085779,226.8554449081421,335.23829132318497,1741886085757.8,0.2238396939963296
1,1,block_2,2,Provo_ID2,4,1082624,1262509,1,gaze_data,1741886085811,214.4176959991455,332.6944172382355,1741886085791.9001,0.2016446033103797
1,1,block_2,2,Provo_ID2,4,1082624,1262509,1,gaze_data,1741886085842,246.98336124420166,260.818949341774,1741886085824.8,0.4593579533531849
1,1,block_2,2,Provo_ID2,4,1082624,1262509,1,gaze_data,1741886085877,287.8909111022949,164.95556235313416,1741886085862.2002,0.19030357536089693
1,1,block_2,2,Provo_ID2,4,1082624,1262509,1,gaze_data,1741886085907,258.3380699157715,135.9916016459465,1741886085891.5,0.5486960354109858
1,1,block_2,2,Provo_ID2,4,1082624,1262509,1,gaze_data,1741886085945,252.27971076965332,169.4999359548092,1741886085924.4001,1
1,1,block_2,2,Provo_ID2,4,1082624,1262509,1,gaze_data,1741886085977,238.54174613952637,154.0425330400467,1741886085957.8,1
1,1,block_2,2,Provo_ID2,4,1082624,1262509,1,gaze_data,1741886086011,253.50031852722168,152.89391428232193,1741886085991.4001,1
1,1,block_2,2,Provo_ID2,4,1082624,1262509,1,gaze_data,1741886086039,278.171443939209,130.09457886219025,1741886086025.2002,1
1,1,block_2,2,Provo_ID2,4,1082624,1262509,1,gaze_data,1741886086082,438.3116602897644,146.2256819009781,1741886086057.8,1
1,1,block_2,2,Provo_ID2,4,1082624,1262509,1,gaze_data,1741886086108,462.250816822052,146.07899487018585,1741886086091.1,1
1,1,block_2,2,Provo_ID2,4,1082624,1262509,1,gaze_data,1741886086146,464.50140476226807,123.11503887176514,1741886086132.1,1
1,1,block_2,2,Provo_ID2,4,1082624,1262509,1,gaze_data,1741886086178,465.4011309146881,124.4893878698349,1741886086157.9001,1
1,1,block_2,2,Provo_ID2,4,1082624,1262509,1,gaze_data,1741886086211,468.0596172809601,124.46682751178741,1741886086191.4001,1
1,1,block_2,2,Provo_ID2,4,1082624,1262509,1,gaze_data,1741886086241,453.0320644378662,125.22378414869308,1741886086224.5,1
1,1,block_2,2,Provo_ID2,4,1082624,1262509,1,gaze_data,1741886086268,486.9226574897766,160.27232855558395,1741886086259,1
1,1,block_2,2,Provo_ID2,4,1082624,1262509,1,gaze_data,1741886086306,491.5472388267517,184.0231142938137,1741886086291.8,1
1,1,block_2,2,Provo_ID2,4,1082624,1262509,1,gaze_data,1741886086350,481.35340213775635,193.26928853988647,1741886086335.5,1
1,1,block_2,2,Provo_ID2,4,1082624,1262509,1,gaze_data,1741886086379,488.9518141746521,202.1653488278389,1741886086358.4001,1
1,1,block_2,2,Provo_ID2,4,1082624,1262509,1,gaze_data,1741886086412,486.188268661499,208.87900367379189,1741886086391.1,1
1,1,block_2,2,Provo_ID2,4,1082624,1262509,1,gaze_data,1741886086443,504.2837142944336,215.8441612496972,1741886086424.4001,1
1,1,block_2,2,Provo_ID2,4,1082624,1262509,1,gaze_data,1741886086478,481.36647939682007,330.1982566714287,1741886086461.6,1
1,1,block_2,2,Provo_ID2,4,1082624,1262509,1,gaze_data,1741886086511,488.09704184532166,333.86311531066895,1741886086491.7002,0.6576864369710015
1,1,block_2,2,Provo_ID2,4,1082624,1262509,1,gaze_data,1741886086540,489.5060360431671,322.6743996143341,1741886086524.5,0.5702436876275023
1,1,block_2,2,Provo_ID2,4,1082624,1262509,1,gaze_data,1741886086579,484.0659558773041,309.441177546978,1741886086558.7002,0.6287242301029528
1,1,block_2,2,Provo_ID2,4,1082624,1262509,1,gaze_data,1741886086612,493.7856197357178,317.47738122940063,1741886086591.4001,0.5448314854961369
1,1,block_2,2,Provo_ID2,4,1082624,1262509,1,gaze_data,1741886086645,506.788969039917,327.9205173254013,1741886086624.9001,0.3854563632306684
1,1,block_2,2,Provo_ID2,4,1082624,1262509,1,gaze_x,"",
1,1,block_2,2,Provo_ID2,4,1082624,1262509,1,gaze_y,"",
1,1,block_2,2,Provo_ID2,4,1082624,1262509,1,el_x,"",
1,1,block_2,2,Provo_ID2,4,1082624,1262509,1,applied_drift,1741886036788,
1,1,block_2,2,Provo_ID2,4,1082624,1262509,1,applied_drift,1741886067258,-50.073687732219696,-23.77556413412094
1,1,block_2,2,Provo_ID2,4,1082624,1262509,1,applied_drift,1741886067277,-50.073687732219696,-23.77556413412094
1,1,block_2,2,Provo_ID2,4,1082624,1262509,1,applied_drift,1741886067311,-50.073687732219696,-23.77556413412094
1,1,block_2,2,Provo_ID2,4,1082624,1262509,1,applied_drift,1741886067340,-50.073687732219696,-23.77556413412094
1,1,block_2,2,Provo_ID2,4,1082624,1262509,1,applied_drift,1741886067383,-50.073687732219696,-23.77556413412094
1,1,block_2,2,Provo_ID2,4,1082624,1262509,1,applied_drift,1741886067417,-50.073687732219696,-23.77556413412094
1,1,block_2,2,Provo_ID2,4,1082624,1262509,1,applied_drift,1741886067449,-50.073687732219696,-23.77556413412094
1,1,block_2,2,Provo_ID2,4,1082624,1262509,1,applied_drift,1741886067482,-50.073687732219696,-23.77556413412094
1,1,block_2,2,Provo_ID2,4,1082624,1262509,1,applied_drift,1741886067516,-50.073687732219696,-23.77556413412094
1,1,block_2,2,Provo_ID2,4,1082624,1262509,1,applied_drift,1741886067543,-50.073687732219696,-23.77556413412094
1,1,block_2,2,Provo_ID2,4,1082624,1262509,1,applied_drift,1741886067575,-50.073687732219696,-23.77556413412094
1,1,block_2,2,Provo_ID2,4,1082624,1262509,1,applied_drift,1741886067615,-50.073687732219696,-23.77556413412094
1,1,block_2,2,Provo_ID2,4,1082624,1262509,1,applied_drift,1741886067648,-50.073687732219696,-23.77556413412094
1,1,block_2,2,Provo_ID2,4,1082624,1262509,1,applied_drift,1741886067681,-50.073687732219696,-23.77556413412094
1,1,block_2,2,Provo_ID2,4,1082624,1262509,1,applied_drift,1741886067712,-50.073687732219696,-23.77556413412094
1,1,block_2,2,Provo_ID2,4,1082624,1262509,1,applied_drift,1741886067749,-50.073687732219696,-23.77556413412094
1,1,block_2,2,Provo_ID2,4,1082624,1262509,1,applied_drift,1741886067776,-50.073687732219696,-23.77556413412094
1,1,block_2,2,Provo_ID2,4,1082624,1262509,1,applied_drift,1741886067812,-50.073687732219696,-23.77556413412094
1,1,block_2,2,Provo_ID2,4,1082624,1262509,1,applied_drift,1741886067843,-50.073687732219696,-23.77556413412094
1,1,block_2,2,Provo_ID2,4,1082624,1262509,1,applied_drift,1741886067876,-50.073687732219696,-23.77556413412094
1,1,block_2,2,Provo_ID2,4,1082624,1262509,1,applied_drift,1741886067905,-50.073687732219696,-23.77556413412094
1,1,block_2,2,Provo_ID2,4,1082624,1262509,1,applied_drift,1741886067945,-50.073687732219696,-23.77556413412094
1,1,block_2,2,Provo_ID2,4,1082624,1262509,1,applied_drift,1741886067983,-50.073687732219696,-23.77556413412094
1,1,block_2,2,Provo_ID2,4,1082624,1262509,1,applied_drift,1741886068014,-50.073687732219696,-23.77556413412094
1,1,block_2,2,Provo_ID2,4,1082624,1262509,1,applied_drift,1741886068052,-50.073687732219696,-23.77556413412094
1,1,block_2,2,Provo_ID2,4,1082624,1262509,1,applied_drift,1741886068075,-50.073687732219696,-23.77556413412094
1,1,block_2,2,Provo_ID2,4,1082624,1262509,1,applied_drift,1741886068111,-50.073687732219696,-23.77556413412094
1,1,block_2,2,Provo_ID2,4,1082624,1262509,1,applied_drift,1741886068146,-50.073687732219696,-23.77556413412094
1,1,block_2,2,Provo_ID2,4,1082624,1262509,1,applied_drift,1741886068179,-50.073687732219696,-23.77556413412094
1,1,block_2,2,Provo_ID2,4,1082624,1262509,1,applied_drift,1741886068212,-50.073687732219696,-23.77556413412094
1,1,block_2,2,Provo_ID2,4,1082624,1262509,1,applied_drift,1741886068240,-50.073687732219696,-23.77556413412094
1,1,block_2,2,Provo_ID2,4,1082624,1262509,1,applied_drift,1741886068285,-50.073687732219696,-23.77556413412094
1,1,block_2,2,Provo_ID2,4,1082624,1262509,1,applied_drift,1741886068319,-50.073687732219696,-23.77556413412094
1,1,block_2,2,Provo_ID2,4,1082624,1262509,1,applied_drift,1741886068352,-50.073687732219696,-23.77556413412094
1,1,block_2,2,Provo_ID2,4,1082624,1262509,1,applied_drift,1741886068382,-50.073687732219696,-23.77556413412094
1,1,block_2,2,Provo_ID2,4,1082624,1262509,1,applied_drift,1741886068419,-50.073687732219696,-23.77556413412094
1,1,block_2,2,Provo_ID2,4,1082624,1262509,1,applied_drift,1741886068451,-50.073687732219696,-23.77556413412094
1,1,block_2,2,Provo_ID2,4,1082624,1262509,1,applied_drift,1741886068480,-50.073687732219696,-23.77556413412094
1,1,block_2,2,Provo_ID2,4,1082624,1262509,1,applied_drift,1741886068511,-50.073687732219696,-23.77556413412094
1,1,block_2,2,Provo_ID2,4,1082624,1262509,1,applied_drift,1741886068547,-50.073687732219696,-23.77556413412094
1,1,block_2,2,Provo_ID2,4,1082624,1262509,1,applied_drift,1741886068579,-50.073687732219696,-23.77556413412094
1,1,block_2,2,Provo_ID2,4,1082624,1262509,1,applied_drift,1741886068608,-50.073687732219696,-23.77556413412094
1,1,block_2,2,Provo_ID2,4,1082624,1262509,1,applied_drift,1741886068651,-50.073687732219696,-23.77556413412094
1,1,block_2,2,Provo_ID2,4,1082624,1262509,1,applied_drift,1741886068680,-50.073687732219696,-23.77556413412094
1,1,block_2,2,Provo_ID2,4,1082624,1262509,1,applied_drift,1741886068711,-50.073687732219696,-23.77556413412094
1,1,block_2,2,Provo_ID2,4,1082624,1262509,1,applied_drift,1741886068751,-50.073687732219696,-23.77556413412094
1,1,block_2,2,Provo_ID2,4,1082624,1262509,1,applied_drift,1741886068779,-50.073687732219696,-23.77556413412094
1,1,block_2,2,Provo_ID2,4,1082624,1262509,1,applied_drift,1741886068812,-50.073687732219696,-23.77556413412094
1,1,block_2,2,Provo_ID2,4,1082624,1262509,1,applied_drift,1741886068845,-50.073687732219696,-23.77556413412094
1,1,block_2,2,Provo_ID2,4,1082624,1262509,1,applied_drift,1741886068878,-50.073687732219696,-23.77556413412094
1,1,block_2,2,Provo_ID2,4,1082624,1262509,1,applied_drift,1741886068911,-50.073687732219696,-23.77556413412094
1,1,block_2,2,Provo_ID2,4,1082624,1262509,1,applied_drift,1741886068940,-50.073687732219696,-23.77556413412094
1,1,block_2,2,Provo_ID2,4,1082624,1262509,1,applied_drift,1741886068974,-50.073687732219696,-23.77556413412094
1,1,block_2,2,Provo_ID2,4,1082624,1262509,1,applied_drift,1741886069008,-50.073687732219696,-23.77556413412094
1,1,block_2,2,Provo_ID2,4,1082624,1262509,1,applied_drift,1741886069047,-50.073687732219696,-23.77556413412094
1,1,block_2,2,Provo_ID2,4,1082624,1262509,1,applied_drift,1741886069085,-50.073687732219696,-23.77556413412094
1,1,block_2,2,Provo_ID2,4,1082624,1262509,1,applied_drift,1741886069112,-50.073687732219696,-23.77556413412094
1,1,block_2,2,Provo_ID2,4,1082624,1262509,1,applied_drift,1741886069142,-50.073687732219696,-23.77556413412094
1,1,block_2,2,Provo_ID2,4,1082624,1262509,1,applied_drift,1741886069180,-50.073687732219696,-23.77556413412094
1,1,block_2,2,Provo_ID2,4,1082624,1262509,1,applied_drift,1741886069212,-50.073687732219696,-23.77556413412094
1,1,block_2,2,Provo_ID2,4,1082624,1262509,1,applied_drift,1741886069242,-50.073687732219696,-23.77556413412094
1,1,block_2,2,Provo_ID2,4,1082624,1262509,1,applied_drift,1741886069279,-50.073687732219696,-23.77556413412094
1,1,block_2,2,Provo_ID2,4,1082624,1262509,1,applied_drift,1741886069313,-50.073687732219696,-23.77556413412094
1,1,block_2,2,Provo_ID2,4,1082624,1262509,1,applied_drift,1741886069342,-50.073687732219696,-23.77556413412094
1,1,block_2,2,Provo_ID2,4,1082624,1262509,1,applied_drift,1741886069379,-50.073687732219696,-23.77556413412094
1,1,block_2,2,Provo_ID2,4,1082624,1262509,1,applied_drift,1741886069411,-50.073687732219696,-23.77556413412094
1,1,block_2,2,Provo_ID2,4,1082624,1262509,1,applied_drift,1741886069446,-50.073687732219696,-23.77556413412094
1,1,block_2,2,Provo_ID2,4,1082624,1262509,1,applied_drift,1741886069473,-50.073687732219696,-23.77556413412094
1,1,block_2,2,Provo_ID2,4,1082624,1262509,1,applied_drift,1741886069513,-50.073687732219696,-23.77556413412094
1,1,block_2,2,Provo_ID2,4,1082624,1262509,1,applied_drift,1741886069547,-50.073687732219696,-23.77556413412094
1,1,block_2,2,Provo_ID2,4,1082624,1262509,1,applied_drift,1741886069580,-50.073687732219696,-23.77556413412094
1,1,block_2,2,Provo_ID2,4,1082624,1262509,1,applied_drift,1741886069612,-50.073687732219696,-23.77556413412094
1,1,block_2,2,Provo_ID2,4,1082624,1262509,1,applied_drift,1741886069646,-50.073687732219696,-23.77556413412094
1,1,block_2,2,Provo_ID2,4,1082624,1262509,1,applied_drift,1741886069679,-50.073687732219696,-23.77556413412094
1,1,block_2,2,Provo_ID2,4,1082624,1262509,1,applied_drift,1741886069717,-50.073687732219696,-23.77556413412094
1,1,block_2,2,Provo_ID2,4,1082624,1262509,1,applied_drift,1741886069744,-50.073687732219696,-23.77556413412094
1,1,block_2,2,Provo_ID2,4,1082624,1262509,1,applied_drift,1741886069778,-50.073687732219696,-23.77556413412094
1,1,block_2,2,Provo_ID2,4,1082624,1262509,1,applied_drift,1741886069813,-50.073687732219696,-23.77556413412094
1,1,block_2,2,Provo_ID2,4,1082624,1262509,1,applied_drift,1741886069846,-50.073687732219696,-23.77556413412094
1,1,block_2,2,Provo_ID2,4,1082624,1262509,1,applied_drift,1741886069878,-50.073687732219696,-23.77556413412094
1,1,block_2,2,Provo_ID2,4,1082624,1262509,1,applied_drift,1741886069913,-50.073687732219696,-23.77556413412094
1,1,block_2,2,Provo_ID2,4,1082624,1262509,1,applied_drift,1741886069946,-50.073687732219696,-23.77556413412094
1,1,block_2,2,Provo_ID2,4,1082624,1262509,1,applied_drift,1741886069977,-50.073687732219696,-23.77556413412094
1,1,block_2,2,Provo_ID2,4,1082624,1262509,1,applied_drift,1741886070011,-50.073687732219696,-23.77556413412094
1,1,block_2,2,Provo_ID2,4,1082624,1262509,1,applied_drift,1741886070045,-50.073687732219696,-23.77556413412094
1,1,block_2,2,Provo_ID2,4,1082624,1262509,1,applied_drift,1741886070078,-50.073687732219696,-23.77556413412094
1,1,block_2,2,Provo_ID2,4,1082624,1262509,1,applied_drift,1741886070108,-50.073687732219696,-23.77556413412094
1,1,block_2,2,Provo_ID2,4,1082624,1262509,1,applied_drift,1741886070141,-50.073687732219696,-23.77556413412094
1,1,block_2,2,Provo_ID2,4,1082624,1262509,1,applied_drift,1741886070180,-50.073687732219696,-23.77556413412094
1,1,block_2,2,Provo_ID2,4,1082624,1262509,1,applied_drift,1741886070213,-50.073687732219696,-23.77556413412094
1,1,block_2,2,Provo_ID2,4,1082624,1262509,1,applied_drift,1741886070247,-50.073687732219696,-23.77556413412094
1,1,block_2,2,Provo_ID2,4,1082624,1262509,1,applied_drift,1741886070278,-50.073687732219696,-23.77556413412094
1,1,block_2,2,Provo_ID2,4,1082624,1262509,1,applied_drift,1741886070314,-50.073687732219696,-23.77556413412094
1,1,block_2,2,Provo_ID2,4,1082624,1262509,1,applied_drift,1741886070345,-50.073687732219696,-23.77556413412094
1,1,block_2,2,Provo_ID2,4,1082624,1262509,1,applied_drift,1741886070375,-50.073687732219696,-23.77556413412094
1,1,block_2,2,Provo_ID2,4,1082624,1262509,1,applied_drift,1741886070408,-50.073687732219696,-23.77556413412094
1,1,block_2,2,Provo_ID2,4,1082624,1262509,1,applied_drift,1741886070440,-50.073687732219696,-23.77556413412094
1,1,block_2,2,Provo_ID2,4,1082624,1262509,1,applied_drift,1741886070481,-50.073687732219696,-23.77556413412094
1,1,block_2,2,Provo_ID2,4,1082624,1262509,1,applied_drift,1741886070516,-50.073687732219696,-23.77556413412094
1,1,block_2,2,Provo_ID2,4,1082624,1262509,1,applied_drift,1741886070546,-50.073687732219696,-23.77556413412094
1,1,block_2,2,Provo_ID2,4,1082624,1262509,1,applied_drift,1741886070578,-50.073687732219696,-23.77556413412094
1,1,block_2,2,Provo_ID2,4,1082624,1262509,1,applied_drift,1741886070612,-50.073687732219696,-23.77556413412094
1,1,block_2,2,Provo_ID2,4,1082624,1262509,1,applied_drift,1741886070646,-50.073687732219696,-23.77556413412094
1,1,block_2,2,Provo_ID2,4,1082624,1262509,1,applied_drift,1741886070678,-50.073687732219696,-23.77556413412094
1,1,block_2,2,Provo_ID2,4,1082624,1262509,1,applied_drift,1741886070710,-50.073687732219696,-23.77556413412094
1,1,block_2,2,Provo_ID2,4,1082624,1262509,1,applied_drift,1741886070742,-50.073687732219696,-23.77556413412094
1,1,block_2,2,Provo_ID2,4,1082624,1262509,1,applied_drift,1741886070775,-50.073687732219696,-23.77556413412094
1,1,block_2,2,Provo_ID2,4,1082624,1262509,1,applied_drift,1741886070804,-50.073687732219696,-23.77556413412094
1,1,block_2,2,Provo_ID2,4,1082624,1262509,1,applied_drift,1741886070837,-50.073687732219696,-23.77556413412094
1,1,block_2,2,Provo_ID2,4,1082624,1262509,1,applied_drift,1741886070875,-50.073687732219696,-23.77556413412094
1,1,block_2,2,Provo_ID2,4,1082624,1262509,1,applied_drift,1741886070904,-50.073687732219696,-23.77556413412094
1,1,block_2,2,Provo_ID2,4,1082624,1262509,1,applied_drift,1741886070948,-50.073687732219696,-23.77556413412094
1,1,block_2,2,Provo_ID2,4,1082624,1262509,1,applied_drift,1741886070985,-50.073687732219696,-23.77556413412094
1,1,block_2,2,Provo_ID2,4,1082624,1262509,1,applied_drift,1741886071018,-50.073687732219696,-23.77556413412094
1,1,block_2,2,Provo_ID2,4,1082624,1262509,1,applied_drift,1741886071047,-50.073687732219696,-23.77556413412094
1,1,block_2,2,Provo_ID2,4,1082624,1262509,1,applied_drift,1741886071078,-50.073687732219696,-23.77556413412094
1,1,block_2,2,Provo_ID2,4,1082624,1262509,1,applied_drift,1741886071112,-50.073687732219696,-23.77556413412094
1,1,block_2,2,Provo_ID2,4,1082624,1262509,1,applied_drift,1741886071149,-50.073687732219696,-23.77556413412094
1,1,block_2,2,Provo_ID2,4,1082624,1262509,1,applied_drift,1741886071179,-50.073687732219696,-23.77556413412094
1,1,block_2,2,Provo_ID2,4,1082624,1262509,1,applied_drift,1741886071208,-50.073687732219696,-23.77556413412094
1,1,block_2,2,Provo_ID2,4,1082624,1262509,1,applied_drift,1741886071241,-50.073687732219696,-23.77556413412094
1,1,block_2,2,Provo_ID2,4,1082624,1262509,1,applied_drift,1741886071273,-50.073687732219696,-23.77556413412094
1,1,block_2,2,Provo_ID2,4,1082624,1262509,1,applied_drift,1741886071308,-50.073687732219696,-23.77556413412094
1,1,block_2,2,Provo_ID2,4,1082624,1262509,1,applied_drift,1741886071347,-50.073687732219696,-23.77556413412094
1,1,block_2,2,Provo_ID2,4,1082624,1262509,1,applied_drift,1741886071379,-50.073687732219696,-23.77556413412094
1,1,block_2,2,Provo_ID2,4,1082624,1262509,1,applied_drift,1741886071411,-50.073687732219696,-23.77556413412094
1,1,block_2,2,Provo_ID2,4,1082624,1262509,1,applied_drift,1741886071445,-50.073687732219696,-23.77556413412094
1,1,block_2,2,Provo_ID2,4,1082624,1262509,1,applied_drift,1741886071482,-50.073687732219696,-23.77556413412094
1,1,block_2,2,Provo_ID2,4,1082624,1262509,1,applied_drift,1741886071513,-50.073687732219696,-23.77556413412094
1,1,block_2,2,Provo_ID2,4,1082624,1262509,1,applied_drift,1741886071547,-50.073687732219696,-23.77556413412094
1,1,block_2,2,Provo_ID2,4,1082624,1262509,1,applied_drift,1741886071571,-50.073687732219696,-23.77556413412094
1,1,block_2,2,Provo_ID2,4,1082624,1262509,1,applied_drift,1741886071616,-50.073687732219696,-23.77556413412094
1,1,block_2,2,Provo_ID2,4,1082624,1262509,1,applied_drift,1741886071648,-50.073687732219696,-23.77556413412094
1,1,block_2,2,Provo_ID2,4,1082624,1262509,1,applied_drift,1741886071680,-50.073687732219696,-23.77556413412094
1,1,block_2,2,Provo_ID2,4,1082624,1262509,1,applied_drift,1741886071713,-50.073687732219696,-23.77556413412094
1,1,block_2,2,Provo_ID2,4,1082624,1262509,1,applied_drift,1741886071747,-50.073687732219696,-23.77556413412094
1,1,block_2,2,Provo_ID2,4,1082624,1262509,1,applied_drift,1741886071773,-50.073687732219696,-23.77556413412094
1,1,block_2,2,Provo_ID2,4,1082624,1262509,1,applied_drift,1741886071816,-50.073687732219696,-23.77556413412094
1,1,block_2,2,Provo_ID2,4,1082624,1262509,1,applied_drift,1741886071852,-50.073687732219696,-23.77556413412094
1,1,block_2,2,Provo_ID2,4,1082624,1262509,1,applied_drift,1741886071880,-50.073687732219696,-23.77556413412094
1,1,block_2,2,Provo_ID2,4,1082624,1262509,1,applied_drift,1741886071915,-50.073687732219696,-23.77556413412094
1,1,block_2,2,Provo_ID2,4,1082624,1262509,1,applied_drift,1741886071947,-50.073687732219696,-23.77556413412094
1,1,block_2,2,Provo_ID2,4,1082624,1262509,1,applied_drift,1741886071975,-50.073687732219696,-23.77556413412094
1,1,block_2,2,Provo_ID2,4,1082624,1262509,1,applied_drift,1741886072008,-50.073687732219696,-23.77556413412094
1,1,block_2,2,Provo_ID2,4,1082624,1262509,1,applied_drift,1741886072049,-50.073687732219696,-23.77556413412094
1,1,block_2,2,Provo_ID2,4,1082624,1262509,1,applied_drift,1741886072080,-50.073687732219696,-23.77556413412094
1,1,block_2,2,Provo_ID2,4,1082624,1262509,1,applied_drift,1741886072113,-50.073687732219696,-23.77556413412094
1,1,block_2,2,Provo_ID2,4,1082624,1262509,1,applied_drift,1741886072146,-50.073687732219696,-23.77556413412094
1,1,block_2,2,Provo_ID2,4,1082624,1262509,1,applied_drift,1741886072178,-50.073687732219696,-23.77556413412094
1,1,block_2,2,Provo_ID2,4,1082624,1262509,1,applied_drift,1741886072213,-50.073687732219696,-23.77556413412094
1,1,block_2,2,Provo_ID2,4,1082624,1262509,1,applied_drift,1741886072247,-50.073687732219696,-23.77556413412094
1,1,block_2,2,Provo_ID2,4,1082624,1262509,1,applied_drift,1741886072280,-50.073687732219696,-23.77556413412094
1,1,block_2,2,Provo_ID2,4,1082624,1262509,1,applied_drift,1741886072312,-50.073687732219696,-23.77556413412094
1,1,block_2,2,Provo_ID2,4,1082624,1262509,1,applied_drift,1741886072347,-50.073687732219696,-23.77556413412094
1,1,block_2,2,Provo_ID2,4,1082624,1262509,1,applied_drift,1741886072380,-50.073687732219696,-23.77556413412094
1,1,block_2,2,Provo_ID2,4,1082624,1262509,1,applied_drift,1741886072413,-50.073687732219696,-23.77556413412094
1,1,block_2,2,Provo_ID2,4,1082624,1262509,1,applied_drift,1741886072446,-50.073687732219696,-23.77556413412094
1,1,block_2,2,Provo_ID2,4,1082624,1262509,1,applied_drift,1741886072475,-50.073687732219696,-23.77556413412094
1,1,block_2,2,Provo_ID2,4,1082624,1262509,1,applied_drift,1741886072508,-50.073687732219696,-23.77556413412094
1,1,block_2,2,Provo_ID2,4,1082624,1262509,1,applied_drift,1741886072541,-50.073687732219696,-23.77556413412094
1,1,block_2,2,Provo_ID2,4,1082624,1262509,1,applied_drift,1741886072575,-50.073687732219696,-23.77556413412094
1,1,block_2,2,Provo_ID2,4,1082624,1262509,1,applied_drift,1741886072608,-50.073687732219696,-23.77556413412094
1,1,block_2,2,Provo_ID2,4,1082624,1262509,1,applied_drift,1741886072639,-50.073687732219696,-23.77556413412094
1,1,block_2,2,Provo_ID2,4,1082624,1262509,1,applied_drift,1741886072675,-50.073687732219696,-23.77556413412094
1,1,block_2,2,Provo_ID2,4,1082624,1262509,1,applied_drift,1741886072708,-50.073687732219696,-23.77556413412094
1,1,block_2,2,Provo_ID2,4,1082624,1262509,1,applied_drift,1741886072741,-50.073687732219696,-23.77556413412094
1,1,block_2,2,Provo_ID2,4,1082624,1262509,1,applied_drift,1741886072773,-50.073687732219696,-23.77556413412094
1,1,block_2,2,Provo_ID2,4,1082624,1262509,1,applied_drift,1741886072813,-50.073687732219696,-23.77556413412094
1,1,block_2,2,Provo_ID2,4,1082624,1262509,1,applied_drift,1741886072841,-50.073687732219696,-23.77556413412094
1,1,block_2,2,Provo_ID2,4,1082624,1262509,1,applied_drift,1741886072876,-50.073687732219696,-23.77556413412094
1,1,block_2,2,Provo_ID2,4,1082624,1262509,1,applied_drift,1741886072913,-50.073687732219696,-23.77556413412094
1,1,block_2,2,Provo_ID2,4,1082624,1262509,1,applied_drift,1741886072953,-50.073687732219696,-23.77556413412094
1,1,block_2,2,Provo_ID2,4,1082624,1262509,1,applied_drift,1741886072983,-50.073687732219696,-23.77556413412094
1,1,block_2,2,Provo_ID2,4,1082624,1262509,1,applied_drift,1741886073020,-50.073687732219696,-23.77556413412094
1,1,block_2,2,Provo_ID2,4,1082624,1262509,1,applied_drift,1741886073052,-50.073687732219696,-23.77556413412094
1,1,block_2,2,Provo_ID2,4,1082624,1262509,1,applied_drift,1741886073080,-50.073687732219696,-23.77556413412094
1,1,block_2,2,Provo_ID2,4,1082624,1262509,1,applied_drift,1741886073114,-50.073687732219696,-23.77556413412094
1,1,block_2,2,Provo_ID2,4,1082624,1262509,1,applied_drift,1741886073145,-50.073687732219696,-23.77556413412094
1,1,block_2,2,Provo_ID2,4,1082624,1262509,1,applied_drift,1741886073175,-50.073687732219696,-23.77556413412094
1,1,block_2,2,Provo_ID2,4,1082624,1262509,1,applied_drift,1741886073208,-50.073687732219696,-23.77556413412094
1,1,block_2,2,Provo_ID2,4,1082624,1262509,1,applied_drift,1741886073246,-50.073687732219696,-23.77556413412094
1,1,block_2,2,Provo_ID2,4,1082624,1262509,1,applied_drift,1741886073280,-50.073687732219696,-23.77556413412094
1,1,block_2,2,Provo_ID2,4,1082624,1262509,1,applied_drift,1741886073313,-50.073687732219696,-23.77556413412094
1,1,block_2,2,Provo_ID2,4,1082624,1262509,1,applied_drift,1741886073341,-50.073687732219696,-23.77556413412094
1,1,block_2,2,Provo_ID2,4,1082624,1262509,1,applied_drift,1741886073375,-50.073687732219696,-23.77556413412094
1,1,block_2,2,Provo_ID2,4,1082624,1262509,1,applied_drift,1741886073408,-50.073687732219696,-23.77556413412094
1,1,block_2,2,Provo_ID2,4,1082624,1262509,1,applied_drift,1741886073449,-50.073687732219696,-23.77556413412094
1,1,block_2,2,Provo_ID2,4,1082624,1262509,1,applied_drift,1741886073471,-50.073687732219696,-23.77556413412094
1,1,block_2,2,Provo_ID2,4,1082624,1262509,1,applied_drift,1741886073513,-50.073687732219696,-23.77556413412094
1,1,block_2,2,Provo_ID2,4,1082624,1262509,1,applied_drift,1741886073552,-50.073687732219696,-23.77556413412094
1,1,block_2,2,Provo_ID2,4,1082624,1262509,1,applied_drift,1741886073581,-50.073687732219696,-23.77556413412094
1,1,block_2,2,Provo_ID2,4,1082624,1262509,1,applied_drift,1741886073613,-50.073687732219696,-23.77556413412094
1,1,block_2,2,Provo_ID2,4,1082624,1262509,1,applied_drift,1741886073647,-50.073687732219696,-23.77556413412094
1,1,block_2,2,Provo_ID2,4,1082624,1262509,1,applied_drift,1741886073681,-50.073687732219696,-23.77556413412094
1,1,block_2,2,Provo_ID2,4,1082624,1262509,1,applied_drift,1741886073713,-50.073687732219696,-23.77556413412094
1,1,block_2,2,Provo_ID2,4,1082624,1262509,1,applied_drift,1741886073747,-50.073687732219696,-23.77556413412094
1,1,block_2,2,Provo_ID2,4,1082624,1262509,1,applied_drift,1741886073775,-50.073687732219696,-23.77556413412094
1,1,block_2,2,Provo_ID2,4,1082624,1262509,1,applied_drift,1741886073812,-50.073687732219696,-23.77556413412094
1,1,block_2,2,Provo_ID2,4,1082624,1262509,1,applied_drift,1741886073847,-50.073687732219696,-23.77556413412094
1,1,block_2,2,Provo_ID2,4,1082624,1262509,1,applied_drift,1741886073880,-50.073687732219696,-23.77556413412094
1,1,block_2,2,Provo_ID2,4,1082624,1262509,1,applied_drift,1741886073917,-50.073687732219696,-23.77556413412094
1,1,block_2,2,Provo_ID2,4,1082624,1262509,1,applied_drift,1741886073952,-50.073687732219696,-23.77556413412094
1,1,block_2,2,Provo_ID2,4,1082624,1262509,1,applied_drift,1741886073985,-50.073687732219696,-23.77556413412094
1,1,block_2,2,Provo_ID2,4,1082624,1262509,1,applied_drift,1741886074011,-50.073687732219696,-23.77556413412094
1,1,block_2,2,Provo_ID2,4,1082624,1262509,1,applied_drift,1741886074046,-50.073687732219696,-23.77556413412094
1,1,block_2,2,Provo_ID2,4,1082624,1262509,1,applied_drift,1741886074080,-50.073687732219696,-23.77556413412094
1,1,block_2,2,Provo_ID2,4,1082624,1262509,1,applied_drift,1741886074111,-50.073687732219696,-23.77556413412094
1,1,block_2,2,Provo_ID2,4,1082624,1262509,1,applied_drift,1741886074140,-50.073687732219696,-23.77556413412094
1,1,block_2,2,Provo_ID2,4,1082624,1262509,1,applied_drift,1741886074175,-50.073687732219696,-23.77556413412094
1,1,block_2,2,Provo_ID2,4,1082624,1262509,1,applied_drift,1741886074213,-50.073687732219696,-23.77556413412094
1,1,block_2,2,Provo_ID2,4,1082624,1262509,1,applied_drift,1741886074247,-50.073687732219696,-23.77556413412094
1,1,block_2,2,Provo_ID2,4,1082624,1262509,1,applied_drift,1741886074280,-50.073687732219696,-23.77556413412094
1,1,block_2,2,Provo_ID2,4,1082624,1262509,1,applied_drift,1741886074313,-50.073687732219696,-23.77556413412094
1,1,block_2,2,Provo_ID2,4,1082624,1262509,1,applied_drift,1741886074346,-50.073687732219696,-23.77556413412094
1,1,block_2,2,Provo_ID2,4,1082624,1262509,1,applied_drift,1741886074379,-50.073687732219696,-23.77556413412094
1,1,block_2,2,Provo_ID2,4,1082624,1262509,1,applied_drift,1741886074413,-50.073687732219696,-23.77556413412094
1,1,block_2,2,Provo_ID2,4,1082624,1262509,1,applied_drift,1741886074440,-50.073687732219696,-23.77556413412094
1,1,block_2,2,Provo_ID2,4,1082624,1262509,1,applied_drift,1741886074479,-50.073687732219696,-23.77556413412094
1,1,block_2,2,Provo_ID2,4,1082624,1262509,1,applied_drift,1741886074508,-50.073687732219696,-23.77556413412094
1,1,block_2,2,Provo_ID2,4,1082624,1262509,1,applied_drift,1741886074541,-50.073687732219696,-23.77556413412094
1,1,block_2,2,Provo_ID2,4,1082624,1262509,1,applied_drift,1741886074574,-50.073687732219696,-23.77556413412094
1,1,block_2,2,Provo_ID2,4,1082624,1262509,1,applied_drift,1741886074608,-50.073687732219696,-23.77556413412094
1,1,block_2,2,Provo_ID2,4,1082624,1262509,1,applied_drift,1741886074641,-50.073687732219696,-23.77556413412094
1,1,block_2,2,Provo_ID2,4,1082624,1262509,1,applied_drift,1741886074670,-50.073687732219696,-23.77556413412094
1,1,block_2,2,Provo_ID2,4,1082624,1262509,1,applied_drift,1741886074708,-50.073687732219696,-23.77556413412094
1,1,block_2,2,Provo_ID2,4,1082624,1262509,1,applied_drift,1741886074741,-50.073687732219696,-23.77556413412094
1,1,block_2,2,Provo_ID2,4,1082624,1262509,1,applied_drift,1741886074780,-50.073687732219696,-23.77556413412094
1,1,block_2,2,Provo_ID2,4,1082624,1262509,1,applied_drift,1741886074815,-50.073687732219696,-23.77556413412094
1,1,block_2,2,Provo_ID2,4,1082624,1262509,1,applied_drift,1741886074846,-50.073687732219696,-23.77556413412094
1,1,block_2,2,Provo_ID2,4,1082624,1262509,1,applied_drift,1741886074879,-50.073687732219696,-23.77556413412094
1,1,block_2,2,Provo_ID2,4,1082624,1262509,1,applied_drift,1741886074912,-50.073687732219696,-23.77556413412094
1,1,block_2,2,Provo_ID2,4,1082624,1262509,1,applied_drift,1741886074950,-50.073687732219696,-23.77556413412094
1,1,block_2,2,Provo_ID2,4,1082624,1262509,1,applied_drift,1741886074980,-50.073687732219696,-23.77556413412094
1,1,block_2,2,Provo_ID2,4,1082624,1262509,1,applied_drift,1741886075013,-50.073687732219696,-23.77556413412094
1,1,block_2,2,Provo_ID2,4,1082624,1262509,1,applied_drift,1741886075047,-50.073687732219696,-23.77556413412094
1,1,block_2,2,Provo_ID2,4,1082624,1262509,1,applied_drift,1741886075080,-50.073687732219696,-23.77556413412094
1,1,block_2,2,Provo_ID2,4,1082624,1262509,1,applied_drift,1741886075115,-50.073687732219696,-23.77556413412094
1,1,block_2,2,Provo_ID2,4,1082624,1262509,1,applied_drift,1741886075142,-50.073687732219696,-23.77556413412094
1,1,block_2,2,Provo_ID2,4,1082624,1262509,1,applied_drift,1741886075180,-50.073687732219696,-23.77556413412094
1,1,block_2,2,Provo_ID2,4,1082624,1262509,1,applied_drift,1741886075211,-50.073687732219696,-23.77556413412094
1,1,block_2,2,Provo_ID2,4,1082624,1262509,1,applied_drift,1741886075246,-50.073687732219696,-23.77556413412094
1,1,block_2,2,Provo_ID2,4,1082624,1262509,1,applied_drift,1741886075281,-50.073687732219696,-23.77556413412094
1,1,block_2,2,Provo_ID2,4,1082624,1262509,1,applied_drift,1741886075307,-50.073687732219696,-23.77556413412094
1,1,block_2,2,Provo_ID2,4,1082624,1262509,1,applied_drift,1741886075351,-50.073687732219696,-23.77556413412094
1,1,block_2,2,Provo_ID2,4,1082624,1262509,1,applied_drift,1741886075380,-50.073687732219696,-23.77556413412094
1,1,block_2,2,Provo_ID2,4,1082624,1262509,1,applied_drift,1741886075413,-50.073687732219696,-23.77556413412094
1,1,block_2,2,Provo_ID2,4,1082624,1262509,1,applied_drift,1741886075443,-50.073687732219696,-23.77556413412094
1,1,block_2,2,Provo_ID2,4,1082624,1262509,1,applied_drift,1741886075480,-50.073687732219696,-23.77556413412094
1,1,block_2,2,Provo_ID2,4,1082624,1262509,1,applied_drift,1741886075513,-50.073687732219696,-23.77556413412094
1,1,block_2,2,Provo_ID2,4,1082624,1262509,1,applied_drift,1741886075548,-50.073687732219696,-23.77556413412094
1,1,block_2,2,Provo_ID2,4,1082624,1262509,1,applied_drift,1741886075573,-50.073687732219696,-23.77556413412094
1,1,block_2,2,Provo_ID2,4,1082624,1262509,1,applied_drift,1741886075617,-50.073687732219696,-23.77556413412094
1,1,block_2,2,Provo_ID2,4,1082624,1262509,1,applied_drift,1741886075652,-50.073687732219696,-23.77556413412094
1,1,block_2,2,Provo_ID2,4,1082624,1262509,1,applied_drift,1741886075680,-50.073687732219696,-23.77556413412094
1,1,block_2,2,Provo_ID2,4,1082624,1262509,1,applied_drift,1741886075713,-50.073687732219696,-23.77556413412094
1,1,block_2,2,Provo_ID2,4,1082624,1262509,1,applied_drift,1741886075745,-50.073687732219696,-23.77556413412094
1,1,block_2,2,Provo_ID2,4,1082624,1262509,1,applied_drift,1741886075784,-50.073687732219696,-23.77556413412094
1,1,block_2,2,Provo_ID2,4,1082624,1262509,1,applied_drift,1741886075813,-50.073687732219696,-23.77556413412094
1,1,block_2,2,Provo_ID2,4,1082624,1262509,1,applied_drift,1741886075845,-50.073687732219696,-23.77556413412094
1,1,block_2,2,Provo_ID2,4,1082624,1262509,1,applied_drift,1741886075875,-50.073687732219696,-23.77556413412094
1,1,block_2,2,Provo_ID2,4,1082624,1262509,1,applied_drift,1741886075911,-50.073687732219696,-23.77556413412094
1,1,block_2,2,Provo_ID2,4,1082624,1262509,1,applied_drift,1741886075947,-50.073687732219696,-23.77556413412094
1,1,block_2,2,Provo_ID2,4,1082624,1262509,1,applied_drift,1741886075979,-50.073687732219696,-23.77556413412094
1,1,block_2,2,Provo_ID2,4,1082624,1262509,1,applied_drift,1741886076013,-50.073687732219696,-23.77556413412094
1,1,block_2,2,Provo_ID2,4,1082624,1262509,1,applied_drift,1741886076047,-50.073687732219696,-23.77556413412094
1,1,block_2,2,Provo_ID2,4,1082624,1262509,1,applied_drift,1741886076081,-50.073687732219696,-23.77556413412094
1,1,block_2,2,Provo_ID2,4,1082624,1262509,1,applied_drift,1741886076112,-50.073687732219696,-23.77556413412094
1,1,block_2,2,Provo_ID2,4,1082624,1262509,1,applied_drift,1741886076147,-50.073687732219696,-23.77556413412094
1,1,block_2,2,Provo_ID2,4,1082624,1262509,1,applied_drift,1741886076178,-50.073687732219696,-23.77556413412094
1,1,block_2,2,Provo_ID2,4,1082624,1262509,1,applied_drift,1741886076208,-50.073687732219696,-23.77556413412094
1,1,block_2,2,Provo_ID2,4,1082624,1262509,1,applied_drift,1741886076241,-50.073687732219696,-23.77556413412094
1,1,block_2,2,Provo_ID2,4,1082624,1262509,1,applied_drift,1741886076278,-50.073687732219696,-23.77556413412094
1,1,block_2,2,Provo_ID2,4,1082624,1262509,1,applied_drift,1741886076309,-50.073687732219696,-23.77556413412094
1,1,block_2,2,Provo_ID2,4,1082624,1262509,1,applied_drift,1741886076347,-50.073687732219696,-23.77556413412094
1,1,block_2,2,Provo_ID2,4,1082624,1262509,1,applied_drift,1741886076378,-50.073687732219696,-23.77556413412094
1,1,block_2,2,Provo_ID2,4,1082624,1262509,1,applied_drift,1741886076413,-50.073687732219696,-23.77556413412094
1,1,block_2,2,Provo_ID2,4,1082624,1262509,1,applied_drift,1741886076446,-50.073687732219696,-23.77556413412094
1,1,block_2,2,Provo_ID2,4,1082624,1262509,1,applied_drift,1741886076480,-50.073687732219696,-23.77556413412094
1,1,block_2,2,Provo_ID2,4,1082624,1262509,1,applied_drift,1741886076512,-50.073687732219696,-23.77556413412094
1,1,block_2,2,Provo_ID2,4,1082624,1262509,1,applied_drift,1741886076545,-50.073687732219696,-23.77556413412094
1,1,block_2,2,Provo_ID2,4,1082624,1262509,1,applied_drift,1741886076575,-50.073687732219696,-23.77556413412094
1,1,block_2,2,Provo_ID2,4,1082624,1262509,1,applied_drift,1741886076608,-50.073687732219696,-23.77556413412094
1,1,block_2,2,Provo_ID2,4,1082624,1262509,1,applied_drift,1741886076641,-50.073687732219696,-23.77556413412094
1,1,block_2,2,Provo_ID2,4,1082624,1262509,1,applied_drift,1741886076674,-50.073687732219696,-23.77556413412094
1,1,block_2,2,Provo_ID2,4,1082624,1262509,1,applied_drift,1741886076706,-50.073687732219696,-23.77556413412094
1,1,block_2,2,Provo_ID2,4,1082624,1262509,1,applied_drift,1741886076741,-50.073687732219696,-23.77556413412094
1,1,block_2,2,Provo_ID2,4,1082624,1262509,1,applied_drift,1741886076774,-50.073687732219696,-23.77556413412094
1,1,block_2,2,Provo_ID2,4,1082624,1262509,1,applied_drift,1741886076808,-50.073687732219696,-23.77556413412094
1,1,block_2,2,Provo_ID2,4,1082624,1262509,1,applied_drift,1741886076841,-50.073687732219696,-23.77556413412094
1,1,block_2,2,Provo_ID2,4,1082624,1262509,1,applied_drift,1741886076874,-50.073687732219696,-23.77556413412094
1,1,block_2,2,Provo_ID2,4,1082624,1262509,1,applied_drift,1741886076908,-50.073687732219696,-23.77556413412094
1,1,block_2,2,Provo_ID2,4,1082624,1262509,1,applied_drift,1741886076942,-50.073687732219696,-23.77556413412094
1,1,block_2,2,Provo_ID2,4,1082624,1262509,1,applied_drift,1741886076975,-50.073687732219696,-23.77556413412094
1,1,block_2,2,Provo_ID2,4,1082624,1262509,1,applied_drift,1741886077008,-50.073687732219696,-23.77556413412094
1,1,block_2,2,Provo_ID2,4,1082624,1262509,1,applied_drift,1741886077044,-50.073687732219696,-23.77556413412094
1,1,block_2,2,Provo_ID2,4,1082624,1262509,1,applied_drift,1741886077080,-50.073687732219696,-23.77556413412094
1,1,block_2,2,Provo_ID2,4,1082624,1262509,1,applied_drift,1741886077113,-50.073687732219696,-23.77556413412094
1,1,block_2,2,Provo_ID2,4,1082624,1262509,1,applied_drift,1741886077147,-50.073687732219696,-23.77556413412094
1,1,block_2,2,Provo_ID2,4,1082624,1262509,1,applied_drift,1741886077182,-50.073687732219696,-23.77556413412094
1,1,block_2,2,Provo_ID2,4,1082624,1262509,1,applied_drift,1741886077209,-50.073687732219696,-23.77556413412094
1,1,block_2,2,Provo_ID2,4,1082624,1262509,1,applied_drift,1741886077247,-50.073687732219696,-23.77556413412094
1,1,block_2,2,Provo_ID2,4,1082624,1262509,1,applied_drift,1741886077279,-50.073687732219696,-23.77556413412094
1,1,block_2,2,Provo_ID2,4,1082624,1262509,1,applied_drift,1741886077313,-50.073687732219696,-23.77556413412094
1,1,block_2,2,Provo_ID2,4,1082624,1262509,1,applied_drift,1741886077344,-50.073687732219696,-23.77556413412094
1,1,block_2,2,Provo_ID2,4,1082624,1262509,1,applied_drift,1741886077374,-50.073687732219696,-23.77556413412094
1,1,block_2,2,Provo_ID2,4,1082624,1262509,1,applied_drift,1741886077416,-50.073687732219696,-23.77556413412094
1,1,block_2,2,Provo_ID2,4,1082624,1262509,1,applied_drift,1741886077442,-50.073687732219696,-23.77556413412094
1,1,block_2,2,Provo_ID2,4,1082624,1262509,1,applied_drift,1741886077484,-50.073687732219696,-23.77556413412094
1,1,block_2,2,Provo_ID2,4,1082624,1262509,1,applied_drift,1741886077518,-50.073687732219696,-23.77556413412094
1,1,block_2,2,Provo_ID2,4,1082624,1262509,1,applied_drift,1741886077549,-50.073687732219696,-23.77556413412094
1,1,block_2,2,Provo_ID2,4,1082624,1262509,1,applied_drift,1741886077584,-50.073687732219696,-23.77556413412094
1,1,block_2,2,Provo_ID2,4,1082624,1262509,1,applied_drift,1741886077613,-50.073687732219696,-23.77556413412094
1,1,block_2,2,Provo_ID2,4,1082624,1262509,1,applied_drift,1741886077646,-50.073687732219696,-23.77556413412094
1,1,block_2,2,Provo_ID2,4,1082624,1262509,1,applied_drift,1741886077675,-50.073687732219696,-23.77556413412094
1,1,block_2,2,Provo_ID2,4,1082624,1262509,1,applied_drift,1741886077708,-50.073687732219696,-23.77556413412094
1,1,block_2,2,Provo_ID2,4,1082624,1262509,1,applied_drift,1741886077752,-50.073687732219696,-23.77556413412094
1,1,block_2,2,Provo_ID2,4,1082624,1262509,1,applied_drift,1741886077780,-50.073687732219696,-23.77556413412094
1,1,block_2,2,Provo_ID2,4,1082624,1262509,1,applied_drift,1741886077808,-50.073687732219696,-23.77556413412094
1,1,block_2,2,Provo_ID2,4,1082624,1262509,1,applied_drift,1741886077840,-50.073687732219696,-23.77556413412094
1,1,block_2,2,Provo_ID2,4,1082624,1262509,1,applied_drift,1741886077884,-50.073687732219696,-23.77556413412094
1,1,block_2,2,Provo_ID2,4,1082624,1262509,1,applied_drift,1741886077913,-50.073687732219696,-23.77556413412094
1,1,block_2,2,Provo_ID2,4,1082624,1262509,1,applied_drift,1741886077946,-50.073687732219696,-23.77556413412094
1,1,block_2,2,Provo_ID2,4,1082624,1262509,1,applied_drift,1741886077979,-50.073687732219696,-23.77556413412094
1,1,block_2,2,Provo_ID2,4,1082624,1262509,1,applied_drift,1741886078012,-50.073687732219696,-23.77556413412094
1,1,block_2,2,Provo_ID2,4,1082624,1262509,1,applied_drift,1741886078046,-50.073687732219696,-23.77556413412094
1,1,block_2,2,Provo_ID2,4,1082624,1262509,1,applied_drift,1741886078075,-50.073687732219696,-23.77556413412094
1,1,block_2,2,Provo_ID2,4,1082624,1262509,1,applied_drift,1741886078110,-50.073687732219696,-23.77556413412094
1,1,block_2,2,Provo_ID2,4,1082624,1262509,1,applied_drift,1741886078142,-50.073687732219696,-23.77556413412094
1,1,block_2,2,Provo_ID2,4,1082624,1262509,1,applied_drift,1741886078174,-50.073687732219696,-23.77556413412094
1,1,block_2,2,Provo_ID2,4,1082624,1262509,1,applied_drift,1741886078208,-50.073687732219696,-23.77556413412094
1,1,block_2,2,Provo_ID2,4,1082624,1262509,1,applied_drift,1741886078241,-50.073687732219696,-23.77556413412094
1,1,block_2,2,Provo_ID2,4,1082624,1262509,1,applied_drift,1741886078274,-50.073687732219696,-23.77556413412094
1,1,block_2,2,Provo_ID2,4,1082624,1262509,1,applied_drift,1741886078308,-50.073687732219696,-23.77556413412094
1,1,block_2,2,Provo_ID2,4,1082624,1262509,1,applied_drift,1741886078341,-50.073687732219696,-23.77556413412094
1,1,block_2,2,Provo_ID2,4,1082624,1262509,1,applied_drift,1741886078374,-50.073687732219696,-23.77556413412094
1,1,block_2,2,Provo_ID2,4,1082624,1262509,1,applied_drift,1741886078407,-50.073687732219696,-23.77556413412094
1,1,block_2,2,Provo_ID2,4,1082624,1262509,1,applied_drift,1741886078441,-50.073687732219696,-23.77556413412094
1,1,block_2,2,Provo_ID2,4,1082624,1262509,1,applied_drift,1741886078474,-50.073687732219696,-23.77556413412094
1,1,block_2,2,Provo_ID2,4,1082624,1262509,1,applied_drift,1741886078508,-50.073687732219696,-23.77556413412094
1,1,block_2,2,Provo_ID2,4,1082624,1262509,1,applied_drift,1741886078541,-50.073687732219696,-23.77556413412094
1,1,block_2,2,Provo_ID2,4,1082624,1262509,1,applied_drift,1741886078574,-50.073687732219696,-23.77556413412094
1,1,block_2,2,Provo_ID2,4,1082624,1262509,1,applied_drift,1741886078607,-50.073687732219696,-23.77556413412094
1,1,block_2,2,Provo_ID2,4,1082624,1262509,1,applied_drift,1741886078641,-50.073687732219696,-23.77556413412094
1,1,block_2,2,Provo_ID2,4,1082624,1262509,1,applied_drift,1741886078680,-50.073687732219696,-23.77556413412094
1,1,block_2,2,Provo_ID2,4,1082624,1262509,1,applied_drift,1741886078712,-50.073687732219696,-23.77556413412094
1,1,block_2,2,Provo_ID2,4,1082624,1262509,1,applied_drift,1741886078741,-50.073687732219696,-23.77556413412094
1,1,block_2,2,Provo_ID2,4,1082624,1262509,1,applied_drift,1741886078779,-50.073687732219696,-23.77556413412094
1,1,block_2,2,Provo_ID2,4,1082624,1262509,1,applied_drift,1741886078812,-50.073687732219696,-23.77556413412094
1,1,block_2,2,Provo_ID2,4,1082624,1262509,1,applied_drift,1741886078843,-50.073687732219696,-23.77556413412094
1,1,block_2,2,Provo_ID2,4,1082624,1262509,1,applied_drift,1741886078869,-50.073687732219696,-23.77556413412094
1,1,block_2,2,Provo_ID2,4,1082624,1262509,1,applied_drift,1741886078915,-50.073687732219696,-23.77556413412094
1,1,block_2,2,Provo_ID2,4,1082624,1262509,1,applied_drift,1741886078951,-50.073687732219696,-23.77556413412094
1,1,block_2,2,Provo_ID2,4,1082624,1262509,1,applied_drift,1741886078980,-50.073687732219696,-23.77556413412094
1,1,block_2,2,Provo_ID2,4,1082624,1262509,1,applied_drift,1741886079012,-50.073687732219696,-23.77556413412094
1,1,block_2,2,Provo_ID2,4,1082624,1262509,1,applied_drift,1741886079045,-50.073687732219696,-23.77556413412094
1,1,block_2,2,Provo_ID2,4,1082624,1262509,1,applied_drift,1741886079075,-50.073687732219696,-23.77556413412094
1,1,block_2,2,Provo_ID2,4,1082624,1262509,1,applied_drift,1741886079118,-50.073687732219696,-23.77556413412094
1,1,block_2,2,Provo_ID2,4,1082624,1262509,1,applied_drift,1741886079152,-50.073687732219696,-23.77556413412094
1,1,block_2,2,Provo_ID2,4,1082624,1262509,1,applied_drift,1741886079179,-50.073687732219696,-23.77556413412094
1,1,block_2,2,Provo_ID2,4,1082624,1262509,1,applied_drift,1741886079213,-50.073687732219696,-23.77556413412094
1,1,block_2,2,Provo_ID2,4,1082624,1262509,1,applied_drift,1741886079247,-50.073687732219696,-23.77556413412094
1,1,block_2,2,Provo_ID2,4,1082624,1262509,1,applied_drift,1741886079284,-50.073687732219696,-23.77556413412094
1,1,block_2,2,Provo_ID2,4,1082624,1262509,1,applied_drift,1741886079311,-50.073687732219696,-23.77556413412094
1,1,block_2,2,Provo_ID2,4,1082624,1262509,1,applied_drift,1741886079346,-50.073687732219696,-23.77556413412094
1,1,block_2,2,Provo_ID2,4,1082624,1262509,1,applied_drift,1741886079380,-50.073687732219696,-23.77556413412094
1,1,block_2,2,Provo_ID2,4,1082624,1262509,1,applied_drift,1741886079413,-50.073687732219696,-23.77556413412094
1,1,block_2,2,Provo_ID2,4,1082624,1262509,1,applied_drift,1741886079446,-50.073687732219696,-23.77556413412094
1,1,block_2,2,Provo_ID2,4,1082624,1262509,1,applied_drift,1741886079478,-50.073687732219696,-23.77556413412094
1,1,block_2,2,Provo_ID2,4,1082624,1262509,1,applied_drift,1741886079513,-50.073687732219696,-23.77556413412094
1,1,block_2,2,Provo_ID2,4,1082624,1262509,1,applied_drift,1741886079541,-50.073687732219696,-23.77556413412094
1,1,block_2,2,Provo_ID2,4,1082624,1262509,1,applied_drift,1741886079579,-50.073687732219696,-23.77556413412094
1,1,block_2,2,Provo_ID2,4,1082624,1262509,1,applied_drift,1741886079610,-50.073687732219696,-23.77556413412094
1,1,block_2,2,Provo_ID2,4,1082624,1262509,1,applied_drift,1741886079641,-50.073687732219696,-23.77556413412094
1,1,block_2,2,Provo_ID2,4,1082624,1262509,1,applied_drift,1741886079674,-50.073687732219696,-23.77556413412094
1,1,block_2,2,Provo_ID2,4,1082624,1262509,1,applied_drift,1741886079707,-50.073687732219696,-23.77556413412094
1,1,block_2,2,Provo_ID2,4,1082624,1262509,1,applied_drift,1741886079746,-50.073687732219696,-23.77556413412094
1,1,block_2,2,Provo_ID2,4,1082624,1262509,1,applied_drift,1741886079779,-50.073687732219696,-23.77556413412094
1,1,block_2,2,Provo_ID2,4,1082624,1262509,1,applied_drift,1741886079808,-50.073687732219696,-23.77556413412094
1,1,block_2,2,Provo_ID2,4,1082624,1262509,1,applied_drift,1741886079842,-50.073687732219696,-23.77556413412094
1,1,block_2,2,Provo_ID2,4,1082624,1262509,1,applied_drift,1741886079869,-50.073687732219696,-23.77556413412094
1,1,block_2,2,Provo_ID2,4,1082624,1262509,1,applied_drift,1741886079911,-50.073687732219696,-23.77556413412094
1,1,block_2,2,Provo_ID2,4,1082624,1262509,1,applied_drift,1741886079941,-50.073687732219696,-23.77556413412094
1,1,block_2,2,Provo_ID2,4,1082624,1262509,1,applied_drift,1741886079985,-50.073687732219696,-23.77556413412094
1,1,block_2,2,Provo_ID2,4,1082624,1262509,1,applied_drift,1741886080018,-50.073687732219696,-23.77556413412094
1,1,block_2,2,Provo_ID2,4,1082624,1262509,1,applied_drift,1741886080046,-50.073687732219696,-23.77556413412094
1,1,block_2,2,Provo_ID2,4,1082624,1262509,1,applied_drift,1741886080078,-50.073687732219696,-23.77556413412094
1,1,block_2,2,Provo_ID2,4,1082624,1262509,1,applied_drift,1741886080113,-50.073687732219696,-23.77556413412094
1,1,block_2,2,Provo_ID2,4,1082624,1262509,1,applied_drift,1741886080145,-50.073687732219696,-23.77556413412094
1,1,block_2,2,Provo_ID2,4,1082624,1262509,1,applied_drift,1741886080178,-50.073687732219696,-23.77556413412094
1,1,block_2,2,Provo_ID2,4,1082624,1262509,1,applied_drift,1741886080209,-50.073687732219696,-23.77556413412094
1,1,block_2,2,Provo_ID2,4,1082624,1262509,1,applied_drift,1741886080245,-50.073687732219696,-23.77556413412094
1,1,block_2,2,Provo_ID2,4,1082624,1262509,1,applied_drift,1741886080273,-50.073687732219696,-23.77556413412094
1,1,block_2,2,Provo_ID2,4,1082624,1262509,1,applied_drift,1741886080316,-50.073687732219696,-23.77556413412094
1,1,block_2,2,Provo_ID2,4,1082624,1262509,1,applied_drift,1741886080341,-50.073687732219696,-23.77556413412094
1,1,block_2,2,Provo_ID2,4,1082624,1262509,1,applied_drift,1741886080373,-50.073687732219696,-23.77556413412094
1,1,block_2,2,Provo_ID2,4,1082624,1262509,1,applied_drift,1741886080412,-50.073687732219696,-23.77556413412094
1,1,block_2,2,Provo_ID2,4,1082624,1262509,1,applied_drift,1741886080444,-50.073687732219696,-23.77556413412094
1,1,block_2,2,Provo_ID2,4,1082624,1262509,1,applied_drift,1741886080473,-50.073687732219696,-23.77556413412094
1,1,block_2,2,Provo_ID2,4,1082624,1262509,1,applied_drift,1741886080507,-50.073687732219696,-23.77556413412094
1,1,block_2,2,Provo_ID2,4,1082624,1262509,1,applied_drift,1741886080540,-50.073687732219696,-23.77556413412094
1,1,block_2,2,Provo_ID2,4,1082624,1262509,1,applied_drift,1741886080575,-50.073687732219696,-23.77556413412094
1,1,block_2,2,Provo_ID2,4,1082624,1262509,1,applied_drift,1741886080614,-50.073687732219696,-23.77556413412094
1,1,block_2,2,Provo_ID2,4,1082624,1262509,1,applied_drift,1741886080651,-50.073687732219696,-23.77556413412094
1,1,block_2,2,Provo_ID2,4,1082624,1262509,1,applied_drift,1741886080680,-50.073687732219696,-23.77556413412094
1,1,block_2,2,Provo_ID2,4,1082624,1262509,1,applied_drift,1741886080712,-50.073687732219696,-23.77556413412094
1,1,block_2,2,Provo_ID2,4,1082624,1262509,1,applied_drift,1741886080746,-50.073687732219696,-23.77556413412094
1,1,block_2,2,Provo_ID2,4,1082624,1262509,1,applied_drift,1741886080779,-50.073687732219696,-23.77556413412094
1,1,block_2,2,Provo_ID2,4,1082624,1262509,1,applied_drift,1741886080812,-50.073687732219696,-23.77556413412094
1,1,block_2,2,Provo_ID2,4,1082624,1262509,1,applied_drift,1741886080848,-50.073687732219696,-23.77556413412094
1,1,block_2,2,Provo_ID2,4,1082624,1262509,1,applied_drift,1741886080884,-50.073687732219696,-23.77556413412094
1,1,block_2,2,Provo_ID2,4,1082624,1262509,1,applied_drift,1741886080913,-50.073687732219696,-23.77556413412094
1,1,block_2,2,Provo_ID2,4,1082624,1262509,1,applied_drift,1741886080945,-50.073687732219696,-23.77556413412094
1,1,block_2,2,Provo_ID2,4,1082624,1262509,1,applied_drift,1741886080987,-50.073687732219696,-23.77556413412094
1,1,block_2,2,Provo_ID2,4,1082624,1262509,1,applied_drift,1741886081011,-50.073687732219696,-23.77556413412094
1,1,block_2,2,Provo_ID2,4,1082624,1262509,1,applied_drift,1741886081045,-50.073687732219696,-23.77556413412094
1,1,block_2,2,Provo_ID2,4,1082624,1262509,1,applied_drift,1741886081077,-50.073687732219696,-23.77556413412094
1,1,block_2,2,Provo_ID2,4,1082624,1262509,1,applied_drift,1741886081116,-50.073687732219696,-23.77556413412094
1,1,block_2,2,Provo_ID2,4,1082624,1262509,1,applied_drift,1741886081149,-50.073687732219696,-23.77556413412094
1,1,block_2,2,Provo_ID2,4,1082624,1262509,1,applied_drift,1741886081176,-50.073687732219696,-23.77556413412094
1,1,block_2,2,Provo_ID2,4,1082624,1262509,1,applied_drift,1741886081213,-50.073687732219696,-23.77556413412094
1,1,block_2,2,Provo_ID2,4,1082624,1262509,1,applied_drift,1741886081240,-50.073687732219696,-23.77556413412094
1,1,block_2,2,Provo_ID2,4,1082624,1262509,1,applied_drift,1741886081274,-50.073687732219696,-23.77556413412094
1,1,block_2,2,Provo_ID2,4,1082624,1262509,1,applied_drift,1741886081318,-50.073687732219696,-23.77556413412094
1,1,block_2,2,Provo_ID2,4,1082624,1262509,1,applied_drift,1741886081352,-50.073687732219696,-23.77556413412094
1,1,block_2,2,Provo_ID2,4,1082624,1262509,1,applied_drift,1741886081380,-50.073687732219696,-23.77556413412094
1,1,block_2,2,Provo_ID2,4,1082624,1262509,1,applied_drift,1741886081411,-50.073687732219696,-23.77556413412094
1,1,block_2,2,Provo_ID2,4,1082624,1262509,1,applied_drift,1741886081452,-50.073687732219696,-23.77556413412094
1,1,block_2,2,Provo_ID2,4,1082624,1262509,1,applied_drift,1741886081480,-50.073687732219696,-23.77556413412094
1,1,block_2,2,Provo_ID2,4,1082624,1262509,1,applied_drift,1741886081507,-50.073687732219696,-23.77556413412094
1,1,block_2,2,Provo_ID2,4,1082624,1262509,1,applied_drift,1741886081538,-50.073687732219696,-23.77556413412094
1,1,block_2,2,Provo_ID2,4,1082624,1262509,1,applied_drift,1741886081575,-50.073687732219696,-23.77556413412094
1,1,block_2,2,Provo_ID2,4,1082624,1262509,1,applied_drift,1741886081613,-50.073687732219696,-23.77556413412094
1,1,block_2,2,Provo_ID2,4,1082624,1262509,1,applied_drift,1741886081647,-50.073687732219696,-23.77556413412094
1,1,block_2,2,Provo_ID2,4,1082624,1262509,1,applied_drift,1741886081674,-50.073687732219696,-23.77556413412094
1,1,block_2,2,Provo_ID2,4,1082624,1262509,1,applied_drift,1741886081717,-50.073687732219696,-23.77556413412094
1,1,block_2,2,Provo_ID2,4,1082624,1262509,1,applied_drift,1741886081750,-50.073687732219696,-23.77556413412094
1,1,block_2,2,Provo_ID2,4,1082624,1262509,1,applied_drift,1741886081780,-50.073687732219696,-23.77556413412094
1,1,block_2,2,Provo_ID2,4,1082624,1262509,1,applied_drift,1741886081814,-50.073687732219696,-23.77556413412094
1,1,block_2,2,Provo_ID2,4,1082624,1262509,1,applied_drift,1741886081847,-50.073687732219696,-23.77556413412094
1,1,block_2,2,Provo_ID2,4,1082624,1262509,1,applied_drift,1741886081880,-50.073687732219696,-23.77556413412094
1,1,block_2,2,Provo_ID2,4,1082624,1262509,1,applied_drift,1741886081912,-50.073687732219696,-23.77556413412094
1,1,block_2,2,Provo_ID2,4,1082624,1262509,1,applied_drift,1741886081946,-50.073687732219696,-23.77556413412094
1,1,block_2,2,Provo_ID2,4,1082624,1262509,1,applied_drift,1741886081979,-50.073687732219696,-23.77556413412094
1,1,block_2,2,Provo_ID2,4,1082624,1262509,1,applied_drift,1741886082007,-50.073687732219696,-23.77556413412094
1,1,block_2,2,Provo_ID2,4,1082624,1262509,1,applied_drift,1741886082043,-50.073687732219696,-23.77556413412094
1,1,block_2,2,Provo_ID2,4,1082624,1262509,1,applied_drift,1741886082074,-50.073687732219696,-23.77556413412094
1,1,block_2,2,Provo_ID2,4,1082624,1262509,1,applied_drift,1741886082107,-50.073687732219696,-23.77556413412094
1,1,block_2,2,Provo_ID2,4,1082624,1262509,1,applied_drift,1741886082141,-50.073687732219696,-23.77556413412094
1,1,block_2,2,Provo_ID2,4,1082624,1262509,1,applied_drift,1741886082180,-50.073687732219696,-23.77556413412094
1,1,block_2,2,Provo_ID2,4,1082624,1262509,1,applied_drift,1741886082208,-50.073687732219696,-23.77556413412094
1,1,block_2,2,Provo_ID2,4,1082624,1262509,1,applied_drift,1741886082240,-50.073687732219696,-23.77556413412094
1,1,block_2,2,Provo_ID2,4,1082624,1262509,1,applied_drift,1741886082280,-50.073687732219696,-23.77556413412094
1,1,block_2,2,Provo_ID2,4,1082624,1262509,1,applied_drift,1741886082315,-50.073687732219696,-23.77556413412094
1,1,block_2,2,Provo_ID2,4,1082624,1262509,1,applied_drift,1741886082340,-50.073687732219696,-23.77556413412094
1,1,block_2,2,Provo_ID2,4,1082624,1262509,1,applied_drift,1741886082384,-50.073687732219696,-23.77556413412094
1,1,block_2,2,Provo_ID2,4,1082624,1262509,1,applied_drift,1741886082416,-50.073687732219696,-23.77556413412094
1,1,block_2,2,Provo_ID2,4,1082624,1262509,1,applied_drift,1741886082443,-50.073687732219696,-23.77556413412094
1,1,block_2,2,Provo_ID2,4,1082624,1262509,1,applied_drift,1741886082477,-50.073687732219696,-23.77556413412094
1,1,block_2,2,Provo_ID2,4,1082624,1262509,1,applied_drift,1741886082507,-50.073687732219696,-23.77556413412094
1,1,block_2,2,Provo_ID2,4,1082624,1262509,1,applied_drift,1741886082540,-50.073687732219696,-23.77556413412094
1,1,block_2,2,Provo_ID2,4,1082624,1262509,1,applied_drift,1741886082580,-50.073687732219696,-23.77556413412094
1,1,block_2,2,Provo_ID2,4,1082624,1262509,1,applied_drift,1741886082611,-50.073687732219696,-23.77556413412094
1,1,block_2,2,Provo_ID2,4,1082624,1262509,1,applied_drift,1741886082646,-50.073687732219696,-23.77556413412094
1,1,block_2,2,Provo_ID2,4,1082624,1262509,1,applied_drift,1741886082673,-50.073687732219696,-23.77556413412094
1,1,block_2,2,Provo_ID2,4,1082624,1262509,1,applied_drift,1741886082706,-50.073687732219696,-23.77556413412094
1,1,block_2,2,Provo_ID2,4,1082624,1262509,1,applied_drift,1741886082740,-50.073687732219696,-23.77556413412094
1,1,block_2,2,Provo_ID2,4,1082624,1262509,1,applied_drift,1741886082770,-50.073687732219696,-23.77556413412094
1,1,block_2,2,Provo_ID2,4,1082624,1262509,1,applied_drift,1741886082809,-50.073687732219696,-23.77556413412094
1,1,block_2,2,Provo_ID2,4,1082624,1262509,1,applied_drift,1741886082848,-50.073687732219696,-23.77556413412094
1,1,block_2,2,Provo_ID2,4,1082624,1262509,1,applied_drift,1741886082879,-50.073687732219696,-23.77556413412094
1,1,block_2,2,Provo_ID2,4,1082624,1262509,1,applied_drift,1741886082906,-50.073687732219696,-23.77556413412094
1,1,block_2,2,Provo_ID2,4,1082624,1262509,1,applied_drift,1741886082944,-50.073687732219696,-23.77556413412094
1,1,block_2,2,Provo_ID2,4,1082624,1262509,1,applied_drift,1741886082976,-50.073687732219696,-23.77556413412094
1,1,block_2,2,Provo_ID2,4,1082624,1262509,1,applied_drift,1741886083009,-50.073687732219696,-23.77556413412094
1,1,block_2,2,Provo_ID2,4,1082624,1262509,1,applied_drift,1741886083045,-50.073687732219696,-23.77556413412094
1,1,block_2,2,Provo_ID2,4,1082624,1262509,1,applied_drift,1741886083079,-50.073687732219696,-23.77556413412094
1,1,block_2,2,Provo_ID2,4,1082624,1262509,1,applied_drift,1741886083107,-50.073687732219696,-23.77556413412094
1,1,block_2,2,Provo_ID2,4,1082624,1262509,1,applied_drift,1741886083137,-50.073687732219696,-23.77556413412094
1,1,block_2,2,Provo_ID2,4,1082624,1262509,1,applied_drift,1741886083179,-50.073687732219696,-23.77556413412094
1,1,block_2,2,Provo_ID2,4,1082624,1262509,1,applied_drift,1741886083215,-50.073687732219696,-23.77556413412094
1,1,block_2,2,Provo_ID2,4,1082624,1262509,1,applied_drift,1741886083250,-50.073687732219696,-23.77556413412094
1,1,block_2,2,Provo_ID2,4,1082624,1262509,1,applied_drift,1741886083281,-50.073687732219696,-23.77556413412094
1,1,block_2,2,Provo_ID2,4,1082624,1262509,1,applied_drift,1741886083313,-50.073687732219696,-23.77556413412094
1,1,block_2,2,Provo_ID2,4,1082624,1262509,1,applied_drift,1741886083352,-50.073687732219696,-23.77556413412094
1,1,block_2,2,Provo_ID2,4,1082624,1262509,1,applied_drift,1741886083379,-50.073687732219696,-23.77556413412094
1,1,block_2,2,Provo_ID2,4,1082624,1262509,1,applied_drift,1741886083407,-50.073687732219696,-23.77556413412094
1,1,block_2,2,Provo_ID2,4,1082624,1262509,1,applied_drift,1741886083447,-50.073687732219696,-23.77556413412094
1,1,block_2,2,Provo_ID2,4,1082624,1262509,1,applied_drift,1741886083480,-50.073687732219696,-23.77556413412094
1,1,block_2,2,Provo_ID2,4,1082624,1262509,1,applied_drift,1741886083513,-50.073687732219696,-23.77556413412094
1,1,block_2,2,Provo_ID2,4,1082624,1262509,1,applied_drift,1741886083541,-50.073687732219696,-23.77556413412094
1,1,block_2,2,Provo_ID2,4,1082624,1262509,1,applied_drift,1741886083575,-50.073687732219696,-23.77556413412094
1,1,block_2,2,Provo_ID2,4,1082624,1262509,1,applied_drift,1741886083614,-50.073687732219696,-23.77556413412094
1,1,block_2,2,Provo_ID2,4,1082624,1262509,1,applied_drift,1741886083647,-50.073687732219696,-23.77556413412094
1,1,block_2,2,Provo_ID2,4,1082624,1262509,1,applied_drift,1741886083680,-50.073687732219696,-23.77556413412094
1,1,block_2,2,Provo_ID2,4,1082624,1262509,1,applied_drift,1741886083711,-50.073687732219696,-23.77556413412094
1,1,block_2,2,Provo_ID2,4,1082624,1262509,1,applied_drift,1741886083742,-50.073687732219696,-23.77556413412094
1,1,block_2,2,Provo_ID2,4,1082624,1262509,1,applied_drift,1741886083774,-50.073687732219696,-23.77556413412094
1,1,block_2,2,Provo_ID2,4,1082624,1262509,1,applied_drift,1741886083803,-50.073687732219696,-23.77556413412094
1,1,block_2,2,Provo_ID2,4,1082624,1262509,1,applied_drift,1741886083847,-50.073687732219696,-23.77556413412094
1,1,block_2,2,Provo_ID2,4,1082624,1262509,1,applied_drift,1741886083881,-50.073687732219696,-23.77556413412094
1,1,block_2,2,Provo_ID2,4,1082624,1262509,1,applied_drift,1741886083916,-50.073687732219696,-23.77556413412094
1,1,block_2,2,Provo_ID2,4,1082624,1262509,1,applied_drift,1741886083948,-50.073687732219696,-23.77556413412094
1,1,block_2,2,Provo_ID2,4,1082624,1262509,1,applied_drift,1741886083980,-50.073687732219696,-23.77556413412094
1,1,block_2,2,Provo_ID2,4,1082624,1262509,1,applied_drift,1741886084010,-50.073687732219696,-23.77556413412094
1,1,block_2,2,Provo_ID2,4,1082624,1262509,1,applied_drift,1741886084045,-50.073687732219696,-23.77556413412094
1,1,block_2,2,Provo_ID2,4,1082624,1262509,1,applied_drift,1741886084080,-50.073687732219696,-23.77556413412094
1,1,block_2,2,Provo_ID2,4,1082624,1262509,1,applied_drift,1741886084109,-50.073687732219696,-23.77556413412094
1,1,block_2,2,Provo_ID2,4,1082624,1262509,1,applied_drift,1741886084141,-50.073687732219696,-23.77556413412094
1,1,block_2,2,Provo_ID2,4,1082624,1262509,1,applied_drift,1741886084180,-50.073687732219696,-23.77556413412094
1,1,block_2,2,Provo_ID2,4,1082624,1262509,1,applied_drift,1741886084217,-50.073687732219696,-23.77556413412094
1,1,block_2,2,Provo_ID2,4,1082624,1262509,1,applied_drift,1741886084244,-50.073687732219696,-23.77556413412094
1,1,block_2,2,Provo_ID2,4,1082624,1262509,1,applied_drift,1741886084280,-50.073687732219696,-23.77556413412094
1,1,block_2,2,Provo_ID2,4,1082624,1262509,1,applied_drift,1741886084312,-50.073687732219696,-23.77556413412094
1,1,block_2,2,Provo_ID2,4,1082624,1262509,1,applied_drift,1741886084344,-50.073687732219696,-23.77556413412094
1,1,block_2,2,Provo_ID2,4,1082624,1262509,1,applied_drift,1741886084373,-50.073687732219696,-23.77556413412094
1,1,block_2,2,Provo_ID2,4,1082624,1262509,1,applied_drift,1741886084409,-50.073687732219696,-23.77556413412094
1,1,block_2,2,Provo_ID2,4,1082624,1262509,1,applied_drift,1741886084449,-50.073687732219696,-23.77556413412094
1,1,block_2,2,Provo_ID2,4,1082624,1262509,1,applied_drift,1741886084480,-50.073687732219696,-23.77556413412094
1,1,block_2,2,Provo_ID2,4,1082624,1262509,1,applied_drift,1741886084509,-50.073687732219696,-23.77556413412094
1,1,block_2,2,Provo_ID2,4,1082624,1262509,1,applied_drift,1741886084549,-50.073687732219696,-23.77556413412094
1,1,block_2,2,Provo_ID2,4,1082624,1262509,1,applied_drift,1741886084584,-50.073687732219696,-23.77556413412094
1,1,block_2,2,Provo_ID2,4,1082624,1262509,1,applied_drift,1741886084613,-50.073687732219696,-23.77556413412094
1,1,block_2,2,Provo_ID2,4,1082624,1262509,1,applied_drift,1741886084646,-50.073687732219696,-23.77556413412094
1,1,block_2,2,Provo_ID2,4,1082624,1262509,1,applied_drift,1741886084677,-50.073687732219696,-23.77556413412094
1,1,block_2,2,Provo_ID2,4,1082624,1262509,1,applied_drift,1741886084718,-50.073687732219696,-23.77556413412094
1,1,block_2,2,Provo_ID2,4,1082624,1262509,1,applied_drift,1741886084752,-50.073687732219696,-23.77556413412094
1,1,block_2,2,Provo_ID2,4,1082624,1262509,1,applied_drift,1741886084784,-50.073687732219696,-23.77556413412094
1,1,block_2,2,Provo_ID2,4,1082624,1262509,1,applied_drift,1741886084812,-50.073687732219696,-23.77556413412094
1,1,block_2,2,Provo_ID2,4,1082624,1262509,1,applied_drift,1741886084846,-50.073687732219696,-23.77556413412094
1,1,block_2,2,Provo_ID2,4,1082624,1262509,1,applied_drift,1741886084883,-50.073687732219696,-23.77556413412094
1,1,block_2,2,Provo_ID2,4,1082624,1262509,1,applied_drift,1741886084908,-50.073687732219696,-23.77556413412094
1,1,block_2,2,Provo_ID2,4,1082624,1262509,1,applied_drift,1741886084943,-50.073687732219696,-23.77556413412094
1,1,block_2,2,Provo_ID2,4,1082624,1262509,1,applied_drift,1741886084980,-50.073687732219696,-23.77556413412094
1,1,block_2,2,Provo_ID2,4,1082624,1262509,1,applied_drift,1741886085012,-50.073687732219696,-23.77556413412094
1,1,block_2,2,Provo_ID2,4,1082624,1262509,1,applied_drift,1741886085046,-50.073687732219696,-23.77556413412094
1,1,block_2,2,Provo_ID2,4,1082624,1262509,1,applied_drift,1741886085072,-50.073687732219696,-23.77556413412094
1,1,block_2,2,Provo_ID2,4,1082624,1262509,1,applied_drift,1741886085116,-50.073687732219696,-23.77556413412094
1,1,block_2,2,Provo_ID2,4,1082624,1262509,1,applied_drift,1741886085146,-50.073687732219696,-23.77556413412094
1,1,block_2,2,Provo_ID2,4,1082624,1262509,1,applied_drift,1741886085179,-50.073687732219696,-23.77556413412094
1,1,block_2,2,Provo_ID2,4,1082624,1262509,1,applied_drift,1741886085210,-50.073687732219696,-23.77556413412094
1,1,block_2,2,Provo_ID2,4,1082624,1262509,1,applied_drift,1741886085242,-50.073687732219696,-23.77556413412094
1,1,block_2,2,Provo_ID2,4,1082624,1262509,1,applied_drift,1741886085275,-50.073687732219696,-23.77556413412094
1,1,block_2,2,Provo_ID2,4,1082624,1262509,1,applied_drift,1741886085312,-50.073687732219696,-23.77556413412094
1,1,block_2,2,Provo_ID2,4,1082624,1262509,1,applied_drift,1741886085345,-50.073687732219696,-23.77556413412094
1,1,block_2,2,Provo_ID2,4,1082624,1262509,1,applied_drift,1741886085373,-50.073687732219696,-23.77556413412094
1,1,block_2,2,Provo_ID2,4,1082624,1262509,1,applied_drift,1741886085409,-50.073687732219696,-23.77556413412094
1,1,block_2,2,Provo_ID2,4,1082624,1262509,1,applied_drift,1741886085440,-50.073687732219696,-23.77556413412094
1,1,block_2,2,Provo_ID2,4,1082624,1262509,1,applied_drift,1741886085470,-50.073687732219696,-23.77556413412094
1,1,block_2,2,Provo_ID2,4,1082624,1262509,1,applied_drift,1741886085507,-50.073687732219696,-23.77556413412094
1,1,block_2,2,Provo_ID2,4,1082624,1262509,1,applied_drift,1741886085542,-50.073687732219696,-23.77556413412094
1,1,block_2,2,Provo_ID2,4,1082624,1262509,1,applied_drift,1741886085578,-50.073687732219696,-23.77556413412094
1,1,block_2,2,Provo_ID2,4,1082624,1262509,1,applied_drift,1741886085607,-50.073687732219696,-23.77556413412094
1,1,block_2,2,Provo_ID2,4,1082624,1262509,1,applied_drift,1741886085644,-50.073687732219696,-23.77556413412094
1,1,block_2,2,Provo_ID2,4,1082624,1262509,1,applied_drift,1741886085672,-50.073687732219696,-23.77556413412094
1,1,block_2,2,Provo_ID2,4,1082624,1262509,1,applied_drift,1741886085715,-50.073687732219696,-23.77556413412094
1,1,block_2,2,Provo_ID2,4,1082624,1262509,1,applied_drift,1741886085748,-50.073687732219696,-23.77556413412094
1,1,block_2,2,Provo_ID2,4,1082624,1262509,1,applied_drift,1741886085779,-50.073687732219696,-23.77556413412094
1,1,block_2,2,Provo_ID2,4,1082624,1262509,1,applied_drift,1741886085811,-50.073687732219696,-23.77556413412094
1,1,block_2,2,Provo_ID2,4,1082624,1262509,1,applied_drift,1741886085842,-50.073687732219696,-23.77556413412094
1,1,block_2,2,Provo_ID2,4,1082624,1262509,1,applied_drift,1741886085877,-50.073687732219696,-23.77556413412094
1,1,block_2,2,Provo_ID2,4,1082624,1262509,1,applied_drift,1741886085907,-50.073687732219696,-23.77556413412094
1,1,block_2,2,Provo_ID2,4,1082624,1262509,1,applied_drift,1741886085945,-50.073687732219696,-23.77556413412094
1,1,block_2,2,Provo_ID2,4,1082624,1262509,1,applied_drift,1741886085977,-50.073687732219696,-23.77556413412094
1,1,block_2,2,Provo_ID2,4,1082624,1262509,1,applied_drift,1741886086011,-50.073687732219696,-23.77556413412094
1,1,block_2,2,Provo_ID2,4,1082624,1262509,1,applied_drift,1741886086039,-50.073687732219696,-23.77556413412094
1,1,block_2,2,Provo_ID2,4,1082624,1262509,1,applied_drift,1741886086082,-50.073687732219696,-23.77556413412094
1,1,block_2,2,Provo_ID2,4,1082624,1262509,1,applied_drift,1741886086109,-50.073687732219696,-23.77556413412094
1,1,block_2,2,Provo_ID2,4,1082624,1262509,1,applied_drift,1741886086146,-50.073687732219696,-23.77556413412094
1,1,block_2,2,Provo_ID2,4,1082624,1262509,1,applied_drift,1741886086178,-50.073687732219696,-23.77556413412094
1,1,block_2,2,Provo_ID2,4,1082624,1262509,1,applied_drift,1741886086211,-50.073687732219696,-23.77556413412094
1,1,block_2,2,Provo_ID2,4,1082624,1262509,1,applied_drift,1741886086241,-50.073687732219696,-23.77556413412094
1,1,block_2,2,Provo_ID2,4,1082624,1262509,1,applied_drift,1741886086268,-50.073687732219696,-23.77556413412094
1,1,block_2,2,Provo_ID2,4,1082624,1262509,1,applied_drift,1741886086306,-50.073687732219696,-23.77556413412094
1,1,block_2,2,Provo_ID2,4,1082624,1262509,1,applied_drift,1741886086350,-50.073687732219696,-23.77556413412094
1,1,block_2,2,Provo_ID2,4,1082624,1262509,1,applied_drift,1741886086379,-50.073687732219696,-23.77556413412094
1,1,block_2,2,Provo_ID2,4,1082624,1262509,1,applied_drift,1741886086412,-50.073687732219696,-23.77556413412094
1,1,block_2,2,Provo_ID2,4,1082624,1262509,1,applied_drift,1741886086443,-50.073687732219696,-23.77556413412094
1,1,block_2,2,Provo_ID2,4,1082624,1262509,1,applied_drift,1741886086479,-50.073687732219696,-23.77556413412094
1,1,block_2,2,Provo_ID2,4,1082624,1262509,1,applied_drift,1741886086511,-50.073687732219696,-23.77556413412094
1,1,block_2,2,Provo_ID2,4,1082624,1262509,1,applied_drift,1741886086540,-50.073687732219696,-23.77556413412094
1,1,block_2,2,Provo_ID2,4,1082624,1262509,1,applied_drift,1741886086579,-50.073687732219696,-23.77556413412094
1,1,block_2,2,Provo_ID2,4,1082624,1262509,1,applied_drift,1741886086612,-50.073687732219696,-23.77556413412094
1,1,block_2,2,Provo_ID2,4,1082624,1262509,1,applied_drift,1741886086645,-50.073687732219696,-23.77556413412094
1,1,block_2,2,Provo_ID2,4,1082624,1262509,1,error_trial,1741886036788,""
1,1,block_2,2,Provo_ID2,4,1082624,1262509,1,error_trial,1741886067258,53.252919514973954
1,1,block_2,2,Provo_ID2,4,1082624,1262509,1,error_trial_x,1741886036788,""
1,1,block_2,2,Provo_ID2,4,1082624,1262509,1,error_trial_x,1741886067258,40.15638139512804
1,1,block_2,2,Provo_ID2,4,1082624,1262509,1,error_trial_y,1741886036788,""
1,1,block_2,2,Provo_ID2,4,1082624,1262509,1,error_trial_y,1741886067258,28.175343407524956
1,1,block_2,2,Provo_ID2,4,1082624,1262509,1,error_calibration,1741886036788,""
1,1,block_2,2,Provo_ID2,4,1082624,1262509,1,error_calibration,1741886067258,78.81319681803386
1,1,block_2,2,Provo_ID2,4,1082624,1262509,1,error_calibration_x,1741886036788,""
1,1,block_2,2,Provo_ID2,4,1082624,1262509,1,error_calibration_x,1741886067258,66.54381646050346
1,1,block_2,2,Provo_ID2,4,1082624,1262509,1,error_calibration_y,1741886036788,""
1,1,block_2,2,Provo_ID2,4,1082624,1262509,1,error_calibration_y,1741886067258,31.008336808946396
1,1,block_2,2,Provo_ID2,4,1082624,1262509,1,gaze_conf,"",
