Trial_Nr,Trial_Id,Block_Name,Block_Nr,Task_Name,Task_Nr,Exp_Subject_Id,Rec_Session_Id,Session_Nr,variable_name,timestamp,value
1,1,block_1,1,instructions,1,1077713,1257085,1,gaze_data,1741607001414,
1,1,block_1,1,instructions,1,1077713,1257085,1,gaze_data,1741607548980,
1,1,block_1,1,instructions,1,1077713,1257085,1,applied_drift,1741607001414,
1,1,block_1,1,instructions,1,1077713,1257085,1,applied_drift,1741607548980,
1,1,block_2,2,Provo_ID2,1,1077713,1257085,1,gaze_data,1741607628785,
1,1,block_2,2,Provo_ID2,1,1077713,1257085,1,gaze_data,1741607654073,514.5787477493286,346.19913827805294,1741607654030.5,1
1,1,block_2,2,Provo_ID2,1,1077713,1257085,1,gaze_data,1741607654097,499.70123767852783,360.0996916634696,1741607654064.7,1
1,1,block_2,2,Provo_ID2,1,1077713,1257085,1,gaze_data,1741607654135,506.40861988067627,360.5423618498303,1741607654102.7,1
1,1,block_2,2,Provo_ID2,1,1077713,1257085,1,gaze_data,1741607654163,511.93370819091797,384.1935693650019,1741607654132.2,1
1,1,block_2,2,Provo_ID2,1,1077713,1257085,1,gaze_data,1741607654192,418.4435695409775,204.62245634623937,1741607654164.4001,1
1,1,block_2,2,Provo_ID2,1,1077713,1257085,1,gaze_data,1741607654240,368.3900713920593,266.0278424762544,1741607654205.8,0
1,1,block_2,2,Provo_ID2,1,1077713,1257085,1,gaze_data,1741607654268,354.18702363967896,255.24014643260412,1741607654231.6,0
1,1,block_2,2,Provo_ID2,1,1077713,1257085,1,gaze_data,1741607654301,290.5144929885864,137.6807787304833,1741607654265.4001,0
1,1,block_2,2,Provo_ID2,1,1077713,1257085,1,gaze_data,1741607654329,335.2326691150665,171.39917123885382,1741607654303.1,0
1,1,block_2,2,Provo_ID2,1,1077713,1257085,1,gaze_data,1741607654363,333.8589370250702,248.54939506167457,1741607654331.2,0
1,1,block_2,2,Provo_ID2,1,1077713,1257085,1,gaze_data,1741607654395,309.3282103538513,230.78273126057218,1741607654365.2,0.3847767976999263
1,1,block_2,2,Provo_ID2,1,1077713,1257085,1,gaze_data,1741607654433,285.87841987609863,188.82623377300445,1741607654399.3,0.8934948765777935
1,1,block_2,2,Provo_ID2,1,1077713,1257085,1,gaze_data,1741607654468,350.03061294555664,184.99836285909018,1741607654436.1,1
1,1,block_2,2,Provo_ID2,1,1077713,1257085,1,gaze_data,1741607654496,374.56228137016296,145.32200608934676,1741607654466.8,1
1,1,block_2,2,Provo_ID2,1,1077713,1257085,1,gaze_data,1741607654532,354.1572630405426,107.43097827548073,1741607654497.8,1
1,1,block_2,2,Provo_ID2,1,1077713,1257085,1,gaze_data,1741607654563,363.4391188621521,116.38226668039958,1741607654535.8,1
1,1,block_2,2,Provo_ID2,1,1077713,1257085,1,gaze_data,1741607654595,368.25864911079407,121.89104965754919,1741607654565.3,1
1,1,block_2,2,Provo_ID2,1,1077713,1257085,1,gaze_data,1741607654633,377.0615130662918,126.64275737035842,1741607654598.5,1
1,1,block_2,2,Provo_ID2,1,1077713,1257085,1,gaze_data,1741607654673,227.23863124847412,106.94404670170375,1741607654634.5,1
1,1,block_2,2,Provo_ID2,1,1077713,1257085,1,gaze_data,1741607654701,160.8837127685547,97.25499107724144,1741607654667.3,1
1,1,block_2,2,Provo_ID2,1,1077713,1257085,1,gaze_data,1741607654728,172.119402885437,110.71182546161471,1741607654699,1
1,1,block_2,2,Provo_ID2,1,1077713,1257085,1,gaze_data,1741607654769,145.01636028289795,103.59816596621559,1741607654732.4001,1
1,1,block_2,2,Provo_ID2,1,1077713,1257085,1,gaze_data,1741607654797,156.53882026672363,109.34690225692023,1741607654765.9001,1
1,1,block_2,2,Provo_ID2,1,1077713,1257085,1,gaze_data,1741607654829,151.01075172424316,110.28145949045818,1741607654797.9001,1
1,1,block_2,2,Provo_ID2,1,1077713,1257085,1,gaze_data,1741607654867,148.36657047271729,110.06605125608898,1741607654832.2,1
1,1,block_2,2,Provo_ID2,1,1077713,1257085,1,gaze_data,1741607654899,145.8336591720581,110.47604628971645,1741607654867.1,1
1,1,block_2,2,Provo_ID2,1,1077713,1257085,1,gaze_data,1741607654934,130.94627857208252,94.18000720796131,1741607654903,1
1,1,block_2,2,Provo_ID2,1,1077713,1257085,1,gaze_data,1741607654968,132.90245532989502,100.30294509161087,1741607654933,1
1,1,block_2,2,Provo_ID2,1,1077713,1257085,1,gaze_data,1741607654998,132.24050998687744,100.48379171462287,1741607654965.5,1
1,1,block_2,2,Provo_ID2,1,1077713,1257085,1,gaze_data,1741607655030,140.7785415649414,109.99674501873199,1741607654998.5,1
1,1,block_2,2,Provo_ID2,1,1077713,1257085,1,gaze_data,1741607655062,127.98750400543213,100.23303349812826,1741607655031.8,1
1,1,block_2,2,Provo_ID2,1,1077713,1257085,1,gaze_data,1741607655095,135.29090881347656,106.15161441621326,1741607655065.3,1
1,1,block_2,2,Provo_ID2,1,1077713,1257085,1,gaze_data,1741607655130,319.86613869667053,132.39497797829765,1741607655099.8,1
1,1,block_2,2,Provo_ID2,1,1077713,1257085,1,gaze_data,1741607655173,305.3258717060089,114.82530480339415,1741607655138.3,1
1,1,block_2,2,Provo_ID2,1,1077713,1257085,1,gaze_data,1741607655201,301.9871413707733,107.57857254573278,1741607655167.2,1
1,1,block_2,2,Provo_ID2,1,1077713,1257085,1,gaze_data,1741607655230,299.0687608718872,108.50521791548957,1741607655200.1,1
1,1,block_2,2,Provo_ID2,1,1077713,1257085,1,gaze_data,1741607655269,297.22065925598145,107.34242734454928,1741607655231.5,1
1,1,block_2,2,Provo_ID2,1,1077713,1257085,1,gaze_data,1741607655292,345.9893465042114,108.53427500951858,1741607655266.5,1
1,1,block_2,2,Provo_ID2,1,1077713,1257085,1,gaze_data,1741607655331,436.9964301586151,101.7012051173619,1741607655299.1,1
1,1,block_2,2,Provo_ID2,1,1077713,1257085,1,gaze_data,1741607655370,442.08643436431885,104.36893917265392,1741607655335.2,1
1,1,block_2,2,Provo_ID2,1,1077713,1257085,1,gaze_data,1741607655397,439.2147034406662,101.45700727190291,1741607655366.1,1
1,1,block_2,2,Provo_ID2,1,1077713,1257085,1,gaze_data,1741607655436,443.1533008813858,97.86916006179084,1741607655398.8,1
1,1,block_2,2,Provo_ID2,1,1077713,1257085,1,gaze_data,1741607655464,443.34270656108856,99.63806697300502,1741607655432.1,1
1,1,block_2,2,Provo_ID2,1,1077713,1257085,1,gaze_data,1741607655496,450.9997308254242,103.36213338942756,1741607655466.5,1
1,1,block_2,2,Provo_ID2,1,1077713,1257085,1,gaze_data,1741607655537,453.4707248210907,102.3975335984003,1741607655504.4001,1
1,1,block_2,2,Provo_ID2,1,1077713,1257085,1,gaze_data,1741607655564,343.551242351532,78.03042911347889,1741607655532.5,1
1,1,block_2,2,Provo_ID2,1,1077713,1257085,1,gaze_data,1741607655596,339.3984913825989,89.0125746954055,1741607655565.9001,1
1,1,block_2,2,Provo_ID2,1,1077713,1257085,1,gaze_data,1741607655632,334.90219712257385,91.49340856642951,1741607655603.8,1
1,1,block_2,2,Provo_ID2,1,1077713,1257085,1,gaze_data,1741607655663,333.99128913879395,88.87373697190058,1741607655632.3,1
1,1,block_2,2,Provo_ID2,1,1077713,1257085,1,gaze_data,1741607655702,331.4012050628662,88.91647792997814,1741607655665.4001,1
1,1,block_2,2,Provo_ID2,1,1077713,1257085,1,gaze_data,1741607655736,325.9489417076111,89.17314892723448,1741607655700.6,1
1,1,block_2,2,Provo_ID2,1,1077713,1257085,1,gaze_data,1741607655768,322.21206426620483,85.91151827857608,1741607655734.1,1
1,1,block_2,2,Provo_ID2,1,1077713,1257085,1,gaze_data,1741607655801,241.21389389038086,121.8142961320423,1741607655767.9001,1
1,1,block_2,2,Provo_ID2,1,1077713,1257085,1,gaze_data,1741607655835,208.2979917526245,136.69207731882733,1741607655799.6,1
1,1,block_2,2,Provo_ID2,1,1077713,1257085,1,gaze_data,1741607655868,211.94496154785156,141.6805919011434,1741607655832.6,1
1,1,block_2,2,Provo_ID2,1,1077713,1257085,1,gaze_data,1741607655896,220.24691104888916,139.69838846297492,1741607655866,1
1,1,block_2,2,Provo_ID2,1,1077713,1257085,1,gaze_data,1741607655930,219.02179718017578,138.90511853354317,1741607655898.5,1
1,1,block_2,2,Provo_ID2,1,1077713,1257085,1,gaze_data,1741607655973,217.97378063201904,140.54716814131964,1741607655933.4001,1
1,1,block_2,2,Provo_ID2,1,1077713,1257085,1,gaze_data,1741607656001,223.50049018859863,139.9114738191877,1741607655966.4001,1
1,1,block_2,2,Provo_ID2,1,1077713,1257085,1,gaze_data,1741607656034,219.06113624572754,140.9871986934117,1741607656000.1,1
1,1,block_2,2,Provo_ID2,1,1077713,1257085,1,gaze_data,1741607656062,223.3224868774414,141.3993617466518,1741607656034.4001,1
1,1,block_2,2,Provo_ID2,1,1077713,1257085,1,gaze_data,1741607656101,338.33186626434326,176.21728511083694,1741607656065.6,1
1,1,block_2,2,Provo_ID2,1,1077713,1257085,1,gaze_data,1741607656129,448.04631769657135,146.7641544342041,1741607656099.1,1
1,1,block_2,2,Provo_ID2,1,1077713,1257085,1,gaze_data,1741607656162,457.1979284286499,151.98402064187187,1741607656131.8,1
1,1,block_2,2,Provo_ID2,1,1077713,1257085,1,gaze_data,1741607656202,462.4137222766876,166.42570609138127,1741607656167,1
1,1,block_2,2,Provo_ID2,1,1077713,1257085,1,gaze_data,1741607656233,468.6720073223114,167.7934589840117,1741607656201.3,1
1,1,block_2,2,Provo_ID2,1,1077713,1257085,1,gaze_data,1741607656263,467.6568567752838,167.28473458971297,1741607656232.8,1
1,1,block_2,2,Provo_ID2,1,1077713,1257085,1,gaze_data,1741607656299,604.2932033538818,163.89136859348844,1741607656265.5,1
1,1,block_2,2,Provo_ID2,1,1077713,1257085,1,gaze_data,1741607656329,590.003776550293,171.17196559906006,1741607656302.9001,1
1,1,block_2,2,Provo_ID2,1,1077713,1257085,1,gaze_data,1741607656362,594.4489479064941,171.54016994294668,1741607656332.1,1
1,1,block_2,2,Provo_ID2,1,1077713,1257085,1,gaze_data,1741607656397,592.6580667495728,160.22638071151007,1741607656367.1,1
1,1,block_2,2,Provo_ID2,1,1077713,1257085,1,gaze_data,1741607656434,592.8719758987427,158.39969044639952,1741607656399.9001,1
1,1,block_2,2,Provo_ID2,1,1077713,1257085,1,gaze_data,1741607656468,593.8886642456055,158.33545230683828,1741607656433.7,1
1,1,block_2,2,Provo_ID2,1,1077713,1257085,1,gaze_data,1741607656495,611.9115591049194,141.63716111864363,1741607656466.2,1
1,1,block_2,2,Provo_ID2,1,1077713,1257085,1,gaze_data,1741607656534,691.3235187530518,103.14597901843844,1741607656499.7,1
1,1,block_2,2,Provo_ID2,1,1077713,1257085,1,gaze_data,1741607656562,684.0091705322266,107.30009464990526,1741607656534.8,1
1,1,block_2,2,Provo_ID2,1,1077713,1257085,1,gaze_data,1741607656596,680.7073831558228,105.11555444626582,1741607656567.1,1
1,1,block_2,2,Provo_ID2,1,1077713,1257085,1,gaze_data,1741607656635,692.5101280212402,111.42345678238642,1741607656599.3,1
1,1,block_2,2,Provo_ID2,1,1077713,1257085,1,gaze_data,1741607656662,597.7145910263062,169.45915971483504,1741607656633.2,1
1,1,block_2,2,Provo_ID2,1,1077713,1257085,1,gaze_data,1741607656701,621.4623928070068,185.670561563401,1741607656666.2,1
1,1,block_2,2,Provo_ID2,1,1077713,1257085,1,gaze_data,1741607656739,610.5554580688477,179.4273971375965,1741607656701.5,1
1,1,block_2,2,Provo_ID2,1,1077713,1257085,1,gaze_data,1741607656767,613.0987405776978,189.94476295652845,1741607656734.2,1
1,1,block_2,2,Provo_ID2,1,1077713,1257085,1,gaze_data,1741607656795,600.673770904541,180.62000501723517,1741607656766.1,1
1,1,block_2,2,Provo_ID2,1,1077713,1257085,1,gaze_data,1741607656834,595.9888219833374,184.27708103543236,1741607656799.5,1
1,1,block_2,2,Provo_ID2,1,1077713,1257085,1,gaze_data,1741607656863,284.98706817626953,238.15399442400252,1741607656832.9001,1
1,1,block_2,2,Provo_ID2,1,1077713,1257085,1,gaze_data,1741607656901,189.2956256866455,241.5693503334409,1741607656866.4001,1
1,1,block_2,2,Provo_ID2,1,1077713,1257085,1,gaze_data,1741607656928,198.4426736831665,242.59289667719887,1741607656899.2,1
1,1,block_2,2,Provo_ID2,1,1077713,1257085,1,gaze_data,1741607656961,198.63765239715576,238.65458522524153,1741607656932.4001,1
1,1,block_2,2,Provo_ID2,1,1077713,1257085,1,gaze_data,1741607657006,197.6689577102661,241.37505389395216,1741607656973.8,1
1,1,block_2,2,Provo_ID2,1,1077713,1257085,1,gaze_data,1741607657034,206.40151500701904,246.0400232246944,1741607656999.2,1
1,1,block_2,2,Provo_ID2,1,1077713,1257085,1,gaze_data,1741607657061,200.7162570953369,243.36262106895447,1741607657032.7,1
1,1,block_2,2,Provo_ID2,1,1077713,1257085,1,gaze_data,1741607657093,197.0691680908203,237.00564089275542,1741607657066,1
1,1,block_2,2,Provo_ID2,1,1077713,1257085,1,gaze_data,1741607657134,197.57513999938965,234.47064172653927,1741607657100.2,1
1,1,block_2,2,Provo_ID2,1,1077713,1257085,1,gaze_data,1741607657168,380.05270063877106,299.4430501120431,1741607657132.9001,1
1,1,block_2,2,Provo_ID2,1,1077713,1257085,1,gaze_data,1741607657200,481.7526876926422,240.55258960950943,1741607657166.3,1
1,1,block_2,2,Provo_ID2,1,1077713,1257085,1,gaze_data,1741607657229,488.7068808078766,237.18768414996921,1741607657198.9001,1
1,1,block_2,2,Provo_ID2,1,1077713,1257085,1,gaze_data,1741607657262,490.9275531768799,229.22622340066093,1741607657232.7,1
1,1,block_2,2,Provo_ID2,1,1077713,1257085,1,gaze_data,1741607657300,492.45370626449585,228.0888173126039,1741607657266.9001,1
1,1,block_2,2,Provo_ID2,1,1077713,1257085,1,gaze_data,1741607657335,496.5394675731659,234.646798599334,1741607657299.4001,1
1,1,block_2,2,Provo_ID2,1,1077713,1257085,1,gaze_data,1741607657361,500.56159496307373,233.82436247099014,1741607657333.3,1
1,1,block_2,2,Provo_ID2,1,1077713,1257085,1,gaze_data,1741607657396,498.4459161758423,233.4314282735189,1741607657369.1,1
1,1,block_2,2,Provo_ID2,1,1077713,1257085,1,gaze_data,1741607657433,561.8561267852783,248.3415238630204,1741607657400.5,1
1,1,block_2,2,Provo_ID2,1,1077713,1257085,1,gaze_data,1741607657462,559.0820550918579,237.45376104400273,1741607657433,1
1,1,block_2,2,Provo_ID2,1,1077713,1257085,1,gaze_data,1741607657501,567.4499273300171,248.07812003862293,1741607657466.6,1
1,1,block_2,2,Provo_ID2,1,1077713,1257085,1,gaze_data,1741607657534,571.8294620513916,247.53658499036518,1741607657500.4001,1
1,1,block_2,2,Provo_ID2,1,1077713,1257085,1,gaze_data,1741607657562,581.05788230896,260.3225475265866,1741607657533.8,1
1,1,block_2,2,Provo_ID2,1,1077713,1257085,1,gaze_data,1741607657592,478.14033031463623,283.62519309634257,1741607657566.1,1
1,1,block_2,2,Provo_ID2,1,1077713,1257085,1,gaze_data,1741607657632,210.2187156677246,324.07603967757456,1741607657609,1
1,1,block_2,2,Provo_ID2,1,1077713,1257085,1,gaze_data,1741607657668,230.942964553833,326.8830830710275,1741607657633.2,0.9082037352352024
1,1,block_2,2,Provo_ID2,1,1077713,1257085,1,gaze_data,1741607657695,215.64741134643555,337.48605046953475,1741607657666.1,1
1,1,block_2,2,Provo_ID2,1,1077713,1257085,1,gaze_data,1741607657729,216.79425239562988,322.57417224702385,1741607657699.6,0.9878511067112274
1,1,block_2,2,Provo_ID2,1,1077713,1257085,1,gaze_data,1741607657768,211.12124919891357,326.9478702545166,1741607657733.7,1
1,1,block_2,2,Provo_ID2,1,1077713,1257085,1,gaze_data,1741607657800,216.9569492340088,327.87514209747314,1741607657766.1,1
1,1,block_2,2,Provo_ID2,1,1077713,1257085,1,gaze_data,1741607657834,213.60599994659424,319.797101020813,1741607657799.8,0.9944072045041303
1,1,block_2,2,Provo_ID2,1,1077713,1257085,1,gaze_data,1741607657867,421.58658504486084,364.88560903640024,1741607657833.2,0.9698492065349238
1,1,block_2,2,Provo_ID2,1,1077713,1257085,1,gaze_data,1741607657892,448.530712723732,344.12082399640764,1741607657866.4001,0.9747378428651463
1,1,block_2,2,Provo_ID2,1,1077713,1257085,1,gaze_data,1741607657934,437.97717094421387,337.2996570950463,1741607657900.9001,1
1,1,block_2,2,Provo_ID2,1,1077713,1257085,1,gaze_data,1741607657967,442.58826673030853,336.4474142165411,1741607657934.4001,1
1,1,block_2,2,Provo_ID2,1,1077713,1257085,1,gaze_data,1741607657996,449.07852709293365,339.9725225993565,1741607657966.2,0.9737708922850739
1,1,block_2,2,Provo_ID2,1,1077713,1257085,1,gaze_data,1741607658034,606.5258741378784,317.75254590170726,1741607658007.6,1
1,1,block_2,2,Provo_ID2,1,1077713,1257085,1,gaze_data,1741607658068,602.4301528930664,348.92636617024743,1741607658033.2,0.7542031581159789
1,1,block_2,2,Provo_ID2,1,1077713,1257085,1,gaze_data,1741607658095,599.7151851654053,347.96414556957427,1741607658066.8,0.7618111065207418
1,1,block_2,2,Provo_ID2,1,1077713,1257085,1,gaze_data,1741607658134,594.593334197998,343.72454098292764,1741607658100.7,0.754766997497426
1,1,block_2,2,Provo_ID2,1,1077713,1257085,1,gaze_data,1741607658167,597.1183776855469,338.958846728007,1741607658135.5,0.9581717610718474
1,1,block_2,2,Provo_ID2,1,1077713,1257085,1,gaze_data,1741607658195,598.2075691223145,341.5722324734643,1741607658166.6,0.8554224477216099
1,1,block_2,2,Provo_ID2,1,1077713,1257085,1,gaze_data,1741607658232,590.6457185745239,340.0087876546951,1741607658199.7,0.7936693624509669
1,1,block_2,2,Provo_ID2,1,1077713,1257085,1,gaze_data,1741607658262,593.4396266937256,341.6580452237811,1741607658235.9001,0.9189273064085275
1,1,block_2,2,Provo_ID2,1,1077713,1257085,1,gaze_data,1741607658292,594.512939453125,347.29857762654626,1741607658266.8,0.8182958278665651
1,1,block_2,2,Provo_ID2,1,1077713,1257085,1,gaze_data,1741607658330,586.7120265960693,359.87254233587356,1741607658301.4001,0.8545851252282127
1,1,block_2,2,Provo_ID2,1,1077713,1257085,1,gaze_data,1741607658362,572.8145599365234,347.56428673153835,1741607658333.9001,0.9042260538765219
1,1,block_2,2,Provo_ID2,1,1077713,1257085,1,gaze_data,1741607658401,566.2739753723145,311.36903036208383,1741607658367.4001,0.7123313656715881
1,1,block_2,2,Provo_ID2,1,1077713,1257085,1,gaze_data,1741607658434,555.3001880645752,330.71200983864924,1741607658400.7,0.8204399605700813
1,1,block_2,2,Provo_ID2,1,1077713,1257085,1,gaze_data,1741607658458,578.0521392822266,321.43156959897,1741607658434,0.7535765883369723
1,1,block_2,2,Provo_ID2,1,1077713,1257085,1,gaze_data,1741607658501,582.9363584518433,306.3360572996594,1741607658467.9001,0.7806612292983236
1,1,block_2,2,Provo_ID2,1,1077713,1257085,1,gaze_data,1741607658528,585.2106094360352,325.8668801898048,1741607658502.9001,0.7447211065716862
1,1,block_2,2,Provo_ID2,1,1077713,1257085,1,gaze_data,1741607658567,588.7738227844238,330.1508447102138,1741607658536.3,0.7894428275673139
1,1,block_2,2,Provo_ID2,1,1077713,1257085,1,gaze_data,1741607658601,591.7312622070312,336.56991436367946,1741607658566.7,0.7117400323838969
1,1,block_2,2,Provo_ID2,1,1077713,1257085,1,gaze_data,1741607658634,594.0910816192627,335.1607368105934,1741607658600.9001,0.766761756670398
1,1,block_2,2,Provo_ID2,1,1077713,1257085,1,gaze_data,1741607658661,598.1267690658569,337.362219946725,1741607658634.1,0.6987038011594996
1,1,block_2,2,Provo_ID2,1,1077713,1257085,1,gaze_data,1741607658695,606.1558961868286,341.0326137996855,1741607658669.3,0.6068855882125097
1,1,block_2,2,Provo_ID2,1,1077713,1257085,1,gaze_data,1741607658729,606.7933082580566,345.7636197408041,1741607658700.1,0.7591201856307165
1,1,block_2,2,Provo_ID2,1,1077713,1257085,1,gaze_data,1741607658764,601.0793209075928,344.80574925740564,1741607658734.5,0.7327071045483167
1,1,block_2,2,Provo_ID2,1,1077713,1257085,1,gaze_data,1741607658801,598.7272024154663,342.43019104003906,1741607658767.2,0.7917694765484419
1,1,block_2,2,Provo_ID2,1,1077713,1257085,1,gaze_data,1741607658834,610.1995706558228,350.2394821530297,1741607658801.1,0.7726792129337818
1,1,block_2,2,Provo_ID2,1,1077713,1257085,1,gaze_data,1741607658858,635.6909275054932,350.1657131740025,1741607658834.4001,0.7844179320852505
1,1,block_2,2,Provo_ID2,1,1077713,1257085,1,gaze_data,1741607658901,525.6140470504761,296.748370670137,1741607658867.6,0.7166312948667977
1,1,block_2,2,Provo_ID2,1,1077713,1257085,1,gaze_data,1741607658928,312.4813377857208,112.72219907669795,1741607658900.7,0.743885400671251
1,1,block_2,2,Provo_ID2,1,1077713,1257085,1,gaze_data,1741607658968,276.8308639526367,94.40497443789528,1741607658933.6,1
1,1,block_2,2,Provo_ID2,1,1077713,1257085,1,gaze_data,1741607658996,274.05123710632324,101.41451971871513,1741607658967.1,1
1,1,block_2,2,Provo_ID2,1,1077713,1257085,1,gaze_data,1741607659028,292.8973913192749,109.52617213839576,1741607659001.5,1
1,1,block_2,2,Provo_ID2,1,1077713,1257085,1,gaze_data,1741607659067,290.6834602355957,108.74585401444209,1741607659034.7,1
1,1,block_2,2,Provo_ID2,1,1077713,1257085,1,gaze_data,1741607659096,287.90786266326904,104.6703220549084,1741607659069.1,1
1,1,block_2,2,Provo_ID2,1,1077713,1257085,1,gaze_data,1741607659133,286.5609407424927,97.26554961431594,1741607659101.4001,1
1,1,block_2,2,Provo_ID2,1,1077713,1257085,1,gaze_data,1741607659168,279.2572498321533,96.36021841140021,1741607659133.8,1
1,1,block_2,2,Provo_ID2,1,1077713,1257085,1,gaze_data,1741607659198,279.1975736618042,98.27249617803665,1741607659168,1
1,1,block_2,2,Provo_ID2,1,1077713,1257085,1,gaze_data,1741607659234,284.60495471954346,102.20063799903507,1741607659202.3,1
1,1,block_2,2,Provo_ID2,1,1077713,1257085,1,gaze_data,1741607659262,236.8413209915161,87.93199993315197,1741607659234.9001,1
1,1,block_2,2,Provo_ID2,1,1077713,1257085,1,gaze_data,1741607659296,162.61930465698242,91.90046128772555,1741607659268.2,1
1,1,block_2,2,Provo_ID2,1,1077713,1257085,1,gaze_data,1741607659328,178.43375205993652,88.63536743890671,1741607659303.5,1
1,1,block_2,2,Provo_ID2,1,1077713,1257085,1,gaze_data,1741607659363,148.61648082733154,75.22605351039341,1741607659334.7,1
1,1,block_2,2,Provo_ID2,1,1077713,1257085,1,gaze_data,1741607659401,152.9658555984497,77.66262599400112,1741607659367.9001,1
1,1,block_2,2,Provo_ID2,1,1077713,1257085,1,gaze_data,1741607659434,157.54821300506592,87.14917591639927,1741607659402.1,1
1,1,block_2,2,Provo_ID2,1,1077713,1257085,1,gaze_data,1741607659467,202.05485820770264,99.57246326264881,1741607659434.6,1
1,1,block_2,2,Provo_ID2,1,1077713,1257085,1,gaze_data,1741607659491,411.78903952240944,89.08637183053153,1741607659467.6,1
1,1,block_2,2,Provo_ID2,1,1077713,1257085,1,gaze_data,1741607659534,423.175373673439,82.15000425066268,1741607659503.1,1
1,1,block_2,2,Provo_ID2,1,1077713,1257085,1,gaze_data,1741607659561,419.1903069615364,87.60296776181175,1741607659535,1
1,1,block_2,2,Provo_ID2,1,1077713,1257085,1,gaze_data,1741607659601,423.1538727879524,92.51372927711124,1741607659567.2,1
1,1,block_2,2,Provo_ID2,1,1077713,1257085,1,gaze_data,1741607659634,424.77110773324966,99.8679052080427,1741607659601.3,1
1,1,block_2,2,Provo_ID2,1,1077713,1257085,1,gaze_data,1741607659662,436.45510375499725,100.38347153436571,1741607659634.9001,1
1,1,block_2,2,Provo_ID2,1,1077713,1257085,1,gaze_data,1741607659701,443.4276431798935,103.62184524536133,1741607659667.3,1
1,1,block_2,2,Provo_ID2,1,1077713,1257085,1,gaze_data,1741607659732,449.88345205783844,102.2469829377674,1741607659702.2,1
1,1,block_2,2,Provo_ID2,1,1077713,1257085,1,gaze_data,1741607659766,368.22506189346313,88.85011400495257,1741607659734.4001,1
1,1,block_2,2,Provo_ID2,1,1077713,1257085,1,gaze_data,1741607659801,348.0432987213135,83.22337105160668,1741607659767.2,1
1,1,block_2,2,Provo_ID2,1,1077713,1257085,1,gaze_data,1741607659834,332.3614716529846,83.20284525553386,1741607659806.7,1
1,1,block_2,2,Provo_ID2,1,1077713,1257085,1,gaze_data,1741607659862,325.3377914428711,85.0391860235305,1741607659835.1,1
1,1,block_2,2,Provo_ID2,1,1077713,1257085,1,gaze_data,1741607659896,322.34145402908325,84.22043482462566,1741607659867.8,1
1,1,block_2,2,Provo_ID2,1,1077713,1257085,1,gaze_data,1741607659929,317.89857745170593,85.18086751302084,1741607659902.5,1
1,1,block_2,2,Provo_ID2,1,1077713,1257085,1,gaze_data,1741607659962,309.8216474056244,87.72187096732004,1741607659934.6,1
1,1,block_2,2,Provo_ID2,1,1077713,1257085,1,gaze_data,1741607659995,374.8995989561081,87.49025889805385,1741607659969.4001,1
1,1,block_2,2,Provo_ID2,1,1077713,1257085,1,gaze_data,1741607660033,482.50906467437744,97.39785512288412,1741607660001.7,1
1,1,block_2,2,Provo_ID2,1,1077713,1257085,1,gaze_data,1741607660061,477.6167333126068,99.6693483988444,1741607660034,1
1,1,block_2,2,Provo_ID2,1,1077713,1257085,1,gaze_data,1741607660095,484.7622752189636,100.7915378752209,1741607660067.4001,1
1,1,block_2,2,Provo_ID2,1,1077713,1257085,1,gaze_data,1741607660127,491.71480536460876,100.28760001772926,1741607660100.6,1
1,1,block_2,2,Provo_ID2,1,1077713,1257085,1,gaze_data,1741607660165,501.9657492637634,101.18828546433222,1741607660134.5,1
1,1,block_2,2,Provo_ID2,1,1077713,1257085,1,gaze_data,1741607660200,505.5449604988098,103.69809196108864,1741607660167.9001,1
1,1,block_2,2,Provo_ID2,1,1077713,1257085,1,gaze_data,1741607660227,497.026789188385,107.1682677950178,1741607660200.8,1
1,1,block_2,2,Provo_ID2,1,1077713,1257085,1,gaze_data,1741607660257,576.2954235076904,96.69003895350865,1741607660236.8,1
1,1,block_2,2,Provo_ID2,1,1077713,1257085,1,gaze_data,1741607660297,603.6787986755371,91.52598517281669,1741607660269.6,1
1,1,block_2,2,Provo_ID2,1,1077713,1257085,1,gaze_data,1741607660332,609.4080686569214,90.16021728515625,1741607660302.2,1
1,1,block_2,2,Provo_ID2,1,1077713,1257085,1,gaze_data,1741607660361,619.9049949645996,96.51324680873326,1741607660334.5,1
1,1,block_2,2,Provo_ID2,1,1077713,1257085,1,gaze_data,1741607660400,616.0351276397705,94.48420570010231,1741607660367.5,1
1,1,block_2,2,Provo_ID2,1,1077713,1257085,1,gaze_data,1741607660428,372.46955931186676,103.84506679716564,1741607660400.5,1
1,1,block_2,2,Provo_ID2,1,1077713,1257085,1,gaze_data,1741607660463,145.79672813415527,132.36637138185048,1741607660435.3,1
1,1,block_2,2,Provo_ID2,1,1077713,1257085,1,gaze_data,1741607660498,177.78255939483643,131.59320490700858,1741607660469.1,1
1,1,block_2,2,Provo_ID2,1,1077713,1257085,1,gaze_data,1741607660532,190.85183143615723,128.24842929840088,1741607660501.5,1
1,1,block_2,2,Provo_ID2,1,1077713,1257085,1,gaze_data,1741607660561,180.93397617340088,127.19413825443813,1741607660534.6,1
1,1,block_2,2,Provo_ID2,1,1077713,1257085,1,gaze_data,1741607660599,194.7382926940918,130.59614113398962,1741607660568.4001,1
1,1,block_2,2,Provo_ID2,1,1077713,1257085,1,gaze_data,1741607660630,183.90727043151855,135.96753642672584,1741607660602.5,1
1,1,block_2,2,Provo_ID2,1,1077713,1257085,1,gaze_data,1741607660663,200.85206031799316,137.56866114480155,1741607660634.8,1
1,1,block_2,2,Provo_ID2,1,1077713,1257085,1,gaze_data,1741607660696,191.63706302642822,146.05030582064674,1741607660669.8,1
1,1,block_2,2,Provo_ID2,1,1077713,1257085,1,gaze_data,1741607660732,185.34748554229736,133.64816370464507,1741607660702,1
1,1,block_2,2,Provo_ID2,1,1077713,1257085,1,gaze_data,1741607660760,289.0420436859131,206.74743584224157,1741607660735.3,1
1,1,block_2,2,Provo_ID2,1,1077713,1257085,1,gaze_data,1741607660800,251.7763614654541,167.88488887605214,1741607660768.4001,1
1,1,block_2,2,Provo_ID2,1,1077713,1257085,1,gaze_data,1741607660829,257.94739723205566,178.34398564838227,1741607660801.6,1
1,1,block_2,2,Provo_ID2,1,1077713,1257085,1,gaze_data,1741607660862,254.01911735534668,160.02913316090903,1741607660834.9001,1
1,1,block_2,2,Provo_ID2,1,1077713,1257085,1,gaze_data,1741607660898,262.54141330718994,167.36182598840622,1741607660868.6,1
1,1,block_2,2,Provo_ID2,1,1077713,1257085,1,gaze_data,1741607660932,270.68469524383545,175.8236346926008,1741607660901.7,1
1,1,block_2,2,Provo_ID2,1,1077713,1257085,1,gaze_data,1741607660967,398.27670007944107,192.69557862054734,1741607660935.2,1
1,1,block_2,2,Provo_ID2,1,1077713,1257085,1,gaze_data,1741607660996,398.9563874900341,174.55518132164366,1741607660967.4001,1
1,1,block_2,2,Provo_ID2,1,1077713,1257085,1,gaze_data,1741607661033,385.7738435268402,157.3065369469779,1741607661002.4001,1
1,1,block_2,2,Provo_ID2,1,1077713,1257085,1,gaze_data,1741607661062,388.52665573358536,156.0725888751802,1741607661036.2,1
1,1,block_2,2,Provo_ID2,1,1077713,1257085,1,gaze_data,1741607661096,387.1013045310974,151.67818205697196,1741607661069.8,1
1,1,block_2,2,Provo_ID2,1,1077713,1257085,1,gaze_data,1741607661126,387.7696633338928,151.41996951330276,1741607661102.5,1
1,1,block_2,2,Provo_ID2,1,1077713,1257085,1,gaze_data,1741607661161,334.6283733844757,184.3822159085955,1741607661135.2,1
1,1,block_2,2,Provo_ID2,1,1077713,1257085,1,gaze_data,1741607661198,280.00028133392334,266.1221865245274,1741607661168.2,1
1,1,block_2,2,Provo_ID2,1,1077713,1257085,1,gaze_data,1741607661228,287.7182960510254,252.91220897719975,1741607661202.2,1
1,1,block_2,2,Provo_ID2,1,1077713,1257085,1,gaze_data,1741607661263,285.22589206695557,255.15453429449173,1741607661235.2,1
1,1,block_2,2,Provo_ID2,1,1077713,1257085,1,gaze_data,1741607661298,280.1783800125122,246.29001946676345,1741607661270.1,1
1,1,block_2,2,Provo_ID2,1,1077713,1257085,1,gaze_data,1741607661332,281.81750774383545,239.33514805067153,1741607661302.1,1
1,1,block_2,2,Provo_ID2,1,1077713,1257085,1,gaze_data,1741607661361,288.5455369949341,245.99627568608238,1741607661335.1,1
1,1,block_2,2,Provo_ID2,1,1077713,1257085,1,gaze_data,1741607661400,293.56868267059326,249.7694269816081,1741607661368.5,1
1,1,block_2,2,Provo_ID2,1,1077713,1257085,1,gaze_data,1741607661431,390.7819077372551,266.0516132627215,1741607661401.8,1
1,1,block_2,2,Provo_ID2,1,1077713,1257085,1,gaze_data,1741607661464,470.28404474258423,270.33073493412564,1741607661436,0.9447387060317808
1,1,block_2,2,Provo_ID2,1,1077713,1257085,1,gaze_data,1741607661496,467.7405536174774,259.1143270901271,1741607661471,0.9096255664939465
1,1,block_2,2,Provo_ID2,1,1077713,1257085,1,gaze_data,1741607661533,469.69175934791565,256.8398598262242,1741607661502.6,0.9604788590890325
1,1,block_2,2,Provo_ID2,1,1077713,1257085,1,gaze_data,1741607661563,468.87593269348145,263.86326846622285,1741607661536.6,0.9217729849704006
1,1,block_2,2,Provo_ID2,1,1077713,1257085,1,gaze_data,1741607661597,488.3611559867859,263.66735833031794,1741607661568.1,0.8861592857597205
1,1,block_2,2,Provo_ID2,1,1077713,1257085,1,gaze_data,1741607661625,594.5702314376831,234.30662013235548,1741607661601.7,0.8650657476597114
1,1,block_2,2,Provo_ID2,1,1077713,1257085,1,gaze_data,1741607661661,586.18323802948,254.14971175647918,1741607661634.7,0.7527973775922544
1,1,block_2,2,Provo_ID2,1,1077713,1257085,1,gaze_data,1741607661696,586.3620758056641,256.200202533177,1741607661670.6,0.7204686008189166
1,1,block_2,2,Provo_ID2,1,1077713,1257085,1,gaze_data,1741607661724,580.4324388504028,249.57982909111752,1741607661704,0.6736583591574404
1,1,block_2,2,Provo_ID2,1,1077713,1257085,1,gaze_data,1741607661764,582.7211380004883,251.0478352932703,1741607661735,0.6774116883517968
1,1,block_2,2,Provo_ID2,1,1077713,1257085,1,gaze_data,1741607661790,405.8343455195427,209.5124844142369,1741607661767.8,0.7932160317539065
1,1,block_2,2,Provo_ID2,1,1077713,1257085,1,gaze_data,1741607661832,406.5016433596611,179.0959576198033,1741607661802.1,0.7970704513218072
1,1,block_2,2,Provo_ID2,1,1077713,1257085,1,gaze_data,1741607661861,401.40636935830116,175.38394201369513,1741607661835.1,0.838681030208482
1,1,block_2,2,Provo_ID2,1,1077713,1257085,1,gaze_data,1741607661900,401.8010213971138,182.05138365427655,1741607661870.2,0.9048601507498258
1,1,block_2,2,Provo_ID2,1,1077713,1257085,1,gaze_data,1741607661936,407.2241358458996,179.973597299485,1741607661907.7,0.906102143325791
1,1,block_2,2,Provo_ID2,1,1077713,1257085,1,gaze_data,1741607661966,351.67333483695984,193.91565981365386,1741607661937.3,0.906102143325791
1,1,block_2,2,Provo_ID2,1,1077713,1257085,1,gaze_data,1741607661998,196.10159397125244,347.2439829508464,1741607661969.6,0.8594084110943419
1,1,block_2,2,Provo_ID2,1,1077713,1257085,1,gaze_data,1741607662025,224.7135877609253,353.6238170805432,1741607662002.5,0.6455625694751481
1,1,block_2,2,Provo_ID2,1,1077713,1257085,1,gaze_data,1741607662065,225.23951530456543,350.39039884294783,1741607662036.3,0.560787379304999
1,1,block_2,2,Provo_ID2,1,1077713,1257085,1,gaze_data,1741607662096,226.61080360412598,347.2261882963635,1741607662068.6,0.6165643998431404
1,1,block_2,2,Provo_ID2,1,1077713,1257085,1,gaze_data,1741607662134,233.44495296478271,349.50486137753444,1741607662103,0.6221693858453219
1,1,block_2,2,Provo_ID2,1,1077713,1257085,1,gaze_data,1741607662163,234.26108360290527,347.9278382800874,1741607662135.5,0.641352755045951
1,1,block_2,2,Provo_ID2,1,1077713,1257085,1,gaze_data,1741607662192,239.5545244216919,346.8230774289086,1741607662169.2,0.5991701676431547
1,1,block_2,2,Provo_ID2,1,1077713,1257085,1,gaze_data,1741607662232,315.68310260772705,379.54192842756,1741607662202.1,0.6400462773188378
1,1,block_2,2,Provo_ID2,1,1077713,1257085,1,gaze_data,1741607662258,346.8253552913666,358.2279586791992,1741607662235.7,0.5986836921864387
1,1,block_2,2,Provo_ID2,1,1077713,1257085,1,gaze_data,1741607662298,352.6270091533661,348.75833057221917,1741607662269.7,0.6339527673218005
1,1,block_2,2,Provo_ID2,1,1077713,1257085,1,gaze_data,1741607662330,356.5623939037323,341.5690015611195,1741607662301.7,0.5440273737893819
1,1,block_2,2,Provo_ID2,1,1077713,1257085,1,gaze_data,1741607662357,356.5307080745697,338.7894174030849,1741607662335.8,0.5522873266547583
1,1,block_2,2,Provo_ID2,1,1077713,1257085,1,gaze_data,1741607662399,358.66236090660095,340.89229084196546,1741607662369.1,0.5538797929116196
1,1,block_2,2,Provo_ID2,1,1077713,1257085,1,gaze_data,1741607662428,501.39867067337036,307.8393818083264,1741607662403.8,0.5629168220250924
1,1,block_2,2,Provo_ID2,1,1077713,1257085,1,gaze_data,1741607662462,532.7091932296753,292.47758320399697,1741607662437.7,0.30648429733066185
1,1,block_2,2,Provo_ID2,1,1077713,1257085,1,gaze_data,1741607662497,557.2937488555908,281.182215100243,1741607662475.4001,0.30918315569297117
1,1,block_2,2,Provo_ID2,1,1077713,1257085,1,gaze_data,1741607662524,556.7147493362427,279.1483205840701,1741607662503.1,0.29772605917717704
1,1,block_2,2,Provo_ID2,1,1077713,1257085,1,gaze_data,1741607662565,562.2608661651611,282.8106653122675,1741607662536.5,0.4032100212716529
1,1,block_2,2,Provo_ID2,1,1077713,1257085,1,gaze_data,1741607662598,579.4529438018799,414.33180127825057,1741607662569.2,0.4256635798684966
1,1,block_2,2,Provo_ID2,1,1077713,1257085,1,gaze_data,1741607662631,399.37930777668953,200.22515296936035,1741607662602.6,0
1,1,block_2,2,Provo_ID2,1,1077713,1257085,1,gaze_data,1741607662661,336.02340817451477,221.5188080923898,1741607662635.5,0
1,1,block_2,2,Provo_ID2,1,1077713,1257085,1,gaze_data,1741607662691,270.08540630340576,163.6483533041818,1741607662671,0
1,1,block_2,2,Provo_ID2,1,1077713,1257085,1,gaze_data,1741607662726,208.7545394897461,227.99167877151854,1741607662703,0
1,1,block_2,2,Provo_ID2,1,1077713,1257085,1,gaze_data,1741607662764,203.95159721374512,130.6801448549543,1741607662736.9001,0.025145736832988982
1,1,block_2,2,Provo_ID2,1,1077713,1257085,1,gaze_data,1741607662793,211.04989051818848,113.99216583796911,1741607662769.4001,0.4832128832249929
1,1,block_2,2,Provo_ID2,1,1077713,1257085,1,gaze_data,1741607662830,221.85275554656982,76.75284612746466,1741607662802.9001,0.7202798027183439
1,1,block_2,2,Provo_ID2,1,1077713,1257085,1,gaze_data,1741607662861,208.58919620513916,63.724822089785626,1741607662835.8,0.9171612430345553
1,1,block_2,2,Provo_ID2,1,1077713,1257085,1,gaze_data,1741607662894,205.3269386291504,62.17525118873233,1741607662871.1,1
1,1,block_2,2,Provo_ID2,1,1077713,1257085,1,gaze_data,1741607662932,193.45276355743408,45.28609684535436,1741607662902.8,1
1,1,block_2,2,Provo_ID2,1,1077713,1257085,1,gaze_data,1741607662965,194.78869438171387,52.750109717959454,1741607662937.2,1
1,1,block_2,2,Provo_ID2,1,1077713,1257085,1,gaze_data,1741607662997,188.0659818649292,50.5990963890439,1741607662970,1
1,1,block_2,2,Provo_ID2,1,1077713,1257085,1,gaze_data,1741607663031,191.38944149017334,52.48344330560594,1741607663002.4001,1
1,1,block_2,2,Provo_ID2,1,1077713,1257085,1,gaze_data,1741607663061,192.14470386505127,52.86743618193127,1741607663036.1,1
1,1,block_2,2,Provo_ID2,1,1077713,1257085,1,gaze_data,1741607663095,196.55709266662598,55.849448612758096,1741607663069.8,1
1,1,block_2,2,Provo_ID2,1,1077713,1257085,1,gaze_data,1741607663130,196.12672328948975,56.78344272431873,1741607663104,1
1,1,block_2,2,Provo_ID2,1,1077713,1257085,1,gaze_data,1741607663165,256.7736864089966,88.90487761724563,1741607663136,1
1,1,block_2,2,Provo_ID2,1,1077713,1257085,1,gaze_data,1741607663198,349.74913001060486,89.63938576834543,1741607663169.3,1
1,1,block_2,2,Provo_ID2,1,1077713,1257085,1,gaze_data,1741607663230,349.33971762657166,86.62516276041667,1741607663203.8,1
1,1,block_2,2,Provo_ID2,1,1077713,1257085,1,gaze_data,1741607663265,345.4126536846161,84.59530512491862,1741607663236,1
1,1,block_2,2,Provo_ID2,1,1077713,1257085,1,gaze_data,1741607663296,343.22001934051514,79.69715754191081,1741607663271,1
1,1,block_2,2,Provo_ID2,1,1077713,1257085,1,gaze_data,1741607663328,343.68980526924133,80.30870800926573,1741607663305.4001,1
1,1,block_2,2,Provo_ID2,1,1077713,1257085,1,gaze_data,1741607663359,342.7594840526581,80.04243578229632,1741607663341.7,1
1,1,block_2,2,Provo_ID2,1,1077713,1257085,1,gaze_data,1741607663399,341.56771302223206,78.38482992989677,1741607663370.1,1
1,1,block_2,2,Provo_ID2,1,1077713,1257085,1,gaze_data,1741607663433,340.1576280593872,78.3135105314709,1741607663402.8,1
1,1,block_2,2,Provo_ID2,1,1077713,1257085,1,gaze_data,1741607663466,340.7893717288971,77.17116128830683,1741607663436.1,1
1,1,block_2,2,Provo_ID2,1,1077713,1257085,1,gaze_data,1741607663498,243.99960041046143,59.25385883876256,1741607663469.2,1
1,1,block_2,2,Provo_ID2,1,1077713,1257085,1,gaze_data,1741607663533,185.91790199279785,57.98942475091844,1741607663507.4001,1
1,1,block_2,2,Provo_ID2,1,1077713,1257085,1,gaze_data,1741607663563,193.84450912475586,63.75202088128953,1741607663537.2,1
1,1,block_2,2,Provo_ID2,1,1077713,1257085,1,gaze_data,1741607663597,195.2538251876831,65.02273377918063,1741607663570.6,1
1,1,block_2,2,Provo_ID2,1,1077713,1257085,1,gaze_data,1741607663632,202.89640426635742,74.7163436526344,1741607663603.7,1
1,1,block_2,2,Provo_ID2,1,1077713,1257085,1,gaze_data,1741607663667,194.51820850372314,67.78394608270554,1741607663636.8,1
1,1,block_2,2,Provo_ID2,1,1077713,1257085,1,gaze_data,1741607663701,196.7202663421631,73.65584418887184,1741607663669.5,1
1,1,block_2,2,Provo_ID2,1,1077713,1257085,1,gaze_data,1741607663723,350.4703223705292,102.01182320004418,1741607663703,1
1,1,block_2,2,Provo_ID2,1,1077713,1257085,1,gaze_data,1741607663768,534.3681573867798,87.6098378499349,1741607663736.1,1
1,1,block_2,2,Provo_ID2,1,1077713,1257085,1,gaze_data,1741607663799,517.7923679351807,98.35116431826637,1741607663769.5,1
1,1,block_2,2,Provo_ID2,1,1077713,1257085,1,gaze_data,1741607663834,516.926121711731,93.31310907999675,1741607663802.9001,1
1,1,block_2,2,Provo_ID2,1,1077713,1257085,1,gaze_data,1741607663865,523.3396530151367,92.65771956670852,1741607663837,1
1,1,block_2,2,Provo_ID2,1,1077713,1257085,1,gaze_data,1741607663894,528.6513328552246,96.79438545590355,1741607663870.1,1
1,1,block_2,2,Provo_ID2,1,1077713,1257085,1,gaze_data,1741607663932,528.1352519989014,96.08378183274043,1741607663902.9001,1
1,1,block_2,2,Provo_ID2,1,1077713,1257085,1,gaze_data,1741607663965,529.259204864502,92.74187814621699,1741607663936.9001,1
1,1,block_2,2,Provo_ID2,1,1077713,1257085,1,gaze_data,1741607663990,534.6039533615112,94.47066261654808,1741607663972.2,1
1,1,block_2,2,Provo_ID2,1,1077713,1257085,1,gaze_data,1741607664033,540.2917623519897,97.13194892519996,1741607664003.1,1
1,1,block_2,2,Provo_ID2,1,1077713,1257085,1,gaze_data,1741607664065,542.6772117614746,101.28393173217773,1741607664036,1
1,1,block_2,2,Provo_ID2,1,1077713,1257085,1,gaze_data,1741607664094,539.3183708190918,100.12266159057617,1741607664070,1
1,1,block_2,2,Provo_ID2,1,1077713,1257085,1,gaze_data,1741607664134,555.9399366378784,97.66077677408855,1741607664102.7,1
1,1,block_2,2,Provo_ID2,1,1077713,1257085,1,gaze_data,1741607664163,567.3508882522583,94.23102605910529,1741607664136.1,1
1,1,block_2,2,Provo_ID2,1,1077713,1257085,1,gaze_data,1741607664191,571.7004776000977,92.53386088779995,1741607664169.8,1
1,1,block_2,2,Provo_ID2,1,1077713,1257085,1,gaze_data,1741607664232,574.4268417358398,92.48852956862677,1741607664203.1,1
1,1,block_2,2,Provo_ID2,1,1077713,1257085,1,gaze_data,1741607664265,576.2573957443237,88.35802986508324,1741607664236.2,1
1,1,block_2,2,Provo_ID2,1,1077713,1257085,1,gaze_data,1741607664293,491.63493514060974,97.98167183285668,1741607664269.8,1
1,1,block_2,2,Provo_ID2,1,1077713,1257085,1,gaze_data,1741607664332,172.97909259796143,107.82928852807909,1741607664304,1
1,1,block_2,2,Provo_ID2,1,1077713,1257085,1,gaze_data,1741607664365,210.50689220428467,93.32724344162715,1741607664337,1
1,1,block_2,2,Provo_ID2,1,1077713,1257085,1,gaze_data,1741607664390,204.36477661132812,96.4640862601144,1741607664369.9001,1
1,1,block_2,2,Provo_ID2,1,1077713,1257085,1,gaze_data,1741607664433,205.7199001312256,103.2313483101981,1741607664403.4001,1
1,1,block_2,2,Provo_ID2,1,1077713,1257085,1,gaze_data,1741607664460,205.88133335113525,104.9408176967076,1741607664436.2,1
1,1,block_2,2,Provo_ID2,1,1077713,1257085,1,gaze_data,1741607664499,202.12762355804443,103.12739599318732,1741607664469.5,1
1,1,block_2,2,Provo_ID2,1,1077713,1257085,1,gaze_data,1741607664532,309.7193717956543,147.56815183730353,1741607664503.1,1
1,1,block_2,2,Provo_ID2,1,1077713,1257085,1,gaze_data,1741607664562,299.5684623718262,132.01565901438397,1741607664537.8,1
1,1,block_2,2,Provo_ID2,1,1077713,1257085,1,gaze_data,1741607664595,302.5653660297394,131.58329396020798,1741607664571.5,1
1,1,block_2,2,Provo_ID2,1,1077713,1257085,1,gaze_data,1741607664632,311.15328073501587,132.63444559914726,1741607664609,1
1,1,block_2,2,Provo_ID2,1,1077713,1257085,1,gaze_data,1741607664668,309.70972776412964,131.24839124225434,1741607664637.5,1
1,1,block_2,2,Provo_ID2,1,1077713,1257085,1,gaze_data,1741607664695,305.43498396873474,132.09508736928305,1741607664670.5,1
1,1,block_2,2,Provo_ID2,1,1077713,1257085,1,gaze_data,1741607664731,361.5991175174713,153.24851104191373,1741607664704,1
1,1,block_2,2,Provo_ID2,1,1077713,1257085,1,gaze_data,1741607664765,389.05712962150574,156.52910482315792,1741607664737.1,1
1,1,block_2,2,Provo_ID2,1,1077713,1257085,1,gaze_data,1741607664797,373.06762635707855,147.35687551044282,1741607664770,1
1,1,block_2,2,Provo_ID2,1,1077713,1257085,1,gaze_data,1741607664828,376.98807418346405,145.85738023122153,1741607664803.7,1
1,1,block_2,2,Provo_ID2,1,1077713,1257085,1,gaze_data,1741607664868,381.44857585430145,148.16211178189232,1741607664839.1,1
1,1,block_2,2,Provo_ID2,1,1077713,1257085,1,gaze_data,1741607664894,387.36786246299744,153.32259677705312,1741607664872.2,1
1,1,block_2,2,Provo_ID2,1,1077713,1257085,1,gaze_data,1741607664925,393.8659682869911,159.55612477802094,1741607664904.8,1
1,1,block_2,2,Provo_ID2,1,1077713,1257085,1,gaze_data,1741607664966,389.10575807094574,159.26875659397672,1741607664938.6,0.9769905066145732
1,1,block_2,2,Provo_ID2,1,1077713,1257085,1,gaze_data,1741607664996,391.90084487199783,159.69197795504616,1741607664970.7,0.993656902468615
1,1,block_2,2,Provo_ID2,1,1077713,1257085,1,gaze_data,1741607665034,394.03124302625656,159.4171533130464,1741607665003.2,1
1,1,block_2,2,Provo_ID2,1,1077713,1257085,1,gaze_data,1741607665062,393.86376589536667,158.18742865607854,1741607665037.7,0.9942926306199986
1,1,block_2,2,Provo_ID2,1,1077713,1257085,1,gaze_data,1741607665096,394.18163150548935,163.31477392287482,1741607665072.5,1
1,1,block_2,2,Provo_ID2,1,1077713,1257085,1,gaze_data,1741607665125,397.15708643198013,164.44116569700697,1741607665104.8,0.9341829958740511
1,1,block_2,2,Provo_ID2,1,1077713,1257085,1,gaze_data,1741607665162,403.6588679999113,179.1895273753575,1741607665137.3,1
1,1,block_2,2,Provo_ID2,1,1077713,1257085,1,gaze_data,1741607665200,404.2558666318655,177.74355684007918,1741607665170.7,1
1,1,block_2,2,Provo_ID2,1,1077713,1257085,1,gaze_data,1741607665234,401.5634745359421,173.73463517143614,1741607665203.7,0.953759166198989
1,1,block_2,2,Provo_ID2,1,1077713,1257085,1,gaze_data,1741607665262,397.13706746697426,172.244614419483,1741607665237.2,0.9834217595847976
1,1,block_2,2,Provo_ID2,1,1077713,1257085,1,gaze_data,1741607665300,401.629675924778,178.80820932842437,1741607665270,1
1,1,block_2,2,Provo_ID2,1,1077713,1257085,1,gaze_data,1741607665329,605.1758766174316,153.10906796228318,1741607665304,0.9777242002274034
1,1,block_2,2,Provo_ID2,1,1077713,1257085,1,gaze_data,1741607665367,591.9926404953003,164.19384956359863,1741607665336.8,0.7966884001152138
1,1,block_2,2,Provo_ID2,1,1077713,1257085,1,gaze_data,1741607665396,595.9280967712402,169.53487850370863,1741607665370.7,0.8657747429819063
1,1,block_2,2,Provo_ID2,1,1077713,1257085,1,gaze_data,1741607665436,594.2003011703491,166.32747650146484,1741607665405.8,0.7534556667560439
1,1,block_2,2,Provo_ID2,1,1077713,1257085,1,gaze_data,1741607665464,600.3382682800293,165.1562954130627,1741607665439.1,0.8223910422232588
1,1,block_2,2,Provo_ID2,1,1077713,1257085,1,gaze_data,1741607665501,289.3125057220459,245.48841885157995,1741607665471.4001,0.8070530539797915
1,1,block_2,2,Provo_ID2,1,1077713,1257085,1,gaze_data,1741607665528,199.3257999420166,196.16032032739548,1741607665504.3,0.8953267129267166
1,1,block_2,2,Provo_ID2,1,1077713,1257085,1,gaze_data,1741607665568,216.79792404174805,206.26111314410255,1741607665537.8,0.890952845872607
1,1,block_2,2,Provo_ID2,1,1077713,1257085,1,gaze_data,1741607665595,215.62862396240234,201.88683441707067,1741607665570.8,0.8652185999731199
1,1,block_2,2,Provo_ID2,1,1077713,1257085,1,gaze_data,1741607665633,214.9073362350464,200.4106911023458,1741607665604.9001,0.7984130081672853
1,1,block_2,2,Provo_ID2,1,1077713,1257085,1,gaze_data,1741607665667,213.73939514160156,204.89249797094436,1741607665637.3,0.8144343820481375
1,1,block_2,2,Provo_ID2,1,1077713,1257085,1,gaze_data,1741607665695,210.72418689727783,205.28921388444448,1741607665670.5,0.8192214771055027
1,1,block_2,2,Provo_ID2,1,1077713,1257085,1,gaze_data,1741607665733,212.01989650726318,204.81064819154287,1741607665703.6,0.8421544156259418
1,1,block_2,2,Provo_ID2,1,1077713,1257085,1,gaze_data,1741607665762,334.57027673721313,262.15872287750244,1741607665737.4001,0.8275158488612263
1,1,block_2,2,Provo_ID2,1,1077713,1257085,1,gaze_data,1741607665791,400.84366649389267,293.27346461159846,1741607665773.2,0.8424907534599242
1,1,block_2,2,Provo_ID2,1,1077713,1257085,1,gaze_data,1741607665833,401.33419930934906,280.08268072491603,1741607665803.9001,0.9272698874216738
1,1,block_2,2,Provo_ID2,1,1077713,1257085,1,gaze_data,1741607665866,396.2805286049843,272.5524658248538,1741607665838.9001,0.8232633178054392
1,1,block_2,2,Provo_ID2,1,1077713,1257085,1,gaze_data,1741607665896,401.23210921883583,268.74890770230974,1741607665870.5,0.8556439247653036
1,1,block_2,2,Provo_ID2,1,1077713,1257085,1,gaze_data,1741607665936,406.3340649008751,270.1728214536395,1741607665903.8,0.8213533083043449
1,1,block_2,2,Provo_ID2,1,1077713,1257085,1,gaze_data,1741607665967,411.2646110355854,269.38157876332605,1741607665937.1,0.8075356392748902
1,1,block_2,2,Provo_ID2,1,1077713,1257085,1,gaze_data,1741607665995,381.7736476659775,263.97748720078243,1741607665972.1,0.7950391532270926
1,1,block_2,2,Provo_ID2,1,1077713,1257085,1,gaze_data,1741607666029,206.13350868225098,242.3071122737158,1741607666003.9001,0.7514572168699437
1,1,block_2,2,Provo_ID2,1,1077713,1257085,1,gaze_data,1741607666062,215.45140743255615,249.1764841760908,1741607666039.5,0.7521928918711791
1,1,block_2,2,Provo_ID2,1,1077713,1257085,1,gaze_data,1741607666101,229.1990041732788,252.7491270928156,1741607666071.2,0.4326895086105141
1,1,block_2,2,Provo_ID2,1,1077713,1257085,1,gaze_data,1741607666134,231.64494037628174,261.3797984804426,1741607666104.1,0.5945310322612644
1,1,block_2,2,Provo_ID2,1,1077713,1257085,1,gaze_data,1741607666162,232.3026418685913,255.19327356701805,1741607666137,0.46516980895802246
1,1,block_2,2,Provo_ID2,1,1077713,1257085,1,gaze_data,1741607666195,193.80145072937012,261.597409929548,1741607666170.7,0.5789819690700584
1,1,block_2,2,Provo_ID2,1,1077713,1257085,1,gaze_data,1741607666233,182.2765350341797,259.0469284284683,1741607666204.9001,0.5877227580409984
1,1,block_2,2,Provo_ID2,1,1077713,1257085,1,gaze_data,1741607666258,178.9229154586792,259.0573919387091,1741607666238.1,0.6471877407607239
1,1,block_2,2,Provo_ID2,1,1077713,1257085,1,gaze_data,1741607666306,169.24691200256348,256.0369886670794,1741607666271.4001,0.6397804781084298
1,1,block_2,2,Provo_ID2,1,1077713,1257085,1,gaze_data,1741607666332,159.89575386047363,249.24750793547858,1741607666304.3,0.5522933149825743
1,1,block_2,2,Provo_ID2,1,1077713,1257085,1,gaze_data,1741607666361,157.66451358795166,253.07582230794998,1741607666337.9001,0.5667264700599647
1,1,block_2,2,Provo_ID2,1,1077713,1257085,1,gaze_data,1741607666398,161.6356611251831,250.3117310433161,1741607666370.4001,0.5852595519832722
1,1,block_2,2,Provo_ID2,1,1077713,1257085,1,gaze_data,1741607666429,164.57488536834717,251.9491982460022,1741607666404.5,0.5257275350652673
1,1,block_2,2,Provo_ID2,1,1077713,1257085,1,gaze_data,1741607666456,328.7906587123871,313.6718050638835,1741607666439.7,0.5655009643494046
1,1,block_2,2,Provo_ID2,1,1077713,1257085,1,gaze_data,1741607666499,327.10427045822144,288.9626321338472,1741607666471.4001,0.6428061500971645
1,1,block_2,2,Provo_ID2,1,1077713,1257085,1,gaze_data,1741607666534,336.6209328174591,283.1837336222331,1741607666505.2,0.6249972480020677
1,1,block_2,2,Provo_ID2,1,1077713,1257085,1,gaze_data,1741607666562,341.20558500289917,282.3767023994809,1741607666538.4001,0.6294131710073533
1,1,block_2,2,Provo_ID2,1,1077713,1257085,1,gaze_data,1741607666600,346.0857033729553,282.98619043259396,1741607666570.4001,0.6719137628327823
1,1,block_2,2,Provo_ID2,1,1077713,1257085,1,gaze_data,1741607666629,364.58917260169983,290.8537294751122,1741607666604.1,0.6811991858654493
1,1,block_2,2,Provo_ID2,1,1077713,1257085,1,gaze_data,1741607666663,464.2466127872467,259.4157275699434,1741607666640,0.6154059469302651
1,1,block_2,2,Provo_ID2,1,1077713,1257085,1,gaze_data,1741607666700,466.11103415489197,266.8694599469503,1741607666672,0.6406342526145458
1,1,block_2,2,Provo_ID2,1,1077713,1257085,1,gaze_data,1741607666727,472.30565547943115,263.6480714025952,1741607666704.3,0.6087891641031133
1,1,block_2,2,Provo_ID2,1,1077713,1257085,1,gaze_data,1741607666766,476.4924645423889,262.5435463587443,1741607666737.7,0.6822573409743782
1,1,block_2,2,Provo_ID2,1,1077713,1257085,1,gaze_data,1741607666799,483.042848110199,265.67349445252194,1741607666771.2,0.7492255814385268
1,1,block_2,2,Provo_ID2,1,1077713,1257085,1,gaze_data,1741607666834,477.43576169013977,266.8677318663824,1741607666804.3,0.7233398705463027
1,1,block_2,2,Provo_ID2,1,1077713,1257085,1,gaze_data,1741607666855,538.2830858230591,275.95603488740466,1741607666838.8,0.7096261572449224
1,1,block_2,2,Provo_ID2,1,1077713,1257085,1,gaze_data,1741607666892,572.604513168335,239.35354630152386,1741607666872.1,0.7224658265700761
1,1,block_2,2,Provo_ID2,1,1077713,1257085,1,gaze_data,1741607666932,572.005558013916,262.52494221641905,1741607666904.7,0.6284523108184591
1,1,block_2,2,Provo_ID2,1,1077713,1257085,1,gaze_data,1741607666964,562.870979309082,251.67493672597976,1741607666938,0.5904322685921588
1,1,block_2,2,Provo_ID2,1,1077713,1257085,1,gaze_data,1741607666999,561.6839170455933,259.4858010609945,1741607666971.1,0.5408191059579961
1,1,block_2,2,Provo_ID2,1,1077713,1257085,1,gaze_data,1741607667028,328.75208854675293,266.0017206555321,1741607667004.7,0.6081856990625638
1,1,block_2,2,Provo_ID2,1,1077713,1257085,1,gaze_data,1741607667057,165.41273593902588,302.9248684928531,1741607667037.2,0.502072650767433
1,1,block_2,2,Provo_ID2,1,1077713,1257085,1,gaze_data,1741607667099,200.4479169845581,330.7239409855434,1741607667071.3,0.33121274406212914
1,1,block_2,2,Provo_ID2,1,1077713,1257085,1,gaze_data,1741607667139,192.33791828155518,337.2387343361264,1741607667106.4001,0.39678547892520755
1,1,block_2,2,Provo_ID2,1,1077713,1257085,1,gaze_data,1741607667161,191.43178462982178,334.3275344939459,1741607667138.6,0.30950494274374996
1,1,block_2,2,Provo_ID2,1,1077713,1257085,1,gaze_data,1741607667201,186.39237880706787,325.22789160410565,1741607667171.1,0.4637147413271923
1,1,block_2,2,Provo_ID2,1,1077713,1257085,1,gaze_data,1741607667230,180.6678295135498,325.9065169379825,1741607667205.4001,0.35886365807622633
1,1,block_2,2,Provo_ID2,1,1077713,1257085,1,gaze_data,1741607667262,173.49543571472168,327.34425181434267,1741607667238.6,0.4239306419963948
1,1,block_2,2,Provo_ID2,1,1077713,1257085,1,gaze_data,1741607667301,169.69316005706787,323.228372165135,1741607667271.4001,0.4898168144394709
1,1,block_2,2,Provo_ID2,1,1077713,1257085,1,gaze_data,1741607667339,165.9684181213379,328.68041356404626,1741607667304.2,0.4214240618109256
1,1,block_2,2,Provo_ID2,1,1077713,1257085,1,gaze_data,1741607667367,176.4643430709839,327.1634403864543,1741607667338.1,0.4741735879041246
1,1,block_2,2,Provo_ID2,1,1077713,1257085,1,gaze_data,1741607667393,218.3978796005249,358.52763811747235,1741607667371.6,0.41124448084139426
1,1,block_2,2,Provo_ID2,1,1077713,1257085,1,gaze_data,1741607667430,289.9639129638672,381.8082128252302,1741607667405.1,0.4479598312498897
1,1,block_2,2,Provo_ID2,1,1077713,1257085,1,gaze_data,1741607667463,285.5725288391113,367.6696840922038,1741607667440.6,0.4274394593983889
1,1,block_2,2,Provo_ID2,1,1077713,1257085,1,gaze_data,1741607667490,293.28057765960693,367.2862824939546,1741607667472.8,0.4125112732266931
1,1,block_2,2,Provo_ID2,1,1077713,1257085,1,gaze_data,1741607667539,296.29552364349365,362.4811908176967,1741607667508.2,0.49409158448521157
1,1,block_2,2,Provo_ID2,1,1077713,1257085,1,gaze_data,1741607667566,296.04806900024414,362.19011306762695,1741607667538.3,0.43873046920876935
1,1,block_2,2,Provo_ID2,1,1077713,1257085,1,gaze_data,1741607667595,303.5686433315277,365.1814733232771,1741607667571.6,0.48284791372649855
1,1,block_2,2,Provo_ID2,1,1077713,1257085,1,gaze_data,1741607667634,453.64266633987427,358.5786569686163,1741607667604.6,0.45164719840675993
1,1,block_2,2,Provo_ID2,1,1077713,1257085,1,gaze_data,1741607667656,448.11196625232697,346.75909269423715,1741607667638.3,0.4439821039593549
1,1,block_2,2,Provo_ID2,1,1077713,1257085,1,gaze_data,1741607667702,448.2162356376648,346.2366985139393,1741607667671.8,0.5213381016851866
1,1,block_2,2,Provo_ID2,1,1077713,1257085,1,gaze_data,1741607667733,447.29939103126526,343.7048598698207,1741607667704.9001,0.5838157696580568
1,1,block_2,2,Provo_ID2,1,1077713,1257085,1,gaze_data,1741607667762,449.5866686105728,344.57189877827966,1741607667738.7,0.5777460479605803
1,1,block_2,2,Provo_ID2,1,1077713,1257085,1,gaze_data,1741607667800,447.65249490737915,346.2301381429037,1741607667771.8,0.5712706102853853
1,1,block_2,2,Provo_ID2,1,1077713,1257085,1,gaze_data,1741607667834,447.27740585803986,348.12726792835053,1741607667805.6,0.5676437828581041
1,1,block_2,2,Provo_ID2,1,1077713,1257085,1,gaze_data,1741607667866,438.3136510848999,360.8207411993118,1741607667839,0.5652127569131141
1,1,block_2,2,Provo_ID2,1,1077713,1257085,1,gaze_data,1741607667891,430.7676911354065,359.5380338033041,1741607667873.5,0.5877807948761195
1,1,block_2,2,Provo_ID2,1,1077713,1257085,1,gaze_data,1741607667933,424.72779154777527,358.44440868922646,1741607667904.9001,0.5704201053907256
1,1,block_2,2,Provo_ID2,1,1077713,1257085,1,gaze_data,1741607667967,420.5077797174454,354.9074817839123,1741607667938.6,0.521055379942165
1,1,block_2,2,Provo_ID2,1,1077713,1257085,1,gaze_data,1741607667995,411.76276057958603,353.31885837373284,1741607667971.9001,0.4901525285660144
1,1,block_2,2,Provo_ID2,1,1077713,1257085,1,gaze_data,1741607668033,407.5934275984764,356.484040305728,1741607668004.4001,0.5186601043473861
1,1,block_2,2,Provo_ID2,1,1077713,1257085,1,gaze_data,1741607668067,407.8608565032482,356.2872010185605,1741607668038.5,0.5188149524544428
1,1,block_2,2,Provo_ID2,1,1077713,1257085,1,gaze_data,1741607668095,395.9012046456337,356.5867537543887,1741607668074.6,0.5086985086983495
1,1,block_2,2,Provo_ID2,1,1077713,1257085,1,gaze_data,1741607668129,389.04229551553726,366.99807666596917,1741607668106.3,0.4979605786533453
1,1,block_2,2,Provo_ID2,1,1077713,1257085,1,gaze_data,1741607668169,388.699646294117,368.60907009669717,1741607668146,0.5096621779050398
1,1,block_2,2,Provo_ID2,1,1077713,1257085,1,gaze_data,1741607668201,425.1005947589874,371.7005112057641,1741607668172,0.46202628970548343
1,1,block_2,2,Provo_ID2,1,1077713,1257085,1,gaze_data,1741607668232,433.4069013595581,365.8165059770857,1741607668204.8,0.42626380966619215
1,1,block_2,2,Provo_ID2,1,1077713,1257085,1,gaze_data,1741607668273,441.10156893730164,367.11216517857144,1741607668244.2,0.4556217304593131
1,1,block_2,2,Provo_ID2,1,1077713,1257085,1,gaze_data,1741607668294,455.7075023651123,354.41860743931363,1741607668272.1,0.4645930842057347
1,1,block_2,2,Provo_ID2,1,1077713,1257085,1,gaze_data,1741607668327,480.8117151260376,354.39585731143046,1741607668306.4001,0.48016776632212366
1,1,block_2,2,Provo_ID2,1,1077713,1257085,1,gaze_data,1741607668368,490.5845046043396,357.40163348969963,1741607668338.7,0.49786252591069297
1,1,block_2,2,Provo_ID2,1,1077713,1257085,1,gaze_data,1741607668396,488.4271442890167,348.15255210513163,1741607668375,0.551968278503452
1,1,block_2,2,Provo_ID2,1,1077713,1257085,1,gaze_data,1741607668429,321.7365562915802,138.62707705724807,1741607668406.7,0.5461707056959088
1,1,block_2,2,Provo_ID2,1,1077713,1257085,1,gaze_data,1741607668462,188.74812126159668,49.40254665556408,1741607668439.6,0.5180254745297603
1,1,block_2,2,Provo_ID2,1,1077713,1257085,1,gaze_data,1741607668501,187.06295490264893,84.11380767822266,1741607668472.2,1
1,1,block_2,2,Provo_ID2,1,1077713,1257085,1,gaze_data,1741607668534,181.5828800201416,75.05317506336031,1741607668512.3,1
1,1,block_2,2,Provo_ID2,1,1077713,1257085,1,gaze_data,1741607668568,168.37849617004395,63.52919351486933,1741607668538.7,1
1,1,block_2,2,Provo_ID2,1,1077713,1257085,1,gaze_data,1741607668601,170.66733837127686,66.72705059959775,1741607668572.3,1
1,1,block_2,2,Provo_ID2,1,1077713,1257085,1,gaze_data,1741607668627,166.82209968566895,64.54940160115561,1741607668608.2,1
1,1,block_2,2,Provo_ID2,1,1077713,1257085,1,gaze_data,1741607668663,167.46461391448975,66.7356100536528,1741607668638.8,1
1,1,block_2,2,Provo_ID2,1,1077713,1257085,1,gaze_data,1741607668696,284.54060554504395,101.31166548956008,1741607668672.6,1
1,1,block_2,2,Provo_ID2,1,1077713,1257085,1,gaze_data,1741607668733,269.48132514953613,89.67567897978283,1741607668705.2,1
1,1,block_2,2,Provo_ID2,1,1077713,1257085,1,gaze_data,1741607668762,270.2221155166626,85.86432865687779,1741607668740.1,1
1,1,block_2,2,Provo_ID2,1,1077713,1257085,1,gaze_data,1741607668796,265.0911331176758,83.52773848034087,1741607668772.6,1
1,1,block_2,2,Provo_ID2,1,1077713,1257085,1,gaze_data,1741607668834,263.9761447906494,81.17707025437129,1741607668805.3,1
1,1,block_2,2,Provo_ID2,1,1077713,1257085,1,gaze_data,1741607668865,262.8579378128052,80.87402616228377,1741607668839.5,1
1,1,block_2,2,Provo_ID2,1,1077713,1257085,1,gaze_data,1741607668900,263.1253242492676,77.94497535342262,1741607668872.7,1
1,1,block_2,2,Provo_ID2,1,1077713,1257085,1,gaze_data,1741607668928,260.9368085861206,78.97816340128581,1741607668908.2,1
1,1,block_2,2,Provo_ID2,1,1077713,1257085,1,gaze_data,1741607668963,288.2838010787964,81.34854089646113,1741607668940.7,1
1,1,block_2,2,Provo_ID2,1,1077713,1257085,1,gaze_data,1741607668996,467.6981270313263,88.35113162086124,1741607668972.9001,1
1,1,block_2,2,Provo_ID2,1,1077713,1257085,1,gaze_data,1741607669031,467.57315397262573,95.95355987548828,1741607669005.3,1
1,1,block_2,2,Provo_ID2,1,1077713,1257085,1,gaze_data,1741607669066,468.74585151672363,93.987306867327,1741607669040.3,1
1,1,block_2,2,Provo_ID2,1,1077713,1257085,1,gaze_data,1741607669096,475.9690582752228,95.84397633870444,1741607669072.7,1
1,1,block_2,2,Provo_ID2,1,1077713,1257085,1,gaze_data,1741607669133,481.22724890708923,91.67298816499256,1741607669105.3,1
1,1,block_2,2,Provo_ID2,1,1077713,1257085,1,gaze_data,1741607669162,487.4755382537842,94.7620219276065,1741607669144.5,1
1,1,block_2,2,Provo_ID2,1,1077713,1257085,1,gaze_data,1741607669205,532.7967643737793,148.65247136070616,1741607669172.8,1
1,1,block_2,2,Provo_ID2,1,1077713,1257085,1,gaze_data,1741607669240,418.44730377197266,189.54768453325545,1741607669206.2,1
1,1,block_2,2,Provo_ID2,1,1077713,1257085,1,gaze_data,1741607669262,326.99148058891296,244.10778454371862,1741607669239.2,0
1,1,block_2,2,Provo_ID2,1,1077713,1257085,1,gaze_data,1741607669300,315.3121888637543,163.71806780497235,1741607669272,0
1,1,block_2,2,Provo_ID2,1,1077713,1257085,1,gaze_data,1741607669334,231.27071857452393,270.67625954037624,1741607669308.3,0
1,1,block_2,2,Provo_ID2,1,1077713,1257085,1,gaze_data,1741607669363,206.04560375213623,261.63866565341044,1741607669339.5,0
1,1,block_2,2,Provo_ID2,1,1077713,1257085,1,gaze_data,1741607669394,219.0190315246582,204.52513831002372,1741607669371.9001,0.07130642132678693
1,1,block_2,2,Provo_ID2,1,1077713,1257085,1,gaze_data,1741607669440,217.96870231628418,181.7568215869722,1741607669406,0.24040434262104166
1,1,block_2,2,Provo_ID2,1,1077713,1257085,1,gaze_data,1741607669467,223.5435962677002,160.32115414029076,1741607669439.2,0.40549680275590233
1,1,block_2,2,Provo_ID2,1,1077713,1257085,1,gaze_data,1741607669501,236.01431846618652,156.1166742869786,1741607669471.9001,0.5472694128826078
1,1,block_2,2,Provo_ID2,1,1077713,1257085,1,gaze_data,1741607669528,259.58988666534424,147.41982550848098,1741607669508.8,0.7456373883168635
1,1,block_2,2,Provo_ID2,1,1077713,1257085,1,gaze_data,1741607669567,266.7598485946655,138.70934917813256,1741607669539.2,0.6914697973609705
1,1,block_2,2,Provo_ID2,1,1077713,1257085,1,gaze_data,1741607669600,301.3064444065094,170.49348808470228,1741607669573.1,0.9598699743353536
1,1,block_2,2,Provo_ID2,1,1077713,1257085,1,gaze_data,1741607669632,296.0590362548828,148.72956979842414,1741607669608.5,0.985154315704249
1,1,block_2,2,Provo_ID2,1,1077713,1257085,1,gaze_data,1741607669662,294.2924976348877,145.53837163107735,1741607669643.6,1
1,1,block_2,2,Provo_ID2,1,1077713,1257085,1,gaze_data,1741607669696,297.7952241897583,147.36936977931433,1741607669675,1
1,1,block_2,2,Provo_ID2,1,1077713,1257085,1,gaze_data,1741607669729,300.47999024391174,148.06352320171538,1741607669707,1
1,1,block_2,2,Provo_ID2,1,1077713,1257085,1,gaze_data,1741607669763,300.84453225135803,159.69946043831962,1741607669739.7,1
1,1,block_2,2,Provo_ID2,1,1077713,1257085,1,gaze_data,1741607669801,314.5100712776184,167.34068779718308,1741607669772.4001,1
1,1,block_2,2,Provo_ID2,1,1077713,1257085,1,gaze_data,1741607669827,255.03227710723877,205.7141386894953,1741607669806.5,1
1,1,block_2,2,Provo_ID2,1,1077713,1257085,1,gaze_data,1741607669868,239.8780107498169,204.21182428087508,1741607669839.8,1
1,1,block_2,2,Provo_ID2,1,1077713,1257085,1,gaze_data,1741607669896,237.30506896972656,210.10353020259313,1741607669873.8,1
1,1,block_2,2,Provo_ID2,1,1077713,1257085,1,gaze_data,1741607669929,237.19098567962646,211.9605234691075,1741607669907.7,1
1,1,block_2,2,Provo_ID2,1,1077713,1257085,1,gaze_data,1741607669968,243.8828945159912,207.05622729801,1741607669945.6,1
1,1,block_2,2,Provo_ID2,1,1077713,1257085,1,gaze_data,1741607670001,239.4519805908203,205.979795001802,1741607669972.8,1
1,1,block_2,2,Provo_ID2,1,1077713,1257085,1,gaze_data,1741607670029,251.10526084899902,213.56472424098425,1741607670006.1,1
1,1,block_2,2,Provo_ID2,1,1077713,1257085,1,gaze_data,1741607670068,410.55492237210274,270.5180222647531,1741607670038.9001,1
1,1,block_2,2,Provo_ID2,1,1077713,1257085,1,gaze_data,1741607670096,379.1895866394043,247.64652047838484,1741607670074.7,1
1,1,block_2,2,Provo_ID2,1,1077713,1257085,1,gaze_data,1741607670141,374.3730276823044,246.17174977347966,1741607670108.4001,1
1,1,block_2,2,Provo_ID2,1,1077713,1257085,1,gaze_data,1741607670163,372.7881133556366,240.80020666122437,1741607670140.8,1
1,1,block_2,2,Provo_ID2,1,1077713,1257085,1,gaze_data,1741607670199,369.0680533647537,233.43193860281082,1741607670172.9001,1
1,1,block_2,2,Provo_ID2,1,1077713,1257085,1,gaze_data,1741607670229,372.89821803569794,232.70745578266326,1741607670208.6,0.9972173891022296
1,1,block_2,2,Provo_ID2,1,1077713,1257085,1,gaze_data,1741607670267,375.9165436029434,237.26656170118423,1741607670240.3,1
1,1,block_2,2,Provo_ID2,1,1077713,1257085,1,gaze_data,1741607670301,369.5513665676117,232.51659790674847,1741607670272.4001,1
1,1,block_2,2,Provo_ID2,1,1077713,1257085,1,gaze_data,1741607670327,370.0609862804413,236.03023795854477,1741607670306.6,1
1,1,block_2,2,Provo_ID2,1,1077713,1257085,1,gaze_data,1741607670357,427.9162585735321,121.55185313451858,1741607670341.3,1
1,1,block_2,2,Provo_ID2,1,1077713,1257085,1,gaze_data,1741607670401,451.0998010635376,105.62439146496001,1741607670372.9001,1
1,1,block_2,2,Provo_ID2,1,1077713,1257085,1,gaze_data,1741607670439,450.0262200832367,103.88321831112816,1741607670406.4001,1
1,1,block_2,2,Provo_ID2,1,1077713,1257085,1,gaze_data,1741607670471,449.9716967344284,102.9075813293457,1741607670438.9001,1
1,1,block_2,2,Provo_ID2,1,1077713,1257085,1,gaze_data,1741607670501,449.08556938171387,100.39842242286319,1741607670473.9001,1
1,1,block_2,2,Provo_ID2,1,1077713,1257085,1,gaze_data,1741607670533,442.46697425842285,98.20337295532227,1741607670508.8,1
1,1,block_2,2,Provo_ID2,1,1077713,1257085,1,gaze_data,1741607670558,439.475879073143,97.14574541364398,1741607670541.5,1
1,1,block_2,2,Provo_ID2,1,1077713,1257085,1,gaze_data,1741607670602,507.32126235961914,99.25322941371373,1741607670573.4001,1
1,1,block_2,2,Provo_ID2,1,1077713,1257085,1,gaze_data,1741607670634,521.8234062194824,94.47651908511207,1741607670607.3,1
1,1,block_2,2,Provo_ID2,1,1077713,1257085,1,gaze_data,1741607670667,517.192792892456,100.49924941289993,1741607670639.8,1
1,1,block_2,2,Provo_ID2,1,1077713,1257085,1,gaze_data,1741607670701,515.270471572876,97.31473831903368,1741607670672.8,1
1,1,block_2,2,Provo_ID2,1,1077713,1257085,1,gaze_data,1741607670734,523.6934423446655,101.23204004196894,1741607670707.6,1
1,1,block_2,2,Provo_ID2,1,1077713,1257085,1,gaze_data,1741607670766,514.7711753845215,93.99614788237072,1741607670742.7,1
1,1,block_2,2,Provo_ID2,1,1077713,1257085,1,gaze_data,1741607670801,520.388913154602,97.45014099847704,1741607670773.1,1
1,1,block_2,2,Provo_ID2,1,1077713,1257085,1,gaze_data,1741607670829,515.8812046051025,92.55309150332496,1741607670808.5,1
1,1,block_2,2,Provo_ID2,1,1077713,1257085,1,gaze_data,1741607670863,525.8864879608154,97.75974546160018,1741607670841.7,1
1,1,block_2,2,Provo_ID2,1,1077713,1257085,1,gaze_data,1741607670896,367.0259326696396,74.84929675147647,1741607670881.7,1
1,1,block_2,2,Provo_ID2,1,1077713,1257085,1,gaze_data,1741607670939,360.7722997665405,65.37645884922573,1741607670906.6,1
1,1,block_2,2,Provo_ID2,1,1077713,1257085,1,gaze_data,1741607670967,357.6860547065735,64.05233383178711,1741607670940.2,1
1,1,block_2,2,Provo_ID2,1,1077713,1257085,1,gaze_data,1741607670995,356.86278343200684,64.44747652326312,1741607670973.6,1
1,1,block_2,2,Provo_ID2,1,1077713,1257085,1,gaze_data,1741607671033,360.7726514339447,64.09634181431362,1741607671006.4001,1
1,1,block_2,2,Provo_ID2,1,1077713,1257085,1,gaze_data,1741607671058,356.9607615470886,65.21833419799805,1741607671040.7,1
1,1,block_2,2,Provo_ID2,1,1077713,1257085,1,gaze_data,1741607671091,355.9158742427826,64.56849143618629,1741607671076,1
1,1,block_2,2,Provo_ID2,1,1077713,1257085,1,gaze_data,1741607671134,355.11778593063354,64.27628744216193,1741607671106.2,1
1,1,block_2,2,Provo_ID2,1,1077713,1257085,1,gaze_data,1741607671166,349.35365319252014,65.4288573492141,1741607671139.7,1
1,1,block_2,2,Provo_ID2,1,1077713,1257085,1,gaze_data,1741607671201,352.5554060935974,65.80217906406948,1741607671173.4001,1
1,1,block_2,2,Provo_ID2,1,1077713,1257085,1,gaze_data,1741607671233,349.88648295402527,67.81134196690151,1741607671207,1
1,1,block_2,2,Provo_ID2,1,1077713,1257085,1,gaze_data,1741607671272,353.7944793701172,71.04278927757626,1741607671241.2,1
1,1,block_2,2,Provo_ID2,1,1077713,1257085,1,gaze_data,1741607671301,359.9854826927185,92.34814325968425,1741607671273.8,1
1,1,block_2,2,Provo_ID2,1,1077713,1257085,1,gaze_data,1741607671333,359.3039184808731,121.9378169377645,1741607671310.1,1
1,1,block_2,2,Provo_ID2,1,1077713,1257085,1,gaze_data,1741607671358,341.1515533924103,141.42137277693976,1741607671342.1,1
1,1,block_2,2,Provo_ID2,1,1077713,1257085,1,gaze_data,1741607671406,330.65951466560364,169.91219838460287,1741607671373.9001,1
1,1,block_2,2,Provo_ID2,1,1077713,1257085,1,gaze_data,1741607671434,326.059353351593,155.20025662013464,1741607671407.2,0.7690829688907432
1,1,block_2,2,Provo_ID2,1,1077713,1257085,1,gaze_data,1741607671461,337.07125782966614,162.9373836517334,1741607671439.5,0.6450962703733689
1,1,block_2,2,Provo_ID2,1,1077713,1257085,1,gaze_data,1741607671501,464.4284725189209,208.81822188695273,1741607671473.6,0.5588993625231425
1,1,block_2,2,Provo_ID2,1,1077713,1257085,1,gaze_data,1741607671529,456.996214389801,189.3022618974958,1741607671508.8,0.35908837704868196
1,1,block_2,2,Provo_ID2,1,1077713,1257085,1,gaze_data,1741607671563,454.4653296470642,185.71133863358273,1741607671541.4001,0.5271310803915473
1,1,block_2,2,Provo_ID2,1,1077713,1257085,1,gaze_data,1741607671601,456.23658895492554,171.47272200811477,1741607671576.1,0.43020302720486153
1,1,block_2,2,Provo_ID2,1,1077713,1257085,1,gaze_data,1741607671634,455.4482936859131,160.18746194385346,1741607671607.3,0.4336878453044384
1,1,block_2,2,Provo_ID2,1,1077713,1257085,1,gaze_data,1741607671662,272.1766233444214,176.03612877073743,1741607671640.4001,0.4684343410035079
1,1,block_2,2,Provo_ID2,1,1077713,1257085,1,gaze_data,1741607671700,177.03232765197754,211.82815460931687,1741607671672.9001,0.3697219944112535
1,1,block_2,2,Provo_ID2,1,1077713,1257085,1,gaze_data,1741607671729,190.9541130065918,229.29571265266057,1741607671709.3,0.2202404205676121
1,1,block_2,2,Provo_ID2,1,1077713,1257085,1,gaze_data,1741607671762,190.33684730529785,235.29445398421515,1741607671742.1,0.16983824889649826
1,1,block_2,2,Provo_ID2,1,1077713,1257085,1,gaze_data,1741607671800,195.479416847229,238.04966023990087,1741607671773.1,0.1844213202926778
1,1,block_2,2,Provo_ID2,1,1077713,1257085,1,gaze_data,1741607671829,203.11923027038574,240.26029586791992,1741607671807.2,0.17984778588920314
1,1,block_2,2,Provo_ID2,1,1077713,1257085,1,gaze_data,1741607671873,206.55748844146729,247.86719214348568,1741607671840.5,0.20341420884969622
1,1,block_2,2,Provo_ID2,1,1077713,1257085,1,gaze_data,1741607671899,279.10749912261963,294.59207807268416,1741607671873.6,0.20640534480437697
1,1,block_2,2,Provo_ID2,1,1077713,1257085,1,gaze_data,1741607671933,281.8004846572876,259.40961769648965,1741607671906.8,0.24105425175392153
1,1,block_2,2,Provo_ID2,1,1077713,1257085,1,gaze_data,1741607671966,280.88667392730713,252.4922941979908,1741607671943.3,0.2768407196533417
1,1,block_2,2,Provo_ID2,1,1077713,1257085,1,gaze_data,1741607671995,282.8386068344116,250.3447423094795,1741607671973.5,0.2825608116799503
1,1,block_2,2,Provo_ID2,1,1077713,1257085,1,gaze_data,1741607672034,277.7132749557495,255.44713951292493,1741607672008.7,0.28698269807296284
1,1,block_2,2,Provo_ID2,1,1077713,1257085,1,gaze_data,1741607672062,286.72468662261963,248.6923400561015,1741607672041.1,0.2852252717006445
1,1,block_2,2,Provo_ID2,1,1077713,1257085,1,gaze_data,1741607672101,329.1173994541168,256.87237308138896,1741607672073.8,0.28248887830992164
1,1,block_2,2,Provo_ID2,1,1077713,1257085,1,gaze_data,1741607672127,341.47218465805054,246.22413771493095,1741607672108.3,0.29415368695443295
1,1,block_2,2,Provo_ID2,1,1077713,1257085,1,gaze_data,1741607672169,349.27122592926025,244.81371777398246,1741607672140.3,0.3051114009522416
1,1,block_2,2,Provo_ID2,1,1077713,1257085,1,gaze_data,1741607672191,351.45840644836426,249.42243473870414,1741607672174.1,0.3808890941476395
1,1,block_2,2,Provo_ID2,1,1077713,1257085,1,gaze_data,1741607672233,356.16058707237244,247.38169477099464,1741607672206.8,0.4231697697327136
1,1,block_2,2,Provo_ID2,1,1077713,1257085,1,gaze_data,1741607672262,363.3685827255249,244.7817042895726,1741607672241.5,0.4346955690966603
1,1,block_2,2,Provo_ID2,1,1077713,1257085,1,gaze_data,1741607672305,383.1872522830963,248.54214838572912,1741607672274.1,0.42445396898786797
1,1,block_2,2,Provo_ID2,1,1077713,1257085,1,gaze_data,1741607672332,464.41261172294617,247.58053842045013,1741607672308.6,0.5122588807742934
1,1,block_2,2,Provo_ID2,1,1077713,1257085,1,gaze_data,1741607672363,476.910936832428,245.54975691295806,1741607672340.8,0.5139346503051926
1,1,block_2,2,Provo_ID2,1,1077713,1257085,1,gaze_data,1741607672396,488.329541683197,245.87288686207364,1741607672375.1,0.5804444962146333
1,1,block_2,2,Provo_ID2,1,1077713,1257085,1,gaze_data,1741607672429,393.2420462369919,296.8260111127581,1741607672406.6,0.6300731220716285
1,1,block_2,2,Provo_ID2,1,1077713,1257085,1,gaze_data,1741607672467,193.18883419036865,293.8276822226388,1741607672441,0.6812023384466026
1,1,block_2,2,Provo_ID2,1,1077713,1257085,1,gaze_data,1741607672500,217.99962520599365,313.38358515784853,1741607672473.7,0.6159913452624322
1,1,block_2,2,Provo_ID2,1,1077713,1257085,1,gaze_data,1741607672534,220.92933654785156,319.6095039730981,1741607672508.3,0.704444671549002
1,1,block_2,2,Provo_ID2,1,1077713,1257085,1,gaze_data,1741607672568,228.39281558990479,312.1076070694696,1741607672547.6,0.5882262644017776
1,1,block_2,2,Provo_ID2,1,1077713,1257085,1,gaze_data,1741607672600,228.54254245758057,317.0092248916626,1741607672576.2,0.7284792886838014
1,1,block_2,2,Provo_ID2,1,1077713,1257085,1,gaze_data,1741607672629,229.33833599090576,309.9378417787098,1741607672609.1,0.6142031434964947
1,1,block_2,2,Provo_ID2,1,1077713,1257085,1,gaze_data,1741607672662,227.92067527770996,313.70091847011025,1741607672642,0.7238919865959768
1,1,block_2,2,Provo_ID2,1,1077713,1257085,1,gaze_data,1741607672696,213.09893131256104,208.88493424370176,1741607672675.2,0.5904139041228994
1,1,block_2,2,Provo_ID2,1,1077713,1257085,1,gaze_data,1741607672730,204.36573028564453,206.26728636877877,1741607672707.6,0.6272825433382455
1,1,block_2,2,Provo_ID2,1,1077713,1257085,1,gaze_data,1741607672773,206.58130645751953,203.74564375196186,1741607672740.6,0.8163544326666624
1,1,block_2,2,Provo_ID2,1,1077713,1257085,1,gaze_data,1741607672795,190.3820514678955,201.60948980422248,1741607672773.6,0.7711268717992681
1,1,block_2,2,Provo_ID2,1,1077713,1257085,1,gaze_data,1741607672829,189.29908275604248,196.46237191699802,1741607672808,0.8940483068903352
1,1,block_2,2,Provo_ID2,1,1077713,1257085,1,gaze_data,1741607672858,189.64240550994873,200.1990944998605,1741607672842.3,0.9406225442524643
1,1,block_2,2,Provo_ID2,1,1077713,1257085,1,gaze_data,1741607672901,189.9094820022583,199.1883046286447,1741607672873.3,0.9676379465698686
1,1,block_2,2,Provo_ID2,1,1077713,1257085,1,gaze_data,1741607672939,189.10014629364014,222.6182896750314,1741607672907.6,0.9434337894184575
1,1,block_2,2,Provo_ID2,1,1077713,1257085,1,gaze_data,1741607672975,235.03379821777344,307.3781849089123,1741607672941,1
1,1,block_2,2,Provo_ID2,1,1077713,1257085,1,gaze_data,1741607673005,227.84996032714844,280.4966140928723,1741607672974.2,0.8730247127481885
1,1,block_2,2,Provo_ID2,1,1077713,1257085,1,gaze_data,1741607673034,225.81472396850586,276.2405205908276,1741607673007.2,0.8934730880724415
1,1,block_2,2,Provo_ID2,1,1077713,1257085,1,gaze_data,1741607673062,218.3960199356079,271.7720034008934,1741607673042.8,0.862146667536144
1,1,block_2,2,Provo_ID2,1,1077713,1257085,1,gaze_data,1741607673095,213.5122299194336,274.53312419709704,1741607673085.1,0.9171545683415766
1,1,block_2,2,Provo_ID2,1,1077713,1257085,1,gaze_data,1741607673125,214.1361951828003,271.51614893050424,1741607673108.9001,0.9511890038456219
1,1,block_2,2,Provo_ID2,1,1077713,1257085,1,gaze_data,1741607673165,208.916974067688,266.1262621198382,1741607673141.3,0.9324950080168626
1,1,block_2,2,Provo_ID2,1,1077713,1257085,1,gaze_data,1741607673201,207.68160820007324,265.2767539024353,1741607673174.5,0.928467904207603
1,1,block_2,2,Provo_ID2,1,1077713,1257085,1,gaze_data,1741607673229,209.6855878829956,271.3842622439067,1741607673207.2,0.961335688013651
1,1,block_2,2,Provo_ID2,1,1077713,1257085,1,gaze_data,1741607673266,210.93266010284424,265.27672574633647,1741607673241.1,0.8371578809368087
1,1,block_2,2,Provo_ID2,1,1077713,1257085,1,gaze_data,1741607673290,212.97204494476318,272.9171049027216,1741607673278.2,0.9298656016836819
1,1,block_2,2,Provo_ID2,1,1077713,1257085,1,gaze_data,1741607673334,215.95795154571533,277.1075419017247,1741607673308.2,0.9121893369119083
1,1,block_2,2,Provo_ID2,1,1077713,1257085,1,gaze_data,1741607673365,213.52615356445312,275.0898371423994,1741607673341.6,0.7650089195270211
1,1,block_2,2,Provo_ID2,1,1077713,1257085,1,gaze_data,1741607673401,226.19895935058594,287.4373458680653,1741607673374.3,0.8905858886883342
1,1,block_2,2,Provo_ID2,1,1077713,1257085,1,gaze_data,1741607673434,227.42445468902588,284.1651566823324,1741607673409.7,0.6961551696227097
1,1,block_2,2,Provo_ID2,1,1077713,1257085,1,gaze_data,1741607673462,285.1405143737793,326.18794418516615,1741607673442.8,0.8510102024055466
1,1,block_2,2,Provo_ID2,1,1077713,1257085,1,gaze_data,1741607673506,283.3699941635132,316.26763548169816,1741607673474.7,0.6762520136837319
1,1,block_2,2,Provo_ID2,1,1077713,1257085,1,gaze_data,1741607673534,285.9975814819336,300.2945609319778,1741607673508.8,0.6753696870328361
1,1,block_2,2,Provo_ID2,1,1077713,1257085,1,gaze_data,1741607673572,290.15393257141113,306.2705943697975,1741607673541.2,0.756843927969701
1,1,block_2,2,Provo_ID2,1,1077713,1257085,1,gaze_data,1741607673601,404.0390808135271,319.26445098150344,1741607673574.6,0.6720049867968392
1,1,block_2,2,Provo_ID2,1,1077713,1257085,1,gaze_data,1741607673638,396.2372526526451,298.4579949151902,1741607673617.9001,0.8781446519500635
1,1,block_2,2,Provo_ID2,1,1077713,1257085,1,gaze_data,1741607673663,407.22324922680855,292.9753407977876,1741607673641.6,0.8781446519500635
1,1,block_2,2,Provo_ID2,1,1077713,1257085,1,gaze_data,1741607673701,415.5826151371002,298.2910714830671,1741607673673.2,0.9303552577768914
1,1,block_2,2,Provo_ID2,1,1077713,1257085,1,gaze_data,1741607673737,412.4429076910019,297.52442314511256,1741607673707.5,0.9595456694095366
1,1,block_2,2,Provo_ID2,1,1077713,1257085,1,gaze_data,1741607673767,417.0587867498398,304.6041615804037,1741607673741.7,0.9610097520245997
1,1,block_2,2,Provo_ID2,1,1077713,1257085,1,gaze_data,1741607673800,424.31579381227493,310.07859411693755,1741607673776.2,0.8939229943450908
1,1,block_2,2,Provo_ID2,1,1077713,1257085,1,gaze_data,1741607673833,423.3561843633652,315.09615171523325,1741607673809.3,0.871700275106234
1,1,block_2,2,Provo_ID2,1,1077713,1257085,1,gaze_data,1741607673863,176.17135047912598,366.73439480009534,1741607673842.6,0.8929297497884263
1,1,block_2,2,Provo_ID2,1,1077713,1257085,1,gaze_data,1741607673896,170.90260982513428,345.06423632303876,1741607673876.3,0.917709962672074
1,1,block_2,2,Provo_ID2,1,1077713,1257085,1,gaze_data,1741607673930,183.34922790527344,350.67270596822107,1741607673908.2,0.5140450851001711
1,1,block_2,2,Provo_ID2,1,1077713,1257085,1,gaze_data,1741607673967,183.37268829345703,347.58253188360305,1741607673941,0.5458092156603155
1,1,block_2,2,Provo_ID2,1,1077713,1257085,1,gaze_data,1741607673995,186.89305782318115,352.579535529727,1741607673974.9001,0.4824168381402663
1,1,block_2,2,Provo_ID2,1,1077713,1257085,1,gaze_data,1741607674034,185.3283405303955,352.87973585582915,1741607674008,0.5861885738612419
1,1,block_2,2,Provo_ID2,1,1077713,1257085,1,gaze_data,1741607674062,247.5839376449585,383.44292776925226,1741607674043.8,0.4882723535825472
1,1,block_2,2,Provo_ID2,1,1077713,1257085,1,gaze_data,1741607674095,442.4252450466156,406.2424132937477,1741607674075.6,0.5186976542843607
1,1,block_2,2,Provo_ID2,1,1077713,1257085,1,gaze_data,1741607674134,451.25550627708435,386.2315359569731,1741607674109.2,0.6346749922927053
1,1,block_2,2,Provo_ID2,1,1077713,1257085,1,gaze_data,1741607674171,444.37696039676666,380.5065563746861,1741607674142.1,0.5744558127345503
1,1,block_2,2,Provo_ID2,1,1077713,1257085,1,gaze_data,1741607674200,443.43868494033813,371.7097041720436,1741607674174.5,0.6938562489620611
1,1,block_2,2,Provo_ID2,1,1077713,1257085,1,gaze_data,1741607674233,435.4549437761307,376.92124321347194,1741607674210,0.6173942698722907
1,1,block_2,2,Provo_ID2,1,1077713,1257085,1,gaze_data,1741607674261,553.1181335449219,361.4935171036493,1741607674243.4001,0.794527946947935
1,1,block_2,2,Provo_ID2,1,1077713,1257085,1,gaze_data,1741607674295,549.0125894546509,357.2516741071429,1741607674275.1,0.5992348972326013
1,1,block_2,2,Provo_ID2,1,1077713,1257085,1,gaze_data,1741607674339,537.3325347900391,369.00241079784576,1741607674307.5,0.6032618455880292
1,1,block_2,2,Provo_ID2,1,1077713,1257085,1,gaze_data,1741607674367,547.4939823150635,355.85970696948823,1741607674341.6,0.7318042860906456
1,1,block_2,2,Provo_ID2,1,1077713,1257085,1,gaze_data,1741607674400,545.2746629714966,361.473301024664,1741607674381.3,0.6602764591771737
1,1,block_2,2,Provo_ID2,1,1077713,1257085,1,gaze_data,1741607674429,545.6359386444092,355.0812612261091,1741607674409.8,0.8284194460259854
1,1,block_2,2,Provo_ID2,1,1077713,1257085,1,gaze_data,1741607674462,558.2152605056763,369.1579591660273,1741607674443.2,0.7314251233925866
1,1,block_2,2,Provo_ID2,1,1077713,1257085,1,gaze_data,1741607674494,572.9015588760376,356.1867682139079,1741607674475.8,0.7184525378900113
1,1,block_2,2,Provo_ID2,1,1077713,1257085,1,gaze_data,1741607674534,580.2110910415649,370.13666516258604,1741607674508.5,0.5789435556157488
1,1,block_2,2,Provo_ID2,1,1077713,1257085,1,gaze_data,1741607674567,583.339524269104,372.1264144352504,1741607674541.3,0.529405463235152
1,1,block_2,2,Provo_ID2,1,1077713,1257085,1,gaze_data,1741607674594,589.8190259933472,369.07458895728706,1741607674574.6,0.6618013994800249
1,1,block_2,2,Provo_ID2,1,1077713,1257085,1,gaze_data,1741607674634,566.3011789321899,319.41817624228344,1741607674608.1,0.5140399240809987
1,1,block_2,2,Provo_ID2,1,1077713,1257085,1,gaze_data,1741607674662,343.545800447464,258.2391968227568,1741607674643.5,0
1,1,block_2,2,Provo_ID2,1,1077713,1257085,1,gaze_data,1741607674696,335.4390859603882,246.233591125125,1741607674675.3,0
1,1,block_2,2,Provo_ID2,1,1077713,1257085,1,gaze_data,1741607674732,326.337069272995,146.95697443825858,1741607674707.9001,0
1,1,block_2,2,Provo_ID2,1,1077713,1257085,1,gaze_data,1741607674767,276.3690948486328,168.4423303604126,1741607674742.4001,0
1,1,block_2,2,Provo_ID2,1,1077713,1257085,1,gaze_data,1741607674806,198.49400520324707,194.76190544310072,1741607674774.7,0
1,1,block_2,2,Provo_ID2,1,1077713,1257085,1,gaze_data,1741607674834,176.74565315246582,142.77483644939605,1741607674807.8,0.045182139221535245
1,1,block_2,2,Provo_ID2,1,1077713,1257085,1,gaze_data,1741607674866,189.47951793670654,127.3671293258667,1741607674843.2,0.324076315959371
1,1,block_2,2,Provo_ID2,1,1077713,1257085,1,gaze_data,1741607674900,203.09054851531982,97.31059937250048,1741607674877.4001,0.7319876291093141
1,1,block_2,2,Provo_ID2,1,1077713,1257085,1,gaze_data,1741607674929,203.04009914398193,60.67959921700614,1741607674908.6,0.7138216157254798
1,1,block_2,2,Provo_ID2,1,1077713,1257085,1,gaze_data,1741607674967,208.7418556213379,71.67869477044968,1741607674941.4001,1
1,1,block_2,2,Provo_ID2,1,1077713,1257085,1,gaze_data,1741607674999,210.054612159729,73.8851193019322,1741607674974.8,1
1,1,block_2,2,Provo_ID2,1,1077713,1257085,1,gaze_data,1741607675039,206.23095035552979,84.0440931774321,1741607675008.9001,1
1,1,block_2,2,Provo_ID2,1,1077713,1257085,1,gaze_data,1741607675067,212.461256980896,87.73980640229725,1741607675041.6,1
1,1,block_2,2,Provo_ID2,1,1077713,1257085,1,gaze_data,1741607675101,224.29754734039307,86.78869338262649,1741607675078.4001,1
1,1,block_2,2,Provo_ID2,1,1077713,1257085,1,gaze_data,1741607675129,321.9375967979431,88.61427852085659,1741607675118.1,1
1,1,block_2,2,Provo_ID2,1,1077713,1257085,1,gaze_data,1741607675168,311.88206672668457,75.557310013544,1741607675141.6,1
1,1,block_2,2,Provo_ID2,1,1077713,1257085,1,gaze_data,1741607675194,307.6968848705292,75.90329215640114,1741607675175.1,1
1,1,block_2,2,Provo_ID2,1,1077713,1257085,1,gaze_data,1741607675234,299.5129108428955,68.8597061520531,1741607675209.4001,1
1,1,block_2,2,Provo_ID2,1,1077713,1257085,1,gaze_data,1741607675266,294.9859619140625,63.99841490246001,1741607675243.6,1
1,1,block_2,2,Provo_ID2,1,1077713,1257085,1,gaze_data,1741607675296,291.60101413726807,69.60556121099563,1741607675276.2,1
1,1,block_2,2,Provo_ID2,1,1077713,1257085,1,gaze_data,1741607675328,291.22560024261475,65.82633699689593,1741607675310.4001,1
1,1,block_2,2,Provo_ID2,1,1077713,1257085,1,gaze_data,1741607675366,292.5370693206787,75.13919194539389,1741607675342.1,1
1,1,block_2,2,Provo_ID2,1,1077713,1257085,1,gaze_data,1741607675396,293.1871175765991,77.38725934709822,1741607675375.1,1
1,1,block_2,2,Provo_ID2,1,1077713,1257085,1,gaze_data,1741607675433,289.77558612823486,80.45500709896996,1741607675409.1,1
1,1,block_2,2,Provo_ID2,1,1077713,1257085,1,gaze_data,1741607675456,279.92262840270996,83.82616497221447,1741607675442.6,1
1,1,block_2,2,Provo_ID2,1,1077713,1257085,1,gaze_data,1741607675500,161.66207790374756,65.06750197637649,1741607675475.8,1
1,1,block_2,2,Provo_ID2,1,1077713,1257085,1,gaze_data,1741607675534,160.84129810333252,69.43037396385556,1741607675508.9001,1
1,1,block_2,2,Provo_ID2,1,1077713,1257085,1,gaze_data,1741607675561,166.8562412261963,73.5408828372047,1741607675542.2,1
1,1,block_2,2,Provo_ID2,1,1077713,1257085,1,gaze_data,1741607675600,168.83282661437988,72.71869659423828,1741607675575.3,1
1,1,block_2,2,Provo_ID2,1,1077713,1257085,1,gaze_data,1741607675629,149.9713659286499,69.57413900466193,1741607675610.5,1
1,1,block_2,2,Provo_ID2,1,1077713,1257085,1,gaze_data,1741607675663,126.33442878723145,61.14209129696801,1741607675642.7,1
1,1,block_2,2,Provo_ID2,1,1077713,1257085,1,gaze_data,1741607675705,129.19931411743164,62.028698694138306,1741607675674.8,1
1,1,block_2,2,Provo_ID2,1,1077713,1257085,1,gaze_data,1741607675729,137.0272397994995,64.98216084071568,1741607675708.7,1
1,1,block_2,2,Provo_ID2,1,1077713,1257085,1,gaze_data,1741607675766,142.49656200408936,67.07489104498,1741607675742.6,1
1,1,block_2,2,Provo_ID2,1,1077713,1257085,1,gaze_data,1741607675796,141.97049140930176,69.26408404395694,1741607675776,1
1,1,block_2,2,Provo_ID2,1,1077713,1257085,1,gaze_data,1741607675828,146.4935541152954,70.9304464431036,1741607675811.2,1
1,1,block_2,2,Provo_ID2,1,1077713,1257085,1,gaze_data,1741607675858,252.29229927062988,95.95477058773949,1741607675842.9001,1
1,1,block_2,2,Provo_ID2,1,1077713,1257085,1,gaze_data,1741607675897,347.1241772174835,112.06247352418445,1741607675876.6,1
1,1,block_2,2,Provo_ID2,1,1077713,1257085,1,gaze_data,1741607675934,325.5247473716736,78.11467216128395,1741607675908.6,1
1,1,block_2,2,Provo_ID2,1,1077713,1257085,1,gaze_data,1741607675962,331.7141592502594,73.90654609316871,1741607675941.7,1
1,1,block_2,2,Provo_ID2,1,1077713,1257085,1,gaze_data,1741607675998,327.9235243797302,71.38215473720005,1741607675976.7,1
1,1,block_2,2,Provo_ID2,1,1077713,1257085,1,gaze_data,1741607676029,325.4814028739929,69.45996602376303,1741607676009.9001,1
1,1,block_2,2,Provo_ID2,1,1077713,1257085,1,gaze_data,1741607676067,321.4760661125183,71.52653921218146,1741607676044.2,1
1,1,block_2,2,Provo_ID2,1,1077713,1257085,1,gaze_data,1741607676096,324.2250382900238,71.5404764811198,1741607676076.4001,1
1,1,block_2,2,Provo_ID2,1,1077713,1257085,1,gaze_data,1741607676133,326.1304438114166,74.22541391281855,1741607676109.5,1
1,1,block_2,2,Provo_ID2,1,1077713,1257085,1,gaze_data,1741607676167,328.79236340522766,75.53247633434478,1741607676143,1
1,1,block_2,2,Provo_ID2,1,1077713,1257085,1,gaze_data,1741607676195,332.70843029022217,78.2783435639881,1741607676175.8,1
1,1,block_2,2,Provo_ID2,1,1077713,1257085,1,gaze_data,1741607676232,339.545202255249,77.82215845017207,1741607676209,1
1,1,block_2,2,Provo_ID2,1,1077713,1257085,1,gaze_data,1741607676262,345.17635703086853,79.7386596316383,1741607676243.6,1
1,1,block_2,2,Provo_ID2,1,1077713,1257085,1,gaze_data,1741607676296,354.5809507369995,84.18946311587379,1741607676276.5,1
1,1,block_2,2,Provo_ID2,1,1077713,1257085,1,gaze_data,1741607676330,364.0826165676117,85.89057014102028,1741607676309,1
1,1,block_2,2,Provo_ID2,1,1077713,1257085,1,gaze_data,1741607676368,370.2604591846466,85.20029522123791,1741607676343.5,1
1,1,block_2,2,Provo_ID2,1,1077713,1257085,1,gaze_data,1741607676400,368.97841691970825,86.14771979195731,1741607676377.1,1
1,1,block_2,2,Provo_ID2,1,1077713,1257085,1,gaze_data,1741607676434,372.72530496120453,86.87845502580916,1741607676411.5,1
1,1,block_2,2,Provo_ID2,1,1077713,1257085,1,gaze_data,1741607676467,375.8441686630249,87.83621288481213,1741607676449.3,1
1,1,block_2,2,Provo_ID2,1,1077713,1257085,1,gaze_data,1741607676500,375.70546567440033,87.92130061558315,1741607676477.7,1
1,1,block_2,2,Provo_ID2,1,1077713,1257085,1,gaze_data,1741607676524,372.181499004364,90.39878391084217,1741607676510.1,1
1,1,block_2,2,Provo_ID2,1,1077713,1257085,1,gaze_data,1741607676563,375.37473142147064,90.92876615978423,1741607676542.4001,1
1,1,block_2,2,Provo_ID2,1,1077713,1257085,1,gaze_data,1741607676596,380.4059624671936,94.52103387741816,1741607676576,1
1,1,block_2,2,Provo_ID2,1,1077713,1257085,1,gaze_data,1741607676629,383.75442028045654,89.46363539922805,1741607676610.8,1
1,1,block_2,2,Provo_ID2,1,1077713,1257085,1,gaze_data,1741607676661,379.8863410949707,94.07934915451777,1741607676644.2,1
1,1,block_2,2,Provo_ID2,1,1077713,1257085,1,gaze_data,1741607676704,379.69888150691986,97.88320995512463,1741607676676.9001,1
1,1,block_2,2,Provo_ID2,1,1077713,1257085,1,gaze_data,1741607676730,387.0597377419472,100.22444588797434,1741607676708.7,1
1,1,block_2,2,Provo_ID2,1,1077713,1257085,1,gaze_data,1741607676766,395.34331262111664,97.26408549717495,1741607676742.5,1
1,1,block_2,2,Provo_ID2,1,1077713,1257085,1,gaze_data,1741607676801,389.17975425720215,99.6500333150228,1741607676776.7,1
1,1,block_2,2,Provo_ID2,1,1077713,1257085,1,gaze_data,1741607676839,394.5443421602249,99.00548389979771,1741607676809.6,1
1,1,block_2,2,Provo_ID2,1,1077713,1257085,1,gaze_data,1741607676872,325.3709673881531,77.81669616699219,1741607676843.5,1
1,1,block_2,2,Provo_ID2,1,1077713,1257085,1,gaze_data,1741607676902,310.7883393764496,82.83464795067198,1741607676877.6,1
1,1,block_2,2,Provo_ID2,1,1077713,1257085,1,gaze_data,1741607676934,307.18725323677063,84.29293677920387,1741607676911.8,1
1,1,block_2,2,Provo_ID2,1,1077713,1257085,1,gaze_data,1741607676961,311.6595685482025,87.03289122808548,1741607676943.6,1
1,1,block_2,2,Provo_ID2,1,1077713,1257085,1,gaze_data,1741607676991,305.12552857398987,91.63404828026182,1741607676976.3,1
1,1,block_2,2,Provo_ID2,1,1077713,1257085,1,gaze_data,1741607677038,311.3511323928833,100.97137087867374,1741607677010.1,1
1,1,block_2,2,Provo_ID2,1,1077713,1257085,1,gaze_data,1741607677067,307.85191655158997,96.88794817243304,1741607677046.1,1
1,1,block_2,2,Provo_ID2,1,1077713,1257085,1,gaze_data,1741607677096,340.9467577934265,117.46022292545864,1741607677076.1,1
1,1,block_2,2,Provo_ID2,1,1077713,1257085,1,gaze_data,1741607677133,349.4734585285187,108.39954807644799,1741607677111.9001,1
1,1,block_2,2,Provo_ID2,1,1077713,1257085,1,gaze_data,1741607677167,354.36879992485046,113.07954220544725,1741607677143.9001,1
1,1,block_2,2,Provo_ID2,1,1077713,1257085,1,gaze_data,1741607677196,360.9589546918869,111.71723751794725,1741607677177.3,1
1,1,block_2,2,Provo_ID2,1,1077713,1257085,1,gaze_data,1741607677228,361.81015372276306,110.32182125818163,1741607677211,1
1,1,block_2,2,Provo_ID2,1,1077713,1257085,1,gaze_data,1741607677258,363.96394968032837,178.78354458581833,1741607677249,1
1,1,block_2,2,Provo_ID2,1,1077713,1257085,1,gaze_data,1741607677301,325.0997006893158,273.1617462067377,1741607677276,1
1,1,block_2,2,Provo_ID2,1,1077713,1257085,1,gaze_data,1741607677334,341.8848931789398,223.50691375278294,1741607677309.8,0.5090206931064893
1,1,block_2,2,Provo_ID2,1,1077713,1257085,1,gaze_data,1741607677367,326.2350857257843,179.0129956744966,1741607677343.6,0.5295285416797202
1,1,block_2,2,Provo_ID2,1,1077713,1257085,1,gaze_data,1741607677401,327.50900387763977,178.26250189826604,1741607677377.2,0.5275185622092031
1,1,block_2,2,Provo_ID2,1,1077713,1257085,1,gaze_data,1741607677434,326.1748194694519,157.43309157235282,1741607677412.5,0.6398514493999589
1,1,block_2,2,Provo_ID2,1,1077713,1257085,1,gaze_data,1741607677462,325.6630599498749,140.3770278749012,1741607677444.4001,0.6412491229091587
1,1,block_2,2,Provo_ID2,1,1077713,1257085,1,gaze_data,1741607677496,323.17262291908264,145.94268617175874,1741607677477.4001,0.6997102345615172
1,1,block_2,2,Provo_ID2,1,1077713,1257085,1,gaze_data,1741607677534,319.2288637161255,147.96004249936058,1741607677509.4001,0.6867896778459603
1,1,block_2,2,Provo_ID2,1,1077713,1257085,1,gaze_data,1741607677567,318.6647951602936,148.36834112803143,1741607677543,0.7432714090136273
1,1,block_2,2,Provo_ID2,1,1077713,1257085,1,gaze_data,1741607677597,315.27701020240784,148.94930703299386,1741607677576.7,0.7235772307129609
1,1,block_2,2,Provo_ID2,1,1077713,1257085,1,gaze_data,1741607677634,310.0469648838043,148.84832518441337,1741607677611.4001,0.6904093428996224
1,1,block_2,2,Provo_ID2,1,1077713,1257085,1,gaze_data,1741607677662,305.0463378429413,148.32142602829705,1741607677644.3,0.718245199551591
1,1,block_2,2,Provo_ID2,1,1077713,1257085,1,gaze_data,1741607677690,301.6432583332062,149.04917671566918,1741607677678.9001,0.6923139805890912
1,1,block_2,2,Provo_ID2,1,1077713,1257085,1,gaze_data,1741607677738,302.1043360233307,146.7920852842785,1741607677710.9001,0.6656265595267439
1,1,block_2,2,Provo_ID2,1,1077713,1257085,1,gaze_data,1741607677767,295.61195373535156,144.8646876925514,1741607677743.2,0.6570736646496358
1,1,block_2,2,Provo_ID2,1,1077713,1257085,1,gaze_data,1741607677806,289.73872661590576,141.3457947685605,1741607677776.2,0.5822120665260938
1,1,block_2,2,Provo_ID2,1,1077713,1257085,1,gaze_data,1741607677833,286.9138479232788,139.1489925838652,1741607677811,0.5739976814409966
1,1,block_2,2,Provo_ID2,1,1077713,1257085,1,gaze_data,1741607677870,380.8634400367737,145.65769717806862,1741607677845.7,0.5896385986524009
1,1,block_2,2,Provo_ID2,1,1077713,1257085,1,gaze_data,1741607677895,378.6501258611679,134.36345531826927,1741607677878.3,0.5857296293773933
1,1,block_2,2,Provo_ID2,1,1077713,1257085,1,gaze_data,1741607677930,387.37684339284897,137.53695737747918,1741607677911.1,0.5841562972725195
1,1,block_2,2,Provo_ID2,1,1077713,1257085,1,gaze_data,1741607677972,390.33786952495575,147.1214975629534,1741607677943.1,0.7630981993507316
1,1,block_2,2,Provo_ID2,1,1077713,1257085,1,gaze_data,1741607677995,396.69817984104156,144.26820073808943,1741607677976.5,0.6956824521276745
1,1,block_2,2,Provo_ID2,1,1077713,1257085,1,gaze_data,1741607678033,397.167107462883,142.28449094863166,1741607678010,0.7029565501999867
1,1,block_2,2,Provo_ID2,1,1077713,1257085,1,gaze_data,1741607678065,271.2076425552368,176.46639619554793,1741607678044.3,0.8032035712149524
1,1,block_2,2,Provo_ID2,1,1077713,1257085,1,gaze_data,1741607678100,215.08519649505615,191.184694199335,1741607678077.2,0.7254867866443506
1,1,block_2,2,Provo_ID2,1,1077713,1257085,1,gaze_data,1741607678129,204.48148250579834,192.6641775312878,1741607678110.7,0.5032138288229047
1,1,block_2,2,Provo_ID2,1,1077713,1257085,1,gaze_data,1741607678161,208.5834503173828,191.87261808486213,1741607678144.8,0.421309687277637
1,1,block_2,2,Provo_ID2,1,1077713,1257085,1,gaze_data,1741607678196,205.75017929077148,190.88255110241118,1741607678178.6,0.39612846694379344
1,1,block_2,2,Provo_ID2,1,1077713,1257085,1,gaze_data,1741607678229,200.10254383087158,193.00698507399787,1741607678211.5,0.37321737199357785
1,1,block_2,2,Provo_ID2,1,1077713,1257085,1,gaze_data,1741607678262,203.4142017364502,196.58121177128385,1741607678245.2,0.3927044916216118
1,1,block_2,2,Provo_ID2,1,1077713,1257085,1,gaze_data,1741607678299,439.2342656850815,246.64992480050952,1741607678276.1,0.39231013444894114
1,1,block_2,2,Provo_ID2,1,1077713,1257085,1,gaze_data,1741607678338,437.0710641145706,207.2922704333351,1741607678309.7,0.5053626897943839
1,1,block_2,2,Provo_ID2,1,1077713,1257085,1,gaze_data,1741607678368,442.26677119731903,203.8947373344785,1741607678343.6,0.7374087160888921
1,1,block_2,2,Provo_ID2,1,1077713,1257085,1,gaze_data,1741607678401,443.1810528039932,213.72256029219855,1741607678378.7,0.7983449742721932
1,1,block_2,2,Provo_ID2,1,1077713,1257085,1,gaze_data,1741607678428,441.4138078689575,208.32717600322906,1741607678411.5,0.7566338568575594
1,1,block_2,2,Provo_ID2,1,1077713,1257085,1,gaze_data,1741607678463,539.4371509552002,164.2352883021037,1741607678444.9001,0.77651330072091
1,1,block_2,2,Provo_ID2,1,1077713,1257085,1,gaze_data,1741607678501,535.7021570205688,156.33732659476144,1741607678476.7,0.7943600626586211
1,1,block_2,2,Provo_ID2,1,1077713,1257085,1,gaze_data,1741607678532,567.9768323898315,180.8290147781372,1741607678510.8,0.7053129802457007
1,1,block_2,2,Provo_ID2,1,1077713,1257085,1,gaze_data,1741607678567,576.7875671386719,190.39571103595554,1741607678544.4001,0.6689094362331038
1,1,block_2,2,Provo_ID2,1,1077713,1257085,1,gaze_data,1741607678601,580.3755521774292,185.28471038455055,1741607678576.7,0.7261770673739039
1,1,block_2,2,Provo_ID2,1,1077713,1257085,1,gaze_data,1741607678628,420.1281115412712,236.71027109736488,1741607678610.4001,0.7133951448857531
1,1,block_2,2,Provo_ID2,1,1077713,1257085,1,gaze_data,1741607678667,203.47795486450195,216.86757189886913,1741607678644.1,0.9237075051417821
1,1,block_2,2,Provo_ID2,1,1077713,1257085,1,gaze_data,1741607678706,209.4127893447876,212.6338343393235,1741607678676.7,0.7220016937093462
1,1,block_2,2,Provo_ID2,1,1077713,1257085,1,gaze_data,1741607678734,216.50102138519287,231.86348727771215,1741607678711.8,0.7894844066076947
1,1,block_2,2,Provo_ID2,1,1077713,1257085,1,gaze_data,1741607678764,325.6758511066437,218.97567885262626,1741607678750,0.8072084823216897
1,1,block_2,2,Provo_ID2,1,1077713,1257085,1,gaze_data,1741607678795,307.45107531547546,249.35677823566257,1741607678778.5,0.7653536748712576
1,1,block_2,2,Provo_ID2,1,1077713,1257085,1,gaze_data,1741607678829,292.6666736602783,135.0124674751645,1741607678810.8,0
1,1,block_2,2,Provo_ID2,1,1077713,1257085,1,gaze_data,1741607678865,252.86993980407715,323.6834521520706,1741607678843.2,0
1,1,block_2,2,Provo_ID2,1,1077713,1257085,1,gaze_data,1741607678901,178.03690433502197,260.73072297232494,1741607678877.4001,0
1,1,block_2,2,Provo_ID2,1,1077713,1257085,1,gaze_data,1741607678939,173.53057861328125,234.0529565584092,1741607678913.4001,0
1,1,block_2,2,Provo_ID2,1,1077713,1257085,1,gaze_data,1741607678967,195.2603816986084,195.6690245582944,1741607678946.6,0
1,1,block_2,2,Provo_ID2,1,1077713,1257085,1,gaze_data,1741607679001,187.15898990631104,192.66683124360586,1741607678979.7,0.058470290945370235
1,1,block_2,2,Provo_ID2,1,1077713,1257085,1,gaze_data,1741607679029,202.36337184906006,216.91779182070778,1741607679012,0.2473014183665731
1,1,block_2,2,Provo_ID2,1,1077713,1257085,1,gaze_data,1741607679057,200.77407360076904,238.08755306970508,1741607679046.1,0.375063660943242
1,1,block_2,2,Provo_ID2,1,1077713,1257085,1,gaze_data,1741607679100,203.20193767547607,241.07786627042861,1741607679076.8,0.4380250516420757
1,1,block_2,2,Provo_ID2,1,1077713,1257085,1,gaze_data,1741607679129,200.49855709075928,244.80423972720192,1741607679110.9001,0.47929752643416057
1,1,block_2,2,Provo_ID2,1,1077713,1257085,1,gaze_data,1741607679167,198.229718208313,247.62420677003408,1741607679144.6,0.47293424464980083
1,1,block_2,2,Provo_ID2,1,1077713,1257085,1,gaze_data,1741607679201,178.19969654083252,244.75371008827574,1741607679179.2,0.5005460062807003
1,1,block_2,2,Provo_ID2,1,1077713,1257085,1,gaze_data,1741607679229,177.28815078735352,241.08103031203862,1741607679213.3,0.5190922019348786
1,1,block_2,2,Provo_ID2,1,1077713,1257085,1,gaze_data,1741607679256,251.53698921203613,181.6842422031221,1741607679246.3,0.5709413283184235
1,1,block_2,2,Provo_ID2,1,1077713,1257085,1,gaze_data,1741607679298,261.15312576293945,169.3894522530692,1741607679276.8,0.810315795631238
1,1,block_2,2,Provo_ID2,1,1077713,1257085,1,gaze_data,1741607679339,267.9813623428345,173.0827722095308,1741607679310.8,0.8838983905676502
1,1,block_2,2,Provo_ID2,1,1077713,1257085,1,gaze_data,1741607679366,263.94267082214355,181.42785980587914,1741607679344.3,0.917070097318347
1,1,block_2,2,Provo_ID2,1,1077713,1257085,1,gaze_data,1741607679394,270.9765672683716,181.49039450145904,1741607679379.5,0.860981899491369
1,1,block_2,2,Provo_ID2,1,1077713,1257085,1,gaze_data,1741607679434,266.6187286376953,187.89280982244583,1741607679411.2,0.9594794608892879
1,1,block_2,2,Provo_ID2,1,1077713,1257085,1,gaze_data,1741607679462,273.87092113494873,185.13550417763847,1741607679446.1,0.9331220207654254
1,1,block_2,2,Provo_ID2,1,1077713,1257085,1,gaze_data,1741607679499,272.5322723388672,193.4996745699928,1741607679478.8,0.9942070246296577
1,1,block_2,2,Provo_ID2,1,1077713,1257085,1,gaze_data,1741607679534,280.2203893661499,188.0187731697446,1741607679511.5,0.9184115884739161
1,1,block_2,2,Provo_ID2,1,1077713,1257085,1,gaze_data,1741607679558,277.95965671539307,192.79087997618177,1741607679544.6,0.9839492591392096
1,1,block_2,2,Provo_ID2,1,1077713,1257085,1,gaze_data,1741607679594,202.17204093933105,233.1528307142712,1741607679577.2,1
1,1,block_2,2,Provo_ID2,1,1077713,1257085,1,gaze_data,1741607679639,206.66570663452148,235.12479061172124,1741607679611.5,0.9200869992075025
1,1,block_2,2,Provo_ID2,1,1077713,1257085,1,gaze_data,1741607679672,207.77926445007324,243.86913696924847,1741607679644.2,0.9396201031310141
1,1,block_2,2,Provo_ID2,1,1077713,1257085,1,gaze_data,1741607679701,212.31679916381836,238.90430870510284,1741607679679.4001,0.9081131592281211
1,1,block_2,2,Provo_ID2,1,1077713,1257085,1,gaze_data,1741607679729,212.3490333557129,239.96633387747266,1741607679711.9001,0.9548366934948613
1,1,block_2,2,Provo_ID2,1,1077713,1257085,1,gaze_data,1741607679767,212.34819889068604,232.1444693065825,1741607679745.2,0.9100319239356822
1,1,block_2,2,Provo_ID2,1,1077713,1257085,1,gaze_data,1741607679795,205.6696653366089,234.87484892209372,1741607679779.8,0.9945568047804594
1,1,block_2,2,Provo_ID2,1,1077713,1257085,1,gaze_data,1741607679829,312.1688902378082,299.52088764735635,1741607679811.5,0.9240821273207303
1,1,block_2,2,Provo_ID2,1,1077713,1257085,1,gaze_data,1741607679863,468.8139855861664,295.55147602444606,1741607679848.7,1
1,1,block_2,2,Provo_ID2,1,1077713,1257085,1,gaze_data,1741607679905,459.7374677658081,288.6278068451654,1741607679877.6,1
1,1,block_2,2,Provo_ID2,1,1077713,1257085,1,gaze_data,1741607679933,457.79502987861633,294.2220928555443,1741607679911.1,1
1,1,block_2,2,Provo_ID2,1,1077713,1257085,1,gaze_data,1741607679969,452.64360308647156,293.1154314676921,1741607679949.4001,1
1,1,block_2,2,Provo_ID2,1,1077713,1257085,1,gaze_data,1741607680001,447.5095599889755,292.8233119419643,1741607679979,0.9515058327428463
1,1,block_2,2,Provo_ID2,1,1077713,1257085,1,gaze_data,1741607680034,453.57834100723267,298.03649811517624,1741607680013.9001,1
1,1,block_2,2,Provo_ID2,1,1077713,1257085,1,gaze_data,1741607680062,462.29287981987,289.2927553540184,1741607680045.8,0.9637462442022446
1,1,block_2,2,Provo_ID2,1,1077713,1257085,1,gaze_data,1741607680100,471.07290625572205,296.5851004918417,1741607680078.4001,0.990485426454865
1,1,block_2,2,Provo_ID2,1,1077713,1257085,1,gaze_data,1741607680129,472.96732664108276,292.2236644654047,1741607680113.1,0.9960029510197708
1,1,block_2,2,Provo_ID2,1,1077713,1257085,1,gaze_data,1741607680163,480.5877685546875,296.54028302147276,1741607680146.7,1
1,1,block_2,2,Provo_ID2,1,1077713,1257085,1,gaze_data,1741607680196,482.49794840812683,292.57141340346567,1741607680180.5,1
1,1,block_2,2,Provo_ID2,1,1077713,1257085,1,gaze_data,1741607680232,481.0771703720093,294.7713057200114,1741607680210.4001,1
1,1,block_2,2,Provo_ID2,1,1077713,1257085,1,gaze_data,1741607680263,481.5540373325348,294.11814053853357,1741607680245.3,1
1,1,block_2,2,Provo_ID2,1,1077713,1257085,1,gaze_data,1741607680306,473.46574664115906,289.5558670588902,1741607680278.4001,1
1,1,block_2,2,Provo_ID2,1,1077713,1257085,1,gaze_data,1741607680338,471.94201946258545,288.3373274121966,1741607680310.7,1
1,1,block_2,2,Provo_ID2,1,1077713,1257085,1,gaze_data,1741607680368,472.0512092113495,291.66315396626794,1741607680348.1,1
1,1,block_2,2,Provo_ID2,1,1077713,1257085,1,gaze_data,1741607680395,475.1491129398346,286.0280768076579,1741607680379.2,0.996146967115775
1,1,block_2,2,Provo_ID2,1,1077713,1257085,1,gaze_data,1741607680429,527.7504205703735,104.71430188133604,1741607680411.3,1
1,1,block_2,2,Provo_ID2,1,1077713,1257085,1,gaze_data,1741607680476,571.0913181304932,85.3034310113816,1741607680444.8,0.9025515778028095
1,1,block_2,2,Provo_ID2,1,1077713,1257085,1,gaze_data,1741607680501,592.2587633132935,101.10871632893881,1741607680479.5,1
1,1,block_2,2,Provo_ID2,1,1077713,1257085,1,gaze_data,1741607680529,575.2196788787842,93.26887584867931,1741607680512.1,1
1,1,block_2,2,Provo_ID2,1,1077713,1257085,1,gaze_data,1741607680567,568.7921047210693,87.55321593511673,1741607680546.4001,1
1,1,block_2,2,Provo_ID2,1,1077713,1257085,1,gaze_data,1741607680597,574.8246192932129,91.35758354550316,1741607680585.7,1
1,1,block_2,2,Provo_ID2,1,1077713,1257085,1,gaze_data,1741607680630,574.4139909744263,94.83604431152344,1741607680611.3,1
1,1,block_2,2,Provo_ID2,1,1077713,1257085,1,gaze_data,1741607680667,576.370120048523,94.33525993710472,1741607680645.3,1
1,1,block_2,2,Provo_ID2,1,1077713,1257085,1,gaze_data,1741607680701,581.0404062271118,94.45590882074266,1741607680678.1,1
1,1,block_2,2,Provo_ID2,1,1077713,1257085,1,gaze_data,1741607680734,571.1751699447632,93.05314381917319,1741607680713.8,1
1,1,block_2,2,Provo_ID2,1,1077713,1257085,1,gaze_data,1741607680765,579.9925327301025,98.76883188883464,1741607680746.2,1
1,1,block_2,2,Provo_ID2,1,1077713,1257085,1,gaze_data,1741607680796,575.0961542129517,97.9840087890625,1741607680778.9001,1
1,1,block_2,2,Provo_ID2,1,1077713,1257085,1,gaze_data,1741607680830,586.8704795837402,102.7478517804827,1741607680812.9001,1
1,1,block_2,2,Provo_ID2,1,1077713,1257085,1,gaze_data,1741607680862,580.3064823150635,137.56545134953092,1741607680846.9001,1
1,1,block_2,2,Provo_ID2,1,1077713,1257085,1,gaze_data,1741607680906,435.55840253829956,245.32666030384246,1741607680879.6,0.9841151731969271
1,1,block_2,2,Provo_ID2,1,1077713,1257085,1,gaze_data,1741607683327,423.76926243305206,138.87197880517868,1741607683280,1
1,1,block_2,2,Provo_ID2,1,1077713,1257085,1,gaze_data,1741607683356,424.1614297032356,138.9343023300171,1741607683313.2,1
1,1,block_2,2,Provo_ID2,1,1077713,1257085,1,gaze_data,1741607683386,422.1013590693474,138.7262146813529,1741607683347.6,1
1,1,block_2,2,Provo_ID2,1,1077713,1257085,1,gaze_data,1741607683423,417.4674719572067,135.7907161258516,1741607683390.2,1
1,1,block_2,2,Provo_ID2,1,1077713,1257085,1,gaze_data,1741607683450,417.52389520406723,134.38761325109573,1741607683414.4001,1
1,1,block_2,2,Provo_ID2,1,1077713,1257085,1,gaze_data,1741607683486,421.36856615543365,139.09087839580718,1741607683448.3,1
1,1,block_2,2,Provo_ID2,1,1077713,1257085,1,gaze_data,1741607683518,418.4965431690216,138.8141884122576,1741607683488.9001,1
1,1,block_2,2,Provo_ID2,1,1077713,1257085,1,gaze_data,1741607683556,416.0581052303314,140.65568174634663,1741607683512,1
1,1,block_2,2,Provo_ID2,1,1077713,1257085,1,gaze_data,1741607683584,415.1915177702904,139.4010741370065,1741607683546.6,1
1,1,block_2,2,Provo_ID2,1,1077713,1257085,1,gaze_data,1741607683623,411.3347716629505,136.86135178520567,1741607683587,1
1,1,block_2,2,Provo_ID2,1,1077713,1257085,1,gaze_data,1741607683656,389.61729258298874,143.480357896714,1741607683614.8,1
1,1,block_2,2,Provo_ID2,1,1077713,1257085,1,gaze_data,1741607683689,192.84212589263916,239.4198451155708,1741607683646.2,1
1,1,block_2,2,Provo_ID2,1,1077713,1257085,1,gaze_data,1741607683722,224.14603233337402,222.13694004785447,1741607683679.7,1
1,1,block_2,2,Provo_ID2,1,1077713,1257085,1,gaze_data,1741607683750,224.1914987564087,230.69475576991127,1741607683712.5,1
1,1,block_2,2,Provo_ID2,1,1077713,1257085,1,gaze_data,1741607683784,223.2410430908203,237.72968905312675,1741607683746.4001,1
1,1,block_2,2,Provo_ID2,1,1077713,1257085,1,gaze_data,1741607683821,222.59750366210938,235.45396708306814,1741607683781,1
1,1,block_2,2,Provo_ID2,1,1077713,1257085,1,gaze_data,1741607683850,220.73066234588623,240.20071228345236,1741607683813.8,1
1,1,block_2,2,Provo_ID2,1,1077713,1257085,1,gaze_data,1741607683890,254.5537233352661,266.1041173480806,1741607683847.3,1
1,1,block_2,2,Provo_ID2,1,1077713,1257085,1,gaze_data,1741607683917,264.78569507598877,313.8472879500616,1741607683879.4001,1
1,1,block_2,2,Provo_ID2,1,1077713,1257085,1,gaze_data,1741607683948,231.3756227493286,298.83489245460146,1741607683912.9001,1
1,1,block_2,2,Provo_ID2,1,1077713,1257085,1,gaze_data,1741607683977,251.63941383361816,264.7969915753319,1741607683951.8,1
1,1,block_2,2,Provo_ID2,1,1077713,1257085,1,gaze_data,1741607684023,231.98156356811523,272.69635052908035,1741607683979.7,1
1,1,block_2,2,Provo_ID2,1,1077713,1257085,1,gaze_data,1741607684054,237.07730770111084,284.0741491317749,1741607684013.4001,1
1,1,block_2,2,Provo_ID2,1,1077713,1257085,1,gaze_data,1741607684082,231.958270072937,270.9139674050468,1741607684047.9001,1
1,1,block_2,2,Provo_ID2,1,1077713,1257085,1,gaze_data,1741607684117,233.14108848571777,265.5827191897801,1741607684080.2,1
1,1,block_2,2,Provo_ID2,1,1077713,1257085,1,gaze_data,1741607684151,263.65301609039307,279.5552430834089,1741607684114.6,1
1,1,block_2,2,Provo_ID2,1,1077713,1257085,1,gaze_data,1741607684187,255.99308013916016,277.12549845377606,1741607684147.9001,1
1,1,block_2,2,Provo_ID2,1,1077713,1257085,1,gaze_data,1741607684219,245.8901882171631,274.81393552961805,1741607684181.4001,1
1,1,block_2,2,Provo_ID2,1,1077713,1257085,1,gaze_data,1741607684254,246.40681743621826,273.0195086342948,1741607684213.2,0.9394466638546799
1,1,block_2,2,Provo_ID2,1,1077713,1257085,1,gaze_data,1741607684285,247.54297733306885,275.71985097158523,1741607684246.7,1
1,1,block_2,2,Provo_ID2,1,1077713,1257085,1,gaze_data,1741607684316,246.89300060272217,277.6757460548764,1741607684280.7,0.9561282852159065
1,1,block_2,2,Provo_ID2,1,1077713,1257085,1,gaze_data,1741607684343,461.68426871299744,335.5237745103382,1741607684313.2,0.9288518875842189
1,1,block_2,2,Provo_ID2,1,1077713,1257085,1,gaze_data,1741607684387,434.9707305431366,310.32954238709954,1741607684346.3,1
1,1,block_2,2,Provo_ID2,1,1077713,1257085,1,gaze_data,1741607684411,454.94794845581055,309.5177105494908,1741607684381.3,0.9275644014845623
1,1,block_2,2,Provo_ID2,1,1077713,1257085,1,gaze_data,1741607684452,459.58189964294434,309.99177478608635,1741607684414.2,1
1,1,block_2,2,Provo_ID2,1,1077713,1257085,1,gaze_data,1741607684480,467.7585959434509,312.996769632612,1741607684447.1,0.9823213881578581
1,1,block_2,2,Provo_ID2,1,1077713,1257085,1,gaze_data,1741607684513,477.8932988643646,314.08106803894043,1741607684479.9001,0.9902406394794516
1,1,block_2,2,Provo_ID2,1,1077713,1257085,1,gaze_data,1741607684549,473.91083240509033,311.5937723432269,1741607684513.4001,0.9656834093798214
1,1,block_2,2,Provo_ID2,1,1077713,1257085,1,gaze_data,1741607684585,472.30045795440674,316.6991699309576,1741607684547.2,0.9765447381344572
1,1,block_2,2,Provo_ID2,1,1077713,1257085,1,gaze_data,1741607684611,476.3253331184387,317.7758380344936,1741607684580.8,0.9174008342509143
1,1,block_2,2,Provo_ID2,1,1077713,1257085,1,gaze_data,1741607684652,476.7329812049866,317.47334298633393,1741607684619.7,0.9113753184497173
1,1,block_2,2,Provo_ID2,1,1077713,1257085,1,gaze_data,1741607684675,447.0336675643921,277.5082031885783,1741607684646.9001,0.90046604071278
1,1,block_2,2,Provo_ID2,1,1077713,1257085,1,gaze_data,1741607684719,392.0646548271179,93.63558088030135,1741607684679.8,0.9717206756138426
1,1,block_2,2,Provo_ID2,1,1077713,1257085,1,gaze_x,"",
1,1,block_2,2,Provo_ID2,1,1077713,1257085,1,gaze_y,"",
1,1,block_2,2,Provo_ID2,1,1077713,1257085,1,el_x,"",
1,1,block_2,2,Provo_ID2,1,1077713,1257085,1,applied_drift,1741607628785,
1,1,block_2,2,Provo_ID2,1,1077713,1257085,1,applied_drift,1741607654073,-9.150177426636219,-43.50982734135219
1,1,block_2,2,Provo_ID2,1,1077713,1257085,1,applied_drift,1741607654097,-9.150177426636219,-43.50982734135219
1,1,block_2,2,Provo_ID2,1,1077713,1257085,1,applied_drift,1741607654135,-9.150177426636219,-43.50982734135219
1,1,block_2,2,Provo_ID2,1,1077713,1257085,1,applied_drift,1741607654163,-9.150177426636219,-43.50982734135219
1,1,block_2,2,Provo_ID2,1,1077713,1257085,1,applied_drift,1741607654192,-9.150177426636219,-43.50982734135219
1,1,block_2,2,Provo_ID2,1,1077713,1257085,1,applied_drift,1741607654240,-9.150177426636219,-43.50982734135219
1,1,block_2,2,Provo_ID2,1,1077713,1257085,1,applied_drift,1741607654268,-9.150177426636219,-43.50982734135219
1,1,block_2,2,Provo_ID2,1,1077713,1257085,1,applied_drift,1741607654301,-9.150177426636219,-43.50982734135219
1,1,block_2,2,Provo_ID2,1,1077713,1257085,1,applied_drift,1741607654329,-9.150177426636219,-43.50982734135219
1,1,block_2,2,Provo_ID2,1,1077713,1257085,1,applied_drift,1741607654363,-9.150177426636219,-43.50982734135219
1,1,block_2,2,Provo_ID2,1,1077713,1257085,1,applied_drift,1741607654395,-9.150177426636219,-43.50982734135219
1,1,block_2,2,Provo_ID2,1,1077713,1257085,1,applied_drift,1741607654433,-9.150177426636219,-43.50982734135219
1,1,block_2,2,Provo_ID2,1,1077713,1257085,1,applied_drift,1741607654468,-9.150177426636219,-43.50982734135219
1,1,block_2,2,Provo_ID2,1,1077713,1257085,1,applied_drift,1741607654496,-9.150177426636219,-43.50982734135219
1,1,block_2,2,Provo_ID2,1,1077713,1257085,1,applied_drift,1741607654532,-9.150177426636219,-43.50982734135219
1,1,block_2,2,Provo_ID2,1,1077713,1257085,1,applied_drift,1741607654563,-9.150177426636219,-43.50982734135219
1,1,block_2,2,Provo_ID2,1,1077713,1257085,1,applied_drift,1741607654595,-9.150177426636219,-43.50982734135219
1,1,block_2,2,Provo_ID2,1,1077713,1257085,1,applied_drift,1741607654633,-9.150177426636219,-43.50982734135219
1,1,block_2,2,Provo_ID2,1,1077713,1257085,1,applied_drift,1741607654673,-9.150177426636219,-43.50982734135219
1,1,block_2,2,Provo_ID2,1,1077713,1257085,1,applied_drift,1741607654701,-9.150177426636219,-43.50982734135219
1,1,block_2,2,Provo_ID2,1,1077713,1257085,1,applied_drift,1741607654728,-9.150177426636219,-43.50982734135219
1,1,block_2,2,Provo_ID2,1,1077713,1257085,1,applied_drift,1741607654769,-9.150177426636219,-43.50982734135219
1,1,block_2,2,Provo_ID2,1,1077713,1257085,1,applied_drift,1741607654797,-9.150177426636219,-43.50982734135219
1,1,block_2,2,Provo_ID2,1,1077713,1257085,1,applied_drift,1741607654829,-9.150177426636219,-43.50982734135219
1,1,block_2,2,Provo_ID2,1,1077713,1257085,1,applied_drift,1741607654867,-9.150177426636219,-43.50982734135219
1,1,block_2,2,Provo_ID2,1,1077713,1257085,1,applied_drift,1741607654899,-9.150177426636219,-43.50982734135219
1,1,block_2,2,Provo_ID2,1,1077713,1257085,1,applied_drift,1741607654934,-9.150177426636219,-43.50982734135219
1,1,block_2,2,Provo_ID2,1,1077713,1257085,1,applied_drift,1741607654968,-9.150177426636219,-43.50982734135219
1,1,block_2,2,Provo_ID2,1,1077713,1257085,1,applied_drift,1741607654998,-9.150177426636219,-43.50982734135219
1,1,block_2,2,Provo_ID2,1,1077713,1257085,1,applied_drift,1741607655030,-9.150177426636219,-43.50982734135219
1,1,block_2,2,Provo_ID2,1,1077713,1257085,1,applied_drift,1741607655062,-9.150177426636219,-43.50982734135219
1,1,block_2,2,Provo_ID2,1,1077713,1257085,1,applied_drift,1741607655095,-9.150177426636219,-43.50982734135219
1,1,block_2,2,Provo_ID2,1,1077713,1257085,1,applied_drift,1741607655130,-9.150177426636219,-43.50982734135219
1,1,block_2,2,Provo_ID2,1,1077713,1257085,1,applied_drift,1741607655173,-9.150177426636219,-43.50982734135219
1,1,block_2,2,Provo_ID2,1,1077713,1257085,1,applied_drift,1741607655201,-9.150177426636219,-43.50982734135219
1,1,block_2,2,Provo_ID2,1,1077713,1257085,1,applied_drift,1741607655230,-9.150177426636219,-43.50982734135219
1,1,block_2,2,Provo_ID2,1,1077713,1257085,1,applied_drift,1741607655269,-9.150177426636219,-43.50982734135219
1,1,block_2,2,Provo_ID2,1,1077713,1257085,1,applied_drift,1741607655292,-9.150177426636219,-43.50982734135219
1,1,block_2,2,Provo_ID2,1,1077713,1257085,1,applied_drift,1741607655331,-9.150177426636219,-43.50982734135219
1,1,block_2,2,Provo_ID2,1,1077713,1257085,1,applied_drift,1741607655370,-9.150177426636219,-43.50982734135219
1,1,block_2,2,Provo_ID2,1,1077713,1257085,1,applied_drift,1741607655397,-9.150177426636219,-43.50982734135219
1,1,block_2,2,Provo_ID2,1,1077713,1257085,1,applied_drift,1741607655436,-9.150177426636219,-43.50982734135219
1,1,block_2,2,Provo_ID2,1,1077713,1257085,1,applied_drift,1741607655464,-9.150177426636219,-43.50982734135219
1,1,block_2,2,Provo_ID2,1,1077713,1257085,1,applied_drift,1741607655496,-9.150177426636219,-43.50982734135219
1,1,block_2,2,Provo_ID2,1,1077713,1257085,1,applied_drift,1741607655537,-9.150177426636219,-43.50982734135219
1,1,block_2,2,Provo_ID2,1,1077713,1257085,1,applied_drift,1741607655564,-9.150177426636219,-43.50982734135219
1,1,block_2,2,Provo_ID2,1,1077713,1257085,1,applied_drift,1741607655596,-9.150177426636219,-43.50982734135219
1,1,block_2,2,Provo_ID2,1,1077713,1257085,1,applied_drift,1741607655632,-9.150177426636219,-43.50982734135219
1,1,block_2,2,Provo_ID2,1,1077713,1257085,1,applied_drift,1741607655663,-9.150177426636219,-43.50982734135219
1,1,block_2,2,Provo_ID2,1,1077713,1257085,1,applied_drift,1741607655702,-9.150177426636219,-43.50982734135219
1,1,block_2,2,Provo_ID2,1,1077713,1257085,1,applied_drift,1741607655736,-9.150177426636219,-43.50982734135219
1,1,block_2,2,Provo_ID2,1,1077713,1257085,1,applied_drift,1741607655768,-9.150177426636219,-43.50982734135219
1,1,block_2,2,Provo_ID2,1,1077713,1257085,1,applied_drift,1741607655801,-9.150177426636219,-43.50982734135219
1,1,block_2,2,Provo_ID2,1,1077713,1257085,1,applied_drift,1741607655835,-9.150177426636219,-43.50982734135219
1,1,block_2,2,Provo_ID2,1,1077713,1257085,1,applied_drift,1741607655868,-9.150177426636219,-43.50982734135219
1,1,block_2,2,Provo_ID2,1,1077713,1257085,1,applied_drift,1741607655896,-9.150177426636219,-43.50982734135219
1,1,block_2,2,Provo_ID2,1,1077713,1257085,1,applied_drift,1741607655930,-9.150177426636219,-43.50982734135219
1,1,block_2,2,Provo_ID2,1,1077713,1257085,1,applied_drift,1741607655973,-9.150177426636219,-43.50982734135219
1,1,block_2,2,Provo_ID2,1,1077713,1257085,1,applied_drift,1741607656001,-9.150177426636219,-43.50982734135219
1,1,block_2,2,Provo_ID2,1,1077713,1257085,1,applied_drift,1741607656034,-9.150177426636219,-43.50982734135219
1,1,block_2,2,Provo_ID2,1,1077713,1257085,1,applied_drift,1741607656062,-9.150177426636219,-43.50982734135219
1,1,block_2,2,Provo_ID2,1,1077713,1257085,1,applied_drift,1741607656101,-9.150177426636219,-43.50982734135219
1,1,block_2,2,Provo_ID2,1,1077713,1257085,1,applied_drift,1741607656129,-9.150177426636219,-43.50982734135219
1,1,block_2,2,Provo_ID2,1,1077713,1257085,1,applied_drift,1741607656162,-9.150177426636219,-43.50982734135219
1,1,block_2,2,Provo_ID2,1,1077713,1257085,1,applied_drift,1741607656202,-9.150177426636219,-43.50982734135219
1,1,block_2,2,Provo_ID2,1,1077713,1257085,1,applied_drift,1741607656233,-9.150177426636219,-43.50982734135219
1,1,block_2,2,Provo_ID2,1,1077713,1257085,1,applied_drift,1741607656263,-9.150177426636219,-43.50982734135219
1,1,block_2,2,Provo_ID2,1,1077713,1257085,1,applied_drift,1741607656299,-9.150177426636219,-43.50982734135219
1,1,block_2,2,Provo_ID2,1,1077713,1257085,1,applied_drift,1741607656329,-9.150177426636219,-43.50982734135219
1,1,block_2,2,Provo_ID2,1,1077713,1257085,1,applied_drift,1741607656362,-9.150177426636219,-43.50982734135219
1,1,block_2,2,Provo_ID2,1,1077713,1257085,1,applied_drift,1741607656397,-9.150177426636219,-43.50982734135219
1,1,block_2,2,Provo_ID2,1,1077713,1257085,1,applied_drift,1741607656434,-9.150177426636219,-43.50982734135219
1,1,block_2,2,Provo_ID2,1,1077713,1257085,1,applied_drift,1741607656468,-9.150177426636219,-43.50982734135219
1,1,block_2,2,Provo_ID2,1,1077713,1257085,1,applied_drift,1741607656495,-9.150177426636219,-43.50982734135219
1,1,block_2,2,Provo_ID2,1,1077713,1257085,1,applied_drift,1741607656534,-9.150177426636219,-43.50982734135219
1,1,block_2,2,Provo_ID2,1,1077713,1257085,1,applied_drift,1741607656562,-9.150177426636219,-43.50982734135219
1,1,block_2,2,Provo_ID2,1,1077713,1257085,1,applied_drift,1741607656596,-9.150177426636219,-43.50982734135219
1,1,block_2,2,Provo_ID2,1,1077713,1257085,1,applied_drift,1741607656635,-9.150177426636219,-43.50982734135219
1,1,block_2,2,Provo_ID2,1,1077713,1257085,1,applied_drift,1741607656662,-9.150177426636219,-43.50982734135219
1,1,block_2,2,Provo_ID2,1,1077713,1257085,1,applied_drift,1741607656701,-9.150177426636219,-43.50982734135219
1,1,block_2,2,Provo_ID2,1,1077713,1257085,1,applied_drift,1741607656739,-9.150177426636219,-43.50982734135219
1,1,block_2,2,Provo_ID2,1,1077713,1257085,1,applied_drift,1741607656767,-9.150177426636219,-43.50982734135219
1,1,block_2,2,Provo_ID2,1,1077713,1257085,1,applied_drift,1741607656795,-9.150177426636219,-43.50982734135219
1,1,block_2,2,Provo_ID2,1,1077713,1257085,1,applied_drift,1741607656834,-9.150177426636219,-43.50982734135219
1,1,block_2,2,Provo_ID2,1,1077713,1257085,1,applied_drift,1741607656863,-9.150177426636219,-43.50982734135219
1,1,block_2,2,Provo_ID2,1,1077713,1257085,1,applied_drift,1741607656901,-9.150177426636219,-43.50982734135219
1,1,block_2,2,Provo_ID2,1,1077713,1257085,1,applied_drift,1741607656928,-9.150177426636219,-43.50982734135219
1,1,block_2,2,Provo_ID2,1,1077713,1257085,1,applied_drift,1741607656961,-9.150177426636219,-43.50982734135219
1,1,block_2,2,Provo_ID2,1,1077713,1257085,1,applied_drift,1741607657006,-9.150177426636219,-43.50982734135219
1,1,block_2,2,Provo_ID2,1,1077713,1257085,1,applied_drift,1741607657034,-9.150177426636219,-43.50982734135219
1,1,block_2,2,Provo_ID2,1,1077713,1257085,1,applied_drift,1741607657061,-9.150177426636219,-43.50982734135219
1,1,block_2,2,Provo_ID2,1,1077713,1257085,1,applied_drift,1741607657093,-9.150177426636219,-43.50982734135219
1,1,block_2,2,Provo_ID2,1,1077713,1257085,1,applied_drift,1741607657134,-9.150177426636219,-43.50982734135219
1,1,block_2,2,Provo_ID2,1,1077713,1257085,1,applied_drift,1741607657168,-9.150177426636219,-43.50982734135219
1,1,block_2,2,Provo_ID2,1,1077713,1257085,1,applied_drift,1741607657200,-9.150177426636219,-43.50982734135219
1,1,block_2,2,Provo_ID2,1,1077713,1257085,1,applied_drift,1741607657229,-9.150177426636219,-43.50982734135219
1,1,block_2,2,Provo_ID2,1,1077713,1257085,1,applied_drift,1741607657262,-9.150177426636219,-43.50982734135219
1,1,block_2,2,Provo_ID2,1,1077713,1257085,1,applied_drift,1741607657300,-9.150177426636219,-43.50982734135219
1,1,block_2,2,Provo_ID2,1,1077713,1257085,1,applied_drift,1741607657335,-9.150177426636219,-43.50982734135219
1,1,block_2,2,Provo_ID2,1,1077713,1257085,1,applied_drift,1741607657361,-9.150177426636219,-43.50982734135219
1,1,block_2,2,Provo_ID2,1,1077713,1257085,1,applied_drift,1741607657396,-9.150177426636219,-43.50982734135219
1,1,block_2,2,Provo_ID2,1,1077713,1257085,1,applied_drift,1741607657433,-9.150177426636219,-43.50982734135219
1,1,block_2,2,Provo_ID2,1,1077713,1257085,1,applied_drift,1741607657462,-9.150177426636219,-43.50982734135219
1,1,block_2,2,Provo_ID2,1,1077713,1257085,1,applied_drift,1741607657501,-9.150177426636219,-43.50982734135219
1,1,block_2,2,Provo_ID2,1,1077713,1257085,1,applied_drift,1741607657534,-9.150177426636219,-43.50982734135219
1,1,block_2,2,Provo_ID2,1,1077713,1257085,1,applied_drift,1741607657562,-9.150177426636219,-43.50982734135219
1,1,block_2,2,Provo_ID2,1,1077713,1257085,1,applied_drift,1741607657592,-9.150177426636219,-43.50982734135219
1,1,block_2,2,Provo_ID2,1,1077713,1257085,1,applied_drift,1741607657632,-9.150177426636219,-43.50982734135219
1,1,block_2,2,Provo_ID2,1,1077713,1257085,1,applied_drift,1741607657668,-9.150177426636219,-43.50982734135219
1,1,block_2,2,Provo_ID2,1,1077713,1257085,1,applied_drift,1741607657695,-9.150177426636219,-43.50982734135219
1,1,block_2,2,Provo_ID2,1,1077713,1257085,1,applied_drift,1741607657729,-9.150177426636219,-43.50982734135219
1,1,block_2,2,Provo_ID2,1,1077713,1257085,1,applied_drift,1741607657768,-9.150177426636219,-43.50982734135219
1,1,block_2,2,Provo_ID2,1,1077713,1257085,1,applied_drift,1741607657800,-9.150177426636219,-43.50982734135219
1,1,block_2,2,Provo_ID2,1,1077713,1257085,1,applied_drift,1741607657834,-9.150177426636219,-43.50982734135219
1,1,block_2,2,Provo_ID2,1,1077713,1257085,1,applied_drift,1741607657867,-9.150177426636219,-43.50982734135219
1,1,block_2,2,Provo_ID2,1,1077713,1257085,1,applied_drift,1741607657892,-9.150177426636219,-43.50982734135219
1,1,block_2,2,Provo_ID2,1,1077713,1257085,1,applied_drift,1741607657934,-9.150177426636219,-43.50982734135219
1,1,block_2,2,Provo_ID2,1,1077713,1257085,1,applied_drift,1741607657967,-9.150177426636219,-43.50982734135219
1,1,block_2,2,Provo_ID2,1,1077713,1257085,1,applied_drift,1741607657996,-9.150177426636219,-43.50982734135219
1,1,block_2,2,Provo_ID2,1,1077713,1257085,1,applied_drift,1741607658034,-9.150177426636219,-43.50982734135219
1,1,block_2,2,Provo_ID2,1,1077713,1257085,1,applied_drift,1741607658068,-9.150177426636219,-43.50982734135219
1,1,block_2,2,Provo_ID2,1,1077713,1257085,1,applied_drift,1741607658095,-9.150177426636219,-43.50982734135219
1,1,block_2,2,Provo_ID2,1,1077713,1257085,1,applied_drift,1741607658134,-9.150177426636219,-43.50982734135219
1,1,block_2,2,Provo_ID2,1,1077713,1257085,1,applied_drift,1741607658167,-9.150177426636219,-43.50982734135219
1,1,block_2,2,Provo_ID2,1,1077713,1257085,1,applied_drift,1741607658195,-9.150177426636219,-43.50982734135219
1,1,block_2,2,Provo_ID2,1,1077713,1257085,1,applied_drift,1741607658232,-9.150177426636219,-43.50982734135219
1,1,block_2,2,Provo_ID2,1,1077713,1257085,1,applied_drift,1741607658262,-9.150177426636219,-43.50982734135219
1,1,block_2,2,Provo_ID2,1,1077713,1257085,1,applied_drift,1741607658292,-9.150177426636219,-43.50982734135219
1,1,block_2,2,Provo_ID2,1,1077713,1257085,1,applied_drift,1741607658330,-9.150177426636219,-43.50982734135219
1,1,block_2,2,Provo_ID2,1,1077713,1257085,1,applied_drift,1741607658362,-9.150177426636219,-43.50982734135219
1,1,block_2,2,Provo_ID2,1,1077713,1257085,1,applied_drift,1741607658401,-9.150177426636219,-43.50982734135219
1,1,block_2,2,Provo_ID2,1,1077713,1257085,1,applied_drift,1741607658434,-9.150177426636219,-43.50982734135219
1,1,block_2,2,Provo_ID2,1,1077713,1257085,1,applied_drift,1741607658458,-9.150177426636219,-43.50982734135219
1,1,block_2,2,Provo_ID2,1,1077713,1257085,1,applied_drift,1741607658501,-9.150177426636219,-43.50982734135219
1,1,block_2,2,Provo_ID2,1,1077713,1257085,1,applied_drift,1741607658528,-9.150177426636219,-43.50982734135219
1,1,block_2,2,Provo_ID2,1,1077713,1257085,1,applied_drift,1741607658567,-9.150177426636219,-43.50982734135219
1,1,block_2,2,Provo_ID2,1,1077713,1257085,1,applied_drift,1741607658601,-9.150177426636219,-43.50982734135219
1,1,block_2,2,Provo_ID2,1,1077713,1257085,1,applied_drift,1741607658634,-9.150177426636219,-43.50982734135219
1,1,block_2,2,Provo_ID2,1,1077713,1257085,1,applied_drift,1741607658661,-9.150177426636219,-43.50982734135219
1,1,block_2,2,Provo_ID2,1,1077713,1257085,1,applied_drift,1741607658695,-9.150177426636219,-43.50982734135219
1,1,block_2,2,Provo_ID2,1,1077713,1257085,1,applied_drift,1741607658729,-9.150177426636219,-43.50982734135219
1,1,block_2,2,Provo_ID2,1,1077713,1257085,1,applied_drift,1741607658764,-9.150177426636219,-43.50982734135219
1,1,block_2,2,Provo_ID2,1,1077713,1257085,1,applied_drift,1741607658801,-9.150177426636219,-43.50982734135219
1,1,block_2,2,Provo_ID2,1,1077713,1257085,1,applied_drift,1741607658834,-9.150177426636219,-43.50982734135219
1,1,block_2,2,Provo_ID2,1,1077713,1257085,1,applied_drift,1741607658858,-9.150177426636219,-43.50982734135219
1,1,block_2,2,Provo_ID2,1,1077713,1257085,1,applied_drift,1741607658901,-9.150177426636219,-43.50982734135219
1,1,block_2,2,Provo_ID2,1,1077713,1257085,1,applied_drift,1741607658928,-9.150177426636219,-43.50982734135219
1,1,block_2,2,Provo_ID2,1,1077713,1257085,1,applied_drift,1741607658968,-9.150177426636219,-43.50982734135219
1,1,block_2,2,Provo_ID2,1,1077713,1257085,1,applied_drift,1741607658996,-9.150177426636219,-43.50982734135219
1,1,block_2,2,Provo_ID2,1,1077713,1257085,1,applied_drift,1741607659028,-9.150177426636219,-43.50982734135219
1,1,block_2,2,Provo_ID2,1,1077713,1257085,1,applied_drift,1741607659067,-9.150177426636219,-43.50982734135219
1,1,block_2,2,Provo_ID2,1,1077713,1257085,1,applied_drift,1741607659096,-9.150177426636219,-43.50982734135219
1,1,block_2,2,Provo_ID2,1,1077713,1257085,1,applied_drift,1741607659133,-9.150177426636219,-43.50982734135219
1,1,block_2,2,Provo_ID2,1,1077713,1257085,1,applied_drift,1741607659168,-9.150177426636219,-43.50982734135219
1,1,block_2,2,Provo_ID2,1,1077713,1257085,1,applied_drift,1741607659198,-9.150177426636219,-43.50982734135219
1,1,block_2,2,Provo_ID2,1,1077713,1257085,1,applied_drift,1741607659234,-9.150177426636219,-43.50982734135219
1,1,block_2,2,Provo_ID2,1,1077713,1257085,1,applied_drift,1741607659262,-9.150177426636219,-43.50982734135219
1,1,block_2,2,Provo_ID2,1,1077713,1257085,1,applied_drift,1741607659296,-9.150177426636219,-43.50982734135219
1,1,block_2,2,Provo_ID2,1,1077713,1257085,1,applied_drift,1741607659328,-9.150177426636219,-43.50982734135219
1,1,block_2,2,Provo_ID2,1,1077713,1257085,1,applied_drift,1741607659363,-9.150177426636219,-43.50982734135219
1,1,block_2,2,Provo_ID2,1,1077713,1257085,1,applied_drift,1741607659401,-9.150177426636219,-43.50982734135219
1,1,block_2,2,Provo_ID2,1,1077713,1257085,1,applied_drift,1741607659434,-9.150177426636219,-43.50982734135219
1,1,block_2,2,Provo_ID2,1,1077713,1257085,1,applied_drift,1741607659467,-9.150177426636219,-43.50982734135219
1,1,block_2,2,Provo_ID2,1,1077713,1257085,1,applied_drift,1741607659491,-9.150177426636219,-43.50982734135219
1,1,block_2,2,Provo_ID2,1,1077713,1257085,1,applied_drift,1741607659534,-9.150177426636219,-43.50982734135219
1,1,block_2,2,Provo_ID2,1,1077713,1257085,1,applied_drift,1741607659561,-9.150177426636219,-43.50982734135219
1,1,block_2,2,Provo_ID2,1,1077713,1257085,1,applied_drift,1741607659601,-9.150177426636219,-43.50982734135219
1,1,block_2,2,Provo_ID2,1,1077713,1257085,1,applied_drift,1741607659634,-9.150177426636219,-43.50982734135219
1,1,block_2,2,Provo_ID2,1,1077713,1257085,1,applied_drift,1741607659662,-9.150177426636219,-43.50982734135219
1,1,block_2,2,Provo_ID2,1,1077713,1257085,1,applied_drift,1741607659701,-9.150177426636219,-43.50982734135219
1,1,block_2,2,Provo_ID2,1,1077713,1257085,1,applied_drift,1741607659732,-9.150177426636219,-43.50982734135219
1,1,block_2,2,Provo_ID2,1,1077713,1257085,1,applied_drift,1741607659766,-9.150177426636219,-43.50982734135219
1,1,block_2,2,Provo_ID2,1,1077713,1257085,1,applied_drift,1741607659801,-9.150177426636219,-43.50982734135219
1,1,block_2,2,Provo_ID2,1,1077713,1257085,1,applied_drift,1741607659834,-9.150177426636219,-43.50982734135219
1,1,block_2,2,Provo_ID2,1,1077713,1257085,1,applied_drift,1741607659862,-9.150177426636219,-43.50982734135219
1,1,block_2,2,Provo_ID2,1,1077713,1257085,1,applied_drift,1741607659896,-9.150177426636219,-43.50982734135219
1,1,block_2,2,Provo_ID2,1,1077713,1257085,1,applied_drift,1741607659929,-9.150177426636219,-43.50982734135219
1,1,block_2,2,Provo_ID2,1,1077713,1257085,1,applied_drift,1741607659962,-9.150177426636219,-43.50982734135219
1,1,block_2,2,Provo_ID2,1,1077713,1257085,1,applied_drift,1741607659995,-9.150177426636219,-43.50982734135219
1,1,block_2,2,Provo_ID2,1,1077713,1257085,1,applied_drift,1741607660033,-9.150177426636219,-43.50982734135219
1,1,block_2,2,Provo_ID2,1,1077713,1257085,1,applied_drift,1741607660061,-9.150177426636219,-43.50982734135219
1,1,block_2,2,Provo_ID2,1,1077713,1257085,1,applied_drift,1741607660095,-9.150177426636219,-43.50982734135219
1,1,block_2,2,Provo_ID2,1,1077713,1257085,1,applied_drift,1741607660127,-9.150177426636219,-43.50982734135219
1,1,block_2,2,Provo_ID2,1,1077713,1257085,1,applied_drift,1741607660165,-9.150177426636219,-43.50982734135219
1,1,block_2,2,Provo_ID2,1,1077713,1257085,1,applied_drift,1741607660200,-9.150177426636219,-43.50982734135219
1,1,block_2,2,Provo_ID2,1,1077713,1257085,1,applied_drift,1741607660227,-9.150177426636219,-43.50982734135219
1,1,block_2,2,Provo_ID2,1,1077713,1257085,1,applied_drift,1741607660257,-9.150177426636219,-43.50982734135219
1,1,block_2,2,Provo_ID2,1,1077713,1257085,1,applied_drift,1741607660297,-9.150177426636219,-43.50982734135219
1,1,block_2,2,Provo_ID2,1,1077713,1257085,1,applied_drift,1741607660332,-9.150177426636219,-43.50982734135219
1,1,block_2,2,Provo_ID2,1,1077713,1257085,1,applied_drift,1741607660361,-9.150177426636219,-43.50982734135219
1,1,block_2,2,Provo_ID2,1,1077713,1257085,1,applied_drift,1741607660400,-9.150177426636219,-43.50982734135219
1,1,block_2,2,Provo_ID2,1,1077713,1257085,1,applied_drift,1741607660428,-9.150177426636219,-43.50982734135219
1,1,block_2,2,Provo_ID2,1,1077713,1257085,1,applied_drift,1741607660463,-9.150177426636219,-43.50982734135219
1,1,block_2,2,Provo_ID2,1,1077713,1257085,1,applied_drift,1741607660498,-9.150177426636219,-43.50982734135219
1,1,block_2,2,Provo_ID2,1,1077713,1257085,1,applied_drift,1741607660532,-9.150177426636219,-43.50982734135219
1,1,block_2,2,Provo_ID2,1,1077713,1257085,1,applied_drift,1741607660561,-9.150177426636219,-43.50982734135219
1,1,block_2,2,Provo_ID2,1,1077713,1257085,1,applied_drift,1741607660599,-9.150177426636219,-43.50982734135219
1,1,block_2,2,Provo_ID2,1,1077713,1257085,1,applied_drift,1741607660630,-9.150177426636219,-43.50982734135219
1,1,block_2,2,Provo_ID2,1,1077713,1257085,1,applied_drift,1741607660663,-9.150177426636219,-43.50982734135219
1,1,block_2,2,Provo_ID2,1,1077713,1257085,1,applied_drift,1741607660696,-9.150177426636219,-43.50982734135219
1,1,block_2,2,Provo_ID2,1,1077713,1257085,1,applied_drift,1741607660732,-9.150177426636219,-43.50982734135219
1,1,block_2,2,Provo_ID2,1,1077713,1257085,1,applied_drift,1741607660760,-9.150177426636219,-43.50982734135219
1,1,block_2,2,Provo_ID2,1,1077713,1257085,1,applied_drift,1741607660800,-9.150177426636219,-43.50982734135219
1,1,block_2,2,Provo_ID2,1,1077713,1257085,1,applied_drift,1741607660829,-9.150177426636219,-43.50982734135219
1,1,block_2,2,Provo_ID2,1,1077713,1257085,1,applied_drift,1741607660862,-9.150177426636219,-43.50982734135219
1,1,block_2,2,Provo_ID2,1,1077713,1257085,1,applied_drift,1741607660898,-9.150177426636219,-43.50982734135219
1,1,block_2,2,Provo_ID2,1,1077713,1257085,1,applied_drift,1741607660932,-9.150177426636219,-43.50982734135219
1,1,block_2,2,Provo_ID2,1,1077713,1257085,1,applied_drift,1741607660967,-9.150177426636219,-43.50982734135219
1,1,block_2,2,Provo_ID2,1,1077713,1257085,1,applied_drift,1741607660996,-9.150177426636219,-43.50982734135219
1,1,block_2,2,Provo_ID2,1,1077713,1257085,1,applied_drift,1741607661033,-9.150177426636219,-43.50982734135219
1,1,block_2,2,Provo_ID2,1,1077713,1257085,1,applied_drift,1741607661062,-9.150177426636219,-43.50982734135219
1,1,block_2,2,Provo_ID2,1,1077713,1257085,1,applied_drift,1741607661096,-9.150177426636219,-43.50982734135219
1,1,block_2,2,Provo_ID2,1,1077713,1257085,1,applied_drift,1741607661126,-9.150177426636219,-43.50982734135219
1,1,block_2,2,Provo_ID2,1,1077713,1257085,1,applied_drift,1741607661161,-9.150177426636219,-43.50982734135219
1,1,block_2,2,Provo_ID2,1,1077713,1257085,1,applied_drift,1741607661198,-9.150177426636219,-43.50982734135219
1,1,block_2,2,Provo_ID2,1,1077713,1257085,1,applied_drift,1741607661228,-9.150177426636219,-43.50982734135219
1,1,block_2,2,Provo_ID2,1,1077713,1257085,1,applied_drift,1741607661263,-9.150177426636219,-43.50982734135219
1,1,block_2,2,Provo_ID2,1,1077713,1257085,1,applied_drift,1741607661298,-9.150177426636219,-43.50982734135219
1,1,block_2,2,Provo_ID2,1,1077713,1257085,1,applied_drift,1741607661332,-9.150177426636219,-43.50982734135219
1,1,block_2,2,Provo_ID2,1,1077713,1257085,1,applied_drift,1741607661361,-9.150177426636219,-43.50982734135219
1,1,block_2,2,Provo_ID2,1,1077713,1257085,1,applied_drift,1741607661400,-9.150177426636219,-43.50982734135219
1,1,block_2,2,Provo_ID2,1,1077713,1257085,1,applied_drift,1741607661431,-9.150177426636219,-43.50982734135219
1,1,block_2,2,Provo_ID2,1,1077713,1257085,1,applied_drift,1741607661464,-9.150177426636219,-43.50982734135219
1,1,block_2,2,Provo_ID2,1,1077713,1257085,1,applied_drift,1741607661496,-9.150177426636219,-43.50982734135219
1,1,block_2,2,Provo_ID2,1,1077713,1257085,1,applied_drift,1741607661533,-9.150177426636219,-43.50982734135219
1,1,block_2,2,Provo_ID2,1,1077713,1257085,1,applied_drift,1741607661563,-9.150177426636219,-43.50982734135219
1,1,block_2,2,Provo_ID2,1,1077713,1257085,1,applied_drift,1741607661597,-9.150177426636219,-43.50982734135219
1,1,block_2,2,Provo_ID2,1,1077713,1257085,1,applied_drift,1741607661625,-9.150177426636219,-43.50982734135219
1,1,block_2,2,Provo_ID2,1,1077713,1257085,1,applied_drift,1741607661661,-9.150177426636219,-43.50982734135219
1,1,block_2,2,Provo_ID2,1,1077713,1257085,1,applied_drift,1741607661696,-9.150177426636219,-43.50982734135219
1,1,block_2,2,Provo_ID2,1,1077713,1257085,1,applied_drift,1741607661724,-9.150177426636219,-43.50982734135219
1,1,block_2,2,Provo_ID2,1,1077713,1257085,1,applied_drift,1741607661764,-9.150177426636219,-43.50982734135219
1,1,block_2,2,Provo_ID2,1,1077713,1257085,1,applied_drift,1741607661790,-9.150177426636219,-43.50982734135219
1,1,block_2,2,Provo_ID2,1,1077713,1257085,1,applied_drift,1741607661832,-9.150177426636219,-43.50982734135219
1,1,block_2,2,Provo_ID2,1,1077713,1257085,1,applied_drift,1741607661861,-9.150177426636219,-43.50982734135219
1,1,block_2,2,Provo_ID2,1,1077713,1257085,1,applied_drift,1741607661900,-9.150177426636219,-43.50982734135219
1,1,block_2,2,Provo_ID2,1,1077713,1257085,1,applied_drift,1741607661936,-9.150177426636219,-43.50982734135219
1,1,block_2,2,Provo_ID2,1,1077713,1257085,1,applied_drift,1741607661966,-9.150177426636219,-43.50982734135219
1,1,block_2,2,Provo_ID2,1,1077713,1257085,1,applied_drift,1741607661998,-9.150177426636219,-43.50982734135219
1,1,block_2,2,Provo_ID2,1,1077713,1257085,1,applied_drift,1741607662025,-9.150177426636219,-43.50982734135219
1,1,block_2,2,Provo_ID2,1,1077713,1257085,1,applied_drift,1741607662065,-9.150177426636219,-43.50982734135219
1,1,block_2,2,Provo_ID2,1,1077713,1257085,1,applied_drift,1741607662096,-9.150177426636219,-43.50982734135219
1,1,block_2,2,Provo_ID2,1,1077713,1257085,1,applied_drift,1741607662134,-9.150177426636219,-43.50982734135219
1,1,block_2,2,Provo_ID2,1,1077713,1257085,1,applied_drift,1741607662163,-9.150177426636219,-43.50982734135219
1,1,block_2,2,Provo_ID2,1,1077713,1257085,1,applied_drift,1741607662192,-9.150177426636219,-43.50982734135219
1,1,block_2,2,Provo_ID2,1,1077713,1257085,1,applied_drift,1741607662232,-9.150177426636219,-43.50982734135219
1,1,block_2,2,Provo_ID2,1,1077713,1257085,1,applied_drift,1741607662258,-9.150177426636219,-43.50982734135219
1,1,block_2,2,Provo_ID2,1,1077713,1257085,1,applied_drift,1741607662298,-9.150177426636219,-43.50982734135219
1,1,block_2,2,Provo_ID2,1,1077713,1257085,1,applied_drift,1741607662330,-9.150177426636219,-43.50982734135219
1,1,block_2,2,Provo_ID2,1,1077713,1257085,1,applied_drift,1741607662357,-9.150177426636219,-43.50982734135219
1,1,block_2,2,Provo_ID2,1,1077713,1257085,1,applied_drift,1741607662399,-9.150177426636219,-43.50982734135219
1,1,block_2,2,Provo_ID2,1,1077713,1257085,1,applied_drift,1741607662428,-9.150177426636219,-43.50982734135219
1,1,block_2,2,Provo_ID2,1,1077713,1257085,1,applied_drift,1741607662462,-9.150177426636219,-43.50982734135219
1,1,block_2,2,Provo_ID2,1,1077713,1257085,1,applied_drift,1741607662497,-9.150177426636219,-43.50982734135219
1,1,block_2,2,Provo_ID2,1,1077713,1257085,1,applied_drift,1741607662524,-9.150177426636219,-43.50982734135219
1,1,block_2,2,Provo_ID2,1,1077713,1257085,1,applied_drift,1741607662565,-9.150177426636219,-43.50982734135219
1,1,block_2,2,Provo_ID2,1,1077713,1257085,1,applied_drift,1741607662598,-9.150177426636219,-43.50982734135219
1,1,block_2,2,Provo_ID2,1,1077713,1257085,1,applied_drift,1741607662631,-9.150177426636219,-43.50982734135219
1,1,block_2,2,Provo_ID2,1,1077713,1257085,1,applied_drift,1741607662661,-9.150177426636219,-43.50982734135219
1,1,block_2,2,Provo_ID2,1,1077713,1257085,1,applied_drift,1741607662691,-9.150177426636219,-43.50982734135219
1,1,block_2,2,Provo_ID2,1,1077713,1257085,1,applied_drift,1741607662726,-9.150177426636219,-43.50982734135219
1,1,block_2,2,Provo_ID2,1,1077713,1257085,1,applied_drift,1741607662764,-9.150177426636219,-43.50982734135219
1,1,block_2,2,Provo_ID2,1,1077713,1257085,1,applied_drift,1741607662793,-9.150177426636219,-43.50982734135219
1,1,block_2,2,Provo_ID2,1,1077713,1257085,1,applied_drift,1741607662830,-9.150177426636219,-43.50982734135219
1,1,block_2,2,Provo_ID2,1,1077713,1257085,1,applied_drift,1741607662861,-9.150177426636219,-43.50982734135219
1,1,block_2,2,Provo_ID2,1,1077713,1257085,1,applied_drift,1741607662894,-9.150177426636219,-43.50982734135219
1,1,block_2,2,Provo_ID2,1,1077713,1257085,1,applied_drift,1741607662932,-9.150177426636219,-43.50982734135219
1,1,block_2,2,Provo_ID2,1,1077713,1257085,1,applied_drift,1741607662965,-9.150177426636219,-43.50982734135219
1,1,block_2,2,Provo_ID2,1,1077713,1257085,1,applied_drift,1741607662997,-9.150177426636219,-43.50982734135219
1,1,block_2,2,Provo_ID2,1,1077713,1257085,1,applied_drift,1741607663031,-9.150177426636219,-43.50982734135219
1,1,block_2,2,Provo_ID2,1,1077713,1257085,1,applied_drift,1741607663061,-9.150177426636219,-43.50982734135219
1,1,block_2,2,Provo_ID2,1,1077713,1257085,1,applied_drift,1741607663095,-9.150177426636219,-43.50982734135219
1,1,block_2,2,Provo_ID2,1,1077713,1257085,1,applied_drift,1741607663130,-9.150177426636219,-43.50982734135219
1,1,block_2,2,Provo_ID2,1,1077713,1257085,1,applied_drift,1741607663165,-9.150177426636219,-43.50982734135219
1,1,block_2,2,Provo_ID2,1,1077713,1257085,1,applied_drift,1741607663198,-9.150177426636219,-43.50982734135219
1,1,block_2,2,Provo_ID2,1,1077713,1257085,1,applied_drift,1741607663230,-9.150177426636219,-43.50982734135219
1,1,block_2,2,Provo_ID2,1,1077713,1257085,1,applied_drift,1741607663265,-9.150177426636219,-43.50982734135219
1,1,block_2,2,Provo_ID2,1,1077713,1257085,1,applied_drift,1741607663296,-9.150177426636219,-43.50982734135219
1,1,block_2,2,Provo_ID2,1,1077713,1257085,1,applied_drift,1741607663328,-9.150177426636219,-43.50982734135219
1,1,block_2,2,Provo_ID2,1,1077713,1257085,1,applied_drift,1741607663359,-9.150177426636219,-43.50982734135219
1,1,block_2,2,Provo_ID2,1,1077713,1257085,1,applied_drift,1741607663399,-9.150177426636219,-43.50982734135219
1,1,block_2,2,Provo_ID2,1,1077713,1257085,1,applied_drift,1741607663433,-9.150177426636219,-43.50982734135219
1,1,block_2,2,Provo_ID2,1,1077713,1257085,1,applied_drift,1741607663466,-9.150177426636219,-43.50982734135219
1,1,block_2,2,Provo_ID2,1,1077713,1257085,1,applied_drift,1741607663498,-9.150177426636219,-43.50982734135219
1,1,block_2,2,Provo_ID2,1,1077713,1257085,1,applied_drift,1741607663533,-9.150177426636219,-43.50982734135219
1,1,block_2,2,Provo_ID2,1,1077713,1257085,1,applied_drift,1741607663563,-9.150177426636219,-43.50982734135219
1,1,block_2,2,Provo_ID2,1,1077713,1257085,1,applied_drift,1741607663597,-9.150177426636219,-43.50982734135219
1,1,block_2,2,Provo_ID2,1,1077713,1257085,1,applied_drift,1741607663632,-9.150177426636219,-43.50982734135219
1,1,block_2,2,Provo_ID2,1,1077713,1257085,1,applied_drift,1741607663667,-9.150177426636219,-43.50982734135219
1,1,block_2,2,Provo_ID2,1,1077713,1257085,1,applied_drift,1741607663701,-9.150177426636219,-43.50982734135219
1,1,block_2,2,Provo_ID2,1,1077713,1257085,1,applied_drift,1741607663723,-9.150177426636219,-43.50982734135219
1,1,block_2,2,Provo_ID2,1,1077713,1257085,1,applied_drift,1741607663768,-9.150177426636219,-43.50982734135219
1,1,block_2,2,Provo_ID2,1,1077713,1257085,1,applied_drift,1741607663799,-9.150177426636219,-43.50982734135219
1,1,block_2,2,Provo_ID2,1,1077713,1257085,1,applied_drift,1741607663834,-9.150177426636219,-43.50982734135219
1,1,block_2,2,Provo_ID2,1,1077713,1257085,1,applied_drift,1741607663865,-9.150177426636219,-43.50982734135219
1,1,block_2,2,Provo_ID2,1,1077713,1257085,1,applied_drift,1741607663894,-9.150177426636219,-43.50982734135219
1,1,block_2,2,Provo_ID2,1,1077713,1257085,1,applied_drift,1741607663932,-9.150177426636219,-43.50982734135219
1,1,block_2,2,Provo_ID2,1,1077713,1257085,1,applied_drift,1741607663965,-9.150177426636219,-43.50982734135219
1,1,block_2,2,Provo_ID2,1,1077713,1257085,1,applied_drift,1741607663990,-9.150177426636219,-43.50982734135219
1,1,block_2,2,Provo_ID2,1,1077713,1257085,1,applied_drift,1741607664033,-9.150177426636219,-43.50982734135219
1,1,block_2,2,Provo_ID2,1,1077713,1257085,1,applied_drift,1741607664065,-9.150177426636219,-43.50982734135219
1,1,block_2,2,Provo_ID2,1,1077713,1257085,1,applied_drift,1741607664094,-9.150177426636219,-43.50982734135219
1,1,block_2,2,Provo_ID2,1,1077713,1257085,1,applied_drift,1741607664134,-9.150177426636219,-43.50982734135219
1,1,block_2,2,Provo_ID2,1,1077713,1257085,1,applied_drift,1741607664163,-9.150177426636219,-43.50982734135219
1,1,block_2,2,Provo_ID2,1,1077713,1257085,1,applied_drift,1741607664191,-9.150177426636219,-43.50982734135219
1,1,block_2,2,Provo_ID2,1,1077713,1257085,1,applied_drift,1741607664232,-9.150177426636219,-43.50982734135219
1,1,block_2,2,Provo_ID2,1,1077713,1257085,1,applied_drift,1741607664265,-9.150177426636219,-43.50982734135219
1,1,block_2,2,Provo_ID2,1,1077713,1257085,1,applied_drift,1741607664293,-9.150177426636219,-43.50982734135219
1,1,block_2,2,Provo_ID2,1,1077713,1257085,1,applied_drift,1741607664332,-9.150177426636219,-43.50982734135219
1,1,block_2,2,Provo_ID2,1,1077713,1257085,1,applied_drift,1741607664365,-9.150177426636219,-43.50982734135219
1,1,block_2,2,Provo_ID2,1,1077713,1257085,1,applied_drift,1741607664390,-9.150177426636219,-43.50982734135219
1,1,block_2,2,Provo_ID2,1,1077713,1257085,1,applied_drift,1741607664433,-9.150177426636219,-43.50982734135219
1,1,block_2,2,Provo_ID2,1,1077713,1257085,1,applied_drift,1741607664460,-9.150177426636219,-43.50982734135219
1,1,block_2,2,Provo_ID2,1,1077713,1257085,1,applied_drift,1741607664499,-9.150177426636219,-43.50982734135219
1,1,block_2,2,Provo_ID2,1,1077713,1257085,1,applied_drift,1741607664532,-9.150177426636219,-43.50982734135219
1,1,block_2,2,Provo_ID2,1,1077713,1257085,1,applied_drift,1741607664562,-9.150177426636219,-43.50982734135219
1,1,block_2,2,Provo_ID2,1,1077713,1257085,1,applied_drift,1741607664595,-9.150177426636219,-43.50982734135219
1,1,block_2,2,Provo_ID2,1,1077713,1257085,1,applied_drift,1741607664632,-9.150177426636219,-43.50982734135219
1,1,block_2,2,Provo_ID2,1,1077713,1257085,1,applied_drift,1741607664668,-9.150177426636219,-43.50982734135219
1,1,block_2,2,Provo_ID2,1,1077713,1257085,1,applied_drift,1741607664695,-9.150177426636219,-43.50982734135219
1,1,block_2,2,Provo_ID2,1,1077713,1257085,1,applied_drift,1741607664731,-9.150177426636219,-43.50982734135219
1,1,block_2,2,Provo_ID2,1,1077713,1257085,1,applied_drift,1741607664765,-9.150177426636219,-43.50982734135219
1,1,block_2,2,Provo_ID2,1,1077713,1257085,1,applied_drift,1741607664797,-9.150177426636219,-43.50982734135219
1,1,block_2,2,Provo_ID2,1,1077713,1257085,1,applied_drift,1741607664828,-9.150177426636219,-43.50982734135219
1,1,block_2,2,Provo_ID2,1,1077713,1257085,1,applied_drift,1741607664868,-9.150177426636219,-43.50982734135219
1,1,block_2,2,Provo_ID2,1,1077713,1257085,1,applied_drift,1741607664894,-9.150177426636219,-43.50982734135219
1,1,block_2,2,Provo_ID2,1,1077713,1257085,1,applied_drift,1741607664925,-9.150177426636219,-43.50982734135219
1,1,block_2,2,Provo_ID2,1,1077713,1257085,1,applied_drift,1741607664966,-9.150177426636219,-43.50982734135219
1,1,block_2,2,Provo_ID2,1,1077713,1257085,1,applied_drift,1741607664996,-9.150177426636219,-43.50982734135219
1,1,block_2,2,Provo_ID2,1,1077713,1257085,1,applied_drift,1741607665034,-9.150177426636219,-43.50982734135219
1,1,block_2,2,Provo_ID2,1,1077713,1257085,1,applied_drift,1741607665062,-9.150177426636219,-43.50982734135219
1,1,block_2,2,Provo_ID2,1,1077713,1257085,1,applied_drift,1741607665096,-9.150177426636219,-43.50982734135219
1,1,block_2,2,Provo_ID2,1,1077713,1257085,1,applied_drift,1741607665125,-9.150177426636219,-43.50982734135219
1,1,block_2,2,Provo_ID2,1,1077713,1257085,1,applied_drift,1741607665162,-9.150177426636219,-43.50982734135219
1,1,block_2,2,Provo_ID2,1,1077713,1257085,1,applied_drift,1741607665200,-9.150177426636219,-43.50982734135219
1,1,block_2,2,Provo_ID2,1,1077713,1257085,1,applied_drift,1741607665234,-9.150177426636219,-43.50982734135219
1,1,block_2,2,Provo_ID2,1,1077713,1257085,1,applied_drift,1741607665262,-9.150177426636219,-43.50982734135219
1,1,block_2,2,Provo_ID2,1,1077713,1257085,1,applied_drift,1741607665301,-9.150177426636219,-43.50982734135219
1,1,block_2,2,Provo_ID2,1,1077713,1257085,1,applied_drift,1741607665329,-9.150177426636219,-43.50982734135219
1,1,block_2,2,Provo_ID2,1,1077713,1257085,1,applied_drift,1741607665367,-9.150177426636219,-43.50982734135219
1,1,block_2,2,Provo_ID2,1,1077713,1257085,1,applied_drift,1741607665396,-9.150177426636219,-43.50982734135219
1,1,block_2,2,Provo_ID2,1,1077713,1257085,1,applied_drift,1741607665436,-9.150177426636219,-43.50982734135219
1,1,block_2,2,Provo_ID2,1,1077713,1257085,1,applied_drift,1741607665464,-9.150177426636219,-43.50982734135219
1,1,block_2,2,Provo_ID2,1,1077713,1257085,1,applied_drift,1741607665501,-9.150177426636219,-43.50982734135219
1,1,block_2,2,Provo_ID2,1,1077713,1257085,1,applied_drift,1741607665528,-9.150177426636219,-43.50982734135219
1,1,block_2,2,Provo_ID2,1,1077713,1257085,1,applied_drift,1741607665568,-9.150177426636219,-43.50982734135219
1,1,block_2,2,Provo_ID2,1,1077713,1257085,1,applied_drift,1741607665595,-9.150177426636219,-43.50982734135219
1,1,block_2,2,Provo_ID2,1,1077713,1257085,1,applied_drift,1741607665633,-9.150177426636219,-43.50982734135219
1,1,block_2,2,Provo_ID2,1,1077713,1257085,1,applied_drift,1741607665667,-9.150177426636219,-43.50982734135219
1,1,block_2,2,Provo_ID2,1,1077713,1257085,1,applied_drift,1741607665695,-9.150177426636219,-43.50982734135219
1,1,block_2,2,Provo_ID2,1,1077713,1257085,1,applied_drift,1741607665733,-9.150177426636219,-43.50982734135219
1,1,block_2,2,Provo_ID2,1,1077713,1257085,1,applied_drift,1741607665762,-9.150177426636219,-43.50982734135219
1,1,block_2,2,Provo_ID2,1,1077713,1257085,1,applied_drift,1741607665791,-9.150177426636219,-43.50982734135219
1,1,block_2,2,Provo_ID2,1,1077713,1257085,1,applied_drift,1741607665833,-9.150177426636219,-43.50982734135219
1,1,block_2,2,Provo_ID2,1,1077713,1257085,1,applied_drift,1741607665866,-9.150177426636219,-43.50982734135219
1,1,block_2,2,Provo_ID2,1,1077713,1257085,1,applied_drift,1741607665896,-9.150177426636219,-43.50982734135219
1,1,block_2,2,Provo_ID2,1,1077713,1257085,1,applied_drift,1741607665936,-9.150177426636219,-43.50982734135219
1,1,block_2,2,Provo_ID2,1,1077713,1257085,1,applied_drift,1741607665967,-9.150177426636219,-43.50982734135219
1,1,block_2,2,Provo_ID2,1,1077713,1257085,1,applied_drift,1741607665995,-9.150177426636219,-43.50982734135219
1,1,block_2,2,Provo_ID2,1,1077713,1257085,1,applied_drift,1741607666029,-9.150177426636219,-43.50982734135219
1,1,block_2,2,Provo_ID2,1,1077713,1257085,1,applied_drift,1741607666062,-9.150177426636219,-43.50982734135219
1,1,block_2,2,Provo_ID2,1,1077713,1257085,1,applied_drift,1741607666101,-9.150177426636219,-43.50982734135219
1,1,block_2,2,Provo_ID2,1,1077713,1257085,1,applied_drift,1741607666134,-9.150177426636219,-43.50982734135219
1,1,block_2,2,Provo_ID2,1,1077713,1257085,1,applied_drift,1741607666162,-9.150177426636219,-43.50982734135219
1,1,block_2,2,Provo_ID2,1,1077713,1257085,1,applied_drift,1741607666195,-9.150177426636219,-43.50982734135219
1,1,block_2,2,Provo_ID2,1,1077713,1257085,1,applied_drift,1741607666233,-9.150177426636219,-43.50982734135219
1,1,block_2,2,Provo_ID2,1,1077713,1257085,1,applied_drift,1741607666258,-9.150177426636219,-43.50982734135219
1,1,block_2,2,Provo_ID2,1,1077713,1257085,1,applied_drift,1741607666306,-9.150177426636219,-43.50982734135219
1,1,block_2,2,Provo_ID2,1,1077713,1257085,1,applied_drift,1741607666332,-9.150177426636219,-43.50982734135219
1,1,block_2,2,Provo_ID2,1,1077713,1257085,1,applied_drift,1741607666361,-9.150177426636219,-43.50982734135219
1,1,block_2,2,Provo_ID2,1,1077713,1257085,1,applied_drift,1741607666398,-9.150177426636219,-43.50982734135219
1,1,block_2,2,Provo_ID2,1,1077713,1257085,1,applied_drift,1741607666429,-9.150177426636219,-43.50982734135219
1,1,block_2,2,Provo_ID2,1,1077713,1257085,1,applied_drift,1741607666456,-9.150177426636219,-43.50982734135219
1,1,block_2,2,Provo_ID2,1,1077713,1257085,1,applied_drift,1741607666499,-9.150177426636219,-43.50982734135219
1,1,block_2,2,Provo_ID2,1,1077713,1257085,1,applied_drift,1741607666534,-9.150177426636219,-43.50982734135219
1,1,block_2,2,Provo_ID2,1,1077713,1257085,1,applied_drift,1741607666562,-9.150177426636219,-43.50982734135219
1,1,block_2,2,Provo_ID2,1,1077713,1257085,1,applied_drift,1741607666600,-9.150177426636219,-43.50982734135219
1,1,block_2,2,Provo_ID2,1,1077713,1257085,1,applied_drift,1741607666629,-9.150177426636219,-43.50982734135219
1,1,block_2,2,Provo_ID2,1,1077713,1257085,1,applied_drift,1741607666663,-9.150177426636219,-43.50982734135219
1,1,block_2,2,Provo_ID2,1,1077713,1257085,1,applied_drift,1741607666700,-9.150177426636219,-43.50982734135219
1,1,block_2,2,Provo_ID2,1,1077713,1257085,1,applied_drift,1741607666727,-9.150177426636219,-43.50982734135219
1,1,block_2,2,Provo_ID2,1,1077713,1257085,1,applied_drift,1741607666766,-9.150177426636219,-43.50982734135219
1,1,block_2,2,Provo_ID2,1,1077713,1257085,1,applied_drift,1741607666799,-9.150177426636219,-43.50982734135219
1,1,block_2,2,Provo_ID2,1,1077713,1257085,1,applied_drift,1741607666834,-9.150177426636219,-43.50982734135219
1,1,block_2,2,Provo_ID2,1,1077713,1257085,1,applied_drift,1741607666855,-9.150177426636219,-43.50982734135219
1,1,block_2,2,Provo_ID2,1,1077713,1257085,1,applied_drift,1741607666892,-9.150177426636219,-43.50982734135219
1,1,block_2,2,Provo_ID2,1,1077713,1257085,1,applied_drift,1741607666932,-9.150177426636219,-43.50982734135219
1,1,block_2,2,Provo_ID2,1,1077713,1257085,1,applied_drift,1741607666964,-9.150177426636219,-43.50982734135219
1,1,block_2,2,Provo_ID2,1,1077713,1257085,1,applied_drift,1741607666999,-9.150177426636219,-43.50982734135219
1,1,block_2,2,Provo_ID2,1,1077713,1257085,1,applied_drift,1741607667028,-9.150177426636219,-43.50982734135219
1,1,block_2,2,Provo_ID2,1,1077713,1257085,1,applied_drift,1741607667057,-9.150177426636219,-43.50982734135219
1,1,block_2,2,Provo_ID2,1,1077713,1257085,1,applied_drift,1741607667099,-9.150177426636219,-43.50982734135219
1,1,block_2,2,Provo_ID2,1,1077713,1257085,1,applied_drift,1741607667139,-9.150177426636219,-43.50982734135219
1,1,block_2,2,Provo_ID2,1,1077713,1257085,1,applied_drift,1741607667161,-9.150177426636219,-43.50982734135219
1,1,block_2,2,Provo_ID2,1,1077713,1257085,1,applied_drift,1741607667201,-9.150177426636219,-43.50982734135219
1,1,block_2,2,Provo_ID2,1,1077713,1257085,1,applied_drift,1741607667230,-9.150177426636219,-43.50982734135219
1,1,block_2,2,Provo_ID2,1,1077713,1257085,1,applied_drift,1741607667262,-9.150177426636219,-43.50982734135219
1,1,block_2,2,Provo_ID2,1,1077713,1257085,1,applied_drift,1741607667301,-9.150177426636219,-43.50982734135219
1,1,block_2,2,Provo_ID2,1,1077713,1257085,1,applied_drift,1741607667339,-9.150177426636219,-43.50982734135219
1,1,block_2,2,Provo_ID2,1,1077713,1257085,1,applied_drift,1741607667367,-9.150177426636219,-43.50982734135219
1,1,block_2,2,Provo_ID2,1,1077713,1257085,1,applied_drift,1741607667393,-9.150177426636219,-43.50982734135219
1,1,block_2,2,Provo_ID2,1,1077713,1257085,1,applied_drift,1741607667430,-9.150177426636219,-43.50982734135219
1,1,block_2,2,Provo_ID2,1,1077713,1257085,1,applied_drift,1741607667463,-9.150177426636219,-43.50982734135219
1,1,block_2,2,Provo_ID2,1,1077713,1257085,1,applied_drift,1741607667490,-9.150177426636219,-43.50982734135219
1,1,block_2,2,Provo_ID2,1,1077713,1257085,1,applied_drift,1741607667539,-9.150177426636219,-43.50982734135219
1,1,block_2,2,Provo_ID2,1,1077713,1257085,1,applied_drift,1741607667566,-9.150177426636219,-43.50982734135219
1,1,block_2,2,Provo_ID2,1,1077713,1257085,1,applied_drift,1741607667595,-9.150177426636219,-43.50982734135219
1,1,block_2,2,Provo_ID2,1,1077713,1257085,1,applied_drift,1741607667634,-9.150177426636219,-43.50982734135219
1,1,block_2,2,Provo_ID2,1,1077713,1257085,1,applied_drift,1741607667656,-9.150177426636219,-43.50982734135219
1,1,block_2,2,Provo_ID2,1,1077713,1257085,1,applied_drift,1741607667702,-9.150177426636219,-43.50982734135219
1,1,block_2,2,Provo_ID2,1,1077713,1257085,1,applied_drift,1741607667733,-9.150177426636219,-43.50982734135219
1,1,block_2,2,Provo_ID2,1,1077713,1257085,1,applied_drift,1741607667762,-9.150177426636219,-43.50982734135219
1,1,block_2,2,Provo_ID2,1,1077713,1257085,1,applied_drift,1741607667800,-9.150177426636219,-43.50982734135219
1,1,block_2,2,Provo_ID2,1,1077713,1257085,1,applied_drift,1741607667834,-9.150177426636219,-43.50982734135219
1,1,block_2,2,Provo_ID2,1,1077713,1257085,1,applied_drift,1741607667866,-9.150177426636219,-43.50982734135219
1,1,block_2,2,Provo_ID2,1,1077713,1257085,1,applied_drift,1741607667891,-9.150177426636219,-43.50982734135219
1,1,block_2,2,Provo_ID2,1,1077713,1257085,1,applied_drift,1741607667933,-9.150177426636219,-43.50982734135219
1,1,block_2,2,Provo_ID2,1,1077713,1257085,1,applied_drift,1741607667967,-9.150177426636219,-43.50982734135219
1,1,block_2,2,Provo_ID2,1,1077713,1257085,1,applied_drift,1741607667995,-9.150177426636219,-43.50982734135219
1,1,block_2,2,Provo_ID2,1,1077713,1257085,1,applied_drift,1741607668033,-9.150177426636219,-43.50982734135219
1,1,block_2,2,Provo_ID2,1,1077713,1257085,1,applied_drift,1741607668067,-9.150177426636219,-43.50982734135219
1,1,block_2,2,Provo_ID2,1,1077713,1257085,1,applied_drift,1741607668095,-9.150177426636219,-43.50982734135219
1,1,block_2,2,Provo_ID2,1,1077713,1257085,1,applied_drift,1741607668129,-9.150177426636219,-43.50982734135219
1,1,block_2,2,Provo_ID2,1,1077713,1257085,1,applied_drift,1741607668169,-9.150177426636219,-43.50982734135219
1,1,block_2,2,Provo_ID2,1,1077713,1257085,1,applied_drift,1741607668201,-9.150177426636219,-43.50982734135219
1,1,block_2,2,Provo_ID2,1,1077713,1257085,1,applied_drift,1741607668232,-9.150177426636219,-43.50982734135219
1,1,block_2,2,Provo_ID2,1,1077713,1257085,1,applied_drift,1741607668273,-9.150177426636219,-43.50982734135219
1,1,block_2,2,Provo_ID2,1,1077713,1257085,1,applied_drift,1741607668294,-9.150177426636219,-43.50982734135219
1,1,block_2,2,Provo_ID2,1,1077713,1257085,1,applied_drift,1741607668327,-9.150177426636219,-43.50982734135219
1,1,block_2,2,Provo_ID2,1,1077713,1257085,1,applied_drift,1741607668368,-9.150177426636219,-43.50982734135219
1,1,block_2,2,Provo_ID2,1,1077713,1257085,1,applied_drift,1741607668396,-9.150177426636219,-43.50982734135219
1,1,block_2,2,Provo_ID2,1,1077713,1257085,1,applied_drift,1741607668429,-9.150177426636219,-43.50982734135219
1,1,block_2,2,Provo_ID2,1,1077713,1257085,1,applied_drift,1741607668462,-9.150177426636219,-43.50982734135219
1,1,block_2,2,Provo_ID2,1,1077713,1257085,1,applied_drift,1741607668501,-9.150177426636219,-43.50982734135219
1,1,block_2,2,Provo_ID2,1,1077713,1257085,1,applied_drift,1741607668534,-9.150177426636219,-43.50982734135219
1,1,block_2,2,Provo_ID2,1,1077713,1257085,1,applied_drift,1741607668568,-9.150177426636219,-43.50982734135219
1,1,block_2,2,Provo_ID2,1,1077713,1257085,1,applied_drift,1741607668601,-9.150177426636219,-43.50982734135219
1,1,block_2,2,Provo_ID2,1,1077713,1257085,1,applied_drift,1741607668627,-9.150177426636219,-43.50982734135219
1,1,block_2,2,Provo_ID2,1,1077713,1257085,1,applied_drift,1741607668663,-9.150177426636219,-43.50982734135219
1,1,block_2,2,Provo_ID2,1,1077713,1257085,1,applied_drift,1741607668696,-9.150177426636219,-43.50982734135219
1,1,block_2,2,Provo_ID2,1,1077713,1257085,1,applied_drift,1741607668733,-9.150177426636219,-43.50982734135219
1,1,block_2,2,Provo_ID2,1,1077713,1257085,1,applied_drift,1741607668762,-9.150177426636219,-43.50982734135219
1,1,block_2,2,Provo_ID2,1,1077713,1257085,1,applied_drift,1741607668796,-9.150177426636219,-43.50982734135219
1,1,block_2,2,Provo_ID2,1,1077713,1257085,1,applied_drift,1741607668834,-9.150177426636219,-43.50982734135219
1,1,block_2,2,Provo_ID2,1,1077713,1257085,1,applied_drift,1741607668865,-9.150177426636219,-43.50982734135219
1,1,block_2,2,Provo_ID2,1,1077713,1257085,1,applied_drift,1741607668900,-9.150177426636219,-43.50982734135219
1,1,block_2,2,Provo_ID2,1,1077713,1257085,1,applied_drift,1741607668929,-9.150177426636219,-43.50982734135219
1,1,block_2,2,Provo_ID2,1,1077713,1257085,1,applied_drift,1741607668963,-9.150177426636219,-43.50982734135219
1,1,block_2,2,Provo_ID2,1,1077713,1257085,1,applied_drift,1741607668996,-9.150177426636219,-43.50982734135219
1,1,block_2,2,Provo_ID2,1,1077713,1257085,1,applied_drift,1741607669031,-9.150177426636219,-43.50982734135219
1,1,block_2,2,Provo_ID2,1,1077713,1257085,1,applied_drift,1741607669066,-9.150177426636219,-43.50982734135219
1,1,block_2,2,Provo_ID2,1,1077713,1257085,1,applied_drift,1741607669096,-9.150177426636219,-43.50982734135219
1,1,block_2,2,Provo_ID2,1,1077713,1257085,1,applied_drift,1741607669133,-9.150177426636219,-43.50982734135219
1,1,block_2,2,Provo_ID2,1,1077713,1257085,1,applied_drift,1741607669162,-9.150177426636219,-43.50982734135219
1,1,block_2,2,Provo_ID2,1,1077713,1257085,1,applied_drift,1741607669205,-9.150177426636219,-43.50982734135219
1,1,block_2,2,Provo_ID2,1,1077713,1257085,1,applied_drift,1741607669240,-9.150177426636219,-43.50982734135219
1,1,block_2,2,Provo_ID2,1,1077713,1257085,1,applied_drift,1741607669262,-9.150177426636219,-43.50982734135219
1,1,block_2,2,Provo_ID2,1,1077713,1257085,1,applied_drift,1741607669300,-9.150177426636219,-43.50982734135219
1,1,block_2,2,Provo_ID2,1,1077713,1257085,1,applied_drift,1741607669334,-9.150177426636219,-43.50982734135219
1,1,block_2,2,Provo_ID2,1,1077713,1257085,1,applied_drift,1741607669363,-9.150177426636219,-43.50982734135219
1,1,block_2,2,Provo_ID2,1,1077713,1257085,1,applied_drift,1741607669394,-9.150177426636219,-43.50982734135219
1,1,block_2,2,Provo_ID2,1,1077713,1257085,1,applied_drift,1741607669440,-9.150177426636219,-43.50982734135219
1,1,block_2,2,Provo_ID2,1,1077713,1257085,1,applied_drift,1741607669467,-9.150177426636219,-43.50982734135219
1,1,block_2,2,Provo_ID2,1,1077713,1257085,1,applied_drift,1741607669501,-9.150177426636219,-43.50982734135219
1,1,block_2,2,Provo_ID2,1,1077713,1257085,1,applied_drift,1741607669528,-9.150177426636219,-43.50982734135219
1,1,block_2,2,Provo_ID2,1,1077713,1257085,1,applied_drift,1741607669567,-9.150177426636219,-43.50982734135219
1,1,block_2,2,Provo_ID2,1,1077713,1257085,1,applied_drift,1741607669600,-9.150177426636219,-43.50982734135219
1,1,block_2,2,Provo_ID2,1,1077713,1257085,1,applied_drift,1741607669632,-9.150177426636219,-43.50982734135219
1,1,block_2,2,Provo_ID2,1,1077713,1257085,1,applied_drift,1741607669662,-9.150177426636219,-43.50982734135219
1,1,block_2,2,Provo_ID2,1,1077713,1257085,1,applied_drift,1741607669696,-9.150177426636219,-43.50982734135219
1,1,block_2,2,Provo_ID2,1,1077713,1257085,1,applied_drift,1741607669729,-9.150177426636219,-43.50982734135219
1,1,block_2,2,Provo_ID2,1,1077713,1257085,1,applied_drift,1741607669763,-9.150177426636219,-43.50982734135219
1,1,block_2,2,Provo_ID2,1,1077713,1257085,1,applied_drift,1741607669801,-9.150177426636219,-43.50982734135219
1,1,block_2,2,Provo_ID2,1,1077713,1257085,1,applied_drift,1741607669827,-9.150177426636219,-43.50982734135219
1,1,block_2,2,Provo_ID2,1,1077713,1257085,1,applied_drift,1741607669868,-9.150177426636219,-43.50982734135219
1,1,block_2,2,Provo_ID2,1,1077713,1257085,1,applied_drift,1741607669896,-9.150177426636219,-43.50982734135219
1,1,block_2,2,Provo_ID2,1,1077713,1257085,1,applied_drift,1741607669929,-9.150177426636219,-43.50982734135219
1,1,block_2,2,Provo_ID2,1,1077713,1257085,1,applied_drift,1741607669968,-9.150177426636219,-43.50982734135219
1,1,block_2,2,Provo_ID2,1,1077713,1257085,1,applied_drift,1741607670001,-9.150177426636219,-43.50982734135219
1,1,block_2,2,Provo_ID2,1,1077713,1257085,1,applied_drift,1741607670029,-9.150177426636219,-43.50982734135219
1,1,block_2,2,Provo_ID2,1,1077713,1257085,1,applied_drift,1741607670068,-9.150177426636219,-43.50982734135219
1,1,block_2,2,Provo_ID2,1,1077713,1257085,1,applied_drift,1741607670096,-9.150177426636219,-43.50982734135219
1,1,block_2,2,Provo_ID2,1,1077713,1257085,1,applied_drift,1741607670141,-9.150177426636219,-43.50982734135219
1,1,block_2,2,Provo_ID2,1,1077713,1257085,1,applied_drift,1741607670163,-9.150177426636219,-43.50982734135219
1,1,block_2,2,Provo_ID2,1,1077713,1257085,1,applied_drift,1741607670199,-9.150177426636219,-43.50982734135219
1,1,block_2,2,Provo_ID2,1,1077713,1257085,1,applied_drift,1741607670229,-9.150177426636219,-43.50982734135219
1,1,block_2,2,Provo_ID2,1,1077713,1257085,1,applied_drift,1741607670267,-9.150177426636219,-43.50982734135219
1,1,block_2,2,Provo_ID2,1,1077713,1257085,1,applied_drift,1741607670301,-9.150177426636219,-43.50982734135219
1,1,block_2,2,Provo_ID2,1,1077713,1257085,1,applied_drift,1741607670327,-9.150177426636219,-43.50982734135219
1,1,block_2,2,Provo_ID2,1,1077713,1257085,1,applied_drift,1741607670357,-9.150177426636219,-43.50982734135219
1,1,block_2,2,Provo_ID2,1,1077713,1257085,1,applied_drift,1741607670401,-9.150177426636219,-43.50982734135219
1,1,block_2,2,Provo_ID2,1,1077713,1257085,1,applied_drift,1741607670439,-9.150177426636219,-43.50982734135219
1,1,block_2,2,Provo_ID2,1,1077713,1257085,1,applied_drift,1741607670471,-9.150177426636219,-43.50982734135219
1,1,block_2,2,Provo_ID2,1,1077713,1257085,1,applied_drift,1741607670501,-9.150177426636219,-43.50982734135219
1,1,block_2,2,Provo_ID2,1,1077713,1257085,1,applied_drift,1741607670533,-9.150177426636219,-43.50982734135219
1,1,block_2,2,Provo_ID2,1,1077713,1257085,1,applied_drift,1741607670558,-9.150177426636219,-43.50982734135219
1,1,block_2,2,Provo_ID2,1,1077713,1257085,1,applied_drift,1741607670602,-9.150177426636219,-43.50982734135219
1,1,block_2,2,Provo_ID2,1,1077713,1257085,1,applied_drift,1741607670634,-9.150177426636219,-43.50982734135219
1,1,block_2,2,Provo_ID2,1,1077713,1257085,1,applied_drift,1741607670667,-9.150177426636219,-43.50982734135219
1,1,block_2,2,Provo_ID2,1,1077713,1257085,1,applied_drift,1741607670701,-9.150177426636219,-43.50982734135219
1,1,block_2,2,Provo_ID2,1,1077713,1257085,1,applied_drift,1741607670734,-9.150177426636219,-43.50982734135219
1,1,block_2,2,Provo_ID2,1,1077713,1257085,1,applied_drift,1741607670766,-9.150177426636219,-43.50982734135219
1,1,block_2,2,Provo_ID2,1,1077713,1257085,1,applied_drift,1741607670801,-9.150177426636219,-43.50982734135219
1,1,block_2,2,Provo_ID2,1,1077713,1257085,1,applied_drift,1741607670829,-9.150177426636219,-43.50982734135219
1,1,block_2,2,Provo_ID2,1,1077713,1257085,1,applied_drift,1741607670863,-9.150177426636219,-43.50982734135219
1,1,block_2,2,Provo_ID2,1,1077713,1257085,1,applied_drift,1741607670896,-9.150177426636219,-43.50982734135219
1,1,block_2,2,Provo_ID2,1,1077713,1257085,1,applied_drift,1741607670939,-9.150177426636219,-43.50982734135219
1,1,block_2,2,Provo_ID2,1,1077713,1257085,1,applied_drift,1741607670967,-9.150177426636219,-43.50982734135219
1,1,block_2,2,Provo_ID2,1,1077713,1257085,1,applied_drift,1741607670995,-9.150177426636219,-43.50982734135219
1,1,block_2,2,Provo_ID2,1,1077713,1257085,1,applied_drift,1741607671033,-9.150177426636219,-43.50982734135219
1,1,block_2,2,Provo_ID2,1,1077713,1257085,1,applied_drift,1741607671058,-9.150177426636219,-43.50982734135219
1,1,block_2,2,Provo_ID2,1,1077713,1257085,1,applied_drift,1741607671091,-9.150177426636219,-43.50982734135219
1,1,block_2,2,Provo_ID2,1,1077713,1257085,1,applied_drift,1741607671134,-9.150177426636219,-43.50982734135219
1,1,block_2,2,Provo_ID2,1,1077713,1257085,1,applied_drift,1741607671166,-9.150177426636219,-43.50982734135219
1,1,block_2,2,Provo_ID2,1,1077713,1257085,1,applied_drift,1741607671201,-9.150177426636219,-43.50982734135219
1,1,block_2,2,Provo_ID2,1,1077713,1257085,1,applied_drift,1741607671234,-9.150177426636219,-43.50982734135219
1,1,block_2,2,Provo_ID2,1,1077713,1257085,1,applied_drift,1741607671272,-9.150177426636219,-43.50982734135219
1,1,block_2,2,Provo_ID2,1,1077713,1257085,1,applied_drift,1741607671301,-9.150177426636219,-43.50982734135219
1,1,block_2,2,Provo_ID2,1,1077713,1257085,1,applied_drift,1741607671333,-9.150177426636219,-43.50982734135219
1,1,block_2,2,Provo_ID2,1,1077713,1257085,1,applied_drift,1741607671358,-9.150177426636219,-43.50982734135219
1,1,block_2,2,Provo_ID2,1,1077713,1257085,1,applied_drift,1741607671406,-9.150177426636219,-43.50982734135219
1,1,block_2,2,Provo_ID2,1,1077713,1257085,1,applied_drift,1741607671434,-9.150177426636219,-43.50982734135219
1,1,block_2,2,Provo_ID2,1,1077713,1257085,1,applied_drift,1741607671461,-9.150177426636219,-43.50982734135219
1,1,block_2,2,Provo_ID2,1,1077713,1257085,1,applied_drift,1741607671501,-9.150177426636219,-43.50982734135219
1,1,block_2,2,Provo_ID2,1,1077713,1257085,1,applied_drift,1741607671529,-9.150177426636219,-43.50982734135219
1,1,block_2,2,Provo_ID2,1,1077713,1257085,1,applied_drift,1741607671563,-9.150177426636219,-43.50982734135219
1,1,block_2,2,Provo_ID2,1,1077713,1257085,1,applied_drift,1741607671601,-9.150177426636219,-43.50982734135219
1,1,block_2,2,Provo_ID2,1,1077713,1257085,1,applied_drift,1741607671634,-9.150177426636219,-43.50982734135219
1,1,block_2,2,Provo_ID2,1,1077713,1257085,1,applied_drift,1741607671662,-9.150177426636219,-43.50982734135219
1,1,block_2,2,Provo_ID2,1,1077713,1257085,1,applied_drift,1741607671700,-9.150177426636219,-43.50982734135219
1,1,block_2,2,Provo_ID2,1,1077713,1257085,1,applied_drift,1741607671729,-9.150177426636219,-43.50982734135219
1,1,block_2,2,Provo_ID2,1,1077713,1257085,1,applied_drift,1741607671762,-9.150177426636219,-43.50982734135219
1,1,block_2,2,Provo_ID2,1,1077713,1257085,1,applied_drift,1741607671800,-9.150177426636219,-43.50982734135219
1,1,block_2,2,Provo_ID2,1,1077713,1257085,1,applied_drift,1741607671829,-9.150177426636219,-43.50982734135219
1,1,block_2,2,Provo_ID2,1,1077713,1257085,1,applied_drift,1741607671873,-9.150177426636219,-43.50982734135219
1,1,block_2,2,Provo_ID2,1,1077713,1257085,1,applied_drift,1741607671899,-9.150177426636219,-43.50982734135219
1,1,block_2,2,Provo_ID2,1,1077713,1257085,1,applied_drift,1741607671933,-9.150177426636219,-43.50982734135219
1,1,block_2,2,Provo_ID2,1,1077713,1257085,1,applied_drift,1741607671966,-9.150177426636219,-43.50982734135219
1,1,block_2,2,Provo_ID2,1,1077713,1257085,1,applied_drift,1741607671995,-9.150177426636219,-43.50982734135219
1,1,block_2,2,Provo_ID2,1,1077713,1257085,1,applied_drift,1741607672034,-9.150177426636219,-43.50982734135219
1,1,block_2,2,Provo_ID2,1,1077713,1257085,1,applied_drift,1741607672062,-9.150177426636219,-43.50982734135219
1,1,block_2,2,Provo_ID2,1,1077713,1257085,1,applied_drift,1741607672101,-9.150177426636219,-43.50982734135219
1,1,block_2,2,Provo_ID2,1,1077713,1257085,1,applied_drift,1741607672127,-9.150177426636219,-43.50982734135219
1,1,block_2,2,Provo_ID2,1,1077713,1257085,1,applied_drift,1741607672169,-9.150177426636219,-43.50982734135219
1,1,block_2,2,Provo_ID2,1,1077713,1257085,1,applied_drift,1741607672191,-9.150177426636219,-43.50982734135219
1,1,block_2,2,Provo_ID2,1,1077713,1257085,1,applied_drift,1741607672233,-9.150177426636219,-43.50982734135219
1,1,block_2,2,Provo_ID2,1,1077713,1257085,1,applied_drift,1741607672262,-9.150177426636219,-43.50982734135219
1,1,block_2,2,Provo_ID2,1,1077713,1257085,1,applied_drift,1741607672305,-9.150177426636219,-43.50982734135219
1,1,block_2,2,Provo_ID2,1,1077713,1257085,1,applied_drift,1741607672332,-9.150177426636219,-43.50982734135219
1,1,block_2,2,Provo_ID2,1,1077713,1257085,1,applied_drift,1741607672363,-9.150177426636219,-43.50982734135219
1,1,block_2,2,Provo_ID2,1,1077713,1257085,1,applied_drift,1741607672396,-9.150177426636219,-43.50982734135219
1,1,block_2,2,Provo_ID2,1,1077713,1257085,1,applied_drift,1741607672429,-9.150177426636219,-43.50982734135219
1,1,block_2,2,Provo_ID2,1,1077713,1257085,1,applied_drift,1741607672467,-9.150177426636219,-43.50982734135219
1,1,block_2,2,Provo_ID2,1,1077713,1257085,1,applied_drift,1741607672500,-9.150177426636219,-43.50982734135219
1,1,block_2,2,Provo_ID2,1,1077713,1257085,1,applied_drift,1741607672534,-9.150177426636219,-43.50982734135219
1,1,block_2,2,Provo_ID2,1,1077713,1257085,1,applied_drift,1741607672568,-9.150177426636219,-43.50982734135219
1,1,block_2,2,Provo_ID2,1,1077713,1257085,1,applied_drift,1741607672600,-9.150177426636219,-43.50982734135219
1,1,block_2,2,Provo_ID2,1,1077713,1257085,1,applied_drift,1741607672629,-9.150177426636219,-43.50982734135219
1,1,block_2,2,Provo_ID2,1,1077713,1257085,1,applied_drift,1741607672662,-9.150177426636219,-43.50982734135219
1,1,block_2,2,Provo_ID2,1,1077713,1257085,1,applied_drift,1741607672696,-9.150177426636219,-43.50982734135219
1,1,block_2,2,Provo_ID2,1,1077713,1257085,1,applied_drift,1741607672731,-9.150177426636219,-43.50982734135219
1,1,block_2,2,Provo_ID2,1,1077713,1257085,1,applied_drift,1741607672773,-9.150177426636219,-43.50982734135219
1,1,block_2,2,Provo_ID2,1,1077713,1257085,1,applied_drift,1741607672795,-9.150177426636219,-43.50982734135219
1,1,block_2,2,Provo_ID2,1,1077713,1257085,1,applied_drift,1741607672829,-9.150177426636219,-43.50982734135219
1,1,block_2,2,Provo_ID2,1,1077713,1257085,1,applied_drift,1741607672858,-9.150177426636219,-43.50982734135219
1,1,block_2,2,Provo_ID2,1,1077713,1257085,1,applied_drift,1741607672901,-9.150177426636219,-43.50982734135219
1,1,block_2,2,Provo_ID2,1,1077713,1257085,1,applied_drift,1741607672939,-9.150177426636219,-43.50982734135219
1,1,block_2,2,Provo_ID2,1,1077713,1257085,1,applied_drift,1741607672975,-9.150177426636219,-43.50982734135219
1,1,block_2,2,Provo_ID2,1,1077713,1257085,1,applied_drift,1741607673005,-9.150177426636219,-43.50982734135219
1,1,block_2,2,Provo_ID2,1,1077713,1257085,1,applied_drift,1741607673034,-9.150177426636219,-43.50982734135219
1,1,block_2,2,Provo_ID2,1,1077713,1257085,1,applied_drift,1741607673062,-9.150177426636219,-43.50982734135219
1,1,block_2,2,Provo_ID2,1,1077713,1257085,1,applied_drift,1741607673095,-9.150177426636219,-43.50982734135219
1,1,block_2,2,Provo_ID2,1,1077713,1257085,1,applied_drift,1741607673125,-9.150177426636219,-43.50982734135219
1,1,block_2,2,Provo_ID2,1,1077713,1257085,1,applied_drift,1741607673165,-9.150177426636219,-43.50982734135219
1,1,block_2,2,Provo_ID2,1,1077713,1257085,1,applied_drift,1741607673201,-9.150177426636219,-43.50982734135219
1,1,block_2,2,Provo_ID2,1,1077713,1257085,1,applied_drift,1741607673229,-9.150177426636219,-43.50982734135219
1,1,block_2,2,Provo_ID2,1,1077713,1257085,1,applied_drift,1741607673266,-9.150177426636219,-43.50982734135219
1,1,block_2,2,Provo_ID2,1,1077713,1257085,1,applied_drift,1741607673290,-9.150177426636219,-43.50982734135219
1,1,block_2,2,Provo_ID2,1,1077713,1257085,1,applied_drift,1741607673334,-9.150177426636219,-43.50982734135219
1,1,block_2,2,Provo_ID2,1,1077713,1257085,1,applied_drift,1741607673365,-9.150177426636219,-43.50982734135219
1,1,block_2,2,Provo_ID2,1,1077713,1257085,1,applied_drift,1741607673401,-9.150177426636219,-43.50982734135219
1,1,block_2,2,Provo_ID2,1,1077713,1257085,1,applied_drift,1741607673434,-9.150177426636219,-43.50982734135219
1,1,block_2,2,Provo_ID2,1,1077713,1257085,1,applied_drift,1741607673462,-9.150177426636219,-43.50982734135219
1,1,block_2,2,Provo_ID2,1,1077713,1257085,1,applied_drift,1741607673506,-9.150177426636219,-43.50982734135219
1,1,block_2,2,Provo_ID2,1,1077713,1257085,1,applied_drift,1741607673534,-9.150177426636219,-43.50982734135219
1,1,block_2,2,Provo_ID2,1,1077713,1257085,1,applied_drift,1741607673572,-9.150177426636219,-43.50982734135219
1,1,block_2,2,Provo_ID2,1,1077713,1257085,1,applied_drift,1741607673601,-9.150177426636219,-43.50982734135219
1,1,block_2,2,Provo_ID2,1,1077713,1257085,1,applied_drift,1741607673638,-9.150177426636219,-43.50982734135219
1,1,block_2,2,Provo_ID2,1,1077713,1257085,1,applied_drift,1741607673663,-9.150177426636219,-43.50982734135219
1,1,block_2,2,Provo_ID2,1,1077713,1257085,1,applied_drift,1741607673701,-9.150177426636219,-43.50982734135219
1,1,block_2,2,Provo_ID2,1,1077713,1257085,1,applied_drift,1741607673737,-9.150177426636219,-43.50982734135219
1,1,block_2,2,Provo_ID2,1,1077713,1257085,1,applied_drift,1741607673767,-9.150177426636219,-43.50982734135219
1,1,block_2,2,Provo_ID2,1,1077713,1257085,1,applied_drift,1741607673800,-9.150177426636219,-43.50982734135219
1,1,block_2,2,Provo_ID2,1,1077713,1257085,1,applied_drift,1741607673833,-9.150177426636219,-43.50982734135219
1,1,block_2,2,Provo_ID2,1,1077713,1257085,1,applied_drift,1741607673863,-9.150177426636219,-43.50982734135219
1,1,block_2,2,Provo_ID2,1,1077713,1257085,1,applied_drift,1741607673896,-9.150177426636219,-43.50982734135219
1,1,block_2,2,Provo_ID2,1,1077713,1257085,1,applied_drift,1741607673930,-9.150177426636219,-43.50982734135219
1,1,block_2,2,Provo_ID2,1,1077713,1257085,1,applied_drift,1741607673967,-9.150177426636219,-43.50982734135219
1,1,block_2,2,Provo_ID2,1,1077713,1257085,1,applied_drift,1741607673995,-9.150177426636219,-43.50982734135219
1,1,block_2,2,Provo_ID2,1,1077713,1257085,1,applied_drift,1741607674034,-9.150177426636219,-43.50982734135219
1,1,block_2,2,Provo_ID2,1,1077713,1257085,1,applied_drift,1741607674062,-9.150177426636219,-43.50982734135219
1,1,block_2,2,Provo_ID2,1,1077713,1257085,1,applied_drift,1741607674095,-9.150177426636219,-43.50982734135219
1,1,block_2,2,Provo_ID2,1,1077713,1257085,1,applied_drift,1741607674134,-9.150177426636219,-43.50982734135219
1,1,block_2,2,Provo_ID2,1,1077713,1257085,1,applied_drift,1741607674171,-9.150177426636219,-43.50982734135219
1,1,block_2,2,Provo_ID2,1,1077713,1257085,1,applied_drift,1741607674200,-9.150177426636219,-43.50982734135219
1,1,block_2,2,Provo_ID2,1,1077713,1257085,1,applied_drift,1741607674233,-9.150177426636219,-43.50982734135219
1,1,block_2,2,Provo_ID2,1,1077713,1257085,1,applied_drift,1741607674261,-9.150177426636219,-43.50982734135219
1,1,block_2,2,Provo_ID2,1,1077713,1257085,1,applied_drift,1741607674295,-9.150177426636219,-43.50982734135219
1,1,block_2,2,Provo_ID2,1,1077713,1257085,1,applied_drift,1741607674339,-9.150177426636219,-43.50982734135219
1,1,block_2,2,Provo_ID2,1,1077713,1257085,1,applied_drift,1741607674367,-9.150177426636219,-43.50982734135219
1,1,block_2,2,Provo_ID2,1,1077713,1257085,1,applied_drift,1741607674400,-9.150177426636219,-43.50982734135219
1,1,block_2,2,Provo_ID2,1,1077713,1257085,1,applied_drift,1741607674429,-9.150177426636219,-43.50982734135219
1,1,block_2,2,Provo_ID2,1,1077713,1257085,1,applied_drift,1741607674462,-9.150177426636219,-43.50982734135219
1,1,block_2,2,Provo_ID2,1,1077713,1257085,1,applied_drift,1741607674494,-9.150177426636219,-43.50982734135219
1,1,block_2,2,Provo_ID2,1,1077713,1257085,1,applied_drift,1741607674534,-9.150177426636219,-43.50982734135219
1,1,block_2,2,Provo_ID2,1,1077713,1257085,1,applied_drift,1741607674567,-9.150177426636219,-43.50982734135219
1,1,block_2,2,Provo_ID2,1,1077713,1257085,1,applied_drift,1741607674594,-9.150177426636219,-43.50982734135219
1,1,block_2,2,Provo_ID2,1,1077713,1257085,1,applied_drift,1741607674634,-9.150177426636219,-43.50982734135219
1,1,block_2,2,Provo_ID2,1,1077713,1257085,1,applied_drift,1741607674662,-9.150177426636219,-43.50982734135219
1,1,block_2,2,Provo_ID2,1,1077713,1257085,1,applied_drift,1741607674696,-9.150177426636219,-43.50982734135219
1,1,block_2,2,Provo_ID2,1,1077713,1257085,1,applied_drift,1741607674732,-9.150177426636219,-43.50982734135219
1,1,block_2,2,Provo_ID2,1,1077713,1257085,1,applied_drift,1741607674767,-9.150177426636219,-43.50982734135219
1,1,block_2,2,Provo_ID2,1,1077713,1257085,1,applied_drift,1741607674806,-9.150177426636219,-43.50982734135219
1,1,block_2,2,Provo_ID2,1,1077713,1257085,1,applied_drift,1741607674834,-9.150177426636219,-43.50982734135219
1,1,block_2,2,Provo_ID2,1,1077713,1257085,1,applied_drift,1741607674866,-9.150177426636219,-43.50982734135219
1,1,block_2,2,Provo_ID2,1,1077713,1257085,1,applied_drift,1741607674900,-9.150177426636219,-43.50982734135219
1,1,block_2,2,Provo_ID2,1,1077713,1257085,1,applied_drift,1741607674929,-9.150177426636219,-43.50982734135219
1,1,block_2,2,Provo_ID2,1,1077713,1257085,1,applied_drift,1741607674967,-9.150177426636219,-43.50982734135219
1,1,block_2,2,Provo_ID2,1,1077713,1257085,1,applied_drift,1741607674999,-9.150177426636219,-43.50982734135219
1,1,block_2,2,Provo_ID2,1,1077713,1257085,1,applied_drift,1741607675039,-9.150177426636219,-43.50982734135219
1,1,block_2,2,Provo_ID2,1,1077713,1257085,1,applied_drift,1741607675067,-9.150177426636219,-43.50982734135219
1,1,block_2,2,Provo_ID2,1,1077713,1257085,1,applied_drift,1741607675101,-9.150177426636219,-43.50982734135219
1,1,block_2,2,Provo_ID2,1,1077713,1257085,1,applied_drift,1741607675129,-9.150177426636219,-43.50982734135219
1,1,block_2,2,Provo_ID2,1,1077713,1257085,1,applied_drift,1741607675168,-9.150177426636219,-43.50982734135219
1,1,block_2,2,Provo_ID2,1,1077713,1257085,1,applied_drift,1741607675194,-9.150177426636219,-43.50982734135219
1,1,block_2,2,Provo_ID2,1,1077713,1257085,1,applied_drift,1741607675234,-9.150177426636219,-43.50982734135219
1,1,block_2,2,Provo_ID2,1,1077713,1257085,1,applied_drift,1741607675266,-9.150177426636219,-43.50982734135219
1,1,block_2,2,Provo_ID2,1,1077713,1257085,1,applied_drift,1741607675296,-9.150177426636219,-43.50982734135219
1,1,block_2,2,Provo_ID2,1,1077713,1257085,1,applied_drift,1741607675328,-9.150177426636219,-43.50982734135219
1,1,block_2,2,Provo_ID2,1,1077713,1257085,1,applied_drift,1741607675366,-9.150177426636219,-43.50982734135219
1,1,block_2,2,Provo_ID2,1,1077713,1257085,1,applied_drift,1741607675396,-9.150177426636219,-43.50982734135219
1,1,block_2,2,Provo_ID2,1,1077713,1257085,1,applied_drift,1741607675433,-9.150177426636219,-43.50982734135219
1,1,block_2,2,Provo_ID2,1,1077713,1257085,1,applied_drift,1741607675456,-9.150177426636219,-43.50982734135219
1,1,block_2,2,Provo_ID2,1,1077713,1257085,1,applied_drift,1741607675500,-9.150177426636219,-43.50982734135219
1,1,block_2,2,Provo_ID2,1,1077713,1257085,1,applied_drift,1741607675534,-9.150177426636219,-43.50982734135219
1,1,block_2,2,Provo_ID2,1,1077713,1257085,1,applied_drift,1741607675561,-9.150177426636219,-43.50982734135219
1,1,block_2,2,Provo_ID2,1,1077713,1257085,1,applied_drift,1741607675600,-9.150177426636219,-43.50982734135219
1,1,block_2,2,Provo_ID2,1,1077713,1257085,1,applied_drift,1741607675629,-9.150177426636219,-43.50982734135219
1,1,block_2,2,Provo_ID2,1,1077713,1257085,1,applied_drift,1741607675663,-9.150177426636219,-43.50982734135219
1,1,block_2,2,Provo_ID2,1,1077713,1257085,1,applied_drift,1741607675705,-9.150177426636219,-43.50982734135219
1,1,block_2,2,Provo_ID2,1,1077713,1257085,1,applied_drift,1741607675729,-9.150177426636219,-43.50982734135219
1,1,block_2,2,Provo_ID2,1,1077713,1257085,1,applied_drift,1741607675766,-9.150177426636219,-43.50982734135219
1,1,block_2,2,Provo_ID2,1,1077713,1257085,1,applied_drift,1741607675796,-9.150177426636219,-43.50982734135219
1,1,block_2,2,Provo_ID2,1,1077713,1257085,1,applied_drift,1741607675828,-9.150177426636219,-43.50982734135219
1,1,block_2,2,Provo_ID2,1,1077713,1257085,1,applied_drift,1741607675858,-9.150177426636219,-43.50982734135219
1,1,block_2,2,Provo_ID2,1,1077713,1257085,1,applied_drift,1741607675897,-9.150177426636219,-43.50982734135219
1,1,block_2,2,Provo_ID2,1,1077713,1257085,1,applied_drift,1741607675934,-9.150177426636219,-43.50982734135219
1,1,block_2,2,Provo_ID2,1,1077713,1257085,1,applied_drift,1741607675962,-9.150177426636219,-43.50982734135219
1,1,block_2,2,Provo_ID2,1,1077713,1257085,1,applied_drift,1741607675998,-9.150177426636219,-43.50982734135219
1,1,block_2,2,Provo_ID2,1,1077713,1257085,1,applied_drift,1741607676029,-9.150177426636219,-43.50982734135219
1,1,block_2,2,Provo_ID2,1,1077713,1257085,1,applied_drift,1741607676067,-9.150177426636219,-43.50982734135219
1,1,block_2,2,Provo_ID2,1,1077713,1257085,1,applied_drift,1741607676096,-9.150177426636219,-43.50982734135219
1,1,block_2,2,Provo_ID2,1,1077713,1257085,1,applied_drift,1741607676133,-9.150177426636219,-43.50982734135219
1,1,block_2,2,Provo_ID2,1,1077713,1257085,1,applied_drift,1741607676167,-9.150177426636219,-43.50982734135219
1,1,block_2,2,Provo_ID2,1,1077713,1257085,1,applied_drift,1741607676195,-9.150177426636219,-43.50982734135219
1,1,block_2,2,Provo_ID2,1,1077713,1257085,1,applied_drift,1741607676232,-9.150177426636219,-43.50982734135219
1,1,block_2,2,Provo_ID2,1,1077713,1257085,1,applied_drift,1741607676262,-9.150177426636219,-43.50982734135219
1,1,block_2,2,Provo_ID2,1,1077713,1257085,1,applied_drift,1741607676296,-9.150177426636219,-43.50982734135219
1,1,block_2,2,Provo_ID2,1,1077713,1257085,1,applied_drift,1741607676330,-9.150177426636219,-43.50982734135219
1,1,block_2,2,Provo_ID2,1,1077713,1257085,1,applied_drift,1741607676368,-9.150177426636219,-43.50982734135219
1,1,block_2,2,Provo_ID2,1,1077713,1257085,1,applied_drift,1741607676400,-9.150177426636219,-43.50982734135219
1,1,block_2,2,Provo_ID2,1,1077713,1257085,1,applied_drift,1741607676434,-9.150177426636219,-43.50982734135219
1,1,block_2,2,Provo_ID2,1,1077713,1257085,1,applied_drift,1741607676467,-9.150177426636219,-43.50982734135219
1,1,block_2,2,Provo_ID2,1,1077713,1257085,1,applied_drift,1741607676500,-9.150177426636219,-43.50982734135219
1,1,block_2,2,Provo_ID2,1,1077713,1257085,1,applied_drift,1741607676524,-9.150177426636219,-43.50982734135219
1,1,block_2,2,Provo_ID2,1,1077713,1257085,1,applied_drift,1741607676563,-9.150177426636219,-43.50982734135219
1,1,block_2,2,Provo_ID2,1,1077713,1257085,1,applied_drift,1741607676596,-9.150177426636219,-43.50982734135219
1,1,block_2,2,Provo_ID2,1,1077713,1257085,1,applied_drift,1741607676629,-9.150177426636219,-43.50982734135219
1,1,block_2,2,Provo_ID2,1,1077713,1257085,1,applied_drift,1741607676661,-9.150177426636219,-43.50982734135219
1,1,block_2,2,Provo_ID2,1,1077713,1257085,1,applied_drift,1741607676704,-9.150177426636219,-43.50982734135219
1,1,block_2,2,Provo_ID2,1,1077713,1257085,1,applied_drift,1741607676730,-9.150177426636219,-43.50982734135219
1,1,block_2,2,Provo_ID2,1,1077713,1257085,1,applied_drift,1741607676766,-9.150177426636219,-43.50982734135219
1,1,block_2,2,Provo_ID2,1,1077713,1257085,1,applied_drift,1741607676801,-9.150177426636219,-43.50982734135219
1,1,block_2,2,Provo_ID2,1,1077713,1257085,1,applied_drift,1741607676839,-9.150177426636219,-43.50982734135219
1,1,block_2,2,Provo_ID2,1,1077713,1257085,1,applied_drift,1741607676872,-9.150177426636219,-43.50982734135219
1,1,block_2,2,Provo_ID2,1,1077713,1257085,1,applied_drift,1741607676902,-9.150177426636219,-43.50982734135219
1,1,block_2,2,Provo_ID2,1,1077713,1257085,1,applied_drift,1741607676934,-9.150177426636219,-43.50982734135219
1,1,block_2,2,Provo_ID2,1,1077713,1257085,1,applied_drift,1741607676961,-9.150177426636219,-43.50982734135219
1,1,block_2,2,Provo_ID2,1,1077713,1257085,1,applied_drift,1741607676991,-9.150177426636219,-43.50982734135219
1,1,block_2,2,Provo_ID2,1,1077713,1257085,1,applied_drift,1741607677038,-9.150177426636219,-43.50982734135219
1,1,block_2,2,Provo_ID2,1,1077713,1257085,1,applied_drift,1741607677067,-9.150177426636219,-43.50982734135219
1,1,block_2,2,Provo_ID2,1,1077713,1257085,1,applied_drift,1741607677096,-9.150177426636219,-43.50982734135219
1,1,block_2,2,Provo_ID2,1,1077713,1257085,1,applied_drift,1741607677133,-9.150177426636219,-43.50982734135219
1,1,block_2,2,Provo_ID2,1,1077713,1257085,1,applied_drift,1741607677167,-9.150177426636219,-43.50982734135219
1,1,block_2,2,Provo_ID2,1,1077713,1257085,1,applied_drift,1741607677196,-9.150177426636219,-43.50982734135219
1,1,block_2,2,Provo_ID2,1,1077713,1257085,1,applied_drift,1741607677228,-9.150177426636219,-43.50982734135219
1,1,block_2,2,Provo_ID2,1,1077713,1257085,1,applied_drift,1741607677258,-9.150177426636219,-43.50982734135219
1,1,block_2,2,Provo_ID2,1,1077713,1257085,1,applied_drift,1741607677301,-9.150177426636219,-43.50982734135219
1,1,block_2,2,Provo_ID2,1,1077713,1257085,1,applied_drift,1741607677334,-9.150177426636219,-43.50982734135219
1,1,block_2,2,Provo_ID2,1,1077713,1257085,1,applied_drift,1741607677367,-9.150177426636219,-43.50982734135219
1,1,block_2,2,Provo_ID2,1,1077713,1257085,1,applied_drift,1741607677401,-9.150177426636219,-43.50982734135219
1,1,block_2,2,Provo_ID2,1,1077713,1257085,1,applied_drift,1741607677434,-9.150177426636219,-43.50982734135219
1,1,block_2,2,Provo_ID2,1,1077713,1257085,1,applied_drift,1741607677462,-9.150177426636219,-43.50982734135219
1,1,block_2,2,Provo_ID2,1,1077713,1257085,1,applied_drift,1741607677496,-9.150177426636219,-43.50982734135219
1,1,block_2,2,Provo_ID2,1,1077713,1257085,1,applied_drift,1741607677534,-9.150177426636219,-43.50982734135219
1,1,block_2,2,Provo_ID2,1,1077713,1257085,1,applied_drift,1741607677567,-9.150177426636219,-43.50982734135219
1,1,block_2,2,Provo_ID2,1,1077713,1257085,1,applied_drift,1741607677597,-9.150177426636219,-43.50982734135219
1,1,block_2,2,Provo_ID2,1,1077713,1257085,1,applied_drift,1741607677634,-9.150177426636219,-43.50982734135219
1,1,block_2,2,Provo_ID2,1,1077713,1257085,1,applied_drift,1741607677662,-9.150177426636219,-43.50982734135219
1,1,block_2,2,Provo_ID2,1,1077713,1257085,1,applied_drift,1741607677690,-9.150177426636219,-43.50982734135219
1,1,block_2,2,Provo_ID2,1,1077713,1257085,1,applied_drift,1741607677738,-9.150177426636219,-43.50982734135219
1,1,block_2,2,Provo_ID2,1,1077713,1257085,1,applied_drift,1741607677767,-9.150177426636219,-43.50982734135219
1,1,block_2,2,Provo_ID2,1,1077713,1257085,1,applied_drift,1741607677806,-9.150177426636219,-43.50982734135219
1,1,block_2,2,Provo_ID2,1,1077713,1257085,1,applied_drift,1741607677833,-9.150177426636219,-43.50982734135219
1,1,block_2,2,Provo_ID2,1,1077713,1257085,1,applied_drift,1741607677870,-9.150177426636219,-43.50982734135219
1,1,block_2,2,Provo_ID2,1,1077713,1257085,1,applied_drift,1741607677895,-9.150177426636219,-43.50982734135219
1,1,block_2,2,Provo_ID2,1,1077713,1257085,1,applied_drift,1741607677930,-9.150177426636219,-43.50982734135219
1,1,block_2,2,Provo_ID2,1,1077713,1257085,1,applied_drift,1741607677972,-9.150177426636219,-43.50982734135219
1,1,block_2,2,Provo_ID2,1,1077713,1257085,1,applied_drift,1741607677995,-9.150177426636219,-43.50982734135219
1,1,block_2,2,Provo_ID2,1,1077713,1257085,1,applied_drift,1741607678033,-9.150177426636219,-43.50982734135219
1,1,block_2,2,Provo_ID2,1,1077713,1257085,1,applied_drift,1741607678065,-9.150177426636219,-43.50982734135219
1,1,block_2,2,Provo_ID2,1,1077713,1257085,1,applied_drift,1741607678100,-9.150177426636219,-43.50982734135219
1,1,block_2,2,Provo_ID2,1,1077713,1257085,1,applied_drift,1741607678129,-9.150177426636219,-43.50982734135219
1,1,block_2,2,Provo_ID2,1,1077713,1257085,1,applied_drift,1741607678161,-9.150177426636219,-43.50982734135219
1,1,block_2,2,Provo_ID2,1,1077713,1257085,1,applied_drift,1741607678196,-9.150177426636219,-43.50982734135219
1,1,block_2,2,Provo_ID2,1,1077713,1257085,1,applied_drift,1741607678229,-9.150177426636219,-43.50982734135219
1,1,block_2,2,Provo_ID2,1,1077713,1257085,1,applied_drift,1741607678262,-9.150177426636219,-43.50982734135219
1,1,block_2,2,Provo_ID2,1,1077713,1257085,1,applied_drift,1741607678299,-9.150177426636219,-43.50982734135219
1,1,block_2,2,Provo_ID2,1,1077713,1257085,1,applied_drift,1741607678338,-9.150177426636219,-43.50982734135219
1,1,block_2,2,Provo_ID2,1,1077713,1257085,1,applied_drift,1741607678368,-9.150177426636219,-43.50982734135219
1,1,block_2,2,Provo_ID2,1,1077713,1257085,1,applied_drift,1741607678401,-9.150177426636219,-43.50982734135219
1,1,block_2,2,Provo_ID2,1,1077713,1257085,1,applied_drift,1741607678428,-9.150177426636219,-43.50982734135219
1,1,block_2,2,Provo_ID2,1,1077713,1257085,1,applied_drift,1741607678463,-9.150177426636219,-43.50982734135219
1,1,block_2,2,Provo_ID2,1,1077713,1257085,1,applied_drift,1741607678501,-9.150177426636219,-43.50982734135219
1,1,block_2,2,Provo_ID2,1,1077713,1257085,1,applied_drift,1741607678532,-9.150177426636219,-43.50982734135219
1,1,block_2,2,Provo_ID2,1,1077713,1257085,1,applied_drift,1741607678567,-9.150177426636219,-43.50982734135219
1,1,block_2,2,Provo_ID2,1,1077713,1257085,1,applied_drift,1741607678601,-9.150177426636219,-43.50982734135219
1,1,block_2,2,Provo_ID2,1,1077713,1257085,1,applied_drift,1741607678628,-9.150177426636219,-43.50982734135219
1,1,block_2,2,Provo_ID2,1,1077713,1257085,1,applied_drift,1741607678667,-9.150177426636219,-43.50982734135219
1,1,block_2,2,Provo_ID2,1,1077713,1257085,1,applied_drift,1741607678706,-9.150177426636219,-43.50982734135219
1,1,block_2,2,Provo_ID2,1,1077713,1257085,1,applied_drift,1741607678734,-9.150177426636219,-43.50982734135219
1,1,block_2,2,Provo_ID2,1,1077713,1257085,1,applied_drift,1741607678764,-9.150177426636219,-43.50982734135219
1,1,block_2,2,Provo_ID2,1,1077713,1257085,1,applied_drift,1741607678795,-9.150177426636219,-43.50982734135219
1,1,block_2,2,Provo_ID2,1,1077713,1257085,1,applied_drift,1741607678829,-9.150177426636219,-43.50982734135219
1,1,block_2,2,Provo_ID2,1,1077713,1257085,1,applied_drift,1741607678865,-9.150177426636219,-43.50982734135219
1,1,block_2,2,Provo_ID2,1,1077713,1257085,1,applied_drift,1741607678901,-9.150177426636219,-43.50982734135219
1,1,block_2,2,Provo_ID2,1,1077713,1257085,1,applied_drift,1741607678939,-9.150177426636219,-43.50982734135219
1,1,block_2,2,Provo_ID2,1,1077713,1257085,1,applied_drift,1741607678967,-9.150177426636219,-43.50982734135219
1,1,block_2,2,Provo_ID2,1,1077713,1257085,1,applied_drift,1741607679001,-9.150177426636219,-43.50982734135219
1,1,block_2,2,Provo_ID2,1,1077713,1257085,1,applied_drift,1741607679029,-9.150177426636219,-43.50982734135219
1,1,block_2,2,Provo_ID2,1,1077713,1257085,1,applied_drift,1741607679057,-9.150177426636219,-43.50982734135219
1,1,block_2,2,Provo_ID2,1,1077713,1257085,1,applied_drift,1741607679100,-9.150177426636219,-43.50982734135219
1,1,block_2,2,Provo_ID2,1,1077713,1257085,1,applied_drift,1741607679129,-9.150177426636219,-43.50982734135219
1,1,block_2,2,Provo_ID2,1,1077713,1257085,1,applied_drift,1741607679167,-9.150177426636219,-43.50982734135219
1,1,block_2,2,Provo_ID2,1,1077713,1257085,1,applied_drift,1741607679201,-9.150177426636219,-43.50982734135219
1,1,block_2,2,Provo_ID2,1,1077713,1257085,1,applied_drift,1741607679229,-9.150177426636219,-43.50982734135219
1,1,block_2,2,Provo_ID2,1,1077713,1257085,1,applied_drift,1741607679256,-9.150177426636219,-43.50982734135219
1,1,block_2,2,Provo_ID2,1,1077713,1257085,1,applied_drift,1741607679298,-9.150177426636219,-43.50982734135219
1,1,block_2,2,Provo_ID2,1,1077713,1257085,1,applied_drift,1741607679339,-9.150177426636219,-43.50982734135219
1,1,block_2,2,Provo_ID2,1,1077713,1257085,1,applied_drift,1741607679366,-9.150177426636219,-43.50982734135219
1,1,block_2,2,Provo_ID2,1,1077713,1257085,1,applied_drift,1741607679394,-9.150177426636219,-43.50982734135219
1,1,block_2,2,Provo_ID2,1,1077713,1257085,1,applied_drift,1741607679434,-9.150177426636219,-43.50982734135219
1,1,block_2,2,Provo_ID2,1,1077713,1257085,1,applied_drift,1741607679462,-9.150177426636219,-43.50982734135219
1,1,block_2,2,Provo_ID2,1,1077713,1257085,1,applied_drift,1741607679499,-9.150177426636219,-43.50982734135219
1,1,block_2,2,Provo_ID2,1,1077713,1257085,1,applied_drift,1741607679534,-9.150177426636219,-43.50982734135219
1,1,block_2,2,Provo_ID2,1,1077713,1257085,1,applied_drift,1741607679558,-9.150177426636219,-43.50982734135219
1,1,block_2,2,Provo_ID2,1,1077713,1257085,1,applied_drift,1741607679594,-9.150177426636219,-43.50982734135219
1,1,block_2,2,Provo_ID2,1,1077713,1257085,1,applied_drift,1741607679639,-9.150177426636219,-43.50982734135219
1,1,block_2,2,Provo_ID2,1,1077713,1257085,1,applied_drift,1741607679672,-9.150177426636219,-43.50982734135219
1,1,block_2,2,Provo_ID2,1,1077713,1257085,1,applied_drift,1741607679701,-9.150177426636219,-43.50982734135219
1,1,block_2,2,Provo_ID2,1,1077713,1257085,1,applied_drift,1741607679729,-9.150177426636219,-43.50982734135219
1,1,block_2,2,Provo_ID2,1,1077713,1257085,1,applied_drift,1741607679767,-9.150177426636219,-43.50982734135219
1,1,block_2,2,Provo_ID2,1,1077713,1257085,1,applied_drift,1741607679795,-9.150177426636219,-43.50982734135219
1,1,block_2,2,Provo_ID2,1,1077713,1257085,1,applied_drift,1741607679829,-9.150177426636219,-43.50982734135219
1,1,block_2,2,Provo_ID2,1,1077713,1257085,1,applied_drift,1741607679863,-9.150177426636219,-43.50982734135219
1,1,block_2,2,Provo_ID2,1,1077713,1257085,1,applied_drift,1741607679905,-9.150177426636219,-43.50982734135219
1,1,block_2,2,Provo_ID2,1,1077713,1257085,1,applied_drift,1741607679933,-9.150177426636219,-43.50982734135219
1,1,block_2,2,Provo_ID2,1,1077713,1257085,1,applied_drift,1741607679969,-9.150177426636219,-43.50982734135219
1,1,block_2,2,Provo_ID2,1,1077713,1257085,1,applied_drift,1741607680001,-9.150177426636219,-43.50982734135219
1,1,block_2,2,Provo_ID2,1,1077713,1257085,1,applied_drift,1741607680034,-9.150177426636219,-43.50982734135219
1,1,block_2,2,Provo_ID2,1,1077713,1257085,1,applied_drift,1741607680062,-9.150177426636219,-43.50982734135219
1,1,block_2,2,Provo_ID2,1,1077713,1257085,1,applied_drift,1741607680100,-9.150177426636219,-43.50982734135219
1,1,block_2,2,Provo_ID2,1,1077713,1257085,1,applied_drift,1741607680129,-9.150177426636219,-43.50982734135219
1,1,block_2,2,Provo_ID2,1,1077713,1257085,1,applied_drift,1741607680163,-9.150177426636219,-43.50982734135219
1,1,block_2,2,Provo_ID2,1,1077713,1257085,1,applied_drift,1741607680196,-9.150177426636219,-43.50982734135219
1,1,block_2,2,Provo_ID2,1,1077713,1257085,1,applied_drift,1741607680232,-9.150177426636219,-43.50982734135219
1,1,block_2,2,Provo_ID2,1,1077713,1257085,1,applied_drift,1741607680263,-9.150177426636219,-43.50982734135219
1,1,block_2,2,Provo_ID2,1,1077713,1257085,1,applied_drift,1741607680306,-9.150177426636219,-43.50982734135219
1,1,block_2,2,Provo_ID2,1,1077713,1257085,1,applied_drift,1741607680338,-9.150177426636219,-43.50982734135219
1,1,block_2,2,Provo_ID2,1,1077713,1257085,1,applied_drift,1741607680368,-9.150177426636219,-43.50982734135219
1,1,block_2,2,Provo_ID2,1,1077713,1257085,1,applied_drift,1741607680395,-9.150177426636219,-43.50982734135219
1,1,block_2,2,Provo_ID2,1,1077713,1257085,1,applied_drift,1741607680429,-9.150177426636219,-43.50982734135219
1,1,block_2,2,Provo_ID2,1,1077713,1257085,1,applied_drift,1741607680476,-9.150177426636219,-43.50982734135219
1,1,block_2,2,Provo_ID2,1,1077713,1257085,1,applied_drift,1741607680501,-9.150177426636219,-43.50982734135219
1,1,block_2,2,Provo_ID2,1,1077713,1257085,1,applied_drift,1741607680529,-9.150177426636219,-43.50982734135219
1,1,block_2,2,Provo_ID2,1,1077713,1257085,1,applied_drift,1741607680567,-9.150177426636219,-43.50982734135219
1,1,block_2,2,Provo_ID2,1,1077713,1257085,1,applied_drift,1741607680597,-9.150177426636219,-43.50982734135219
1,1,block_2,2,Provo_ID2,1,1077713,1257085,1,applied_drift,1741607680630,-9.150177426636219,-43.50982734135219
1,1,block_2,2,Provo_ID2,1,1077713,1257085,1,applied_drift,1741607680667,-9.150177426636219,-43.50982734135219
1,1,block_2,2,Provo_ID2,1,1077713,1257085,1,applied_drift,1741607680701,-9.150177426636219,-43.50982734135219
1,1,block_2,2,Provo_ID2,1,1077713,1257085,1,applied_drift,1741607680734,-9.150177426636219,-43.50982734135219
1,1,block_2,2,Provo_ID2,1,1077713,1257085,1,applied_drift,1741607680765,-9.150177426636219,-43.50982734135219
1,1,block_2,2,Provo_ID2,1,1077713,1257085,1,applied_drift,1741607680796,-9.150177426636219,-43.50982734135219
1,1,block_2,2,Provo_ID2,1,1077713,1257085,1,applied_drift,1741607680830,-9.150177426636219,-43.50982734135219
1,1,block_2,2,Provo_ID2,1,1077713,1257085,1,applied_drift,1741607680862,-9.150177426636219,-43.50982734135219
1,1,block_2,2,Provo_ID2,1,1077713,1257085,1,applied_drift,1741607680906,-9.150177426636219,-43.50982734135219
1,1,block_2,2,Provo_ID2,1,1077713,1257085,1,applied_drift,1741607683327,-9.150177426636219,-43.50982734135219
1,1,block_2,2,Provo_ID2,1,1077713,1257085,1,applied_drift,1741607683356,-9.150177426636219,-43.50982734135219
1,1,block_2,2,Provo_ID2,1,1077713,1257085,1,applied_drift,1741607683386,-9.150177426636219,-43.50982734135219
1,1,block_2,2,Provo_ID2,1,1077713,1257085,1,applied_drift,1741607683423,-9.150177426636219,-43.50982734135219
1,1,block_2,2,Provo_ID2,1,1077713,1257085,1,applied_drift,1741607683450,-9.150177426636219,-43.50982734135219
1,1,block_2,2,Provo_ID2,1,1077713,1257085,1,applied_drift,1741607683486,-9.150177426636219,-43.50982734135219
1,1,block_2,2,Provo_ID2,1,1077713,1257085,1,applied_drift,1741607683518,-9.150177426636219,-43.50982734135219
1,1,block_2,2,Provo_ID2,1,1077713,1257085,1,applied_drift,1741607683556,-9.150177426636219,-43.50982734135219
1,1,block_2,2,Provo_ID2,1,1077713,1257085,1,applied_drift,1741607683584,-9.150177426636219,-43.50982734135219
1,1,block_2,2,Provo_ID2,1,1077713,1257085,1,applied_drift,1741607683623,-9.150177426636219,-43.50982734135219
1,1,block_2,2,Provo_ID2,1,1077713,1257085,1,applied_drift,1741607683656,-9.150177426636219,-43.50982734135219
1,1,block_2,2,Provo_ID2,1,1077713,1257085,1,applied_drift,1741607683689,-9.150177426636219,-43.50982734135219
1,1,block_2,2,Provo_ID2,1,1077713,1257085,1,applied_drift,1741607683722,-9.150177426636219,-43.50982734135219
1,1,block_2,2,Provo_ID2,1,1077713,1257085,1,applied_drift,1741607683750,-9.150177426636219,-43.50982734135219
1,1,block_2,2,Provo_ID2,1,1077713,1257085,1,applied_drift,1741607683784,-9.150177426636219,-43.50982734135219
1,1,block_2,2,Provo_ID2,1,1077713,1257085,1,applied_drift,1741607683821,-9.150177426636219,-43.50982734135219
1,1,block_2,2,Provo_ID2,1,1077713,1257085,1,applied_drift,1741607683850,-9.150177426636219,-43.50982734135219
1,1,block_2,2,Provo_ID2,1,1077713,1257085,1,applied_drift,1741607683890,-9.150177426636219,-43.50982734135219
1,1,block_2,2,Provo_ID2,1,1077713,1257085,1,applied_drift,1741607683917,-9.150177426636219,-43.50982734135219
1,1,block_2,2,Provo_ID2,1,1077713,1257085,1,applied_drift,1741607683948,-9.150177426636219,-43.50982734135219
1,1,block_2,2,Provo_ID2,1,1077713,1257085,1,applied_drift,1741607683977,-9.150177426636219,-43.50982734135219
1,1,block_2,2,Provo_ID2,1,1077713,1257085,1,applied_drift,1741607684023,-9.150177426636219,-43.50982734135219
1,1,block_2,2,Provo_ID2,1,1077713,1257085,1,applied_drift,1741607684054,-9.150177426636219,-43.50982734135219
1,1,block_2,2,Provo_ID2,1,1077713,1257085,1,applied_drift,1741607684082,-9.150177426636219,-43.50982734135219
1,1,block_2,2,Provo_ID2,1,1077713,1257085,1,applied_drift,1741607684117,-9.150177426636219,-43.50982734135219
1,1,block_2,2,Provo_ID2,1,1077713,1257085,1,applied_drift,1741607684151,-9.150177426636219,-43.50982734135219
1,1,block_2,2,Provo_ID2,1,1077713,1257085,1,applied_drift,1741607684187,-9.150177426636219,-43.50982734135219
1,1,block_2,2,Provo_ID2,1,1077713,1257085,1,applied_drift,1741607684219,-9.150177426636219,-43.50982734135219
1,1,block_2,2,Provo_ID2,1,1077713,1257085,1,applied_drift,1741607684254,-9.150177426636219,-43.50982734135219
1,1,block_2,2,Provo_ID2,1,1077713,1257085,1,applied_drift,1741607684285,-9.150177426636219,-43.50982734135219
1,1,block_2,2,Provo_ID2,1,1077713,1257085,1,applied_drift,1741607684316,-9.150177426636219,-43.50982734135219
1,1,block_2,2,Provo_ID2,1,1077713,1257085,1,applied_drift,1741607684343,-9.150177426636219,-43.50982734135219
1,1,block_2,2,Provo_ID2,1,1077713,1257085,1,applied_drift,1741607684387,-9.150177426636219,-43.50982734135219
1,1,block_2,2,Provo_ID2,1,1077713,1257085,1,applied_drift,1741607684411,-9.150177426636219,-43.50982734135219
1,1,block_2,2,Provo_ID2,1,1077713,1257085,1,applied_drift,1741607684452,-9.150177426636219,-43.50982734135219
1,1,block_2,2,Provo_ID2,1,1077713,1257085,1,applied_drift,1741607684480,-9.150177426636219,-43.50982734135219
1,1,block_2,2,Provo_ID2,1,1077713,1257085,1,applied_drift,1741607684513,-9.150177426636219,-43.50982734135219
1,1,block_2,2,Provo_ID2,1,1077713,1257085,1,applied_drift,1741607684549,-9.150177426636219,-43.50982734135219
1,1,block_2,2,Provo_ID2,1,1077713,1257085,1,applied_drift,1741607684585,-9.150177426636219,-43.50982734135219
1,1,block_2,2,Provo_ID2,1,1077713,1257085,1,applied_drift,1741607684611,-9.150177426636219,-43.50982734135219
1,1,block_2,2,Provo_ID2,1,1077713,1257085,1,applied_drift,1741607684652,-9.150177426636219,-43.50982734135219
1,1,block_2,2,Provo_ID2,1,1077713,1257085,1,applied_drift,1741607684675,-9.150177426636219,-43.50982734135219
1,1,block_2,2,Provo_ID2,1,1077713,1257085,1,applied_drift,1741607684719,-9.150177426636219,-43.50982734135219
1,1,block_2,2,Provo_ID2,1,1077713,1257085,1,error_trial,1741607654073,64.30613407472364
1,1,block_2,2,Provo_ID2,1,1077713,1257085,1,error_trial_x,1741607654073,52.63937606292517
1,1,block_2,2,Provo_ID2,1,1077713,1257085,1,error_trial_y,1741607654073,34.29208768468325
1,1,block_2,2,Provo_ID2,1,1077713,1257085,1,error_calibration,1741607654073,40.378413816698554
1,1,block_2,2,Provo_ID2,1,1077713,1257085,1,error_calibration_x,1741607654073,32.07429431733631
1,1,block_2,2,Provo_ID2,1,1077713,1257085,1,error_calibration_y,1741607654073,19.98503185453869
1,1,block_2,2,Provo_ID3,2,1077713,1257085,1,gaze_data,1741607688221,
1,1,block_2,2,Provo_ID3,2,1077713,1257085,1,gaze_data,1741607712022,683.1027507781982,446.0690180460612,1741607711998.8,0.8939960649936967
1,1,block_2,2,Provo_ID3,2,1077713,1257085,1,gaze_data,1741607712061,716.4097547531128,407.15923218500046,1741607712028.3,0.8113992249680759
1,1,block_2,2,Provo_ID3,2,1077713,1257085,1,gaze_data,1741607712094,710.608434677124,411.4594568525042,1741607712061.3,0.9101986831849564
1,1,block_2,2,Provo_ID3,2,1077713,1257085,1,gaze_data,1741607712120,715.1630878448486,409.49066979544506,1741607712094,0.9037225372401081
1,1,block_2,2,Provo_ID3,2,1077713,1257085,1,gaze_data,1741607712160,720.6781625747681,410.8644621712821,1741607712127.6,0.8987343154506267
1,1,block_2,2,Provo_ID3,2,1077713,1257085,1,gaze_data,1741607712190,722.8561878204346,413.0629466828846,1741607712160.2,0.9099259170409479
1,1,block_2,2,Provo_ID3,2,1077713,1257085,1,gaze_data,1741607712224,722.0325708389282,411.52956553867887,1741607712193.9001,0.9266718303483801
1,1,block_2,2,Provo_ID3,2,1077713,1257085,1,gaze_data,1741607712255,722.2482681274414,414.9544734046573,1741607712236.4001,0.8816929030994243
1,1,block_2,2,Provo_ID3,2,1077713,1257085,1,gaze_data,1741607712300,722.4519729614258,418.0743944077265,1741607712261.3,0.861705687374466
1,1,block_2,2,Provo_ID3,2,1077713,1257085,1,gaze_data,1741607712322,503.50531339645386,342.08253360929945,1741607712294.3,0.879053315546821
1,1,block_2,2,Provo_ID3,2,1077713,1257085,1,gaze_data,1741607712361,336.83905601501465,302.0098304748535,1741607712326.7,0.962179560937007
1,1,block_2,2,Provo_ID3,2,1077713,1257085,1,gaze_data,1741607712389,330.75225353240967,336.8001608621507,1741607712361.1,1
1,1,block_2,2,Provo_ID3,2,1077713,1257085,1,gaze_data,1741607712424,324.86361861228943,331.3485418047224,1741607712393.2,1
1,1,block_2,2,Provo_ID3,2,1077713,1257085,1,gaze_data,1741607712459,319.86790895462036,297.12366331191294,1741607712427.7,1
1,1,block_2,2,Provo_ID3,2,1077713,1257085,1,gaze_data,1741607712493,326.27861499786377,301.7836243765695,1741607712462.2,1
1,1,block_2,2,Provo_ID3,2,1077713,1257085,1,gaze_data,1741607712527,303.44393849372864,184.87501098996117,1741607712494.4001,1
1,1,block_2,2,Provo_ID3,2,1077713,1257085,1,gaze_data,1741607712556,179.73103523254395,101.25690187726703,1741607712527.1,1
1,1,block_2,2,Provo_ID3,2,1077713,1257085,1,gaze_data,1741607712584,151.10974311828613,80.5339004879906,1741607712561.9001,1
1,1,block_2,2,Provo_ID3,2,1077713,1257085,1,gaze_data,1741607712626,138.32595348358154,72.68375487554641,1741607712594.8,1
1,1,block_2,2,Provo_ID3,2,1077713,1257085,1,gaze_data,1741607712660,142.94400215148926,88.04580688476562,1741607712628.4001,1
1,1,block_2,2,Provo_ID3,2,1077713,1257085,1,gaze_data,1741607712691,134.4491481781006,77.80070350283668,1741607712660.8,1
1,1,block_2,2,Provo_ID3,2,1077713,1257085,1,gaze_data,1741607712726,137.23680973052979,89.66103780837287,1741607712693.6,1
1,1,block_2,2,Provo_ID3,2,1077713,1257085,1,gaze_data,1741607712759,131.4167022705078,77.31650307064965,1741607712730,1
1,1,block_2,2,Provo_ID3,2,1077713,1257085,1,gaze_data,1741607712789,122.93307781219482,82.9308573404948,1741607712760.4001,1
1,1,block_2,2,Provo_ID3,2,1077713,1257085,1,gaze_data,1741607712824,121.00014686584473,82.97351383027576,1741607712794.9001,1
1,1,block_2,2,Provo_ID3,2,1077713,1257085,1,gaze_data,1741607712851,124.36962127685547,81.02499916439965,1741607712826.5,1
1,1,block_2,2,Provo_ID3,2,1077713,1257085,1,gaze_data,1741607712891,123.87590408325195,87.50729333786738,1741607712860.7,1
1,1,block_2,2,Provo_ID3,2,1077713,1257085,1,gaze_data,1741607712921,168.18017959594727,98.83330935523624,1741607712893.6,1
1,1,block_2,2,Provo_ID3,2,1077713,1257085,1,gaze_data,1741607712961,223.2388973236084,99.85391162690662,1741607712927.5,1
1,1,block_2,2,Provo_ID3,2,1077713,1257085,1,gaze_data,1741607712992,220.4800248146057,92.25303195771717,1741607712960.4001,1
1,1,block_2,2,Provo_ID3,2,1077713,1257085,1,gaze_data,1741607713021,211.76540851593018,98.40984162830172,1741607712994.1,1
1,1,block_2,2,Provo_ID3,2,1077713,1257085,1,gaze_data,1741607713056,213.43003511428833,89.07021022978283,1741607713028.9001,1
1,1,block_2,2,Provo_ID3,2,1077713,1257085,1,gaze_data,1741607713091,338.7055456638336,104.59570839291527,1741607713061.1,1
1,1,block_2,2,Provo_ID3,2,1077713,1257085,1,gaze_data,1741607713126,345.4166829586029,106.68263844081335,1741607713094.8,1
1,1,block_2,2,Provo_ID3,2,1077713,1257085,1,gaze_data,1741607713154,345.74039578437805,94.07093048095703,1741607713127.3,1
1,1,block_2,2,Provo_ID3,2,1077713,1257085,1,gaze_data,1741607713194,347.23312854766846,102.85644985380627,1741607713160.5,1
1,1,block_2,2,Provo_ID3,2,1077713,1257085,1,gaze_data,1741607713222,350.0975042581558,86.84418905349006,1741607713194.6,1
1,1,block_2,2,Provo_ID3,2,1077713,1257085,1,gaze_data,1741607713260,354.06000316143036,96.75747281029112,1741607713227.5,1
1,1,block_2,2,Provo_ID3,2,1077713,1257085,1,gaze_data,1741607713293,364.8149788379669,97.95813333420527,1741607713262.2,1
1,1,block_2,2,Provo_ID3,2,1077713,1257085,1,gaze_data,1741607713328,278.45261096954346,96.03087652297248,1741607713294.4001,1
1,1,block_2,2,Provo_ID3,2,1077713,1257085,1,gaze_data,1741607713352,250.90075731277466,126.36637710389637,1741607713328,1
1,1,block_2,2,Provo_ID3,2,1077713,1257085,1,gaze_data,1741607713383,254.23401594161987,127.36527102334159,1741607713360.8,1
1,1,block_2,2,Provo_ID3,2,1077713,1257085,1,gaze_data,1741607713421,258.40163230895996,130.37811438242596,1741607713395,1
1,1,block_2,2,Provo_ID3,2,1077713,1257085,1,gaze_data,1741607713454,262.7527952194214,128.76821903955368,1741607713428,1
1,1,block_2,2,Provo_ID3,2,1077713,1257085,1,gaze_data,1741607713489,272.3361611366272,140.4081896373204,1741607713460.7,1
1,1,block_2,2,Provo_ID3,2,1077713,1257085,1,gaze_data,1741607713524,261.81594133377075,145.93474615187873,1741607713495,1
1,1,block_2,2,Provo_ID3,2,1077713,1257085,1,gaze_data,1741607713552,272.8003740310669,139.64011941637312,1741607713527.5,1
1,1,block_2,2,Provo_ID3,2,1077713,1257085,1,gaze_data,1741607713590,264.48543071746826,141.19116851261685,1741607713560.4001,1
1,1,block_2,2,Provo_ID3,2,1077713,1257085,1,gaze_data,1741607713620,393.91632564365864,167.26708775474913,1741607713598.6,1
1,1,block_2,2,Provo_ID3,2,1077713,1257085,1,gaze_data,1741607713653,376.90607607364655,171.53986022585914,1741607713629.3,1
1,1,block_2,2,Provo_ID3,2,1077713,1257085,1,gaze_data,1741607713691,362.9477560520172,161.31339618137906,1741607713661.1,1
1,1,block_2,2,Provo_ID3,2,1077713,1257085,1,gaze_data,1741607713722,405.83036728203297,299.0746275583903,1741607713695.1,1
1,1,block_2,2,Provo_ID3,2,1077713,1257085,1,gaze_data,1741607713756,351.7213433980942,253.18124754088268,1741607713728.6,1
1,1,block_2,2,Provo_ID3,2,1077713,1257085,1,gaze_data,1741607713791,366.1875694990158,224.0446248508635,1741607713760.9001,0
1,1,block_2,2,Provo_ID3,2,1077713,1257085,1,gaze_data,1741607713814,347.11353182792664,256.59088952200756,1741607713793.8,0
1,1,block_2,2,Provo_ID3,2,1077713,1257085,1,gaze_data,1741607713858,426.5959769487381,201.5976923987979,1741607713827.5,0
1,1,block_2,2,Provo_ID3,2,1077713,1257085,1,gaze_data,1741607713885,473.49419593811035,248.62501530420215,1741607713860.7,0
1,1,block_2,2,Provo_ID3,2,1077713,1257085,1,gaze_data,1741607713925,498.7017571926117,341.4082513536726,1741607713894,0
1,1,block_2,2,Provo_ID3,2,1077713,1257085,1,gaze_data,1741607713954,469.4198489189148,290.5602021444412,1741607713928.3,0.0025770788847749833
1,1,block_2,2,Provo_ID3,2,1077713,1257085,1,gaze_data,1741607713990,470.69382667541504,261.4099079086667,1741607713961.9001,0.21557374440220275
1,1,block_2,2,Provo_ID3,2,1077713,1257085,1,gaze_data,1741607714025,455.3207814693451,237.55912644522533,1741607713994.9001,0.7522129628739499
1,1,block_2,2,Provo_ID3,2,1077713,1257085,1,gaze_data,1741607714058,453.12925577163696,232.3344701812381,1741607714028.4001,0.991030441763213
1,1,block_2,2,Provo_ID3,2,1077713,1257085,1,gaze_data,1741607714087,462.362277507782,220.43354182016282,1741607714060.4001,1
1,1,block_2,2,Provo_ID3,2,1077713,1257085,1,gaze_data,1741607714119,582.017970085144,211.5582643236433,1741607714094.3,1
1,1,block_2,2,Provo_ID3,2,1077713,1257085,1,gaze_data,1741607714158,607.4275016784668,224.23611799875897,1741607714129.5,1
1,1,block_2,2,Provo_ID3,2,1077713,1257085,1,gaze_data,1741607714195,612.0723724365234,217.28356770106726,1741607714161.4001,1
1,1,block_2,2,Provo_ID3,2,1077713,1257085,1,gaze_data,1741607714223,631.9630861282349,197.59799889155798,1741607714194.5,1
1,1,block_2,2,Provo_ID3,2,1077713,1257085,1,gaze_data,1741607714259,637.5078678131104,206.44453605016074,1741607714228.3,1
1,1,block_2,2,Provo_ID3,2,1077713,1257085,1,gaze_data,1741607714292,655.6670904159546,203.83764732451667,1741607714260.6,1
1,1,block_2,2,Provo_ID3,2,1077713,1257085,1,gaze_data,1741607714317,635.9240055084229,200.59373742058165,1741607714296.6,1
1,1,block_2,2,Provo_ID3,2,1077713,1257085,1,gaze_data,1741607714353,345.40117383003235,243.7675216084435,1741607714328.9001,1
1,1,block_2,2,Provo_ID3,2,1077713,1257085,1,gaze_data,1741607714390,242.46400594711304,226.77672726767406,1741607714361.7,1
1,1,block_2,2,Provo_ID3,2,1077713,1257085,1,gaze_data,1741607714417,230.0981044769287,249.70122763088773,1741607714394.9001,1
1,1,block_2,2,Provo_ID3,2,1077713,1257085,1,gaze_data,1741607714456,241.29703044891357,249.70792526290532,1741607714429.4001,1
1,1,block_2,2,Provo_ID3,2,1077713,1257085,1,gaze_data,1741607714485,230.46002388000488,246.33951260930016,1741607714461.5,1
1,1,block_2,2,Provo_ID3,2,1077713,1257085,1,gaze_data,1741607714517,231.55972957611084,244.93147537821815,1741607714495.7,1
1,1,block_2,2,Provo_ID3,2,1077713,1257085,1,gaze_data,1741607714553,213.35161924362183,239.88126726377578,1741607714529.2,1
1,1,block_2,2,Provo_ID3,2,1077713,1257085,1,gaze_data,1741607714588,215.31062126159668,239.77389574050903,1741607714562.5,1
1,1,block_2,2,Provo_ID3,2,1077713,1257085,1,gaze_data,1741607714624,214.75263833999634,241.03106203533355,1741607714595.8,1
1,1,block_2,2,Provo_ID3,2,1077713,1257085,1,gaze_data,1741607714662,215.82452058792114,236.61205206598555,1741607714629.2,1
1,1,block_2,2,Provo_ID3,2,1077713,1257085,1,gaze_data,1741607714683,217.66395568847656,238.55443574133375,1741607714661.9001,1
1,1,block_2,2,Provo_ID3,2,1077713,1257085,1,gaze_data,1741607714723,216.18094444274902,241.7825676713671,1741607714695.1,1
1,1,block_2,2,Provo_ID3,2,1077713,1257085,1,gaze_data,1741607714748,212.73900270462036,245.7787557442983,1741607714730.9001,1
1,1,block_2,2,Provo_ID3,2,1077713,1257085,1,gaze_data,1741607714788,409.2836819589138,301.7058290754046,1741607714761.6,1
1,1,block_2,2,Provo_ID3,2,1077713,1257085,1,gaze_data,1741607714823,389.0930123627186,273.65434419541134,1741607714796.6,1
1,1,block_2,2,Provo_ID3,2,1077713,1257085,1,gaze_data,1741607714852,388.41146528720856,271.2011455354237,1741607714828.8,1
1,1,block_2,2,Provo_ID3,2,1077713,1257085,1,gaze_data,1741607714890,391.8370187282562,275.31705334073024,1741607714861.3,1
1,1,block_2,2,Provo_ID3,2,1077713,1257085,1,gaze_data,1741607714920,397.69089818000793,272.7098971321469,1741607714895.5,1
1,1,block_2,2,Provo_ID3,2,1077713,1257085,1,gaze_data,1741607714957,418.6939373612404,274.3513097081866,1741607714929.8,1
1,1,block_2,2,Provo_ID3,2,1077713,1257085,1,gaze_data,1741607714989,422.80708849430084,280.4372997511001,1741607714962.9001,1
1,1,block_2,2,Provo_ID3,2,1077713,1257085,1,gaze_data,1741607715021,417.7704229950905,271.98799235480175,1741607714997.7,1
1,1,block_2,2,Provo_ID3,2,1077713,1257085,1,gaze_data,1741607715052,427.001416683197,272.3778592972528,1741607715028.4001,1
1,1,block_2,2,Provo_ID3,2,1077713,1257085,1,gaze_data,1741607715084,413.9635384082794,270.1238368806385,1741607715064.6,1
1,1,block_2,2,Provo_ID3,2,1077713,1257085,1,gaze_data,1741607715116,439.2198830842972,283.4587307203384,1741607715097,1
1,1,block_2,2,Provo_ID3,2,1077713,1257085,1,gaze_data,1741607715150,565.2178406715393,276.5844790140788,1741607715128.4001,1
1,1,block_2,2,Provo_ID3,2,1077713,1257085,1,gaze_data,1741607715185,574.5562434196472,279.3191084407625,1741607715162.2,1
1,1,block_2,2,Provo_ID3,2,1077713,1257085,1,gaze_data,1741607715222,560.3901386260986,272.3030309450059,1741607715195.9001,1
1,1,block_2,2,Provo_ID3,2,1077713,1257085,1,gaze_data,1741607715250,578.0213117599487,278.8166874930972,1741607715229.1,1
1,1,block_2,2,Provo_ID3,2,1077713,1257085,1,gaze_data,1741607715283,583.2996487617493,283.50721904209684,1741607715260.6,1
1,1,block_2,2,Provo_ID3,2,1077713,1257085,1,gaze_data,1741607715313,608.7872266769409,280.43071474347795,1741607715295.6,1
1,1,block_2,2,Provo_ID3,2,1077713,1257085,1,gaze_data,1741607715352,671.7711687088013,286.37322834559853,1741607715330.5,1
1,1,block_2,2,Provo_ID3,2,1077713,1257085,1,gaze_data,1741607715392,661.931300163269,273.2320132709685,1741607715361.6,1
1,1,block_2,2,Provo_ID3,2,1077713,1257085,1,gaze_data,1741607715422,661.1692190170288,284.0048640114921,1741607715400.3,1
1,1,block_2,2,Provo_ID3,2,1077713,1257085,1,gaze_data,1741607715455,660.4745626449585,288.28054359980996,1741607715429.2,1
1,1,block_2,2,Provo_ID3,2,1077713,1257085,1,gaze_data,1741607715488,664.7762298583984,298.00942602611724,1741607715461.4001,1
1,1,block_2,2,Provo_ID3,2,1077713,1257085,1,gaze_data,1741607715522,447.1111327409744,338.7243697756813,1741607715495.5,1
1,1,block_2,2,Provo_ID3,2,1077713,1257085,1,gaze_data,1741607715554,233.11864137649536,323.24801808311827,1741607715531.3,1
1,1,block_2,2,Provo_ID3,2,1077713,1257085,1,gaze_data,1741607715583,222.95453548431396,327.03292279016404,1741607715562.3,1
1,1,block_2,2,Provo_ID3,2,1077713,1257085,1,gaze_data,1741607715618,241.84257984161377,332.66379765101846,1741607715596.9001,1
1,1,block_2,2,Provo_ID3,2,1077713,1257085,1,gaze_data,1741607715655,234.08265113830566,327.0564401717413,1741607715628.6,1
1,1,block_2,2,Provo_ID3,2,1077713,1257085,1,gaze_data,1741607715689,235.2065920829773,327.36452420552575,1741607715661.9001,1
1,1,block_2,2,Provo_ID3,2,1077713,1257085,1,gaze_data,1741607715718,225.5720615386963,327.2198370524815,1741607715694.1,1
1,1,block_2,2,Provo_ID3,2,1077713,1257085,1,gaze_data,1741607715750,226.57082080841064,330.54831731887094,1741607715731,1
1,1,block_2,2,Provo_ID3,2,1077713,1257085,1,gaze_data,1741607715779,216.67170524597168,331.2182283401489,1741607715763.7,1
1,1,block_2,2,Provo_ID3,2,1077713,1257085,1,gaze_data,1741607715822,209.62588787078857,329.0169774918329,1741607715796.2,1
1,1,block_2,2,Provo_ID3,2,1077713,1257085,1,gaze_data,1741607715855,200.02669095993042,330.1998433612642,1741607715828.3,1
1,1,block_2,2,Provo_ID3,2,1077713,1257085,1,gaze_data,1741607715882,205.89371919631958,330.4356506892613,1741607715862.1,1
1,1,block_2,2,Provo_ID3,2,1077713,1257085,1,gaze_data,1741607715923,193.00644397735596,329.67265560513454,1741607715895.9001,1
1,1,block_2,2,Provo_ID3,2,1077713,1257085,1,gaze_data,1741607715955,201.95616483688354,327.2674419766381,1741607715931.1,1
1,1,block_2,2,Provo_ID3,2,1077713,1257085,1,gaze_data,1741607715984,178.17761898040771,326.4117851711455,1741607715964,1
1,1,block_2,2,Provo_ID3,2,1077713,1257085,1,gaze_data,1741607716014,326.11247301101685,311.0784875778925,1741607715996.7,0.9562474921063764
1,1,block_2,2,Provo_ID3,2,1077713,1257085,1,gaze_data,1741607716050,311.31972670555115,296.02045808519637,1741607716029.9001,1
1,1,block_2,2,Provo_ID3,2,1077713,1257085,1,gaze_data,1741607716088,298.69229793548584,307.85290377480646,1741607716062.2,1
1,1,block_2,2,Provo_ID3,2,1077713,1257085,1,gaze_data,1741607716117,308.4007680416107,300.21825790405273,1741607716095.7,0.9972515866201941
1,1,block_2,2,Provo_ID3,2,1077713,1257085,1,gaze_data,1741607716156,310.9626829624176,300.3982176099505,1741607716130.5,1
1,1,block_2,2,Provo_ID3,2,1077713,1257085,1,gaze_data,1741607716184,318.38783621788025,296.3675594329834,1741607716164.5,1
1,1,block_2,2,Provo_ID3,2,1077713,1257085,1,gaze_data,1741607716217,322.6205110549927,302.12427093869167,1741607716197.1,0.9890697961547978
1,1,block_2,2,Provo_ID3,2,1077713,1257085,1,gaze_data,1741607716255,333.17244052886963,302.2706122625442,1741607716229.1,1
1,1,block_2,2,Provo_ID3,2,1077713,1257085,1,gaze_data,1741607716287,343.6914324760437,302.8749266124907,1741607716261.8,1
1,1,block_2,2,Provo_ID3,2,1077713,1257085,1,gaze_data,1741607716323,346.56984210014343,304.31050050826303,1741607716295.6,1
1,1,block_2,2,Provo_ID3,2,1077713,1257085,1,gaze_data,1741607716355,355.03937900066376,307.0982569739932,1741607716328.9001,1
1,1,block_2,2,Provo_ID3,2,1077713,1257085,1,gaze_data,1741607716386,347.9733645915985,347.2708579472133,1741607716362.2,1
1,1,block_2,2,Provo_ID3,2,1077713,1257085,1,gaze_data,1741607716413,350.98481476306915,352.37546012515116,1741607716395.9001,1
1,1,block_2,2,Provo_ID3,2,1077713,1257085,1,gaze_data,1741607716455,351.13092362880707,355.4457137698219,1741607716429.7,1
1,1,block_2,2,Provo_ID3,2,1077713,1257085,1,gaze_data,1741607716487,345.67394852638245,356.76265898204986,1741607716462.2,1
1,1,block_2,2,Provo_ID3,2,1077713,1257085,1,gaze_data,1741607716522,464.9530291557312,370.983304977417,1741607716495.7,0.971904996626332
1,1,block_2,2,Provo_ID3,2,1077713,1257085,1,gaze_data,1741607716555,474.2172598838806,362.72910526820596,1741607716528.9001,0.9989485221051195
1,1,block_2,2,Provo_ID3,2,1077713,1257085,1,gaze_data,1741607716589,482.66335129737854,360.41661671229775,1741607716562.7,1
1,1,block_2,2,Provo_ID3,2,1077713,1257085,1,gaze_data,1741607716635,482.52151012420654,357.1193967546736,1741607716609.5,0.9867034659976182
1,1,block_2,2,Provo_ID3,2,1077713,1257085,1,gaze_data,1741607716659,484.59747433662415,361.5027945382255,1741607716630.2,1
1,1,block_2,2,Provo_ID3,2,1077713,1257085,1,gaze_data,1741607716692,482.72292017936707,355.98991484869094,1741607716664.1,1
1,1,block_2,2,Provo_ID3,2,1077713,1257085,1,gaze_data,1741607716734,557.4531078338623,343.1687114352272,1741607716697.3,1
1,1,block_2,2,Provo_ID3,2,1077713,1257085,1,gaze_data,1741607716756,570.9646463394165,345.54980232602077,1741607716729.5,1
1,1,block_2,2,Provo_ID3,2,1077713,1257085,1,gaze_data,1741607716799,574.5129466056824,353.51084073384607,1741607716762.6,1
1,1,block_2,2,Provo_ID3,2,1077713,1257085,1,gaze_data,1741607716831,574.8735189437866,358.74047006879533,1741607716798.5,0.9875202512879544
1,1,block_2,2,Provo_ID3,2,1077713,1257085,1,gaze_data,1741607716863,580.2724599838257,354.69631104242234,1741607716835.2,1
1,1,block_2,2,Provo_ID3,2,1077713,1257085,1,gaze_data,1741607716899,582.3737621307373,351.9274684361049,1741607716862.8,0.9972085439244402
1,1,block_2,2,Provo_ID3,2,1077713,1257085,1,gaze_data,1741607716933,587.6472353935242,356.5079448336647,1741607716896.4001,0.9597303851174224
1,1,block_2,2,Provo_ID3,2,1077713,1257085,1,gaze_data,1741607716961,591.0584926605225,358.6804553440639,1741607716930,0.990090433898609
1,1,block_2,2,Provo_ID3,2,1077713,1257085,1,gaze_data,1741607716993,596.7923283576965,355.6615021115258,1741607716966.9001,0.9783592707790345
1,1,block_2,2,Provo_ID3,2,1077713,1257085,1,gaze_data,1741607717028,601.408052444458,359.0458229609898,1741607716995.8,0.9477530398613276
1,1,block_2,2,Provo_ID3,2,1077713,1257085,1,gaze_data,1741607717063,608.8310718536377,359.700072152274,1741607717030.1,0.9430808981509968
1,1,block_2,2,Provo_ID3,2,1077713,1257085,1,gaze_data,1741607717099,616.3341522216797,358.46501895359586,1741607717067,0.9453230698392416
1,1,block_2,2,Provo_ID3,2,1077713,1257085,1,gaze_data,1741607717126,609.5119714736938,293.71680350530715,1741607717096.6,0.9267514997639217
1,1,block_2,2,Provo_ID3,2,1077713,1257085,1,gaze_data,1741607717161,338.80918622016907,112.69629546574184,1741607717129.4001,0.9918078927961784
1,1,block_2,2,Provo_ID3,2,1077713,1257085,1,gaze_data,1741607717197,221.5678334236145,75.61776115780785,1741607717163.3,1
1,1,block_2,2,Provo_ID3,2,1077713,1257085,1,gaze_data,1741607717223,201.63575410842896,64.46501777285621,1741607717195.9001,1
1,1,block_2,2,Provo_ID3,2,1077713,1257085,1,gaze_data,1741607717254,220.96779346466064,74.04831205095564,1741607717230.1,1
1,1,block_2,2,Provo_ID3,2,1077713,1257085,1,gaze_data,1741607717300,221.0049867630005,78.10726710728237,1741607717266.4001,1
1,1,block_2,2,Provo_ID3,2,1077713,1257085,1,gaze_data,1741607717332,225.55837631225586,79.95641890026275,1741607717299,1
1,1,block_2,2,Provo_ID3,2,1077713,1257085,1,gaze_data,1741607717365,229.89808320999146,83.68254071190245,1741607717331.9001,1
1,1,block_2,2,Provo_ID3,2,1077713,1257085,1,gaze_data,1741607717397,230.63207864761353,88.27330816359748,1741607717365.1,1
1,1,block_2,2,Provo_ID3,2,1077713,1257085,1,gaze_data,1741607717421,240.79478979110718,96.55094782511394,1741607717396.1,1
1,1,block_2,2,Provo_ID3,2,1077713,1257085,1,gaze_data,1741607717460,204.57442998886108,98.61721129644485,1741607717429.5,1
1,1,block_2,2,Provo_ID3,2,1077713,1257085,1,gaze_data,1741607717496,189.67955112457275,98.76528422037761,1741607717462.9001,1
1,1,block_2,2,Provo_ID3,2,1077713,1257085,1,gaze_data,1741607717530,203.44133377075195,94.7633171081543,1741607717502.6,1
1,1,block_2,2,Provo_ID3,2,1077713,1257085,1,gaze_data,1741607717562,180.6908130645752,101.47302809215728,1741607717529.2,1
1,1,block_2,2,Provo_ID3,2,1077713,1257085,1,gaze_data,1741607717595,181.68373107910156,85.45671281360445,1741607717561.9001,1
1,1,block_2,2,Provo_ID3,2,1077713,1257085,1,gaze_data,1741607717626,198.15287590026855,94.52390579950243,1741607717599.1,1
1,1,block_2,2,Provo_ID3,2,1077713,1257085,1,gaze_data,1741607717660,299.4537115097046,106.24272755214147,1741607717628.5,1
1,1,block_2,2,Provo_ID3,2,1077713,1257085,1,gaze_data,1741607717692,273.6885905265808,89.1780762445359,1741607717662.9001,1
1,1,block_2,2,Provo_ID3,2,1077713,1257085,1,gaze_data,1741607717730,268.1784391403198,92.19874699910483,1741607717696.5,1
1,1,block_2,2,Provo_ID3,2,1077713,1257085,1,gaze_data,1741607717757,273.23591709136963,85.5024664742606,1741607717729,1
1,1,block_2,2,Provo_ID3,2,1077713,1257085,1,gaze_data,1741607717791,486.8803560733795,96.51625951131186,1741607717762.6,1
1,1,block_2,2,Provo_ID3,2,1077713,1257085,1,gaze_data,1741607717829,503.7367820739746,110.24770032791865,1741607717796,1
1,1,block_2,2,Provo_ID3,2,1077713,1257085,1,gaze_data,1741607717861,511.9205117225647,102.21755981445312,1741607717828.9001,1
1,1,block_2,2,Provo_ID3,2,1077713,1257085,1,gaze_data,1741607717889,518.1611776351929,110.99708897726877,1741607717862.3,1
1,1,block_2,2,Provo_ID3,2,1077713,1257085,1,gaze_data,1741607717930,514.29363489151,109.76020563216437,1741607717896.6,1
1,1,block_2,2,Provo_ID3,2,1077713,1257085,1,gaze_data,1741607717959,520.4540848731995,101.68042591639927,1741607717929.4001,1
1,1,block_2,2,Provo_ID3,2,1077713,1257085,1,gaze_data,1741607717995,519.4571018218994,110.63263643355597,1741607717965.2,1
1,1,block_2,2,Provo_ID3,2,1077713,1257085,1,gaze_data,1741607718021,508.79963636398315,98.61053830101378,1741607717995.3,1
1,1,block_2,2,Provo_ID3,2,1077713,1257085,1,gaze_data,1741607718060,509.29033756256104,106.96848619551886,1741607718031.9001,1
1,1,block_2,2,Provo_ID3,2,1077713,1257085,1,gaze_data,1741607718095,513.5181307792664,112.03448636191233,1741607718066.4001,1
1,1,block_2,2,Provo_ID3,2,1077713,1257085,1,gaze_data,1741607718123,508.0120801925659,115.09282997676306,1741607718096.8,1
1,1,block_2,2,Provo_ID3,2,1077713,1257085,1,gaze_data,1741607718158,216.92346334457397,145.77521369570778,1741607718130,1
1,1,block_2,2,Provo_ID3,2,1077713,1257085,1,gaze_data,1741607718193,237.9647731781006,123.78447691599528,1741607718170.2,1
1,1,block_2,2,Provo_ID3,2,1077713,1257085,1,gaze_data,1741607718222,237.02948093414307,126.0168895267305,1741607718196.4001,1
1,1,block_2,2,Provo_ID3,2,1077713,1257085,1,gaze_data,1741607718260,233.73143672943115,124.59457011449905,1741607718230.6,1
1,1,block_2,2,Provo_ID3,2,1077713,1257085,1,gaze_data,1741607718295,225.80456733703613,126.01998669760569,1741607718267.2,1
1,1,block_2,2,Provo_ID3,2,1077713,1257085,1,gaze_data,1741607718326,223.56343269348145,129.64367662157332,1741607718297.4001,1
1,1,block_2,2,Provo_ID3,2,1077713,1257085,1,gaze_data,1741607718363,223.3660340309143,132.0626515433902,1741607718330.1,1
1,1,block_2,2,Provo_ID3,2,1077713,1257085,1,gaze_data,1741607718387,221.73681259155273,136.0351814542498,1741607718363.2,1
1,1,block_2,2,Provo_ID3,2,1077713,1257085,1,gaze_data,1741607718430,273.15629720687866,171.45343508039204,1741607718397.5,1
1,1,block_2,2,Provo_ID3,2,1077713,1257085,1,gaze_data,1741607718464,341.16091132164,175.17686094556538,1741607718431.5,1
1,1,block_2,2,Provo_ID3,2,1077713,1257085,1,gaze_data,1741607718496,333.922803401947,156.7301956812541,1741607718466.1,1
1,1,block_2,2,Provo_ID3,2,1077713,1257085,1,gaze_data,1741607718523,337.155544757843,156.22720105307442,1741607718496.2,1
1,1,block_2,2,Provo_ID3,2,1077713,1257085,1,gaze_data,1741607718562,345.2114164829254,154.67886902037122,1741607718530.3,1
1,1,block_2,2,Provo_ID3,2,1077713,1257085,1,gaze_data,1741607718590,346.122944355011,153.14446721758162,1741607718563.5,1
1,1,block_2,2,Provo_ID3,2,1077713,1257085,1,gaze_data,1741607718626,351.6634941101074,155.73622204008558,1741607718599.4001,1
1,1,block_2,2,Provo_ID3,2,1077713,1257085,1,gaze_data,1741607718666,362.58011162281036,173.4568330219814,1741607718630.9001,1
1,1,block_2,2,Provo_ID3,2,1077713,1257085,1,gaze_data,1741607718694,427.4468719959259,183.6059029897054,1741607718663.6,1
1,1,block_2,2,Provo_ID3,2,1077713,1257085,1,gaze_data,1741607718728,418.474543094635,179.96310915265767,1741607718696.7,1
1,1,block_2,2,Provo_ID3,2,1077713,1257085,1,gaze_data,1741607718762,434.7280353307724,175.9192739214216,1741607718730.7,1
1,1,block_2,2,Provo_ID3,2,1077713,1257085,1,gaze_data,1741607718792,431.2649369239807,173.16738832564582,1741607718765.4001,1
1,1,block_2,2,Provo_ID3,2,1077713,1257085,1,gaze_data,1741607718826,617.7749156951904,187.2868483407157,1741607718796.6,1
1,1,block_2,2,Provo_ID3,2,1077713,1257085,1,gaze_data,1741607718866,605.5454969406128,187.07397415524437,1741607718832.1,1
1,1,block_2,2,Provo_ID3,2,1077713,1257085,1,gaze_data,1741607718897,598.0237603187561,189.40401803879513,1741607718865,0.95600742772791
1,1,block_2,2,Provo_ID3,2,1077713,1257085,1,gaze_data,1741607718928,599.8134613037109,182.9821468534924,1741607718899.6,1
1,1,block_2,2,Provo_ID3,2,1077713,1257085,1,gaze_data,1741607718962,602.2622585296631,175.35760198320662,1741607718930.9001,1
1,1,block_2,2,Provo_ID3,2,1077713,1257085,1,gaze_data,1741607718991,331.2717795372009,244.84228037652517,1741607718963.2,0.9743378068208037
1,1,block_2,2,Provo_ID3,2,1077713,1257085,1,gaze_data,1741607719025,195.88608741760254,215.32221385410855,1741607718996.9001,1
1,1,block_2,2,Provo_ID3,2,1077713,1257085,1,gaze_data,1741607719059,228.5908818244934,219.66377871377128,1741607719031.3,1
1,1,block_2,2,Provo_ID3,2,1077713,1257085,1,gaze_data,1741607719087,229.06285524368286,214.61074795041768,1741607719064,1
1,1,block_2,2,Provo_ID3,2,1077713,1257085,1,gaze_data,1741607719126,223.24795722961426,208.97554056985038,1741607719097.7,1
1,1,block_2,2,Provo_ID3,2,1077713,1257085,1,gaze_data,1741607719157,225.45464038848877,216.62716808773223,1741607719131.4001,1
1,1,block_2,2,Provo_ID3,2,1077713,1257085,1,gaze_data,1741607719195,225.5044937133789,237.40329123678663,1741607719165,1
1,1,block_2,2,Provo_ID3,2,1077713,1257085,1,gaze_data,1741607719230,231.1398983001709,237.86516212281728,1741607719197.2,1
1,1,block_2,2,Provo_ID3,2,1077713,1257085,1,gaze_data,1741607719259,230.34676313400269,237.73641132173086,1741607719229.9001,1
1,1,block_2,2,Provo_ID3,2,1077713,1257085,1,gaze_data,1741607719292,241.4168357849121,248.18387786547345,1741607719264,1
1,1,block_2,2,Provo_ID3,2,1077713,1257085,1,gaze_data,1741607719325,250.75557231903076,249.08682107925415,1741607719298.6,0.9453185571025502
1,1,block_2,2,Provo_ID3,2,1077713,1257085,1,gaze_data,1741607719357,254.2153000831604,254.8483367193313,1741607719332.6,0.989284790344565
1,1,block_2,2,Provo_ID3,2,1077713,1257085,1,gaze_data,1741607719393,259.2218518257141,257.19612950370424,1741607719366.4001,0.9811664796060069
1,1,block_2,2,Provo_ID3,2,1077713,1257085,1,gaze_data,1741607719425,255.01410961151123,263.72852041607814,1741607719399.3,1
1,1,block_2,2,Provo_ID3,2,1077713,1257085,1,gaze_data,1741607719454,250.70793628692627,264.98751333781655,1741607719431.4001,0.99784957282517
1,1,block_2,2,Provo_ID3,2,1077713,1257085,1,gaze_data,1741607719494,246.94883823394775,256.34908142543975,1741607719465.6,1
1,1,block_2,2,Provo_ID3,2,1077713,1257085,1,gaze_data,1741607719527,253.33876609802246,266.5255015236991,1741607719497.6,1
1,1,block_2,2,Provo_ID3,2,1077713,1257085,1,gaze_data,1741607719557,247.8038787841797,282.47649465288436,1741607719530.5,1
1,1,block_2,2,Provo_ID3,2,1077713,1257085,1,gaze_data,1741607719592,237.97723054885864,349.81609889439176,1741607719564.2,0.8229784069452954
1,1,block_2,2,Provo_ID3,2,1077713,1257085,1,gaze_data,1741607719625,213.66769075393677,327.94373739333383,1741607719597.9001,0.6881604538069517
1,1,block_2,2,Provo_ID3,2,1077713,1257085,1,gaze_data,1741607719659,217.43699312210083,331.06128624507363,1741607719631.9001,0.7174022797787076
1,1,block_2,2,Provo_ID3,2,1077713,1257085,1,gaze_data,1741607719689,227.60424613952637,356.56998679751445,1741607719664.9001,0.5729981655511204
1,1,block_2,2,Provo_ID3,2,1077713,1257085,1,gaze_data,1741607719729,205.74687719345093,328.8928654080346,1741607719697.9001,0.7292139644154261
1,1,block_2,2,Provo_ID3,2,1077713,1257085,1,gaze_data,1741607719758,283.867609500885,404.1967600867862,1741607719730.4001,0.5957031936527717
1,1,block_2,2,Provo_ID3,2,1077713,1257085,1,gaze_data,1741607719794,288.1985902786255,384.43979444957915,1741607719764.2,0.6697612927407831
1,1,block_2,2,Provo_ID3,2,1077713,1257085,1,gaze_data,1741607719828,280.1268935203552,364.54438527425134,1741607719797.3,0.8330773509292803
1,1,block_2,2,Provo_ID3,2,1077713,1257085,1,gaze_data,1741607719859,312.31741309165955,376.23686699640183,1741607719831.5,0.7245216585548596
1,1,block_2,2,Provo_ID3,2,1077713,1257085,1,gaze_data,1741607719887,313.19940090179443,375.74368476867676,1741607719866.5,0.7538607716682107
1,1,block_2,2,Provo_ID3,2,1077713,1257085,1,gaze_data,1741607719925,449.9565362930298,376.610963003976,1741607719898.4001,0.7322165261285125
1,1,block_2,2,Provo_ID3,2,1077713,1257085,1,gaze_data,1741607719965,483.24944376945496,368.33397093273345,1741607719932.5,0.6300641398196422
1,1,block_2,2,Provo_ID3,2,1077713,1257085,1,gaze_data,1741607719990,485.02004742622375,359.51191902160645,1741607719963.8,0.6776308363797393
1,1,block_2,2,Provo_ID3,2,1077713,1257085,1,gaze_data,1741607720031,488.8172149658203,358.559384118943,1741607719997.2,0.7468126216368318
1,1,block_2,2,Provo_ID3,2,1077713,1257085,1,gaze_data,1741607720058,489.35145139694214,359.2436336335682,1741607720030.5,0.6671871006160766
1,1,block_2,2,Provo_ID3,2,1077713,1257085,1,gaze_data,1741607720094,546.4834213256836,367.53278913952056,1741607720064.1,0.799065277047847
1,1,block_2,2,Provo_ID3,2,1077713,1257085,1,gaze_data,1741607720123,630.2069425582886,353.91676721118745,1741607720097.6,0.6037488477190531
1,1,block_2,2,Provo_ID3,2,1077713,1257085,1,gaze_data,1741607720161,614.6884918212891,354.47646822248186,1741607720130.8,0.4940620267972808
1,1,block_2,2,Provo_ID3,2,1077713,1257085,1,gaze_data,1741607720188,618.6577796936035,351.21106465657556,1741607720164.6,0.518618529191521
1,1,block_2,2,Provo_ID3,2,1077713,1257085,1,gaze_data,1741607720230,617.1391248703003,352.4686568123954,1741607720198.6,0.6000283521604969
1,1,block_2,2,Provo_ID3,2,1077713,1257085,1,gaze_data,1741607720266,618.4011459350586,348.9606039864677,1741607720232.1,0.5152228510408611
1,1,block_2,2,Provo_ID3,2,1077713,1257085,1,gaze_data,1741607720288,619.2328929901123,350.4437124161493,1741607720264.6,0.5683365428364685
1,1,block_2,2,Provo_ID3,2,1077713,1257085,1,gaze_data,1741607720328,617.0452833175659,349.234942935762,1741607720304.3,0.5796297300400619
1,1,block_2,2,Provo_ID3,2,1077713,1257085,1,gaze_data,1741607720358,619.6800947189331,351.3698368980771,1741607720330.6,0.583568660020885
1,1,block_2,2,Provo_ID3,2,1077713,1257085,1,gaze_data,1741607720392,622.8837251663208,353.98908615112305,1741607720366.3,0.6415674362251854
1,1,block_2,2,Provo_ID3,2,1077713,1257085,1,gaze_data,1741607720428,622.1611261367798,354.21250479561945,1741607720398.6,0.639271847490095
1,1,block_2,2,Provo_ID3,2,1077713,1257085,1,gaze_data,1741607720460,649.8935461044312,344.17672793070477,1741607720431.7,0.6167556437271504
1,1,block_2,2,Provo_ID3,2,1077713,1257085,1,gaze_data,1741607720495,654.1082859039307,349.9863165900821,1741607720465.4001,0.6165168576637262
1,1,block_2,2,Provo_ID3,2,1077713,1257085,1,gaze_data,1741607720527,657.0523977279663,350.34785497756235,1741607720497.3,0.6152687292225026
1,1,block_2,2,Provo_ID3,2,1077713,1257085,1,gaze_data,1741607720555,644.8758363723755,379.88494010198684,1741607720531.6,0.595506452691487
1,1,block_2,2,Provo_ID3,2,1077713,1257085,1,gaze_data,1741607720590,626.9450902938843,417.24370502290276,1741607720564.7,0.46369060223007236
1,1,block_2,2,Provo_ID3,2,1077713,1257085,1,gaze_data,1741607720621,419.89952325820923,236.68834453537352,1741607720598.2,0
1,1,block_2,2,Provo_ID3,2,1077713,1257085,1,gaze_data,1741607720659,367.26568043231964,257.52038569677444,1741607720631.6,0
1,1,block_2,2,Provo_ID3,2,1077713,1257085,1,gaze_data,1741607720690,330.843186378479,260.2301216125488,1741607720664.5,0
1,1,block_2,2,Provo_ID3,2,1077713,1257085,1,gaze_data,1741607720726,336.72674894332886,172.5382051013765,1741607720697.9001,0
1,1,block_2,2,Provo_ID3,2,1077713,1257085,1,gaze_data,1741607720752,317.9642915725708,177.86306540171307,1741607720731.3,0
1,1,block_2,2,Provo_ID3,2,1077713,1257085,1,gaze_data,1741607720794,260.5400562286377,232.63785566602436,1741607720764.7,0
1,1,block_2,2,Provo_ID3,2,1077713,1257085,1,gaze_data,1741607720827,222.2680926322937,193.06006635938374,1741607720797.6,0.00030624213111811314
1,1,block_2,2,Provo_ID3,2,1077713,1257085,1,gaze_data,1741607720859,235.34832000732422,162.22634360903785,1741607720831.1,0.16694375595007757
1,1,block_2,2,Provo_ID3,2,1077713,1257085,1,gaze_data,1741607720887,240.7149314880371,149.84032789866131,1741607720865.4001,0.3645891047271278
1,1,block_2,2,Provo_ID3,2,1077713,1257085,1,gaze_data,1741607720918,249.21283721923828,121.01146720704578,1741607720899.1,0.5262329905003796
1,1,block_2,2,Provo_ID3,2,1077713,1257085,1,gaze_data,1741607720955,249.41673278808594,122.23821435655867,1741607720931.6,0.995985361314343
1,1,block_2,2,Provo_ID3,2,1077713,1257085,1,gaze_data,1741607720995,237.5066637992859,118.00870373135521,1741607720964.4001,1
1,1,block_2,2,Provo_ID3,2,1077713,1257085,1,gaze_data,1741607721027,231.12695217132568,70.4774148123605,1741607720997.2,1
1,1,block_2,2,Provo_ID3,2,1077713,1257085,1,gaze_data,1741607721058,221.3741421699524,82.70177932012649,1741607721031.9001,1
1,1,block_2,2,Provo_ID3,2,1077713,1257085,1,gaze_data,1741607721093,212.9721164703369,65.87411789667038,1741607721065.7,1
1,1,block_2,2,Provo_ID3,2,1077713,1257085,1,gaze_data,1741607721121,210.3468656539917,62.322197868710475,1741607721098.1,1
1,1,block_2,2,Provo_ID3,2,1077713,1257085,1,gaze_data,1741607721160,286.9136095046997,85.23788361322312,1741607721131.6,1
1,1,block_2,2,Provo_ID3,2,1077713,1257085,1,gaze_data,1741607721191,275.3543257713318,86.1824081057594,1741607721165,1
1,1,block_2,2,Provo_ID3,2,1077713,1257085,1,gaze_data,1741607721226,271.2753415107727,86.83903648739769,1741607721198.9001,1
1,1,block_2,2,Provo_ID3,2,1077713,1257085,1,gaze_data,1741607721255,273.0381965637207,89.34926532563709,1741607721231.5,1
1,1,block_2,2,Provo_ID3,2,1077713,1257085,1,gaze_data,1741607721288,269.9367046356201,90.63811075119746,1741607721264.5,1
1,1,block_2,2,Provo_ID3,2,1077713,1257085,1,gaze_data,1741607721322,435.5589359998703,98.48127365112305,1741607721299.1,1
1,1,block_2,2,Provo_ID3,2,1077713,1257085,1,gaze_data,1741607721356,521.0384845733643,108.29310394468762,1741607721333.7,1
1,1,block_2,2,Provo_ID3,2,1077713,1257085,1,gaze_data,1741607721390,507.51808881759644,109.18718678610666,1741607721365.4001,1
1,1,block_2,2,Provo_ID3,2,1077713,1257085,1,gaze_data,1741607721422,515.8350825309753,104.66570445469448,1741607721399.3,1
1,1,block_2,2,Provo_ID3,2,1077713,1257085,1,gaze_data,1741607721455,505.4892897605896,106.09614690144858,1741607721431.6,1
1,1,block_2,2,Provo_ID3,2,1077713,1257085,1,gaze_data,1741607721493,509.94783639907837,102.69030071440197,1741607721464.8,1
1,1,block_2,2,Provo_ID3,2,1077713,1257085,1,gaze_data,1741607721521,510.23470163345337,107.77196271078928,1741607721498.2,1
1,1,block_2,2,Provo_ID3,2,1077713,1257085,1,gaze_data,1741607721555,603.7580728530884,91.85603096371605,1741607721533.7,1
1,1,block_2,2,Provo_ID3,2,1077713,1257085,1,gaze_data,1741607721588,587.726092338562,94.92180778866722,1741607721566.7,1
1,1,block_2,2,Provo_ID3,2,1077713,1257085,1,gaze_data,1741607721622,594.2255735397339,91.17141541980563,1741607721602.2,1
1,1,block_2,2,Provo_ID3,2,1077713,1257085,1,gaze_data,1741607721659,603.5464763641357,89.72554343087333,1741607721632.2,1
1,1,block_2,2,Provo_ID3,2,1077713,1257085,1,gaze_data,1741607721688,593.8114285469055,89.94161333356585,1741607721664.8,1
1,1,block_2,2,Provo_ID3,2,1077713,1257085,1,gaze_data,1741607721719,614.3963813781738,90.28905959356399,1741607721698.6,1
1,1,block_2,2,Provo_ID3,2,1077713,1257085,1,gaze_data,1741607721760,621.3265657424927,91.16232099987212,1741607721733.1,1
1,1,block_2,2,Provo_ID3,2,1077713,1257085,1,gaze_data,1741607721789,619.9702262878418,94.19554937453498,1741607721768.4001,1
1,1,block_2,2,Provo_ID3,2,1077713,1257085,1,gaze_data,1741607721822,626.1594772338867,90.05398432413737,1741607721799.9001,1
1,1,block_2,2,Provo_ID3,2,1077713,1257085,1,gaze_data,1741607721853,627.7431011199951,90.25366737729027,1741607721832.2,1
1,1,block_2,2,Provo_ID3,2,1077713,1257085,1,gaze_data,1741607721892,622.6172685623169,88.71051606677828,1741607721866.7,1
1,1,block_2,2,Provo_ID3,2,1077713,1257085,1,gaze_data,1741607721924,674.0502119064331,91.0268901643299,1741607721898.6,1
1,1,block_2,2,Provo_ID3,2,1077713,1257085,1,gaze_data,1741607721959,677.6409864425659,89.54689298357283,1741607721931.2,1
1,1,block_2,2,Provo_ID3,2,1077713,1257085,1,gaze_data,1741607721988,677.8649806976318,91.6772678920201,1741607721965.3,1
1,1,block_2,2,Provo_ID3,2,1077713,1257085,1,gaze_data,1741607722016,677.8247833251953,92.03645524524508,1741607722000.3,1
1,1,block_2,2,Provo_ID3,2,1077713,1257085,1,gaze_data,1741607722060,564.959716796875,104.01983170282274,1741607722032.2,1
1,1,block_2,2,Provo_ID3,2,1077713,1257085,1,gaze_data,1741607722090,279.2586922645569,105.82452501569476,1741607722065,1
1,1,block_2,2,Provo_ID3,2,1077713,1257085,1,gaze_data,1741607722127,230.09836673736572,106.55869529360817,1741607722099,1
1,1,block_2,2,Provo_ID3,2,1077713,1257085,1,gaze_data,1741607722159,213.20706605911255,98.78541583106632,1741607722131.7,1
1,1,block_2,2,Provo_ID3,2,1077713,1257085,1,gaze_data,1741607722187,224.6884822845459,107.0531093506586,1741607722167.5,1
1,1,block_2,2,Provo_ID3,2,1077713,1257085,1,gaze_data,1741607722220,200.01873970031738,106.11895334152949,1741607722199,1
1,1,block_2,2,Provo_ID3,2,1077713,1257085,1,gaze_data,1741607722258,205.99803924560547,111.61866301581973,1741607722232.6,1
1,1,block_2,2,Provo_ID3,2,1077713,1257085,1,gaze_data,1741607722291,210.59530973434448,106.04749316260929,1741607722265.5,1
1,1,block_2,2,Provo_ID3,2,1077713,1257085,1,gaze_data,1741607722326,181.81509971618652,111.5747676576887,1741607722298.1,1
1,1,block_2,2,Provo_ID3,2,1077713,1257085,1,gaze_data,1741607722365,190.5102014541626,116.14821910858154,1741607722334.3,1
1,1,block_2,2,Provo_ID3,2,1077713,1257085,1,gaze_data,1741607722399,194.69265937805176,118.81181421734038,1741607722367.1,1
1,1,block_2,2,Provo_ID3,2,1077713,1257085,1,gaze_data,1741607722432,179.9959421157837,123.88467039380755,1741607722400.3,1
1,1,block_2,2,Provo_ID3,2,1077713,1257085,1,gaze_data,1741607722460,176.3192653656006,123.25881662822906,1741607722432.2,1
1,1,block_2,2,Provo_ID3,2,1077713,1257085,1,gaze_data,1741607722494,150.70998668670654,129.1035440989903,1741607722466.8,1
1,1,block_2,2,Provo_ID3,2,1077713,1257085,1,gaze_data,1741607722531,181.04238510131836,127.19151973724365,1741607722499.4001,1
1,1,block_2,2,Provo_ID3,2,1077713,1257085,1,gaze_data,1741607722560,289.8124694824219,166.42479101816815,1741607722531.7,1
1,1,block_2,2,Provo_ID3,2,1077713,1257085,1,gaze_data,1741607722598,272.89429903030396,160.77869074685233,1741607722567.4001,1
1,1,block_2,2,Provo_ID3,2,1077713,1257085,1,gaze_data,1741607722631,290.7572388648987,155.6494238263085,1741607722600.1,1
1,1,block_2,2,Provo_ID3,2,1077713,1257085,1,gaze_data,1741607722660,279.9014210700989,153.1355346952166,1741607722632.1,1
1,1,block_2,2,Provo_ID3,2,1077713,1257085,1,gaze_data,1741607722698,410.99650636315346,192.06971781594413,1741607722665.6,1
1,1,block_2,2,Provo_ID3,2,1077713,1257085,1,gaze_data,1741607722728,487.6680314540863,147.54295916784378,1741607722700.6,1
1,1,block_2,2,Provo_ID3,2,1077713,1257085,1,gaze_data,1741607722761,507.95308351516724,164.15135497138616,1741607722733.3,1
1,1,block_2,2,Provo_ID3,2,1077713,1257085,1,gaze_data,1741607722794,510.0507974624634,156.99769269852413,1741607722767.9001,1
1,1,block_2,2,Provo_ID3,2,1077713,1257085,1,gaze_data,1741607722827,513.9081954956055,150.652631350926,1741607722799.5,1
1,1,block_2,2,Provo_ID3,2,1077713,1257085,1,gaze_data,1741607722863,531.2992334365845,159.1940162295387,1741607722834.1,1
1,1,block_2,2,Provo_ID3,2,1077713,1257085,1,gaze_data,1741607722893,537.0936989784241,154.47026752290273,1741607722867.2,1
1,1,block_2,2,Provo_ID3,2,1077713,1257085,1,gaze_data,1741607722933,541.7729258537292,159.33843589964368,1741607722898.9001,1
1,1,block_2,2,Provo_ID3,2,1077713,1257085,1,gaze_data,1741607722963,645.1085329055786,139.26089899880546,1741607722932.8,1
1,1,block_2,2,Provo_ID3,2,1077713,1257085,1,gaze_data,1741607722999,733.9312553405762,140.21995203835624,1741607722967.8,1
1,1,block_2,2,Provo_ID3,2,1077713,1257085,1,gaze_data,1741607723028,711.2911939620972,156.79484208424887,1741607722999,0.952526968382176
1,1,block_2,2,Provo_ID3,2,1077713,1257085,1,gaze_data,1741607723061,716.1123991012573,150.8605922971453,1741607723033.6,0.9593175109854126
1,1,block_2,2,Provo_ID3,2,1077713,1257085,1,gaze_data,1741607723104,717.0166969299316,149.0209009533837,1741607723079.9001,1
1,1,block_2,2,Provo_ID3,2,1077713,1257085,1,gaze_data,1741607723127,723.0543375015259,151.94715023040771,1741607723101,1
1,1,block_2,2,Provo_ID3,2,1077713,1257085,1,gaze_data,1741607723159,455.6178092956543,165.95505578177315,1741607723133.6,1
1,1,block_2,2,Provo_ID3,2,1077713,1257085,1,gaze_data,1741607723194,241.38917922973633,203.97375742594403,1741607723168.3,1
1,1,block_2,2,Provo_ID3,2,1077713,1257085,1,gaze_data,1741607723232,251.90974473953247,190.81653912862143,1741607723199.3,0.8656666700195119
1,1,block_2,2,Provo_ID3,2,1077713,1257085,1,gaze_data,1741607723260,251.47243738174438,195.68098386128744,1741607723232.9001,0.9988531103732878
1,1,block_2,2,Provo_ID3,2,1077713,1257085,1,gaze_data,1741607723299,249.6666669845581,197.89735453469413,1741607723269.1,0.9932127087224072
1,1,block_2,2,Provo_ID3,2,1077713,1257085,1,gaze_data,1741607723328,247.30879068374634,192.80896323067802,1741607723299.4001,1
1,1,block_2,2,Provo_ID3,2,1077713,1257085,1,gaze_data,1741607723361,247.35572338104248,194.50736727033345,1741607723333,1
1,1,block_2,2,Provo_ID3,2,1077713,1257085,1,gaze_data,1741607723395,245.42630910873413,186.88598996117003,1741607723368.2,1
1,1,block_2,2,Provo_ID3,2,1077713,1257085,1,gaze_data,1741607723431,244.45549249649048,196.73469066619873,1741607723399.6,1
1,1,block_2,2,Provo_ID3,2,1077713,1257085,1,gaze_data,1741607723471,242.30717420578003,201.6870387395223,1741607723439.1,1
1,1,block_2,2,Provo_ID3,2,1077713,1257085,1,gaze_data,1741607723499,231.1307191848755,216.24142601376488,1741607723467.8,1
1,1,block_2,2,Provo_ID3,2,1077713,1257085,1,gaze_data,1741607723527,251.99183225631714,222.46478262401763,1741607723499.4001,1
1,1,block_2,2,Provo_ID3,2,1077713,1257085,1,gaze_data,1741607723567,265.0222659111023,227.63414030983336,1741607723532.7,0.9918870411174936
1,1,block_2,2,Provo_ID3,2,1077713,1257085,1,gaze_data,1741607723600,275.44968128204346,218.35653679711479,1741607723566.7,1
1,1,block_2,2,Provo_ID3,2,1077713,1257085,1,gaze_data,1741607723628,371.04438841342926,272.5239894503639,1741607723598.6,0.9948907726844713
1,1,block_2,2,Provo_ID3,2,1077713,1257085,1,gaze_data,1741607723661,481.8696677684784,247.03091553279333,1741607723632.7,1
1,1,block_2,2,Provo_ID3,2,1077713,1257085,1,gaze_data,1741607723696,484.6040666103363,248.9757980619158,1741607723676.8,0.9902632560857665
1,1,block_2,2,Provo_ID3,2,1077713,1257085,1,gaze_data,1741607723731,483.7780773639679,248.20356953711737,1741607723701.8,1
1,1,block_2,2,Provo_ID3,2,1077713,1257085,1,gaze_data,1741607723763,479.18776869773865,247.29096174240112,1741607723734,1
1,1,block_2,2,Provo_ID3,2,1077713,1257085,1,gaze_data,1741607723801,484.45568084716797,245.47326559112187,1741607723767.4001,1
1,1,block_2,2,Provo_ID3,2,1077713,1257085,1,gaze_data,1741607723828,608.7290048599243,230.20130077997845,1741607723800.1,1
1,1,block_2,2,Provo_ID3,2,1077713,1257085,1,gaze_data,1741607723861,603.0884265899658,236.48550975890387,1741607723833.4001,1
1,1,block_2,2,Provo_ID3,2,1077713,1257085,1,gaze_data,1741607723899,593.500816822052,226.0390093213036,1741607723867,1
1,1,block_2,2,Provo_ID3,2,1077713,1257085,1,gaze_data,1741607723933,588.4915947914124,227.6223921775818,1741607723900.7,0.9629694869601475
1,1,block_2,2,Provo_ID3,2,1077713,1257085,1,gaze_data,1741607723965,589.1947269439697,224.59071590786888,1741607723932.5,0.9940787248314411
1,1,block_2,2,Provo_ID3,2,1077713,1257085,1,gaze_data,1741607723996,675.9124994277954,232.5039769354321,1741607723966.7,0.9989744701846841
1,1,block_2,2,Provo_ID3,2,1077713,1257085,1,gaze_data,1741607724029,701.5474319458008,253.68535433496749,1741607724000.1,0.79791177157629
1,1,block_2,2,Provo_ID3,2,1077713,1257085,1,gaze_data,1741607724061,707.6128005981445,256.1191024099078,1741607724032.5,0.7219963288882569
1,1,block_2,2,Provo_ID3,2,1077713,1257085,1,gaze_data,1741607724090,708.4510564804077,257.5248273213705,1741607724068.6,0.6813434022585789
1,1,block_2,2,Provo_ID3,2,1077713,1257085,1,gaze_data,1741607724139,691.563081741333,263.4746368726095,1741607724107,0.6948684740609733
1,1,block_2,2,Provo_ID3,2,1077713,1257085,1,gaze_data,1741607724167,273.7340569496155,347.51887094406857,1741607724135.4001,0.7264736975142164
1,1,block_2,2,Provo_ID3,2,1077713,1257085,1,gaze_data,1741607724196,294.97063159942627,313.64816801888605,1741607724167,0.6597355670857432
1,1,block_2,2,Provo_ID3,2,1077713,1257085,1,gaze_data,1741607724235,280.2755355834961,322.150042851766,1741607724203.1,0.7301836528344186
1,1,block_2,2,Provo_ID3,2,1077713,1257085,1,gaze_data,1741607724263,267.01451539993286,309.1306697754633,1741607724233.5,0.6278761477624192
1,1,block_2,2,Provo_ID3,2,1077713,1257085,1,gaze_data,1741607724295,248.67373704910278,316.5115165710449,1741607724266.3,0.6536719072174301
1,1,block_2,2,Provo_ID3,2,1077713,1257085,1,gaze_data,1741607724325,260.19710302352905,325.3807862599691,1741607724307.2,0.5906685239468994
1,1,block_2,2,Provo_ID3,2,1077713,1257085,1,gaze_data,1741607724367,267.51683950424194,325.114133925665,1741607724333.8,0.5292654724748159
1,1,block_2,2,Provo_ID3,2,1077713,1257085,1,gaze_data,1741607724400,403.0915541574359,305.9474186670213,1741607724368.9001,0.6552347516848483
1,1,block_2,2,Provo_ID3,2,1077713,1257085,1,gaze_data,1741607724432,474.54553842544556,269.97975156420756,1741607724401,0.6259321748701356
1,1,block_2,2,Provo_ID3,2,1077713,1257085,1,gaze_data,1741607724466,477.1968483924866,279.2948273250035,1741607724435.9001,0.7223714921065321
1,1,block_2,2,Provo_ID3,2,1077713,1257085,1,gaze_data,1741607724491,494.1826820373535,280.46223901567004,1741607724466.7,0.7538489709046664
1,1,block_2,2,Provo_ID3,2,1077713,1257085,1,gaze_data,1741607724528,490.90800285339355,285.1420677275885,1741607724502.5,0.9264004265124919
1,1,block_2,2,Provo_ID3,2,1077713,1257085,1,gaze_data,1741607724563,496.8461036682129,277.82431171053935,1741607724540.7,0.7697680161476328
1,1,block_2,2,Provo_ID3,2,1077713,1257085,1,gaze_data,1741607724600,499.13607239723206,278.3828548022679,1741607724568.8,0.8270397030930885
1,1,block_2,2,Provo_ID3,2,1077713,1257085,1,gaze_data,1741607724632,487.073290348053,275.3655557405381,1741607724600.4001,0.7769168604778716
1,1,block_2,2,Provo_ID3,2,1077713,1257085,1,gaze_data,1741607724666,497.846782207489,276.12333138783777,1741607724636.4001,0.8150331384721404
1,1,block_2,2,Provo_ID3,2,1077713,1257085,1,gaze_data,1741607724700,502.10572481155396,276.92133506139123,1741607724666.3,0.91700953180794
1,1,block_2,2,Provo_ID3,2,1077713,1257085,1,gaze_data,1741607724733,501.32066011428833,277.9280387787592,1741607724699.6,0.8395680824019087
1,1,block_2,2,Provo_ID3,2,1077713,1257085,1,gaze_data,1741607724762,502.9353857040405,266.91126823425293,1741607724732.6,0.8862619246444852
1,1,block_2,2,Provo_ID3,2,1077713,1257085,1,gaze_data,1741607724795,505.77807426452637,324.1505477541969,1741607724767,0.8638934938593245
1,1,block_2,2,Provo_ID3,2,1077713,1257085,1,gaze_data,1741607724824,511.8372082710266,328.4608030319214,1741607724800.6,0.7098195207214466
1,1,block_2,2,Provo_ID3,2,1077713,1257085,1,gaze_data,1741607724865,506.08928203582764,339.6955792109172,1741607724833.9001,0.6628722187848087
1,1,block_2,2,Provo_ID3,2,1077713,1257085,1,gaze_data,1741607724900,504.50122356414795,345.09156181698756,1741607724868.3,0.6082314646798826
1,1,block_2,2,Provo_ID3,2,1077713,1257085,1,gaze_data,1741607724934,499.4572639465332,348.1489481244769,1741607724900,0.6203244410552388
1,1,block_2,2,Provo_ID3,2,1077713,1257085,1,gaze_data,1741607724965,504.15406227111816,349.60622333344963,1741607724933.6,0.6708253084814436
1,1,block_2,2,Provo_ID3,2,1077713,1257085,1,gaze_data,1741607724995,557.0228576660156,375.36456289745513,1741607724969.8,0.6026611372239559
1,1,block_2,2,Provo_ID3,2,1077713,1257085,1,gaze_data,1741607725034,561.5095138549805,380.7186844235375,1741607725000.7,0.6386690267588421
1,1,block_2,2,Provo_ID3,2,1077713,1257085,1,gaze_data,1741607725065,565.0849223136902,373.9480999537877,1741607725035.6,0.5775006800439305
1,1,block_2,2,Provo_ID3,2,1077713,1257085,1,gaze_data,1741607725095,571.9541549682617,374.61351303827195,1741607725068.1,0.610495264554542
1,1,block_2,2,Provo_ID3,2,1077713,1257085,1,gaze_data,1741607725134,569.5199489593506,452.1621386210124,1741607725100.1,0.5634087325974888
1,1,block_2,2,Provo_ID3,2,1077713,1257085,1,gaze_data,1741607725161,388.69070559740067,232.02905041830883,1741607725133.9001,0
1,1,block_2,2,Provo_ID3,2,1077713,1257085,1,gaze_data,1741607725191,349.32122826576233,273.8410648845491,1741607725174.6,0
1,1,block_2,2,Provo_ID3,2,1077713,1257085,1,gaze_data,1741607725232,346.30300998687744,155.89146773020428,1741607725200.8,0
1,1,block_2,2,Provo_ID3,2,1077713,1257085,1,gaze_data,1741607725267,284.1148614883423,198.00001871018185,1741607725235,0
1,1,block_2,2,Provo_ID3,2,1077713,1257085,1,gaze_data,1741607725304,199.89876747131348,191.43793719155448,1741607725273.3,0
1,1,block_2,2,Provo_ID3,2,1077713,1257085,1,gaze_data,1741607725328,199.9690055847168,174.44524583362397,1741607725300.2,0.02599249865566872
1,1,block_2,2,Provo_ID3,2,1077713,1257085,1,gaze_data,1741607725366,211.3059163093567,138.10068471091134,1741607725333.5,0.2100390259898116
1,1,block_2,2,Provo_ID3,2,1077713,1257085,1,gaze_data,1741607725395,207.30628967285156,126.45703974224273,1741607725366.3,0.4250844247402535
1,1,block_2,2,Provo_ID3,2,1077713,1257085,1,gaze_data,1741607725433,227.3065209388733,104.67412312825522,1741607725400.7,0.6177123730587835
1,1,block_2,2,Provo_ID3,2,1077713,1257085,1,gaze_data,1741607725466,240.27249813079834,94.36476752871559,1741607725433,0.8934939927244199
1,1,block_2,2,Provo_ID3,2,1077713,1257085,1,gaze_data,1741607725500,241.9814109802246,99.71617199125744,1741607725466.8,0.9515070153886334
1,1,block_2,2,Provo_ID3,2,1077713,1257085,1,gaze_data,1741607725529,235.03060340881348,93.83802323114305,1741607725500.7,1
1,1,block_2,2,Provo_ID3,2,1077713,1257085,1,gaze_data,1741607725562,227.6705026626587,85.58454150245304,1741607725534.5,1
1,1,block_2,2,Provo_ID3,2,1077713,1257085,1,gaze_data,1741607725595,218.90459060668945,86.39918191092356,1741607725567.8,1
1,1,block_2,2,Provo_ID3,2,1077713,1257085,1,gaze_data,1741607725634,220.84858417510986,83.21824664161319,1741607725601.6,1
1,1,block_2,2,Provo_ID3,2,1077713,1257085,1,gaze_data,1741607725667,309.8970293998718,114.53395957038516,1741607725633.7,1
1,1,block_2,2,Provo_ID3,2,1077713,1257085,1,gaze_data,1741607725700,316.9026732444763,124.38079493386405,1741607725667.8,1
1,1,block_2,2,Provo_ID3,2,1077713,1257085,1,gaze_data,1741607725728,327.2533357143402,111.37583074115572,1741607725700.9001,1
1,1,block_2,2,Provo_ID3,2,1077713,1257085,1,gaze_data,1741607725772,411.7520608007908,117.45756217411586,1741607725744.1,1
1,1,block_2,2,Provo_ID3,2,1077713,1257085,1,gaze_data,1741607725796,470.7532048225403,95.82753317696708,1741607725769.8,1
1,1,block_2,2,Provo_ID3,2,1077713,1257085,1,gaze_data,1741607725833,486.8058443069458,107.54472891489665,1741607725802,1
1,1,block_2,2,Provo_ID3,2,1077713,1257085,1,gaze_data,1741607725860,475.8455455303192,106.19525636945453,1741607725833.2,1
1,1,block_2,2,Provo_ID3,2,1077713,1257085,1,gaze_data,1741607725899,488.97348046302795,100.50741468157088,1741607725867,1
1,1,block_2,2,Provo_ID3,2,1077713,1257085,1,gaze_data,1741607725933,632.7832937240601,95.9139160882859,1741607725903.6,1
1,1,block_2,2,Provo_ID3,2,1077713,1257085,1,gaze_data,1741607725961,631.0932397842407,85.16681761968704,1741607725933.9001,1
1,1,block_2,2,Provo_ID3,2,1077713,1257085,1,gaze_data,1741607725995,617.5776481628418,81.93506059192477,1741607725968.4001,1
1,1,block_2,2,Provo_ID3,2,1077713,1257085,1,gaze_data,1741607726029,635.6974363327026,84.7609756106422,1741607726007.4001,1
1,1,block_2,2,Provo_ID3,2,1077713,1257085,1,gaze_data,1741607726066,620.1055288314819,100.9911364600772,1741607726036,1
1,1,block_2,2,Provo_ID3,2,1077713,1257085,1,gaze_data,1741607726096,296.6372609138489,116.45607789357504,1741607726066.2,1
1,1,block_2,2,Provo_ID3,2,1077713,1257085,1,gaze_data,1741607726133,218.7567949295044,123.88320627666656,1741607726100.8,1
1,1,block_2,2,Provo_ID3,2,1077713,1257085,1,gaze_data,1741607726167,219.06050443649292,125.19801162538074,1741607726134.1,1
1,1,block_2,2,Provo_ID3,2,1077713,1257085,1,gaze_data,1741607726195,230.92389106750488,127.89747760409401,1741607726167,1
1,1,block_2,2,Provo_ID3,2,1077713,1257085,1,gaze_data,1741607726236,228.16027402877808,130.6004349390666,1741607726211.8,1
1,1,block_2,2,Provo_ID3,2,1077713,1257085,1,gaze_data,1741607726267,212.8091812133789,134.21853587740944,1741607726235.2,1
1,1,block_2,2,Provo_ID3,2,1077713,1257085,1,gaze_data,1741607726300,214.6006464958191,132.48678093864805,1741607726267.2,1
1,1,block_2,2,Provo_ID3,2,1077713,1257085,1,gaze_data,1741607726331,205.30105829238892,132.0129982630412,1741607726300.8,1
1,1,block_2,2,Provo_ID3,2,1077713,1257085,1,gaze_data,1741607726361,216.62986278533936,128.4888964607602,1741607726335.9001,1
1,1,block_2,2,Provo_ID3,2,1077713,1257085,1,gaze_data,1741607726395,201.26299858093262,132.1792318707421,1741607726368.4001,1
1,1,block_2,2,Provo_ID3,2,1077713,1257085,1,gaze_data,1741607726431,213.45008611679077,137.59291762397405,1741607726402.9001,1
1,1,block_2,2,Provo_ID3,2,1077713,1257085,1,gaze_data,1741607726461,206.58127069473267,149.56058297838484,1741607726436.8,1
1,1,block_2,2,Provo_ID3,2,1077713,1257085,1,gaze_data,1741607726500,146.63643836975098,146.84508210136778,1741607726467.8,1
1,1,block_2,2,Provo_ID3,2,1077713,1257085,1,gaze_data,1741607726533,149.50628280639648,151.45372163681756,1741607726501.2,1
1,1,block_2,2,Provo_ID3,2,1077713,1257085,1,gaze_data,1741607726562,128.79135608673096,152.7778114591326,1741607726534.1,1
1,1,block_2,2,Provo_ID3,2,1077713,1257085,1,gaze_data,1741607726600,124.55928325653076,146.67994658152264,1741607726568.1,1
1,1,block_2,2,Provo_ID3,2,1077713,1257085,1,gaze_data,1741607726635,124.62024688720703,246.73563196545555,1741607726600.6,1
1,1,block_2,2,Provo_ID3,2,1077713,1257085,1,gaze_data,1741607726667,130.6321382522583,213.57040825344268,1741607726636,1
1,1,block_2,2,Provo_ID3,2,1077713,1257085,1,gaze_data,1741607726695,128.35028171539307,209.430296761649,1741607726667,1
1,1,block_2,2,Provo_ID3,2,1077713,1257085,1,gaze_data,1741607726727,132.1641445159912,210.03683896291824,1741607726702.1,1
1,1,block_2,2,Provo_ID3,2,1077713,1257085,1,gaze_data,1741607726761,130.26974201202393,209.88481714611962,1741607726741.5,1
1,1,block_2,2,Provo_ID3,2,1077713,1257085,1,gaze_data,1741607726799,228.15200090408325,237.16762644904003,1741607726768.7,1
1,1,block_2,2,Provo_ID3,2,1077713,1257085,1,gaze_data,1741607726826,385.15663146972656,260.8615186100914,1741607726800.5,1
1,1,block_2,2,Provo_ID3,2,1077713,1257085,1,gaze_data,1741607726866,382.0010855793953,246.55393889972143,1741607726834.7,1
1,1,block_2,2,Provo_ID3,2,1077713,1257085,1,gaze_data,1741607726890,382.16225504875183,249.44764324596952,1741607726867.1,1
1,1,block_2,2,Provo_ID3,2,1077713,1257085,1,gaze_data,1741607726931,389.06351774930954,246.24595341228306,1741607726901.2,1
1,1,block_2,2,Provo_ID3,2,1077713,1257085,1,gaze_data,1741607726967,384.32261049747467,238.88547403471813,1741607726934.8,1
1,1,block_2,2,Provo_ID3,2,1077713,1257085,1,gaze_data,1741607726994,394.4591872394085,244.24834858803524,1741607726967.9001,1
1,1,block_2,2,Provo_ID3,2,1077713,1257085,1,gaze_data,1741607727027,391.2922725081444,246.4247006461734,1741607727000.7,1
1,1,block_2,2,Provo_ID3,2,1077713,1257085,1,gaze_data,1741607727062,396.0793498903513,245.32965364910308,1741607727034.4001,1
1,1,block_2,2,Provo_ID3,2,1077713,1257085,1,gaze_data,1741607727090,394.0982401371002,243.8753418695359,1741607727070.5,1
1,1,block_2,2,Provo_ID3,2,1077713,1257085,1,gaze_data,1741607727129,481.99812173843384,182.38771529424758,1741607727102,1
1,1,block_2,2,Provo_ID3,2,1077713,1257085,1,gaze_data,1741607727167,484.19962525367737,183.32215286436536,1741607727135.8,1
1,1,block_2,2,Provo_ID3,2,1077713,1257085,1,gaze_data,1741607727199,474.04908537864685,170.51349299294608,1741607727168,1
1,1,block_2,2,Provo_ID3,2,1077713,1257085,1,gaze_data,1741607727232,498.85348677635193,185.21262373243061,1741607727201.1,1
1,1,block_2,2,Provo_ID3,2,1077713,1257085,1,gaze_data,1741607727261,481.901478767395,167.00486296699162,1741607727235.6,1
1,1,block_2,2,Provo_ID3,2,1077713,1257085,1,gaze_data,1741607727295,499.73300099372864,177.43189698173887,1741607727269.3,1
1,1,block_2,2,Provo_ID3,2,1077713,1257085,1,gaze_data,1741607727332,515.2891397476196,184.5215182077317,1741607727302.9001,1
1,1,block_2,2,Provo_ID3,2,1077713,1257085,1,gaze_data,1741607727365,509.8679184913635,166.76117193131222,1741607727334.1,1
1,1,block_2,2,Provo_ID3,2,1077713,1257085,1,gaze_data,1741607727397,314.83474373817444,224.5258090609596,1741607727367.5,1
1,1,block_2,2,Provo_ID3,2,1077713,1257085,1,gaze_data,1741607727433,300.0020503997803,210.87556691396804,1741607727401.9001,0.8440818469960525
1,1,block_2,2,Provo_ID3,2,1077713,1257085,1,gaze_data,1741607727461,300.657457113266,220.9239647501991,1741607727434.7,0.9123702058480196
1,1,block_2,2,Provo_ID3,2,1077713,1257085,1,gaze_data,1741607727496,296.34249210357666,225.8711954525539,1741607727468.8,0.9975081245065107
1,1,block_2,2,Provo_ID3,2,1077713,1257085,1,gaze_data,1741607727527,290.1531457901001,227.14330559685118,1741607727511.5,0.8997168300653855
1,1,block_2,2,Provo_ID3,2,1077713,1257085,1,gaze_data,1741607727562,291.658079624176,231.44716944013325,1741607727536,0.9946902914984559
1,1,block_2,2,Provo_ID3,2,1077713,1257085,1,gaze_data,1741607727600,343.6691105365753,282.2458962031773,1741607727569.7,0.9862939760212011
1,1,block_2,2,Provo_ID3,2,1077713,1257085,1,gaze_data,1741607727626,348.8267958164215,264.7943413825262,1741607727601,1
1,1,block_2,2,Provo_ID3,2,1077713,1257085,1,gaze_data,1741607727666,357.336762547493,268.15762962613786,1741607727635.4001,0.9819770646480004
1,1,block_2,2,Provo_ID3,2,1077713,1257085,1,gaze_data,1741607727695,347.8637933731079,265.8786996205648,1741607727667.9001,1
1,1,block_2,2,Provo_ID3,2,1077713,1257085,1,gaze_data,1741607727729,379.56915348768234,280.65616766611737,1741607727701.7,1
1,1,block_2,2,Provo_ID3,2,1077713,1257085,1,gaze_data,1741607727765,546.6128945350647,234.3177910645803,1741607727735.7,0.9172638237329767
1,1,block_2,2,Provo_ID3,2,1077713,1257085,1,gaze_data,1741607727793,534.4969630241394,239.78520041420347,1741607727768,0.8865017058113538
1,1,block_2,2,Provo_ID3,2,1077713,1257085,1,gaze_data,1741607727833,545.6657409667969,247.282323099318,1741607727801.6,0.9577024881014227
1,1,block_2,2,Provo_ID3,2,1077713,1257085,1,gaze_data,1741607727864,537.6711845397949,242.30031785510837,1741607727834.4001,0.8760056985163529
1,1,block_2,2,Provo_ID3,2,1077713,1257085,1,gaze_data,1741607727894,540.9957051277161,239.8674179826464,1741607727868.8,0.9561896356030326
1,1,block_2,2,Provo_ID3,2,1077713,1257085,1,gaze_data,1741607727922,544.0983891487122,242.2556833993821,1741607727903.6,0.9552857648320797
1,1,block_2,2,Provo_ID3,2,1077713,1257085,1,gaze_data,1741607727959,544.8242664337158,242.37668599401204,1741607727936,0.9525155902145093
1,1,block_2,2,Provo_ID3,2,1077713,1257085,1,gaze_data,1741607727997,548.6059546470642,242.98717004912243,1741607727969.7,0.9428284847947115
1,1,block_2,2,Provo_ID3,2,1077713,1257085,1,gaze_data,1741607728031,556.1273455619812,245.09261977104916,1741607728001.7,0.9709837210141852
1,1,block_2,2,Provo_ID3,2,1077713,1257085,1,gaze_data,1741607728063,558.9089155197144,247.27494444165913,1741607728034.6,0.9475285554449062
1,1,block_2,2,Provo_ID3,2,1077713,1257085,1,gaze_data,1741607728097,340.99240899086,262.29393198376613,1741607728068.3,0.9627305328061331
1,1,block_2,2,Provo_ID3,2,1077713,1257085,1,gaze_data,1741607728136,164.316725730896,300.32782736278716,1741607728105.5,0.6825577523843264
1,1,block_2,2,Provo_ID3,2,1077713,1257085,1,gaze_data,1741607728166,179.93574142456055,305.0229835510254,1741607728134.5,0.48159274091484916
1,1,block_2,2,Provo_ID3,2,1077713,1257085,1,gaze_data,1741607728195,171.3909149169922,296.83920224507654,1741607728168.3,0.5762802078074382
1,1,block_2,2,Provo_ID3,2,1077713,1257085,1,gaze_data,1741607728229,178.64785194396973,297.63006482805525,1741607728203.3,0.6436153159957815
1,1,block_2,2,Provo_ID3,2,1077713,1257085,1,gaze_data,1741607728265,197.08843231201172,305.38138957250686,1741607728236.1,0.5858647890217499
1,1,block_2,2,Provo_ID3,2,1077713,1257085,1,gaze_data,1741607728293,186.00716590881348,297.55926631745837,1741607728268.4001,0.7258941186411026
1,1,block_2,2,Provo_ID3,2,1077713,1257085,1,gaze_data,1741607728331,203.27303409576416,305.28346266065324,1741607728301.2,0.598215618904285
1,1,block_2,2,Provo_ID3,2,1077713,1257085,1,gaze_data,1741607728360,189.51170444488525,301.1862153098697,1741607728334.3,0.7471291659772117
1,1,block_2,2,Provo_ID3,2,1077713,1257085,1,gaze_data,1741607728390,211.4656925201416,304.11350636255173,1741607728370.1,0.5571858692810191
1,1,block_2,2,Provo_ID3,2,1077713,1257085,1,gaze_data,1741607728435,211.8675947189331,304.5819323403495,1741607728402.9001,0.578605693243384
1,1,block_2,2,Provo_ID3,2,1077713,1257085,1,gaze_data,1741607728459,192.33250617980957,307.06651097252256,1741607728434.7,0.7872836782974766
1,1,block_2,2,Provo_ID3,2,1077713,1257085,1,gaze_data,1741607728491,221.5100884437561,307.4040040515718,1741607728468.4001,0.6150597335837499
1,1,block_2,2,Provo_ID3,2,1077713,1257085,1,gaze_data,1741607728531,207.73388147354126,309.40100351969403,1741607728502.1,0.856817409084688
1,1,block_2,2,Provo_ID3,2,1077713,1257085,1,gaze_data,1741607728565,332.7759861946106,322.775115285601,1741607728535.2,0.5787104621529274
1,1,block_2,2,Provo_ID3,2,1077713,1257085,1,gaze_data,1741607728596,319.95518803596497,291.50369893936886,1741607728568.9001,0.8397033043692699
1,1,block_2,2,Provo_ID3,2,1077713,1257085,1,gaze_data,1741607728636,314.54988718032837,292.7516617093768,1741607728602.6,0.8742070483698877
1,1,block_2,2,Provo_ID3,2,1077713,1257085,1,gaze_data,1741607728663,323.33986163139343,295.6546751658122,1741607728635.4001,0.6622677062065008
1,1,block_2,2,Provo_ID3,2,1077713,1257085,1,gaze_data,1741607728692,318.82567405700684,284.62394623529343,1741607728668.3,0.9367927270680081
1,1,block_2,2,Provo_ID3,2,1077713,1257085,1,gaze_data,1741607728729,330.37296533584595,295.29167266119094,1741607728702.4001,0.7371461984925884
1,1,block_2,2,Provo_ID3,2,1077713,1257085,1,gaze_data,1741607728762,411.0518351197243,347.92814799717496,1741607728734.6,0.8804048950248545
1,1,block_2,2,Provo_ID3,2,1077713,1257085,1,gaze_data,1741607728790,310.2998197078705,272.19964526948473,1741607728770.2,0
1,1,block_2,2,Provo_ID3,2,1077713,1257085,1,gaze_data,1741607728834,334.5452845096588,291.33733159019835,1741607728803.6,0
1,1,block_2,2,Provo_ID3,2,1077713,1257085,1,gaze_data,1741607728860,315.53269028663635,137.11519309452603,1741607728834.8,0
1,1,block_2,2,Provo_ID3,2,1077713,1257085,1,gaze_data,1741607728898,280.3234934806824,161.00203196207684,1741607728868.6,0
1,1,block_2,2,Provo_ID3,2,1077713,1257085,1,gaze_data,1741607728931,192.22970008850098,189.35686361222042,1741607728901.9001,0
1,1,block_2,2,Provo_ID3,2,1077713,1257085,1,gaze_data,1741607728964,175.1945972442627,158.14415977114723,1741607728936.3,0.011696774280761778
1,1,block_2,2,Provo_ID3,2,1077713,1257085,1,gaze_data,1741607728994,194.1638708114624,111.52804261162169,1741607728969.7,0.1999977389042577
1,1,block_2,2,Provo_ID3,2,1077713,1257085,1,gaze_data,1741607729027,228.28140258789062,88.65020570300875,1741607729003.6,0.5834186787390675
1,1,block_2,2,Provo_ID3,2,1077713,1257085,1,gaze_data,1741607729062,232.75697231292725,70.41530245826358,1741607729035.8,0.889598931892744
1,1,block_2,2,Provo_ID3,2,1077713,1257085,1,gaze_data,1741607729092,223.13857078552246,69.59886005946568,1741607729069,1
1,1,block_2,2,Provo_ID3,2,1077713,1257085,1,gaze_data,1741607729131,219.67358589172363,67.47569311232795,1741607729101.9001,1
1,1,block_2,2,Provo_ID3,2,1077713,1257085,1,gaze_data,1741607729159,224.0316867828369,67.4983024597168,1741607729134.9001,1
1,1,block_2,2,Provo_ID3,2,1077713,1257085,1,gaze_data,1741607729191,269.8745608329773,87.14146114531017,1741607729169.8,1
1,1,block_2,2,Provo_ID3,2,1077713,1257085,1,gaze_data,1741607729230,417.7031397819519,101.06279373168945,1741607729203.8,1
1,1,block_2,2,Provo_ID3,2,1077713,1257085,1,gaze_data,1741607729258,420.60412764549255,96.8089703151158,1741607729235.3,1
1,1,block_2,2,Provo_ID3,2,1077713,1257085,1,gaze_data,1741607729299,409.7190126776695,92.26930618286133,1741607729269,1
1,1,block_2,2,Provo_ID3,2,1077713,1257085,1,gaze_data,1741607729333,402.17622835189104,95.09637560163226,1741607729302.5,1
1,1,block_2,2,Provo_ID3,2,1077713,1257085,1,gaze_data,1741607729360,494.8245584964752,91.15274792625792,1741607729337.5,1
1,1,block_2,2,Provo_ID3,2,1077713,1257085,1,gaze_data,1741607729395,517.0398592948914,99.01311420259022,1741607729372,1
1,1,block_2,2,Provo_ID3,2,1077713,1257085,1,gaze_data,1741607729426,514.7471785545349,92.83389227730888,1741607729404.8,1
1,1,block_2,2,Provo_ID3,2,1077713,1257085,1,gaze_data,1741607729461,527.629554271698,95.06244750249954,1741607729437.1,1
1,1,block_2,2,Provo_ID3,2,1077713,1257085,1,gaze_data,1741607729498,532.438588142395,95.40429069882347,1741607729469.5,1
1,1,block_2,2,Provo_ID3,2,1077713,1257085,1,gaze_data,1741607729532,525.0160098075867,91.5456381298247,1741607729503.1,1
1,1,block_2,2,Provo_ID3,2,1077713,1257085,1,gaze_data,1741607729553,375.4219710826874,85.69767270769393,1741607729535.6,1
1,1,block_2,2,Provo_ID3,2,1077713,1257085,1,gaze_data,1741607729598,363.7352794408798,91.1024048214867,1741607729569.7,1
1,1,block_2,2,Provo_ID3,2,1077713,1257085,1,gaze_data,1741607729627,345.6968426704407,87.90108453659785,1741607729601.8,1
1,1,block_2,2,Provo_ID3,2,1077713,1257085,1,gaze_data,1741607729661,337.80563473701477,86.46664392380488,1741607729636.3,1
1,1,block_2,2,Provo_ID3,2,1077713,1257085,1,gaze_data,1741607729687,336.96690797805786,80.67501885550364,1741607729670.2,1
1,1,block_2,2,Provo_ID3,2,1077713,1257085,1,gaze_data,1741607729731,331.53892159461975,87.75160380772182,1741607729702.5,1
1,1,block_2,2,Provo_ID3,2,1077713,1257085,1,gaze_data,1741607729764,328.92075181007385,83.99983179001582,1741607729736.2,1
1,1,block_2,2,Provo_ID3,2,1077713,1257085,1,gaze_data,1741607729797,326.2626886367798,90.0288690839495,1741607729768.7,1
1,1,block_2,2,Provo_ID3,2,1077713,1257085,1,gaze_data,1741607729823,306.1070144176483,84.5026715596517,1741607729802.4001,1
1,1,block_2,2,Provo_ID3,2,1077713,1257085,1,gaze_data,1741607729860,314.6358370780945,93.82746469406855,1741607729836,1
1,1,block_2,2,Provo_ID3,2,1077713,1257085,1,gaze_data,1741607729894,492.4374461174011,87.17919031778972,1741607729871.2,1
1,1,block_2,2,Provo_ID3,2,1077713,1257085,1,gaze_data,1741607729923,487.3753309249878,96.85787745884487,1741607729904,1
1,1,block_2,2,Provo_ID3,2,1077713,1257085,1,gaze_data,1741607729971,513.0886554718018,116.11382643381755,1741607729938.3,1
1,1,block_2,2,Provo_ID3,2,1077713,1257085,1,gaze_data,1741607730000,527.863597869873,106.31024587722052,1741607729968.8,1
1,1,block_2,2,Provo_ID3,2,1077713,1257085,1,gaze_data,1741607730029,522.5138783454895,117.44097823188419,1741607730002.6,1
1,1,block_2,2,Provo_ID3,2,1077713,1257085,1,gaze_data,1741607730066,514.5418882369995,109.62433837708973,1741607730035.9001,1
1,1,block_2,2,Provo_ID3,2,1077713,1257085,1,gaze_data,1741607730095,512.2510313987732,114.05855791909354,1741607730068.6,1
1,1,block_2,2,Provo_ID3,2,1077713,1257085,1,gaze_data,1741607730128,508.63291025161743,114.18544337863014,1741607730104.4001,1
1,1,block_2,2,Provo_ID3,2,1077713,1257085,1,gaze_data,1741607730172,257.47188329696655,119.0008964992705,1741607730145.6,1
1,1,block_2,2,Provo_ID3,2,1077713,1257085,1,gaze_data,1741607730195,159.63971614837646,141.33898803165982,1741607730171.6,1
1,1,block_2,2,Provo_ID3,2,1077713,1257085,1,gaze_data,1741607730233,209.29253101348877,133.4275888261341,1741607730203.5,1
1,1,block_2,2,Provo_ID3,2,1077713,1257085,1,gaze_data,1741607730262,212.71299123764038,132.73040158408028,1741607730236.2,1
1,1,block_2,2,Provo_ID3,2,1077713,1257085,1,gaze_data,1741607730300,215.76802730560303,136.46709601084393,1741607730270,1
1,1,block_2,2,Provo_ID3,2,1077713,1257085,1,gaze_data,1741607730328,211.1957550048828,135.359632174174,1741607730302.3,1
1,1,block_2,2,Provo_ID3,2,1077713,1257085,1,gaze_data,1741607730361,215.32281637191772,135.56494644709997,1741607730336.7,1
1,1,block_2,2,Provo_ID3,2,1077713,1257085,1,gaze_data,1741607730399,212.1648907661438,135.85284255799795,1741607730370.6,1
1,1,block_2,2,Provo_ID3,2,1077713,1257085,1,gaze_data,1741607730428,390.6201034784317,168.6782995859782,1741607730403.2,1
1,1,block_2,2,Provo_ID3,2,1077713,1257085,1,gaze_data,1741607730461,380.3646191954613,151.11261049906415,1741607730436.4001,1
1,1,block_2,2,Provo_ID3,2,1077713,1257085,1,gaze_data,1741607730499,379.945732653141,145.57698068164643,1741607730469.1,1
1,1,block_2,2,Provo_ID3,2,1077713,1257085,1,gaze_data,1741607730529,386.5228399634361,148.00585247221449,1741607730503.4001,1
1,1,block_2,2,Provo_ID3,2,1077713,1257085,1,gaze_data,1741607730561,396.10458090901375,148.99805931817917,1741607730539.4001,1
1,1,block_2,2,Provo_ID3,2,1077713,1257085,1,gaze_data,1741607730600,394.0171781927347,149.73924046471006,1741607730569.7,1
1,1,block_2,2,Provo_ID3,2,1077713,1257085,1,gaze_data,1741607730623,397.60060478001833,144.2049128668649,1741607730602.7,1
1,1,block_2,2,Provo_ID3,2,1077713,1257085,1,gaze_data,1741607730667,408.2811750471592,146.57467092786518,1741607730636.8,1
1,1,block_2,2,Provo_ID3,2,1077713,1257085,1,gaze_data,1741607730700,404.4230230152607,147.62797650836762,1741607730669.3,1
1,1,block_2,2,Provo_ID3,2,1077713,1257085,1,gaze_data,1741607730724,410.1287491619587,146.6751459666661,1741607730702.4001,1
1,1,block_2,2,Provo_ID3,2,1077713,1257085,1,gaze_data,1741607730770,416.5442615747452,148.65716639019195,1741607730736.5,1
1,1,block_2,2,Provo_ID3,2,1077713,1257085,1,gaze_data,1741607730799,404.73056733608246,154.8200225830078,1741607730770,1
1,1,block_2,2,Provo_ID3,2,1077713,1257085,1,gaze_data,1741607730828,394.17098723351955,149.40039589291527,1741607730802.8,1
1,1,block_2,2,Provo_ID3,2,1077713,1257085,1,gaze_data,1741607730867,397.653248347342,157.01860564095634,1741607730836.3,1
1,1,block_2,2,Provo_ID3,2,1077713,1257085,1,gaze_data,1741607730897,391.4303168654442,153.657393909636,1741607730870.4001,1
1,1,block_2,2,Provo_ID3,2,1077713,1257085,1,gaze_data,1741607730928,391.9637866318226,155.25844823746456,1741607730904.8,1
1,1,block_2,2,Provo_ID3,2,1077713,1257085,1,gaze_data,1741607730961,391.1953665316105,156.3973483585176,1741607730938.5,1
1,1,block_2,2,Provo_ID3,2,1077713,1257085,1,gaze_data,1741607730999,391.3036733865738,153.9008737745739,1741607730970.1,1
1,1,block_2,2,Provo_ID3,2,1077713,1257085,1,gaze_data,1741607731028,579.2801260948181,160.56538718087333,1741607731003.5,1
1,1,block_2,2,Provo_ID3,2,1077713,1257085,1,gaze_data,1741607731066,566.5960073471069,168.59040328434537,1741607731036.6,0.9820077107609602
1,1,block_2,2,Provo_ID3,2,1077713,1257085,1,gaze_data,1741607731094,572.9019045829773,156.4942827678862,1741607731068.9001,1
1,1,block_2,2,Provo_ID3,2,1077713,1257085,1,gaze_data,1741607731128,565.2221322059631,163.13165369487945,1741607731103.3,1
1,1,block_2,2,Provo_ID3,2,1077713,1257085,1,gaze_data,1741607731167,568.8714861869812,159.9167621703375,1741607731137.3,1
1,1,block_2,2,Provo_ID3,2,1077713,1257085,1,gaze_data,1741607731200,567.1033143997192,162.95835994538808,1741607731169.9001,0.9957123602531781
1,1,block_2,2,Provo_ID3,2,1077713,1257085,1,gaze_data,1741607731227,565.5578017234802,164.45318835122245,1741607731203.3,0.9825818360613225
1,1,block_2,2,Provo_ID3,2,1077713,1257085,1,gaze_data,1741607731261,565.5206799507141,164.16580608912878,1741607731236,0.9852517447470119
1,1,block_2,2,Provo_ID3,2,1077713,1257085,1,gaze_data,1741607731290,494.64218616485596,164.30714970543272,1741607731272,1
1,1,block_2,2,Provo_ID3,2,1077713,1257085,1,gaze_data,1741607731322,220.89940309524536,260.55123840059554,1741607731304.6,1
1,1,block_2,2,Provo_ID3,2,1077713,1257085,1,gaze_data,1741607731356,222.51923084259033,239.10740392548698,1741607731336.8,1
1,1,block_2,2,Provo_ID3,2,1077713,1257085,1,gaze_data,1741607731398,259.9736213684082,226.11684333710446,1741607731370.4001,0.9322120172278647
1,1,block_2,2,Provo_ID3,2,1077713,1257085,1,gaze_data,1741607731437,255.00518083572388,219.73265909013296,1741607731402.9001,0.9093610262250322
1,1,block_2,2,Provo_ID3,2,1077713,1257085,1,gaze_data,1741607731468,252.0102620124817,219.71757446016585,1741607731436.5,0.9524920215835491
1,1,block_2,2,Provo_ID3,2,1077713,1257085,1,gaze_data,1741607731493,247.77846336364746,219.11948612758093,1741607731470.7,0.975718229387053
1,1,block_2,2,Provo_ID3,2,1077713,1257085,1,gaze_data,1741607731533,377.5017738342285,281.80045264107844,1741607731503.3,0.9235008066923979
1,1,block_2,2,Provo_ID3,2,1077713,1257085,1,gaze_data,1741607731561,511.0887050628662,230.7955493245806,1741607731538.2,0.9446065340167107
1,1,block_2,2,Provo_ID3,2,1077713,1257085,1,gaze_data,1741607731590,504.52743768692017,246.38041814168295,1741607731572.7,1
1,1,block_2,2,Provo_ID3,2,1077713,1257085,1,gaze_data,1741607731629,506.55888319015503,239.8337661652338,1741607731603.6,0.9988037697955185
1,1,block_2,2,Provo_ID3,2,1077713,1257085,1,gaze_data,1741607731666,511.1552119255066,242.77933228583564,1741607731636.9001,0.9647566372018606
1,1,block_2,2,Provo_ID3,2,1077713,1257085,1,gaze_data,1741607731698,510.14052629470825,246.33462048712232,1741607731670,1
1,1,block_2,2,Provo_ID3,2,1077713,1257085,1,gaze_data,1741607731735,513.1763696670532,240.35717220533462,1741607731703.4001,0.9598482342853845
1,1,block_2,2,Provo_ID3,2,1077713,1257085,1,gaze_data,1741607731766,608.820915222168,224.80550470806304,1741607731736.6,1
1,1,block_2,2,Provo_ID3,2,1077713,1257085,1,gaze_data,1741607731795,620.7557678222656,236.28190772874015,1741607731770.1,0.8343880623426703
1,1,block_2,2,Provo_ID3,2,1077713,1257085,1,gaze_data,1741607731833,596.2883830070496,223.31507217316403,1741607731805.8,0.89178823734512
1,1,block_2,2,Provo_ID3,2,1077713,1257085,1,gaze_data,1741607731867,620.3427314758301,235.9630839029948,1741607731838.9001,0.797102266384575
1,1,block_2,2,Provo_ID3,2,1077713,1257085,1,gaze_data,1741607731904,627.5794982910156,238.63527718044463,1741607731871,0.8196267329801992
1,1,block_2,2,Provo_ID3,2,1077713,1257085,1,gaze_data,1741607731933,574.0021467208862,138.85022821880523,1741607731904,0.7795214280339657
1,1,block_2,2,Provo_ID3,2,1077713,1257085,1,gaze_data,1741607731962,597.2466588020325,159.2240658260527,1741607731936.8,0.6493710556313346
1,1,block_2,2,Provo_ID3,2,1077713,1257085,1,gaze_data,1741607731999,605.3212881088257,164.99124436151413,1741607731970.4001,0.7194194829021985
1,1,block_2,2,Provo_ID3,2,1077713,1257085,1,gaze_data,1741607732023,583.3025217056274,143.4395033972604,1741607732004.2,0.7620005231386789
1,1,block_2,2,Provo_ID3,2,1077713,1257085,1,gaze_data,1741607732062,591.6784167289734,153.90005724770683,1741607732037.4001,0.8295168913911941
1,1,block_2,2,Provo_ID3,2,1077713,1257085,1,gaze_data,1741607732100,576.785933971405,139.69384125300817,1741607732070.6,0.8684858140609449
1,1,block_2,2,Provo_ID3,2,1077713,1257085,1,gaze_data,1741607732133,450.07994174957275,166.86230863843647,1741607732102.8,0.714174150332107
1,1,block_2,2,Provo_ID3,2,1077713,1257085,1,gaze_data,1741607732160,462.41286993026733,166.5407941454933,1741607732138,0.9381239637219876
1,1,block_2,2,Provo_ID3,2,1077713,1257085,1,gaze_data,1741607732199,462.04546093940735,178.0161360331944,1741607732170.9001,0.9202011965667896
1,1,block_2,2,Provo_ID3,2,1077713,1257085,1,gaze_data,1741607732230,455.7433307170868,178.75966117495582,1741607732204,0.9547348898662422
1,1,block_2,2,Provo_ID3,2,1077713,1257085,1,gaze_data,1741607732261,469.82324719429016,340.3813843500047,1741607732237.1,0.9437125917254519
1,1,block_2,2,Provo_ID3,2,1077713,1257085,1,gaze_data,1741607732299,338.0697190761566,263.7242864427113,1741607732270.3,0.21944712873859615
1,1,block_2,2,Provo_ID3,2,1077713,1257085,1,gaze_data,1741607732323,391.7986713349819,265.34187895911083,1741607732303.9001,0
1,1,block_2,2,Provo_ID3,2,1077713,1257085,1,gaze_data,1741607732371,337.4885082244873,257.9854153451466,1741607732342.1,0
1,1,block_2,2,Provo_ID3,2,1077713,1257085,1,gaze_data,1741607732400,502.84305810928345,207.21699510301863,1741607732370.4001,0
1,1,block_2,2,Provo_ID3,2,1077713,1257085,1,gaze_data,1741607732428,559.2480540275574,261.54917149316697,1741607732404.1,0
1,1,block_2,2,Provo_ID3,2,1077713,1257085,1,gaze_data,1741607732465,503.11654806137085,251.69634240014213,1741607732437,0
1,1,block_2,2,Provo_ID3,2,1077713,1257085,1,gaze_data,1741607732500,467.0586049556732,214.2856752304804,1741607732470.4001,0
1,1,block_2,2,Provo_ID3,2,1077713,1257085,1,gaze_data,1741607732534,523.651909828186,211.35695173626854,1741607732505.9001,0.10239547914880953
1,1,block_2,2,Provo_ID3,2,1077713,1257085,1,gaze_data,1741607732566,522.6497173309326,174.36169964926583,1741607732536.9001,0.05277531843188495
1,1,block_2,2,Provo_ID3,2,1077713,1257085,1,gaze_data,1741607732595,455.68594336509705,140.0916728519258,1741607732572.9001,0.6362320221101052
1,1,block_2,2,Provo_ID3,2,1077713,1257085,1,gaze_data,1741607732628,483.60347151756287,97.33205431983585,1741607732605.7,0.5881602006505283
1,1,block_2,2,Provo_ID3,2,1077713,1257085,1,gaze_data,1741607732657,439.71691727638245,94.2433584304083,1741607732638.3,0.8253701721177481
1,1,block_2,2,Provo_ID3,2,1077713,1257085,1,gaze_data,1741607732700,441.55944883823395,116.33800529298328,1741607732670.7,1
1,1,block_2,2,Provo_ID3,2,1077713,1257085,1,gaze_data,1741607732737,443.16380620002747,118.87753055209205,1741607732704.6,1
1,1,block_2,2,Provo_ID3,2,1077713,1257085,1,gaze_data,1741607732761,436.0983580350876,114.34883322034564,1741607732736.7,1
1,1,block_2,2,Provo_ID3,2,1077713,1257085,1,gaze_data,1741607732800,453.0465364456177,114.02012484414237,1741607732770.1,1
1,1,block_2,2,Provo_ID3,2,1077713,1257085,1,gaze_data,1741607732828,460.06495356559753,113.63541398729598,1741607732804.6,1
1,1,block_2,2,Provo_ID3,2,1077713,1257085,1,gaze_data,1741607732861,466.57403111457825,114.45702303023566,1741607732839.9001,1
1,1,block_2,2,Provo_ID3,2,1077713,1257085,1,gaze_data,1741607732897,463.09752464294434,113.70584646860759,1741607732871.4001,1
1,1,block_2,2,Provo_ID3,2,1077713,1257085,1,gaze_data,1741607732937,425.32858550548553,105.73971884591239,1741607732904.2,1
1,1,block_2,2,Provo_ID3,2,1077713,1257085,1,gaze_data,1741607732965,238.10608386993408,126.27451783134825,1741607732938,1
1,1,block_2,2,Provo_ID3,2,1077713,1257085,1,gaze_data,1741607732999,265.04929065704346,123.74393213362922,1741607732970.6,1
1,1,block_2,2,Provo_ID3,2,1077713,1257085,1,gaze_data,1741607733031,268.4473156929016,122.24179018111457,1741607733004,1
1,1,block_2,2,Provo_ID3,2,1077713,1257085,1,gaze_data,1741607733062,267.84971952438354,123.54976767585391,1741607733037.7,1
1,1,block_2,2,Provo_ID3,2,1077713,1257085,1,gaze_data,1741607733096,268.12299489974976,121.63201354798817,1741607733072.8,1
1,1,block_2,2,Provo_ID3,2,1077713,1257085,1,gaze_data,1741607733123,271.1112380027771,124.58938939230784,1741607733105.8,1
1,1,block_2,2,Provo_ID3,2,1077713,1257085,1,gaze_data,1741607733167,268.68510246276855,122.21798419952393,1741607733141.2,1
1,1,block_2,2,Provo_ID3,2,1077713,1257085,1,gaze_data,1741607733200,269.7821617126465,124.1858280272711,1741607733171.1,1
1,1,block_2,2,Provo_ID3,2,1077713,1257085,1,gaze_data,1741607733229,270.5344557762146,127.40208512260801,1741607733204,1
1,1,block_2,2,Provo_ID3,2,1077713,1257085,1,gaze_data,1741607733266,271.13585472106934,130.3326141266596,1741607733237.3,1
1,1,block_2,2,Provo_ID3,2,1077713,1257085,1,gaze_data,1741607733299,273.23213815689087,130.56371938614618,1741607733271.3,1
1,1,block_2,2,Provo_ID3,2,1077713,1257085,1,gaze_data,1741607733328,339.1716957092285,109.13243725186302,1741607733305.7,1
1,1,block_2,2,Provo_ID3,2,1077713,1257085,1,gaze_data,1741607733372,334.6737325191498,114.0222083954584,1741607733339.4001,1
1,1,block_2,2,Provo_ID3,2,1077713,1257085,1,gaze_data,1741607733395,332.02812671661377,113.91021751222156,1741607733371.8,1
1,1,block_2,2,Provo_ID3,2,1077713,1257085,1,gaze_data,1741607733432,337.7395510673523,107.28066694168818,1741607733404.7,1
1,1,block_2,2,Provo_ID3,2,1077713,1257085,1,gaze_data,1741607733472,333.0880045890808,111.92452271779379,1741607733439.9001,1
1,1,block_2,2,Provo_ID3,2,1077713,1257085,1,gaze_data,1741607733495,334.47850942611694,111.28198646363758,1741607733470.8,1
1,1,block_2,2,Provo_ID3,2,1077713,1257085,1,gaze_data,1741607733532,337.5114858150482,108.16772483644031,1741607733504.2,1
1,1,block_2,2,Provo_ID3,2,1077713,1257085,1,gaze_data,1741607733566,282.29814767837524,67.61847268967402,1741607733537.7,1
1,1,block_2,2,Provo_ID3,2,1077713,1257085,1,gaze_data,1741607733599,260.9880328178406,46.55329023088728,1741607733573.2,1
1,1,block_2,2,Provo_ID3,2,1077713,1257085,1,gaze_data,1741607733628,239.92161750793457,43.37714149838402,1741607733604.8,1
1,1,block_2,2,Provo_ID3,2,1077713,1257085,1,gaze_data,1741607733672,232.89319276809692,45.22449130103702,1741607733639.5,1
1,1,block_2,2,Provo_ID3,2,1077713,1257085,1,gaze_data,1741607733699,235.67527532577515,46.60780043829055,1741607733671.3,1
1,1,block_2,2,Provo_ID3,2,1077713,1257085,1,gaze_data,1741607733728,234.20945405960083,46.90197535923549,1741607733704.7,1
1,1,block_2,2,Provo_ID3,2,1077713,1257085,1,gaze_data,1741607733767,417.0504555106163,75.01612163725353,1741607733737.1,1
1,1,block_2,2,Provo_ID3,2,1077713,1257085,1,gaze_data,1741607733799,428.82991433143616,85.57947340465728,1741607733771.6,1
1,1,block_2,2,Provo_ID3,2,1077713,1257085,1,gaze_data,1741607733828,425.9166479110718,82.86446525937035,1741607733807.1,1
1,1,block_2,2,Provo_ID3,2,1077713,1257085,1,gaze_data,1741607733856,429.05957996845245,85.02296811058409,1741607733837.3,1
1,1,block_2,2,Provo_ID3,2,1077713,1257085,1,gaze_data,1741607733904,424.2943838238716,84.17327335902623,1741607733875.6,1
1,1,block_2,2,Provo_ID3,2,1077713,1257085,1,gaze_data,1741607733932,425.832137465477,82.45513189406623,1741607733904.4001,1
1,1,block_2,2,Provo_ID3,2,1077713,1257085,1,gaze_data,1741607733965,427.0889699459076,81.69700077601841,1741607733938.6,1
1,1,block_2,2,Provo_ID3,2,1077713,1257085,1,gaze_data,1741607733990,433.8580161333084,85.15299297514416,1741607733971.2,1
1,1,block_2,2,Provo_ID3,2,1077713,1257085,1,gaze_data,1741607734027,491.49444103240967,75.7219950358073,1741607734006.4001,1
1,1,block_2,2,Provo_ID3,2,1077713,1257085,1,gaze_data,1741607734057,489.1528367996216,84.10879589262463,1741607734038.5,1
1,1,block_2,2,Provo_ID3,2,1077713,1257085,1,gaze_data,1741607734099,514.4766449928284,93.04503486269996,1741607734071.7,1
1,1,block_2,2,Provo_ID3,2,1077713,1257085,1,gaze_data,1741607734126,517.4135565757751,92.17019671485538,1741607734104.5,1
1,1,block_2,2,Provo_ID3,2,1077713,1257085,1,gaze_data,1741607734166,512.9307508468628,86.08645212082637,1741607734138.1,1
1,1,block_2,2,Provo_ID3,2,1077713,1257085,1,gaze_data,1741607734199,617.5428152084351,67.279782976423,1741607734172.7,1
1,1,block_2,2,Provo_ID3,2,1077713,1257085,1,gaze_data,1741607734228,613.6737585067749,79.9014018830799,1741607734206.3,1
1,1,block_2,2,Provo_ID3,2,1077713,1257085,1,gaze_data,1741607734263,633.3441019058228,77.51359576270694,1741607734243.8,1
1,1,block_2,2,Provo_ID3,2,1077713,1257085,1,gaze_data,1741607734295,602.3856163024902,72.5488026936849,1741607734272.2,1
1,1,block_2,2,Provo_ID3,2,1077713,1257085,1,gaze_data,1741607734336,650.0274181365967,83.76264481317429,1741607734305.7,1
1,1,block_2,2,Provo_ID3,2,1077713,1257085,1,gaze_data,1741607734364,340.1901185512543,86.49826322283064,1741607734337.7,1
1,1,block_2,2,Provo_ID3,2,1077713,1257085,1,gaze_data,1741607734390,312.4464273452759,70.04918870471774,1741607734370.7,1
1,1,block_2,2,Provo_ID3,2,1077713,1257085,1,gaze_data,1741607734429,317.5352990627289,69.40309070405506,1741607734404.6,1
1,1,block_2,2,Provo_ID3,2,1077713,1257085,1,gaze_data,1741607734456,363.02373111248016,185.97857520693825,1741607734439.1,1
1,1,block_2,2,Provo_ID3,2,1077713,1257085,1,gaze_data,1741607734498,340.74714183807373,225.2165696734474,1741607734472,0.7295144192276632
1,1,block_2,2,Provo_ID3,2,1077713,1257085,1,gaze_data,1741607734532,350.5426436662674,220.2393703233628,1741607734505,0
1,1,block_2,2,Provo_ID3,2,1077713,1257085,1,gaze_data,1741607734569,328.6610722541809,173.25484116872153,1741607734539,0
1,1,block_2,2,Provo_ID3,2,1077713,1257085,1,gaze_data,1741607736865,324.63046312332153,63.651362827845986,1741607736805.9001,1
1,1,block_2,2,Provo_ID3,2,1077713,1257085,1,gaze_data,1741607736890,320.5894410610199,63.55892635527112,1741607736839,1
1,1,block_2,2,Provo_ID3,2,1077713,1257085,1,gaze_data,1741607736920,322.039270401001,63.95989735921224,1741607736872.9001,1
1,1,block_2,2,Provo_ID3,2,1077713,1257085,1,gaze_data,1741607736951,271.00380659103394,53.83251462663923,1741607736906.5,1
1,1,block_2,2,Provo_ID3,2,1077713,1257085,1,gaze_data,1741607736990,270.0819730758667,54.058861505417596,1741607736941.5,1
1,1,block_2,2,Provo_ID3,2,1077713,1257085,1,gaze_data,1741607737022,226.62451267242432,48.71826898484003,1741607736974.9001,1
1,1,block_2,2,Provo_ID3,2,1077713,1257085,1,gaze_data,1741607737050,232.10060596466064,52.23141806466239,1741607737008.5,1
1,1,block_2,2,Provo_ID3,2,1077713,1257085,1,gaze_data,1741607737088,238.65838050842285,56.595500764392675,1741607737040.8,1
1,1,block_2,2,Provo_ID3,2,1077713,1257085,1,gaze_data,1741607737122,239.60344791412354,55.899031502859934,1741607737073.2,1
1,1,block_2,2,Provo_ID3,2,1077713,1257085,1,gaze_data,1741607737150,244.51444149017334,56.92779904320127,1741607737106.6,1
1,1,block_2,2,Provo_ID3,2,1077713,1257085,1,gaze_data,1741607737183,351.5804797410965,79.70988409859794,1741607737141.7,1
1,1,block_2,2,Provo_ID3,2,1077713,1257085,1,gaze_data,1741607737222,367.3948734998703,82.31373196556456,1741607737174.7,1
1,1,block_2,2,Provo_ID3,2,1077713,1257085,1,gaze_data,1741607737250,395.4765137284994,85.96774600801014,1741607737207.9001,1
1,1,block_2,2,Provo_ID3,2,1077713,1257085,1,gaze_data,1741607737282,404.59303222596645,84.68802315848215,1741607737240.5,1
1,1,block_2,2,Provo_ID3,2,1077713,1257085,1,gaze_data,1741607737317,408.5157386958599,85.87288811093285,1741607737272.7,1
1,1,block_2,2,Provo_ID3,2,1077713,1257085,1,gaze_data,1741607737355,413.8186350464821,87.11617696852912,1741607737306.7,1
1,1,block_2,2,Provo_ID3,2,1077713,1257085,1,gaze_data,1741607737382,545.2687740325928,94.3015007745652,1741607737339.9001,1
1,1,block_2,2,Provo_ID3,2,1077713,1257085,1,gaze_data,1741607737421,645.0263738632202,80.81824893043155,1741607737374.6,1
1,1,block_2,2,Provo_ID3,2,1077713,1257085,1,gaze_data,1741607737444,611.467432975769,75.93167350405739,1741607737407.9001,1
1,1,block_2,2,Provo_ID3,2,1077713,1257085,1,gaze_data,1741607737487,623.5703468322754,82.0427858261835,1741607737439.3,1
1,1,block_2,2,Provo_ID3,2,1077713,1257085,1,gaze_data,1741607737516,613.6385440826416,79.8625746227446,1741607737472.9001,1
1,1,block_2,2,Provo_ID3,2,1077713,1257085,1,gaze_data,1741607737554,626.7492771148682,81.17335364932106,1741607737507.2,1
1,1,block_2,2,Provo_ID3,2,1077713,1257085,1,gaze_data,1741607737583,531.0502290725708,89.6230833871024,1741607737541.2,1
1,1,block_2,2,Provo_ID3,2,1077713,1257085,1,gaze_data,1741607737616,400.8022238500416,81.37889317103794,1741607737573.1,1
1,1,block_2,2,Provo_ID3,2,1077713,1257085,1,gaze_data,1741607737650,374.2430567741394,73.37152390252976,1741607737606.5,1
1,1,block_2,2,Provo_ID3,2,1077713,1257085,1,gaze_data,1741607737688,370.64377665519714,73.061215536935,1741607737639.4001,1
1,1,block_2,2,Provo_ID3,2,1077713,1257085,1,gaze_data,1741607737713,370.44927179813385,73.70396296183269,1741607737675.2,1
1,1,block_2,2,Provo_ID3,2,1077713,1257085,1,gaze_data,1741607737753,368.24145913124084,73.3391725449335,1741607737713.7,1
1,1,block_2,2,Provo_ID3,2,1077713,1257085,1,gaze_data,1741607737786,368.1259274482727,74.76308277675084,1741607737742.4001,1
1,1,block_2,2,Provo_ID3,2,1077713,1257085,1,gaze_data,1741607737813,367.9729491472244,73.82711773826962,1741607737773.8,1
1,1,block_2,2,Provo_ID3,2,1077713,1257085,1,gaze_data,1741607737849,363.98158073425293,77.11346944173178,1741607737806.7,1
1,1,block_2,2,Provo_ID3,2,1077713,1257085,1,gaze_data,1741607737891,137.4302625656128,147.12857178279333,1741607737839.5,1
1,1,block_2,2,Provo_ID3,2,1077713,1257085,1,gaze_data,1741607737916,141.02602005004883,144.036694254194,1741607737873.4001,1
1,1,block_2,2,Provo_ID3,2,1077713,1257085,1,gaze_data,1741607737954,175.56567192077637,131.0140761874971,1741607737907.2,1
1,1,block_2,2,Provo_ID3,2,1077713,1257085,1,gaze_data,1741607737983,169.29218769073486,123.74180634816489,1741607737941.9001,1
1,1,block_2,2,Provo_ID3,2,1077713,1257085,1,gaze_data,1741607738020,170.45118808746338,127.08960873740061,1741607737974.8,1
1,1,block_2,2,Provo_ID3,2,1077713,1257085,1,gaze_data,1741607738050,163.5456085205078,125.74312777746292,1741607738007.8,1
1,1,block_2,2,Provo_ID3,2,1077713,1257085,1,gaze_data,1741607738082,177.8125286102295,125.01095658256895,1741607738041.1,1
1,1,block_2,2,Provo_ID3,2,1077713,1257085,1,gaze_data,1741607738119,238.1390929222107,141.3366088413057,1741607738073,1
1,1,block_2,2,Provo_ID3,2,1077713,1257085,1,gaze_data,1741607738148,235.13426780700684,134.53710805802118,1741607738108.8,1
1,1,block_2,2,Provo_ID3,2,1077713,1257085,1,gaze_data,1741607738188,225.2582550048828,122.89695444561187,1741607738141.5,1
1,1,block_2,2,Provo_ID3,2,1077713,1257085,1,gaze_data,1741607738214,221.93971872329712,125.88251454489573,1741607738174.7,1
1,1,block_2,2,Provo_ID3,2,1077713,1257085,1,gaze_data,1741607738247,431.9487124681473,115.76262133462089,1741607738206.6,1
1,1,block_2,2,Provo_ID3,2,1077713,1257085,1,gaze_data,1741607738287,438.7362241744995,115.320725440979,1741607738239.8,1
1,1,block_2,2,Provo_ID3,2,1077713,1257085,1,gaze_data,1741607738319,444.9998825788498,112.69671780722483,1741607738275.7,1
1,1,block_2,2,Provo_ID3,2,1077713,1257085,1,gaze_data,1741607738346,441.4938122034073,110.3104743503389,1741607738309.3,1
1,1,block_2,2,Provo_ID3,2,1077713,1257085,1,gaze_data,1741607738386,448.7887889146805,111.87399659837996,1741607738347.2,1
1,1,block_2,2,Provo_ID3,2,1077713,1257085,1,gaze_data,1741607738412,450.4537105560303,112.17388720739456,1741607738375.4001,1
1,1,block_2,2,Provo_ID3,2,1077713,1257085,1,gaze_data,1741607738446,449.79183077812195,110.84073816026961,1741607738406.5,1
1,1,block_2,2,Provo_ID3,2,1077713,1257085,1,gaze_data,1741607738483,463.99256587028503,112.29788666679747,1741607738440.1,1
1,1,block_2,2,Provo_ID3,2,1077713,1257085,1,gaze_data,1741607738516,467.9584562778473,113.31219605037145,1741607738475,1
1,1,block_2,2,Provo_ID3,2,1077713,1257085,1,gaze_data,1741607738551,334.04101729393005,112.70760013943627,1741607738508.4001,1
1,1,block_2,2,Provo_ID3,2,1077713,1257085,1,gaze_data,1741607738579,184.90054607391357,141.58082076481412,1741607738540.9001,1
1,1,block_2,2,Provo_ID3,2,1077713,1257085,1,gaze_data,1741607738613,202.24701166152954,136.47388163067046,1741607738573,1
1,1,block_2,2,Provo_ID3,2,1077713,1257085,1,gaze_data,1741607738646,204.25090789794922,135.94855921609062,1741607738606.6,1
1,1,block_2,2,Provo_ID3,2,1077713,1257085,1,gaze_data,1741607738690,206.73456192016602,144.4191596621559,1741607738641.2,1
1,1,block_2,2,Provo_ID3,2,1077713,1257085,1,gaze_data,1741607738718,196.48911952972412,137.46368113018218,1741607738675.3,1
1,1,block_2,2,Provo_ID3,2,1077713,1257085,1,gaze_data,1741607738747,405.84778524935246,178.32504363287063,1741607738708.4001,1
1,1,block_2,2,Provo_ID3,2,1077713,1257085,1,gaze_data,1741607738785,410.7915759086609,158.1451381955828,1741607738742,1
1,1,block_2,2,Provo_ID3,2,1077713,1257085,1,gaze_data,1741607738813,419.94460076093674,163.69340306236631,1741607738774.2,1
1,1,block_2,2,Provo_ID3,2,1077713,1257085,1,gaze_data,1741607738846,420.8700731396675,157.57255576905752,1741607738817.5,1
1,1,block_2,2,Provo_ID3,2,1077713,1257085,1,gaze_data,1741607738874,421.10748142004013,154.12436984834218,1741607738840.7,1
1,1,block_2,2,Provo_ID3,2,1077713,1257085,1,gaze_data,1741607738917,422.22059667110443,151.64366971878778,1741607738873.4001,1
1,1,block_2,2,Provo_ID3,2,1077713,1257085,1,gaze_data,1741607738951,425.4251003265381,151.93928060077485,1741607738907.7,1
1,1,block_2,2,Provo_ID3,2,1077713,1257085,1,gaze_data,1741607738979,428.8510262966156,149.1951660882859,1741607738941.4001,1
1,1,block_2,2,Provo_ID3,2,1077713,1257085,1,gaze_data,1741607739017,561.7762684822083,148.77281052725655,1741607738975.5,1
1,1,block_2,2,Provo_ID3,2,1077713,1257085,1,gaze_data,1741607739047,562.7467155456543,161.51819660550072,1741607739007.6,0.9899375821363692
1,1,block_2,2,Provo_ID3,2,1077713,1257085,1,gaze_data,1741607739074,552.0976543426514,160.3338384628296,1741607739041,0.9908387800951202
1,1,block_2,2,Provo_ID3,2,1077713,1257085,1,gaze_data,1741607739118,563.029146194458,156.84883140382314,1741607739075.7,0.9471035384749108
1,1,block_2,2,Provo_ID3,2,1077713,1257085,1,gaze_data,1741607739146,556.8045139312744,162.45696317581906,1741607739108.1,0.9737056674620561
1,1,block_2,2,Provo_ID3,2,1077713,1257085,1,gaze_data,1741607739183,563.2375240325928,158.68529887426467,1741607739141.5,0.9995750635922875
1,1,block_2,2,Provo_ID3,2,1077713,1257085,1,gaze_data,1741607739213,558.2332491874695,157.88693269093832,1741607739174.4001,1
1,1,block_2,2,Provo_ID3,2,1077713,1257085,1,gaze_data,1741607739246,567.4776792526245,157.89888495490666,1741607739207.4001,0.9434285472234145
1,1,block_2,2,Provo_ID3,2,1077713,1257085,1,gaze_data,1741607739279,524.718427658081,159.30284659067792,1741607739240.4001,1
1,1,block_2,2,Provo_ID3,2,1077713,1257085,1,gaze_data,1741607739313,266.25847816467285,187.93190456572034,1741607739274.4001,0.9539675701164247
1,1,block_2,2,Provo_ID3,2,1077713,1257085,1,gaze_data,1741607739345,287.34660148620605,201.85156890324185,1741607739308,1
1,1,block_2,2,Provo_ID3,2,1077713,1257085,1,gaze_data,1741607739382,281.6190242767334,207.50861485799155,1741607739340.5,0.9335359073362737
1,1,block_2,2,Provo_ID3,2,1077713,1257085,1,gaze_data,1741607739419,291.83733463287354,203.34380694798062,1741607739383.3,0.9553312274318695
1,1,block_2,2,Provo_ID3,2,1077713,1257085,1,gaze_data,1741607739450,276.88074111938477,210.53744032269432,1741607739408.9001,0.9238771476923578
1,1,block_2,2,Provo_ID3,2,1077713,1257085,1,gaze_data,1741607739479,267.57527589797974,212.5363966396877,1741607739443.4001,0.9105955861680233
1,1,block_2,2,Provo_ID3,2,1077713,1257085,1,gaze_data,1741607739518,141.84668064117432,217.00000762939453,1741607739476.6,0.8491616954511466
1,1,block_2,2,Provo_ID3,2,1077713,1257085,1,gaze_data,1741607739546,170.4742193222046,217.6721465019953,1741607739509.4001,0.7385753029641386
1,1,block_2,2,Provo_ID3,2,1077713,1257085,1,gaze_data,1741607739579,182.89592266082764,223.44402358645485,1741607739541.1,0.7245801809013661
1,1,block_2,2,Provo_ID3,2,1077713,1257085,1,gaze_data,1741607739619,183.35833549499512,231.414680821555,1741607739574.2,0.8027117298781419
1,1,block_2,2,Provo_ID3,2,1077713,1257085,1,gaze_data,1741607739651,177.219820022583,221.71165273303077,1741607739608.9001,0.6252843928439785
1,1,block_2,2,Provo_ID3,2,1077713,1257085,1,gaze_data,1741607739679,195.57006359100342,227.24934850420271,1741607739642.8,0.9077130791532221
1,1,block_2,2,Provo_ID3,2,1077713,1257085,1,gaze_data,1741607739718,291.9987916946411,251.14529762949263,1741607739675.8,0.6188787630925877
1,1,block_2,2,Provo_ID3,2,1077713,1257085,1,gaze_data,1741607739746,289.10335302352905,243.48314149039135,1741607739709.2,0.8949508031965726
1,1,block_2,2,Provo_ID3,2,1077713,1257085,1,gaze_data,1741607739777,336.5987181663513,344.5526681627546,1741607739740.5,0.5715092114729811
1,1,block_2,2,Provo_ID3,2,1077713,1257085,1,gaze_data,1741607739813,295.1650142669678,286.38396989731564,1741607739774,0
1,1,block_2,2,Provo_ID3,2,1077713,1257085,1,gaze_data,1741607739856,328.6916494369507,238.83096382731483,1741607739808.3,0
1,1,block_2,2,Provo_ID3,2,1077713,1257085,1,gaze_data,1741607739884,533.2110285758972,302.7082988194057,1741607739841.7,0
1,1,block_2,2,Provo_ID3,2,1077713,1257085,1,gaze_data,1741607739913,535.2035403251648,263.73511598223735,1741607739876.9001,0
1,1,block_2,2,Provo_ID3,2,1077713,1257085,1,gaze_data,1741607739951,517.3221707344055,282.59585891451155,1741607739910.9001,0
1,1,block_2,2,Provo_ID3,2,1077713,1257085,1,gaze_data,1741607739979,507.85945653915405,250.0131356148493,1741607739941.3,0.08196127807741745
1,1,block_2,2,Provo_ID3,2,1077713,1257085,1,gaze_data,1741607740013,522.3649859428406,232.14279049918767,1741607739974,0.2234483356817143
1,1,block_2,2,Provo_ID3,2,1077713,1257085,1,gaze_data,1741607740047,506.913697719574,237.48757827849616,1741607740007.3,0.3848035639045176
1,1,block_2,2,Provo_ID3,2,1077713,1257085,1,gaze_data,1741607740085,496.25552892684937,243.15841192290898,1741607740043.6,0.35419502366399824
1,1,block_2,2,Provo_ID3,2,1077713,1257085,1,gaze_data,1741607740115,357.45593905448914,265.55229652495615,1741607740075.1,0
1,1,block_2,2,Provo_ID3,2,1077713,1257085,1,gaze_data,1741607740145,345.1148271560669,245.08972673189075,1741607740109.6,0
1,1,block_2,2,Provo_ID3,2,1077713,1257085,1,gaze_data,1741607740183,442.5966650247574,252.66101962044127,1741607740143,0
1,1,block_2,2,Provo_ID3,2,1077713,1257085,1,gaze_data,1741607740208,378.81002724170685,242.75687427747818,1741607740174.1,0
1,1,block_2,2,Provo_ID3,2,1077713,1257085,1,gaze_data,1741607740239,352.8461158275604,161.00192637670608,1741607740207.6,0
1,1,block_2,2,Provo_ID3,2,1077713,1257085,1,gaze_data,1741607740282,373.52157831192017,166.65289061410087,1741607740240.9001,0.5319435299902946
1,1,block_2,2,Provo_ID3,2,1077713,1257085,1,gaze_data,1741607740312,381.1975061893463,111.36970678965251,1741607740276.9001,0.5421995403929443
1,1,block_2,2,Provo_ID3,2,1077713,1257085,1,gaze_data,1741607740349,395.2218797057867,113.32051617758616,1741607740310.4001,0.8467599383605733
1,1,block_2,2,Provo_ID3,2,1077713,1257085,1,gaze_data,1741607740383,371.9133824110031,110.27850310007732,1741607740341.7,1
1,1,block_2,2,Provo_ID3,2,1077713,1257085,1,gaze_data,1741607740411,376.58093124628067,106.69373194376628,1741607740374.6,1
1,1,block_2,2,Provo_ID3,2,1077713,1257085,1,gaze_data,1741607740445,375.9181037545204,110.81248351505825,1741607740407.7,1
1,1,block_2,2,Provo_ID3,2,1077713,1257085,1,gaze_data,1741607740477,378.4137696027756,111.58289069221134,1741607740441.1,1
1,1,block_2,2,Provo_ID3,2,1077713,1257085,1,gaze_data,1741607740514,382.628433406353,108.31564290182932,1741607740474.5,1
1,1,block_2,2,Provo_ID3,2,1077713,1257085,1,gaze_data,1741607740550,384.7445636987686,108.6755200794765,1741607740521.1,1
1,1,block_2,2,Provo_ID3,2,1077713,1257085,1,gaze_data,1741607740578,392.3838011920452,107.36407938457671,1741607740540.9001,1
1,1,block_2,2,Provo_ID3,2,1077713,1257085,1,gaze_data,1741607740617,389.0823319554329,112.1967077255249,1741607740575.2,1
1,1,block_2,2,Provo_ID3,2,1077713,1257085,1,gaze_data,1741607740647,345.6125497817993,157.7073249362764,1741607740607.7,1
1,1,block_2,2,Provo_ID3,2,1077713,1257085,1,gaze_data,1741607740679,189.11571502685547,374.2421340942383,1741607740641.9001,1
1,1,block_2,2,Provo_ID3,2,1077713,1257085,1,gaze_data,1741607740711,222.68930673599243,345.66327140444804,1741607740674,0.7438028394458839
1,1,block_2,2,Provo_ID3,2,1077713,1257085,1,gaze_data,1741607740743,223.0334758758545,342.19016733623687,1741607740708.4001,0.7489810334549084
1,1,block_2,2,Provo_ID3,2,1077713,1257085,1,gaze_data,1741607740778,224.94996786117554,340.0675916671753,1741607740740.7,0.6702995783080644
1,1,block_2,2,Provo_ID3,2,1077713,1257085,1,gaze_data,1741607740811,234.36123132705688,340.0230627968198,1741607740774.6,0.8114181981001461
1,1,block_2,2,Provo_ID3,2,1077713,1257085,1,gaze_data,1741607740850,236.55459880828857,337.951287769136,1741607740810,0.7830895198848732
1,1,block_2,2,Provo_ID3,2,1077713,1257085,1,gaze_data,1741607740878,244.7857141494751,346.7967937106178,1741607740842.2,0.8284732124660509
1,1,block_2,2,Provo_ID3,2,1077713,1257085,1,gaze_data,1741607740917,271.3221073150635,356.8001347496396,1741607740878.2,0.7694053706047194
1,1,block_2,2,Provo_ID3,2,1077713,1257085,1,gaze_data,1741607740939,268.54151487350464,356.17484410603845,1741607740907.5,0.6940958902097161
1,1,block_2,2,Provo_ID3,2,1077713,1257085,1,gaze_data,1741607740982,261.28779649734497,348.2909252530053,1741607740940.8,0.6891503149632153
1,1,block_2,2,Provo_ID3,2,1077713,1257085,1,gaze_data,1741607741009,260.308837890625,348.153931753976,1741607740976.3,0.7196090113466389
1,1,block_2,2,Provo_ID3,2,1077713,1257085,1,gaze_data,1741607741045,248.87934923171997,339.3849118550619,1741607741018.6,0.6923995342149116
1,1,block_2,2,Provo_ID3,2,1077713,1257085,1,gaze_data,1741607741079,250.44535398483276,334.2586154029483,1741607741042.8,0.7039732119961921
1,1,block_2,2,Provo_ID3,2,1077713,1257085,1,gaze_data,1741607741111,256.2343955039978,330.96263431367424,1741607741074,0.7660268206175493
1,1,block_2,2,Provo_ID3,2,1077713,1257085,1,gaze_data,1741607741146,245.27781009674072,328.10966128394716,1741607741108,0.7775457622521535
1,1,block_2,2,Provo_ID3,2,1077713,1257085,1,gaze_data,1741607741183,242.40128993988037,326.3164204642886,1741607741151.8,0.781935655488645
1,1,block_2,2,Provo_ID3,2,1077713,1257085,1,gaze_data,1741607741211,231.08811378479004,320.77695437840055,1741607741174.6,0.6847740688913885
1,1,block_2,2,Provo_ID3,2,1077713,1257085,1,gaze_data,1741607741243,219.30333375930786,326.67075792948407,1741607741208.3,0.8086479111420427
1,1,block_2,2,Provo_ID3,2,1077713,1257085,1,gaze_data,1741607741283,219.60184574127197,329.9130875723703,1741607741241.2,0.6469514527806152
1,1,block_2,2,Provo_ID3,2,1077713,1257085,1,gaze_data,1741607741316,218.45108270645142,328.9983099982852,1741607741275.5,0.6234157098289134
1,1,block_2,2,Provo_ID3,2,1077713,1257085,1,gaze_data,1741607741348,217.81740188598633,334.78500774928506,1741607741310.7,0.631890690567937
1,1,block_2,2,Provo_ID3,2,1077713,1257085,1,gaze_data,1741607741373,216.5719509124756,331.93925675891694,1741607741343.6,0.5958750567598383
1,1,block_2,2,Provo_ID3,2,1077713,1257085,1,gaze_data,1741607741410,183.75470638275146,331.16883550371443,1741607741376.3,0.6074071777904443
1,1,block_2,2,Provo_ID3,2,1077713,1257085,1,gaze_data,1741607741444,180.98602294921875,337.9697018577939,1741607741408.2,0.5761813097916559
1,1,block_2,2,Provo_ID3,2,1077713,1257085,1,gaze_data,1741607741475,165.12672901153564,344.7554061526344,1741607741442.8,0.5460323515032859
1,1,block_2,2,Provo_ID3,2,1077713,1257085,1,gaze_data,1741607741517,195.3033208847046,347.35807146344865,1741607741478.6,0.6200119008302162
1,1,block_2,2,Provo_ID3,2,1077713,1257085,1,gaze_data,1741607741542,196.66125774383545,349.3410210382371,1741607741508.4001,0.5804568779978762
1,1,block_2,2,Provo_ID3,2,1077713,1257085,1,gaze_data,1741607741582,193.6067819595337,350.8310417901902,1741607741542.1,0.5726528983913419
1,1,block_2,2,Provo_ID3,2,1077713,1257085,1,gaze_data,1741607741616,199.72267150878906,352.51376288277766,1741607741575.2,0.5912803779743585
1,1,block_2,2,Provo_ID3,2,1077713,1257085,1,gaze_data,1741607741644,207.92136192321777,352.0563811347598,1741607741608.5,0.5788057365033913
1,1,block_2,2,Provo_ID3,2,1077713,1257085,1,gaze_data,1741607741675,204.59842681884766,344.34472129458476,1741607741641.6,0.5893685933770989
1,1,block_2,2,Provo_ID3,2,1077713,1257085,1,gaze_data,1741607741709,209.98811721801758,345.5755651564825,1741607741675.3,0.5626963474778408
1,1,block_2,2,Provo_ID3,2,1077713,1257085,1,gaze_data,1741607741746,212.75042295455933,346.6168058486212,1741607741709.6,0.5776126770112671
1,1,block_2,2,Provo_ID3,2,1077713,1257085,1,gaze_data,1741607741779,208.32288265228271,343.5400340670631,1741607741742.6,0.5972016083173509
1,1,block_2,2,Provo_ID3,2,1077713,1257085,1,gaze_data,1741607741807,202.07688808441162,344.45876757303876,1741607741776.9001,0.6097364054835115
1,1,block_2,2,Provo_ID3,2,1077713,1257085,1,gaze_data,1741607741848,242.53771305084229,424.6211097353981,1741607741809.4001,0.5948590755295494
1,1,block_2,2,Provo_ID3,2,1077713,1257085,1,gaze_data,1741607741875,306.7818284034729,354.6359584445045,1741607741842.1,0.21344279514517298
1,1,block_2,2,Provo_ID3,2,1077713,1257085,1,gaze_data,1741607741909,349.0754544734955,142.6482325508481,1741607741875,0
1,1,block_2,2,Provo_ID3,2,1077713,1257085,1,gaze_data,1741607741946,263.21301460266113,91.01230530511766,1741607741909.1,0
1,1,block_2,2,Provo_ID3,2,1077713,1257085,1,gaze_data,1741607741980,223.34281206130981,96.82884852091472,1741607741950.3,0
1,1,block_2,2,Provo_ID3,2,1077713,1257085,1,gaze_data,1741607742014,282.15802907943726,123.70206401461647,1741607741976.6,0.028992107439518442
1,1,block_2,2,Provo_ID3,2,1077713,1257085,1,gaze_data,1741607742042,236.22175455093384,96.76076707385836,1741607742008.7,0.5766264666377884
1,1,block_2,2,Provo_ID3,2,1077713,1257085,1,gaze_data,1741607742075,230.79723119735718,67.07489104498,1741607742042.4001,0.9372925875831415
1,1,block_2,2,Provo_ID3,2,1077713,1257085,1,gaze_data,1741607742109,245.844566822052,69.63740575881232,1741607742075,1
1,1,block_2,2,Provo_ID3,2,1077713,1257085,1,gaze_data,1741607742145,266.83651208877563,74.84718504406158,1741607742108.9001,1
1,1,block_2,2,Provo_ID3,2,1077713,1257085,1,gaze_data,1741607742173,239.59550857543945,70.32621656145369,1741607742144.3,1
1,1,block_2,2,Provo_ID3,2,1077713,1257085,1,gaze_data,1741607742214,263.1120204925537,102.88739340645927,1741607742182.2,1
1,1,block_2,2,Provo_ID3,2,1077713,1257085,1,gaze_data,1741607742246,258.7300658226013,94.38543410528274,1741607742208.8,1
1,1,block_2,2,Provo_ID3,2,1077713,1257085,1,gaze_data,1741607742275,235.62244176864624,87.87413914998373,1741607742242.2,1
1,1,block_2,2,Provo_ID3,2,1077713,1257085,1,gaze_data,1741607742309,235.12452840805054,86.39715467180525,1741607742275.5,1
1,1,block_2,2,Provo_ID3,2,1077713,1257085,1,gaze_data,1741607742343,231.9597363471985,82.68395650954474,1741607742318.6,1
1,1,block_2,2,Provo_ID3,2,1077713,1257085,1,gaze_data,1741607742381,230.29927015304565,82.06319899786087,1741607742343.1,1
1,1,block_2,2,Provo_ID3,2,1077713,1257085,1,gaze_data,1741607742414,226.93310976028442,83.30288387480236,1741607742377,1
1,1,block_2,2,Provo_ID3,2,1077713,1257085,1,gaze_data,1741607742438,209.66074466705322,79.53562600272043,1741607742410.2,1
1,1,block_2,2,Provo_ID3,2,1077713,1257085,1,gaze_data,1741607742475,212.1045708656311,83.46472513108027,1741607742442.8,1
1,1,block_2,2,Provo_ID3,2,1077713,1257085,1,gaze_data,1741607742513,215.6604290008545,79.90168344406855,1741607742476.2,1
1,1,block_2,2,Provo_ID3,2,1077713,1257085,1,gaze_data,1741607742546,211.58367395401,81.0779889424642,1741607742508.5,1
1,1,block_2,2,Provo_ID3,2,1077713,1257085,1,gaze_data,1741607742579,201.7397403717041,73.90823545910064,1741607742542,1
1,1,block_2,2,Provo_ID3,2,1077713,1257085,1,gaze_data,1741607742613,212.97993659973145,81.44002006167457,1741607742575.8,1
1,1,block_2,2,Provo_ID3,2,1077713,1257085,1,gaze_data,1741607742642,181.49290084838867,36.6818464370001,1741607742608.4001,1
1,1,block_2,2,Provo_ID3,2,1077713,1257085,1,gaze_data,1741607742675,550.0706672668457,120.33981754666284,1741607742642.3,1
1,1,block_2,2,Provo_ID3,2,1077713,1257085,1,gaze_data,1741607742703,572.3768711090088,169.869936080206,1741607742675,1
1,1,block_2,2,Provo_ID3,2,1077713,1257085,1,gaze_data,1741607742743,468.648886680603,114.43973518553234,1741607742709.3,1
1,1,block_2,2,Provo_ID3,2,1077713,1257085,1,gaze_data,1741607742779,496.4046001434326,115.29735587892078,1741607742741.9001,1
1,1,block_2,2,Provo_ID3,2,1077713,1257085,1,gaze_data,1741607742817,488.5564863681793,116.70182432447162,1741607742778.1,1
1,1,block_2,2,Provo_ID3,2,1077713,1257085,1,gaze_data,1741607742844,483.9936435222626,112.24637508392334,1741607742811.2,1
1,1,block_2,2,Provo_ID3,2,1077713,1257085,1,gaze_data,1741607742873,464.76073265075684,103.97188186645508,1741607742844.1,1
1,1,block_2,2,Provo_ID3,2,1077713,1257085,1,gaze_data,1741607742909,465.2292311191559,106.64961133684432,1741607742882.3,1
1,1,block_2,2,Provo_ID3,2,1077713,1257085,1,gaze_data,1741607742942,459.22725200653076,106.66856039138068,1741607742909.8,1
1,1,block_2,2,Provo_ID3,2,1077713,1257085,1,gaze_data,1741607742977,450.5040407180786,104.15182749430339,1741607742942.1,1
1,1,block_2,2,Provo_ID3,2,1077713,1257085,1,gaze_data,1741607743006,458.8082551956177,114.39843018849692,1741607742978.8,1
1,1,block_2,2,Provo_ID3,2,1077713,1257085,1,gaze_data,1741607743047,459.14326310157776,106.1469686599005,1741607743008.7,1
1,1,block_2,2,Provo_ID3,2,1077713,1257085,1,gaze_data,1741607743078,458.60825181007385,100.7905524117606,1741607743042.6,1
1,1,block_2,2,Provo_ID3,2,1077713,1257085,1,gaze_data,1741607743109,468.57879161834717,100.48702966599238,1741607743076.4001,1
1,1,block_2,2,Provo_ID3,2,1077713,1257085,1,gaze_data,1741607743144,464.71803188323975,99.0464228675479,1741607743109,1
1,1,block_2,2,Provo_ID3,2,1077713,1257085,1,gaze_data,1741607743175,408.8364377617836,102.79943375360399,1741607743144.2,1
1,1,block_2,2,Provo_ID3,2,1077713,1257085,1,gaze_data,1741607743210,423.83201867341995,98.96051860990978,1741607743181.1,1
1,1,block_2,2,Provo_ID3,2,1077713,1257085,1,gaze_data,1741607743243,421.768955886364,104.03013683500744,1741607743208.7,1
1,1,block_2,2,Provo_ID3,2,1077713,1257085,1,gaze_data,1741607743272,419.62834894657135,101.09660920642672,1741607743242.1,1
1,1,block_2,2,Provo_ID3,2,1077713,1257085,1,gaze_data,1741607743314,416.4344683289528,101.60738899594261,1741607743282,1
1,1,block_2,2,Provo_ID3,2,1077713,1257085,1,gaze_data,1741607743344,418.0665463209152,101.37557983398438,1741607743311.2,1
1,1,block_2,2,Provo_ID3,2,1077713,1257085,1,gaze_data,1741607743376,419.343926012516,97.19045729864212,1741607743344.4001,1
1,1,block_2,2,Provo_ID3,2,1077713,1257085,1,gaze_data,1741607743407,418.17862540483475,97.1618788582938,1741607743375.7,1
1,1,block_2,2,Provo_ID3,2,1077713,1257085,1,gaze_data,1741607743434,416.6992589831352,97.44093395414806,1741607743408.4001,1
1,1,block_2,2,Provo_ID3,2,1077713,1257085,1,gaze_data,1741607743477,419.9130713939667,98.16823414393834,1741607743443.8,1
1,1,block_2,2,Provo_ID3,2,1077713,1257085,1,gaze_data,1741607743505,423.1576547026634,99.8791113353911,1741607743477.2,1
1,1,block_2,2,Provo_ID3,2,1077713,1257085,1,gaze_data,1741607743544,290.1578903198242,86.15109852382115,1741607743509.7,1
1,1,block_2,2,Provo_ID3,2,1077713,1257085,1,gaze_data,1741607743569,269.8689579963684,89.15777569725401,1741607743542.5,1
1,1,block_2,2,Provo_ID3,2,1077713,1257085,1,gaze_data,1741607743608,265.59340953826904,91.86121168590728,1741607743578.5,1
1,1,block_2,2,Provo_ID3,2,1077713,1257085,1,gaze_data,1741607743640,265.2045249938965,93.89385677519299,1741607743608.5,1
1,1,block_2,2,Provo_ID3,2,1077713,1257085,1,gaze_data,1741607743677,263.31732273101807,93.21343649001349,1741607743648.3,1
1,1,block_2,2,Provo_ID3,2,1077713,1257085,1,gaze_x,"",
1,1,block_2,2,Provo_ID3,2,1077713,1257085,1,gaze_y,"",
1,1,block_2,2,Provo_ID3,2,1077713,1257085,1,el_x,"",
1,1,block_2,2,Provo_ID3,2,1077713,1257085,1,applied_drift,1741607688221,
1,1,block_2,2,Provo_ID3,2,1077713,1257085,1,applied_drift,1741607712022,0,-48.662731306893484
1,1,block_2,2,Provo_ID3,2,1077713,1257085,1,applied_drift,1741607712061,0,-48.662731306893484
1,1,block_2,2,Provo_ID3,2,1077713,1257085,1,applied_drift,1741607712094,0,-48.662731306893484
1,1,block_2,2,Provo_ID3,2,1077713,1257085,1,applied_drift,1741607712120,0,-48.662731306893484
1,1,block_2,2,Provo_ID3,2,1077713,1257085,1,applied_drift,1741607712160,0,-48.662731306893484
1,1,block_2,2,Provo_ID3,2,1077713,1257085,1,applied_drift,1741607712190,0,-48.662731306893484
1,1,block_2,2,Provo_ID3,2,1077713,1257085,1,applied_drift,1741607712224,0,-48.662731306893484
1,1,block_2,2,Provo_ID3,2,1077713,1257085,1,applied_drift,1741607712255,0,-48.662731306893484
1,1,block_2,2,Provo_ID3,2,1077713,1257085,1,applied_drift,1741607712300,0,-48.662731306893484
1,1,block_2,2,Provo_ID3,2,1077713,1257085,1,applied_drift,1741607712322,0,-48.662731306893484
1,1,block_2,2,Provo_ID3,2,1077713,1257085,1,applied_drift,1741607712361,0,-48.662731306893484
1,1,block_2,2,Provo_ID3,2,1077713,1257085,1,applied_drift,1741607712389,0,-48.662731306893484
1,1,block_2,2,Provo_ID3,2,1077713,1257085,1,applied_drift,1741607712424,0,-48.662731306893484
1,1,block_2,2,Provo_ID3,2,1077713,1257085,1,applied_drift,1741607712459,0,-48.662731306893484
1,1,block_2,2,Provo_ID3,2,1077713,1257085,1,applied_drift,1741607712493,0,-48.662731306893484
1,1,block_2,2,Provo_ID3,2,1077713,1257085,1,applied_drift,1741607712527,0,-48.662731306893484
1,1,block_2,2,Provo_ID3,2,1077713,1257085,1,applied_drift,1741607712556,0,-48.662731306893484
1,1,block_2,2,Provo_ID3,2,1077713,1257085,1,applied_drift,1741607712584,0,-48.662731306893484
1,1,block_2,2,Provo_ID3,2,1077713,1257085,1,applied_drift,1741607712626,0,-48.662731306893484
1,1,block_2,2,Provo_ID3,2,1077713,1257085,1,applied_drift,1741607712660,0,-48.662731306893484
1,1,block_2,2,Provo_ID3,2,1077713,1257085,1,applied_drift,1741607712691,0,-48.662731306893484
1,1,block_2,2,Provo_ID3,2,1077713,1257085,1,applied_drift,1741607712726,0,-48.662731306893484
1,1,block_2,2,Provo_ID3,2,1077713,1257085,1,applied_drift,1741607712759,0,-48.662731306893484
1,1,block_2,2,Provo_ID3,2,1077713,1257085,1,applied_drift,1741607712789,0,-48.662731306893484
1,1,block_2,2,Provo_ID3,2,1077713,1257085,1,applied_drift,1741607712824,0,-48.662731306893484
1,1,block_2,2,Provo_ID3,2,1077713,1257085,1,applied_drift,1741607712851,0,-48.662731306893484
1,1,block_2,2,Provo_ID3,2,1077713,1257085,1,applied_drift,1741607712891,0,-48.662731306893484
1,1,block_2,2,Provo_ID3,2,1077713,1257085,1,applied_drift,1741607712921,0,-48.662731306893484
1,1,block_2,2,Provo_ID3,2,1077713,1257085,1,applied_drift,1741607712961,0,-48.662731306893484
1,1,block_2,2,Provo_ID3,2,1077713,1257085,1,applied_drift,1741607712992,0,-48.662731306893484
1,1,block_2,2,Provo_ID3,2,1077713,1257085,1,applied_drift,1741607713021,0,-48.662731306893484
1,1,block_2,2,Provo_ID3,2,1077713,1257085,1,applied_drift,1741607713056,0,-48.662731306893484
1,1,block_2,2,Provo_ID3,2,1077713,1257085,1,applied_drift,1741607713091,0,-48.662731306893484
1,1,block_2,2,Provo_ID3,2,1077713,1257085,1,applied_drift,1741607713126,0,-48.662731306893484
1,1,block_2,2,Provo_ID3,2,1077713,1257085,1,applied_drift,1741607713154,0,-48.662731306893484
1,1,block_2,2,Provo_ID3,2,1077713,1257085,1,applied_drift,1741607713194,0,-48.662731306893484
1,1,block_2,2,Provo_ID3,2,1077713,1257085,1,applied_drift,1741607713222,0,-48.662731306893484
1,1,block_2,2,Provo_ID3,2,1077713,1257085,1,applied_drift,1741607713260,0,-48.662731306893484
1,1,block_2,2,Provo_ID3,2,1077713,1257085,1,applied_drift,1741607713293,0,-48.662731306893484
1,1,block_2,2,Provo_ID3,2,1077713,1257085,1,applied_drift,1741607713329,0,-48.662731306893484
1,1,block_2,2,Provo_ID3,2,1077713,1257085,1,applied_drift,1741607713352,0,-48.662731306893484
1,1,block_2,2,Provo_ID3,2,1077713,1257085,1,applied_drift,1741607713383,0,-48.662731306893484
1,1,block_2,2,Provo_ID3,2,1077713,1257085,1,applied_drift,1741607713421,0,-48.662731306893484
1,1,block_2,2,Provo_ID3,2,1077713,1257085,1,applied_drift,1741607713454,0,-48.662731306893484
1,1,block_2,2,Provo_ID3,2,1077713,1257085,1,applied_drift,1741607713489,0,-48.662731306893484
1,1,block_2,2,Provo_ID3,2,1077713,1257085,1,applied_drift,1741607713524,0,-48.662731306893484
1,1,block_2,2,Provo_ID3,2,1077713,1257085,1,applied_drift,1741607713552,0,-48.662731306893484
1,1,block_2,2,Provo_ID3,2,1077713,1257085,1,applied_drift,1741607713590,0,-48.662731306893484
1,1,block_2,2,Provo_ID3,2,1077713,1257085,1,applied_drift,1741607713620,0,-48.662731306893484
1,1,block_2,2,Provo_ID3,2,1077713,1257085,1,applied_drift,1741607713653,0,-48.662731306893484
1,1,block_2,2,Provo_ID3,2,1077713,1257085,1,applied_drift,1741607713691,0,-48.662731306893484
1,1,block_2,2,Provo_ID3,2,1077713,1257085,1,applied_drift,1741607713722,0,-48.662731306893484
1,1,block_2,2,Provo_ID3,2,1077713,1257085,1,applied_drift,1741607713756,0,-48.662731306893484
1,1,block_2,2,Provo_ID3,2,1077713,1257085,1,applied_drift,1741607713791,0,-48.662731306893484
1,1,block_2,2,Provo_ID3,2,1077713,1257085,1,applied_drift,1741607713814,0,-48.662731306893484
1,1,block_2,2,Provo_ID3,2,1077713,1257085,1,applied_drift,1741607713858,0,-48.662731306893484
1,1,block_2,2,Provo_ID3,2,1077713,1257085,1,applied_drift,1741607713885,0,-48.662731306893484
1,1,block_2,2,Provo_ID3,2,1077713,1257085,1,applied_drift,1741607713925,0,-48.662731306893484
1,1,block_2,2,Provo_ID3,2,1077713,1257085,1,applied_drift,1741607713954,0,-48.662731306893484
1,1,block_2,2,Provo_ID3,2,1077713,1257085,1,applied_drift,1741607713990,0,-48.662731306893484
1,1,block_2,2,Provo_ID3,2,1077713,1257085,1,applied_drift,1741607714025,0,-48.662731306893484
1,1,block_2,2,Provo_ID3,2,1077713,1257085,1,applied_drift,1741607714058,0,-48.662731306893484
1,1,block_2,2,Provo_ID3,2,1077713,1257085,1,applied_drift,1741607714087,0,-48.662731306893484
1,1,block_2,2,Provo_ID3,2,1077713,1257085,1,applied_drift,1741607714119,0,-48.662731306893484
1,1,block_2,2,Provo_ID3,2,1077713,1257085,1,applied_drift,1741607714158,0,-48.662731306893484
1,1,block_2,2,Provo_ID3,2,1077713,1257085,1,applied_drift,1741607714195,0,-48.662731306893484
1,1,block_2,2,Provo_ID3,2,1077713,1257085,1,applied_drift,1741607714223,0,-48.662731306893484
1,1,block_2,2,Provo_ID3,2,1077713,1257085,1,applied_drift,1741607714259,0,-48.662731306893484
1,1,block_2,2,Provo_ID3,2,1077713,1257085,1,applied_drift,1741607714292,0,-48.662731306893484
1,1,block_2,2,Provo_ID3,2,1077713,1257085,1,applied_drift,1741607714317,0,-48.662731306893484
1,1,block_2,2,Provo_ID3,2,1077713,1257085,1,applied_drift,1741607714353,0,-48.662731306893484
1,1,block_2,2,Provo_ID3,2,1077713,1257085,1,applied_drift,1741607714390,0,-48.662731306893484
1,1,block_2,2,Provo_ID3,2,1077713,1257085,1,applied_drift,1741607714417,0,-48.662731306893484
1,1,block_2,2,Provo_ID3,2,1077713,1257085,1,applied_drift,1741607714456,0,-48.662731306893484
1,1,block_2,2,Provo_ID3,2,1077713,1257085,1,applied_drift,1741607714485,0,-48.662731306893484
1,1,block_2,2,Provo_ID3,2,1077713,1257085,1,applied_drift,1741607714517,0,-48.662731306893484
1,1,block_2,2,Provo_ID3,2,1077713,1257085,1,applied_drift,1741607714553,0,-48.662731306893484
1,1,block_2,2,Provo_ID3,2,1077713,1257085,1,applied_drift,1741607714588,0,-48.662731306893484
1,1,block_2,2,Provo_ID3,2,1077713,1257085,1,applied_drift,1741607714624,0,-48.662731306893484
1,1,block_2,2,Provo_ID3,2,1077713,1257085,1,applied_drift,1741607714662,0,-48.662731306893484
1,1,block_2,2,Provo_ID3,2,1077713,1257085,1,applied_drift,1741607714683,0,-48.662731306893484
1,1,block_2,2,Provo_ID3,2,1077713,1257085,1,applied_drift,1741607714723,0,-48.662731306893484
1,1,block_2,2,Provo_ID3,2,1077713,1257085,1,applied_drift,1741607714748,0,-48.662731306893484
1,1,block_2,2,Provo_ID3,2,1077713,1257085,1,applied_drift,1741607714788,0,-48.662731306893484
1,1,block_2,2,Provo_ID3,2,1077713,1257085,1,applied_drift,1741607714823,0,-48.662731306893484
1,1,block_2,2,Provo_ID3,2,1077713,1257085,1,applied_drift,1741607714852,0,-48.662731306893484
1,1,block_2,2,Provo_ID3,2,1077713,1257085,1,applied_drift,1741607714890,0,-48.662731306893484
1,1,block_2,2,Provo_ID3,2,1077713,1257085,1,applied_drift,1741607714920,0,-48.662731306893484
1,1,block_2,2,Provo_ID3,2,1077713,1257085,1,applied_drift,1741607714957,0,-48.662731306893484
1,1,block_2,2,Provo_ID3,2,1077713,1257085,1,applied_drift,1741607714989,0,-48.662731306893484
1,1,block_2,2,Provo_ID3,2,1077713,1257085,1,applied_drift,1741607715021,0,-48.662731306893484
1,1,block_2,2,Provo_ID3,2,1077713,1257085,1,applied_drift,1741607715052,0,-48.662731306893484
1,1,block_2,2,Provo_ID3,2,1077713,1257085,1,applied_drift,1741607715084,0,-48.662731306893484
1,1,block_2,2,Provo_ID3,2,1077713,1257085,1,applied_drift,1741607715117,0,-48.662731306893484
1,1,block_2,2,Provo_ID3,2,1077713,1257085,1,applied_drift,1741607715150,0,-48.662731306893484
1,1,block_2,2,Provo_ID3,2,1077713,1257085,1,applied_drift,1741607715185,0,-48.662731306893484
1,1,block_2,2,Provo_ID3,2,1077713,1257085,1,applied_drift,1741607715222,0,-48.662731306893484
1,1,block_2,2,Provo_ID3,2,1077713,1257085,1,applied_drift,1741607715250,0,-48.662731306893484
1,1,block_2,2,Provo_ID3,2,1077713,1257085,1,applied_drift,1741607715283,0,-48.662731306893484
1,1,block_2,2,Provo_ID3,2,1077713,1257085,1,applied_drift,1741607715313,0,-48.662731306893484
1,1,block_2,2,Provo_ID3,2,1077713,1257085,1,applied_drift,1741607715352,0,-48.662731306893484
1,1,block_2,2,Provo_ID3,2,1077713,1257085,1,applied_drift,1741607715392,0,-48.662731306893484
1,1,block_2,2,Provo_ID3,2,1077713,1257085,1,applied_drift,1741607715422,0,-48.662731306893484
1,1,block_2,2,Provo_ID3,2,1077713,1257085,1,applied_drift,1741607715455,0,-48.662731306893484
1,1,block_2,2,Provo_ID3,2,1077713,1257085,1,applied_drift,1741607715488,0,-48.662731306893484
1,1,block_2,2,Provo_ID3,2,1077713,1257085,1,applied_drift,1741607715522,0,-48.662731306893484
1,1,block_2,2,Provo_ID3,2,1077713,1257085,1,applied_drift,1741607715554,0,-48.662731306893484
1,1,block_2,2,Provo_ID3,2,1077713,1257085,1,applied_drift,1741607715583,0,-48.662731306893484
1,1,block_2,2,Provo_ID3,2,1077713,1257085,1,applied_drift,1741607715618,0,-48.662731306893484
1,1,block_2,2,Provo_ID3,2,1077713,1257085,1,applied_drift,1741607715655,0,-48.662731306893484
1,1,block_2,2,Provo_ID3,2,1077713,1257085,1,applied_drift,1741607715689,0,-48.662731306893484
1,1,block_2,2,Provo_ID3,2,1077713,1257085,1,applied_drift,1741607715718,0,-48.662731306893484
1,1,block_2,2,Provo_ID3,2,1077713,1257085,1,applied_drift,1741607715750,0,-48.662731306893484
1,1,block_2,2,Provo_ID3,2,1077713,1257085,1,applied_drift,1741607715779,0,-48.662731306893484
1,1,block_2,2,Provo_ID3,2,1077713,1257085,1,applied_drift,1741607715822,0,-48.662731306893484
1,1,block_2,2,Provo_ID3,2,1077713,1257085,1,applied_drift,1741607715855,0,-48.662731306893484
1,1,block_2,2,Provo_ID3,2,1077713,1257085,1,applied_drift,1741607715882,0,-48.662731306893484
1,1,block_2,2,Provo_ID3,2,1077713,1257085,1,applied_drift,1741607715923,0,-48.662731306893484
1,1,block_2,2,Provo_ID3,2,1077713,1257085,1,applied_drift,1741607715955,0,-48.662731306893484
1,1,block_2,2,Provo_ID3,2,1077713,1257085,1,applied_drift,1741607715984,0,-48.662731306893484
1,1,block_2,2,Provo_ID3,2,1077713,1257085,1,applied_drift,1741607716014,0,-48.662731306893484
1,1,block_2,2,Provo_ID3,2,1077713,1257085,1,applied_drift,1741607716050,0,-48.662731306893484
1,1,block_2,2,Provo_ID3,2,1077713,1257085,1,applied_drift,1741607716088,0,-48.662731306893484
1,1,block_2,2,Provo_ID3,2,1077713,1257085,1,applied_drift,1741607716117,0,-48.662731306893484
1,1,block_2,2,Provo_ID3,2,1077713,1257085,1,applied_drift,1741607716156,0,-48.662731306893484
1,1,block_2,2,Provo_ID3,2,1077713,1257085,1,applied_drift,1741607716184,0,-48.662731306893484
1,1,block_2,2,Provo_ID3,2,1077713,1257085,1,applied_drift,1741607716217,0,-48.662731306893484
1,1,block_2,2,Provo_ID3,2,1077713,1257085,1,applied_drift,1741607716255,0,-48.662731306893484
1,1,block_2,2,Provo_ID3,2,1077713,1257085,1,applied_drift,1741607716287,0,-48.662731306893484
1,1,block_2,2,Provo_ID3,2,1077713,1257085,1,applied_drift,1741607716323,0,-48.662731306893484
1,1,block_2,2,Provo_ID3,2,1077713,1257085,1,applied_drift,1741607716355,0,-48.662731306893484
1,1,block_2,2,Provo_ID3,2,1077713,1257085,1,applied_drift,1741607716386,0,-48.662731306893484
1,1,block_2,2,Provo_ID3,2,1077713,1257085,1,applied_drift,1741607716413,0,-48.662731306893484
1,1,block_2,2,Provo_ID3,2,1077713,1257085,1,applied_drift,1741607716455,0,-48.662731306893484
1,1,block_2,2,Provo_ID3,2,1077713,1257085,1,applied_drift,1741607716487,0,-48.662731306893484
1,1,block_2,2,Provo_ID3,2,1077713,1257085,1,applied_drift,1741607716522,0,-48.662731306893484
1,1,block_2,2,Provo_ID3,2,1077713,1257085,1,applied_drift,1741607716555,0,-48.662731306893484
1,1,block_2,2,Provo_ID3,2,1077713,1257085,1,applied_drift,1741607716589,0,-48.662731306893484
1,1,block_2,2,Provo_ID3,2,1077713,1257085,1,applied_drift,1741607716635,0,-48.662731306893484
1,1,block_2,2,Provo_ID3,2,1077713,1257085,1,applied_drift,1741607716659,0,-48.662731306893484
1,1,block_2,2,Provo_ID3,2,1077713,1257085,1,applied_drift,1741607716692,0,-48.662731306893484
1,1,block_2,2,Provo_ID3,2,1077713,1257085,1,applied_drift,1741607716734,0,-48.662731306893484
1,1,block_2,2,Provo_ID3,2,1077713,1257085,1,applied_drift,1741607716756,0,-48.662731306893484
1,1,block_2,2,Provo_ID3,2,1077713,1257085,1,applied_drift,1741607716799,0,-48.662731306893484
1,1,block_2,2,Provo_ID3,2,1077713,1257085,1,applied_drift,1741607716831,0,-48.662731306893484
1,1,block_2,2,Provo_ID3,2,1077713,1257085,1,applied_drift,1741607716863,0,-48.662731306893484
1,1,block_2,2,Provo_ID3,2,1077713,1257085,1,applied_drift,1741607716899,0,-48.662731306893484
1,1,block_2,2,Provo_ID3,2,1077713,1257085,1,applied_drift,1741607716933,0,-48.662731306893484
1,1,block_2,2,Provo_ID3,2,1077713,1257085,1,applied_drift,1741607716961,0,-48.662731306893484
1,1,block_2,2,Provo_ID3,2,1077713,1257085,1,applied_drift,1741607716993,0,-48.662731306893484
1,1,block_2,2,Provo_ID3,2,1077713,1257085,1,applied_drift,1741607717028,0,-48.662731306893484
1,1,block_2,2,Provo_ID3,2,1077713,1257085,1,applied_drift,1741607717063,0,-48.662731306893484
1,1,block_2,2,Provo_ID3,2,1077713,1257085,1,applied_drift,1741607717099,0,-48.662731306893484
1,1,block_2,2,Provo_ID3,2,1077713,1257085,1,applied_drift,1741607717126,0,-48.662731306893484
1,1,block_2,2,Provo_ID3,2,1077713,1257085,1,applied_drift,1741607717161,0,-48.662731306893484
1,1,block_2,2,Provo_ID3,2,1077713,1257085,1,applied_drift,1741607717197,0,-48.662731306893484
1,1,block_2,2,Provo_ID3,2,1077713,1257085,1,applied_drift,1741607717223,0,-48.662731306893484
1,1,block_2,2,Provo_ID3,2,1077713,1257085,1,applied_drift,1741607717254,0,-48.662731306893484
1,1,block_2,2,Provo_ID3,2,1077713,1257085,1,applied_drift,1741607717300,0,-48.662731306893484
1,1,block_2,2,Provo_ID3,2,1077713,1257085,1,applied_drift,1741607717332,0,-48.662731306893484
1,1,block_2,2,Provo_ID3,2,1077713,1257085,1,applied_drift,1741607717365,0,-48.662731306893484
1,1,block_2,2,Provo_ID3,2,1077713,1257085,1,applied_drift,1741607717397,0,-48.662731306893484
1,1,block_2,2,Provo_ID3,2,1077713,1257085,1,applied_drift,1741607717421,0,-48.662731306893484
1,1,block_2,2,Provo_ID3,2,1077713,1257085,1,applied_drift,1741607717460,0,-48.662731306893484
1,1,block_2,2,Provo_ID3,2,1077713,1257085,1,applied_drift,1741607717496,0,-48.662731306893484
1,1,block_2,2,Provo_ID3,2,1077713,1257085,1,applied_drift,1741607717530,0,-48.662731306893484
1,1,block_2,2,Provo_ID3,2,1077713,1257085,1,applied_drift,1741607717562,0,-48.662731306893484
1,1,block_2,2,Provo_ID3,2,1077713,1257085,1,applied_drift,1741607717595,0,-48.662731306893484
1,1,block_2,2,Provo_ID3,2,1077713,1257085,1,applied_drift,1741607717626,0,-48.662731306893484
1,1,block_2,2,Provo_ID3,2,1077713,1257085,1,applied_drift,1741607717660,0,-48.662731306893484
1,1,block_2,2,Provo_ID3,2,1077713,1257085,1,applied_drift,1741607717692,0,-48.662731306893484
1,1,block_2,2,Provo_ID3,2,1077713,1257085,1,applied_drift,1741607717730,0,-48.662731306893484
1,1,block_2,2,Provo_ID3,2,1077713,1257085,1,applied_drift,1741607717757,0,-48.662731306893484
1,1,block_2,2,Provo_ID3,2,1077713,1257085,1,applied_drift,1741607717791,0,-48.662731306893484
1,1,block_2,2,Provo_ID3,2,1077713,1257085,1,applied_drift,1741607717829,0,-48.662731306893484
1,1,block_2,2,Provo_ID3,2,1077713,1257085,1,applied_drift,1741607717861,0,-48.662731306893484
1,1,block_2,2,Provo_ID3,2,1077713,1257085,1,applied_drift,1741607717889,0,-48.662731306893484
1,1,block_2,2,Provo_ID3,2,1077713,1257085,1,applied_drift,1741607717930,0,-48.662731306893484
1,1,block_2,2,Provo_ID3,2,1077713,1257085,1,applied_drift,1741607717959,0,-48.662731306893484
1,1,block_2,2,Provo_ID3,2,1077713,1257085,1,applied_drift,1741607717995,0,-48.662731306893484
1,1,block_2,2,Provo_ID3,2,1077713,1257085,1,applied_drift,1741607718021,0,-48.662731306893484
1,1,block_2,2,Provo_ID3,2,1077713,1257085,1,applied_drift,1741607718060,0,-48.662731306893484
1,1,block_2,2,Provo_ID3,2,1077713,1257085,1,applied_drift,1741607718095,0,-48.662731306893484
1,1,block_2,2,Provo_ID3,2,1077713,1257085,1,applied_drift,1741607718123,0,-48.662731306893484
1,1,block_2,2,Provo_ID3,2,1077713,1257085,1,applied_drift,1741607718158,0,-48.662731306893484
1,1,block_2,2,Provo_ID3,2,1077713,1257085,1,applied_drift,1741607718193,0,-48.662731306893484
1,1,block_2,2,Provo_ID3,2,1077713,1257085,1,applied_drift,1741607718222,0,-48.662731306893484
1,1,block_2,2,Provo_ID3,2,1077713,1257085,1,applied_drift,1741607718260,0,-48.662731306893484
1,1,block_2,2,Provo_ID3,2,1077713,1257085,1,applied_drift,1741607718295,0,-48.662731306893484
1,1,block_2,2,Provo_ID3,2,1077713,1257085,1,applied_drift,1741607718326,0,-48.662731306893484
1,1,block_2,2,Provo_ID3,2,1077713,1257085,1,applied_drift,1741607718363,0,-48.662731306893484
1,1,block_2,2,Provo_ID3,2,1077713,1257085,1,applied_drift,1741607718387,0,-48.662731306893484
1,1,block_2,2,Provo_ID3,2,1077713,1257085,1,applied_drift,1741607718430,0,-48.662731306893484
1,1,block_2,2,Provo_ID3,2,1077713,1257085,1,applied_drift,1741607718464,0,-48.662731306893484
1,1,block_2,2,Provo_ID3,2,1077713,1257085,1,applied_drift,1741607718496,0,-48.662731306893484
1,1,block_2,2,Provo_ID3,2,1077713,1257085,1,applied_drift,1741607718523,0,-48.662731306893484
1,1,block_2,2,Provo_ID3,2,1077713,1257085,1,applied_drift,1741607718562,0,-48.662731306893484
1,1,block_2,2,Provo_ID3,2,1077713,1257085,1,applied_drift,1741607718590,0,-48.662731306893484
1,1,block_2,2,Provo_ID3,2,1077713,1257085,1,applied_drift,1741607718626,0,-48.662731306893484
1,1,block_2,2,Provo_ID3,2,1077713,1257085,1,applied_drift,1741607718666,0,-48.662731306893484
1,1,block_2,2,Provo_ID3,2,1077713,1257085,1,applied_drift,1741607718694,0,-48.662731306893484
1,1,block_2,2,Provo_ID3,2,1077713,1257085,1,applied_drift,1741607718728,0,-48.662731306893484
1,1,block_2,2,Provo_ID3,2,1077713,1257085,1,applied_drift,1741607718762,0,-48.662731306893484
1,1,block_2,2,Provo_ID3,2,1077713,1257085,1,applied_drift,1741607718792,0,-48.662731306893484
1,1,block_2,2,Provo_ID3,2,1077713,1257085,1,applied_drift,1741607718826,0,-48.662731306893484
1,1,block_2,2,Provo_ID3,2,1077713,1257085,1,applied_drift,1741607718866,0,-48.662731306893484
1,1,block_2,2,Provo_ID3,2,1077713,1257085,1,applied_drift,1741607718897,0,-48.662731306893484
1,1,block_2,2,Provo_ID3,2,1077713,1257085,1,applied_drift,1741607718928,0,-48.662731306893484
1,1,block_2,2,Provo_ID3,2,1077713,1257085,1,applied_drift,1741607718962,0,-48.662731306893484
1,1,block_2,2,Provo_ID3,2,1077713,1257085,1,applied_drift,1741607718991,0,-48.662731306893484
1,1,block_2,2,Provo_ID3,2,1077713,1257085,1,applied_drift,1741607719025,0,-48.662731306893484
1,1,block_2,2,Provo_ID3,2,1077713,1257085,1,applied_drift,1741607719059,0,-48.662731306893484
1,1,block_2,2,Provo_ID3,2,1077713,1257085,1,applied_drift,1741607719087,0,-48.662731306893484
1,1,block_2,2,Provo_ID3,2,1077713,1257085,1,applied_drift,1741607719126,0,-48.662731306893484
1,1,block_2,2,Provo_ID3,2,1077713,1257085,1,applied_drift,1741607719157,0,-48.662731306893484
1,1,block_2,2,Provo_ID3,2,1077713,1257085,1,applied_drift,1741607719195,0,-48.662731306893484
1,1,block_2,2,Provo_ID3,2,1077713,1257085,1,applied_drift,1741607719230,0,-48.662731306893484
1,1,block_2,2,Provo_ID3,2,1077713,1257085,1,applied_drift,1741607719259,0,-48.662731306893484
1,1,block_2,2,Provo_ID3,2,1077713,1257085,1,applied_drift,1741607719292,0,-48.662731306893484
1,1,block_2,2,Provo_ID3,2,1077713,1257085,1,applied_drift,1741607719325,0,-48.662731306893484
1,1,block_2,2,Provo_ID3,2,1077713,1257085,1,applied_drift,1741607719357,0,-48.662731306893484
1,1,block_2,2,Provo_ID3,2,1077713,1257085,1,applied_drift,1741607719393,0,-48.662731306893484
1,1,block_2,2,Provo_ID3,2,1077713,1257085,1,applied_drift,1741607719425,0,-48.662731306893484
1,1,block_2,2,Provo_ID3,2,1077713,1257085,1,applied_drift,1741607719454,0,-48.662731306893484
1,1,block_2,2,Provo_ID3,2,1077713,1257085,1,applied_drift,1741607719494,0,-48.662731306893484
1,1,block_2,2,Provo_ID3,2,1077713,1257085,1,applied_drift,1741607719527,0,-48.662731306893484
1,1,block_2,2,Provo_ID3,2,1077713,1257085,1,applied_drift,1741607719557,0,-48.662731306893484
1,1,block_2,2,Provo_ID3,2,1077713,1257085,1,applied_drift,1741607719592,0,-48.662731306893484
1,1,block_2,2,Provo_ID3,2,1077713,1257085,1,applied_drift,1741607719625,0,-48.662731306893484
1,1,block_2,2,Provo_ID3,2,1077713,1257085,1,applied_drift,1741607719659,0,-48.662731306893484
1,1,block_2,2,Provo_ID3,2,1077713,1257085,1,applied_drift,1741607719689,0,-48.662731306893484
1,1,block_2,2,Provo_ID3,2,1077713,1257085,1,applied_drift,1741607719729,0,-48.662731306893484
1,1,block_2,2,Provo_ID3,2,1077713,1257085,1,applied_drift,1741607719758,0,-48.662731306893484
1,1,block_2,2,Provo_ID3,2,1077713,1257085,1,applied_drift,1741607719794,0,-48.662731306893484
1,1,block_2,2,Provo_ID3,2,1077713,1257085,1,applied_drift,1741607719828,0,-48.662731306893484
1,1,block_2,2,Provo_ID3,2,1077713,1257085,1,applied_drift,1741607719859,0,-48.662731306893484
1,1,block_2,2,Provo_ID3,2,1077713,1257085,1,applied_drift,1741607719887,0,-48.662731306893484
1,1,block_2,2,Provo_ID3,2,1077713,1257085,1,applied_drift,1741607719925,0,-48.662731306893484
1,1,block_2,2,Provo_ID3,2,1077713,1257085,1,applied_drift,1741607719965,0,-48.662731306893484
1,1,block_2,2,Provo_ID3,2,1077713,1257085,1,applied_drift,1741607719990,0,-48.662731306893484
1,1,block_2,2,Provo_ID3,2,1077713,1257085,1,applied_drift,1741607720031,0,-48.662731306893484
1,1,block_2,2,Provo_ID3,2,1077713,1257085,1,applied_drift,1741607720058,0,-48.662731306893484
1,1,block_2,2,Provo_ID3,2,1077713,1257085,1,applied_drift,1741607720094,0,-48.662731306893484
1,1,block_2,2,Provo_ID3,2,1077713,1257085,1,applied_drift,1741607720123,0,-48.662731306893484
1,1,block_2,2,Provo_ID3,2,1077713,1257085,1,applied_drift,1741607720161,0,-48.662731306893484
1,1,block_2,2,Provo_ID3,2,1077713,1257085,1,applied_drift,1741607720188,0,-48.662731306893484
1,1,block_2,2,Provo_ID3,2,1077713,1257085,1,applied_drift,1741607720230,0,-48.662731306893484
1,1,block_2,2,Provo_ID3,2,1077713,1257085,1,applied_drift,1741607720266,0,-48.662731306893484
1,1,block_2,2,Provo_ID3,2,1077713,1257085,1,applied_drift,1741607720288,0,-48.662731306893484
1,1,block_2,2,Provo_ID3,2,1077713,1257085,1,applied_drift,1741607720328,0,-48.662731306893484
1,1,block_2,2,Provo_ID3,2,1077713,1257085,1,applied_drift,1741607720358,0,-48.662731306893484
1,1,block_2,2,Provo_ID3,2,1077713,1257085,1,applied_drift,1741607720392,0,-48.662731306893484
1,1,block_2,2,Provo_ID3,2,1077713,1257085,1,applied_drift,1741607720428,0,-48.662731306893484
1,1,block_2,2,Provo_ID3,2,1077713,1257085,1,applied_drift,1741607720460,0,-48.662731306893484
1,1,block_2,2,Provo_ID3,2,1077713,1257085,1,applied_drift,1741607720495,0,-48.662731306893484
1,1,block_2,2,Provo_ID3,2,1077713,1257085,1,applied_drift,1741607720527,0,-48.662731306893484
1,1,block_2,2,Provo_ID3,2,1077713,1257085,1,applied_drift,1741607720555,0,-48.662731306893484
1,1,block_2,2,Provo_ID3,2,1077713,1257085,1,applied_drift,1741607720590,0,-48.662731306893484
1,1,block_2,2,Provo_ID3,2,1077713,1257085,1,applied_drift,1741607720621,0,-48.662731306893484
1,1,block_2,2,Provo_ID3,2,1077713,1257085,1,applied_drift,1741607720659,0,-48.662731306893484
1,1,block_2,2,Provo_ID3,2,1077713,1257085,1,applied_drift,1741607720690,0,-48.662731306893484
1,1,block_2,2,Provo_ID3,2,1077713,1257085,1,applied_drift,1741607720726,0,-48.662731306893484
1,1,block_2,2,Provo_ID3,2,1077713,1257085,1,applied_drift,1741607720752,0,-48.662731306893484
1,1,block_2,2,Provo_ID3,2,1077713,1257085,1,applied_drift,1741607720794,0,-48.662731306893484
1,1,block_2,2,Provo_ID3,2,1077713,1257085,1,applied_drift,1741607720827,0,-48.662731306893484
1,1,block_2,2,Provo_ID3,2,1077713,1257085,1,applied_drift,1741607720859,0,-48.662731306893484
1,1,block_2,2,Provo_ID3,2,1077713,1257085,1,applied_drift,1741607720887,0,-48.662731306893484
1,1,block_2,2,Provo_ID3,2,1077713,1257085,1,applied_drift,1741607720918,0,-48.662731306893484
1,1,block_2,2,Provo_ID3,2,1077713,1257085,1,applied_drift,1741607720955,0,-48.662731306893484
1,1,block_2,2,Provo_ID3,2,1077713,1257085,1,applied_drift,1741607720995,0,-48.662731306893484
1,1,block_2,2,Provo_ID3,2,1077713,1257085,1,applied_drift,1741607721027,0,-48.662731306893484
1,1,block_2,2,Provo_ID3,2,1077713,1257085,1,applied_drift,1741607721058,0,-48.662731306893484
1,1,block_2,2,Provo_ID3,2,1077713,1257085,1,applied_drift,1741607721093,0,-48.662731306893484
1,1,block_2,2,Provo_ID3,2,1077713,1257085,1,applied_drift,1741607721121,0,-48.662731306893484
1,1,block_2,2,Provo_ID3,2,1077713,1257085,1,applied_drift,1741607721160,0,-48.662731306893484
1,1,block_2,2,Provo_ID3,2,1077713,1257085,1,applied_drift,1741607721191,0,-48.662731306893484
1,1,block_2,2,Provo_ID3,2,1077713,1257085,1,applied_drift,1741607721226,0,-48.662731306893484
1,1,block_2,2,Provo_ID3,2,1077713,1257085,1,applied_drift,1741607721255,0,-48.662731306893484
1,1,block_2,2,Provo_ID3,2,1077713,1257085,1,applied_drift,1741607721288,0,-48.662731306893484
1,1,block_2,2,Provo_ID3,2,1077713,1257085,1,applied_drift,1741607721322,0,-48.662731306893484
1,1,block_2,2,Provo_ID3,2,1077713,1257085,1,applied_drift,1741607721356,0,-48.662731306893484
1,1,block_2,2,Provo_ID3,2,1077713,1257085,1,applied_drift,1741607721390,0,-48.662731306893484
1,1,block_2,2,Provo_ID3,2,1077713,1257085,1,applied_drift,1741607721422,0,-48.662731306893484
1,1,block_2,2,Provo_ID3,2,1077713,1257085,1,applied_drift,1741607721455,0,-48.662731306893484
1,1,block_2,2,Provo_ID3,2,1077713,1257085,1,applied_drift,1741607721493,0,-48.662731306893484
1,1,block_2,2,Provo_ID3,2,1077713,1257085,1,applied_drift,1741607721521,0,-48.662731306893484
1,1,block_2,2,Provo_ID3,2,1077713,1257085,1,applied_drift,1741607721555,0,-48.662731306893484
1,1,block_2,2,Provo_ID3,2,1077713,1257085,1,applied_drift,1741607721588,0,-48.662731306893484
1,1,block_2,2,Provo_ID3,2,1077713,1257085,1,applied_drift,1741607721622,0,-48.662731306893484
1,1,block_2,2,Provo_ID3,2,1077713,1257085,1,applied_drift,1741607721659,0,-48.662731306893484
1,1,block_2,2,Provo_ID3,2,1077713,1257085,1,applied_drift,1741607721688,0,-48.662731306893484
1,1,block_2,2,Provo_ID3,2,1077713,1257085,1,applied_drift,1741607721719,0,-48.662731306893484
1,1,block_2,2,Provo_ID3,2,1077713,1257085,1,applied_drift,1741607721760,0,-48.662731306893484
1,1,block_2,2,Provo_ID3,2,1077713,1257085,1,applied_drift,1741607721789,0,-48.662731306893484
1,1,block_2,2,Provo_ID3,2,1077713,1257085,1,applied_drift,1741607721822,0,-48.662731306893484
1,1,block_2,2,Provo_ID3,2,1077713,1257085,1,applied_drift,1741607721853,0,-48.662731306893484
1,1,block_2,2,Provo_ID3,2,1077713,1257085,1,applied_drift,1741607721892,0,-48.662731306893484
1,1,block_2,2,Provo_ID3,2,1077713,1257085,1,applied_drift,1741607721924,0,-48.662731306893484
1,1,block_2,2,Provo_ID3,2,1077713,1257085,1,applied_drift,1741607721959,0,-48.662731306893484
1,1,block_2,2,Provo_ID3,2,1077713,1257085,1,applied_drift,1741607721988,0,-48.662731306893484
1,1,block_2,2,Provo_ID3,2,1077713,1257085,1,applied_drift,1741607722016,0,-48.662731306893484
1,1,block_2,2,Provo_ID3,2,1077713,1257085,1,applied_drift,1741607722060,0,-48.662731306893484
1,1,block_2,2,Provo_ID3,2,1077713,1257085,1,applied_drift,1741607722090,0,-48.662731306893484
1,1,block_2,2,Provo_ID3,2,1077713,1257085,1,applied_drift,1741607722127,0,-48.662731306893484
1,1,block_2,2,Provo_ID3,2,1077713,1257085,1,applied_drift,1741607722159,0,-48.662731306893484
1,1,block_2,2,Provo_ID3,2,1077713,1257085,1,applied_drift,1741607722187,0,-48.662731306893484
1,1,block_2,2,Provo_ID3,2,1077713,1257085,1,applied_drift,1741607722220,0,-48.662731306893484
1,1,block_2,2,Provo_ID3,2,1077713,1257085,1,applied_drift,1741607722258,0,-48.662731306893484
1,1,block_2,2,Provo_ID3,2,1077713,1257085,1,applied_drift,1741607722291,0,-48.662731306893484
1,1,block_2,2,Provo_ID3,2,1077713,1257085,1,applied_drift,1741607722326,0,-48.662731306893484
1,1,block_2,2,Provo_ID3,2,1077713,1257085,1,applied_drift,1741607722365,0,-48.662731306893484
1,1,block_2,2,Provo_ID3,2,1077713,1257085,1,applied_drift,1741607722399,0,-48.662731306893484
1,1,block_2,2,Provo_ID3,2,1077713,1257085,1,applied_drift,1741607722432,0,-48.662731306893484
1,1,block_2,2,Provo_ID3,2,1077713,1257085,1,applied_drift,1741607722460,0,-48.662731306893484
1,1,block_2,2,Provo_ID3,2,1077713,1257085,1,applied_drift,1741607722494,0,-48.662731306893484
1,1,block_2,2,Provo_ID3,2,1077713,1257085,1,applied_drift,1741607722531,0,-48.662731306893484
1,1,block_2,2,Provo_ID3,2,1077713,1257085,1,applied_drift,1741607722560,0,-48.662731306893484
1,1,block_2,2,Provo_ID3,2,1077713,1257085,1,applied_drift,1741607722598,0,-48.662731306893484
1,1,block_2,2,Provo_ID3,2,1077713,1257085,1,applied_drift,1741607722631,0,-48.662731306893484
1,1,block_2,2,Provo_ID3,2,1077713,1257085,1,applied_drift,1741607722660,0,-48.662731306893484
1,1,block_2,2,Provo_ID3,2,1077713,1257085,1,applied_drift,1741607722698,0,-48.662731306893484
1,1,block_2,2,Provo_ID3,2,1077713,1257085,1,applied_drift,1741607722728,0,-48.662731306893484
1,1,block_2,2,Provo_ID3,2,1077713,1257085,1,applied_drift,1741607722761,0,-48.662731306893484
1,1,block_2,2,Provo_ID3,2,1077713,1257085,1,applied_drift,1741607722794,0,-48.662731306893484
1,1,block_2,2,Provo_ID3,2,1077713,1257085,1,applied_drift,1741607722827,0,-48.662731306893484
1,1,block_2,2,Provo_ID3,2,1077713,1257085,1,applied_drift,1741607722863,0,-48.662731306893484
1,1,block_2,2,Provo_ID3,2,1077713,1257085,1,applied_drift,1741607722893,0,-48.662731306893484
1,1,block_2,2,Provo_ID3,2,1077713,1257085,1,applied_drift,1741607722933,0,-48.662731306893484
1,1,block_2,2,Provo_ID3,2,1077713,1257085,1,applied_drift,1741607722963,0,-48.662731306893484
1,1,block_2,2,Provo_ID3,2,1077713,1257085,1,applied_drift,1741607722999,0,-48.662731306893484
1,1,block_2,2,Provo_ID3,2,1077713,1257085,1,applied_drift,1741607723028,0,-48.662731306893484
1,1,block_2,2,Provo_ID3,2,1077713,1257085,1,applied_drift,1741607723061,0,-48.662731306893484
1,1,block_2,2,Provo_ID3,2,1077713,1257085,1,applied_drift,1741607723104,0,-48.662731306893484
1,1,block_2,2,Provo_ID3,2,1077713,1257085,1,applied_drift,1741607723127,0,-48.662731306893484
1,1,block_2,2,Provo_ID3,2,1077713,1257085,1,applied_drift,1741607723159,0,-48.662731306893484
1,1,block_2,2,Provo_ID3,2,1077713,1257085,1,applied_drift,1741607723194,0,-48.662731306893484
1,1,block_2,2,Provo_ID3,2,1077713,1257085,1,applied_drift,1741607723232,0,-48.662731306893484
1,1,block_2,2,Provo_ID3,2,1077713,1257085,1,applied_drift,1741607723260,0,-48.662731306893484
1,1,block_2,2,Provo_ID3,2,1077713,1257085,1,applied_drift,1741607723299,0,-48.662731306893484
1,1,block_2,2,Provo_ID3,2,1077713,1257085,1,applied_drift,1741607723328,0,-48.662731306893484
1,1,block_2,2,Provo_ID3,2,1077713,1257085,1,applied_drift,1741607723361,0,-48.662731306893484
1,1,block_2,2,Provo_ID3,2,1077713,1257085,1,applied_drift,1741607723395,0,-48.662731306893484
1,1,block_2,2,Provo_ID3,2,1077713,1257085,1,applied_drift,1741607723431,0,-48.662731306893484
1,1,block_2,2,Provo_ID3,2,1077713,1257085,1,applied_drift,1741607723471,0,-48.662731306893484
1,1,block_2,2,Provo_ID3,2,1077713,1257085,1,applied_drift,1741607723499,0,-48.662731306893484
1,1,block_2,2,Provo_ID3,2,1077713,1257085,1,applied_drift,1741607723527,0,-48.662731306893484
1,1,block_2,2,Provo_ID3,2,1077713,1257085,1,applied_drift,1741607723567,0,-48.662731306893484
1,1,block_2,2,Provo_ID3,2,1077713,1257085,1,applied_drift,1741607723600,0,-48.662731306893484
1,1,block_2,2,Provo_ID3,2,1077713,1257085,1,applied_drift,1741607723628,0,-48.662731306893484
1,1,block_2,2,Provo_ID3,2,1077713,1257085,1,applied_drift,1741607723661,0,-48.662731306893484
1,1,block_2,2,Provo_ID3,2,1077713,1257085,1,applied_drift,1741607723696,0,-48.662731306893484
1,1,block_2,2,Provo_ID3,2,1077713,1257085,1,applied_drift,1741607723731,0,-48.662731306893484
1,1,block_2,2,Provo_ID3,2,1077713,1257085,1,applied_drift,1741607723763,0,-48.662731306893484
1,1,block_2,2,Provo_ID3,2,1077713,1257085,1,applied_drift,1741607723801,0,-48.662731306893484
1,1,block_2,2,Provo_ID3,2,1077713,1257085,1,applied_drift,1741607723828,0,-48.662731306893484
1,1,block_2,2,Provo_ID3,2,1077713,1257085,1,applied_drift,1741607723861,0,-48.662731306893484
1,1,block_2,2,Provo_ID3,2,1077713,1257085,1,applied_drift,1741607723899,0,-48.662731306893484
1,1,block_2,2,Provo_ID3,2,1077713,1257085,1,applied_drift,1741607723933,0,-48.662731306893484
1,1,block_2,2,Provo_ID3,2,1077713,1257085,1,applied_drift,1741607723965,0,-48.662731306893484
1,1,block_2,2,Provo_ID3,2,1077713,1257085,1,applied_drift,1741607723996,0,-48.662731306893484
1,1,block_2,2,Provo_ID3,2,1077713,1257085,1,applied_drift,1741607724029,0,-48.662731306893484
1,1,block_2,2,Provo_ID3,2,1077713,1257085,1,applied_drift,1741607724061,0,-48.662731306893484
1,1,block_2,2,Provo_ID3,2,1077713,1257085,1,applied_drift,1741607724090,0,-48.662731306893484
1,1,block_2,2,Provo_ID3,2,1077713,1257085,1,applied_drift,1741607724139,0,-48.662731306893484
1,1,block_2,2,Provo_ID3,2,1077713,1257085,1,applied_drift,1741607724167,0,-48.662731306893484
1,1,block_2,2,Provo_ID3,2,1077713,1257085,1,applied_drift,1741607724196,0,-48.662731306893484
1,1,block_2,2,Provo_ID3,2,1077713,1257085,1,applied_drift,1741607724235,0,-48.662731306893484
1,1,block_2,2,Provo_ID3,2,1077713,1257085,1,applied_drift,1741607724263,0,-48.662731306893484
1,1,block_2,2,Provo_ID3,2,1077713,1257085,1,applied_drift,1741607724295,0,-48.662731306893484
1,1,block_2,2,Provo_ID3,2,1077713,1257085,1,applied_drift,1741607724325,0,-48.662731306893484
1,1,block_2,2,Provo_ID3,2,1077713,1257085,1,applied_drift,1741607724367,0,-48.662731306893484
1,1,block_2,2,Provo_ID3,2,1077713,1257085,1,applied_drift,1741607724400,0,-48.662731306893484
1,1,block_2,2,Provo_ID3,2,1077713,1257085,1,applied_drift,1741607724432,0,-48.662731306893484
1,1,block_2,2,Provo_ID3,2,1077713,1257085,1,applied_drift,1741607724466,0,-48.662731306893484
1,1,block_2,2,Provo_ID3,2,1077713,1257085,1,applied_drift,1741607724491,0,-48.662731306893484
1,1,block_2,2,Provo_ID3,2,1077713,1257085,1,applied_drift,1741607724528,0,-48.662731306893484
1,1,block_2,2,Provo_ID3,2,1077713,1257085,1,applied_drift,1741607724563,0,-48.662731306893484
1,1,block_2,2,Provo_ID3,2,1077713,1257085,1,applied_drift,1741607724600,0,-48.662731306893484
1,1,block_2,2,Provo_ID3,2,1077713,1257085,1,applied_drift,1741607724632,0,-48.662731306893484
1,1,block_2,2,Provo_ID3,2,1077713,1257085,1,applied_drift,1741607724666,0,-48.662731306893484
1,1,block_2,2,Provo_ID3,2,1077713,1257085,1,applied_drift,1741607724700,0,-48.662731306893484
1,1,block_2,2,Provo_ID3,2,1077713,1257085,1,applied_drift,1741607724733,0,-48.662731306893484
1,1,block_2,2,Provo_ID3,2,1077713,1257085,1,applied_drift,1741607724762,0,-48.662731306893484
1,1,block_2,2,Provo_ID3,2,1077713,1257085,1,applied_drift,1741607724795,0,-48.662731306893484
1,1,block_2,2,Provo_ID3,2,1077713,1257085,1,applied_drift,1741607724824,0,-48.662731306893484
1,1,block_2,2,Provo_ID3,2,1077713,1257085,1,applied_drift,1741607724865,0,-48.662731306893484
1,1,block_2,2,Provo_ID3,2,1077713,1257085,1,applied_drift,1741607724900,0,-48.662731306893484
1,1,block_2,2,Provo_ID3,2,1077713,1257085,1,applied_drift,1741607724934,0,-48.662731306893484
1,1,block_2,2,Provo_ID3,2,1077713,1257085,1,applied_drift,1741607724965,0,-48.662731306893484
1,1,block_2,2,Provo_ID3,2,1077713,1257085,1,applied_drift,1741607724995,0,-48.662731306893484
1,1,block_2,2,Provo_ID3,2,1077713,1257085,1,applied_drift,1741607725034,0,-48.662731306893484
1,1,block_2,2,Provo_ID3,2,1077713,1257085,1,applied_drift,1741607725065,0,-48.662731306893484
1,1,block_2,2,Provo_ID3,2,1077713,1257085,1,applied_drift,1741607725095,0,-48.662731306893484
1,1,block_2,2,Provo_ID3,2,1077713,1257085,1,applied_drift,1741607725134,0,-48.662731306893484
1,1,block_2,2,Provo_ID3,2,1077713,1257085,1,applied_drift,1741607725161,0,-48.662731306893484
1,1,block_2,2,Provo_ID3,2,1077713,1257085,1,applied_drift,1741607725191,0,-48.662731306893484
1,1,block_2,2,Provo_ID3,2,1077713,1257085,1,applied_drift,1741607725232,0,-48.662731306893484
1,1,block_2,2,Provo_ID3,2,1077713,1257085,1,applied_drift,1741607725267,0,-48.662731306893484
1,1,block_2,2,Provo_ID3,2,1077713,1257085,1,applied_drift,1741607725304,0,-48.662731306893484
1,1,block_2,2,Provo_ID3,2,1077713,1257085,1,applied_drift,1741607725328,0,-48.662731306893484
1,1,block_2,2,Provo_ID3,2,1077713,1257085,1,applied_drift,1741607725366,0,-48.662731306893484
1,1,block_2,2,Provo_ID3,2,1077713,1257085,1,applied_drift,1741607725395,0,-48.662731306893484
1,1,block_2,2,Provo_ID3,2,1077713,1257085,1,applied_drift,1741607725433,0,-48.662731306893484
1,1,block_2,2,Provo_ID3,2,1077713,1257085,1,applied_drift,1741607725466,0,-48.662731306893484
1,1,block_2,2,Provo_ID3,2,1077713,1257085,1,applied_drift,1741607725500,0,-48.662731306893484
1,1,block_2,2,Provo_ID3,2,1077713,1257085,1,applied_drift,1741607725529,0,-48.662731306893484
1,1,block_2,2,Provo_ID3,2,1077713,1257085,1,applied_drift,1741607725562,0,-48.662731306893484
1,1,block_2,2,Provo_ID3,2,1077713,1257085,1,applied_drift,1741607725595,0,-48.662731306893484
1,1,block_2,2,Provo_ID3,2,1077713,1257085,1,applied_drift,1741607725634,0,-48.662731306893484
1,1,block_2,2,Provo_ID3,2,1077713,1257085,1,applied_drift,1741607725667,0,-48.662731306893484
1,1,block_2,2,Provo_ID3,2,1077713,1257085,1,applied_drift,1741607725700,0,-48.662731306893484
1,1,block_2,2,Provo_ID3,2,1077713,1257085,1,applied_drift,1741607725728,0,-48.662731306893484
1,1,block_2,2,Provo_ID3,2,1077713,1257085,1,applied_drift,1741607725772,0,-48.662731306893484
1,1,block_2,2,Provo_ID3,2,1077713,1257085,1,applied_drift,1741607725796,0,-48.662731306893484
1,1,block_2,2,Provo_ID3,2,1077713,1257085,1,applied_drift,1741607725833,0,-48.662731306893484
1,1,block_2,2,Provo_ID3,2,1077713,1257085,1,applied_drift,1741607725860,0,-48.662731306893484
1,1,block_2,2,Provo_ID3,2,1077713,1257085,1,applied_drift,1741607725899,0,-48.662731306893484
1,1,block_2,2,Provo_ID3,2,1077713,1257085,1,applied_drift,1741607725933,0,-48.662731306893484
1,1,block_2,2,Provo_ID3,2,1077713,1257085,1,applied_drift,1741607725961,0,-48.662731306893484
1,1,block_2,2,Provo_ID3,2,1077713,1257085,1,applied_drift,1741607725995,0,-48.662731306893484
1,1,block_2,2,Provo_ID3,2,1077713,1257085,1,applied_drift,1741607726029,0,-48.662731306893484
1,1,block_2,2,Provo_ID3,2,1077713,1257085,1,applied_drift,1741607726066,0,-48.662731306893484
1,1,block_2,2,Provo_ID3,2,1077713,1257085,1,applied_drift,1741607726096,0,-48.662731306893484
1,1,block_2,2,Provo_ID3,2,1077713,1257085,1,applied_drift,1741607726133,0,-48.662731306893484
1,1,block_2,2,Provo_ID3,2,1077713,1257085,1,applied_drift,1741607726167,0,-48.662731306893484
1,1,block_2,2,Provo_ID3,2,1077713,1257085,1,applied_drift,1741607726195,0,-48.662731306893484
1,1,block_2,2,Provo_ID3,2,1077713,1257085,1,applied_drift,1741607726236,0,-48.662731306893484
1,1,block_2,2,Provo_ID3,2,1077713,1257085,1,applied_drift,1741607726267,0,-48.662731306893484
1,1,block_2,2,Provo_ID3,2,1077713,1257085,1,applied_drift,1741607726300,0,-48.662731306893484
1,1,block_2,2,Provo_ID3,2,1077713,1257085,1,applied_drift,1741607726331,0,-48.662731306893484
1,1,block_2,2,Provo_ID3,2,1077713,1257085,1,applied_drift,1741607726361,0,-48.662731306893484
1,1,block_2,2,Provo_ID3,2,1077713,1257085,1,applied_drift,1741607726395,0,-48.662731306893484
1,1,block_2,2,Provo_ID3,2,1077713,1257085,1,applied_drift,1741607726431,0,-48.662731306893484
1,1,block_2,2,Provo_ID3,2,1077713,1257085,1,applied_drift,1741607726461,0,-48.662731306893484
1,1,block_2,2,Provo_ID3,2,1077713,1257085,1,applied_drift,1741607726500,0,-48.662731306893484
1,1,block_2,2,Provo_ID3,2,1077713,1257085,1,applied_drift,1741607726533,0,-48.662731306893484
1,1,block_2,2,Provo_ID3,2,1077713,1257085,1,applied_drift,1741607726562,0,-48.662731306893484
1,1,block_2,2,Provo_ID3,2,1077713,1257085,1,applied_drift,1741607726600,0,-48.662731306893484
1,1,block_2,2,Provo_ID3,2,1077713,1257085,1,applied_drift,1741607726635,0,-48.662731306893484
1,1,block_2,2,Provo_ID3,2,1077713,1257085,1,applied_drift,1741607726667,0,-48.662731306893484
1,1,block_2,2,Provo_ID3,2,1077713,1257085,1,applied_drift,1741607726695,0,-48.662731306893484
1,1,block_2,2,Provo_ID3,2,1077713,1257085,1,applied_drift,1741607726727,0,-48.662731306893484
1,1,block_2,2,Provo_ID3,2,1077713,1257085,1,applied_drift,1741607726761,0,-48.662731306893484
1,1,block_2,2,Provo_ID3,2,1077713,1257085,1,applied_drift,1741607726799,0,-48.662731306893484
1,1,block_2,2,Provo_ID3,2,1077713,1257085,1,applied_drift,1741607726826,0,-48.662731306893484
1,1,block_2,2,Provo_ID3,2,1077713,1257085,1,applied_drift,1741607726866,0,-48.662731306893484
1,1,block_2,2,Provo_ID3,2,1077713,1257085,1,applied_drift,1741607726890,0,-48.662731306893484
1,1,block_2,2,Provo_ID3,2,1077713,1257085,1,applied_drift,1741607726931,0,-48.662731306893484
1,1,block_2,2,Provo_ID3,2,1077713,1257085,1,applied_drift,1741607726967,0,-48.662731306893484
1,1,block_2,2,Provo_ID3,2,1077713,1257085,1,applied_drift,1741607726994,0,-48.662731306893484
1,1,block_2,2,Provo_ID3,2,1077713,1257085,1,applied_drift,1741607727027,0,-48.662731306893484
1,1,block_2,2,Provo_ID3,2,1077713,1257085,1,applied_drift,1741607727062,0,-48.662731306893484
1,1,block_2,2,Provo_ID3,2,1077713,1257085,1,applied_drift,1741607727090,0,-48.662731306893484
1,1,block_2,2,Provo_ID3,2,1077713,1257085,1,applied_drift,1741607727129,0,-48.662731306893484
1,1,block_2,2,Provo_ID3,2,1077713,1257085,1,applied_drift,1741607727167,0,-48.662731306893484
1,1,block_2,2,Provo_ID3,2,1077713,1257085,1,applied_drift,1741607727199,0,-48.662731306893484
1,1,block_2,2,Provo_ID3,2,1077713,1257085,1,applied_drift,1741607727232,0,-48.662731306893484
1,1,block_2,2,Provo_ID3,2,1077713,1257085,1,applied_drift,1741607727261,0,-48.662731306893484
1,1,block_2,2,Provo_ID3,2,1077713,1257085,1,applied_drift,1741607727295,0,-48.662731306893484
1,1,block_2,2,Provo_ID3,2,1077713,1257085,1,applied_drift,1741607727332,0,-48.662731306893484
1,1,block_2,2,Provo_ID3,2,1077713,1257085,1,applied_drift,1741607727365,0,-48.662731306893484
1,1,block_2,2,Provo_ID3,2,1077713,1257085,1,applied_drift,1741607727397,0,-48.662731306893484
1,1,block_2,2,Provo_ID3,2,1077713,1257085,1,applied_drift,1741607727433,0,-48.662731306893484
1,1,block_2,2,Provo_ID3,2,1077713,1257085,1,applied_drift,1741607727461,0,-48.662731306893484
1,1,block_2,2,Provo_ID3,2,1077713,1257085,1,applied_drift,1741607727496,0,-48.662731306893484
1,1,block_2,2,Provo_ID3,2,1077713,1257085,1,applied_drift,1741607727527,0,-48.662731306893484
1,1,block_2,2,Provo_ID3,2,1077713,1257085,1,applied_drift,1741607727562,0,-48.662731306893484
1,1,block_2,2,Provo_ID3,2,1077713,1257085,1,applied_drift,1741607727600,0,-48.662731306893484
1,1,block_2,2,Provo_ID3,2,1077713,1257085,1,applied_drift,1741607727626,0,-48.662731306893484
1,1,block_2,2,Provo_ID3,2,1077713,1257085,1,applied_drift,1741607727666,0,-48.662731306893484
1,1,block_2,2,Provo_ID3,2,1077713,1257085,1,applied_drift,1741607727695,0,-48.662731306893484
1,1,block_2,2,Provo_ID3,2,1077713,1257085,1,applied_drift,1741607727729,0,-48.662731306893484
1,1,block_2,2,Provo_ID3,2,1077713,1257085,1,applied_drift,1741607727765,0,-48.662731306893484
1,1,block_2,2,Provo_ID3,2,1077713,1257085,1,applied_drift,1741607727793,0,-48.662731306893484
1,1,block_2,2,Provo_ID3,2,1077713,1257085,1,applied_drift,1741607727833,0,-48.662731306893484
1,1,block_2,2,Provo_ID3,2,1077713,1257085,1,applied_drift,1741607727864,0,-48.662731306893484
1,1,block_2,2,Provo_ID3,2,1077713,1257085,1,applied_drift,1741607727894,0,-48.662731306893484
1,1,block_2,2,Provo_ID3,2,1077713,1257085,1,applied_drift,1741607727922,0,-48.662731306893484
1,1,block_2,2,Provo_ID3,2,1077713,1257085,1,applied_drift,1741607727959,0,-48.662731306893484
1,1,block_2,2,Provo_ID3,2,1077713,1257085,1,applied_drift,1741607727997,0,-48.662731306893484
1,1,block_2,2,Provo_ID3,2,1077713,1257085,1,applied_drift,1741607728031,0,-48.662731306893484
1,1,block_2,2,Provo_ID3,2,1077713,1257085,1,applied_drift,1741607728063,0,-48.662731306893484
1,1,block_2,2,Provo_ID3,2,1077713,1257085,1,applied_drift,1741607728097,0,-48.662731306893484
1,1,block_2,2,Provo_ID3,2,1077713,1257085,1,applied_drift,1741607728136,0,-48.662731306893484
1,1,block_2,2,Provo_ID3,2,1077713,1257085,1,applied_drift,1741607728166,0,-48.662731306893484
1,1,block_2,2,Provo_ID3,2,1077713,1257085,1,applied_drift,1741607728195,0,-48.662731306893484
1,1,block_2,2,Provo_ID3,2,1077713,1257085,1,applied_drift,1741607728229,0,-48.662731306893484
1,1,block_2,2,Provo_ID3,2,1077713,1257085,1,applied_drift,1741607728265,0,-48.662731306893484
1,1,block_2,2,Provo_ID3,2,1077713,1257085,1,applied_drift,1741607728293,0,-48.662731306893484
1,1,block_2,2,Provo_ID3,2,1077713,1257085,1,applied_drift,1741607728331,0,-48.662731306893484
1,1,block_2,2,Provo_ID3,2,1077713,1257085,1,applied_drift,1741607728360,0,-48.662731306893484
1,1,block_2,2,Provo_ID3,2,1077713,1257085,1,applied_drift,1741607728390,0,-48.662731306893484
1,1,block_2,2,Provo_ID3,2,1077713,1257085,1,applied_drift,1741607728435,0,-48.662731306893484
1,1,block_2,2,Provo_ID3,2,1077713,1257085,1,applied_drift,1741607728459,0,-48.662731306893484
1,1,block_2,2,Provo_ID3,2,1077713,1257085,1,applied_drift,1741607728491,0,-48.662731306893484
1,1,block_2,2,Provo_ID3,2,1077713,1257085,1,applied_drift,1741607728531,0,-48.662731306893484
1,1,block_2,2,Provo_ID3,2,1077713,1257085,1,applied_drift,1741607728565,0,-48.662731306893484
1,1,block_2,2,Provo_ID3,2,1077713,1257085,1,applied_drift,1741607728596,0,-48.662731306893484
1,1,block_2,2,Provo_ID3,2,1077713,1257085,1,applied_drift,1741607728636,0,-48.662731306893484
1,1,block_2,2,Provo_ID3,2,1077713,1257085,1,applied_drift,1741607728663,0,-48.662731306893484
1,1,block_2,2,Provo_ID3,2,1077713,1257085,1,applied_drift,1741607728692,0,-48.662731306893484
1,1,block_2,2,Provo_ID3,2,1077713,1257085,1,applied_drift,1741607728729,0,-48.662731306893484
1,1,block_2,2,Provo_ID3,2,1077713,1257085,1,applied_drift,1741607728762,0,-48.662731306893484
1,1,block_2,2,Provo_ID3,2,1077713,1257085,1,applied_drift,1741607728790,0,-48.662731306893484
1,1,block_2,2,Provo_ID3,2,1077713,1257085,1,applied_drift,1741607728834,0,-48.662731306893484
1,1,block_2,2,Provo_ID3,2,1077713,1257085,1,applied_drift,1741607728860,0,-48.662731306893484
1,1,block_2,2,Provo_ID3,2,1077713,1257085,1,applied_drift,1741607728898,0,-48.662731306893484
1,1,block_2,2,Provo_ID3,2,1077713,1257085,1,applied_drift,1741607728931,0,-48.662731306893484
1,1,block_2,2,Provo_ID3,2,1077713,1257085,1,applied_drift,1741607728964,0,-48.662731306893484
1,1,block_2,2,Provo_ID3,2,1077713,1257085,1,applied_drift,1741607728994,0,-48.662731306893484
1,1,block_2,2,Provo_ID3,2,1077713,1257085,1,applied_drift,1741607729027,0,-48.662731306893484
1,1,block_2,2,Provo_ID3,2,1077713,1257085,1,applied_drift,1741607729062,0,-48.662731306893484
1,1,block_2,2,Provo_ID3,2,1077713,1257085,1,applied_drift,1741607729092,0,-48.662731306893484
1,1,block_2,2,Provo_ID3,2,1077713,1257085,1,applied_drift,1741607729131,0,-48.662731306893484
1,1,block_2,2,Provo_ID3,2,1077713,1257085,1,applied_drift,1741607729159,0,-48.662731306893484
1,1,block_2,2,Provo_ID3,2,1077713,1257085,1,applied_drift,1741607729191,0,-48.662731306893484
1,1,block_2,2,Provo_ID3,2,1077713,1257085,1,applied_drift,1741607729230,0,-48.662731306893484
1,1,block_2,2,Provo_ID3,2,1077713,1257085,1,applied_drift,1741607729258,0,-48.662731306893484
1,1,block_2,2,Provo_ID3,2,1077713,1257085,1,applied_drift,1741607729299,0,-48.662731306893484
1,1,block_2,2,Provo_ID3,2,1077713,1257085,1,applied_drift,1741607729333,0,-48.662731306893484
1,1,block_2,2,Provo_ID3,2,1077713,1257085,1,applied_drift,1741607729360,0,-48.662731306893484
1,1,block_2,2,Provo_ID3,2,1077713,1257085,1,applied_drift,1741607729395,0,-48.662731306893484
1,1,block_2,2,Provo_ID3,2,1077713,1257085,1,applied_drift,1741607729426,0,-48.662731306893484
1,1,block_2,2,Provo_ID3,2,1077713,1257085,1,applied_drift,1741607729461,0,-48.662731306893484
1,1,block_2,2,Provo_ID3,2,1077713,1257085,1,applied_drift,1741607729498,0,-48.662731306893484
1,1,block_2,2,Provo_ID3,2,1077713,1257085,1,applied_drift,1741607729532,0,-48.662731306893484
1,1,block_2,2,Provo_ID3,2,1077713,1257085,1,applied_drift,1741607729553,0,-48.662731306893484
1,1,block_2,2,Provo_ID3,2,1077713,1257085,1,applied_drift,1741607729598,0,-48.662731306893484
1,1,block_2,2,Provo_ID3,2,1077713,1257085,1,applied_drift,1741607729627,0,-48.662731306893484
1,1,block_2,2,Provo_ID3,2,1077713,1257085,1,applied_drift,1741607729661,0,-48.662731306893484
1,1,block_2,2,Provo_ID3,2,1077713,1257085,1,applied_drift,1741607729687,0,-48.662731306893484
1,1,block_2,2,Provo_ID3,2,1077713,1257085,1,applied_drift,1741607729731,0,-48.662731306893484
1,1,block_2,2,Provo_ID3,2,1077713,1257085,1,applied_drift,1741607729764,0,-48.662731306893484
1,1,block_2,2,Provo_ID3,2,1077713,1257085,1,applied_drift,1741607729797,0,-48.662731306893484
1,1,block_2,2,Provo_ID3,2,1077713,1257085,1,applied_drift,1741607729823,0,-48.662731306893484
1,1,block_2,2,Provo_ID3,2,1077713,1257085,1,applied_drift,1741607729860,0,-48.662731306893484
1,1,block_2,2,Provo_ID3,2,1077713,1257085,1,applied_drift,1741607729894,0,-48.662731306893484
1,1,block_2,2,Provo_ID3,2,1077713,1257085,1,applied_drift,1741607729923,0,-48.662731306893484
1,1,block_2,2,Provo_ID3,2,1077713,1257085,1,applied_drift,1741607729971,0,-48.662731306893484
1,1,block_2,2,Provo_ID3,2,1077713,1257085,1,applied_drift,1741607730000,0,-48.662731306893484
1,1,block_2,2,Provo_ID3,2,1077713,1257085,1,applied_drift,1741607730029,0,-48.662731306893484
1,1,block_2,2,Provo_ID3,2,1077713,1257085,1,applied_drift,1741607730066,0,-48.662731306893484
1,1,block_2,2,Provo_ID3,2,1077713,1257085,1,applied_drift,1741607730095,0,-48.662731306893484
1,1,block_2,2,Provo_ID3,2,1077713,1257085,1,applied_drift,1741607730128,0,-48.662731306893484
1,1,block_2,2,Provo_ID3,2,1077713,1257085,1,applied_drift,1741607730172,0,-48.662731306893484
1,1,block_2,2,Provo_ID3,2,1077713,1257085,1,applied_drift,1741607730195,0,-48.662731306893484
1,1,block_2,2,Provo_ID3,2,1077713,1257085,1,applied_drift,1741607730233,0,-48.662731306893484
1,1,block_2,2,Provo_ID3,2,1077713,1257085,1,applied_drift,1741607730262,0,-48.662731306893484
1,1,block_2,2,Provo_ID3,2,1077713,1257085,1,applied_drift,1741607730300,0,-48.662731306893484
1,1,block_2,2,Provo_ID3,2,1077713,1257085,1,applied_drift,1741607730328,0,-48.662731306893484
1,1,block_2,2,Provo_ID3,2,1077713,1257085,1,applied_drift,1741607730361,0,-48.662731306893484
1,1,block_2,2,Provo_ID3,2,1077713,1257085,1,applied_drift,1741607730399,0,-48.662731306893484
1,1,block_2,2,Provo_ID3,2,1077713,1257085,1,applied_drift,1741607730428,0,-48.662731306893484
1,1,block_2,2,Provo_ID3,2,1077713,1257085,1,applied_drift,1741607730461,0,-48.662731306893484
1,1,block_2,2,Provo_ID3,2,1077713,1257085,1,applied_drift,1741607730499,0,-48.662731306893484
1,1,block_2,2,Provo_ID3,2,1077713,1257085,1,applied_drift,1741607730529,0,-48.662731306893484
1,1,block_2,2,Provo_ID3,2,1077713,1257085,1,applied_drift,1741607730561,0,-48.662731306893484
1,1,block_2,2,Provo_ID3,2,1077713,1257085,1,applied_drift,1741607730600,0,-48.662731306893484
1,1,block_2,2,Provo_ID3,2,1077713,1257085,1,applied_drift,1741607730623,0,-48.662731306893484
1,1,block_2,2,Provo_ID3,2,1077713,1257085,1,applied_drift,1741607730667,0,-48.662731306893484
1,1,block_2,2,Provo_ID3,2,1077713,1257085,1,applied_drift,1741607730700,0,-48.662731306893484
1,1,block_2,2,Provo_ID3,2,1077713,1257085,1,applied_drift,1741607730724,0,-48.662731306893484
1,1,block_2,2,Provo_ID3,2,1077713,1257085,1,applied_drift,1741607730770,0,-48.662731306893484
1,1,block_2,2,Provo_ID3,2,1077713,1257085,1,applied_drift,1741607730799,0,-48.662731306893484
1,1,block_2,2,Provo_ID3,2,1077713,1257085,1,applied_drift,1741607730828,0,-48.662731306893484
1,1,block_2,2,Provo_ID3,2,1077713,1257085,1,applied_drift,1741607730867,0,-48.662731306893484
1,1,block_2,2,Provo_ID3,2,1077713,1257085,1,applied_drift,1741607730897,0,-48.662731306893484
1,1,block_2,2,Provo_ID3,2,1077713,1257085,1,applied_drift,1741607730928,0,-48.662731306893484
1,1,block_2,2,Provo_ID3,2,1077713,1257085,1,applied_drift,1741607730961,0,-48.662731306893484
1,1,block_2,2,Provo_ID3,2,1077713,1257085,1,applied_drift,1741607730999,0,-48.662731306893484
1,1,block_2,2,Provo_ID3,2,1077713,1257085,1,applied_drift,1741607731028,0,-48.662731306893484
1,1,block_2,2,Provo_ID3,2,1077713,1257085,1,applied_drift,1741607731066,0,-48.662731306893484
1,1,block_2,2,Provo_ID3,2,1077713,1257085,1,applied_drift,1741607731094,0,-48.662731306893484
1,1,block_2,2,Provo_ID3,2,1077713,1257085,1,applied_drift,1741607731128,0,-48.662731306893484
1,1,block_2,2,Provo_ID3,2,1077713,1257085,1,applied_drift,1741607731167,0,-48.662731306893484
1,1,block_2,2,Provo_ID3,2,1077713,1257085,1,applied_drift,1741607731200,0,-48.662731306893484
1,1,block_2,2,Provo_ID3,2,1077713,1257085,1,applied_drift,1741607731227,0,-48.662731306893484
1,1,block_2,2,Provo_ID3,2,1077713,1257085,1,applied_drift,1741607731261,0,-48.662731306893484
1,1,block_2,2,Provo_ID3,2,1077713,1257085,1,applied_drift,1741607731290,0,-48.662731306893484
1,1,block_2,2,Provo_ID3,2,1077713,1257085,1,applied_drift,1741607731322,0,-48.662731306893484
1,1,block_2,2,Provo_ID3,2,1077713,1257085,1,applied_drift,1741607731356,0,-48.662731306893484
1,1,block_2,2,Provo_ID3,2,1077713,1257085,1,applied_drift,1741607731398,0,-48.662731306893484
1,1,block_2,2,Provo_ID3,2,1077713,1257085,1,applied_drift,1741607731437,0,-48.662731306893484
1,1,block_2,2,Provo_ID3,2,1077713,1257085,1,applied_drift,1741607731468,0,-48.662731306893484
1,1,block_2,2,Provo_ID3,2,1077713,1257085,1,applied_drift,1741607731493,0,-48.662731306893484
1,1,block_2,2,Provo_ID3,2,1077713,1257085,1,applied_drift,1741607731533,0,-48.662731306893484
1,1,block_2,2,Provo_ID3,2,1077713,1257085,1,applied_drift,1741607731561,0,-48.662731306893484
1,1,block_2,2,Provo_ID3,2,1077713,1257085,1,applied_drift,1741607731590,0,-48.662731306893484
1,1,block_2,2,Provo_ID3,2,1077713,1257085,1,applied_drift,1741607731629,0,-48.662731306893484
1,1,block_2,2,Provo_ID3,2,1077713,1257085,1,applied_drift,1741607731666,0,-48.662731306893484
1,1,block_2,2,Provo_ID3,2,1077713,1257085,1,applied_drift,1741607731698,0,-48.662731306893484
1,1,block_2,2,Provo_ID3,2,1077713,1257085,1,applied_drift,1741607731735,0,-48.662731306893484
1,1,block_2,2,Provo_ID3,2,1077713,1257085,1,applied_drift,1741607731766,0,-48.662731306893484
1,1,block_2,2,Provo_ID3,2,1077713,1257085,1,applied_drift,1741607731795,0,-48.662731306893484
1,1,block_2,2,Provo_ID3,2,1077713,1257085,1,applied_drift,1741607731833,0,-48.662731306893484
1,1,block_2,2,Provo_ID3,2,1077713,1257085,1,applied_drift,1741607731867,0,-48.662731306893484
1,1,block_2,2,Provo_ID3,2,1077713,1257085,1,applied_drift,1741607731904,0,-48.662731306893484
1,1,block_2,2,Provo_ID3,2,1077713,1257085,1,applied_drift,1741607731933,0,-48.662731306893484
1,1,block_2,2,Provo_ID3,2,1077713,1257085,1,applied_drift,1741607731962,0,-48.662731306893484
1,1,block_2,2,Provo_ID3,2,1077713,1257085,1,applied_drift,1741607731999,0,-48.662731306893484
1,1,block_2,2,Provo_ID3,2,1077713,1257085,1,applied_drift,1741607732023,0,-48.662731306893484
1,1,block_2,2,Provo_ID3,2,1077713,1257085,1,applied_drift,1741607732062,0,-48.662731306893484
1,1,block_2,2,Provo_ID3,2,1077713,1257085,1,applied_drift,1741607732100,0,-48.662731306893484
1,1,block_2,2,Provo_ID3,2,1077713,1257085,1,applied_drift,1741607732133,0,-48.662731306893484
1,1,block_2,2,Provo_ID3,2,1077713,1257085,1,applied_drift,1741607732160,0,-48.662731306893484
1,1,block_2,2,Provo_ID3,2,1077713,1257085,1,applied_drift,1741607732199,0,-48.662731306893484
1,1,block_2,2,Provo_ID3,2,1077713,1257085,1,applied_drift,1741607732230,0,-48.662731306893484
1,1,block_2,2,Provo_ID3,2,1077713,1257085,1,applied_drift,1741607732261,0,-48.662731306893484
1,1,block_2,2,Provo_ID3,2,1077713,1257085,1,applied_drift,1741607732299,0,-48.662731306893484
1,1,block_2,2,Provo_ID3,2,1077713,1257085,1,applied_drift,1741607732323,0,-48.662731306893484
1,1,block_2,2,Provo_ID3,2,1077713,1257085,1,applied_drift,1741607732371,0,-48.662731306893484
1,1,block_2,2,Provo_ID3,2,1077713,1257085,1,applied_drift,1741607732400,0,-48.662731306893484
1,1,block_2,2,Provo_ID3,2,1077713,1257085,1,applied_drift,1741607732428,0,-48.662731306893484
1,1,block_2,2,Provo_ID3,2,1077713,1257085,1,applied_drift,1741607732465,0,-48.662731306893484
1,1,block_2,2,Provo_ID3,2,1077713,1257085,1,applied_drift,1741607732500,0,-48.662731306893484
1,1,block_2,2,Provo_ID3,2,1077713,1257085,1,applied_drift,1741607732534,0,-48.662731306893484
1,1,block_2,2,Provo_ID3,2,1077713,1257085,1,applied_drift,1741607732566,0,-48.662731306893484
1,1,block_2,2,Provo_ID3,2,1077713,1257085,1,applied_drift,1741607732595,0,-48.662731306893484
1,1,block_2,2,Provo_ID3,2,1077713,1257085,1,applied_drift,1741607732628,0,-48.662731306893484
1,1,block_2,2,Provo_ID3,2,1077713,1257085,1,applied_drift,1741607732657,0,-48.662731306893484
1,1,block_2,2,Provo_ID3,2,1077713,1257085,1,applied_drift,1741607732700,0,-48.662731306893484
1,1,block_2,2,Provo_ID3,2,1077713,1257085,1,applied_drift,1741607732737,0,-48.662731306893484
1,1,block_2,2,Provo_ID3,2,1077713,1257085,1,applied_drift,1741607732761,0,-48.662731306893484
1,1,block_2,2,Provo_ID3,2,1077713,1257085,1,applied_drift,1741607732800,0,-48.662731306893484
1,1,block_2,2,Provo_ID3,2,1077713,1257085,1,applied_drift,1741607732828,0,-48.662731306893484
1,1,block_2,2,Provo_ID3,2,1077713,1257085,1,applied_drift,1741607732861,0,-48.662731306893484
1,1,block_2,2,Provo_ID3,2,1077713,1257085,1,applied_drift,1741607732897,0,-48.662731306893484
1,1,block_2,2,Provo_ID3,2,1077713,1257085,1,applied_drift,1741607732937,0,-48.662731306893484
1,1,block_2,2,Provo_ID3,2,1077713,1257085,1,applied_drift,1741607732965,0,-48.662731306893484
1,1,block_2,2,Provo_ID3,2,1077713,1257085,1,applied_drift,1741607732999,0,-48.662731306893484
1,1,block_2,2,Provo_ID3,2,1077713,1257085,1,applied_drift,1741607733031,0,-48.662731306893484
1,1,block_2,2,Provo_ID3,2,1077713,1257085,1,applied_drift,1741607733062,0,-48.662731306893484
1,1,block_2,2,Provo_ID3,2,1077713,1257085,1,applied_drift,1741607733096,0,-48.662731306893484
1,1,block_2,2,Provo_ID3,2,1077713,1257085,1,applied_drift,1741607733123,0,-48.662731306893484
1,1,block_2,2,Provo_ID3,2,1077713,1257085,1,applied_drift,1741607733167,0,-48.662731306893484
1,1,block_2,2,Provo_ID3,2,1077713,1257085,1,applied_drift,1741607733200,0,-48.662731306893484
1,1,block_2,2,Provo_ID3,2,1077713,1257085,1,applied_drift,1741607733229,0,-48.662731306893484
1,1,block_2,2,Provo_ID3,2,1077713,1257085,1,applied_drift,1741607733266,0,-48.662731306893484
1,1,block_2,2,Provo_ID3,2,1077713,1257085,1,applied_drift,1741607733299,0,-48.662731306893484
1,1,block_2,2,Provo_ID3,2,1077713,1257085,1,applied_drift,1741607733328,0,-48.662731306893484
1,1,block_2,2,Provo_ID3,2,1077713,1257085,1,applied_drift,1741607733372,0,-48.662731306893484
1,1,block_2,2,Provo_ID3,2,1077713,1257085,1,applied_drift,1741607733395,0,-48.662731306893484
1,1,block_2,2,Provo_ID3,2,1077713,1257085,1,applied_drift,1741607733432,0,-48.662731306893484
1,1,block_2,2,Provo_ID3,2,1077713,1257085,1,applied_drift,1741607733472,0,-48.662731306893484
1,1,block_2,2,Provo_ID3,2,1077713,1257085,1,applied_drift,1741607733495,0,-48.662731306893484
1,1,block_2,2,Provo_ID3,2,1077713,1257085,1,applied_drift,1741607733532,0,-48.662731306893484
1,1,block_2,2,Provo_ID3,2,1077713,1257085,1,applied_drift,1741607733566,0,-48.662731306893484
1,1,block_2,2,Provo_ID3,2,1077713,1257085,1,applied_drift,1741607733599,0,-48.662731306893484
1,1,block_2,2,Provo_ID3,2,1077713,1257085,1,applied_drift,1741607733628,0,-48.662731306893484
1,1,block_2,2,Provo_ID3,2,1077713,1257085,1,applied_drift,1741607733672,0,-48.662731306893484
1,1,block_2,2,Provo_ID3,2,1077713,1257085,1,applied_drift,1741607733699,0,-48.662731306893484
1,1,block_2,2,Provo_ID3,2,1077713,1257085,1,applied_drift,1741607733728,0,-48.662731306893484
1,1,block_2,2,Provo_ID3,2,1077713,1257085,1,applied_drift,1741607733767,0,-48.662731306893484
1,1,block_2,2,Provo_ID3,2,1077713,1257085,1,applied_drift,1741607733799,0,-48.662731306893484
1,1,block_2,2,Provo_ID3,2,1077713,1257085,1,applied_drift,1741607733828,0,-48.662731306893484
1,1,block_2,2,Provo_ID3,2,1077713,1257085,1,applied_drift,1741607733856,0,-48.662731306893484
1,1,block_2,2,Provo_ID3,2,1077713,1257085,1,applied_drift,1741607733904,0,-48.662731306893484
1,1,block_2,2,Provo_ID3,2,1077713,1257085,1,applied_drift,1741607733932,0,-48.662731306893484
1,1,block_2,2,Provo_ID3,2,1077713,1257085,1,applied_drift,1741607733965,0,-48.662731306893484
1,1,block_2,2,Provo_ID3,2,1077713,1257085,1,applied_drift,1741607733990,0,-48.662731306893484
1,1,block_2,2,Provo_ID3,2,1077713,1257085,1,applied_drift,1741607734027,0,-48.662731306893484
1,1,block_2,2,Provo_ID3,2,1077713,1257085,1,applied_drift,1741607734057,0,-48.662731306893484
1,1,block_2,2,Provo_ID3,2,1077713,1257085,1,applied_drift,1741607734099,0,-48.662731306893484
1,1,block_2,2,Provo_ID3,2,1077713,1257085,1,applied_drift,1741607734126,0,-48.662731306893484
1,1,block_2,2,Provo_ID3,2,1077713,1257085,1,applied_drift,1741607734166,0,-48.662731306893484
1,1,block_2,2,Provo_ID3,2,1077713,1257085,1,applied_drift,1741607734199,0,-48.662731306893484
1,1,block_2,2,Provo_ID3,2,1077713,1257085,1,applied_drift,1741607734228,0,-48.662731306893484
1,1,block_2,2,Provo_ID3,2,1077713,1257085,1,applied_drift,1741607734263,0,-48.662731306893484
1,1,block_2,2,Provo_ID3,2,1077713,1257085,1,applied_drift,1741607734295,0,-48.662731306893484
1,1,block_2,2,Provo_ID3,2,1077713,1257085,1,applied_drift,1741607734336,0,-48.662731306893484
1,1,block_2,2,Provo_ID3,2,1077713,1257085,1,applied_drift,1741607734364,0,-48.662731306893484
1,1,block_2,2,Provo_ID3,2,1077713,1257085,1,applied_drift,1741607734390,0,-48.662731306893484
1,1,block_2,2,Provo_ID3,2,1077713,1257085,1,applied_drift,1741607734429,0,-48.662731306893484
1,1,block_2,2,Provo_ID3,2,1077713,1257085,1,applied_drift,1741607734456,0,-48.662731306893484
1,1,block_2,2,Provo_ID3,2,1077713,1257085,1,applied_drift,1741607734498,0,-48.662731306893484
1,1,block_2,2,Provo_ID3,2,1077713,1257085,1,applied_drift,1741607734532,0,-48.662731306893484
1,1,block_2,2,Provo_ID3,2,1077713,1257085,1,applied_drift,1741607734569,0,-48.662731306893484
1,1,block_2,2,Provo_ID3,2,1077713,1257085,1,applied_drift,1741607736865,0,-48.662731306893484
1,1,block_2,2,Provo_ID3,2,1077713,1257085,1,applied_drift,1741607736890,0,-48.662731306893484
1,1,block_2,2,Provo_ID3,2,1077713,1257085,1,applied_drift,1741607736920,0,-48.662731306893484
1,1,block_2,2,Provo_ID3,2,1077713,1257085,1,applied_drift,1741607736951,0,-48.662731306893484
1,1,block_2,2,Provo_ID3,2,1077713,1257085,1,applied_drift,1741607736990,0,-48.662731306893484
1,1,block_2,2,Provo_ID3,2,1077713,1257085,1,applied_drift,1741607737022,0,-48.662731306893484
1,1,block_2,2,Provo_ID3,2,1077713,1257085,1,applied_drift,1741607737050,0,-48.662731306893484
1,1,block_2,2,Provo_ID3,2,1077713,1257085,1,applied_drift,1741607737088,0,-48.662731306893484
1,1,block_2,2,Provo_ID3,2,1077713,1257085,1,applied_drift,1741607737122,0,-48.662731306893484
1,1,block_2,2,Provo_ID3,2,1077713,1257085,1,applied_drift,1741607737150,0,-48.662731306893484
1,1,block_2,2,Provo_ID3,2,1077713,1257085,1,applied_drift,1741607737183,0,-48.662731306893484
1,1,block_2,2,Provo_ID3,2,1077713,1257085,1,applied_drift,1741607737222,0,-48.662731306893484
1,1,block_2,2,Provo_ID3,2,1077713,1257085,1,applied_drift,1741607737250,0,-48.662731306893484
1,1,block_2,2,Provo_ID3,2,1077713,1257085,1,applied_drift,1741607737282,0,-48.662731306893484
1,1,block_2,2,Provo_ID3,2,1077713,1257085,1,applied_drift,1741607737317,0,-48.662731306893484
1,1,block_2,2,Provo_ID3,2,1077713,1257085,1,applied_drift,1741607737355,0,-48.662731306893484
1,1,block_2,2,Provo_ID3,2,1077713,1257085,1,applied_drift,1741607737382,0,-48.662731306893484
1,1,block_2,2,Provo_ID3,2,1077713,1257085,1,applied_drift,1741607737421,0,-48.662731306893484
1,1,block_2,2,Provo_ID3,2,1077713,1257085,1,applied_drift,1741607737444,0,-48.662731306893484
1,1,block_2,2,Provo_ID3,2,1077713,1257085,1,applied_drift,1741607737487,0,-48.662731306893484
1,1,block_2,2,Provo_ID3,2,1077713,1257085,1,applied_drift,1741607737516,0,-48.662731306893484
1,1,block_2,2,Provo_ID3,2,1077713,1257085,1,applied_drift,1741607737554,0,-48.662731306893484
1,1,block_2,2,Provo_ID3,2,1077713,1257085,1,applied_drift,1741607737583,0,-48.662731306893484
1,1,block_2,2,Provo_ID3,2,1077713,1257085,1,applied_drift,1741607737616,0,-48.662731306893484
1,1,block_2,2,Provo_ID3,2,1077713,1257085,1,applied_drift,1741607737650,0,-48.662731306893484
1,1,block_2,2,Provo_ID3,2,1077713,1257085,1,applied_drift,1741607737688,0,-48.662731306893484
1,1,block_2,2,Provo_ID3,2,1077713,1257085,1,applied_drift,1741607737713,0,-48.662731306893484
1,1,block_2,2,Provo_ID3,2,1077713,1257085,1,applied_drift,1741607737753,0,-48.662731306893484
1,1,block_2,2,Provo_ID3,2,1077713,1257085,1,applied_drift,1741607737786,0,-48.662731306893484
1,1,block_2,2,Provo_ID3,2,1077713,1257085,1,applied_drift,1741607737813,0,-48.662731306893484
1,1,block_2,2,Provo_ID3,2,1077713,1257085,1,applied_drift,1741607737849,0,-48.662731306893484
1,1,block_2,2,Provo_ID3,2,1077713,1257085,1,applied_drift,1741607737891,0,-48.662731306893484
1,1,block_2,2,Provo_ID3,2,1077713,1257085,1,applied_drift,1741607737916,0,-48.662731306893484
1,1,block_2,2,Provo_ID3,2,1077713,1257085,1,applied_drift,1741607737954,0,-48.662731306893484
1,1,block_2,2,Provo_ID3,2,1077713,1257085,1,applied_drift,1741607737983,0,-48.662731306893484
1,1,block_2,2,Provo_ID3,2,1077713,1257085,1,applied_drift,1741607738020,0,-48.662731306893484
1,1,block_2,2,Provo_ID3,2,1077713,1257085,1,applied_drift,1741607738050,0,-48.662731306893484
1,1,block_2,2,Provo_ID3,2,1077713,1257085,1,applied_drift,1741607738082,0,-48.662731306893484
1,1,block_2,2,Provo_ID3,2,1077713,1257085,1,applied_drift,1741607738119,0,-48.662731306893484
1,1,block_2,2,Provo_ID3,2,1077713,1257085,1,applied_drift,1741607738148,0,-48.662731306893484
1,1,block_2,2,Provo_ID3,2,1077713,1257085,1,applied_drift,1741607738188,0,-48.662731306893484
1,1,block_2,2,Provo_ID3,2,1077713,1257085,1,applied_drift,1741607738214,0,-48.662731306893484
1,1,block_2,2,Provo_ID3,2,1077713,1257085,1,applied_drift,1741607738247,0,-48.662731306893484
1,1,block_2,2,Provo_ID3,2,1077713,1257085,1,applied_drift,1741607738287,0,-48.662731306893484
1,1,block_2,2,Provo_ID3,2,1077713,1257085,1,applied_drift,1741607738319,0,-48.662731306893484
1,1,block_2,2,Provo_ID3,2,1077713,1257085,1,applied_drift,1741607738346,0,-48.662731306893484
1,1,block_2,2,Provo_ID3,2,1077713,1257085,1,applied_drift,1741607738386,0,-48.662731306893484
1,1,block_2,2,Provo_ID3,2,1077713,1257085,1,applied_drift,1741607738412,0,-48.662731306893484
1,1,block_2,2,Provo_ID3,2,1077713,1257085,1,applied_drift,1741607738446,0,-48.662731306893484
1,1,block_2,2,Provo_ID3,2,1077713,1257085,1,applied_drift,1741607738483,0,-48.662731306893484
1,1,block_2,2,Provo_ID3,2,1077713,1257085,1,applied_drift,1741607738516,0,-48.662731306893484
1,1,block_2,2,Provo_ID3,2,1077713,1257085,1,applied_drift,1741607738551,0,-48.662731306893484
1,1,block_2,2,Provo_ID3,2,1077713,1257085,1,applied_drift,1741607738579,0,-48.662731306893484
1,1,block_2,2,Provo_ID3,2,1077713,1257085,1,applied_drift,1741607738613,0,-48.662731306893484
1,1,block_2,2,Provo_ID3,2,1077713,1257085,1,applied_drift,1741607738646,0,-48.662731306893484
1,1,block_2,2,Provo_ID3,2,1077713,1257085,1,applied_drift,1741607738690,0,-48.662731306893484
1,1,block_2,2,Provo_ID3,2,1077713,1257085,1,applied_drift,1741607738718,0,-48.662731306893484
1,1,block_2,2,Provo_ID3,2,1077713,1257085,1,applied_drift,1741607738747,0,-48.662731306893484
1,1,block_2,2,Provo_ID3,2,1077713,1257085,1,applied_drift,1741607738785,0,-48.662731306893484
1,1,block_2,2,Provo_ID3,2,1077713,1257085,1,applied_drift,1741607738813,0,-48.662731306893484
1,1,block_2,2,Provo_ID3,2,1077713,1257085,1,applied_drift,1741607738846,0,-48.662731306893484
1,1,block_2,2,Provo_ID3,2,1077713,1257085,1,applied_drift,1741607738874,0,-48.662731306893484
1,1,block_2,2,Provo_ID3,2,1077713,1257085,1,applied_drift,1741607738917,0,-48.662731306893484
1,1,block_2,2,Provo_ID3,2,1077713,1257085,1,applied_drift,1741607738951,0,-48.662731306893484
1,1,block_2,2,Provo_ID3,2,1077713,1257085,1,applied_drift,1741607738979,0,-48.662731306893484
1,1,block_2,2,Provo_ID3,2,1077713,1257085,1,applied_drift,1741607739017,0,-48.662731306893484
1,1,block_2,2,Provo_ID3,2,1077713,1257085,1,applied_drift,1741607739047,0,-48.662731306893484
1,1,block_2,2,Provo_ID3,2,1077713,1257085,1,applied_drift,1741607739074,0,-48.662731306893484
1,1,block_2,2,Provo_ID3,2,1077713,1257085,1,applied_drift,1741607739118,0,-48.662731306893484
1,1,block_2,2,Provo_ID3,2,1077713,1257085,1,applied_drift,1741607739146,0,-48.662731306893484
1,1,block_2,2,Provo_ID3,2,1077713,1257085,1,applied_drift,1741607739183,0,-48.662731306893484
1,1,block_2,2,Provo_ID3,2,1077713,1257085,1,applied_drift,1741607739213,0,-48.662731306893484
1,1,block_2,2,Provo_ID3,2,1077713,1257085,1,applied_drift,1741607739246,0,-48.662731306893484
1,1,block_2,2,Provo_ID3,2,1077713,1257085,1,applied_drift,1741607739279,0,-48.662731306893484
1,1,block_2,2,Provo_ID3,2,1077713,1257085,1,applied_drift,1741607739313,0,-48.662731306893484
1,1,block_2,2,Provo_ID3,2,1077713,1257085,1,applied_drift,1741607739345,0,-48.662731306893484
1,1,block_2,2,Provo_ID3,2,1077713,1257085,1,applied_drift,1741607739382,0,-48.662731306893484
1,1,block_2,2,Provo_ID3,2,1077713,1257085,1,applied_drift,1741607739419,0,-48.662731306893484
1,1,block_2,2,Provo_ID3,2,1077713,1257085,1,applied_drift,1741607739450,0,-48.662731306893484
1,1,block_2,2,Provo_ID3,2,1077713,1257085,1,applied_drift,1741607739479,0,-48.662731306893484
1,1,block_2,2,Provo_ID3,2,1077713,1257085,1,applied_drift,1741607739518,0,-48.662731306893484
1,1,block_2,2,Provo_ID3,2,1077713,1257085,1,applied_drift,1741607739546,0,-48.662731306893484
1,1,block_2,2,Provo_ID3,2,1077713,1257085,1,applied_drift,1741607739579,0,-48.662731306893484
1,1,block_2,2,Provo_ID3,2,1077713,1257085,1,applied_drift,1741607739619,0,-48.662731306893484
1,1,block_2,2,Provo_ID3,2,1077713,1257085,1,applied_drift,1741607739651,0,-48.662731306893484
1,1,block_2,2,Provo_ID3,2,1077713,1257085,1,applied_drift,1741607739679,0,-48.662731306893484
1,1,block_2,2,Provo_ID3,2,1077713,1257085,1,applied_drift,1741607739718,0,-48.662731306893484
1,1,block_2,2,Provo_ID3,2,1077713,1257085,1,applied_drift,1741607739746,0,-48.662731306893484
1,1,block_2,2,Provo_ID3,2,1077713,1257085,1,applied_drift,1741607739777,0,-48.662731306893484
1,1,block_2,2,Provo_ID3,2,1077713,1257085,1,applied_drift,1741607739813,0,-48.662731306893484
1,1,block_2,2,Provo_ID3,2,1077713,1257085,1,applied_drift,1741607739856,0,-48.662731306893484
1,1,block_2,2,Provo_ID3,2,1077713,1257085,1,applied_drift,1741607739884,0,-48.662731306893484
1,1,block_2,2,Provo_ID3,2,1077713,1257085,1,applied_drift,1741607739913,0,-48.662731306893484
1,1,block_2,2,Provo_ID3,2,1077713,1257085,1,applied_drift,1741607739951,0,-48.662731306893484
1,1,block_2,2,Provo_ID3,2,1077713,1257085,1,applied_drift,1741607739979,0,-48.662731306893484
1,1,block_2,2,Provo_ID3,2,1077713,1257085,1,applied_drift,1741607740013,0,-48.662731306893484
1,1,block_2,2,Provo_ID3,2,1077713,1257085,1,applied_drift,1741607740047,0,-48.662731306893484
1,1,block_2,2,Provo_ID3,2,1077713,1257085,1,applied_drift,1741607740085,0,-48.662731306893484
1,1,block_2,2,Provo_ID3,2,1077713,1257085,1,applied_drift,1741607740115,0,-48.662731306893484
1,1,block_2,2,Provo_ID3,2,1077713,1257085,1,applied_drift,1741607740145,0,-48.662731306893484
1,1,block_2,2,Provo_ID3,2,1077713,1257085,1,applied_drift,1741607740183,0,-48.662731306893484
1,1,block_2,2,Provo_ID3,2,1077713,1257085,1,applied_drift,1741607740208,0,-48.662731306893484
1,1,block_2,2,Provo_ID3,2,1077713,1257085,1,applied_drift,1741607740239,0,-48.662731306893484
1,1,block_2,2,Provo_ID3,2,1077713,1257085,1,applied_drift,1741607740282,0,-48.662731306893484
1,1,block_2,2,Provo_ID3,2,1077713,1257085,1,applied_drift,1741607740312,0,-48.662731306893484
1,1,block_2,2,Provo_ID3,2,1077713,1257085,1,applied_drift,1741607740349,0,-48.662731306893484
1,1,block_2,2,Provo_ID3,2,1077713,1257085,1,applied_drift,1741607740383,0,-48.662731306893484
1,1,block_2,2,Provo_ID3,2,1077713,1257085,1,applied_drift,1741607740411,0,-48.662731306893484
1,1,block_2,2,Provo_ID3,2,1077713,1257085,1,applied_drift,1741607740445,0,-48.662731306893484
1,1,block_2,2,Provo_ID3,2,1077713,1257085,1,applied_drift,1741607740477,0,-48.662731306893484
1,1,block_2,2,Provo_ID3,2,1077713,1257085,1,applied_drift,1741607740514,0,-48.662731306893484
1,1,block_2,2,Provo_ID3,2,1077713,1257085,1,applied_drift,1741607740550,0,-48.662731306893484
1,1,block_2,2,Provo_ID3,2,1077713,1257085,1,applied_drift,1741607740578,0,-48.662731306893484
1,1,block_2,2,Provo_ID3,2,1077713,1257085,1,applied_drift,1741607740617,0,-48.662731306893484
1,1,block_2,2,Provo_ID3,2,1077713,1257085,1,applied_drift,1741607740647,0,-48.662731306893484
1,1,block_2,2,Provo_ID3,2,1077713,1257085,1,applied_drift,1741607740679,0,-48.662731306893484
1,1,block_2,2,Provo_ID3,2,1077713,1257085,1,applied_drift,1741607740711,0,-48.662731306893484
1,1,block_2,2,Provo_ID3,2,1077713,1257085,1,applied_drift,1741607740743,0,-48.662731306893484
1,1,block_2,2,Provo_ID3,2,1077713,1257085,1,applied_drift,1741607740778,0,-48.662731306893484
1,1,block_2,2,Provo_ID3,2,1077713,1257085,1,applied_drift,1741607740811,0,-48.662731306893484
1,1,block_2,2,Provo_ID3,2,1077713,1257085,1,applied_drift,1741607740850,0,-48.662731306893484
1,1,block_2,2,Provo_ID3,2,1077713,1257085,1,applied_drift,1741607740878,0,-48.662731306893484
1,1,block_2,2,Provo_ID3,2,1077713,1257085,1,applied_drift,1741607740917,0,-48.662731306893484
1,1,block_2,2,Provo_ID3,2,1077713,1257085,1,applied_drift,1741607740939,0,-48.662731306893484
1,1,block_2,2,Provo_ID3,2,1077713,1257085,1,applied_drift,1741607740982,0,-48.662731306893484
1,1,block_2,2,Provo_ID3,2,1077713,1257085,1,applied_drift,1741607741009,0,-48.662731306893484
1,1,block_2,2,Provo_ID3,2,1077713,1257085,1,applied_drift,1741607741045,0,-48.662731306893484
1,1,block_2,2,Provo_ID3,2,1077713,1257085,1,applied_drift,1741607741079,0,-48.662731306893484
1,1,block_2,2,Provo_ID3,2,1077713,1257085,1,applied_drift,1741607741111,0,-48.662731306893484
1,1,block_2,2,Provo_ID3,2,1077713,1257085,1,applied_drift,1741607741146,0,-48.662731306893484
1,1,block_2,2,Provo_ID3,2,1077713,1257085,1,applied_drift,1741607741183,0,-48.662731306893484
1,1,block_2,2,Provo_ID3,2,1077713,1257085,1,applied_drift,1741607741211,0,-48.662731306893484
1,1,block_2,2,Provo_ID3,2,1077713,1257085,1,applied_drift,1741607741243,0,-48.662731306893484
1,1,block_2,2,Provo_ID3,2,1077713,1257085,1,applied_drift,1741607741283,0,-48.662731306893484
1,1,block_2,2,Provo_ID3,2,1077713,1257085,1,applied_drift,1741607741316,0,-48.662731306893484
1,1,block_2,2,Provo_ID3,2,1077713,1257085,1,applied_drift,1741607741348,0,-48.662731306893484
1,1,block_2,2,Provo_ID3,2,1077713,1257085,1,applied_drift,1741607741373,0,-48.662731306893484
1,1,block_2,2,Provo_ID3,2,1077713,1257085,1,applied_drift,1741607741410,0,-48.662731306893484
1,1,block_2,2,Provo_ID3,2,1077713,1257085,1,applied_drift,1741607741444,0,-48.662731306893484
1,1,block_2,2,Provo_ID3,2,1077713,1257085,1,applied_drift,1741607741475,0,-48.662731306893484
1,1,block_2,2,Provo_ID3,2,1077713,1257085,1,applied_drift,1741607741517,0,-48.662731306893484
1,1,block_2,2,Provo_ID3,2,1077713,1257085,1,applied_drift,1741607741542,0,-48.662731306893484
1,1,block_2,2,Provo_ID3,2,1077713,1257085,1,applied_drift,1741607741582,0,-48.662731306893484
1,1,block_2,2,Provo_ID3,2,1077713,1257085,1,applied_drift,1741607741616,0,-48.662731306893484
1,1,block_2,2,Provo_ID3,2,1077713,1257085,1,applied_drift,1741607741644,0,-48.662731306893484
1,1,block_2,2,Provo_ID3,2,1077713,1257085,1,applied_drift,1741607741675,0,-48.662731306893484
1,1,block_2,2,Provo_ID3,2,1077713,1257085,1,applied_drift,1741607741709,0,-48.662731306893484
1,1,block_2,2,Provo_ID3,2,1077713,1257085,1,applied_drift,1741607741746,0,-48.662731306893484
1,1,block_2,2,Provo_ID3,2,1077713,1257085,1,applied_drift,1741607741779,0,-48.662731306893484
1,1,block_2,2,Provo_ID3,2,1077713,1257085,1,applied_drift,1741607741807,0,-48.662731306893484
1,1,block_2,2,Provo_ID3,2,1077713,1257085,1,applied_drift,1741607741848,0,-48.662731306893484
1,1,block_2,2,Provo_ID3,2,1077713,1257085,1,applied_drift,1741607741875,0,-48.662731306893484
1,1,block_2,2,Provo_ID3,2,1077713,1257085,1,applied_drift,1741607741909,0,-48.662731306893484
1,1,block_2,2,Provo_ID3,2,1077713,1257085,1,applied_drift,1741607741946,0,-48.662731306893484
1,1,block_2,2,Provo_ID3,2,1077713,1257085,1,applied_drift,1741607741980,0,-48.662731306893484
1,1,block_2,2,Provo_ID3,2,1077713,1257085,1,applied_drift,1741607742014,0,-48.662731306893484
1,1,block_2,2,Provo_ID3,2,1077713,1257085,1,applied_drift,1741607742042,0,-48.662731306893484
1,1,block_2,2,Provo_ID3,2,1077713,1257085,1,applied_drift,1741607742075,0,-48.662731306893484
1,1,block_2,2,Provo_ID3,2,1077713,1257085,1,applied_drift,1741607742109,0,-48.662731306893484
1,1,block_2,2,Provo_ID3,2,1077713,1257085,1,applied_drift,1741607742145,0,-48.662731306893484
1,1,block_2,2,Provo_ID3,2,1077713,1257085,1,applied_drift,1741607742173,0,-48.662731306893484
1,1,block_2,2,Provo_ID3,2,1077713,1257085,1,applied_drift,1741607742214,0,-48.662731306893484
1,1,block_2,2,Provo_ID3,2,1077713,1257085,1,applied_drift,1741607742246,0,-48.662731306893484
1,1,block_2,2,Provo_ID3,2,1077713,1257085,1,applied_drift,1741607742275,0,-48.662731306893484
1,1,block_2,2,Provo_ID3,2,1077713,1257085,1,applied_drift,1741607742309,0,-48.662731306893484
1,1,block_2,2,Provo_ID3,2,1077713,1257085,1,applied_drift,1741607742343,0,-48.662731306893484
1,1,block_2,2,Provo_ID3,2,1077713,1257085,1,applied_drift,1741607742381,0,-48.662731306893484
1,1,block_2,2,Provo_ID3,2,1077713,1257085,1,applied_drift,1741607742414,0,-48.662731306893484
1,1,block_2,2,Provo_ID3,2,1077713,1257085,1,applied_drift,1741607742438,0,-48.662731306893484
1,1,block_2,2,Provo_ID3,2,1077713,1257085,1,applied_drift,1741607742475,0,-48.662731306893484
1,1,block_2,2,Provo_ID3,2,1077713,1257085,1,applied_drift,1741607742513,0,-48.662731306893484
1,1,block_2,2,Provo_ID3,2,1077713,1257085,1,applied_drift,1741607742546,0,-48.662731306893484
1,1,block_2,2,Provo_ID3,2,1077713,1257085,1,applied_drift,1741607742579,0,-48.662731306893484
1,1,block_2,2,Provo_ID3,2,1077713,1257085,1,applied_drift,1741607742613,0,-48.662731306893484
1,1,block_2,2,Provo_ID3,2,1077713,1257085,1,applied_drift,1741607742642,0,-48.662731306893484
1,1,block_2,2,Provo_ID3,2,1077713,1257085,1,applied_drift,1741607742675,0,-48.662731306893484
1,1,block_2,2,Provo_ID3,2,1077713,1257085,1,applied_drift,1741607742703,0,-48.662731306893484
1,1,block_2,2,Provo_ID3,2,1077713,1257085,1,applied_drift,1741607742743,0,-48.662731306893484
1,1,block_2,2,Provo_ID3,2,1077713,1257085,1,applied_drift,1741607742779,0,-48.662731306893484
1,1,block_2,2,Provo_ID3,2,1077713,1257085,1,applied_drift,1741607742817,0,-48.662731306893484
1,1,block_2,2,Provo_ID3,2,1077713,1257085,1,applied_drift,1741607742844,0,-48.662731306893484
1,1,block_2,2,Provo_ID3,2,1077713,1257085,1,applied_drift,1741607742873,0,-48.662731306893484
1,1,block_2,2,Provo_ID3,2,1077713,1257085,1,applied_drift,1741607742909,0,-48.662731306893484
1,1,block_2,2,Provo_ID3,2,1077713,1257085,1,applied_drift,1741607742942,0,-48.662731306893484
1,1,block_2,2,Provo_ID3,2,1077713,1257085,1,applied_drift,1741607742977,0,-48.662731306893484
1,1,block_2,2,Provo_ID3,2,1077713,1257085,1,applied_drift,1741607743006,0,-48.662731306893484
1,1,block_2,2,Provo_ID3,2,1077713,1257085,1,applied_drift,1741607743047,0,-48.662731306893484
1,1,block_2,2,Provo_ID3,2,1077713,1257085,1,applied_drift,1741607743078,0,-48.662731306893484
1,1,block_2,2,Provo_ID3,2,1077713,1257085,1,applied_drift,1741607743109,0,-48.662731306893484
1,1,block_2,2,Provo_ID3,2,1077713,1257085,1,applied_drift,1741607743144,0,-48.662731306893484
1,1,block_2,2,Provo_ID3,2,1077713,1257085,1,applied_drift,1741607743175,0,-48.662731306893484
1,1,block_2,2,Provo_ID3,2,1077713,1257085,1,applied_drift,1741607743210,0,-48.662731306893484
1,1,block_2,2,Provo_ID3,2,1077713,1257085,1,applied_drift,1741607743243,0,-48.662731306893484
1,1,block_2,2,Provo_ID3,2,1077713,1257085,1,applied_drift,1741607743272,0,-48.662731306893484
1,1,block_2,2,Provo_ID3,2,1077713,1257085,1,applied_drift,1741607743314,0,-48.662731306893484
1,1,block_2,2,Provo_ID3,2,1077713,1257085,1,applied_drift,1741607743344,0,-48.662731306893484
1,1,block_2,2,Provo_ID3,2,1077713,1257085,1,applied_drift,1741607743376,0,-48.662731306893484
1,1,block_2,2,Provo_ID3,2,1077713,1257085,1,applied_drift,1741607743407,0,-48.662731306893484
1,1,block_2,2,Provo_ID3,2,1077713,1257085,1,applied_drift,1741607743434,0,-48.662731306893484
1,1,block_2,2,Provo_ID3,2,1077713,1257085,1,applied_drift,1741607743477,0,-48.662731306893484
1,1,block_2,2,Provo_ID3,2,1077713,1257085,1,applied_drift,1741607743505,0,-48.662731306893484
1,1,block_2,2,Provo_ID3,2,1077713,1257085,1,applied_drift,1741607743544,0,-48.662731306893484
1,1,block_2,2,Provo_ID3,2,1077713,1257085,1,applied_drift,1741607743569,0,-48.662731306893484
1,1,block_2,2,Provo_ID3,2,1077713,1257085,1,applied_drift,1741607743608,0,-48.662731306893484
1,1,block_2,2,Provo_ID3,2,1077713,1257085,1,applied_drift,1741607743640,0,-48.662731306893484
1,1,block_2,2,Provo_ID3,2,1077713,1257085,1,applied_drift,1741607743677,0,-48.662731306893484
1,1,block_2,2,Provo_ID3,2,1077713,1257085,1,error_trial,1741607688221,""
1,1,block_2,2,Provo_ID3,2,1077713,1257085,1,error_trial,1741607712022,37.98026363865859
1,1,block_2,2,Provo_ID3,2,1077713,1257085,1,error_trial_x,1741607688221,""
1,1,block_2,2,Provo_ID3,2,1077713,1257085,1,error_trial_x,1741607712022,32.98249744233631
1,1,block_2,2,Provo_ID3,2,1077713,1257085,1,error_trial_y,1741607688221,""
1,1,block_2,2,Provo_ID3,2,1077713,1257085,1,error_trial_y,1741607712022,15.149041000677615
1,1,block_2,2,Provo_ID3,2,1077713,1257085,1,error_calibration,1741607688221,""
1,1,block_2,2,Provo_ID3,2,1077713,1257085,1,error_calibration,1741607712022,40.378413816698554
1,1,block_2,2,Provo_ID3,2,1077713,1257085,1,error_calibration_x,1741607688221,""
1,1,block_2,2,Provo_ID3,2,1077713,1257085,1,error_calibration_x,1741607712022,32.07429431733631
1,1,block_2,2,Provo_ID3,2,1077713,1257085,1,error_calibration_y,1741607688221,""
1,1,block_2,2,Provo_ID3,2,1077713,1257085,1,error_calibration_y,1741607712022,19.98503185453869
1,1,block_2,2,Provo_ID3,2,1077713,1257085,1,gaze_conf,"",
1,1,block_2,2,Provo_ID12,3,1077713,1257085,1,gaze_data,1741607747069,
1,1,block_2,2,Provo_ID12,3,1077713,1257085,1,gaze_data,1741607770649,703.9905786514282,427.67038708641417,1741607770588.3,0.856680812012871
1,1,block_2,2,Provo_ID12,3,1077713,1257085,1,gaze_data,1741607770673,703.8090705871582,419.7631127493722,1741607770623,0.8741516771403357
1,1,block_2,2,Provo_ID12,3,1077713,1257085,1,gaze_data,1741607770713,698.1559753417969,418.6317162286668,1741607770657.2,0.8895983909851686
1,1,block_2,2,Provo_ID12,3,1077713,1257085,1,gaze_data,1741607770738,700.3971338272095,422.8575524829683,1741607770691.5,0.9038932900325758
1,1,block_2,2,Provo_ID12,3,1077713,1257085,1,gaze_data,1741607770778,711.2595081329346,426.8775676545643,1741607770723.7,0.8399209433168009
1,1,block_2,2,Provo_ID12,3,1077713,1257085,1,gaze_data,1741607770806,698.6001491546631,418.76424698602585,1741607770755.6,0.8838642357153188
1,1,block_2,2,Provo_ID12,3,1077713,1257085,1,gaze_data,1741607770846,708.2144737243652,424.81074106125607,1741607770789.7,0.8764871251646262
1,1,block_2,2,Provo_ID12,3,1077713,1257085,1,gaze_data,1741607770875,691.8617010116577,419.75120271955217,1741607770828.9001,0.8700965849031701
1,1,block_2,2,Provo_ID12,3,1077713,1257085,1,gaze_data,1741607770912,712.4301433563232,425.04291625249954,1741607770858.8,0.8298258822369431
1,1,block_2,2,Provo_ID12,3,1077713,1257085,1,gaze_data,1741607770944,713.6847972869873,429.2559696379162,1741607770889.9001,0.8240894286891867
1,1,block_2,2,Provo_ID12,3,1077713,1257085,1,gaze_data,1741607770971,694.0856218338013,422.37687156313945,1741607770922.5,0.8841420503376021
1,1,block_2,2,Provo_ID12,3,1077713,1257085,1,gaze_data,1741607771007,710.8069896697998,432.4676513671875,1741607770956.9001,0.8473346179414993
1,1,block_2,2,Provo_ID12,3,1077713,1257085,1,gaze_data,1741607771041,696.473217010498,413.039661589123,1741607770990.6,0.847633489986719
1,1,block_2,2,Provo_ID12,3,1077713,1257085,1,gaze_data,1741607771077,687.7537250518799,401.7684654962449,1741607771023.6,0.9474539674124091
1,1,block_2,2,Provo_ID12,3,1077713,1257085,1,gaze_data,1741607771111,710.444712638855,426.69674918765116,1741607771055.8,0.8746313652473718
1,1,block_2,2,Provo_ID12,3,1077713,1257085,1,gaze_data,1741607771146,684.4908952713013,409.92998940604076,1741607771090.8,0.8700377593079889
1,1,block_2,2,Provo_ID12,3,1077713,1257085,1,gaze_data,1741607771178,708.1362247467041,425.2120780944824,1741607771122.6,0.884523174447601
1,1,block_2,2,Provo_ID12,3,1077713,1257085,1,gaze_data,1741607771210,692.2411441802979,406.39806020827524,1741607771157.9001,1
1,1,block_2,2,Provo_ID12,3,1077713,1257085,1,gaze_data,1741607771241,535.6779932975769,392.0678447541737,1741607771190.3,0.9060559451199075
1,1,block_2,2,Provo_ID12,3,1077713,1257085,1,gaze_data,1741607771269,423.4910100698471,302.817051751273,1741607771224.8,0.9707852567462338
1,1,block_2,2,Provo_ID12,3,1077713,1257085,1,gaze_data,1741607771309,341.86763763427734,197.5195700781686,1741607771258.3,0
1,1,block_2,2,Provo_ID12,3,1077713,1257085,1,gaze_data,1741607771344,165.77093601226807,244.1045131569817,1741607771289.8,0
1,1,block_2,2,Provo_ID12,3,1077713,1257085,1,gaze_data,1741607771372,158.16407203674316,149.1258668899536,1741607771324.2,0.43169575225638995
1,1,block_2,2,Provo_ID12,3,1077713,1257085,1,gaze_data,1741607771412,179.9311399459839,111.97976498376757,1741607771356.8,0.9891132637213684
1,1,block_2,2,Provo_ID12,3,1077713,1257085,1,gaze_data,1741607771434,163.41898441314697,96.34881519135975,1741607771390.3,1
1,1,block_2,2,Provo_ID12,3,1077713,1257085,1,gaze_data,1741607771480,157.961106300354,96.74102964855376,1741607771424.3,1
1,1,block_2,2,Provo_ID12,3,1077713,1257085,1,gaze_data,1741607771511,101.01573467254639,89.23666908627465,1741607771458.6,1
1,1,block_2,2,Provo_ID12,3,1077713,1257085,1,gaze_data,1741607771544,78.38253974914551,76.8362163362049,1741607771490.2,1
1,1,block_2,2,Provo_ID12,3,1077713,1257085,1,gaze_data,1741607771578,75.20217895507812,82.02133087884812,1741607771528.9001,1
1,1,block_2,2,Provo_ID12,3,1077713,1257085,1,gaze_data,1741607771611,73.47207069396973,81.65364038376582,1741607771556.7,1
1,1,block_2,2,Provo_ID12,3,1077713,1257085,1,gaze_data,1741607771638,74.27494525909424,84.42070915585472,1741607771589.8,1
1,1,block_2,2,Provo_ID12,3,1077713,1257085,1,gaze_data,1741607771673,59.8905086517334,89.94707561674572,1741607771624.9001,1
1,1,block_2,2,Provo_ID12,3,1077713,1257085,1,gaze_data,1741607771702,76.52654647827148,88.27741895403182,1741607771658.8,1
1,1,block_2,2,Provo_ID12,3,1077713,1257085,1,gaze_data,1741607771744,60.703444480895996,90.73029381888254,1741607771690.4001,1
1,1,block_2,2,Provo_ID12,3,1077713,1257085,1,gaze_data,1741607771774,75.12667179107666,92.06078211466472,1741607771723.6,1
1,1,block_2,2,Provo_ID12,3,1077713,1257085,1,gaze_data,1741607771811,65.64593315124512,91.72961007981074,1741607771756.5,1
1,1,block_2,2,Provo_ID12,3,1077713,1257085,1,gaze_data,1741607771840,188.2549285888672,105.77257701328823,1741607771791.8,1
1,1,block_2,2,Provo_ID12,3,1077713,1257085,1,gaze_data,1741607771872,283.94627571105957,123.76868134453184,1741607771825.4001,1
1,1,block_2,2,Provo_ID12,3,1077713,1257085,1,gaze_data,1741607771907,264.40958976745605,115.56614807673864,1741607771859.2,1
1,1,block_2,2,Provo_ID12,3,1077713,1257085,1,gaze_data,1741607771941,256.15808963775635,102.16105052403041,1741607771892.1,1
1,1,block_2,2,Provo_ID12,3,1077713,1257085,1,gaze_data,1741607771979,309.47892665863037,117.0006731578282,1741607771924.1,1
1,1,block_2,2,Provo_ID12,3,1077713,1257085,1,gaze_data,1741607772011,350.2766638994217,115.94058195749919,1741607771958.4001,1
1,1,block_2,2,Provo_ID12,3,1077713,1257085,1,gaze_data,1741607772042,338.31918239593506,112.88763023558117,1741607771989.1,1
1,1,block_2,2,Provo_ID12,3,1077713,1257085,1,gaze_data,1741607772074,347.56559133529663,106.84977304367793,1741607772024.2,1
1,1,block_2,2,Provo_ID12,3,1077713,1257085,1,gaze_data,1741607772105,352.71567702293396,105.68061919439407,1741607772057.6,1
1,1,block_2,2,Provo_ID12,3,1077713,1257085,1,gaze_data,1741607772133,359.0709865093231,107.90145260947092,1741607772092.2,1
1,1,block_2,2,Provo_ID12,3,1077713,1257085,1,gaze_data,1741607772173,364.7017866373062,107.42707865578788,1741607772125.2,1
1,1,block_2,2,Provo_ID12,3,1077713,1257085,1,gaze_data,1741607772212,361.2314611673355,107.9494587580363,1741607772157.6,1
1,1,block_2,2,Provo_ID12,3,1077713,1257085,1,gaze_data,1741607772238,369.9844002723694,111.46495887211391,1741607772190.3,1
1,1,block_2,2,Provo_ID12,3,1077713,1257085,1,gaze_data,1741607772278,375.73012560606,111.69714814140684,1741607772223.7,1
1,1,block_2,2,Provo_ID12,3,1077713,1257085,1,gaze_data,1741607772310,381.767475605011,114.58899066561744,1741607772257.6,1
1,1,block_2,2,Provo_ID12,3,1077713,1257085,1,gaze_data,1741607772345,388.0206674337387,117.81714371272497,1741607772291.7,1
1,1,block_2,2,Provo_ID12,3,1077713,1257085,1,gaze_data,1741607772371,381.7852348089218,117.62133212316604,1741607772325,1
1,1,block_2,2,Provo_ID12,3,1077713,1257085,1,gaze_data,1741607772403,392.37038120627403,116.4792925970895,1741607772358.2,1
1,1,block_2,2,Provo_ID12,3,1077713,1257085,1,gaze_data,1741607772442,596.9478130340576,106.84324082874117,1741607772389.6,1
1,1,block_2,2,Provo_ID12,3,1077713,1257085,1,gaze_data,1741607772476,600.1387596130371,127.07023734138126,1741607772424.8,1
1,1,block_2,2,Provo_ID12,3,1077713,1257085,1,gaze_data,1741607772507,600.7407188415527,131.96431636810303,1741607772458.6,1
1,1,block_2,2,Provo_ID12,3,1077713,1257085,1,gaze_data,1741607772538,591.2024617195129,126.09924611591158,1741607772492.3,1
1,1,block_2,2,Provo_ID12,3,1077713,1257085,1,gaze_data,1741607772577,579.7165751457214,125.25215580349878,1741607772526.9001,1
1,1,block_2,2,Provo_ID12,3,1077713,1257085,1,gaze_data,1741607772609,570.4777240753174,125.05530243828184,1741607772557.5,1
1,1,block_2,2,Provo_ID12,3,1077713,1257085,1,gaze_data,1741607772643,570.4869389533997,123.92832642509825,1741607772591.2,1
1,1,block_2,2,Provo_ID12,3,1077713,1257085,1,gaze_data,1741607772676,251.8402099609375,145.3217245283581,1741607772625.1,1
1,1,block_2,2,Provo_ID12,3,1077713,1257085,1,gaze_data,1741607772706,196.630597114563,153.6452304749262,1741607772659.7,1
1,1,block_2,2,Provo_ID12,3,1077713,1257085,1,gaze_data,1741607772742,212.7264380455017,145.63864957718621,1741607772692.4001,1
1,1,block_2,2,Provo_ID12,3,1077713,1257085,1,gaze_data,1741607772769,221.44901752471924,154.12470068250386,1741607772725.9001,1
1,1,block_2,2,Provo_ID12,3,1077713,1257085,1,gaze_data,1741607772806,205.19788265228271,156.07490471431188,1741607772759.5,1
1,1,block_2,2,Provo_ID12,3,1077713,1257085,1,gaze_data,1741607772841,206.32872581481934,156.83370453970772,1741607772789.9001,1
1,1,block_2,2,Provo_ID12,3,1077713,1257085,1,gaze_data,1741607772876,208.08570384979248,155.11514777228948,1741607772824.2,1
1,1,block_2,2,Provo_ID12,3,1077713,1257085,1,gaze_data,1741607772905,201.33291482925415,163.17792824336462,1741607772858.1,1
1,1,block_2,2,Provo_ID12,3,1077713,1257085,1,gaze_data,1741607772945,417.1376034617424,182.21482276916504,1741607772892.1,1
1,1,block_2,2,Provo_ID12,3,1077713,1257085,1,gaze_data,1741607772977,423.65666925907135,195.3051703316825,1741607772925.9001,1
1,1,block_2,2,Provo_ID12,3,1077713,1257085,1,gaze_data,1741607773000,420.98420560359955,174.57284223465695,1741607772959.4001,1
1,1,block_2,2,Provo_ID12,3,1077713,1257085,1,gaze_data,1741607773043,424.73045587539673,170.19738447098507,1741607772991.2,1
1,1,block_2,2,Provo_ID12,3,1077713,1257085,1,gaze_data,1741607773071,442.3321098089218,174.3066052028111,1741607773024.2,1
1,1,block_2,2,Provo_ID12,3,1077713,1257085,1,gaze_data,1741607773105,427.7951031923294,176.53380189623152,1741607773059.1,1
1,1,block_2,2,Provo_ID12,3,1077713,1257085,1,gaze_data,1741607773138,454.36168909072876,176.81586265563965,1741607773101.4001,1
1,1,block_2,2,Provo_ID12,3,1077713,1257085,1,gaze_data,1741607773171,450.25548934936523,183.15342744191489,1741607773124.5,1
1,1,block_2,2,Provo_ID12,3,1077713,1257085,1,gaze_data,1741607773208,454.0514826774597,183.7084334237235,1741607773157,1
1,1,block_2,2,Provo_ID12,3,1077713,1257085,1,gaze_data,1741607773239,469.13689374923706,182.65443097977413,1741607773190.4001,1
1,1,block_2,2,Provo_ID12,3,1077713,1257085,1,gaze_data,1741607773276,467.95958280563354,189.0415786561512,1741607773225.4001,1
1,1,block_2,2,Provo_ID12,3,1077713,1257085,1,gaze_data,1741607773306,475.1606345176697,189.43774200621107,1741607773259.6,1
1,1,block_2,2,Provo_ID12,3,1077713,1257085,1,gaze_data,1741607773339,485.34557819366455,193.15695853460403,1741607773293,1
1,1,block_2,2,Provo_ID12,3,1077713,1257085,1,gaze_data,1741607773372,502.0437479019165,195.6249813806443,1741607773324.5,1
1,1,block_2,2,Provo_ID12,3,1077713,1257085,1,gaze_data,1741607773403,509.2337727546692,194.79007562001547,1741607773359.5,1
1,1,block_2,2,Provo_ID12,3,1077713,1257085,1,gaze_data,1741607773443,631.3391447067261,173.92250674111503,1741607773390.3,1
1,1,block_2,2,Provo_ID12,3,1077713,1257085,1,gaze_data,1741607773476,618.857479095459,186.4374914623442,1741607773425.2,1
1,1,block_2,2,Provo_ID12,3,1077713,1257085,1,gaze_data,1741607773505,611.3211393356323,175.55663744608563,1741607773458.1,0.9960687951314036
1,1,block_2,2,Provo_ID12,3,1077713,1257085,1,gaze_data,1741607773544,623.0665683746338,180.78181811741422,1741607773491.9001,1
1,1,block_2,2,Provo_ID12,3,1077713,1257085,1,gaze_data,1741607773571,623.1462955474854,179.29367678506034,1741607773525.8,0.9853683222412446
1,1,block_2,2,Provo_ID12,3,1077713,1257085,1,gaze_data,1741607773609,652.6379585266113,194.19788247063047,1741607773558.9001,1
1,1,block_2,2,Provo_ID12,3,1077713,1257085,1,gaze_data,1741607773642,666.0393476486206,190.27102175213042,1741607773591.1,1
1,1,block_2,2,Provo_ID12,3,1077713,1257085,1,gaze_data,1741607773670,662.343692779541,192.22074009123304,1741607773626,1
1,1,block_2,2,Provo_ID12,3,1077713,1257085,1,gaze_data,1741607773705,670.179271697998,187.92007196517218,1741607773664.5,1
1,1,block_2,2,Provo_ID12,3,1077713,1257085,1,gaze_data,1741607773747,660.4825258255005,189.41541421981086,1741607773691.6,1
1,1,block_2,2,Provo_ID12,3,1077713,1257085,1,gaze_data,1741607773769,657.2242736816406,188.71365161169143,1741607773725.3,1
1,1,block_2,2,Provo_ID12,3,1077713,1257085,1,gaze_data,1741607773810,654.417610168457,183.56307756333126,1741607773758.1,1
1,1,block_2,2,Provo_ID12,3,1077713,1257085,1,gaze_data,1741607773838,658.1179857254028,188.9808107557751,1741607773792.1,1
1,1,block_2,2,Provo_ID12,3,1077713,1257085,1,gaze_data,1741607773869,664.6231651306152,197.8763430459159,1741607773826.6,1
1,1,block_2,2,Provo_ID12,3,1077713,1257085,1,gaze_data,1741607773904,655.4733276367188,187.5315389179048,1741607773858.8,1
1,1,block_2,2,Provo_ID12,3,1077713,1257085,1,gaze_data,1741607773943,659.8829746246338,184.99021870749337,1741607773892.1,1
1,1,block_2,2,Provo_ID12,3,1077713,1257085,1,gaze_data,1741607773976,651.9016265869141,183.1855042775472,1741607773924.8,1
1,1,block_2,2,Provo_ID12,3,1077713,1257085,1,gaze_data,1741607773999,645.7674741744995,175.01760301135835,1741607773957.7,1
1,1,block_2,2,Provo_ID12,3,1077713,1257085,1,gaze_data,1741607774036,654.2407035827637,180.85467906225296,1741607773994.1,1
1,1,block_2,2,Provo_ID12,3,1077713,1257085,1,gaze_data,1741607774070,646.6974496841431,171.9149909700666,1741607774026.8,1
1,1,block_2,2,Provo_ID12,3,1077713,1257085,1,gaze_data,1741607774103,570.2784895896912,194.90154561542332,1741607774057.6,1
1,1,block_2,2,Provo_ID12,3,1077713,1257085,1,gaze_data,1741607774142,559.7505331039429,179.13812137785413,1741607774091.4001,1
1,1,block_2,2,Provo_ID12,3,1077713,1257085,1,gaze_data,1741607774171,560.5637550354004,181.29439285823278,1741607774125.5,1
1,1,block_2,2,Provo_ID12,3,1077713,1257085,1,gaze_data,1741607774204,554.7977924346924,180.10826088133314,1741607774158.9001,1
1,1,block_2,2,Provo_ID12,3,1077713,1257085,1,gaze_data,1741607774230,548.5503554344177,171.45740509033203,1741607774192.4001,1
1,1,block_2,2,Provo_ID12,3,1077713,1257085,1,gaze_data,1741607774273,545.9535121917725,166.34958607809884,1741607774224.5,1
1,1,block_2,2,Provo_ID12,3,1077713,1257085,1,gaze_data,1741607774305,442.14334189891815,208.57009978521438,1741607774256.9001,1
1,1,block_2,2,Provo_ID12,3,1077713,1257085,1,gaze_data,1741607774342,437.5966429710388,213.80681037902832,1741607774293.2,1
1,1,block_2,2,Provo_ID12,3,1077713,1257085,1,gaze_data,1741607774375,441.4862483739853,203.25916971479145,1741607774328,1
1,1,block_2,2,Provo_ID12,3,1077713,1257085,1,gaze_data,1741607774412,452.7575373649597,201.41367117563885,1741607774358.7,1
1,1,block_2,2,Provo_ID12,3,1077713,1257085,1,gaze_data,1741607774442,441.8292045593262,209.47967552003408,1741607774399.6,1
1,1,block_2,2,Provo_ID12,3,1077713,1257085,1,gaze_data,1741607774465,621.1423635482788,167.24345070975167,1741607774425.6,1
1,1,block_2,2,Provo_ID12,3,1077713,1257085,1,gaze_data,1741607774502,638.379955291748,182.89292017618817,1741607774457.5,1
1,1,block_2,2,Provo_ID12,3,1077713,1257085,1,gaze_data,1741607774541,633.3767175674438,186.9833044778733,1741607774491.3,1
1,1,block_2,2,Provo_ID12,3,1077713,1257085,1,gaze_data,1741607774574,653.1600713729858,182.90805407932828,1741607774526.6,1
1,1,block_2,2,Provo_ID12,3,1077713,1257085,1,gaze_data,1741607774607,643.9478397369385,190.48752807435537,1741607774559.1,0.9624070046475595
1,1,block_2,2,Provo_ID12,3,1077713,1257085,1,gaze_data,1741607774637,678.6917686462402,199.67552480243504,1741607774593.6,1
1,1,block_2,2,Provo_ID12,3,1077713,1257085,1,gaze_data,1741607774665,642.9087162017822,184.4594480877831,1741607774625.6,0.9966808942475418
1,1,block_2,2,Provo_ID12,3,1077713,1257085,1,gaze_data,1741607774709,674.3142366409302,193.1041024980091,1741607774657.9001,0.9148634349302176
1,1,block_2,2,Provo_ID12,3,1077713,1257085,1,gaze_data,1741607774745,560.4527950286865,226.9734363328843,1741607774692.1,1
1,1,block_2,2,Provo_ID12,3,1077713,1257085,1,gaze_data,1741607774767,193.37141513824463,257.8676137470064,1741607774724.7,1
1,1,block_2,2,Provo_ID12,3,1077713,1257085,1,gaze_data,1741607774805,193.44184398651123,253.65960558255514,1741607774758.9001,1
1,1,block_2,2,Provo_ID12,3,1077713,1257085,1,gaze_data,1741607774842,202.42986679077148,241.62294546763104,1741607774793.6,0.9489497882054723
1,1,block_2,2,Provo_ID12,3,1077713,1257085,1,gaze_data,1741607774864,202.32964754104614,252.5613751865569,1741607774826.9001,0.9861699636667396
1,1,block_2,2,Provo_ID12,3,1077713,1257085,1,gaze_data,1741607774907,202.99674272537231,256.5714125406175,1741607774857.7,1
1,1,block_2,2,Provo_ID12,3,1077713,1257085,1,gaze_data,1741607774937,212.53410577774048,259.27152962911697,1741607774893.1,0.8502731825815926
1,1,block_2,2,Provo_ID12,3,1077713,1257085,1,gaze_data,1741607774975,181.07876777648926,264.89665008726575,1741607774925.4001,1
1,1,block_2,2,Provo_ID12,3,1077713,1257085,1,gaze_data,1741607774998,200.36243200302124,264.57240445273266,1741607774960.1,0.8652108837341221
1,1,block_2,2,Provo_ID12,3,1077713,1257085,1,gaze_data,1741607775041,198.56836795806885,265.4438392321269,1741607774991.7,0.7425374519309766
1,1,block_2,2,Provo_ID12,3,1077713,1257085,1,gaze_data,1741607775071,192.75014400482178,272.29194800059,1741607775024.9001,0.997209515942429
1,1,block_2,2,Provo_ID12,3,1077713,1257085,1,gaze_data,1741607775107,200.57669878005981,268.34844702766054,1741607775060.4001,0.8105717770835903
1,1,block_2,2,Provo_ID12,3,1077713,1257085,1,gaze_data,1741607775135,272.87813425064087,300.16512030646913,1741607775092.1,1
1,1,block_2,2,Provo_ID12,3,1077713,1257085,1,gaze_data,1741607775174,278.15054655075073,296.35278452010385,1741607775125.4001,0.8103455157621083
1,1,block_2,2,Provo_ID12,3,1077713,1257085,1,gaze_data,1741607775205,284.00365114212036,298.86264029003326,1741607775159.2,0.9224627432124768
1,1,block_2,2,Provo_ID12,3,1077713,1257085,1,gaze_data,1741607775235,291.09405279159546,287.3272907166254,1741607775192.9001,0.8613365882709068
1,1,block_2,2,Provo_ID12,3,1077713,1257085,1,gaze_data,1741607775276,295.69393396377563,286.40294006892617,1741607775225,0.9113591398927082
1,1,block_2,2,Provo_ID12,3,1077713,1257085,1,gaze_data,1741607775308,457.14114904403687,324.6421110062372,1741607775258.3,0.8757329887344931
1,1,block_2,2,Provo_ID12,3,1077713,1257085,1,gaze_data,1741607775337,438.9010548591614,312.52178328377863,1741607775291.9001,0.9052816634165484
1,1,block_2,2,Provo_ID12,3,1077713,1257085,1,gaze_data,1741607775379,434.10112857818604,317.7117547534761,1741607775326.9001,0.9608457769840237
1,1,block_2,2,Provo_ID12,3,1077713,1257085,1,gaze_data,1741607775402,459.06805992126465,345.03671373639787,1741607775363,0.8752763014852003
1,1,block_2,2,Provo_ID12,3,1077713,1257085,1,gaze_data,1741607775435,461.59712076187134,244.78584851537434,1741607775393.5,0.9711616382942281
1,1,block_2,2,Provo_ID12,3,1077713,1257085,1,gaze_data,1741607775469,386.24833822250366,255.6902955827259,1741607775426.6,0.9235412130601164
1,1,block_2,2,Provo_ID12,3,1077713,1257085,1,gaze_data,1741607775506,357.4570566415787,306.7199375515892,1741607775458.3,0
1,1,block_2,2,Provo_ID12,3,1077713,1257085,1,gaze_data,1741607775542,339.96182680130005,272.99686409178236,1741607775492.2,0
1,1,block_2,2,Provo_ID12,3,1077713,1257085,1,gaze_data,1741607775569,500.5443215370178,263.7191655522301,1741607775525.8,0
1,1,block_2,2,Provo_ID12,3,1077713,1257085,1,gaze_data,1741607775607,525.4739165306091,304.6166488102504,1741607775558.8,0
1,1,block_2,2,Provo_ID12,3,1077713,1257085,1,gaze_data,1741607775637,538.7701869010925,352.28885196504143,1741607775592,0
1,1,block_2,2,Provo_ID12,3,1077713,1257085,1,gaze_data,1741607775672,535.2410554885864,370.4199436732701,1741607775626.1,0
1,1,block_2,2,Provo_ID12,3,1077713,1257085,1,gaze_data,1741607775698,517.5014972686768,358.90376136416484,1741607775661,0
1,1,block_2,2,Provo_ID12,3,1077713,1257085,1,gaze_data,1741607775737,518.196702003479,343.10254460289366,1741607775692.7,0.038084367378047934
1,1,block_2,2,Provo_ID12,3,1077713,1257085,1,gaze_data,1741607775774,520.5642938613892,336.0070105961391,1741607775726.5,0.2375249123972333
1,1,block_2,2,Provo_ID12,3,1077713,1257085,1,gaze_data,1741607775800,525.6745219230652,340.3580570220947,1741607775760.8,0.2482357223062966
1,1,block_2,2,Provo_ID12,3,1077713,1257085,1,gaze_data,1741607775837,530.7334423065186,335.1404010681879,1741607775793.8,0.33659254574955483
1,1,block_2,2,Provo_ID12,3,1077713,1257085,1,gaze_data,1741607775874,537.5510215759277,335.7812831515358,1741607775827.3,0.6171491339869655
1,1,block_2,2,Provo_ID12,3,1077713,1257085,1,gaze_data,1741607775905,576.4356374740601,312.5404015041533,1741607775862,0.40589753680150015
1,1,block_2,2,Provo_ID12,3,1077713,1257085,1,gaze_data,1741607775935,564.8868918418884,314.14658024197536,1741607775894.4001,0.6893923973463876
1,1,block_2,2,Provo_ID12,3,1077713,1257085,1,gaze_data,1741607775969,327.9752731323242,354.04891786121186,1741607775926.3,0.7014527626784931
1,1,block_2,2,Provo_ID12,3,1077713,1257085,1,gaze_data,1741607776005,263.91403675079346,356.55512037731353,1741607775959.4001,0.3256418445445562
1,1,block_2,2,Provo_ID12,3,1077713,1257085,1,gaze_data,1741607776040,259.0646505355835,369.2210006713867,1741607775991.6,0.5517527506135033
1,1,block_2,2,Provo_ID12,3,1077713,1257085,1,gaze_data,1741607776070,237.82353401184082,353.53118351527627,1741607776027.4001,0.42585207525697716
1,1,block_2,2,Provo_ID12,3,1077713,1257085,1,gaze_data,1741607776108,239.24351930618286,366.03689784095405,1741607776060.8,0.5584204629579201
1,1,block_2,2,Provo_ID12,3,1077713,1257085,1,gaze_data,1741607776147,238.90225887298584,359.9843361264184,1741607776093.2,0.4549794597300861
1,1,block_2,2,Provo_ID12,3,1077713,1257085,1,gaze_data,1741607776174,233.7469220161438,370.2965918041411,1741607776133.2,0.5988345397752193
1,1,block_2,2,Provo_ID12,3,1077713,1257085,1,gaze_data,1741607776202,231.26952648162842,363.7393742515927,1741607776159.1,0.49759584255328293
1,1,block_2,2,Provo_ID12,3,1077713,1257085,1,gaze_data,1741607776235,231.81298971176147,371.9221419379825,1741607776193.2,0.5701659614673656
1,1,block_2,2,Provo_ID12,3,1077713,1257085,1,gaze_data,1741607776276,231.44222497940063,371.41067232404436,1741607776225.4001,0.5617105558305295
1,1,block_2,2,Provo_ID12,3,1077713,1257085,1,gaze_data,1741607776312,227.5928020477295,374.5293122246152,1741607776260.9001,0.6301568400590989
1,1,block_2,2,Provo_ID12,3,1077713,1257085,1,gaze_data,1741607776340,383.1249803304672,411.5629023597354,1741607776291.6,0.6298020107555178
1,1,block_2,2,Provo_ID12,3,1077713,1257085,1,gaze_data,1741607776369,382.60214030742645,410.2969478425526,1741607776326.9001,0.5911373755251529
1,1,block_2,2,Provo_ID12,3,1077713,1257085,1,gaze_data,1741607776406,422.2173660993576,363.489263625372,1741607776361.3,0.7819924944199047
1,1,block_2,2,Provo_ID12,3,1077713,1257085,1,gaze_data,1741607776431,428.3058822154999,368.3176967075893,1741607776394.2,0.7201996580198695
1,1,block_2,2,Provo_ID12,3,1077713,1257085,1,gaze_data,1741607776471,433.5169732570648,364.31471597580685,1741607776426.2,0.7804428867112758
1,1,block_2,2,Provo_ID12,3,1077713,1257085,1,gaze_data,1741607776507,430.57830333709717,371.94217500232514,1741607776458.8,0.9271225010826023
1,1,block_2,2,Provo_ID12,3,1077713,1257085,1,gaze_data,1741607776533,440.3899282217026,367.6347282954625,1741607776493.7,0.8017995325214939
1,1,block_2,2,Provo_ID12,3,1077713,1257085,1,gaze_data,1741607776572,439.06227946281433,369.10972776867095,1741607776528,0.898435846310139
1,1,block_2,2,Provo_ID12,3,1077713,1257085,1,gaze_data,1741607776602,450.60839653015137,370.0247024354481,1741607776560.3,0.7917278199202684
1,1,block_2,2,Provo_ID12,3,1077713,1257085,1,gaze_data,1741607776639,452.03181505203247,370.45637766520184,1741607776592.6,0.8076481122439002
1,1,block_2,2,Provo_ID12,3,1077713,1257085,1,gaze_data,1741607776666,447.07206785678864,371.7358752659389,1741607776627.5,0.9441779656273481
1,1,block_2,2,Provo_ID12,3,1077713,1257085,1,gaze_data,1741607776706,531.5263271331787,392.2352890741258,1741607776662,0.8050525679943561
1,1,block_2,2,Provo_ID12,3,1077713,1257085,1,gaze_data,1741607776734,526.011848449707,386.77207674298967,1741607776695.3,0.9444266894033282
1,1,block_2,2,Provo_ID12,3,1077713,1257085,1,gaze_data,1741607776763,538.9670014381409,390.57447342645554,1741607776727.2,0.7604352213946188
1,1,block_2,2,Provo_ID12,3,1077713,1257085,1,gaze_data,1741607776796,540.0549411773682,388.8394946143741,1741607776758.6,0.9537146028007228
1,1,block_2,2,Provo_ID12,3,1077713,1257085,1,gaze_data,1741607776839,546.5781807899475,385.13339178902766,1741607776792.5,0.9781929991050182
1,1,block_2,2,Provo_ID12,3,1077713,1257085,1,gaze_data,1741607776873,550.5861401557922,387.24502881368005,1741607776827.1,0.834144395774579
1,1,block_2,2,Provo_ID12,3,1077713,1257085,1,gaze_data,1741607776901,550.3903150558472,376.852331161499,1741607776861.2,0.9653571583990903
1,1,block_2,2,Provo_ID12,3,1077713,1257085,1,gaze_data,1741607776939,555.8489561080933,376.2946010771252,1741607776893.9001,0.8793053214825787
1,1,block_2,2,Provo_ID12,3,1077713,1257085,1,gaze_data,1741607776969,556.680166721344,377.5533476329985,1741607776928.1,1
1,1,block_2,2,Provo_ID12,3,1077713,1257085,1,gaze_data,1741607776995,212.13399171829224,68.95380383446103,1741607776961.5,0.7698192945002735
1,1,block_2,2,Provo_ID12,3,1077713,1257085,1,gaze_data,1741607777037,159.08825397491455,64.58859489077614,1741607776992.7,1
1,1,block_2,2,Provo_ID12,3,1077713,1257085,1,gaze_data,1741607777066,151.68921947479248,71.73421859741211,1741607777027.8,1
1,1,block_2,2,Provo_ID12,3,1077713,1257085,1,gaze_data,1741607777106,153.5402774810791,79.96210643223354,1741607777061,1
1,1,block_2,2,Provo_ID12,3,1077713,1257085,1,gaze_data,1741607777129,178.63540649414062,83.7261826651437,1741607777093.4001,1
1,1,block_2,2,Provo_ID12,3,1077713,1257085,1,gaze_data,1741607777172,170.8395481109619,82.54652659098308,1741607777126.1,1
1,1,block_2,2,Provo_ID12,3,1077713,1257085,1,gaze_data,1741607777205,175.6072998046875,87.41316749936058,1741607777159.9001,1
1,1,block_2,2,Provo_ID12,3,1077713,1257085,1,gaze_data,1741607777239,172.21107482910156,85.84977195376442,1741607777194,1
1,1,block_2,2,Provo_ID12,3,1077713,1257085,1,gaze_data,1741607777273,172.07438945770264,84.42473547799247,1741607777228.1,1
1,1,block_2,2,Provo_ID12,3,1077713,1257085,1,gaze_data,1741607777298,169.34561729431152,89.5028286888486,1741607777261.9001,1
1,1,block_2,2,Provo_ID12,3,1077713,1257085,1,gaze_data,1741607777332,161.1722469329834,94.49977602277484,1741607777293.2,1
1,1,block_2,2,Provo_ID12,3,1077713,1257085,1,gaze_data,1741607777370,160.15396118164062,93.07406380063011,1741607777325.9001,1
1,1,block_2,2,Provo_ID12,3,1077713,1257085,1,gaze_data,1741607777405,156.93533420562744,93.33135423206149,1741607777361.2,1
1,1,block_2,2,Provo_ID12,3,1077713,1257085,1,gaze_data,1741607777432,146.39806747436523,94.68464896792457,1741607777394,1
1,1,block_2,2,Provo_ID12,3,1077713,1257085,1,gaze_data,1741607777471,147.73552417755127,96.8740109034947,1741607777427,1
1,1,block_2,2,Provo_ID12,3,1077713,1257085,1,gaze_data,1741607777499,142.698073387146,102.7734456743513,1741607777460.7,1
1,1,block_2,2,Provo_ID12,3,1077713,1257085,1,gaze_data,1741607777532,286.6800308227539,122.69921416328067,1741607777494.4001,1
1,1,block_2,2,Provo_ID12,3,1077713,1257085,1,gaze_data,1741607777565,289.9484634399414,118.33393482934862,1741607777526.1,1
1,1,block_2,2,Provo_ID12,3,1077713,1257085,1,gaze_data,1741607777601,283.72265100479126,110.66241150810606,1741607777560.3,1
1,1,block_2,2,Provo_ID12,3,1077713,1257085,1,gaze_data,1741607777640,280.9917449951172,101.62985756283715,1741607777606.2,1
1,1,block_2,2,Provo_ID12,3,1077713,1257085,1,gaze_data,1741607777664,280.0590991973877,104.07634099324545,1741607777628.5,1
1,1,block_2,2,Provo_ID12,3,1077713,1257085,1,gaze_data,1741607777704,283.8740944862366,102.27581478300549,1741607777661.8,1
1,1,block_2,2,Provo_ID12,3,1077713,1257085,1,gaze_data,1741607777730,386.52846813201904,113.23357014429003,1741607777694.3,1
1,1,block_2,2,Provo_ID12,3,1077713,1257085,1,gaze_data,1741607777759,508.0654263496399,121.058882077535,1741607777726.1,1
1,1,block_2,2,Provo_ID12,3,1077713,1257085,1,gaze_data,1741607777803,490.9101366996765,122.70318417322069,1741607777760.1,1
1,1,block_2,2,Provo_ID12,3,1077713,1257085,1,gaze_data,1741607777834,488.400936126709,117.43881021227156,1741607777794.2,1
1,1,block_2,2,Provo_ID12,3,1077713,1257085,1,gaze_data,1741607777870,480.0184369087219,112.48937629518055,1741607777837.1,1
1,1,block_2,2,Provo_ID12,3,1077713,1257085,1,gaze_data,1741607777897,487.48581409454346,117.87162576402937,1741607777860.5,1
1,1,block_2,2,Provo_ID12,3,1077713,1257085,1,gaze_data,1741607777933,477.1262049674988,121.95623102642242,1741607777892.5,1
1,1,block_2,2,Provo_ID12,3,1077713,1257085,1,gaze_data,1741607777968,488.5928153991699,112.9248385202317,1741607777927.2,1
1,1,block_2,2,Provo_ID12,3,1077713,1257085,1,gaze_data,1741607778002,417.27471351623535,111.37290250687373,1741607777969.9001,1
1,1,block_2,2,Provo_ID12,3,1077713,1257085,1,gaze_data,1741607778029,372.93004393577576,108.86227948325022,1741607777995.8,1
1,1,block_2,2,Provo_ID12,3,1077713,1257085,1,gaze_data,1741607778069,363.3459806442261,106.63111277988979,1741607778027,1
1,1,block_2,2,Provo_ID12,3,1077713,1257085,1,gaze_data,1741607778098,353.9527624845505,105.25228046235584,1741607778059.4001,1
1,1,block_2,2,Provo_ID12,3,1077713,1257085,1,gaze_data,1741607778128,348.4924912452698,105.83854675292969,1741607778093.3,1
1,1,block_2,2,Provo_ID12,3,1077713,1257085,1,gaze_data,1741607778170,348.9379286766052,105.47775450206939,1741607778139.5,1
1,1,block_2,2,Provo_ID12,3,1077713,1257085,1,gaze_data,1741607778201,252.22762823104858,110.69846539270311,1741607778160.7,1
1,1,block_2,2,Provo_ID12,3,1077713,1257085,1,gaze_data,1741607778233,217.5792932510376,109.50318268367224,1741607778195.5,1
1,1,block_2,2,Provo_ID12,3,1077713,1257085,1,gaze_data,1741607778259,207.53387212753296,107.21683706556048,1741607778228.5,1
1,1,block_2,2,Provo_ID12,3,1077713,1257085,1,gaze_data,1741607778301,205.96017837524414,107.68258117494129,1741607778267.5,1
1,1,block_2,2,Provo_ID12,3,1077713,1257085,1,gaze_data,1741607778329,200.47353506088257,107.68341177985782,1741607778295.4001,1
1,1,block_2,2,Provo_ID12,3,1077713,1257085,1,gaze_data,1741607778366,198.1698513031006,107.41747742607481,1741607778327.8,1
1,1,block_2,2,Provo_ID12,3,1077713,1257085,1,gaze_data,1741607778394,196.17345333099365,108.71364343734015,1741607778359.5,1
1,1,block_2,2,Provo_ID12,3,1077713,1257085,1,gaze_data,1741607778429,292.76041984558105,137.56559213002524,1741607778400.6,1
1,1,block_2,2,Provo_ID12,3,1077713,1257085,1,gaze_data,1741607778464,288.28314542770386,124.00693825313024,1741607778426.9001,1
1,1,block_2,2,Provo_ID12,3,1077713,1257085,1,gaze_data,1741607778501,279.0251135826111,119.21664260682606,1741607778461.5,1
1,1,block_2,2,Provo_ID12,3,1077713,1257085,1,gaze_data,1741607778532,275.4727244377136,117.37503664834159,1741607778495.9001,1
1,1,block_2,2,Provo_ID12,3,1077713,1257085,1,gaze_data,1741607778565,276.9229769706726,113.84155886513847,1741607778528.8,1
1,1,block_2,2,Provo_ID12,3,1077713,1257085,1,gaze_data,1741607778599,462.0386600494385,98.85284968784877,1741607778560.6,1
1,1,block_2,2,Provo_ID12,3,1077713,1257085,1,gaze_data,1741607778627,469.82494592666626,117.49648798079718,1741607778594,1
1,1,block_2,2,Provo_ID12,3,1077713,1257085,1,gaze_data,1741607778666,528.9013743400574,149.15244624728248,1741607778627.2,1
1,1,block_2,2,Provo_ID12,3,1077713,1257085,1,gaze_data,1741607778694,505.73657751083374,209.17413257417226,1741607778661.6,1
1,1,block_2,2,Provo_ID12,3,1077713,1257085,1,gaze_data,1741607778730,328.53829860687256,242.85245543434507,1741607778692.8,0
1,1,block_2,2,Provo_ID12,3,1077713,1257085,1,gaze_data,1741607778756,573.9837765693665,259.04290210633053,1741607778734.3,0
1,1,block_2,2,Provo_ID12,3,1077713,1257085,1,gaze_data,1741607778799,553.2820105552673,273.22601954142254,1741607778759.1,0
1,1,block_2,2,Provo_ID12,3,1077713,1257085,1,gaze_data,1741607778825,523.4495878219604,191.72940912700835,1741607778794,0.0005007244641484933
1,1,block_2,2,Provo_ID12,3,1077713,1257085,1,gaze_data,1741607778860,552.5557994842529,151.96763379233224,1741607778834.5,0.12829344592539524
1,1,block_2,2,Provo_ID12,3,1077713,1257085,1,gaze_data,1741607778898,535.9033942222595,135.91118199484688,1741607778860,0.40629186523603966
1,1,block_2,2,Provo_ID12,3,1077713,1257085,1,gaze_data,1741607778926,530.364179611206,114.66244992755709,1741607778892.5,0.6542276500194922
1,1,block_2,2,Provo_ID12,3,1077713,1257085,1,gaze_data,1741607778966,584.2897295951843,125.58382057008289,1741607778925.8,0.9751441665159946
1,1,block_2,2,Provo_ID12,3,1077713,1257085,1,gaze_data,1741607778999,575.462532043457,123.63443306514196,1741607778962.4001,1
1,1,block_2,2,Provo_ID12,3,1077713,1257085,1,gaze_data,1741607779029,588.3952856063843,125.2157077335176,1741607778996.1,0.9733391473859778
1,1,block_2,2,Provo_ID12,3,1077713,1257085,1,gaze_data,1741607779066,583.8101387023926,122.9572648093814,1741607779033.8,1
1,1,block_2,2,Provo_ID12,3,1077713,1257085,1,gaze_data,1741607779098,596.5697050094604,126.57773086002895,1741607779062.2,0.9990013770954711
1,1,block_2,2,Provo_ID12,3,1077713,1257085,1,gaze_data,1741607779127,592.8951025009155,127.04948629651751,1741607779093.4001,0.9959058253463215
1,1,block_2,2,Provo_ID12,3,1077713,1257085,1,gaze_data,1741607779167,586.6737365722656,131.20618525005523,1741607779126.8,1
1,1,block_2,2,Provo_ID12,3,1077713,1257085,1,gaze_data,1741607779205,596.2267398834229,120.77834878649031,1741607779162.9001,1
1,1,block_2,2,Provo_ID12,3,1077713,1257085,1,gaze_data,1741607779236,594.6447372436523,125.11565503619967,1741607779196.4001,1
1,1,block_2,2,Provo_ID12,3,1077713,1257085,1,gaze_data,1741607779271,600.5462884902954,121.41597180139452,1741607779238.7,1
1,1,block_2,2,Provo_ID12,3,1077713,1257085,1,gaze_data,1741607779293,611.024808883667,119.88278774988085,1741607779261.9001,1
1,1,block_2,2,Provo_ID12,3,1077713,1257085,1,gaze_data,1741607779331,619.5091485977173,114.46638493310839,1741607779293.7,1
1,1,block_2,2,Provo_ID12,3,1077713,1257085,1,gaze_data,1741607779355,620.7367420196533,127.45220297858829,1741607779326.7,1
1,1,block_2,2,Provo_ID12,3,1077713,1257085,1,gaze_data,1741607779398,617.0316934585571,124.26652340661913,1741607779360.5,1
1,1,block_2,2,Provo_ID12,3,1077713,1257085,1,gaze_data,1741607779427,622.5412607192993,119.0392591839745,1741607779403,1
1,1,block_2,2,Provo_ID12,3,1077713,1257085,1,gaze_data,1741607779466,618.6054229736328,129.78362651098342,1741607779428.8,1
1,1,block_2,2,Provo_ID12,3,1077713,1257085,1,gaze_data,1741607779499,626.6498804092407,119.74104994819278,1741607779459.9001,1
1,1,block_2,2,Provo_ID12,3,1077713,1257085,1,gaze_data,1741607779532,611.7932081222534,126.94321110135034,1741607779493.9001,1
1,1,block_2,2,Provo_ID12,3,1077713,1257085,1,gaze_data,1741607779559,609.2885494232178,120.23717448824928,1741607779527.7,1
1,1,block_2,2,Provo_ID12,3,1077713,1257085,1,gaze_data,1741607779594,611.0737085342407,128.4895862851824,1741607779560.4001,1
1,1,block_2,2,Provo_ID12,3,1077713,1257085,1,gaze_data,1741607779633,609.1463565826416,130.72620823269799,1741607779594,1
1,1,block_2,2,Provo_ID12,3,1077713,1257085,1,gaze_data,1741607779659,600.8866548538208,116.64545581454323,1741607779629.7,1
1,1,block_2,2,Provo_ID12,3,1077713,1257085,1,gaze_data,1741607779698,614.2996072769165,131.0386001496088,1741607779668.3,1
1,1,block_2,2,Provo_ID12,3,1077713,1257085,1,gaze_data,1741607779726,608.0650091171265,120.25370211828323,1741607779696.1,1
1,1,block_2,2,Provo_ID12,3,1077713,1257085,1,gaze_data,1741607779764,603.0776262283325,126.97333812713623,1741607779726.9001,1
1,1,block_2,2,Provo_ID12,3,1077713,1257085,1,gaze_data,1741607779793,601.4647960662842,116.76117738087973,1741607779768.4001,1
1,1,block_2,2,Provo_ID12,3,1077713,1257085,1,gaze_data,1741607779828,602.0012855529785,132.59131045568557,1741607779793.9001,1
1,1,block_2,2,Provo_ID12,3,1077713,1257085,1,gaze_data,1741607779865,600.0168323516846,132.63165814535958,1741607779827.8,1
1,1,block_2,2,Provo_ID12,3,1077713,1257085,1,gaze_data,1741607779892,609.7230672836304,119.03461342766172,1741607779863.2,1
1,1,block_2,2,Provo_ID12,3,1077713,1257085,1,gaze_data,1741607779932,604.5939922332764,133.8586727778117,1741607779900.5,1
1,1,block_2,2,Provo_ID12,3,1077713,1257085,1,gaze_data,1741607779965,622.1168756484985,123.88493787674678,1741607779929.5,1
1,1,block_2,2,Provo_ID12,3,1077713,1257085,1,gaze_data,1741607779998,639.7180557250977,128.88610862550283,1741607779960.1,1
1,1,block_2,2,Provo_ID12,3,1077713,1257085,1,gaze_data,1741607780027,643.9101934432983,120.26755491892497,1741607779994.2,1
1,1,block_2,2,Provo_ID12,3,1077713,1257085,1,gaze_data,1741607780060,657.176661491394,128.55396520523797,1741607780027.6,1
1,1,block_2,2,Provo_ID12,3,1077713,1257085,1,gaze_data,1741607780094,665.2806997299194,122.10975215548561,1741607780060.4001,1
1,1,block_2,2,Provo_ID12,3,1077713,1257085,1,gaze_data,1741607780126,657.829737663269,126.8613472438994,1741607780094.1,1
1,1,block_2,2,Provo_ID12,3,1077713,1257085,1,gaze_data,1741607780161,577.920925617218,123.23243436359225,1741607780128,1
1,1,block_2,2,Provo_ID12,3,1077713,1257085,1,gaze_data,1741607780198,256.09421730041504,134.05002162570045,1741607780161,1
1,1,block_2,2,Provo_ID12,3,1077713,1257085,1,gaze_data,1741607780231,181.82101249694824,149.7369809377761,1741607780196.2,1
1,1,block_2,2,Provo_ID12,3,1077713,1257085,1,gaze_data,1741607780261,180.5906057357788,151.88913458869573,1741607780235,1
1,1,block_2,2,Provo_ID12,3,1077713,1257085,1,gaze_data,1741607780294,190.46449661254883,147.79778594062444,1741607780260.8,0.988583526952798
1,1,block_2,2,Provo_ID12,3,1077713,1257085,1,gaze_data,1741607780333,187.15744018554688,145.25146098363967,1741607780294.2,1
1,1,block_2,2,Provo_ID12,3,1077713,1257085,1,gaze_data,1741607780365,186.10103130340576,150.7069444656372,1741607780329.7,1
1,1,block_2,2,Provo_ID12,3,1077713,1257085,1,gaze_data,1741607780392,178.80971431732178,149.8901501156035,1741607780361.5,1
1,1,block_2,2,Provo_ID12,3,1077713,1257085,1,gaze_data,1741607780427,184.03751850128174,149.5618077686855,1741607780394.2,1
1,1,block_2,2,Provo_ID12,3,1077713,1257085,1,gaze_data,1741607780460,179.73077297210693,148.16429387955438,1741607780427.9001,1
1,1,block_2,2,Provo_ID12,3,1077713,1257085,1,gaze_data,1741607780495,185.41302680969238,147.83177035195487,1741607780460.8,1
1,1,block_2,2,Provo_ID12,3,1077713,1257085,1,gaze_data,1741607780533,174.5476245880127,160.6082548413958,1741607780498,1
1,1,block_2,2,Provo_ID12,3,1077713,1257085,1,gaze_data,1741607780565,159.28921699523926,149.49575356074743,1741607780527.7,1
1,1,block_2,2,Provo_ID12,3,1077713,1257085,1,gaze_data,1741607780599,150.69234371185303,151.15813187190466,1741607780560.4001,1
1,1,block_2,2,Provo_ID12,3,1077713,1257085,1,gaze_data,1741607780628,149.493145942688,143.43133812858946,1741607780594.7,1
1,1,block_2,2,Provo_ID12,3,1077713,1257085,1,gaze_data,1741607780661,149.51176643371582,160.53279649643673,1741607780627.9001,1
1,1,block_2,2,Provo_ID12,3,1077713,1257085,1,gaze_data,1741607780695,148.80597591400146,143.13945792970205,1741607780661.5,1
1,1,block_2,2,Provo_ID12,3,1077713,1257085,1,gaze_data,1741607780729,156.21399879455566,160.9989136741275,1741607780695,1
1,1,block_2,2,Provo_ID12,3,1077713,1257085,1,gaze_data,1741607780764,158.36846828460693,160.68051746913366,1741607780729,1
1,1,block_2,2,Provo_ID12,3,1077713,1257085,1,gaze_data,1741607780793,156.43835067749023,152.36535276685444,1741607780764,1
1,1,block_2,2,Provo_ID12,3,1077713,1257085,1,gaze_data,1741607780832,209.1737151145935,164.3490319024949,1741607780795,1
1,1,block_2,2,Provo_ID12,3,1077713,1257085,1,gaze_data,1741607780861,200.99666118621826,147.2460531053089,1741607780827.9001,1
1,1,block_2,2,Provo_ID12,3,1077713,1257085,1,gaze_data,1741607780898,211.15765571594238,141.88278084709532,1741607780861.2,0.9948942368219962
1,1,block_2,2,Provo_ID12,3,1077713,1257085,1,gaze_data,1741607780932,223.6358642578125,157.93638887859527,1741607780902,1
1,1,block_2,2,Provo_ID12,3,1077713,1257085,1,gaze_data,1741607780961,221.5074896812439,150.53526265280587,1741607780929.8,1
1,1,block_2,2,Provo_ID12,3,1077713,1257085,1,gaze_data,1741607781000,232.75436162948608,159.05060313996816,1741607780961.2,1
1,1,block_2,2,Provo_ID12,3,1077713,1257085,1,gaze_data,1741607781021,245.81291675567627,175.67813805171423,1741607780994.6,1
1,1,block_2,2,Provo_ID12,3,1077713,1257085,1,gaze_data,1741607781066,262.0699644088745,180.9026640937442,1741607781028.4001,1
1,1,block_2,2,Provo_ID12,3,1077713,1257085,1,gaze_data,1741607781091,270.94478607177734,188.8002245766776,1741607781061.4001,1
1,1,block_2,2,Provo_ID12,3,1077713,1257085,1,gaze_data,1741607781127,277.3676872253418,188.1436877023606,1741607781100.4001,0.9705726957794982
1,1,block_2,2,Provo_ID12,3,1077713,1257085,1,gaze_data,1741607781166,268.65880489349365,185.24538335346043,1741607781129.7,1
1,1,block_2,2,Provo_ID12,3,1077713,1257085,1,gaze_data,1741607781197,425.16099512577057,213.81497564769927,1741607781160.8,0.9934019428156269
1,1,block_2,2,Provo_ID12,3,1077713,1257085,1,gaze_data,1741607781227,428.19501757621765,169.1771341505505,1741607781201.2,1
1,1,block_2,2,Provo_ID12,3,1077713,1257085,1,gaze_data,1741607781256,446.802219748497,180.54977666764034,1741607781227.7,1
1,1,block_2,2,Provo_ID12,3,1077713,1257085,1,gaze_data,1741607781300,449.2783695459366,188.50462073371526,1741607781262.1,1
1,1,block_2,2,Provo_ID12,3,1077713,1257085,1,gaze_data,1741607781327,440.95280170440674,180.2919019971575,1741607781296.4001,1
1,1,block_2,2,Provo_ID12,3,1077713,1257085,1,gaze_data,1741607781366,513.3259415626526,369.3012033190046,1741607781334.4001,1
1,1,block_2,2,Provo_ID12,3,1077713,1257085,1,gaze_data,1741607781400,363.61059844493866,297.5262040183658,1741607781361.1,0
1,1,block_2,2,Provo_ID12,3,1077713,1257085,1,gaze_data,1741607781425,339.6591782569885,291.42860662369503,1741607781394.9001,0
1,1,block_2,2,Provo_ID12,3,1077713,1257085,1,gaze_data,1741607781456,433.3535313606262,204.07389459155857,1741607781434.3,0
1,1,block_2,2,Provo_ID12,3,1077713,1257085,1,gaze_data,1741607781499,525.0710248947144,272.32286339714415,1741607781461.1,0
1,1,block_2,2,Provo_ID12,3,1077713,1257085,1,gaze_data,1741607781530,561.9342565536499,340.800389335269,1741607781497.1,0
1,1,block_2,2,Provo_ID12,3,1077713,1257085,1,gaze_data,1741607781563,540.2614831924438,294.6106610979353,1741607781530.6,0
1,1,block_2,2,Provo_ID12,3,1077713,1257085,1,gaze_data,1741607781598,531.2816143035889,275.93178896676926,1741607781562.3,0.006593235157785794
1,1,block_2,2,Provo_ID12,3,1077713,1257085,1,gaze_data,1741607781627,428.5204976797104,285.5427290144421,1741607781595,0.14488380798603417
1,1,block_2,2,Provo_ID12,3,1077713,1257085,1,gaze_data,1741607781661,435.8670115470886,240.23244948614212,1741607781628.2,0.4255468055087288
1,1,block_2,2,Provo_ID12,3,1077713,1257085,1,gaze_data,1741607781693,418.8445061445236,241.71435776210967,1741607781661.1,0.6091079436080855
1,1,block_2,2,Provo_ID12,3,1077713,1257085,1,gaze_data,1741607781732,423.64806830883026,241.45037673768545,1741607781695.6,0.6755711669736668
1,1,block_2,2,Provo_ID12,3,1077713,1257085,1,gaze_data,1741607781775,421.3026851415634,249.16743902933032,1741607781731.1,0.8246969446021577
1,1,block_2,2,Provo_ID12,3,1077713,1257085,1,gaze_data,1741607781799,429.8467993736267,243.7080084142231,1741607781763.4001,0.9357440399639716
1,1,block_2,2,Provo_ID12,3,1077713,1257085,1,gaze_data,1741607781829,440.57630598545074,242.33777954464867,1741607781796.6,0.8486618339154073
1,1,block_2,2,Provo_ID12,3,1077713,1257085,1,gaze_data,1741607781866,430.3497016429901,247.84217193013146,1741607781835,0.9272102203067152
1,1,block_2,2,Provo_ID12,3,1077713,1257085,1,gaze_data,1741607781894,510.28616428375244,231.06365521748862,1741607781861.9001,0.854863541577199
1,1,block_2,2,Provo_ID12,3,1077713,1257085,1,gaze_data,1741607781926,502.03614234924316,236.66348797934398,1741607781895.4001,0.9290658687250336
1,1,block_2,2,Provo_ID12,3,1077713,1257085,1,gaze_data,1741607781970,489.8690104484558,228.33588883990333,1741607781938.1,1
1,1,block_2,2,Provo_ID12,3,1077713,1257085,1,gaze_data,1741607781993,520.3869104385376,220.39152588163105,1741607781962.9001,0.9322510067120026
1,1,block_2,2,Provo_ID12,3,1077713,1257085,1,gaze_data,1741607782032,495.8552360534668,217.0258302915664,1741607781996.1,1
1,1,block_2,2,Provo_ID12,3,1077713,1257085,1,gaze_data,1741607782062,522.1745491027832,209.69126860300702,1741607782028.9001,0.9401220059536954
1,1,block_2,2,Provo_ID12,3,1077713,1257085,1,gaze_data,1741607782094,498.1297254562378,206.11838635944187,1741607782062.2,1
1,1,block_2,2,Provo_ID12,3,1077713,1257085,1,gaze_data,1741607782130,505.4680585861206,207.02463263557073,1741607782095.9001,1
1,1,block_2,2,Provo_ID12,3,1077713,1257085,1,gaze_data,1741607782166,537.5618100166321,211.94455192202614,1741607782134.6,0.9630110757806696
1,1,block_2,2,Provo_ID12,3,1077713,1257085,1,gaze_data,1741607782194,509.26467180252075,208.29153038206556,1741607782163.3,1
1,1,block_2,2,Provo_ID12,3,1077713,1257085,1,gaze_data,1741607782232,537.571907043457,207.79396988096693,1741607782195.1,0.993763077989517
1,1,block_2,2,Provo_ID12,3,1077713,1257085,1,gaze_data,1741607782262,524.2516279220581,200.44199012574697,1741607782228.6,1
1,1,block_2,2,Provo_ID12,3,1077713,1257085,1,gaze_data,1741607782296,562.3135566711426,203.89480772472564,1741607782262.7,0.9615137724993188
1,1,block_2,2,Provo_ID12,3,1077713,1257085,1,gaze_data,1741607782326,569.9276566505432,205.6994658424741,1741607782295.9001,0.9940800834498096
1,1,block_2,2,Provo_ID12,3,1077713,1257085,1,gaze_data,1741607782360,547.9685425758362,199.82597691672188,1741607782335.1,1
1,1,block_2,2,Provo_ID12,3,1077713,1257085,1,gaze_data,1741607782400,260.62129735946655,262.50692231314525,1741607782363.1,0.9866625651886762
1,1,block_2,2,Provo_ID12,3,1077713,1257085,1,gaze_data,1741607782432,233.09069871902466,256.2759424391247,1741607782395,0.8501039431814674
1,1,block_2,2,Provo_ID12,3,1077713,1257085,1,gaze_data,1741607782460,235.29574871063232,258.66199232283094,1741607782428.9001,0.7927333347573886
1,1,block_2,2,Provo_ID12,3,1077713,1257085,1,gaze_data,1741607782500,224.97236728668213,246.29124601682028,1741607782462.1,0.7897001569849844
1,1,block_2,2,Provo_ID12,3,1077713,1257085,1,gaze_data,1741607782533,201.3216495513916,254.7322702407837,1741607782495.4001,1
1,1,block_2,2,Provo_ID12,3,1077713,1257085,1,gaze_data,1741607782558,221.6174840927124,245.14145828428724,1741607782530.4001,0.8032698202439206
1,1,block_2,2,Provo_ID12,3,1077713,1257085,1,gaze_data,1741607782599,197.13797569274902,255.36199898946853,1741607782562.1,0.9885279882945421
1,1,block_2,2,Provo_ID12,3,1077713,1257085,1,gaze_data,1741607782622,218.87084245681763,249.42524682907833,1741607782595.3,0.8733911342404035
1,1,block_2,2,Provo_ID12,3,1077713,1257085,1,gaze_data,1741607782663,206.22388124465942,248.15223568961736,1741607782628.6,0.8960395729151442
1,1,block_2,2,Provo_ID12,3,1077713,1257085,1,gaze_data,1741607782699,186.30023002624512,259.4047466913859,1741607782665.2,1
1,1,block_2,2,Provo_ID12,3,1077713,1257085,1,gaze_data,1741607782733,195.8242416381836,250.11886528560095,1741607782696.8,0.8416741057580928
1,1,block_2,2,Provo_ID12,3,1077713,1257085,1,gaze_data,1741607782765,182.11841583251953,260.32173099971953,1741607782728.3,1
1,1,block_2,2,Provo_ID12,3,1077713,1257085,1,gaze_data,1741607782793,261.70417070388794,299.41574573516846,1741607782762.2,0.9294326630790999
1,1,block_2,2,Provo_ID12,3,1077713,1257085,1,gaze_data,1741607782831,255.1775097846985,270.1775798343477,1741607782796,0.8290550377743218
1,1,block_2,2,Provo_ID12,3,1077713,1257085,1,gaze_data,1741607782864,247.32251167297363,274.08799387159803,1741607782831.2,1
1,1,block_2,2,Provo_ID12,3,1077713,1257085,1,gaze_data,1741607782898,265.79084396362305,277.23808765411377,1741607782864,0.9279146030979164
1,1,block_2,2,Provo_ID12,3,1077713,1257085,1,gaze_data,1741607782932,251.72669887542725,276.4296028727577,1741607782897.3,1
1,1,block_2,2,Provo_ID12,3,1077713,1257085,1,gaze_data,1741607782959,269.34462785720825,280.3811529704503,1741607782929.4001,0.8879511243771803
1,1,block_2,2,Provo_ID12,3,1077713,1257085,1,gaze_data,1741607782992,334.50289964675903,341.63437298366006,1741607782962.1,1
1,1,block_2,2,Provo_ID12,3,1077713,1257085,1,gaze_data,1741607783030,330.84912300109863,313.8452466328939,1741607783001.3,1
1,1,block_2,2,Provo_ID12,3,1077713,1257085,1,gaze_data,1741607783062,351.8470138311386,306.1694295065744,1741607783030.4001,0.8118408613498058
1,1,block_2,2,Provo_ID12,3,1077713,1257085,1,gaze_data,1741607783099,336.77375316619873,303.1644980112712,1741607783062,1
1,1,block_2,2,Provo_ID12,3,1077713,1257085,1,gaze_data,1741607783132,354.66741621494293,305.40480840773813,1741607783095.3,1
1,1,block_2,2,Provo_ID12,3,1077713,1257085,1,gaze_data,1741607783160,516.7923927307129,312.6433190845308,1741607783128.9001,1
1,1,block_2,2,Provo_ID12,3,1077713,1257085,1,gaze_data,1741607783193,517.3371911048889,305.8223774319603,1741607783163.2,1
1,1,block_2,2,Provo_ID12,3,1077713,1257085,1,gaze_data,1741607783231,511.9629383087158,304.42409628913515,1741607783196.1,0.9787425050015197
1,1,block_2,2,Provo_ID12,3,1077713,1257085,1,gaze_data,1741607783264,502.4260401725769,296.3143303280785,1741607783231.2,1
1,1,block_2,2,Provo_ID12,3,1077713,1257085,1,gaze_data,1741607783291,519.89666223526,295.4699007670085,1741607783264.2,0.9926937877985997
1,1,block_2,2,Provo_ID12,3,1077713,1257085,1,gaze_data,1741607783324,503.0446767807007,287.6057967685518,1741607783295.4001,1
1,1,block_2,2,Provo_ID12,3,1077713,1257085,1,gaze_data,1741607783361,515.0484442710876,284.8541716166905,1741607783329.7,1
1,1,block_2,2,Provo_ID12,3,1077713,1257085,1,gaze_data,1741607783394,617.3735618591309,267.3135238602048,1741607783361.9001,1
1,1,block_2,2,Provo_ID12,3,1077713,1257085,1,gaze_data,1741607783426,634.2241525650024,285.11018798464823,1741607783395.4001,0.7827834185592097
1,1,block_2,2,Provo_ID12,3,1077713,1257085,1,gaze_data,1741607783466,635.4071617126465,281.20435987200057,1741607783430.8,0.6061481781470863
1,1,block_2,2,Provo_ID12,3,1077713,1257085,1,gaze_data,1741607783498,602.5918483734131,274.07548904418945,1741607783465,0.8869616686215522
1,1,block_2,2,Provo_ID12,3,1077713,1257085,1,gaze_data,1741607783530,632.2337627410889,278.59955469767254,1741607783498.8,0.5489888693082773
1,1,block_2,2,Provo_ID12,3,1077713,1257085,1,gaze_data,1741607783557,504.6348452568054,304.522663752238,1741607783530.1,0.869603220669884
1,1,block_2,2,Provo_ID12,3,1077713,1257085,1,gaze_data,1741607783594,184.2726469039917,319.8267564319429,1741607783562.6,0.8421356591769089
1,1,block_2,2,Provo_ID12,3,1077713,1257085,1,gaze_data,1741607783629,196.83518409729004,331.20974631536575,1741607783596.3,0.7504702970676684
1,1,block_2,2,Provo_ID12,3,1077713,1257085,1,gaze_data,1741607783663,188.34409713745117,335.514722324553,1741607783630.5,0.703939505621113
1,1,block_2,2,Provo_ID12,3,1077713,1257085,1,gaze_data,1741607783696,176.64871215820312,338.73069081987654,1741607783666.7,0.6863209901049258
1,1,block_2,2,Provo_ID12,3,1077713,1257085,1,gaze_data,1741607783732,180.57599067687988,336.78519589560375,1741607783696.1,0.6786667391931608
1,1,block_2,2,Provo_ID12,3,1077713,1257085,1,gaze_data,1741607783760,170.81780433654785,335.22825513567244,1741607783729.7,0.6686692329863632
1,1,block_2,2,Provo_ID12,3,1077713,1257085,1,gaze_data,1741607783794,173.00584316253662,334.63839894249327,1741607783762.2,0.6997700769658318
1,1,block_2,2,Provo_ID12,3,1077713,1257085,1,gaze_data,1741607783829,171.24087810516357,333.1097480228969,1741607783796.6,0.7154048375813239
1,1,block_2,2,Provo_ID12,3,1077713,1257085,1,gaze_data,1741607783857,172.37071990966797,335.68820612771174,1741607783829.4001,0.7229212152400987
1,1,block_2,2,Provo_ID12,3,1077713,1257085,1,gaze_data,1741607783898,173.14865589141846,333.6189862659999,1741607783862.5,0.7397316324491784
1,1,block_2,2,Provo_ID12,3,1077713,1257085,1,gaze_data,1741607783926,302.7751564979553,385.9906323750814,1741607783895.9001,0.7050041889515128
1,1,block_2,2,Provo_ID12,3,1077713,1257085,1,gaze_data,1741607783960,291.41252040863037,368.8160315014067,1741607783929.2,0.7271970871663914
1,1,block_2,2,Provo_ID12,3,1077713,1257085,1,gaze_data,1741607783995,300.6844639778137,374.1369429088774,1741607783962.7,0.8275561586511613
1,1,block_2,2,Provo_ID12,3,1077713,1257085,1,gaze_data,1741607784028,311.56086921691895,376.3233062199184,1741607783997.6,0.7111186255648276
1,1,block_2,2,Provo_ID12,3,1077713,1257085,1,gaze_data,1741607784054,317.3120617866516,380.46206973847893,1741607784031,0.7848129932322588
1,1,block_2,2,Provo_ID12,3,1077713,1257085,1,gaze_data,1741607784097,293.49292516708374,370.34746987479076,1741607784065.5,0.8361479835109966
1,1,block_2,2,Provo_ID12,3,1077713,1257085,1,gaze_data,1741607784131,412.26515769958496,381.11385527111236,1741607784095.9001,0.6167138100426828
1,1,block_2,2,Provo_ID12,3,1077713,1257085,1,gaze_data,1741607784164,413.3049339056015,371.93323544093545,1741607784129.7,0.7827131861729604
1,1,block_2,2,Provo_ID12,3,1077713,1257085,1,gaze_data,1741607784198,424.145171046257,375.8287302652995,1741607784162.6,0.5970701753902593
1,1,block_2,2,Provo_ID12,3,1077713,1257085,1,gaze_data,1741607784230,421.428120136261,377.79506774175735,1741607784196.7,0.7896292179503399
1,1,block_2,2,Provo_ID12,3,1077713,1257085,1,gaze_data,1741607784259,428.0993640422821,372.30744407290507,1741607784229.2,0.5286410947573253
1,1,block_2,2,Provo_ID12,3,1077713,1257085,1,gaze_data,1741607784292,538.4778499603271,358.07628177461174,1741607784263.4001,0.8344445808177995
1,1,block_2,2,Provo_ID12,3,1077713,1257085,1,gaze_data,1741607784330,536.5649700164795,372.16885975428994,1741607784297.8,0.7293692813423794
1,1,block_2,2,Provo_ID12,3,1077713,1257085,1,gaze_data,1741607784364,535.9786152839661,357.4506251017253,1741607784331.9001,0.5713435969603311
1,1,block_2,2,Provo_ID12,3,1077713,1257085,1,gaze_data,1741607784395,530.9236407279968,356.94306918552945,1741607784364.6,0.6624721651258851
1,1,block_2,2,Provo_ID12,3,1077713,1257085,1,gaze_data,1741607784429,401.3538330793381,196.99333962940037,1741607784403.6,0.5658567784572685
1,1,block_2,2,Provo_ID12,3,1077713,1257085,1,gaze_data,1741607784465,179.12421226501465,79.88653546287901,1741607784429.4001,0.6853526686174085
1,1,block_2,2,Provo_ID12,3,1077713,1257085,1,gaze_data,1741607784497,159.12668704986572,79.45478984287807,1741607784462.9001,1
1,1,block_2,2,Provo_ID12,3,1077713,1257085,1,gaze_data,1741607784530,170.611834526062,81.79512478056408,1741607784495.8,1
1,1,block_2,2,Provo_ID12,3,1077713,1257085,1,gaze_data,1741607784560,158.62419605255127,84.0009861900693,1741607784529.6,1
1,1,block_2,2,Provo_ID12,3,1077713,1257085,1,gaze_data,1741607784593,161.79299354553223,83.91147795177642,1741607784564.1,1
1,1,block_2,2,Provo_ID12,3,1077713,1257085,1,gaze_data,1741607784629,162.29183673858643,84.86306962512789,1741607784599.5,1
1,1,block_2,2,Provo_ID12,3,1077713,1257085,1,gaze_data,1741607784664,167.9781436920166,83.89030456542969,1741607784629.5,1
1,1,block_2,2,Provo_ID12,3,1077713,1257085,1,gaze_data,1741607784697,168.64581108093262,82.71940503801619,1741607784663.5,1
1,1,block_2,2,Provo_ID12,3,1077713,1257085,1,gaze_data,1741607784729,155.0182819366455,87.75872730073475,1741607784696.3,1
1,1,block_2,2,Provo_ID12,3,1077713,1257085,1,gaze_data,1741607784759,164.14494514465332,83.95616168067569,1741607784729.6,1
1,1,block_2,2,Provo_ID12,3,1077713,1257085,1,gaze_data,1741607784794,152.45637893676758,88.74669665382022,1741607784763.4001,1
1,1,block_2,2,Provo_ID12,3,1077713,1257085,1,gaze_data,1741607784822,170.71294784545898,98.98239589872814,1741607784797.7,1
1,1,block_2,2,Provo_ID12,3,1077713,1257085,1,gaze_data,1741607784865,275.73649883270264,115.69148495083763,1741607784831.6,1
1,1,block_2,2,Provo_ID12,3,1077713,1257085,1,gaze_data,1741607784894,264.7343158721924,99.41211427961078,1741607784865.4001,1
1,1,block_2,2,Provo_ID12,3,1077713,1257085,1,gaze_data,1741607784931,261.81793212890625,103.46236910138812,1741607784898.3,1
1,1,block_2,2,Provo_ID12,3,1077713,1257085,1,gaze_data,1741607784963,264.8745059967041,97.85007022676014,1741607784930.2,1
1,1,block_2,2,Provo_ID12,3,1077713,1257085,1,gaze_data,1741607784991,266.4117693901062,101.61431539626349,1741607784963.1,1
1,1,block_2,2,Provo_ID12,3,1077713,1257085,1,gaze_data,1741607785020,435.6524497270584,107.53950595855713,1741607784996.2,1
1,1,block_2,2,Provo_ID12,3,1077713,1257085,1,gaze_data,1741607785067,442.39528477191925,112.11605458032518,1741607785030.7,1
1,1,block_2,2,Provo_ID12,3,1077713,1257085,1,gaze_data,1741607785096,430.03971576690674,113.87112276894706,1741607785062.9001,1
1,1,block_2,2,Provo_ID12,3,1077713,1257085,1,gaze_data,1741607785121,440.99113047122955,113.23410511016846,1741607785096.1,1
1,1,block_2,2,Provo_ID12,3,1077713,1257085,1,gaze_data,1741607785160,428.3135622739792,114.22436918531146,1741607785129.9001,1
1,1,block_2,2,Provo_ID12,3,1077713,1257085,1,gaze_data,1741607785187,598.0940580368042,110.12669949304491,1741607785163.5,1
1,1,block_2,2,Provo_ID12,3,1077713,1257085,1,gaze_data,1741607785228,617.6911115646362,104.0906724475679,1741607785197.2,1
1,1,block_2,2,Provo_ID12,3,1077713,1257085,1,gaze_data,1741607785256,596.5025901794434,110.96186569758825,1741607785231.2,1
1,1,block_2,2,Provo_ID12,3,1077713,1257085,1,gaze_data,1741607785296,609.5921516418457,102.052001953125,1741607785266.1,1
1,1,block_2,2,Provo_ID12,3,1077713,1257085,1,gaze_data,1741607785330,604.6465873718262,107.93004512786865,1741607785296.3,1
1,1,block_2,2,Provo_ID12,3,1077713,1257085,1,gaze_data,1741607785364,612.7978324890137,98.75931512741816,1741607785330.5,1
1,1,block_2,2,Provo_ID12,3,1077713,1257085,1,gaze_data,1741607785398,517.0998454093933,111.23257251012893,1741607785363.6,1
1,1,block_2,2,Provo_ID12,3,1077713,1257085,1,gaze_data,1741607785431,325.33295154571533,94.18271019345238,1741607785398,1
1,1,block_2,2,Provo_ID12,3,1077713,1257085,1,gaze_data,1741607785460,333.64096879959106,101.76562627156576,1741607785430.2,1
1,1,block_2,2,Provo_ID12,3,1077713,1257085,1,gaze_data,1741607785492,328.2673478126526,97.9022434779576,1741607785463,1
1,1,block_2,2,Provo_ID12,3,1077713,1257085,1,gaze_data,1741607785527,285.0492596626282,91.93543116251628,1741607785497.3,1
1,1,block_2,2,Provo_ID12,3,1077713,1257085,1,gaze_data,1741607785566,233.43108892440796,92.70082655407134,1741607785530.9001,1
1,1,block_2,2,Provo_ID12,3,1077713,1257085,1,gaze_data,1741607785596,239.4982933998108,95.09446098690941,1741607785566.8,1
1,1,block_2,2,Provo_ID12,3,1077713,1257085,1,gaze_data,1741607785630,234.71906185150146,95.81911450340635,1741607785599.3,1
1,1,block_2,2,Provo_ID12,3,1077713,1257085,1,gaze_data,1741607785663,242.53588914871216,96.78002584548224,1741607785630,1
1,1,block_2,2,Provo_ID12,3,1077713,1257085,1,gaze_data,1741607785697,231.50453567504883,95.21009808494932,1741607785663.8,1
1,1,block_2,2,Provo_ID12,3,1077713,1257085,1,gaze_data,1741607785726,240.22551774978638,98.60200700305758,1741607785698,1
1,1,block_2,2,Provo_ID12,3,1077713,1257085,1,gaze_data,1741607785759,228.9263129234314,99.12255695887974,1741607785729.7,1
1,1,block_2,2,Provo_ID12,3,1077713,1257085,1,gaze_data,1741607785796,230.09274005889893,99.63105610438755,1741607785764.7,1
1,1,block_2,2,Provo_ID12,3,1077713,1257085,1,gaze_data,1741607785829,228.7760853767395,94.02982257661365,1741607785796.1,1
1,1,block_2,2,Provo_ID12,3,1077713,1257085,1,gaze_data,1741607785863,217.53897666931152,93.05252438499815,1741607785830.4001,1
1,1,block_2,2,Provo_ID12,3,1077713,1257085,1,gaze_data,1741607785893,224.87757205963135,90.17232440766834,1741607785866.5,1
1,1,block_2,2,Provo_ID12,3,1077713,1257085,1,gaze_data,1741607785926,148.47538471221924,81.73163277762278,1741607785896.7,1
1,1,block_2,2,Provo_ID12,3,1077713,1257085,1,gaze_data,1741607785960,144.01214122772217,77.79408681960334,1741607785931.3,1
1,1,block_2,2,Provo_ID12,3,1077713,1257085,1,gaze_data,1741607785992,143.5697317123413,82.37942014421736,1741607785964.2,1
1,1,block_2,2,Provo_ID12,3,1077713,1257085,1,gaze_data,1741607786030,150.0645399093628,82.69350142706008,1741607785997.5,1
1,1,block_2,2,Provo_ID12,3,1077713,1257085,1,gaze_data,1741607786060,138.5679006576538,83.43645640781948,1741607786030.1,1
1,1,block_2,2,Provo_ID12,3,1077713,1257085,1,gaze_data,1741607786093,144.92487907409668,86.19617643810454,1741607786065.4001,1
1,1,block_2,2,Provo_ID12,3,1077713,1257085,1,gaze_data,1741607786132,133.87000560760498,85.02403804234096,1741607786098.2,1
1,1,block_2,2,Provo_ID12,3,1077713,1257085,1,gaze_data,1741607786159,127.66909599304199,84.74042165847052,1741607786131.4001,1
1,1,block_2,2,Provo_ID12,3,1077713,1257085,1,gaze_data,1741607786196,134.0266227722168,91.29797708420527,1741607786164.6,1
1,1,block_2,2,Provo_ID12,3,1077713,1257085,1,gaze_data,1741607786224,245.84881067276,154.2044950666882,1741607786196.6,1
1,1,block_2,2,Provo_ID12,3,1077713,1257085,1,gaze_data,1741607786259,306.60489797592163,330.2022155125936,1741607786231,1
1,1,block_2,2,Provo_ID12,3,1077713,1257085,1,gaze_data,1741607786293,348.160183429718,258.6902786436535,1741607786267.4001,0.1270095443793274
1,1,block_2,2,Provo_ID12,3,1077713,1257085,1,gaze_data,1741607786329,359.5988631248474,295.99506832304456,1741607786298.7,0
1,1,block_2,2,Provo_ID12,3,1077713,1257085,1,gaze_data,1741607786362,328.4783124923706,214.27030200049992,1741607786330.4001,0
1,1,block_2,2,Provo_ID12,3,1077713,1257085,1,gaze_data,1741607786403,439.6436482667923,266.23045376368935,1741607786364,0
1,1,block_2,2,Provo_ID12,3,1077713,1257085,1,gaze_data,1741607786430,394.74806785583496,248.61825960023063,1741607786398.1,0
1,1,block_2,2,Provo_ID12,3,1077713,1257085,1,gaze_data,1741607786462,394.95319724082947,213.44434987931027,1741607786430.1,0.0020244626356846884
1,1,block_2,2,Provo_ID12,3,1077713,1257085,1,gaze_data,1741607786492,403.0972220003605,155.18089226314,1741607786463.9001,0.21049004183009223
1,1,block_2,2,Provo_ID12,3,1077713,1257085,1,gaze_data,1741607786532,421.26544713974,138.24337981996084,1741607786497.5,0.610866689119976
1,1,block_2,2,Provo_ID12,3,1077713,1257085,1,gaze_data,1741607786560,423.9698588848114,123.24290843237014,1741607786532,0.9110024503373007
1,1,block_2,2,Provo_ID12,3,1077713,1257085,1,gaze_data,1741607786597,430.0834208726883,123.75834805624827,1741607786565.6,1
1,1,block_2,2,Provo_ID12,3,1077713,1257085,1,gaze_data,1741607786625,434.0810298919678,122.94604460398357,1741607786597.7,1
1,1,block_2,2,Provo_ID12,3,1077713,1257085,1,gaze_data,1741607786658,545.9461569786072,121.53783139728365,1741607786630.6,1
1,1,block_2,2,Provo_ID12,3,1077713,1257085,1,gaze_data,1741607786690,622.3646879196167,117.63165133340019,1741607786663.8,1
1,1,block_2,2,Provo_ID12,3,1077713,1257085,1,gaze_data,1741607786732,607.8065156936646,114.13877464476086,1741607786698,0.9795045352737946
1,1,block_2,2,Provo_ID12,3,1077713,1257085,1,gaze_data,1741607786760,618.7406539916992,128.77525806427002,1741607786732.4001,1
1,1,block_2,2,Provo_ID12,3,1077713,1257085,1,gaze_data,1741607786799,612.6123666763306,111.58401693616595,1741607786766,1
1,1,block_2,2,Provo_ID12,3,1077713,1257085,1,gaze_data,1741607786829,628.5422563552856,127.08956650325231,1741607786797.6,1
1,1,block_2,2,Provo_ID12,3,1077713,1257085,1,gaze_data,1741607786864,368.4692621231079,134.3131685256958,1741607786830.4001,1
1,1,block_2,2,Provo_ID12,3,1077713,1257085,1,gaze_data,1741607786890,200.97507238388062,154.5587832587106,1741607786864.4001,1
1,1,block_2,2,Provo_ID12,3,1077713,1257085,1,gaze_data,1741607786922,219.54716444015503,162.35141300019765,1741607786899,1
1,1,block_2,2,Provo_ID12,3,1077713,1257085,1,gaze_data,1741607786962,214.13737535476685,153.5160221372332,1741607786931.9001,1
1,1,block_2,2,Provo_ID12,3,1077713,1257085,1,gaze_data,1741607786991,212.79665231704712,149.14570286160424,1741607786963.7,1
1,1,block_2,2,Provo_ID12,3,1077713,1257085,1,gaze_data,1741607787026,212.6866340637207,147.9532779966082,1741607786997.2,1
1,1,block_2,2,Provo_ID12,3,1077713,1257085,1,gaze_data,1741607787060,211.6974949836731,150.28223787035262,1741607787030,1
1,1,block_2,2,Provo_ID12,3,1077713,1257085,1,gaze_data,1741607787092,319.46253776550293,182.91578996749152,1741607787065.7,1
1,1,block_2,2,Provo_ID12,3,1077713,1257085,1,gaze_data,1741607787128,353.7308633327484,163.19665908813477,1741607787097.9001,1
1,1,block_2,2,Provo_ID12,3,1077713,1257085,1,gaze_data,1741607787161,343.0648922920227,164.84440326690674,1741607787132.2,1
1,1,block_2,2,Provo_ID12,3,1077713,1257085,1,gaze_data,1741607787189,369.7028487920761,165.09529522487097,1741607787164.1,1
1,1,block_2,2,Provo_ID12,3,1077713,1257085,1,gaze_data,1741607787224,346.4062452316284,154.2548381714594,1741607787197.3,1
1,1,block_2,2,Provo_ID12,3,1077713,1257085,1,gaze_data,1741607787255,371.0258185863495,158.8646954581851,1741607787230.3,1
1,1,block_2,2,Provo_ID12,3,1077713,1257085,1,gaze_data,1741607787292,368.48856806755066,151.44819600241524,1741607787266.1,1
1,1,block_2,2,Provo_ID12,3,1077713,1257085,1,gaze_data,1741607787326,358.16188752651215,161.23288381667365,1741607787299,1
1,1,block_2,2,Provo_ID12,3,1077713,1257085,1,gaze_data,1741607787354,524.0664005279541,168.46023060026624,1741607787331.6,1
1,1,block_2,2,Provo_ID12,3,1077713,1257085,1,gaze_data,1741607787390,483.00955295562744,161.56530175890242,1741607787364,1
1,1,block_2,2,Provo_ID12,3,1077713,1257085,1,gaze_data,1741607787426,504.6284794807434,162.73087978363037,1741607787397.8,1
1,1,block_2,2,Provo_ID12,3,1077713,1257085,1,gaze_data,1741607787454,500.36020278930664,166.1303134191604,1741607787431.8,1
1,1,block_2,2,Provo_ID12,3,1077713,1257085,1,gaze_data,1741607787490,500.0174045562744,165.4239895230248,1741607787464.9001,1
1,1,block_2,2,Provo_ID12,3,1077713,1257085,1,gaze_data,1741607787526,518.1514501571655,159.77092061723982,1741607787500.3,1
1,1,block_2,2,Provo_ID12,3,1077713,1257085,1,gaze_data,1741607787558,506.07670545578003,163.79911513555618,1741607787531.7,1
1,1,block_2,2,Provo_ID12,3,1077713,1257085,1,gaze_data,1741607787586,526.482343673706,165.2708133061727,1741607787564.8,1
1,1,block_2,2,Provo_ID12,3,1077713,1257085,1,gaze_data,1741607787622,525.4606485366821,165.1481512614659,1741607787598.1,1
1,1,block_2,2,Provo_ID12,3,1077713,1257085,1,gaze_data,1741607787651,542.1309947967529,159.15236632029217,1741607787633.1,1
1,1,block_2,2,Provo_ID12,3,1077713,1257085,1,gaze_data,1741607787692,544.7747230529785,158.0639360064552,1741607787664.5,1
1,1,block_2,2,Provo_ID12,3,1077713,1257085,1,gaze_data,1741607787725,529.8552632331848,164.97668061937605,1741607787697.3,1
1,1,block_2,2,Provo_ID12,3,1077713,1257085,1,gaze_data,1741607787758,537.2054815292358,157.52909683045888,1741607787731.2,1
1,1,block_2,2,Provo_ID12,3,1077713,1257085,1,gaze_data,1741607787786,528.1233906745911,163.30100559052968,1741607787763.9001,1
1,1,block_2,2,Provo_ID12,3,1077713,1257085,1,gaze_data,1741607787826,471.9885587692261,199.04710179283506,1741607787798.2,1
1,1,block_2,2,Provo_ID12,3,1077713,1257085,1,gaze_data,1741607787859,229.05006408691406,270.9024128459749,1741607787831,1
1,1,block_2,2,Provo_ID12,3,1077713,1257085,1,gaze_data,1741607787891,246.7672824859619,243.3410235813686,1741607787864.6,0.8771532277743348
1,1,block_2,2,Provo_ID12,3,1077713,1257085,1,gaze_data,1741607787925,256.7093014717102,244.2695184548696,1741607787898,0.7549784354770717
1,1,block_2,2,Provo_ID12,3,1077713,1257085,1,gaze_data,1741607787952,232.28025436401367,235.19360939661664,1741607787931.6,0.9373277323641576
1,1,block_2,2,Provo_ID12,3,1077713,1257085,1,gaze_data,1741607787987,220.8033323287964,234.66584795997258,1741607787965.5,0.745774216885942
1,1,block_2,2,Provo_ID12,3,1077713,1257085,1,gaze_data,1741607788025,228.7006974220276,241.93409147716704,1741607787997.9001,0.7532719084286001
1,1,block_2,2,Provo_ID12,3,1077713,1257085,1,gaze_data,1741607788058,160.76204776763916,219.06210047858104,1741607788031.7,0.9550967622682499
1,1,block_2,2,Provo_ID12,3,1077713,1257085,1,gaze_data,1741607788088,170.44079303741455,229.11367291495915,1741607788065.1,0.7468893588000198
1,1,block_2,2,Provo_ID12,3,1077713,1257085,1,gaze_data,1741607788117,160.47725677490234,233.48837046396164,1741607788100.1,0.9109346815682478
1,1,block_2,2,Provo_ID12,3,1077713,1257085,1,gaze_data,1741607788155,165.03143310546875,235.79241922923498,1741607788132.7,0.7434011606875428
1,1,block_2,2,Provo_ID12,3,1077713,1257085,1,gaze_data,1741607788204,172.22001552581787,239.02067786171324,1741607788166.1,0.7445733046718821
1,1,block_2,2,Provo_ID12,3,1077713,1257085,1,gaze_data,1741607788232,158.13024044036865,249.3411603995732,1741607788198.6,0.9807925407727951
1,1,block_2,2,Provo_ID12,3,1077713,1257085,1,gaze_data,1741607788264,256.9987416267395,294.1769375119891,1741607788231.5,0.7199773783778407
1,1,block_2,2,Provo_ID12,3,1077713,1257085,1,gaze_data,1741607788299,243.17413568496704,282.27611121677216,1741607788273,0.7680926105609427
1,1,block_2,2,Provo_ID12,3,1077713,1257085,1,gaze_data,1741607788327,250.87687969207764,275.72156497410367,1741607788298.2,0.6330069849735986
1,1,block_2,2,Provo_ID12,3,1077713,1257085,1,gaze_data,1741607788361,243.24498176574707,279.0413907596043,1741607788330.9001,0.7216739623966602
1,1,block_2,2,Provo_ID12,3,1077713,1257085,1,gaze_data,1741607788389,255.87955713272095,276.24297369094126,1741607788366.4001,0.6595808236009072
1,1,block_2,2,Provo_ID12,3,1077713,1257085,1,gaze_data,1741607788429,333.66938829421997,313.8331817445301,1741607788401.3,0.8319219489015328
1,1,block_2,2,Provo_ID12,3,1077713,1257085,1,gaze_data,1741607788466,447.3235934972763,309.3398766290574,1741607788434,0.7383661393915308
1,1,block_2,2,Provo_ID12,3,1077713,1257085,1,gaze_data,1741607788497,446.8248575925827,307.86290622892835,1741607788466.8,0.8767466578832797
1,1,block_2,2,Provo_ID12,3,1077713,1257085,1,gaze_data,1741607788532,438.38283121585846,301.03912784939723,1741607788497.9001,0.8472858780841583
1,1,block_2,2,Provo_ID12,3,1077713,1257085,1,gaze_data,1741607788564,450.3406763076782,301.6609482538133,1741607788532.2,0.826248094470744
1,1,block_2,2,Provo_ID12,3,1077713,1257085,1,gaze_data,1741607788598,443.1842178106308,296.74796944572813,1741607788566.1,0.951221593251518
1,1,block_2,2,Provo_ID12,3,1077713,1257085,1,gaze_data,1741607788627,465.1486873626709,302.6070213317871,1741607788597.8,0.8788832208297037
1,1,block_2,2,Provo_ID12,3,1077713,1257085,1,gaze_data,1741607788661,457.5648784637451,293.5561377661569,1741607788631.6,1
1,1,block_2,2,Provo_ID12,3,1077713,1257085,1,gaze_data,1741607788694,472.4210262298584,296.45955948602585,1741607788666.9001,0.8637134609821119
1,1,block_2,2,Provo_ID12,3,1077713,1257085,1,gaze_data,1741607788732,450.04926919937134,289.3640184402466,1741607788699.7,0.9356844671168809
1,1,block_2,2,Provo_ID12,3,1077713,1257085,1,gaze_data,1741607788766,448.08349311351776,289.9246837979271,1741607788732.8,0.876362794759253
1,1,block_2,2,Provo_ID12,3,1077713,1257085,1,gaze_data,1741607788793,459.3821406364441,294.390888668242,1741607788766.6,0.8243680235123709
1,1,block_2,2,Provo_ID12,3,1077713,1257085,1,gaze_data,1741607788831,439.9053543806076,295.7807933716547,1741607788798.8,0.9531619842318766
1,1,block_2,2,Provo_ID12,3,1077713,1257085,1,gaze_data,1741607788861,450.4908561706543,297.45948814210436,1741607788834.8,0.8219010173005081
1,1,block_2,2,Provo_ID12,3,1077713,1257085,1,gaze_data,1741607788889,432.0487707853317,297.4505274636405,1741607788865,0.9006794386869149
1,1,block_2,2,Provo_ID12,3,1077713,1257085,1,gaze_data,1741607788932,436.42533123493195,295.20001048133486,1741607788899.1,0.9337292823817842
1,1,block_2,2,Provo_ID12,3,1077713,1257085,1,gaze_data,1741607788976,443.6936467885971,304.47770550137477,1741607788936,0.8974067984314741
1,1,block_2,2,Provo_ID12,3,1077713,1257085,1,gaze_data,1741607788999,571.4663863182068,285.18842674437025,1741607788967.1,0.9368807132721411
1,1,block_2,2,Provo_ID12,3,1077713,1257085,1,gaze_data,1741607789033,597.2070455551147,302.6927848089309,1741607788998.3,0.6931448802096088
1,1,block_2,2,Provo_ID12,3,1077713,1257085,1,gaze_data,1741607789063,596.0949897766113,297.9090213775635,1741607789032,0.6474910639193259
1,1,block_2,2,Provo_ID12,3,1077713,1257085,1,gaze_data,1741607789094,613.7446165084839,302.31031940096904,1741607789066.4001,0.6259808779169015
1,1,block_2,2,Provo_ID12,3,1077713,1257085,1,gaze_data,1741607789127,611.2389326095581,298.4587269737607,1741607789099.7,0.6290047725589053
1,1,block_2,2,Provo_ID12,3,1077713,1257085,1,gaze_data,1741607789164,609.1199636459351,297.86818799518403,1741607789132,0.6163549566165112
1,1,block_2,2,Provo_ID12,3,1077713,1257085,1,gaze_data,1741607789204,424.1020083427429,317.0038329987299,1741607789167.2,0.5926136879865475
1,1,block_2,2,Provo_ID12,3,1077713,1257085,1,gaze_data,1741607789231,435.721156001091,296.2062812986828,1741607789198.8,0.7761459652639328
1,1,block_2,2,Provo_ID12,3,1077713,1257085,1,gaze_data,1741607789265,449.2880016565323,308.2362912950062,1741607789231.7,0.6162228621127049
1,1,block_2,2,Provo_ID12,3,1077713,1257085,1,gaze_data,1741607789293,436.18904650211334,299.3489735467094,1741607789265.3,0.7881465168362851
1,1,block_2,2,Provo_ID12,3,1077713,1257085,1,gaze_data,1741607789322,443.88481080532074,309.8745327904111,1741607789298.9001,0.6411563812285861
1,1,block_2,2,Provo_ID12,3,1077713,1257085,1,gaze_data,1741607789365,439.83845114707947,309.9564248039609,1741607789332.5,0.6621048235320787
1,1,block_2,2,Provo_ID12,3,1077713,1257085,1,gaze_data,1741607789398,423.1474131345749,307.4839955284482,1741607789365.6,0.7539504978990331
1,1,block_2,2,Provo_ID12,3,1077713,1257085,1,gaze_data,1741607789431,215.64948558807373,364.0355482555571,1741607789398.7,0.6606539889001514
1,1,block_2,2,Provo_ID12,3,1077713,1257085,1,gaze_data,1741607789461,237.1575117111206,378.4861591884068,1741607789433.4001,0.34811999273316724
1,1,block_2,2,Provo_ID12,3,1077713,1257085,1,gaze_data,1741607789490,228.63491773605347,377.0041910807292,1741607789465.3,0.2993861349558669
1,1,block_2,2,Provo_ID12,3,1077713,1257085,1,gaze_data,1741607789529,235.79037189483643,375.3609448387509,1741607789499.6,0.29940963581753843
1,1,block_2,2,Provo_ID12,3,1077713,1257085,1,gaze_data,1741607789564,221.19590044021606,364.0264960697719,1741607789534.7,0.45429765902996816
1,1,block_2,2,Provo_ID12,3,1077713,1257085,1,gaze_data,1741607789593,212.10169792175293,375.01282283238004,1741607789566.1,0.28190150222170524
1,1,block_2,2,Provo_ID12,3,1077713,1257085,1,gaze_data,1741607789633,232.0852518081665,384.7914078122094,1741607789598.4001,0.442322767695782
1,1,block_2,2,Provo_ID12,3,1077713,1257085,1,gaze_data,1741607789660,338.59429359436035,423.6415872119722,1741607789631.8,0.30876121106064713
1,1,block_2,2,Provo_ID12,3,1077713,1257085,1,gaze_data,1741607789694,316.0409450531006,395.6052080790202,1741607789665.8,0.5684858366178178
1,1,block_2,2,Provo_ID12,3,1077713,1257085,1,gaze_data,1741607789723,327.50176191329956,401.38920284452894,1741607789699.1,0.419083489318583
1,1,block_2,2,Provo_ID12,3,1077713,1257085,1,gaze_data,1741607789758,332.4300527572632,402.3334176199777,1741607789733,0.433167682748201
1,1,block_2,2,Provo_ID12,3,1077713,1257085,1,gaze_data,1741607789798,331.59884214401245,403.8212421962193,1741607789767.5,0.5181450173088358
1,1,block_2,2,Provo_ID12,3,1077713,1257085,1,gaze_data,1741607789832,333.2266688346863,400.4951059250605,1741607789799.6,0.47459934109400786
1,1,block_2,2,Provo_ID12,3,1077713,1257085,1,gaze_data,1741607789865,343.7703609466553,402.4072147551037,1741607789831.9001,0.5097374362304362
1,1,block_2,2,Provo_ID12,3,1077713,1257085,1,gaze_data,1741607789893,409.8633602261543,413.57904797508604,1741607789865.4001,0.5253810612991149
1,1,block_2,2,Provo_ID12,3,1077713,1257085,1,gaze_data,1741607789932,413.11701089143753,402.4747893923805,1741607789899.2,0.49354962393460144
1,1,block_2,2,Provo_ID12,3,1077713,1257085,1,gaze_data,1741607789961,411.58498525619507,394.3601172310966,1741607789932.4001,0.5549561345040483
1,1,block_2,2,Provo_ID12,3,1077713,1257085,1,gaze_data,1741607789995,432.9239100217819,423.44277699788415,1741607789966.4001,0.5932262881106359
1,1,block_2,2,Provo_ID12,3,1077713,1257085,1,gaze_data,1741607790032,343.81317496299744,267.2011423110962,1741607790000.1,0.4392881236453786
1,1,block_2,2,Provo_ID12,3,1077713,1257085,1,gaze_data,1741607790066,394.0266780555248,260.7878516969227,1741607790032.5,0
1,1,block_2,2,Provo_ID12,3,1077713,1257085,1,gaze_data,1741607790097,375.13757795095444,298.3317007337298,1741607790065.8,0
1,1,block_2,2,Provo_ID12,3,1077713,1257085,1,gaze_data,1741607790137,501.4408230781555,264.44728930791223,1741607790104.7,0
1,1,block_2,2,Provo_ID12,3,1077713,1257085,1,gaze_data,1741607790169,491.1923408508301,295.5640406835647,1741607790133.3,0
1,1,block_2,2,Provo_ID12,3,1077713,1257085,1,gaze_data,1741607790191,535.4905486106873,353.4696905953544,1741607790165.3,0
1,1,block_2,2,Provo_ID12,3,1077713,1257085,1,gaze_data,1741607790232,527.3483276367188,384.62718736557736,1741607790201.3,0
1,1,block_2,2,Provo_ID12,3,1077713,1257085,1,gaze_data,1741607790264,532.7135443687439,405.9208424886068,1741607790232.3,0
1,1,block_2,2,Provo_ID12,3,1077713,1257085,1,gaze_data,1741607790293,539.2916321754456,404.5592698596773,1741607790265.9001,0.04479578387428397
1,1,block_2,2,Provo_ID12,3,1077713,1257085,1,gaze_data,1741607790327,518.6617016792297,365.6822576976958,1741607790299.6,0.07001599376241403
1,1,block_2,2,Provo_ID12,3,1077713,1257085,1,gaze_data,1741607790360,343.5564160346985,199.269464583624,1741607790333.3,0
1,1,block_2,2,Provo_ID12,3,1077713,1257085,1,gaze_data,1741607790394,342.4662709236145,152.99126284463065,1741607790365.7,0
1,1,block_2,2,Provo_ID12,3,1077713,1257085,1,gaze_data,1741607790423,211.01423501968384,241.90769161496846,1741607790401.2,0
1,1,block_2,2,Provo_ID12,3,1077713,1257085,1,gaze_data,1741607790469,207.24893808364868,164.11420299893334,1741607790442.7,0.050092116203013556
1,1,block_2,2,Provo_ID12,3,1077713,1257085,1,gaze_data,1741607790493,204.172945022583,140.68569614773705,1741607790465.6,0.6085397100903209
1,1,block_2,2,Provo_ID12,3,1077713,1257085,1,gaze_data,1741607790528,219.0451741218567,111.14421867188953,1741607790499.3,0.9135096904936921
1,1,block_2,2,Provo_ID12,3,1077713,1257085,1,gaze_data,1741607790560,233.28911066055298,108.41496354057676,1741607790532.5,1
1,1,block_2,2,Provo_ID12,3,1077713,1257085,1,gaze_data,1741607790599,238.61188888549805,112.19508874984015,1741607790566.3,1
1,1,block_2,2,Provo_ID12,3,1077713,1257085,1,gaze_data,1741607790632,243.72330904006958,103.40971719650996,1741607790600.7,1
1,1,block_2,2,Provo_ID12,3,1077713,1257085,1,gaze_data,1741607790666,209.08132791519165,95.42901175362724,1741607790632.3,1
1,1,block_2,2,Provo_ID12,3,1077713,1257085,1,gaze_data,1741607790699,210.69453954696655,104.01955014183409,1741607790666,1
1,1,block_2,2,Provo_ID12,3,1077713,1257085,1,gaze_data,1741607790733,207.37855434417725,100.24649211338588,1741607790700.4001,1
1,1,block_2,2,Provo_ID12,3,1077713,1257085,1,gaze_data,1741607790761,202.80582904815674,107.65739554450626,1741607790735.3,1
1,1,block_2,2,Provo_ID12,3,1077713,1257085,1,gaze_data,1741607790794,332.8447699546814,120.84720452626547,1741607790768.8,1
1,1,block_2,2,Provo_ID12,3,1077713,1257085,1,gaze_data,1741607790832,393.36940199136734,110.56722981589182,1741607790800.3,1
1,1,block_2,2,Provo_ID12,3,1077713,1257085,1,gaze_data,1741607790859,389.0265606343746,109.76884955451602,1741607790833.4001,1
1,1,block_2,2,Provo_ID12,3,1077713,1257085,1,gaze_data,1741607790899,397.70503006875515,107.50512736184257,1741607790866.9001,1
1,1,block_2,2,Provo_ID12,3,1077713,1257085,1,gaze_data,1741607790927,386.8118107318878,107.3820429756528,1741607790899.6,1
1,1,block_2,2,Provo_ID12,3,1077713,1257085,1,gaze_data,1741607790957,401.13015845417976,105.73130017235167,1741607790932.9001,1
1,1,block_2,2,Provo_ID12,3,1077713,1257085,1,gaze_data,1741607790999,400.18038377165794,106.17954526628768,1741607790967.6,1
1,1,block_2,2,Provo_ID12,3,1077713,1257085,1,gaze_data,1741607791024,420.9018647670746,115.30794257209415,1741607790999.4001,1
1,1,block_2,2,Provo_ID12,3,1077713,1257085,1,gaze_data,1741607791065,441.6154980659485,109.0678612391154,1741607791034.5,1
1,1,block_2,2,Provo_ID12,3,1077713,1257085,1,gaze_data,1741607791094,432.93189108371735,107.60786896660215,1741607791066.7,1
1,1,block_2,2,Provo_ID12,3,1077713,1257085,1,gaze_data,1741607791131,448.39151203632355,106.79743085588728,1741607791099.5,1
1,1,block_2,2,Provo_ID12,3,1077713,1257085,1,gaze_data,1741607791160,345.3160881996155,106.55145917619978,1741607791135.1,1
1,1,block_2,2,Provo_ID12,3,1077713,1257085,1,gaze_data,1741607791194,215.65253734588623,152.43986788250152,1741607791165.9001,1
1,1,block_2,2,Provo_ID12,3,1077713,1257085,1,gaze_data,1741607791226,220.59143781661987,156.07268742152624,1741607791201.8,1
1,1,block_2,2,Provo_ID12,3,1077713,1257085,1,gaze_data,1741607791266,200.0197410583496,154.8828036444528,1741607791234.3,1
1,1,block_2,2,Provo_ID12,3,1077713,1257085,1,gaze_data,1741607791298,216.72288179397583,146.77072184426444,1741607791267.3,1
1,1,block_2,2,Provo_ID12,3,1077713,1257085,1,gaze_data,1741607791331,197.72324562072754,147.98816340310233,1741607791299.5,1
1,1,block_2,2,Provo_ID12,3,1077713,1257085,1,gaze_data,1741607791366,220.55073976516724,142.1710289092291,1741607791334.1,1
1,1,block_2,2,Provo_ID12,3,1077713,1257085,1,gaze_data,1741607791399,204.93931770324707,146.80483295803978,1741607791367,1
1,1,block_2,2,Provo_ID12,3,1077713,1257085,1,gaze_data,1741607791427,218.0506467819214,139.2435829980033,1741607791399,1
1,1,block_2,2,Provo_ID12,3,1077713,1257085,1,gaze_data,1741607791456,199.76871013641357,144.6299573353359,1741607791432.8,1
1,1,block_2,2,Provo_ID12,3,1077713,1257085,1,gaze_data,1741607791499,218.2672619819641,139.59604104359946,1741607791468.8,1
1,1,block_2,2,Provo_ID12,3,1077713,1257085,1,gaze_data,1741607791529,220.5181121826172,141.0440106618972,1741607791500.5,1
1,1,block_2,2,Provo_ID12,3,1077713,1257085,1,gaze_data,1741607791559,366.99644327163696,173.27667622339158,1741607791535.9001,1
1,1,block_2,2,Provo_ID12,3,1077713,1257085,1,gaze_data,1741607791598,367.9834485054016,166.0296694437663,1741607791566.8,1
1,1,block_2,2,Provo_ID12,3,1077713,1257085,1,gaze_data,1741607791632,361.43211126327515,160.57091985430037,1741607791599.9001,1
1,1,block_2,2,Provo_ID12,3,1077713,1257085,1,gaze_data,1741607791659,376.8402859568596,171.35470571972076,1741607791632.7,1
1,1,block_2,2,Provo_ID12,3,1077713,1257085,1,gaze_data,1741607791693,362.762251496315,169.71124830700103,1741607791668.3,1
1,1,block_2,2,Provo_ID12,3,1077713,1257085,1,gaze_data,1741607791727,310.42007207870483,281.9665419487726,1741607791700.1,1
1,1,block_2,2,Provo_ID12,3,1077713,1257085,1,gaze_data,1741607791762,324.8768210411072,263.81499131520593,1741607791733.9001,1
1,1,block_2,2,Provo_ID12,3,1077713,1257085,1,gaze_data,1741607791793,297.08030223846436,255.7366264434088,1741607791766.8,1
1,1,block_2,2,Provo_ID12,3,1077713,1257085,1,gaze_data,1741607791832,291.16294384002686,266.4377460025606,1741607791799.8,1
1,1,block_2,2,Provo_ID12,3,1077713,1257085,1,gaze_data,1741607791860,296.9527006149292,261.3486472765605,1741607791832.9001,1
1,1,block_2,2,Provo_ID12,3,1077713,1257085,1,gaze_data,1741607791897,268.73486042022705,258.92358359836396,1741607791867,1
1,1,block_2,2,Provo_ID12,3,1077713,1257085,1,gaze_data,1741607791926,387.2182160615921,282.42270946502686,1741607791899.7,1
1,1,block_2,2,Provo_ID12,3,1077713,1257085,1,gaze_data,1741607791966,401.4977067708969,281.90608728499643,1741607791933.5,1
1,1,block_2,2,Provo_ID12,3,1077713,1257085,1,gaze_data,1741607791997,420.8056688308716,283.1887806029547,1741607791966.9001,1
1,1,block_2,2,Provo_ID12,3,1077713,1257085,1,gaze_data,1741607792027,418.78119111061096,281.51279937653317,1741607792000.6,1
1,1,block_2,2,Provo_ID12,3,1077713,1257085,1,gaze_data,1741607792059,449.52212870121,283.5293919699533,1741607792034.9001,1
1,1,block_2,2,Provo_ID12,3,1077713,1257085,1,gaze_data,1741607792099,380.59128373861313,299.3799874896095,1741607792069.2,1
1,1,block_2,2,Provo_ID12,3,1077713,1257085,1,gaze_data,1741607792126,161.531662940979,347.44667870657787,1741607792100.6,1
1,1,block_2,2,Provo_ID12,3,1077713,1257085,1,gaze_data,1741607792159,224.050772190094,343.26972143990656,1741607792133.9001,0.8215193550207531
1,1,block_2,2,Provo_ID12,3,1077713,1257085,1,gaze_data,1741607792197,216.78366661071777,332.88428806123284,1741607792166.8,0.8797599509868554
1,1,block_2,2,Provo_ID12,3,1077713,1257085,1,gaze_data,1741607792226,222.15770483016968,339.0483549662999,1741607792199.9001,0.6752284517872111
1,1,block_2,2,Provo_ID12,3,1077713,1257085,1,gaze_data,1741607792260,195.5244541168213,339.8914752687727,1741607792233.1,0.9371893865142842
1,1,block_2,2,Provo_ID12,3,1077713,1257085,1,gaze_data,1741607792298,204.99813556671143,331.10754671550933,1741607792267.8,0.8936122414162062
1,1,block_2,2,Provo_ID12,3,1077713,1257085,1,gaze_data,1741607792322,212.54655122756958,339.6100902557373,1741607792299.7,0.7160498889173803
1,1,block_2,2,Provo_ID12,3,1077713,1257085,1,gaze_data,1741607792358,190.36872386932373,338.9797878265381,1741607792334.6,0.8181795902972193
1,1,block_2,2,Provo_ID12,3,1077713,1257085,1,gaze_data,1741607792391,360.3606015443802,425.73152996244886,1741607792367.1,0.6347301150640782
1,1,block_2,2,Provo_ID12,3,1077713,1257085,1,gaze_data,1741607792426,334.53625440597534,380.410628545852,1741607792399.9001,0.7460498652236729
1,1,block_2,2,Provo_ID12,3,1077713,1257085,1,gaze_data,1741607792454,318.46030950546265,388.4705652509417,1741607792433.7,0.658861384487431
1,1,block_2,2,Provo_ID12,3,1077713,1257085,1,gaze_data,1741607792496,346.979558467865,395.29039473760696,1741607792467.6,0.6851248096238306
1,1,block_2,2,Provo_ID12,3,1077713,1257085,1,gaze_data,1741607792526,389.62188363075256,400.70351736886164,1741607792500.4001,0.7379420120347071
1,1,block_2,2,Provo_ID12,3,1077713,1257085,1,gaze_data,1741607792564,458.5242509841919,307.43545441400437,1741607792533,0.7412536886902705
1,1,block_2,2,Provo_ID12,3,1077713,1257085,1,gaze_data,1741607792595,458.09935331344604,322.48529752095544,1741607792567.5,0.6961392534098013
1,1,block_2,2,Provo_ID12,3,1077713,1257085,1,gaze_data,1741607792629,454.15284633636475,321.37746765500026,1741607792601.1,0.7313214421619455
1,1,block_2,2,Provo_ID12,3,1077713,1257085,1,gaze_data,1741607792658,451.1190891265869,312.31051399594264,1741607792635.4001,0.6935518512116111
1,1,block_2,2,Provo_ID12,3,1077713,1257085,1,gaze_data,1741607792694,459.26963090896606,320.80056326729914,1741607792668.5,0.7390997114099243
1,1,block_2,2,Provo_ID12,3,1077713,1257085,1,gaze_data,1741607792725,491.37206077575684,329.2882051922026,1741607792702.9001,0.7703958241925737
1,1,block_2,2,Provo_ID12,3,1077713,1257085,1,gaze_data,1741607792757,509.6501588821411,321.82333355858214,1741607792734.3,0.6612959156904393
1,1,block_2,2,Provo_ID12,3,1077713,1257085,1,gaze_data,1741607792795,521.3994383811951,329.7742005756923,1741607792767.2,0.8764900227192911
1,1,block_2,2,Provo_ID12,3,1077713,1257085,1,gaze_data,1741607792822,511.10132932662964,320.0627326965332,1741607792800.6,0.927491344989182
1,1,block_2,2,Provo_ID12,3,1077713,1257085,1,gaze_data,1741607792860,526.9440770149231,314.6095298585438,1741607792833.9001,0.8628242051022587
1,1,block_2,2,Provo_ID12,3,1077713,1257085,1,gaze_data,1741607792892,522.8780269622803,304.95112214769637,1741607792869.4001,0.8905745529139389
1,1,block_2,2,Provo_ID12,3,1077713,1257085,1,gaze_data,1741607792928,529.400634765625,303.7525944482713,1741607792900.3,0.8488633096501281
1,1,block_2,2,Provo_ID12,3,1077713,1257085,1,gaze_data,1741607792962,523.6279726028442,315.2282038189116,1741607792935.7,0.807449050653619
1,1,block_2,2,Provo_ID12,3,1077713,1257085,1,gaze_data,1741607792990,343.8403844833374,357.1609833126977,1741607792967.5,0.8806268223550637
1,1,block_2,2,Provo_ID12,3,1077713,1257085,1,gaze_data,1741607793029,364.65431451797485,369.4066619873047,1741607793000.3,0.6665370231250488
1,1,block_2,2,Provo_ID12,3,1077713,1257085,1,gaze_data,1741607793062,351.60049200057983,368.4598850068592,1741607793034.4001,0.8709469451765846
1,1,block_2,2,Provo_ID12,3,1077713,1257085,1,gaze_data,1741607793098,367.26824045181274,372.775145031157,1741607793067.5,0.7326546925677668
1,1,block_2,2,Provo_ID12,3,1077713,1257085,1,gaze_data,1741607793130,353.89463007450104,368.2210227421352,1741607793101.5,0.9187538909238917
1,1,block_2,2,Provo_ID12,3,1077713,1257085,1,gaze_data,1741607793159,368.3085083961487,375.0162015642439,1741607793137.4001,0.6604901923105155
1,1,block_2,2,Provo_ID12,3,1077713,1257085,1,gaze_data,1741607793191,354.6976685523987,360.62523932684036,1741607793168.8,0.9060222541018733
1,1,block_2,2,Provo_ID12,3,1077713,1257085,1,gaze_data,1741607793233,360.96877455711365,367.5613675798689,1741607793201.4001,0.7697687260076537
1,1,block_2,2,Provo_ID12,3,1077713,1257085,1,gaze_data,1741607793262,372.6389467716217,373.2530384971982,1741607793235.7,0.764490355304004
1,1,block_2,2,Provo_ID12,3,1077713,1257085,1,gaze_data,1741607793297,355.09880781173706,364.49736458914623,1741607793269.2,0.9210628472719744
1,1,block_2,2,Provo_ID12,3,1077713,1257085,1,gaze_data,1741607793325,365.2143716812134,370.1394526163737,1741607793300.8,0.7868837502458389
1,1,block_2,2,Provo_ID12,3,1077713,1257085,1,gaze_data,1741607793359,250.47385692596436,369.70821380615234,1741607793333.8,0.8762282627615399
1,1,block_2,2,Provo_ID12,3,1077713,1257085,1,gaze_data,1741607793394,279.20234203338623,385.166137332008,1741607793367.8,0.5592140454822381
1,1,block_2,2,Provo_ID12,3,1077713,1257085,1,gaze_data,1741607793433,276.35854482650757,382.2532903580439,1741607793401.6,0.6194134546138825
1,1,block_2,2,Provo_ID12,3,1077713,1257085,1,gaze_data,1741607793455,257.10498094558716,372.4012883504232,1741607793433.9001,0.8281637360270672
1,1,block_2,2,Provo_ID12,3,1077713,1257085,1,gaze_data,1741607793495,270.10875940322876,381.47764614650185,1741607793467.8,0.591933179439743
1,1,block_2,2,Provo_ID12,3,1077713,1257085,1,gaze_data,1741607793525,255.2391529083252,373.46285774594264,1741607793500.6,0.8304329607501534
1,1,block_2,2,Provo_ID12,3,1077713,1257085,1,gaze_data,1741607793560,405.17051219940186,427.15020315987726,1741607793533.9001,0.5826157216665727
1,1,block_2,2,Provo_ID12,3,1077713,1257085,1,gaze_data,1741607793593,378.45131903886795,392.399354662214,1741607793567.3,0.7865551434275027
1,1,block_2,2,Provo_ID12,3,1077713,1257085,1,gaze_data,1741607793625,392.6833115518093,395.68488983880906,1741607793602.6,0.6679410000760585
1,1,block_2,2,Provo_ID12,3,1077713,1257085,1,gaze_data,1741607793662,372.3432660102844,382.98227991376604,1741607793635.4001,0.7573312781641786
1,1,block_2,2,Provo_ID12,3,1077713,1257085,1,gaze_data,1741607793695,394.1090390086174,389.6057346888951,1741607793669.9001,0.6970200057449556
1,1,block_2,2,Provo_ID12,3,1077713,1257085,1,gaze_data,1741607793725,369.61010694503784,380.38579486665276,1741607793702.2,0.7515200459481698
1,1,block_2,2,Provo_ID12,3,1077713,1257085,1,gaze_data,1741607793762,293.5860872268677,175.75047106969924,1741607793734.6,0.7844808479391322
1,1,block_2,2,Provo_ID12,3,1077713,1257085,1,gaze_data,1741607793795,267.46426820755005,89.87493969145275,1741607793767.9001,0.6485436200001775
1,1,block_2,2,Provo_ID12,3,1077713,1257085,1,gaze_data,1741607793831,207.1426510810852,90.21075748261951,1741607793801,0.9886653690577543
1,1,block_2,2,Provo_ID12,3,1077713,1257085,1,gaze_data,1741607793858,206.35581016540527,84.22814959571475,1741607793834.1,1
1,1,block_2,2,Provo_ID12,3,1077713,1257085,1,gaze_data,1741607793893,184.5407009124756,66.78192683628627,1741607793867.6,1
1,1,block_2,2,Provo_ID12,3,1077713,1257085,1,gaze_data,1741607793922,190.5268669128418,70.47412054879325,1741607793902.5,1
1,1,block_2,2,Provo_ID12,3,1077713,1257085,1,gaze_data,1741607793965,188.05389404296875,70.06757463727679,1741607793934.5,1
1,1,block_2,2,Provo_ID12,3,1077713,1257085,1,gaze_data,1741607793996,187.4751091003418,70.19098281860352,1741607793968.6,1
1,1,block_2,2,Provo_ID12,3,1077713,1257085,1,gaze_data,1741607794027,189.705228805542,73.7744376772926,1741607794001.6,1
1,1,block_2,2,Provo_ID12,3,1077713,1257085,1,gaze_data,1741607794059,323.6706018447876,111.52424153827486,1741607794034.1,1
1,1,block_2,2,Provo_ID12,3,1077713,1257085,1,gaze_data,1741607794095,344.5161461830139,96.34141013735817,1741607794068,1
1,1,block_2,2,Provo_ID12,3,1077713,1257085,1,gaze_data,1741607794129,355.50827383995056,104.60001627604167,1741607794101.3,1
1,1,block_2,2,Provo_ID12,3,1077713,1257085,1,gaze_data,1741607794158,361.0833376646042,97.4396106175014,1741607794133.6,1
1,1,block_2,2,Provo_ID12,3,1077713,1257085,1,gaze_data,1741607794197,359.1253072023392,92.16577620733352,1741607794174,1
1,1,block_2,2,Provo_ID12,3,1077713,1257085,1,gaze_data,1741607794229,351.6438364982605,98.2763535635812,1741607794200.9001,1
1,1,block_2,2,Provo_ID12,3,1077713,1257085,1,gaze_data,1741607794264,368.3278739452362,96.87882559640067,1741607794234.8,1
1,1,block_2,2,Provo_ID12,3,1077713,1257085,1,gaze_data,1741607794297,269.95201110839844,115.05976063864573,1741607794268.1,1
1,1,block_2,2,Provo_ID12,3,1077713,1257085,1,gaze_data,1741607794331,156.71701431274414,132.73610319410054,1741607794301.6,1
1,1,block_2,2,Provo_ID12,3,1077713,1257085,1,gaze_data,1741607794360,173.51365089416504,129.3326080413092,1741607794336.1,1
1,1,block_2,2,Provo_ID12,3,1077713,1257085,1,gaze_data,1741607794399,186.9246006011963,130.032301176162,1741607794371.4001,1
1,1,block_2,2,Provo_ID12,3,1077713,1257085,1,gaze_data,1741607794431,183.48891735076904,130.6007446561541,1741607794402,1
1,1,block_2,2,Provo_ID12,3,1077713,1257085,1,gaze_data,1741607794457,179.4243335723877,126.36067549387614,1741607794440.2,1
1,1,block_2,2,Provo_ID12,3,1077713,1257085,1,gaze_data,1741607794498,244.37984228134155,156.72815436408635,1741607794469.5,1
1,1,block_2,2,Provo_ID12,3,1077713,1257085,1,gaze_data,1741607794532,426.49890780448914,136.03085949307396,1741607794501.3,1
1,1,block_2,2,Provo_ID12,3,1077713,1257085,1,gaze_data,1741607794564,438.4568393230438,136.37322357722692,1741607794534.8,1
1,1,block_2,2,Provo_ID12,3,1077713,1257085,1,gaze_data,1741607794599,428.2262146472931,134.96771335601807,1741607794569,1
1,1,block_2,2,Provo_ID12,3,1077713,1257085,1,gaze_data,1741607794626,462.2995138168335,144.6488500776745,1741607794601.4001,1
1,1,block_2,2,Provo_ID12,3,1077713,1257085,1,gaze_data,1741607794665,454.5254111289978,137.10991382598877,1741607794634.7,1
1,1,block_2,2,Provo_ID12,3,1077713,1257085,1,gaze_data,1741607794692,437.2502326965332,135.7822270620437,1741607794668,1
1,1,block_2,2,Provo_ID12,3,1077713,1257085,1,gaze_data,1741607794733,563.3861303329468,138.39374746595112,1741607794701.9001,1
1,1,block_2,2,Provo_ID12,3,1077713,1257085,1,gaze_data,1741607794755,647.5605726242065,141.97710377829415,1741607794734.6,1
1,1,block_2,2,Provo_ID12,3,1077713,1257085,1,gaze_data,1741607794796,627.6850938796997,141.6916713260469,1741607794769.1,1
1,1,block_2,2,Provo_ID12,3,1077713,1257085,1,gaze_data,1741607794827,626.3644218444824,134.63882196517218,1741607794801.9001,1
1,1,block_2,2,Provo_ID12,3,1077713,1257085,1,gaze_data,1741607794866,595.6984281539917,130.45766943976994,1741607794834.8,1
1,1,block_2,2,Provo_ID12,3,1077713,1257085,1,gaze_data,1741607794893,635.2647304534912,137.09745475224088,1741607794867.7,1
1,1,block_2,2,Provo_ID12,3,1077713,1257085,1,gaze_data,1741607794930,433.66826474666595,150.38344496772405,1741607794901.1,1
1,1,block_2,2,Provo_ID12,3,1077713,1257085,1,gaze_data,1741607794961,157.19239711761475,219.37732912245252,1741607794937.5,1
1,1,block_2,2,Provo_ID12,3,1077713,1257085,1,gaze_data,1741607794999,210.64677238464355,179.31537105923607,1741607794968.8,1
1,1,block_2,2,Provo_ID12,3,1077713,1257085,1,gaze_data,1741607795032,210.3100061416626,176.83340390523276,1741607795001.8,1
1,1,block_2,2,Provo_ID12,3,1077713,1257085,1,gaze_data,1741607795060,206.77905082702637,176.49548848470053,1741607795035.6,1
1,1,block_2,2,Provo_ID12,3,1077713,1257085,1,gaze_data,1741607795099,205.5169701576233,176.19162786574591,1741607795068.8,1
1,1,block_2,2,Provo_ID12,3,1077713,1257085,1,gaze_data,1741607795133,225.8826732635498,189.33885074797132,1741607795101.3,1
1,1,block_2,2,Provo_ID12,3,1077713,1257085,1,gaze_data,1741607795164,281.50585889816284,227.371465024494,1741607795134.3,1
1,1,block_2,2,Provo_ID12,3,1077713,1257085,1,gaze_data,1741607795198,323.175048828125,220.68946316128685,1741607795168.6,1
1,1,block_2,2,Provo_ID12,3,1077713,1257085,1,gaze_data,1741607795228,313.2753849029541,211.6572752453032,1741607795202.1,1
1,1,block_2,2,Provo_ID12,3,1077713,1257085,1,gaze_data,1741607795260,314.5092010498047,207.94237363906134,1741607795235.9001,1
1,1,block_2,2,Provo_ID12,3,1077713,1257085,1,gaze_data,1741607795299,324.0436911582947,223.14545279457457,1741607795269.8,1
1,1,block_2,2,Provo_ID12,3,1077713,1257085,1,gaze_data,1741607795327,492.4238443374634,173.83458932240805,1741607795301.6,1
1,1,block_2,2,Provo_ID12,3,1077713,1257085,1,gaze_data,1741607795366,513.6073231697083,209.64352289835614,1741607795335,1
1,1,block_2,2,Provo_ID12,3,1077713,1257085,1,gaze_data,1741607795393,523.1664419174194,206.73470224652974,1741607795368.6,1
1,1,block_2,2,Provo_ID12,3,1077713,1257085,1,gaze_data,1741607795431,544.5846319198608,214.07792545500257,1741607795402.8,1
1,1,block_2,2,Provo_ID12,3,1077713,1257085,1,gaze_data,1741607795466,531.7885637283325,201.54922871362595,1741607795439.9001,1
1,1,block_2,2,Provo_ID12,3,1077713,1257085,1,gaze_data,1741607795498,542.3596382141113,233.7710436185201,1741607795470.3,1
1,1,block_2,2,Provo_ID12,3,1077713,1257085,1,gaze_data,1741607795532,561.2524509429932,331.1843354361398,1741607795501.9001,1
1,1,block_2,2,Provo_ID12,3,1077713,1257085,1,gaze_data,1741607795561,351.83477997779846,293.86364459991455,1741607795535.4001,0
1,1,block_2,2,Provo_ID12,3,1077713,1257085,1,gaze_data,1741607795598,307.4975848197937,237.2158684049334,1741607795571,0
1,1,block_2,2,Provo_ID12,3,1077713,1257085,1,gaze_data,1741607795627,381.1585992574692,238.98460286004203,1741607795602.1,0
1,1,block_2,2,Provo_ID12,3,1077713,1257085,1,gaze_data,1741607795656,293.6640739440918,304.6158041272845,1741607795636.6,0
1,1,block_2,2,Provo_ID12,3,1077713,1257085,1,gaze_data,1741607795699,297.47767448425293,260.5393389293126,1741607795669.2,0
1,1,block_2,2,Provo_ID12,3,1077713,1257085,1,gaze_data,1741607795731,312.9516839981079,214.01619320824034,1741607795701.7,0.1262107801371172
1,1,block_2,2,Provo_ID12,3,1077713,1257085,1,gaze_data,1741607795761,311.59963607788086,188.05501006898427,1741607795735.3,0.42831950756019394
1,1,block_2,2,Provo_ID12,3,1077713,1257085,1,gaze_data,1741607795799,323.4699249267578,146.87730675651915,1741607795769.4001,0.7162411103343175
1,1,block_2,2,Provo_ID12,3,1077713,1257085,1,gaze_data,1741607795827,330.2920937538147,132.9807796932402,1741607795801.8,0.8689642544482523
1,1,block_2,2,Provo_ID12,3,1077713,1257085,1,gaze_data,1741607795854,325.11991262435913,134.75147451673237,1741607795835.1,1
1,1,block_2,2,Provo_ID12,3,1077713,1257085,1,gaze_data,1741607795903,326.43330097198486,139.44253399258568,1741607795872,1
1,1,block_2,2,Provo_ID12,3,1077713,1257085,1,gaze_data,1741607795932,329.36073541641235,136.11718609219506,1741607795902.3,0.9885248397174817
1,1,block_2,2,Provo_ID12,3,1077713,1257085,1,gaze_data,1741607795960,326.1388063430786,136.93057355426606,1741607795935,1
1,1,block_2,2,Provo_ID12,3,1077713,1257085,1,gaze_data,1741607795992,331.13406896591187,139.95794546036493,1741607795969.7,1
1,1,block_2,2,Provo_ID12,3,1077713,1257085,1,gaze_data,1741607796038,341.61616563796997,148.39655353909447,1741607796001.9001,1
1,1,block_2,2,Provo_ID12,3,1077713,1257085,1,gaze_data,1741607796065,341.403865814209,156.52006671542213,1741607796035.7,1
1,1,block_2,2,Provo_ID12,3,1077713,1257085,1,gaze_data,1741607796094,356.36017322540283,167.47034663245793,1741607796068.3,1
1,1,block_2,2,Provo_ID12,3,1077713,1257085,1,gaze_data,1741607796130,349.62780475616455,166.23813719976516,1741607796102.1,1
1,1,block_2,2,Provo_ID12,3,1077713,1257085,1,gaze_data,1741607796161,187.8406524658203,368.59300704229446,1741607796135.2,1
1,1,block_2,2,Provo_ID12,3,1077713,1257085,1,gaze_data,1741607796195,205.10694980621338,333.6076041630336,1741607796169.7,0.9619690017007447
1,1,block_2,2,Provo_ID12,3,1077713,1257085,1,gaze_data,1741607796231,207.27864503860474,336.6050320579892,1741607796202.7,0.9341637301811998
1,1,block_2,2,Provo_ID12,3,1077713,1257085,1,gaze_data,1741607796265,215.82318544387817,334.4703563054403,1741607796235.9001,0.8055800187324527
1,1,block_2,2,Provo_ID12,3,1077713,1257085,1,gaze_data,1741607796293,199.41322803497314,339.1682647523426,1741607796269.4001,0.8549418140091598
1,1,block_2,2,Provo_ID12,3,1077713,1257085,1,gaze_data,1741607796332,211.49996519088745,338.4903362819127,1741607796302.1,0.7971997541084519
1,1,block_2,2,Provo_ID12,3,1077713,1257085,1,gaze_data,1741607796355,195.86355686187744,334.6148463657924,1741607796334.9001,0.858108283831621
1,1,block_2,2,Provo_ID12,3,1077713,1257085,1,gaze_data,1741607796399,205.52918910980225,327.7286951882499,1741607796369.1,0.8046016156211051
1,1,block_2,2,Provo_ID12,3,1077713,1257085,1,gaze_data,1741607796425,219.63692903518677,332.83314954666866,1741607796402,0.7101783907800847
1,1,block_2,2,Provo_ID12,3,1077713,1257085,1,gaze_data,1741607796460,214.75597620010376,312.23537944612053,1741607796435.6,0.8329327236162984
1,1,block_2,2,Provo_ID12,3,1077713,1257085,1,gaze_data,1741607796499,221.60948514938354,307.36802759624663,1741607796469,0.6992995260711359
1,1,block_2,2,Provo_ID12,3,1077713,1257085,1,gaze_data,1741607796531,178.59220504760742,319.80746950422014,1741607796501.9001,0.7607373808649247
1,1,block_2,2,Provo_ID12,3,1077713,1257085,1,gaze_data,1741607796566,214.11185264587402,335.6027805237543,1741607796535.5,0.5571116114231265
1,1,block_2,2,Provo_ID12,3,1077713,1257085,1,gaze_data,1741607796594,204.60864305496216,334.37642052060085,1741607796571.7,0.6487078177300871
1,1,block_2,2,Provo_ID12,3,1077713,1257085,1,gaze_data,1741607796626,218.93192529678345,360.88651384626115,1741607796603.1,0.5172311516710768
1,1,block_2,2,Provo_ID12,3,1077713,1257085,1,gaze_data,1741607796660,213.40020895004272,368.18375814528696,1741607796637.1,0.6348804306431751
1,1,block_2,2,Provo_ID12,3,1077713,1257085,1,gaze_data,1741607796694,235.0664496421814,391.30920682634627,1741607796670.8,0.5188793685066556
1,1,block_2,2,Provo_ID12,3,1077713,1257085,1,gaze_data,1741607796730,220.35881280899048,390.7629221961612,1741607796703.4001,0.35185059616337333
1,1,block_2,2,Provo_ID12,3,1077713,1257085,1,gaze_data,1741607796759,217.40673780441284,385.0022688366118,1741607796736.8,0.5940124045970536
1,1,block_2,2,Provo_ID12,3,1077713,1257085,1,gaze_data,1741607796799,232.33625888824463,407.2513589404878,1741607796769.4001,0.3053507082493636
1,1,block_2,2,Provo_ID12,3,1077713,1257085,1,gaze_data,1741607796827,223.45598936080933,400.55978048415415,1741607796802.1,0.6525993110353132
1,1,block_2,2,Provo_ID12,3,1077713,1257085,1,gaze_data,1741607796860,228.7604570388794,417.0240592956543,1741607796837.1,0.37229843408872054
1,1,block_2,2,Provo_ID12,3,1077713,1257085,1,gaze_data,1741607796895,196.03841304779053,391.984136672247,1741607796870.6,0.6074861569577363
1,1,block_2,2,Provo_ID12,3,1077713,1257085,1,gaze_data,1741607796930,190.13404846191406,386.5540781475249,1741607796903.1,0.5876073148950938
1,1,block_2,2,Provo_ID12,3,1077713,1257085,1,gaze_x,"",
1,1,block_2,2,Provo_ID12,3,1077713,1257085,1,gaze_y,"",
1,1,block_2,2,Provo_ID12,3,1077713,1257085,1,el_x,"",
1,1,block_2,2,Provo_ID12,3,1077713,1257085,1,applied_drift,1741607747069,
1,1,block_2,2,Provo_ID12,3,1077713,1257085,1,applied_drift,1741607770649,7.846805080771446,-59.16578678857713
1,1,block_2,2,Provo_ID12,3,1077713,1257085,1,applied_drift,1741607770673,7.846805080771446,-59.16578678857713
1,1,block_2,2,Provo_ID12,3,1077713,1257085,1,applied_drift,1741607770713,7.846805080771446,-59.16578678857713
1,1,block_2,2,Provo_ID12,3,1077713,1257085,1,applied_drift,1741607770738,7.846805080771446,-59.16578678857713
1,1,block_2,2,Provo_ID12,3,1077713,1257085,1,applied_drift,1741607770778,7.846805080771446,-59.16578678857713
1,1,block_2,2,Provo_ID12,3,1077713,1257085,1,applied_drift,1741607770806,7.846805080771446,-59.16578678857713
1,1,block_2,2,Provo_ID12,3,1077713,1257085,1,applied_drift,1741607770846,7.846805080771446,-59.16578678857713
1,1,block_2,2,Provo_ID12,3,1077713,1257085,1,applied_drift,1741607770875,7.846805080771446,-59.16578678857713
1,1,block_2,2,Provo_ID12,3,1077713,1257085,1,applied_drift,1741607770912,7.846805080771446,-59.16578678857713
1,1,block_2,2,Provo_ID12,3,1077713,1257085,1,applied_drift,1741607770944,7.846805080771446,-59.16578678857713
1,1,block_2,2,Provo_ID12,3,1077713,1257085,1,applied_drift,1741607770972,7.846805080771446,-59.16578678857713
1,1,block_2,2,Provo_ID12,3,1077713,1257085,1,applied_drift,1741607771007,7.846805080771446,-59.16578678857713
1,1,block_2,2,Provo_ID12,3,1077713,1257085,1,applied_drift,1741607771041,7.846805080771446,-59.16578678857713
1,1,block_2,2,Provo_ID12,3,1077713,1257085,1,applied_drift,1741607771077,7.846805080771446,-59.16578678857713
1,1,block_2,2,Provo_ID12,3,1077713,1257085,1,applied_drift,1741607771111,7.846805080771446,-59.16578678857713
1,1,block_2,2,Provo_ID12,3,1077713,1257085,1,applied_drift,1741607771146,7.846805080771446,-59.16578678857713
1,1,block_2,2,Provo_ID12,3,1077713,1257085,1,applied_drift,1741607771178,7.846805080771446,-59.16578678857713
1,1,block_2,2,Provo_ID12,3,1077713,1257085,1,applied_drift,1741607771211,7.846805080771446,-59.16578678857713
1,1,block_2,2,Provo_ID12,3,1077713,1257085,1,applied_drift,1741607771241,7.846805080771446,-59.16578678857713
1,1,block_2,2,Provo_ID12,3,1077713,1257085,1,applied_drift,1741607771269,7.846805080771446,-59.16578678857713
1,1,block_2,2,Provo_ID12,3,1077713,1257085,1,applied_drift,1741607771309,7.846805080771446,-59.16578678857713
1,1,block_2,2,Provo_ID12,3,1077713,1257085,1,applied_drift,1741607771344,7.846805080771446,-59.16578678857713
1,1,block_2,2,Provo_ID12,3,1077713,1257085,1,applied_drift,1741607771372,7.846805080771446,-59.16578678857713
1,1,block_2,2,Provo_ID12,3,1077713,1257085,1,applied_drift,1741607771412,7.846805080771446,-59.16578678857713
1,1,block_2,2,Provo_ID12,3,1077713,1257085,1,applied_drift,1741607771434,7.846805080771446,-59.16578678857713
1,1,block_2,2,Provo_ID12,3,1077713,1257085,1,applied_drift,1741607771480,7.846805080771446,-59.16578678857713
1,1,block_2,2,Provo_ID12,3,1077713,1257085,1,applied_drift,1741607771511,7.846805080771446,-59.16578678857713
1,1,block_2,2,Provo_ID12,3,1077713,1257085,1,applied_drift,1741607771544,7.846805080771446,-59.16578678857713
1,1,block_2,2,Provo_ID12,3,1077713,1257085,1,applied_drift,1741607771578,7.846805080771446,-59.16578678857713
1,1,block_2,2,Provo_ID12,3,1077713,1257085,1,applied_drift,1741607771611,7.846805080771446,-59.16578678857713
1,1,block_2,2,Provo_ID12,3,1077713,1257085,1,applied_drift,1741607771638,7.846805080771446,-59.16578678857713
1,1,block_2,2,Provo_ID12,3,1077713,1257085,1,applied_drift,1741607771673,7.846805080771446,-59.16578678857713
1,1,block_2,2,Provo_ID12,3,1077713,1257085,1,applied_drift,1741607771702,7.846805080771446,-59.16578678857713
1,1,block_2,2,Provo_ID12,3,1077713,1257085,1,applied_drift,1741607771744,7.846805080771446,-59.16578678857713
1,1,block_2,2,Provo_ID12,3,1077713,1257085,1,applied_drift,1741607771774,7.846805080771446,-59.16578678857713
1,1,block_2,2,Provo_ID12,3,1077713,1257085,1,applied_drift,1741607771811,7.846805080771446,-59.16578678857713
1,1,block_2,2,Provo_ID12,3,1077713,1257085,1,applied_drift,1741607771840,7.846805080771446,-59.16578678857713
1,1,block_2,2,Provo_ID12,3,1077713,1257085,1,applied_drift,1741607771872,7.846805080771446,-59.16578678857713
1,1,block_2,2,Provo_ID12,3,1077713,1257085,1,applied_drift,1741607771907,7.846805080771446,-59.16578678857713
1,1,block_2,2,Provo_ID12,3,1077713,1257085,1,applied_drift,1741607771941,7.846805080771446,-59.16578678857713
1,1,block_2,2,Provo_ID12,3,1077713,1257085,1,applied_drift,1741607771979,7.846805080771446,-59.16578678857713
1,1,block_2,2,Provo_ID12,3,1077713,1257085,1,applied_drift,1741607772011,7.846805080771446,-59.16578678857713
1,1,block_2,2,Provo_ID12,3,1077713,1257085,1,applied_drift,1741607772042,7.846805080771446,-59.16578678857713
1,1,block_2,2,Provo_ID12,3,1077713,1257085,1,applied_drift,1741607772074,7.846805080771446,-59.16578678857713
1,1,block_2,2,Provo_ID12,3,1077713,1257085,1,applied_drift,1741607772105,7.846805080771446,-59.16578678857713
1,1,block_2,2,Provo_ID12,3,1077713,1257085,1,applied_drift,1741607772133,7.846805080771446,-59.16578678857713
1,1,block_2,2,Provo_ID12,3,1077713,1257085,1,applied_drift,1741607772173,7.846805080771446,-59.16578678857713
1,1,block_2,2,Provo_ID12,3,1077713,1257085,1,applied_drift,1741607772212,7.846805080771446,-59.16578678857713
1,1,block_2,2,Provo_ID12,3,1077713,1257085,1,applied_drift,1741607772238,7.846805080771446,-59.16578678857713
1,1,block_2,2,Provo_ID12,3,1077713,1257085,1,applied_drift,1741607772278,7.846805080771446,-59.16578678857713
1,1,block_2,2,Provo_ID12,3,1077713,1257085,1,applied_drift,1741607772310,7.846805080771446,-59.16578678857713
1,1,block_2,2,Provo_ID12,3,1077713,1257085,1,applied_drift,1741607772345,7.846805080771446,-59.16578678857713
1,1,block_2,2,Provo_ID12,3,1077713,1257085,1,applied_drift,1741607772371,7.846805080771446,-59.16578678857713
1,1,block_2,2,Provo_ID12,3,1077713,1257085,1,applied_drift,1741607772403,7.846805080771446,-59.16578678857713
1,1,block_2,2,Provo_ID12,3,1077713,1257085,1,applied_drift,1741607772442,7.846805080771446,-59.16578678857713
1,1,block_2,2,Provo_ID12,3,1077713,1257085,1,applied_drift,1741607772476,7.846805080771446,-59.16578678857713
1,1,block_2,2,Provo_ID12,3,1077713,1257085,1,applied_drift,1741607772507,7.846805080771446,-59.16578678857713
1,1,block_2,2,Provo_ID12,3,1077713,1257085,1,applied_drift,1741607772538,7.846805080771446,-59.16578678857713
1,1,block_2,2,Provo_ID12,3,1077713,1257085,1,applied_drift,1741607772577,7.846805080771446,-59.16578678857713
1,1,block_2,2,Provo_ID12,3,1077713,1257085,1,applied_drift,1741607772609,7.846805080771446,-59.16578678857713
1,1,block_2,2,Provo_ID12,3,1077713,1257085,1,applied_drift,1741607772643,7.846805080771446,-59.16578678857713
1,1,block_2,2,Provo_ID12,3,1077713,1257085,1,applied_drift,1741607772676,7.846805080771446,-59.16578678857713
1,1,block_2,2,Provo_ID12,3,1077713,1257085,1,applied_drift,1741607772706,7.846805080771446,-59.16578678857713
1,1,block_2,2,Provo_ID12,3,1077713,1257085,1,applied_drift,1741607772743,7.846805080771446,-59.16578678857713
1,1,block_2,2,Provo_ID12,3,1077713,1257085,1,applied_drift,1741607772769,7.846805080771446,-59.16578678857713
1,1,block_2,2,Provo_ID12,3,1077713,1257085,1,applied_drift,1741607772806,7.846805080771446,-59.16578678857713
1,1,block_2,2,Provo_ID12,3,1077713,1257085,1,applied_drift,1741607772841,7.846805080771446,-59.16578678857713
1,1,block_2,2,Provo_ID12,3,1077713,1257085,1,applied_drift,1741607772876,7.846805080771446,-59.16578678857713
1,1,block_2,2,Provo_ID12,3,1077713,1257085,1,applied_drift,1741607772905,7.846805080771446,-59.16578678857713
1,1,block_2,2,Provo_ID12,3,1077713,1257085,1,applied_drift,1741607772945,7.846805080771446,-59.16578678857713
1,1,block_2,2,Provo_ID12,3,1077713,1257085,1,applied_drift,1741607772977,7.846805080771446,-59.16578678857713
1,1,block_2,2,Provo_ID12,3,1077713,1257085,1,applied_drift,1741607773000,7.846805080771446,-59.16578678857713
1,1,block_2,2,Provo_ID12,3,1077713,1257085,1,applied_drift,1741607773043,7.846805080771446,-59.16578678857713
1,1,block_2,2,Provo_ID12,3,1077713,1257085,1,applied_drift,1741607773071,7.846805080771446,-59.16578678857713
1,1,block_2,2,Provo_ID12,3,1077713,1257085,1,applied_drift,1741607773105,7.846805080771446,-59.16578678857713
1,1,block_2,2,Provo_ID12,3,1077713,1257085,1,applied_drift,1741607773138,7.846805080771446,-59.16578678857713
1,1,block_2,2,Provo_ID12,3,1077713,1257085,1,applied_drift,1741607773171,7.846805080771446,-59.16578678857713
1,1,block_2,2,Provo_ID12,3,1077713,1257085,1,applied_drift,1741607773208,7.846805080771446,-59.16578678857713
1,1,block_2,2,Provo_ID12,3,1077713,1257085,1,applied_drift,1741607773239,7.846805080771446,-59.16578678857713
1,1,block_2,2,Provo_ID12,3,1077713,1257085,1,applied_drift,1741607773276,7.846805080771446,-59.16578678857713
1,1,block_2,2,Provo_ID12,3,1077713,1257085,1,applied_drift,1741607773306,7.846805080771446,-59.16578678857713
1,1,block_2,2,Provo_ID12,3,1077713,1257085,1,applied_drift,1741607773339,7.846805080771446,-59.16578678857713
1,1,block_2,2,Provo_ID12,3,1077713,1257085,1,applied_drift,1741607773372,7.846805080771446,-59.16578678857713
1,1,block_2,2,Provo_ID12,3,1077713,1257085,1,applied_drift,1741607773403,7.846805080771446,-59.16578678857713
1,1,block_2,2,Provo_ID12,3,1077713,1257085,1,applied_drift,1741607773443,7.846805080771446,-59.16578678857713
1,1,block_2,2,Provo_ID12,3,1077713,1257085,1,applied_drift,1741607773476,7.846805080771446,-59.16578678857713
1,1,block_2,2,Provo_ID12,3,1077713,1257085,1,applied_drift,1741607773505,7.846805080771446,-59.16578678857713
1,1,block_2,2,Provo_ID12,3,1077713,1257085,1,applied_drift,1741607773544,7.846805080771446,-59.16578678857713
1,1,block_2,2,Provo_ID12,3,1077713,1257085,1,applied_drift,1741607773571,7.846805080771446,-59.16578678857713
1,1,block_2,2,Provo_ID12,3,1077713,1257085,1,applied_drift,1741607773609,7.846805080771446,-59.16578678857713
1,1,block_2,2,Provo_ID12,3,1077713,1257085,1,applied_drift,1741607773642,7.846805080771446,-59.16578678857713
1,1,block_2,2,Provo_ID12,3,1077713,1257085,1,applied_drift,1741607773670,7.846805080771446,-59.16578678857713
1,1,block_2,2,Provo_ID12,3,1077713,1257085,1,applied_drift,1741607773705,7.846805080771446,-59.16578678857713
1,1,block_2,2,Provo_ID12,3,1077713,1257085,1,applied_drift,1741607773747,7.846805080771446,-59.16578678857713
1,1,block_2,2,Provo_ID12,3,1077713,1257085,1,applied_drift,1741607773769,7.846805080771446,-59.16578678857713
1,1,block_2,2,Provo_ID12,3,1077713,1257085,1,applied_drift,1741607773810,7.846805080771446,-59.16578678857713
1,1,block_2,2,Provo_ID12,3,1077713,1257085,1,applied_drift,1741607773838,7.846805080771446,-59.16578678857713
1,1,block_2,2,Provo_ID12,3,1077713,1257085,1,applied_drift,1741607773869,7.846805080771446,-59.16578678857713
1,1,block_2,2,Provo_ID12,3,1077713,1257085,1,applied_drift,1741607773904,7.846805080771446,-59.16578678857713
1,1,block_2,2,Provo_ID12,3,1077713,1257085,1,applied_drift,1741607773943,7.846805080771446,-59.16578678857713
1,1,block_2,2,Provo_ID12,3,1077713,1257085,1,applied_drift,1741607773976,7.846805080771446,-59.16578678857713
1,1,block_2,2,Provo_ID12,3,1077713,1257085,1,applied_drift,1741607773999,7.846805080771446,-59.16578678857713
1,1,block_2,2,Provo_ID12,3,1077713,1257085,1,applied_drift,1741607774036,7.846805080771446,-59.16578678857713
1,1,block_2,2,Provo_ID12,3,1077713,1257085,1,applied_drift,1741607774070,7.846805080771446,-59.16578678857713
1,1,block_2,2,Provo_ID12,3,1077713,1257085,1,applied_drift,1741607774103,7.846805080771446,-59.16578678857713
1,1,block_2,2,Provo_ID12,3,1077713,1257085,1,applied_drift,1741607774142,7.846805080771446,-59.16578678857713
1,1,block_2,2,Provo_ID12,3,1077713,1257085,1,applied_drift,1741607774171,7.846805080771446,-59.16578678857713
1,1,block_2,2,Provo_ID12,3,1077713,1257085,1,applied_drift,1741607774204,7.846805080771446,-59.16578678857713
1,1,block_2,2,Provo_ID12,3,1077713,1257085,1,applied_drift,1741607774230,7.846805080771446,-59.16578678857713
1,1,block_2,2,Provo_ID12,3,1077713,1257085,1,applied_drift,1741607774273,7.846805080771446,-59.16578678857713
1,1,block_2,2,Provo_ID12,3,1077713,1257085,1,applied_drift,1741607774305,7.846805080771446,-59.16578678857713
1,1,block_2,2,Provo_ID12,3,1077713,1257085,1,applied_drift,1741607774342,7.846805080771446,-59.16578678857713
1,1,block_2,2,Provo_ID12,3,1077713,1257085,1,applied_drift,1741607774375,7.846805080771446,-59.16578678857713
1,1,block_2,2,Provo_ID12,3,1077713,1257085,1,applied_drift,1741607774412,7.846805080771446,-59.16578678857713
1,1,block_2,2,Provo_ID12,3,1077713,1257085,1,applied_drift,1741607774442,7.846805080771446,-59.16578678857713
1,1,block_2,2,Provo_ID12,3,1077713,1257085,1,applied_drift,1741607774465,7.846805080771446,-59.16578678857713
1,1,block_2,2,Provo_ID12,3,1077713,1257085,1,applied_drift,1741607774502,7.846805080771446,-59.16578678857713
1,1,block_2,2,Provo_ID12,3,1077713,1257085,1,applied_drift,1741607774541,7.846805080771446,-59.16578678857713
1,1,block_2,2,Provo_ID12,3,1077713,1257085,1,applied_drift,1741607774574,7.846805080771446,-59.16578678857713
1,1,block_2,2,Provo_ID12,3,1077713,1257085,1,applied_drift,1741607774607,7.846805080771446,-59.16578678857713
1,1,block_2,2,Provo_ID12,3,1077713,1257085,1,applied_drift,1741607774637,7.846805080771446,-59.16578678857713
1,1,block_2,2,Provo_ID12,3,1077713,1257085,1,applied_drift,1741607774665,7.846805080771446,-59.16578678857713
1,1,block_2,2,Provo_ID12,3,1077713,1257085,1,applied_drift,1741607774709,7.846805080771446,-59.16578678857713
1,1,block_2,2,Provo_ID12,3,1077713,1257085,1,applied_drift,1741607774745,7.846805080771446,-59.16578678857713
1,1,block_2,2,Provo_ID12,3,1077713,1257085,1,applied_drift,1741607774767,7.846805080771446,-59.16578678857713
1,1,block_2,2,Provo_ID12,3,1077713,1257085,1,applied_drift,1741607774805,7.846805080771446,-59.16578678857713
1,1,block_2,2,Provo_ID12,3,1077713,1257085,1,applied_drift,1741607774842,7.846805080771446,-59.16578678857713
1,1,block_2,2,Provo_ID12,3,1077713,1257085,1,applied_drift,1741607774864,7.846805080771446,-59.16578678857713
1,1,block_2,2,Provo_ID12,3,1077713,1257085,1,applied_drift,1741607774908,7.846805080771446,-59.16578678857713
1,1,block_2,2,Provo_ID12,3,1077713,1257085,1,applied_drift,1741607774937,7.846805080771446,-59.16578678857713
1,1,block_2,2,Provo_ID12,3,1077713,1257085,1,applied_drift,1741607774976,7.846805080771446,-59.16578678857713
1,1,block_2,2,Provo_ID12,3,1077713,1257085,1,applied_drift,1741607774998,7.846805080771446,-59.16578678857713
1,1,block_2,2,Provo_ID12,3,1077713,1257085,1,applied_drift,1741607775041,7.846805080771446,-59.16578678857713
1,1,block_2,2,Provo_ID12,3,1077713,1257085,1,applied_drift,1741607775071,7.846805080771446,-59.16578678857713
1,1,block_2,2,Provo_ID12,3,1077713,1257085,1,applied_drift,1741607775107,7.846805080771446,-59.16578678857713
1,1,block_2,2,Provo_ID12,3,1077713,1257085,1,applied_drift,1741607775135,7.846805080771446,-59.16578678857713
1,1,block_2,2,Provo_ID12,3,1077713,1257085,1,applied_drift,1741607775174,7.846805080771446,-59.16578678857713
1,1,block_2,2,Provo_ID12,3,1077713,1257085,1,applied_drift,1741607775205,7.846805080771446,-59.16578678857713
1,1,block_2,2,Provo_ID12,3,1077713,1257085,1,applied_drift,1741607775235,7.846805080771446,-59.16578678857713
1,1,block_2,2,Provo_ID12,3,1077713,1257085,1,applied_drift,1741607775276,7.846805080771446,-59.16578678857713
1,1,block_2,2,Provo_ID12,3,1077713,1257085,1,applied_drift,1741607775308,7.846805080771446,-59.16578678857713
1,1,block_2,2,Provo_ID12,3,1077713,1257085,1,applied_drift,1741607775337,7.846805080771446,-59.16578678857713
1,1,block_2,2,Provo_ID12,3,1077713,1257085,1,applied_drift,1741607775379,7.846805080771446,-59.16578678857713
1,1,block_2,2,Provo_ID12,3,1077713,1257085,1,applied_drift,1741607775402,7.846805080771446,-59.16578678857713
1,1,block_2,2,Provo_ID12,3,1077713,1257085,1,applied_drift,1741607775435,7.846805080771446,-59.16578678857713
1,1,block_2,2,Provo_ID12,3,1077713,1257085,1,applied_drift,1741607775469,7.846805080771446,-59.16578678857713
1,1,block_2,2,Provo_ID12,3,1077713,1257085,1,applied_drift,1741607775506,7.846805080771446,-59.16578678857713
1,1,block_2,2,Provo_ID12,3,1077713,1257085,1,applied_drift,1741607775542,7.846805080771446,-59.16578678857713
1,1,block_2,2,Provo_ID12,3,1077713,1257085,1,applied_drift,1741607775569,7.846805080771446,-59.16578678857713
1,1,block_2,2,Provo_ID12,3,1077713,1257085,1,applied_drift,1741607775607,7.846805080771446,-59.16578678857713
1,1,block_2,2,Provo_ID12,3,1077713,1257085,1,applied_drift,1741607775637,7.846805080771446,-59.16578678857713
1,1,block_2,2,Provo_ID12,3,1077713,1257085,1,applied_drift,1741607775672,7.846805080771446,-59.16578678857713
1,1,block_2,2,Provo_ID12,3,1077713,1257085,1,applied_drift,1741607775698,7.846805080771446,-59.16578678857713
1,1,block_2,2,Provo_ID12,3,1077713,1257085,1,applied_drift,1741607775737,7.846805080771446,-59.16578678857713
1,1,block_2,2,Provo_ID12,3,1077713,1257085,1,applied_drift,1741607775774,7.846805080771446,-59.16578678857713
1,1,block_2,2,Provo_ID12,3,1077713,1257085,1,applied_drift,1741607775800,7.846805080771446,-59.16578678857713
1,1,block_2,2,Provo_ID12,3,1077713,1257085,1,applied_drift,1741607775837,7.846805080771446,-59.16578678857713
1,1,block_2,2,Provo_ID12,3,1077713,1257085,1,applied_drift,1741607775874,7.846805080771446,-59.16578678857713
1,1,block_2,2,Provo_ID12,3,1077713,1257085,1,applied_drift,1741607775905,7.846805080771446,-59.16578678857713
1,1,block_2,2,Provo_ID12,3,1077713,1257085,1,applied_drift,1741607775936,7.846805080771446,-59.16578678857713
1,1,block_2,2,Provo_ID12,3,1077713,1257085,1,applied_drift,1741607775969,7.846805080771446,-59.16578678857713
1,1,block_2,2,Provo_ID12,3,1077713,1257085,1,applied_drift,1741607776005,7.846805080771446,-59.16578678857713
1,1,block_2,2,Provo_ID12,3,1077713,1257085,1,applied_drift,1741607776040,7.846805080771446,-59.16578678857713
1,1,block_2,2,Provo_ID12,3,1077713,1257085,1,applied_drift,1741607776070,7.846805080771446,-59.16578678857713
1,1,block_2,2,Provo_ID12,3,1077713,1257085,1,applied_drift,1741607776108,7.846805080771446,-59.16578678857713
1,1,block_2,2,Provo_ID12,3,1077713,1257085,1,applied_drift,1741607776147,7.846805080771446,-59.16578678857713
1,1,block_2,2,Provo_ID12,3,1077713,1257085,1,applied_drift,1741607776174,7.846805080771446,-59.16578678857713
1,1,block_2,2,Provo_ID12,3,1077713,1257085,1,applied_drift,1741607776202,7.846805080771446,-59.16578678857713
1,1,block_2,2,Provo_ID12,3,1077713,1257085,1,applied_drift,1741607776235,7.846805080771446,-59.16578678857713
1,1,block_2,2,Provo_ID12,3,1077713,1257085,1,applied_drift,1741607776276,7.846805080771446,-59.16578678857713
1,1,block_2,2,Provo_ID12,3,1077713,1257085,1,applied_drift,1741607776312,7.846805080771446,-59.16578678857713
1,1,block_2,2,Provo_ID12,3,1077713,1257085,1,applied_drift,1741607776340,7.846805080771446,-59.16578678857713
1,1,block_2,2,Provo_ID12,3,1077713,1257085,1,applied_drift,1741607776369,7.846805080771446,-59.16578678857713
1,1,block_2,2,Provo_ID12,3,1077713,1257085,1,applied_drift,1741607776406,7.846805080771446,-59.16578678857713
1,1,block_2,2,Provo_ID12,3,1077713,1257085,1,applied_drift,1741607776431,7.846805080771446,-59.16578678857713
1,1,block_2,2,Provo_ID12,3,1077713,1257085,1,applied_drift,1741607776471,7.846805080771446,-59.16578678857713
1,1,block_2,2,Provo_ID12,3,1077713,1257085,1,applied_drift,1741607776507,7.846805080771446,-59.16578678857713
1,1,block_2,2,Provo_ID12,3,1077713,1257085,1,applied_drift,1741607776533,7.846805080771446,-59.16578678857713
1,1,block_2,2,Provo_ID12,3,1077713,1257085,1,applied_drift,1741607776572,7.846805080771446,-59.16578678857713
1,1,block_2,2,Provo_ID12,3,1077713,1257085,1,applied_drift,1741607776602,7.846805080771446,-59.16578678857713
1,1,block_2,2,Provo_ID12,3,1077713,1257085,1,applied_drift,1741607776639,7.846805080771446,-59.16578678857713
1,1,block_2,2,Provo_ID12,3,1077713,1257085,1,applied_drift,1741607776666,7.846805080771446,-59.16578678857713
1,1,block_2,2,Provo_ID12,3,1077713,1257085,1,applied_drift,1741607776706,7.846805080771446,-59.16578678857713
1,1,block_2,2,Provo_ID12,3,1077713,1257085,1,applied_drift,1741607776734,7.846805080771446,-59.16578678857713
1,1,block_2,2,Provo_ID12,3,1077713,1257085,1,applied_drift,1741607776763,7.846805080771446,-59.16578678857713
1,1,block_2,2,Provo_ID12,3,1077713,1257085,1,applied_drift,1741607776796,7.846805080771446,-59.16578678857713
1,1,block_2,2,Provo_ID12,3,1077713,1257085,1,applied_drift,1741607776839,7.846805080771446,-59.16578678857713
1,1,block_2,2,Provo_ID12,3,1077713,1257085,1,applied_drift,1741607776873,7.846805080771446,-59.16578678857713
1,1,block_2,2,Provo_ID12,3,1077713,1257085,1,applied_drift,1741607776901,7.846805080771446,-59.16578678857713
1,1,block_2,2,Provo_ID12,3,1077713,1257085,1,applied_drift,1741607776940,7.846805080771446,-59.16578678857713
1,1,block_2,2,Provo_ID12,3,1077713,1257085,1,applied_drift,1741607776969,7.846805080771446,-59.16578678857713
1,1,block_2,2,Provo_ID12,3,1077713,1257085,1,applied_drift,1741607776995,7.846805080771446,-59.16578678857713
1,1,block_2,2,Provo_ID12,3,1077713,1257085,1,applied_drift,1741607777037,7.846805080771446,-59.16578678857713
1,1,block_2,2,Provo_ID12,3,1077713,1257085,1,applied_drift,1741607777066,7.846805080771446,-59.16578678857713
1,1,block_2,2,Provo_ID12,3,1077713,1257085,1,applied_drift,1741607777106,7.846805080771446,-59.16578678857713
1,1,block_2,2,Provo_ID12,3,1077713,1257085,1,applied_drift,1741607777129,7.846805080771446,-59.16578678857713
1,1,block_2,2,Provo_ID12,3,1077713,1257085,1,applied_drift,1741607777173,7.846805080771446,-59.16578678857713
1,1,block_2,2,Provo_ID12,3,1077713,1257085,1,applied_drift,1741607777205,7.846805080771446,-59.16578678857713
1,1,block_2,2,Provo_ID12,3,1077713,1257085,1,applied_drift,1741607777239,7.846805080771446,-59.16578678857713
1,1,block_2,2,Provo_ID12,3,1077713,1257085,1,applied_drift,1741607777273,7.846805080771446,-59.16578678857713
1,1,block_2,2,Provo_ID12,3,1077713,1257085,1,applied_drift,1741607777298,7.846805080771446,-59.16578678857713
1,1,block_2,2,Provo_ID12,3,1077713,1257085,1,applied_drift,1741607777332,7.846805080771446,-59.16578678857713
1,1,block_2,2,Provo_ID12,3,1077713,1257085,1,applied_drift,1741607777370,7.846805080771446,-59.16578678857713
1,1,block_2,2,Provo_ID12,3,1077713,1257085,1,applied_drift,1741607777405,7.846805080771446,-59.16578678857713
1,1,block_2,2,Provo_ID12,3,1077713,1257085,1,applied_drift,1741607777432,7.846805080771446,-59.16578678857713
1,1,block_2,2,Provo_ID12,3,1077713,1257085,1,applied_drift,1741607777471,7.846805080771446,-59.16578678857713
1,1,block_2,2,Provo_ID12,3,1077713,1257085,1,applied_drift,1741607777499,7.846805080771446,-59.16578678857713
1,1,block_2,2,Provo_ID12,3,1077713,1257085,1,applied_drift,1741607777532,7.846805080771446,-59.16578678857713
1,1,block_2,2,Provo_ID12,3,1077713,1257085,1,applied_drift,1741607777565,7.846805080771446,-59.16578678857713
1,1,block_2,2,Provo_ID12,3,1077713,1257085,1,applied_drift,1741607777601,7.846805080771446,-59.16578678857713
1,1,block_2,2,Provo_ID12,3,1077713,1257085,1,applied_drift,1741607777640,7.846805080771446,-59.16578678857713
1,1,block_2,2,Provo_ID12,3,1077713,1257085,1,applied_drift,1741607777664,7.846805080771446,-59.16578678857713
1,1,block_2,2,Provo_ID12,3,1077713,1257085,1,applied_drift,1741607777704,7.846805080771446,-59.16578678857713
1,1,block_2,2,Provo_ID12,3,1077713,1257085,1,applied_drift,1741607777730,7.846805080771446,-59.16578678857713
1,1,block_2,2,Provo_ID12,3,1077713,1257085,1,applied_drift,1741607777759,7.846805080771446,-59.16578678857713
1,1,block_2,2,Provo_ID12,3,1077713,1257085,1,applied_drift,1741607777803,7.846805080771446,-59.16578678857713
1,1,block_2,2,Provo_ID12,3,1077713,1257085,1,applied_drift,1741607777834,7.846805080771446,-59.16578678857713
1,1,block_2,2,Provo_ID12,3,1077713,1257085,1,applied_drift,1741607777870,7.846805080771446,-59.16578678857713
1,1,block_2,2,Provo_ID12,3,1077713,1257085,1,applied_drift,1741607777897,7.846805080771446,-59.16578678857713
1,1,block_2,2,Provo_ID12,3,1077713,1257085,1,applied_drift,1741607777933,7.846805080771446,-59.16578678857713
1,1,block_2,2,Provo_ID12,3,1077713,1257085,1,applied_drift,1741607777968,7.846805080771446,-59.16578678857713
1,1,block_2,2,Provo_ID12,3,1077713,1257085,1,applied_drift,1741607778002,7.846805080771446,-59.16578678857713
1,1,block_2,2,Provo_ID12,3,1077713,1257085,1,applied_drift,1741607778029,7.846805080771446,-59.16578678857713
1,1,block_2,2,Provo_ID12,3,1077713,1257085,1,applied_drift,1741607778069,7.846805080771446,-59.16578678857713
1,1,block_2,2,Provo_ID12,3,1077713,1257085,1,applied_drift,1741607778098,7.846805080771446,-59.16578678857713
1,1,block_2,2,Provo_ID12,3,1077713,1257085,1,applied_drift,1741607778128,7.846805080771446,-59.16578678857713
1,1,block_2,2,Provo_ID12,3,1077713,1257085,1,applied_drift,1741607778170,7.846805080771446,-59.16578678857713
1,1,block_2,2,Provo_ID12,3,1077713,1257085,1,applied_drift,1741607778201,7.846805080771446,-59.16578678857713
1,1,block_2,2,Provo_ID12,3,1077713,1257085,1,applied_drift,1741607778233,7.846805080771446,-59.16578678857713
1,1,block_2,2,Provo_ID12,3,1077713,1257085,1,applied_drift,1741607778259,7.846805080771446,-59.16578678857713
1,1,block_2,2,Provo_ID12,3,1077713,1257085,1,applied_drift,1741607778301,7.846805080771446,-59.16578678857713
1,1,block_2,2,Provo_ID12,3,1077713,1257085,1,applied_drift,1741607778329,7.846805080771446,-59.16578678857713
1,1,block_2,2,Provo_ID12,3,1077713,1257085,1,applied_drift,1741607778366,7.846805080771446,-59.16578678857713
1,1,block_2,2,Provo_ID12,3,1077713,1257085,1,applied_drift,1741607778394,7.846805080771446,-59.16578678857713
1,1,block_2,2,Provo_ID12,3,1077713,1257085,1,applied_drift,1741607778429,7.846805080771446,-59.16578678857713
1,1,block_2,2,Provo_ID12,3,1077713,1257085,1,applied_drift,1741607778464,7.846805080771446,-59.16578678857713
1,1,block_2,2,Provo_ID12,3,1077713,1257085,1,applied_drift,1741607778501,7.846805080771446,-59.16578678857713
1,1,block_2,2,Provo_ID12,3,1077713,1257085,1,applied_drift,1741607778532,7.846805080771446,-59.16578678857713
1,1,block_2,2,Provo_ID12,3,1077713,1257085,1,applied_drift,1741607778565,7.846805080771446,-59.16578678857713
1,1,block_2,2,Provo_ID12,3,1077713,1257085,1,applied_drift,1741607778599,7.846805080771446,-59.16578678857713
1,1,block_2,2,Provo_ID12,3,1077713,1257085,1,applied_drift,1741607778627,7.846805080771446,-59.16578678857713
1,1,block_2,2,Provo_ID12,3,1077713,1257085,1,applied_drift,1741607778666,7.846805080771446,-59.16578678857713
1,1,block_2,2,Provo_ID12,3,1077713,1257085,1,applied_drift,1741607778694,7.846805080771446,-59.16578678857713
1,1,block_2,2,Provo_ID12,3,1077713,1257085,1,applied_drift,1741607778730,7.846805080771446,-59.16578678857713
1,1,block_2,2,Provo_ID12,3,1077713,1257085,1,applied_drift,1741607778756,7.846805080771446,-59.16578678857713
1,1,block_2,2,Provo_ID12,3,1077713,1257085,1,applied_drift,1741607778799,7.846805080771446,-59.16578678857713
1,1,block_2,2,Provo_ID12,3,1077713,1257085,1,applied_drift,1741607778825,7.846805080771446,-59.16578678857713
1,1,block_2,2,Provo_ID12,3,1077713,1257085,1,applied_drift,1741607778860,7.846805080771446,-59.16578678857713
1,1,block_2,2,Provo_ID12,3,1077713,1257085,1,applied_drift,1741607778898,7.846805080771446,-59.16578678857713
1,1,block_2,2,Provo_ID12,3,1077713,1257085,1,applied_drift,1741607778926,7.846805080771446,-59.16578678857713
1,1,block_2,2,Provo_ID12,3,1077713,1257085,1,applied_drift,1741607778966,7.846805080771446,-59.16578678857713
1,1,block_2,2,Provo_ID12,3,1077713,1257085,1,applied_drift,1741607778999,7.846805080771446,-59.16578678857713
1,1,block_2,2,Provo_ID12,3,1077713,1257085,1,applied_drift,1741607779029,7.846805080771446,-59.16578678857713
1,1,block_2,2,Provo_ID12,3,1077713,1257085,1,applied_drift,1741607779066,7.846805080771446,-59.16578678857713
1,1,block_2,2,Provo_ID12,3,1077713,1257085,1,applied_drift,1741607779098,7.846805080771446,-59.16578678857713
1,1,block_2,2,Provo_ID12,3,1077713,1257085,1,applied_drift,1741607779127,7.846805080771446,-59.16578678857713
1,1,block_2,2,Provo_ID12,3,1077713,1257085,1,applied_drift,1741607779167,7.846805080771446,-59.16578678857713
1,1,block_2,2,Provo_ID12,3,1077713,1257085,1,applied_drift,1741607779205,7.846805080771446,-59.16578678857713
1,1,block_2,2,Provo_ID12,3,1077713,1257085,1,applied_drift,1741607779236,7.846805080771446,-59.16578678857713
1,1,block_2,2,Provo_ID12,3,1077713,1257085,1,applied_drift,1741607779271,7.846805080771446,-59.16578678857713
1,1,block_2,2,Provo_ID12,3,1077713,1257085,1,applied_drift,1741607779293,7.846805080771446,-59.16578678857713
1,1,block_2,2,Provo_ID12,3,1077713,1257085,1,applied_drift,1741607779331,7.846805080771446,-59.16578678857713
1,1,block_2,2,Provo_ID12,3,1077713,1257085,1,applied_drift,1741607779355,7.846805080771446,-59.16578678857713
1,1,block_2,2,Provo_ID12,3,1077713,1257085,1,applied_drift,1741607779398,7.846805080771446,-59.16578678857713
1,1,block_2,2,Provo_ID12,3,1077713,1257085,1,applied_drift,1741607779427,7.846805080771446,-59.16578678857713
1,1,block_2,2,Provo_ID12,3,1077713,1257085,1,applied_drift,1741607779466,7.846805080771446,-59.16578678857713
1,1,block_2,2,Provo_ID12,3,1077713,1257085,1,applied_drift,1741607779499,7.846805080771446,-59.16578678857713
1,1,block_2,2,Provo_ID12,3,1077713,1257085,1,applied_drift,1741607779532,7.846805080771446,-59.16578678857713
1,1,block_2,2,Provo_ID12,3,1077713,1257085,1,applied_drift,1741607779559,7.846805080771446,-59.16578678857713
1,1,block_2,2,Provo_ID12,3,1077713,1257085,1,applied_drift,1741607779594,7.846805080771446,-59.16578678857713
1,1,block_2,2,Provo_ID12,3,1077713,1257085,1,applied_drift,1741607779633,7.846805080771446,-59.16578678857713
1,1,block_2,2,Provo_ID12,3,1077713,1257085,1,applied_drift,1741607779659,7.846805080771446,-59.16578678857713
1,1,block_2,2,Provo_ID12,3,1077713,1257085,1,applied_drift,1741607779698,7.846805080771446,-59.16578678857713
1,1,block_2,2,Provo_ID12,3,1077713,1257085,1,applied_drift,1741607779726,7.846805080771446,-59.16578678857713
1,1,block_2,2,Provo_ID12,3,1077713,1257085,1,applied_drift,1741607779764,7.846805080771446,-59.16578678857713
1,1,block_2,2,Provo_ID12,3,1077713,1257085,1,applied_drift,1741607779793,7.846805080771446,-59.16578678857713
1,1,block_2,2,Provo_ID12,3,1077713,1257085,1,applied_drift,1741607779828,7.846805080771446,-59.16578678857713
1,1,block_2,2,Provo_ID12,3,1077713,1257085,1,applied_drift,1741607779865,7.846805080771446,-59.16578678857713
1,1,block_2,2,Provo_ID12,3,1077713,1257085,1,applied_drift,1741607779892,7.846805080771446,-59.16578678857713
1,1,block_2,2,Provo_ID12,3,1077713,1257085,1,applied_drift,1741607779932,7.846805080771446,-59.16578678857713
1,1,block_2,2,Provo_ID12,3,1077713,1257085,1,applied_drift,1741607779965,7.846805080771446,-59.16578678857713
1,1,block_2,2,Provo_ID12,3,1077713,1257085,1,applied_drift,1741607779998,7.846805080771446,-59.16578678857713
1,1,block_2,2,Provo_ID12,3,1077713,1257085,1,applied_drift,1741607780027,7.846805080771446,-59.16578678857713
1,1,block_2,2,Provo_ID12,3,1077713,1257085,1,applied_drift,1741607780060,7.846805080771446,-59.16578678857713
1,1,block_2,2,Provo_ID12,3,1077713,1257085,1,applied_drift,1741607780094,7.846805080771446,-59.16578678857713
1,1,block_2,2,Provo_ID12,3,1077713,1257085,1,applied_drift,1741607780126,7.846805080771446,-59.16578678857713
1,1,block_2,2,Provo_ID12,3,1077713,1257085,1,applied_drift,1741607780161,7.846805080771446,-59.16578678857713
1,1,block_2,2,Provo_ID12,3,1077713,1257085,1,applied_drift,1741607780198,7.846805080771446,-59.16578678857713
1,1,block_2,2,Provo_ID12,3,1077713,1257085,1,applied_drift,1741607780231,7.846805080771446,-59.16578678857713
1,1,block_2,2,Provo_ID12,3,1077713,1257085,1,applied_drift,1741607780261,7.846805080771446,-59.16578678857713
1,1,block_2,2,Provo_ID12,3,1077713,1257085,1,applied_drift,1741607780294,7.846805080771446,-59.16578678857713
1,1,block_2,2,Provo_ID12,3,1077713,1257085,1,applied_drift,1741607780333,7.846805080771446,-59.16578678857713
1,1,block_2,2,Provo_ID12,3,1077713,1257085,1,applied_drift,1741607780365,7.846805080771446,-59.16578678857713
1,1,block_2,2,Provo_ID12,3,1077713,1257085,1,applied_drift,1741607780392,7.846805080771446,-59.16578678857713
1,1,block_2,2,Provo_ID12,3,1077713,1257085,1,applied_drift,1741607780427,7.846805080771446,-59.16578678857713
1,1,block_2,2,Provo_ID12,3,1077713,1257085,1,applied_drift,1741607780460,7.846805080771446,-59.16578678857713
1,1,block_2,2,Provo_ID12,3,1077713,1257085,1,applied_drift,1741607780495,7.846805080771446,-59.16578678857713
1,1,block_2,2,Provo_ID12,3,1077713,1257085,1,applied_drift,1741607780533,7.846805080771446,-59.16578678857713
1,1,block_2,2,Provo_ID12,3,1077713,1257085,1,applied_drift,1741607780565,7.846805080771446,-59.16578678857713
1,1,block_2,2,Provo_ID12,3,1077713,1257085,1,applied_drift,1741607780599,7.846805080771446,-59.16578678857713
1,1,block_2,2,Provo_ID12,3,1077713,1257085,1,applied_drift,1741607780628,7.846805080771446,-59.16578678857713
1,1,block_2,2,Provo_ID12,3,1077713,1257085,1,applied_drift,1741607780661,7.846805080771446,-59.16578678857713
1,1,block_2,2,Provo_ID12,3,1077713,1257085,1,applied_drift,1741607780695,7.846805080771446,-59.16578678857713
1,1,block_2,2,Provo_ID12,3,1077713,1257085,1,applied_drift,1741607780729,7.846805080771446,-59.16578678857713
1,1,block_2,2,Provo_ID12,3,1077713,1257085,1,applied_drift,1741607780764,7.846805080771446,-59.16578678857713
1,1,block_2,2,Provo_ID12,3,1077713,1257085,1,applied_drift,1741607780793,7.846805080771446,-59.16578678857713
1,1,block_2,2,Provo_ID12,3,1077713,1257085,1,applied_drift,1741607780832,7.846805080771446,-59.16578678857713
1,1,block_2,2,Provo_ID12,3,1077713,1257085,1,applied_drift,1741607780861,7.846805080771446,-59.16578678857713
1,1,block_2,2,Provo_ID12,3,1077713,1257085,1,applied_drift,1741607780898,7.846805080771446,-59.16578678857713
1,1,block_2,2,Provo_ID12,3,1077713,1257085,1,applied_drift,1741607780932,7.846805080771446,-59.16578678857713
1,1,block_2,2,Provo_ID12,3,1077713,1257085,1,applied_drift,1741607780961,7.846805080771446,-59.16578678857713
1,1,block_2,2,Provo_ID12,3,1077713,1257085,1,applied_drift,1741607781000,7.846805080771446,-59.16578678857713
1,1,block_2,2,Provo_ID12,3,1077713,1257085,1,applied_drift,1741607781021,7.846805080771446,-59.16578678857713
1,1,block_2,2,Provo_ID12,3,1077713,1257085,1,applied_drift,1741607781066,7.846805080771446,-59.16578678857713
1,1,block_2,2,Provo_ID12,3,1077713,1257085,1,applied_drift,1741607781091,7.846805080771446,-59.16578678857713
1,1,block_2,2,Provo_ID12,3,1077713,1257085,1,applied_drift,1741607781127,7.846805080771446,-59.16578678857713
1,1,block_2,2,Provo_ID12,3,1077713,1257085,1,applied_drift,1741607781166,7.846805080771446,-59.16578678857713
1,1,block_2,2,Provo_ID12,3,1077713,1257085,1,applied_drift,1741607781197,7.846805080771446,-59.16578678857713
1,1,block_2,2,Provo_ID12,3,1077713,1257085,1,applied_drift,1741607781227,7.846805080771446,-59.16578678857713
1,1,block_2,2,Provo_ID12,3,1077713,1257085,1,applied_drift,1741607781256,7.846805080771446,-59.16578678857713
1,1,block_2,2,Provo_ID12,3,1077713,1257085,1,applied_drift,1741607781300,7.846805080771446,-59.16578678857713
1,1,block_2,2,Provo_ID12,3,1077713,1257085,1,applied_drift,1741607781327,7.846805080771446,-59.16578678857713
1,1,block_2,2,Provo_ID12,3,1077713,1257085,1,applied_drift,1741607781366,7.846805080771446,-59.16578678857713
1,1,block_2,2,Provo_ID12,3,1077713,1257085,1,applied_drift,1741607781400,7.846805080771446,-59.16578678857713
1,1,block_2,2,Provo_ID12,3,1077713,1257085,1,applied_drift,1741607781425,7.846805080771446,-59.16578678857713
1,1,block_2,2,Provo_ID12,3,1077713,1257085,1,applied_drift,1741607781456,7.846805080771446,-59.16578678857713
1,1,block_2,2,Provo_ID12,3,1077713,1257085,1,applied_drift,1741607781499,7.846805080771446,-59.16578678857713
1,1,block_2,2,Provo_ID12,3,1077713,1257085,1,applied_drift,1741607781530,7.846805080771446,-59.16578678857713
1,1,block_2,2,Provo_ID12,3,1077713,1257085,1,applied_drift,1741607781563,7.846805080771446,-59.16578678857713
1,1,block_2,2,Provo_ID12,3,1077713,1257085,1,applied_drift,1741607781598,7.846805080771446,-59.16578678857713
1,1,block_2,2,Provo_ID12,3,1077713,1257085,1,applied_drift,1741607781627,7.846805080771446,-59.16578678857713
1,1,block_2,2,Provo_ID12,3,1077713,1257085,1,applied_drift,1741607781661,7.846805080771446,-59.16578678857713
1,1,block_2,2,Provo_ID12,3,1077713,1257085,1,applied_drift,1741607781693,7.846805080771446,-59.16578678857713
1,1,block_2,2,Provo_ID12,3,1077713,1257085,1,applied_drift,1741607781732,7.846805080771446,-59.16578678857713
1,1,block_2,2,Provo_ID12,3,1077713,1257085,1,applied_drift,1741607781775,7.846805080771446,-59.16578678857713
1,1,block_2,2,Provo_ID12,3,1077713,1257085,1,applied_drift,1741607781799,7.846805080771446,-59.16578678857713
1,1,block_2,2,Provo_ID12,3,1077713,1257085,1,applied_drift,1741607781829,7.846805080771446,-59.16578678857713
1,1,block_2,2,Provo_ID12,3,1077713,1257085,1,applied_drift,1741607781866,7.846805080771446,-59.16578678857713
1,1,block_2,2,Provo_ID12,3,1077713,1257085,1,applied_drift,1741607781894,7.846805080771446,-59.16578678857713
1,1,block_2,2,Provo_ID12,3,1077713,1257085,1,applied_drift,1741607781926,7.846805080771446,-59.16578678857713
1,1,block_2,2,Provo_ID12,3,1077713,1257085,1,applied_drift,1741607781970,7.846805080771446,-59.16578678857713
1,1,block_2,2,Provo_ID12,3,1077713,1257085,1,applied_drift,1741607781993,7.846805080771446,-59.16578678857713
1,1,block_2,2,Provo_ID12,3,1077713,1257085,1,applied_drift,1741607782032,7.846805080771446,-59.16578678857713
1,1,block_2,2,Provo_ID12,3,1077713,1257085,1,applied_drift,1741607782062,7.846805080771446,-59.16578678857713
1,1,block_2,2,Provo_ID12,3,1077713,1257085,1,applied_drift,1741607782094,7.846805080771446,-59.16578678857713
1,1,block_2,2,Provo_ID12,3,1077713,1257085,1,applied_drift,1741607782130,7.846805080771446,-59.16578678857713
1,1,block_2,2,Provo_ID12,3,1077713,1257085,1,applied_drift,1741607782166,7.846805080771446,-59.16578678857713
1,1,block_2,2,Provo_ID12,3,1077713,1257085,1,applied_drift,1741607782194,7.846805080771446,-59.16578678857713
1,1,block_2,2,Provo_ID12,3,1077713,1257085,1,applied_drift,1741607782232,7.846805080771446,-59.16578678857713
1,1,block_2,2,Provo_ID12,3,1077713,1257085,1,applied_drift,1741607782262,7.846805080771446,-59.16578678857713
1,1,block_2,2,Provo_ID12,3,1077713,1257085,1,applied_drift,1741607782296,7.846805080771446,-59.16578678857713
1,1,block_2,2,Provo_ID12,3,1077713,1257085,1,applied_drift,1741607782326,7.846805080771446,-59.16578678857713
1,1,block_2,2,Provo_ID12,3,1077713,1257085,1,applied_drift,1741607782360,7.846805080771446,-59.16578678857713
1,1,block_2,2,Provo_ID12,3,1077713,1257085,1,applied_drift,1741607782400,7.846805080771446,-59.16578678857713
1,1,block_2,2,Provo_ID12,3,1077713,1257085,1,applied_drift,1741607782432,7.846805080771446,-59.16578678857713
1,1,block_2,2,Provo_ID12,3,1077713,1257085,1,applied_drift,1741607782460,7.846805080771446,-59.16578678857713
1,1,block_2,2,Provo_ID12,3,1077713,1257085,1,applied_drift,1741607782500,7.846805080771446,-59.16578678857713
1,1,block_2,2,Provo_ID12,3,1077713,1257085,1,applied_drift,1741607782533,7.846805080771446,-59.16578678857713
1,1,block_2,2,Provo_ID12,3,1077713,1257085,1,applied_drift,1741607782558,7.846805080771446,-59.16578678857713
1,1,block_2,2,Provo_ID12,3,1077713,1257085,1,applied_drift,1741607782599,7.846805080771446,-59.16578678857713
1,1,block_2,2,Provo_ID12,3,1077713,1257085,1,applied_drift,1741607782622,7.846805080771446,-59.16578678857713
1,1,block_2,2,Provo_ID12,3,1077713,1257085,1,applied_drift,1741607782663,7.846805080771446,-59.16578678857713
1,1,block_2,2,Provo_ID12,3,1077713,1257085,1,applied_drift,1741607782699,7.846805080771446,-59.16578678857713
1,1,block_2,2,Provo_ID12,3,1077713,1257085,1,applied_drift,1741607782733,7.846805080771446,-59.16578678857713
1,1,block_2,2,Provo_ID12,3,1077713,1257085,1,applied_drift,1741607782765,7.846805080771446,-59.16578678857713
1,1,block_2,2,Provo_ID12,3,1077713,1257085,1,applied_drift,1741607782793,7.846805080771446,-59.16578678857713
1,1,block_2,2,Provo_ID12,3,1077713,1257085,1,applied_drift,1741607782831,7.846805080771446,-59.16578678857713
1,1,block_2,2,Provo_ID12,3,1077713,1257085,1,applied_drift,1741607782864,7.846805080771446,-59.16578678857713
1,1,block_2,2,Provo_ID12,3,1077713,1257085,1,applied_drift,1741607782898,7.846805080771446,-59.16578678857713
1,1,block_2,2,Provo_ID12,3,1077713,1257085,1,applied_drift,1741607782932,7.846805080771446,-59.16578678857713
1,1,block_2,2,Provo_ID12,3,1077713,1257085,1,applied_drift,1741607782959,7.846805080771446,-59.16578678857713
1,1,block_2,2,Provo_ID12,3,1077713,1257085,1,applied_drift,1741607782992,7.846805080771446,-59.16578678857713
1,1,block_2,2,Provo_ID12,3,1077713,1257085,1,applied_drift,1741607783030,7.846805080771446,-59.16578678857713
1,1,block_2,2,Provo_ID12,3,1077713,1257085,1,applied_drift,1741607783062,7.846805080771446,-59.16578678857713
1,1,block_2,2,Provo_ID12,3,1077713,1257085,1,applied_drift,1741607783099,7.846805080771446,-59.16578678857713
1,1,block_2,2,Provo_ID12,3,1077713,1257085,1,applied_drift,1741607783132,7.846805080771446,-59.16578678857713
1,1,block_2,2,Provo_ID12,3,1077713,1257085,1,applied_drift,1741607783160,7.846805080771446,-59.16578678857713
1,1,block_2,2,Provo_ID12,3,1077713,1257085,1,applied_drift,1741607783193,7.846805080771446,-59.16578678857713
1,1,block_2,2,Provo_ID12,3,1077713,1257085,1,applied_drift,1741607783231,7.846805080771446,-59.16578678857713
1,1,block_2,2,Provo_ID12,3,1077713,1257085,1,applied_drift,1741607783264,7.846805080771446,-59.16578678857713
1,1,block_2,2,Provo_ID12,3,1077713,1257085,1,applied_drift,1741607783291,7.846805080771446,-59.16578678857713
1,1,block_2,2,Provo_ID12,3,1077713,1257085,1,applied_drift,1741607783324,7.846805080771446,-59.16578678857713
1,1,block_2,2,Provo_ID12,3,1077713,1257085,1,applied_drift,1741607783361,7.846805080771446,-59.16578678857713
1,1,block_2,2,Provo_ID12,3,1077713,1257085,1,applied_drift,1741607783394,7.846805080771446,-59.16578678857713
1,1,block_2,2,Provo_ID12,3,1077713,1257085,1,applied_drift,1741607783426,7.846805080771446,-59.16578678857713
1,1,block_2,2,Provo_ID12,3,1077713,1257085,1,applied_drift,1741607783466,7.846805080771446,-59.16578678857713
1,1,block_2,2,Provo_ID12,3,1077713,1257085,1,applied_drift,1741607783498,7.846805080771446,-59.16578678857713
1,1,block_2,2,Provo_ID12,3,1077713,1257085,1,applied_drift,1741607783530,7.846805080771446,-59.16578678857713
1,1,block_2,2,Provo_ID12,3,1077713,1257085,1,applied_drift,1741607783557,7.846805080771446,-59.16578678857713
1,1,block_2,2,Provo_ID12,3,1077713,1257085,1,applied_drift,1741607783594,7.846805080771446,-59.16578678857713
1,1,block_2,2,Provo_ID12,3,1077713,1257085,1,applied_drift,1741607783629,7.846805080771446,-59.16578678857713
1,1,block_2,2,Provo_ID12,3,1077713,1257085,1,applied_drift,1741607783663,7.846805080771446,-59.16578678857713
1,1,block_2,2,Provo_ID12,3,1077713,1257085,1,applied_drift,1741607783696,7.846805080771446,-59.16578678857713
1,1,block_2,2,Provo_ID12,3,1077713,1257085,1,applied_drift,1741607783732,7.846805080771446,-59.16578678857713
1,1,block_2,2,Provo_ID12,3,1077713,1257085,1,applied_drift,1741607783760,7.846805080771446,-59.16578678857713
1,1,block_2,2,Provo_ID12,3,1077713,1257085,1,applied_drift,1741607783794,7.846805080771446,-59.16578678857713
1,1,block_2,2,Provo_ID12,3,1077713,1257085,1,applied_drift,1741607783829,7.846805080771446,-59.16578678857713
1,1,block_2,2,Provo_ID12,3,1077713,1257085,1,applied_drift,1741607783857,7.846805080771446,-59.16578678857713
1,1,block_2,2,Provo_ID12,3,1077713,1257085,1,applied_drift,1741607783898,7.846805080771446,-59.16578678857713
1,1,block_2,2,Provo_ID12,3,1077713,1257085,1,applied_drift,1741607783926,7.846805080771446,-59.16578678857713
1,1,block_2,2,Provo_ID12,3,1077713,1257085,1,applied_drift,1741607783960,7.846805080771446,-59.16578678857713
1,1,block_2,2,Provo_ID12,3,1077713,1257085,1,applied_drift,1741607783995,7.846805080771446,-59.16578678857713
1,1,block_2,2,Provo_ID12,3,1077713,1257085,1,applied_drift,1741607784028,7.846805080771446,-59.16578678857713
1,1,block_2,2,Provo_ID12,3,1077713,1257085,1,applied_drift,1741607784054,7.846805080771446,-59.16578678857713
1,1,block_2,2,Provo_ID12,3,1077713,1257085,1,applied_drift,1741607784097,7.846805080771446,-59.16578678857713
1,1,block_2,2,Provo_ID12,3,1077713,1257085,1,applied_drift,1741607784131,7.846805080771446,-59.16578678857713
1,1,block_2,2,Provo_ID12,3,1077713,1257085,1,applied_drift,1741607784164,7.846805080771446,-59.16578678857713
1,1,block_2,2,Provo_ID12,3,1077713,1257085,1,applied_drift,1741607784198,7.846805080771446,-59.16578678857713
1,1,block_2,2,Provo_ID12,3,1077713,1257085,1,applied_drift,1741607784230,7.846805080771446,-59.16578678857713
1,1,block_2,2,Provo_ID12,3,1077713,1257085,1,applied_drift,1741607784259,7.846805080771446,-59.16578678857713
1,1,block_2,2,Provo_ID12,3,1077713,1257085,1,applied_drift,1741607784292,7.846805080771446,-59.16578678857713
1,1,block_2,2,Provo_ID12,3,1077713,1257085,1,applied_drift,1741607784330,7.846805080771446,-59.16578678857713
1,1,block_2,2,Provo_ID12,3,1077713,1257085,1,applied_drift,1741607784364,7.846805080771446,-59.16578678857713
1,1,block_2,2,Provo_ID12,3,1077713,1257085,1,applied_drift,1741607784395,7.846805080771446,-59.16578678857713
1,1,block_2,2,Provo_ID12,3,1077713,1257085,1,applied_drift,1741607784429,7.846805080771446,-59.16578678857713
1,1,block_2,2,Provo_ID12,3,1077713,1257085,1,applied_drift,1741607784465,7.846805080771446,-59.16578678857713
1,1,block_2,2,Provo_ID12,3,1077713,1257085,1,applied_drift,1741607784497,7.846805080771446,-59.16578678857713
1,1,block_2,2,Provo_ID12,3,1077713,1257085,1,applied_drift,1741607784530,7.846805080771446,-59.16578678857713
1,1,block_2,2,Provo_ID12,3,1077713,1257085,1,applied_drift,1741607784560,7.846805080771446,-59.16578678857713
1,1,block_2,2,Provo_ID12,3,1077713,1257085,1,applied_drift,1741607784593,7.846805080771446,-59.16578678857713
1,1,block_2,2,Provo_ID12,3,1077713,1257085,1,applied_drift,1741607784629,7.846805080771446,-59.16578678857713
1,1,block_2,2,Provo_ID12,3,1077713,1257085,1,applied_drift,1741607784664,7.846805080771446,-59.16578678857713
1,1,block_2,2,Provo_ID12,3,1077713,1257085,1,applied_drift,1741607784697,7.846805080771446,-59.16578678857713
1,1,block_2,2,Provo_ID12,3,1077713,1257085,1,applied_drift,1741607784729,7.846805080771446,-59.16578678857713
1,1,block_2,2,Provo_ID12,3,1077713,1257085,1,applied_drift,1741607784759,7.846805080771446,-59.16578678857713
1,1,block_2,2,Provo_ID12,3,1077713,1257085,1,applied_drift,1741607784794,7.846805080771446,-59.16578678857713
1,1,block_2,2,Provo_ID12,3,1077713,1257085,1,applied_drift,1741607784822,7.846805080771446,-59.16578678857713
1,1,block_2,2,Provo_ID12,3,1077713,1257085,1,applied_drift,1741607784865,7.846805080771446,-59.16578678857713
1,1,block_2,2,Provo_ID12,3,1077713,1257085,1,applied_drift,1741607784894,7.846805080771446,-59.16578678857713
1,1,block_2,2,Provo_ID12,3,1077713,1257085,1,applied_drift,1741607784931,7.846805080771446,-59.16578678857713
1,1,block_2,2,Provo_ID12,3,1077713,1257085,1,applied_drift,1741607784963,7.846805080771446,-59.16578678857713
1,1,block_2,2,Provo_ID12,3,1077713,1257085,1,applied_drift,1741607784991,7.846805080771446,-59.16578678857713
1,1,block_2,2,Provo_ID12,3,1077713,1257085,1,applied_drift,1741607785020,7.846805080771446,-59.16578678857713
1,1,block_2,2,Provo_ID12,3,1077713,1257085,1,applied_drift,1741607785067,7.846805080771446,-59.16578678857713
1,1,block_2,2,Provo_ID12,3,1077713,1257085,1,applied_drift,1741607785096,7.846805080771446,-59.16578678857713
1,1,block_2,2,Provo_ID12,3,1077713,1257085,1,applied_drift,1741607785121,7.846805080771446,-59.16578678857713
1,1,block_2,2,Provo_ID12,3,1077713,1257085,1,applied_drift,1741607785160,7.846805080771446,-59.16578678857713
1,1,block_2,2,Provo_ID12,3,1077713,1257085,1,applied_drift,1741607785187,7.846805080771446,-59.16578678857713
1,1,block_2,2,Provo_ID12,3,1077713,1257085,1,applied_drift,1741607785228,7.846805080771446,-59.16578678857713
1,1,block_2,2,Provo_ID12,3,1077713,1257085,1,applied_drift,1741607785256,7.846805080771446,-59.16578678857713
1,1,block_2,2,Provo_ID12,3,1077713,1257085,1,applied_drift,1741607785296,7.846805080771446,-59.16578678857713
1,1,block_2,2,Provo_ID12,3,1077713,1257085,1,applied_drift,1741607785330,7.846805080771446,-59.16578678857713
1,1,block_2,2,Provo_ID12,3,1077713,1257085,1,applied_drift,1741607785364,7.846805080771446,-59.16578678857713
1,1,block_2,2,Provo_ID12,3,1077713,1257085,1,applied_drift,1741607785398,7.846805080771446,-59.16578678857713
1,1,block_2,2,Provo_ID12,3,1077713,1257085,1,applied_drift,1741607785431,7.846805080771446,-59.16578678857713
1,1,block_2,2,Provo_ID12,3,1077713,1257085,1,applied_drift,1741607785460,7.846805080771446,-59.16578678857713
1,1,block_2,2,Provo_ID12,3,1077713,1257085,1,applied_drift,1741607785492,7.846805080771446,-59.16578678857713
1,1,block_2,2,Provo_ID12,3,1077713,1257085,1,applied_drift,1741607785527,7.846805080771446,-59.16578678857713
1,1,block_2,2,Provo_ID12,3,1077713,1257085,1,applied_drift,1741607785566,7.846805080771446,-59.16578678857713
1,1,block_2,2,Provo_ID12,3,1077713,1257085,1,applied_drift,1741607785596,7.846805080771446,-59.16578678857713
1,1,block_2,2,Provo_ID12,3,1077713,1257085,1,applied_drift,1741607785630,7.846805080771446,-59.16578678857713
1,1,block_2,2,Provo_ID12,3,1077713,1257085,1,applied_drift,1741607785663,7.846805080771446,-59.16578678857713
1,1,block_2,2,Provo_ID12,3,1077713,1257085,1,applied_drift,1741607785697,7.846805080771446,-59.16578678857713
1,1,block_2,2,Provo_ID12,3,1077713,1257085,1,applied_drift,1741607785726,7.846805080771446,-59.16578678857713
1,1,block_2,2,Provo_ID12,3,1077713,1257085,1,applied_drift,1741607785759,7.846805080771446,-59.16578678857713
1,1,block_2,2,Provo_ID12,3,1077713,1257085,1,applied_drift,1741607785796,7.846805080771446,-59.16578678857713
1,1,block_2,2,Provo_ID12,3,1077713,1257085,1,applied_drift,1741607785829,7.846805080771446,-59.16578678857713
1,1,block_2,2,Provo_ID12,3,1077713,1257085,1,applied_drift,1741607785863,7.846805080771446,-59.16578678857713
1,1,block_2,2,Provo_ID12,3,1077713,1257085,1,applied_drift,1741607785893,7.846805080771446,-59.16578678857713
1,1,block_2,2,Provo_ID12,3,1077713,1257085,1,applied_drift,1741607785926,7.846805080771446,-59.16578678857713
1,1,block_2,2,Provo_ID12,3,1077713,1257085,1,applied_drift,1741607785960,7.846805080771446,-59.16578678857713
1,1,block_2,2,Provo_ID12,3,1077713,1257085,1,applied_drift,1741607785992,7.846805080771446,-59.16578678857713
1,1,block_2,2,Provo_ID12,3,1077713,1257085,1,applied_drift,1741607786030,7.846805080771446,-59.16578678857713
1,1,block_2,2,Provo_ID12,3,1077713,1257085,1,applied_drift,1741607786060,7.846805080771446,-59.16578678857713
1,1,block_2,2,Provo_ID12,3,1077713,1257085,1,applied_drift,1741607786093,7.846805080771446,-59.16578678857713
1,1,block_2,2,Provo_ID12,3,1077713,1257085,1,applied_drift,1741607786132,7.846805080771446,-59.16578678857713
1,1,block_2,2,Provo_ID12,3,1077713,1257085,1,applied_drift,1741607786159,7.846805080771446,-59.16578678857713
1,1,block_2,2,Provo_ID12,3,1077713,1257085,1,applied_drift,1741607786196,7.846805080771446,-59.16578678857713
1,1,block_2,2,Provo_ID12,3,1077713,1257085,1,applied_drift,1741607786224,7.846805080771446,-59.16578678857713
1,1,block_2,2,Provo_ID12,3,1077713,1257085,1,applied_drift,1741607786259,7.846805080771446,-59.16578678857713
1,1,block_2,2,Provo_ID12,3,1077713,1257085,1,applied_drift,1741607786293,7.846805080771446,-59.16578678857713
1,1,block_2,2,Provo_ID12,3,1077713,1257085,1,applied_drift,1741607786329,7.846805080771446,-59.16578678857713
1,1,block_2,2,Provo_ID12,3,1077713,1257085,1,applied_drift,1741607786362,7.846805080771446,-59.16578678857713
1,1,block_2,2,Provo_ID12,3,1077713,1257085,1,applied_drift,1741607786403,7.846805080771446,-59.16578678857713
1,1,block_2,2,Provo_ID12,3,1077713,1257085,1,applied_drift,1741607786430,7.846805080771446,-59.16578678857713
1,1,block_2,2,Provo_ID12,3,1077713,1257085,1,applied_drift,1741607786462,7.846805080771446,-59.16578678857713
1,1,block_2,2,Provo_ID12,3,1077713,1257085,1,applied_drift,1741607786492,7.846805080771446,-59.16578678857713
1,1,block_2,2,Provo_ID12,3,1077713,1257085,1,applied_drift,1741607786532,7.846805080771446,-59.16578678857713
1,1,block_2,2,Provo_ID12,3,1077713,1257085,1,applied_drift,1741607786560,7.846805080771446,-59.16578678857713
1,1,block_2,2,Provo_ID12,3,1077713,1257085,1,applied_drift,1741607786597,7.846805080771446,-59.16578678857713
1,1,block_2,2,Provo_ID12,3,1077713,1257085,1,applied_drift,1741607786625,7.846805080771446,-59.16578678857713
1,1,block_2,2,Provo_ID12,3,1077713,1257085,1,applied_drift,1741607786658,7.846805080771446,-59.16578678857713
1,1,block_2,2,Provo_ID12,3,1077713,1257085,1,applied_drift,1741607786690,7.846805080771446,-59.16578678857713
1,1,block_2,2,Provo_ID12,3,1077713,1257085,1,applied_drift,1741607786732,7.846805080771446,-59.16578678857713
1,1,block_2,2,Provo_ID12,3,1077713,1257085,1,applied_drift,1741607786760,7.846805080771446,-59.16578678857713
1,1,block_2,2,Provo_ID12,3,1077713,1257085,1,applied_drift,1741607786799,7.846805080771446,-59.16578678857713
1,1,block_2,2,Provo_ID12,3,1077713,1257085,1,applied_drift,1741607786829,7.846805080771446,-59.16578678857713
1,1,block_2,2,Provo_ID12,3,1077713,1257085,1,applied_drift,1741607786864,7.846805080771446,-59.16578678857713
1,1,block_2,2,Provo_ID12,3,1077713,1257085,1,applied_drift,1741607786890,7.846805080771446,-59.16578678857713
1,1,block_2,2,Provo_ID12,3,1077713,1257085,1,applied_drift,1741607786922,7.846805080771446,-59.16578678857713
1,1,block_2,2,Provo_ID12,3,1077713,1257085,1,applied_drift,1741607786962,7.846805080771446,-59.16578678857713
1,1,block_2,2,Provo_ID12,3,1077713,1257085,1,applied_drift,1741607786991,7.846805080771446,-59.16578678857713
1,1,block_2,2,Provo_ID12,3,1077713,1257085,1,applied_drift,1741607787026,7.846805080771446,-59.16578678857713
1,1,block_2,2,Provo_ID12,3,1077713,1257085,1,applied_drift,1741607787060,7.846805080771446,-59.16578678857713
1,1,block_2,2,Provo_ID12,3,1077713,1257085,1,applied_drift,1741607787092,7.846805080771446,-59.16578678857713
1,1,block_2,2,Provo_ID12,3,1077713,1257085,1,applied_drift,1741607787128,7.846805080771446,-59.16578678857713
1,1,block_2,2,Provo_ID12,3,1077713,1257085,1,applied_drift,1741607787161,7.846805080771446,-59.16578678857713
1,1,block_2,2,Provo_ID12,3,1077713,1257085,1,applied_drift,1741607787189,7.846805080771446,-59.16578678857713
1,1,block_2,2,Provo_ID12,3,1077713,1257085,1,applied_drift,1741607787224,7.846805080771446,-59.16578678857713
1,1,block_2,2,Provo_ID12,3,1077713,1257085,1,applied_drift,1741607787255,7.846805080771446,-59.16578678857713
1,1,block_2,2,Provo_ID12,3,1077713,1257085,1,applied_drift,1741607787292,7.846805080771446,-59.16578678857713
1,1,block_2,2,Provo_ID12,3,1077713,1257085,1,applied_drift,1741607787326,7.846805080771446,-59.16578678857713
1,1,block_2,2,Provo_ID12,3,1077713,1257085,1,applied_drift,1741607787354,7.846805080771446,-59.16578678857713
1,1,block_2,2,Provo_ID12,3,1077713,1257085,1,applied_drift,1741607787390,7.846805080771446,-59.16578678857713
1,1,block_2,2,Provo_ID12,3,1077713,1257085,1,applied_drift,1741607787426,7.846805080771446,-59.16578678857713
1,1,block_2,2,Provo_ID12,3,1077713,1257085,1,applied_drift,1741607787454,7.846805080771446,-59.16578678857713
1,1,block_2,2,Provo_ID12,3,1077713,1257085,1,applied_drift,1741607787490,7.846805080771446,-59.16578678857713
1,1,block_2,2,Provo_ID12,3,1077713,1257085,1,applied_drift,1741607787526,7.846805080771446,-59.16578678857713
1,1,block_2,2,Provo_ID12,3,1077713,1257085,1,applied_drift,1741607787558,7.846805080771446,-59.16578678857713
1,1,block_2,2,Provo_ID12,3,1077713,1257085,1,applied_drift,1741607787586,7.846805080771446,-59.16578678857713
1,1,block_2,2,Provo_ID12,3,1077713,1257085,1,applied_drift,1741607787622,7.846805080771446,-59.16578678857713
1,1,block_2,2,Provo_ID12,3,1077713,1257085,1,applied_drift,1741607787651,7.846805080771446,-59.16578678857713
1,1,block_2,2,Provo_ID12,3,1077713,1257085,1,applied_drift,1741607787692,7.846805080771446,-59.16578678857713
1,1,block_2,2,Provo_ID12,3,1077713,1257085,1,applied_drift,1741607787725,7.846805080771446,-59.16578678857713
1,1,block_2,2,Provo_ID12,3,1077713,1257085,1,applied_drift,1741607787758,7.846805080771446,-59.16578678857713
1,1,block_2,2,Provo_ID12,3,1077713,1257085,1,applied_drift,1741607787786,7.846805080771446,-59.16578678857713
1,1,block_2,2,Provo_ID12,3,1077713,1257085,1,applied_drift,1741607787826,7.846805080771446,-59.16578678857713
1,1,block_2,2,Provo_ID12,3,1077713,1257085,1,applied_drift,1741607787859,7.846805080771446,-59.16578678857713
1,1,block_2,2,Provo_ID12,3,1077713,1257085,1,applied_drift,1741607787891,7.846805080771446,-59.16578678857713
1,1,block_2,2,Provo_ID12,3,1077713,1257085,1,applied_drift,1741607787926,7.846805080771446,-59.16578678857713
1,1,block_2,2,Provo_ID12,3,1077713,1257085,1,applied_drift,1741607787952,7.846805080771446,-59.16578678857713
1,1,block_2,2,Provo_ID12,3,1077713,1257085,1,applied_drift,1741607787987,7.846805080771446,-59.16578678857713
1,1,block_2,2,Provo_ID12,3,1077713,1257085,1,applied_drift,1741607788025,7.846805080771446,-59.16578678857713
1,1,block_2,2,Provo_ID12,3,1077713,1257085,1,applied_drift,1741607788058,7.846805080771446,-59.16578678857713
1,1,block_2,2,Provo_ID12,3,1077713,1257085,1,applied_drift,1741607788088,7.846805080771446,-59.16578678857713
1,1,block_2,2,Provo_ID12,3,1077713,1257085,1,applied_drift,1741607788117,7.846805080771446,-59.16578678857713
1,1,block_2,2,Provo_ID12,3,1077713,1257085,1,applied_drift,1741607788155,7.846805080771446,-59.16578678857713
1,1,block_2,2,Provo_ID12,3,1077713,1257085,1,applied_drift,1741607788204,7.846805080771446,-59.16578678857713
1,1,block_2,2,Provo_ID12,3,1077713,1257085,1,applied_drift,1741607788232,7.846805080771446,-59.16578678857713
1,1,block_2,2,Provo_ID12,3,1077713,1257085,1,applied_drift,1741607788264,7.846805080771446,-59.16578678857713
1,1,block_2,2,Provo_ID12,3,1077713,1257085,1,applied_drift,1741607788299,7.846805080771446,-59.16578678857713
1,1,block_2,2,Provo_ID12,3,1077713,1257085,1,applied_drift,1741607788327,7.846805080771446,-59.16578678857713
1,1,block_2,2,Provo_ID12,3,1077713,1257085,1,applied_drift,1741607788361,7.846805080771446,-59.16578678857713
1,1,block_2,2,Provo_ID12,3,1077713,1257085,1,applied_drift,1741607788389,7.846805080771446,-59.16578678857713
1,1,block_2,2,Provo_ID12,3,1077713,1257085,1,applied_drift,1741607788429,7.846805080771446,-59.16578678857713
1,1,block_2,2,Provo_ID12,3,1077713,1257085,1,applied_drift,1741607788466,7.846805080771446,-59.16578678857713
1,1,block_2,2,Provo_ID12,3,1077713,1257085,1,applied_drift,1741607788497,7.846805080771446,-59.16578678857713
1,1,block_2,2,Provo_ID12,3,1077713,1257085,1,applied_drift,1741607788532,7.846805080771446,-59.16578678857713
1,1,block_2,2,Provo_ID12,3,1077713,1257085,1,applied_drift,1741607788564,7.846805080771446,-59.16578678857713
1,1,block_2,2,Provo_ID12,3,1077713,1257085,1,applied_drift,1741607788598,7.846805080771446,-59.16578678857713
1,1,block_2,2,Provo_ID12,3,1077713,1257085,1,applied_drift,1741607788627,7.846805080771446,-59.16578678857713
1,1,block_2,2,Provo_ID12,3,1077713,1257085,1,applied_drift,1741607788661,7.846805080771446,-59.16578678857713
1,1,block_2,2,Provo_ID12,3,1077713,1257085,1,applied_drift,1741607788694,7.846805080771446,-59.16578678857713
1,1,block_2,2,Provo_ID12,3,1077713,1257085,1,applied_drift,1741607788732,7.846805080771446,-59.16578678857713
1,1,block_2,2,Provo_ID12,3,1077713,1257085,1,applied_drift,1741607788766,7.846805080771446,-59.16578678857713
1,1,block_2,2,Provo_ID12,3,1077713,1257085,1,applied_drift,1741607788793,7.846805080771446,-59.16578678857713
1,1,block_2,2,Provo_ID12,3,1077713,1257085,1,applied_drift,1741607788831,7.846805080771446,-59.16578678857713
1,1,block_2,2,Provo_ID12,3,1077713,1257085,1,applied_drift,1741607788861,7.846805080771446,-59.16578678857713
1,1,block_2,2,Provo_ID12,3,1077713,1257085,1,applied_drift,1741607788889,7.846805080771446,-59.16578678857713
1,1,block_2,2,Provo_ID12,3,1077713,1257085,1,applied_drift,1741607788932,7.846805080771446,-59.16578678857713
1,1,block_2,2,Provo_ID12,3,1077713,1257085,1,applied_drift,1741607788976,7.846805080771446,-59.16578678857713
1,1,block_2,2,Provo_ID12,3,1077713,1257085,1,applied_drift,1741607788999,7.846805080771446,-59.16578678857713
1,1,block_2,2,Provo_ID12,3,1077713,1257085,1,applied_drift,1741607789033,7.846805080771446,-59.16578678857713
1,1,block_2,2,Provo_ID12,3,1077713,1257085,1,applied_drift,1741607789063,7.846805080771446,-59.16578678857713
1,1,block_2,2,Provo_ID12,3,1077713,1257085,1,applied_drift,1741607789094,7.846805080771446,-59.16578678857713
1,1,block_2,2,Provo_ID12,3,1077713,1257085,1,applied_drift,1741607789127,7.846805080771446,-59.16578678857713
1,1,block_2,2,Provo_ID12,3,1077713,1257085,1,applied_drift,1741607789164,7.846805080771446,-59.16578678857713
1,1,block_2,2,Provo_ID12,3,1077713,1257085,1,applied_drift,1741607789204,7.846805080771446,-59.16578678857713
1,1,block_2,2,Provo_ID12,3,1077713,1257085,1,applied_drift,1741607789231,7.846805080771446,-59.16578678857713
1,1,block_2,2,Provo_ID12,3,1077713,1257085,1,applied_drift,1741607789265,7.846805080771446,-59.16578678857713
1,1,block_2,2,Provo_ID12,3,1077713,1257085,1,applied_drift,1741607789293,7.846805080771446,-59.16578678857713
1,1,block_2,2,Provo_ID12,3,1077713,1257085,1,applied_drift,1741607789322,7.846805080771446,-59.16578678857713
1,1,block_2,2,Provo_ID12,3,1077713,1257085,1,applied_drift,1741607789365,7.846805080771446,-59.16578678857713
1,1,block_2,2,Provo_ID12,3,1077713,1257085,1,applied_drift,1741607789398,7.846805080771446,-59.16578678857713
1,1,block_2,2,Provo_ID12,3,1077713,1257085,1,applied_drift,1741607789431,7.846805080771446,-59.16578678857713
1,1,block_2,2,Provo_ID12,3,1077713,1257085,1,applied_drift,1741607789461,7.846805080771446,-59.16578678857713
1,1,block_2,2,Provo_ID12,3,1077713,1257085,1,applied_drift,1741607789490,7.846805080771446,-59.16578678857713
1,1,block_2,2,Provo_ID12,3,1077713,1257085,1,applied_drift,1741607789529,7.846805080771446,-59.16578678857713
1,1,block_2,2,Provo_ID12,3,1077713,1257085,1,applied_drift,1741607789564,7.846805080771446,-59.16578678857713
1,1,block_2,2,Provo_ID12,3,1077713,1257085,1,applied_drift,1741607789593,7.846805080771446,-59.16578678857713
1,1,block_2,2,Provo_ID12,3,1077713,1257085,1,applied_drift,1741607789633,7.846805080771446,-59.16578678857713
1,1,block_2,2,Provo_ID12,3,1077713,1257085,1,applied_drift,1741607789660,7.846805080771446,-59.16578678857713
1,1,block_2,2,Provo_ID12,3,1077713,1257085,1,applied_drift,1741607789694,7.846805080771446,-59.16578678857713
1,1,block_2,2,Provo_ID12,3,1077713,1257085,1,applied_drift,1741607789723,7.846805080771446,-59.16578678857713
1,1,block_2,2,Provo_ID12,3,1077713,1257085,1,applied_drift,1741607789758,7.846805080771446,-59.16578678857713
1,1,block_2,2,Provo_ID12,3,1077713,1257085,1,applied_drift,1741607789798,7.846805080771446,-59.16578678857713
1,1,block_2,2,Provo_ID12,3,1077713,1257085,1,applied_drift,1741607789832,7.846805080771446,-59.16578678857713
1,1,block_2,2,Provo_ID12,3,1077713,1257085,1,applied_drift,1741607789865,7.846805080771446,-59.16578678857713
1,1,block_2,2,Provo_ID12,3,1077713,1257085,1,applied_drift,1741607789893,7.846805080771446,-59.16578678857713
1,1,block_2,2,Provo_ID12,3,1077713,1257085,1,applied_drift,1741607789932,7.846805080771446,-59.16578678857713
1,1,block_2,2,Provo_ID12,3,1077713,1257085,1,applied_drift,1741607789961,7.846805080771446,-59.16578678857713
1,1,block_2,2,Provo_ID12,3,1077713,1257085,1,applied_drift,1741607789995,7.846805080771446,-59.16578678857713
1,1,block_2,2,Provo_ID12,3,1077713,1257085,1,applied_drift,1741607790032,7.846805080771446,-59.16578678857713
1,1,block_2,2,Provo_ID12,3,1077713,1257085,1,applied_drift,1741607790066,7.846805080771446,-59.16578678857713
1,1,block_2,2,Provo_ID12,3,1077713,1257085,1,applied_drift,1741607790097,7.846805080771446,-59.16578678857713
1,1,block_2,2,Provo_ID12,3,1077713,1257085,1,applied_drift,1741607790137,7.846805080771446,-59.16578678857713
1,1,block_2,2,Provo_ID12,3,1077713,1257085,1,applied_drift,1741607790169,7.846805080771446,-59.16578678857713
1,1,block_2,2,Provo_ID12,3,1077713,1257085,1,applied_drift,1741607790191,7.846805080771446,-59.16578678857713
1,1,block_2,2,Provo_ID12,3,1077713,1257085,1,applied_drift,1741607790232,7.846805080771446,-59.16578678857713
1,1,block_2,2,Provo_ID12,3,1077713,1257085,1,applied_drift,1741607790264,7.846805080771446,-59.16578678857713
1,1,block_2,2,Provo_ID12,3,1077713,1257085,1,applied_drift,1741607790293,7.846805080771446,-59.16578678857713
1,1,block_2,2,Provo_ID12,3,1077713,1257085,1,applied_drift,1741607790327,7.846805080771446,-59.16578678857713
1,1,block_2,2,Provo_ID12,3,1077713,1257085,1,applied_drift,1741607790360,7.846805080771446,-59.16578678857713
1,1,block_2,2,Provo_ID12,3,1077713,1257085,1,applied_drift,1741607790394,7.846805080771446,-59.16578678857713
1,1,block_2,2,Provo_ID12,3,1077713,1257085,1,applied_drift,1741607790423,7.846805080771446,-59.16578678857713
1,1,block_2,2,Provo_ID12,3,1077713,1257085,1,applied_drift,1741607790469,7.846805080771446,-59.16578678857713
1,1,block_2,2,Provo_ID12,3,1077713,1257085,1,applied_drift,1741607790493,7.846805080771446,-59.16578678857713
1,1,block_2,2,Provo_ID12,3,1077713,1257085,1,applied_drift,1741607790528,7.846805080771446,-59.16578678857713
1,1,block_2,2,Provo_ID12,3,1077713,1257085,1,applied_drift,1741607790560,7.846805080771446,-59.16578678857713
1,1,block_2,2,Provo_ID12,3,1077713,1257085,1,applied_drift,1741607790599,7.846805080771446,-59.16578678857713
1,1,block_2,2,Provo_ID12,3,1077713,1257085,1,applied_drift,1741607790632,7.846805080771446,-59.16578678857713
1,1,block_2,2,Provo_ID12,3,1077713,1257085,1,applied_drift,1741607790666,7.846805080771446,-59.16578678857713
1,1,block_2,2,Provo_ID12,3,1077713,1257085,1,applied_drift,1741607790699,7.846805080771446,-59.16578678857713
1,1,block_2,2,Provo_ID12,3,1077713,1257085,1,applied_drift,1741607790733,7.846805080771446,-59.16578678857713
1,1,block_2,2,Provo_ID12,3,1077713,1257085,1,applied_drift,1741607790761,7.846805080771446,-59.16578678857713
1,1,block_2,2,Provo_ID12,3,1077713,1257085,1,applied_drift,1741607790794,7.846805080771446,-59.16578678857713
1,1,block_2,2,Provo_ID12,3,1077713,1257085,1,applied_drift,1741607790832,7.846805080771446,-59.16578678857713
1,1,block_2,2,Provo_ID12,3,1077713,1257085,1,applied_drift,1741607790859,7.846805080771446,-59.16578678857713
1,1,block_2,2,Provo_ID12,3,1077713,1257085,1,applied_drift,1741607790899,7.846805080771446,-59.16578678857713
1,1,block_2,2,Provo_ID12,3,1077713,1257085,1,applied_drift,1741607790927,7.846805080771446,-59.16578678857713
1,1,block_2,2,Provo_ID12,3,1077713,1257085,1,applied_drift,1741607790957,7.846805080771446,-59.16578678857713
1,1,block_2,2,Provo_ID12,3,1077713,1257085,1,applied_drift,1741607790999,7.846805080771446,-59.16578678857713
1,1,block_2,2,Provo_ID12,3,1077713,1257085,1,applied_drift,1741607791024,7.846805080771446,-59.16578678857713
1,1,block_2,2,Provo_ID12,3,1077713,1257085,1,applied_drift,1741607791065,7.846805080771446,-59.16578678857713
1,1,block_2,2,Provo_ID12,3,1077713,1257085,1,applied_drift,1741607791094,7.846805080771446,-59.16578678857713
1,1,block_2,2,Provo_ID12,3,1077713,1257085,1,applied_drift,1741607791131,7.846805080771446,-59.16578678857713
1,1,block_2,2,Provo_ID12,3,1077713,1257085,1,applied_drift,1741607791160,7.846805080771446,-59.16578678857713
1,1,block_2,2,Provo_ID12,3,1077713,1257085,1,applied_drift,1741607791194,7.846805080771446,-59.16578678857713
1,1,block_2,2,Provo_ID12,3,1077713,1257085,1,applied_drift,1741607791226,7.846805080771446,-59.16578678857713
1,1,block_2,2,Provo_ID12,3,1077713,1257085,1,applied_drift,1741607791266,7.846805080771446,-59.16578678857713
1,1,block_2,2,Provo_ID12,3,1077713,1257085,1,applied_drift,1741607791298,7.846805080771446,-59.16578678857713
1,1,block_2,2,Provo_ID12,3,1077713,1257085,1,applied_drift,1741607791331,7.846805080771446,-59.16578678857713
1,1,block_2,2,Provo_ID12,3,1077713,1257085,1,applied_drift,1741607791366,7.846805080771446,-59.16578678857713
1,1,block_2,2,Provo_ID12,3,1077713,1257085,1,applied_drift,1741607791399,7.846805080771446,-59.16578678857713
1,1,block_2,2,Provo_ID12,3,1077713,1257085,1,applied_drift,1741607791427,7.846805080771446,-59.16578678857713
1,1,block_2,2,Provo_ID12,3,1077713,1257085,1,applied_drift,1741607791456,7.846805080771446,-59.16578678857713
1,1,block_2,2,Provo_ID12,3,1077713,1257085,1,applied_drift,1741607791499,7.846805080771446,-59.16578678857713
1,1,block_2,2,Provo_ID12,3,1077713,1257085,1,applied_drift,1741607791529,7.846805080771446,-59.16578678857713
1,1,block_2,2,Provo_ID12,3,1077713,1257085,1,applied_drift,1741607791559,7.846805080771446,-59.16578678857713
1,1,block_2,2,Provo_ID12,3,1077713,1257085,1,applied_drift,1741607791598,7.846805080771446,-59.16578678857713
1,1,block_2,2,Provo_ID12,3,1077713,1257085,1,applied_drift,1741607791632,7.846805080771446,-59.16578678857713
1,1,block_2,2,Provo_ID12,3,1077713,1257085,1,applied_drift,1741607791659,7.846805080771446,-59.16578678857713
1,1,block_2,2,Provo_ID12,3,1077713,1257085,1,applied_drift,1741607791693,7.846805080771446,-59.16578678857713
1,1,block_2,2,Provo_ID12,3,1077713,1257085,1,applied_drift,1741607791727,7.846805080771446,-59.16578678857713
1,1,block_2,2,Provo_ID12,3,1077713,1257085,1,applied_drift,1741607791762,7.846805080771446,-59.16578678857713
1,1,block_2,2,Provo_ID12,3,1077713,1257085,1,applied_drift,1741607791793,7.846805080771446,-59.16578678857713
1,1,block_2,2,Provo_ID12,3,1077713,1257085,1,applied_drift,1741607791832,7.846805080771446,-59.16578678857713
1,1,block_2,2,Provo_ID12,3,1077713,1257085,1,applied_drift,1741607791860,7.846805080771446,-59.16578678857713
1,1,block_2,2,Provo_ID12,3,1077713,1257085,1,applied_drift,1741607791897,7.846805080771446,-59.16578678857713
1,1,block_2,2,Provo_ID12,3,1077713,1257085,1,applied_drift,1741607791926,7.846805080771446,-59.16578678857713
1,1,block_2,2,Provo_ID12,3,1077713,1257085,1,applied_drift,1741607791966,7.846805080771446,-59.16578678857713
1,1,block_2,2,Provo_ID12,3,1077713,1257085,1,applied_drift,1741607791997,7.846805080771446,-59.16578678857713
1,1,block_2,2,Provo_ID12,3,1077713,1257085,1,applied_drift,1741607792027,7.846805080771446,-59.16578678857713
1,1,block_2,2,Provo_ID12,3,1077713,1257085,1,applied_drift,1741607792059,7.846805080771446,-59.16578678857713
1,1,block_2,2,Provo_ID12,3,1077713,1257085,1,applied_drift,1741607792099,7.846805080771446,-59.16578678857713
1,1,block_2,2,Provo_ID12,3,1077713,1257085,1,applied_drift,1741607792126,7.846805080771446,-59.16578678857713
1,1,block_2,2,Provo_ID12,3,1077713,1257085,1,applied_drift,1741607792159,7.846805080771446,-59.16578678857713
1,1,block_2,2,Provo_ID12,3,1077713,1257085,1,applied_drift,1741607792197,7.846805080771446,-59.16578678857713
1,1,block_2,2,Provo_ID12,3,1077713,1257085,1,applied_drift,1741607792226,7.846805080771446,-59.16578678857713
1,1,block_2,2,Provo_ID12,3,1077713,1257085,1,applied_drift,1741607792260,7.846805080771446,-59.16578678857713
1,1,block_2,2,Provo_ID12,3,1077713,1257085,1,applied_drift,1741607792298,7.846805080771446,-59.16578678857713
1,1,block_2,2,Provo_ID12,3,1077713,1257085,1,applied_drift,1741607792322,7.846805080771446,-59.16578678857713
1,1,block_2,2,Provo_ID12,3,1077713,1257085,1,applied_drift,1741607792358,7.846805080771446,-59.16578678857713
1,1,block_2,2,Provo_ID12,3,1077713,1257085,1,applied_drift,1741607792391,7.846805080771446,-59.16578678857713
1,1,block_2,2,Provo_ID12,3,1077713,1257085,1,applied_drift,1741607792426,7.846805080771446,-59.16578678857713
1,1,block_2,2,Provo_ID12,3,1077713,1257085,1,applied_drift,1741607792454,7.846805080771446,-59.16578678857713
1,1,block_2,2,Provo_ID12,3,1077713,1257085,1,applied_drift,1741607792496,7.846805080771446,-59.16578678857713
1,1,block_2,2,Provo_ID12,3,1077713,1257085,1,applied_drift,1741607792526,7.846805080771446,-59.16578678857713
1,1,block_2,2,Provo_ID12,3,1077713,1257085,1,applied_drift,1741607792564,7.846805080771446,-59.16578678857713
1,1,block_2,2,Provo_ID12,3,1077713,1257085,1,applied_drift,1741607792595,7.846805080771446,-59.16578678857713
1,1,block_2,2,Provo_ID12,3,1077713,1257085,1,applied_drift,1741607792629,7.846805080771446,-59.16578678857713
1,1,block_2,2,Provo_ID12,3,1077713,1257085,1,applied_drift,1741607792658,7.846805080771446,-59.16578678857713
1,1,block_2,2,Provo_ID12,3,1077713,1257085,1,applied_drift,1741607792694,7.846805080771446,-59.16578678857713
1,1,block_2,2,Provo_ID12,3,1077713,1257085,1,applied_drift,1741607792725,7.846805080771446,-59.16578678857713
1,1,block_2,2,Provo_ID12,3,1077713,1257085,1,applied_drift,1741607792757,7.846805080771446,-59.16578678857713
1,1,block_2,2,Provo_ID12,3,1077713,1257085,1,applied_drift,1741607792795,7.846805080771446,-59.16578678857713
1,1,block_2,2,Provo_ID12,3,1077713,1257085,1,applied_drift,1741607792822,7.846805080771446,-59.16578678857713
1,1,block_2,2,Provo_ID12,3,1077713,1257085,1,applied_drift,1741607792860,7.846805080771446,-59.16578678857713
1,1,block_2,2,Provo_ID12,3,1077713,1257085,1,applied_drift,1741607792892,7.846805080771446,-59.16578678857713
1,1,block_2,2,Provo_ID12,3,1077713,1257085,1,applied_drift,1741607792929,7.846805080771446,-59.16578678857713
1,1,block_2,2,Provo_ID12,3,1077713,1257085,1,applied_drift,1741607792962,7.846805080771446,-59.16578678857713
1,1,block_2,2,Provo_ID12,3,1077713,1257085,1,applied_drift,1741607792990,7.846805080771446,-59.16578678857713
1,1,block_2,2,Provo_ID12,3,1077713,1257085,1,applied_drift,1741607793029,7.846805080771446,-59.16578678857713
1,1,block_2,2,Provo_ID12,3,1077713,1257085,1,applied_drift,1741607793062,7.846805080771446,-59.16578678857713
1,1,block_2,2,Provo_ID12,3,1077713,1257085,1,applied_drift,1741607793098,7.846805080771446,-59.16578678857713
1,1,block_2,2,Provo_ID12,3,1077713,1257085,1,applied_drift,1741607793130,7.846805080771446,-59.16578678857713
1,1,block_2,2,Provo_ID12,3,1077713,1257085,1,applied_drift,1741607793159,7.846805080771446,-59.16578678857713
1,1,block_2,2,Provo_ID12,3,1077713,1257085,1,applied_drift,1741607793191,7.846805080771446,-59.16578678857713
1,1,block_2,2,Provo_ID12,3,1077713,1257085,1,applied_drift,1741607793233,7.846805080771446,-59.16578678857713
1,1,block_2,2,Provo_ID12,3,1077713,1257085,1,applied_drift,1741607793262,7.846805080771446,-59.16578678857713
1,1,block_2,2,Provo_ID12,3,1077713,1257085,1,applied_drift,1741607793297,7.846805080771446,-59.16578678857713
1,1,block_2,2,Provo_ID12,3,1077713,1257085,1,applied_drift,1741607793325,7.846805080771446,-59.16578678857713
1,1,block_2,2,Provo_ID12,3,1077713,1257085,1,applied_drift,1741607793359,7.846805080771446,-59.16578678857713
1,1,block_2,2,Provo_ID12,3,1077713,1257085,1,applied_drift,1741607793394,7.846805080771446,-59.16578678857713
1,1,block_2,2,Provo_ID12,3,1077713,1257085,1,applied_drift,1741607793433,7.846805080771446,-59.16578678857713
1,1,block_2,2,Provo_ID12,3,1077713,1257085,1,applied_drift,1741607793455,7.846805080771446,-59.16578678857713
1,1,block_2,2,Provo_ID12,3,1077713,1257085,1,applied_drift,1741607793495,7.846805080771446,-59.16578678857713
1,1,block_2,2,Provo_ID12,3,1077713,1257085,1,applied_drift,1741607793525,7.846805080771446,-59.16578678857713
1,1,block_2,2,Provo_ID12,3,1077713,1257085,1,applied_drift,1741607793560,7.846805080771446,-59.16578678857713
1,1,block_2,2,Provo_ID12,3,1077713,1257085,1,applied_drift,1741607793593,7.846805080771446,-59.16578678857713
1,1,block_2,2,Provo_ID12,3,1077713,1257085,1,applied_drift,1741607793625,7.846805080771446,-59.16578678857713
1,1,block_2,2,Provo_ID12,3,1077713,1257085,1,applied_drift,1741607793662,7.846805080771446,-59.16578678857713
1,1,block_2,2,Provo_ID12,3,1077713,1257085,1,applied_drift,1741607793695,7.846805080771446,-59.16578678857713
1,1,block_2,2,Provo_ID12,3,1077713,1257085,1,applied_drift,1741607793725,7.846805080771446,-59.16578678857713
1,1,block_2,2,Provo_ID12,3,1077713,1257085,1,applied_drift,1741607793762,7.846805080771446,-59.16578678857713
1,1,block_2,2,Provo_ID12,3,1077713,1257085,1,applied_drift,1741607793795,7.846805080771446,-59.16578678857713
1,1,block_2,2,Provo_ID12,3,1077713,1257085,1,applied_drift,1741607793831,7.846805080771446,-59.16578678857713
1,1,block_2,2,Provo_ID12,3,1077713,1257085,1,applied_drift,1741607793858,7.846805080771446,-59.16578678857713
1,1,block_2,2,Provo_ID12,3,1077713,1257085,1,applied_drift,1741607793893,7.846805080771446,-59.16578678857713
1,1,block_2,2,Provo_ID12,3,1077713,1257085,1,applied_drift,1741607793922,7.846805080771446,-59.16578678857713
1,1,block_2,2,Provo_ID12,3,1077713,1257085,1,applied_drift,1741607793965,7.846805080771446,-59.16578678857713
1,1,block_2,2,Provo_ID12,3,1077713,1257085,1,applied_drift,1741607793996,7.846805080771446,-59.16578678857713
1,1,block_2,2,Provo_ID12,3,1077713,1257085,1,applied_drift,1741607794027,7.846805080771446,-59.16578678857713
1,1,block_2,2,Provo_ID12,3,1077713,1257085,1,applied_drift,1741607794059,7.846805080771446,-59.16578678857713
1,1,block_2,2,Provo_ID12,3,1077713,1257085,1,applied_drift,1741607794095,7.846805080771446,-59.16578678857713
1,1,block_2,2,Provo_ID12,3,1077713,1257085,1,applied_drift,1741607794129,7.846805080771446,-59.16578678857713
1,1,block_2,2,Provo_ID12,3,1077713,1257085,1,applied_drift,1741607794158,7.846805080771446,-59.16578678857713
1,1,block_2,2,Provo_ID12,3,1077713,1257085,1,applied_drift,1741607794197,7.846805080771446,-59.16578678857713
1,1,block_2,2,Provo_ID12,3,1077713,1257085,1,applied_drift,1741607794229,7.846805080771446,-59.16578678857713
1,1,block_2,2,Provo_ID12,3,1077713,1257085,1,applied_drift,1741607794264,7.846805080771446,-59.16578678857713
1,1,block_2,2,Provo_ID12,3,1077713,1257085,1,applied_drift,1741607794297,7.846805080771446,-59.16578678857713
1,1,block_2,2,Provo_ID12,3,1077713,1257085,1,applied_drift,1741607794331,7.846805080771446,-59.16578678857713
1,1,block_2,2,Provo_ID12,3,1077713,1257085,1,applied_drift,1741607794360,7.846805080771446,-59.16578678857713
1,1,block_2,2,Provo_ID12,3,1077713,1257085,1,applied_drift,1741607794399,7.846805080771446,-59.16578678857713
1,1,block_2,2,Provo_ID12,3,1077713,1257085,1,applied_drift,1741607794431,7.846805080771446,-59.16578678857713
1,1,block_2,2,Provo_ID12,3,1077713,1257085,1,applied_drift,1741607794457,7.846805080771446,-59.16578678857713
1,1,block_2,2,Provo_ID12,3,1077713,1257085,1,applied_drift,1741607794498,7.846805080771446,-59.16578678857713
1,1,block_2,2,Provo_ID12,3,1077713,1257085,1,applied_drift,1741607794532,7.846805080771446,-59.16578678857713
1,1,block_2,2,Provo_ID12,3,1077713,1257085,1,applied_drift,1741607794564,7.846805080771446,-59.16578678857713
1,1,block_2,2,Provo_ID12,3,1077713,1257085,1,applied_drift,1741607794599,7.846805080771446,-59.16578678857713
1,1,block_2,2,Provo_ID12,3,1077713,1257085,1,applied_drift,1741607794626,7.846805080771446,-59.16578678857713
1,1,block_2,2,Provo_ID12,3,1077713,1257085,1,applied_drift,1741607794665,7.846805080771446,-59.16578678857713
1,1,block_2,2,Provo_ID12,3,1077713,1257085,1,applied_drift,1741607794692,7.846805080771446,-59.16578678857713
1,1,block_2,2,Provo_ID12,3,1077713,1257085,1,applied_drift,1741607794733,7.846805080771446,-59.16578678857713
1,1,block_2,2,Provo_ID12,3,1077713,1257085,1,applied_drift,1741607794755,7.846805080771446,-59.16578678857713
1,1,block_2,2,Provo_ID12,3,1077713,1257085,1,applied_drift,1741607794796,7.846805080771446,-59.16578678857713
1,1,block_2,2,Provo_ID12,3,1077713,1257085,1,applied_drift,1741607794827,7.846805080771446,-59.16578678857713
1,1,block_2,2,Provo_ID12,3,1077713,1257085,1,applied_drift,1741607794866,7.846805080771446,-59.16578678857713
1,1,block_2,2,Provo_ID12,3,1077713,1257085,1,applied_drift,1741607794893,7.846805080771446,-59.16578678857713
1,1,block_2,2,Provo_ID12,3,1077713,1257085,1,applied_drift,1741607794930,7.846805080771446,-59.16578678857713
1,1,block_2,2,Provo_ID12,3,1077713,1257085,1,applied_drift,1741607794961,7.846805080771446,-59.16578678857713
1,1,block_2,2,Provo_ID12,3,1077713,1257085,1,applied_drift,1741607794999,7.846805080771446,-59.16578678857713
1,1,block_2,2,Provo_ID12,3,1077713,1257085,1,applied_drift,1741607795032,7.846805080771446,-59.16578678857713
1,1,block_2,2,Provo_ID12,3,1077713,1257085,1,applied_drift,1741607795060,7.846805080771446,-59.16578678857713
1,1,block_2,2,Provo_ID12,3,1077713,1257085,1,applied_drift,1741607795099,7.846805080771446,-59.16578678857713
1,1,block_2,2,Provo_ID12,3,1077713,1257085,1,applied_drift,1741607795133,7.846805080771446,-59.16578678857713
1,1,block_2,2,Provo_ID12,3,1077713,1257085,1,applied_drift,1741607795164,7.846805080771446,-59.16578678857713
1,1,block_2,2,Provo_ID12,3,1077713,1257085,1,applied_drift,1741607795198,7.846805080771446,-59.16578678857713
1,1,block_2,2,Provo_ID12,3,1077713,1257085,1,applied_drift,1741607795228,7.846805080771446,-59.16578678857713
1,1,block_2,2,Provo_ID12,3,1077713,1257085,1,applied_drift,1741607795260,7.846805080771446,-59.16578678857713
1,1,block_2,2,Provo_ID12,3,1077713,1257085,1,applied_drift,1741607795299,7.846805080771446,-59.16578678857713
1,1,block_2,2,Provo_ID12,3,1077713,1257085,1,applied_drift,1741607795327,7.846805080771446,-59.16578678857713
1,1,block_2,2,Provo_ID12,3,1077713,1257085,1,applied_drift,1741607795366,7.846805080771446,-59.16578678857713
1,1,block_2,2,Provo_ID12,3,1077713,1257085,1,applied_drift,1741607795393,7.846805080771446,-59.16578678857713
1,1,block_2,2,Provo_ID12,3,1077713,1257085,1,applied_drift,1741607795431,7.846805080771446,-59.16578678857713
1,1,block_2,2,Provo_ID12,3,1077713,1257085,1,applied_drift,1741607795466,7.846805080771446,-59.16578678857713
1,1,block_2,2,Provo_ID12,3,1077713,1257085,1,applied_drift,1741607795498,7.846805080771446,-59.16578678857713
1,1,block_2,2,Provo_ID12,3,1077713,1257085,1,applied_drift,1741607795532,7.846805080771446,-59.16578678857713
1,1,block_2,2,Provo_ID12,3,1077713,1257085,1,applied_drift,1741607795561,7.846805080771446,-59.16578678857713
1,1,block_2,2,Provo_ID12,3,1077713,1257085,1,applied_drift,1741607795598,7.846805080771446,-59.16578678857713
1,1,block_2,2,Provo_ID12,3,1077713,1257085,1,applied_drift,1741607795627,7.846805080771446,-59.16578678857713
1,1,block_2,2,Provo_ID12,3,1077713,1257085,1,applied_drift,1741607795656,7.846805080771446,-59.16578678857713
1,1,block_2,2,Provo_ID12,3,1077713,1257085,1,applied_drift,1741607795699,7.846805080771446,-59.16578678857713
1,1,block_2,2,Provo_ID12,3,1077713,1257085,1,applied_drift,1741607795731,7.846805080771446,-59.16578678857713
1,1,block_2,2,Provo_ID12,3,1077713,1257085,1,applied_drift,1741607795761,7.846805080771446,-59.16578678857713
1,1,block_2,2,Provo_ID12,3,1077713,1257085,1,applied_drift,1741607795799,7.846805080771446,-59.16578678857713
1,1,block_2,2,Provo_ID12,3,1077713,1257085,1,applied_drift,1741607795827,7.846805080771446,-59.16578678857713
1,1,block_2,2,Provo_ID12,3,1077713,1257085,1,applied_drift,1741607795854,7.846805080771446,-59.16578678857713
1,1,block_2,2,Provo_ID12,3,1077713,1257085,1,applied_drift,1741607795903,7.846805080771446,-59.16578678857713
1,1,block_2,2,Provo_ID12,3,1077713,1257085,1,applied_drift,1741607795932,7.846805080771446,-59.16578678857713
1,1,block_2,2,Provo_ID12,3,1077713,1257085,1,applied_drift,1741607795960,7.846805080771446,-59.16578678857713
1,1,block_2,2,Provo_ID12,3,1077713,1257085,1,applied_drift,1741607795992,7.846805080771446,-59.16578678857713
1,1,block_2,2,Provo_ID12,3,1077713,1257085,1,applied_drift,1741607796038,7.846805080771446,-59.16578678857713
1,1,block_2,2,Provo_ID12,3,1077713,1257085,1,applied_drift,1741607796065,7.846805080771446,-59.16578678857713
1,1,block_2,2,Provo_ID12,3,1077713,1257085,1,applied_drift,1741607796094,7.846805080771446,-59.16578678857713
1,1,block_2,2,Provo_ID12,3,1077713,1257085,1,applied_drift,1741607796130,7.846805080771446,-59.16578678857713
1,1,block_2,2,Provo_ID12,3,1077713,1257085,1,applied_drift,1741607796161,7.846805080771446,-59.16578678857713
1,1,block_2,2,Provo_ID12,3,1077713,1257085,1,applied_drift,1741607796195,7.846805080771446,-59.16578678857713
1,1,block_2,2,Provo_ID12,3,1077713,1257085,1,applied_drift,1741607796231,7.846805080771446,-59.16578678857713
1,1,block_2,2,Provo_ID12,3,1077713,1257085,1,applied_drift,1741607796265,7.846805080771446,-59.16578678857713
1,1,block_2,2,Provo_ID12,3,1077713,1257085,1,applied_drift,1741607796293,7.846805080771446,-59.16578678857713
1,1,block_2,2,Provo_ID12,3,1077713,1257085,1,applied_drift,1741607796332,7.846805080771446,-59.16578678857713
1,1,block_2,2,Provo_ID12,3,1077713,1257085,1,applied_drift,1741607796355,7.846805080771446,-59.16578678857713
1,1,block_2,2,Provo_ID12,3,1077713,1257085,1,applied_drift,1741607796399,7.846805080771446,-59.16578678857713
1,1,block_2,2,Provo_ID12,3,1077713,1257085,1,applied_drift,1741607796425,7.846805080771446,-59.16578678857713
1,1,block_2,2,Provo_ID12,3,1077713,1257085,1,applied_drift,1741607796460,7.846805080771446,-59.16578678857713
1,1,block_2,2,Provo_ID12,3,1077713,1257085,1,applied_drift,1741607796499,7.846805080771446,-59.16578678857713
1,1,block_2,2,Provo_ID12,3,1077713,1257085,1,applied_drift,1741607796531,7.846805080771446,-59.16578678857713
1,1,block_2,2,Provo_ID12,3,1077713,1257085,1,applied_drift,1741607796566,7.846805080771446,-59.16578678857713
1,1,block_2,2,Provo_ID12,3,1077713,1257085,1,applied_drift,1741607796594,7.846805080771446,-59.16578678857713
1,1,block_2,2,Provo_ID12,3,1077713,1257085,1,applied_drift,1741607796626,7.846805080771446,-59.16578678857713
1,1,block_2,2,Provo_ID12,3,1077713,1257085,1,applied_drift,1741607796660,7.846805080771446,-59.16578678857713
1,1,block_2,2,Provo_ID12,3,1077713,1257085,1,applied_drift,1741607796694,7.846805080771446,-59.16578678857713
1,1,block_2,2,Provo_ID12,3,1077713,1257085,1,applied_drift,1741607796730,7.846805080771446,-59.16578678857713
1,1,block_2,2,Provo_ID12,3,1077713,1257085,1,applied_drift,1741607796759,7.846805080771446,-59.16578678857713
1,1,block_2,2,Provo_ID12,3,1077713,1257085,1,applied_drift,1741607796799,7.846805080771446,-59.16578678857713
1,1,block_2,2,Provo_ID12,3,1077713,1257085,1,applied_drift,1741607796827,7.846805080771446,-59.16578678857713
1,1,block_2,2,Provo_ID12,3,1077713,1257085,1,applied_drift,1741607796860,7.846805080771446,-59.16578678857713
1,1,block_2,2,Provo_ID12,3,1077713,1257085,1,applied_drift,1741607796895,7.846805080771446,-59.16578678857713
1,1,block_2,2,Provo_ID12,3,1077713,1257085,1,applied_drift,1741607796930,7.846805080771446,-59.16578678857713
1,1,block_2,2,Provo_ID12,3,1077713,1257085,1,error_trial,1741607747069,""
1,1,block_2,2,Provo_ID12,3,1077713,1257085,1,error_trial,1741607770649,33.900565841571
1,1,block_2,2,Provo_ID12,3,1077713,1257085,1,error_trial_x,1741607747069,""
1,1,block_2,2,Provo_ID12,3,1077713,1257085,1,error_trial_x,1741607770649,27.31319505341199
1,1,block_2,2,Provo_ID12,3,1077713,1257085,1,error_trial_y,1741607747069,""
1,1,block_2,2,Provo_ID12,3,1077713,1257085,1,error_trial_y,1741607770649,16.134318656661883
1,1,block_2,2,Provo_ID12,3,1077713,1257085,1,error_calibration,1741607747069,""
1,1,block_2,2,Provo_ID12,3,1077713,1257085,1,error_calibration,1741607770649,40.378413816698554
1,1,block_2,2,Provo_ID12,3,1077713,1257085,1,error_calibration_x,1741607747069,""
1,1,block_2,2,Provo_ID12,3,1077713,1257085,1,error_calibration_x,1741607770649,32.07429431733631
1,1,block_2,2,Provo_ID12,3,1077713,1257085,1,error_calibration_y,1741607747069,""
1,1,block_2,2,Provo_ID12,3,1077713,1257085,1,error_calibration_y,1741607770649,19.98503185453869
1,1,block_2,2,Provo_ID12,3,1077713,1257085,1,gaze_conf,"",
1,1,block_2,2,Provo_ID7,4,1077713,1257085,1,gaze_data,1741607800227,
1,1,block_2,2,Provo_ID7,4,1077713,1257085,1,gaze_data,1741607823609,716.6850328445435,431.99493862333753,1741607823582.9001,0.8623268488196283
1,1,block_2,2,Provo_ID7,4,1077713,1257085,1,gaze_data,1741607823653,585.8147382736206,398.83112271626794,1741607823623,0.7766344836858792
1,1,block_2,2,Provo_ID7,4,1077713,1257085,1,gaze_data,1741607823682,419.92761194705963,251.59190439042592,1741607823648.9001,0.999481277929374
1,1,block_2,2,Provo_ID7,4,1077713,1257085,1,gaze_data,1741607823715,351.04518830776215,243.16434582074484,1741607823682.8,1
1,1,block_2,2,Provo_ID7,4,1077713,1257085,1,gaze_data,1741607823744,342.65408515930176,236.37901635397048,1741607823716,1
1,1,block_2,2,Provo_ID7,4,1077713,1257085,1,gaze_data,1741607823782,344.43544149398804,231.34519508906774,1741607823749.8,1
1,1,block_2,2,Provo_ID7,4,1077713,1257085,1,gaze_data,1741607823815,348.5236465930939,234.9171517008827,1741607823783.7,1
1,1,block_2,2,Provo_ID7,4,1077713,1257085,1,gaze_data,1741607823848,350.535649061203,235.1417053881146,1741607823815.6,1
1,1,block_2,2,Provo_ID7,4,1077713,1257085,1,gaze_data,1741607823877,356.9737374782562,234.35319735890343,1741607823849.5,1
1,1,block_2,2,Provo_ID7,4,1077713,1257085,1,gaze_data,1741607823910,351.2252062559128,229.16180576596943,1741607823882.7,1
1,1,block_2,2,Provo_ID7,4,1077713,1257085,1,gaze_data,1741607823945,318.83007287979126,186.7843464442662,1741607823916.8,1
1,1,block_2,2,Provo_ID7,4,1077713,1257085,1,gaze_data,1741607823983,147.69725799560547,115.27386665344238,1741607823949.6,1
1,1,block_2,2,Provo_ID7,4,1077713,1257085,1,gaze_data,1741607824017,97.22609519958496,88.07553972516742,1741607823983.4001,1
1,1,block_2,2,Provo_ID7,4,1077713,1257085,1,gaze_data,1741607824049,90.5616283416748,75.69733029320126,1741607824016.7,1
1,1,block_2,2,Provo_ID7,4,1077713,1257085,1,gaze_data,1741607824077,108.4193468093872,84.69592094421387,1741607824049.1,1
1,1,block_2,2,Provo_ID7,4,1077713,1257085,1,gaze_data,1741607824105,104.25238609313965,81.74305007571266,1741607824084.5,1
1,1,block_2,2,Provo_ID7,4,1077713,1257085,1,gaze_data,1741607824154,108.35282802581787,83.61628941127232,1741607824117,1
1,1,block_2,2,Provo_ID7,4,1077713,1257085,1,gaze_data,1741607824182,109.7341775894165,82.76287805466426,1741607824150.1,1
1,1,block_2,2,Provo_ID7,4,1077713,1257085,1,gaze_data,1741607824215,102.42495536804199,82.44912056695847,1741607824182.2,1
1,1,block_2,2,Provo_ID7,4,1077713,1257085,1,gaze_data,1741607824247,114.37010765075684,83.69516872224354,1741607824216.2,1
1,1,block_2,2,Provo_ID7,4,1077713,1257085,1,gaze_data,1741607824277,111.25295162200928,86.13068535214379,1741607824251.8,1
1,1,block_2,2,Provo_ID7,4,1077713,1257085,1,gaze_data,1741607824306,244.02475357055664,118.4180582137335,1741607824282.5,1
1,1,block_2,2,Provo_ID7,4,1077713,1257085,1,gaze_data,1741607824345,220.8096146583557,112.96754428318569,1741607824317.2,1
1,1,block_2,2,Provo_ID7,4,1077713,1257085,1,gaze_data,1741607824382,220.36250829696655,111.32687432425364,1741607824349.6,1
1,1,block_2,2,Provo_ID7,4,1077713,1257085,1,gaze_data,1741607824415,225.012469291687,110.16330946059455,1741607824383.4001,1
1,1,block_2,2,Provo_ID7,4,1077713,1257085,1,gaze_data,1741607824444,223.24055433273315,110.74967429751442,1741607824416,1
1,1,block_2,2,Provo_ID7,4,1077713,1257085,1,gaze_data,1741607824477,382.0767879486084,112.49890009562175,1741607824449.9001,1
1,1,block_2,2,Provo_ID7,4,1077713,1257085,1,gaze_data,1741607824510,402.1319255232811,126.14210673740932,1741607824485.8,1
1,1,block_2,2,Provo_ID7,4,1077713,1257085,1,gaze_data,1741607824544,396.14783748984337,121.9625168754941,1741607824516,1
1,1,block_2,2,Provo_ID7,4,1077713,1257085,1,gaze_data,1741607824577,390.6190387904644,120.8300222669329,1741607824550.6,1
1,1,block_2,2,Provo_ID7,4,1077713,1257085,1,gaze_data,1741607824609,390.2028366923332,122.03116144452777,1741607824584.8,1
1,1,block_2,2,Provo_ID7,4,1077713,1257085,1,gaze_data,1741607824645,392.0015551149845,123.10813222612654,1741607824618.5,1
1,1,block_2,2,Provo_ID7,4,1077713,1257085,1,gaze_data,1741607824678,407.7183946967125,121.60848208836147,1741607824650.1,1
1,1,block_2,2,Provo_ID7,4,1077713,1257085,1,gaze_data,1741607824715,236.9709014892578,137.0855799175444,1741607824684.7,1
1,1,block_2,2,Provo_ID7,4,1077713,1257085,1,gaze_data,1741607824744,216.81673526763916,149.8745516368321,1741607824716.6,1
1,1,block_2,2,Provo_ID7,4,1077713,1257085,1,gaze_data,1741607824782,202.7554154396057,146.30103588104248,1741607824749.4001,1
1,1,block_2,2,Provo_ID7,4,1077713,1257085,1,gaze_data,1741607824812,195.91846466064453,150.2488799322219,1741607824782.4001,1
1,1,block_2,2,Provo_ID7,4,1077713,1257085,1,gaze_data,1741607824843,181.31585121154785,151.37077376956032,1741607824816.8,1
1,1,block_2,2,Provo_ID7,4,1077713,1257085,1,gaze_data,1741607824881,183.92574787139893,157.13690349033902,1741607824850.4001,1
1,1,block_2,2,Provo_ID7,4,1077713,1257085,1,gaze_data,1741607824910,296.8176245689392,169.94094576154438,1741607824882.8,1
1,1,block_2,2,Provo_ID7,4,1077713,1257085,1,gaze_data,1741607824943,293.15476417541504,161.06855778467087,1741607824917.2,1
1,1,block_2,2,Provo_ID7,4,1077713,1257085,1,gaze_data,1741607824982,293.49693059921265,156.07886768522718,1741607824950.4001,1
1,1,block_2,2,Provo_ID7,4,1077713,1257085,1,gaze_data,1741607825005,291.9911861419678,154.3515966052101,1741607824982.4001,1
1,1,block_2,2,Provo_ID7,4,1077713,1257085,1,gaze_data,1741607825054,298.8945960998535,154.4926656995501,1741607825024.7,1
1,1,block_2,2,Provo_ID7,4,1077713,1257085,1,gaze_data,1741607825082,318.88033151626587,173.3521486464001,1741607825049.7,1
1,1,block_2,2,Provo_ID7,4,1077713,1257085,1,gaze_data,1741607825115,423.29803705215454,164.83415444691977,1741607825083.3,1
1,1,block_2,2,Provo_ID7,4,1077713,1257085,1,gaze_data,1741607825144,498.7780809402466,172.84811224256245,1741607825116.1,1
1,1,block_2,2,Provo_ID7,4,1077713,1257085,1,gaze_data,1741607825177,498.862087726593,178.2489588147118,1741607825152.4001,1
1,1,block_2,2,Provo_ID7,4,1077713,1257085,1,gaze_data,1741607825212,510.7867240905762,187.5113087608701,1741607825183.7,1
1,1,block_2,2,Provo_ID7,4,1077713,1257085,1,gaze_data,1741607825249,519.1473245620728,191.2446314947946,1741607825219.2,1
1,1,block_2,2,Provo_ID7,4,1077713,1257085,1,gaze_data,1741607825282,501.20521783828735,177.3727339789981,1741607825250.6,1
1,1,block_2,2,Provo_ID7,4,1077713,1257085,1,gaze_data,1741607825310,512.2278094291687,183.45856916336788,1741607825283.6,1
1,1,block_2,2,Provo_ID7,4,1077713,1257085,1,gaze_data,1741607825343,515.3925895690918,182.61441412426177,1741607825315.9001,1
1,1,block_2,2,Provo_ID7,4,1077713,1257085,1,gaze_data,1741607825377,511.3794207572937,181.41861052740188,1741607825351.7,1
1,1,block_2,2,Provo_ID7,4,1077713,1257085,1,gaze_data,1741607825412,515.885579586029,186.3230439594814,1741607825391.3,1
1,1,block_2,2,Provo_ID7,4,1077713,1257085,1,gaze_data,1741607825448,317.0837998390198,206.06930324009488,1741607825418.1,1
1,1,block_2,2,Provo_ID7,4,1077713,1257085,1,gaze_data,1741607825479,200.58947801589966,220.08187566484725,1741607825450.3,1
1,1,block_2,2,Provo_ID7,4,1077713,1257085,1,gaze_data,1741607825516,210.91748476028442,218.91784622555687,1741607825485.9001,1
1,1,block_2,2,Provo_ID7,4,1077713,1257085,1,gaze_data,1741607825544,214.27712440490723,223.5963903154646,1741607825516.2,1
1,1,block_2,2,Provo_ID7,4,1077713,1257085,1,gaze_data,1741607825575,198.7891674041748,226.97299991335188,1741607825552.3,1
1,1,block_2,2,Provo_ID7,4,1077713,1257085,1,gaze_data,1741607825615,199.78041648864746,234.8592011701493,1741607825586,1
1,1,block_2,2,Provo_ID7,4,1077713,1257085,1,gaze_data,1741607825649,292.7817225456238,283.6473906607855,1741607825618.4001,1
1,1,block_2,2,Provo_ID7,4,1077713,1257085,1,gaze_data,1741607825676,291.88472032546997,265.7557419368199,1741607825650.5,1
1,1,block_2,2,Provo_ID7,4,1077713,1257085,1,gaze_data,1741607825716,291.64899587631226,268.52901208968393,1741607825683.1,1
1,1,block_2,2,Provo_ID7,4,1077713,1257085,1,gaze_data,1741607825743,329.70173358917236,368.63117263430644,1741607825716.7,1
1,1,block_2,2,Provo_ID7,4,1077713,1257085,1,gaze_data,1741607825776,328.5400867462158,284.55209187098916,1741607825750.3,0.7598535005615362
1,1,block_2,2,Provo_ID7,4,1077713,1257085,1,gaze_data,1741607825810,363.7907236814499,303.2850061144148,1741607825785.5,0
1,1,block_2,2,Provo_ID7,4,1077713,1257085,1,gaze_data,1741607825848,330.7222366333008,301.0021448135376,1741607825817.4001,0
1,1,block_2,2,Provo_ID7,4,1077713,1257085,1,gaze_data,1741607825878,290.5215859413147,248.03121373766945,1741607825851.3,0
1,1,block_2,2,Provo_ID7,4,1077713,1257085,1,gaze_data,1741607825913,296.55089378356934,260.62001319158645,1741607825884.8,0
1,1,block_2,2,Provo_ID7,4,1077713,1257085,1,gaze_data,1741607825942,232.59469270706177,351.66054861886164,1741607825917,0
1,1,block_2,2,Provo_ID7,4,1077713,1257085,1,gaze_data,1741607825981,240.2421236038208,426.2659327189128,1741607825950.1,0
1,1,block_2,2,Provo_ID7,4,1077713,1257085,1,gaze_data,1741607826005,197.12753295898438,426.3986042567662,1741607825983.1,0
1,1,block_2,2,Provo_ID7,4,1077713,1257085,1,gaze_data,1741607826047,175.45015811920166,436.1449645814442,1741607826017.6,0
1,1,block_2,2,Provo_ID7,4,1077713,1257085,1,gaze_data,1741607826081,179.95648384094238,436.4993794759115,1741607826050.8,0.030066273321641628
1,1,block_2,2,Provo_ID7,4,1077713,1257085,1,gaze_data,1741607826114,291.97802543640137,450.261869430542,1741607826083,0.0810589083692291
1,1,block_2,2,Provo_ID7,4,1077713,1257085,1,gaze_data,1741607826142,471.9297170639038,455.9494154793876,1741607826117.2,0.15449479200035685
1,1,block_2,2,Provo_ID7,4,1077713,1257085,1,gaze_data,1741607826182,480.8785915374756,416.3125546773275,1741607826150.3,0.4574746736007684
1,1,block_2,2,Provo_ID7,4,1077713,1257085,1,gaze_data,1741607826206,507.38853216171265,427.5606346130371,1741607826183.6,0.6213388274515712
1,1,block_2,2,Provo_ID7,4,1077713,1257085,1,gaze_data,1741607826245,508.9982271194458,406.8620727175758,1741607826218.2,0.8298802798675914
1,1,block_2,2,Provo_ID7,4,1077713,1257085,1,gaze_data,1741607826280,500.2716660499573,401.41077041625977,1741607826251.7,0.8448913238910953
1,1,block_2,2,Provo_ID7,4,1077713,1257085,1,gaze_data,1741607826315,511.47013902664185,410.0017170679002,1741607826284.1,0.8096269530124415
1,1,block_2,2,Provo_ID7,4,1077713,1257085,1,gaze_data,1741607826344,399.6415577828884,376.70480728149414,1741607826317.3,0.8744575193766178
1,1,block_2,2,Provo_ID7,4,1077713,1257085,1,gaze_data,1741607826380,369.6967989206314,367.53588631039577,1741607826350.3,0.8599126426249146
1,1,block_2,2,Provo_ID7,4,1077713,1257085,1,gaze_data,1741607826410,362.38535046577454,376.3102840241932,1741607826386.4001,0.9098820715041316
1,1,block_2,2,Provo_ID7,4,1077713,1257085,1,gaze_data,1741607826443,356.8774491548538,376.3675253731864,1741607826418.9001,0.9304064793315936
1,1,block_2,2,Provo_ID7,4,1077713,1257085,1,gaze_data,1741607826474,357.4010670185089,378.4766142708915,1741607826453,0.9672064697949411
1,1,block_2,2,Provo_ID7,4,1077713,1257085,1,gaze_data,1741607826510,359.1837525367737,372.4159154437837,1741607826484,0.9708105384951988
1,1,block_2,2,Provo_ID7,4,1077713,1257085,1,gaze_data,1741607826544,351.7256259918213,378.1414863041469,1741607826517.6,0.96951070789919
1,1,block_2,2,Provo_ID7,4,1077713,1257085,1,gaze_data,1741607826577,348.37469458580017,374.1347185770671,1741607826552.8,1
1,1,block_2,2,Provo_ID7,4,1077713,1257085,1,gaze_data,1741607826616,346.3239789009094,373.9601226080032,1741607826592.5,0.9964280762129398
1,1,block_2,2,Provo_ID7,4,1077713,1257085,1,gaze_data,1741607826639,439.861124753952,385.65654618399486,1741607826620.3,0.9861531849779461
1,1,block_2,2,Provo_ID7,4,1077713,1257085,1,gaze_data,1741607826682,445.12713849544525,376.00433985392254,1741607826652.5,0.9568430757112565
1,1,block_2,2,Provo_ID7,4,1077713,1257085,1,gaze_data,1741607826710,454.43140268325806,380.90972355433877,1741607826683.8,0.9812950676817782
1,1,block_2,2,Provo_ID7,4,1077713,1257085,1,gaze_data,1741607826747,469.02899742126465,384.20317059471495,1741607826717.2,1
1,1,block_2,2,Provo_ID7,4,1077713,1257085,1,gaze_data,1741607826782,471.5287208557129,383.21491968064083,1741607826751.7,0.9900405348574282
1,1,block_2,2,Provo_ID7,4,1077713,1257085,1,gaze_data,1741607826805,471.4895486831665,383.76893315996443,1741607826783.8,0.9874060979726873
1,1,block_2,2,Provo_ID7,4,1077713,1257085,1,gaze_data,1741607826848,543.0798649787903,351.79110844930017,1741607826817.7,0.9991806922703081
1,1,block_2,2,Provo_ID7,4,1077713,1257085,1,gaze_data,1741607826882,555.3359031677246,366.5103848775228,1741607826851.5,0.9715830063009734
1,1,block_2,2,Provo_ID7,4,1077713,1257085,1,gaze_data,1741607826915,552.0010352134705,368.05153710501537,1741607826883.7,0.9374674077909129
1,1,block_2,2,Provo_ID7,4,1077713,1257085,1,gaze_data,1741607826949,556.6468715667725,372.1720132373628,1741607826917.2,1
1,1,block_2,2,Provo_ID7,4,1077713,1257085,1,gaze_data,1741607826982,561.6633415222168,374.32351929800853,1741607826950.7,0.8759905962892409
1,1,block_2,2,Provo_ID7,4,1077713,1257085,1,gaze_data,1741607827005,568.5649752616882,378.589506149292,1741607826983.8,0.9922112472493487
1,1,block_2,2,Provo_ID7,4,1077713,1257085,1,gaze_data,1741607827049,604.5287132263184,325.7451754524594,1741607827017.7,0.9874781426240551
1,1,block_2,2,Provo_ID7,4,1077713,1257085,1,gaze_data,1741607827076,323.1123447418213,99.92558297656832,1741607827050.9001,1
1,1,block_2,2,Provo_ID7,4,1077713,1257085,1,gaze_data,1741607827115,212.80746459960938,87.97690891084217,1741607827084.2,1
1,1,block_2,2,Provo_ID7,4,1077713,1257085,1,gaze_data,1741607827142,191.8626308441162,86.50923002333869,1741607827117.5,1
1,1,block_2,2,Provo_ID7,4,1077713,1257085,1,gaze_data,1741607827182,171.5846300125122,70.67970230465843,1741607827151.1,1
1,1,block_2,2,Provo_ID7,4,1077713,1257085,1,gaze_data,1741607827215,182.8503131866455,79.92182913280669,1741607827185.5,1
1,1,block_2,2,Provo_ID7,4,1077713,1257085,1,gaze_data,1741607827243,190.72527885437012,82.83602759951637,1741607827216.9001,1
1,1,block_2,2,Provo_ID7,4,1077713,1257085,1,gaze_data,1741607827282,205.18548488616943,96.25915209452312,1741607827251,1
1,1,block_2,2,Provo_ID7,4,1077713,1257085,1,gaze_data,1741607827316,205.8924913406372,97.60438010806129,1741607827285.2,1
1,1,block_2,2,Provo_ID7,4,1077713,1257085,1,gaze_data,1741607827343,129.20660972595215,115.66537720816477,1741607827317.2,1
1,1,block_2,2,Provo_ID7,4,1077713,1257085,1,gaze_data,1741607827375,130.4590940475464,114.29307710556758,1741607827352,1
1,1,block_2,2,Provo_ID7,4,1077713,1257085,1,gaze_data,1741607827418,142.89944171905518,121.57962208702452,1741607827388.5,1
1,1,block_2,2,Provo_ID7,4,1077713,1257085,1,gaze_data,1741607827448,126.28564834594727,111.41369365510486,1741607827418,1
1,1,block_2,2,Provo_ID7,4,1077713,1257085,1,gaze_data,1741607827476,131.0760498046875,116.22872443426223,1741607827451.3,1
1,1,block_2,2,Provo_ID7,4,1077713,1257085,1,gaze_data,1741607827514,286.44694089889526,141.0633046286447,1741607827484.1,1
1,1,block_2,2,Provo_ID7,4,1077713,1257085,1,gaze_data,1741607827544,252.7511477470398,120.8482533409482,1741607827517.3,1
1,1,block_2,2,Provo_ID7,4,1077713,1257085,1,gaze_data,1741607827581,249.33810234069824,118.09661411103748,1741607827551.7,1
1,1,block_2,2,Provo_ID7,4,1077713,1257085,1,gaze_data,1741607827615,250.47954320907593,111.0549427214123,1741607827584.5,1
1,1,block_2,2,Provo_ID7,4,1077713,1257085,1,gaze_data,1741607827642,254.83338832855225,112.6554198492141,1741607827617.7,1
1,1,block_2,2,Provo_ID7,4,1077713,1257085,1,gaze_data,1741607827681,259.4285726547241,117.65922319321406,1741607827651,1
1,1,block_2,2,Provo_ID7,4,1077713,1257085,1,gaze_data,1741607827704,288.1948232650757,117.01772871471587,1741607827684.1,1
1,1,block_2,2,Provo_ID7,4,1077713,1257085,1,gaze_data,1741607827742,380.57214468717575,116.75475075131371,1741607827719.4001,1
1,1,block_2,2,Provo_ID7,4,1077713,1257085,1,gaze_data,1741607827780,376.70622169971466,113.43400637308757,1741607827751.7,1
1,1,block_2,2,Provo_ID7,4,1077713,1257085,1,gaze_data,1741607827814,371.58784568309784,108.50680169605074,1741607827784.4001,1
1,1,block_2,2,Provo_ID7,4,1077713,1257085,1,gaze_data,1741607827847,366.2683606147766,109.7767684573219,1741607827818,1
1,1,block_2,2,Provo_ID7,4,1077713,1257085,1,gaze_data,1741607827880,364.60140645504,109.09451802571616,1741607827851.4001,1
1,1,block_2,2,Provo_ID7,4,1077713,1257085,1,gaze_data,1741607827921,369.3131685256958,114.96837298075359,1741607827884.1,1
1,1,block_2,2,Provo_ID7,4,1077713,1257085,1,gaze_data,1741607827944,374.8864948749542,118.05128279186431,1741607827919.5,1
1,1,block_2,2,Provo_ID7,4,1077713,1257085,1,gaze_data,1741607827980,370.6245929002762,114.51748121352423,1741607827952.4001,1
1,1,block_2,2,Provo_ID7,4,1077713,1257085,1,gaze_data,1741607828010,371.2781250476837,111.64674168541319,1741607827986.4001,1
1,1,block_2,2,Provo_ID7,4,1077713,1257085,1,gaze_data,1741607828048,372.8814631700516,112.22333635602679,1741607828018.3,1
1,1,block_2,2,Provo_ID7,4,1077713,1257085,1,gaze_data,1741607828077,374.88271594047546,113.05042176019579,1741607828052.1,1
1,1,block_2,2,Provo_ID7,4,1077713,1257085,1,gaze_data,1741607828112,374.8749256134033,116.25413531348819,1741607828092.7,1
1,1,block_2,2,Provo_ID7,4,1077713,1257085,1,gaze_data,1741607828139,417.71659553050995,123.17070915585474,1741607828120.3,1
1,1,block_2,2,Provo_ID7,4,1077713,1257085,1,gaze_data,1741607828181,442.67458617687225,118.78504480634417,1741607828152.5,1
1,1,block_2,2,Provo_ID7,4,1077713,1257085,1,gaze_data,1741607828223,455.0828218460083,123.17394710722424,1741607828184.4001,1
1,1,block_2,2,Provo_ID7,4,1077713,1257085,1,gaze_data,1741607828247,446.8127518892288,125.48981439499629,1741607828218.7,1
1,1,block_2,2,Provo_ID7,4,1077713,1257085,1,gaze_data,1741607828276,460.6274724006653,122.1242736634754,1741607828251.6,1
1,1,block_2,2,Provo_ID7,4,1077713,1257085,1,gaze_data,1741607828316,449.55468475818634,124.35851642063686,1741607828284.5,1
1,1,block_2,2,Provo_ID7,4,1077713,1257085,1,gaze_data,1741607828348,192.09933280944824,104.69715481712706,1741607828318.3,1
1,1,block_2,2,Provo_ID7,4,1077713,1257085,1,gaze_data,1741607828377,154.6079397201538,92.01463426862445,1741607828352,1
1,1,block_2,2,Provo_ID7,4,1077713,1257085,1,gaze_data,1741607828409,158.3881378173828,93.36636634100051,1741607828386.9001,1
1,1,block_2,2,Provo_ID7,4,1077713,1257085,1,gaze_data,1741607828448,143.14038753509521,84.78321892874582,1741607828421.6,1
1,1,block_2,2,Provo_ID7,4,1077713,1257085,1,gaze_data,1741607828478,143.982195854187,91.78551401410785,1741607828457.8,1
1,1,block_2,2,Provo_ID7,4,1077713,1257085,1,gaze_data,1741607828515,148.80633354187012,92.59863399323963,1741607828486.1,1
1,1,block_2,2,Provo_ID7,4,1077713,1257085,1,gaze_data,1741607828543,138.10036182403564,98.73190516517276,1741607828518,1
1,1,block_2,2,Provo_ID7,4,1077713,1257085,1,gaze_data,1741607828578,143.49822998046875,96.54288110278902,1741607828551.2,1
1,1,block_2,2,Provo_ID7,4,1077713,1257085,1,gaze_data,1741607828610,132.51686096191406,99.33110918317523,1741607828584.7,1
1,1,block_2,2,Provo_ID7,4,1077713,1257085,1,gaze_data,1741607828638,135.8590602874756,99.54296974908739,1741607828621.1,1
1,1,block_2,2,Provo_ID7,4,1077713,1257085,1,gaze_data,1741607828682,141.46037101745605,100.88517098199755,1741607828652.3,1
1,1,block_2,2,Provo_ID7,4,1077713,1257085,1,gaze_data,1741607828710,127.14650630950928,99.72561836242676,1741607828685,1
1,1,block_2,2,Provo_ID7,4,1077713,1257085,1,gaze_data,1741607828747,144.75462436676025,124.0825162615095,1741607828718.4001,1
1,1,block_2,2,Provo_ID7,4,1077713,1257085,1,gaze_data,1741607828777,171.4616060256958,168.35886864435105,1741607828751.5,1
1,1,block_2,2,Provo_ID7,4,1077713,1257085,1,gaze_data,1741607828810,187.1330976486206,235.76232915832884,1741607828784.2,1
1,1,block_2,2,Provo_ID7,4,1077713,1257085,1,gaze_data,1741607828845,217.203950881958,198.33117666698638,1741607828820.5,0.4475348476386583
1,1,block_2,2,Provo_ID7,4,1077713,1257085,1,gaze_data,1741607828882,349.9446630477905,199.6408224105835,1741607828852.7,0.29538472740932803
1,1,block_2,2,Provo_ID7,4,1077713,1257085,1,gaze_data,1741607828913,380.01693189144135,209.94307563418434,1741607828885,0.44291862002095983
1,1,block_2,2,Provo_ID7,4,1077713,1257085,1,gaze_data,1741607828948,391.68616980314255,212.23350388663158,1741607828918.5,0.4906908747513676
1,1,block_2,2,Provo_ID7,4,1077713,1257085,1,gaze_data,1741607828982,384.08484905958176,205.76405593327115,1741607828951.2,0.4324763995617321
1,1,block_2,2,Provo_ID7,4,1077713,1257085,1,gaze_data,1741607829010,396.88243493437767,206.47494815644765,1741607828984.6,0.4387001038977776
1,1,block_2,2,Provo_ID7,4,1077713,1257085,1,gaze_data,1741607829038,389.8935116827488,203.36488178798132,1741607829017.9001,0.457997246204728
1,1,block_2,2,Provo_ID7,4,1077713,1257085,1,gaze_data,1741607829082,417.74241626262665,202.68189929780507,1741607829051.5,0.47689778499341035
1,1,block_2,2,Provo_ID7,4,1077713,1257085,1,gaze_data,1741607829114,432.6859712600708,181.8022584915161,1741607829085.1,0.46723613825193244
1,1,block_2,2,Provo_ID7,4,1077713,1257085,1,gaze_data,1741607829143,429.15613651275635,181.23403322129025,1741607829118.7,0.40138372128184885
1,1,block_2,2,Provo_ID7,4,1077713,1257085,1,gaze_data,1741607829178,438.62787783145905,184.03855664389474,1741607829151.9001,0.3701960583402089
1,1,block_2,2,Provo_ID7,4,1077713,1257085,1,gaze_data,1741607829217,441.82263910770416,186.32475444248746,1741607829186,0.38016237490789345
1,1,block_2,2,Provo_ID7,4,1077713,1257085,1,gaze_data,1741607829248,448.4852820634842,189.4848612376622,1741607829219.1,0.37406964400542975
1,1,block_2,2,Provo_ID7,4,1077713,1257085,1,gaze_data,1741607829277,451.40267610549927,187.86123275756836,1741607829252.5,0.37659305330867837
1,1,block_2,2,Provo_ID7,4,1077713,1257085,1,gaze_data,1741607829316,453.38085889816284,185.16865094502768,1741607829285.4001,0.3695210516205018
1,1,block_2,2,Provo_ID7,4,1077713,1257085,1,gaze_data,1741607829338,466.1006689071655,194.8544334229969,1741607829317.8,0.38986500710634336
1,1,block_2,2,Provo_ID7,4,1077713,1257085,1,gaze_data,1741607829385,516.3173198699951,176.11818972088042,1741607829352.2,0.3807985558196175
1,1,block_2,2,Provo_ID7,4,1077713,1257085,1,gaze_data,1741607829410,538.9810681343079,207.53428618113202,1741607829387,0.3109272373051766
1,1,block_2,2,Provo_ID7,4,1077713,1257085,1,gaze_data,1741607829448,565.425717830658,228.77790791647777,1741607829418.7,0.34625056280968164
1,1,block_2,2,Provo_ID7,4,1077713,1257085,1,gaze_data,1741607829486,553.123152256012,211.4031031018212,1741607829451.5,0.32902782894728166
1,1,block_2,2,Provo_ID7,4,1077713,1257085,1,gaze_data,1741607829511,360.4062229394913,252.21143711180915,1741607829490.2,0.36449923457700767
1,1,block_2,2,Provo_ID7,4,1077713,1257085,1,gaze_data,1741607829547,173.5887050628662,245.042002144314,1741607829519.9001,0.5086264574548276
1,1,block_2,2,Provo_ID7,4,1077713,1257085,1,gaze_data,1741607829575,177.94673442840576,250.7214515549796,1741607829551.8,0.2955672145134802
1,1,block_2,2,Provo_ID7,4,1077713,1257085,1,gaze_data,1741607829610,171.5536594390869,245.0054062548138,1741607829585.7,0.364650655741609
1,1,block_2,2,Provo_ID7,4,1077713,1257085,1,gaze_data,1741607829638,180.20870685577393,250.59546357109434,1741607829618.5,0.3400365742759352
1,1,block_2,2,Provo_ID7,4,1077713,1257085,1,gaze_data,1741607829681,180.53889274597168,243.88643009322033,1741607829652,0.394864953035811
1,1,block_2,2,Provo_ID7,4,1077713,1257085,1,gaze_data,1741607829715,182.59079456329346,247.64516722588314,1741607829685.3,0.3988166430080895
1,1,block_2,2,Provo_ID7,4,1077713,1257085,1,gaze_data,1741607829749,179.10890579223633,247.5837218193781,1741607829718.2,0.43024121289443185
1,1,block_2,2,Provo_ID7,4,1077713,1257085,1,gaze_data,1741607829777,180.67355155944824,251.3483330181667,1741607829752.6,0.4014100055328889
1,1,block_2,2,Provo_ID7,4,1077713,1257085,1,gaze_data,1741607829810,197.29783535003662,279.3981214932033,1741607829787.4001,0.435235354819239
1,1,block_2,2,Provo_ID7,4,1077713,1257085,1,gaze_data,1741607829844,417.3022359609604,343.88890221005397,1741607829820.6,0.43673022966781816
1,1,block_2,2,Provo_ID7,4,1077713,1257085,1,gaze_data,1741607829881,388.42626214027405,294.5745931352888,1741607829852.5,0.7529355153871715
1,1,block_2,2,Provo_ID7,4,1077713,1257085,1,gaze_data,1741607829906,472.3801255226135,394.45670672825406,1741607829885.9001,0.7638791495413906
1,1,block_2,2,Provo_ID7,4,1077713,1257085,1,gaze_data,1741607829949,345.1079249382019,315.07949738275437,1741607829920.1,0.07052098588619057
1,1,block_2,2,Provo_ID7,4,1077713,1257085,1,gaze_data,1741607829971,372.07600474357605,286.5160642351423,1741607829951.8,0
1,1,block_2,2,Provo_ID7,4,1077713,1257085,1,gaze_data,1741607830012,517.9989576339722,293.01913057054793,1741607829986.2,0
1,1,block_2,2,Provo_ID7,4,1077713,1257085,1,gaze_data,1741607830054,535.2502465248108,323.98965676625573,1741607830019.7,0
1,1,block_2,2,Provo_ID7,4,1077713,1257085,1,gaze_data,1741607830082,497.07205295562744,340.5659123829433,1741607830052.9001,0
1,1,block_2,2,Provo_ID7,4,1077713,1257085,1,gaze_data,1741607830108,482.3320269584656,318.4457842508952,1741607830085.9001,0.006328024789947467
1,1,block_2,2,Provo_ID7,4,1077713,1257085,1,gaze_data,1741607830149,477.432656288147,308.83644558134534,1741607830119.2,0.14061949187848474
1,1,block_2,2,Provo_ID7,4,1077713,1257085,1,gaze_data,1741607830180,388.55657428503036,300.9706029437837,1741607830152,0.3816974011870014
1,1,block_2,2,Provo_ID7,4,1077713,1257085,1,gaze_data,1741607830210,233.02477598190308,258.91198680514384,1741607830185.8,0.47867761139160353
1,1,block_2,2,Provo_ID7,4,1077713,1257085,1,gaze_data,1741607830248,246.16843461990356,217.6226093655541,1741607830222.1,0.6871226185204631
1,1,block_2,2,Provo_ID7,4,1077713,1257085,1,gaze_data,1741607830275,249.35128688812256,208.31257002694267,1741607830253.8,0.7435328608631375
1,1,block_2,2,Provo_ID7,4,1077713,1257085,1,gaze_data,1741607830315,242.00682640075684,217.99525885354905,1741607830286.8,1
1,1,block_2,2,Provo_ID7,4,1077713,1257085,1,gaze_data,1741607830349,245.6021547317505,219.51676516305832,1741607830319.3,1
1,1,block_2,2,Provo_ID7,4,1077713,1257085,1,gaze_data,1741607830379,249.8126745223999,221.87326874051777,1741607830353.1,1
1,1,block_2,2,Provo_ID7,4,1077713,1257085,1,gaze_data,1741607830415,250.65664052963257,231.97451557431904,1741607830386,1
1,1,block_2,2,Provo_ID7,4,1077713,1257085,1,gaze_data,1741607830439,248.48453998565674,233.6959337052845,1741607830419.5,1
1,1,block_2,2,Provo_ID7,4,1077713,1257085,1,gaze_data,1741607830480,254.52814102172852,237.2666232926505,1741607830452.9001,1
1,1,block_2,2,Provo_ID7,4,1077713,1257085,1,gaze_data,1741607830510,257.65931606292725,232.484785034543,1741607830486.4001,1
1,1,block_2,2,Provo_ID7,4,1077713,1257085,1,gaze_data,1741607830548,263.40088844299316,222.84496034894673,1741607830519,1
1,1,block_2,2,Provo_ID7,4,1077713,1257085,1,gaze_data,1741607830581,268.1115984916687,237.58850029536657,1741607830552.1,1
1,1,block_2,2,Provo_ID7,4,1077713,1257085,1,gaze_data,1741607830614,271.2171673774719,232.34048854737057,1741607830588.5,1
1,1,block_2,2,Provo_ID7,4,1077713,1257085,1,gaze_data,1741607830642,275.53054094314575,246.87743487812224,1741607830619.8,1
1,1,block_2,2,Provo_ID7,4,1077713,1257085,1,gaze_data,1741607830676,431.109219789505,232.5507019814991,1741607830654.9001,1
1,1,block_2,2,Provo_ID7,4,1077713,1257085,1,gaze_data,1741607830715,433.0081880092621,237.11788694063824,1741607830686.8,1
1,1,block_2,2,Provo_ID7,4,1077713,1257085,1,gaze_data,1741607830744,431.91490173339844,241.68194657280333,1741607830719.2,1
1,1,block_2,2,Provo_ID7,4,1077713,1257085,1,gaze_data,1741607830782,441.1288231611252,233.37448432331993,1741607830753.3,1
1,1,block_2,2,Provo_ID7,4,1077713,1257085,1,gaze_data,1741607830815,439.1966253519058,238.58207799139478,1741607830785.6,1
1,1,block_2,2,Provo_ID7,4,1077713,1257085,1,gaze_data,1741607830844,456.82774782180786,238.07545650573005,1741607830821.5,1
1,1,block_2,2,Provo_ID7,4,1077713,1257085,1,gaze_data,1741607830878,441.43508672714233,228.86762380599976,1741607830860,1
1,1,block_2,2,Provo_ID7,4,1077713,1257085,1,gaze_data,1741607830909,489.5494222640991,243.63560852550327,1741607830888.5,1
1,1,block_2,2,Provo_ID7,4,1077713,1257085,1,gaze_data,1741607830949,496.1339592933655,243.82779149782093,1741607830919.2,1
1,1,block_2,2,Provo_ID7,4,1077713,1257085,1,gaze_data,1741607830977,502.239727973938,250.33158813204085,1741607830952.4001,1
1,1,block_2,2,Provo_ID7,4,1077713,1257085,1,gaze_data,1741607831015,492.5115704536438,247.28924949963888,1741607830986,1
1,1,block_2,2,Provo_ID7,4,1077713,1257085,1,gaze_data,1741607831044,496.7568516731262,253.12141759055004,1741607831020.6,1
1,1,block_2,2,Provo_ID7,4,1077713,1257085,1,gaze_data,1741607831072,500.22714138031006,257.91330757595244,1741607831061.9001,1
1,1,block_2,2,Provo_ID7,4,1077713,1257085,1,gaze_data,1741607831114,493.35596561431885,248.49722708974568,1741607831087.1,1
1,1,block_2,2,Provo_ID7,4,1077713,1257085,1,gaze_data,1741607831147,495.18492221832275,246.85434687705268,1741607831119.4001,1
1,1,block_2,2,Provo_ID7,4,1077713,1257085,1,gaze_data,1741607831182,501.38055086135864,247.48780102956863,1741607831152.4001,1
1,1,block_2,2,Provo_ID7,4,1077713,1257085,1,gaze_data,1741607831215,237.17503547668457,280.72429838634673,1741607831186.1,1
1,1,block_2,2,Provo_ID7,4,1077713,1257085,1,gaze_data,1741607831248,194.11520957946777,275.63751901899064,1741607831219.3,1
1,1,block_2,2,Provo_ID7,4,1077713,1257085,1,gaze_data,1741607831277,205.42855262756348,287.5395454679217,1741607831254.9001,0.9935438276723922
1,1,block_2,2,Provo_ID7,4,1077713,1257085,1,gaze_data,1741607831310,203.238844871521,281.0751022611346,1741607831287.7,1
1,1,block_2,2,Provo_ID7,4,1077713,1257085,1,gaze_data,1741607831343,201.3487458229065,289.10272280375165,1741607831319.8,1
1,1,block_2,2,Provo_ID7,4,1077713,1257085,1,gaze_data,1741607831381,202.38927602767944,286.12938245137536,1741607831353.6,1
1,1,block_2,2,Provo_ID7,4,1077713,1257085,1,gaze_data,1741607831414,199.56095218658447,282.0159805388678,1741607831386.6,1
1,1,block_2,2,Provo_ID7,4,1077713,1257085,1,gaze_data,1741607831443,197.54998683929443,288.71000857580276,1741607831419.7,1
1,1,block_2,2,Provo_ID7,4,1077713,1257085,1,gaze_data,1741607831480,226.59815549850464,308.6380717867897,1741607831452.2,0.9834091852309998
1,1,block_2,2,Provo_ID7,4,1077713,1257085,1,gaze_data,1741607831509,288.6975049972534,348.40525309244794,1741607831486.4001,0.9515660765941631
1,1,block_2,2,Provo_ID7,4,1077713,1257085,1,gaze_data,1741607831544,265.02360105514526,324.48998360406785,1741607831521,0.9137129058609168
1,1,block_2,2,Provo_ID7,4,1077713,1257085,1,gaze_data,1741607831573,267.57490634918213,307.8650601704916,1741607831553.1,0.9416804137680077
1,1,block_2,2,Provo_ID7,4,1077713,1257085,1,gaze_data,1741607831614,276.97259187698364,308.55059078761514,1741607831586.4001,0.9900968326554516
1,1,block_2,2,Provo_ID7,4,1077713,1257085,1,gaze_data,1741607831643,399.1633467376232,331.0789541971116,1741607831620.3,1
1,1,block_2,2,Provo_ID7,4,1077713,1257085,1,gaze_data,1741607831680,391.2833094596863,317.1419879368373,1741607831653.1,1
1,1,block_2,2,Provo_ID7,4,1077713,1257085,1,gaze_data,1741607831710,390.7153829932213,317.42691357930505,1741607831686.6,1
1,1,block_2,2,Provo_ID7,4,1077713,1257085,1,gaze_data,1741607831744,401.6618184745312,318.13543365115214,1741607831722.4001,1
1,1,block_2,2,Provo_ID7,4,1077713,1257085,1,gaze_data,1741607831780,399.47493746876717,310.7480757577079,1741607831753.2,1
1,1,block_2,2,Provo_ID7,4,1077713,1257085,1,gaze_data,1741607831812,406.69742971658707,313.390025865464,1741607831786.1,1
1,1,block_2,2,Provo_ID7,4,1077713,1257085,1,gaze_data,1741607831843,417.26104617118835,321.85027190617154,1741607831819.8,1
1,1,block_2,2,Provo_ID7,4,1077713,1257085,1,gaze_data,1741607831882,418.0677056312561,326.97958106086367,1741607831852.7,1
1,1,block_2,2,Provo_ID7,4,1077713,1257085,1,gaze_data,1741607831910,425.30973851680756,327.8026612599691,1741607831885.8,1
1,1,block_2,2,Provo_ID7,4,1077713,1257085,1,gaze_data,1741607831947,543.8041687011719,287.3354771023705,1741607831920,1
1,1,block_2,2,Provo_ID7,4,1077713,1257085,1,gaze_data,1741607831980,539.2217636108398,289.85444840930757,1741607831954.6,0.9414418406977432
1,1,block_2,2,Provo_ID7,4,1077713,1257085,1,gaze_data,1741607832010,546.7673420906067,297.39154043651763,1741607831986.3,0.8703385901486875
1,1,block_2,2,Provo_ID7,4,1077713,1257085,1,gaze_data,1741607832049,562.7135753631592,306.38836429232646,1741607832019.7,0.949317299398039
1,1,block_2,2,Provo_ID7,4,1077713,1257085,1,gaze_data,1741607832080,564.639937877655,306.2958081563314,1741607832055.7,0.8400369844807103
1,1,block_2,2,Provo_ID7,4,1077713,1257085,1,gaze_data,1741607832108,566.511058807373,310.5625833783831,1741607832088.5,0.9874709643368962
1,1,block_2,2,Provo_ID7,4,1077713,1257085,1,gaze_data,1741607832145,556.2209844589233,308.8798622857957,1741607832120,0.985714555457796
1,1,block_2,2,Provo_ID7,4,1077713,1257085,1,gaze_data,1741607832182,569.3613648414612,306.7536192848569,1741607832153.8,0.9180683480478333
1,1,block_2,2,Provo_ID7,4,1077713,1257085,1,gaze_data,1741607832215,567.0567870140076,304.14538610549204,1741607832186.5,0.9811011874389446
1,1,block_2,2,Provo_ID7,4,1077713,1257085,1,gaze_data,1741607832243,568.6049580574036,313.4276776086717,1741607832220.3,0.8379121152446034
1,1,block_2,2,Provo_ID7,4,1077713,1257085,1,gaze_data,1741607832281,580.2879333496094,306.3415899730864,1741607832254.4001,1
1,1,block_2,2,Provo_ID7,4,1077713,1257085,1,gaze_data,1741607832305,593.7580347061157,319.0320435024443,1741607832287.5,0.8773849460781342
1,1,block_2,2,Provo_ID7,4,1077713,1257085,1,gaze_data,1741607832347,613.6853694915771,319.6319443838937,1741607832320.3,0.8479728886148163
1,1,block_2,2,Provo_ID7,4,1077713,1257085,1,gaze_data,1741607832375,604.4241189956665,293.26437723068966,1741607832352.6,0.8820695745102952
1,1,block_2,2,Provo_ID7,4,1077713,1257085,1,gaze_data,1741607832413,612.1439456939697,312.53559385027205,1741607832386.7,0.9361609883852284
1,1,block_2,2,Provo_ID7,4,1077713,1257085,1,gaze_data,1741607832446,507.98890590667725,306.2825255166917,1741607832420.3,0.8177511633056324
1,1,block_2,2,Provo_ID7,4,1077713,1257085,1,gaze_data,1741607832476,202.50693559646606,368.788382212321,1741607832453.9001,0.9464568385075038
1,1,block_2,2,Provo_ID7,4,1077713,1257085,1,gaze_data,1741607832512,246.99559211730957,367.44691303798135,1741607832486.8,0.7977018430479489
1,1,block_2,2,Provo_ID7,4,1077713,1257085,1,gaze_data,1741607832547,241.32777452468872,368.6114211309524,1741607832520.6,0.8566388509184777
1,1,block_2,2,Provo_ID7,4,1077713,1257085,1,gaze_data,1741607832576,232.78913497924805,360.07846196492517,1741607832553.4001,0.7623585178379795
1,1,block_2,2,Provo_ID7,4,1077713,1257085,1,gaze_data,1741607832615,238.222336769104,370.88099979218987,1741607832586.9001,0.8507075364058085
1,1,block_2,2,Provo_ID7,4,1077713,1257085,1,gaze_data,1741607832647,238.81558179855347,372.64858336675735,1741607832621.6,0.6790749650346853
1,1,block_2,2,Provo_ID7,4,1077713,1257085,1,gaze_data,1741607832681,241.59104824066162,373.2743245079404,1741607832654.1,0.8009700740884367
1,1,block_2,2,Provo_ID7,4,1077713,1257085,1,gaze_data,1741607832715,233.55735540390015,379.80714480082196,1741607832689.6,0.6921500430068156
1,1,block_2,2,Provo_ID7,4,1077713,1257085,1,gaze_data,1741607832744,284.77526903152466,398.90324456351146,1741607832721.5,0.8073285681553449
1,1,block_2,2,Provo_ID7,4,1077713,1257085,1,gaze_data,1741607832775,317.547082901001,411.0830238887242,1741607832753.3,0.6837772699502996
1,1,block_2,2,Provo_ID7,4,1077713,1257085,1,gaze_data,1741607832819,302.84152030944824,390.1374203818185,1741607832787.7,0.7703687596944222
1,1,block_2,2,Provo_ID7,4,1077713,1257085,1,gaze_data,1741607832848,330.09289503097534,384.2093086242676,1741607832820.7,0.8827205623090477
1,1,block_2,2,Provo_ID7,4,1077713,1257085,1,gaze_data,1741607832875,340.5956745147705,394.8263399941581,1741607832853.6,0.750257671371515
1,1,block_2,2,Provo_ID7,4,1077713,1257085,1,gaze_data,1741607832915,322.50062227249146,388.9313398088728,1741607832887.6,0.8535631871307242
1,1,block_2,2,Provo_ID7,4,1077713,1257085,1,gaze_data,1741607832942,326.2410283088684,393.1255004519508,1741607832922,0.8675660033784153
1,1,block_2,2,Provo_ID7,4,1077713,1257085,1,gaze_data,1741607832982,326.13492012023926,385.6037253425235,1741607832955.6,0.8703832138394774
1,1,block_2,2,Provo_ID7,4,1077713,1257085,1,gaze_data,1741607833010,317.52545833587646,380.90420495896115,1741607832987.7,0.8210947086707684
1,1,block_2,2,Provo_ID7,4,1077713,1257085,1,gaze_data,1741607833045,302.36648321151733,375.3442201160249,1741607833021.3,0.7226448455933722
1,1,block_2,2,Provo_ID7,4,1077713,1257085,1,gaze_data,1741607833082,435.7329547405243,337.87356285821824,1741607833053.8,0.8499730897391118
1,1,block_2,2,Provo_ID7,4,1077713,1257085,1,gaze_data,1741607833120,496.7806935310364,305.08515221732006,1741607833087.8,0.7367799288255767
1,1,block_2,2,Provo_ID7,4,1077713,1257085,1,gaze_data,1741607833147,510.1661205291748,323.37903545016337,1741607833120.4001,0.8428733352957796
1,1,block_2,2,Provo_ID7,4,1077713,1257085,1,gaze_data,1741607833177,512.7881526947021,323.86342593601773,1741607833154.2,0.7595523829633295
1,1,block_2,2,Provo_ID7,4,1077713,1257085,1,gaze_data,1741607833221,510.29672622680664,323.44997474125455,1741607833188.9001,0.8475201247011204
1,1,block_2,2,Provo_ID7,4,1077713,1257085,1,gaze_data,1741607833238,513.5003447532654,322.55024660201303,1741607833222.6,0.6731450793526436
1,1,block_2,2,Provo_ID7,4,1077713,1257085,1,gaze_data,1741607833282,535.3114366531372,334.8380960736956,1741607833254.5,0.7542289719470991
1,1,block_2,2,Provo_ID7,4,1077713,1257085,1,gaze_data,1741607833309,580.2761316299438,306.16115161350797,1741607833287.4001,0.8437739591918493
1,1,block_2,2,Provo_ID7,4,1077713,1257085,1,gaze_data,1741607833348,595.3804969787598,325.2577370689029,1741607833320.1,0.7215428782937368
1,1,block_2,2,Provo_ID7,4,1077713,1257085,1,gaze_data,1741607833375,585.3035688400269,306.032513436817,1741607833354.3,0.8198546969526916
1,1,block_2,2,Provo_ID7,4,1077713,1257085,1,gaze_data,1741607833411,601.8086433410645,323.5497036434355,1741607833387.9001,0.7122291097973048
1,1,block_2,2,Provo_ID7,4,1077713,1257085,1,gaze_data,1741607833453,598.277735710144,324.61379300980343,1741607833420.6,0.7589671787531761
1,1,block_2,2,Provo_ID7,4,1077713,1257085,1,gaze_data,1741607833482,590.6482696533203,321.6917741866339,1741607833453.6,0.8709484303136492
1,1,block_2,2,Provo_ID7,4,1077713,1257085,1,gaze_data,1741607833508,509.86857414245605,396.9124957493373,1741607833487.5,0.749500227317503
1,1,block_2,2,Provo_ID7,4,1077713,1257085,1,gaze_data,1741607833548,521.0498929023743,376.3403125036331,1741607833520.9001,0.8533567956842151
1,1,block_2,2,Provo_ID7,4,1077713,1257085,1,gaze_data,1741607833576,524.9832153320312,403.50989205496654,1741607833555,0.8046800368027546
1,1,block_2,2,Provo_ID7,4,1077713,1257085,1,gaze_data,1741607833615,527.9585838317871,399.03339613051645,1741607833587.8,0.8041229150184418
1,1,block_2,2,Provo_ID7,4,1077713,1257085,1,gaze_data,1741607833642,524.9630451202393,383.79651205880305,1741607833620.9001,0.9560545743886304
1,1,block_2,2,Provo_ID7,4,1077713,1257085,1,gaze_data,1741607833682,531.145453453064,403.67863155546644,1741607833654.3,0.7918337834758918
1,1,block_2,2,Provo_ID7,4,1077713,1257085,1,gaze_data,1741607833710,519.0624356269836,386.13435518173947,1741607833687.9001,1
1,1,block_2,2,Provo_ID7,4,1077713,1257085,1,gaze_data,1741607833743,563.5920286178589,382.31659934634257,1741607833723.5,0.7973585931166359
1,1,block_2,2,Provo_ID7,4,1077713,1257085,1,gaze_data,1741607833780,649.3504285812378,350.67162195841473,1741607833755,0.5113378491035268
1,1,block_2,2,Provo_ID7,4,1077713,1257085,1,gaze_data,1741607833820,624.6396541595459,315.8216358366467,1741607833788.9001,0.5271222666154489
1,1,block_2,2,Provo_ID7,4,1077713,1257085,1,gaze_data,1741607833848,632.7288150787354,324.9757607777914,1741607833820.8,0.6270150366772893
1,1,block_2,2,Provo_ID7,4,1077713,1257085,1,gaze_data,1741607833881,632.5880289077759,330.7948521205357,1741607833853.8,0.6122585183547163
1,1,block_2,2,Provo_ID7,4,1077713,1257085,1,gaze_data,1741607833915,634.2169523239136,328.05881840842113,1741607833888.1,0.7539284355611594
1,1,block_2,2,Provo_ID7,4,1077713,1257085,1,gaze_data,1741607833944,630.2248954772949,326.8688220069522,1741607833921.8,0.5784457935636625
1,1,block_2,2,Provo_ID7,4,1077713,1257085,1,gaze_data,1741607833982,305.6005358695984,333.91435782114667,1741607833954.3,0.5827803834550531
1,1,block_2,2,Provo_ID7,4,1077713,1257085,1,gaze_data,1741607834009,184.3482494354248,321.5239075251988,1741607833987.6,0.8665617800522188
1,1,block_2,2,Provo_ID7,4,1077713,1257085,1,gaze_data,1741607834048,202.63123512268066,347.52771195911225,1741607834021.1,0.986731860513137
1,1,block_2,2,Provo_ID7,4,1077713,1257085,1,gaze_data,1741607834080,208.07477235794067,358.8139574868339,1741607834055.9001,0.7187811855439402
1,1,block_2,2,Provo_ID7,4,1077713,1257085,1,gaze_data,1741607834115,202.86736488342285,347.7952934446789,1741607834089.4001,0.9440454106654116
1,1,block_2,2,Provo_ID7,4,1077713,1257085,1,gaze_data,1741607834144,181.77213668823242,332.0446379979452,1741607834122.5,0.7203765238604061
1,1,block_2,2,Provo_ID7,4,1077713,1257085,1,gaze_data,1741607834177,204.90823984146118,348.2954161507743,1741607834155.3,1
1,1,block_2,2,Provo_ID7,4,1077713,1257085,1,gaze_data,1741607834213,213.42346668243408,349.27816254752025,1741607834188,1
1,1,block_2,2,Provo_ID7,4,1077713,1257085,1,gaze_data,1741607834254,197.95770645141602,341.1141257059007,1741607834221.6,0.8493374250484633
1,1,block_2,2,Provo_ID7,4,1077713,1257085,1,gaze_data,1741607834282,209.758722782135,356.7250987461635,1741607834255,1
1,1,block_2,2,Provo_ID7,4,1077713,1257085,1,gaze_data,1741607834310,199.9269962310791,347.1221515110561,1741607834290.1,0.8673959970365028
1,1,block_2,2,Provo_ID7,4,1077713,1257085,1,gaze_data,1741607834344,290.2015209197998,337.11284137907484,1741607834329.9001,1
1,1,block_2,2,Provo_ID7,4,1077713,1257085,1,gaze_data,1741607834377,294.6905255317688,332.39939780462356,1741607834356.1,0.8829332387238651
1,1,block_2,2,Provo_ID7,4,1077713,1257085,1,gaze_data,1741607834410,290.9485697746277,338.67480096362885,1741607834387.8,0.9802874921250182
1,1,block_2,2,Provo_ID7,4,1077713,1257085,1,gaze_data,1741607834446,288.6681079864502,343.32341512044275,1741607834422,0.9480999761213695
1,1,block_2,2,Provo_ID7,4,1077713,1257085,1,gaze_data,1741607834477,286.04148626327515,336.9800360997518,1741607834454.5,0.9624644320509388
1,1,block_2,2,Provo_ID7,4,1077713,1257085,1,gaze_data,1741607834514,289.27857875823975,343.3033820561,1741607834488.1,1
1,1,block_2,2,Provo_ID7,4,1077713,1257085,1,gaze_data,1741607834544,289.36378955841064,333.0209507261004,1741607834522.7,0.986781556583511
1,1,block_2,2,Provo_ID7,4,1077713,1257085,1,gaze_data,1741607834571,395.63753344118595,375.53062756856286,1741607834555.8,0.9570983380951388
1,1,block_2,2,Provo_ID7,4,1077713,1257085,1,gaze_data,1741607834615,545.1216220855713,381.795092083159,1741607834588.3,0.734466575054422
1,1,block_2,2,Provo_ID7,4,1077713,1257085,1,gaze_data,1741607834648,530.6915163993835,382.3720527830578,1741607834620.5,0.8098160861979464
1,1,block_2,2,Provo_ID7,4,1077713,1257085,1,gaze_data,1741607834682,538.722288608551,383.2875342596145,1741607834654.6,0.9181949950234357
1,1,block_2,2,Provo_ID7,4,1077713,1257085,1,gaze_data,1741607834714,538.7611389160156,389.865742183867,1741607834688,0.8480472331972696
1,1,block_2,2,Provo_ID7,4,1077713,1257085,1,gaze_data,1741607834739,539.4139289855957,444.33356058029904,1741607834722.1,0.8717940590772919
1,1,block_2,2,Provo_ID7,4,1077713,1257085,1,gaze_data,1741607834782,476.7792224884033,256.8016555195763,1741607834759.3,0.7147757159508553
1,1,block_2,2,Provo_ID7,4,1077713,1257085,1,gaze_data,1741607834820,332.4539542198181,272.63613167263213,1741607834787.7,0
1,1,block_2,2,Provo_ID7,4,1077713,1257085,1,gaze_data,1741607834853,328.0410647392273,244.47320143381756,1741607834821.7,0
1,1,block_2,2,Provo_ID7,4,1077713,1257085,1,gaze_data,1741607834881,310.8946919441223,114.17475110008604,1741607834854.7,0
1,1,block_2,2,Provo_ID7,4,1077713,1257085,1,gaze_data,1741607834910,161.63079738616943,222.37934998103552,1741607834891.1,0
1,1,block_2,2,Provo_ID7,4,1077713,1257085,1,gaze_data,1741607834944,131.5323829650879,159.41137427375432,1741607834922.9001,0
1,1,block_2,2,Provo_ID7,4,1077713,1257085,1,gaze_data,1741607834984,143.7197208404541,133.8454042162214,1741607834955,0.3639334150720592
1,1,block_2,2,Provo_ID7,4,1077713,1257085,1,gaze_data,1741607835020,148.83198738098145,134.3307027362642,1741607834987.5,0.7795084865388402
1,1,block_2,2,Provo_ID7,4,1077713,1257085,1,gaze_data,1741607835048,145.93055248260498,116.35401907421294,1741607835021.5,1
1,1,block_2,2,Provo_ID7,4,1077713,1257085,1,gaze_data,1741607835082,157.29453563690186,113.58764012654623,1741607835054.7,1
1,1,block_2,2,Provo_ID7,4,1077713,1257085,1,gaze_data,1741607835115,173.3246088027954,110.08423305693127,1741607835088.3,1
1,1,block_2,2,Provo_ID7,4,1077713,1257085,1,gaze_data,1741607835149,174.56035614013672,104.23770359584263,1741607835123.2,1
1,1,block_2,2,Provo_ID7,4,1077713,1257085,1,gaze_data,1741607835177,168.44356060028076,100.84523155575707,1741607835155.9001,1
1,1,block_2,2,Provo_ID7,4,1077713,1257085,1,gaze_data,1741607835215,168.33641529083252,110.16666003635952,1741607835188,1
1,1,block_2,2,Provo_ID7,4,1077713,1257085,1,gaze_data,1741607835252,161.1149549484253,111.70736176627024,1741607835221.7,1
1,1,block_2,2,Provo_ID7,4,1077713,1257085,1,gaze_data,1741607835277,164.8305892944336,113.23335193452381,1741607835257.3,1
1,1,block_2,2,Provo_ID7,4,1077713,1257085,1,gaze_data,1741607835315,211.78224086761475,143.48450388227192,1741607835288.2,1
1,1,block_2,2,Provo_ID7,4,1077713,1257085,1,gaze_data,1741607835348,294.8161005973816,170.14586584908622,1741607835324,1
1,1,block_2,2,Provo_ID7,4,1077713,1257085,1,gaze_data,1741607835371,278.275203704834,158.7853938057309,1741607835361.5,1
1,1,block_2,2,Provo_ID7,4,1077713,1257085,1,gaze_data,1741607835421,275.57321786880493,137.77268727620444,1741607835388.5,1
1,1,block_2,2,Provo_ID7,4,1077713,1257085,1,gaze_data,1741607835441,272.9057550430298,131.83967635745094,1741607835421.4001,1
1,1,block_2,2,Provo_ID7,4,1077713,1257085,1,gaze_data,1741607835482,274.42299127578735,133.9314351763044,1741607835455.2,1
1,1,block_2,2,Provo_ID7,4,1077713,1257085,1,gaze_data,1741607835510,269.10741329193115,127.45211147126697,1741607835487.7,1
1,1,block_2,2,Provo_ID7,4,1077713,1257085,1,gaze_data,1741607835541,269.1016435623169,132.4018128712972,1741607835523.4001,1
1,1,block_2,2,Provo_ID7,4,1077713,1257085,1,gaze_data,1741607835577,265.0311827659607,123.96737189519973,1741607835556.5,1
1,1,block_2,2,Provo_ID7,4,1077713,1257085,1,gaze_data,1741607835615,389.88157138228416,130.39034116835822,1741607835588.7,1
1,1,block_2,2,Provo_ID7,4,1077713,1257085,1,gaze_data,1741607835649,396.78951762616634,128.48375093369256,1741607835621.8,1
1,1,block_2,2,Provo_ID7,4,1077713,1257085,1,gaze_data,1741607835675,381.36271983385086,127.11436498732795,1741607835654.9001,1
1,1,block_2,2,Provo_ID7,4,1077713,1257085,1,gaze_data,1741607835715,383.7507262825966,122.619750613258,1741607835689.6,1
1,1,block_2,2,Provo_ID7,4,1077713,1257085,1,gaze_data,1741607835748,380.2827000617981,123.28944342476981,1741607835723.3,1
1,1,block_2,2,Provo_ID7,4,1077713,1257085,1,gaze_data,1741607835776,452.90870666503906,118.04966381617956,1741607835755.4001,1
1,1,block_2,2,Provo_ID7,4,1077713,1257085,1,gaze_data,1741607835815,611.5764141082764,113.3620393843878,1741607835789.3,1
1,1,block_2,2,Provo_ID7,4,1077713,1257085,1,gaze_data,1741607835853,567.6940321922302,123.83268719627745,1741607835821.6,1
1,1,block_2,2,Provo_ID7,4,1077713,1257085,1,gaze_data,1741607835887,566.3758397102356,112.14323225475493,1741607835855.3,1
1,1,block_2,2,Provo_ID7,4,1077713,1257085,1,gaze_data,1741607835915,556.1537504196167,113.196622303554,1741607835889.3,1
1,1,block_2,2,Provo_ID7,4,1077713,1257085,1,gaze_data,1741607835948,597.6080417633057,114.16665622166225,1741607835922.7,1
1,1,block_2,2,Provo_ID7,4,1077713,1257085,1,gaze_data,1741607835971,520.3945994377136,126.84560094560896,1741607835955.8,1
1,1,block_2,2,Provo_ID7,4,1077713,1257085,1,gaze_data,1741607836015,204.76211309432983,167.60285627274288,1741607835991.8,1
1,1,block_2,2,Provo_ID7,4,1077713,1257085,1,gaze_data,1741607836048,191.3543701171875,143.340330578032,1741607836021.7,1
1,1,block_2,2,Provo_ID7,4,1077713,1257085,1,gaze_data,1741607836077,208.2199215888977,150.0605649039859,1741607836055.4001,1
1,1,block_2,2,Provo_ID7,4,1077713,1257085,1,gaze_data,1741607836116,201.72498226165771,156.0903764906384,1741607836088.1,1
1,1,block_2,2,Provo_ID7,4,1077713,1257085,1,gaze_data,1741607836148,209.66448783874512,152.52047175452824,1741607836122.8,1
1,1,block_2,2,Provo_ID7,4,1077713,1257085,1,gaze_data,1741607836172,211.6396188735962,153.5196472349621,1741607836156.6,1
1,1,block_2,2,Provo_ID7,4,1077713,1257085,1,gaze_data,1741607836218,204.46146726608276,150.6740088689895,1741607836189.1,1
1,1,block_2,2,Provo_ID7,4,1077713,1257085,1,gaze_data,1741607836251,200.5170226097107,146.69539020175026,1741607836222.4001,1
1,1,block_2,2,Provo_ID7,4,1077713,1257085,1,gaze_data,1741607836282,206.8098783493042,143.78635134015767,1741607836257.7,1
1,1,block_2,2,Provo_ID7,4,1077713,1257085,1,gaze_data,1741607836315,309.30532217025757,170.61799435388474,1741607836289.1,1
1,1,block_2,2,Provo_ID7,4,1077713,1257085,1,gaze_data,1741607836347,378.46564799547195,159.61977163950604,1741607836324.4001,1
1,1,block_2,2,Provo_ID7,4,1077713,1257085,1,gaze_data,1741607836382,359.0611129999161,157.81557105836416,1741607836368.1,1
1,1,block_2,2,Provo_ID7,4,1077713,1257085,1,gaze_data,1741607836410,362.49014139175415,149.6122353417533,1741607836389.8,1
1,1,block_2,2,Provo_ID7,4,1077713,1257085,1,gaze_data,1741607836449,464.4644618034363,140.39385114397322,1741607836422.3,1
1,1,block_2,2,Provo_ID7,4,1077713,1257085,1,gaze_data,1741607836488,498.83856773376465,160.4290975843157,1741607836461.6,1
1,1,block_2,2,Provo_ID7,4,1077713,1257085,1,gaze_data,1741607836510,502.78825759887695,160.25646550314767,1741607836488.8,1
1,1,block_2,2,Provo_ID7,4,1077713,1257085,1,gaze_data,1741607836548,509.2530131340027,164.05872140611922,1741607836521.7,1
1,1,block_2,2,Provo_ID7,4,1077713,1257085,1,gaze_data,1741607836582,508.22585821151733,164.25916467394148,1741607836568.4001,1
1,1,block_2,2,Provo_ID7,4,1077713,1257085,1,gaze_data,1741607836611,509.28601026535034,160.90960252852668,1741607836590,1
1,1,block_2,2,Provo_ID7,4,1077713,1257085,1,gaze_data,1741607836654,512.6702785491943,160.6239448274885,1741607836621.5,1
1,1,block_2,2,Provo_ID7,4,1077713,1257085,1,gaze_data,1741607836687,304.47914600372314,202.06092357635498,1741607836655.7,1
1,1,block_2,2,Provo_ID7,4,1077713,1257085,1,gaze_data,1741607836715,173.22380542755127,261.22354620978945,1741607836689.8,1
1,1,block_2,2,Provo_ID7,4,1077713,1257085,1,gaze_data,1741607836748,178.26671600341797,257.56376368658886,1741607836722.3,1
1,1,block_2,2,Provo_ID7,4,1077713,1257085,1,gaze_data,1741607836776,189.89331722259521,257.27158080963864,1741607836757.4001,1
1,1,block_2,2,Provo_ID7,4,1077713,1257085,1,gaze_data,1741607836814,179.29151058197021,259.33216026851113,1741607836800.1,1
1,1,block_2,2,Provo_ID7,4,1077713,1257085,1,gaze_data,1741607836844,176.47342681884766,271.23954341525126,1741607836823.4001,1
1,1,block_2,2,Provo_ID7,4,1077713,1257085,1,gaze_data,1741607836881,182.29713439941406,277.10610594068254,1741607836855.1,1
1,1,block_2,2,Provo_ID7,4,1077713,1257085,1,gaze_data,1741607836909,209.35627222061157,280.92476277124314,1741607836889,0.9797279546325721
1,1,block_2,2,Provo_ID7,4,1077713,1257085,1,gaze_data,1741607836949,237.5025510787964,289.0560329528082,1741607836922.4001,1
1,1,block_2,2,Provo_ID7,4,1077713,1257085,1,gaze_data,1741607836977,253.44958305358887,276.04323080607827,1741607836958.4001,0.9590330299542504
1,1,block_2,2,Provo_ID7,4,1077713,1257085,1,gaze_data,1741607837005,256.1562657356262,279.3787817727952,1741607836990.4001,1
1,1,block_2,2,Provo_ID7,4,1077713,1257085,1,gaze_data,1741607837053,415.75817912817,293.600701831636,1741607837024.8,0.9931308777993682
1,1,block_2,2,Provo_ID7,4,1077713,1257085,1,gaze_data,1741607837081,451.657509803772,276.3998524347941,1741607837056.3,1
1,1,block_2,2,Provo_ID7,4,1077713,1257085,1,gaze_data,1741607837109,459.30042266845703,272.72002628871377,1741607837088.9001,0.9687637390634873
1,1,block_2,2,Provo_ID7,4,1077713,1257085,1,gaze_data,1741607837148,457.2082042694092,283.873945190793,1741607837122.6,1
1,1,block_2,2,Provo_ID7,4,1077713,1257085,1,gaze_data,1741607837177,457.82926082611084,285.80604485103066,1741607837156.5,1
1,1,block_2,2,Provo_ID7,4,1077713,1257085,1,gaze_data,1741607837208,464.5760178565979,281.171543938773,1741607837188.8,0.9709878743228173
1,1,block_2,2,Provo_ID7,4,1077713,1257085,1,gaze_data,1741607837249,461.0505223274231,283.5836734090533,1741607837222.5,1
1,1,block_2,2,Provo_ID7,4,1077713,1257085,1,gaze_data,1741607837277,468.827223777771,286.79692132132396,1741607837256.1,0.9868848989342407
1,1,block_2,2,Provo_ID7,4,1077713,1257085,1,gaze_data,1741607837313,543.4412360191345,287.35911414736796,1741607837288.9001,0.9915466362016052
1,1,block_2,2,Provo_ID7,4,1077713,1257085,1,gaze_data,1741607837343,556.1743021011353,293.50560460771834,1741607837323.2,0.9997710676023077
1,1,block_2,2,Provo_ID7,4,1077713,1257085,1,gaze_data,1741607837377,550.5949020385742,297.04156716664636,1741607837358.2,0.927149346845944
1,1,block_2,2,Provo_ID7,4,1077713,1257085,1,gaze_data,1741607837420,553.3374905586243,294.2581185840425,1741607837391,0.875925059114746
1,1,block_2,2,Provo_ID7,4,1077713,1257085,1,gaze_data,1741607837453,543.129026889801,287.1036327452887,1741607837422.2,0.9729543294621563
1,1,block_2,2,Provo_ID7,4,1077713,1257085,1,gaze_data,1741607837476,551.9362211227417,293.8620326632545,1741607837456.5,0.8911322928090706
1,1,block_2,2,Provo_ID7,4,1077713,1257085,1,gaze_data,1741607837515,252.0714282989502,318.5338846842448,1741607837489.4001,0.991221754947941
1,1,block_2,2,Provo_ID7,4,1077713,1257085,1,gaze_data,1741607837548,166.27776622772217,338.38722864786786,1741607837523.2,0.6697900515027625
1,1,block_2,2,Provo_ID7,4,1077713,1257085,1,gaze_data,1741607837580,191.38484001159668,344.48063078380767,1741607837556.3,0.7727546186846461
1,1,block_2,2,Provo_ID7,4,1077713,1257085,1,gaze_data,1741607837609,187.56849765777588,355.29307955787294,1741607837590.7,0.5292889158326851
1,1,block_2,2,Provo_ID7,4,1077713,1257085,1,gaze_data,1741607837639,187.16700077056885,344.767822992234,1741607837624.1,0.7722739633598066
1,1,block_2,2,Provo_ID7,4,1077713,1257085,1,gaze_data,1741607837676,190.89422225952148,349.1666362399147,1741607837657.6,0.5632090607706195
1,1,block_2,2,Provo_ID7,4,1077713,1257085,1,gaze_data,1741607837715,181.00850582122803,353.6435122716995,1741607837689,0.574758212773236
1,1,block_2,2,Provo_ID7,4,1077713,1257085,1,gaze_data,1741607837748,185.02206802368164,346.57001041230706,1741607837723.1,0.8263675502680229
1,1,block_2,2,Provo_ID7,4,1077713,1257085,1,gaze_data,1741607837781,256.1248302459717,395.77291988191155,1741607837756.6,0.558892787635643
1,1,block_2,2,Provo_ID7,4,1077713,1257085,1,gaze_data,1741607837815,335.6782078742981,386.0604735783168,1741607837789.3,0.7864293059010491
1,1,block_2,2,Provo_ID7,4,1077713,1257085,1,gaze_data,1741607837843,344.6370542049408,388.541279293242,1741607837825.2,0.7263181541792857
1,1,block_2,2,Provo_ID7,4,1077713,1257085,1,gaze_data,1741607837872,338.9452934265137,379.73063060215543,1741607837858.1,0.771984418403718
1,1,block_2,2,Provo_ID7,4,1077713,1257085,1,gaze_data,1741607837915,338.4755611419678,377.10152671450663,1741607837891.4001,0.8967887641922768
1,1,block_2,2,Provo_ID7,4,1077713,1257085,1,gaze_data,1741607837943,348.6959755420685,390.1038160778227,1741607837923.4001,0.6805269463070216
1,1,block_2,2,Provo_ID7,4,1077713,1257085,1,gaze_data,1741607837982,342.27758049964905,380.3192338489351,1741607837955.4001,0.8930339631157597
1,1,block_2,2,Provo_ID7,4,1077713,1257085,1,gaze_data,1741607838010,346.32341265678406,379.7238027481806,1741607837991.3,0.6122105601599354
1,1,block_2,2,Provo_ID7,4,1077713,1257085,1,gaze_data,1741607838044,321.6877222061157,387.3652975899833,1741607838024.7,0.8810540125422222
1,1,block_2,2,Provo_ID7,4,1077713,1257085,1,gaze_data,1741607838076,303.7702679634094,395.2135004316058,1741607838065.6,0.6531563750085062
1,1,block_2,2,Provo_ID7,4,1077713,1257085,1,gaze_data,1741607838115,298.28258752822876,397.49362355186827,1741607838089.2,0.6238497383892224
1,1,block_2,2,Provo_ID7,4,1077713,1257085,1,gaze_data,1741607838149,292.0332908630371,393.98006620861236,1741607838123,0.7474729558365149
1,1,block_2,2,Provo_ID7,4,1077713,1257085,1,gaze_data,1741607838187,296.9078063964844,409.9359162648519,1741607838156.2,0.672711558188587
1,1,block_2,2,Provo_ID7,4,1077713,1257085,1,gaze_data,1741607838215,293.6720132827759,393.18189711797805,1741607838189.9001,0.7378160035848874
1,1,block_2,2,Provo_ID7,4,1077713,1257085,1,gaze_data,1741607838243,301.7781615257263,409.17115438552133,1741607838222.8,0.5277566853774829
1,1,block_2,2,Provo_ID7,4,1077713,1257085,1,gaze_data,1741607838286,294.92419958114624,391.432615007673,1741607838257.2,0.6057050678815696
1,1,block_2,2,Provo_ID7,4,1077713,1257085,1,gaze_data,1741607838315,292.5689935684204,409.6716290428525,1741607838290.1,0.4690371250772373
1,1,block_2,2,Provo_ID7,4,1077713,1257085,1,gaze_data,1741607838348,291.97126626968384,393.5646370479039,1741607838325.4001,0.6743472244941769
1,1,block_2,2,Provo_ID7,4,1077713,1257085,1,gaze_data,1741607838377,194.88682746887207,378.63473892211914,1741607838358,0.5551286821108039
1,1,block_2,2,Provo_ID7,4,1077713,1257085,1,gaze_data,1741607838414,164.87829685211182,371.4569046383813,1741607838392.8,0.7213682501772282
1,1,block_2,2,Provo_ID7,4,1077713,1257085,1,gaze_data,1741607838443,147.05054759979248,388.32485743931363,1741607838423.9001,0.4594651375117752
1,1,block_2,2,Provo_ID7,4,1077713,1257085,1,gaze_data,1741607838482,141.79847240447998,395.0435220627558,1741607838456.4001,0.5220697936898865
1,1,block_2,2,Provo_ID7,4,1077713,1257085,1,gaze_data,1741607838510,134.04226303100586,395.232674734933,1741607838489.6,0.5252702576092113
1,1,block_2,2,Provo_ID7,4,1077713,1257085,1,gaze_data,1741607838548,123.8898515701294,391.4358811151414,1741607838524.3,0.41447827051579905
1,1,block_2,2,Provo_ID7,4,1077713,1257085,1,gaze_data,1741607838578,178.44905853271484,397.70020484924316,1741607838566,0.5681228559513736
1,1,block_2,2,Provo_ID7,4,1077713,1257085,1,gaze_data,1741607838615,200.3616213798523,400.18275624229796,1741607838588.9001,0.5627219742657741
1,1,block_2,2,Provo_ID7,4,1077713,1257085,1,gaze_data,1741607838648,211.72139644622803,399.1825530642555,1741607838622.9001,0.5000053224728149
1,1,block_2,2,Provo_ID7,4,1077713,1257085,1,gaze_data,1741607838680,211.04912757873535,400.5321452731178,1741607838657.9001,0.5350275054529137
1,1,block_2,2,Provo_ID7,4,1077713,1257085,1,gaze_data,1741607838710,214.1531467437744,395.9689707983108,1741607838690.6,0.5617036476797018
1,1,block_2,2,Provo_ID7,4,1077713,1257085,1,gaze_data,1741607838744,220.9371566772461,397.0421968187605,1741607838723.7,0.5213091503739006
1,1,block_2,2,Provo_ID7,4,1077713,1257085,1,gaze_data,1741607838778,388.4730651974678,408.2965977986654,1741607838756,0.5643017225009458
1,1,block_2,2,Provo_ID7,4,1077713,1257085,1,gaze_data,1741607838815,389.3242359161377,393.26874460492814,1741607838790.8,0.6334553950197429
1,1,block_2,2,Provo_ID7,4,1077713,1257085,1,gaze_data,1741607838848,391.3158990442753,387.02911376953125,1741607838824.7,0.612252606135296
1,1,block_2,2,Provo_ID7,4,1077713,1257085,1,gaze_data,1741607838881,394.54812854528427,386.5482076009115,1741607838858.7,0.5814069697626425
1,1,block_2,2,Provo_ID7,4,1077713,1257085,1,gaze_data,1741607838910,400.0867038965225,387.1859854743594,1741607838891.2,0.6143111403277892
1,1,block_2,2,Provo_ID7,4,1077713,1257085,1,gaze_data,1741607838943,405.24246990680695,388.3204369317918,1741607838925.1,0.602301345914128
1,1,block_2,2,Provo_ID7,4,1077713,1257085,1,gaze_data,1741607838987,407.7963560819626,386.54564539591473,1741607838957.4001,0.6408897332154394
1,1,block_2,2,Provo_ID7,4,1077713,1257085,1,gaze_data,1741607839015,413.4924679994583,384.6781780606225,1741607838989.9001,0.6358410632738536
1,1,block_2,2,Provo_ID7,4,1077713,1257085,1,gaze_data,1741607839049,414.40449357032776,386.6704895382836,1741607839024.1,0.699705146945331
1,1,block_2,2,Provo_ID7,4,1077713,1257085,1,gaze_data,1741607839083,418.2026892900467,383.56502669198176,1741607839057.6,0.6634041116499607
1,1,block_2,2,Provo_ID7,4,1077713,1257085,1,gaze_data,1741607839106,428.23983430862427,384.39052127656487,1741607839090.3,0.6810556311532738
1,1,block_2,2,Provo_ID7,4,1077713,1257085,1,gaze_data,1741607839155,443.0573731660843,388.46024604070755,1741607839123.9001,0.6997171487639808
1,1,block_2,2,Provo_ID7,4,1077713,1257085,1,gaze_data,1741607839181,450.34379959106445,387.85939489092146,1741607839157.1,0.6813100678913909
1,1,block_2,2,Provo_ID7,4,1077713,1257085,1,gaze_data,1741607839210,479.95859384536743,353.82862454368956,1741607839190.1,0.7298090096314037
1,1,block_2,2,Provo_ID7,4,1077713,1257085,1,gaze_data,1741607839248,271.6071844100952,113.62869171869188,1741607839223.3,0.7711146553910818
1,1,block_2,2,Provo_ID7,4,1077713,1257085,1,gaze_data,1741607839281,196.31896018981934,82.20344452630906,1741607839259.5,0.8425496056302652
1,1,block_2,2,Provo_ID7,4,1077713,1257085,1,gaze_data,1741607839310,205.8398962020874,80.34811246962775,1741607839290,0.8625539011799617
1,1,block_2,2,Provo_ID7,4,1077713,1257085,1,gaze_data,1741607839353,218.7960982322693,109.70501263936362,1741607839323.9001,1
1,1,block_2,2,Provo_ID7,4,1077713,1257085,1,gaze_data,1741607839381,143.94032955169678,101.55224527631488,1741607839356.6,1
1,1,block_2,2,Provo_ID7,4,1077713,1257085,1,gaze_data,1741607839410,132.29868412017822,99.19244039626349,1741607839390.6,1
1,1,block_2,2,Provo_ID7,4,1077713,1257085,1,gaze_data,1741607839448,132.12878704071045,106.03010677155994,1741607839423.8,1
1,1,block_2,2,Provo_ID7,4,1077713,1257085,1,gaze_data,1741607839471,131.58276081085205,104.66462044488817,1741607839457.5,1
1,1,block_2,2,Provo_ID7,4,1077713,1257085,1,gaze_data,1741607839514,133.93800258636475,109.17225701468332,1741607839489.7,1
1,1,block_2,2,Provo_ID7,4,1077713,1257085,1,gaze_data,1741607839548,151.58872604370117,108.53507041931152,1741607839524.2,1
1,1,block_2,2,Provo_ID7,4,1077713,1257085,1,gaze_data,1741607839581,141.07990264892578,107.37789699009487,1741607839557.3,1
1,1,block_2,2,Provo_ID7,4,1077713,1257085,1,gaze_data,1741607839609,144.48261260986328,101.58382234119235,1741607839589.1,1
1,1,block_2,2,Provo_ID7,4,1077713,1257085,1,gaze_data,1741607839639,158.41634273529053,108.19298789614723,1741607839623.2,1
1,1,block_2,2,Provo_ID7,4,1077713,1257085,1,gaze_data,1741607839682,257.686972618103,132.5404112679618,1741607839655.9001,1
1,1,block_2,2,Provo_ID7,4,1077713,1257085,1,gaze_data,1741607839715,243.36156845092773,117.43636767069499,1741607839690.2,1
1,1,block_2,2,Provo_ID7,4,1077713,1257085,1,gaze_data,1741607839743,242.00607538223267,110.32990909758068,1741607839722.8,1
1,1,block_2,2,Provo_ID7,4,1077713,1257085,1,gaze_data,1741607839775,336.76917552948,200.37115642002652,1741607839756.6,1
1,1,block_2,2,Provo_ID7,4,1077713,1257085,1,gaze_data,1741607839815,321.0611343383789,265.7166859081813,1741607839791,1
1,1,block_2,2,Provo_ID7,4,1077713,1257085,1,gaze_data,1741607839852,330.0916790962219,277.73359979901994,1741607839822.5,0
1,1,block_2,2,Provo_ID7,4,1077713,1257085,1,gaze_data,1741607839886,485.9476566314697,226.66896683829174,1741607839858,0
1,1,block_2,2,Provo_ID7,4,1077713,1257085,1,gaze_data,1741607839919,372.1965432167053,251.05829176448643,1741607839891.8,0
1,1,block_2,2,Provo_ID7,4,1077713,1257085,1,gaze_data,1741607839948,341.210412979126,210.917318889073,1741607839924.9001,0
1,1,block_2,2,Provo_ID7,4,1077713,1257085,1,gaze_data,1741607839982,383.6704283952713,150.38376172383627,1741607839958.5,0.33865840202372066
1,1,block_2,2,Provo_ID7,4,1077713,1257085,1,gaze_data,1741607840005,368.8319891691208,127.96496073404948,1741607839991.4001,0.6951302552141351
1,1,block_2,2,Provo_ID7,4,1077713,1257085,1,gaze_data,1741607840049,380.77854812145233,123.34741683233352,1741607840032.8,1
1,1,block_2,2,Provo_ID7,4,1077713,1257085,1,gaze_data,1741607840087,356.55850172042847,113.27236220950172,1741607840057.7,1
1,1,block_2,2,Provo_ID7,4,1077713,1257085,1,gaze_data,1741607840115,379.92502599954605,116.84862318493072,1741607840090.3,1
1,1,block_2,2,Provo_ID7,4,1077713,1257085,1,gaze_data,1741607840142,367.9513394832611,117.41960071382069,1741607840125.4001,1
1,1,block_2,2,Provo_ID7,4,1077713,1257085,1,gaze_data,1741607840171,384.54826921224594,125.43160166059222,1741607840158.4001,1
1,1,block_2,2,Provo_ID7,4,1077713,1257085,1,gaze_data,1741607840218,570.1778531074524,113.12023480733237,1741607840190.4001,1
1,1,block_2,2,Provo_ID7,4,1077713,1257085,1,gaze_data,1741607840246,566.9073820114136,111.6421381632487,1741607840224,1
1,1,block_2,2,Provo_ID7,4,1077713,1257085,1,gaze_data,1741607840286,596.0012435913086,110.40548006693523,1741607840257.8,1
1,1,block_2,2,Provo_ID7,4,1077713,1257085,1,gaze_data,1741607840315,604.3925523757935,109.52899478730701,1741607840290.9001,1
1,1,block_2,2,Provo_ID7,4,1077713,1257085,1,gaze_data,1741607840348,610.9821796417236,105.71249189830962,1741607840324.7,1
1,1,block_2,2,Provo_ID7,4,1077713,1257085,1,gaze_data,1741607840378,431.4351558685303,121.94584846496582,1741607840358.1,1
1,1,block_2,2,Provo_ID7,4,1077713,1257085,1,gaze_data,1741607840415,185.1391077041626,160.22483212607247,1741607840390.7,1
1,1,block_2,2,Provo_ID7,4,1077713,1257085,1,gaze_data,1741607840446,205.84019422531128,162.74635155995688,1741607840424,1
1,1,block_2,2,Provo_ID7,4,1077713,1257085,1,gaze_data,1741607840482,196.78113460540771,146.3236241113572,1741607840458.3,1
1,1,block_2,2,Provo_ID7,4,1077713,1257085,1,gaze_data,1741607840510,218.25129985809326,158.98088160015288,1741607840492.4001,1
1,1,block_2,2,Provo_ID7,4,1077713,1257085,1,gaze_data,1741607840539,204.75138425827026,145.93304270789739,1741607840524.3,1
1,1,block_2,2,Provo_ID7,4,1077713,1257085,1,gaze_data,1741607840582,214.0425443649292,158.9837394441877,1741607840557.9001,1
1,1,block_2,2,Provo_ID7,4,1077713,1257085,1,gaze_data,1741607840615,202.3773193359375,147.2386762074062,1741607840590.7,1
1,1,block_2,2,Provo_ID7,4,1077713,1257085,1,gaze_data,1741607840648,213.77779245376587,158.56267202468146,1741607840625.7,1
1,1,block_2,2,Provo_ID7,4,1077713,1257085,1,gaze_data,1741607840682,213.18097114562988,154.04230185917447,1741607840665,1
1,1,block_2,2,Provo_ID7,4,1077713,1257085,1,gaze_data,1741607840706,221.75530195236206,157.51654624938965,1741607840691.7,1
1,1,block_2,2,Provo_ID7,4,1077713,1257085,1,gaze_data,1741607840748,366.3447618484497,201.4042177654448,1741607840724.2,1
1,1,block_2,2,Provo_ID7,4,1077713,1257085,1,gaze_data,1741607840776,367.31480062007904,197.0867193312872,1741607840757.6,1
1,1,block_2,2,Provo_ID7,4,1077713,1257085,1,gaze_data,1741607840814,370.4205870628357,190.45685200464158,1741607840791.7,1
1,1,block_2,2,Provo_ID7,4,1077713,1257085,1,gaze_data,1741607840844,381.38010799884796,209.80597654978436,1741607840825.9001,1
1,1,block_2,2,Provo_ID7,4,1077713,1257085,1,gaze_data,1741607840875,384.7922623157501,207.78424898783368,1741607840857.4001,1
1,1,block_2,2,Provo_ID7,4,1077713,1257085,1,gaze_data,1741607840915,386.6338223218918,209.9096543448312,1741607840891.1,1
1,1,block_2,2,Provo_ID7,4,1077713,1257085,1,gaze_data,1741607840952,389.4603058695793,213.10399191720145,1741607840924.2,1
1,1,block_2,2,Provo_ID7,4,1077713,1257085,1,gaze_data,1741607840979,558.1321835517883,132.63973190670922,1741607840957.7,1
1,1,block_2,2,Provo_ID7,4,1077713,1257085,1,gaze_data,1741607841015,621.8119859695435,172.12138221377418,1741607840991.5,1
1,1,block_2,2,Provo_ID7,4,1077713,1257085,1,gaze_data,1741607841044,613.1052732467651,166.25001907348633,1741607841026,1
1,1,block_2,2,Provo_ID7,4,1077713,1257085,1,gaze_data,1741607841072,612.5561952590942,155.66802092960904,1741607841058.7,1
1,1,block_2,2,Provo_ID7,4,1077713,1257085,1,gaze_data,1741607841114,618.6604261398315,158.0969490323748,1741607841090.4001,1
1,1,block_2,2,Provo_ID7,4,1077713,1257085,1,gaze_data,1741607841153,630.0188779830933,164.59282852354505,1741607841124.7,1
1,1,block_2,2,Provo_ID7,4,1077713,1257085,1,gaze_data,1741607841181,638.1342649459839,162.3225178037371,1741607841157.4001,1
1,1,block_2,2,Provo_ID7,4,1077713,1257085,1,gaze_data,1741607841215,654.8954725265503,118.20726757957823,1741607841191.2,1
1,1,block_2,2,Provo_ID7,4,1077713,1257085,1,gaze_data,1741607841253,649.2132425308228,116.28520556858608,1741607841226.7,1
1,1,block_2,2,Provo_ID7,4,1077713,1257085,1,gaze_data,1741607841282,621.9767808914185,103.59761692228771,1741607841260.4001,1
1,1,block_2,2,Provo_ID7,4,1077713,1257085,1,gaze_data,1741607841310,342.8134500980377,115.63029470897857,1741607841292.5,1
1,1,block_2,2,Provo_ID7,4,1077713,1257085,1,gaze_data,1741607841344,226.90863609313965,182.1430810292562,1741607841325.1,1
1,1,block_2,2,Provo_ID7,4,1077713,1257085,1,gaze_data,1741607841382,227.5180697441101,156.42568043300085,1741607841357.8,1
1,1,block_2,2,Provo_ID7,4,1077713,1257085,1,gaze_data,1741607841415,226.02808475494385,161.87293529510498,1741607841390.8,1
1,1,block_2,2,Provo_ID7,4,1077713,1257085,1,gaze_data,1741607841448,213.26727867126465,157.79260975973946,1741607841425.4001,1
1,1,block_2,2,Provo_ID7,4,1077713,1257085,1,gaze_data,1741607841481,203.0561089515686,175.43537616729736,1741607841459.3,1
1,1,block_2,2,Provo_ID7,4,1077713,1257085,1,gaze_data,1741607841510,197.7731227874756,173.5743354615711,1741607841495.4001,1
1,1,block_2,2,Provo_ID7,4,1077713,1257085,1,gaze_data,1741607841544,204.43646907806396,178.89721075693768,1741607841526.6,1
1,1,block_2,2,Provo_ID7,4,1077713,1257085,1,gaze_data,1741607841586,197.68548011779785,177.5100512731643,1741607841558.3,1
1,1,block_2,2,Provo_ID7,4,1077713,1257085,1,gaze_data,1741607841615,191.4733648300171,179.3286185037522,1741607841592,1
1,1,block_2,2,Provo_ID7,4,1077713,1257085,1,gaze_data,1741607841651,191.6663646697998,177.4044940585182,1741607841625.3,1
1,1,block_2,2,Provo_ID7,4,1077713,1257085,1,gaze_data,1741607841682,227.37995386123657,187.0720032283238,1741607841657.9001,1
1,1,block_2,2,Provo_ID7,4,1077713,1257085,1,gaze_data,1741607841715,402.7851551771164,214.18506645020986,1741607841693.6,1
1,1,block_2,2,Provo_ID7,4,1077713,1257085,1,gaze_data,1741607841742,390.9420810639858,204.96937819889615,1741607841727.1,1
1,1,block_2,2,Provo_ID7,4,1077713,1257085,1,gaze_data,1741607841772,396.09363563358784,193.37650571550643,1741607841759.4001,1
1,1,block_2,2,Provo_ID7,4,1077713,1257085,1,gaze_data,1741607841819,400.03520399332047,192.29358695802236,1741607841791.7,1
1,1,block_2,2,Provo_ID7,4,1077713,1257085,1,gaze_data,1741607841848,424.38500821590424,204.1287954648336,1741607841825.1,1
1,1,block_2,2,Provo_ID7,4,1077713,1257085,1,gaze_data,1741607841877,429.5604109764099,207.41629804883686,1741607841859.1,1
1,1,block_2,2,Provo_ID7,4,1077713,1257085,1,gaze_data,1741607841915,460.56675910949707,223.73127914610365,1741607841892.5,1
1,1,block_2,2,Provo_ID7,4,1077713,1257085,1,gaze_data,1741607841947,602.93128490448,223.05689482461838,1741607841926.2,1
1,1,block_2,2,Provo_ID7,4,1077713,1257085,1,gaze_data,1741607841986,566.8574333190918,213.1420237677438,1741607841958.6,0.9376167931216712
1,1,block_2,2,Provo_ID7,4,1077713,1257085,1,gaze_data,1741607842013,563.6941194534302,215.6216363679795,1741607841991.7,1
1,1,block_2,2,Provo_ID7,4,1077713,1257085,1,gaze_data,1741607842053,569.9633836746216,217.15804781232563,1741607842025.6,0.939997197982207
1,1,block_2,2,Provo_ID7,4,1077713,1257085,1,gaze_data,1741607842080,571.9051122665405,219.07206773757935,1741607842059,0.9388151635173334
1,1,block_2,2,Provo_ID7,4,1077713,1257085,1,gaze_data,1741607842106,577.2647976875305,219.0537240391686,1741607842091.4001,0.9571497187297444
1,1,block_2,2,Provo_ID7,4,1077713,1257085,1,gaze_data,1741607842144,632.2921276092529,196.02443899427143,1741607842125.1,0.9418857356653954
1,1,block_2,2,Provo_ID7,4,1077713,1257085,1,gaze_data,1741607842182,646.1566209793091,206.44284316471646,1741607842158.1,0.9022330219771479
1,1,block_2,2,Provo_ID7,4,1077713,1257085,1,gaze_data,1741607842210,650.1908540725708,202.04896427336195,1741607842191.5,0.9146191612125354
1,1,block_2,2,Provo_ID7,4,1077713,1257085,1,gaze_data,1741607842247,579.9883723258972,216.04177815573559,1741607842225.2,0.8882373501440486
1,1,block_2,2,Provo_ID7,4,1077713,1257085,1,gaze_data,1741607842282,233.04325342178345,234.3655526070368,1741607842259.7,0.8677426925192888
1,1,block_2,2,Provo_ID7,4,1077713,1257085,1,gaze_data,1741607842313,126.1744499206543,271.1203938438779,1741607842293,0.955853702664617
1,1,block_2,2,Provo_ID7,4,1077713,1257085,1,gaze_data,1741607842342,147.80046939849854,236.79003556569418,1741607842325.4001,0.8523061313180182
1,1,block_2,2,Provo_ID7,4,1077713,1257085,1,gaze_data,1741607842386,174.19700622558594,242.08675208545867,1741607842359.3,0.819555726400418
1,1,block_2,2,Provo_ID7,4,1077713,1257085,1,gaze_data,1741607842415,188.46614360809326,252.61793902942114,1741607842392.2,0.8149846709249924
1,1,block_2,2,Provo_ID7,4,1077713,1257085,1,gaze_data,1741607842443,184.05156135559082,257.762063571385,1741607842425,0.8611548774955464
1,1,block_2,2,Provo_ID7,4,1077713,1257085,1,gaze_data,1741607842487,190.8266305923462,265.9886879012698,1741607842459.6,0.831607563023349
1,1,block_2,2,Provo_ID7,4,1077713,1257085,1,gaze_data,1741607842515,192.1739101409912,276.90911531448364,1741607842494.5,0.869410084043612
1,1,block_2,2,Provo_ID7,4,1077713,1257085,1,gaze_data,1741607842548,321.9846248626709,326.86902613866897,1741607842527.8,0.8899276740804467
1,1,block_2,2,Provo_ID7,4,1077713,1257085,1,gaze_data,1741607842577,309.23938751220703,299.64991297040666,1741607842560.2,0.8805271754541959
1,1,block_2,2,Provo_ID7,4,1077713,1257085,1,gaze_data,1741607842610,308.89750719070435,280.1382503055391,1741607842592,0.7279283215342698
1,1,block_2,2,Provo_ID7,4,1077713,1257085,1,gaze_data,1741607842648,306.8788409233093,282.4441996074858,1741607842625.5,0.7671207817403736
1,1,block_2,2,Provo_ID7,4,1077713,1257085,1,gaze_data,1741607842677,306.48242235183716,277.26404405775526,1741607842658.1,0.8891544434573819
1,1,block_2,2,Provo_ID7,4,1077713,1257085,1,gaze_data,1741607842714,366.83468520641327,303.5658702396211,1741607842693.5,0.7830890070727912
1,1,block_2,2,Provo_ID7,4,1077713,1257085,1,gaze_data,1741607842749,514.671003818512,267.27153255825954,1741607842725.4001,0.8041038167428467
1,1,block_2,2,Provo_ID7,4,1077713,1257085,1,gaze_data,1741607842781,579.475736618042,281.2803074291774,1741607842760.5,0.8094937337208736
1,1,block_2,2,Provo_ID7,4,1077713,1257085,1,gaze_data,1741607842810,569.9841260910034,275.55485271272204,1741607842794.1,0.6412006399972414
1,1,block_2,2,Provo_ID7,4,1077713,1257085,1,gaze_data,1741607842844,581.6032290458679,274.60429225649153,1741607842826.4001,0.6512893544512814
1,1,block_2,2,Provo_ID7,4,1077713,1257085,1,gaze_data,1741607842881,570.8515167236328,267.1500143550691,1741607842858.7,0.759418134768314
1,1,block_2,2,Provo_ID7,4,1077713,1257085,1,gaze_data,1741607842915,584.4005227088928,267.3400433858236,1741607842892.9001,0.7292971680785816
1,1,block_2,2,Provo_ID7,4,1077713,1257085,1,gaze_data,1741607842947,643.314266204834,224.61733397983372,1741607842925.9001,0.763622675686467
1,1,block_2,2,Provo_ID7,4,1077713,1257085,1,gaze_data,1741607842982,648.0864763259888,235.4165898618244,1741607842961.3,0.7635345091775521
1,1,block_2,2,Provo_ID7,4,1077713,1257085,1,gaze_data,1741607843014,635.9379053115845,225.8679962158203,1741607842993.5,0.8449217406246737
1,1,block_2,2,Provo_ID7,4,1077713,1257085,1,gaze_data,1741607843042,578.8804292678833,280.466297013419,1741607843027.6,0.7877844519634079
1,1,block_2,2,Provo_ID7,4,1077713,1257085,1,gaze_data,1741607843082,463.2519483566284,336.12671625046505,1741607843061.1,0.8661429569864776
1,1,block_2,2,Provo_ID7,4,1077713,1257085,1,gaze_data,1741607843112,460.18667221069336,333.72602871486123,1741607843096.7,0.8971246224743958
1,1,block_2,2,Provo_ID7,4,1077713,1257085,1,gaze_data,1741607843137,480.36537170410156,317.1806181044806,1741607843127.9001,0.9380950247189803
1,1,block_2,2,Provo_ID7,4,1077713,1257085,1,gaze_data,1741607843184,469.55872774124146,311.9007653281802,1741607843158.5,0.9739389396564366
1,1,block_2,2,Provo_ID7,4,1077713,1257085,1,gaze_data,1741607843210,482.95326232910156,332.3432123093378,1741607843192.1,0.8423606658426801
1,1,block_2,2,Provo_ID7,4,1077713,1257085,1,gaze_data,1741607843248,482.8989624977112,315.8050378163656,1741607843227.1,0.8968529418217872
1,1,block_2,2,Provo_ID7,4,1077713,1257085,1,gaze_data,1741607843278,475.04061460494995,327.5978045236497,1741607843259.7,0.8854579372956823
1,1,block_2,2,Provo_ID7,4,1077713,1257085,1,gaze_data,1741607843305,207.71011114120483,323.51278395879837,1741607843292.5,0.9168459047019901
1,1,block_2,2,Provo_ID7,4,1077713,1257085,1,gaze_data,1741607843349,177.74124145507812,347.6912144252232,1741607843325.3,0.5887620653423529
1,1,block_2,2,Provo_ID7,4,1077713,1257085,1,gaze_data,1741607843383,186.38982772827148,348.25563158307756,1741607843359.3,0.6439650135327842
1,1,block_2,2,Provo_ID7,4,1077713,1257085,1,gaze_data,1741607843416,180.1527976989746,345.81620125543503,1741607843393.1,0.6451295314658679
1,1,block_2,2,Provo_ID7,4,1077713,1257085,1,gaze_data,1741607843449,176.48751735687256,360.4163069952102,1741607843428,0.5737331226444566
1,1,block_2,2,Provo_ID7,4,1077713,1257085,1,gaze_data,1741607843478,165.1453971862793,383.21682021731425,1741607843460.7,0.652629638488333
1,1,block_2,2,Provo_ID7,4,1077713,1257085,1,gaze_data,1741607843515,171.89536094665527,388.7558850787935,1741607843492.6,0.5656707287634015
1,1,block_2,2,Provo_ID7,4,1077713,1257085,1,gaze_data,1741607843548,194.04728412628174,387.4828774588449,1741607843525.8,0.5905354411216608
1,1,block_2,2,Provo_ID7,4,1077713,1257085,1,gaze_data,1741607843576,384.7612529993057,407.0075271243141,1741607843560.2,0.5306454046603402
1,1,block_2,2,Provo_ID7,4,1077713,1257085,1,gaze_data,1741607843615,353.5973131656647,364.8305638631185,1741607843592.6,0.722230245656104
1,1,block_2,2,Provo_ID7,4,1077713,1257085,1,gaze_data,1741607843643,347.77636528015137,355.8035214742025,1741607843626.2,0.7193715520774662
1,1,block_2,2,Provo_ID7,4,1077713,1257085,1,gaze_data,1741607843673,374.12339448928833,431.1043893723261,1741607843665.5,0.7807450444015434
1,1,block_2,2,Provo_ID7,4,1077713,1257085,1,gaze_data,1741607843715,436.71502470970154,315.32541275024414,1741607843692.7,0.4137765127835524
1,1,block_2,2,Provo_ID7,4,1077713,1257085,1,gaze_data,1741607843743,365.78587889671326,291.33216494605654,1741607843725.2,0
1,1,block_2,2,Provo_ID7,4,1077713,1257085,1,gaze_data,1741607843782,343.01971197128296,308.11062358674553,1741607843760.2,0
1,1,block_2,2,Provo_ID7,4,1077713,1257085,1,gaze_data,1741607843810,360.58897972106934,283.67916129884264,1741607843794.6,0
1,1,block_2,2,Provo_ID7,4,1077713,1257085,1,gaze_data,1741607843845,531.8729162216187,341.72096706572034,1741607843826.3,0
1,1,block_2,2,Provo_ID7,4,1077713,1257085,1,gaze_data,1741607843880,570.2016353607178,397.82673835754395,1741607843858.9001,0
1,1,block_2,2,Provo_ID7,4,1077713,1257085,1,gaze_data,1741607843919,573.565399646759,450.50793965657556,1741607843892.8,0
1,1,block_2,2,Provo_ID7,4,1077713,1257085,1,gaze_data,1741607843954,560.1361751556396,453.8939076378232,1741607843926.4001,0
1,1,block_2,2,Provo_ID7,4,1077713,1257085,1,gaze_data,1741607843981,565.847647190094,402.68412998744424,1741607843962,0
1,1,block_2,2,Provo_ID7,4,1077713,1257085,1,gaze_data,1741607844020,538.1725311279297,384.1800966716948,1741607843995.4001,0
1,1,block_2,2,Provo_ID7,4,1077713,1257085,1,gaze_data,1741607844043,381.4740836620331,221.37174174899147,1741607844029.3,0.0559527514441092
1,1,block_2,2,Provo_ID7,4,1077713,1257085,1,gaze_data,1741607844078,202.11453437805176,118.18158921741305,1741607844059.6,0.1543823346229229
1,1,block_2,2,Provo_ID7,4,1077713,1257085,1,gaze_data,1741607844112,193.12992095947266,71.50637944539389,1741607844092.3,0.9194241737004214
1,1,block_2,2,Provo_ID7,4,1077713,1257085,1,gaze_data,1741607844143,195.57561874389648,87.63485454377674,1741607844126.9001,1
1,1,block_2,2,Provo_ID7,4,1077713,1257085,1,gaze_data,1741607844182,197.34899997711182,85.9916505359468,1741607844159.1,1
1,1,block_2,2,Provo_ID7,4,1077713,1257085,1,gaze_data,1741607844215,208.45056772232056,88.67109752836681,1741607844194.2,1
1,1,block_2,2,Provo_ID7,4,1077713,1257085,1,gaze_data,1741607844243,206.3326358795166,84.66697647458031,1741607844227.2,1
1,1,block_2,2,Provo_ID7,4,1077713,1257085,1,gaze_data,1741607844277,211.1048936843872,91.95167723156158,1741607844261,1
1,1,block_2,2,Provo_ID7,4,1077713,1257085,1,gaze_data,1741607844305,166.7670488357544,94.03294790358771,1741607844293.7,1
1,1,block_2,2,Provo_ID7,4,1077713,1257085,1,gaze_data,1741607844349,168.74454021453857,106.03466805957613,1741607844325,1
1,1,block_2,2,Provo_ID7,4,1077713,1257085,1,gaze_data,1741607844386,162.73906230926514,102.67043658665249,1741607844359.7,1
1,1,block_2,2,Provo_ID7,4,1077713,1257085,1,gaze_data,1741607844414,167.12582111358643,107.78790610177177,1741607844392.7,1
1,1,block_2,2,Provo_ID7,4,1077713,1257085,1,gaze_data,1741607844448,158.34522247314453,100.32358351207915,1741607844427.2,1
1,1,block_2,2,Provo_ID7,4,1077713,1257085,1,gaze_data,1741607844482,151.54647827148438,102.43339039030529,1741607844462.6,1
1,1,block_2,2,Provo_ID7,4,1077713,1257085,1,gaze_data,1741607844510,145.7775354385376,102.68226214817592,1741607844493.1,1
1,1,block_2,2,Provo_ID7,4,1077713,1257085,1,gaze_data,1741607844549,191.58399105072021,107.67740749177479,1741607844526.9001,1
1,1,block_2,2,Provo_ID7,4,1077713,1257085,1,gaze_data,1741607844579,290.7166004180908,122.70434561229888,1741607844559.6,1
1,1,block_2,2,Provo_ID7,4,1077713,1257085,1,gaze_data,1741607844615,265.6823515892029,111.06288274129233,1741607844594.3,1
1,1,block_2,2,Provo_ID7,4,1077713,1257085,1,gaze_data,1741607844638,264.9531126022339,111.16877782912482,1741607844626.7,1
1,1,block_2,2,Provo_ID7,4,1077713,1257085,1,gaze_data,1741607844680,257.09760189056396,106.51053428649902,1741607844658.9001,1
1,1,block_2,2,Provo_ID7,4,1077713,1257085,1,gaze_data,1741607844710,256.1101198196411,107.8879165649414,1741607844694.4001,1
1,1,block_2,2,Provo_ID7,4,1077713,1257085,1,gaze_data,1741607844748,337.9518389701843,102.92510850088938,1741607844727.5,1
1,1,block_2,2,Provo_ID7,4,1077713,1257085,1,gaze_data,1741607844781,328.7549614906311,103.61572129385813,1741607844761.2,1
1,1,block_2,2,Provo_ID7,4,1077713,1257085,1,gaze_data,1741607844810,363.6222332715988,109.21756017775763,1741607844794.2,1
1,1,block_2,2,Provo_ID7,4,1077713,1257085,1,gaze_data,1741607844839,350.1277446746826,108.36102349417551,1741607844827.4001,1
1,1,block_2,2,Provo_ID7,4,1077713,1257085,1,gaze_data,1741607844882,355.22700250148773,108.78712381635394,1741607844859.3,1
1,1,block_2,2,Provo_ID7,4,1077713,1257085,1,gaze_data,1741607844915,350.4028767347336,104.1909222375779,1741607844892.4001,1
1,1,block_2,2,Provo_ID7,4,1077713,1257085,1,gaze_data,1741607844965,367.76782870292664,107.46449107215518,1741607844939.6,1
1,1,block_2,2,Provo_ID7,4,1077713,1257085,1,gaze_data,1741607844997,376.39807164669037,111.13075301760719,1741607844961.9001,1
1,1,block_2,2,Provo_ID7,4,1077713,1257085,1,gaze_data,1741607845025,384.219491481781,111.12133480253674,1741607844995.2,1
1,1,block_2,2,Provo_ID7,4,1077713,1257085,1,gaze_data,1741607845062,387.74825036525726,114.63894662402926,1741607845026.7,1
1,1,block_2,2,Provo_ID7,4,1077713,1257085,1,gaze_data,1741607845094,390.165363997221,114.02023042951312,1741607845059.2,1
1,1,block_2,2,Provo_ID7,4,1077713,1257085,1,gaze_data,1741607845125,387.8901079297066,112.06584521702358,1741607845099.5,1
1,1,block_2,2,Provo_ID7,4,1077713,1257085,1,gaze_data,1741607845160,390.9435875713825,114.44766816638766,1741607845126.5,1
1,1,block_2,2,Provo_ID7,4,1077713,1257085,1,gaze_data,1741607845198,378.9643347263336,115.31193369910831,1741607845161.3,1
1,1,block_2,2,Provo_ID7,4,1077713,1257085,1,gaze_data,1741607845224,385.53191274404526,112.0723633539109,1741607845196.6,1
1,1,block_2,2,Provo_ID7,4,1077713,1257085,1,gaze_data,1741607845257,390.8368453383446,123.8350382305327,1741607845226.9001,1
1,1,block_2,2,Provo_ID7,4,1077713,1257085,1,gaze_data,1741607845297,397.95441292226315,142.6654288882301,1741607845259.5,1
1,1,block_2,2,Provo_ID7,4,1077713,1257085,1,gaze_data,1741607845321,429.2683482170105,179.77731409527007,1741607845300.4001,1
1,1,block_2,2,Provo_ID7,4,1077713,1257085,1,gaze_data,1741607845362,400.70670545101166,249.6686123098646,1741607845326.9001,1
1,1,block_2,2,Provo_ID7,4,1077713,1257085,1,gaze_data,1741607845395,405.10137379169464,294.36670257931667,1741607845362,0.9918745880282067
1,1,block_2,2,Provo_ID7,4,1077713,1257085,1,gaze_data,1741607845430,388.4127140045166,268.05130163828534,1741607845399.8,0.4408428683953417
1,1,block_2,2,Provo_ID7,4,1077713,1257085,1,gaze_data,1741607845458,388.0687452852726,281.18271487099787,1741607845428.1,0.3706407669943421
1,1,block_2,2,Provo_ID7,4,1077713,1257085,1,gaze_data,1741607845498,377.98921912908554,253.60191901524863,1741607845459.9001,0.27471336634838095
1,1,block_2,2,Provo_ID7,4,1077713,1257085,1,gaze_data,1741607845526,383.7688386440277,275.3493554251535,1741607845493.7,0.2780721594168108
1,1,block_2,2,Provo_ID7,4,1077713,1257085,1,gaze_data,1741607845559,365.8304214477539,265.1920005253383,1741607845527,0.21206430883269395
1,1,block_2,2,Provo_ID7,4,1077713,1257085,1,gaze_data,1741607845594,377.6264324784279,279.645726226625,1741607845559.8,0.1688615398236585
1,1,block_2,2,Provo_ID7,4,1077713,1257085,1,gaze_data,1741607845628,379.00219708681107,283.2642283893767,1741607845595.7,0.15734098194680154
1,1,block_2,2,Provo_ID7,4,1077713,1257085,1,gaze_data,1741607845657,369.943904876709,270.0277999469212,1741607845632,0.15020043522461318
1,1,block_2,2,Provo_ID7,4,1077713,1257085,1,gaze_data,1741607845697,383.67909491062164,291.20061965215774,1741607845660.5,0.13291873285280315
1,1,block_2,2,Provo_ID7,4,1077713,1257085,1,gaze_data,1741607845730,386.03935837745667,283.37166150410974,1741607845694.1,0.1177490049461703
1,1,block_2,2,Provo_ID7,4,1077713,1257085,1,gaze_data,1741607845759,388.6944442987442,289.62941078912644,1741607845726.6,0.1088671610264498
1,1,block_2,2,Provo_ID7,4,1077713,1257085,1,gaze_data,1741607845791,388.8144761323929,289.08848989577524,1741607845759.6,0.10894194350171023
1,1,block_2,2,Provo_ID7,4,1077713,1257085,1,gaze_data,1741607845830,390.6865730881691,282.5602168128604,1741607845803.2,0.11394073025797001
1,1,block_2,2,Provo_ID7,4,1077713,1257085,1,gaze_data,1741607845861,386.99128925800323,274.85215391431535,1741607845827.5,0.12012245368188731
1,1,block_2,2,Provo_ID7,4,1077713,1257085,1,gaze_data,1741607845895,390.97290486097336,278.35931278410413,1741607845860.3,0.13055283223505904
1,1,block_2,2,Provo_ID7,4,1077713,1257085,1,gaze_data,1741607845930,394.08306889235973,277.5220278331212,1741607845893.5,0.12993785418097484
1,1,block_2,2,Provo_ID7,4,1077713,1257085,1,gaze_data,1741607845959,393.427374958992,277.43955861954464,1741607845927.2,0.14200168333672994
1,1,block_2,2,Provo_ID7,4,1077713,1257085,1,gaze_data,1741607845991,390.09908363223076,282.6068010784331,1741607845959.4001,0.17604964535992645
1,1,block_2,2,Provo_ID7,4,1077713,1257085,1,gaze_data,1741607846024,387.69116550683975,279.51749279385524,1741607845994.1,0.17642664402583275
1,1,block_2,2,Provo_ID7,4,1077713,1257085,1,gaze_data,1741607846060,378.6837011575699,257.4351149513608,1741607846026.9001,0.18861009910908547
1,1,block_2,2,Provo_ID7,4,1077713,1257085,1,gaze_data,1741607846095,378.469742834568,262.40324803761075,1741607846060.2,0.22529516423152557
1,1,block_2,2,Provo_ID7,4,1077713,1257085,1,gaze_data,1741607846124,380.14590591192245,262.4381791977655,1741607846095.8,0.22553233827713126
1,1,block_2,2,Provo_ID7,4,1077713,1257085,1,gaze_data,1741607846164,374.6253728866577,255.8847873551505,1741607846127.4001,0.22727730999042955
1,1,block_2,2,Provo_ID7,4,1077713,1257085,1,gaze_data,1741607846192,260.66755056381226,241.0960234346844,1741607846160.6,0.23484163999327257
1,1,block_2,2,Provo_ID7,4,1077713,1257085,1,gaze_data,1741607846225,244.45737600326538,255.45066606430782,1741607846193.8,0.1664773901538823
1,1,block_2,2,Provo_ID7,4,1077713,1257085,1,gaze_data,1741607846262,237.04500198364258,252.48429082688833,1741607846227.1,0.16215882584087318
1,1,block_2,2,Provo_ID7,4,1077713,1257085,1,gaze_data,1741607846296,239.53677415847778,250.69329897562665,1741607846262,0.1659612673703135
1,1,block_2,2,Provo_ID7,4,1077713,1257085,1,gaze_data,1741607846329,232.1078062057495,235.72401750655402,1741607846294.3,0.2306732749786778
1,1,block_2,2,Provo_ID7,4,1077713,1257085,1,gaze_data,1741607846362,224.2658495903015,225.083574340457,1741607846326.9001,0.20487461682009575
1,1,block_2,2,Provo_ID7,4,1077713,1257085,1,gaze_data,1741607846390,226.50357484817505,225.07905176707678,1741607846360.4001,0.291421654905043
1,1,block_2,2,Provo_ID7,4,1077713,1257085,1,gaze_data,1741607846429,314.7483825683594,242.5906230722155,1741607846393.8,0.2488675653954254
1,1,block_2,2,Provo_ID7,4,1077713,1257085,1,gaze_data,1741607846464,339.7270083427429,230.26436340241207,1741607846436.9001,0.37231684721333547
1,1,block_2,2,Provo_ID7,4,1077713,1257085,1,gaze_data,1741607846495,333.1858158111572,226.54193003972372,1741607846462.7,0.45619268907647803
1,1,block_2,2,Provo_ID7,4,1077713,1257085,1,gaze_data,1741607846521,342.58421063423157,225.12290137154716,1741607846495.5,0.5439812514179753
1,1,block_2,2,Provo_ID7,4,1077713,1257085,1,gaze_data,1741607846558,340.12244939804077,224.4072683652242,1741607846532,0.4677006109796849
1,1,block_2,2,Provo_ID7,4,1077713,1257085,1,gaze_data,1741607846597,259.4295144081116,250.07521101406644,1741607846560.2,0.5518808379641024
1,1,block_2,2,Provo_ID7,4,1077713,1257085,1,gaze_data,1741607846629,253.63577604293823,251.1273815518334,1741607846593.8,0.37873907552447955
1,1,block_2,2,Provo_ID7,4,1077713,1257085,1,gaze_data,1741607846661,253.94246578216553,261.79457653136484,1741607846627.3,0.43920529663824986
1,1,block_2,2,Provo_ID7,4,1077713,1257085,1,gaze_data,1741607846686,252.67444849014282,260.09814341863,1741607846660.5,0.4472460356491574
1,1,block_2,2,Provo_ID7,4,1077713,1257085,1,gaze_data,1741607846726,248.36812019348145,258.9451793261937,1741607846694.9001,0.4570230877159397
1,1,block_2,2,Provo_ID7,4,1077713,1257085,1,gaze_data,1741607846762,240.5438780784607,261.6991414342608,1741607846731.1,0.47212835888149624
1,1,block_2,2,Provo_ID7,4,1077713,1257085,1,gaze_data,1741607846789,239.23908472061157,258.7833345504034,1741607846761.6,0.4414752804125136
1,1,block_2,2,Provo_ID7,4,1077713,1257085,1,gaze_data,1741607846829,237.3794674873352,265.3717807361058,1741607846793.8,0.4891700213009854
1,1,block_2,2,Provo_ID7,4,1077713,1257085,1,gaze_data,1741607846856,231.19711875915527,271.06548593157817,1741607846827.6,0.4822508352581579
1,1,block_2,2,Provo_ID7,4,1077713,1257085,1,gaze_data,1741607846892,303.31932306289673,302.0438993544806,1741607846860.9001,0.5223483854556429
1,1,block_2,2,Provo_ID7,4,1077713,1257085,1,gaze_data,1741607846925,322.10720777511597,296.51734987894696,1741607846893.7,0.47459655222829217
1,1,block_2,2,Provo_ID7,4,1077713,1257085,1,gaze_data,1741607846957,321.62959575653076,288.8100190389724,1741607846927.1,0.5221431925540304
1,1,block_2,2,Provo_ID7,4,1077713,1257085,1,gaze_data,1741607846998,260.12418270111084,321.32588568187896,1741607846970.7,0.5773990276326251
1,1,block_2,2,Provo_ID7,4,1077713,1257085,1,gaze_data,1741607847029,205.27218580245972,356.467737924485,1741607846994,0.4703823109711369
1,1,block_2,2,Provo_ID7,4,1077713,1257085,1,gaze_data,1741607847063,218.33971738815308,364.8588325863793,1741607847027.5,0.43420964438163323
1,1,block_2,2,Provo_ID7,4,1077713,1257085,1,gaze_data,1741607847096,213.9533519744873,376.41746021452406,1741607847061.2,0.35405021026975453
1,1,block_2,2,Provo_ID7,4,1077713,1257085,1,gaze_data,1741607847123,210.10992527008057,370.7507496788388,1741607847094.9001,0.46942175522935514
1,1,block_2,2,Provo_ID7,4,1077713,1257085,1,gaze_data,1741607847153,205.03697395324707,389.39409937177385,1741607847127,0.3661613177652759
1,1,block_2,2,Provo_ID7,4,1077713,1257085,1,gaze_data,1741607847196,273.1133699417114,402.71048409598217,1741607847160.9001,0.3911458782464907
1,1,block_2,2,Provo_ID7,4,1077713,1257085,1,gaze_data,1741607847227,373.06362986564636,371.8711230868385,1741607847196.8,0.6124004962008808
1,1,block_2,2,Provo_ID7,4,1077713,1257085,1,gaze_data,1741607847260,378.4699395298958,363.2822318304153,1741607847229.2,0.6892840175106266
1,1,block_2,2,Provo_ID7,4,1077713,1257085,1,gaze_data,1741607847294,383.7344139814377,357.7431388128372,1741607847264.5,0.865505798753538
1,1,block_2,2,Provo_ID7,4,1077713,1257085,1,gaze_data,1741607847323,389.9566374719143,349.1644541422526,1741607847294.8,0.8829384885304514
1,1,block_2,2,Provo_ID7,4,1077713,1257085,1,gaze_data,1741607847360,392.51425191760063,346.25715391976496,1741607847327.4001,0.934975245513828
1,1,block_2,2,Provo_ID7,4,1077713,1257085,1,gaze_data,1741607847386,391.22096598148346,342.52369744437084,1741607847361,0.9200002159445901
1,1,block_2,2,Provo_ID7,4,1077713,1257085,1,gaze_data,1741607847430,392.15634167194366,341.32672536940805,1741607847394.3,0.9333906301469308
1,1,block_2,2,Provo_ID7,4,1077713,1257085,1,gaze_data,1741607847461,393.16811710596085,337.14156059991745,1741607847430.3,0.9486956567679559
1,1,block_2,2,Provo_ID7,4,1077713,1257085,1,gaze_data,1741607847494,401.32617205381393,340.35172893887477,1741607847463.2,0.9589115297192619
1,1,block_2,2,Provo_ID7,4,1077713,1257085,1,gaze_data,1741607847522,468.4847831726074,338.7175700778053,1741607847494.4001,0.9562096921941445
1,1,block_2,2,Provo_ID7,4,1077713,1257085,1,gaze_data,1741607847560,497.14322090148926,362.5432890937442,1741607847527.8,0.9716129611846589
1,1,block_2,2,Provo_ID7,4,1077713,1257085,1,gaze_data,1741607847590,501.7356872558594,364.32254337129143,1741607847561.3,0.9550826361512019
1,1,block_2,2,Provo_ID7,4,1077713,1257085,1,gaze_data,1741607847628,485.33451557159424,348.9908717927479,1741607847595.2,0.9502492973301866
1,1,block_2,2,Provo_ID7,4,1077713,1257085,1,gaze_data,1741607847658,324.54506158828735,338.80959828694665,1741607847630,0.9925001828652147
1,1,block_2,2,Provo_ID7,4,1077713,1257085,1,gaze_data,1741607847695,257.1635365486145,320.60993239993144,1741607847661.1,0.841994826701881
1,1,block_2,2,Provo_ID7,4,1077713,1257085,1,gaze_data,1741607847727,256.99676275253296,339.37749976203554,1741607847695,0.8563606380075055
1,1,block_2,2,Provo_ID7,4,1077713,1257085,1,gaze_data,1741607847757,251.90422534942627,333.81353787013467,1741607847727.8,0.7974305753051434
1,1,block_2,2,Provo_ID7,4,1077713,1257085,1,gaze_data,1741607847794,258.07180404663086,419.22435987563364,1741607847761.4001,0.9368575635835097
1,1,block_2,2,Provo_ID7,4,1077713,1257085,1,gaze_data,1741607847822,324.7464418411255,288.5586132322039,1741607847794.6,0.526073561770188
1,1,block_2,2,Provo_ID7,4,1077713,1257085,1,gaze_data,1741607847856,351.55240297317505,293.25248831794374,1741607847827.7,0
1,1,block_2,2,Provo_ID7,4,1077713,1257085,1,gaze_data,1741607847893,380.29470443725586,249.87652222315472,1741607847862.9001,0
1,1,block_2,2,Provo_ID7,4,1077713,1257085,1,gaze_data,1741607847928,501.93026065826416,316.87184424627395,1741607847897.4001,0
1,1,block_2,2,Provo_ID7,4,1077713,1257085,1,gaze_data,1741607847961,430.5016338825226,338.72563680013025,1741607847927.6,0
1,1,block_2,2,Provo_ID7,4,1077713,1257085,1,gaze_data,1741607847990,376.97987854480743,303.0573358989897,1741607847961.4001,0
1,1,block_2,2,Provo_ID7,4,1077713,1257085,1,gaze_data,1741607848022,372.5874066352844,266.9445100284758,1741607847994.1,0.3441814849132493
1,1,block_2,2,Provo_ID7,4,1077713,1257085,1,gaze_data,1741607848056,396.6985270380974,237.97046065330505,1741607848029.1,0.713900430006214
1,1,block_2,2,Provo_ID7,4,1077713,1257085,1,gaze_data,1741607848093,405.2169054746628,241.3866102127802,1741607848061.9001,0.9424496927876329
1,1,block_2,2,Provo_ID7,4,1077713,1257085,1,gaze_data,1741607848124,410.91919988393784,212.6697509629386,1741607848094.5,1
1,1,block_2,2,Provo_ID7,4,1077713,1257085,1,gaze_data,1741607848161,416.66896790266037,234.36228122029988,1741607848131.3,1
1,1,block_2,2,Provo_ID7,4,1077713,1257085,1,gaze_data,1741607848194,417.60314106941223,237.99562516666595,1741607848162.1,1
1,1,block_2,2,Provo_ID7,4,1077713,1257085,1,gaze_data,1741607848221,429.15765047073364,241.31066793487187,1741607848194.4001,1
1,1,block_2,2,Provo_ID7,4,1077713,1257085,1,gaze_data,1741607848257,416.2945732474327,229.61498873574394,1741607848230.4001,1
1,1,block_2,2,Provo_ID7,4,1077713,1257085,1,gaze_data,1741607848288,428.3217430114746,230.2691640172686,1741607848261.1,1
1,1,block_2,2,Provo_ID7,4,1077713,1257085,1,gaze_data,1741607848325,426.91012024879456,217.56929227284024,1741607848295.8,1
1,1,block_2,2,Provo_ID7,4,1077713,1257085,1,gaze_data,1741607848361,333.89989137649536,306.05925469171433,1741607848328.4001,1
1,1,block_2,2,Provo_ID7,4,1077713,1257085,1,gaze_data,1741607848395,189.82062339782715,388.2042226337251,1741607848361.9001,1
1,1,block_2,2,Provo_ID7,4,1077713,1257085,1,gaze_data,1741607848427,197.25782871246338,375.61316717238657,1741607848394.1,1
1,1,block_2,2,Provo_ID7,4,1077713,1257085,1,gaze_data,1741607848455,206.34515285491943,374.4433938889277,1741607848428.2,1
1,1,block_2,2,Provo_ID7,4,1077713,1257085,1,gaze_data,1741607848490,200.46876668930054,374.04402778262187,1741607848464.5,1
1,1,block_2,2,Provo_ID7,4,1077713,1257085,1,gaze_data,1741607848523,200.544011592865,375.71748551868257,1741607848494.6,1
1,1,block_2,2,Provo_ID7,4,1077713,1257085,1,gaze_data,1741607848557,199.7887372970581,376.1208216349284,1741607848529.6,1
1,1,block_2,2,Provo_ID7,4,1077713,1257085,1,gaze_data,1741607848593,196.24812602996826,377.49896412804014,1741607848570.7,1
1,1,block_2,2,Provo_ID7,4,1077713,1257085,1,gaze_data,1741607848625,196.8867063522339,368.7333651951381,1741607848595.9001,1
1,1,block_2,2,Provo_ID7,4,1077713,1257085,1,gaze_data,1741607848661,182.0120334625244,359.89812215169275,1741607848627.9001,1
1,1,block_2,2,Provo_ID7,4,1077713,1257085,1,gaze_data,1741607848688,173.49212169647217,360.0268940698533,1741607848661.5,1
1,1,block_2,2,Provo_ID7,4,1077713,1257085,1,gaze_data,1741607848729,169.88470554351807,361.8864213852655,1741607848695.2,1
1,1,block_2,2,Provo_ID7,4,1077713,1257085,1,gaze_data,1741607848759,187.15252876281738,364.1449628557478,1741607848729.4001,1
1,1,block_2,2,Provo_ID7,4,1077713,1257085,1,gaze_data,1741607848787,194.33507919311523,380.3777703784761,1741607848761.4001,0.9981326769218315
1,1,block_2,2,Provo_ID7,4,1077713,1257085,1,gaze_data,1741607848824,209.4658374786377,371.8130229768299,1741607848794.9001,1
1,1,block_2,2,Provo_ID7,4,1077713,1257085,1,gaze_data,1741607848861,214.2151951789856,370.2767135983422,1741607848831.4001,1
1,1,block_2,2,Provo_ID7,4,1077713,1257085,1,gaze_data,1741607848888,215.3800129890442,368.27543440319243,1741607848861.4001,1
1,1,block_2,2,Provo_ID7,4,1077713,1257085,1,gaze_data,1741607848926,217.71938800811768,372.0676808130174,1741607848894.6,1
1,1,block_2,2,Provo_ID7,4,1077713,1257085,1,gaze_data,1741607848962,218.53491067886353,368.9843768165225,1741607848934.6,1
1,1,block_2,2,Provo_ID7,4,1077713,1257085,1,gaze_data,1741607848987,216.86556339263916,365.3209023248582,1741607848963.7,1
1,1,block_2,2,Provo_ID7,4,1077713,1257085,1,gaze_data,1741607849025,215.5239462852478,367.78888293675016,1741607848996.6,1
1,1,block_2,2,Provo_ID7,4,1077713,1257085,1,gaze_data,1741607849055,216.6632890701294,368.588502066476,1741607849028.4001,1
1,1,block_2,2,Provo_ID7,4,1077713,1257085,1,gaze_data,1741607849093,221.74420356750488,371.70826821100144,1741607849061.5,1
1,1,block_2,2,Provo_ID7,4,1077713,1257085,1,gaze_data,1741607849121,228.27190160751343,388.17012559799923,1741607849095,1
1,1,block_2,2,Provo_ID7,4,1077713,1257085,1,gaze_data,1741607849156,222.21869230270386,386.10386212666833,1741607849130.1,1
1,1,block_2,2,Provo_ID7,4,1077713,1257085,1,gaze_data,1741607849191,222.3313808441162,388.8235582624163,1741607849164.1,1
1,1,block_2,2,Provo_ID7,4,1077713,1257085,1,gaze_data,1741607849220,223.64050149917603,387.83239319210963,1741607849194.6,0.974259837703872
1,1,block_2,2,Provo_ID7,4,1077713,1257085,1,gaze_data,1741607849254,221.58286571502686,390.8840074993315,1741607849228.5,0.9904428243124324
1,1,block_2,2,Provo_ID7,4,1077713,1257085,1,gaze_data,1741607849292,218.3861494064331,388.7329660143171,1741607849262.8,0.9978508242689328
1,1,block_2,2,Provo_ID7,4,1077713,1257085,1,gaze_data,1741607849328,217.72594451904297,387.98501332600915,1741607849295,0.9760951387861607
1,1,block_2,2,Provo_ID7,4,1077713,1257085,1,gaze_data,1741607849364,218.5976266860962,390.16729400271464,1741607849330.1,0.9602606541529215
1,1,block_2,2,Provo_ID7,4,1077713,1257085,1,gaze_data,1741607849392,212.81232833862305,390.56033906482514,1741607849361.7,0.9632131744000212
1,1,block_2,2,Provo_ID7,4,1077713,1257085,1,gaze_data,1741607849420,211.5679383277893,390.8767573038737,1741607849397.1,0.9620326987399626
1,1,block_2,2,Provo_ID7,4,1077713,1257085,1,gaze_data,1741607849458,288.5007977485657,387.3060853140695,1741607849428.3,0.957437541990874
1,1,block_2,2,Provo_ID7,4,1077713,1257085,1,gaze_data,1741607849493,373.4721899032593,345.2932017190116,1741607849461.6,0.9323410877140587
1,1,block_2,2,Provo_ID7,4,1077713,1257085,1,gaze_data,1741607849525,380.1788181066513,341.65670077006024,1741607849500.4001,0.9713276289205717
1,1,block_2,2,Provo_ID7,4,1077713,1257085,1,gaze_data,1741607849559,384.4033092260361,336.9698928651356,1741607849529.2,1
1,1,block_2,2,Provo_ID7,4,1077713,1257085,1,gaze_data,1741607849592,391.93684235215187,338.8305393854777,1741607849562.4001,1
1,1,block_2,2,Provo_ID7,4,1077713,1257085,1,gaze_data,1741607849625,389.10089805722237,333.9036092304048,1741607849595.2,1
1,1,block_2,2,Provo_ID7,4,1077713,1257085,1,gaze_data,1741607849654,393.38867738842964,333.42325914473764,1741607849629.6,1
1,1,block_2,2,Provo_ID7,4,1077713,1257085,1,gaze_data,1741607849688,389.2213851213455,419.42426817757746,1741607849663.8,1
1,1,block_2,2,Provo_ID7,4,1077713,1257085,1,gaze_data,1741607849725,441.0316377878189,227.26378554389592,1741607849695.2,0.8924414098246278
1,1,block_2,2,Provo_ID7,4,1077713,1257085,1,gaze_data,1741607849757,332.2381019592285,289.2413563955398,1741607849730.1,0
1,1,block_2,2,Provo_ID7,4,1077713,1257085,1,gaze_data,1741607849787,326.5722632408142,265.5089044570923,1741607849762.5,0
1,1,block_2,2,Provo_ID7,4,1077713,1257085,1,gaze_data,1741607849827,432.5216978788376,155.24456024169922,1741607849795.7,0
1,1,block_2,2,Provo_ID7,4,1077713,1257085,1,gaze_x,"",
1,1,block_2,2,Provo_ID7,4,1077713,1257085,1,gaze_y,"",
1,1,block_2,2,Provo_ID7,4,1077713,1257085,1,el_x,"",
1,1,block_2,2,Provo_ID7,4,1077713,1257085,1,applied_drift,1741607800227,
1,1,block_2,2,Provo_ID7,4,1077713,1257085,1,applied_drift,1741607823609,7.846805080771446,-48.63207635425386
1,1,block_2,2,Provo_ID7,4,1077713,1257085,1,applied_drift,1741607823653,7.846805080771446,-48.63207635425386
1,1,block_2,2,Provo_ID7,4,1077713,1257085,1,applied_drift,1741607823682,7.846805080771446,-48.63207635425386
1,1,block_2,2,Provo_ID7,4,1077713,1257085,1,applied_drift,1741607823715,7.846805080771446,-48.63207635425386
1,1,block_2,2,Provo_ID7,4,1077713,1257085,1,applied_drift,1741607823744,7.846805080771446,-48.63207635425386
1,1,block_2,2,Provo_ID7,4,1077713,1257085,1,applied_drift,1741607823782,7.846805080771446,-48.63207635425386
1,1,block_2,2,Provo_ID7,4,1077713,1257085,1,applied_drift,1741607823815,7.846805080771446,-48.63207635425386
1,1,block_2,2,Provo_ID7,4,1077713,1257085,1,applied_drift,1741607823848,7.846805080771446,-48.63207635425386
1,1,block_2,2,Provo_ID7,4,1077713,1257085,1,applied_drift,1741607823877,7.846805080771446,-48.63207635425386
1,1,block_2,2,Provo_ID7,4,1077713,1257085,1,applied_drift,1741607823910,7.846805080771446,-48.63207635425386
1,1,block_2,2,Provo_ID7,4,1077713,1257085,1,applied_drift,1741607823945,7.846805080771446,-48.63207635425386
1,1,block_2,2,Provo_ID7,4,1077713,1257085,1,applied_drift,1741607823983,7.846805080771446,-48.63207635425386
1,1,block_2,2,Provo_ID7,4,1077713,1257085,1,applied_drift,1741607824017,7.846805080771446,-48.63207635425386
1,1,block_2,2,Provo_ID7,4,1077713,1257085,1,applied_drift,1741607824049,7.846805080771446,-48.63207635425386
1,1,block_2,2,Provo_ID7,4,1077713,1257085,1,applied_drift,1741607824077,7.846805080771446,-48.63207635425386
1,1,block_2,2,Provo_ID7,4,1077713,1257085,1,applied_drift,1741607824105,7.846805080771446,-48.63207635425386
1,1,block_2,2,Provo_ID7,4,1077713,1257085,1,applied_drift,1741607824154,7.846805080771446,-48.63207635425386
1,1,block_2,2,Provo_ID7,4,1077713,1257085,1,applied_drift,1741607824182,7.846805080771446,-48.63207635425386
1,1,block_2,2,Provo_ID7,4,1077713,1257085,1,applied_drift,1741607824216,7.846805080771446,-48.63207635425386
1,1,block_2,2,Provo_ID7,4,1077713,1257085,1,applied_drift,1741607824247,7.846805080771446,-48.63207635425386
1,1,block_2,2,Provo_ID7,4,1077713,1257085,1,applied_drift,1741607824277,7.846805080771446,-48.63207635425386
1,1,block_2,2,Provo_ID7,4,1077713,1257085,1,applied_drift,1741607824306,7.846805080771446,-48.63207635425386
1,1,block_2,2,Provo_ID7,4,1077713,1257085,1,applied_drift,1741607824345,7.846805080771446,-48.63207635425386
1,1,block_2,2,Provo_ID7,4,1077713,1257085,1,applied_drift,1741607824382,7.846805080771446,-48.63207635425386
1,1,block_2,2,Provo_ID7,4,1077713,1257085,1,applied_drift,1741607824415,7.846805080771446,-48.63207635425386
1,1,block_2,2,Provo_ID7,4,1077713,1257085,1,applied_drift,1741607824444,7.846805080771446,-48.63207635425386
1,1,block_2,2,Provo_ID7,4,1077713,1257085,1,applied_drift,1741607824477,7.846805080771446,-48.63207635425386
1,1,block_2,2,Provo_ID7,4,1077713,1257085,1,applied_drift,1741607824510,7.846805080771446,-48.63207635425386
1,1,block_2,2,Provo_ID7,4,1077713,1257085,1,applied_drift,1741607824544,7.846805080771446,-48.63207635425386
1,1,block_2,2,Provo_ID7,4,1077713,1257085,1,applied_drift,1741607824577,7.846805080771446,-48.63207635425386
1,1,block_2,2,Provo_ID7,4,1077713,1257085,1,applied_drift,1741607824609,7.846805080771446,-48.63207635425386
1,1,block_2,2,Provo_ID7,4,1077713,1257085,1,applied_drift,1741607824645,7.846805080771446,-48.63207635425386
1,1,block_2,2,Provo_ID7,4,1077713,1257085,1,applied_drift,1741607824678,7.846805080771446,-48.63207635425386
1,1,block_2,2,Provo_ID7,4,1077713,1257085,1,applied_drift,1741607824715,7.846805080771446,-48.63207635425386
1,1,block_2,2,Provo_ID7,4,1077713,1257085,1,applied_drift,1741607824744,7.846805080771446,-48.63207635425386
1,1,block_2,2,Provo_ID7,4,1077713,1257085,1,applied_drift,1741607824782,7.846805080771446,-48.63207635425386
1,1,block_2,2,Provo_ID7,4,1077713,1257085,1,applied_drift,1741607824812,7.846805080771446,-48.63207635425386
1,1,block_2,2,Provo_ID7,4,1077713,1257085,1,applied_drift,1741607824843,7.846805080771446,-48.63207635425386
1,1,block_2,2,Provo_ID7,4,1077713,1257085,1,applied_drift,1741607824881,7.846805080771446,-48.63207635425386
1,1,block_2,2,Provo_ID7,4,1077713,1257085,1,applied_drift,1741607824910,7.846805080771446,-48.63207635425386
1,1,block_2,2,Provo_ID7,4,1077713,1257085,1,applied_drift,1741607824943,7.846805080771446,-48.63207635425386
1,1,block_2,2,Provo_ID7,4,1077713,1257085,1,applied_drift,1741607824982,7.846805080771446,-48.63207635425386
1,1,block_2,2,Provo_ID7,4,1077713,1257085,1,applied_drift,1741607825005,7.846805080771446,-48.63207635425386
1,1,block_2,2,Provo_ID7,4,1077713,1257085,1,applied_drift,1741607825054,7.846805080771446,-48.63207635425386
1,1,block_2,2,Provo_ID7,4,1077713,1257085,1,applied_drift,1741607825082,7.846805080771446,-48.63207635425386
1,1,block_2,2,Provo_ID7,4,1077713,1257085,1,applied_drift,1741607825115,7.846805080771446,-48.63207635425386
1,1,block_2,2,Provo_ID7,4,1077713,1257085,1,applied_drift,1741607825144,7.846805080771446,-48.63207635425386
1,1,block_2,2,Provo_ID7,4,1077713,1257085,1,applied_drift,1741607825177,7.846805080771446,-48.63207635425386
1,1,block_2,2,Provo_ID7,4,1077713,1257085,1,applied_drift,1741607825212,7.846805080771446,-48.63207635425386
1,1,block_2,2,Provo_ID7,4,1077713,1257085,1,applied_drift,1741607825249,7.846805080771446,-48.63207635425386
1,1,block_2,2,Provo_ID7,4,1077713,1257085,1,applied_drift,1741607825282,7.846805080771446,-48.63207635425386
1,1,block_2,2,Provo_ID7,4,1077713,1257085,1,applied_drift,1741607825310,7.846805080771446,-48.63207635425386
1,1,block_2,2,Provo_ID7,4,1077713,1257085,1,applied_drift,1741607825343,7.846805080771446,-48.63207635425386
1,1,block_2,2,Provo_ID7,4,1077713,1257085,1,applied_drift,1741607825377,7.846805080771446,-48.63207635425386
1,1,block_2,2,Provo_ID7,4,1077713,1257085,1,applied_drift,1741607825412,7.846805080771446,-48.63207635425386
1,1,block_2,2,Provo_ID7,4,1077713,1257085,1,applied_drift,1741607825448,7.846805080771446,-48.63207635425386
1,1,block_2,2,Provo_ID7,4,1077713,1257085,1,applied_drift,1741607825479,7.846805080771446,-48.63207635425386
1,1,block_2,2,Provo_ID7,4,1077713,1257085,1,applied_drift,1741607825516,7.846805080771446,-48.63207635425386
1,1,block_2,2,Provo_ID7,4,1077713,1257085,1,applied_drift,1741607825544,7.846805080771446,-48.63207635425386
1,1,block_2,2,Provo_ID7,4,1077713,1257085,1,applied_drift,1741607825575,7.846805080771446,-48.63207635425386
1,1,block_2,2,Provo_ID7,4,1077713,1257085,1,applied_drift,1741607825615,7.846805080771446,-48.63207635425386
1,1,block_2,2,Provo_ID7,4,1077713,1257085,1,applied_drift,1741607825649,7.846805080771446,-48.63207635425386
1,1,block_2,2,Provo_ID7,4,1077713,1257085,1,applied_drift,1741607825676,7.846805080771446,-48.63207635425386
1,1,block_2,2,Provo_ID7,4,1077713,1257085,1,applied_drift,1741607825716,7.846805080771446,-48.63207635425386
1,1,block_2,2,Provo_ID7,4,1077713,1257085,1,applied_drift,1741607825743,7.846805080771446,-48.63207635425386
1,1,block_2,2,Provo_ID7,4,1077713,1257085,1,applied_drift,1741607825776,7.846805080771446,-48.63207635425386
1,1,block_2,2,Provo_ID7,4,1077713,1257085,1,applied_drift,1741607825810,7.846805080771446,-48.63207635425386
1,1,block_2,2,Provo_ID7,4,1077713,1257085,1,applied_drift,1741607825848,7.846805080771446,-48.63207635425386
1,1,block_2,2,Provo_ID7,4,1077713,1257085,1,applied_drift,1741607825878,7.846805080771446,-48.63207635425386
1,1,block_2,2,Provo_ID7,4,1077713,1257085,1,applied_drift,1741607825913,7.846805080771446,-48.63207635425386
1,1,block_2,2,Provo_ID7,4,1077713,1257085,1,applied_drift,1741607825942,7.846805080771446,-48.63207635425386
1,1,block_2,2,Provo_ID7,4,1077713,1257085,1,applied_drift,1741607825981,7.846805080771446,-48.63207635425386
1,1,block_2,2,Provo_ID7,4,1077713,1257085,1,applied_drift,1741607826005,7.846805080771446,-48.63207635425386
1,1,block_2,2,Provo_ID7,4,1077713,1257085,1,applied_drift,1741607826047,7.846805080771446,-48.63207635425386
1,1,block_2,2,Provo_ID7,4,1077713,1257085,1,applied_drift,1741607826081,7.846805080771446,-48.63207635425386
1,1,block_2,2,Provo_ID7,4,1077713,1257085,1,applied_drift,1741607826114,7.846805080771446,-48.63207635425386
1,1,block_2,2,Provo_ID7,4,1077713,1257085,1,applied_drift,1741607826142,7.846805080771446,-48.63207635425386
1,1,block_2,2,Provo_ID7,4,1077713,1257085,1,applied_drift,1741607826182,7.846805080771446,-48.63207635425386
1,1,block_2,2,Provo_ID7,4,1077713,1257085,1,applied_drift,1741607826206,7.846805080771446,-48.63207635425386
1,1,block_2,2,Provo_ID7,4,1077713,1257085,1,applied_drift,1741607826246,7.846805080771446,-48.63207635425386
1,1,block_2,2,Provo_ID7,4,1077713,1257085,1,applied_drift,1741607826280,7.846805080771446,-48.63207635425386
1,1,block_2,2,Provo_ID7,4,1077713,1257085,1,applied_drift,1741607826315,7.846805080771446,-48.63207635425386
1,1,block_2,2,Provo_ID7,4,1077713,1257085,1,applied_drift,1741607826344,7.846805080771446,-48.63207635425386
1,1,block_2,2,Provo_ID7,4,1077713,1257085,1,applied_drift,1741607826380,7.846805080771446,-48.63207635425386
1,1,block_2,2,Provo_ID7,4,1077713,1257085,1,applied_drift,1741607826410,7.846805080771446,-48.63207635425386
1,1,block_2,2,Provo_ID7,4,1077713,1257085,1,applied_drift,1741607826443,7.846805080771446,-48.63207635425386
1,1,block_2,2,Provo_ID7,4,1077713,1257085,1,applied_drift,1741607826474,7.846805080771446,-48.63207635425386
1,1,block_2,2,Provo_ID7,4,1077713,1257085,1,applied_drift,1741607826510,7.846805080771446,-48.63207635425386
1,1,block_2,2,Provo_ID7,4,1077713,1257085,1,applied_drift,1741607826544,7.846805080771446,-48.63207635425386
1,1,block_2,2,Provo_ID7,4,1077713,1257085,1,applied_drift,1741607826577,7.846805080771446,-48.63207635425386
1,1,block_2,2,Provo_ID7,4,1077713,1257085,1,applied_drift,1741607826616,7.846805080771446,-48.63207635425386
1,1,block_2,2,Provo_ID7,4,1077713,1257085,1,applied_drift,1741607826639,7.846805080771446,-48.63207635425386
1,1,block_2,2,Provo_ID7,4,1077713,1257085,1,applied_drift,1741607826682,7.846805080771446,-48.63207635425386
1,1,block_2,2,Provo_ID7,4,1077713,1257085,1,applied_drift,1741607826710,7.846805080771446,-48.63207635425386
1,1,block_2,2,Provo_ID7,4,1077713,1257085,1,applied_drift,1741607826747,7.846805080771446,-48.63207635425386
1,1,block_2,2,Provo_ID7,4,1077713,1257085,1,applied_drift,1741607826782,7.846805080771446,-48.63207635425386
1,1,block_2,2,Provo_ID7,4,1077713,1257085,1,applied_drift,1741607826805,7.846805080771446,-48.63207635425386
1,1,block_2,2,Provo_ID7,4,1077713,1257085,1,applied_drift,1741607826848,7.846805080771446,-48.63207635425386
1,1,block_2,2,Provo_ID7,4,1077713,1257085,1,applied_drift,1741607826882,7.846805080771446,-48.63207635425386
1,1,block_2,2,Provo_ID7,4,1077713,1257085,1,applied_drift,1741607826915,7.846805080771446,-48.63207635425386
1,1,block_2,2,Provo_ID7,4,1077713,1257085,1,applied_drift,1741607826949,7.846805080771446,-48.63207635425386
1,1,block_2,2,Provo_ID7,4,1077713,1257085,1,applied_drift,1741607826982,7.846805080771446,-48.63207635425386
1,1,block_2,2,Provo_ID7,4,1077713,1257085,1,applied_drift,1741607827005,7.846805080771446,-48.63207635425386
1,1,block_2,2,Provo_ID7,4,1077713,1257085,1,applied_drift,1741607827049,7.846805080771446,-48.63207635425386
1,1,block_2,2,Provo_ID7,4,1077713,1257085,1,applied_drift,1741607827076,7.846805080771446,-48.63207635425386
1,1,block_2,2,Provo_ID7,4,1077713,1257085,1,applied_drift,1741607827115,7.846805080771446,-48.63207635425386
1,1,block_2,2,Provo_ID7,4,1077713,1257085,1,applied_drift,1741607827142,7.846805080771446,-48.63207635425386
1,1,block_2,2,Provo_ID7,4,1077713,1257085,1,applied_drift,1741607827182,7.846805080771446,-48.63207635425386
1,1,block_2,2,Provo_ID7,4,1077713,1257085,1,applied_drift,1741607827215,7.846805080771446,-48.63207635425386
1,1,block_2,2,Provo_ID7,4,1077713,1257085,1,applied_drift,1741607827243,7.846805080771446,-48.63207635425386
1,1,block_2,2,Provo_ID7,4,1077713,1257085,1,applied_drift,1741607827282,7.846805080771446,-48.63207635425386
1,1,block_2,2,Provo_ID7,4,1077713,1257085,1,applied_drift,1741607827316,7.846805080771446,-48.63207635425386
1,1,block_2,2,Provo_ID7,4,1077713,1257085,1,applied_drift,1741607827343,7.846805080771446,-48.63207635425386
1,1,block_2,2,Provo_ID7,4,1077713,1257085,1,applied_drift,1741607827375,7.846805080771446,-48.63207635425386
1,1,block_2,2,Provo_ID7,4,1077713,1257085,1,applied_drift,1741607827418,7.846805080771446,-48.63207635425386
1,1,block_2,2,Provo_ID7,4,1077713,1257085,1,applied_drift,1741607827448,7.846805080771446,-48.63207635425386
1,1,block_2,2,Provo_ID7,4,1077713,1257085,1,applied_drift,1741607827476,7.846805080771446,-48.63207635425386
1,1,block_2,2,Provo_ID7,4,1077713,1257085,1,applied_drift,1741607827514,7.846805080771446,-48.63207635425386
1,1,block_2,2,Provo_ID7,4,1077713,1257085,1,applied_drift,1741607827544,7.846805080771446,-48.63207635425386
1,1,block_2,2,Provo_ID7,4,1077713,1257085,1,applied_drift,1741607827581,7.846805080771446,-48.63207635425386
1,1,block_2,2,Provo_ID7,4,1077713,1257085,1,applied_drift,1741607827615,7.846805080771446,-48.63207635425386
1,1,block_2,2,Provo_ID7,4,1077713,1257085,1,applied_drift,1741607827642,7.846805080771446,-48.63207635425386
1,1,block_2,2,Provo_ID7,4,1077713,1257085,1,applied_drift,1741607827681,7.846805080771446,-48.63207635425386
1,1,block_2,2,Provo_ID7,4,1077713,1257085,1,applied_drift,1741607827704,7.846805080771446,-48.63207635425386
1,1,block_2,2,Provo_ID7,4,1077713,1257085,1,applied_drift,1741607827742,7.846805080771446,-48.63207635425386
1,1,block_2,2,Provo_ID7,4,1077713,1257085,1,applied_drift,1741607827780,7.846805080771446,-48.63207635425386
1,1,block_2,2,Provo_ID7,4,1077713,1257085,1,applied_drift,1741607827814,7.846805080771446,-48.63207635425386
1,1,block_2,2,Provo_ID7,4,1077713,1257085,1,applied_drift,1741607827847,7.846805080771446,-48.63207635425386
1,1,block_2,2,Provo_ID7,4,1077713,1257085,1,applied_drift,1741607827880,7.846805080771446,-48.63207635425386
1,1,block_2,2,Provo_ID7,4,1077713,1257085,1,applied_drift,1741607827921,7.846805080771446,-48.63207635425386
1,1,block_2,2,Provo_ID7,4,1077713,1257085,1,applied_drift,1741607827944,7.846805080771446,-48.63207635425386
1,1,block_2,2,Provo_ID7,4,1077713,1257085,1,applied_drift,1741607827980,7.846805080771446,-48.63207635425386
1,1,block_2,2,Provo_ID7,4,1077713,1257085,1,applied_drift,1741607828010,7.846805080771446,-48.63207635425386
1,1,block_2,2,Provo_ID7,4,1077713,1257085,1,applied_drift,1741607828048,7.846805080771446,-48.63207635425386
1,1,block_2,2,Provo_ID7,4,1077713,1257085,1,applied_drift,1741607828077,7.846805080771446,-48.63207635425386
1,1,block_2,2,Provo_ID7,4,1077713,1257085,1,applied_drift,1741607828112,7.846805080771446,-48.63207635425386
1,1,block_2,2,Provo_ID7,4,1077713,1257085,1,applied_drift,1741607828139,7.846805080771446,-48.63207635425386
1,1,block_2,2,Provo_ID7,4,1077713,1257085,1,applied_drift,1741607828181,7.846805080771446,-48.63207635425386
1,1,block_2,2,Provo_ID7,4,1077713,1257085,1,applied_drift,1741607828223,7.846805080771446,-48.63207635425386
1,1,block_2,2,Provo_ID7,4,1077713,1257085,1,applied_drift,1741607828247,7.846805080771446,-48.63207635425386
1,1,block_2,2,Provo_ID7,4,1077713,1257085,1,applied_drift,1741607828276,7.846805080771446,-48.63207635425386
1,1,block_2,2,Provo_ID7,4,1077713,1257085,1,applied_drift,1741607828316,7.846805080771446,-48.63207635425386
1,1,block_2,2,Provo_ID7,4,1077713,1257085,1,applied_drift,1741607828348,7.846805080771446,-48.63207635425386
1,1,block_2,2,Provo_ID7,4,1077713,1257085,1,applied_drift,1741607828377,7.846805080771446,-48.63207635425386
1,1,block_2,2,Provo_ID7,4,1077713,1257085,1,applied_drift,1741607828409,7.846805080771446,-48.63207635425386
1,1,block_2,2,Provo_ID7,4,1077713,1257085,1,applied_drift,1741607828448,7.846805080771446,-48.63207635425386
1,1,block_2,2,Provo_ID7,4,1077713,1257085,1,applied_drift,1741607828478,7.846805080771446,-48.63207635425386
1,1,block_2,2,Provo_ID7,4,1077713,1257085,1,applied_drift,1741607828515,7.846805080771446,-48.63207635425386
1,1,block_2,2,Provo_ID7,4,1077713,1257085,1,applied_drift,1741607828543,7.846805080771446,-48.63207635425386
1,1,block_2,2,Provo_ID7,4,1077713,1257085,1,applied_drift,1741607828578,7.846805080771446,-48.63207635425386
1,1,block_2,2,Provo_ID7,4,1077713,1257085,1,applied_drift,1741607828610,7.846805080771446,-48.63207635425386
1,1,block_2,2,Provo_ID7,4,1077713,1257085,1,applied_drift,1741607828638,7.846805080771446,-48.63207635425386
1,1,block_2,2,Provo_ID7,4,1077713,1257085,1,applied_drift,1741607828682,7.846805080771446,-48.63207635425386
1,1,block_2,2,Provo_ID7,4,1077713,1257085,1,applied_drift,1741607828710,7.846805080771446,-48.63207635425386
1,1,block_2,2,Provo_ID7,4,1077713,1257085,1,applied_drift,1741607828747,7.846805080771446,-48.63207635425386
1,1,block_2,2,Provo_ID7,4,1077713,1257085,1,applied_drift,1741607828777,7.846805080771446,-48.63207635425386
1,1,block_2,2,Provo_ID7,4,1077713,1257085,1,applied_drift,1741607828810,7.846805080771446,-48.63207635425386
1,1,block_2,2,Provo_ID7,4,1077713,1257085,1,applied_drift,1741607828845,7.846805080771446,-48.63207635425386
1,1,block_2,2,Provo_ID7,4,1077713,1257085,1,applied_drift,1741607828882,7.846805080771446,-48.63207635425386
1,1,block_2,2,Provo_ID7,4,1077713,1257085,1,applied_drift,1741607828913,7.846805080771446,-48.63207635425386
1,1,block_2,2,Provo_ID7,4,1077713,1257085,1,applied_drift,1741607828948,7.846805080771446,-48.63207635425386
1,1,block_2,2,Provo_ID7,4,1077713,1257085,1,applied_drift,1741607828982,7.846805080771446,-48.63207635425386
1,1,block_2,2,Provo_ID7,4,1077713,1257085,1,applied_drift,1741607829010,7.846805080771446,-48.63207635425386
1,1,block_2,2,Provo_ID7,4,1077713,1257085,1,applied_drift,1741607829038,7.846805080771446,-48.63207635425386
1,1,block_2,2,Provo_ID7,4,1077713,1257085,1,applied_drift,1741607829082,7.846805080771446,-48.63207635425386
1,1,block_2,2,Provo_ID7,4,1077713,1257085,1,applied_drift,1741607829114,7.846805080771446,-48.63207635425386
1,1,block_2,2,Provo_ID7,4,1077713,1257085,1,applied_drift,1741607829143,7.846805080771446,-48.63207635425386
1,1,block_2,2,Provo_ID7,4,1077713,1257085,1,applied_drift,1741607829178,7.846805080771446,-48.63207635425386
1,1,block_2,2,Provo_ID7,4,1077713,1257085,1,applied_drift,1741607829217,7.846805080771446,-48.63207635425386
1,1,block_2,2,Provo_ID7,4,1077713,1257085,1,applied_drift,1741607829248,7.846805080771446,-48.63207635425386
1,1,block_2,2,Provo_ID7,4,1077713,1257085,1,applied_drift,1741607829277,7.846805080771446,-48.63207635425386
1,1,block_2,2,Provo_ID7,4,1077713,1257085,1,applied_drift,1741607829316,7.846805080771446,-48.63207635425386
1,1,block_2,2,Provo_ID7,4,1077713,1257085,1,applied_drift,1741607829338,7.846805080771446,-48.63207635425386
1,1,block_2,2,Provo_ID7,4,1077713,1257085,1,applied_drift,1741607829385,7.846805080771446,-48.63207635425386
1,1,block_2,2,Provo_ID7,4,1077713,1257085,1,applied_drift,1741607829410,7.846805080771446,-48.63207635425386
1,1,block_2,2,Provo_ID7,4,1077713,1257085,1,applied_drift,1741607829448,7.846805080771446,-48.63207635425386
1,1,block_2,2,Provo_ID7,4,1077713,1257085,1,applied_drift,1741607829486,7.846805080771446,-48.63207635425386
1,1,block_2,2,Provo_ID7,4,1077713,1257085,1,applied_drift,1741607829511,7.846805080771446,-48.63207635425386
1,1,block_2,2,Provo_ID7,4,1077713,1257085,1,applied_drift,1741607829547,7.846805080771446,-48.63207635425386
1,1,block_2,2,Provo_ID7,4,1077713,1257085,1,applied_drift,1741607829575,7.846805080771446,-48.63207635425386
1,1,block_2,2,Provo_ID7,4,1077713,1257085,1,applied_drift,1741607829610,7.846805080771446,-48.63207635425386
1,1,block_2,2,Provo_ID7,4,1077713,1257085,1,applied_drift,1741607829638,7.846805080771446,-48.63207635425386
1,1,block_2,2,Provo_ID7,4,1077713,1257085,1,applied_drift,1741607829681,7.846805080771446,-48.63207635425386
1,1,block_2,2,Provo_ID7,4,1077713,1257085,1,applied_drift,1741607829715,7.846805080771446,-48.63207635425386
1,1,block_2,2,Provo_ID7,4,1077713,1257085,1,applied_drift,1741607829749,7.846805080771446,-48.63207635425386
1,1,block_2,2,Provo_ID7,4,1077713,1257085,1,applied_drift,1741607829777,7.846805080771446,-48.63207635425386
1,1,block_2,2,Provo_ID7,4,1077713,1257085,1,applied_drift,1741607829810,7.846805080771446,-48.63207635425386
1,1,block_2,2,Provo_ID7,4,1077713,1257085,1,applied_drift,1741607829844,7.846805080771446,-48.63207635425386
1,1,block_2,2,Provo_ID7,4,1077713,1257085,1,applied_drift,1741607829881,7.846805080771446,-48.63207635425386
1,1,block_2,2,Provo_ID7,4,1077713,1257085,1,applied_drift,1741607829906,7.846805080771446,-48.63207635425386
1,1,block_2,2,Provo_ID7,4,1077713,1257085,1,applied_drift,1741607829949,7.846805080771446,-48.63207635425386
1,1,block_2,2,Provo_ID7,4,1077713,1257085,1,applied_drift,1741607829971,7.846805080771446,-48.63207635425386
1,1,block_2,2,Provo_ID7,4,1077713,1257085,1,applied_drift,1741607830012,7.846805080771446,-48.63207635425386
1,1,block_2,2,Provo_ID7,4,1077713,1257085,1,applied_drift,1741607830054,7.846805080771446,-48.63207635425386
1,1,block_2,2,Provo_ID7,4,1077713,1257085,1,applied_drift,1741607830082,7.846805080771446,-48.63207635425386
1,1,block_2,2,Provo_ID7,4,1077713,1257085,1,applied_drift,1741607830108,7.846805080771446,-48.63207635425386
1,1,block_2,2,Provo_ID7,4,1077713,1257085,1,applied_drift,1741607830149,7.846805080771446,-48.63207635425386
1,1,block_2,2,Provo_ID7,4,1077713,1257085,1,applied_drift,1741607830180,7.846805080771446,-48.63207635425386
1,1,block_2,2,Provo_ID7,4,1077713,1257085,1,applied_drift,1741607830210,7.846805080771446,-48.63207635425386
1,1,block_2,2,Provo_ID7,4,1077713,1257085,1,applied_drift,1741607830248,7.846805080771446,-48.63207635425386
1,1,block_2,2,Provo_ID7,4,1077713,1257085,1,applied_drift,1741607830275,7.846805080771446,-48.63207635425386
1,1,block_2,2,Provo_ID7,4,1077713,1257085,1,applied_drift,1741607830315,7.846805080771446,-48.63207635425386
1,1,block_2,2,Provo_ID7,4,1077713,1257085,1,applied_drift,1741607830349,7.846805080771446,-48.63207635425386
1,1,block_2,2,Provo_ID7,4,1077713,1257085,1,applied_drift,1741607830379,7.846805080771446,-48.63207635425386
1,1,block_2,2,Provo_ID7,4,1077713,1257085,1,applied_drift,1741607830415,7.846805080771446,-48.63207635425386
1,1,block_2,2,Provo_ID7,4,1077713,1257085,1,applied_drift,1741607830439,7.846805080771446,-48.63207635425386
1,1,block_2,2,Provo_ID7,4,1077713,1257085,1,applied_drift,1741607830480,7.846805080771446,-48.63207635425386
1,1,block_2,2,Provo_ID7,4,1077713,1257085,1,applied_drift,1741607830510,7.846805080771446,-48.63207635425386
1,1,block_2,2,Provo_ID7,4,1077713,1257085,1,applied_drift,1741607830548,7.846805080771446,-48.63207635425386
1,1,block_2,2,Provo_ID7,4,1077713,1257085,1,applied_drift,1741607830581,7.846805080771446,-48.63207635425386
1,1,block_2,2,Provo_ID7,4,1077713,1257085,1,applied_drift,1741607830614,7.846805080771446,-48.63207635425386
1,1,block_2,2,Provo_ID7,4,1077713,1257085,1,applied_drift,1741607830642,7.846805080771446,-48.63207635425386
1,1,block_2,2,Provo_ID7,4,1077713,1257085,1,applied_drift,1741607830676,7.846805080771446,-48.63207635425386
1,1,block_2,2,Provo_ID7,4,1077713,1257085,1,applied_drift,1741607830715,7.846805080771446,-48.63207635425386
1,1,block_2,2,Provo_ID7,4,1077713,1257085,1,applied_drift,1741607830744,7.846805080771446,-48.63207635425386
1,1,block_2,2,Provo_ID7,4,1077713,1257085,1,applied_drift,1741607830782,7.846805080771446,-48.63207635425386
1,1,block_2,2,Provo_ID7,4,1077713,1257085,1,applied_drift,1741607830815,7.846805080771446,-48.63207635425386
1,1,block_2,2,Provo_ID7,4,1077713,1257085,1,applied_drift,1741607830844,7.846805080771446,-48.63207635425386
1,1,block_2,2,Provo_ID7,4,1077713,1257085,1,applied_drift,1741607830878,7.846805080771446,-48.63207635425386
1,1,block_2,2,Provo_ID7,4,1077713,1257085,1,applied_drift,1741607830909,7.846805080771446,-48.63207635425386
1,1,block_2,2,Provo_ID7,4,1077713,1257085,1,applied_drift,1741607830949,7.846805080771446,-48.63207635425386
1,1,block_2,2,Provo_ID7,4,1077713,1257085,1,applied_drift,1741607830977,7.846805080771446,-48.63207635425386
1,1,block_2,2,Provo_ID7,4,1077713,1257085,1,applied_drift,1741607831015,7.846805080771446,-48.63207635425386
1,1,block_2,2,Provo_ID7,4,1077713,1257085,1,applied_drift,1741607831044,7.846805080771446,-48.63207635425386
1,1,block_2,2,Provo_ID7,4,1077713,1257085,1,applied_drift,1741607831072,7.846805080771446,-48.63207635425386
1,1,block_2,2,Provo_ID7,4,1077713,1257085,1,applied_drift,1741607831114,7.846805080771446,-48.63207635425386
1,1,block_2,2,Provo_ID7,4,1077713,1257085,1,applied_drift,1741607831147,7.846805080771446,-48.63207635425386
1,1,block_2,2,Provo_ID7,4,1077713,1257085,1,applied_drift,1741607831182,7.846805080771446,-48.63207635425386
1,1,block_2,2,Provo_ID7,4,1077713,1257085,1,applied_drift,1741607831215,7.846805080771446,-48.63207635425386
1,1,block_2,2,Provo_ID7,4,1077713,1257085,1,applied_drift,1741607831248,7.846805080771446,-48.63207635425386
1,1,block_2,2,Provo_ID7,4,1077713,1257085,1,applied_drift,1741607831277,7.846805080771446,-48.63207635425386
1,1,block_2,2,Provo_ID7,4,1077713,1257085,1,applied_drift,1741607831310,7.846805080771446,-48.63207635425386
1,1,block_2,2,Provo_ID7,4,1077713,1257085,1,applied_drift,1741607831343,7.846805080771446,-48.63207635425386
1,1,block_2,2,Provo_ID7,4,1077713,1257085,1,applied_drift,1741607831381,7.846805080771446,-48.63207635425386
1,1,block_2,2,Provo_ID7,4,1077713,1257085,1,applied_drift,1741607831414,7.846805080771446,-48.63207635425386
1,1,block_2,2,Provo_ID7,4,1077713,1257085,1,applied_drift,1741607831443,7.846805080771446,-48.63207635425386
1,1,block_2,2,Provo_ID7,4,1077713,1257085,1,applied_drift,1741607831480,7.846805080771446,-48.63207635425386
1,1,block_2,2,Provo_ID7,4,1077713,1257085,1,applied_drift,1741607831509,7.846805080771446,-48.63207635425386
1,1,block_2,2,Provo_ID7,4,1077713,1257085,1,applied_drift,1741607831544,7.846805080771446,-48.63207635425386
1,1,block_2,2,Provo_ID7,4,1077713,1257085,1,applied_drift,1741607831573,7.846805080771446,-48.63207635425386
1,1,block_2,2,Provo_ID7,4,1077713,1257085,1,applied_drift,1741607831614,7.846805080771446,-48.63207635425386
1,1,block_2,2,Provo_ID7,4,1077713,1257085,1,applied_drift,1741607831643,7.846805080771446,-48.63207635425386
1,1,block_2,2,Provo_ID7,4,1077713,1257085,1,applied_drift,1741607831680,7.846805080771446,-48.63207635425386
1,1,block_2,2,Provo_ID7,4,1077713,1257085,1,applied_drift,1741607831710,7.846805080771446,-48.63207635425386
1,1,block_2,2,Provo_ID7,4,1077713,1257085,1,applied_drift,1741607831744,7.846805080771446,-48.63207635425386
1,1,block_2,2,Provo_ID7,4,1077713,1257085,1,applied_drift,1741607831780,7.846805080771446,-48.63207635425386
1,1,block_2,2,Provo_ID7,4,1077713,1257085,1,applied_drift,1741607831812,7.846805080771446,-48.63207635425386
1,1,block_2,2,Provo_ID7,4,1077713,1257085,1,applied_drift,1741607831843,7.846805080771446,-48.63207635425386
1,1,block_2,2,Provo_ID7,4,1077713,1257085,1,applied_drift,1741607831882,7.846805080771446,-48.63207635425386
1,1,block_2,2,Provo_ID7,4,1077713,1257085,1,applied_drift,1741607831910,7.846805080771446,-48.63207635425386
1,1,block_2,2,Provo_ID7,4,1077713,1257085,1,applied_drift,1741607831947,7.846805080771446,-48.63207635425386
1,1,block_2,2,Provo_ID7,4,1077713,1257085,1,applied_drift,1741607831981,7.846805080771446,-48.63207635425386
1,1,block_2,2,Provo_ID7,4,1077713,1257085,1,applied_drift,1741607832010,7.846805080771446,-48.63207635425386
1,1,block_2,2,Provo_ID7,4,1077713,1257085,1,applied_drift,1741607832049,7.846805080771446,-48.63207635425386
1,1,block_2,2,Provo_ID7,4,1077713,1257085,1,applied_drift,1741607832080,7.846805080771446,-48.63207635425386
1,1,block_2,2,Provo_ID7,4,1077713,1257085,1,applied_drift,1741607832108,7.846805080771446,-48.63207635425386
1,1,block_2,2,Provo_ID7,4,1077713,1257085,1,applied_drift,1741607832145,7.846805080771446,-48.63207635425386
1,1,block_2,2,Provo_ID7,4,1077713,1257085,1,applied_drift,1741607832182,7.846805080771446,-48.63207635425386
1,1,block_2,2,Provo_ID7,4,1077713,1257085,1,applied_drift,1741607832215,7.846805080771446,-48.63207635425386
1,1,block_2,2,Provo_ID7,4,1077713,1257085,1,applied_drift,1741607832243,7.846805080771446,-48.63207635425386
1,1,block_2,2,Provo_ID7,4,1077713,1257085,1,applied_drift,1741607832281,7.846805080771446,-48.63207635425386
1,1,block_2,2,Provo_ID7,4,1077713,1257085,1,applied_drift,1741607832305,7.846805080771446,-48.63207635425386
1,1,block_2,2,Provo_ID7,4,1077713,1257085,1,applied_drift,1741607832347,7.846805080771446,-48.63207635425386
1,1,block_2,2,Provo_ID7,4,1077713,1257085,1,applied_drift,1741607832375,7.846805080771446,-48.63207635425386
1,1,block_2,2,Provo_ID7,4,1077713,1257085,1,applied_drift,1741607832413,7.846805080771446,-48.63207635425386
1,1,block_2,2,Provo_ID7,4,1077713,1257085,1,applied_drift,1741607832446,7.846805080771446,-48.63207635425386
1,1,block_2,2,Provo_ID7,4,1077713,1257085,1,applied_drift,1741607832476,7.846805080771446,-48.63207635425386
1,1,block_2,2,Provo_ID7,4,1077713,1257085,1,applied_drift,1741607832512,7.846805080771446,-48.63207635425386
1,1,block_2,2,Provo_ID7,4,1077713,1257085,1,applied_drift,1741607832547,7.846805080771446,-48.63207635425386
1,1,block_2,2,Provo_ID7,4,1077713,1257085,1,applied_drift,1741607832576,7.846805080771446,-48.63207635425386
1,1,block_2,2,Provo_ID7,4,1077713,1257085,1,applied_drift,1741607832615,7.846805080771446,-48.63207635425386
1,1,block_2,2,Provo_ID7,4,1077713,1257085,1,applied_drift,1741607832647,7.846805080771446,-48.63207635425386
1,1,block_2,2,Provo_ID7,4,1077713,1257085,1,applied_drift,1741607832681,7.846805080771446,-48.63207635425386
1,1,block_2,2,Provo_ID7,4,1077713,1257085,1,applied_drift,1741607832715,7.846805080771446,-48.63207635425386
1,1,block_2,2,Provo_ID7,4,1077713,1257085,1,applied_drift,1741607832744,7.846805080771446,-48.63207635425386
1,1,block_2,2,Provo_ID7,4,1077713,1257085,1,applied_drift,1741607832775,7.846805080771446,-48.63207635425386
1,1,block_2,2,Provo_ID7,4,1077713,1257085,1,applied_drift,1741607832819,7.846805080771446,-48.63207635425386
1,1,block_2,2,Provo_ID7,4,1077713,1257085,1,applied_drift,1741607832848,7.846805080771446,-48.63207635425386
1,1,block_2,2,Provo_ID7,4,1077713,1257085,1,applied_drift,1741607832875,7.846805080771446,-48.63207635425386
1,1,block_2,2,Provo_ID7,4,1077713,1257085,1,applied_drift,1741607832915,7.846805080771446,-48.63207635425386
1,1,block_2,2,Provo_ID7,4,1077713,1257085,1,applied_drift,1741607832942,7.846805080771446,-48.63207635425386
1,1,block_2,2,Provo_ID7,4,1077713,1257085,1,applied_drift,1741607832982,7.846805080771446,-48.63207635425386
1,1,block_2,2,Provo_ID7,4,1077713,1257085,1,applied_drift,1741607833010,7.846805080771446,-48.63207635425386
1,1,block_2,2,Provo_ID7,4,1077713,1257085,1,applied_drift,1741607833045,7.846805080771446,-48.63207635425386
1,1,block_2,2,Provo_ID7,4,1077713,1257085,1,applied_drift,1741607833082,7.846805080771446,-48.63207635425386
1,1,block_2,2,Provo_ID7,4,1077713,1257085,1,applied_drift,1741607833120,7.846805080771446,-48.63207635425386
1,1,block_2,2,Provo_ID7,4,1077713,1257085,1,applied_drift,1741607833147,7.846805080771446,-48.63207635425386
1,1,block_2,2,Provo_ID7,4,1077713,1257085,1,applied_drift,1741607833177,7.846805080771446,-48.63207635425386
1,1,block_2,2,Provo_ID7,4,1077713,1257085,1,applied_drift,1741607833221,7.846805080771446,-48.63207635425386
1,1,block_2,2,Provo_ID7,4,1077713,1257085,1,applied_drift,1741607833238,7.846805080771446,-48.63207635425386
1,1,block_2,2,Provo_ID7,4,1077713,1257085,1,applied_drift,1741607833282,7.846805080771446,-48.63207635425386
1,1,block_2,2,Provo_ID7,4,1077713,1257085,1,applied_drift,1741607833309,7.846805080771446,-48.63207635425386
1,1,block_2,2,Provo_ID7,4,1077713,1257085,1,applied_drift,1741607833348,7.846805080771446,-48.63207635425386
1,1,block_2,2,Provo_ID7,4,1077713,1257085,1,applied_drift,1741607833375,7.846805080771446,-48.63207635425386
1,1,block_2,2,Provo_ID7,4,1077713,1257085,1,applied_drift,1741607833411,7.846805080771446,-48.63207635425386
1,1,block_2,2,Provo_ID7,4,1077713,1257085,1,applied_drift,1741607833453,7.846805080771446,-48.63207635425386
1,1,block_2,2,Provo_ID7,4,1077713,1257085,1,applied_drift,1741607833482,7.846805080771446,-48.63207635425386
1,1,block_2,2,Provo_ID7,4,1077713,1257085,1,applied_drift,1741607833508,7.846805080771446,-48.63207635425386
1,1,block_2,2,Provo_ID7,4,1077713,1257085,1,applied_drift,1741607833548,7.846805080771446,-48.63207635425386
1,1,block_2,2,Provo_ID7,4,1077713,1257085,1,applied_drift,1741607833576,7.846805080771446,-48.63207635425386
1,1,block_2,2,Provo_ID7,4,1077713,1257085,1,applied_drift,1741607833615,7.846805080771446,-48.63207635425386
1,1,block_2,2,Provo_ID7,4,1077713,1257085,1,applied_drift,1741607833642,7.846805080771446,-48.63207635425386
1,1,block_2,2,Provo_ID7,4,1077713,1257085,1,applied_drift,1741607833682,7.846805080771446,-48.63207635425386
1,1,block_2,2,Provo_ID7,4,1077713,1257085,1,applied_drift,1741607833710,7.846805080771446,-48.63207635425386
1,1,block_2,2,Provo_ID7,4,1077713,1257085,1,applied_drift,1741607833743,7.846805080771446,-48.63207635425386
1,1,block_2,2,Provo_ID7,4,1077713,1257085,1,applied_drift,1741607833780,7.846805080771446,-48.63207635425386
1,1,block_2,2,Provo_ID7,4,1077713,1257085,1,applied_drift,1741607833820,7.846805080771446,-48.63207635425386
1,1,block_2,2,Provo_ID7,4,1077713,1257085,1,applied_drift,1741607833848,7.846805080771446,-48.63207635425386
1,1,block_2,2,Provo_ID7,4,1077713,1257085,1,applied_drift,1741607833881,7.846805080771446,-48.63207635425386
1,1,block_2,2,Provo_ID7,4,1077713,1257085,1,applied_drift,1741607833915,7.846805080771446,-48.63207635425386
1,1,block_2,2,Provo_ID7,4,1077713,1257085,1,applied_drift,1741607833944,7.846805080771446,-48.63207635425386
1,1,block_2,2,Provo_ID7,4,1077713,1257085,1,applied_drift,1741607833982,7.846805080771446,-48.63207635425386
1,1,block_2,2,Provo_ID7,4,1077713,1257085,1,applied_drift,1741607834009,7.846805080771446,-48.63207635425386
1,1,block_2,2,Provo_ID7,4,1077713,1257085,1,applied_drift,1741607834048,7.846805080771446,-48.63207635425386
1,1,block_2,2,Provo_ID7,4,1077713,1257085,1,applied_drift,1741607834080,7.846805080771446,-48.63207635425386
1,1,block_2,2,Provo_ID7,4,1077713,1257085,1,applied_drift,1741607834115,7.846805080771446,-48.63207635425386
1,1,block_2,2,Provo_ID7,4,1077713,1257085,1,applied_drift,1741607834144,7.846805080771446,-48.63207635425386
1,1,block_2,2,Provo_ID7,4,1077713,1257085,1,applied_drift,1741607834177,7.846805080771446,-48.63207635425386
1,1,block_2,2,Provo_ID7,4,1077713,1257085,1,applied_drift,1741607834213,7.846805080771446,-48.63207635425386
1,1,block_2,2,Provo_ID7,4,1077713,1257085,1,applied_drift,1741607834254,7.846805080771446,-48.63207635425386
1,1,block_2,2,Provo_ID7,4,1077713,1257085,1,applied_drift,1741607834282,7.846805080771446,-48.63207635425386
1,1,block_2,2,Provo_ID7,4,1077713,1257085,1,applied_drift,1741607834310,7.846805080771446,-48.63207635425386
1,1,block_2,2,Provo_ID7,4,1077713,1257085,1,applied_drift,1741607834344,7.846805080771446,-48.63207635425386
1,1,block_2,2,Provo_ID7,4,1077713,1257085,1,applied_drift,1741607834377,7.846805080771446,-48.63207635425386
1,1,block_2,2,Provo_ID7,4,1077713,1257085,1,applied_drift,1741607834410,7.846805080771446,-48.63207635425386
1,1,block_2,2,Provo_ID7,4,1077713,1257085,1,applied_drift,1741607834446,7.846805080771446,-48.63207635425386
1,1,block_2,2,Provo_ID7,4,1077713,1257085,1,applied_drift,1741607834477,7.846805080771446,-48.63207635425386
1,1,block_2,2,Provo_ID7,4,1077713,1257085,1,applied_drift,1741607834514,7.846805080771446,-48.63207635425386
1,1,block_2,2,Provo_ID7,4,1077713,1257085,1,applied_drift,1741607834544,7.846805080771446,-48.63207635425386
1,1,block_2,2,Provo_ID7,4,1077713,1257085,1,applied_drift,1741607834571,7.846805080771446,-48.63207635425386
1,1,block_2,2,Provo_ID7,4,1077713,1257085,1,applied_drift,1741607834615,7.846805080771446,-48.63207635425386
1,1,block_2,2,Provo_ID7,4,1077713,1257085,1,applied_drift,1741607834648,7.846805080771446,-48.63207635425386
1,1,block_2,2,Provo_ID7,4,1077713,1257085,1,applied_drift,1741607834682,7.846805080771446,-48.63207635425386
1,1,block_2,2,Provo_ID7,4,1077713,1257085,1,applied_drift,1741607834714,7.846805080771446,-48.63207635425386
1,1,block_2,2,Provo_ID7,4,1077713,1257085,1,applied_drift,1741607834739,7.846805080771446,-48.63207635425386
1,1,block_2,2,Provo_ID7,4,1077713,1257085,1,applied_drift,1741607834782,7.846805080771446,-48.63207635425386
1,1,block_2,2,Provo_ID7,4,1077713,1257085,1,applied_drift,1741607834820,7.846805080771446,-48.63207635425386
1,1,block_2,2,Provo_ID7,4,1077713,1257085,1,applied_drift,1741607834853,7.846805080771446,-48.63207635425386
1,1,block_2,2,Provo_ID7,4,1077713,1257085,1,applied_drift,1741607834881,7.846805080771446,-48.63207635425386
1,1,block_2,2,Provo_ID7,4,1077713,1257085,1,applied_drift,1741607834910,7.846805080771446,-48.63207635425386
1,1,block_2,2,Provo_ID7,4,1077713,1257085,1,applied_drift,1741607834944,7.846805080771446,-48.63207635425386
1,1,block_2,2,Provo_ID7,4,1077713,1257085,1,applied_drift,1741607834984,7.846805080771446,-48.63207635425386
1,1,block_2,2,Provo_ID7,4,1077713,1257085,1,applied_drift,1741607835020,7.846805080771446,-48.63207635425386
1,1,block_2,2,Provo_ID7,4,1077713,1257085,1,applied_drift,1741607835048,7.846805080771446,-48.63207635425386
1,1,block_2,2,Provo_ID7,4,1077713,1257085,1,applied_drift,1741607835082,7.846805080771446,-48.63207635425386
1,1,block_2,2,Provo_ID7,4,1077713,1257085,1,applied_drift,1741607835115,7.846805080771446,-48.63207635425386
1,1,block_2,2,Provo_ID7,4,1077713,1257085,1,applied_drift,1741607835149,7.846805080771446,-48.63207635425386
1,1,block_2,2,Provo_ID7,4,1077713,1257085,1,applied_drift,1741607835177,7.846805080771446,-48.63207635425386
1,1,block_2,2,Provo_ID7,4,1077713,1257085,1,applied_drift,1741607835215,7.846805080771446,-48.63207635425386
1,1,block_2,2,Provo_ID7,4,1077713,1257085,1,applied_drift,1741607835252,7.846805080771446,-48.63207635425386
1,1,block_2,2,Provo_ID7,4,1077713,1257085,1,applied_drift,1741607835277,7.846805080771446,-48.63207635425386
1,1,block_2,2,Provo_ID7,4,1077713,1257085,1,applied_drift,1741607835315,7.846805080771446,-48.63207635425386
1,1,block_2,2,Provo_ID7,4,1077713,1257085,1,applied_drift,1741607835348,7.846805080771446,-48.63207635425386
1,1,block_2,2,Provo_ID7,4,1077713,1257085,1,applied_drift,1741607835371,7.846805080771446,-48.63207635425386
1,1,block_2,2,Provo_ID7,4,1077713,1257085,1,applied_drift,1741607835421,7.846805080771446,-48.63207635425386
1,1,block_2,2,Provo_ID7,4,1077713,1257085,1,applied_drift,1741607835441,7.846805080771446,-48.63207635425386
1,1,block_2,2,Provo_ID7,4,1077713,1257085,1,applied_drift,1741607835482,7.846805080771446,-48.63207635425386
1,1,block_2,2,Provo_ID7,4,1077713,1257085,1,applied_drift,1741607835510,7.846805080771446,-48.63207635425386
1,1,block_2,2,Provo_ID7,4,1077713,1257085,1,applied_drift,1741607835541,7.846805080771446,-48.63207635425386
1,1,block_2,2,Provo_ID7,4,1077713,1257085,1,applied_drift,1741607835577,7.846805080771446,-48.63207635425386
1,1,block_2,2,Provo_ID7,4,1077713,1257085,1,applied_drift,1741607835615,7.846805080771446,-48.63207635425386
1,1,block_2,2,Provo_ID7,4,1077713,1257085,1,applied_drift,1741607835649,7.846805080771446,-48.63207635425386
1,1,block_2,2,Provo_ID7,4,1077713,1257085,1,applied_drift,1741607835675,7.846805080771446,-48.63207635425386
1,1,block_2,2,Provo_ID7,4,1077713,1257085,1,applied_drift,1741607835715,7.846805080771446,-48.63207635425386
1,1,block_2,2,Provo_ID7,4,1077713,1257085,1,applied_drift,1741607835748,7.846805080771446,-48.63207635425386
1,1,block_2,2,Provo_ID7,4,1077713,1257085,1,applied_drift,1741607835776,7.846805080771446,-48.63207635425386
1,1,block_2,2,Provo_ID7,4,1077713,1257085,1,applied_drift,1741607835815,7.846805080771446,-48.63207635425386
1,1,block_2,2,Provo_ID7,4,1077713,1257085,1,applied_drift,1741607835853,7.846805080771446,-48.63207635425386
1,1,block_2,2,Provo_ID7,4,1077713,1257085,1,applied_drift,1741607835887,7.846805080771446,-48.63207635425386
1,1,block_2,2,Provo_ID7,4,1077713,1257085,1,applied_drift,1741607835915,7.846805080771446,-48.63207635425386
1,1,block_2,2,Provo_ID7,4,1077713,1257085,1,applied_drift,1741607835948,7.846805080771446,-48.63207635425386
1,1,block_2,2,Provo_ID7,4,1077713,1257085,1,applied_drift,1741607835971,7.846805080771446,-48.63207635425386
1,1,block_2,2,Provo_ID7,4,1077713,1257085,1,applied_drift,1741607836015,7.846805080771446,-48.63207635425386
1,1,block_2,2,Provo_ID7,4,1077713,1257085,1,applied_drift,1741607836048,7.846805080771446,-48.63207635425386
1,1,block_2,2,Provo_ID7,4,1077713,1257085,1,applied_drift,1741607836077,7.846805080771446,-48.63207635425386
1,1,block_2,2,Provo_ID7,4,1077713,1257085,1,applied_drift,1741607836116,7.846805080771446,-48.63207635425386
1,1,block_2,2,Provo_ID7,4,1077713,1257085,1,applied_drift,1741607836148,7.846805080771446,-48.63207635425386
1,1,block_2,2,Provo_ID7,4,1077713,1257085,1,applied_drift,1741607836172,7.846805080771446,-48.63207635425386
1,1,block_2,2,Provo_ID7,4,1077713,1257085,1,applied_drift,1741607836218,7.846805080771446,-48.63207635425386
1,1,block_2,2,Provo_ID7,4,1077713,1257085,1,applied_drift,1741607836251,7.846805080771446,-48.63207635425386
1,1,block_2,2,Provo_ID7,4,1077713,1257085,1,applied_drift,1741607836282,7.846805080771446,-48.63207635425386
1,1,block_2,2,Provo_ID7,4,1077713,1257085,1,applied_drift,1741607836315,7.846805080771446,-48.63207635425386
1,1,block_2,2,Provo_ID7,4,1077713,1257085,1,applied_drift,1741607836347,7.846805080771446,-48.63207635425386
1,1,block_2,2,Provo_ID7,4,1077713,1257085,1,applied_drift,1741607836382,7.846805080771446,-48.63207635425386
1,1,block_2,2,Provo_ID7,4,1077713,1257085,1,applied_drift,1741607836410,7.846805080771446,-48.63207635425386
1,1,block_2,2,Provo_ID7,4,1077713,1257085,1,applied_drift,1741607836449,7.846805080771446,-48.63207635425386
1,1,block_2,2,Provo_ID7,4,1077713,1257085,1,applied_drift,1741607836488,7.846805080771446,-48.63207635425386
1,1,block_2,2,Provo_ID7,4,1077713,1257085,1,applied_drift,1741607836510,7.846805080771446,-48.63207635425386
1,1,block_2,2,Provo_ID7,4,1077713,1257085,1,applied_drift,1741607836548,7.846805080771446,-48.63207635425386
1,1,block_2,2,Provo_ID7,4,1077713,1257085,1,applied_drift,1741607836582,7.846805080771446,-48.63207635425386
1,1,block_2,2,Provo_ID7,4,1077713,1257085,1,applied_drift,1741607836611,7.846805080771446,-48.63207635425386
1,1,block_2,2,Provo_ID7,4,1077713,1257085,1,applied_drift,1741607836654,7.846805080771446,-48.63207635425386
1,1,block_2,2,Provo_ID7,4,1077713,1257085,1,applied_drift,1741607836687,7.846805080771446,-48.63207635425386
1,1,block_2,2,Provo_ID7,4,1077713,1257085,1,applied_drift,1741607836715,7.846805080771446,-48.63207635425386
1,1,block_2,2,Provo_ID7,4,1077713,1257085,1,applied_drift,1741607836748,7.846805080771446,-48.63207635425386
1,1,block_2,2,Provo_ID7,4,1077713,1257085,1,applied_drift,1741607836776,7.846805080771446,-48.63207635425386
1,1,block_2,2,Provo_ID7,4,1077713,1257085,1,applied_drift,1741607836815,7.846805080771446,-48.63207635425386
1,1,block_2,2,Provo_ID7,4,1077713,1257085,1,applied_drift,1741607836844,7.846805080771446,-48.63207635425386
1,1,block_2,2,Provo_ID7,4,1077713,1257085,1,applied_drift,1741607836881,7.846805080771446,-48.63207635425386
1,1,block_2,2,Provo_ID7,4,1077713,1257085,1,applied_drift,1741607836909,7.846805080771446,-48.63207635425386
1,1,block_2,2,Provo_ID7,4,1077713,1257085,1,applied_drift,1741607836949,7.846805080771446,-48.63207635425386
1,1,block_2,2,Provo_ID7,4,1077713,1257085,1,applied_drift,1741607836977,7.846805080771446,-48.63207635425386
1,1,block_2,2,Provo_ID7,4,1077713,1257085,1,applied_drift,1741607837005,7.846805080771446,-48.63207635425386
1,1,block_2,2,Provo_ID7,4,1077713,1257085,1,applied_drift,1741607837053,7.846805080771446,-48.63207635425386
1,1,block_2,2,Provo_ID7,4,1077713,1257085,1,applied_drift,1741607837081,7.846805080771446,-48.63207635425386
1,1,block_2,2,Provo_ID7,4,1077713,1257085,1,applied_drift,1741607837109,7.846805080771446,-48.63207635425386
1,1,block_2,2,Provo_ID7,4,1077713,1257085,1,applied_drift,1741607837148,7.846805080771446,-48.63207635425386
1,1,block_2,2,Provo_ID7,4,1077713,1257085,1,applied_drift,1741607837177,7.846805080771446,-48.63207635425386
1,1,block_2,2,Provo_ID7,4,1077713,1257085,1,applied_drift,1741607837208,7.846805080771446,-48.63207635425386
1,1,block_2,2,Provo_ID7,4,1077713,1257085,1,applied_drift,1741607837249,7.846805080771446,-48.63207635425386
1,1,block_2,2,Provo_ID7,4,1077713,1257085,1,applied_drift,1741607837277,7.846805080771446,-48.63207635425386
1,1,block_2,2,Provo_ID7,4,1077713,1257085,1,applied_drift,1741607837313,7.846805080771446,-48.63207635425386
1,1,block_2,2,Provo_ID7,4,1077713,1257085,1,applied_drift,1741607837343,7.846805080771446,-48.63207635425386
1,1,block_2,2,Provo_ID7,4,1077713,1257085,1,applied_drift,1741607837377,7.846805080771446,-48.63207635425386
1,1,block_2,2,Provo_ID7,4,1077713,1257085,1,applied_drift,1741607837420,7.846805080771446,-48.63207635425386
1,1,block_2,2,Provo_ID7,4,1077713,1257085,1,applied_drift,1741607837453,7.846805080771446,-48.63207635425386
1,1,block_2,2,Provo_ID7,4,1077713,1257085,1,applied_drift,1741607837476,7.846805080771446,-48.63207635425386
1,1,block_2,2,Provo_ID7,4,1077713,1257085,1,applied_drift,1741607837515,7.846805080771446,-48.63207635425386
1,1,block_2,2,Provo_ID7,4,1077713,1257085,1,applied_drift,1741607837548,7.846805080771446,-48.63207635425386
1,1,block_2,2,Provo_ID7,4,1077713,1257085,1,applied_drift,1741607837580,7.846805080771446,-48.63207635425386
1,1,block_2,2,Provo_ID7,4,1077713,1257085,1,applied_drift,1741607837609,7.846805080771446,-48.63207635425386
1,1,block_2,2,Provo_ID7,4,1077713,1257085,1,applied_drift,1741607837639,7.846805080771446,-48.63207635425386
1,1,block_2,2,Provo_ID7,4,1077713,1257085,1,applied_drift,1741607837676,7.846805080771446,-48.63207635425386
1,1,block_2,2,Provo_ID7,4,1077713,1257085,1,applied_drift,1741607837715,7.846805080771446,-48.63207635425386
1,1,block_2,2,Provo_ID7,4,1077713,1257085,1,applied_drift,1741607837749,7.846805080771446,-48.63207635425386
1,1,block_2,2,Provo_ID7,4,1077713,1257085,1,applied_drift,1741607837781,7.846805080771446,-48.63207635425386
1,1,block_2,2,Provo_ID7,4,1077713,1257085,1,applied_drift,1741607837815,7.846805080771446,-48.63207635425386
1,1,block_2,2,Provo_ID7,4,1077713,1257085,1,applied_drift,1741607837843,7.846805080771446,-48.63207635425386
1,1,block_2,2,Provo_ID7,4,1077713,1257085,1,applied_drift,1741607837872,7.846805080771446,-48.63207635425386
1,1,block_2,2,Provo_ID7,4,1077713,1257085,1,applied_drift,1741607837915,7.846805080771446,-48.63207635425386
1,1,block_2,2,Provo_ID7,4,1077713,1257085,1,applied_drift,1741607837943,7.846805080771446,-48.63207635425386
1,1,block_2,2,Provo_ID7,4,1077713,1257085,1,applied_drift,1741607837982,7.846805080771446,-48.63207635425386
1,1,block_2,2,Provo_ID7,4,1077713,1257085,1,applied_drift,1741607838010,7.846805080771446,-48.63207635425386
1,1,block_2,2,Provo_ID7,4,1077713,1257085,1,applied_drift,1741607838044,7.846805080771446,-48.63207635425386
1,1,block_2,2,Provo_ID7,4,1077713,1257085,1,applied_drift,1741607838076,7.846805080771446,-48.63207635425386
1,1,block_2,2,Provo_ID7,4,1077713,1257085,1,applied_drift,1741607838115,7.846805080771446,-48.63207635425386
1,1,block_2,2,Provo_ID7,4,1077713,1257085,1,applied_drift,1741607838149,7.846805080771446,-48.63207635425386
1,1,block_2,2,Provo_ID7,4,1077713,1257085,1,applied_drift,1741607838187,7.846805080771446,-48.63207635425386
1,1,block_2,2,Provo_ID7,4,1077713,1257085,1,applied_drift,1741607838215,7.846805080771446,-48.63207635425386
1,1,block_2,2,Provo_ID7,4,1077713,1257085,1,applied_drift,1741607838243,7.846805080771446,-48.63207635425386
1,1,block_2,2,Provo_ID7,4,1077713,1257085,1,applied_drift,1741607838286,7.846805080771446,-48.63207635425386
1,1,block_2,2,Provo_ID7,4,1077713,1257085,1,applied_drift,1741607838315,7.846805080771446,-48.63207635425386
1,1,block_2,2,Provo_ID7,4,1077713,1257085,1,applied_drift,1741607838348,7.846805080771446,-48.63207635425386
1,1,block_2,2,Provo_ID7,4,1077713,1257085,1,applied_drift,1741607838377,7.846805080771446,-48.63207635425386
1,1,block_2,2,Provo_ID7,4,1077713,1257085,1,applied_drift,1741607838414,7.846805080771446,-48.63207635425386
1,1,block_2,2,Provo_ID7,4,1077713,1257085,1,applied_drift,1741607838443,7.846805080771446,-48.63207635425386
1,1,block_2,2,Provo_ID7,4,1077713,1257085,1,applied_drift,1741607838482,7.846805080771446,-48.63207635425386
1,1,block_2,2,Provo_ID7,4,1077713,1257085,1,applied_drift,1741607838510,7.846805080771446,-48.63207635425386
1,1,block_2,2,Provo_ID7,4,1077713,1257085,1,applied_drift,1741607838548,7.846805080771446,-48.63207635425386
1,1,block_2,2,Provo_ID7,4,1077713,1257085,1,applied_drift,1741607838578,7.846805080771446,-48.63207635425386
1,1,block_2,2,Provo_ID7,4,1077713,1257085,1,applied_drift,1741607838615,7.846805080771446,-48.63207635425386
1,1,block_2,2,Provo_ID7,4,1077713,1257085,1,applied_drift,1741607838648,7.846805080771446,-48.63207635425386
1,1,block_2,2,Provo_ID7,4,1077713,1257085,1,applied_drift,1741607838680,7.846805080771446,-48.63207635425386
1,1,block_2,2,Provo_ID7,4,1077713,1257085,1,applied_drift,1741607838710,7.846805080771446,-48.63207635425386
1,1,block_2,2,Provo_ID7,4,1077713,1257085,1,applied_drift,1741607838744,7.846805080771446,-48.63207635425386
1,1,block_2,2,Provo_ID7,4,1077713,1257085,1,applied_drift,1741607838778,7.846805080771446,-48.63207635425386
1,1,block_2,2,Provo_ID7,4,1077713,1257085,1,applied_drift,1741607838815,7.846805080771446,-48.63207635425386
1,1,block_2,2,Provo_ID7,4,1077713,1257085,1,applied_drift,1741607838848,7.846805080771446,-48.63207635425386
1,1,block_2,2,Provo_ID7,4,1077713,1257085,1,applied_drift,1741607838881,7.846805080771446,-48.63207635425386
1,1,block_2,2,Provo_ID7,4,1077713,1257085,1,applied_drift,1741607838910,7.846805080771446,-48.63207635425386
1,1,block_2,2,Provo_ID7,4,1077713,1257085,1,applied_drift,1741607838943,7.846805080771446,-48.63207635425386
1,1,block_2,2,Provo_ID7,4,1077713,1257085,1,applied_drift,1741607838987,7.846805080771446,-48.63207635425386
1,1,block_2,2,Provo_ID7,4,1077713,1257085,1,applied_drift,1741607839015,7.846805080771446,-48.63207635425386
1,1,block_2,2,Provo_ID7,4,1077713,1257085,1,applied_drift,1741607839049,7.846805080771446,-48.63207635425386
1,1,block_2,2,Provo_ID7,4,1077713,1257085,1,applied_drift,1741607839083,7.846805080771446,-48.63207635425386
1,1,block_2,2,Provo_ID7,4,1077713,1257085,1,applied_drift,1741607839106,7.846805080771446,-48.63207635425386
1,1,block_2,2,Provo_ID7,4,1077713,1257085,1,applied_drift,1741607839155,7.846805080771446,-48.63207635425386
1,1,block_2,2,Provo_ID7,4,1077713,1257085,1,applied_drift,1741607839181,7.846805080771446,-48.63207635425386
1,1,block_2,2,Provo_ID7,4,1077713,1257085,1,applied_drift,1741607839210,7.846805080771446,-48.63207635425386
1,1,block_2,2,Provo_ID7,4,1077713,1257085,1,applied_drift,1741607839248,7.846805080771446,-48.63207635425386
1,1,block_2,2,Provo_ID7,4,1077713,1257085,1,applied_drift,1741607839281,7.846805080771446,-48.63207635425386
1,1,block_2,2,Provo_ID7,4,1077713,1257085,1,applied_drift,1741607839310,7.846805080771446,-48.63207635425386
1,1,block_2,2,Provo_ID7,4,1077713,1257085,1,applied_drift,1741607839353,7.846805080771446,-48.63207635425386
1,1,block_2,2,Provo_ID7,4,1077713,1257085,1,applied_drift,1741607839381,7.846805080771446,-48.63207635425386
1,1,block_2,2,Provo_ID7,4,1077713,1257085,1,applied_drift,1741607839410,7.846805080771446,-48.63207635425386
1,1,block_2,2,Provo_ID7,4,1077713,1257085,1,applied_drift,1741607839448,7.846805080771446,-48.63207635425386
1,1,block_2,2,Provo_ID7,4,1077713,1257085,1,applied_drift,1741607839471,7.846805080771446,-48.63207635425386
1,1,block_2,2,Provo_ID7,4,1077713,1257085,1,applied_drift,1741607839514,7.846805080771446,-48.63207635425386
1,1,block_2,2,Provo_ID7,4,1077713,1257085,1,applied_drift,1741607839548,7.846805080771446,-48.63207635425386
1,1,block_2,2,Provo_ID7,4,1077713,1257085,1,applied_drift,1741607839581,7.846805080771446,-48.63207635425386
1,1,block_2,2,Provo_ID7,4,1077713,1257085,1,applied_drift,1741607839609,7.846805080771446,-48.63207635425386
1,1,block_2,2,Provo_ID7,4,1077713,1257085,1,applied_drift,1741607839639,7.846805080771446,-48.63207635425386
1,1,block_2,2,Provo_ID7,4,1077713,1257085,1,applied_drift,1741607839682,7.846805080771446,-48.63207635425386
1,1,block_2,2,Provo_ID7,4,1077713,1257085,1,applied_drift,1741607839715,7.846805080771446,-48.63207635425386
1,1,block_2,2,Provo_ID7,4,1077713,1257085,1,applied_drift,1741607839743,7.846805080771446,-48.63207635425386
1,1,block_2,2,Provo_ID7,4,1077713,1257085,1,applied_drift,1741607839775,7.846805080771446,-48.63207635425386
1,1,block_2,2,Provo_ID7,4,1077713,1257085,1,applied_drift,1741607839815,7.846805080771446,-48.63207635425386
1,1,block_2,2,Provo_ID7,4,1077713,1257085,1,applied_drift,1741607839852,7.846805080771446,-48.63207635425386
1,1,block_2,2,Provo_ID7,4,1077713,1257085,1,applied_drift,1741607839886,7.846805080771446,-48.63207635425386
1,1,block_2,2,Provo_ID7,4,1077713,1257085,1,applied_drift,1741607839919,7.846805080771446,-48.63207635425386
1,1,block_2,2,Provo_ID7,4,1077713,1257085,1,applied_drift,1741607839948,7.846805080771446,-48.63207635425386
1,1,block_2,2,Provo_ID7,4,1077713,1257085,1,applied_drift,1741607839982,7.846805080771446,-48.63207635425386
1,1,block_2,2,Provo_ID7,4,1077713,1257085,1,applied_drift,1741607840005,7.846805080771446,-48.63207635425386
1,1,block_2,2,Provo_ID7,4,1077713,1257085,1,applied_drift,1741607840049,7.846805080771446,-48.63207635425386
1,1,block_2,2,Provo_ID7,4,1077713,1257085,1,applied_drift,1741607840087,7.846805080771446,-48.63207635425386
1,1,block_2,2,Provo_ID7,4,1077713,1257085,1,applied_drift,1741607840115,7.846805080771446,-48.63207635425386
1,1,block_2,2,Provo_ID7,4,1077713,1257085,1,applied_drift,1741607840142,7.846805080771446,-48.63207635425386
1,1,block_2,2,Provo_ID7,4,1077713,1257085,1,applied_drift,1741607840171,7.846805080771446,-48.63207635425386
1,1,block_2,2,Provo_ID7,4,1077713,1257085,1,applied_drift,1741607840218,7.846805080771446,-48.63207635425386
1,1,block_2,2,Provo_ID7,4,1077713,1257085,1,applied_drift,1741607840246,7.846805080771446,-48.63207635425386
1,1,block_2,2,Provo_ID7,4,1077713,1257085,1,applied_drift,1741607840286,7.846805080771446,-48.63207635425386
1,1,block_2,2,Provo_ID7,4,1077713,1257085,1,applied_drift,1741607840315,7.846805080771446,-48.63207635425386
1,1,block_2,2,Provo_ID7,4,1077713,1257085,1,applied_drift,1741607840348,7.846805080771446,-48.63207635425386
1,1,block_2,2,Provo_ID7,4,1077713,1257085,1,applied_drift,1741607840378,7.846805080771446,-48.63207635425386
1,1,block_2,2,Provo_ID7,4,1077713,1257085,1,applied_drift,1741607840415,7.846805080771446,-48.63207635425386
1,1,block_2,2,Provo_ID7,4,1077713,1257085,1,applied_drift,1741607840446,7.846805080771446,-48.63207635425386
1,1,block_2,2,Provo_ID7,4,1077713,1257085,1,applied_drift,1741607840482,7.846805080771446,-48.63207635425386
1,1,block_2,2,Provo_ID7,4,1077713,1257085,1,applied_drift,1741607840510,7.846805080771446,-48.63207635425386
1,1,block_2,2,Provo_ID7,4,1077713,1257085,1,applied_drift,1741607840539,7.846805080771446,-48.63207635425386
1,1,block_2,2,Provo_ID7,4,1077713,1257085,1,applied_drift,1741607840582,7.846805080771446,-48.63207635425386
1,1,block_2,2,Provo_ID7,4,1077713,1257085,1,applied_drift,1741607840615,7.846805080771446,-48.63207635425386
1,1,block_2,2,Provo_ID7,4,1077713,1257085,1,applied_drift,1741607840648,7.846805080771446,-48.63207635425386
1,1,block_2,2,Provo_ID7,4,1077713,1257085,1,applied_drift,1741607840682,7.846805080771446,-48.63207635425386
1,1,block_2,2,Provo_ID7,4,1077713,1257085,1,applied_drift,1741607840706,7.846805080771446,-48.63207635425386
1,1,block_2,2,Provo_ID7,4,1077713,1257085,1,applied_drift,1741607840748,7.846805080771446,-48.63207635425386
1,1,block_2,2,Provo_ID7,4,1077713,1257085,1,applied_drift,1741607840776,7.846805080771446,-48.63207635425386
1,1,block_2,2,Provo_ID7,4,1077713,1257085,1,applied_drift,1741607840815,7.846805080771446,-48.63207635425386
1,1,block_2,2,Provo_ID7,4,1077713,1257085,1,applied_drift,1741607840844,7.846805080771446,-48.63207635425386
1,1,block_2,2,Provo_ID7,4,1077713,1257085,1,applied_drift,1741607840875,7.846805080771446,-48.63207635425386
1,1,block_2,2,Provo_ID7,4,1077713,1257085,1,applied_drift,1741607840915,7.846805080771446,-48.63207635425386
1,1,block_2,2,Provo_ID7,4,1077713,1257085,1,applied_drift,1741607840952,7.846805080771446,-48.63207635425386
1,1,block_2,2,Provo_ID7,4,1077713,1257085,1,applied_drift,1741607840979,7.846805080771446,-48.63207635425386
1,1,block_2,2,Provo_ID7,4,1077713,1257085,1,applied_drift,1741607841015,7.846805080771446,-48.63207635425386
1,1,block_2,2,Provo_ID7,4,1077713,1257085,1,applied_drift,1741607841044,7.846805080771446,-48.63207635425386
1,1,block_2,2,Provo_ID7,4,1077713,1257085,1,applied_drift,1741607841072,7.846805080771446,-48.63207635425386
1,1,block_2,2,Provo_ID7,4,1077713,1257085,1,applied_drift,1741607841114,7.846805080771446,-48.63207635425386
1,1,block_2,2,Provo_ID7,4,1077713,1257085,1,applied_drift,1741607841153,7.846805080771446,-48.63207635425386
1,1,block_2,2,Provo_ID7,4,1077713,1257085,1,applied_drift,1741607841181,7.846805080771446,-48.63207635425386
1,1,block_2,2,Provo_ID7,4,1077713,1257085,1,applied_drift,1741607841215,7.846805080771446,-48.63207635425386
1,1,block_2,2,Provo_ID7,4,1077713,1257085,1,applied_drift,1741607841253,7.846805080771446,-48.63207635425386
1,1,block_2,2,Provo_ID7,4,1077713,1257085,1,applied_drift,1741607841282,7.846805080771446,-48.63207635425386
1,1,block_2,2,Provo_ID7,4,1077713,1257085,1,applied_drift,1741607841310,7.846805080771446,-48.63207635425386
1,1,block_2,2,Provo_ID7,4,1077713,1257085,1,applied_drift,1741607841344,7.846805080771446,-48.63207635425386
1,1,block_2,2,Provo_ID7,4,1077713,1257085,1,applied_drift,1741607841382,7.846805080771446,-48.63207635425386
1,1,block_2,2,Provo_ID7,4,1077713,1257085,1,applied_drift,1741607841415,7.846805080771446,-48.63207635425386
1,1,block_2,2,Provo_ID7,4,1077713,1257085,1,applied_drift,1741607841448,7.846805080771446,-48.63207635425386
1,1,block_2,2,Provo_ID7,4,1077713,1257085,1,applied_drift,1741607841481,7.846805080771446,-48.63207635425386
1,1,block_2,2,Provo_ID7,4,1077713,1257085,1,applied_drift,1741607841510,7.846805080771446,-48.63207635425386
1,1,block_2,2,Provo_ID7,4,1077713,1257085,1,applied_drift,1741607841544,7.846805080771446,-48.63207635425386
1,1,block_2,2,Provo_ID7,4,1077713,1257085,1,applied_drift,1741607841586,7.846805080771446,-48.63207635425386
1,1,block_2,2,Provo_ID7,4,1077713,1257085,1,applied_drift,1741607841615,7.846805080771446,-48.63207635425386
1,1,block_2,2,Provo_ID7,4,1077713,1257085,1,applied_drift,1741607841651,7.846805080771446,-48.63207635425386
1,1,block_2,2,Provo_ID7,4,1077713,1257085,1,applied_drift,1741607841682,7.846805080771446,-48.63207635425386
1,1,block_2,2,Provo_ID7,4,1077713,1257085,1,applied_drift,1741607841715,7.846805080771446,-48.63207635425386
1,1,block_2,2,Provo_ID7,4,1077713,1257085,1,applied_drift,1741607841742,7.846805080771446,-48.63207635425386
1,1,block_2,2,Provo_ID7,4,1077713,1257085,1,applied_drift,1741607841772,7.846805080771446,-48.63207635425386
1,1,block_2,2,Provo_ID7,4,1077713,1257085,1,applied_drift,1741607841819,7.846805080771446,-48.63207635425386
1,1,block_2,2,Provo_ID7,4,1077713,1257085,1,applied_drift,1741607841848,7.846805080771446,-48.63207635425386
1,1,block_2,2,Provo_ID7,4,1077713,1257085,1,applied_drift,1741607841877,7.846805080771446,-48.63207635425386
1,1,block_2,2,Provo_ID7,4,1077713,1257085,1,applied_drift,1741607841915,7.846805080771446,-48.63207635425386
1,1,block_2,2,Provo_ID7,4,1077713,1257085,1,applied_drift,1741607841947,7.846805080771446,-48.63207635425386
1,1,block_2,2,Provo_ID7,4,1077713,1257085,1,applied_drift,1741607841986,7.846805080771446,-48.63207635425386
1,1,block_2,2,Provo_ID7,4,1077713,1257085,1,applied_drift,1741607842013,7.846805080771446,-48.63207635425386
1,1,block_2,2,Provo_ID7,4,1077713,1257085,1,applied_drift,1741607842053,7.846805080771446,-48.63207635425386
1,1,block_2,2,Provo_ID7,4,1077713,1257085,1,applied_drift,1741607842080,7.846805080771446,-48.63207635425386
1,1,block_2,2,Provo_ID7,4,1077713,1257085,1,applied_drift,1741607842106,7.846805080771446,-48.63207635425386
1,1,block_2,2,Provo_ID7,4,1077713,1257085,1,applied_drift,1741607842144,7.846805080771446,-48.63207635425386
1,1,block_2,2,Provo_ID7,4,1077713,1257085,1,applied_drift,1741607842182,7.846805080771446,-48.63207635425386
1,1,block_2,2,Provo_ID7,4,1077713,1257085,1,applied_drift,1741607842210,7.846805080771446,-48.63207635425386
1,1,block_2,2,Provo_ID7,4,1077713,1257085,1,applied_drift,1741607842247,7.846805080771446,-48.63207635425386
1,1,block_2,2,Provo_ID7,4,1077713,1257085,1,applied_drift,1741607842282,7.846805080771446,-48.63207635425386
1,1,block_2,2,Provo_ID7,4,1077713,1257085,1,applied_drift,1741607842313,7.846805080771446,-48.63207635425386
1,1,block_2,2,Provo_ID7,4,1077713,1257085,1,applied_drift,1741607842342,7.846805080771446,-48.63207635425386
1,1,block_2,2,Provo_ID7,4,1077713,1257085,1,applied_drift,1741607842386,7.846805080771446,-48.63207635425386
1,1,block_2,2,Provo_ID7,4,1077713,1257085,1,applied_drift,1741607842415,7.846805080771446,-48.63207635425386
1,1,block_2,2,Provo_ID7,4,1077713,1257085,1,applied_drift,1741607842443,7.846805080771446,-48.63207635425386
1,1,block_2,2,Provo_ID7,4,1077713,1257085,1,applied_drift,1741607842487,7.846805080771446,-48.63207635425386
1,1,block_2,2,Provo_ID7,4,1077713,1257085,1,applied_drift,1741607842515,7.846805080771446,-48.63207635425386
1,1,block_2,2,Provo_ID7,4,1077713,1257085,1,applied_drift,1741607842548,7.846805080771446,-48.63207635425386
1,1,block_2,2,Provo_ID7,4,1077713,1257085,1,applied_drift,1741607842577,7.846805080771446,-48.63207635425386
1,1,block_2,2,Provo_ID7,4,1077713,1257085,1,applied_drift,1741607842610,7.846805080771446,-48.63207635425386
1,1,block_2,2,Provo_ID7,4,1077713,1257085,1,applied_drift,1741607842648,7.846805080771446,-48.63207635425386
1,1,block_2,2,Provo_ID7,4,1077713,1257085,1,applied_drift,1741607842677,7.846805080771446,-48.63207635425386
1,1,block_2,2,Provo_ID7,4,1077713,1257085,1,applied_drift,1741607842714,7.846805080771446,-48.63207635425386
1,1,block_2,2,Provo_ID7,4,1077713,1257085,1,applied_drift,1741607842749,7.846805080771446,-48.63207635425386
1,1,block_2,2,Provo_ID7,4,1077713,1257085,1,applied_drift,1741607842781,7.846805080771446,-48.63207635425386
1,1,block_2,2,Provo_ID7,4,1077713,1257085,1,applied_drift,1741607842810,7.846805080771446,-48.63207635425386
1,1,block_2,2,Provo_ID7,4,1077713,1257085,1,applied_drift,1741607842844,7.846805080771446,-48.63207635425386
1,1,block_2,2,Provo_ID7,4,1077713,1257085,1,applied_drift,1741607842881,7.846805080771446,-48.63207635425386
1,1,block_2,2,Provo_ID7,4,1077713,1257085,1,applied_drift,1741607842915,7.846805080771446,-48.63207635425386
1,1,block_2,2,Provo_ID7,4,1077713,1257085,1,applied_drift,1741607842947,7.846805080771446,-48.63207635425386
1,1,block_2,2,Provo_ID7,4,1077713,1257085,1,applied_drift,1741607842982,7.846805080771446,-48.63207635425386
1,1,block_2,2,Provo_ID7,4,1077713,1257085,1,applied_drift,1741607843014,7.846805080771446,-48.63207635425386
1,1,block_2,2,Provo_ID7,4,1077713,1257085,1,applied_drift,1741607843042,7.846805080771446,-48.63207635425386
1,1,block_2,2,Provo_ID7,4,1077713,1257085,1,applied_drift,1741607843082,7.846805080771446,-48.63207635425386
1,1,block_2,2,Provo_ID7,4,1077713,1257085,1,applied_drift,1741607843112,7.846805080771446,-48.63207635425386
1,1,block_2,2,Provo_ID7,4,1077713,1257085,1,applied_drift,1741607843137,7.846805080771446,-48.63207635425386
1,1,block_2,2,Provo_ID7,4,1077713,1257085,1,applied_drift,1741607843184,7.846805080771446,-48.63207635425386
1,1,block_2,2,Provo_ID7,4,1077713,1257085,1,applied_drift,1741607843210,7.846805080771446,-48.63207635425386
1,1,block_2,2,Provo_ID7,4,1077713,1257085,1,applied_drift,1741607843248,7.846805080771446,-48.63207635425386
1,1,block_2,2,Provo_ID7,4,1077713,1257085,1,applied_drift,1741607843278,7.846805080771446,-48.63207635425386
1,1,block_2,2,Provo_ID7,4,1077713,1257085,1,applied_drift,1741607843305,7.846805080771446,-48.63207635425386
1,1,block_2,2,Provo_ID7,4,1077713,1257085,1,applied_drift,1741607843349,7.846805080771446,-48.63207635425386
1,1,block_2,2,Provo_ID7,4,1077713,1257085,1,applied_drift,1741607843383,7.846805080771446,-48.63207635425386
1,1,block_2,2,Provo_ID7,4,1077713,1257085,1,applied_drift,1741607843416,7.846805080771446,-48.63207635425386
1,1,block_2,2,Provo_ID7,4,1077713,1257085,1,applied_drift,1741607843449,7.846805080771446,-48.63207635425386
1,1,block_2,2,Provo_ID7,4,1077713,1257085,1,applied_drift,1741607843478,7.846805080771446,-48.63207635425386
1,1,block_2,2,Provo_ID7,4,1077713,1257085,1,applied_drift,1741607843515,7.846805080771446,-48.63207635425386
1,1,block_2,2,Provo_ID7,4,1077713,1257085,1,applied_drift,1741607843548,7.846805080771446,-48.63207635425386
1,1,block_2,2,Provo_ID7,4,1077713,1257085,1,applied_drift,1741607843576,7.846805080771446,-48.63207635425386
1,1,block_2,2,Provo_ID7,4,1077713,1257085,1,applied_drift,1741607843615,7.846805080771446,-48.63207635425386
1,1,block_2,2,Provo_ID7,4,1077713,1257085,1,applied_drift,1741607843643,7.846805080771446,-48.63207635425386
1,1,block_2,2,Provo_ID7,4,1077713,1257085,1,applied_drift,1741607843673,7.846805080771446,-48.63207635425386
1,1,block_2,2,Provo_ID7,4,1077713,1257085,1,applied_drift,1741607843715,7.846805080771446,-48.63207635425386
1,1,block_2,2,Provo_ID7,4,1077713,1257085,1,applied_drift,1741607843743,7.846805080771446,-48.63207635425386
1,1,block_2,2,Provo_ID7,4,1077713,1257085,1,applied_drift,1741607843782,7.846805080771446,-48.63207635425386
1,1,block_2,2,Provo_ID7,4,1077713,1257085,1,applied_drift,1741607843810,7.846805080771446,-48.63207635425386
1,1,block_2,2,Provo_ID7,4,1077713,1257085,1,applied_drift,1741607843845,7.846805080771446,-48.63207635425386
1,1,block_2,2,Provo_ID7,4,1077713,1257085,1,applied_drift,1741607843880,7.846805080771446,-48.63207635425386
1,1,block_2,2,Provo_ID7,4,1077713,1257085,1,applied_drift,1741607843919,7.846805080771446,-48.63207635425386
1,1,block_2,2,Provo_ID7,4,1077713,1257085,1,applied_drift,1741607843954,7.846805080771446,-48.63207635425386
1,1,block_2,2,Provo_ID7,4,1077713,1257085,1,applied_drift,1741607843981,7.846805080771446,-48.63207635425386
1,1,block_2,2,Provo_ID7,4,1077713,1257085,1,applied_drift,1741607844020,7.846805080771446,-48.63207635425386
1,1,block_2,2,Provo_ID7,4,1077713,1257085,1,applied_drift,1741607844043,7.846805080771446,-48.63207635425386
1,1,block_2,2,Provo_ID7,4,1077713,1257085,1,applied_drift,1741607844078,7.846805080771446,-48.63207635425386
1,1,block_2,2,Provo_ID7,4,1077713,1257085,1,applied_drift,1741607844112,7.846805080771446,-48.63207635425386
1,1,block_2,2,Provo_ID7,4,1077713,1257085,1,applied_drift,1741607844143,7.846805080771446,-48.63207635425386
1,1,block_2,2,Provo_ID7,4,1077713,1257085,1,applied_drift,1741607844182,7.846805080771446,-48.63207635425386
1,1,block_2,2,Provo_ID7,4,1077713,1257085,1,applied_drift,1741607844215,7.846805080771446,-48.63207635425386
1,1,block_2,2,Provo_ID7,4,1077713,1257085,1,applied_drift,1741607844243,7.846805080771446,-48.63207635425386
1,1,block_2,2,Provo_ID7,4,1077713,1257085,1,applied_drift,1741607844277,7.846805080771446,-48.63207635425386
1,1,block_2,2,Provo_ID7,4,1077713,1257085,1,applied_drift,1741607844305,7.846805080771446,-48.63207635425386
1,1,block_2,2,Provo_ID7,4,1077713,1257085,1,applied_drift,1741607844349,7.846805080771446,-48.63207635425386
1,1,block_2,2,Provo_ID7,4,1077713,1257085,1,applied_drift,1741607844386,7.846805080771446,-48.63207635425386
1,1,block_2,2,Provo_ID7,4,1077713,1257085,1,applied_drift,1741607844414,7.846805080771446,-48.63207635425386
1,1,block_2,2,Provo_ID7,4,1077713,1257085,1,applied_drift,1741607844448,7.846805080771446,-48.63207635425386
1,1,block_2,2,Provo_ID7,4,1077713,1257085,1,applied_drift,1741607844482,7.846805080771446,-48.63207635425386
1,1,block_2,2,Provo_ID7,4,1077713,1257085,1,applied_drift,1741607844510,7.846805080771446,-48.63207635425386
1,1,block_2,2,Provo_ID7,4,1077713,1257085,1,applied_drift,1741607844549,7.846805080771446,-48.63207635425386
1,1,block_2,2,Provo_ID7,4,1077713,1257085,1,applied_drift,1741607844579,7.846805080771446,-48.63207635425386
1,1,block_2,2,Provo_ID7,4,1077713,1257085,1,applied_drift,1741607844615,7.846805080771446,-48.63207635425386
1,1,block_2,2,Provo_ID7,4,1077713,1257085,1,applied_drift,1741607844638,7.846805080771446,-48.63207635425386
1,1,block_2,2,Provo_ID7,4,1077713,1257085,1,applied_drift,1741607844680,7.846805080771446,-48.63207635425386
1,1,block_2,2,Provo_ID7,4,1077713,1257085,1,applied_drift,1741607844710,7.846805080771446,-48.63207635425386
1,1,block_2,2,Provo_ID7,4,1077713,1257085,1,applied_drift,1741607844748,7.846805080771446,-48.63207635425386
1,1,block_2,2,Provo_ID7,4,1077713,1257085,1,applied_drift,1741607844781,7.846805080771446,-48.63207635425386
1,1,block_2,2,Provo_ID7,4,1077713,1257085,1,applied_drift,1741607844810,7.846805080771446,-48.63207635425386
1,1,block_2,2,Provo_ID7,4,1077713,1257085,1,applied_drift,1741607844839,7.846805080771446,-48.63207635425386
1,1,block_2,2,Provo_ID7,4,1077713,1257085,1,applied_drift,1741607844882,7.846805080771446,-48.63207635425386
1,1,block_2,2,Provo_ID7,4,1077713,1257085,1,applied_drift,1741607844915,7.846805080771446,-48.63207635425386
1,1,block_2,2,Provo_ID7,4,1077713,1257085,1,applied_drift,1741607844965,7.846805080771446,-48.63207635425386
1,1,block_2,2,Provo_ID7,4,1077713,1257085,1,applied_drift,1741607844997,7.846805080771446,-48.63207635425386
1,1,block_2,2,Provo_ID7,4,1077713,1257085,1,applied_drift,1741607845025,7.846805080771446,-48.63207635425386
1,1,block_2,2,Provo_ID7,4,1077713,1257085,1,applied_drift,1741607845062,7.846805080771446,-48.63207635425386
1,1,block_2,2,Provo_ID7,4,1077713,1257085,1,applied_drift,1741607845094,7.846805080771446,-48.63207635425386
1,1,block_2,2,Provo_ID7,4,1077713,1257085,1,applied_drift,1741607845125,7.846805080771446,-48.63207635425386
1,1,block_2,2,Provo_ID7,4,1077713,1257085,1,applied_drift,1741607845160,7.846805080771446,-48.63207635425386
1,1,block_2,2,Provo_ID7,4,1077713,1257085,1,applied_drift,1741607845198,7.846805080771446,-48.63207635425386
1,1,block_2,2,Provo_ID7,4,1077713,1257085,1,applied_drift,1741607845224,7.846805080771446,-48.63207635425386
1,1,block_2,2,Provo_ID7,4,1077713,1257085,1,applied_drift,1741607845257,7.846805080771446,-48.63207635425386
1,1,block_2,2,Provo_ID7,4,1077713,1257085,1,applied_drift,1741607845297,7.846805080771446,-48.63207635425386
1,1,block_2,2,Provo_ID7,4,1077713,1257085,1,applied_drift,1741607845321,7.846805080771446,-48.63207635425386
1,1,block_2,2,Provo_ID7,4,1077713,1257085,1,applied_drift,1741607845362,7.846805080771446,-48.63207635425386
1,1,block_2,2,Provo_ID7,4,1077713,1257085,1,applied_drift,1741607845395,7.846805080771446,-48.63207635425386
1,1,block_2,2,Provo_ID7,4,1077713,1257085,1,applied_drift,1741607845430,7.846805080771446,-48.63207635425386
1,1,block_2,2,Provo_ID7,4,1077713,1257085,1,applied_drift,1741607845458,7.846805080771446,-48.63207635425386
1,1,block_2,2,Provo_ID7,4,1077713,1257085,1,applied_drift,1741607845498,7.846805080771446,-48.63207635425386
1,1,block_2,2,Provo_ID7,4,1077713,1257085,1,applied_drift,1741607845526,7.846805080771446,-48.63207635425386
1,1,block_2,2,Provo_ID7,4,1077713,1257085,1,applied_drift,1741607845559,7.846805080771446,-48.63207635425386
1,1,block_2,2,Provo_ID7,4,1077713,1257085,1,applied_drift,1741607845594,7.846805080771446,-48.63207635425386
1,1,block_2,2,Provo_ID7,4,1077713,1257085,1,applied_drift,1741607845628,7.846805080771446,-48.63207635425386
1,1,block_2,2,Provo_ID7,4,1077713,1257085,1,applied_drift,1741607845657,7.846805080771446,-48.63207635425386
1,1,block_2,2,Provo_ID7,4,1077713,1257085,1,applied_drift,1741607845697,7.846805080771446,-48.63207635425386
1,1,block_2,2,Provo_ID7,4,1077713,1257085,1,applied_drift,1741607845730,7.846805080771446,-48.63207635425386
1,1,block_2,2,Provo_ID7,4,1077713,1257085,1,applied_drift,1741607845759,7.846805080771446,-48.63207635425386
1,1,block_2,2,Provo_ID7,4,1077713,1257085,1,applied_drift,1741607845791,7.846805080771446,-48.63207635425386
1,1,block_2,2,Provo_ID7,4,1077713,1257085,1,applied_drift,1741607845830,7.846805080771446,-48.63207635425386
1,1,block_2,2,Provo_ID7,4,1077713,1257085,1,applied_drift,1741607845861,7.846805080771446,-48.63207635425386
1,1,block_2,2,Provo_ID7,4,1077713,1257085,1,applied_drift,1741607845895,7.846805080771446,-48.63207635425386
1,1,block_2,2,Provo_ID7,4,1077713,1257085,1,applied_drift,1741607845930,7.846805080771446,-48.63207635425386
1,1,block_2,2,Provo_ID7,4,1077713,1257085,1,applied_drift,1741607845959,7.846805080771446,-48.63207635425386
1,1,block_2,2,Provo_ID7,4,1077713,1257085,1,applied_drift,1741607845991,7.846805080771446,-48.63207635425386
1,1,block_2,2,Provo_ID7,4,1077713,1257085,1,applied_drift,1741607846024,7.846805080771446,-48.63207635425386
1,1,block_2,2,Provo_ID7,4,1077713,1257085,1,applied_drift,1741607846060,7.846805080771446,-48.63207635425386
1,1,block_2,2,Provo_ID7,4,1077713,1257085,1,applied_drift,1741607846095,7.846805080771446,-48.63207635425386
1,1,block_2,2,Provo_ID7,4,1077713,1257085,1,applied_drift,1741607846124,7.846805080771446,-48.63207635425386
1,1,block_2,2,Provo_ID7,4,1077713,1257085,1,applied_drift,1741607846164,7.846805080771446,-48.63207635425386
1,1,block_2,2,Provo_ID7,4,1077713,1257085,1,applied_drift,1741607846192,7.846805080771446,-48.63207635425386
1,1,block_2,2,Provo_ID7,4,1077713,1257085,1,applied_drift,1741607846225,7.846805080771446,-48.63207635425386
1,1,block_2,2,Provo_ID7,4,1077713,1257085,1,applied_drift,1741607846262,7.846805080771446,-48.63207635425386
1,1,block_2,2,Provo_ID7,4,1077713,1257085,1,applied_drift,1741607846296,7.846805080771446,-48.63207635425386
1,1,block_2,2,Provo_ID7,4,1077713,1257085,1,applied_drift,1741607846329,7.846805080771446,-48.63207635425386
1,1,block_2,2,Provo_ID7,4,1077713,1257085,1,applied_drift,1741607846362,7.846805080771446,-48.63207635425386
1,1,block_2,2,Provo_ID7,4,1077713,1257085,1,applied_drift,1741607846390,7.846805080771446,-48.63207635425386
1,1,block_2,2,Provo_ID7,4,1077713,1257085,1,applied_drift,1741607846429,7.846805080771446,-48.63207635425386
1,1,block_2,2,Provo_ID7,4,1077713,1257085,1,applied_drift,1741607846465,7.846805080771446,-48.63207635425386
1,1,block_2,2,Provo_ID7,4,1077713,1257085,1,applied_drift,1741607846495,7.846805080771446,-48.63207635425386
1,1,block_2,2,Provo_ID7,4,1077713,1257085,1,applied_drift,1741607846521,7.846805080771446,-48.63207635425386
1,1,block_2,2,Provo_ID7,4,1077713,1257085,1,applied_drift,1741607846558,7.846805080771446,-48.63207635425386
1,1,block_2,2,Provo_ID7,4,1077713,1257085,1,applied_drift,1741607846597,7.846805080771446,-48.63207635425386
1,1,block_2,2,Provo_ID7,4,1077713,1257085,1,applied_drift,1741607846629,7.846805080771446,-48.63207635425386
1,1,block_2,2,Provo_ID7,4,1077713,1257085,1,applied_drift,1741607846661,7.846805080771446,-48.63207635425386
1,1,block_2,2,Provo_ID7,4,1077713,1257085,1,applied_drift,1741607846686,7.846805080771446,-48.63207635425386
1,1,block_2,2,Provo_ID7,4,1077713,1257085,1,applied_drift,1741607846726,7.846805080771446,-48.63207635425386
1,1,block_2,2,Provo_ID7,4,1077713,1257085,1,applied_drift,1741607846762,7.846805080771446,-48.63207635425386
1,1,block_2,2,Provo_ID7,4,1077713,1257085,1,applied_drift,1741607846789,7.846805080771446,-48.63207635425386
1,1,block_2,2,Provo_ID7,4,1077713,1257085,1,applied_drift,1741607846829,7.846805080771446,-48.63207635425386
1,1,block_2,2,Provo_ID7,4,1077713,1257085,1,applied_drift,1741607846856,7.846805080771446,-48.63207635425386
1,1,block_2,2,Provo_ID7,4,1077713,1257085,1,applied_drift,1741607846892,7.846805080771446,-48.63207635425386
1,1,block_2,2,Provo_ID7,4,1077713,1257085,1,applied_drift,1741607846925,7.846805080771446,-48.63207635425386
1,1,block_2,2,Provo_ID7,4,1077713,1257085,1,applied_drift,1741607846957,7.846805080771446,-48.63207635425386
1,1,block_2,2,Provo_ID7,4,1077713,1257085,1,applied_drift,1741607846998,7.846805080771446,-48.63207635425386
1,1,block_2,2,Provo_ID7,4,1077713,1257085,1,applied_drift,1741607847029,7.846805080771446,-48.63207635425386
1,1,block_2,2,Provo_ID7,4,1077713,1257085,1,applied_drift,1741607847063,7.846805080771446,-48.63207635425386
1,1,block_2,2,Provo_ID7,4,1077713,1257085,1,applied_drift,1741607847096,7.846805080771446,-48.63207635425386
1,1,block_2,2,Provo_ID7,4,1077713,1257085,1,applied_drift,1741607847123,7.846805080771446,-48.63207635425386
1,1,block_2,2,Provo_ID7,4,1077713,1257085,1,applied_drift,1741607847153,7.846805080771446,-48.63207635425386
1,1,block_2,2,Provo_ID7,4,1077713,1257085,1,applied_drift,1741607847196,7.846805080771446,-48.63207635425386
1,1,block_2,2,Provo_ID7,4,1077713,1257085,1,applied_drift,1741607847227,7.846805080771446,-48.63207635425386
1,1,block_2,2,Provo_ID7,4,1077713,1257085,1,applied_drift,1741607847260,7.846805080771446,-48.63207635425386
1,1,block_2,2,Provo_ID7,4,1077713,1257085,1,applied_drift,1741607847294,7.846805080771446,-48.63207635425386
1,1,block_2,2,Provo_ID7,4,1077713,1257085,1,applied_drift,1741607847323,7.846805080771446,-48.63207635425386
1,1,block_2,2,Provo_ID7,4,1077713,1257085,1,applied_drift,1741607847360,7.846805080771446,-48.63207635425386
1,1,block_2,2,Provo_ID7,4,1077713,1257085,1,applied_drift,1741607847386,7.846805080771446,-48.63207635425386
1,1,block_2,2,Provo_ID7,4,1077713,1257085,1,applied_drift,1741607847430,7.846805080771446,-48.63207635425386
1,1,block_2,2,Provo_ID7,4,1077713,1257085,1,applied_drift,1741607847461,7.846805080771446,-48.63207635425386
1,1,block_2,2,Provo_ID7,4,1077713,1257085,1,applied_drift,1741607847494,7.846805080771446,-48.63207635425386
1,1,block_2,2,Provo_ID7,4,1077713,1257085,1,applied_drift,1741607847522,7.846805080771446,-48.63207635425386
1,1,block_2,2,Provo_ID7,4,1077713,1257085,1,applied_drift,1741607847560,7.846805080771446,-48.63207635425386
1,1,block_2,2,Provo_ID7,4,1077713,1257085,1,applied_drift,1741607847590,7.846805080771446,-48.63207635425386
1,1,block_2,2,Provo_ID7,4,1077713,1257085,1,applied_drift,1741607847628,7.846805080771446,-48.63207635425386
1,1,block_2,2,Provo_ID7,4,1077713,1257085,1,applied_drift,1741607847658,7.846805080771446,-48.63207635425386
1,1,block_2,2,Provo_ID7,4,1077713,1257085,1,applied_drift,1741607847695,7.846805080771446,-48.63207635425386
1,1,block_2,2,Provo_ID7,4,1077713,1257085,1,applied_drift,1741607847727,7.846805080771446,-48.63207635425386
1,1,block_2,2,Provo_ID7,4,1077713,1257085,1,applied_drift,1741607847757,7.846805080771446,-48.63207635425386
1,1,block_2,2,Provo_ID7,4,1077713,1257085,1,applied_drift,1741607847794,7.846805080771446,-48.63207635425386
1,1,block_2,2,Provo_ID7,4,1077713,1257085,1,applied_drift,1741607847822,7.846805080771446,-48.63207635425386
1,1,block_2,2,Provo_ID7,4,1077713,1257085,1,applied_drift,1741607847856,7.846805080771446,-48.63207635425386
1,1,block_2,2,Provo_ID7,4,1077713,1257085,1,applied_drift,1741607847893,7.846805080771446,-48.63207635425386
1,1,block_2,2,Provo_ID7,4,1077713,1257085,1,applied_drift,1741607847928,7.846805080771446,-48.63207635425386
1,1,block_2,2,Provo_ID7,4,1077713,1257085,1,applied_drift,1741607847961,7.846805080771446,-48.63207635425386
1,1,block_2,2,Provo_ID7,4,1077713,1257085,1,applied_drift,1741607847990,7.846805080771446,-48.63207635425386
1,1,block_2,2,Provo_ID7,4,1077713,1257085,1,applied_drift,1741607848022,7.846805080771446,-48.63207635425386
1,1,block_2,2,Provo_ID7,4,1077713,1257085,1,applied_drift,1741607848056,7.846805080771446,-48.63207635425386
1,1,block_2,2,Provo_ID7,4,1077713,1257085,1,applied_drift,1741607848093,7.846805080771446,-48.63207635425386
1,1,block_2,2,Provo_ID7,4,1077713,1257085,1,applied_drift,1741607848124,7.846805080771446,-48.63207635425386
1,1,block_2,2,Provo_ID7,4,1077713,1257085,1,applied_drift,1741607848161,7.846805080771446,-48.63207635425386
1,1,block_2,2,Provo_ID7,4,1077713,1257085,1,applied_drift,1741607848194,7.846805080771446,-48.63207635425386
1,1,block_2,2,Provo_ID7,4,1077713,1257085,1,applied_drift,1741607848221,7.846805080771446,-48.63207635425386
1,1,block_2,2,Provo_ID7,4,1077713,1257085,1,applied_drift,1741607848257,7.846805080771446,-48.63207635425386
1,1,block_2,2,Provo_ID7,4,1077713,1257085,1,applied_drift,1741607848288,7.846805080771446,-48.63207635425386
1,1,block_2,2,Provo_ID7,4,1077713,1257085,1,applied_drift,1741607848325,7.846805080771446,-48.63207635425386
1,1,block_2,2,Provo_ID7,4,1077713,1257085,1,applied_drift,1741607848361,7.846805080771446,-48.63207635425386
1,1,block_2,2,Provo_ID7,4,1077713,1257085,1,applied_drift,1741607848395,7.846805080771446,-48.63207635425386
1,1,block_2,2,Provo_ID7,4,1077713,1257085,1,applied_drift,1741607848427,7.846805080771446,-48.63207635425386
1,1,block_2,2,Provo_ID7,4,1077713,1257085,1,applied_drift,1741607848455,7.846805080771446,-48.63207635425386
1,1,block_2,2,Provo_ID7,4,1077713,1257085,1,applied_drift,1741607848490,7.846805080771446,-48.63207635425386
1,1,block_2,2,Provo_ID7,4,1077713,1257085,1,applied_drift,1741607848523,7.846805080771446,-48.63207635425386
1,1,block_2,2,Provo_ID7,4,1077713,1257085,1,applied_drift,1741607848557,7.846805080771446,-48.63207635425386
1,1,block_2,2,Provo_ID7,4,1077713,1257085,1,applied_drift,1741607848593,7.846805080771446,-48.63207635425386
1,1,block_2,2,Provo_ID7,4,1077713,1257085,1,applied_drift,1741607848625,7.846805080771446,-48.63207635425386
1,1,block_2,2,Provo_ID7,4,1077713,1257085,1,applied_drift,1741607848661,7.846805080771446,-48.63207635425386
1,1,block_2,2,Provo_ID7,4,1077713,1257085,1,applied_drift,1741607848688,7.846805080771446,-48.63207635425386
1,1,block_2,2,Provo_ID7,4,1077713,1257085,1,applied_drift,1741607848729,7.846805080771446,-48.63207635425386
1,1,block_2,2,Provo_ID7,4,1077713,1257085,1,applied_drift,1741607848759,7.846805080771446,-48.63207635425386
1,1,block_2,2,Provo_ID7,4,1077713,1257085,1,applied_drift,1741607848787,7.846805080771446,-48.63207635425386
1,1,block_2,2,Provo_ID7,4,1077713,1257085,1,applied_drift,1741607848824,7.846805080771446,-48.63207635425386
1,1,block_2,2,Provo_ID7,4,1077713,1257085,1,applied_drift,1741607848861,7.846805080771446,-48.63207635425386
1,1,block_2,2,Provo_ID7,4,1077713,1257085,1,applied_drift,1741607848888,7.846805080771446,-48.63207635425386
1,1,block_2,2,Provo_ID7,4,1077713,1257085,1,applied_drift,1741607848926,7.846805080771446,-48.63207635425386
1,1,block_2,2,Provo_ID7,4,1077713,1257085,1,applied_drift,1741607848962,7.846805080771446,-48.63207635425386
1,1,block_2,2,Provo_ID7,4,1077713,1257085,1,applied_drift,1741607848987,7.846805080771446,-48.63207635425386
1,1,block_2,2,Provo_ID7,4,1077713,1257085,1,applied_drift,1741607849025,7.846805080771446,-48.63207635425386
1,1,block_2,2,Provo_ID7,4,1077713,1257085,1,applied_drift,1741607849055,7.846805080771446,-48.63207635425386
1,1,block_2,2,Provo_ID7,4,1077713,1257085,1,applied_drift,1741607849093,7.846805080771446,-48.63207635425386
1,1,block_2,2,Provo_ID7,4,1077713,1257085,1,applied_drift,1741607849121,7.846805080771446,-48.63207635425386
1,1,block_2,2,Provo_ID7,4,1077713,1257085,1,applied_drift,1741607849156,7.846805080771446,-48.63207635425386
1,1,block_2,2,Provo_ID7,4,1077713,1257085,1,applied_drift,1741607849191,7.846805080771446,-48.63207635425386
1,1,block_2,2,Provo_ID7,4,1077713,1257085,1,applied_drift,1741607849220,7.846805080771446,-48.63207635425386
1,1,block_2,2,Provo_ID7,4,1077713,1257085,1,applied_drift,1741607849254,7.846805080771446,-48.63207635425386
1,1,block_2,2,Provo_ID7,4,1077713,1257085,1,applied_drift,1741607849292,7.846805080771446,-48.63207635425386
1,1,block_2,2,Provo_ID7,4,1077713,1257085,1,applied_drift,1741607849328,7.846805080771446,-48.63207635425386
1,1,block_2,2,Provo_ID7,4,1077713,1257085,1,applied_drift,1741607849364,7.846805080771446,-48.63207635425386
1,1,block_2,2,Provo_ID7,4,1077713,1257085,1,applied_drift,1741607849392,7.846805080771446,-48.63207635425386
1,1,block_2,2,Provo_ID7,4,1077713,1257085,1,applied_drift,1741607849420,7.846805080771446,-48.63207635425386
1,1,block_2,2,Provo_ID7,4,1077713,1257085,1,applied_drift,1741607849458,7.846805080771446,-48.63207635425386
1,1,block_2,2,Provo_ID7,4,1077713,1257085,1,applied_drift,1741607849493,7.846805080771446,-48.63207635425386
1,1,block_2,2,Provo_ID7,4,1077713,1257085,1,applied_drift,1741607849525,7.846805080771446,-48.63207635425386
1,1,block_2,2,Provo_ID7,4,1077713,1257085,1,applied_drift,1741607849559,7.846805080771446,-48.63207635425386
1,1,block_2,2,Provo_ID7,4,1077713,1257085,1,applied_drift,1741607849592,7.846805080771446,-48.63207635425386
1,1,block_2,2,Provo_ID7,4,1077713,1257085,1,applied_drift,1741607849625,7.846805080771446,-48.63207635425386
1,1,block_2,2,Provo_ID7,4,1077713,1257085,1,applied_drift,1741607849654,7.846805080771446,-48.63207635425386
1,1,block_2,2,Provo_ID7,4,1077713,1257085,1,applied_drift,1741607849688,7.846805080771446,-48.63207635425386
1,1,block_2,2,Provo_ID7,4,1077713,1257085,1,applied_drift,1741607849725,7.846805080771446,-48.63207635425386
1,1,block_2,2,Provo_ID7,4,1077713,1257085,1,applied_drift,1741607849757,7.846805080771446,-48.63207635425386
1,1,block_2,2,Provo_ID7,4,1077713,1257085,1,applied_drift,1741607849787,7.846805080771446,-48.63207635425386
1,1,block_2,2,Provo_ID7,4,1077713,1257085,1,applied_drift,1741607849827,7.846805080771446,-48.63207635425386
1,1,block_2,2,Provo_ID7,4,1077713,1257085,1,error_trial,1741607800227,""
1,1,block_2,2,Provo_ID7,4,1077713,1257085,1,error_trial,1741607823609,40.82030419589711
1,1,block_2,2,Provo_ID7,4,1077713,1257085,1,error_trial_x,1741607800227,""
1,1,block_2,2,Provo_ID7,4,1077713,1257085,1,error_trial_x,1741607823609,34.843824736926024
1,1,block_2,2,Provo_ID7,4,1077713,1257085,1,error_trial_y,1741607800227,""
1,1,block_2,2,Provo_ID7,4,1077713,1257085,1,error_trial_y,1741607823609,14.901537214006698
1,1,block_2,2,Provo_ID7,4,1077713,1257085,1,error_calibration,1741607800227,""
1,1,block_2,2,Provo_ID7,4,1077713,1257085,1,error_calibration,1741607823609,40.378413816698554
1,1,block_2,2,Provo_ID7,4,1077713,1257085,1,error_calibration_x,1741607800227,""
1,1,block_2,2,Provo_ID7,4,1077713,1257085,1,error_calibration_x,1741607823609,32.07429431733631
1,1,block_2,2,Provo_ID7,4,1077713,1257085,1,error_calibration_y,1741607800227,""
1,1,block_2,2,Provo_ID7,4,1077713,1257085,1,error_calibration_y,1741607823609,19.98503185453869
1,1,block_2,2,Provo_ID7,4,1077713,1257085,1,gaze_conf,"",
1,1,block_2,2,Provo_ID11,5,1077713,1257085,1,gaze_data,1741607853174,
1,1,block_2,2,Provo_ID11,5,1077713,1257085,1,gaze_data,1741607876515,676.4863967895508,416.28569375901,1741607876475.2,1
1,1,block_2,2,Provo_ID11,5,1077713,1257085,1,gaze_data,1741607876544,674.2067813873291,416.8280506134033,1741607876509.9001,1
1,1,block_2,2,Provo_ID11,5,1077713,1257085,1,gaze_data,1741607876583,680.9444427490234,422.1235511416481,1741607876542.3,1
1,1,block_2,2,Provo_ID11,5,1077713,1257085,1,gaze_data,1741607876610,680.1511287689209,424.8860023135231,1741607876575.2,1
1,1,block_2,2,Provo_ID11,5,1077713,1257085,1,gaze_data,1741607876644,683.8188171386719,428.92048971993586,1741607876611.2,1
1,1,block_2,2,Provo_ID11,5,1077713,1257085,1,gaze_data,1741607876682,679.3416976928711,424.5398793901716,1741607876642.6,1
1,1,block_2,2,Provo_ID11,5,1077713,1257085,1,gaze_data,1741607876709,687.5360012054443,421.2991405668713,1741607876677.8,1
1,1,block_2,2,Provo_ID11,5,1077713,1257085,1,gaze_data,1741607876748,686.9211673736572,417.61583010355633,1741607876711.1,1
1,1,block_2,2,Provo_ID11,5,1077713,1257085,1,gaze_data,1741607876780,687.045431137085,417.5137079329718,1741607876742.5,1
1,1,block_2,2,Provo_ID11,5,1077713,1257085,1,gaze_data,1741607876810,666.2827968597412,395.37315959022163,1741607876775.6,1
1,1,block_2,2,Provo_ID11,5,1077713,1257085,1,gaze_data,1741607876842,303.4356415271759,281.88934144519624,1741607876809.3,1
1,1,block_2,2,Provo_ID11,5,1077713,1257085,1,gaze_data,1741607876881,171.06173038482666,183.3753467741467,1741607876842,1
1,1,block_2,2,Provo_ID11,5,1077713,1257085,1,gaze_data,1741607876909,132.04245567321777,163.61307371230353,1741607876878.3,1
1,1,block_2,2,Provo_ID11,5,1077713,1257085,1,gaze_data,1741607876942,139.85676765441895,200.39006675992695,1741607876909.5,1
1,1,block_2,2,Provo_ID11,5,1077713,1257085,1,gaze_data,1741607876980,132.15103149414062,166.67502834683373,1741607876942.2,1
1,1,block_2,2,Provo_ID11,5,1077713,1257085,1,gaze_data,1741607877010,84.58695411682129,74.16095052446639,1741607876975.3,1
1,1,block_2,2,Provo_ID11,5,1077713,1257085,1,gaze_data,1741607877043,80.42707443237305,84.64543705894835,1741607877009.5,1
1,1,block_2,2,Provo_ID11,5,1077713,1257085,1,gaze_data,1741607877071,59.151315689086914,100.83487011137463,1741607877042.7,1
1,1,block_2,2,Provo_ID11,5,1077713,1257085,1,gaze_data,1741607877120,87.835693359375,102.07675116402763,1741607877075.1,1
1,1,block_2,2,Provo_ID11,5,1077713,1257085,1,gaze_data,1741607877142,77.16031074523926,100.11593228294737,1741607877110.8,1
1,1,block_2,2,Provo_ID11,5,1077713,1257085,1,gaze_data,1741607877181,84.92026329040527,95.06983847845169,1741607877144.9001,1
1,1,block_2,2,Provo_ID11,5,1077713,1257085,1,gaze_data,1741607877213,84.08384323120117,98.56415112813315,1741607877175.8,1
1,1,block_2,2,Provo_ID11,5,1077713,1257085,1,gaze_data,1741607877242,198.23908805847168,135.79867022378104,1741607877209.1,1
1,1,block_2,2,Provo_ID11,5,1077713,1257085,1,gaze_data,1741607877281,181.08882904052734,100.26504698253814,1741607877242.1,1
1,1,block_2,2,Provo_ID11,5,1077713,1257085,1,gaze_data,1741607877309,182.27953910827637,98.71154830569313,1741607877278.5,1
1,1,block_2,2,Provo_ID11,5,1077713,1257085,1,gaze_data,1741607877346,181.17198944091797,98.3661715189616,1741607877310,1
1,1,block_2,2,Provo_ID11,5,1077713,1257085,1,gaze_data,1741607877375,183.1775188446045,94.30922962370373,1741607877342.5,1
1,1,block_2,2,Provo_ID11,5,1077713,1257085,1,gaze_data,1741607877409,328.0101180076599,96.86476162501744,1741607877376.3,1
1,1,block_2,2,Provo_ID11,5,1077713,1257085,1,gaze_data,1741607877448,363.1118267774582,93.8789903549921,1741607877409.6,1
1,1,block_2,2,Provo_ID11,5,1077713,1257085,1,gaze_data,1741607877475,371.1603581905365,99.9744478861491,1741607877444.8,1
1,1,block_2,2,Provo_ID11,5,1077713,1257085,1,gaze_data,1741607877513,377.6317164301872,102.18882651556106,1741607877478.8,1
1,1,block_2,2,Provo_ID11,5,1077713,1257085,1,gaze_data,1741607877542,385.9618753194809,101.37625558035715,1741607877509.4001,1
1,1,block_2,2,Provo_ID11,5,1077713,1257085,1,gaze_data,1741607877575,388.0593478679657,98.20007869175502,1741607877541.9001,1
1,1,block_2,2,Provo_ID11,5,1077713,1257085,1,gaze_data,1741607877614,292.63880252838135,89.69457172212147,1741607877587.7,1
1,1,block_2,2,Provo_ID11,5,1077713,1257085,1,gaze_data,1741607877648,284.4679117202759,87.81474385942732,1741607877611.3,1
1,1,block_2,2,Provo_ID11,5,1077713,1257085,1,gaze_data,1741607877675,284.74358320236206,87.52369426545643,1741607877644.4001,1
1,1,block_2,2,Provo_ID11,5,1077713,1257085,1,gaze_data,1741607877714,282.98065662384033,87.30845496768043,1741607877676.3,1
1,1,block_2,2,Provo_ID11,5,1077713,1257085,1,gaze_data,1741607877742,270.87082862854004,88.95439011710032,1741607877709.9001,1
1,1,block_2,2,Provo_ID11,5,1077713,1257085,1,gaze_data,1741607877776,262.3972773551941,93.44424611046202,1741607877742.8,1
1,1,block_2,2,Provo_ID11,5,1077713,1257085,1,gaze_data,1741607877811,368.0418133735657,87.35247702825637,1741607877776.5,1
1,1,block_2,2,Provo_ID11,5,1077713,1257085,1,gaze_data,1741607877848,400.17023384571075,91.13360177902949,1741607877811.8,1
1,1,block_2,2,Provo_ID11,5,1077713,1257085,1,gaze_data,1741607877875,415.0214046239853,88.42212722415016,1741607877844.8,1
1,1,block_2,2,Provo_ID11,5,1077713,1257085,1,gaze_data,1741607877914,430.28501868247986,76.9986207144601,1741607877875.8,1
1,1,block_2,2,Provo_ID11,5,1077713,1257085,1,gaze_data,1741607877947,425.8371114730835,58.635508673531675,1741607877909.8,1
1,1,block_2,2,Provo_ID11,5,1077713,1257085,1,gaze_data,1741607877975,403.36042642593384,50.70851098923456,1741607877942.8,1
1,1,block_2,2,Provo_ID11,5,1077713,1257085,1,gaze_data,1741607878013,603.9987087249756,67.78963361467635,1741607877983.9001,1
1,1,block_2,2,Provo_ID11,5,1077713,1257085,1,gaze_data,1741607878043,608.0075263977051,78.22445279075987,1741607878009.6,1
1,1,block_2,2,Provo_ID11,5,1077713,1257085,1,gaze_data,1741607878075,564.5121693611145,80.71971666245234,1741607878042.5,1
1,1,block_2,2,Provo_ID11,5,1077713,1257085,1,gaze_data,1741607878114,583.4720253944397,88.21292740958079,1741607878075.5,1
1,1,block_2,2,Provo_ID11,5,1077713,1257085,1,gaze_data,1741607878141,576.2886881828308,87.7087079911005,1741607878110.5,1
1,1,block_2,2,Provo_ID11,5,1077713,1257085,1,gaze_data,1741607878181,590.0503039360046,89.33213233947754,1741607878142.8,1
1,1,block_2,2,Provo_ID11,5,1077713,1257085,1,gaze_data,1741607878213,585.5624556541443,87.41212572370257,1741607878177.7,1
1,1,block_2,2,Provo_ID11,5,1077713,1257085,1,gaze_data,1741607878243,511.2287640571594,86.82609875996908,1741607878216,1
1,1,block_2,2,Provo_ID11,5,1077713,1257085,1,gaze_data,1741607878280,181.47807121276855,112.90596689496722,1741607878243.9001,1
1,1,block_2,2,Provo_ID11,5,1077713,1257085,1,gaze_data,1741607878314,139.68400955200195,146.59466175805954,1741607878276.2,1
1,1,block_2,2,Provo_ID11,5,1077713,1257085,1,gaze_data,1741607878341,148.1724739074707,155.37780194055466,1741607878309.8,1
1,1,block_2,2,Provo_ID11,5,1077713,1257085,1,gaze_data,1741607878381,196.9022274017334,209.7775195326124,1741607878348.9001,1
1,1,block_2,2,Provo_ID11,5,1077713,1257085,1,gaze_data,1741607878409,142.7776336669922,175.63320091792517,1741607878376.6,1
1,1,block_2,2,Provo_ID11,5,1077713,1257085,1,gaze_data,1741607878442,165.1360034942627,186.32898841585433,1741607878409.5,1
1,1,block_2,2,Provo_ID11,5,1077713,1257085,1,gaze_data,1741607878476,146.0731029510498,161.78108306158157,1741607878442.8,1
1,1,block_2,2,Provo_ID11,5,1077713,1257085,1,gaze_data,1741607878514,147.40896224975586,159.27998383839926,1741607878476.7,1
1,1,block_2,2,Provo_ID11,5,1077713,1257085,1,gaze_data,1741607878540,289.7117853164673,164.05786264510382,1741607878511.7,1
1,1,block_2,2,Provo_ID11,5,1077713,1257085,1,gaze_data,1741607878580,379.20943200588226,155.11569681621734,1741607878550.6,1
1,1,block_2,2,Provo_ID11,5,1077713,1257085,1,gaze_data,1741607878614,367.1952098608017,149.39403261457173,1741607878578.5,1
1,1,block_2,2,Provo_ID11,5,1077713,1257085,1,gaze_data,1741607878645,418.2377278804779,333.4927483967372,1741607878609.5,1
1,1,block_2,2,Provo_ID11,5,1077713,1257085,1,gaze_data,1741607878681,306.83563351631165,240.21285284133185,1741607878650.8,1
1,1,block_2,2,Provo_ID11,5,1077713,1257085,1,gaze_data,1741607878709,307.6790750026703,267.1616569019499,1741607878677,0
1,1,block_2,2,Provo_ID11,5,1077713,1257085,1,gaze_data,1741607878742,435.90015172958374,216.9655181680407,1741607878710.1,0
1,1,block_2,2,Provo_ID11,5,1077713,1257085,1,gaze_data,1741607878776,417.7654445171356,309.17741593860444,1741607878742.6,0
1,1,block_2,2,Provo_ID11,5,1077713,1257085,1,gaze_data,1741607878809,367.90588200092316,328.6665255682809,1741607878776.6,0
1,1,block_2,2,Provo_ID11,5,1077713,1257085,1,gaze_data,1741607878847,339.15741443634033,290.3828187215896,1741607878809.7,0.4306011287981712
1,1,block_2,2,Provo_ID11,5,1077713,1257085,1,gaze_data,1741607878881,363.95014226436615,254.45791017441525,1741607878844.6,0.5522987716879789
1,1,block_2,2,Provo_ID11,5,1077713,1257085,1,gaze_data,1741607878908,383.8795453310013,248.27475343431746,1741607878878.8,0.7808052272856058
1,1,block_2,2,Provo_ID11,5,1077713,1257085,1,gaze_data,1741607878947,242.86129474639893,291.33260136558897,1741607878910.6,1
1,1,block_2,2,Provo_ID11,5,1077713,1257085,1,gaze_data,1741607878975,267.04585552215576,290.90240433102565,1741607878942.7,0.9634104404170927
1,1,block_2,2,Provo_ID11,5,1077713,1257085,1,gaze_data,1741607879010,248.27929735183716,295.8674578439622,1741607878976.3,0.9796103244533261
1,1,block_2,2,Provo_ID11,5,1077713,1257085,1,gaze_data,1741607879046,244.86384391784668,292.74909950438,1741607879010.8,0.9897718690162374
1,1,block_2,2,Provo_ID11,5,1077713,1257085,1,gaze_data,1741607879081,249.41900968551636,307.262209937686,1741607879046,1
1,1,block_2,2,Provo_ID11,5,1077713,1257085,1,gaze_data,1741607879114,243.59129667282104,294.4461590903146,1741607879078,1
1,1,block_2,2,Provo_ID11,5,1077713,1257085,1,gaze_data,1741607879147,238.36318254470825,300.79670383816676,1741607879109.7,1
1,1,block_2,2,Provo_ID11,5,1077713,1257085,1,gaze_data,1741607879176,241.74833297729492,284.3960507710775,1741607879143.1,1
1,1,block_2,2,Provo_ID11,5,1077713,1257085,1,gaze_data,1741607879203,249.43286180496216,293.2815454119728,1741607879176.6,1
1,1,block_2,2,Provo_ID11,5,1077713,1257085,1,gaze_data,1741607879247,251.05637311935425,294.0876967566354,1741607879210.8,1
1,1,block_2,2,Provo_ID11,5,1077713,1257085,1,gaze_data,1741607879280,247.4758505821228,282.48832373392014,1741607879244.3,1
1,1,block_2,2,Provo_ID11,5,1077713,1257085,1,gaze_data,1741607879309,501.39347314834595,236.79489777201698,1741607879277.3,1
1,1,block_2,2,Provo_ID11,5,1077713,1257085,1,gaze_data,1741607879347,563.9975428581238,216.62363977659317,1741607879309.7,1
1,1,block_2,2,Provo_ID11,5,1077713,1257085,1,gaze_data,1741607879380,558.5950016975403,213.49132305099852,1741607879343.5,1
1,1,block_2,2,Provo_ID11,5,1077713,1257085,1,gaze_data,1741607879409,565.5355334281921,212.85516591299148,1741607879377.2,1
1,1,block_2,2,Provo_ID11,5,1077713,1257085,1,gaze_data,1741607879443,555.3252339363098,215.09719735100157,1741607879409.7,1
1,1,block_2,2,Provo_ID11,5,1077713,1257085,1,gaze_data,1741607879483,336.0453426837921,267.27435872668315,1741607879443.6,1
1,1,block_2,2,Provo_ID11,5,1077713,1257085,1,gaze_data,1741607879509,165.10677337646484,348.81258737473263,1741607879479.7,1
1,1,block_2,2,Provo_ID11,5,1077713,1257085,1,gaze_data,1741607879548,201.1272668838501,356.1920052482968,1741607879510.3,1
1,1,block_2,2,Provo_ID11,5,1077713,1257085,1,gaze_data,1741607879582,196.3202714920044,329.815920875186,1741607879543.8,1
1,1,block_2,2,Provo_ID11,5,1077713,1257085,1,gaze_data,1741607879608,197.8001356124878,349.3297726767404,1741607879577.6,1
1,1,block_2,2,Provo_ID11,5,1077713,1257085,1,gaze_data,1741607879644,196.5904712677002,340.0520706176758,1741607879609.7,1
1,1,block_2,2,Provo_ID11,5,1077713,1257085,1,gaze_data,1741607879680,192.33713150024414,330.939314024789,1741607879646.4001,1
1,1,block_2,2,Provo_ID11,5,1077713,1257085,1,gaze_data,1741607879709,183.003568649292,351.09689167567666,1741607879678.7,1
1,1,block_2,2,Provo_ID11,5,1077713,1257085,1,gaze_data,1741607879748,183.0489158630371,348.11875070844377,1741607879710,1
1,1,block_2,2,Provo_ID11,5,1077713,1257085,1,gaze_data,1741607879776,318.232262134552,401.5669804527646,1741607879743.6,0.9988877252983923
1,1,block_2,2,Provo_ID11,5,1077713,1257085,1,gaze_data,1741607879808,308.1128656864166,375.2716477711996,1741607879777.5,1
1,1,block_2,2,Provo_ID11,5,1077713,1257085,1,gaze_data,1741607879844,323.5698163509369,380.23886226472405,1741607879809.8,0.9254918804069967
1,1,block_2,2,Provo_ID11,5,1077713,1257085,1,gaze_data,1741607879880,326.7561912536621,379.20226732889813,1741607879846.3,0.9256455904408258
1,1,block_2,2,Provo_ID11,5,1077713,1257085,1,gaze_data,1741607879914,322.6102113723755,372.8449158441453,1741607879878.9001,1
1,1,block_2,2,Provo_ID11,5,1077713,1257085,1,gaze_data,1741607879940,340.12571573257446,399.82169650849846,1741607879912.3,0.9645427359154288
1,1,block_2,2,Provo_ID11,5,1077713,1257085,1,gaze_data,1741607879975,152.84271240234375,386.0850820087251,1741607879944.1,1
1,1,block_2,2,Provo_ID11,5,1077713,1257085,1,gaze_data,1741607880014,158.70261192321777,387.24964641389397,1741607879977.1,0.8019739843143542
1,1,block_2,2,Provo_ID11,5,1077713,1257085,1,gaze_data,1741607880043,156.58297538757324,376.2724563053676,1741607880009.9001,0.9291506267442378
1,1,block_2,2,Provo_ID11,5,1077713,1257085,1,gaze_data,1741607880076,163.62085342407227,386.0401026407878,1741607880044.1,0.8229409327585172
1,1,block_2,2,Provo_ID11,5,1077713,1257085,1,gaze_data,1741607880114,158.61282348632812,382.1832661401658,1741607880077.9001,0.760639215944776
1,1,block_2,2,Provo_ID11,5,1077713,1257085,1,gaze_data,1741607880147,162.4382495880127,361.3177948906308,1741607880112.2,1
1,1,block_2,2,Provo_ID11,5,1077713,1257085,1,gaze_data,1741607880180,166.23454093933105,383.1913248697917,1741607880145,0.7659833055750542
1,1,block_2,2,Provo_ID11,5,1077713,1257085,1,gaze_data,1741607880209,164.02063369750977,365.7869983854748,1741607880178,1
1,1,block_2,2,Provo_ID11,5,1077713,1257085,1,gaze_data,1741607880242,186.4875316619873,390.3066103799003,1741607880210,0.7648368804429003
1,1,block_2,2,Provo_ID11,5,1077713,1257085,1,gaze_data,1741607880274,185.17756462097168,371.76710037958054,1741607880244.1,1
1,1,block_2,2,Provo_ID11,5,1077713,1257085,1,gaze_data,1741607880315,197.89090156555176,395.14374369666695,1741607880284.1,0.7324286605206931
1,1,block_2,2,Provo_ID11,5,1077713,1257085,1,gaze_data,1741607880347,189.59126472473145,382.36315545581635,1741607880311,1
1,1,block_2,2,Provo_ID11,5,1077713,1257085,1,gaze_data,1741607880376,204.2774796485901,396.4369955516997,1741607880344,0.7363467047472525
1,1,block_2,2,Provo_ID11,5,1077713,1257085,1,gaze_data,1741607880409,242.6508665084839,398.03873970395045,1741607880376.9001,0.9744837197856815
1,1,block_2,2,Provo_ID11,5,1077713,1257085,1,gaze_data,1741607880442,256.9262504577637,412.6335380190895,1741607880411.1,0.7121583153366209
1,1,block_2,2,Provo_ID11,5,1077713,1257085,1,gaze_data,1741607880471,251.33601427078247,402.25249699183877,1741607880444.1,0.8672644071428993
1,1,block_2,2,Provo_ID11,5,1077713,1257085,1,gaze_data,1741607880511,254.1440486907959,401.13979612077986,1741607880478,0.9193469542120609
1,1,block_2,2,Provo_ID11,5,1077713,1257085,1,gaze_data,1741607880545,265.562641620636,403.2993829817999,1741607880517.7,0.7721518452753318
1,1,block_2,2,Provo_ID11,5,1077713,1257085,1,gaze_data,1741607880573,254.75947856903076,392.04078674316406,1741607880546.2,0.9493619949675732
1,1,block_2,2,Provo_ID11,5,1077713,1257085,1,gaze_data,1741607880615,266.13136529922485,398.2775175003779,1741607880576.9001,0.7670856447726861
1,1,block_2,2,Provo_ID11,5,1077713,1257085,1,gaze_data,1741607880648,253.66384983062744,390.58304695856003,1741607880611.1,0.8956423741021341
1,1,block_2,2,Provo_ID11,5,1077713,1257085,1,gaze_data,1741607880680,269.45338249206543,398.909607841855,1741607880644.9001,0.7736088703812263
1,1,block_2,2,Provo_ID11,5,1077713,1257085,1,gaze_data,1741607880708,306.13903999328613,415.1541564578102,1741607880677.2,0.935536156690599
1,1,block_2,2,Provo_ID11,5,1077713,1257085,1,gaze_data,1741607880741,320.63490748405457,412.1850254422143,1741607880711,0.845606420854864
1,1,block_2,2,Provo_ID11,5,1077713,1257085,1,gaze_data,1741607880777,379.04073894023895,416.8832365671794,1741607880751.4001,0.9909009869166265
1,1,block_2,2,Provo_ID11,5,1077713,1257085,1,gaze_data,1741607880810,478.7652254104614,398.7191740671794,1741607880778.8,0.9352160742558379
1,1,block_2,2,Provo_ID11,5,1077713,1257085,1,gaze_data,1741607880851,478.2458424568176,386.8929227193197,1741607880813.3,0.8633131770029046
1,1,block_2,2,Provo_ID11,5,1077713,1257085,1,gaze_data,1741607880868,469.4361448287964,380.30559221903485,1741607880846.4001,0.8526091385592941
1,1,block_2,2,Provo_ID11,5,1077713,1257085,1,gaze_data,1741607880912,475.6692409515381,386.6847083682106,1741607880878.5,0.9385107600307263
1,1,block_2,2,Provo_ID11,5,1077713,1257085,1,gaze_data,1741607880945,469.08055543899536,392.91104952494305,1741607880913.5,0.9289800202627009
1,1,block_2,2,Provo_ID11,5,1077713,1257085,1,gaze_data,1741607880970,478.5927653312683,394.45773442586267,1741607880946.2,0.9392520107144703
1,1,block_2,2,Provo_ID11,5,1077713,1257085,1,gaze_data,1741607881010,489.78346586227417,397.02985036940805,1741607880980.4001,0.914059294473557
1,1,block_2,2,Provo_ID11,5,1077713,1257085,1,gaze_data,1741607881045,506.8284869194031,394.7622426350912,1741607881010.9001,0.9428185703931482
1,1,block_2,2,Provo_ID11,5,1077713,1257085,1,gaze_data,1741607881076,520.0314283370972,387.94436999729703,1741607881044.4001,0.9910967218831939
1,1,block_2,2,Provo_ID11,5,1077713,1257085,1,gaze_data,1741607881107,559.3812584877014,350.223939986456,1741607881081.3,1
1,1,block_2,2,Provo_ID11,5,1077713,1257085,1,gaze_data,1741607881141,339.66972827911377,94.66755821591332,1741607881112.1,1
1,1,block_2,2,Provo_ID11,5,1077713,1257085,1,gaze_data,1741607881171,218.54851245880127,76.91592625209263,1741607881144.9001,1
1,1,block_2,2,Provo_ID11,5,1077713,1257085,1,gaze_data,1741607881211,165.16809463500977,66.81130772545224,1741607881185.3,1
1,1,block_2,2,Provo_ID11,5,1077713,1257085,1,gaze_data,1741607881243,167.2215461730957,72.10658300490607,1741607881212.1,1
1,1,block_2,2,Provo_ID11,5,1077713,1257085,1,gaze_data,1741607881270,167.53487586975098,73.0148002079555,1741607881244,1
1,1,block_2,2,Provo_ID11,5,1077713,1257085,1,gaze_data,1741607881305,156.71114921569824,69.86969357445126,1741607881277.8,1
1,1,block_2,2,Provo_ID11,5,1077713,1257085,1,gaze_data,1741607881340,113.93942832946777,56.4422048841204,1741607881310.7,1
1,1,block_2,2,Provo_ID11,5,1077713,1257085,1,gaze_data,1741607881369,112.48011589050293,76.72694251650856,1741607881345.6,1
1,1,block_2,2,Provo_ID11,5,1077713,1257085,1,gaze_data,1741607881411,118.3070182800293,83.27938761029925,1741607881384.2,1
1,1,block_2,2,Provo_ID11,5,1077713,1257085,1,gaze_data,1741607881447,136.49954795837402,77.26509003412156,1741607881413.1,1
1,1,block_2,2,Provo_ID11,5,1077713,1257085,1,gaze_data,1741607881477,112.90440559387207,81.08912467956543,1741607881445.2,1
1,1,block_2,2,Provo_ID11,5,1077713,1257085,1,gaze_data,1741607881503,131.56261444091797,76.6145996820359,1741607881477.8,1
1,1,block_2,2,Provo_ID11,5,1077713,1257085,1,gaze_data,1741607881539,113.20796012878418,76.04739507039389,1741607881512,1
1,1,block_2,2,Provo_ID11,5,1077713,1257085,1,gaze_data,1741607881567,137.71142959594727,70.76077779134116,1741607881544.5,1
1,1,block_2,2,Provo_ID11,5,1077713,1257085,1,gaze_data,1741607881616,134.82427597045898,73.38750248863583,1741607881579.2,1
1,1,block_2,2,Provo_ID11,5,1077713,1257085,1,gaze_data,1741607881643,251.26067399978638,80.94365619477772,1741607881611.8,1
1,1,block_2,2,Provo_ID11,5,1077713,1257085,1,gaze_data,1741607881668,304.3126404285431,77.5474112374442,1741607881644.7,1
1,1,block_2,2,Provo_ID11,5,1077713,1257085,1,gaze_data,1741607881709,312.3692035675049,70.4996158963158,1741607881678.3,1
1,1,block_2,2,Provo_ID11,5,1077713,1257085,1,gaze_data,1741607881741,292.071008682251,69.80496270315989,1741607881712.9001,1
1,1,block_2,2,Provo_ID11,5,1077713,1257085,1,gaze_data,1741607881773,302.0846724510193,65.47245706830707,1741607881744.9001,1
1,1,block_2,2,Provo_ID11,5,1077713,1257085,1,gaze_data,1741607881803,292.2527074813843,70.84548541477749,1741607881778.2,1
1,1,block_2,2,Provo_ID11,5,1077713,1257085,1,gaze_data,1741607881843,301.9814074039459,63.937541416713174,1741607881812,1
1,1,block_2,2,Provo_ID11,5,1077713,1257085,1,gaze_data,1741607881873,339.58842754364014,76.58269882202148,1741607881844.5,1
1,1,block_2,2,Provo_ID11,5,1077713,1257085,1,gaze_data,1741607881919,324.414598941803,72.72748129708427,1741607881887.6,1
1,1,block_2,2,Provo_ID11,5,1077713,1257085,1,gaze_data,1741607881947,344.9440896511078,68.09180486769904,1741607881912.1,1
1,1,block_2,2,Provo_ID11,5,1077713,1257085,1,gaze_data,1741607881971,314.76659774780273,62.623285111926855,1741607881944.7,1
1,1,block_2,2,Provo_ID11,5,1077713,1257085,1,gaze_data,1741607882020,212.26178407669067,122.9729125613258,1741607881989.3,1
1,1,block_2,2,Provo_ID11,5,1077713,1257085,1,gaze_data,1741607882047,212.76508569717407,125.12101173400879,1741607882012.9001,1
1,1,block_2,2,Provo_ID11,5,1077713,1257085,1,gaze_data,1741607882076,208.80324840545654,120.64550127301898,1741607882047.2,1
1,1,block_2,2,Provo_ID11,5,1077713,1257085,1,gaze_data,1741607882110,207.68208503723145,121.77093573978969,1741607882078.6,1
1,1,block_2,2,Provo_ID11,5,1077713,1257085,1,gaze_data,1741607882148,212.6300573348999,122.2123670578003,1741607882110.9001,1
1,1,block_2,2,Provo_ID11,5,1077713,1257085,1,gaze_data,1741607882171,215.2186155319214,125.78306720370338,1741607882145.3,1
1,1,block_2,2,Provo_ID11,5,1077713,1257085,1,gaze_data,1741607882215,214.991557598114,123.41790562584288,1741607882178.6,1
1,1,block_2,2,Provo_ID11,5,1077713,1257085,1,gaze_data,1741607882241,218.25696229934692,116.50692780812582,1741607882213.6,1
1,1,block_2,2,Provo_ID11,5,1077713,1257085,1,gaze_data,1741607882282,211.41576766967773,117.84831251416888,1741607882244.8,1
1,1,block_2,2,Provo_ID11,5,1077713,1257085,1,gaze_data,1741607882305,216.23032093048096,118.18356718335833,1741607882279.1,1
1,1,block_2,2,Provo_ID11,5,1077713,1257085,1,gaze_data,1741607882346,203.52582931518555,123.39181196121943,1741607882311.4001,1
1,1,block_2,2,Provo_ID11,5,1077713,1257085,1,gaze_data,1741607882382,199.54664707183838,122.819778578622,1741607882351.1,1
1,1,block_2,2,Provo_ID11,5,1077713,1257085,1,gaze_data,1741607882408,194.68538761138916,126.7644621077038,1741607882381.2,1
1,1,block_2,2,Provo_ID11,5,1077713,1257085,1,gaze_data,1741607882447,159.71169471740723,230.4176020906085,1741607882411.9001,1
1,1,block_2,2,Provo_ID11,5,1077713,1257085,1,gaze_data,1741607882477,163.39764595031738,222.51155606337957,1741607882445.2,1
1,1,block_2,2,Provo_ID11,5,1077713,1257085,1,gaze_data,1741607882510,191.03810787200928,230.96543354647503,1741607882478.8,1
1,1,block_2,2,Provo_ID11,5,1077713,1257085,1,gaze_data,1741607882548,183.11975002288818,230.11673393703643,1741607882512.5,1
1,1,block_2,2,Provo_ID11,5,1077713,1257085,1,gaze_data,1741607882579,159.1031551361084,230.9586118516468,1741607882547.2,1
1,1,block_2,2,Provo_ID11,5,1077713,1257085,1,gaze_data,1741607882615,243.13684701919556,279.2311980610802,1741607882579.5,1
1,1,block_2,2,Provo_ID11,5,1077713,1257085,1,gaze_data,1741607882642,272.3896861076355,266.62488551366897,1741607882612,1
1,1,block_2,2,Provo_ID11,5,1077713,1257085,1,gaze_data,1741607882672,282.12549686431885,267.9806967008682,1741607882645.1,1
1,1,block_2,2,Provo_ID11,5,1077713,1257085,1,gaze_data,1741607882719,282.82930850982666,255.86948099590484,1741607882690.1,1
1,1,block_2,2,Provo_ID11,5,1077713,1257085,1,gaze_data,1741607882743,275.94794034957886,252.9503657704308,1741607882713.8,1
1,1,block_2,2,Provo_ID11,5,1077713,1257085,1,gaze_data,1741607882779,286.4790678024292,263.87208484468005,1741607882744.9001,1
1,1,block_2,2,Provo_ID11,5,1077713,1257085,1,gaze_data,1741607882809,290.77357053756714,250.3052269844782,1741607882784,1
1,1,block_2,2,Provo_ID11,5,1077713,1257085,1,gaze_data,1741607882843,297.2233772277832,258.5340404510498,1741607882811.9001,1
1,1,block_2,2,Provo_ID11,5,1077713,1257085,1,gaze_data,1741607882881,297.74670600891113,259.3944345201765,1741607882845.2,1
1,1,block_2,2,Provo_ID11,5,1077713,1257085,1,gaze_data,1741607882910,452.1896779537201,256.75899199077065,1741607882881.5,1
1,1,block_2,2,Provo_ID11,5,1077713,1257085,1,gaze_data,1741607882948,592.0721650123596,264.7501257487706,1741607882912,1
1,1,block_2,2,Provo_ID11,5,1077713,1257085,1,gaze_data,1741607882975,573.8431811332703,263.4931952612741,1741607882946.1,0.9871916824963249
1,1,block_2,2,Provo_ID11,5,1077713,1257085,1,gaze_data,1741607883011,590.4508709907532,270.4630087670826,1741607882988,0.9770699945211345
1,1,block_2,2,Provo_ID11,5,1077713,1257085,1,gaze_data,1741607883043,591.8579936027527,271.4530757495335,1741607883011.8,0.8675231097117704
1,1,block_2,2,Provo_ID11,5,1077713,1257085,1,gaze_data,1741607883076,602.1989822387695,273.70420864650185,1741607883046.1,0.9367893332823107
1,1,block_2,2,Provo_ID11,5,1077713,1257085,1,gaze_data,1741607883112,613.2071495056152,279.6290366990226,1741607883079.3,0.8920800974862364
1,1,block_2,2,Provo_ID11,5,1077713,1257085,1,gaze_data,1741607883148,631.8896293640137,278.13575335911344,1741607883113.8,0.8287844085991827
1,1,block_2,2,Provo_ID11,5,1077713,1257085,1,gaze_data,1741607883175,630.7291507720947,270.8926884333293,1741607883147.1,0.8542428862113294
1,1,block_2,2,Provo_ID11,5,1077713,1257085,1,gaze_data,1741607883214,582.7032446861267,288.04841768173947,1741607883178.6,0.786378820232679
1,1,block_2,2,Provo_ID11,5,1077713,1257085,1,gaze_data,1741607883243,185.6537103652954,330.5297413326445,1741607883212,0.8751604545693157
1,1,block_2,2,Provo_ID11,5,1077713,1257085,1,gaze_data,1741607883276,205.11534214019775,318.1950330734253,1741607883245,0.7884897753750506
1,1,block_2,2,Provo_ID11,5,1077713,1257085,1,gaze_data,1741607883310,176.7185926437378,305.7470105943226,1741607883279.2,1
1,1,block_2,2,Provo_ID11,5,1077713,1257085,1,gaze_data,1741607883348,160.34564971923828,311.55289672669915,1741607883312.5,1
1,1,block_2,2,Provo_ID11,5,1077713,1257085,1,gaze_data,1741607883382,170.9235668182373,327.3950454166957,1741607883347,0.7392746580802344
1,1,block_2,2,Provo_ID11,5,1077713,1257085,1,gaze_data,1741607883410,159.09829139709473,313.0511883326939,1741607883379.9001,0.9432747451376393
1,1,block_2,2,Provo_ID11,5,1077713,1257085,1,gaze_data,1741607883448,172.02739715576172,335.8616406576974,1741607883412.4001,0.6864187487678577
1,1,block_2,2,Provo_ID11,5,1077713,1257085,1,gaze_data,1741607883476,226.69047117233276,358.3406816210066,1741607883446.1,0.9777609940245542
1,1,block_2,2,Provo_ID11,5,1077713,1257085,1,gaze_data,1741607883509,285.17744541168213,374.2687134515672,1741607883478.4001,0.555807771632695
1,1,block_2,2,Provo_ID11,5,1077713,1257085,1,gaze_data,1741607883548,286.4407420158386,364.9299971262614,1741607883520.1,0.6228834012153194
1,1,block_2,2,Provo_ID11,5,1077713,1257085,1,gaze_data,1741607883577,273.8262891769409,351.1754471915109,1741607883547.2,0.7689338340205544
1,1,block_2,2,Provo_ID11,5,1077713,1257085,1,gaze_data,1741607883614,303.51165533065796,370.70385569617866,1741607883579,0.6534322745488252
1,1,block_2,2,Provo_ID11,5,1077713,1257085,1,gaze_data,1741607883644,531.7157864570618,372.7429062979562,1741607883612.7,0.8190008179742618
1,1,block_2,2,Provo_ID11,5,1077713,1257085,1,gaze_data,1741607883671,539.0257954597473,394.84102339971633,1741607883645.5,0.6311337140714738
1,1,block_2,2,Provo_ID11,5,1077713,1257085,1,gaze_data,1741607883716,552.7280449867249,396.67815253848124,1741607883679.8,0.6829790445763988
1,1,block_2,2,Provo_ID11,5,1077713,1257085,1,gaze_data,1741607883747,552.9223561286926,390.77395938691643,1741607883718.5,0.7137834457986155
1,1,block_2,2,Provo_ID11,5,1077713,1257085,1,gaze_data,1741607883781,562.8090858459473,407.084280649821,1741607883745.5,0.630658298483749
1,1,block_2,2,Provo_ID11,5,1077713,1257085,1,gaze_data,1741607883813,560.6799364089966,405.5887694585891,1741607883779.4001,0.7485106290933088
1,1,block_2,2,Provo_ID11,5,1077713,1257085,1,gaze_data,1741607883847,562.4428391456604,397.310848236084,1741607883812.3,0.719123970925549
1,1,block_2,2,Provo_ID11,5,1077713,1257085,1,gaze_data,1741607883873,568.7162756919861,402.6936045147124,1741607883845.7,0.8073415790360337
1,1,block_2,2,Provo_ID11,5,1077713,1257085,1,gaze_data,1741607883909,572.520911693573,404.99190239679245,1741607883878.2,0.7343533971867221
1,1,block_2,2,Provo_ID11,5,1077713,1257085,1,gaze_data,1741607883947,372.94941544532776,371.98518344334195,1741607883913.6,0.7025681360275357
1,1,block_2,2,Provo_ID11,5,1077713,1257085,1,gaze_data,1741607883977,392.7183300256729,209.62303053765072,1741607883946.6,0.0741198428448702
1,1,block_2,2,Provo_ID11,5,1077713,1257085,1,gaze_data,1741607884006,281.04279041290283,185.2532670611427,1741607883978.8,0
1,1,block_2,2,Provo_ID11,5,1077713,1257085,1,gaze_data,1741607884041,157.4207305908203,275.64611366816933,1741607884013.4001,0
1,1,block_2,2,Provo_ID11,5,1077713,1257085,1,gaze_data,1741607884080,147.33004570007324,185.3838374501183,1741607884054,0
1,1,block_2,2,Provo_ID11,5,1077713,1257085,1,gaze_data,1741607884113,153.13844680786133,126.87460876646496,1741607884081.5,0.2165198484007766
1,1,block_2,2,Provo_ID11,5,1077713,1257085,1,gaze_data,1741607884140,150.32644271850586,107.80889647347587,1741607884113.3,0.7462492822254925
1,1,block_2,2,Provo_ID11,5,1077713,1257085,1,gaze_data,1741607884179,152.77962684631348,89.0618337903704,1741607884149.8,0.9312454725035151
1,1,block_2,2,Provo_ID11,5,1077713,1257085,1,gaze_data,1741607884214,164.2509937286377,88.4905043102446,1741607884179.9001,1
1,1,block_2,2,Provo_ID11,5,1077713,1257085,1,gaze_data,1741607884247,156.12502098083496,83.54898225693476,1741607884212.6,1
1,1,block_2,2,Provo_ID11,5,1077713,1257085,1,gaze_data,1741607884275,173.68013858795166,93.05343945821127,1741607884245.7,1
1,1,block_2,2,Provo_ID11,5,1077713,1257085,1,gaze_data,1741607884310,251.71563625335693,113.46520333063036,1741607884279.6,1
1,1,block_2,2,Provo_ID11,5,1077713,1257085,1,gaze_data,1741607884347,302.762895822525,108.26755932399206,1741607884313.2,1
1,1,block_2,2,Provo_ID11,5,1077713,1257085,1,gaze_data,1741607884380,291.29462242126465,93.79039718991234,1741607884348,1
1,1,block_2,2,Provo_ID11,5,1077713,1257085,1,gaze_data,1741607884412,292.0613408088684,92.98151470365978,1741607884380,1
1,1,block_2,2,Provo_ID11,5,1077713,1257085,1,gaze_data,1741607884444,424.67503547668457,70.94947996593658,1741607884412.6,1
1,1,block_2,2,Provo_ID11,5,1077713,1257085,1,gaze_data,1741607884479,472.39638566970825,100.78755378723145,1741607884453.1,1
1,1,block_2,2,Provo_ID11,5,1077713,1257085,1,gaze_data,1741607884507,449.96532797813416,93.55649039858864,1741607884479.7,1
1,1,block_2,2,Provo_ID11,5,1077713,1257085,1,gaze_data,1741607884545,433.8138937950134,80.97388176690964,1741607884513.3,1
1,1,block_2,2,Provo_ID11,5,1077713,1257085,1,gaze_data,1741607884579,444.5576846599579,85.14816420418876,1741607884550.1,1
1,1,block_2,2,Provo_ID11,5,1077713,1257085,1,gaze_data,1741607884611,440.91779589653015,81.53655324663436,1741607884581.3,1
1,1,block_2,2,Provo_ID11,5,1077713,1257085,1,gaze_data,1741607884645,280.9507966041565,88.0843666621617,1741607884612.2,1
1,1,block_2,2,Provo_ID11,5,1077713,1257085,1,gaze_data,1741607884676,179.7032356262207,141.64837428501676,1741607884647.2,1
1,1,block_2,2,Provo_ID11,5,1077713,1257085,1,gaze_data,1741607884709,191.24135971069336,145.67881425221762,1741607884679.9001,1
1,1,block_2,2,Provo_ID11,5,1077713,1257085,1,gaze_data,1741607884741,178.94587516784668,132.19188099815733,1741607884712.1,1
1,1,block_2,2,Provo_ID11,5,1077713,1257085,1,gaze_data,1741607884784,179.1694164276123,129.96871062687467,1741607884746.6,1
1,1,block_2,2,Provo_ID11,5,1077713,1257085,1,gaze_data,1741607884814,190.12508392333984,137.66598973955428,1741607884781.2,1
1,1,block_2,2,Provo_ID11,5,1077713,1257085,1,gaze_data,1741607884839,190.0820255279541,128.7305109841483,1741607884814,1
1,1,block_2,2,Provo_ID11,5,1077713,1257085,1,gaze_data,1741607884877,190.58475494384766,137.899002574739,1741607884846.6,1
1,1,block_2,2,Provo_ID11,5,1077713,1257085,1,gaze_data,1741607884910,184.1576099395752,128.54890414646695,1741607884880.2,1
1,1,block_2,2,Provo_ID11,5,1077713,1257085,1,gaze_data,1741607884943,155.96871376037598,141.93687575204032,1741607884912.5,1
1,1,block_2,2,Provo_ID11,5,1077713,1257085,1,gaze_data,1741607884978,153.5999298095703,149.35423396882558,1741607884949,1
1,1,block_2,2,Provo_ID11,5,1077713,1257085,1,gaze_data,1741607885012,169.21672821044922,129.6344343821208,1741607884981.8,1
1,1,block_2,2,Provo_ID11,5,1077713,1257085,1,gaze_data,1741607885046,234.32137966156006,179.77459703172957,1741607885013.1,1
1,1,block_2,2,Provo_ID11,5,1077713,1257085,1,gaze_data,1741607885081,430.6197464466095,157.5133716492426,1741607885050.7,1
1,1,block_2,2,Provo_ID11,5,1077713,1257085,1,gaze_data,1741607885105,426.8000662326813,164.74656082334974,1741607885079.8,1
1,1,block_2,2,Provo_ID11,5,1077713,1257085,1,gaze_data,1741607885146,413.7228786945343,157.6222442445301,1741607885113.5,1
1,1,block_2,2,Provo_ID11,5,1077713,1257085,1,gaze_data,1741607885179,403.7130653858185,152.65895752679734,1741607885148.3,1
1,1,block_2,2,Provo_ID11,5,1077713,1257085,1,gaze_data,1741607885213,413.30615282058716,157.2223994845436,1741607885180,1
1,1,block_2,2,Provo_ID11,5,1077713,1257085,1,gaze_data,1741607885246,410.77494621276855,158.35065660022553,1741607885213.5,1
1,1,block_2,2,Provo_ID11,5,1077713,1257085,1,gaze_data,1741607885274,408.36511850357056,150.939633505685,1741607885245.6,1
1,1,block_2,2,Provo_ID11,5,1077713,1257085,1,gaze_data,1741607885309,553.6690592765808,121.1421115057809,1741607885283.5,1
1,1,block_2,2,Provo_ID11,5,1077713,1257085,1,gaze_data,1741607885342,597.5395321846008,163.03412800743467,1741607885313.8,1
1,1,block_2,2,Provo_ID11,5,1077713,1257085,1,gaze_data,1741607885379,588.2870316505432,148.34499268304734,1741607885347.9001,1
1,1,block_2,2,Provo_ID11,5,1077713,1257085,1,gaze_data,1741607885420,612.665843963623,164.39567248026532,1741607885389.4001,1
1,1,block_2,2,Provo_ID11,5,1077713,1257085,1,gaze_data,1741607885447,638.4873390197754,179.28229468209403,1741607885415.6,1
1,1,block_2,2,Provo_ID11,5,1077713,1257085,1,gaze_data,1741607885478,205.9282422065735,199.85709292548043,1741607885449.1,1
1,1,block_2,2,Provo_ID11,5,1077713,1257085,1,gaze_data,1741607885513,192.75426864624023,210.9462070465088,1741607885483.3,1
1,1,block_2,2,Provo_ID11,5,1077713,1257085,1,gaze_data,1741607885548,177.26130485534668,189.54341888427734,1741607885514.1,1
1,1,block_2,2,Provo_ID11,5,1077713,1257085,1,gaze_data,1741607885581,182.97042846679688,214.80621462776548,1741607885546.6,1
1,1,block_2,2,Provo_ID11,5,1077713,1257085,1,gaze_data,1741607885610,179.51555252075195,209.33461881819227,1741607885581,1
1,1,block_2,2,Provo_ID11,5,1077713,1257085,1,gaze_data,1741607885643,189.9794340133667,230.49002573603676,1741607885613.2,1
1,1,block_2,2,Provo_ID11,5,1077713,1257085,1,gaze_data,1741607885674,196.2244987487793,212.72504426184156,1741607885646.2,1
1,1,block_2,2,Provo_ID11,5,1077713,1257085,1,gaze_data,1741607885710,398.8056868314743,290.7582662219093,1741607885684.1,1
1,1,block_2,2,Provo_ID11,5,1077713,1257085,1,gaze_data,1741607885743,356.1219096183777,243.19906053088962,1741607885713.3,1
1,1,block_2,2,Provo_ID11,5,1077713,1257085,1,gaze_data,1741607885776,367.8810715675354,253.6051692849114,1741607885746.2,1
1,1,block_2,2,Provo_ID11,5,1077713,1257085,1,gaze_data,1741607885809,358.27245712280273,247.18014637629193,1741607885780.4001,1
1,1,block_2,2,Provo_ID11,5,1077713,1257085,1,gaze_data,1741607885842,380.4873615503311,265.64925557091124,1741607885813.9001,1
1,1,block_2,2,Provo_ID11,5,1077713,1257085,1,gaze_data,1741607885871,353.8804739713669,246.394362449646,1741607885849,1
1,1,block_2,2,Provo_ID11,5,1077713,1257085,1,gaze_data,1741607885912,357.2028875350952,250.6422361305782,1741607885881,1
1,1,block_2,2,Provo_ID11,5,1077713,1257085,1,gaze_data,1741607885947,293.97361278533936,283.421121211279,1741607885916.1,1
1,1,block_2,2,Provo_ID11,5,1077713,1257085,1,gaze_data,1741607885975,153.96432876586914,326.15809168134416,1741607885949,0.9704672736528388
1,1,block_2,2,Provo_ID11,5,1077713,1257085,1,gaze_data,1741607886014,179.65214252471924,325.75125013078963,1741607885979.7,0.757802029598183
1,1,block_2,2,Provo_ID11,5,1077713,1257085,1,gaze_data,1741607886045,169.6558713912964,326.3657499495007,1741607886013.6,1
1,1,block_2,2,Provo_ID11,5,1077713,1257085,1,gaze_data,1741607886076,183.21688175201416,341.2148189544678,1741607886049.1,0.6671906277173889
1,1,block_2,2,Provo_ID11,5,1077713,1257085,1,gaze_data,1741607886109,170.5090045928955,332.59261199406217,1741607886080.4001,0.936200273319032
1,1,block_2,2,Provo_ID11,5,1077713,1257085,1,gaze_data,1741607886141,190.3864860534668,337.0650182451521,1741607886115.6,0.7509082947984428
1,1,block_2,2,Provo_ID11,5,1077713,1257085,1,gaze_data,1741607886181,347.29206562042236,376.02413359142486,1741607886150.2,0.6443788791175499
1,1,block_2,2,Provo_ID11,5,1077713,1257085,1,gaze_data,1741607886214,358.257657289505,378.3931736719041,1741607886183.1,0.6443788791175499
1,1,block_2,2,Provo_ID11,5,1077713,1257085,1,gaze_data,1741607886246,358.6156040430069,356.3678260076614,1741607886215.4001,0.8373862673459724
1,1,block_2,2,Provo_ID11,5,1077713,1257085,1,gaze_data,1741607886282,354.0305107831955,359.27835010346917,1741607886246.9001,0.782995317631114
1,1,block_2,2,Provo_ID11,5,1077713,1257085,1,gaze_data,1741607886313,500.4246950149536,359.938934416998,1741607886280.3,0.6897098871832625
1,1,block_2,2,Provo_ID11,5,1077713,1257085,1,gaze_data,1741607886342,516.4856672286987,357.10440363202775,1741607886318.7,0.7225817119044292
1,1,block_2,2,Provo_ID11,5,1077713,1257085,1,gaze_data,1741607886376,502.1824359893799,372.04792930966335,1741607886346.7,0.7629018088080755
1,1,block_2,2,Provo_ID11,5,1077713,1257085,1,gaze_data,1741607886414,501.9980788230896,348.9029121398926,1741607886381.6,0.7545117542919751
1,1,block_2,2,Provo_ID11,5,1077713,1257085,1,gaze_data,1741607886446,504.2044997215271,353.85219119843987,1741607886419,0.6354585009639547
1,1,block_2,2,Provo_ID11,5,1077713,1257085,1,gaze_data,1741607886475,503.55772972106934,349.79760033743725,1741607886447.1,0.7492868370077346
1,1,block_2,2,Provo_ID11,5,1077713,1257085,1,gaze_data,1741607886513,499.73233938217163,348.32965396699456,1741607886480.6,0.7315317450792027
1,1,block_2,2,Provo_ID11,5,1077713,1257085,1,gaze_data,1741607886545,502.35708951950073,347.0610668545678,1741607886513.9001,0.7216551657724406
1,1,block_2,2,Provo_ID11,5,1077713,1257085,1,gaze_data,1741607886576,466.6389465332031,399.2770308539981,1741607886549.1,0.7057814244673488
1,1,block_2,2,Provo_ID11,5,1077713,1257085,1,gaze_data,1741607886608,375.19547641277313,234.01451644443333,1741607886580.3,0.34469649977065264
1,1,block_2,2,Provo_ID11,5,1077713,1257085,1,gaze_data,1741607886646,296.4073896408081,227.42089481580825,1741607886614.3,0
1,1,block_2,2,Provo_ID11,5,1077713,1257085,1,gaze_data,1741607886679,343.28575134277344,189.2759148279826,1741607886648.8,0
1,1,block_2,2,Provo_ID11,5,1077713,1257085,1,gaze_data,1741607886714,157.45840072631836,227.50463105383375,1741607886680.4001,0
1,1,block_2,2,Provo_ID11,5,1077713,1257085,1,gaze_data,1741607886747,130.32197952270508,144.06395639692036,1741607886713.8,0.015593562645773523
1,1,block_2,2,Provo_ID11,5,1077713,1257085,1,gaze_data,1741607886775,125.45342445373535,101.31391797746932,1741607886746.5,0.212663633258854
1,1,block_2,2,Provo_ID11,5,1077713,1257085,1,gaze_data,1741607886810,160.41107177734375,81.61432039170039,1741607886780.1,0.7679962349528932
1,1,block_2,2,Provo_ID11,5,1077713,1257085,1,gaze_data,1741607886847,151.44691467285156,74.36087290445964,1741607886816.1,0.8384435651735447
1,1,block_2,2,Provo_ID11,5,1077713,1257085,1,gaze_data,1741607886875,153.77626419067383,67.76001339867001,1741607886847.8,1
1,1,block_2,2,Provo_ID11,5,1077713,1257085,1,gaze_data,1741607886915,225.76433420181274,80.83148229689826,1741607886880.6,1
1,1,block_2,2,Provo_ID11,5,1077713,1257085,1,gaze_data,1741607886947,216.40716791152954,65.22130466642834,1741607886914.5,1
1,1,block_2,2,Provo_ID11,5,1077713,1257085,1,gaze_data,1741607886974,217.1492338180542,61.298343567621146,1741607886946.8,1
1,1,block_2,2,Provo_ID11,5,1077713,1257085,1,gaze_data,1741607887014,220.92273235321045,67.80973706926619,1741607886983.6,1
1,1,block_2,2,Provo_ID11,5,1077713,1257085,1,gaze_data,1741607887047,214.60949182510376,66.2964593796503,1741607887013.9001,1
1,1,block_2,2,Provo_ID11,5,1077713,1257085,1,gaze_data,1741607887076,217.93943643569946,67.89765448797317,1741607887047.3,1
1,1,block_2,2,Provo_ID11,5,1077713,1257085,1,gaze_data,1741607887108,354.08569276332855,79.22464189075289,1741607887080.7,1
1,1,block_2,2,Provo_ID11,5,1077713,1257085,1,gaze_data,1741607887142,459.870320558548,69.68020302908762,1741607887115.3,1
1,1,block_2,2,Provo_ID11,5,1077713,1257085,1,gaze_data,1741607887181,461.50311827659607,88.28507741292319,1741607887149.7,1
1,1,block_2,2,Provo_ID11,5,1077713,1257085,1,gaze_data,1741607887212,462.02404499053955,80.89439709981283,1741607887182.3,1
1,1,block_2,2,Provo_ID11,5,1077713,1257085,1,gaze_data,1741607887251,477.75224447250366,71.84119769505092,1741607887222.4001,1
1,1,block_2,2,Provo_ID11,5,1077713,1257085,1,gaze_data,1741607887280,456.8808674812317,68.32718985421317,1741607887247.7,1
1,1,block_2,2,Provo_ID11,5,1077713,1257085,1,gaze_data,1741607887308,482.1267604827881,72.82105809166318,1741607887280.9001,1
1,1,block_2,2,Provo_ID11,5,1077713,1257085,1,gaze_data,1741607887342,457.4032723903656,68.86461939130511,1741607887317.2,1
1,1,block_2,2,Provo_ID11,5,1077713,1257085,1,gaze_data,1741607887375,250.58037042617798,82.54670960562571,1741607887349.3,1
1,1,block_2,2,Provo_ID11,5,1077713,1257085,1,gaze_data,1741607887411,148.29416275024414,114.69763801211403,1741607887381.4001,1
1,1,block_2,2,Provo_ID11,5,1077713,1257085,1,gaze_data,1741607887447,157.7366828918457,127.72764001573836,1741607887417,1
1,1,block_2,2,Provo_ID11,5,1077713,1257085,1,gaze_data,1741607887480,161.10405921936035,133.13762324196952,1741607887447.9001,1
1,1,block_2,2,Provo_ID11,5,1077713,1257085,1,gaze_data,1741607887515,161.08989715576172,130.7484867459252,1741607887481.2,1
1,1,block_2,2,Provo_ID11,5,1077713,1257085,1,gaze_data,1741607887546,157.59916305541992,132.55648136138916,1741607887514.3,1
1,1,block_2,2,Provo_ID11,5,1077713,1257085,1,gaze_data,1741607887574,166.45116806030273,128.4219905308315,1741607887547.5,1
1,1,block_2,2,Provo_ID11,5,1077713,1257085,1,gaze_data,1741607887616,239.06224966049194,166.55336584363667,1741607887581,1
1,1,block_2,2,Provo_ID11,5,1077713,1257085,1,gaze_data,1741607887648,374.9962627887726,173.98233141217915,1741607887620.4001,1
1,1,block_2,2,Provo_ID11,5,1077713,1257085,1,gaze_data,1741607887681,342.8539752960205,135.28009119487945,1741607887650,1
1,1,block_2,2,Provo_ID11,5,1077713,1257085,1,gaze_data,1741607887714,361.95081770420074,146.98408172244118,1741607887683.4001,1
1,1,block_2,2,Provo_ID11,5,1077713,1257085,1,gaze_data,1741607887742,345.234876871109,132.12715012686593,1741607887714.6,1
1,1,block_2,2,Provo_ID11,5,1077713,1257085,1,gaze_data,1741607887776,382.1948438882828,157.95365560622443,1741607887747.8,1
1,1,block_2,2,Provo_ID11,5,1077713,1257085,1,gaze_data,1741607887811,374.04707074165344,145.25062333969842,1741607887781.2,1
1,1,block_2,2,Provo_ID11,5,1077713,1257085,1,gaze_data,1741607887846,370.732644200325,141.85513859703428,1741607887814.7,1
1,1,block_2,2,Provo_ID11,5,1077713,1257085,1,gaze_data,1741607887880,402.3110717535019,172.06731546492804,1741607887850,1
1,1,block_2,2,Provo_ID11,5,1077713,1257085,1,gaze_data,1741607887907,378.9475589990616,158.48287764049712,1741607887881,1
1,1,block_2,2,Provo_ID11,5,1077713,1257085,1,gaze_data,1741607887943,398.2299655675888,173.57608817872548,1741607887914.3,1
1,1,block_2,2,Provo_ID11,5,1077713,1257085,1,gaze_data,1741607887976,385.2435126900673,173.0529126666841,1741607887947.6,1
1,1,block_2,2,Provo_ID11,5,1077713,1257085,1,gaze_data,1741607888009,432.52719044685364,199.43774302800497,1741607887981.1,1
1,1,block_2,2,Provo_ID11,5,1077713,1257085,1,gaze_data,1741607888044,420.7692563533783,183.33660750162034,1741607888015.8,1
1,1,block_2,2,Provo_ID11,5,1077713,1257085,1,gaze_data,1741607888080,421.29765152931213,174.0684327625093,1741607888048.7,1
1,1,block_2,2,Provo_ID11,5,1077713,1257085,1,gaze_data,1741607888110,429.1656255722046,183.75495081856138,1741607888082,1
1,1,block_2,2,Provo_ID11,5,1077713,1257085,1,gaze_data,1741607888147,426.87774896621704,169.47377976917085,1741607888116.6,1
1,1,block_2,2,Provo_ID11,5,1077713,1257085,1,gaze_data,1741607888181,334.77243185043335,217.41469417299544,1741607888148.4001,1
1,1,block_2,2,Provo_ID11,5,1077713,1257085,1,gaze_data,1741607888209,261.2151622772217,183.7867073785691,1741607888181.8,1
1,1,block_2,2,Provo_ID11,5,1077713,1257085,1,gaze_data,1741607888243,272.4089026451111,184.7378767104376,1741607888214,1
1,1,block_2,2,Provo_ID11,5,1077713,1257085,1,gaze_data,1741607888278,264.21157121658325,172.56372860499792,1741607888249,1
1,1,block_2,2,Provo_ID11,5,1077713,1257085,1,gaze_data,1741607888313,262.04625368118286,162.02456292651948,1741607888282.8,1
1,1,block_2,2,Provo_ID11,5,1077713,1257085,1,gaze_data,1741607888341,252.54173278808594,158.9233516511463,1741607888314.1,1
1,1,block_2,2,Provo_ID11,5,1077713,1257085,1,gaze_data,1741607888374,250.89778900146484,161.1407077880133,1741607888348.3,1
1,1,block_2,2,Provo_ID11,5,1077713,1257085,1,gaze_data,1741607888414,249.0774393081665,160.5960139774141,1741607888382.5,1
1,1,block_2,2,Provo_ID11,5,1077713,1257085,1,gaze_data,1741607888447,136.57608032226562,142.99145539601645,1741607888415.2,1
1,1,block_2,2,Provo_ID11,5,1077713,1257085,1,gaze_data,1741607888479,127.32219696044922,139.89731834048317,1741607888447.9001,0.9644733171386521
1,1,block_2,2,Provo_ID11,5,1077713,1257085,1,gaze_data,1741607888512,138.09781074523926,136.51891027178084,1741607888483.2,1
1,1,block_2,2,Provo_ID11,5,1077713,1257085,1,gaze_data,1741607888541,140.30156135559082,140.45269035157705,1741607888516,0.9858667617408354
1,1,block_2,2,Provo_ID11,5,1077713,1257085,1,gaze_data,1741607888576,146.9592571258545,141.8964013599214,1741607888550.2,1
1,1,block_2,2,Provo_ID11,5,1077713,1257085,1,gaze_data,1741607888614,148.92268180847168,144.47754133315314,1741607888582.2,1
1,1,block_2,2,Provo_ID11,5,1077713,1257085,1,gaze_data,1741607888647,228.17256450653076,189.71291507993428,1741607888616.4001,1
1,1,block_2,2,Provo_ID11,5,1077713,1257085,1,gaze_data,1741607888672,303.73029708862305,182.41430521011353,1741607888647.8,0.986438222634725
1,1,block_2,2,Provo_ID11,5,1077713,1257085,1,gaze_data,1741607888713,306.51535391807556,199.30357217788696,1741607888681.8,1
1,1,block_2,2,Provo_ID11,5,1077713,1257085,1,gaze_data,1741607888737,328.28245759010315,208.12769532203674,1741607888714.6,1
1,1,block_2,2,Provo_ID11,5,1077713,1257085,1,gaze_data,1741607888780,325.77773928642273,263.3152592749823,1741607888748.7,0.9618771946825198
1,1,block_2,2,Provo_ID11,5,1077713,1257085,1,gaze_data,1741607888814,314.9909734725952,285.1913549786522,1741607888783,0.5705789053555129
1,1,block_2,2,Provo_ID11,5,1077713,1257085,1,gaze_data,1741607888840,315.32806754112244,310.4454399290539,1741607888814.9001,0.38507247310079845
1,1,block_2,2,Provo_ID11,5,1077713,1257085,1,gaze_data,1741607888874,313.7753188610077,309.782722791036,1741607888847.9001,0.19411459565447717
1,1,block_2,2,Provo_ID11,5,1077713,1257085,1,gaze_data,1741607888905,289.2946720123291,314.12946837288996,1741607888881.3,0.15427810567394695
1,1,block_2,2,Provo_ID11,5,1077713,1257085,1,gaze_data,1741607888944,293.3725357055664,326.57635052998864,1741607888916.8,0.11362550594431217
1,1,block_2,2,Provo_ID11,5,1077713,1257085,1,gaze_data,1741607888972,299.04119968414307,306.1255271094186,1741607888948.9001,0.07607587172045686
1,1,block_2,2,Provo_ID11,5,1077713,1257085,1,gaze_data,1741607889013,304.49230670928955,324.02617522648404,1741607888981.8,0.027921528625885882
1,1,block_2,2,Provo_ID11,5,1077713,1257085,1,gaze_data,1741607889044,297.20088243484497,300.45775368100124,1741607889014.8,0.03585088486504688
1,1,block_2,2,Provo_ID11,5,1077713,1257085,1,gaze_data,1741607889073,306.90736174583435,321.9816975366502,1741607889048.6,0.04053710737262565
1,1,block_2,2,Provo_ID11,5,1077713,1257085,1,gaze_data,1741607889110,309.2246115207672,314.28008942377,1741607889081.5,0.05691347205859588
1,1,block_2,2,Provo_ID11,5,1077713,1257085,1,gaze_data,1741607889141,305.24260997772217,316.74502917698453,1741607889114.8,0.014336320010893742
1,1,block_2,2,Provo_ID11,5,1077713,1257085,1,gaze_data,1741607889174,317.1688735485077,302.71814641498383,1741607889153.8,0.015290579170868932
1,1,block_2,2,Provo_ID11,5,1077713,1257085,1,gaze_data,1741607889213,385.05630791187286,284.1882517224266,1741607889183.7,0.017056368878929314
1,1,block_2,2,Provo_ID11,5,1077713,1257085,1,gaze_data,1741607889246,422.6203739643097,292.32717332385835,1741607889214.9001,0.017240336547578436
1,1,block_2,2,Provo_ID11,5,1077713,1257085,1,gaze_data,1741607889272,445.22120356559753,292.82115096137636,1741607889248.2,0.043361680879652045
1,1,block_2,2,Provo_ID11,5,1077713,1257085,1,gaze_data,1741607889314,432.30656385421753,292.605475244068,1741607889282.6,0.06347637158523606
1,1,block_2,2,Provo_ID11,5,1077713,1257085,1,gaze_data,1741607889342,472.21771478652954,292.0533271062942,1741607889315.1,0.05121281381536059
1,1,block_2,2,Provo_ID11,5,1077713,1257085,1,gaze_data,1741607889372,446.7663645744324,206.36154946826755,1741607889348.4001,0.03153275520047198
1,1,block_2,2,Provo_ID11,5,1077713,1257085,1,gaze_data,1741607889413,478.6928176879883,209.3873305547805,1741607889383.2,0.08462996586601043
1,1,block_2,2,Provo_ID11,5,1077713,1257085,1,gaze_data,1741607889443,461.6197645664215,204.91449668293907,1741607889414.8,0.08293854811773715
1,1,block_2,2,Provo_ID11,5,1077713,1257085,1,gaze_data,1741607889477,499.5642900466919,223.57256497655598,1741607889450.2,0.11511587985457851
1,1,block_2,2,Provo_ID11,5,1077713,1257085,1,gaze_data,1741607889507,496.02824449539185,224.62340689840772,1741607889484.7,0.07031552211877147
1,1,block_2,2,Provo_ID11,5,1077713,1257085,1,gaze_data,1741607889540,518.3264493942261,237.689461906751,1741607889517.3,0.11968410883019712
1,1,block_2,2,Provo_ID11,5,1077713,1257085,1,gaze_data,1741607889571,510.7934236526489,229.43197937238784,1741607889551.1,0.04780747961197262
1,1,block_2,2,Provo_ID11,5,1077713,1257085,1,gaze_data,1741607889610,488.6031746864319,245.68383625575476,1741607889582.9001,0.14359435548704227
1,1,block_2,2,Provo_ID11,5,1077713,1257085,1,gaze_data,1741607889643,490.2127504348755,251.78726020313445,1741607889615.8,0.11774582250670035
1,1,block_2,2,Provo_ID11,5,1077713,1257085,1,gaze_data,1741607889677,467.81742572784424,247.14140886352178,1741607889648.8,0.10019194486084587
1,1,block_2,2,Provo_ID11,5,1077713,1257085,1,gaze_data,1741607889708,478.81665229797363,250.86245025907246,1741607889681.5,0.1680909708795197
1,1,block_2,2,Provo_ID11,5,1077713,1257085,1,gaze_data,1741607889739,473.43547344207764,263.5438656806946,1741607889716.7,0.12884267248962747
1,1,block_2,2,Provo_ID11,5,1077713,1257085,1,gaze_data,1741607889784,467.9866909980774,269.65962727864587,1741607889756.6,0.20551367928751282
1,1,block_2,2,Provo_ID11,5,1077713,1257085,1,gaze_data,1741607889813,449.2782413959503,271.0882571765355,1741607889783.3,0.19108704201241888
1,1,block_2,2,Provo_ID11,5,1077713,1257085,1,gaze_data,1741607889848,273.85690212249756,303.22638511657715,1741607889815,0.17045731090193753
1,1,block_2,2,Provo_ID11,5,1077713,1257085,1,gaze_data,1741607889876,258.59454870224,299.56882340567455,1741607889848.8,0.05862404803009772
1,1,block_2,2,Provo_ID11,5,1077713,1257085,1,gaze_data,1741607889905,251.14245414733887,302.19767388843354,1741607889881.9001,0.0413124862736616
1,1,block_2,2,Provo_ID11,5,1077713,1257085,1,gaze_data,1741607889944,254.4466495513916,295.93051342737107,1741607889915.6,0.09057018199211336
1,1,block_2,2,Provo_ID11,5,1077713,1257085,1,gaze_data,1741607889980,248.25013875961304,277.93673901330857,1741607889951.6,0.0595933983507019
1,1,block_2,2,Provo_ID11,5,1077713,1257085,1,gaze_data,1741607890008,218.40531826019287,277.6075836590358,1741607889982.4001,0.06500655210606297
1,1,block_2,2,Provo_ID11,5,1077713,1257085,1,gaze_data,1741607890042,218.4123396873474,273.0408896718707,1741607890015.9001,0.07314968127427887
1,1,block_2,2,Provo_ID11,5,1077713,1257085,1,gaze_data,1741607890087,216.99755191802979,274.0935406230745,1741607890053.1,0.04954331519313693
1,1,block_2,2,Provo_ID11,5,1077713,1257085,1,gaze_data,1741607890104,216.68531894683838,272.7972514288766,1741607890084.9001,0.04954331519313693
1,1,block_2,2,Provo_ID11,5,1077713,1257085,1,gaze_data,1741607890148,327.2336721420288,288.31325394766674,1741607890116.6,0.06452810343113471
1,1,block_2,2,Provo_ID11,5,1077713,1257085,1,gaze_data,1741607890177,426.95218324661255,250.10713827042355,1741607890149,0.17075889805143832
1,1,block_2,2,Provo_ID11,5,1077713,1257085,1,gaze_data,1741607890209,473.8928198814392,278.2293195951553,1741607890182.1,0.21595437802060227
1,1,block_2,2,Provo_ID11,5,1077713,1257085,1,gaze_data,1741607890243,452.07685232162476,270.23296640032817,1741607890215.4001,0.2299213604064337
1,1,block_2,2,Provo_ID11,5,1077713,1257085,1,gaze_data,1741607890271,464.8238182067871,264.8848034086682,1741607890250.2,0.19896822265821462
1,1,block_2,2,Provo_ID11,5,1077713,1257085,1,gaze_data,1741607890320,474.0101218223572,271.33250781467984,1741607890284.3,0.23893964595276437
1,1,block_2,2,Provo_ID11,5,1077713,1257085,1,gaze_data,1741607890348,218.15630197525024,319.6967949186053,1741607890317.7,0.3562280933343199
1,1,block_2,2,Provo_ID11,5,1077713,1257085,1,gaze_data,1741607890375,218.4107780456543,324.6480449040731,1741607890349.4001,0.04662183488835572
1,1,block_2,2,Provo_ID11,5,1077713,1257085,1,gaze_data,1741607890415,207.9954981803894,328.02452428000316,1741607890382.6,0.06883485762342535
1,1,block_2,2,Provo_ID11,5,1077713,1257085,1,gaze_data,1741607890438,215.09383916854858,334.33346839178176,1741607890416,0.053737733891362015
1,1,block_2,2,Provo_ID11,5,1077713,1257085,1,gaze_data,1741607890480,209.4099521636963,335.98323277064736,1741607890449.5,0.058545189727376934
1,1,block_2,2,Provo_ID11,5,1077713,1257085,1,gaze_data,1741607890515,200.80294609069824,334.22576427459717,1741607890485.8,0.09891569546627117
1,1,block_2,2,Provo_ID11,5,1077713,1257085,1,gaze_data,1741607890542,204.0810465812683,340.9289008095151,1741607890515.8,0.0674872656059715
1,1,block_2,2,Provo_ID11,5,1077713,1257085,1,gaze_data,1741607890581,239.45196866989136,355.0335647946313,1741607890549.1,0.1067336347978665
1,1,block_2,2,Provo_ID11,5,1077713,1257085,1,gaze_data,1741607890609,259.67066287994385,343.8577615647089,1741607890581.8,0.08176821947774669
1,1,block_2,2,Provo_ID11,5,1077713,1257085,1,gaze_data,1741607890647,266.0511255264282,339.73226660773867,1741607890615.7,0.07542873984813443
1,1,block_2,2,Provo_ID11,5,1077713,1257085,1,gaze_data,1741607890681,259.8785400390625,345.260808127267,1741607890649.1,0.09567600619442237
1,1,block_2,2,Provo_ID11,5,1077713,1257085,1,gaze_data,1741607890710,272.26998805999756,338.04096494402205,1741607890682.2,0.07572209485493461
1,1,block_2,2,Provo_ID11,5,1077713,1257085,1,gaze_data,1741607890747,450.53115487098694,337.7495915549142,1741607890715.8,0.12241752564845751
1,1,block_2,2,Provo_ID11,5,1077713,1257085,1,gaze_data,1741607890776,464.25952315330505,332.5618021828788,1741607890749.2,0.15055580797022314
1,1,block_2,2,Provo_ID11,5,1077713,1257085,1,gaze_data,1741607890809,466.34182929992676,337.0820104508173,1741607890784.9001,0.2520015638667522
1,1,block_2,2,Provo_ID11,5,1077713,1257085,1,gaze_data,1741607890854,472.0920443534851,334.7096409116473,1741607890816.7,0.3000148265613414
1,1,block_2,2,Provo_ID11,5,1077713,1257085,1,gaze_data,1741607890881,482.8869104385376,336.1031988688878,1741607890850.8,0.17395067228926
1,1,block_2,2,Provo_ID11,5,1077713,1257085,1,gaze_data,1741607890909,466.5177583694458,334.2846809114729,1741607890882.7,0.3228114054498629
1,1,block_2,2,Provo_ID11,5,1077713,1257085,1,gaze_data,1741607890948,268.27714443206787,389.51403027489073,1741607890915.5,0.1876039361699989
1,1,block_2,2,Provo_ID11,5,1077713,1257085,1,gaze_data,1741607890976,234.4167709350586,373.1570543561663,1741607890949.1,0.0006518697480483182
1,1,block_2,2,Provo_ID11,5,1077713,1257085,1,gaze_data,1741607891010,238.21662664413452,399.4254275730678,1741607890982.9001,0
1,1,block_2,2,Provo_ID11,5,1077713,1257085,1,gaze_data,1741607891047,229.19732332229614,372.6362791515532,1741607891016.5,0
1,1,block_2,2,Provo_ID11,5,1077713,1257085,1,gaze_data,1741607891081,216.7927861213684,382.4191157023112,1741607891051.7,0.010739741323104351
1,1,block_2,2,Provo_ID11,5,1077713,1257085,1,gaze_data,1741607891109,223.97949695587158,388.520683106922,1741607891082.7,0.0025564151998580882
1,1,block_2,2,Provo_ID11,5,1077713,1257085,1,gaze_data,1741607891148,214.12389278411865,377.79962902977354,1741607891116.3,0.02432750807954765
1,1,block_2,2,Provo_ID11,5,1077713,1257085,1,gaze_data,1741607891181,218.0675983428955,380.5726950509208,1741607891149.6,0.017989467959775365
1,1,block_2,2,Provo_ID11,5,1077713,1257085,1,gaze_data,1741607891215,261.96566820144653,414.50380688621885,1741607891184,0.0362406137045307
1,1,block_2,2,Provo_ID11,5,1077713,1257085,1,gaze_data,1741607891242,297.258996963501,400.6637750353132,1741607891216,0
1,1,block_2,2,Provo_ID11,5,1077713,1257085,1,gaze_data,1741607891277,300.5926728248596,398.06733222234817,1741607891249.4001,0.021149832797043876
1,1,block_2,2,Provo_ID11,5,1077713,1257085,1,gaze_data,1741607891315,306.8866491317749,398.71692157927015,1741607891283.3,0.0370223177165135
1,1,block_2,2,Provo_ID11,5,1077713,1257085,1,gaze_data,1741607891343,322.7126479148865,382.0959822336833,1741607891316,0.026579653040497312
1,1,block_2,2,Provo_ID11,5,1077713,1257085,1,gaze_data,1741607891380,319.03529167175293,396.74453054155623,1741607891349,0.027403565573832417
1,1,block_2,2,Provo_ID11,5,1077713,1257085,1,gaze_data,1741607891415,329.60103154182434,391.8399070558094,1741607891385.4001,0.008299571114955188
1,1,block_2,2,Provo_ID11,5,1077713,1257085,1,gaze_data,1741607891443,339.91841077804565,409.99704315548854,1741607891416.3,0.09663349259099133
1,1,block_2,2,Provo_ID11,5,1077713,1257085,1,gaze_data,1741607891476,364.1802966594696,394.0905648186093,1741607891449.5,0.05237200118943322
1,1,block_2,2,Provo_ID11,5,1077713,1257085,1,gaze_data,1741607891509,373.26280176639557,406.0735048566546,1741607891484.4001,0.08879130727946725
1,1,block_2,2,Provo_ID11,5,1077713,1257085,1,gaze_data,1741607891542,401.9629329442978,398.87217430841355,1741607891517.8,0.07190223379163972
1,1,block_2,2,Provo_ID11,5,1077713,1257085,1,gaze_data,1741607891577,366.7048692703247,266.29678953261606,1741607891551.3,0.08378968138119579
1,1,block_2,2,Provo_ID11,5,1077713,1257085,1,gaze_data,1741607891615,327.35475897789,257.1984840574719,1741607891584.5,0
1,1,block_2,2,Provo_ID11,5,1077713,1257085,1,gaze_data,1741607891641,328.47228050231934,282.3350348926726,1741607891616.3,0
1,1,block_2,2,Provo_ID11,5,1077713,1257085,1,gaze_data,1741607891681,325.4432201385498,192.7123244603475,1741607891649.9001,0
1,1,block_2,2,Provo_ID11,5,1077713,1257085,1,gaze_data,1741607891708,350.04013180732727,161.46643161773682,1741607891683,0
1,1,block_2,2,Provo_ID11,5,1077713,1257085,1,gaze_data,1741607891749,283.1962823867798,271.1646024386088,1741607891716.5,0
1,1,block_2,2,Provo_ID11,5,1077713,1257085,1,gaze_data,1741607891781,177.86903381347656,245.7757043270838,1741607891750.1,0.007750859454067586
1,1,block_2,2,Provo_ID11,5,1077713,1257085,1,gaze_data,1741607891814,183.86037349700928,223.20628932544165,1741607891783.5,0.30016159657751595
1,1,block_2,2,Provo_ID11,5,1077713,1257085,1,gaze_data,1741607891844,169.48652267456055,190.01273881821407,1741607891816.8,0.644183191696802
1,1,block_2,2,Provo_ID11,5,1077713,1257085,1,gaze_data,1741607891876,174.6988296508789,183.56572775613694,1741607891850.1,0.9628263253229923
1,1,block_2,2,Provo_ID11,5,1077713,1257085,1,gaze_data,1741607891913,194.5723056793213,173.21417672293526,1741607891883.7,1
1,1,block_2,2,Provo_ID11,5,1077713,1257085,1,gaze_data,1741607891948,197.43170738220215,146.2552751813616,1741607891918,1
1,1,block_2,2,Provo_ID11,5,1077713,1257085,1,gaze_data,1741607891976,202.80373096466064,135.86206368037634,1741607891949.8,1
1,1,block_2,2,Provo_ID11,5,1077713,1257085,1,gaze_data,1741607892009,230.06348609924316,144.79644434792655,1741607891982.7,1
1,1,block_2,2,Provo_ID11,5,1077713,1257085,1,gaze_data,1741607892042,168.03579330444336,112.81842958359492,1741607892015.9001,1
1,1,block_2,2,Provo_ID11,5,1077713,1257085,1,gaze_data,1741607892077,154.40945625305176,105.96768470037551,1741607892049.8,1
1,1,block_2,2,Provo_ID11,5,1077713,1257085,1,gaze_data,1741607892114,145.4226016998291,106.10929579961868,1741607892084.5,1
1,1,block_2,2,Provo_ID11,5,1077713,1257085,1,gaze_data,1741607892145,140.22831916809082,95.60705684480213,1741607892117.7,1
1,1,block_2,2,Provo_ID11,5,1077713,1257085,1,gaze_data,1741607892181,151.6462802886963,98.19699559892928,1741607892152.2,1
1,1,block_2,2,Provo_ID11,5,1077713,1257085,1,gaze_data,1741607892210,145.30935287475586,100.17566544669016,1741607892183,1
1,1,block_2,2,Provo_ID11,5,1077713,1257085,1,gaze_data,1741607892248,161.06562614440918,98.51435706728981,1741607892216.4001,1
1,1,block_2,2,Provo_ID11,5,1077713,1257085,1,gaze_data,1741607892282,274.07519817352295,118.92709232511974,1741607892249.6,1
1,1,block_2,2,Provo_ID11,5,1077713,1257085,1,gaze_data,1741607892313,264.51655626296997,108.69412422180176,1741607892284,1
1,1,block_2,2,Provo_ID11,5,1077713,1257085,1,gaze_data,1741607892343,266.10642671585083,106.81750615437826,1741607892318.2,1
1,1,block_2,2,Provo_ID11,5,1077713,1257085,1,gaze_data,1741607892374,276.17104053497314,106.96666308811733,1741607892352,1
1,1,block_2,2,Provo_ID11,5,1077713,1257085,1,gaze_data,1741607892410,269.4917321205139,101.07221194675991,1741607892385,1
1,1,block_2,2,Provo_ID11,5,1077713,1257085,1,gaze_data,1741607892443,379.9826815724373,91.16741725376674,1741607892419.4001,1
1,1,block_2,2,Provo_ID11,5,1077713,1257085,1,gaze_data,1741607892481,393.30855309963226,101.86686152503604,1741607892450.4001,1
1,1,block_2,2,Provo_ID11,5,1077713,1257085,1,gaze_data,1741607892509,410.2464437484741,102.32297624860492,1741607892483.1,1
1,1,block_2,2,Provo_ID11,5,1077713,1257085,1,gaze_data,1741607892546,387.39610612392426,99.23634983244396,1741607892516.8,1
1,1,block_2,2,Provo_ID11,5,1077713,1257085,1,gaze_data,1741607892581,277.32231616973877,108.84967258998327,1741607892551.5,1
1,1,block_2,2,Provo_ID11,5,1077713,1257085,1,gaze_data,1741607892609,218.0237054824829,138.11647324335007,1741607892583,1
1,1,block_2,2,Provo_ID11,5,1077713,1257085,1,gaze_data,1741607892652,231.8414807319641,131.6769200279599,1741607892617.4001,1
1,1,block_2,2,Provo_ID11,5,1077713,1257085,1,gaze_data,1741607892678,231.73054456710815,132.58491902124314,1741607892649.9001,1
1,1,block_2,2,Provo_ID11,5,1077713,1257085,1,gaze_data,1741607892709,228.28859090805054,133.31366925012497,1741607892684.5,1
1,1,block_2,2,Provo_ID11,5,1077713,1257085,1,gaze_data,1741607892748,231.99783563613892,134.13919199080695,1741607892717.2,1
1,1,block_2,2,Provo_ID11,5,1077713,1257085,1,gaze_data,1741607892780,216.75310134887695,130.01465434119817,1741607892750.2,1
1,1,block_2,2,Provo_ID11,5,1077713,1257085,1,gaze_data,1741607892810,219.42414045333862,130.30454953511557,1741607892782.9001,1
1,1,block_2,2,Provo_ID11,5,1077713,1257085,1,gaze_data,1741607892837,229.2229175567627,132.77435325440908,1741607892819.4001,1
1,1,block_2,2,Provo_ID11,5,1077713,1257085,1,gaze_data,1741607892881,227.898371219635,134.77997552780877,1741607892851,1
1,1,block_2,2,Provo_ID11,5,1077713,1257085,1,gaze_data,1741607892909,215.85170030593872,136.20946066720145,1741607892883.1,1
1,1,block_2,2,Provo_ID11,5,1077713,1257085,1,gaze_data,1741607892948,216.0645842552185,172.58982930864607,1741607892916.7,1
1,1,block_2,2,Provo_ID11,5,1077713,1257085,1,gaze_data,1741607892982,201.54560804367065,182.41891577130272,1741607892950,1
1,1,block_2,2,Provo_ID11,5,1077713,1257085,1,gaze_data,1741607893015,204.928457736969,187.891229561397,1741607892985,1
1,1,block_2,2,Provo_ID11,5,1077713,1257085,1,gaze_data,1741607893042,188.43464851379395,188.8195678165981,1741607893016.6,1
1,1,block_2,2,Provo_ID11,5,1077713,1257085,1,gaze_data,1741607893080,196.83449268341064,192.68915903000607,1741607893050.7,1
1,1,block_2,2,Provo_ID11,5,1077713,1257085,1,gaze_data,1741607893110,195.84035873413086,187.66909553891136,1741607893084.3,1
1,1,block_2,2,Provo_ID11,5,1077713,1257085,1,gaze_data,1741607893148,206.6112756729126,207.31687182471867,1741607893117.1,1
1,1,block_2,2,Provo_ID11,5,1077713,1257085,1,gaze_data,1741607893177,217.29841232299805,219.53772649878547,1741607893149.9001,1
1,1,block_2,2,Provo_ID11,5,1077713,1257085,1,gaze_data,1741607893208,214.66479301452637,248.2662538119725,1741607893186.6,1
1,1,block_2,2,Provo_ID11,5,1077713,1257085,1,gaze_data,1741607893247,198.94752502441406,256.0740913663592,1741607893217.1,1
1,1,block_2,2,Provo_ID11,5,1077713,1257085,1,gaze_data,1741607893272,223.35519790649414,262.32900392441525,1741607893251.4001,1
1,1,block_2,2,Provo_ID11,5,1077713,1257085,1,gaze_data,1741607893314,221.02136611938477,316.16594269162135,1741607893284.7,1
1,1,block_2,2,Provo_ID11,5,1077713,1257085,1,gaze_data,1741607893342,151.5225887298584,384.026913415818,1741607893316.8,1
1,1,block_2,2,Provo_ID11,5,1077713,1257085,1,gaze_data,1741607893380,147.12038040161133,371.34992554074245,1741607893350.5,0.777901860328382
1,1,block_2,2,Provo_ID11,5,1077713,1257085,1,gaze_data,1741607893409,171.57979011535645,368.8337839217413,1741607893383.9001,0.8909750196211803
1,1,block_2,2,Provo_ID11,5,1077713,1257085,1,gaze_data,1741607893448,166.2517547607422,371.63942654927575,1741607893417.6,0.885950572883607
1,1,block_2,2,Provo_ID11,5,1077713,1257085,1,gaze_data,1741607893480,163.65299224853516,370.44291904994424,1741607893450.4001,0.9069383544081524
1,1,block_2,2,Provo_ID11,5,1077713,1257085,1,gaze_data,1741607893509,166.85214042663574,366.16990725199383,1741607893484.9001,0.977061944474054
1,1,block_2,2,Provo_ID11,5,1077713,1257085,1,gaze_data,1741607893543,258.61185789108276,407.62335731869655,1741607893519.2,0.9572196501230255
1,1,block_2,2,Provo_ID11,5,1077713,1257085,1,gaze_data,1741607893577,253.3297896385193,385.56934674580896,1741607893552.7,0.9537142846481812
1,1,block_2,2,Provo_ID11,5,1077713,1257085,1,gaze_data,1741607893610,259.0640902519226,381.9732779548282,1741607893586.2,0.9656480382019921
1,1,block_2,2,Provo_ID11,5,1077713,1257085,1,gaze_data,1741607893648,255.49708604812622,373.2345258621943,1741607893618.3,1
1,1,block_2,2,Provo_ID11,5,1077713,1257085,1,gaze_data,1741607893680,258.7659001350403,372.76990799676804,1741607893652.4001,0.9774269603700754
1,1,block_2,2,Provo_ID11,5,1077713,1257085,1,gaze_data,1741607893716,260.3109121322632,378.08217548188713,1741607893684.8,0.9551383267071696
1,1,block_2,2,Provo_ID11,5,1077713,1257085,1,gaze_data,1741607893741,386.6123452782631,389.4659959702265,1741607893716.3,0.9625646012007603
1,1,block_2,2,Provo_ID11,5,1077713,1257085,1,gaze_data,1741607893779,407.35362470149994,380.4213278634208,1741607893750.6,0.8705384513651242
1,1,block_2,2,Provo_ID11,5,1077713,1257085,1,gaze_data,1741607893809,414.69097435474396,367.4184472220285,1741607893784.4001,0.9168712715240201
1,1,block_2,2,Provo_ID11,5,1077713,1257085,1,gaze_data,1741607893838,414.3871873617172,370.9355522337414,1741607893819.1,0.9577011648651332
1,1,block_2,2,Provo_ID11,5,1077713,1257085,1,gaze_data,1741607893877,422.1504330635071,368.956572668893,1741607893851.4001,0.9955226030392987
1,1,block_2,2,Provo_ID11,5,1077713,1257085,1,gaze_data,1741607893913,428.44547629356384,364.74615187872024,1741607893884.4001,0.9998007947072178
1,1,block_2,2,Provo_ID11,5,1077713,1257085,1,gaze_data,1741607893947,427.30255126953125,366.5390196300688,1741607893917.1,1
1,1,block_2,2,Provo_ID11,5,1077713,1257085,1,gaze_data,1741607893974,483.58161449432373,291.5472071511405,1741607893950.6,1
1,1,block_2,2,Provo_ID11,5,1077713,1257085,1,gaze_data,1741607894009,467.6908612251282,126.93325088137672,1741607893984.8,0.9254715846376507
1,1,block_2,2,Provo_ID11,5,1077713,1257085,1,gaze_data,1741607894042,413.73876333236694,101.76033292497908,1741607894020.1,1
1,1,block_2,2,Provo_ID11,5,1077713,1257085,1,gaze_data,1741607894079,425.0872850418091,108.74397459484283,1741607894050.8,1
1,1,block_2,2,Provo_ID11,5,1077713,1257085,1,gaze_data,1741607894112,420.5643594264984,103.12969071524485,1741607894084,1
1,1,block_2,2,Provo_ID11,5,1077713,1257085,1,gaze_data,1741607894141,432.42536783218384,120.44271400996618,1741607894118,1
1,1,block_2,2,Provo_ID11,5,1077713,1257085,1,gaze_data,1741607894181,431.3875138759613,118.38789599282401,1741607894151.2,1
1,1,block_2,2,Provo_ID11,5,1077713,1257085,1,gaze_data,1741607894204,363.97225856781006,87.05538795107887,1741607894184.3,1
1,1,block_2,2,Provo_ID11,5,1077713,1257085,1,gaze_data,1741607894242,216.23499393463135,69.72671690441314,1741607894217.6,1
1,1,block_2,2,Provo_ID11,5,1077713,1257085,1,gaze_data,1741607894273,208.47090482711792,71.19587398710705,1741607894251.2,1
1,1,block_2,2,Provo_ID11,5,1077713,1257085,1,gaze_data,1741607894311,187.82753944396973,62.110773722330734,1741607894284.4001,1
1,1,block_2,2,Provo_ID11,5,1077713,1257085,1,gaze_data,1741607894346,191.53127670288086,58.31452914646694,1741607894317.4001,1
1,1,block_2,2,Provo_ID11,5,1077713,1257085,1,gaze_data,1741607894379,184.9498748779297,57.805607659476145,1741607894352.3,1
1,1,block_2,2,Provo_ID11,5,1077713,1257085,1,gaze_data,1741607894408,191.8520212173462,56.361059007190526,1741607894386.3,1
1,1,block_2,2,Provo_ID11,5,1077713,1257085,1,gaze_data,1741607894448,188.89455795288086,56.12685657682873,1741607894420.9001,1
1,1,block_2,2,Provo_ID11,5,1077713,1257085,1,gaze_data,1741607894474,194.57666873931885,57.646356764293856,1741607894452.4001,1
1,1,block_2,2,Provo_ID11,5,1077713,1257085,1,gaze_data,1741607894515,356.44885897636414,53.65142867678688,1741607894486.4001,1
1,1,block_2,2,Provo_ID11,5,1077713,1257085,1,gaze_data,1741607894546,482.39831924438477,62.22007569812593,1741607894517.4001,1
1,1,block_2,2,Provo_ID11,5,1077713,1257085,1,gaze_data,1741607894581,467.9048418998718,62.65443983532134,1741607894550.8,1
1,1,block_2,2,Provo_ID11,5,1077713,1257085,1,gaze_data,1741607894607,474.56369400024414,56.20194889250256,1741607894584.2,1
1,1,block_2,2,Provo_ID11,5,1077713,1257085,1,gaze_data,1741607894642,472.6600646972656,52.52784547351656,1741607894618.6,1
1,1,block_2,2,Provo_ID11,5,1077713,1257085,1,gaze_data,1741607894686,463.7848734855652,54.097519829159694,1741607894651.4001,1
1,1,block_2,2,Provo_ID11,5,1077713,1257085,1,gaze_data,1741607894714,487.0387554168701,58.0056567419143,1741607894684.5,1
1,1,block_2,2,Provo_ID11,5,1077713,1257085,1,gaze_data,1741607894742,207.09856748580933,108.31196149190268,1741607894717.5,1
1,1,block_2,2,Provo_ID11,5,1077713,1257085,1,gaze_data,1741607894779,160.6767177581787,120.52718230656215,1741607894750.5,1
1,1,block_2,2,Provo_ID11,5,1077713,1257085,1,gaze_data,1741607894809,152.0188808441162,126.49696509043376,1741607894784.5,1
1,1,block_2,2,Provo_ID11,5,1077713,1257085,1,gaze_data,1741607894843,160.83197593688965,125.52540370396206,1741607894819.6,1
1,1,block_2,2,Provo_ID11,5,1077713,1257085,1,gaze_data,1741607894875,172.39127159118652,130.22454398018974,1741607894852.8,1
1,1,block_2,2,Provo_ID11,5,1077713,1257085,1,gaze_data,1741607894912,170.93243598937988,125.4419771830241,1741607894885,1
1,1,block_2,2,Provo_ID11,5,1077713,1257085,1,gaze_data,1741607894943,174.47333335876465,127.9829806373233,1741607894919.2,1
1,1,block_2,2,Provo_ID11,5,1077713,1257085,1,gaze_data,1741607894981,169.1631317138672,117.86698000771659,1741607894951.2,1
1,1,block_2,2,Provo_ID11,5,1077713,1257085,1,gaze_data,1741607895015,178.26974391937256,122.38354206085205,1741607894983.9001,1
1,1,block_2,2,Provo_ID11,5,1077713,1257085,1,gaze_data,1741607895042,351.73822045326233,129.60727782476516,1741607895023.6,1
1,1,block_2,2,Provo_ID11,5,1077713,1257085,1,gaze_data,1741607895081,521.9486355781555,98.1873943692162,1741607895051.7,1
1,1,block_2,2,Provo_ID11,5,1077713,1257085,1,gaze_data,1741607895114,567.5016522407532,114.21321233113608,1741607895084.5,1
1,1,block_2,2,Provo_ID11,5,1077713,1257085,1,gaze_data,1741607895145,543.7748312950134,121.48063932146346,1741607895118,1
1,1,block_2,2,Provo_ID11,5,1077713,1257085,1,gaze_data,1741607895181,542.2973036766052,117.85160677773612,1741607895151.6,1
1,1,block_2,2,Provo_ID11,5,1077713,1257085,1,gaze_data,1741607895204,543.4481143951416,122.90879408518474,1741607895184.8,1
1,1,block_2,2,Provo_ID11,5,1077713,1257085,1,gaze_data,1741607895244,384.4122365117073,148.9725146974836,1741607895218.3,1
1,1,block_2,2,Provo_ID11,5,1077713,1257085,1,gaze_data,1741607895275,197.79620170593262,150.78973747435072,1741607895251.7,1
1,1,block_2,2,Provo_ID11,5,1077713,1257085,1,gaze_data,1741607895314,208.01037549972534,160.6111901147025,1741607895284.8,1
1,1,block_2,2,Provo_ID11,5,1077713,1257085,1,gaze_data,1741607895346,215.38264751434326,171.65268875303724,1741607895318,1
1,1,block_2,2,Provo_ID11,5,1077713,1257085,1,gaze_data,1741607895376,209.59922075271606,174.6797579810733,1741607895354.2,1
1,1,block_2,2,Provo_ID11,5,1077713,1257085,1,gaze_data,1741607895408,210.3573203086853,176.9727449190049,1741607895386.5,1
1,1,block_2,2,Provo_ID11,5,1077713,1257085,1,gaze_data,1741607895448,205.85695505142212,182.30590774899437,1741607895418,1
1,1,block_2,2,Provo_ID11,5,1077713,1257085,1,gaze_data,1741607895480,324.10590052604675,220.09302811963218,1741607895451.1,1
1,1,block_2,2,Provo_ID11,5,1077713,1257085,1,gaze_data,1741607895513,380.44456988573074,224.07500352178303,1741607895484.7,1
1,1,block_2,2,Provo_ID11,5,1077713,1257085,1,gaze_data,1741607895548,380.6191936135292,211.0971114181337,1741607895518.6,1
1,1,block_2,2,Provo_ID11,5,1077713,1257085,1,gaze_data,1741607895576,397.3378300666809,222.0508712530136,1741607895552.6,1
1,1,block_2,2,Provo_ID11,5,1077713,1257085,1,gaze_data,1741607895611,555.1730394363403,243.75648793720066,1741607895585.6,1
1,1,block_2,2,Provo_ID11,5,1077713,1257085,1,gaze_data,1741607895647,577.7643322944641,229.9944568389938,1741607895618.3,1
1,1,block_2,2,Provo_ID11,5,1077713,1257085,1,gaze_data,1741607895676,594.7647452354431,241.17756877626692,1741607895652,1
1,1,block_2,2,Provo_ID11,5,1077713,1257085,1,gaze_data,1741607895714,594.9788212776184,233.4637655530657,1741607895685.2,1
1,1,block_2,2,Provo_ID11,5,1077713,1257085,1,gaze_data,1741607895738,595.3696846961975,239.17875499952407,1741607895718,1
1,1,block_2,2,Provo_ID11,5,1077713,1257085,1,gaze_data,1741607895780,616.1700248718262,354.906918661935,1741607895752.6,1
1,1,block_2,2,Provo_ID11,5,1077713,1257085,1,gaze_data,1741607895813,332.418155670166,262.07773889814104,1741607895784.6,0.0031970408233076915
1,1,block_2,2,Provo_ID11,5,1077713,1257085,1,gaze_data,1741607895847,500.14164447784424,206.82334644453866,1741607895817.6,0
1,1,block_2,2,Provo_ID11,5,1077713,1257085,1,gaze_data,1741607895876,578.398597240448,313.0636826015654,1741607895853,0
1,1,block_2,2,Provo_ID11,5,1077713,1257085,1,gaze_data,1741607895914,562.934410572052,269.72080696196787,1741607895885.4001,0
1,1,block_2,2,Provo_ID11,5,1077713,1257085,1,gaze_data,1741607895946,565.6951189041138,221.0007754677818,1741607895919,0.005216310881053043
1,1,block_2,2,Provo_ID11,5,1077713,1257085,1,gaze_data,1741607895979,571.193277835846,222.47508511656807,1741607895951.8,0.22991451267485144
1,1,block_2,2,Provo_ID11,5,1077713,1257085,1,gaze_data,1741607896014,595.0226187705994,195.66593090693158,1741607895985.6,0.43916154786705835
1,1,block_2,2,Provo_ID11,5,1077713,1257085,1,gaze_data,1741607896047,379.0982633829117,156.82323047092984,1741607896018.6,0.5205887362871008
1,1,block_2,2,Provo_ID11,5,1077713,1257085,1,gaze_data,1741607896076,289.3030285835266,174.73374026162284,1741607896052.1,0.8667271202615985
1,1,block_2,2,Provo_ID11,5,1077713,1257085,1,gaze_data,1741607896108,280.1711082458496,154.50069018772672,1741607896086.8,1
1,1,block_2,2,Provo_ID11,5,1077713,1257085,1,gaze_data,1741607896144,287.9530906677246,153.46345470065162,1741607896119.4001,1
1,1,block_2,2,Provo_ID11,5,1077713,1257085,1,gaze_data,1741607896185,282.57222175598145,136.5622143518357,1741607896152.9001,1
1,1,block_2,2,Provo_ID11,5,1077713,1257085,1,gaze_data,1741607896213,272.8275179862976,127.23190262204126,1741607896184.1,1
1,1,block_2,2,Provo_ID11,5,1077713,1257085,1,gaze_data,1741607896247,272.842538356781,130.18499170030867,1741607896218.8,1
1,1,block_2,2,Provo_ID11,5,1077713,1257085,1,gaze_data,1741607896275,269.49989795684814,124.60383347102575,1741607896251.9001,1
1,1,block_2,2,Provo_ID11,5,1077713,1257085,1,gaze_data,1741607896314,278.18541526794434,126.19270324707031,1741607896285.5,1
1,1,block_2,2,Provo_ID11,5,1077713,1257085,1,gaze_data,1741607896342,268.1190490722656,131.3859408242362,1741607896318.8,1
1,1,block_2,2,Provo_ID11,5,1077713,1257085,1,gaze_data,1741607896379,267.77238845825195,140.14614786420552,1741607896352.2,1
1,1,block_2,2,Provo_ID11,5,1077713,1257085,1,gaze_data,1741607896413,255.7935118675232,125.25596391587031,1741607896386.8,1
1,1,block_2,2,Provo_ID11,5,1077713,1257085,1,gaze_data,1741607896446,264.5898938179016,134.8148609343029,1741607896419,1
1,1,block_2,2,Provo_ID11,5,1077713,1257085,1,gaze_data,1741607896475,285.7395529747009,146.56789938608807,1741607896451.7,1
1,1,block_2,2,Provo_ID11,5,1077713,1257085,1,gaze_data,1741607896513,271.77226543426514,136.20152064732144,1741607896485.4001,1
1,1,block_2,2,Provo_ID11,5,1077713,1257085,1,gaze_data,1741607896541,282.0545434951782,135.81913970765615,1741607896518.8,1
1,1,block_2,2,Provo_ID11,5,1077713,1257085,1,gaze_data,1741607896581,284.9087595939636,136.61702723730178,1741607896553.2,1
1,1,block_2,2,Provo_ID11,5,1077713,1257085,1,gaze_data,1741607896613,466.2668228149414,324.14423374902634,1741607896585.4001,1
1,1,block_2,2,Provo_ID11,5,1077713,1257085,1,gaze_data,1741607896641,481.52778148651123,315.41418892996654,1741607896619.2,1
1,1,block_2,2,Provo_ID11,5,1077713,1257085,1,gaze_data,1741607896680,469.58038806915283,304.1601610183716,1741607896652.6,1
1,1,block_2,2,Provo_ID11,5,1077713,1257085,1,gaze_data,1741607896708,484.7129702568054,309.68148049854096,1741607896686.6,1
1,1,block_2,2,Provo_ID11,5,1077713,1257085,1,gaze_data,1741607896746,490.2318835258484,321.170076869783,1741607896718.6,1
1,1,block_2,2,Provo_ID11,5,1077713,1257085,1,gaze_data,1741607896773,484.6688747406006,326.47108191535585,1741607896751.8,1
1,1,block_2,2,Provo_ID11,5,1077713,1257085,1,gaze_data,1741607896808,486.03891134262085,333.51068383171446,1741607896785.9001,1
1,1,block_2,2,Provo_ID11,5,1077713,1257085,1,gaze_data,1741607896846,483.61711502075195,336.87205042157854,1741607896818.8,1
1,1,block_2,2,Provo_ID11,5,1077713,1257085,1,gaze_data,1741607896880,494.6586012840271,330.382977667309,1741607896852.4001,1
1,1,block_2,2,Provo_ID11,5,1077713,1257085,1,gaze_data,1741607896913,477.6214122772217,333.7895136787778,1741607896886.6,1
1,1,block_2,2,Provo_ID11,5,1077713,1257085,1,gaze_data,1741607896946,480.6532859802246,338.72324353172667,1741607896919.1,1
1,1,block_2,2,Provo_ID11,5,1077713,1257085,1,gaze_data,1741607896976,491.31776094436646,337.49698207491923,1741607896952.5,0.9720259181469495
1,1,block_2,2,Provo_ID11,5,1077713,1257085,1,gaze_data,1741607897009,489.8863911628723,336.55568849472775,1741607896987.4001,1
1,1,block_2,2,Provo_ID11,5,1077713,1257085,1,gaze_data,1741607897047,486.8222236633301,334.9654109137399,1741607897028.9001,1
1,1,block_2,2,Provo_ID11,5,1077713,1257085,1,gaze_data,1741607897080,474.09987449645996,341.8581435793922,1741607897052.2,0.9966279464673411
1,1,block_2,2,Provo_ID11,5,1077713,1257085,1,gaze_data,1741607897104,467.255699634552,348.49380402337937,1741607897086.1,0.9449202436651172
1,1,block_2,2,Provo_ID11,5,1077713,1257085,1,gaze_data,1741607897148,462.76572942733765,351.7057813916888,1741607897119.4001,0.9520960679177284
1,1,block_2,2,Provo_ID11,5,1077713,1257085,1,gaze_data,1741607897176,452.9598593711853,348.61997150239495,1741607897152.4001,0.8591531621905107
1,1,block_2,2,Provo_ID11,5,1077713,1257085,1,gaze_data,1741607897214,452.7667284011841,348.56692541213266,1741607897185.8,0.8514111980488246
1,1,block_2,2,Provo_ID11,5,1077713,1257085,1,gaze_x,"",
1,1,block_2,2,Provo_ID11,5,1077713,1257085,1,gaze_y,"",
1,1,block_2,2,Provo_ID11,5,1077713,1257085,1,el_x,"",
1,1,block_2,2,Provo_ID11,5,1077713,1257085,1,applied_drift,1741607853174,
1,1,block_2,2,Provo_ID11,5,1077713,1257085,1,applied_drift,1741607876515,32.751236855983734,-19.395881380353657
1,1,block_2,2,Provo_ID11,5,1077713,1257085,1,applied_drift,1741607876544,32.751236855983734,-19.395881380353657
1,1,block_2,2,Provo_ID11,5,1077713,1257085,1,applied_drift,1741607876583,32.751236855983734,-19.395881380353657
1,1,block_2,2,Provo_ID11,5,1077713,1257085,1,applied_drift,1741607876610,32.751236855983734,-19.395881380353657
1,1,block_2,2,Provo_ID11,5,1077713,1257085,1,applied_drift,1741607876644,32.751236855983734,-19.395881380353657
1,1,block_2,2,Provo_ID11,5,1077713,1257085,1,applied_drift,1741607876682,32.751236855983734,-19.395881380353657
1,1,block_2,2,Provo_ID11,5,1077713,1257085,1,applied_drift,1741607876709,32.751236855983734,-19.395881380353657
1,1,block_2,2,Provo_ID11,5,1077713,1257085,1,applied_drift,1741607876748,32.751236855983734,-19.395881380353657
1,1,block_2,2,Provo_ID11,5,1077713,1257085,1,applied_drift,1741607876780,32.751236855983734,-19.395881380353657
1,1,block_2,2,Provo_ID11,5,1077713,1257085,1,applied_drift,1741607876810,32.751236855983734,-19.395881380353657
1,1,block_2,2,Provo_ID11,5,1077713,1257085,1,applied_drift,1741607876842,32.751236855983734,-19.395881380353657
1,1,block_2,2,Provo_ID11,5,1077713,1257085,1,applied_drift,1741607876881,32.751236855983734,-19.395881380353657
1,1,block_2,2,Provo_ID11,5,1077713,1257085,1,applied_drift,1741607876909,32.751236855983734,-19.395881380353657
1,1,block_2,2,Provo_ID11,5,1077713,1257085,1,applied_drift,1741607876942,32.751236855983734,-19.395881380353657
1,1,block_2,2,Provo_ID11,5,1077713,1257085,1,applied_drift,1741607876980,32.751236855983734,-19.395881380353657
1,1,block_2,2,Provo_ID11,5,1077713,1257085,1,applied_drift,1741607877010,32.751236855983734,-19.395881380353657
1,1,block_2,2,Provo_ID11,5,1077713,1257085,1,applied_drift,1741607877043,32.751236855983734,-19.395881380353657
1,1,block_2,2,Provo_ID11,5,1077713,1257085,1,applied_drift,1741607877071,32.751236855983734,-19.395881380353657
1,1,block_2,2,Provo_ID11,5,1077713,1257085,1,applied_drift,1741607877120,32.751236855983734,-19.395881380353657
1,1,block_2,2,Provo_ID11,5,1077713,1257085,1,applied_drift,1741607877142,32.751236855983734,-19.395881380353657
1,1,block_2,2,Provo_ID11,5,1077713,1257085,1,applied_drift,1741607877181,32.751236855983734,-19.395881380353657
1,1,block_2,2,Provo_ID11,5,1077713,1257085,1,applied_drift,1741607877213,32.751236855983734,-19.395881380353657
1,1,block_2,2,Provo_ID11,5,1077713,1257085,1,applied_drift,1741607877242,32.751236855983734,-19.395881380353657
1,1,block_2,2,Provo_ID11,5,1077713,1257085,1,applied_drift,1741607877281,32.751236855983734,-19.395881380353657
1,1,block_2,2,Provo_ID11,5,1077713,1257085,1,applied_drift,1741607877309,32.751236855983734,-19.395881380353657
1,1,block_2,2,Provo_ID11,5,1077713,1257085,1,applied_drift,1741607877346,32.751236855983734,-19.395881380353657
1,1,block_2,2,Provo_ID11,5,1077713,1257085,1,applied_drift,1741607877375,32.751236855983734,-19.395881380353657
1,1,block_2,2,Provo_ID11,5,1077713,1257085,1,applied_drift,1741607877409,32.751236855983734,-19.395881380353657
1,1,block_2,2,Provo_ID11,5,1077713,1257085,1,applied_drift,1741607877448,32.751236855983734,-19.395881380353657
1,1,block_2,2,Provo_ID11,5,1077713,1257085,1,applied_drift,1741607877475,32.751236855983734,-19.395881380353657
1,1,block_2,2,Provo_ID11,5,1077713,1257085,1,applied_drift,1741607877513,32.751236855983734,-19.395881380353657
1,1,block_2,2,Provo_ID11,5,1077713,1257085,1,applied_drift,1741607877542,32.751236855983734,-19.395881380353657
1,1,block_2,2,Provo_ID11,5,1077713,1257085,1,applied_drift,1741607877575,32.751236855983734,-19.395881380353657
1,1,block_2,2,Provo_ID11,5,1077713,1257085,1,applied_drift,1741607877614,32.751236855983734,-19.395881380353657
1,1,block_2,2,Provo_ID11,5,1077713,1257085,1,applied_drift,1741607877648,32.751236855983734,-19.395881380353657
1,1,block_2,2,Provo_ID11,5,1077713,1257085,1,applied_drift,1741607877675,32.751236855983734,-19.395881380353657
1,1,block_2,2,Provo_ID11,5,1077713,1257085,1,applied_drift,1741607877714,32.751236855983734,-19.395881380353657
1,1,block_2,2,Provo_ID11,5,1077713,1257085,1,applied_drift,1741607877742,32.751236855983734,-19.395881380353657
1,1,block_2,2,Provo_ID11,5,1077713,1257085,1,applied_drift,1741607877776,32.751236855983734,-19.395881380353657
1,1,block_2,2,Provo_ID11,5,1077713,1257085,1,applied_drift,1741607877811,32.751236855983734,-19.395881380353657
1,1,block_2,2,Provo_ID11,5,1077713,1257085,1,applied_drift,1741607877848,32.751236855983734,-19.395881380353657
1,1,block_2,2,Provo_ID11,5,1077713,1257085,1,applied_drift,1741607877875,32.751236855983734,-19.395881380353657
1,1,block_2,2,Provo_ID11,5,1077713,1257085,1,applied_drift,1741607877914,32.751236855983734,-19.395881380353657
1,1,block_2,2,Provo_ID11,5,1077713,1257085,1,applied_drift,1741607877947,32.751236855983734,-19.395881380353657
1,1,block_2,2,Provo_ID11,5,1077713,1257085,1,applied_drift,1741607877975,32.751236855983734,-19.395881380353657
1,1,block_2,2,Provo_ID11,5,1077713,1257085,1,applied_drift,1741607878013,32.751236855983734,-19.395881380353657
1,1,block_2,2,Provo_ID11,5,1077713,1257085,1,applied_drift,1741607878043,32.751236855983734,-19.395881380353657
1,1,block_2,2,Provo_ID11,5,1077713,1257085,1,applied_drift,1741607878075,32.751236855983734,-19.395881380353657
1,1,block_2,2,Provo_ID11,5,1077713,1257085,1,applied_drift,1741607878114,32.751236855983734,-19.395881380353657
1,1,block_2,2,Provo_ID11,5,1077713,1257085,1,applied_drift,1741607878141,32.751236855983734,-19.395881380353657
1,1,block_2,2,Provo_ID11,5,1077713,1257085,1,applied_drift,1741607878181,32.751236855983734,-19.395881380353657
1,1,block_2,2,Provo_ID11,5,1077713,1257085,1,applied_drift,1741607878213,32.751236855983734,-19.395881380353657
1,1,block_2,2,Provo_ID11,5,1077713,1257085,1,applied_drift,1741607878243,32.751236855983734,-19.395881380353657
1,1,block_2,2,Provo_ID11,5,1077713,1257085,1,applied_drift,1741607878280,32.751236855983734,-19.395881380353657
1,1,block_2,2,Provo_ID11,5,1077713,1257085,1,applied_drift,1741607878314,32.751236855983734,-19.395881380353657
1,1,block_2,2,Provo_ID11,5,1077713,1257085,1,applied_drift,1741607878341,32.751236855983734,-19.395881380353657
1,1,block_2,2,Provo_ID11,5,1077713,1257085,1,applied_drift,1741607878381,32.751236855983734,-19.395881380353657
1,1,block_2,2,Provo_ID11,5,1077713,1257085,1,applied_drift,1741607878409,32.751236855983734,-19.395881380353657
1,1,block_2,2,Provo_ID11,5,1077713,1257085,1,applied_drift,1741607878442,32.751236855983734,-19.395881380353657
1,1,block_2,2,Provo_ID11,5,1077713,1257085,1,applied_drift,1741607878476,32.751236855983734,-19.395881380353657
1,1,block_2,2,Provo_ID11,5,1077713,1257085,1,applied_drift,1741607878514,32.751236855983734,-19.395881380353657
1,1,block_2,2,Provo_ID11,5,1077713,1257085,1,applied_drift,1741607878540,32.751236855983734,-19.395881380353657
1,1,block_2,2,Provo_ID11,5,1077713,1257085,1,applied_drift,1741607878580,32.751236855983734,-19.395881380353657
1,1,block_2,2,Provo_ID11,5,1077713,1257085,1,applied_drift,1741607878614,32.751236855983734,-19.395881380353657
1,1,block_2,2,Provo_ID11,5,1077713,1257085,1,applied_drift,1741607878645,32.751236855983734,-19.395881380353657
1,1,block_2,2,Provo_ID11,5,1077713,1257085,1,applied_drift,1741607878681,32.751236855983734,-19.395881380353657
1,1,block_2,2,Provo_ID11,5,1077713,1257085,1,applied_drift,1741607878709,32.751236855983734,-19.395881380353657
1,1,block_2,2,Provo_ID11,5,1077713,1257085,1,applied_drift,1741607878742,32.751236855983734,-19.395881380353657
1,1,block_2,2,Provo_ID11,5,1077713,1257085,1,applied_drift,1741607878776,32.751236855983734,-19.395881380353657
1,1,block_2,2,Provo_ID11,5,1077713,1257085,1,applied_drift,1741607878809,32.751236855983734,-19.395881380353657
1,1,block_2,2,Provo_ID11,5,1077713,1257085,1,applied_drift,1741607878847,32.751236855983734,-19.395881380353657
1,1,block_2,2,Provo_ID11,5,1077713,1257085,1,applied_drift,1741607878881,32.751236855983734,-19.395881380353657
1,1,block_2,2,Provo_ID11,5,1077713,1257085,1,applied_drift,1741607878908,32.751236855983734,-19.395881380353657
1,1,block_2,2,Provo_ID11,5,1077713,1257085,1,applied_drift,1741607878947,32.751236855983734,-19.395881380353657
1,1,block_2,2,Provo_ID11,5,1077713,1257085,1,applied_drift,1741607878975,32.751236855983734,-19.395881380353657
1,1,block_2,2,Provo_ID11,5,1077713,1257085,1,applied_drift,1741607879010,32.751236855983734,-19.395881380353657
1,1,block_2,2,Provo_ID11,5,1077713,1257085,1,applied_drift,1741607879046,32.751236855983734,-19.395881380353657
1,1,block_2,2,Provo_ID11,5,1077713,1257085,1,applied_drift,1741607879081,32.751236855983734,-19.395881380353657
1,1,block_2,2,Provo_ID11,5,1077713,1257085,1,applied_drift,1741607879114,32.751236855983734,-19.395881380353657
1,1,block_2,2,Provo_ID11,5,1077713,1257085,1,applied_drift,1741607879147,32.751236855983734,-19.395881380353657
1,1,block_2,2,Provo_ID11,5,1077713,1257085,1,applied_drift,1741607879176,32.751236855983734,-19.395881380353657
1,1,block_2,2,Provo_ID11,5,1077713,1257085,1,applied_drift,1741607879203,32.751236855983734,-19.395881380353657
1,1,block_2,2,Provo_ID11,5,1077713,1257085,1,applied_drift,1741607879247,32.751236855983734,-19.395881380353657
1,1,block_2,2,Provo_ID11,5,1077713,1257085,1,applied_drift,1741607879280,32.751236855983734,-19.395881380353657
1,1,block_2,2,Provo_ID11,5,1077713,1257085,1,applied_drift,1741607879309,32.751236855983734,-19.395881380353657
1,1,block_2,2,Provo_ID11,5,1077713,1257085,1,applied_drift,1741607879347,32.751236855983734,-19.395881380353657
1,1,block_2,2,Provo_ID11,5,1077713,1257085,1,applied_drift,1741607879380,32.751236855983734,-19.395881380353657
1,1,block_2,2,Provo_ID11,5,1077713,1257085,1,applied_drift,1741607879409,32.751236855983734,-19.395881380353657
1,1,block_2,2,Provo_ID11,5,1077713,1257085,1,applied_drift,1741607879443,32.751236855983734,-19.395881380353657
1,1,block_2,2,Provo_ID11,5,1077713,1257085,1,applied_drift,1741607879483,32.751236855983734,-19.395881380353657
1,1,block_2,2,Provo_ID11,5,1077713,1257085,1,applied_drift,1741607879509,32.751236855983734,-19.395881380353657
1,1,block_2,2,Provo_ID11,5,1077713,1257085,1,applied_drift,1741607879548,32.751236855983734,-19.395881380353657
1,1,block_2,2,Provo_ID11,5,1077713,1257085,1,applied_drift,1741607879582,32.751236855983734,-19.395881380353657
1,1,block_2,2,Provo_ID11,5,1077713,1257085,1,applied_drift,1741607879608,32.751236855983734,-19.395881380353657
1,1,block_2,2,Provo_ID11,5,1077713,1257085,1,applied_drift,1741607879644,32.751236855983734,-19.395881380353657
1,1,block_2,2,Provo_ID11,5,1077713,1257085,1,applied_drift,1741607879680,32.751236855983734,-19.395881380353657
1,1,block_2,2,Provo_ID11,5,1077713,1257085,1,applied_drift,1741607879709,32.751236855983734,-19.395881380353657
1,1,block_2,2,Provo_ID11,5,1077713,1257085,1,applied_drift,1741607879748,32.751236855983734,-19.395881380353657
1,1,block_2,2,Provo_ID11,5,1077713,1257085,1,applied_drift,1741607879776,32.751236855983734,-19.395881380353657
1,1,block_2,2,Provo_ID11,5,1077713,1257085,1,applied_drift,1741607879808,32.751236855983734,-19.395881380353657
1,1,block_2,2,Provo_ID11,5,1077713,1257085,1,applied_drift,1741607879844,32.751236855983734,-19.395881380353657
1,1,block_2,2,Provo_ID11,5,1077713,1257085,1,applied_drift,1741607879880,32.751236855983734,-19.395881380353657
1,1,block_2,2,Provo_ID11,5,1077713,1257085,1,applied_drift,1741607879914,32.751236855983734,-19.395881380353657
1,1,block_2,2,Provo_ID11,5,1077713,1257085,1,applied_drift,1741607879940,32.751236855983734,-19.395881380353657
1,1,block_2,2,Provo_ID11,5,1077713,1257085,1,applied_drift,1741607879975,32.751236855983734,-19.395881380353657
1,1,block_2,2,Provo_ID11,5,1077713,1257085,1,applied_drift,1741607880014,32.751236855983734,-19.395881380353657
1,1,block_2,2,Provo_ID11,5,1077713,1257085,1,applied_drift,1741607880043,32.751236855983734,-19.395881380353657
1,1,block_2,2,Provo_ID11,5,1077713,1257085,1,applied_drift,1741607880076,32.751236855983734,-19.395881380353657
1,1,block_2,2,Provo_ID11,5,1077713,1257085,1,applied_drift,1741607880114,32.751236855983734,-19.395881380353657
1,1,block_2,2,Provo_ID11,5,1077713,1257085,1,applied_drift,1741607880147,32.751236855983734,-19.395881380353657
1,1,block_2,2,Provo_ID11,5,1077713,1257085,1,applied_drift,1741607880180,32.751236855983734,-19.395881380353657
1,1,block_2,2,Provo_ID11,5,1077713,1257085,1,applied_drift,1741607880209,32.751236855983734,-19.395881380353657
1,1,block_2,2,Provo_ID11,5,1077713,1257085,1,applied_drift,1741607880242,32.751236855983734,-19.395881380353657
1,1,block_2,2,Provo_ID11,5,1077713,1257085,1,applied_drift,1741607880274,32.751236855983734,-19.395881380353657
1,1,block_2,2,Provo_ID11,5,1077713,1257085,1,applied_drift,1741607880315,32.751236855983734,-19.395881380353657
1,1,block_2,2,Provo_ID11,5,1077713,1257085,1,applied_drift,1741607880347,32.751236855983734,-19.395881380353657
1,1,block_2,2,Provo_ID11,5,1077713,1257085,1,applied_drift,1741607880376,32.751236855983734,-19.395881380353657
1,1,block_2,2,Provo_ID11,5,1077713,1257085,1,applied_drift,1741607880409,32.751236855983734,-19.395881380353657
1,1,block_2,2,Provo_ID11,5,1077713,1257085,1,applied_drift,1741607880442,32.751236855983734,-19.395881380353657
1,1,block_2,2,Provo_ID11,5,1077713,1257085,1,applied_drift,1741607880471,32.751236855983734,-19.395881380353657
1,1,block_2,2,Provo_ID11,5,1077713,1257085,1,applied_drift,1741607880511,32.751236855983734,-19.395881380353657
1,1,block_2,2,Provo_ID11,5,1077713,1257085,1,applied_drift,1741607880545,32.751236855983734,-19.395881380353657
1,1,block_2,2,Provo_ID11,5,1077713,1257085,1,applied_drift,1741607880573,32.751236855983734,-19.395881380353657
1,1,block_2,2,Provo_ID11,5,1077713,1257085,1,applied_drift,1741607880615,32.751236855983734,-19.395881380353657
1,1,block_2,2,Provo_ID11,5,1077713,1257085,1,applied_drift,1741607880648,32.751236855983734,-19.395881380353657
1,1,block_2,2,Provo_ID11,5,1077713,1257085,1,applied_drift,1741607880680,32.751236855983734,-19.395881380353657
1,1,block_2,2,Provo_ID11,5,1077713,1257085,1,applied_drift,1741607880708,32.751236855983734,-19.395881380353657
1,1,block_2,2,Provo_ID11,5,1077713,1257085,1,applied_drift,1741607880741,32.751236855983734,-19.395881380353657
1,1,block_2,2,Provo_ID11,5,1077713,1257085,1,applied_drift,1741607880777,32.751236855983734,-19.395881380353657
1,1,block_2,2,Provo_ID11,5,1077713,1257085,1,applied_drift,1741607880810,32.751236855983734,-19.395881380353657
1,1,block_2,2,Provo_ID11,5,1077713,1257085,1,applied_drift,1741607880851,32.751236855983734,-19.395881380353657
1,1,block_2,2,Provo_ID11,5,1077713,1257085,1,applied_drift,1741607880868,32.751236855983734,-19.395881380353657
1,1,block_2,2,Provo_ID11,5,1077713,1257085,1,applied_drift,1741607880912,32.751236855983734,-19.395881380353657
1,1,block_2,2,Provo_ID11,5,1077713,1257085,1,applied_drift,1741607880945,32.751236855983734,-19.395881380353657
1,1,block_2,2,Provo_ID11,5,1077713,1257085,1,applied_drift,1741607880970,32.751236855983734,-19.395881380353657
1,1,block_2,2,Provo_ID11,5,1077713,1257085,1,applied_drift,1741607881010,32.751236855983734,-19.395881380353657
1,1,block_2,2,Provo_ID11,5,1077713,1257085,1,applied_drift,1741607881045,32.751236855983734,-19.395881380353657
1,1,block_2,2,Provo_ID11,5,1077713,1257085,1,applied_drift,1741607881076,32.751236855983734,-19.395881380353657
1,1,block_2,2,Provo_ID11,5,1077713,1257085,1,applied_drift,1741607881107,32.751236855983734,-19.395881380353657
1,1,block_2,2,Provo_ID11,5,1077713,1257085,1,applied_drift,1741607881141,32.751236855983734,-19.395881380353657
1,1,block_2,2,Provo_ID11,5,1077713,1257085,1,applied_drift,1741607881171,32.751236855983734,-19.395881380353657
1,1,block_2,2,Provo_ID11,5,1077713,1257085,1,applied_drift,1741607881211,32.751236855983734,-19.395881380353657
1,1,block_2,2,Provo_ID11,5,1077713,1257085,1,applied_drift,1741607881243,32.751236855983734,-19.395881380353657
1,1,block_2,2,Provo_ID11,5,1077713,1257085,1,applied_drift,1741607881270,32.751236855983734,-19.395881380353657
1,1,block_2,2,Provo_ID11,5,1077713,1257085,1,applied_drift,1741607881305,32.751236855983734,-19.395881380353657
1,1,block_2,2,Provo_ID11,5,1077713,1257085,1,applied_drift,1741607881340,32.751236855983734,-19.395881380353657
1,1,block_2,2,Provo_ID11,5,1077713,1257085,1,applied_drift,1741607881369,32.751236855983734,-19.395881380353657
1,1,block_2,2,Provo_ID11,5,1077713,1257085,1,applied_drift,1741607881411,32.751236855983734,-19.395881380353657
1,1,block_2,2,Provo_ID11,5,1077713,1257085,1,applied_drift,1741607881447,32.751236855983734,-19.395881380353657
1,1,block_2,2,Provo_ID11,5,1077713,1257085,1,applied_drift,1741607881477,32.751236855983734,-19.395881380353657
1,1,block_2,2,Provo_ID11,5,1077713,1257085,1,applied_drift,1741607881503,32.751236855983734,-19.395881380353657
1,1,block_2,2,Provo_ID11,5,1077713,1257085,1,applied_drift,1741607881539,32.751236855983734,-19.395881380353657
1,1,block_2,2,Provo_ID11,5,1077713,1257085,1,applied_drift,1741607881567,32.751236855983734,-19.395881380353657
1,1,block_2,2,Provo_ID11,5,1077713,1257085,1,applied_drift,1741607881616,32.751236855983734,-19.395881380353657
1,1,block_2,2,Provo_ID11,5,1077713,1257085,1,applied_drift,1741607881643,32.751236855983734,-19.395881380353657
1,1,block_2,2,Provo_ID11,5,1077713,1257085,1,applied_drift,1741607881668,32.751236855983734,-19.395881380353657
1,1,block_2,2,Provo_ID11,5,1077713,1257085,1,applied_drift,1741607881709,32.751236855983734,-19.395881380353657
1,1,block_2,2,Provo_ID11,5,1077713,1257085,1,applied_drift,1741607881741,32.751236855983734,-19.395881380353657
1,1,block_2,2,Provo_ID11,5,1077713,1257085,1,applied_drift,1741607881773,32.751236855983734,-19.395881380353657
1,1,block_2,2,Provo_ID11,5,1077713,1257085,1,applied_drift,1741607881803,32.751236855983734,-19.395881380353657
1,1,block_2,2,Provo_ID11,5,1077713,1257085,1,applied_drift,1741607881843,32.751236855983734,-19.395881380353657
1,1,block_2,2,Provo_ID11,5,1077713,1257085,1,applied_drift,1741607881873,32.751236855983734,-19.395881380353657
1,1,block_2,2,Provo_ID11,5,1077713,1257085,1,applied_drift,1741607881919,32.751236855983734,-19.395881380353657
1,1,block_2,2,Provo_ID11,5,1077713,1257085,1,applied_drift,1741607881947,32.751236855983734,-19.395881380353657
1,1,block_2,2,Provo_ID11,5,1077713,1257085,1,applied_drift,1741607881971,32.751236855983734,-19.395881380353657
1,1,block_2,2,Provo_ID11,5,1077713,1257085,1,applied_drift,1741607882020,32.751236855983734,-19.395881380353657
1,1,block_2,2,Provo_ID11,5,1077713,1257085,1,applied_drift,1741607882047,32.751236855983734,-19.395881380353657
1,1,block_2,2,Provo_ID11,5,1077713,1257085,1,applied_drift,1741607882076,32.751236855983734,-19.395881380353657
1,1,block_2,2,Provo_ID11,5,1077713,1257085,1,applied_drift,1741607882110,32.751236855983734,-19.395881380353657
1,1,block_2,2,Provo_ID11,5,1077713,1257085,1,applied_drift,1741607882148,32.751236855983734,-19.395881380353657
1,1,block_2,2,Provo_ID11,5,1077713,1257085,1,applied_drift,1741607882171,32.751236855983734,-19.395881380353657
1,1,block_2,2,Provo_ID11,5,1077713,1257085,1,applied_drift,1741607882215,32.751236855983734,-19.395881380353657
1,1,block_2,2,Provo_ID11,5,1077713,1257085,1,applied_drift,1741607882241,32.751236855983734,-19.395881380353657
1,1,block_2,2,Provo_ID11,5,1077713,1257085,1,applied_drift,1741607882282,32.751236855983734,-19.395881380353657
1,1,block_2,2,Provo_ID11,5,1077713,1257085,1,applied_drift,1741607882305,32.751236855983734,-19.395881380353657
1,1,block_2,2,Provo_ID11,5,1077713,1257085,1,applied_drift,1741607882346,32.751236855983734,-19.395881380353657
1,1,block_2,2,Provo_ID11,5,1077713,1257085,1,applied_drift,1741607882382,32.751236855983734,-19.395881380353657
1,1,block_2,2,Provo_ID11,5,1077713,1257085,1,applied_drift,1741607882408,32.751236855983734,-19.395881380353657
1,1,block_2,2,Provo_ID11,5,1077713,1257085,1,applied_drift,1741607882447,32.751236855983734,-19.395881380353657
1,1,block_2,2,Provo_ID11,5,1077713,1257085,1,applied_drift,1741607882477,32.751236855983734,-19.395881380353657
1,1,block_2,2,Provo_ID11,5,1077713,1257085,1,applied_drift,1741607882510,32.751236855983734,-19.395881380353657
1,1,block_2,2,Provo_ID11,5,1077713,1257085,1,applied_drift,1741607882548,32.751236855983734,-19.395881380353657
1,1,block_2,2,Provo_ID11,5,1077713,1257085,1,applied_drift,1741607882579,32.751236855983734,-19.395881380353657
1,1,block_2,2,Provo_ID11,5,1077713,1257085,1,applied_drift,1741607882615,32.751236855983734,-19.395881380353657
1,1,block_2,2,Provo_ID11,5,1077713,1257085,1,applied_drift,1741607882642,32.751236855983734,-19.395881380353657
1,1,block_2,2,Provo_ID11,5,1077713,1257085,1,applied_drift,1741607882672,32.751236855983734,-19.395881380353657
1,1,block_2,2,Provo_ID11,5,1077713,1257085,1,applied_drift,1741607882719,32.751236855983734,-19.395881380353657
1,1,block_2,2,Provo_ID11,5,1077713,1257085,1,applied_drift,1741607882743,32.751236855983734,-19.395881380353657
1,1,block_2,2,Provo_ID11,5,1077713,1257085,1,applied_drift,1741607882779,32.751236855983734,-19.395881380353657
1,1,block_2,2,Provo_ID11,5,1077713,1257085,1,applied_drift,1741607882809,32.751236855983734,-19.395881380353657
1,1,block_2,2,Provo_ID11,5,1077713,1257085,1,applied_drift,1741607882843,32.751236855983734,-19.395881380353657
1,1,block_2,2,Provo_ID11,5,1077713,1257085,1,applied_drift,1741607882881,32.751236855983734,-19.395881380353657
1,1,block_2,2,Provo_ID11,5,1077713,1257085,1,applied_drift,1741607882910,32.751236855983734,-19.395881380353657
1,1,block_2,2,Provo_ID11,5,1077713,1257085,1,applied_drift,1741607882948,32.751236855983734,-19.395881380353657
1,1,block_2,2,Provo_ID11,5,1077713,1257085,1,applied_drift,1741607882975,32.751236855983734,-19.395881380353657
1,1,block_2,2,Provo_ID11,5,1077713,1257085,1,applied_drift,1741607883011,32.751236855983734,-19.395881380353657
1,1,block_2,2,Provo_ID11,5,1077713,1257085,1,applied_drift,1741607883043,32.751236855983734,-19.395881380353657
1,1,block_2,2,Provo_ID11,5,1077713,1257085,1,applied_drift,1741607883076,32.751236855983734,-19.395881380353657
1,1,block_2,2,Provo_ID11,5,1077713,1257085,1,applied_drift,1741607883112,32.751236855983734,-19.395881380353657
1,1,block_2,2,Provo_ID11,5,1077713,1257085,1,applied_drift,1741607883148,32.751236855983734,-19.395881380353657
1,1,block_2,2,Provo_ID11,5,1077713,1257085,1,applied_drift,1741607883175,32.751236855983734,-19.395881380353657
1,1,block_2,2,Provo_ID11,5,1077713,1257085,1,applied_drift,1741607883214,32.751236855983734,-19.395881380353657
1,1,block_2,2,Provo_ID11,5,1077713,1257085,1,applied_drift,1741607883243,32.751236855983734,-19.395881380353657
1,1,block_2,2,Provo_ID11,5,1077713,1257085,1,applied_drift,1741607883276,32.751236855983734,-19.395881380353657
1,1,block_2,2,Provo_ID11,5,1077713,1257085,1,applied_drift,1741607883310,32.751236855983734,-19.395881380353657
1,1,block_2,2,Provo_ID11,5,1077713,1257085,1,applied_drift,1741607883348,32.751236855983734,-19.395881380353657
1,1,block_2,2,Provo_ID11,5,1077713,1257085,1,applied_drift,1741607883382,32.751236855983734,-19.395881380353657
1,1,block_2,2,Provo_ID11,5,1077713,1257085,1,applied_drift,1741607883410,32.751236855983734,-19.395881380353657
1,1,block_2,2,Provo_ID11,5,1077713,1257085,1,applied_drift,1741607883448,32.751236855983734,-19.395881380353657
1,1,block_2,2,Provo_ID11,5,1077713,1257085,1,applied_drift,1741607883476,32.751236855983734,-19.395881380353657
1,1,block_2,2,Provo_ID11,5,1077713,1257085,1,applied_drift,1741607883509,32.751236855983734,-19.395881380353657
1,1,block_2,2,Provo_ID11,5,1077713,1257085,1,applied_drift,1741607883548,32.751236855983734,-19.395881380353657
1,1,block_2,2,Provo_ID11,5,1077713,1257085,1,applied_drift,1741607883577,32.751236855983734,-19.395881380353657
1,1,block_2,2,Provo_ID11,5,1077713,1257085,1,applied_drift,1741607883614,32.751236855983734,-19.395881380353657
1,1,block_2,2,Provo_ID11,5,1077713,1257085,1,applied_drift,1741607883644,32.751236855983734,-19.395881380353657
1,1,block_2,2,Provo_ID11,5,1077713,1257085,1,applied_drift,1741607883671,32.751236855983734,-19.395881380353657
1,1,block_2,2,Provo_ID11,5,1077713,1257085,1,applied_drift,1741607883716,32.751236855983734,-19.395881380353657
1,1,block_2,2,Provo_ID11,5,1077713,1257085,1,applied_drift,1741607883747,32.751236855983734,-19.395881380353657
1,1,block_2,2,Provo_ID11,5,1077713,1257085,1,applied_drift,1741607883781,32.751236855983734,-19.395881380353657
1,1,block_2,2,Provo_ID11,5,1077713,1257085,1,applied_drift,1741607883813,32.751236855983734,-19.395881380353657
1,1,block_2,2,Provo_ID11,5,1077713,1257085,1,applied_drift,1741607883847,32.751236855983734,-19.395881380353657
1,1,block_2,2,Provo_ID11,5,1077713,1257085,1,applied_drift,1741607883873,32.751236855983734,-19.395881380353657
1,1,block_2,2,Provo_ID11,5,1077713,1257085,1,applied_drift,1741607883909,32.751236855983734,-19.395881380353657
1,1,block_2,2,Provo_ID11,5,1077713,1257085,1,applied_drift,1741607883947,32.751236855983734,-19.395881380353657
1,1,block_2,2,Provo_ID11,5,1077713,1257085,1,applied_drift,1741607883977,32.751236855983734,-19.395881380353657
1,1,block_2,2,Provo_ID11,5,1077713,1257085,1,applied_drift,1741607884006,32.751236855983734,-19.395881380353657
1,1,block_2,2,Provo_ID11,5,1077713,1257085,1,applied_drift,1741607884041,32.751236855983734,-19.395881380353657
1,1,block_2,2,Provo_ID11,5,1077713,1257085,1,applied_drift,1741607884080,32.751236855983734,-19.395881380353657
1,1,block_2,2,Provo_ID11,5,1077713,1257085,1,applied_drift,1741607884113,32.751236855983734,-19.395881380353657
1,1,block_2,2,Provo_ID11,5,1077713,1257085,1,applied_drift,1741607884140,32.751236855983734,-19.395881380353657
1,1,block_2,2,Provo_ID11,5,1077713,1257085,1,applied_drift,1741607884179,32.751236855983734,-19.395881380353657
1,1,block_2,2,Provo_ID11,5,1077713,1257085,1,applied_drift,1741607884214,32.751236855983734,-19.395881380353657
1,1,block_2,2,Provo_ID11,5,1077713,1257085,1,applied_drift,1741607884247,32.751236855983734,-19.395881380353657
1,1,block_2,2,Provo_ID11,5,1077713,1257085,1,applied_drift,1741607884275,32.751236855983734,-19.395881380353657
1,1,block_2,2,Provo_ID11,5,1077713,1257085,1,applied_drift,1741607884310,32.751236855983734,-19.395881380353657
1,1,block_2,2,Provo_ID11,5,1077713,1257085,1,applied_drift,1741607884347,32.751236855983734,-19.395881380353657
1,1,block_2,2,Provo_ID11,5,1077713,1257085,1,applied_drift,1741607884380,32.751236855983734,-19.395881380353657
1,1,block_2,2,Provo_ID11,5,1077713,1257085,1,applied_drift,1741607884412,32.751236855983734,-19.395881380353657
1,1,block_2,2,Provo_ID11,5,1077713,1257085,1,applied_drift,1741607884444,32.751236855983734,-19.395881380353657
1,1,block_2,2,Provo_ID11,5,1077713,1257085,1,applied_drift,1741607884479,32.751236855983734,-19.395881380353657
1,1,block_2,2,Provo_ID11,5,1077713,1257085,1,applied_drift,1741607884507,32.751236855983734,-19.395881380353657
1,1,block_2,2,Provo_ID11,5,1077713,1257085,1,applied_drift,1741607884545,32.751236855983734,-19.395881380353657
1,1,block_2,2,Provo_ID11,5,1077713,1257085,1,applied_drift,1741607884579,32.751236855983734,-19.395881380353657
1,1,block_2,2,Provo_ID11,5,1077713,1257085,1,applied_drift,1741607884611,32.751236855983734,-19.395881380353657
1,1,block_2,2,Provo_ID11,5,1077713,1257085,1,applied_drift,1741607884645,32.751236855983734,-19.395881380353657
1,1,block_2,2,Provo_ID11,5,1077713,1257085,1,applied_drift,1741607884676,32.751236855983734,-19.395881380353657
1,1,block_2,2,Provo_ID11,5,1077713,1257085,1,applied_drift,1741607884709,32.751236855983734,-19.395881380353657
1,1,block_2,2,Provo_ID11,5,1077713,1257085,1,applied_drift,1741607884741,32.751236855983734,-19.395881380353657
1,1,block_2,2,Provo_ID11,5,1077713,1257085,1,applied_drift,1741607884784,32.751236855983734,-19.395881380353657
1,1,block_2,2,Provo_ID11,5,1077713,1257085,1,applied_drift,1741607884814,32.751236855983734,-19.395881380353657
1,1,block_2,2,Provo_ID11,5,1077713,1257085,1,applied_drift,1741607884839,32.751236855983734,-19.395881380353657
1,1,block_2,2,Provo_ID11,5,1077713,1257085,1,applied_drift,1741607884877,32.751236855983734,-19.395881380353657
1,1,block_2,2,Provo_ID11,5,1077713,1257085,1,applied_drift,1741607884910,32.751236855983734,-19.395881380353657
1,1,block_2,2,Provo_ID11,5,1077713,1257085,1,applied_drift,1741607884943,32.751236855983734,-19.395881380353657
1,1,block_2,2,Provo_ID11,5,1077713,1257085,1,applied_drift,1741607884978,32.751236855983734,-19.395881380353657
1,1,block_2,2,Provo_ID11,5,1077713,1257085,1,applied_drift,1741607885012,32.751236855983734,-19.395881380353657
1,1,block_2,2,Provo_ID11,5,1077713,1257085,1,applied_drift,1741607885046,32.751236855983734,-19.395881380353657
1,1,block_2,2,Provo_ID11,5,1077713,1257085,1,applied_drift,1741607885081,32.751236855983734,-19.395881380353657
1,1,block_2,2,Provo_ID11,5,1077713,1257085,1,applied_drift,1741607885105,32.751236855983734,-19.395881380353657
1,1,block_2,2,Provo_ID11,5,1077713,1257085,1,applied_drift,1741607885146,32.751236855983734,-19.395881380353657
1,1,block_2,2,Provo_ID11,5,1077713,1257085,1,applied_drift,1741607885179,32.751236855983734,-19.395881380353657
1,1,block_2,2,Provo_ID11,5,1077713,1257085,1,applied_drift,1741607885213,32.751236855983734,-19.395881380353657
1,1,block_2,2,Provo_ID11,5,1077713,1257085,1,applied_drift,1741607885246,32.751236855983734,-19.395881380353657
1,1,block_2,2,Provo_ID11,5,1077713,1257085,1,applied_drift,1741607885274,32.751236855983734,-19.395881380353657
1,1,block_2,2,Provo_ID11,5,1077713,1257085,1,applied_drift,1741607885309,32.751236855983734,-19.395881380353657
1,1,block_2,2,Provo_ID11,5,1077713,1257085,1,applied_drift,1741607885342,32.751236855983734,-19.395881380353657
1,1,block_2,2,Provo_ID11,5,1077713,1257085,1,applied_drift,1741607885379,32.751236855983734,-19.395881380353657
1,1,block_2,2,Provo_ID11,5,1077713,1257085,1,applied_drift,1741607885420,32.751236855983734,-19.395881380353657
1,1,block_2,2,Provo_ID11,5,1077713,1257085,1,applied_drift,1741607885447,32.751236855983734,-19.395881380353657
1,1,block_2,2,Provo_ID11,5,1077713,1257085,1,applied_drift,1741607885478,32.751236855983734,-19.395881380353657
1,1,block_2,2,Provo_ID11,5,1077713,1257085,1,applied_drift,1741607885513,32.751236855983734,-19.395881380353657
1,1,block_2,2,Provo_ID11,5,1077713,1257085,1,applied_drift,1741607885548,32.751236855983734,-19.395881380353657
1,1,block_2,2,Provo_ID11,5,1077713,1257085,1,applied_drift,1741607885581,32.751236855983734,-19.395881380353657
1,1,block_2,2,Provo_ID11,5,1077713,1257085,1,applied_drift,1741607885610,32.751236855983734,-19.395881380353657
1,1,block_2,2,Provo_ID11,5,1077713,1257085,1,applied_drift,1741607885643,32.751236855983734,-19.395881380353657
1,1,block_2,2,Provo_ID11,5,1077713,1257085,1,applied_drift,1741607885674,32.751236855983734,-19.395881380353657
1,1,block_2,2,Provo_ID11,5,1077713,1257085,1,applied_drift,1741607885710,32.751236855983734,-19.395881380353657
1,1,block_2,2,Provo_ID11,5,1077713,1257085,1,applied_drift,1741607885743,32.751236855983734,-19.395881380353657
1,1,block_2,2,Provo_ID11,5,1077713,1257085,1,applied_drift,1741607885776,32.751236855983734,-19.395881380353657
1,1,block_2,2,Provo_ID11,5,1077713,1257085,1,applied_drift,1741607885809,32.751236855983734,-19.395881380353657
1,1,block_2,2,Provo_ID11,5,1077713,1257085,1,applied_drift,1741607885842,32.751236855983734,-19.395881380353657
1,1,block_2,2,Provo_ID11,5,1077713,1257085,1,applied_drift,1741607885871,32.751236855983734,-19.395881380353657
1,1,block_2,2,Provo_ID11,5,1077713,1257085,1,applied_drift,1741607885912,32.751236855983734,-19.395881380353657
1,1,block_2,2,Provo_ID11,5,1077713,1257085,1,applied_drift,1741607885947,32.751236855983734,-19.395881380353657
1,1,block_2,2,Provo_ID11,5,1077713,1257085,1,applied_drift,1741607885975,32.751236855983734,-19.395881380353657
1,1,block_2,2,Provo_ID11,5,1077713,1257085,1,applied_drift,1741607886014,32.751236855983734,-19.395881380353657
1,1,block_2,2,Provo_ID11,5,1077713,1257085,1,applied_drift,1741607886045,32.751236855983734,-19.395881380353657
1,1,block_2,2,Provo_ID11,5,1077713,1257085,1,applied_drift,1741607886076,32.751236855983734,-19.395881380353657
1,1,block_2,2,Provo_ID11,5,1077713,1257085,1,applied_drift,1741607886109,32.751236855983734,-19.395881380353657
1,1,block_2,2,Provo_ID11,5,1077713,1257085,1,applied_drift,1741607886141,32.751236855983734,-19.395881380353657
1,1,block_2,2,Provo_ID11,5,1077713,1257085,1,applied_drift,1741607886181,32.751236855983734,-19.395881380353657
1,1,block_2,2,Provo_ID11,5,1077713,1257085,1,applied_drift,1741607886214,32.751236855983734,-19.395881380353657
1,1,block_2,2,Provo_ID11,5,1077713,1257085,1,applied_drift,1741607886246,32.751236855983734,-19.395881380353657
1,1,block_2,2,Provo_ID11,5,1077713,1257085,1,applied_drift,1741607886282,32.751236855983734,-19.395881380353657
1,1,block_2,2,Provo_ID11,5,1077713,1257085,1,applied_drift,1741607886313,32.751236855983734,-19.395881380353657
1,1,block_2,2,Provo_ID11,5,1077713,1257085,1,applied_drift,1741607886342,32.751236855983734,-19.395881380353657
1,1,block_2,2,Provo_ID11,5,1077713,1257085,1,applied_drift,1741607886376,32.751236855983734,-19.395881380353657
1,1,block_2,2,Provo_ID11,5,1077713,1257085,1,applied_drift,1741607886414,32.751236855983734,-19.395881380353657
1,1,block_2,2,Provo_ID11,5,1077713,1257085,1,applied_drift,1741607886446,32.751236855983734,-19.395881380353657
1,1,block_2,2,Provo_ID11,5,1077713,1257085,1,applied_drift,1741607886475,32.751236855983734,-19.395881380353657
1,1,block_2,2,Provo_ID11,5,1077713,1257085,1,applied_drift,1741607886513,32.751236855983734,-19.395881380353657
1,1,block_2,2,Provo_ID11,5,1077713,1257085,1,applied_drift,1741607886545,32.751236855983734,-19.395881380353657
1,1,block_2,2,Provo_ID11,5,1077713,1257085,1,applied_drift,1741607886576,32.751236855983734,-19.395881380353657
1,1,block_2,2,Provo_ID11,5,1077713,1257085,1,applied_drift,1741607886608,32.751236855983734,-19.395881380353657
1,1,block_2,2,Provo_ID11,5,1077713,1257085,1,applied_drift,1741607886646,32.751236855983734,-19.395881380353657
1,1,block_2,2,Provo_ID11,5,1077713,1257085,1,applied_drift,1741607886679,32.751236855983734,-19.395881380353657
1,1,block_2,2,Provo_ID11,5,1077713,1257085,1,applied_drift,1741607886714,32.751236855983734,-19.395881380353657
1,1,block_2,2,Provo_ID11,5,1077713,1257085,1,applied_drift,1741607886747,32.751236855983734,-19.395881380353657
1,1,block_2,2,Provo_ID11,5,1077713,1257085,1,applied_drift,1741607886775,32.751236855983734,-19.395881380353657
1,1,block_2,2,Provo_ID11,5,1077713,1257085,1,applied_drift,1741607886810,32.751236855983734,-19.395881380353657
1,1,block_2,2,Provo_ID11,5,1077713,1257085,1,applied_drift,1741607886847,32.751236855983734,-19.395881380353657
1,1,block_2,2,Provo_ID11,5,1077713,1257085,1,applied_drift,1741607886875,32.751236855983734,-19.395881380353657
1,1,block_2,2,Provo_ID11,5,1077713,1257085,1,applied_drift,1741607886915,32.751236855983734,-19.395881380353657
1,1,block_2,2,Provo_ID11,5,1077713,1257085,1,applied_drift,1741607886947,32.751236855983734,-19.395881380353657
1,1,block_2,2,Provo_ID11,5,1077713,1257085,1,applied_drift,1741607886974,32.751236855983734,-19.395881380353657
1,1,block_2,2,Provo_ID11,5,1077713,1257085,1,applied_drift,1741607887014,32.751236855983734,-19.395881380353657
1,1,block_2,2,Provo_ID11,5,1077713,1257085,1,applied_drift,1741607887047,32.751236855983734,-19.395881380353657
1,1,block_2,2,Provo_ID11,5,1077713,1257085,1,applied_drift,1741607887076,32.751236855983734,-19.395881380353657
1,1,block_2,2,Provo_ID11,5,1077713,1257085,1,applied_drift,1741607887108,32.751236855983734,-19.395881380353657
1,1,block_2,2,Provo_ID11,5,1077713,1257085,1,applied_drift,1741607887142,32.751236855983734,-19.395881380353657
1,1,block_2,2,Provo_ID11,5,1077713,1257085,1,applied_drift,1741607887181,32.751236855983734,-19.395881380353657
1,1,block_2,2,Provo_ID11,5,1077713,1257085,1,applied_drift,1741607887212,32.751236855983734,-19.395881380353657
1,1,block_2,2,Provo_ID11,5,1077713,1257085,1,applied_drift,1741607887251,32.751236855983734,-19.395881380353657
1,1,block_2,2,Provo_ID11,5,1077713,1257085,1,applied_drift,1741607887280,32.751236855983734,-19.395881380353657
1,1,block_2,2,Provo_ID11,5,1077713,1257085,1,applied_drift,1741607887308,32.751236855983734,-19.395881380353657
1,1,block_2,2,Provo_ID11,5,1077713,1257085,1,applied_drift,1741607887342,32.751236855983734,-19.395881380353657
1,1,block_2,2,Provo_ID11,5,1077713,1257085,1,applied_drift,1741607887375,32.751236855983734,-19.395881380353657
1,1,block_2,2,Provo_ID11,5,1077713,1257085,1,applied_drift,1741607887411,32.751236855983734,-19.395881380353657
1,1,block_2,2,Provo_ID11,5,1077713,1257085,1,applied_drift,1741607887447,32.751236855983734,-19.395881380353657
1,1,block_2,2,Provo_ID11,5,1077713,1257085,1,applied_drift,1741607887480,32.751236855983734,-19.395881380353657
1,1,block_2,2,Provo_ID11,5,1077713,1257085,1,applied_drift,1741607887515,32.751236855983734,-19.395881380353657
1,1,block_2,2,Provo_ID11,5,1077713,1257085,1,applied_drift,1741607887546,32.751236855983734,-19.395881380353657
1,1,block_2,2,Provo_ID11,5,1077713,1257085,1,applied_drift,1741607887574,32.751236855983734,-19.395881380353657
1,1,block_2,2,Provo_ID11,5,1077713,1257085,1,applied_drift,1741607887616,32.751236855983734,-19.395881380353657
1,1,block_2,2,Provo_ID11,5,1077713,1257085,1,applied_drift,1741607887648,32.751236855983734,-19.395881380353657
1,1,block_2,2,Provo_ID11,5,1077713,1257085,1,applied_drift,1741607887681,32.751236855983734,-19.395881380353657
1,1,block_2,2,Provo_ID11,5,1077713,1257085,1,applied_drift,1741607887714,32.751236855983734,-19.395881380353657
1,1,block_2,2,Provo_ID11,5,1077713,1257085,1,applied_drift,1741607887742,32.751236855983734,-19.395881380353657
1,1,block_2,2,Provo_ID11,5,1077713,1257085,1,applied_drift,1741607887776,32.751236855983734,-19.395881380353657
1,1,block_2,2,Provo_ID11,5,1077713,1257085,1,applied_drift,1741607887811,32.751236855983734,-19.395881380353657
1,1,block_2,2,Provo_ID11,5,1077713,1257085,1,applied_drift,1741607887846,32.751236855983734,-19.395881380353657
1,1,block_2,2,Provo_ID11,5,1077713,1257085,1,applied_drift,1741607887880,32.751236855983734,-19.395881380353657
1,1,block_2,2,Provo_ID11,5,1077713,1257085,1,applied_drift,1741607887907,32.751236855983734,-19.395881380353657
1,1,block_2,2,Provo_ID11,5,1077713,1257085,1,applied_drift,1741607887943,32.751236855983734,-19.395881380353657
1,1,block_2,2,Provo_ID11,5,1077713,1257085,1,applied_drift,1741607887976,32.751236855983734,-19.395881380353657
1,1,block_2,2,Provo_ID11,5,1077713,1257085,1,applied_drift,1741607888009,32.751236855983734,-19.395881380353657
1,1,block_2,2,Provo_ID11,5,1077713,1257085,1,applied_drift,1741607888044,32.751236855983734,-19.395881380353657
1,1,block_2,2,Provo_ID11,5,1077713,1257085,1,applied_drift,1741607888080,32.751236855983734,-19.395881380353657
1,1,block_2,2,Provo_ID11,5,1077713,1257085,1,applied_drift,1741607888110,32.751236855983734,-19.395881380353657
1,1,block_2,2,Provo_ID11,5,1077713,1257085,1,applied_drift,1741607888147,32.751236855983734,-19.395881380353657
1,1,block_2,2,Provo_ID11,5,1077713,1257085,1,applied_drift,1741607888181,32.751236855983734,-19.395881380353657
1,1,block_2,2,Provo_ID11,5,1077713,1257085,1,applied_drift,1741607888209,32.751236855983734,-19.395881380353657
1,1,block_2,2,Provo_ID11,5,1077713,1257085,1,applied_drift,1741607888243,32.751236855983734,-19.395881380353657
1,1,block_2,2,Provo_ID11,5,1077713,1257085,1,applied_drift,1741607888278,32.751236855983734,-19.395881380353657
1,1,block_2,2,Provo_ID11,5,1077713,1257085,1,applied_drift,1741607888313,32.751236855983734,-19.395881380353657
1,1,block_2,2,Provo_ID11,5,1077713,1257085,1,applied_drift,1741607888341,32.751236855983734,-19.395881380353657
1,1,block_2,2,Provo_ID11,5,1077713,1257085,1,applied_drift,1741607888374,32.751236855983734,-19.395881380353657
1,1,block_2,2,Provo_ID11,5,1077713,1257085,1,applied_drift,1741607888414,32.751236855983734,-19.395881380353657
1,1,block_2,2,Provo_ID11,5,1077713,1257085,1,applied_drift,1741607888447,32.751236855983734,-19.395881380353657
1,1,block_2,2,Provo_ID11,5,1077713,1257085,1,applied_drift,1741607888479,32.751236855983734,-19.395881380353657
1,1,block_2,2,Provo_ID11,5,1077713,1257085,1,applied_drift,1741607888512,32.751236855983734,-19.395881380353657
1,1,block_2,2,Provo_ID11,5,1077713,1257085,1,applied_drift,1741607888541,32.751236855983734,-19.395881380353657
1,1,block_2,2,Provo_ID11,5,1077713,1257085,1,applied_drift,1741607888576,32.751236855983734,-19.395881380353657
1,1,block_2,2,Provo_ID11,5,1077713,1257085,1,applied_drift,1741607888614,32.751236855983734,-19.395881380353657
1,1,block_2,2,Provo_ID11,5,1077713,1257085,1,applied_drift,1741607888647,32.751236855983734,-19.395881380353657
1,1,block_2,2,Provo_ID11,5,1077713,1257085,1,applied_drift,1741607888672,32.751236855983734,-19.395881380353657
1,1,block_2,2,Provo_ID11,5,1077713,1257085,1,applied_drift,1741607888714,32.751236855983734,-19.395881380353657
1,1,block_2,2,Provo_ID11,5,1077713,1257085,1,applied_drift,1741607888737,32.751236855983734,-19.395881380353657
1,1,block_2,2,Provo_ID11,5,1077713,1257085,1,applied_drift,1741607888780,32.751236855983734,-19.395881380353657
1,1,block_2,2,Provo_ID11,5,1077713,1257085,1,applied_drift,1741607888814,32.751236855983734,-19.395881380353657
1,1,block_2,2,Provo_ID11,5,1077713,1257085,1,applied_drift,1741607888840,32.751236855983734,-19.395881380353657
1,1,block_2,2,Provo_ID11,5,1077713,1257085,1,applied_drift,1741607888874,32.751236855983734,-19.395881380353657
1,1,block_2,2,Provo_ID11,5,1077713,1257085,1,applied_drift,1741607888905,32.751236855983734,-19.395881380353657
1,1,block_2,2,Provo_ID11,5,1077713,1257085,1,applied_drift,1741607888944,32.751236855983734,-19.395881380353657
1,1,block_2,2,Provo_ID11,5,1077713,1257085,1,applied_drift,1741607888972,32.751236855983734,-19.395881380353657
1,1,block_2,2,Provo_ID11,5,1077713,1257085,1,applied_drift,1741607889013,32.751236855983734,-19.395881380353657
1,1,block_2,2,Provo_ID11,5,1077713,1257085,1,applied_drift,1741607889044,32.751236855983734,-19.395881380353657
1,1,block_2,2,Provo_ID11,5,1077713,1257085,1,applied_drift,1741607889073,32.751236855983734,-19.395881380353657
1,1,block_2,2,Provo_ID11,5,1077713,1257085,1,applied_drift,1741607889110,32.751236855983734,-19.395881380353657
1,1,block_2,2,Provo_ID11,5,1077713,1257085,1,applied_drift,1741607889141,32.751236855983734,-19.395881380353657
1,1,block_2,2,Provo_ID11,5,1077713,1257085,1,applied_drift,1741607889174,32.751236855983734,-19.395881380353657
1,1,block_2,2,Provo_ID11,5,1077713,1257085,1,applied_drift,1741607889213,32.751236855983734,-19.395881380353657
1,1,block_2,2,Provo_ID11,5,1077713,1257085,1,applied_drift,1741607889246,32.751236855983734,-19.395881380353657
1,1,block_2,2,Provo_ID11,5,1077713,1257085,1,applied_drift,1741607889272,32.751236855983734,-19.395881380353657
1,1,block_2,2,Provo_ID11,5,1077713,1257085,1,applied_drift,1741607889314,32.751236855983734,-19.395881380353657
1,1,block_2,2,Provo_ID11,5,1077713,1257085,1,applied_drift,1741607889342,32.751236855983734,-19.395881380353657
1,1,block_2,2,Provo_ID11,5,1077713,1257085,1,applied_drift,1741607889372,32.751236855983734,-19.395881380353657
1,1,block_2,2,Provo_ID11,5,1077713,1257085,1,applied_drift,1741607889413,32.751236855983734,-19.395881380353657
1,1,block_2,2,Provo_ID11,5,1077713,1257085,1,applied_drift,1741607889443,32.751236855983734,-19.395881380353657
1,1,block_2,2,Provo_ID11,5,1077713,1257085,1,applied_drift,1741607889477,32.751236855983734,-19.395881380353657
1,1,block_2,2,Provo_ID11,5,1077713,1257085,1,applied_drift,1741607889507,32.751236855983734,-19.395881380353657
1,1,block_2,2,Provo_ID11,5,1077713,1257085,1,applied_drift,1741607889540,32.751236855983734,-19.395881380353657
1,1,block_2,2,Provo_ID11,5,1077713,1257085,1,applied_drift,1741607889571,32.751236855983734,-19.395881380353657
1,1,block_2,2,Provo_ID11,5,1077713,1257085,1,applied_drift,1741607889610,32.751236855983734,-19.395881380353657
1,1,block_2,2,Provo_ID11,5,1077713,1257085,1,applied_drift,1741607889643,32.751236855983734,-19.395881380353657
1,1,block_2,2,Provo_ID11,5,1077713,1257085,1,applied_drift,1741607889677,32.751236855983734,-19.395881380353657
1,1,block_2,2,Provo_ID11,5,1077713,1257085,1,applied_drift,1741607889708,32.751236855983734,-19.395881380353657
1,1,block_2,2,Provo_ID11,5,1077713,1257085,1,applied_drift,1741607889739,32.751236855983734,-19.395881380353657
1,1,block_2,2,Provo_ID11,5,1077713,1257085,1,applied_drift,1741607889784,32.751236855983734,-19.395881380353657
1,1,block_2,2,Provo_ID11,5,1077713,1257085,1,applied_drift,1741607889813,32.751236855983734,-19.395881380353657
1,1,block_2,2,Provo_ID11,5,1077713,1257085,1,applied_drift,1741607889848,32.751236855983734,-19.395881380353657
1,1,block_2,2,Provo_ID11,5,1077713,1257085,1,applied_drift,1741607889876,32.751236855983734,-19.395881380353657
1,1,block_2,2,Provo_ID11,5,1077713,1257085,1,applied_drift,1741607889905,32.751236855983734,-19.395881380353657
1,1,block_2,2,Provo_ID11,5,1077713,1257085,1,applied_drift,1741607889944,32.751236855983734,-19.395881380353657
1,1,block_2,2,Provo_ID11,5,1077713,1257085,1,applied_drift,1741607889980,32.751236855983734,-19.395881380353657
1,1,block_2,2,Provo_ID11,5,1077713,1257085,1,applied_drift,1741607890008,32.751236855983734,-19.395881380353657
1,1,block_2,2,Provo_ID11,5,1077713,1257085,1,applied_drift,1741607890042,32.751236855983734,-19.395881380353657
1,1,block_2,2,Provo_ID11,5,1077713,1257085,1,applied_drift,1741607890087,32.751236855983734,-19.395881380353657
1,1,block_2,2,Provo_ID11,5,1077713,1257085,1,applied_drift,1741607890104,32.751236855983734,-19.395881380353657
1,1,block_2,2,Provo_ID11,5,1077713,1257085,1,applied_drift,1741607890148,32.751236855983734,-19.395881380353657
1,1,block_2,2,Provo_ID11,5,1077713,1257085,1,applied_drift,1741607890177,32.751236855983734,-19.395881380353657
1,1,block_2,2,Provo_ID11,5,1077713,1257085,1,applied_drift,1741607890209,32.751236855983734,-19.395881380353657
1,1,block_2,2,Provo_ID11,5,1077713,1257085,1,applied_drift,1741607890243,32.751236855983734,-19.395881380353657
1,1,block_2,2,Provo_ID11,5,1077713,1257085,1,applied_drift,1741607890271,32.751236855983734,-19.395881380353657
1,1,block_2,2,Provo_ID11,5,1077713,1257085,1,applied_drift,1741607890320,32.751236855983734,-19.395881380353657
1,1,block_2,2,Provo_ID11,5,1077713,1257085,1,applied_drift,1741607890348,32.751236855983734,-19.395881380353657
1,1,block_2,2,Provo_ID11,5,1077713,1257085,1,applied_drift,1741607890375,32.751236855983734,-19.395881380353657
1,1,block_2,2,Provo_ID11,5,1077713,1257085,1,applied_drift,1741607890415,32.751236855983734,-19.395881380353657
1,1,block_2,2,Provo_ID11,5,1077713,1257085,1,applied_drift,1741607890438,32.751236855983734,-19.395881380353657
1,1,block_2,2,Provo_ID11,5,1077713,1257085,1,applied_drift,1741607890480,32.751236855983734,-19.395881380353657
1,1,block_2,2,Provo_ID11,5,1077713,1257085,1,applied_drift,1741607890515,32.751236855983734,-19.395881380353657
1,1,block_2,2,Provo_ID11,5,1077713,1257085,1,applied_drift,1741607890542,32.751236855983734,-19.395881380353657
1,1,block_2,2,Provo_ID11,5,1077713,1257085,1,applied_drift,1741607890581,32.751236855983734,-19.395881380353657
1,1,block_2,2,Provo_ID11,5,1077713,1257085,1,applied_drift,1741607890609,32.751236855983734,-19.395881380353657
1,1,block_2,2,Provo_ID11,5,1077713,1257085,1,applied_drift,1741607890647,32.751236855983734,-19.395881380353657
1,1,block_2,2,Provo_ID11,5,1077713,1257085,1,applied_drift,1741607890681,32.751236855983734,-19.395881380353657
1,1,block_2,2,Provo_ID11,5,1077713,1257085,1,applied_drift,1741607890710,32.751236855983734,-19.395881380353657
1,1,block_2,2,Provo_ID11,5,1077713,1257085,1,applied_drift,1741607890747,32.751236855983734,-19.395881380353657
1,1,block_2,2,Provo_ID11,5,1077713,1257085,1,applied_drift,1741607890776,32.751236855983734,-19.395881380353657
1,1,block_2,2,Provo_ID11,5,1077713,1257085,1,applied_drift,1741607890809,32.751236855983734,-19.395881380353657
1,1,block_2,2,Provo_ID11,5,1077713,1257085,1,applied_drift,1741607890854,32.751236855983734,-19.395881380353657
1,1,block_2,2,Provo_ID11,5,1077713,1257085,1,applied_drift,1741607890881,32.751236855983734,-19.395881380353657
1,1,block_2,2,Provo_ID11,5,1077713,1257085,1,applied_drift,1741607890909,32.751236855983734,-19.395881380353657
1,1,block_2,2,Provo_ID11,5,1077713,1257085,1,applied_drift,1741607890948,32.751236855983734,-19.395881380353657
1,1,block_2,2,Provo_ID11,5,1077713,1257085,1,applied_drift,1741607890976,32.751236855983734,-19.395881380353657
1,1,block_2,2,Provo_ID11,5,1077713,1257085,1,applied_drift,1741607891010,32.751236855983734,-19.395881380353657
1,1,block_2,2,Provo_ID11,5,1077713,1257085,1,applied_drift,1741607891047,32.751236855983734,-19.395881380353657
1,1,block_2,2,Provo_ID11,5,1077713,1257085,1,applied_drift,1741607891081,32.751236855983734,-19.395881380353657
1,1,block_2,2,Provo_ID11,5,1077713,1257085,1,applied_drift,1741607891109,32.751236855983734,-19.395881380353657
1,1,block_2,2,Provo_ID11,5,1077713,1257085,1,applied_drift,1741607891148,32.751236855983734,-19.395881380353657
1,1,block_2,2,Provo_ID11,5,1077713,1257085,1,applied_drift,1741607891181,32.751236855983734,-19.395881380353657
1,1,block_2,2,Provo_ID11,5,1077713,1257085,1,applied_drift,1741607891215,32.751236855983734,-19.395881380353657
1,1,block_2,2,Provo_ID11,5,1077713,1257085,1,applied_drift,1741607891242,32.751236855983734,-19.395881380353657
1,1,block_2,2,Provo_ID11,5,1077713,1257085,1,applied_drift,1741607891277,32.751236855983734,-19.395881380353657
1,1,block_2,2,Provo_ID11,5,1077713,1257085,1,applied_drift,1741607891315,32.751236855983734,-19.395881380353657
1,1,block_2,2,Provo_ID11,5,1077713,1257085,1,applied_drift,1741607891343,32.751236855983734,-19.395881380353657
1,1,block_2,2,Provo_ID11,5,1077713,1257085,1,applied_drift,1741607891380,32.751236855983734,-19.395881380353657
1,1,block_2,2,Provo_ID11,5,1077713,1257085,1,applied_drift,1741607891415,32.751236855983734,-19.395881380353657
1,1,block_2,2,Provo_ID11,5,1077713,1257085,1,applied_drift,1741607891443,32.751236855983734,-19.395881380353657
1,1,block_2,2,Provo_ID11,5,1077713,1257085,1,applied_drift,1741607891476,32.751236855983734,-19.395881380353657
1,1,block_2,2,Provo_ID11,5,1077713,1257085,1,applied_drift,1741607891509,32.751236855983734,-19.395881380353657
1,1,block_2,2,Provo_ID11,5,1077713,1257085,1,applied_drift,1741607891542,32.751236855983734,-19.395881380353657
1,1,block_2,2,Provo_ID11,5,1077713,1257085,1,applied_drift,1741607891577,32.751236855983734,-19.395881380353657
1,1,block_2,2,Provo_ID11,5,1077713,1257085,1,applied_drift,1741607891615,32.751236855983734,-19.395881380353657
1,1,block_2,2,Provo_ID11,5,1077713,1257085,1,applied_drift,1741607891641,32.751236855983734,-19.395881380353657
1,1,block_2,2,Provo_ID11,5,1077713,1257085,1,applied_drift,1741607891681,32.751236855983734,-19.395881380353657
1,1,block_2,2,Provo_ID11,5,1077713,1257085,1,applied_drift,1741607891708,32.751236855983734,-19.395881380353657
1,1,block_2,2,Provo_ID11,5,1077713,1257085,1,applied_drift,1741607891749,32.751236855983734,-19.395881380353657
1,1,block_2,2,Provo_ID11,5,1077713,1257085,1,applied_drift,1741607891781,32.751236855983734,-19.395881380353657
1,1,block_2,2,Provo_ID11,5,1077713,1257085,1,applied_drift,1741607891814,32.751236855983734,-19.395881380353657
1,1,block_2,2,Provo_ID11,5,1077713,1257085,1,applied_drift,1741607891844,32.751236855983734,-19.395881380353657
1,1,block_2,2,Provo_ID11,5,1077713,1257085,1,applied_drift,1741607891876,32.751236855983734,-19.395881380353657
1,1,block_2,2,Provo_ID11,5,1077713,1257085,1,applied_drift,1741607891913,32.751236855983734,-19.395881380353657
1,1,block_2,2,Provo_ID11,5,1077713,1257085,1,applied_drift,1741607891948,32.751236855983734,-19.395881380353657
1,1,block_2,2,Provo_ID11,5,1077713,1257085,1,applied_drift,1741607891976,32.751236855983734,-19.395881380353657
1,1,block_2,2,Provo_ID11,5,1077713,1257085,1,applied_drift,1741607892009,32.751236855983734,-19.395881380353657
1,1,block_2,2,Provo_ID11,5,1077713,1257085,1,applied_drift,1741607892042,32.751236855983734,-19.395881380353657
1,1,block_2,2,Provo_ID11,5,1077713,1257085,1,applied_drift,1741607892077,32.751236855983734,-19.395881380353657
1,1,block_2,2,Provo_ID11,5,1077713,1257085,1,applied_drift,1741607892114,32.751236855983734,-19.395881380353657
1,1,block_2,2,Provo_ID11,5,1077713,1257085,1,applied_drift,1741607892145,32.751236855983734,-19.395881380353657
1,1,block_2,2,Provo_ID11,5,1077713,1257085,1,applied_drift,1741607892181,32.751236855983734,-19.395881380353657
1,1,block_2,2,Provo_ID11,5,1077713,1257085,1,applied_drift,1741607892210,32.751236855983734,-19.395881380353657
1,1,block_2,2,Provo_ID11,5,1077713,1257085,1,applied_drift,1741607892248,32.751236855983734,-19.395881380353657
1,1,block_2,2,Provo_ID11,5,1077713,1257085,1,applied_drift,1741607892282,32.751236855983734,-19.395881380353657
1,1,block_2,2,Provo_ID11,5,1077713,1257085,1,applied_drift,1741607892313,32.751236855983734,-19.395881380353657
1,1,block_2,2,Provo_ID11,5,1077713,1257085,1,applied_drift,1741607892343,32.751236855983734,-19.395881380353657
1,1,block_2,2,Provo_ID11,5,1077713,1257085,1,applied_drift,1741607892374,32.751236855983734,-19.395881380353657
1,1,block_2,2,Provo_ID11,5,1077713,1257085,1,applied_drift,1741607892410,32.751236855983734,-19.395881380353657
1,1,block_2,2,Provo_ID11,5,1077713,1257085,1,applied_drift,1741607892443,32.751236855983734,-19.395881380353657
1,1,block_2,2,Provo_ID11,5,1077713,1257085,1,applied_drift,1741607892481,32.751236855983734,-19.395881380353657
1,1,block_2,2,Provo_ID11,5,1077713,1257085,1,applied_drift,1741607892509,32.751236855983734,-19.395881380353657
1,1,block_2,2,Provo_ID11,5,1077713,1257085,1,applied_drift,1741607892546,32.751236855983734,-19.395881380353657
1,1,block_2,2,Provo_ID11,5,1077713,1257085,1,applied_drift,1741607892581,32.751236855983734,-19.395881380353657
1,1,block_2,2,Provo_ID11,5,1077713,1257085,1,applied_drift,1741607892609,32.751236855983734,-19.395881380353657
1,1,block_2,2,Provo_ID11,5,1077713,1257085,1,applied_drift,1741607892652,32.751236855983734,-19.395881380353657
1,1,block_2,2,Provo_ID11,5,1077713,1257085,1,applied_drift,1741607892678,32.751236855983734,-19.395881380353657
1,1,block_2,2,Provo_ID11,5,1077713,1257085,1,applied_drift,1741607892709,32.751236855983734,-19.395881380353657
1,1,block_2,2,Provo_ID11,5,1077713,1257085,1,applied_drift,1741607892748,32.751236855983734,-19.395881380353657
1,1,block_2,2,Provo_ID11,5,1077713,1257085,1,applied_drift,1741607892780,32.751236855983734,-19.395881380353657
1,1,block_2,2,Provo_ID11,5,1077713,1257085,1,applied_drift,1741607892810,32.751236855983734,-19.395881380353657
1,1,block_2,2,Provo_ID11,5,1077713,1257085,1,applied_drift,1741607892837,32.751236855983734,-19.395881380353657
1,1,block_2,2,Provo_ID11,5,1077713,1257085,1,applied_drift,1741607892881,32.751236855983734,-19.395881380353657
1,1,block_2,2,Provo_ID11,5,1077713,1257085,1,applied_drift,1741607892909,32.751236855983734,-19.395881380353657
1,1,block_2,2,Provo_ID11,5,1077713,1257085,1,applied_drift,1741607892948,32.751236855983734,-19.395881380353657
1,1,block_2,2,Provo_ID11,5,1077713,1257085,1,applied_drift,1741607892982,32.751236855983734,-19.395881380353657
1,1,block_2,2,Provo_ID11,5,1077713,1257085,1,applied_drift,1741607893015,32.751236855983734,-19.395881380353657
1,1,block_2,2,Provo_ID11,5,1077713,1257085,1,applied_drift,1741607893042,32.751236855983734,-19.395881380353657
1,1,block_2,2,Provo_ID11,5,1077713,1257085,1,applied_drift,1741607893080,32.751236855983734,-19.395881380353657
1,1,block_2,2,Provo_ID11,5,1077713,1257085,1,applied_drift,1741607893110,32.751236855983734,-19.395881380353657
1,1,block_2,2,Provo_ID11,5,1077713,1257085,1,applied_drift,1741607893148,32.751236855983734,-19.395881380353657
1,1,block_2,2,Provo_ID11,5,1077713,1257085,1,applied_drift,1741607893178,32.751236855983734,-19.395881380353657
1,1,block_2,2,Provo_ID11,5,1077713,1257085,1,applied_drift,1741607893208,32.751236855983734,-19.395881380353657
1,1,block_2,2,Provo_ID11,5,1077713,1257085,1,applied_drift,1741607893247,32.751236855983734,-19.395881380353657
1,1,block_2,2,Provo_ID11,5,1077713,1257085,1,applied_drift,1741607893272,32.751236855983734,-19.395881380353657
1,1,block_2,2,Provo_ID11,5,1077713,1257085,1,applied_drift,1741607893314,32.751236855983734,-19.395881380353657
1,1,block_2,2,Provo_ID11,5,1077713,1257085,1,applied_drift,1741607893342,32.751236855983734,-19.395881380353657
1,1,block_2,2,Provo_ID11,5,1077713,1257085,1,applied_drift,1741607893380,32.751236855983734,-19.395881380353657
1,1,block_2,2,Provo_ID11,5,1077713,1257085,1,applied_drift,1741607893409,32.751236855983734,-19.395881380353657
1,1,block_2,2,Provo_ID11,5,1077713,1257085,1,applied_drift,1741607893448,32.751236855983734,-19.395881380353657
1,1,block_2,2,Provo_ID11,5,1077713,1257085,1,applied_drift,1741607893480,32.751236855983734,-19.395881380353657
1,1,block_2,2,Provo_ID11,5,1077713,1257085,1,applied_drift,1741607893509,32.751236855983734,-19.395881380353657
1,1,block_2,2,Provo_ID11,5,1077713,1257085,1,applied_drift,1741607893543,32.751236855983734,-19.395881380353657
1,1,block_2,2,Provo_ID11,5,1077713,1257085,1,applied_drift,1741607893577,32.751236855983734,-19.395881380353657
1,1,block_2,2,Provo_ID11,5,1077713,1257085,1,applied_drift,1741607893610,32.751236855983734,-19.395881380353657
1,1,block_2,2,Provo_ID11,5,1077713,1257085,1,applied_drift,1741607893648,32.751236855983734,-19.395881380353657
1,1,block_2,2,Provo_ID11,5,1077713,1257085,1,applied_drift,1741607893680,32.751236855983734,-19.395881380353657
1,1,block_2,2,Provo_ID11,5,1077713,1257085,1,applied_drift,1741607893716,32.751236855983734,-19.395881380353657
1,1,block_2,2,Provo_ID11,5,1077713,1257085,1,applied_drift,1741607893741,32.751236855983734,-19.395881380353657
1,1,block_2,2,Provo_ID11,5,1077713,1257085,1,applied_drift,1741607893779,32.751236855983734,-19.395881380353657
1,1,block_2,2,Provo_ID11,5,1077713,1257085,1,applied_drift,1741607893809,32.751236855983734,-19.395881380353657
1,1,block_2,2,Provo_ID11,5,1077713,1257085,1,applied_drift,1741607893838,32.751236855983734,-19.395881380353657
1,1,block_2,2,Provo_ID11,5,1077713,1257085,1,applied_drift,1741607893877,32.751236855983734,-19.395881380353657
1,1,block_2,2,Provo_ID11,5,1077713,1257085,1,applied_drift,1741607893913,32.751236855983734,-19.395881380353657
1,1,block_2,2,Provo_ID11,5,1077713,1257085,1,applied_drift,1741607893947,32.751236855983734,-19.395881380353657
1,1,block_2,2,Provo_ID11,5,1077713,1257085,1,applied_drift,1741607893974,32.751236855983734,-19.395881380353657
1,1,block_2,2,Provo_ID11,5,1077713,1257085,1,applied_drift,1741607894009,32.751236855983734,-19.395881380353657
1,1,block_2,2,Provo_ID11,5,1077713,1257085,1,applied_drift,1741607894042,32.751236855983734,-19.395881380353657
1,1,block_2,2,Provo_ID11,5,1077713,1257085,1,applied_drift,1741607894079,32.751236855983734,-19.395881380353657
1,1,block_2,2,Provo_ID11,5,1077713,1257085,1,applied_drift,1741607894112,32.751236855983734,-19.395881380353657
1,1,block_2,2,Provo_ID11,5,1077713,1257085,1,applied_drift,1741607894141,32.751236855983734,-19.395881380353657
1,1,block_2,2,Provo_ID11,5,1077713,1257085,1,applied_drift,1741607894181,32.751236855983734,-19.395881380353657
1,1,block_2,2,Provo_ID11,5,1077713,1257085,1,applied_drift,1741607894204,32.751236855983734,-19.395881380353657
1,1,block_2,2,Provo_ID11,5,1077713,1257085,1,applied_drift,1741607894242,32.751236855983734,-19.395881380353657
1,1,block_2,2,Provo_ID11,5,1077713,1257085,1,applied_drift,1741607894273,32.751236855983734,-19.395881380353657
1,1,block_2,2,Provo_ID11,5,1077713,1257085,1,applied_drift,1741607894311,32.751236855983734,-19.395881380353657
1,1,block_2,2,Provo_ID11,5,1077713,1257085,1,applied_drift,1741607894346,32.751236855983734,-19.395881380353657
1,1,block_2,2,Provo_ID11,5,1077713,1257085,1,applied_drift,1741607894379,32.751236855983734,-19.395881380353657
1,1,block_2,2,Provo_ID11,5,1077713,1257085,1,applied_drift,1741607894408,32.751236855983734,-19.395881380353657
1,1,block_2,2,Provo_ID11,5,1077713,1257085,1,applied_drift,1741607894448,32.751236855983734,-19.395881380353657
1,1,block_2,2,Provo_ID11,5,1077713,1257085,1,applied_drift,1741607894474,32.751236855983734,-19.395881380353657
1,1,block_2,2,Provo_ID11,5,1077713,1257085,1,applied_drift,1741607894515,32.751236855983734,-19.395881380353657
1,1,block_2,2,Provo_ID11,5,1077713,1257085,1,applied_drift,1741607894546,32.751236855983734,-19.395881380353657
1,1,block_2,2,Provo_ID11,5,1077713,1257085,1,applied_drift,1741607894581,32.751236855983734,-19.395881380353657
1,1,block_2,2,Provo_ID11,5,1077713,1257085,1,applied_drift,1741607894607,32.751236855983734,-19.395881380353657
1,1,block_2,2,Provo_ID11,5,1077713,1257085,1,applied_drift,1741607894642,32.751236855983734,-19.395881380353657
1,1,block_2,2,Provo_ID11,5,1077713,1257085,1,applied_drift,1741607894686,32.751236855983734,-19.395881380353657
1,1,block_2,2,Provo_ID11,5,1077713,1257085,1,applied_drift,1741607894714,32.751236855983734,-19.395881380353657
1,1,block_2,2,Provo_ID11,5,1077713,1257085,1,applied_drift,1741607894742,32.751236855983734,-19.395881380353657
1,1,block_2,2,Provo_ID11,5,1077713,1257085,1,applied_drift,1741607894779,32.751236855983734,-19.395881380353657
1,1,block_2,2,Provo_ID11,5,1077713,1257085,1,applied_drift,1741607894809,32.751236855983734,-19.395881380353657
1,1,block_2,2,Provo_ID11,5,1077713,1257085,1,applied_drift,1741607894843,32.751236855983734,-19.395881380353657
1,1,block_2,2,Provo_ID11,5,1077713,1257085,1,applied_drift,1741607894875,32.751236855983734,-19.395881380353657
1,1,block_2,2,Provo_ID11,5,1077713,1257085,1,applied_drift,1741607894912,32.751236855983734,-19.395881380353657
1,1,block_2,2,Provo_ID11,5,1077713,1257085,1,applied_drift,1741607894943,32.751236855983734,-19.395881380353657
1,1,block_2,2,Provo_ID11,5,1077713,1257085,1,applied_drift,1741607894981,32.751236855983734,-19.395881380353657
1,1,block_2,2,Provo_ID11,5,1077713,1257085,1,applied_drift,1741607895015,32.751236855983734,-19.395881380353657
1,1,block_2,2,Provo_ID11,5,1077713,1257085,1,applied_drift,1741607895042,32.751236855983734,-19.395881380353657
1,1,block_2,2,Provo_ID11,5,1077713,1257085,1,applied_drift,1741607895081,32.751236855983734,-19.395881380353657
1,1,block_2,2,Provo_ID11,5,1077713,1257085,1,applied_drift,1741607895114,32.751236855983734,-19.395881380353657
1,1,block_2,2,Provo_ID11,5,1077713,1257085,1,applied_drift,1741607895145,32.751236855983734,-19.395881380353657
1,1,block_2,2,Provo_ID11,5,1077713,1257085,1,applied_drift,1741607895181,32.751236855983734,-19.395881380353657
1,1,block_2,2,Provo_ID11,5,1077713,1257085,1,applied_drift,1741607895204,32.751236855983734,-19.395881380353657
1,1,block_2,2,Provo_ID11,5,1077713,1257085,1,applied_drift,1741607895244,32.751236855983734,-19.395881380353657
1,1,block_2,2,Provo_ID11,5,1077713,1257085,1,applied_drift,1741607895275,32.751236855983734,-19.395881380353657
1,1,block_2,2,Provo_ID11,5,1077713,1257085,1,applied_drift,1741607895314,32.751236855983734,-19.395881380353657
1,1,block_2,2,Provo_ID11,5,1077713,1257085,1,applied_drift,1741607895346,32.751236855983734,-19.395881380353657
1,1,block_2,2,Provo_ID11,5,1077713,1257085,1,applied_drift,1741607895376,32.751236855983734,-19.395881380353657
1,1,block_2,2,Provo_ID11,5,1077713,1257085,1,applied_drift,1741607895408,32.751236855983734,-19.395881380353657
1,1,block_2,2,Provo_ID11,5,1077713,1257085,1,applied_drift,1741607895448,32.751236855983734,-19.395881380353657
1,1,block_2,2,Provo_ID11,5,1077713,1257085,1,applied_drift,1741607895480,32.751236855983734,-19.395881380353657
1,1,block_2,2,Provo_ID11,5,1077713,1257085,1,applied_drift,1741607895513,32.751236855983734,-19.395881380353657
1,1,block_2,2,Provo_ID11,5,1077713,1257085,1,applied_drift,1741607895548,32.751236855983734,-19.395881380353657
1,1,block_2,2,Provo_ID11,5,1077713,1257085,1,applied_drift,1741607895576,32.751236855983734,-19.395881380353657
1,1,block_2,2,Provo_ID11,5,1077713,1257085,1,applied_drift,1741607895611,32.751236855983734,-19.395881380353657
1,1,block_2,2,Provo_ID11,5,1077713,1257085,1,applied_drift,1741607895647,32.751236855983734,-19.395881380353657
1,1,block_2,2,Provo_ID11,5,1077713,1257085,1,applied_drift,1741607895676,32.751236855983734,-19.395881380353657
1,1,block_2,2,Provo_ID11,5,1077713,1257085,1,applied_drift,1741607895714,32.751236855983734,-19.395881380353657
1,1,block_2,2,Provo_ID11,5,1077713,1257085,1,applied_drift,1741607895738,32.751236855983734,-19.395881380353657
1,1,block_2,2,Provo_ID11,5,1077713,1257085,1,applied_drift,1741607895780,32.751236855983734,-19.395881380353657
1,1,block_2,2,Provo_ID11,5,1077713,1257085,1,applied_drift,1741607895813,32.751236855983734,-19.395881380353657
1,1,block_2,2,Provo_ID11,5,1077713,1257085,1,applied_drift,1741607895847,32.751236855983734,-19.395881380353657
1,1,block_2,2,Provo_ID11,5,1077713,1257085,1,applied_drift,1741607895876,32.751236855983734,-19.395881380353657
1,1,block_2,2,Provo_ID11,5,1077713,1257085,1,applied_drift,1741607895914,32.751236855983734,-19.395881380353657
1,1,block_2,2,Provo_ID11,5,1077713,1257085,1,applied_drift,1741607895946,32.751236855983734,-19.395881380353657
1,1,block_2,2,Provo_ID11,5,1077713,1257085,1,applied_drift,1741607895979,32.751236855983734,-19.395881380353657
1,1,block_2,2,Provo_ID11,5,1077713,1257085,1,applied_drift,1741607896014,32.751236855983734,-19.395881380353657
1,1,block_2,2,Provo_ID11,5,1077713,1257085,1,applied_drift,1741607896047,32.751236855983734,-19.395881380353657
1,1,block_2,2,Provo_ID11,5,1077713,1257085,1,applied_drift,1741607896076,32.751236855983734,-19.395881380353657
1,1,block_2,2,Provo_ID11,5,1077713,1257085,1,applied_drift,1741607896108,32.751236855983734,-19.395881380353657
1,1,block_2,2,Provo_ID11,5,1077713,1257085,1,applied_drift,1741607896144,32.751236855983734,-19.395881380353657
1,1,block_2,2,Provo_ID11,5,1077713,1257085,1,applied_drift,1741607896185,32.751236855983734,-19.395881380353657
1,1,block_2,2,Provo_ID11,5,1077713,1257085,1,applied_drift,1741607896213,32.751236855983734,-19.395881380353657
1,1,block_2,2,Provo_ID11,5,1077713,1257085,1,applied_drift,1741607896247,32.751236855983734,-19.395881380353657
1,1,block_2,2,Provo_ID11,5,1077713,1257085,1,applied_drift,1741607896275,32.751236855983734,-19.395881380353657
1,1,block_2,2,Provo_ID11,5,1077713,1257085,1,applied_drift,1741607896314,32.751236855983734,-19.395881380353657
1,1,block_2,2,Provo_ID11,5,1077713,1257085,1,applied_drift,1741607896342,32.751236855983734,-19.395881380353657
1,1,block_2,2,Provo_ID11,5,1077713,1257085,1,applied_drift,1741607896379,32.751236855983734,-19.395881380353657
1,1,block_2,2,Provo_ID11,5,1077713,1257085,1,applied_drift,1741607896413,32.751236855983734,-19.395881380353657
1,1,block_2,2,Provo_ID11,5,1077713,1257085,1,applied_drift,1741607896446,32.751236855983734,-19.395881380353657
1,1,block_2,2,Provo_ID11,5,1077713,1257085,1,applied_drift,1741607896475,32.751236855983734,-19.395881380353657
1,1,block_2,2,Provo_ID11,5,1077713,1257085,1,applied_drift,1741607896513,32.751236855983734,-19.395881380353657
1,1,block_2,2,Provo_ID11,5,1077713,1257085,1,applied_drift,1741607896541,32.751236855983734,-19.395881380353657
1,1,block_2,2,Provo_ID11,5,1077713,1257085,1,applied_drift,1741607896581,32.751236855983734,-19.395881380353657
1,1,block_2,2,Provo_ID11,5,1077713,1257085,1,applied_drift,1741607896613,32.751236855983734,-19.395881380353657
1,1,block_2,2,Provo_ID11,5,1077713,1257085,1,applied_drift,1741607896641,32.751236855983734,-19.395881380353657
1,1,block_2,2,Provo_ID11,5,1077713,1257085,1,applied_drift,1741607896680,32.751236855983734,-19.395881380353657
1,1,block_2,2,Provo_ID11,5,1077713,1257085,1,applied_drift,1741607896708,32.751236855983734,-19.395881380353657
1,1,block_2,2,Provo_ID11,5,1077713,1257085,1,applied_drift,1741607896746,32.751236855983734,-19.395881380353657
1,1,block_2,2,Provo_ID11,5,1077713,1257085,1,applied_drift,1741607896773,32.751236855983734,-19.395881380353657
1,1,block_2,2,Provo_ID11,5,1077713,1257085,1,applied_drift,1741607896808,32.751236855983734,-19.395881380353657
1,1,block_2,2,Provo_ID11,5,1077713,1257085,1,applied_drift,1741607896846,32.751236855983734,-19.395881380353657
1,1,block_2,2,Provo_ID11,5,1077713,1257085,1,applied_drift,1741607896880,32.751236855983734,-19.395881380353657
1,1,block_2,2,Provo_ID11,5,1077713,1257085,1,applied_drift,1741607896913,32.751236855983734,-19.395881380353657
1,1,block_2,2,Provo_ID11,5,1077713,1257085,1,applied_drift,1741607896946,32.751236855983734,-19.395881380353657
1,1,block_2,2,Provo_ID11,5,1077713,1257085,1,applied_drift,1741607896976,32.751236855983734,-19.395881380353657
1,1,block_2,2,Provo_ID11,5,1077713,1257085,1,applied_drift,1741607897009,32.751236855983734,-19.395881380353657
1,1,block_2,2,Provo_ID11,5,1077713,1257085,1,applied_drift,1741607897047,32.751236855983734,-19.395881380353657
1,1,block_2,2,Provo_ID11,5,1077713,1257085,1,applied_drift,1741607897080,32.751236855983734,-19.395881380353657
1,1,block_2,2,Provo_ID11,5,1077713,1257085,1,applied_drift,1741607897104,32.751236855983734,-19.395881380353657
1,1,block_2,2,Provo_ID11,5,1077713,1257085,1,applied_drift,1741607897148,32.751236855983734,-19.395881380353657
1,1,block_2,2,Provo_ID11,5,1077713,1257085,1,applied_drift,1741607897176,32.751236855983734,-19.395881380353657
1,1,block_2,2,Provo_ID11,5,1077713,1257085,1,applied_drift,1741607897214,32.751236855983734,-19.395881380353657
1,1,block_2,2,Provo_ID11,5,1077713,1257085,1,error_trial,1741607853174,""
1,1,block_2,2,Provo_ID11,5,1077713,1257085,1,error_trial,1741607876515,59.97668623113308
1,1,block_2,2,Provo_ID11,5,1077713,1257085,1,error_trial_x,1741607853174,""
1,1,block_2,2,Provo_ID11,5,1077713,1257085,1,error_trial_x,1741607876515,46.8041078736182
1,1,block_2,2,Provo_ID11,5,1077713,1257085,1,error_trial_y,1741607853174,""
1,1,block_2,2,Provo_ID11,5,1077713,1257085,1,error_trial_y,1741607876515,29.18704078311012
1,1,block_2,2,Provo_ID11,5,1077713,1257085,1,error_calibration,1741607853174,""
1,1,block_2,2,Provo_ID11,5,1077713,1257085,1,error_calibration,1741607876515,40.378413816698554
1,1,block_2,2,Provo_ID11,5,1077713,1257085,1,error_calibration_x,1741607853174,""
1,1,block_2,2,Provo_ID11,5,1077713,1257085,1,error_calibration_x,1741607876515,32.07429431733631
1,1,block_2,2,Provo_ID11,5,1077713,1257085,1,error_calibration_y,1741607853174,""
1,1,block_2,2,Provo_ID11,5,1077713,1257085,1,error_calibration_y,1741607876515,19.98503185453869
1,1,block_2,2,Provo_ID11,5,1077713,1257085,1,gaze_conf,"",
