Trial_Nr,Trial_Id,Block_Name,Block_Nr,Task_Name,Task_Nr,Exp_Subject_Id,Rec_Session_Id,Session_Nr,variable_name,timestamp,value
1,1,block_1,1,instructions,1,1081799,1261614,1,gaze_data,1741870613900,
1,1,block_1,1,instructions,1,1081799,1261614,1,gaze_data,1741871724669,
1,1,block_1,1,instructions,1,1081799,1261614,1,applied_drift,1741870613900,
1,1,block_1,1,instructions,1,1081799,1261614,1,applied_drift,1741871724669,
1,1,block_2,2,Provo_ID2,1,1081799,1261614,1,gaze_data,1741871860840,
1,1,block_2,2,Provo_ID2,1,1081799,1261614,1,gaze_data,1741871888362,732.6190948486328,387.8643721342087,1741871888256.1,0.6262278685215145
1,1,block_2,2,Provo_ID2,1,1081799,1261614,1,gaze_data,1741871888410,740.9619331359863,376.8561989068985,1741871888290.1,1
1,1,block_2,2,Provo_ID2,1,1081799,1261614,1,gaze_data,1741871888443,745.6466674804688,380.84759414196014,1741871888355.8,1
1,1,block_2,2,Provo_ID2,1,1081799,1261614,1,gaze_data,1741871888501,750.1111507415771,388.63079845905304,1741871888390,0.7956558217762373
1,1,block_2,2,Provo_ID2,1,1081799,1261614,1,gaze_data,1741871888606,752.6881217956543,382.6578766107559,1741871888480.9001,0.7430908459478291
1,1,block_2,2,Provo_ID2,1,1081799,1261614,1,gaze_data,1741871888650,308.18647146224976,156.45498633384705,1741871888525.2002,0.7430908459478291
1,1,block_2,2,Provo_ID2,1,1081799,1261614,1,gaze_data,1741871888696,197.54395484924316,126.4493003487587,1741871888589.8,0.8638032389726904
1,1,block_2,2,Provo_ID2,1,1081799,1261614,1,gaze_data,1741871888737,206.54371976852417,115.29920846223831,1741871888622.4001,0.8638032389726904
1,1,block_2,2,Provo_ID2,1,1081799,1261614,1,gaze_data,1741871888786,174.03173446655273,155.9118092060089,1741871888656.7002,1
1,1,block_2,2,Provo_ID2,1,1081799,1261614,1,gaze_data,1741871888828,126.43866539001465,129.05110269784927,1741871888689.4001,1
1,1,block_2,2,Provo_ID2,1,1081799,1261614,1,gaze_data,1741871888912,118.4657096862793,124.7756615281105,1741871888755.9001,1
1,1,block_2,2,Provo_ID2,1,1081799,1261614,1,gaze_data,1741871888977,119.05126571655273,124.66781437397003,1741871888862.3,1
1,1,block_2,2,Provo_ID2,1,1081799,1261614,1,gaze_data,1741871889039,81.98370933532715,115.12277126312256,1741871888889.6,1
1,1,block_2,2,Provo_ID2,1,1081799,1261614,1,gaze_data,1741871889077,74.25947189331055,123.87147396802902,1741871888956.9001,1
1,1,block_2,2,Provo_ID2,1,1081799,1261614,1,gaze_data,1741871889121,73.72994422912598,120.35024017095566,1741871888990.1,1
1,1,block_2,2,Provo_ID2,1,1081799,1261614,1,gaze_data,1741871889159,74.70598220825195,118.53574812412262,1741871889056.3,1
1,1,block_2,2,Provo_ID2,1,1081799,1261614,1,gaze_data,1741871889203,70.00613212585449,107.48288631439209,1741871889089.3,1
1,1,block_2,2,Provo_ID2,1,1081799,1261614,1,gaze_data,1741871889244,72.70994186401367,104.32892143726349,1741871889124.1,1
1,1,block_2,2,Provo_ID2,1,1081799,1261614,1,gaze_data,1741871889264,103.43732833862305,99.68507885932922,1741871889155.8,1
1,1,block_2,2,Provo_ID2,1,1081799,1261614,1,gaze_data,1741871889305,113.12189102172852,107.2225034236908,1741871889189.5,1
1,1,block_2,2,Provo_ID2,1,1081799,1261614,1,gaze_data,1741871889335,117.315673828125,104.66105341911316,1741871889223,1
1,1,block_2,2,Provo_ID2,1,1081799,1261614,1,gaze_data,1741871889403,128.58304977416992,111.50922477245331,1741871889256.1,1
1,1,block_2,2,Provo_ID2,1,1081799,1261614,1,gaze_data,1741871889466,128.58304977416992,111.50922477245331,1741871889289.1,1
1,1,block_2,2,Provo_ID2,1,1081799,1261614,1,gaze_data,1741871889528,253.50137948989868,112.66010105609894,1741871889392,1
1,1,block_2,2,Provo_ID2,1,1081799,1261614,1,gaze_data,1741871889564,277.0291805267334,116.41334593296051,1741871889456.6,1
1,1,block_2,2,Provo_ID2,1,1081799,1261614,1,gaze_data,1741871889609,244.19394731521606,101.51620805263519,1741871889489,1
1,1,block_2,2,Provo_ID2,1,1081799,1261614,1,gaze_data,1741871889647,240.44828414916992,107.52489268779755,1741871889555.4001,1
1,1,block_2,2,Provo_ID2,1,1081799,1261614,1,gaze_data,1741871889698,243.3351993560791,100.73623657226562,1741871889589.1,1
1,1,block_2,2,Provo_ID2,1,1081799,1261614,1,gaze_data,1741871889729,285.40186882019043,91.5241003036499,1741871889622.4001,1
1,1,block_2,2,Provo_ID2,1,1081799,1261614,1,gaze_data,1741871889781,387.88902536034584,98.93273413181305,1741871889656.5,1
1,1,block_2,2,Provo_ID2,1,1081799,1261614,1,gaze_data,1741871889832,426.28676295280457,95.856374502182,1741871889691.5,1
1,1,block_2,2,Provo_ID2,1,1081799,1261614,1,gaze_data,1741871889859,426.28676295280457,95.856374502182,1741871889723.2002,1
1,1,block_2,2,Provo_ID2,1,1081799,1261614,1,gaze_data,1741871889943,436.11678779125214,99.51168894767761,1741871889828.1,1
1,1,block_2,2,Provo_ID2,1,1081799,1261614,1,gaze_data,1741871889974,438.11761140823364,88.9763742685318,1741871889857,1
1,1,block_2,2,Provo_ID2,1,1081799,1261614,1,gaze_data,1741871890024,446.67999148368835,107.03106820583344,1741871889889.1,1
1,1,block_2,2,Provo_ID2,1,1081799,1261614,1,gaze_data,1741871890055,442.9644376039505,99.56394731998444,1741871889955.4001,1
1,1,block_2,2,Provo_ID2,1,1081799,1261614,1,gaze_data,1741871890108,467.6037073135376,100.97176432609558,1741871889989.2002,1
1,1,block_2,2,Provo_ID2,1,1081799,1261614,1,gaze_data,1741871890142,651.8861293792725,111.02600991725922,1741871890022.1,1
1,1,block_2,2,Provo_ID2,1,1081799,1261614,1,gaze_data,1741871890191,702.3398399353027,105.52557408809662,1741871890088.6,1
1,1,block_2,2,Provo_ID2,1,1081799,1261614,1,gaze_data,1741871890225,718.0503845214844,113.32420110702515,1741871890122.3,1
1,1,block_2,2,Provo_ID2,1,1081799,1261614,1,gaze_data,1741871890287,698.6955642700195,108.66460800170898,1741871890155.6,1
1,1,block_2,2,Provo_ID2,1,1081799,1261614,1,gaze_data,1741871890346,708.3106517791748,114.90162312984467,1741871890205.6,1
1,1,block_2,2,Provo_ID2,1,1081799,1261614,1,gaze_data,1741871890375,160.4875087738037,137.9306972026825,1741871890257.9001,1
1,1,block_2,2,Provo_ID2,1,1081799,1261614,1,gaze_data,1741871890424,112.95132637023926,150.16206949949265,1741871890289.7002,1
1,1,block_2,2,Provo_ID2,1,1081799,1261614,1,gaze_data,1741871890460,106.33444786071777,149.36731606721878,1741871890355.7002,1
1,1,block_2,2,Provo_ID2,1,1081799,1261614,1,gaze_data,1741871890500,188.22779655456543,143.31043362617493,1741871890388.9001,1
1,1,block_2,2,Provo_ID2,1,1081799,1261614,1,gaze_data,1741871890533,193.5014247894287,144.15187239646912,1741871890422.4001,1
1,1,block_2,2,Provo_ID2,1,1081799,1261614,1,gaze_data,1741871890559,198.24728965759277,144.70212012529373,1741871890456,1
1,1,block_2,2,Provo_ID2,1,1081799,1261614,1,gaze_data,1741871890621,194.3591594696045,146.16185277700424,1741871890488.9001,1
1,1,block_2,2,Provo_ID2,1,1081799,1261614,1,gaze_data,1741871890656,175.57916641235352,153.12300473451614,1741871890555.9001,1
1,1,block_2,2,Provo_ID2,1,1081799,1261614,1,gaze_data,1741871890706,178.06396484375,163.26616555452347,1741871890589.3,1
1,1,block_2,2,Provo_ID2,1,1081799,1261614,1,gaze_data,1741871890746,172.18189239501953,173.59620928764343,1741871890622.4001,1
1,1,block_2,2,Provo_ID2,1,1081799,1261614,1,gaze_data,1741871890790,173.18344116210938,179.40585538744926,1741871890655.7002,1
1,1,block_2,2,Provo_ID2,1,1081799,1261614,1,gaze_data,1741871890831,326.42602920532227,191.19104966521263,1741871890722.5,1
1,1,block_2,2,Provo_ID2,1,1081799,1261614,1,gaze_data,1741871890852,389.67499509453773,194.24490109086037,1741871890755.8,1
1,1,block_2,2,Provo_ID2,1,1081799,1261614,1,gaze_data,1741871890895,417.58079528808594,185.7536680996418,1741871890789.2002,1
1,1,block_2,2,Provo_ID2,1,1081799,1261614,1,gaze_data,1741871890929,422.2304731607437,184.67203006148338,1741871890821.9001,1
1,1,block_2,2,Provo_ID2,1,1081799,1261614,1,gaze_data,1741871890987,428.69054079055786,177.6911862194538,1741871890855.9001,1
1,1,block_2,2,Provo_ID2,1,1081799,1261614,1,gaze_data,1741871891055,434.0407967567444,180.92094957828522,1741871890888.8,1
1,1,block_2,2,Provo_ID2,1,1081799,1261614,1,gaze_data,1741871891088,523.6407518386841,179.3825313448906,1741871890994.9001,1
1,1,block_2,2,Provo_ID2,1,1081799,1261614,1,gaze_data,1741871891154,521.9329118728638,188.68421986699104,1741871891023.5,1
1,1,block_2,2,Provo_ID2,1,1081799,1261614,1,gaze_data,1741871891184,528.7528038024902,186.8450179696083,1741871891088.7002,1
1,1,block_2,2,Provo_ID2,1,1081799,1261614,1,gaze_data,1741871891239,545.2140212059021,207.68868774175644,1741871891122.3,1
1,1,block_2,2,Provo_ID2,1,1081799,1261614,1,gaze_data,1741871891279,527.5135397911072,206.487188488245,1741871891155.3,1
1,1,block_2,2,Provo_ID2,1,1081799,1261614,1,gaze_data,1741871891340,493.9062833786011,197.8149101138115,1741871891189.3,1
1,1,block_2,2,Provo_ID2,1,1081799,1261614,1,gaze_data,1741871891379,493.9062833786011,197.8149101138115,1741871891221.9001,1
1,1,block_2,2,Provo_ID2,1,1081799,1261614,1,gaze_data,1741871891446,470.7543969154358,200.21552070975304,1741871891356.4001,1
1,1,block_2,2,Provo_ID2,1,1081799,1261614,1,gaze_data,1741871891537,457.42226243019104,195.03701329231262,1741871891389.4001,1
1,1,block_2,2,Provo_ID2,1,1081799,1261614,1,gaze_data,1741871891582,249.48384761810303,255.87877295911312,1741871891456.2002,1
1,1,block_2,2,Provo_ID2,1,1081799,1261614,1,gaze_data,1741871891637,182.45830535888672,291.8761879205704,1741871891488.7002,1
1,1,block_2,2,Provo_ID2,1,1081799,1261614,1,gaze_data,1741871891670,116.45565032958984,351.19297206401825,1741871891555.7002,1
1,1,block_2,2,Provo_ID2,1,1081799,1261614,1,gaze_data,1741871891718,189.3500804901123,257.56136924028397,1741871891588.1,0.9799274492291832
1,1,block_2,2,Provo_ID2,1,1081799,1261614,1,gaze_data,1741871891751,173.0250358581543,263.2879115641117,1741871891621.8,0.9799274492291832
1,1,block_2,2,Provo_ID2,1,1081799,1261614,1,gaze_data,1741871891800,175.962495803833,289.80613350868225,1741871891655.7002,1
1,1,block_2,2,Provo_ID2,1,1081799,1261614,1,gaze_data,1741871891836,157.41853713989258,270.20829021930695,1741871891721.8,1
1,1,block_2,2,Provo_ID2,1,1081799,1261614,1,gaze_data,1741871891893,193.5560703277588,286.0288828611374,1741871891754.8,1
1,1,block_2,2,Provo_ID2,1,1081799,1261614,1,gaze_data,1741871891977,173.80614280700684,277.97620594501495,1741871891840.7002,1
1,1,block_2,2,Provo_ID2,1,1081799,1261614,1,gaze_data,1741871892001,326.5894651412964,268.93573105335236,1741871891889.1,1
1,1,block_2,2,Provo_ID2,1,1081799,1261614,1,gaze_data,1741871892043,493.2585656642914,322.34030812978745,1741871891922.3,1
1,1,block_2,2,Provo_ID2,1,1081799,1261614,1,gaze_data,1741871892076,518.9764142036438,326.2341007590294,1741871891955.6,1
1,1,block_2,2,Provo_ID2,1,1081799,1261614,1,gaze_data,1741871892123,491.4264738559723,298.4188035130501,1741871892021.1,0.9677712774779171
1,1,block_2,2,Provo_ID2,1,1081799,1261614,1,gaze_data,1741871892156,502.8473496437073,299.55505430698395,1741871892054.9001,0.9677712774779171
1,1,block_2,2,Provo_ID2,1,1081799,1261614,1,gaze_data,1741871892211,508.27308893203735,286.48238852620125,1741871892087.8,0.9988037084584409
1,1,block_2,2,Provo_ID2,1,1081799,1261614,1,gaze_data,1741871892290,503.3685326576233,276.52370780706406,1741871892191.6,0.9988037084584409
1,1,block_2,2,Provo_ID2,1,1081799,1261614,1,gaze_data,1741871892346,519.2969083786011,276.90548300743103,1741871892224,1
1,1,block_2,2,Provo_ID2,1,1081799,1261614,1,gaze_data,1741871892388,512.7951383590698,287.5082850456238,1741871892255.9001,1
1,1,block_2,2,Provo_ID2,1,1081799,1261614,1,gaze_data,1741871892434,537.9839181900024,319.4281220436096,1741871892321.9001,0.917128117972406
1,1,block_2,2,Provo_ID2,1,1081799,1261614,1,gaze_data,1741871892465,586.866283416748,326.81812196969986,1741871892354.3,0.917128117972406
1,1,block_2,2,Provo_ID2,1,1081799,1261614,1,gaze_data,1741871892518,573.4159350395203,314.81483429670334,1741871892388.2002,0.9185195140398505
1,1,block_2,2,Provo_ID2,1,1081799,1261614,1,gaze_data,1741871892547,589.7415280342102,315.8186212182045,1741871892454.7002,0.9185195140398505
1,1,block_2,2,Provo_ID2,1,1081799,1261614,1,gaze_data,1741871892605,587.125825881958,315.9486711025238,1741871892488.1,0.8841490339166613
1,1,block_2,2,Provo_ID2,1,1081799,1261614,1,gaze_data,1741871892647,360.18830239772797,337.16188967227936,1741871892521.7002,0.8841490339166613
1,1,block_2,2,Provo_ID2,1,1081799,1261614,1,gaze_data,1741871892705,342.56444573402405,350.3615915775299,1741871892555.2002,0.9649121302286914
1,1,block_2,2,Provo_ID2,1,1081799,1261614,1,gaze_data,1741871892734,343.660706281662,349.2363080382347,1741871892621,0.9649121302286914
1,1,block_2,2,Provo_ID2,1,1081799,1261614,1,gaze_data,1741871892779,368.19794178009033,372.3984569311142,1741871892655.1,0.9398606285391959
1,1,block_2,2,Provo_ID2,1,1081799,1261614,1,gaze_data,1741871892811,291.29778146743774,364.1492784023285,1741871892687.9001,0.9398606285391959
1,1,block_2,2,Provo_ID2,1,1081799,1261614,1,gaze_data,1741871892855,232.35511779785156,372.19492197036743,1741871892721.5,0.8042963709125759
1,1,block_2,2,Provo_ID2,1,1081799,1261614,1,gaze_data,1741871892896,233.59962701797485,377.17965841293335,1741871892788,0.8042963709125759
1,1,block_2,2,Provo_ID2,1,1081799,1261614,1,gaze_data,1741871892917,240.2252435684204,364.2241567373276,1741871892821.1,0.8042963709125759
1,1,block_2,2,Provo_ID2,1,1081799,1261614,1,gaze_data,1741871892968,259.1487765312195,372.45672047138214,1741871892855.1,0.3935932725339634
1,1,block_2,2,Provo_ID2,1,1081799,1261614,1,gaze_data,1741871893002,227.48515605926514,371.07560634613037,1741871892887.7002,0.3935932725339634
1,1,block_2,2,Provo_ID2,1,1081799,1261614,1,gaze_data,1741871893053,168.003511428833,377.4018347263336,1741871892922,0.5062574345128038
1,1,block_2,2,Provo_ID2,1,1081799,1261614,1,gaze_data,1741871893097,128.3951759338379,387.55560517311096,1741871892988.3,0.5062574345128038
1,1,block_2,2,Provo_ID2,1,1081799,1261614,1,gaze_data,1741871893147,113.26942443847656,388.34210336208344,1741871893021.4001,0.5664095874138737
1,1,block_2,2,Provo_ID2,1,1081799,1261614,1,gaze_data,1741871893192,101.73864364624023,389.1125977039337,1741871893057.5,0.5664095874138737
1,1,block_2,2,Provo_ID2,1,1081799,1261614,1,gaze_data,1741871893257,114.29324150085449,390.6315475702286,1741871893121.6,0.4040023100451999
1,1,block_2,2,Provo_ID2,1,1081799,1261614,1,gaze_data,1741871893322,301.7703175544739,390.3653681278229,1741871893231.6,0.4040023100451999
1,1,block_2,2,Provo_ID2,1,1081799,1261614,1,gaze_data,1741871893383,298.292076587677,387.52124309539795,1741871893257.5,0.4201402750092261
1,1,block_2,2,Provo_ID2,1,1081799,1261614,1,gaze_data,1741871893421,300.5022346973419,376.5941917896271,1741871893288.6,0.4201402750092261
1,1,block_2,2,Provo_ID2,1,1081799,1261614,1,gaze_data,1741871893463,300.40408968925476,385.6961339712143,1741871893354.4001,0.49968084462746915
1,1,block_2,2,Provo_ID2,1,1081799,1261614,1,gaze_data,1741871893494,459.4067573547363,365.8437490463257,1741871893387.5,0.49968084462746915
1,1,block_2,2,Provo_ID2,1,1081799,1261614,1,gaze_data,1741871893544,484.35201048851013,362.400284409523,1741871893420.8,0.5207924310105846
1,1,block_2,2,Provo_ID2,1,1081799,1261614,1,gaze_data,1741871893584,508.39104652404785,374.85691010951996,1741871893456.4001,0.5207924310105846
1,1,block_2,2,Provo_ID2,1,1081799,1261614,1,gaze_data,1741871893645,498.02682995796204,370.653560757637,1741871893521.2002,0.5723649602025332
1,1,block_2,2,Provo_ID2,1,1081799,1261614,1,gaze_data,1741871893723,555.2298784255981,382.6939672231674,1741871893618.1,0.5723649602025332
1,1,block_2,2,Provo_ID2,1,1081799,1261614,1,gaze_data,1741871893779,570.5392122268677,395.14463245868683,1741871893655.5,0.5374955304676712
1,1,block_2,2,Provo_ID2,1,1081799,1261614,1,gaze_data,1741871893814,578.2245516777039,397.2404956817627,1741871893688.7002,0.5374955304676712
1,1,block_2,2,Provo_ID2,1,1081799,1261614,1,gaze_data,1741871893857,588.540244102478,392.76274144649506,1741871893720.7002,0.7780360787659468
1,1,block_2,2,Provo_ID2,1,1081799,1261614,1,gaze_data,1741871893896,591.2327766418457,386.2144857645035,1741871893787.7002,0.7780360787659468
1,1,block_2,2,Provo_ID2,1,1081799,1261614,1,gaze_data,1741871893945,586.6816520690918,388.9391630887985,1741871893820.3,0.7567766235818166
1,1,block_2,2,Provo_ID2,1,1081799,1261614,1,gaze_data,1741871893985,586.7577910423279,380.6924730539322,1741871893854.3,0.7567766235818166
1,1,block_2,2,Provo_ID2,1,1081799,1261614,1,gaze_data,1741871894067,595.9419846534729,385.22989153862,1741871893887.9001,0.89717868050547
1,1,block_2,2,Provo_ID2,1,1081799,1261614,1,gaze_data,1741871894113,508.68459939956665,345.7686588168144,1741871893990.5,0.89717868050547
1,1,block_2,2,Provo_ID2,1,1081799,1261614,1,gaze_data,1741871894167,446.72147929668427,296.5774744749069,1741871894021.2002,0.849203534423282
1,1,block_2,2,Provo_ID2,1,1081799,1261614,1,gaze_data,1741871894199,443.43309104442596,268.4500128030777,1741871894087.3,0.849203534423282
1,1,block_2,2,Provo_ID2,1,1081799,1261614,1,gaze_data,1741871894244,425.98819732666016,269.98544335365295,1741871894120.8,0.96204727931014
1,1,block_2,2,Provo_ID2,1,1081799,1261614,1,gaze_data,1741871894273,428.54381799697876,275.4224859178066,1741871894154.2002,0.96204727931014
1,1,block_2,2,Provo_ID2,1,1081799,1261614,1,gaze_data,1741871894326,421.5273693203926,271.08549922704697,1741871894187.5,0.9980238212105172
1,1,block_2,2,Provo_ID2,1,1081799,1261614,1,gaze_data,1741871894390,421.5273693203926,271.08549922704697,1741871894220.4001,0.9980238212105172
1,1,block_2,2,Provo_ID2,1,1081799,1261614,1,gaze_data,1741871894426,443.5737758874893,221.26986868679523,1741871894326.9001,0.9980238212105172
1,1,block_2,2,Provo_ID2,1,1081799,1261614,1,gaze_data,1741871894483,417.9968014359474,200.60344263911247,1741871894358.4001,1
1,1,block_2,2,Provo_ID2,1,1081799,1261614,1,gaze_data,1741871894518,411.5750253200531,183.4040530025959,1741871894388.6,1
1,1,block_2,2,Provo_ID2,1,1081799,1261614,1,gaze_data,1741871894564,444.31172311306,158.86481702327728,1741871894454.1,1
1,1,block_2,2,Provo_ID2,1,1081799,1261614,1,gaze_data,1741871894598,430.875626206398,140.11256247758865,1741871894487.1,1
1,1,block_2,2,Provo_ID2,1,1081799,1261614,1,gaze_data,1741871894646,428.855836391449,136.92082315683365,1741871894520.8,1
1,1,block_2,2,Provo_ID2,1,1081799,1261614,1,gaze_data,1741871894693,421.9240993261337,128.38927507400513,1741871894554.5,1
1,1,block_2,2,Provo_ID2,1,1081799,1261614,1,gaze_data,1741871894745,423.50405901670456,130.2008017897606,1741871894620.5,1
1,1,block_2,2,Provo_ID2,1,1081799,1261614,1,gaze_data,1741871894787,466.0950243473053,135.14312952756882,1741871894654.7002,1
1,1,block_2,2,Provo_ID2,1,1081799,1261614,1,gaze_data,1741871894834,650.2692222595215,145.4951524734497,1741871894720.5,1
1,1,block_2,2,Provo_ID2,1,1081799,1261614,1,gaze_data,1741871894873,688.4944915771484,151.5003725886345,1741871894755,1
1,1,block_2,2,Provo_ID2,1,1081799,1261614,1,gaze_data,1741871894894,708.3678245544434,147.03933000564575,1741871894787.6,1
1,1,block_2,2,Provo_ID2,1,1081799,1261614,1,gaze_data,1741871894936,683.0482482910156,144.25843805074692,1741871894820.3,1
1,1,block_2,2,Provo_ID2,1,1081799,1261614,1,gaze_data,1741871894968,595.5084323883057,148.8452911376953,1741871894853.8,1
1,1,block_2,2,Provo_ID2,1,1081799,1261614,1,gaze_data,1741871895023,225.61289072036743,138.8166904449463,1741871894887.3,1
1,1,block_2,2,Provo_ID2,1,1081799,1261614,1,gaze_data,1741871895060,157.06171989440918,150.7219284772873,1741871894953.6,1
1,1,block_2,2,Provo_ID2,1,1081799,1261614,1,gaze_data,1741871895108,172.57156372070312,137.35323250293732,1741871894987.3,1
1,1,block_2,2,Provo_ID2,1,1081799,1261614,1,gaze_data,1741871895153,176.53255462646484,142.1958938241005,1741871895020.7002,1
1,1,block_2,2,Provo_ID2,1,1081799,1261614,1,gaze_data,1741871895208,224.23654794692993,179.0400207042694,1741871895086.8,1
1,1,block_2,2,Provo_ID2,1,1081799,1261614,1,gaze_data,1741871895268,217.93954372406006,179.9718052148819,1741871895135.3,1
1,1,block_2,2,Provo_ID2,1,1081799,1261614,1,gaze_data,1741871895297,209.49811935424805,185.67854389548302,1741871895200.6,1
1,1,block_2,2,Provo_ID2,1,1081799,1261614,1,gaze_data,1741871895357,210.36099195480347,169.011889398098,1741871895228.3,1
1,1,block_2,2,Provo_ID2,1,1081799,1261614,1,gaze_data,1741871895390,506.5104365348816,220.6340566277504,1741871895287,1
1,1,block_2,2,Provo_ID2,1,1081799,1261614,1,gaze_data,1741871895410,543.3279633522034,229.77909669280052,1741871895320.4001,1
1,1,block_2,2,Provo_ID2,1,1081799,1261614,1,gaze_data,1741871895452,559.6699118614197,231.29404745995998,1741871895353.5,1
1,1,block_2,2,Provo_ID2,1,1081799,1261614,1,gaze_data,1741871895487,569.9289083480835,227.50170473009348,1741871895386.9001,1
1,1,block_2,2,Provo_ID2,1,1081799,1261614,1,gaze_data,1741871895539,497.40087389945984,191.01402014493942,1741871895419.8,1
1,1,block_2,2,Provo_ID2,1,1081799,1261614,1,gaze_data,1741871895572,520.9431529045105,199.80276226997375,1741871895453.6,1
1,1,block_2,2,Provo_ID2,1,1081799,1261614,1,gaze_data,1741871895601,520.9431529045105,199.80276226997375,1741871895486.7002,1
1,1,block_2,2,Provo_ID2,1,1081799,1261614,1,gaze_data,1741871895709,424.2753267288208,188.33328261971474,1741871895588,1
1,1,block_2,2,Provo_ID2,1,1081799,1261614,1,gaze_data,1741871895760,427.4790555238724,187.0641954243183,1741871895621.4001,1
1,1,block_2,2,Provo_ID2,1,1081799,1261614,1,gaze_data,1741871895798,428.34118604660034,186.50347962975502,1741871895686.6,1
1,1,block_2,2,Provo_ID2,1,1081799,1261614,1,gaze_data,1741871895843,429.62204813957214,191.92781895399094,1741871895719.9001,1
1,1,block_2,2,Provo_ID2,1,1081799,1261614,1,gaze_data,1741871895881,432.65828788280487,189.43510800600052,1741871895755.1,1
1,1,block_2,2,Provo_ID2,1,1081799,1261614,1,gaze_data,1741871895939,436.6400748491287,192.30370074510574,1741871895786.9001,1
1,1,block_2,2,Provo_ID2,1,1081799,1261614,1,gaze_data,1741871895975,557.996129989624,210.76555401086807,1741871895854.2002,1
1,1,block_2,2,Provo_ID2,1,1081799,1261614,1,gaze_data,1741871896003,569.3859934806824,216.91398359835148,1741871895886.9001,1
1,1,block_2,2,Provo_ID2,1,1081799,1261614,1,gaze_data,1741871896062,580.8138370513916,216.89146235585213,1741871895920.5,1
1,1,block_2,2,Provo_ID2,1,1081799,1261614,1,gaze_data,1741871896121,533.810544013977,91.78662896156311,1741871896020.2002,1
1,1,block_2,2,Provo_ID2,1,1081799,1261614,1,gaze_data,1741871896172,573.8315224647522,87.77715861797333,1741871896055,1
1,1,block_2,2,Provo_ID2,1,1081799,1261614,1,gaze_data,1741871896207,270.7700490951538,307.2325348854065,1741871896087.7002,1
1,1,block_2,2,Provo_ID2,1,1081799,1261614,1,gaze_data,1741871896233,90.64140319824219,384.97838973999023,1741871896119.4001,1
1,1,block_2,2,Provo_ID2,1,1081799,1261614,1,gaze_data,1741871896277,147.47633934020996,302.6422917842865,1741871896152.9001,0
1,1,block_2,2,Provo_ID2,1,1081799,1261614,1,gaze_data,1741871896311,174.43418502807617,242.47436821460724,1741871896186.9001,0
1,1,block_2,2,Provo_ID2,1,1081799,1261614,1,gaze_data,1741871896360,152.33616828918457,341.6091412305832,1741871896219.5,0
1,1,block_2,2,Provo_ID2,1,1081799,1261614,1,gaze_data,1741871896402,156.7807674407959,319.7835072875023,1741871896286.3,0
1,1,block_2,2,Provo_ID2,1,1081799,1261614,1,gaze_data,1741871896424,186.64488792419434,298.73103499412537,1741871896323.7002,0
1,1,block_2,2,Provo_ID2,1,1081799,1261614,1,gaze_data,1741871896472,166.86248779296875,282.393342256546,1741871896353.4001,0.17136576292914632
1,1,block_2,2,Provo_ID2,1,1081799,1261614,1,gaze_data,1741871896508,458.88174772262573,237.98650354146957,1741871896386.9001,0.17136576292914632
1,1,block_2,2,Provo_ID2,1,1081799,1261614,1,gaze_data,1741871896554,462.2393846511841,241.82568714022636,1741871896419.6,0.27469249930194184
1,1,block_2,2,Provo_ID2,1,1081799,1261614,1,gaze_data,1741871896592,453.6128759384155,234.0070702135563,1741871896485.9001,0.27469249930194184
1,1,block_2,2,Provo_ID2,1,1081799,1261614,1,gaze_data,1741871896639,467.3365890979767,216.90723150968552,1741871896519.7002,0.9046833123739622
1,1,block_2,2,Provo_ID2,1,1081799,1261614,1,gaze_data,1741871896685,478.97613644599915,220.14535069465637,1741871896554.2002,0.9046833123739622
1,1,block_2,2,Provo_ID2,1,1081799,1261614,1,gaze_data,1741871896707,487.5592529773712,215.66426046192646,1741871896619.6,0.9046833123739622
1,1,block_2,2,Provo_ID2,1,1081799,1261614,1,gaze_data,1741871896755,478.3038079738617,204.04710471630096,1741871896653.7002,0.9084545043143546
1,1,block_2,2,Provo_ID2,1,1081799,1261614,1,gaze_data,1741871896886,473.3628571033478,206.69530183076859,1741871896755,0.9534600959682376
1,1,block_2,2,Provo_ID2,1,1081799,1261614,1,gaze_data,1741871896929,444.19125020504,199.64649751782417,1741871896820,0.9534600959682376
1,1,block_2,2,Provo_ID2,1,1081799,1261614,1,gaze_data,1741871896973,432.8199952840805,196.17506340146065,1741871896853,1
1,1,block_2,2,Provo_ID2,1,1081799,1261614,1,gaze_data,1741871897012,412.68616914749146,197.63070568442345,1741871896886,1
1,1,block_2,2,Provo_ID2,1,1081799,1261614,1,gaze_data,1741871897064,396.6072864830494,198.4213463962078,1741871896919.9001,1
1,1,block_2,2,Provo_ID2,1,1081799,1261614,1,gaze_data,1741871897097,422.02403992414474,204.91284355521202,1741871896986.3,1
1,1,block_2,2,Provo_ID2,1,1081799,1261614,1,gaze_data,1741871897149,410.6813594698906,214.0167284756899,1741871897019.5,1
1,1,block_2,2,Provo_ID2,1,1081799,1261614,1,gaze_data,1741871897193,379.1300520300865,202.63007134199142,1741871897086,1
1,1,block_2,2,Provo_ID2,1,1081799,1261614,1,gaze_data,1741871897298,452.01127529144287,108.88563692569733,1741871897187.7002,1
1,1,block_2,2,Provo_ID2,1,1081799,1261614,1,gaze_data,1741871897323,472.6379871368408,82.90799558162689,1741871897222.3,1
1,1,block_2,2,Provo_ID2,1,1081799,1261614,1,gaze_data,1741871897376,482.0816457271576,96.13849818706512,1741871897253.8,1
1,1,block_2,2,Provo_ID2,1,1081799,1261614,1,gaze_data,1741871897410,421.79209887981415,236.15803513675928,1741871897287,1
1,1,block_2,2,Provo_ID2,1,1081799,1261614,1,gaze_data,1741871897456,455.1846385002136,300.900137424469,1741871897319.3,0
1,1,block_2,2,Provo_ID2,1,1081799,1261614,1,gaze_data,1741871897491,517.2079563140869,226.8000304698944,1741871897386.3,0
1,1,block_2,2,Provo_ID2,1,1081799,1261614,1,gaze_data,1741871897539,449.9522805213928,257.07918256521225,1741871897419.2002,0.00830355145280873
1,1,block_2,2,Provo_ID2,1,1081799,1261614,1,gaze_data,1741871897583,487.2095763683319,244.5530578494072,1741871897454,0.00830355145280873
1,1,block_2,2,Provo_ID2,1,1081799,1261614,1,gaze_data,1741871897627,475.82746148109436,245.94314247369766,1741871897519.3,0.2866147452967162
1,1,block_2,2,Provo_ID2,1,1081799,1261614,1,gaze_data,1741871897666,497.4958598613739,251.81243233382702,1741871897553.1,0.2866147452967162
1,1,block_2,2,Provo_ID2,1,1081799,1261614,1,gaze_data,1741871897688,526.809024810791,254.58282828330994,1741871897586.3,0.2866147452967162
1,1,block_2,2,Provo_ID2,1,1081799,1261614,1,gaze_data,1741871897728,528.846263885498,244.47297155857086,1741871897619,0.9517486464448792
1,1,block_2,2,Provo_ID2,1,1081799,1261614,1,gaze_data,1741871897759,540.2830243110657,255.8133065700531,1741871897652.7002,0.9517486464448792
1,1,block_2,2,Provo_ID2,1,1081799,1261614,1,gaze_data,1741871897811,540.9213304519653,259.565694630146,1741871897685.5,1
1,1,block_2,2,Provo_ID2,1,1081799,1261614,1,gaze_data,1741871897848,545.8612084388733,253.7727415561676,1741871897720.8,1
1,1,block_2,2,Provo_ID2,1,1081799,1261614,1,gaze_data,1741871897938,566.0181999206543,251.50624886155128,1741871897752.8,1
1,1,block_2,2,Provo_ID2,1,1081799,1261614,1,gaze_data,1741871897985,570.1640009880066,233.506515994668,1741871897856,1
1,1,block_2,2,Provo_ID2,1,1081799,1261614,1,gaze_data,1741871898033,564.3574833869934,224.8512715101242,1741871897919.4001,1
1,1,block_2,2,Provo_ID2,1,1081799,1261614,1,gaze_data,1741871898071,578.6498546600342,226.28886569291353,1741871897952.9001,1
1,1,block_2,2,Provo_ID2,1,1081799,1261614,1,gaze_data,1741871898091,581.3416004180908,218.36343444883823,1741871897985.8,1
1,1,block_2,2,Provo_ID2,1,1081799,1261614,1,gaze_data,1741871898129,606.1990737915039,217.79221892356873,1741871898018.5,1
1,1,block_2,2,Provo_ID2,1,1081799,1261614,1,gaze_data,1741871898162,615.0990962982178,222.67784774303436,1741871898052.3,1
1,1,block_2,2,Provo_ID2,1,1081799,1261614,1,gaze_data,1741871898216,604.6247959136963,219.94712427258492,1741871898085.4001,1
1,1,block_2,2,Provo_ID2,1,1081799,1261614,1,gaze_data,1741871898252,612.1167659759521,222.2730278968811,1741871898152.4001,1
1,1,block_2,2,Provo_ID2,1,1081799,1261614,1,gaze_data,1741871898386,618.7246799468994,232.74381728842854,1741871898255.4001,1
1,1,block_2,2,Provo_ID2,1,1081799,1261614,1,gaze_data,1741871898434,494.43143606185913,132.78379887342453,1741871898319.4001,1
1,1,block_2,2,Provo_ID2,1,1081799,1261614,1,gaze_data,1741871898471,212.15046644210815,331.68137669563293,1741871898352.5,1
1,1,block_2,2,Provo_ID2,1,1081799,1261614,1,gaze_data,1741871898523,175.42262077331543,388.5882556438446,1741871898385.5,0
1,1,block_2,2,Provo_ID2,1,1081799,1261614,1,gaze_data,1741871898556,172.25522994995117,364.7560387849808,1741871898451.9001,0
1,1,block_2,2,Provo_ID2,1,1081799,1261614,1,gaze_data,1741871898611,134.8184585571289,313.12569826841354,1741871898485.6,0
1,1,block_2,2,Provo_ID2,1,1081799,1261614,1,gaze_data,1741871898653,182.51876831054688,306.9094330072403,1741871898519.6,0
1,1,block_2,2,Provo_ID2,1,1081799,1261614,1,gaze_data,1741871898701,192.12651252746582,334.65268313884735,1741871898586.1,0.1547865367643557
1,1,block_2,2,Provo_ID2,1,1081799,1261614,1,gaze_data,1741871898745,174.47161674499512,307.3611244559288,1741871898619,0.1547865367643557
1,1,block_2,2,Provo_ID2,1,1081799,1261614,1,gaze_data,1741871898795,138.72385025024414,298.6663118004799,1741871898652.2002,0.29389986194748136
1,1,block_2,2,Provo_ID2,1,1081799,1261614,1,gaze_data,1741871898830,152.68568992614746,301.38467848300934,1741871898719.1,0.29389986194748136
1,1,block_2,2,Provo_ID2,1,1081799,1261614,1,gaze_data,1741871898881,142.74659156799316,306.5010517835617,1741871898752.1,0.45724509403242025
1,1,block_2,2,Provo_ID2,1,1081799,1261614,1,gaze_data,1741871898914,334.46712493896484,297.5482404232025,1741871898785.9001,0.45724509403242025
1,1,block_2,2,Provo_ID2,1,1081799,1261614,1,gaze_data,1741871898970,405.466852709651,298.7397074699402,1741871898852.4001,0.4854999621086799
1,1,block_2,2,Provo_ID2,1,1081799,1261614,1,gaze_data,1741871899008,439.5092487335205,302.7630805969238,1741871898885.2002,0.4854999621086799
1,1,block_2,2,Provo_ID2,1,1081799,1261614,1,gaze_data,1741871899052,451.17834210395813,298.1501132249832,1741871898919.6,0.8218697965822912
1,1,block_2,2,Provo_ID2,1,1081799,1261614,1,gaze_data,1741871899085,449.772572517395,297.2782239317894,1741871898985.2002,0.8218697965822912
1,1,block_2,2,Provo_ID2,1,1081799,1261614,1,gaze_data,1741871899138,472.22639322280884,295.6203728914261,1741871899018.6,0.9480574203211858
1,1,block_2,2,Provo_ID2,1,1081799,1261614,1,gaze_data,1741871899174,455.5623710155487,289.1992539167404,1741871899051.8,0.9480574203211858
1,1,block_2,2,Provo_ID2,1,1081799,1261614,1,gaze_data,1741871899198,455.5623710155487,289.1992539167404,1741871899085.1,0.9480574203211858
1,1,block_2,2,Provo_ID2,1,1081799,1261614,1,gaze_data,1741871899290,465.2901291847229,291.21207296848297,1741871899186.8,1
1,1,block_2,2,Provo_ID2,1,1081799,1261614,1,gaze_data,1741871899314,269.17604207992554,259.26164388656616,1741871899220.2002,1
1,1,block_2,2,Provo_ID2,1,1081799,1261614,1,gaze_data,1741871899365,227.83502340316772,247.0460258424282,1741871899253,1
1,1,block_2,2,Provo_ID2,1,1081799,1261614,1,gaze_data,1741871899399,222.1032977104187,248.65641668438911,1741871899284.9001,1
1,1,block_2,2,Provo_ID2,1,1081799,1261614,1,gaze_data,1741871899444,225.57743787765503,273.1959097087383,1741871899318.3,0.958782707663834
1,1,block_2,2,Provo_ID2,1,1081799,1261614,1,gaze_data,1741871899473,231.65438175201416,263.69884461164474,1741871899351.5,0.958782707663834
1,1,block_2,2,Provo_ID2,1,1081799,1261614,1,gaze_data,1741871899531,225.3051519393921,260.7949361205101,1741871899385.1,0.9474202160178922
1,1,block_2,2,Provo_ID2,1,1081799,1261614,1,gaze_data,1741871899597,225.3051519393921,260.7949361205101,1741871899418.1,0.9474202160178922
1,1,block_2,2,Provo_ID2,1,1081799,1261614,1,gaze_data,1741871899639,97.45640754699707,269.3170852959156,1741871899519.9001,0.9474202160178922
1,1,block_2,2,Provo_ID2,1,1081799,1261614,1,gaze_data,1741871899695,103.10707092285156,267.966365814209,1741871899552.8,0.8605025929140003
1,1,block_2,2,Provo_ID2,1,1081799,1261614,1,gaze_data,1741871899729,103.82413864135742,270.2384352684021,1741871899618.5,0.8605025929140003
1,1,block_2,2,Provo_ID2,1,1081799,1261614,1,gaze_data,1741871899777,126.11885070800781,291.8485164642334,1741871899651.8,1
1,1,block_2,2,Provo_ID2,1,1081799,1261614,1,gaze_data,1741871899817,117.30613708496094,297.7734863758087,1741871899685.9001,1
1,1,block_2,2,Provo_ID2,1,1081799,1261614,1,gaze_data,1741871899862,112.3295783996582,291.72025471925735,1741871899751.2002,0.9615783120996908
1,1,block_2,2,Provo_ID2,1,1081799,1261614,1,gaze_data,1741871899899,114.28513526916504,291.84398651123047,1741871899785.2002,0.9615783120996908
1,1,block_2,2,Provo_ID2,1,1081799,1261614,1,gaze_data,1741871899922,112.56022453308105,301.18942111730576,1741871899818.9001,0.9615783120996908
1,1,block_2,2,Provo_ID2,1,1081799,1261614,1,gaze_data,1741871899974,94.62556838989258,287.9211962223053,1741871899851.6,0.9838387130246253
1,1,block_2,2,Provo_ID2,1,1081799,1261614,1,gaze_data,1741871900014,365.89333415031433,282.26638436317444,1741871899885.6,0.9838387130246253
1,1,block_2,2,Provo_ID2,1,1081799,1261614,1,gaze_data,1741871900070,405.8365549892187,271.15629464387894,1741871899952,1
1,1,block_2,2,Provo_ID2,1,1081799,1261614,1,gaze_data,1741871900117,443.55353116989136,306.2906324863434,1741871899985.7002,1
1,1,block_2,2,Provo_ID2,1,1081799,1261614,1,gaze_data,1741871900140,449.75380301475525,298.623463511467,1741871900051.6,1
1,1,block_2,2,Provo_ID2,1,1081799,1261614,1,gaze_data,1741871900185,450.9286344051361,284.18867141008377,1741871900085.2002,0.98915344698398
1,1,block_2,2,Provo_ID2,1,1081799,1261614,1,gaze_data,1741871900218,436.8856966495514,291.44000858068466,1741871900118.9001,0.98915344698398
1,1,block_2,2,Provo_ID2,1,1081799,1261614,1,gaze_data,1741871900269,443.7466561794281,282.12881311774254,1741871900152.8,0.988951929760367
1,1,block_2,2,Provo_ID2,1,1081799,1261614,1,gaze_data,1741871900309,448.4558582305908,285.1375177502632,1741871900185.6,0.988951929760367
1,1,block_2,2,Provo_ID2,1,1081799,1261614,1,gaze_data,1741871900370,440.7415986061096,292.450076341629,1741871900217.7002,1
1,1,block_2,2,Provo_ID2,1,1081799,1261614,1,gaze_data,1741871900420,440.7415986061096,292.450076341629,1741871900251.7002,1
1,1,block_2,2,Provo_ID2,1,1081799,1261614,1,gaze_data,1741871900454,443.69935393333435,279.9109950661659,1741871900358.1,1
1,1,block_2,2,Provo_ID2,1,1081799,1261614,1,gaze_data,1741871900513,549.4983553886414,281.23719841241837,1741871900387.8,1
1,1,block_2,2,Provo_ID2,1,1081799,1261614,1,gaze_data,1741871900546,568.5188412666321,289.5900070667267,1741871900419.2002,1
1,1,block_2,2,Provo_ID2,1,1081799,1261614,1,gaze_data,1741871900590,556.7654132843018,293.4586316347122,1741871900451.4001,1
1,1,block_2,2,Provo_ID2,1,1081799,1261614,1,gaze_data,1741871900628,561.8259191513062,292.17805564403534,1741871900517.6,1
1,1,block_2,2,Provo_ID2,1,1081799,1261614,1,gaze_data,1741871900683,556.8244576454163,289.6878406405449,1741871900550.7002,1
1,1,block_2,2,Provo_ID2,1,1081799,1261614,1,gaze_data,1741871900729,592.8519010543823,313.44809979200363,1741871900617.9001,1
1,1,block_2,2,Provo_ID2,1,1081799,1261614,1,gaze_data,1741871900796,591.2728190422058,313.48751336336136,1741871900651.9001,1
1,1,block_2,2,Provo_ID2,1,1081799,1261614,1,gaze_data,1741871900851,591.4746522903442,315.24668484926224,1741871900755.9001,1
1,1,block_2,2,Provo_ID2,1,1081799,1261614,1,gaze_data,1741871900906,546.6005563735962,156.3611090183258,1741871900785.3,0.9948310766811801
1,1,block_2,2,Provo_ID2,1,1081799,1261614,1,gaze_data,1741871900942,429.0413409471512,223.8458026200533,1741871900818,0.9948310766811801
1,1,block_2,2,Provo_ID2,1,1081799,1261614,1,gaze_data,1741871900985,201.82842016220093,375.64622461795807,1741871900851.2002,1
1,1,block_2,2,Provo_ID2,1,1081799,1261614,1,gaze_data,1741871901013,93.92805099487305,430.5244445800781,1741871900917.4001,1
1,1,block_2,2,Provo_ID2,1,1081799,1261614,1,gaze_data,1741871901058,183.66742134094238,411.65239214897156,1741871900950.9001,0
1,1,block_2,2,Provo_ID2,1,1081799,1261614,1,gaze_data,1741871901104,178.76691818237305,412.4455511569977,1741871900985.1,0
1,1,block_2,2,Provo_ID2,1,1081799,1261614,1,gaze_data,1741871901125,121.08750343322754,379.65568006038666,1741871901018.3,0
1,1,block_2,2,Provo_ID2,1,1081799,1261614,1,gaze_data,1741871901172,138.0657196044922,382.5048416852951,1741871901051.4001,0
1,1,block_2,2,Provo_ID2,1,1081799,1261614,1,gaze_data,1741871901207,127.43029594421387,390.6481623649597,1741871901085.1,0
1,1,block_2,2,Provo_ID2,1,1081799,1261614,1,gaze_data,1741871901232,127.43029594421387,390.6481623649597,1741871901117.8,0
1,1,block_2,2,Provo_ID2,1,1081799,1261614,1,gaze_data,1741871901330,103.38010787963867,405.09524047374725,1741871901206.9001,0.16747099963134773
1,1,block_2,2,Provo_ID2,1,1081799,1261614,1,gaze_data,1741871901357,179.37536239624023,387.0602756738663,1741871901251.5,0.16747099963134773
1,1,block_2,2,Provo_ID2,1,1081799,1261614,1,gaze_data,1741871901401,242.04416275024414,384.27842259407043,1741871901284.6,0.21097665671059432
1,1,block_2,2,Provo_ID2,1,1081799,1261614,1,gaze_data,1741871901431,271.99323177337646,385.41557490825653,1741871901317.6,0.21097665671059432
1,1,block_2,2,Provo_ID2,1,1081799,1261614,1,gaze_data,1741871901480,257.3077321052551,394.60442066192627,1741871901350.5,0.4234793176994251
1,1,block_2,2,Provo_ID2,1,1081799,1261614,1,gaze_data,1741871901517,283.49618911743164,379.5999050140381,1741871901417.2002,0.4234793176994251
1,1,block_2,2,Provo_ID2,1,1081799,1261614,1,gaze_data,1741871901569,393.8062623143196,364.94936645030975,1741871901451,0.3913763687116439
1,1,block_2,2,Provo_ID2,1,1081799,1261614,1,gaze_data,1741871901615,415.3662845492363,365.1176452636719,1741871901484.3,0.3913763687116439
1,1,block_2,2,Provo_ID2,1,1081799,1261614,1,gaze_data,1741871901721,410.8972407877445,392.24658012390137,1741871901553.1,0.4858931146675123
1,1,block_2,2,Provo_ID2,1,1081799,1261614,1,gaze_data,1741871901774,413.50909024477005,394.7196960449219,1741871901652,0.4858931146675123
1,1,block_2,2,Provo_ID2,1,1081799,1261614,1,gaze_data,1741871901824,547.9330062866211,408.9137226343155,1741871901684.2002,0.6390950335523894
1,1,block_2,2,Provo_ID2,1,1081799,1261614,1,gaze_data,1741871901856,558.7443590164185,400.17879605293274,1741871901750.7002,0.6390950335523894
1,1,block_2,2,Provo_ID2,1,1081799,1261614,1,gaze_data,1741871901899,547.5166082382202,401.3880103826523,1741871901784,0.5091057770419887
1,1,block_2,2,Provo_ID2,1,1081799,1261614,1,gaze_data,1741871901936,569.9328422546387,400.5560487508774,1741871901818.4001,0.5091057770419887
1,1,block_2,2,Provo_ID2,1,1081799,1261614,1,gaze_data,1741871901957,571.2441444396973,400.5305528640747,1741871901851,0.5091057770419887
1,1,block_2,2,Provo_ID2,1,1081799,1261614,1,gaze_data,1741871902005,575.2606272697449,394.1344380378723,1741871901883.8,0.7284402029527812
1,1,block_2,2,Provo_ID2,1,1081799,1261614,1,gaze_data,1741871902034,580.0316691398621,405.3776025772095,1741871901917.5,0.7284402029527812
1,1,block_2,2,Provo_ID2,1,1081799,1261614,1,gaze_data,1741871902085,543.8995718955994,363.9344036579132,1741871901950.5,0.7959604391790661
1,1,block_2,2,Provo_ID2,1,1081799,1261614,1,gaze_data,1741871902129,540.2942657470703,263.29003497958183,1741871902016.9001,0.7959604391790661
1,1,block_2,2,Provo_ID2,1,1081799,1261614,1,gaze_data,1741871902179,524.7431874275208,245.39113081991673,1741871902050.8,0.7781443723995433
1,1,block_2,2,Provo_ID2,1,1081799,1261614,1,gaze_data,1741871902214,534.4414472579956,228.15606407821178,1741871902117.7002,0.7781443723995433
1,1,block_2,2,Provo_ID2,1,1081799,1261614,1,gaze_data,1741871902235,530.9998869895935,228.6259200423956,1741871902150.5,0.7781443723995433
1,1,block_2,2,Provo_ID2,1,1081799,1261614,1,gaze_data,1741871902281,510.57491302490234,203.73596101999283,1741871902184.3,1
1,1,block_2,2,Provo_ID2,1,1081799,1261614,1,gaze_data,1741871902315,459.4836235046387,205.54927214980125,1741871902217.5,1
1,1,block_2,2,Provo_ID2,1,1081799,1261614,1,gaze_data,1741871902369,413.19684386253357,201.40539333224297,1741871902250.9001,1
1,1,block_2,2,Provo_ID2,1,1081799,1261614,1,gaze_data,1741871902475,405.9386797249317,191.0429023206234,1741871902354.2002,1
1,1,block_2,2,Provo_ID2,1,1081799,1261614,1,gaze_data,1741871902510,266.24449491500854,170.06072252988815,1741871902385.8,1
1,1,block_2,2,Provo_ID2,1,1081799,1261614,1,gaze_data,1741871902539,229.23552989959717,174.08014684915543,1741871902417.3,1
1,1,block_2,2,Provo_ID2,1,1081799,1261614,1,gaze_data,1741871902588,227.44663953781128,167.19663739204407,1741871902450.6,1
1,1,block_2,2,Provo_ID2,1,1081799,1261614,1,gaze_data,1741871902624,208.71299505233765,159.16465818881989,1741871902517.1,1
1,1,block_2,2,Provo_ID2,1,1081799,1261614,1,gaze_data,1741871902707,216.25069379806519,188.8637863099575,1741871902550.5,1
1,1,block_2,2,Provo_ID2,1,1081799,1261614,1,gaze_data,1741871902761,150.42357444763184,186.34161576628685,1741871902584.5,1
1,1,block_2,2,Provo_ID2,1,1081799,1261614,1,gaze_data,1741871902815,133.28323364257812,190.8982716500759,1741871902683.9001,1
1,1,block_2,2,Provo_ID2,1,1081799,1261614,1,gaze_data,1741871902853,132.64498710632324,159.7357600927353,1741871902750.1,1
1,1,block_2,2,Provo_ID2,1,1081799,1261614,1,gaze_data,1741871902903,148.50926399230957,159.7219467163086,1741871902783.9001,1
1,1,block_2,2,Provo_ID2,1,1081799,1261614,1,gaze_data,1741871902931,171.22349739074707,166.83427095413208,1741871902816.8,1
1,1,block_2,2,Provo_ID2,1,1081799,1261614,1,gaze_data,1741871902984,177.24695205688477,175.87416470050812,1741871902850.5,1
1,1,block_2,2,Provo_ID2,1,1081799,1261614,1,gaze_data,1741871903052,353.2123029232025,201.48359462618828,1741871902883.9001,1
1,1,block_2,2,Provo_ID2,1,1081799,1261614,1,gaze_data,1741871903085,474.97583627700806,220.24698965251446,1741871902985.5,1
1,1,block_2,2,Provo_ID2,1,1081799,1261614,1,gaze_data,1741871903140,456.5667152404785,205.93337565660477,1741871903017.7002,1
1,1,block_2,2,Provo_ID2,1,1081799,1261614,1,gaze_data,1741871903170,475.13763308525085,214.59938995540142,1741871903050.8,1
1,1,block_2,2,Provo_ID2,1,1081799,1261614,1,gaze_data,1741871903220,486.58931255340576,204.05472293496132,1741871903083.3,1
1,1,block_2,2,Provo_ID2,1,1081799,1261614,1,gaze_data,1741871903248,467.5768971443176,192.53184124827385,1741871903149.7002,1
1,1,block_2,2,Provo_ID2,1,1081799,1261614,1,gaze_data,1741871903296,527.6332378387451,182.17111602425575,1741871903183.3,1
1,1,block_2,2,Provo_ID2,1,1081799,1261614,1,gaze_data,1741871903371,509.41364765167236,171.76151126623154,1741871903216.7002,1
1,1,block_2,2,Provo_ID2,1,1081799,1261614,1,gaze_data,1741871903446,493.64402890205383,167.8260251879692,1741871903251.1,1
1,1,block_2,2,Provo_ID2,1,1081799,1261614,1,gaze_data,1741871903488,400.29052435420454,136.8683636188507,1741871903383.9001,1
1,1,block_2,2,Provo_ID2,1,1081799,1261614,1,gaze_data,1741871903512,389.0543095767498,114.86793160438538,1741871903416.8,1
1,1,block_2,2,Provo_ID2,1,1081799,1261614,1,gaze_data,1741871903575,368.56435239315033,121.95106446743011,1741871903450.2002,1
1,1,block_2,2,Provo_ID2,1,1081799,1261614,1,gaze_data,1741871903649,353.29844057559967,131.7050665616989,1741871903540.6,1
1,1,block_2,2,Provo_ID2,1,1081799,1261614,1,gaze_data,1741871903715,293.4137463569641,108.28312337398529,1741871903584.3,1
1,1,block_2,2,Provo_ID2,1,1081799,1261614,1,gaze_data,1741871903748,199.07512664794922,92.40484833717346,1741871903650.1,1
1,1,block_2,2,Provo_ID2,1,1081799,1261614,1,gaze_data,1741871903792,205.71376085281372,101.01529061794281,1741871903683.2002,1
1,1,block_2,2,Provo_ID2,1,1081799,1261614,1,gaze_data,1741871903825,198.65989685058594,99.73568320274353,1741871903716.5,1
1,1,block_2,2,Provo_ID2,1,1081799,1261614,1,gaze_data,1741871903879,166.3898468017578,116.13728702068329,1741871903749.6,1
1,1,block_2,2,Provo_ID2,1,1081799,1261614,1,gaze_data,1741871903937,108.60457420349121,119.54444497823715,1741871903816.8,1
1,1,block_2,2,Provo_ID2,1,1081799,1261614,1,gaze_data,1741871904040,120.18499374389648,122.54780381917953,1741871903889.1,1
1,1,block_2,2,Provo_ID2,1,1081799,1261614,1,gaze_data,1741871904089,121.88477516174316,116.24253392219543,1741871903951.1,1
1,1,block_2,2,Provo_ID2,1,1081799,1261614,1,gaze_data,1741871904154,127.15587615966797,115.36490023136139,1741871904016.8,1
1,1,block_2,2,Provo_ID2,1,1081799,1261614,1,gaze_data,1741871904193,178.93929481506348,104.97213006019592,1741871904084,1
1,1,block_2,2,Provo_ID2,1,1081799,1261614,1,gaze_data,1741871904277,185.32676696777344,106.85666501522064,1741871904116.8,1
1,1,block_2,2,Provo_ID2,1,1081799,1261614,1,gaze_data,1741871904320,194.57144737243652,108.52422416210175,1741871904185.3,1
1,1,block_2,2,Provo_ID2,1,1081799,1261614,1,gaze_data,1741871904345,207.3184370994568,104.07373905181885,1741871904249.8,1
1,1,block_2,2,Provo_ID2,1,1081799,1261614,1,gaze_data,1741871904397,234.8868489265442,116.85164123773575,1741871904282.8,1
1,1,block_2,2,Provo_ID2,1,1081799,1261614,1,gaze_data,1741871904432,251.24765634536743,115.56340605020523,1741871904317.2002,1
1,1,block_2,2,Provo_ID2,1,1081799,1261614,1,gaze_data,1741871904482,265.9033417701721,101.00448727607727,1741871904350.2002,1
1,1,block_2,2,Provo_ID2,1,1081799,1261614,1,gaze_data,1741871904526,260.72670221328735,101.8068253993988,1741871904416.4001,1
1,1,block_2,2,Provo_ID2,1,1081799,1261614,1,gaze_data,1741871904601,255.77361583709717,221.90751731395721,1741871904450,1
1,1,block_2,2,Provo_ID2,1,1081799,1261614,1,gaze_data,1741871904674,408.6261570453644,84.63550209999084,1741871904528.9001,1
1,1,block_2,2,Provo_ID2,1,1081799,1261614,1,gaze_data,1741871904731,312.5397503376007,172.19498604536057,1741871904584.1,0.5839734678784271
1,1,block_2,2,Provo_ID2,1,1081799,1261614,1,gaze_data,1741871904769,333.2963526248932,222.63956665992737,1741871904649.9001,0.5839734678784271
1,1,block_2,2,Provo_ID2,1,1081799,1261614,1,gaze_data,1741871904816,417.46082454919815,193.1818149983883,1741871904682.8,0
1,1,block_2,2,Provo_ID2,1,1081799,1261614,1,gaze_data,1741871904847,446.54622972011566,153.93334478139877,1741871904749,0
1,1,block_2,2,Provo_ID2,1,1081799,1261614,1,gaze_data,1741871904902,380.0030544400215,206.38347268104553,1741871904782.9001,0.22569743907328713
1,1,block_2,2,Provo_ID2,1,1081799,1261614,1,gaze_data,1741871904936,390.8592104911804,225.12914277613163,1741871904816.1,0.22569743907328713
1,1,block_2,2,Provo_ID2,1,1081799,1261614,1,gaze_data,1741871904990,385.8068257570267,206.31481930613518,1741871904850.1,0.8926254920203843
1,1,block_2,2,Provo_ID2,1,1081799,1261614,1,gaze_data,1741871905029,382.5945407152176,192.80339255928993,1741871904916.2002,0.8926254920203843
1,1,block_2,2,Provo_ID2,1,1081799,1261614,1,gaze_data,1741871905118,389.2466403543949,184.95979756116867,1741871904949.7002,0.9967154369564715
1,1,block_2,2,Provo_ID2,1,1081799,1261614,1,gaze_data,1741871905162,402.83518619835377,170.6360936164856,1741871905050.5,0.9967154369564715
1,1,block_2,2,Provo_ID2,1,1081799,1261614,1,gaze_data,1741871905211,416.38155579566956,167.59707629680634,1741871905082.7002,1
1,1,block_2,2,Provo_ID2,1,1081799,1261614,1,gaze_data,1741871905251,435.4903131723404,189.04678001999855,1741871905149.1,1
1,1,block_2,2,Provo_ID2,1,1081799,1261614,1,gaze_data,1741871905300,414.32499438524246,177.2821381688118,1741871905183.2002,1
1,1,block_2,2,Provo_ID2,1,1081799,1261614,1,gaze_data,1741871905333,391.03519544005394,164.5788386464119,1741871905216,1
1,1,block_2,2,Provo_ID2,1,1081799,1261614,1,gaze_data,1741871905403,394.8426716029644,167.35032051801682,1741871905249.3,1
1,1,block_2,2,Provo_ID2,1,1081799,1261614,1,gaze_data,1741871905461,394.8426716029644,167.35032051801682,1741871905282.3,1
1,1,block_2,2,Provo_ID2,1,1081799,1261614,1,gaze_data,1741871905542,398.51499227806926,234.5458161085844,1741871905383.5,1
1,1,block_2,2,Provo_ID2,1,1081799,1261614,1,gaze_data,1741871905576,545.6630706787109,384.57632660865784,1741871905449.8,1
1,1,block_2,2,Provo_ID2,1,1081799,1261614,1,gaze_data,1741871905628,546.0347414016724,409.4682842493057,1741871905515.7002,1
1,1,block_2,2,Provo_ID2,1,1081799,1261614,1,gaze_data,1741871905658,539.2100691795349,403.43419313430786,1741871905548.9001,1
1,1,block_2,2,Provo_ID2,1,1081799,1261614,1,gaze_data,1741871905716,451.9193649291992,326.65131092071533,1741871905583.2002,0.4789364996240165
1,1,block_2,2,Provo_ID2,1,1081799,1261614,1,gaze_data,1741871905762,336.6266131401062,50.95480978488922,1741871905648.8,0.4789364996240165
1,1,block_2,2,Provo_ID2,1,1081799,1261614,1,gaze_data,1741871905814,326.7758548259735,115.95158129930496,1741871905682.8,0.5783683572115967
1,1,block_2,2,Provo_ID2,1,1081799,1261614,1,gaze_data,1741871905848,341.9974625110626,116.21334254741669,1741871905749.1,0.5783683572115967
1,1,block_2,2,Provo_ID2,1,1081799,1261614,1,gaze_data,1741871905894,323.58587980270386,128.13753485679626,1741871905782.5,1
1,1,block_2,2,Provo_ID2,1,1081799,1261614,1,gaze_data,1741871905935,363.73046934604645,115.35297185182571,1741871905816,1
1,1,block_2,2,Provo_ID2,1,1081799,1261614,1,gaze_data,1741871905978,399.1227114573121,118.59429478645325,1741871905849.2002,1
1,1,block_2,2,Provo_ID2,1,1081799,1261614,1,gaze_data,1741871906013,405.7747170329094,114.58679139614105,1741871905915.8,1
1,1,block_2,2,Provo_ID2,1,1081799,1261614,1,gaze_data,1741871906064,415.55537581443787,107.77021050453186,1741871905950.1,1
1,1,block_2,2,Provo_ID2,1,1081799,1261614,1,gaze_data,1741871906105,469.924795627594,114.59762454032898,1741871905982.4001,1
1,1,block_2,2,Provo_ID2,1,1081799,1261614,1,gaze_data,1741871906125,488.85170817375183,123.61815422773361,1741871906015.7002,1
1,1,block_2,2,Provo_ID2,1,1081799,1261614,1,gaze_data,1741871906165,494.9936628341675,120.63310891389847,1741871906049.2002,1
1,1,block_2,2,Provo_ID2,1,1081799,1261614,1,gaze_data,1741871906195,495.3887164592743,116.13400131464005,1741871906082.8,1
1,1,block_2,2,Provo_ID2,1,1081799,1261614,1,gaze_data,1741871906247,489.6555006504059,114.75159823894501,1741871906115.5,1
1,1,block_2,2,Provo_ID2,1,1081799,1261614,1,gaze_data,1741871906285,317.83503890037537,137.89974749088287,1741871906182.2002,1
1,1,block_2,2,Provo_ID2,1,1081799,1261614,1,gaze_data,1741871906395,148.33812713623047,171.90465927124023,1741871906283.5,1
1,1,block_2,2,Provo_ID2,1,1081799,1261614,1,gaze_data,1741871906437,136.13719940185547,175.83700865507126,1741871906317.5,1
1,1,block_2,2,Provo_ID2,1,1081799,1261614,1,gaze_data,1741871906486,174.88412857055664,195.6009291112423,1741871906349.1,1
1,1,block_2,2,Provo_ID2,1,1081799,1261614,1,gaze_data,1741871906514,179.6067714691162,190.67612141370773,1741871906415.2002,1
1,1,block_2,2,Provo_ID2,1,1081799,1261614,1,gaze_data,1741871906563,245.90710401535034,185.85651963949203,1741871906449.1,1
1,1,block_2,2,Provo_ID2,1,1081799,1261614,1,gaze_data,1741871906597,260.9468340873718,198.36099669337273,1741871906481.6,1
1,1,block_2,2,Provo_ID2,1,1081799,1261614,1,gaze_data,1741871906660,261.88899278640747,168.5035139322281,1741871906515.5,1
1,1,block_2,2,Provo_ID2,1,1081799,1261614,1,gaze_data,1741871906732,261.88899278640747,168.5035139322281,1741871906548.4001,1
1,1,block_2,2,Provo_ID2,1,1081799,1261614,1,gaze_data,1741871906795,268.2353377342224,164.0765130519867,1741871906649.3,1
1,1,block_2,2,Provo_ID2,1,1081799,1261614,1,gaze_data,1741871906833,261.5129232406616,177.16184109449387,1741871906716.1,1
1,1,block_2,2,Provo_ID2,1,1081799,1261614,1,gaze_data,1741871906881,152.48146057128906,236.07069663703442,1741871906748.9001,1
1,1,block_2,2,Provo_ID2,1,1081799,1261614,1,gaze_data,1741871906917,142.179536819458,244.26437951624393,1741871906814.7002,1
1,1,block_2,2,Provo_ID2,1,1081799,1261614,1,gaze_data,1741871906967,164.42465782165527,217.59692803025246,1741871906849.4001,1
1,1,block_2,2,Provo_ID2,1,1081799,1261614,1,gaze_data,1741871906997,144.03109550476074,248.60646426677704,1741871906882.3,1
1,1,block_2,2,Provo_ID2,1,1081799,1261614,1,gaze_data,1741871907015,133.04290771484375,240.48444293439388,1741871906915.9001,1
1,1,block_2,2,Provo_ID2,1,1081799,1261614,1,gaze_data,1741871907054,150.3067970275879,243.29997077584267,1741871906948.2002,1
1,1,block_2,2,Provo_ID2,1,1081799,1261614,1,gaze_data,1741871907087,148.45776557922363,244.9909470975399,1741871906982,1
1,1,block_2,2,Provo_ID2,1,1081799,1261614,1,gaze_data,1741871907140,149.87821578979492,248.3101099729538,1741871907014.9001,1
1,1,block_2,2,Provo_ID2,1,1081799,1261614,1,gaze_data,1741871907172,187.47024536132812,257.34878554940224,1741871907049.2002,1
1,1,block_2,2,Provo_ID2,1,1081799,1261614,1,gaze_data,1741871907207,187.47024536132812,257.34878554940224,1741871907081.7002,1
1,1,block_2,2,Provo_ID2,1,1081799,1261614,1,gaze_data,1741871907284,261.1857056617737,281.4153604209423,1741871907151.7002,1
1,1,block_2,2,Provo_ID2,1,1081799,1261614,1,gaze_data,1741871907321,298.34052324295044,282.7835701406002,1741871907215.9001,1
1,1,block_2,2,Provo_ID2,1,1081799,1261614,1,gaze_data,1741871907364,383.7757095694542,273.50784689188004,1741871907248.8,1
1,1,block_2,2,Provo_ID2,1,1081799,1261614,1,gaze_data,1741871907401,535.8043432235718,302.7776390314102,1741871907281.9001,1
1,1,block_2,2,Provo_ID2,1,1081799,1261614,1,gaze_data,1741871907428,551.3171076774597,300.8102908730507,1741871907315.1,1
1,1,block_2,2,Provo_ID2,1,1081799,1261614,1,gaze_data,1741871907479,535.8265519142151,297.9512721300125,1741871907348.2002,1
1,1,block_2,2,Provo_ID2,1,1081799,1261614,1,gaze_data,1741871907519,554.2475342750549,290.79528003931046,1741871907414.9001,1
1,1,block_2,2,Provo_ID2,1,1081799,1261614,1,gaze_data,1741871907569,559.1882944107056,274.35650900006294,1741871907448.9001,0.9667419873925303
1,1,block_2,2,Provo_ID2,1,1081799,1261614,1,gaze_data,1741871907611,588.312029838562,271.2309792637825,1741871907482.3,0.9667419873925303
1,1,block_2,2,Provo_ID2,1,1081799,1261614,1,gaze_data,1741871907689,591.7666554450989,277.71968990564346,1741871907515.1,1
1,1,block_2,2,Provo_ID2,1,1081799,1261614,1,gaze_data,1741871907744,596.1898803710938,299.39350336790085,1741871907616.2002,1
1,1,block_2,2,Provo_ID2,1,1081799,1261614,1,gaze_data,1741871907770,357.4631869792938,319.040647149086,1741871907681.9001,1
1,1,block_2,2,Provo_ID2,1,1081799,1261614,1,gaze_data,1741871907811,243.9375877380371,350.46059489250183,1741871907715.4001,1
1,1,block_2,2,Provo_ID2,1,1081799,1261614,1,gaze_data,1741871907840,203.56812477111816,342.8465187549591,1741871907748.3,1
1,1,block_2,2,Provo_ID2,1,1081799,1261614,1,gaze_data,1741871907889,255.76196908950806,301.97694003582,1741871907781.5,0.9895018203314763
1,1,block_2,2,Provo_ID2,1,1081799,1261614,1,gaze_data,1741871907924,243.46579313278198,305.09500056505203,1741871907814.5,0.9895018203314763
1,1,block_2,2,Provo_ID2,1,1081799,1261614,1,gaze_data,1741871907975,154.65764999389648,316.81763231754303,1741871907848.3,0.931378148013557
1,1,block_2,2,Provo_ID2,1,1081799,1261614,1,gaze_data,1741871908010,107.6775074005127,333.37922245264053,1741871907881.6,0.931378148013557
1,1,block_2,2,Provo_ID2,1,1081799,1261614,1,gaze_data,1741871908056,107.00898170471191,355.7646632194519,1741871907948.1,0.8682055861549979
1,1,block_2,2,Provo_ID2,1,1081799,1261614,1,gaze_data,1741871908101,115.5125617980957,352.8960108757019,1741871907981.5,0.8682055861549979
1,1,block_2,2,Provo_ID2,1,1081799,1261614,1,gaze_data,1741871908123,100.63562393188477,363.9007866382599,1741871908015,0.8682055861549979
1,1,block_2,2,Provo_ID2,1,1081799,1261614,1,gaze_data,1741871908206,115.17462730407715,368.1591808795929,1741871908048.5,0.8984516773306286
1,1,block_2,2,Provo_ID2,1,1081799,1261614,1,gaze_data,1741871908260,188.1537914276123,370.1274901628494,1741871908116.4001,0.8984516773306286
1,1,block_2,2,Provo_ID2,1,1081799,1261614,1,gaze_data,1741871908324,186.9621753692627,378.6437124013901,1741871908182.9001,0.8115699944814878
1,1,block_2,2,Provo_ID2,1,1081799,1261614,1,gaze_data,1741871908365,197.90549278259277,369.8099613189697,1741871908248.8,0.8115699944814878
1,1,block_2,2,Provo_ID2,1,1081799,1261614,1,gaze_data,1741871908395,211.3153338432312,420.8257853984833,1741871908282.4001,0.8115699944814878
1,1,block_2,2,Provo_ID2,1,1081799,1261614,1,gaze_data,1741871908439,219.6142077445984,411.8358552455902,1741871908315,0.8254221132182296
1,1,block_2,2,Provo_ID2,1,1081799,1261614,1,gaze_data,1741871908480,454.53612208366394,140.3844490647316,1741871908348.1,0.8254221132182296
1,1,block_2,2,Provo_ID2,1,1081799,1261614,1,gaze_data,1741871908529,295.2197551727295,271.0956245660782,1741871908414.5,0.18091154606400234
1,1,block_2,2,Provo_ID2,1,1081799,1261614,1,gaze_data,1741871908572,102.45170593261719,403.24044823646545,1741871908448,0.18091154606400234
1,1,block_2,2,Provo_ID2,1,1081799,1261614,1,gaze_data,1741871908620,71.85111045837402,443.0858701467514,1741871908481.1,0
1,1,block_2,2,Provo_ID2,1,1081799,1261614,1,gaze_data,1741871908655,66.04690551757812,461.04826629161835,1741871908548.1,0
1,1,block_2,2,Provo_ID2,1,1081799,1261614,1,gaze_data,1741871908687,66.29548072814941,450.3113240003586,1741871908582.3,0
1,1,block_2,2,Provo_ID2,1,1081799,1261614,1,gaze_data,1741871908739,113.75417709350586,410.0133538246155,1741871908615.2002,0
1,1,block_2,2,Provo_ID2,1,1081799,1261614,1,gaze_data,1741871908778,90.21577835083008,397.1188873052597,1741871908647.9001,0
1,1,block_2,2,Provo_ID2,1,1081799,1261614,1,gaze_data,1741871908822,75.64716339111328,387.4511331319809,1741871908714.8,0.06037149038095697
1,1,block_2,2,Provo_ID2,1,1081799,1261614,1,gaze_data,1741871908859,99.94330406188965,383.6965471506119,1741871908747.9001,0.06037149038095697
1,1,block_2,2,Provo_ID2,1,1081799,1261614,1,gaze_data,1741871908880,94.55976486206055,382.49308466911316,1741871908781.6,0.06037149038095697
1,1,block_2,2,Provo_ID2,1,1081799,1261614,1,gaze_data,1741871908930,293.8716530799866,319.96665745973587,1741871908816.8,0.15136830365618067
1,1,block_2,2,Provo_ID2,1,1081799,1261614,1,gaze_data,1741871908962,354.3008804321289,312.14064955711365,1741871908848.2002,0.15136830365618067
1,1,block_2,2,Provo_ID2,1,1081799,1261614,1,gaze_data,1741871909015,342.36634373664856,322.0489829778671,1741871908881.2002,0.30891367838974265
1,1,block_2,2,Provo_ID2,1,1081799,1261614,1,gaze_data,1741871909072,331.9924473762512,315.98730981349945,1741871908947.8,0.30891367838974265
1,1,block_2,2,Provo_ID2,1,1081799,1261614,1,gaze_data,1741871909165,336.7894470691681,306.1550095677376,1741871909050,0.6473945911197231
1,1,block_2,2,Provo_ID2,1,1081799,1261614,1,gaze_data,1741871909205,333.5086762905121,355.7605504989624,1741871909082.1,0.6473945911197231
1,1,block_2,2,Provo_ID2,1,1081799,1261614,1,gaze_data,1741871909255,346.9820022583008,356.35839998722076,1741871909115,0.6902066158178088
1,1,block_2,2,Provo_ID2,1,1081799,1261614,1,gaze_data,1741871909289,351.84688568115234,358.0033540725708,1741871909181.3,0.6902066158178088
1,1,block_2,2,Provo_ID2,1,1081799,1261614,1,gaze_data,1741871909339,363.06214332580566,358.74581933021545,1741871909214.2002,0.799366340589994
1,1,block_2,2,Provo_ID2,1,1081799,1261614,1,gaze_data,1741871909375,322.2206711769104,342.481991648674,1741871909247.7002,0.799366340589994
1,1,block_2,2,Provo_ID2,1,1081799,1261614,1,gaze_data,1741871909421,276.71964168548584,348.7761452794075,1741871909314.3,0.7722738474253048
1,1,block_2,2,Provo_ID2,1,1081799,1261614,1,gaze_data,1741871909465,270.1945424079895,354.79109585285187,1741871909348.3,0.7722738474253048
1,1,block_2,2,Provo_ID2,1,1081799,1261614,1,gaze_data,1741871909494,261.6580009460449,356.27298653125763,1741871909381.6,0.7722738474253048
1,1,block_2,2,Provo_ID2,1,1081799,1261614,1,gaze_data,1741871909592,265.04286527633667,352.92831659317017,1741871909467.9001,0.8919791937908804
1,1,block_2,2,Provo_ID2,1,1081799,1261614,1,gaze_data,1741871909617,361.17012798786163,286.70110031962395,1741871909514.9001,0.8919791937908804
1,1,block_2,2,Provo_ID2,1,1081799,1261614,1,gaze_data,1741871909673,379.1764184832573,293.44113767147064,1741871909547.8,0.8739933839303554
1,1,block_2,2,Provo_ID2,1,1081799,1261614,1,gaze_data,1741871909706,398.1156349182129,308.811417222023,1741871909580.9001,0.8739933839303554
1,1,block_2,2,Provo_ID2,1,1081799,1261614,1,gaze_data,1741871909750,421.6986820101738,303.68173718452454,1741871909613.9001,0.9607969426571152
1,1,block_2,2,Provo_ID2,1,1081799,1261614,1,gaze_data,1741871909781,438.6933356523514,304.4081911444664,1741871909680.6,0.9607969426571152
1,1,block_2,2,Provo_ID2,1,1081799,1261614,1,gaze_data,1741871909826,423.3571410179138,312.6881629228592,1741871909714.1,0.9718888858569379
1,1,block_2,2,Provo_ID2,1,1081799,1261614,1,gaze_data,1741871909872,424.35179352760315,305.18676191568375,1741871909747.4001,0.9718888858569379
1,1,block_2,2,Provo_ID2,1,1081799,1261614,1,gaze_data,1741871909893,515.8239126205444,313.67673575878143,1741871909781.2002,0.9718888858569379
1,1,block_2,2,Provo_ID2,1,1081799,1261614,1,gaze_data,1741871909941,583.5476279258728,326.91668570041656,1741871909814.1,0.9623199561174474
1,1,block_2,2,Provo_ID2,1,1081799,1261614,1,gaze_data,1741871909977,599.0403175354004,337.53097653388977,1741871909881,0.9623199561174474
1,1,block_2,2,Provo_ID2,1,1081799,1261614,1,gaze_data,1741871910028,586.4600300788879,324.4481146335602,1741871909914.1,0.9834533201748772
1,1,block_2,2,Provo_ID2,1,1081799,1261614,1,gaze_data,1741871910106,584.7461700439453,320.38067132234573,1741871910014.5,0.9834533201748772
1,1,block_2,2,Provo_ID2,1,1081799,1261614,1,gaze_data,1741871910174,311.0063672065735,297.5155770778656,1741871910048.2002,1
1,1,block_2,2,Provo_ID2,1,1081799,1261614,1,gaze_data,1741871910208,171.97842597961426,361.05788350105286,1741871910114.3,1
1,1,block_2,2,Provo_ID2,1,1081799,1261614,1,gaze_data,1741871910254,218.76429319381714,358.9596211910248,1741871910146.8,0.8799132422515146
1,1,block_2,2,Provo_ID2,1,1081799,1261614,1,gaze_data,1741871910284,180.19704818725586,360.0366473197937,1741871910180.6,0.8799132422515146
1,1,block_2,2,Provo_ID2,1,1081799,1261614,1,gaze_data,1741871910329,112.54658699035645,370.42391896247864,1741871910213.5,0.8803786955842545
1,1,block_2,2,Provo_ID2,1,1081799,1261614,1,gaze_data,1741871910399,95.91717720031738,371.55065536499023,1741871910247.9001,0.8803786955842545
1,1,block_2,2,Provo_ID2,1,1081799,1261614,1,gaze_data,1741871910441,95.91717720031738,371.55065536499023,1741871910294,0.8803786955842545
1,1,block_2,2,Provo_ID2,1,1081799,1261614,1,gaze_data,1741871910543,164.24551010131836,180.82741871476173,1741871910384.1,0.5517895248687327
1,1,block_2,2,Provo_ID2,1,1081799,1261614,1,gaze_data,1741871910587,206.72969818115234,96.79353833198547,1741871910481.1,0.5517895248687327
1,1,block_2,2,Provo_ID2,1,1081799,1261614,1,gaze_data,1741871910639,155.3781032562256,126.71942859888077,1741871910514.5,0.9796345087853622
1,1,block_2,2,Provo_ID2,1,1081799,1261614,1,gaze_data,1741871910683,178.85160446166992,117.3100233078003,1741871910547.8,0.9796345087853622
1,1,block_2,2,Provo_ID2,1,1081799,1261614,1,gaze_data,1741871910736,159.7576141357422,125.11410415172577,1741871910613.6,1
1,1,block_2,2,Provo_ID2,1,1081799,1261614,1,gaze_data,1741871910784,245.85542678833008,122.0411866903305,1741871910648,1
1,1,block_2,2,Provo_ID2,1,1081799,1261614,1,gaze_data,1741871910814,256.94438219070435,132.3134809732437,1741871910714.7002,1
1,1,block_2,2,Provo_ID2,1,1081799,1261614,1,gaze_data,1741871910880,265.9207224845886,116.67141914367676,1741871910747.3,1
1,1,block_2,2,Provo_ID2,1,1081799,1261614,1,gaze_data,1741871910947,281.18529319763184,112.67597079277039,1741871910859.4001,1
1,1,block_2,2,Provo_ID2,1,1081799,1261614,1,gaze_data,1741871910997,296.0852861404419,109.66042280197144,1741871910884.7002,1
1,1,block_2,2,Provo_ID2,1,1081799,1261614,1,gaze_data,1741871911031,310.318386554718,104.26580011844635,1741871910914,1
1,1,block_2,2,Provo_ID2,1,1081799,1261614,1,gaze_data,1741871911081,339.71580266952515,106.35172426700592,1741871910946.7002,1
1,1,block_2,2,Provo_ID2,1,1081799,1261614,1,gaze_data,1741871911109,369.7111278772354,203.04245725274086,1741871911013.4001,1
1,1,block_2,2,Provo_ID2,1,1081799,1261614,1,gaze_data,1741871911161,425.2361685037613,197.3697453737259,1741871911047.3,1
1,1,block_2,2,Provo_ID2,1,1081799,1261614,1,gaze_data,1741871911211,440.2078002691269,173.30331951379776,1741871911080,1
1,1,block_2,2,Provo_ID2,1,1081799,1261614,1,gaze_data,1741871911238,317.11127161979675,195.88830545544624,1741871911147,1
1,1,block_2,2,Provo_ID2,1,1081799,1261614,1,gaze_data,1741871911291,314.38703536987305,140.23005068302155,1741871911181.5,0
1,1,block_2,2,Provo_ID2,1,1081799,1261614,1,gaze_data,1741871911328,408.6665600538254,77.80440747737885,1741871911213.8,0
1,1,block_2,2,Provo_ID2,1,1081799,1261614,1,gaze_data,1741871911383,386.11222207546234,144.54772919416428,1741871911247.2002,0
1,1,block_2,2,Provo_ID2,1,1081799,1261614,1,gaze_data,1741871911436,441.4472997188568,143.09608787298203,1741871911313.8,0
1,1,block_2,2,Provo_ID2,1,1081799,1261614,1,gaze_data,1741871911500,356.14491403102875,149.83839392662048,1741871911346.9001,0.613849999261071
1,1,block_2,2,Provo_ID2,1,1081799,1261614,1,gaze_data,1741871911542,274.89447593688965,154.64407801628113,1741871911414.2002,0.613849999261071
1,1,block_2,2,Provo_ID2,1,1081799,1261614,1,gaze_data,1741871911569,253.19708585739136,169.63299959897995,1741871911480.3,0.613849999261071
1,1,block_2,2,Provo_ID2,1,1081799,1261614,1,gaze_data,1741871911617,176.51309967041016,124.86761659383774,1741871911513.5,1
1,1,block_2,2,Provo_ID2,1,1081799,1261614,1,gaze_data,1741871911648,175.25463104248047,126.304692029953,1741871911546.5,1
1,1,block_2,2,Provo_ID2,1,1081799,1261614,1,gaze_data,1741871911693,141.22133255004883,128.4382551908493,1741871911580.2002,1
1,1,block_2,2,Provo_ID2,1,1081799,1261614,1,gaze_data,1741871911732,146.74930572509766,122.8939801454544,1741871911613.1,1
1,1,block_2,2,Provo_ID2,1,1081799,1261614,1,gaze_data,1741871911783,153.31358909606934,98.10102581977844,1741871911647.3,1
1,1,block_2,2,Provo_ID2,1,1081799,1261614,1,gaze_data,1741871911833,148.2438564300537,106.79643452167511,1741871911713.6,1
1,1,block_2,2,Provo_ID2,1,1081799,1261614,1,gaze_data,1741871911888,150.09632110595703,97.77531623840332,1741871911746.3,1
1,1,block_2,2,Provo_ID2,1,1081799,1261614,1,gaze_data,1741871911923,151.14097595214844,107.3525458574295,1741871911813.1,1
1,1,block_2,2,Provo_ID2,1,1081799,1261614,1,gaze_data,1741871911984,133.86540412902832,109.88253951072693,1741871911847,1
1,1,block_2,2,Provo_ID2,1,1081799,1261614,1,gaze_data,1741871912030,129.22401428222656,102.90820002555847,1741871911913.8,1
1,1,block_2,2,Provo_ID2,1,1081799,1261614,1,gaze_data,1741871912099,251.38393640518188,111.60119473934174,1741871911946.7002,1
1,1,block_2,2,Provo_ID2,1,1081799,1261614,1,gaze_data,1741871912145,528.4759879112244,102.64523923397064,1741871912013.2002,1
1,1,block_2,2,Provo_ID2,1,1081799,1261614,1,gaze_data,1741871912208,408.08470249176025,194.4192297756672,1741871912080.3,0.29697539071207313
1,1,block_2,2,Provo_ID2,1,1081799,1261614,1,gaze_data,1741871912255,440.52629470825195,268.39441657066345,1741871912146.5,0.29697539071207313
1,1,block_2,2,Provo_ID2,1,1081799,1261614,1,gaze_data,1741871912306,565.5616998672485,220.06769143044949,1741871912180.3,0
1,1,block_2,2,Provo_ID2,1,1081799,1261614,1,gaze_data,1741871912348,625.0859260559082,153.23265492916107,1741871912246.2002,0
1,1,block_2,2,Provo_ID2,1,1081799,1261614,1,gaze_data,1741871912404,574.2545485496521,187.237861007452,1741871912279.7002,0.5427282681698788
1,1,block_2,2,Provo_ID2,1,1081799,1261614,1,gaze_data,1741871912435,697.0922946929932,201.48916393518448,1741871912313.9001,0.5427282681698788
1,1,block_2,2,Provo_ID2,1,1081799,1261614,1,gaze_data,1741871912455,761.3360404968262,224.84437692910433,1741871912346.3,0.5427282681698788
1,1,block_2,2,Provo_ID2,1,1081799,1261614,1,gaze_data,1741871912501,746.4712142944336,230.26895839720964,1741871912379.7002,1
1,1,block_2,2,Provo_ID2,1,1081799,1261614,1,gaze_data,1741871912533,763.3984088897705,221.85117043554783,1741871912413.3,1
1,1,block_2,2,Provo_ID2,1,1081799,1261614,1,gaze_data,1741871912582,642.1991348266602,149.2648184299469,1741871912446.5,1
1,1,block_2,2,Provo_ID2,1,1081799,1261614,1,gaze_data,1741871912618,603.5918712615967,163.13331425189972,1741871912513.1,1
1,1,block_2,2,Provo_ID2,1,1081799,1261614,1,gaze_data,1741871912673,275.12959241867065,139.00864720344543,1741871912546.4001,1
1,1,block_2,2,Provo_ID2,1,1081799,1261614,1,gaze_data,1741871912754,204.31145429611206,161.39162182807922,1741871912656.4001,1
1,1,block_2,2,Provo_ID2,1,1081799,1261614,1,gaze_data,1741871912819,200.79952478408813,214.46104757487774,1741871912680,1
1,1,block_2,2,Provo_ID2,1,1081799,1261614,1,gaze_data,1741871912854,135.8311653137207,190.54140746593475,1741871912746,1
1,1,block_2,2,Provo_ID2,1,1081799,1261614,1,gaze_data,1741871912904,118.7723159790039,160.48444658517838,1741871912779.5,1
1,1,block_2,2,Provo_ID2,1,1081799,1261614,1,gaze_data,1741871912933,92.92545318603516,168.08724254369736,1741871912813.4001,1
1,1,block_2,2,Provo_ID2,1,1081799,1261614,1,gaze_data,1741871912992,132.42034912109375,176.51036232709885,1741871912846.1,1
1,1,block_2,2,Provo_ID2,1,1081799,1261614,1,gaze_data,1741871913052,132.42034912109375,176.51036232709885,1741871912878.9001,1
1,1,block_2,2,Provo_ID2,1,1081799,1261614,1,gaze_data,1741871913122,283.4223985671997,177.61874422430992,1741871912981,1
1,1,block_2,2,Provo_ID2,1,1081799,1261614,1,gaze_data,1741871913161,274.29198026657104,185.1801261305809,1741871913046.8,1
1,1,block_2,2,Provo_ID2,1,1081799,1261614,1,gaze_data,1741871913182,275.5420446395874,198.95051270723343,1741871913079.9001,1
1,1,block_2,2,Provo_ID2,1,1081799,1261614,1,gaze_data,1741871913218,265.2884006500244,175.6784975528717,1741871913112.2002,1
1,1,block_2,2,Provo_ID2,1,1081799,1261614,1,gaze_data,1741871913251,310.9828054904938,184.15662124752998,1741871913145.7002,1
1,1,block_2,2,Provo_ID2,1,1081799,1261614,1,gaze_data,1741871913307,366.4177477359772,197.86536172032356,1741871913179.4001,1
1,1,block_2,2,Provo_ID2,1,1081799,1261614,1,gaze_data,1741871913352,363.6742204427719,188.9100320637226,1741871913246.7002,1
1,1,block_2,2,Provo_ID2,1,1081799,1261614,1,gaze_data,1741871913373,371.59028351306915,184.2827782034874,1741871913279.2002,1
1,1,block_2,2,Provo_ID2,1,1081799,1261614,1,gaze_data,1741871913423,371.0026651620865,175.80342888832092,1741871913313.4001,1
1,1,block_2,2,Provo_ID2,1,1081799,1261614,1,gaze_data,1741871913451,367.794069647789,177.75204628705978,1741871913345.9001,1
1,1,block_2,2,Provo_ID2,1,1081799,1261614,1,gaze_data,1741871913502,357.6987385749817,184.42221209406853,1741871913379.7002,1
1,1,block_2,2,Provo_ID2,1,1081799,1261614,1,gaze_data,1741871913556,368.68049800395966,184.026500582695,1741871913414.4001,1
1,1,block_2,2,Provo_ID2,1,1081799,1261614,1,gaze_data,1741871913605,285.0943088531494,176.1367753148079,1741871913513.6,1
1,1,block_2,2,Provo_ID2,1,1081799,1261614,1,gaze_data,1741871913656,285.8601450920105,174.17888194322586,1741871913546.4001,1
1,1,block_2,2,Provo_ID2,1,1081799,1261614,1,gaze_data,1741871913691,282.965087890625,170.04458457231522,1741871913579.4001,1
1,1,block_2,2,Provo_ID2,1,1081799,1261614,1,gaze_data,1741871913736,296.41427993774414,170.93173265457153,1741871913612.3,1
1,1,block_2,2,Provo_ID2,1,1081799,1261614,1,gaze_data,1741871913778,532.0509195327759,202.47700288891792,1741871913647.5,1
1,1,block_2,2,Provo_ID2,1,1081799,1261614,1,gaze_data,1741871913798,588.5365009307861,213.23121562600136,1741871913712.3,1
1,1,block_2,2,Provo_ID2,1,1081799,1261614,1,gaze_data,1741871913848,595.9825396537781,203.0808575451374,1741871913746.4001,1
1,1,block_2,2,Provo_ID2,1,1081799,1261614,1,gaze_data,1741871913882,603.9126873016357,208.2383133471012,1741871913779.8,1
1,1,block_2,2,Provo_ID2,1,1081799,1261614,1,gaze_data,1741871913932,555.7180404663086,197.84674644470215,1741871913812.4001,1
1,1,block_2,2,Provo_ID2,1,1081799,1261614,1,gaze_data,1741871913973,569.9001431465149,191.85969829559326,1741871913846,1
1,1,block_2,2,Provo_ID2,1,1081799,1261614,1,gaze_data,1741871914022,563.0255818367004,196.9635210931301,1741871913913.5,1
1,1,block_2,2,Provo_ID2,1,1081799,1261614,1,gaze_data,1741871914057,409.1693624854088,194.4705419242382,1741871913945.6,1
1,1,block_2,2,Provo_ID2,1,1081799,1261614,1,gaze_data,1741871914119,143.9347267150879,238.51366564631462,1741871913979.5,1
1,1,block_2,2,Provo_ID2,1,1081799,1261614,1,gaze_data,1741871914158,129.01105880737305,239.97042179107666,1741871914012.7002,1
1,1,block_2,2,Provo_ID2,1,1081799,1261614,1,gaze_data,1741871914206,120.47271728515625,247.32464402914047,1741871914114.9001,1
1,1,block_2,2,Provo_ID2,1,1081799,1261614,1,gaze_data,1741871914262,154.66365814208984,261.0683277249336,1741871914145.9001,1
1,1,block_2,2,Provo_ID2,1,1081799,1261614,1,gaze_data,1741871914304,135.00323295593262,271.54520004987717,1741871914179.3,1
1,1,block_2,2,Provo_ID2,1,1081799,1261614,1,gaze_data,1741871914352,143.02878379821777,266.15764051675797,1741871914211.9001,1
1,1,block_2,2,Provo_ID2,1,1081799,1261614,1,gaze_data,1741871914393,134.14430618286133,272.0544137060642,1741871914278.5,1
1,1,block_2,2,Provo_ID2,1,1081799,1261614,1,gaze_data,1741871914443,131.52575492858887,264.09962996840477,1741871914312.2002,1
1,1,block_2,2,Provo_ID2,1,1081799,1261614,1,gaze_data,1741871914484,107.66816139221191,266.5772758424282,1741871914379.1,1
1,1,block_2,2,Provo_ID2,1,1081799,1261614,1,gaze_data,1741871914534,127.54755020141602,263.7849546968937,1741871914412.7002,1
1,1,block_2,2,Provo_ID2,1,1081799,1261614,1,gaze_data,1741871914627,124.9363899230957,251.812931522727,1741871914519.4001,1
1,1,block_2,2,Provo_ID2,1,1081799,1261614,1,gaze_data,1741871914689,231.31043910980225,267.508602142334,1741871914546.5,1
1,1,block_2,2,Provo_ID2,1,1081799,1261614,1,gaze_data,1741871914724,391.81451573967934,264.6738611161709,1741871914612.1,1
1,1,block_2,2,Provo_ID2,1,1081799,1261614,1,gaze_data,1741871914769,430.2432984113693,268.5462035238743,1741871914645.7002,1
1,1,block_2,2,Provo_ID2,1,1081799,1261614,1,gaze_data,1741871914811,428.8901388645172,261.04457154870033,1741871914679.4001,1
1,1,block_2,2,Provo_ID2,1,1081799,1261614,1,gaze_data,1741871914865,457.3372185230255,271.0187755525112,1741871914745,1
1,1,block_2,2,Provo_ID2,1,1081799,1261614,1,gaze_data,1741871914898,454.0139973163605,279.93534356355667,1741871914779.3,1
1,1,block_2,2,Provo_ID2,1,1081799,1261614,1,gaze_data,1741871914963,517.9818511009216,282.5452297925949,1741871914812.2002,1
1,1,block_2,2,Provo_ID2,1,1081799,1261614,1,gaze_data,1741871915027,517.9818511009216,282.5452297925949,1741871914845.5,1
1,1,block_2,2,Provo_ID2,1,1081799,1261614,1,gaze_data,1741871915087,530.1191210746765,300.6083279848099,1741871914947.3,1
1,1,block_2,2,Provo_ID2,1,1081799,1261614,1,gaze_data,1741871915128,594.697916507721,296.46355509757996,1741871915011.9001,1
1,1,block_2,2,Provo_ID2,1,1081799,1261614,1,gaze_data,1741871915167,312.2647523880005,324.0213081240654,1741871915045.4001,0
1,1,block_2,2,Provo_ID2,1,1081799,1261614,1,gaze_data,1741871915202,136.28931045532227,391.73964262008667,1741871915078.4001,0
1,1,block_2,2,Provo_ID2,1,1081799,1261614,1,gaze_data,1741871915222,87.90340423583984,341.9414818286896,1741871915111.8,0
1,1,block_2,2,Provo_ID2,1,1081799,1261614,1,gaze_data,1741871915270,143.26252937316895,362.20639050006866,1741871915144.7002,0
1,1,block_2,2,Provo_ID2,1,1081799,1261614,1,gaze_data,1741871915322,143.26252937316895,362.20639050006866,1741871915178.5,0
1,1,block_2,2,Provo_ID2,1,1081799,1261614,1,gaze_data,1741871915411,177.81319618225098,351.2105703353882,1741871915255.7002,0
1,1,block_2,2,Provo_ID2,1,1081799,1261614,1,gaze_data,1741871915452,150.61163902282715,352.6475489139557,1741871915345.4001,0
1,1,block_2,2,Provo_ID2,1,1081799,1261614,1,gaze_data,1741871915502,99.57361221313477,398.27427864074707,1741871915378.5,0.046117596175323884
1,1,block_2,2,Provo_ID2,1,1081799,1261614,1,gaze_data,1741871915530,232.66876935958862,395.40127515792847,1741871915412.2002,0.046117596175323884
1,1,block_2,2,Provo_ID2,1,1081799,1261614,1,gaze_data,1741871915581,254.52755689620972,382.14769065380096,1741871915445.5,0.20516843217246786
1,1,block_2,2,Provo_ID2,1,1081799,1261614,1,gaze_data,1741871915620,263.4196162223816,372.2575515508652,1741871915511.9001,0.20516843217246786
1,1,block_2,2,Provo_ID2,1,1081799,1261614,1,gaze_data,1741871915666,220.31443119049072,366.53940975666046,1741871915545,0.1979888047634868
1,1,block_2,2,Provo_ID2,1,1081799,1261614,1,gaze_data,1741871915708,248.9832043647766,366.8156325817108,1741871915579.5,0.1979888047634868
1,1,block_2,2,Provo_ID2,1,1081799,1261614,1,gaze_data,1741871915736,342.1640396118164,380.71077167987823,1741871915645.2002,0.1979888047634868
1,1,block_2,2,Provo_ID2,1,1081799,1261614,1,gaze_data,1741871915786,361.51132583618164,391.02031886577606,1741871915678,0.29193620217095856
1,1,block_2,2,Provo_ID2,1,1081799,1261614,1,gaze_data,1741871915817,369.1732853651047,390.56133329868317,1741871915712,0.29193620217095856
1,1,block_2,2,Provo_ID2,1,1081799,1261614,1,gaze_data,1741871915861,361.2712800502777,405.5774122476578,1741871915744.4001,0.386591698613397
1,1,block_2,2,Provo_ID2,1,1081799,1261614,1,gaze_data,1741871915905,384.078024327755,369.2378908395767,1741871915779.1,0.386591698613397
1,1,block_2,2,Provo_ID2,1,1081799,1261614,1,gaze_data,1741871915931,413.73346745967865,370.4286277294159,1741871915811.2002,0.386591698613397
1,1,block_2,2,Provo_ID2,1,1081799,1261614,1,gaze_data,1741871915990,405.35664930939674,374.21340346336365,1741871915845.1,0.4383437049724728
1,1,block_2,2,Provo_ID2,1,1081799,1261614,1,gaze_data,1741871916075,392.94352382421494,396.08573019504547,1741871915955.1,0.5041044258842802
1,1,block_2,2,Provo_ID2,1,1081799,1261614,1,gaze_data,1741871916108,567.2609210014343,450.3730595111847,1741871916011.6,0.5041044258842802
1,1,block_2,2,Provo_ID2,1,1081799,1261614,1,gaze_data,1741871916149,623.259162902832,472.7431446313858,1741871916045.5,0.5041044258842802
1,1,block_2,2,Provo_ID2,1,1081799,1261614,1,gaze_data,1741871916196,536.017918586731,450.6893664598465,1741871916079.1,0.5761217240765556
1,1,block_2,2,Provo_ID2,1,1081799,1261614,1,gaze_data,1741871916225,547.5820183753967,473.9723116159439,1741871916111.7002,0.5761217240765556
1,1,block_2,2,Provo_ID2,1,1081799,1261614,1,gaze_data,1741871916276,286.7597818374634,408.9459389448166,1741871916144.5,0.5745617238617194
1,1,block_2,2,Provo_ID2,1,1081799,1261614,1,gaze_data,1741871916311,160.0821018218994,453.11679542064667,1741871916211.4001,0.5745617238617194
1,1,block_2,2,Provo_ID2,1,1081799,1261614,1,gaze_data,1741871916363,235.6506109237671,376.0038822889328,1741871916245,0.6052670349886775
1,1,block_2,2,Provo_ID2,1,1081799,1261614,1,gaze_data,1741871916402,225.47351121902466,353.1863749027252,1741871916277.8,0.6052670349886775
1,1,block_2,2,Provo_ID2,1,1081799,1261614,1,gaze_data,1741871916453,272.4763035774231,329.26875948905945,1741871916311.8,0.5424859028137061
1,1,block_2,2,Provo_ID2,1,1081799,1261614,1,gaze_data,1741871916493,261.6802930831909,322.47491776943207,1741871916378.4001,0.5424859028137061
1,1,block_2,2,Provo_ID2,1,1081799,1261614,1,gaze_data,1741871916543,260.203492641449,375.1971483230591,1741871916411,0.6429919600860916
1,1,block_2,2,Provo_ID2,1,1081799,1261614,1,gaze_data,1741871916583,312.9385709762573,387.4371409416199,1741871916477.6,0.6429919600860916
1,1,block_2,2,Provo_ID2,1,1081799,1261614,1,gaze_data,1741871916638,370.87348103523254,384.4340652227402,1741871916511.4001,0.6517354971054915
1,1,block_2,2,Provo_ID2,1,1081799,1261614,1,gaze_data,1741871916679,448.25478196144104,424.74538683891296,1741871916544.9001,0.6517354971054915
1,1,block_2,2,Provo_ID2,1,1081799,1261614,1,gaze_data,1741871916726,401.7228854820132,400.41269958019257,1741871916611.4001,0.7044974896585511
1,1,block_2,2,Provo_ID2,1,1081799,1261614,1,gaze_data,1741871916760,430.98928928375244,404.97559905052185,1741871916644.3,0.7044974896585511
1,1,block_2,2,Provo_ID2,1,1081799,1261614,1,gaze_data,1741871916783,563.3217811584473,431.93567395210266,1741871916677.9001,0.7044974896585511
1,1,block_2,2,Provo_ID2,1,1081799,1261614,1,gaze_data,1741871916855,505.44244050979614,386.0742658376694,1741871916711.6,0.7256868401630604
1,1,block_2,2,Provo_ID2,1,1081799,1261614,1,gaze_data,1741871916918,506.75995349884033,406.00138008594513,1741871916744.9001,0.7256868401630604
1,1,block_2,2,Provo_ID2,1,1081799,1261614,1,gaze_data,1741871916976,439.1836404800415,386.78032755851746,1741871916845.6,0.7130032578181034
1,1,block_2,2,Provo_ID2,1,1081799,1261614,1,gaze_data,1741871917013,427.87764072418213,372.06727862358093,1741871916911.4001,0.7130032578181034
1,1,block_2,2,Provo_ID2,1,1081799,1261614,1,gaze_data,1741871917061,454.77696657180786,379.77821230888367,1741871916944.1,0.8245186655258997
1,1,block_2,2,Provo_ID2,1,1081799,1261614,1,gaze_data,1741871917089,464.57701325416565,377.82776951789856,1741871916977.5,0.8245186655258997
1,1,block_2,2,Provo_ID2,1,1081799,1261614,1,gaze_data,1741871917135,440.3346389532089,376.0755121707916,1741871917010.8,0.8996349159282526
1,1,block_2,2,Provo_ID2,1,1081799,1261614,1,gaze_data,1741871917183,543.9415812492371,341.3186952471733,1741871917044.7002,0.8996349159282526
1,1,block_2,2,Provo_ID2,1,1081799,1261614,1,gaze_data,1741871917221,543.9415812492371,341.3186952471733,1741871917077.8,0.8996349159282526
1,1,block_2,2,Provo_ID2,1,1081799,1261614,1,gaze_data,1741871917299,572.4907994270325,342.9874315857887,1741871917156.6,0.9267113540044759
1,1,block_2,2,Provo_ID2,1,1081799,1261614,1,gaze_data,1741871917338,594.6162343025208,343.18350851535797,1741871917211.7002,0.9267113540044759
1,1,block_2,2,Provo_ID2,1,1081799,1261614,1,gaze_data,1741871917388,577.3415803909302,330.59120774269104,1741871917278.7002,0.9427042699159207
1,1,block_2,2,Provo_ID2,1,1081799,1261614,1,gaze_data,1741871917427,571.4168548583984,330.06781190633774,1741871917311.4001,0.9427042699159207
1,1,block_2,2,Provo_ID2,1,1081799,1261614,1,gaze_data,1741871917473,428.8243293762207,275.02034455537796,1741871917344.7002,0.9630575057219564
1,1,block_2,2,Provo_ID2,1,1081799,1261614,1,gaze_data,1741871917514,404.5805387198925,273.9123724400997,1741871917410.6,0.9630575057219564
1,1,block_2,2,Provo_ID2,1,1081799,1261614,1,gaze_data,1741871917536,409.77989956736565,278.03989723324776,1741871917444.2002,0.9630575057219564
1,1,block_2,2,Provo_ID2,1,1081799,1261614,1,gaze_data,1741871917579,448.25193881988525,290.8499449491501,1741871917477.5,1
1,1,block_2,2,Provo_ID2,1,1081799,1261614,1,gaze_data,1741871917614,460.79180240631104,289.2682909965515,1741871917511.3,1
1,1,block_2,2,Provo_ID2,1,1081799,1261614,1,gaze_data,1741871917667,447.28662967681885,291.7836219072342,1741871917544.5,1
1,1,block_2,2,Provo_ID2,1,1081799,1261614,1,gaze_data,1741871917699,446.16691172122955,290.0964081287384,1741871917577.6,1
1,1,block_2,2,Provo_ID2,1,1081799,1261614,1,gaze_data,1741871917766,435.17260551452637,284.31585654616356,1741871917610.8,1
1,1,block_2,2,Provo_ID2,1,1081799,1261614,1,gaze_data,1741871917839,435.17260551452637,284.31585654616356,1741871917644.1,1
1,1,block_2,2,Provo_ID2,1,1081799,1261614,1,gaze_data,1741871917906,323.2414782047272,280.24980276823044,1741871917745.5,1
1,1,block_2,2,Provo_ID2,1,1081799,1261614,1,gaze_data,1741871917944,232.79945850372314,261.2730622291565,1741871917844.2002,1
1,1,block_2,2,Provo_ID2,1,1081799,1261614,1,gaze_data,1741871917987,223.30081462860107,272.04003781080246,1741871917877.4001,1
1,1,block_2,2,Provo_ID2,1,1081799,1261614,1,gaze_data,1741871918026,223.9707350730896,257.6770544052124,1741871917910.8,1
1,1,block_2,2,Provo_ID2,1,1081799,1261614,1,gaze_data,1741871918071,209.5805525779724,270.47204077243805,1741871917943.9001,0.963475587178475
1,1,block_2,2,Provo_ID2,1,1081799,1261614,1,gaze_data,1741871918116,144.85983848571777,272.0402278006077,1741871917978.3,0.963475587178475
1,1,block_2,2,Provo_ID2,1,1081799,1261614,1,gaze_data,1741871918165,104.55160140991211,289.9568736553192,1741871918044.2002,0.9806339145054803
1,1,block_2,2,Provo_ID2,1,1081799,1261614,1,gaze_data,1741871918208,100.30097961425781,287.67713010311127,1741871918077.9001,0.9806339145054803
1,1,block_2,2,Provo_ID2,1,1081799,1261614,1,gaze_data,1741871918256,113.39421272277832,285.5025552213192,1741871918143.4001,1
1,1,block_2,2,Provo_ID2,1,1081799,1261614,1,gaze_data,1741871918300,119.84825134277344,280.0495982170105,1741871918177.3,1
1,1,block_2,2,Provo_ID2,1,1081799,1261614,1,gaze_data,1741871918321,122.66197204589844,270.4110912978649,1741871918211,1
1,1,block_2,2,Provo_ID2,1,1081799,1261614,1,gaze_data,1741871918367,140.52491188049316,286.96440011262894,1741871918244.2002,1
1,1,block_2,2,Provo_ID2,1,1081799,1261614,1,gaze_data,1741871918402,142.5452709197998,290.0341957807541,1741871918277.3,1
1,1,block_2,2,Provo_ID2,1,1081799,1261614,1,gaze_data,1741871918449,157.72838592529297,342.7961081266403,1741871918311,1
1,1,block_2,2,Provo_ID2,1,1081799,1261614,1,gaze_data,1741871918494,436.4727318286896,117.82502979040146,1741871918377.3,1
1,1,block_2,2,Provo_ID2,1,1081799,1261614,1,gaze_data,1741871918548,382.84994661808014,170.15837728977203,1741871918410.5,0.0935317291129873
1,1,block_2,2,Provo_ID2,1,1081799,1261614,1,gaze_data,1741871918582,317.01685190200806,296.18643820285797,1741871918477,0.0935317291129873
1,1,block_2,2,Provo_ID2,1,1081799,1261614,1,gaze_data,1741871918629,402.60596461594105,349.97325986623764,1741871918511.2002,0
1,1,block_2,2,Provo_ID2,1,1081799,1261614,1,gaze_data,1741871918664,433.637136220932,269.9719801545143,1741871918544.1,0
1,1,block_2,2,Provo_ID2,1,1081799,1261614,1,gaze_data,1741871918686,481.75655603408813,224.94164146482944,1741871918577.3,0
1,1,block_2,2,Provo_ID2,1,1081799,1261614,1,gaze_data,1741871918738,391.1965698003769,319.95097398757935,1741871918610,0.03945577335909177
1,1,block_2,2,Provo_ID2,1,1081799,1261614,1,gaze_data,1741871918773,407.946152985096,305.5450454354286,1741871918645.1,0.03945577335909177
1,1,block_2,2,Provo_ID2,1,1081799,1261614,1,gaze_data,1741871918850,408.194313198328,301.98532193899155,1741871918676.8,0.5969292407152925
1,1,block_2,2,Provo_ID2,1,1081799,1261614,1,gaze_data,1741871918915,427.36379504203796,302.5163546204567,1741871918778.6,0.5969292407152925
1,1,block_2,2,Provo_ID2,1,1081799,1261614,1,gaze_data,1741871918964,365.5142515897751,231.91698025912046,1741871918844,0.8288047729610954
1,1,block_2,2,Provo_ID2,1,1081799,1261614,1,gaze_data,1741871918999,386.65231615304947,130.80206364393234,1741871918877,0.8288047729610954
1,1,block_2,2,Provo_ID2,1,1081799,1261614,1,gaze_data,1741871919030,296.68952226638794,197.70715981721878,1741871918910.3,0.8288047729610954
1,1,block_2,2,Provo_ID2,1,1081799,1261614,1,gaze_data,1741871919079,296.8441843986511,255.27338162064552,1741871918943.1,0
1,1,block_2,2,Provo_ID2,1,1081799,1261614,1,gaze_data,1741871919120,392.85481572151184,296.4339017868042,1741871919010,0
1,1,block_2,2,Provo_ID2,1,1081799,1261614,1,gaze_data,1741871919170,416.8649598956108,324.7438654303551,1741871919043.7002,0
1,1,block_2,2,Provo_ID2,1,1081799,1261614,1,gaze_data,1741871919213,525.2921938896179,232.2637740522623,1741871919077,0
1,1,block_2,2,Provo_ID2,1,1081799,1261614,1,gaze_data,1741871919242,525.2921938896179,232.2637740522623,1741871919110.3,0
1,1,block_2,2,Provo_ID2,1,1081799,1261614,1,gaze_data,1741871919320,427.3467183113098,255.1611553877592,1741871919215,0.3461009118226443
1,1,block_2,2,Provo_ID2,1,1081799,1261614,1,gaze_data,1741871919360,229.12076711654663,214.75127376616,1741871919245,0.3461009118226443
1,1,block_2,2,Provo_ID2,1,1081799,1261614,1,gaze_data,1741871919414,175.16393661499023,287.53375113010406,1741871919276.9001,0.6994037049969217
1,1,block_2,2,Provo_ID2,1,1081799,1261614,1,gaze_data,1741871919442,165.83294868469238,276.9157908856869,1741871919343.1,0.6994037049969217
1,1,block_2,2,Provo_ID2,1,1081799,1261614,1,gaze_data,1741871919486,68.97225379943848,351.8448680639267,1741871919376.8,0.3600428331476663
1,1,block_2,2,Provo_ID2,1,1081799,1261614,1,gaze_data,1741871919525,81.47649765014648,355.1034688949585,1741871919409.7002,0.3600428331476663
1,1,block_2,2,Provo_ID2,1,1081799,1261614,1,gaze_data,1741871919570,80.0084114074707,293.551741540432,1741871919443.5,0.4303119087507338
1,1,block_2,2,Provo_ID2,1,1081799,1261614,1,gaze_data,1741871919602,108.11581611633301,269.67717558145523,1741871919478.3,0.4303119087507338
1,1,block_2,2,Provo_ID2,1,1081799,1261614,1,gaze_data,1741871919634,126.11780166625977,231.82056229561567,1741871919510.3,0.4303119087507338
1,1,block_2,2,Provo_ID2,1,1081799,1261614,1,gaze_data,1741871919688,119.55175399780273,279.2815737426281,1741871919543,0.3088437342390216
1,1,block_2,2,Provo_ID2,1,1081799,1261614,1,gaze_data,1741871919721,166.09063148498535,270.33858597278595,1741871919609.9001,0.3088437342390216
1,1,block_2,2,Provo_ID2,1,1081799,1261614,1,gaze_data,1741871919763,161.64331436157227,382.8450947999954,1741871919643.6,0.5391020715326528
1,1,block_2,2,Provo_ID2,1,1081799,1261614,1,gaze_data,1741871919800,115.5458927154541,416.14527106285095,1741871919676.4001,0.5391020715326528
1,1,block_2,2,Provo_ID2,1,1081799,1261614,1,gaze_data,1741871919821,106.09979629516602,411.47730350494385,1741871919710.1,0.5391020715326528
1,1,block_2,2,Provo_ID2,1,1081799,1261614,1,gaze_data,1741871919868,122.54085540771484,395.57426273822784,1741871919742.9001,0.39138904206499386
1,1,block_2,2,Provo_ID2,1,1081799,1261614,1,gaze_data,1741871919903,115.81916809082031,327.00226306915283,1741871919776.7002,0.39138904206499386
1,1,block_2,2,Provo_ID2,1,1081799,1261614,1,gaze_data,1741871919931,107.40532875061035,297.9985982179642,1741871919810.9001,0.39138904206499386
1,1,block_2,2,Provo_ID2,1,1081799,1261614,1,gaze_data,1741871919980,240.0795578956604,263.8360023498535,1741871919843.7002,0.378285246935355
1,1,block_2,2,Provo_ID2,1,1081799,1261614,1,gaze_data,1741871920023,240.0795578956604,263.8360023498535,1741871919876.7002,0.378285246935355
1,1,block_2,2,Provo_ID2,1,1081799,1261614,1,gaze_data,1741871920088,141.4963722229004,393.27021539211273,1741871919978.1,0.3255006983332108
1,1,block_2,2,Provo_ID2,1,1081799,1261614,1,gaze_data,1741871920129,121.5425968170166,380.65507113933563,1741871920010.2002,0.3255006983332108
1,1,block_2,2,Provo_ID2,1,1081799,1261614,1,gaze_data,1741871920174,79.60152626037598,299.1374343633652,1741871920043.8,0.3866226782490882
1,1,block_2,2,Provo_ID2,1,1081799,1261614,1,gaze_data,1741871920209,93.17598342895508,251.97913721203804,1741871920109.8,0.3866226782490882
1,1,block_2,2,Provo_ID2,1,1081799,1261614,1,gaze_data,1741871920254,382.2043910622597,351.93876028060913,1741871920142.8,0.120514434356725
1,1,block_2,2,Provo_ID2,1,1081799,1261614,1,gaze_data,1741871920288,453.40684056282043,344.6407377719879,1741871920176.7002,0.120514434356725
1,1,block_2,2,Provo_ID2,1,1081799,1261614,1,gaze_data,1741871920340,353.8090467453003,228.27316764742136,1741871920209.5,0
1,1,block_2,2,Provo_ID2,1,1081799,1261614,1,gaze_data,1741871920384,270.6929087638855,331.70205950737,1741871920276.4001,0
1,1,block_2,2,Provo_ID2,1,1081799,1261614,1,gaze_data,1741871920440,374.19523298740387,399.40658807754517,1741871920309.6,0
1,1,block_2,2,Provo_ID2,1,1081799,1261614,1,gaze_data,1741871920516,364.85012769699097,395.97896337509155,1741871920345.5,0
1,1,block_2,2,Provo_ID2,1,1081799,1261614,1,gaze_data,1741871926846,325.11923909187317,110.22723317146301,1741871926606.9001,0.9121533937733939
1,1,block_2,2,Provo_ID2,1,1081799,1261614,1,gaze_data,1741871926920,273.6678123474121,208.63599553704262,1741871926775.1,0.7538625582532417
1,1,block_2,2,Provo_ID2,1,1081799,1261614,1,gaze_data,1741871926966,247.10280895233154,200.81911087036133,1741871926840.6,0.7538625582532417
1,1,block_2,2,Provo_ID2,1,1081799,1261614,1,gaze_data,1741871927021,375.0847652554512,157.50730633735657,1741871926873.6,0.6645391243771548
1,1,block_2,2,Provo_ID2,1,1081799,1261614,1,gaze_data,1741871927068,316.90900325775146,227.28395499289036,1741871926940.5,0.6645391243771548
1,1,block_2,2,Provo_ID2,1,1081799,1261614,1,gaze_data,1741871927102,310.39286255836487,232.77002284303308,1741871926975.9001,0.6645391243771548
1,1,block_2,2,Provo_ID2,1,1081799,1261614,1,gaze_data,1741871927174,371.4429050683975,225.94444025307894,1741871927012.9001,0.8137658127061933
1,1,block_2,2,Provo_ID2,1,1081799,1261614,1,gaze_data,1741871927215,347.1764385700226,187.86915615200996,1741871927107.2002,0.8137658127061933
1,1,block_2,2,Provo_ID2,1,1081799,1261614,1,gaze_data,1741871927277,287.4833106994629,148.94577711820602,1741871927140,0.8564276957248129
1,1,block_2,2,Provo_ID2,1,1081799,1261614,1,gaze_data,1741871927399,318.3496832847595,158.94004553556442,1741871927174.5,0.8564276957248129
1,1,block_2,2,Provo_ID2,1,1081799,1261614,1,gaze_data,1741871927443,222.1510648727417,169.24505531787872,1741871927307.4001,0.8564276957248129
1,1,block_2,2,Provo_ID2,1,1081799,1261614,1,gaze_data,1741871927500,190.12560844421387,150.11600255966187,1741871927373.7002,0.759411562325107
1,1,block_2,2,Provo_ID2,1,1081799,1261614,1,gaze_data,1741871927535,195.2916145324707,140.2480959892273,1741871927406.7002,0.759411562325107
1,1,block_2,2,Provo_ID2,1,1081799,1261614,1,gaze_data,1741871927576,210.26054620742798,236.0518392175436,1741871927440.4001,1
1,1,block_2,2,Provo_ID2,1,1081799,1261614,1,gaze_data,1741871927616,388.920284062624,108.92120599746704,1741871927506.5,1
1,1,block_2,2,Provo_ID2,1,1081799,1261614,1,gaze_data,1741871927663,426.55110359191895,80.74612021446228,1741871927539.4001,0.41340334115679955
1,1,block_2,2,Provo_ID2,1,1081799,1261614,1,gaze_data,1741871927705,282.0459842681885,301.69438421726227,1741871927574.5,0.41340334115679955
1,1,block_2,2,Provo_ID2,1,1081799,1261614,1,gaze_data,1741871927727,323.35593700408936,301.79733633995056,1741871927639.7002,0.41340334115679955
1,1,block_2,2,Provo_ID2,1,1081799,1261614,1,gaze_data,1741871927777,420.8821952342987,377.4994522333145,1741871927673.1,0
1,1,block_2,2,Provo_ID2,1,1081799,1261614,1,gaze_data,1741871927811,450.9274482727051,373.3759880065918,1741871927707.3,0
1,1,block_2,2,Provo_ID2,1,1081799,1261614,1,gaze_data,1741871927858,404.7177191823721,327.92351245880127,1741871927740.2002,0
1,1,block_2,2,Provo_ID2,1,1081799,1261614,1,gaze_data,1741871927898,394.80544216930866,339.5179569721222,1741871927774.2002,0
1,1,block_2,2,Provo_ID2,1,1081799,1261614,1,gaze_data,1741871927918,420.61857879161835,343.3447763323784,1741871927806.6,0
1,1,block_2,2,Provo_ID2,1,1081799,1261614,1,gaze_data,1741871927960,417.81508177518845,353.1839907169342,1741871927839.7002,0.06275939881869019
1,1,block_2,2,Provo_ID2,1,1081799,1261614,1,gaze_data,1741871928044,409.39291790127754,355.6144893169403,1741871927873.3,0.06275939881869019
1,1,block_2,2,Provo_ID2,1,1081799,1261614,1,gaze_data,1741871928111,322.33726382255554,347.2274824976921,1741871927974,0.11244735580989121
1,1,block_2,2,Provo_ID2,1,1081799,1261614,1,gaze_data,1741871928144,294.41978931427,357.3258578777313,1741871928040.5,0.11244735580989121
1,1,block_2,2,Provo_ID2,1,1081799,1261614,1,gaze_data,1741871928187,309.28064584732056,363.06258141994476,1741871928073.1,0.19251481235940862
1,1,block_2,2,Provo_ID2,1,1081799,1261614,1,gaze_data,1741871928212,302.9914677143097,358.24740529060364,1741871928106.3,0.19251481235940862
1,1,block_2,2,Provo_ID2,1,1081799,1261614,1,gaze_data,1741871928272,288.2020115852356,348.74578416347504,1741871928139.4001,0.1407376197656626
1,1,block_2,2,Provo_ID2,1,1081799,1261614,1,gaze_data,1741871928353,275.5814552307129,347.60008603334427,1741871928191,0.1407376197656626
1,1,block_2,2,Provo_ID2,1,1081799,1261614,1,gaze_data,1741871928415,246.2483286857605,346.9435855746269,1741871928283,0.16497164605876832
1,1,block_2,2,Provo_ID2,1,1081799,1261614,1,gaze_data,1741871928450,494.8968470096588,300.43526589870453,1741871928339.5,0.16497164605876832
1,1,block_2,2,Provo_ID2,1,1081799,1261614,1,gaze_data,1741871928500,506.931209564209,303.52569967508316,1741871928372.6,0.3165139076387145
1,1,block_2,2,Provo_ID2,1,1081799,1261614,1,gaze_data,1741871928530,532.0495247840881,293.31881403923035,1741871928406.4001,0.3165139076387145
1,1,block_2,2,Provo_ID2,1,1081799,1261614,1,gaze_data,1741871928579,521.7719197273254,281.9362975656986,1741871928439.7002,0.4124306638435866
1,1,block_2,2,Provo_ID2,1,1081799,1261614,1,gaze_data,1741871928613,515.391206741333,266.5758192539215,1741871928506.1,0.4124306638435866
1,1,block_2,2,Provo_ID2,1,1081799,1261614,1,gaze_data,1741871928669,516.8998122215271,272.9625426232815,1741871928539.7002,0.3702168671111209
1,1,block_2,2,Provo_ID2,1,1081799,1261614,1,gaze_data,1741871928706,510.98334789276123,275.4513494670391,1741871928573.3,0.3702168671111209
1,1,block_2,2,Provo_ID2,1,1081799,1261614,1,gaze_data,1741871928768,435.4940354824066,290.13725221157074,1741871928639.9001,0.5880274253349761
1,1,block_2,2,Provo_ID2,1,1081799,1261614,1,gaze_data,1741871928855,369.274440407753,272.4725104868412,1741871928740.2002,0.5678032606317831
1,1,block_2,2,Provo_ID2,1,1081799,1261614,1,gaze_data,1741871928892,376.3613358139992,263.0384400486946,1741871928773.9001,0.5678032606317831
1,1,block_2,2,Provo_ID2,1,1081799,1261614,1,gaze_data,1741871928922,286.7054581642151,303.7580758333206,1741871928807.5,0.5678032606317831
1,1,block_2,2,Provo_ID2,1,1081799,1261614,1,gaze_data,1741871928964,222.53648042678833,362.4424993991852,1741871928840,0.590536410248917
1,1,block_2,2,Provo_ID2,1,1081799,1261614,1,gaze_data,1741871929003,206.51932954788208,362.8491520881653,1741871928873,0.590536410248917
1,1,block_2,2,Provo_ID2,1,1081799,1261614,1,gaze_data,1741871929026,205.68150281906128,366.93542301654816,1741871928906.2002,0.590536410248917
1,1,block_2,2,Provo_ID2,1,1081799,1261614,1,gaze_data,1741871929065,227.86860466003418,343.10920387506485,1741871928939,0.45692549386435494
1,1,block_2,2,Provo_ID2,1,1081799,1261614,1,gaze_data,1741871929099,211.04793548583984,351.69846415519714,1741871928972.9001,0.45692549386435494
1,1,block_2,2,Provo_ID2,1,1081799,1261614,1,gaze_data,1741871929173,208.12286138534546,359.00284945964813,1741871929005.9001,0.4639982841139283
1,1,block_2,2,Provo_ID2,1,1081799,1261614,1,gaze_data,1741871929226,179.3950080871582,361.0287368297577,1741871929092.4001,0.4639982841139283
1,1,block_2,2,Provo_ID2,1,1081799,1261614,1,gaze_data,1741871929254,167.3788070678711,380.41088581085205,1741871929140.3,0.4639982841139283
1,1,block_2,2,Provo_ID2,1,1081799,1261614,1,gaze_data,1741871929299,163.3565902709961,385.8763635158539,1741871929174.2002,0.40738155876026977
1,1,block_2,2,Provo_ID2,1,1081799,1261614,1,gaze_data,1741871929328,237.73221969604492,368.41235160827637,1741871929206.3,0.40738155876026977
1,1,block_2,2,Provo_ID2,1,1081799,1261614,1,gaze_data,1741871929378,233.89023542404175,357.138729095459,1741871929239.4001,0.38112419263585806
1,1,block_2,2,Provo_ID2,1,1081799,1261614,1,gaze_data,1741871929412,251.1030912399292,362.99990713596344,1741871929306.4001,0.38112419263585806
1,1,block_2,2,Provo_ID2,1,1081799,1261614,1,gaze_data,1741871929482,263.58786821365356,361.160671710968,1741871929339.5,0.45943009281691494
1,1,block_2,2,Provo_ID2,1,1081799,1261614,1,gaze_data,1741871929550,261.07866764068604,344.44515258073807,1741871929440.9001,0.45943009281691494
1,1,block_2,2,Provo_ID2,1,1081799,1261614,1,gaze_data,1741871929607,344.32440400123596,376.3495147228241,1741871929473.7002,0.36394490550081426
1,1,block_2,2,Provo_ID2,1,1081799,1261614,1,gaze_data,1741871929646,371.1481273174286,358.9446008205414,1741871929539.2002,0.36394490550081426
1,1,block_2,2,Provo_ID2,1,1081799,1261614,1,gaze_data,1741871929693,376.93197429180145,351.83215737342834,1741871929572.5,0.3480583324527725
1,1,block_2,2,Provo_ID2,1,1081799,1261614,1,gaze_data,1741871929726,381.70716762542725,340.7831624150276,1741871929605.6,0.3480583324527725
1,1,block_2,2,Provo_ID2,1,1081799,1261614,1,gaze_data,1741871929775,382.3319345712662,332.88390785455704,1741871929639.5,0.4432647871647773
1,1,block_2,2,Provo_ID2,1,1081799,1261614,1,gaze_data,1741871929809,428.2303661108017,341.0142719745636,1741871929706.1,0.4432647871647773
1,1,block_2,2,Provo_ID2,1,1081799,1261614,1,gaze_data,1741871929857,432.20028281211853,346.67610973119736,1741871929738.8,0.4064147095433653
1,1,block_2,2,Provo_ID2,1,1081799,1261614,1,gaze_data,1741871929892,441.61714017391205,352.6645362377167,1741871929772.7002,0.4064147095433653
1,1,block_2,2,Provo_ID2,1,1081799,1261614,1,gaze_data,1741871929942,445.26586830616,348.0320408940315,1741871929805.9001,0.346703043277213
1,1,block_2,2,Provo_ID2,1,1081799,1261614,1,gaze_data,1741871929982,436.37391924858093,340.13451486825943,1741871929872.5,0.346703043277213
1,1,block_2,2,Provo_ID2,1,1081799,1261614,1,gaze_data,1741871930005,378.7653237581253,343.6850816011429,1741871929905.9001,0.346703043277213
1,1,block_2,2,Provo_ID2,1,1081799,1261614,1,gaze_data,1741871930057,322.983181476593,352.5455355644226,1741871929938.8,0.44807022225784143
1,1,block_2,2,Provo_ID2,1,1081799,1261614,1,gaze_data,1741871930091,313.2883310317993,350.3276914358139,1741871929972.7002,0.44807022225784143
1,1,block_2,2,Provo_ID2,1,1081799,1261614,1,gaze_data,1741871930138,313.63110542297363,356.1640441417694,1741871930005.7002,0.4772691788465873
1,1,block_2,2,Provo_ID2,1,1081799,1261614,1,gaze_data,1741871930177,313.3798360824585,357.2949081659317,1741871930072.1,0.4772691788465873
1,1,block_2,2,Provo_ID2,1,1081799,1261614,1,gaze_data,1741871930198,309.32913422584534,356.7329406738281,1741871930106,0.4772691788465873
1,1,block_2,2,Provo_ID2,1,1081799,1261614,1,gaze_data,1741871930247,301.35032534599304,364.45272564888,1741871930139.4001,0.39027188603406027
1,1,block_2,2,Provo_ID2,1,1081799,1261614,1,gaze_data,1741871930278,315.09636640548706,353.14559042453766,1741871930173,0.39027188603406027
1,1,block_2,2,Provo_ID2,1,1081799,1261614,1,gaze_data,1741871930335,317.70041584968567,367.1978175640106,1741871930206.1,0.4494547770905223
1,1,block_2,2,Provo_ID2,1,1081799,1261614,1,gaze_data,1741871930402,293.4180021286011,370.8161771297455,1741871930243.2002,0.4494547770905223
1,1,block_2,2,Provo_ID2,1,1081799,1261614,1,gaze_data,1741871930430,362.0276242494583,356.4077526330948,1741871930339.2002,0.4494547770905223
1,1,block_2,2,Provo_ID2,1,1081799,1261614,1,gaze_data,1741871930502,375.7287159562111,358.39267671108246,1741871930374.1,0.48087815947388585
1,1,block_2,2,Provo_ID2,1,1081799,1261614,1,gaze_data,1741871930544,375.13863146305084,350.5076676607132,1741871930439.2002,0.48087815947388585
1,1,block_2,2,Provo_ID2,1,1081799,1261614,1,gaze_data,1741871930597,376.0838180780411,350.1237094402313,1741871930472.2002,0.42631873523122643
1,1,block_2,2,Provo_ID2,1,1081799,1261614,1,gaze_data,1741871930628,364.6185100078583,353.4364312887192,1741871930506,0.42631873523122643
1,1,block_2,2,Provo_ID2,1,1081799,1261614,1,gaze_data,1741871930672,378.2999187707901,345.4341873526573,1741871930538.6,0.5211387579772113
1,1,block_2,2,Provo_ID2,1,1081799,1261614,1,gaze_data,1741871930717,392.20351576805115,351.535564661026,1741871930605.6,0.5211387579772113
1,1,block_2,2,Provo_ID2,1,1081799,1261614,1,gaze_data,1741871930744,387.4725639820099,345.35641074180603,1741871930639.3,0.5211387579772113
1,1,block_2,2,Provo_ID2,1,1081799,1261614,1,gaze_data,1741871930790,279.44992780685425,258.36895629763603,1741871930674,0.49502500550459927
1,1,block_2,2,Provo_ID2,1,1081799,1261614,1,gaze_data,1741871930831,196.1648941040039,134.7120836377144,1741871930705.8,0.49502500550459927
1,1,block_2,2,Provo_ID2,1,1081799,1261614,1,gaze_data,1741871930928,211.62688732147217,104.20062243938446,1741871930738.8,0.506715753715691
1,1,block_2,2,Provo_ID2,1,1081799,1261614,1,gaze_data,1741871930970,221.60465717315674,80.08108139038086,1741871930839.4001,0.506715753715691
1,1,block_2,2,Provo_ID2,1,1081799,1261614,1,gaze_data,1741871931016,151.04131698608398,129.26453948020935,1741871930905.5,0.9052856347395641
1,1,block_2,2,Provo_ID2,1,1081799,1261614,1,gaze_data,1741871931055,140.28844833374023,127.53043174743652,1741871930938.4001,0.9052856347395641
1,1,block_2,2,Provo_ID2,1,1081799,1261614,1,gaze_data,1741871931076,138.9730453491211,131.5457358956337,1741871930972.4001,0.9052856347395641
1,1,block_2,2,Provo_ID2,1,1081799,1261614,1,gaze_data,1741871931117,135.9816074371338,142.59740561246872,1741871931005.3,1
1,1,block_2,2,Provo_ID2,1,1081799,1261614,1,gaze_data,1741871931161,170.25976181030273,128.67009490728378,1741871931038.6,1
1,1,block_2,2,Provo_ID2,1,1081799,1261614,1,gaze_data,1741871931236,224.83733892440796,119.65315639972687,1741871931072.9001,1
1,1,block_2,2,Provo_ID2,1,1081799,1261614,1,gaze_data,1741871931297,245.01608610153198,110.91544330120087,1741871931173.1,1
1,1,block_2,2,Provo_ID2,1,1081799,1261614,1,gaze_data,1741871931343,256.8670868873596,119.5775255560875,1741871931206.5,1
1,1,block_2,2,Provo_ID2,1,1081799,1261614,1,gaze_data,1741871931392,259.33806896209717,121.21077477931976,1741871931272.1,1
1,1,block_2,2,Provo_ID2,1,1081799,1261614,1,gaze_data,1741871931437,287.5582218170166,98.31855297088623,1741871931307.1,1
1,1,block_2,2,Provo_ID2,1,1081799,1261614,1,gaze_data,1741871931485,382.8186333179474,99.99962747097015,1741871931371.9001,1
1,1,block_2,2,Provo_ID2,1,1081799,1261614,1,gaze_data,1741871931522,384.1496482491493,106.22391700744629,1741871931404.6,1
1,1,block_2,2,Provo_ID2,1,1081799,1261614,1,gaze_data,1741871931573,405.92644810676575,107.3632001876831,1741871931438.5,1
1,1,block_2,2,Provo_ID2,1,1081799,1261614,1,gaze_data,1741871931617,436.5270525217056,115.1708573102951,1741871931506.1,1
1,1,block_2,2,Provo_ID2,1,1081799,1261614,1,gaze_data,1741871931649,440.5560374259949,108.82291793823242,1741871931539.6,1
1,1,block_2,2,Provo_ID2,1,1081799,1261614,1,gaze_data,1741871931699,456.7781865596771,109.94463264942169,1741871931573.6,1
1,1,block_2,2,Provo_ID2,1,1081799,1261614,1,gaze_data,1741871931745,457.6656758785248,122.23208546638489,1741871931605.5,1
1,1,block_2,2,Provo_ID2,1,1081799,1261614,1,gaze_data,1741871931770,462.2906684875488,107.50063359737396,1741871931671.5,1
1,1,block_2,2,Provo_ID2,1,1081799,1261614,1,gaze_data,1741871931808,455.22958040237427,114.12694156169891,1741871931705.7002,1
1,1,block_2,2,Provo_ID2,1,1081799,1261614,1,gaze_data,1741871931837,426.75326466560364,137.63384371995926,1741871931738.2002,1
1,1,block_2,2,Provo_ID2,1,1081799,1261614,1,gaze_data,1741871931891,242.01626777648926,197.3794162273407,1741871931771.5,1
1,1,block_2,2,Provo_ID2,1,1081799,1261614,1,gaze_data,1741871931928,206.3204050064087,197.34692052006721,1741871931804.5,1
1,1,block_2,2,Provo_ID2,1,1081799,1261614,1,gaze_data,1741871931987,189.09883499145508,175.6819322705269,1741871931838.5,1
1,1,block_2,2,Provo_ID2,1,1081799,1261614,1,gaze_data,1741871932034,187.33673095703125,172.65308499336243,1741871931905.7002,1
1,1,block_2,2,Provo_ID2,1,1081799,1261614,1,gaze_data,1741871932060,153.912353515625,179.2900249361992,1741871931938.4001,1
1,1,block_2,2,Provo_ID2,1,1081799,1261614,1,gaze_data,1741871932105,145.63417434692383,194.4751724600792,1741871931972.5,1
1,1,block_2,2,Provo_ID2,1,1081799,1261614,1,gaze_data,1741871932155,145.63417434692383,194.4751724600792,1741871932005,1
1,1,block_2,2,Provo_ID2,1,1081799,1261614,1,gaze_data,1741871932232,142.0785427093506,200.8773036301136,1741871932109,1
1,1,block_2,2,Provo_ID2,1,1081799,1261614,1,gaze_data,1741871932268,222.86763191223145,205.02632707357407,1741871932141.9001,1
1,1,block_2,2,Provo_ID2,1,1081799,1261614,1,gaze_data,1741871932313,237.87007331848145,194.49799731373787,1741871932204.6,1
1,1,block_2,2,Provo_ID2,1,1081799,1261614,1,gaze_data,1741871932351,243.35310459136963,191.33902192115784,1741871932238.1,1
1,1,block_2,2,Provo_ID2,1,1081799,1261614,1,gaze_data,1741871932397,238.46595287322998,184.27535742521286,1741871932271.4001,1
1,1,block_2,2,Provo_ID2,1,1081799,1261614,1,gaze_data,1741871932436,235.53354740142822,201.66523233056068,1741871932305.4001,1
1,1,block_2,2,Provo_ID2,1,1081799,1261614,1,gaze_data,1741871932463,239.97427225112915,197.17287495732307,1741871932371.6,1
1,1,block_2,2,Provo_ID2,1,1081799,1261614,1,gaze_data,1741871932511,320.1977729797363,190.42754396796227,1741871932404.4001,1
1,1,block_2,2,Provo_ID2,1,1081799,1261614,1,gaze_data,1741871932545,374.0210086107254,204.90354150533676,1741871932438.4001,1
1,1,block_2,2,Provo_ID2,1,1081799,1261614,1,gaze_data,1741871932663,361.4737242460251,228.27441655099392,1741871932540.5,1
1,1,block_2,2,Provo_ID2,1,1081799,1261614,1,gaze_data,1741871932690,384.5319330692291,146.4591681957245,1741871932572.6,1
1,1,block_2,2,Provo_ID2,1,1081799,1261614,1,gaze_data,1741871932738,415.35433381795883,113.40578496456146,1741871932605,0.9475094699136393
1,1,block_2,2,Provo_ID2,1,1081799,1261614,1,gaze_data,1741871932768,435.82827150821686,251.09455212950706,1741871932670.9001,0.9475094699136393
1,1,block_2,2,Provo_ID2,1,1081799,1261614,1,gaze_data,1741871932817,515.1024460792542,203.93820703029633,1741871932704.8,0
1,1,block_2,2,Provo_ID2,1,1081799,1261614,1,gaze_data,1741871932849,564.7324085235596,150.20731687545776,1741871932737.5,0
1,1,block_2,2,Provo_ID2,1,1081799,1261614,1,gaze_data,1741871932898,461.64114475250244,198.1091633439064,1741871932771,0.07192130125762101
1,1,block_2,2,Provo_ID2,1,1081799,1261614,1,gaze_data,1741871932936,504.0639877319336,182.11572095751762,1741871932805.1,0.07192130125762101
1,1,block_2,2,Provo_ID2,1,1081799,1261614,1,gaze_data,1741871932980,506.2729477882385,176.54190808534622,1741871932870.8,0.6247144759719236
1,1,block_2,2,Provo_ID2,1,1081799,1261614,1,gaze_data,1741871933021,511.5324020385742,163.90411406755447,1741871932904.6,0.6247144759719236
1,1,block_2,2,Provo_ID2,1,1081799,1261614,1,gaze_data,1741871933042,508.2655072212219,145.80719023942947,1741871932937.6,0.6247144759719236
1,1,block_2,2,Provo_ID2,1,1081799,1261614,1,gaze_data,1741871933088,503.3171057701111,147.82332479953766,1741871932971.7002,1
1,1,block_2,2,Provo_ID2,1,1081799,1261614,1,gaze_data,1741871933125,504.54918146133423,155.69759011268616,1741871933004.5,1
1,1,block_2,2,Provo_ID2,1,1081799,1261614,1,gaze_data,1741871933177,495.53641080856323,152.68412083387375,1741871933038.3,1
1,1,block_2,2,Provo_ID2,1,1081799,1261614,1,gaze_data,1741871933215,476.93230509757996,197.73783758282661,1741871933104.6,1
1,1,block_2,2,Provo_ID2,1,1081799,1261614,1,gaze_data,1741871933265,484.6566081047058,195.585897564888,1741871933137.6,0.9156842178749485
1,1,block_2,2,Provo_ID2,1,1081799,1261614,1,gaze_data,1741871933304,469.18787956237793,201.80916637182236,1741871933171.8,0.9156842178749485
1,1,block_2,2,Provo_ID2,1,1081799,1261614,1,gaze_data,1741871933369,465.90935587882996,196.18151932954788,1741871933238,0.9163637931941024
1,1,block_2,2,Provo_ID2,1,1081799,1261614,1,gaze_data,1741871933444,454.247111082077,193.18749606609344,1741871933337.9001,0.9163637931941024
1,1,block_2,2,Provo_ID2,1,1081799,1261614,1,gaze_data,1741871933495,439.6286219358444,199.48252886533737,1741871933371.9001,0.9553238125500698
1,1,block_2,2,Provo_ID2,1,1081799,1261614,1,gaze_data,1741871933529,446.6636061668396,205.50163686275482,1741871933404.6,0.9553238125500698
1,1,block_2,2,Provo_ID2,1,1081799,1261614,1,gaze_data,1741871933579,406.06876388192177,203.40731590986252,1741871933437.7002,0.9681269039179594
1,1,block_2,2,Provo_ID2,1,1081799,1261614,1,gaze_data,1741871933612,417.18542873859406,220.82305178046227,1741871933503.7002,0.9681269039179594
1,1,block_2,2,Provo_ID2,1,1081799,1261614,1,gaze_data,1741871933672,295.33244371414185,206.38676956295967,1741871933537.6,0.954676431566067
1,1,block_2,2,Provo_ID2,1,1081799,1261614,1,gaze_data,1741871933753,253.4385085105896,212.73297853767872,1741871933649.3,0.954676431566067
1,1,block_2,2,Provo_ID2,1,1081799,1261614,1,gaze_data,1741871933817,260.25309562683105,214.53066393733025,1741871933672.1,0.8606847761535531
1,1,block_2,2,Provo_ID2,1,1081799,1261614,1,gaze_data,1741871933851,257.8691363334656,222.3747953772545,1741871933737.4001,0.8606847761535531
1,1,block_2,2,Provo_ID2,1,1081799,1261614,1,gaze_data,1741871933902,273.8457202911377,213.15960250794888,1741871933770.8,0.7870055874715584
1,1,block_2,2,Provo_ID2,1,1081799,1261614,1,gaze_data,1741871933933,178.94678115844727,248.78042414784431,1741871933837.5,0.7870055874715584
1,1,block_2,2,Provo_ID2,1,1081799,1261614,1,gaze_data,1741871933978,147.74961471557617,252.42743119597435,1741871933870.6,0.9279308297056397
1,1,block_2,2,Provo_ID2,1,1081799,1261614,1,gaze_data,1741871934013,139.7829532623291,283.5544519126415,1741871933904.6,0.9279308297056397
1,1,block_2,2,Provo_ID2,1,1081799,1261614,1,gaze_data,1741871934082,131.58411979675293,270.1294519007206,1741871933937.5,0.8569896495201297
1,1,block_2,2,Provo_ID2,1,1081799,1261614,1,gaze_data,1741871934168,124.91674423217773,281.50028213858604,1741871934044.9001,0.8569896495201297
1,1,block_2,2,Provo_ID2,1,1081799,1261614,1,gaze_data,1741871934220,188.26322555541992,288.30426037311554,1741871934104.7002,0.8749072075012502
1,1,block_2,2,Provo_ID2,1,1081799,1261614,1,gaze_data,1741871934260,281.1862826347351,297.7238357067108,1741871934137.2002,0.8749072075012502
1,1,block_2,2,Provo_ID2,1,1081799,1261614,1,gaze_data,1741871934306,292.6513671875,314.4758924841881,1741871934170.8,0.8739300973639955
1,1,block_2,2,Provo_ID2,1,1081799,1261614,1,gaze_data,1741871934340,304.78581190109253,307.83329010009766,1741871934236.8,0.8739300973639955
1,1,block_2,2,Provo_ID2,1,1081799,1261614,1,gaze_data,1741871934389,298.9023208618164,282.8959099948406,1741871934270.3,0.7257737365327056
1,1,block_2,2,Provo_ID2,1,1081799,1261614,1,gaze_data,1741871934437,308.8885188102722,283.07333067059517,1741871934304.3,0.7257737365327056
1,1,block_2,2,Provo_ID2,1,1081799,1261614,1,gaze_data,1741871934523,302.21134424209595,287.5801086425781,1741871934337.2002,0.6983292037315425
1,1,block_2,2,Provo_ID2,1,1081799,1261614,1,gaze_data,1741871934562,317.66865849494934,285.28079614043236,1741871934438.2002,0.6983292037315425
1,1,block_2,2,Provo_ID2,1,1081799,1261614,1,gaze_data,1741871934587,344.2189872264862,286.9914382696152,1741871934470.7002,0.6983292037315425
1,1,block_2,2,Provo_ID2,1,1081799,1261614,1,gaze_data,1741871934625,350.9629875421524,283.1805631518364,1741871934504,0.7290535299407916
1,1,block_2,2,Provo_ID2,1,1081799,1261614,1,gaze_data,1741871934653,381.50089234113693,264.42354023456573,1741871934536.9001,0.7290535299407916
1,1,block_2,2,Provo_ID2,1,1081799,1261614,1,gaze_data,1741871934706,401.18260979652405,219.47493441402912,1741871934570.6,0.6357248296526178
1,1,block_2,2,Provo_ID2,1,1081799,1261614,1,gaze_data,1741871934741,401.0045934468508,217.33048222959042,1741871934637.6,0.6357248296526178
1,1,block_2,2,Provo_ID2,1,1081799,1261614,1,gaze_data,1741871934819,388.92510682344437,217.51092597842216,1741871934670.4001,0.8997107835658442
1,1,block_2,2,Provo_ID2,1,1081799,1261614,1,gaze_data,1741871934920,286.93705797195435,206.81941360235214,1741871934780.2002,0.8169225282265798
1,1,block_2,2,Provo_ID2,1,1081799,1261614,1,gaze_data,1741871934967,273.0001926422119,194.7558395564556,1741871934838.1,0.8169225282265798
1,1,block_2,2,Provo_ID2,1,1081799,1261614,1,gaze_data,1741871935011,299.7654676437378,193.71226280927658,1741871934903.4001,0.7760435631325737
1,1,block_2,2,Provo_ID2,1,1081799,1261614,1,gaze_data,1741871935051,290.6177878379822,193.4443362057209,1741871934936.5,0.7760435631325737
1,1,block_2,2,Provo_ID2,1,1081799,1261614,1,gaze_data,1741871935101,260.60391664505005,205.5232584476471,1741871934970.3,0.8285113535452144
1,1,block_2,2,Provo_ID2,1,1081799,1261614,1,gaze_data,1741871935142,250.5035161972046,189.98627960681915,1741871935037.1,0.8285113535452144
1,1,block_2,2,Provo_ID2,1,1081799,1261614,1,gaze_data,1741871935164,244.59620714187622,184.1839239001274,1741871935070,0.8285113535452144
1,1,block_2,2,Provo_ID2,1,1081799,1261614,1,gaze_data,1741871935212,236.00432872772217,180.38443699479103,1741871935103.9001,0.8465463465524571
1,1,block_2,2,Provo_ID2,1,1081799,1261614,1,gaze_data,1741871935242,229.22176122665405,185.81193163990974,1741871935137.1,0.8465463465524571
1,1,block_2,2,Provo_ID2,1,1081799,1261614,1,gaze_data,1741871935263,232.7414631843567,192.100340873003,1741871935170.5,0.8465463465524571
1,1,block_2,2,Provo_ID2,1,1081799,1261614,1,gaze_data,1741871935306,226.172935962677,204.76578399538994,1741871935203.4001,0.9771279237189008
1,1,block_2,2,Provo_ID2,1,1081799,1261614,1,gaze_data,1741871935340,232.483971118927,195.11710703372955,1741871935237.1,0.9771279237189008
1,1,block_2,2,Provo_ID2,1,1081799,1261614,1,gaze_data,1741871935388,289.966356754303,193.8946269452572,1741871935269.9001,0.9973141991590597
1,1,block_2,2,Provo_ID2,1,1081799,1261614,1,gaze_data,1741871935421,371.33077681064606,193.52773427963257,1741871935303.8,0.9973141991590597
1,1,block_2,2,Provo_ID2,1,1081799,1261614,1,gaze_data,1741871935471,371.63313925266266,194.5514626801014,1741871935336.7002,0.8568828191407576
1,1,block_2,2,Provo_ID2,1,1081799,1261614,1,gaze_data,1741871935505,379.86076325178146,192.7671492099762,1741871935403.2002,0.8568828191407576
1,1,block_2,2,Provo_ID2,1,1081799,1261614,1,gaze_data,1741871935569,395.19385769963264,206.25600069761276,1741871935436.6,0.826832113020007
1,1,block_2,2,Provo_ID2,1,1081799,1261614,1,gaze_data,1741871935616,404.34185303747654,212.84875124692917,1741871935504.5,0.826832113020007
1,1,block_2,2,Provo_ID2,1,1081799,1261614,1,gaze_data,1741871935676,480.3452134132385,207.80438780784607,1741871935537.1,0.8735422061342903
1,1,block_2,2,Provo_ID2,1,1081799,1261614,1,gaze_data,1741871935709,513.5453581809998,209.23700965940952,1741871935603.4001,0.8735422061342903
1,1,block_2,2,Provo_ID2,1,1081799,1261614,1,gaze_data,1741871935731,509.18402671813965,216.078220307827,1741871935636.4001,0.8735422061342903
1,1,block_2,2,Provo_ID2,1,1081799,1261614,1,gaze_data,1741871935773,501.7245650291443,217.23504401743412,1741871935669.8,0.9194193506141688
1,1,block_2,2,Provo_ID2,1,1081799,1261614,1,gaze_data,1741871935916,146.82140350341797,344.3201467394829,1741871935807.5,1
1,1,block_2,2,Provo_ID2,1,1081799,1261614,1,gaze_data,1741871935949,132.18836784362793,349.72694367170334,1741871935837.2002,1
1,1,block_2,2,Provo_ID2,1,1081799,1261614,1,gaze_data,1741871935994,135.16383171081543,337.2829541563988,1741871935870.1,1
1,1,block_2,2,Provo_ID2,1,1081799,1261614,1,gaze_data,1741871936032,109.03558731079102,347.8688880801201,1741871935903.5,1
1,1,block_2,2,Provo_ID2,1,1081799,1261614,1,gaze_data,1741871936053,91.45116806030273,340.57289212942123,1741871935969.9001,1
1,1,block_2,2,Provo_ID2,1,1081799,1261614,1,gaze_data,1741871936100,131.92811012268066,304.9721032381058,1741871936003.1,0.43661318928359305
1,1,block_2,2,Provo_ID2,1,1081799,1261614,1,gaze_data,1741871936131,124.59087371826172,302.9796689748764,1741871936036.9001,0.43661318928359305
1,1,block_2,2,Provo_ID2,1,1081799,1261614,1,gaze_data,1741871936192,132.52081871032715,280.254016071558,1741871936069.6,0.6408753313645276
1,1,block_2,2,Provo_ID2,1,1081799,1261614,1,gaze_data,1741871936275,156.55102729797363,290.16288965940475,1741871936171,0.6408753313645276
1,1,block_2,2,Provo_ID2,1,1081799,1261614,1,gaze_data,1741871936336,293.2933807373047,291.2662386894226,1741871936204.1,0.56405768387046
1,1,block_2,2,Provo_ID2,1,1081799,1261614,1,gaze_data,1741871936369,350.43004751205444,280.07270246744156,1741871936269.5,0.56405768387046
1,1,block_2,2,Provo_ID2,1,1081799,1261614,1,gaze_data,1741871936409,349.89399909973145,270.447401702404,1741871936303,0.49069728080044306
1,1,block_2,2,Provo_ID2,1,1081799,1261614,1,gaze_data,1741871936448,363.3195102214813,277.6219420135021,1741871936335.9001,0.49069728080044306
1,1,block_2,2,Provo_ID2,1,1081799,1261614,1,gaze_data,1741871936469,380.5199474096298,274.67551305890083,1741871936369.7002,0.49069728080044306
1,1,block_2,2,Provo_ID2,1,1081799,1261614,1,gaze_data,1741871936509,373.3810693025589,272.8018932044506,1741871936402.7002,0.6921057685966161
1,1,block_2,2,Provo_ID2,1,1081799,1261614,1,gaze_data,1741871936542,361.411851644516,271.72662913799286,1741871936436.4001,0.6921057685966161
1,1,block_2,2,Provo_ID2,1,1081799,1261614,1,gaze_data,1741871936590,365.6102120876312,274.452219158411,1741871936469.4001,0.8525304095529077
1,1,block_2,2,Provo_ID2,1,1081799,1261614,1,gaze_data,1741871936630,371.8731075525284,282.8283406794071,1741871936503.2002,0.8525304095529077
1,1,block_2,2,Provo_ID2,1,1081799,1261614,1,gaze_data,1741871936652,393.24295967817307,295.2855587005615,1741871936537.4001,0.8525304095529077
1,1,block_2,2,Provo_ID2,1,1081799,1261614,1,gaze_data,1741871936708,375.3537714481354,304.4679746031761,1741871936569.9001,0.7822811961983251
1,1,block_2,2,Provo_ID2,1,1081799,1261614,1,gaze_data,1741871936749,412.4826744198799,120.2055275440216,1741871936636.7002,0.7822811961983251
1,1,block_2,2,Provo_ID2,1,1081799,1261614,1,gaze_data,1741871936804,282.09749460220337,233.19370336830616,1741871936669.8,0
1,1,block_2,2,Provo_ID2,1,1081799,1261614,1,gaze_data,1741871936845,111.85154914855957,418.0880695581436,1741871936736.2002,0
1,1,block_2,2,Provo_ID2,1,1081799,1261614,1,gaze_data,1741871936896,138.2242202758789,466.97182059288025,1741871936769.8,0
1,1,block_2,2,Provo_ID2,1,1081799,1261614,1,gaze_data,1741871936950,94.36254501342773,463.0788177251816,1741871936803.4001,0
1,1,block_2,2,Provo_ID2,1,1081799,1261614,1,gaze_data,1741871936981,94.36254501342773,463.0788177251816,1741871936836.5,0
1,1,block_2,2,Provo_ID2,1,1081799,1261614,1,gaze_data,1741871937046,122.39675521850586,379.42217886447906,1741871936937.1,0
1,1,block_2,2,Provo_ID2,1,1081799,1261614,1,gaze_data,1741871937088,136.18226051330566,373.71591329574585,1741871936970.3,0
1,1,block_2,2,Provo_ID2,1,1081799,1261614,1,gaze_data,1741871937137,133.2197666168213,387.73215413093567,1741871937002.6,0.047699207554437996
1,1,block_2,2,Provo_ID2,1,1081799,1261614,1,gaze_data,1741871937183,154.35800552368164,384.3365669250488,1741871937069,0.047699207554437996
1,1,block_2,2,Provo_ID2,1,1081799,1261614,1,gaze_data,1741871937227,260.29852628707886,381.1501920223236,1741871937103.3,0.1895218614157248
1,1,block_2,2,Provo_ID2,1,1081799,1261614,1,gaze_data,1741871937266,305.37073016166687,378.57284247875214,1741871937136.6,0.1895218614157248
1,1,block_2,2,Provo_ID2,1,1081799,1261614,1,gaze_data,1741871937286,303.39274406433105,370.13377845287323,1741871937169.6,0.1895218614157248
1,1,block_2,2,Provo_ID2,1,1081799,1261614,1,gaze_data,1741871937343,311.37129068374634,353.59398126602173,1741871937202.4001,0.29904123451747655
1,1,block_2,2,Provo_ID2,1,1081799,1261614,1,gaze_data,1741871937396,311.37129068374634,353.59398126602173,1741871937236.2002,0.29904123451747655
1,1,block_2,2,Provo_ID2,1,1081799,1261614,1,gaze_data,1741871937492,317.48583912849426,347.888520359993,1741871937311.2002,0.2691674888600529
1,1,block_2,2,Provo_ID2,1,1081799,1261614,1,gaze_data,1741871937529,398.2440773397684,346.78896367549896,1741871937403.2002,0.2691674888600529
1,1,block_2,2,Provo_ID2,1,1081799,1261614,1,gaze_data,1741871937573,453.2532513141632,356.5676122903824,1741871937436.7002,0.29570374693228463
1,1,block_2,2,Provo_ID2,1,1081799,1261614,1,gaze_data,1741871937621,460.53030490875244,354.5977532863617,1741871937502.6,0.29570374693228463
1,1,block_2,2,Provo_ID2,1,1081799,1261614,1,gaze_data,1741871937675,433.42991173267365,363.9055848121643,1741871937535.7002,0.33749881704365253
1,1,block_2,2,Provo_ID2,1,1081799,1261614,1,gaze_data,1741871937725,458.0560028553009,363.4579986333847,1741871937603,0.33749881704365253
1,1,block_2,2,Provo_ID2,1,1081799,1261614,1,gaze_data,1741871937753,474.0724205970764,368.27268302440643,1741871937636.1,0.33749881704365253
1,1,block_2,2,Provo_ID2,1,1081799,1261614,1,gaze_data,1741871937804,555.8588862419128,383.54761004447937,1741871937669.8,0.4515100730042588
1,1,block_2,2,Provo_ID2,1,1081799,1261614,1,gaze_data,1741871937848,588.1884694099426,397.2903698682785,1741871937736,0.4515100730042588
1,1,block_2,2,Provo_ID2,1,1081799,1261614,1,gaze_data,1741871937898,559.40842628479,379.959112405777,1741871937770,0.4210271408797682
1,1,block_2,2,Provo_ID2,1,1081799,1261614,1,gaze_data,1741871937958,542.7929162979126,385.79874336719513,1741871937803.4001,0.4210271408797682
1,1,block_2,2,Provo_ID2,1,1081799,1261614,1,gaze_data,1741871937985,539.2744660377502,372.6750671863556,1741871937871.1,0.4210271408797682
1,1,block_2,2,Provo_ID2,1,1081799,1261614,1,gaze_data,1741871938056,561.152446269989,378.3574014902115,1741871937903.2002,0.49542929638309247
1,1,block_2,2,Provo_ID2,1,1081799,1261614,1,gaze_data,1741871938099,569.5009112358093,387.6959890127182,1741871937974.8,0.49542929638309247
1,1,block_2,2,Provo_ID2,1,1081799,1261614,1,gaze_data,1741871938160,551.9115328788757,390.65798223018646,1741871938035.7002,0.6104017490384758
1,1,block_2,2,Provo_ID2,1,1081799,1261614,1,gaze_data,1741871938214,343.6865508556366,380.52519261837006,1741871938069,0.6104017490384758
1,1,block_2,2,Provo_ID2,1,1081799,1261614,1,gaze_data,1741871938249,269.0333366394043,382.6978862285614,1741871938136.7002,0.6104017490384758
1,1,block_2,2,Provo_ID2,1,1081799,1261614,1,gaze_data,1741871938310,258.21051597595215,352.10368633270264,1741871938169.7002,0.5123088407441012
1,1,block_2,2,Provo_ID2,1,1081799,1261614,1,gaze_data,1741871938433,271.20245695114136,359.4712823629379,1741871938296.3,0.2678771279072254
1,1,block_2,2,Provo_ID2,1,1081799,1261614,1,gaze_data,1741871938474,392.439915984869,300.9231224656105,1741871938369.6,0.2678771279072254
1,1,block_2,2,Provo_ID2,1,1081799,1261614,1,gaze_data,1741871938520,387.3656898736954,289.8224949836731,1741871938402.1,0.3576030641366636
1,1,block_2,2,Provo_ID2,1,1081799,1261614,1,gaze_data,1741871938559,402.27704234421253,295.1836198568344,1741871938435.4001,0.3576030641366636
1,1,block_2,2,Provo_ID2,1,1081799,1261614,1,gaze_data,1741871938611,416.23664647340775,299.38841462135315,1741871938468.5,0.6407943711581272
1,1,block_2,2,Provo_ID2,1,1081799,1261614,1,gaze_data,1741871938651,360.635906457901,287.5694543123245,1741871938535.3,0.6407943711581272
1,1,block_2,2,Provo_ID2,1,1081799,1261614,1,gaze_data,1741871938703,340.83152413368225,298.1528103351593,1741871938569.4001,0.6091040645682976
1,1,block_2,2,Provo_ID2,1,1081799,1261614,1,gaze_data,1741871938748,316.77955985069275,289.6001100540161,1741871938635.3,0.6091040645682976
1,1,block_2,2,Provo_ID2,1,1081799,1261614,1,gaze_data,1741871938795,330.6384325027466,277.8503954410553,1741871938668.5,0.6376015524255112
1,1,block_2,2,Provo_ID2,1,1081799,1261614,1,gaze_data,1741871938834,340.8538341522217,281.2906749546528,1741871938702.4001,0.6376015524255112
1,1,block_2,2,Provo_ID2,1,1081799,1261614,1,gaze_data,1741871938855,338.05716037750244,280.5734485387802,1741871938768.7002,0.6376015524255112
1,1,block_2,2,Provo_ID2,1,1081799,1261614,1,gaze_data,1741871938904,371.6220557689667,278.0887544155121,1741871938801.8,0.6119265535890654
1,1,block_2,2,Provo_ID2,1,1081799,1261614,1,gaze_data,1741871939027,452.5453269481659,245.6740889698267,1741871938889.9001,0.8165031351528207
1,1,block_2,2,Provo_ID2,1,1081799,1261614,1,gaze_data,1741871939068,458.6985468864441,216.1105763167143,1741871938936,0.8165031351528207
1,1,block_2,2,Provo_ID2,1,1081799,1261614,1,gaze_data,1741871939115,466.25677943229675,210.98268069326878,1741871939001.4001,0.7923922848371773
1,1,block_2,2,Provo_ID2,1,1081799,1261614,1,gaze_data,1741871939144,466.8704152107239,209.59613509476185,1741871939035.2002,0.7923922848371773
1,1,block_2,2,Provo_ID2,1,1081799,1261614,1,gaze_data,1741871939184,447.33984768390656,209.83304865658283,1741871939068.3,0.9904220087805347
1,1,block_2,2,Provo_ID2,1,1081799,1261614,1,gaze_data,1741871939223,365.9208834171295,200.4849337041378,1741871939102.5,0.9904220087805347
1,1,block_2,2,Provo_ID2,1,1081799,1261614,1,gaze_data,1741871939249,324.40974712371826,199.36462342739105,1741871939135,0.9904220087805347
1,1,block_2,2,Provo_ID2,1,1081799,1261614,1,gaze_data,1741871939296,312.6412808895111,187.81326934695244,1741871939169.3,1
1,1,block_2,2,Provo_ID2,1,1081799,1261614,1,gaze_data,1741871939425,286.2897992134094,205.80971464514732,1741871939290.5,1
1,1,block_2,2,Provo_ID2,1,1081799,1261614,1,gaze_data,1741871939465,155.83877563476562,271.63414508104324,1741871939335.4001,1
1,1,block_2,2,Provo_ID2,1,1081799,1261614,1,gaze_data,1741871939516,169.3162441253662,278.08957025408745,1741871939368.5,0.9556670934957121
1,1,block_2,2,Provo_ID2,1,1081799,1261614,1,gaze_data,1741871939546,131.8917751312256,285.9686188399792,1741871939434.9001,0.9556670934957121
1,1,block_2,2,Provo_ID2,1,1081799,1261614,1,gaze_data,1741871939596,161.43698692321777,282.8821487724781,1741871939468.9001,1
1,1,block_2,2,Provo_ID2,1,1081799,1261614,1,gaze_data,1741871939636,143.33348274230957,292.43450462818146,1741871939501.8,1
1,1,block_2,2,Provo_ID2,1,1081799,1261614,1,gaze_data,1741871939686,131.63962364196777,288.36139142513275,1741871939568.5,0.9536343564376166
1,1,block_2,2,Provo_ID2,1,1081799,1261614,1,gaze_data,1741871939722,131.8523406982422,283.8989481329918,1741871939601.8,0.9536343564376166
1,1,block_2,2,Provo_ID2,1,1081799,1261614,1,gaze_data,1741871939786,134.78360176086426,277.9290623962879,1741871939635.4001,0.9602772508882871
1,1,block_2,2,Provo_ID2,1,1081799,1261614,1,gaze_data,1741871939840,148.55785369873047,280.5715523660183,1741871939669,0.9602772508882871
1,1,block_2,2,Provo_ID2,1,1081799,1261614,1,gaze_data,1741871939869,159.11359786987305,280.2475228905678,1741871939769.8,0.9602772508882871
1,1,block_2,2,Provo_ID2,1,1081799,1261614,1,gaze_data,1741871939924,257.295024394989,299.50223714113235,1741871939802.1,0.8575896051269113
1,1,block_2,2,Provo_ID2,1,1081799,1261614,1,gaze_data,1741871939958,319.8424518108368,293.18175315856934,1741871939835.4001,0.8575896051269113
1,1,block_2,2,Provo_ID2,1,1081799,1261614,1,gaze_data,1741871940005,315.70069789886475,280.21540716290474,1741871939868,0.8832117285911454
1,1,block_2,2,Provo_ID2,1,1081799,1261614,1,gaze_data,1741871940036,322.5117087364197,287.2462034225464,1741871939934.5,0.8832117285911454
1,1,block_2,2,Provo_ID2,1,1081799,1261614,1,gaze_data,1741871940079,311.1455976963043,269.94620114564896,1741871939968.1,0.9378784979647343
1,1,block_2,2,Provo_ID2,1,1081799,1261614,1,gaze_data,1741871940124,310.1926326751709,269.67327892780304,1741871940001,0.9378784979647343
1,1,block_2,2,Provo_ID2,1,1081799,1261614,1,gaze_data,1741871940188,305.10284304618835,285.7422962784767,1741871940035.3,0.8956040739640778
1,1,block_2,2,Provo_ID2,1,1081799,1261614,1,gaze_data,1741871940253,311.99663281440735,279.82669547200203,1741871940068.9001,0.8956040739640778
1,1,block_2,2,Provo_ID2,1,1081799,1261614,1,gaze_data,1741871940317,346.18536829948425,281.6672086715698,1741871940169.8,0.7189918735724546
1,1,block_2,2,Provo_ID2,1,1081799,1261614,1,gaze_data,1741871940349,385.325388610363,295.62525302171707,1741871940235.2002,0.7189918735724546
1,1,block_2,2,Provo_ID2,1,1081799,1261614,1,gaze_data,1741871940398,317.30294823646545,258.51226449012756,1741871940267.8,0.8261517921648152
1,1,block_2,2,Provo_ID2,1,1081799,1261614,1,gaze_data,1741871940431,206.16024732589722,384.1077595949173,1741871940302.1,0.8261517921648152
1,1,block_2,2,Provo_ID2,1,1081799,1261614,1,gaze_data,1741871940479,204.39153909683228,437.71951496601105,1741871940367.9001,0
1,1,block_2,2,Provo_ID2,1,1081799,1261614,1,gaze_data,1741871940514,182.88064002990723,472.13215231895447,1741871940401.2002,0
1,1,block_2,2,Provo_ID2,1,1081799,1261614,1,gaze_data,1741871940557,145.21489143371582,400.36845803260803,1741871940435.3,0
1,1,block_2,2,Provo_ID2,1,1081799,1261614,1,gaze_data,1741871940600,153.45568656921387,392.43582487106323,1741871940468,0
1,1,block_2,2,Provo_ID2,1,1081799,1261614,1,gaze_data,1741871940690,120.59502601623535,403.13925445079803,1741871940502.1,0.158968847783589
1,1,block_2,2,Provo_ID2,1,1081799,1261614,1,gaze_data,1741871940737,121.17490768432617,399.74959790706635,1741871940602.8,0.158968847783589
1,1,block_2,2,Provo_ID2,1,1081799,1261614,1,gaze_data,1741871940774,110.1034164428711,374.01353418827057,1741871940668.2002,0.158968847783589
1,1,block_2,2,Provo_ID2,1,1081799,1261614,1,gaze_data,1741871940821,135.731840133667,397.55379259586334,1741871940701.6,0.14182141233505496
1,1,block_2,2,Provo_ID2,1,1081799,1261614,1,gaze_data,1741871940857,149.2311954498291,421.1890161037445,1741871940734,0.14182141233505496
1,1,block_2,2,Provo_ID2,1,1081799,1261614,1,gaze_data,1741871940900,308.41628313064575,411.2318366765976,1741871940768.3,0.3499497843295135
1,1,block_2,2,Provo_ID2,1,1081799,1261614,1,gaze_data,1741871940938,371.63234651088715,410.3156387805939,1741871940834.2002,0.3499497843295135
1,1,block_2,2,Provo_ID2,1,1081799,1261614,1,gaze_data,1741871940987,315.1093363761902,407.5567036867142,1741871940867.3,0.04725708095422615
1,1,block_2,2,Provo_ID2,1,1081799,1261614,1,gaze_data,1741871941027,265.9905433654785,259.7024202346802,1741871940901.6,0.04725708095422615
1,1,block_2,2,Provo_ID2,1,1081799,1261614,1,gaze_data,1741871941073,393.31547766923904,89.82556164264679,1741871940934.7002,0.13201360843392104
1,1,block_2,2,Provo_ID2,1,1081799,1261614,1,gaze_data,1741871941124,316.3816273212433,198.53878617286682,1741871941001.2002,0.13201360843392104
1,1,block_2,2,Provo_ID2,1,1081799,1261614,1,gaze_data,1741871941257,471.5845584869385,396.2155044078827,1741871941087.7002,0
1,1,block_2,2,Provo_ID2,1,1081799,1261614,1,gaze_data,1741871941288,479.86844778060913,315.1941955089569,1741871941169.5,0
1,1,block_2,2,Provo_ID2,1,1081799,1261614,1,gaze_data,1741871941341,481.6751539707184,435.793673992157,1741871941201.6,0
1,1,block_2,2,Provo_ID2,1,1081799,1261614,1,gaze_data,1741871941369,528.7652134895325,411.57658994197845,1741871941267.2002,0
1,1,block_2,2,Provo_ID2,1,1081799,1261614,1,gaze_data,1741871941415,540.8445358276367,376.37165784835815,1741871941301,0.23880489215265055
1,1,block_2,2,Provo_ID2,1,1081799,1261614,1,gaze_data,1741871941470,550.0407338142395,378.02182734012604,1741871941334.3,0.23880489215265055
1,1,block_2,2,Provo_ID2,1,1081799,1261614,1,gaze_data,1741871941490,553.1520247459412,354.37967479228973,1741871941400.8,0.23880489215265055
1,1,block_2,2,Provo_ID2,1,1081799,1261614,1,gaze_data,1741871941543,366.84005856513977,196.98856621980667,1741871941435.5,0.4555104538826921
1,1,block_2,2,Provo_ID2,1,1081799,1261614,1,gaze_data,1741871941578,329.48625683784485,147.1632033586502,1741871941467.4001,0.4555104538826921
1,1,block_2,2,Provo_ID2,1,1081799,1261614,1,gaze_data,1741871941627,334.04560685157776,133.53571146726608,1741871941501.3,0.6534704205730244
1,1,block_2,2,Provo_ID2,1,1081799,1261614,1,gaze_data,1741871941670,305.5542290210724,121.44234627485275,1741871941534.1,0.6534704205730244
1,1,block_2,2,Provo_ID2,1,1081799,1261614,1,gaze_data,1741871941718,293.84464025497437,129.08840775489807,1741871941567.5,1
1,1,block_2,2,Provo_ID2,1,1081799,1261614,1,gaze_data,1741871941764,258.54196548461914,122.65914529561996,1741871941634.5,1
1,1,block_2,2,Provo_ID2,1,1081799,1261614,1,gaze_data,1741871941786,199.9014377593994,110.45650243759155,1741871941701.3,1
1,1,block_2,2,Provo_ID2,1,1081799,1261614,1,gaze_data,1741871941831,178.38683128356934,110.10207831859589,1741871941734.4001,1
1,1,block_2,2,Provo_ID2,1,1081799,1261614,1,gaze_data,1741871941863,181.77170753479004,113.00525665283203,1741871941767.5,1
1,1,block_2,2,Provo_ID2,1,1081799,1261614,1,gaze_data,1741871941983,178.98950576782227,120.04048973321915,1741871941852.3,1
1,1,block_2,2,Provo_ID2,1,1081799,1261614,1,gaze_data,1741871942037,101.27391815185547,109.39320027828217,1741871941901.8,1
1,1,block_2,2,Provo_ID2,1,1081799,1261614,1,gaze_data,1741871942077,106.94432258605957,113.90866935253143,1741871941967.6,1
1,1,block_2,2,Provo_ID2,1,1081799,1261614,1,gaze_data,1741871942120,150.5293369293213,103.797248005867,1741871942000,1
1,1,block_2,2,Provo_ID2,1,1081799,1261614,1,gaze_data,1741871942159,177.43539810180664,97.37106263637543,1741871942033.9001,1
1,1,block_2,2,Provo_ID2,1,1081799,1261614,1,gaze_data,1741871942211,184.43517684936523,106.82345032691956,1741871942067.2002,1
1,1,block_2,2,Provo_ID2,1,1081799,1261614,1,gaze_data,1741871942284,188.34152221679688,108.94013047218323,1741871942101.3,1
1,1,block_2,2,Provo_ID2,1,1081799,1261614,1,gaze_data,1741871942348,192.94977188110352,97.1412867307663,1741871942208,1
1,1,block_2,2,Provo_ID2,1,1081799,1261614,1,gaze_data,1741871942385,199.85251426696777,104.77197766304016,1741871942267.2002,1
1,1,block_2,2,Provo_ID2,1,1081799,1261614,1,gaze_data,1741871942405,226.64655447006226,102.85547971725464,1741871942301,1
1,1,block_2,2,Provo_ID2,1,1081799,1261614,1,gaze_data,1741871942451,255.479097366333,108.62327218055725,1741871942333.9001,1
1,1,block_2,2,Provo_ID2,1,1081799,1261614,1,gaze_data,1741871942485,252.8157353401184,104.33386862277985,1741871942367.4001,1
1,1,block_2,2,Provo_ID2,1,1081799,1261614,1,gaze_data,1741871942540,251.19789838790894,107.84322619438171,1741871942400.4001,1
1,1,block_2,2,Provo_ID2,1,1081799,1261614,1,gaze_data,1741871942579,261.32893562316895,115.5959278345108,1741871942467.7002,1
1,1,block_2,2,Provo_ID2,1,1081799,1261614,1,gaze_data,1741871942626,248.43575954437256,113.08105885982513,1741871942501.1,1
1,1,block_2,2,Provo_ID2,1,1081799,1261614,1,gaze_data,1741871942667,235.4916214942932,114.31873440742493,1741871942536,1
1,1,block_2,2,Provo_ID2,1,1081799,1261614,1,gaze_data,1741871942689,228.4947395324707,104.99291718006134,1741871942600.2002,1
1,1,block_2,2,Provo_ID2,1,1081799,1261614,1,gaze_data,1741871942741,219.49584484100342,109.04472172260284,1741871942633.8,1
1,1,block_2,2,Provo_ID2,1,1081799,1261614,1,gaze_data,1741871942775,216.64493083953857,118.51846277713776,1741871942667.4001,1
1,1,block_2,2,Provo_ID2,1,1081799,1261614,1,gaze_data,1741871942796,208.79526138305664,109.88748669624329,1741871942700.6,1
1,1,block_2,2,Provo_ID2,1,1081799,1261614,1,gaze_data,1741871942843,211.76092624664307,106.07074797153473,1741871942734.2002,1
1,1,block_2,2,Provo_ID2,1,1081799,1261614,1,gaze_data,1741871942873,209.60241556167603,108.25950503349304,1741871942767.2002,1
1,1,block_2,2,Provo_ID2,1,1081799,1261614,1,gaze_data,1741871942928,231.66968822479248,99.77828562259674,1741871942800.4001,1
1,1,block_2,2,Provo_ID2,1,1081799,1261614,1,gaze_data,1741871942969,246.1791753768921,98.43145906925201,1741871942834,1
1,1,block_2,2,Provo_ID2,1,1081799,1261614,1,gaze_data,1741871943017,246.3043451309204,109.79496538639069,1741871942900.7002,1
1,1,block_2,2,Provo_ID2,1,1081799,1261614,1,gaze_data,1741871943063,262.7789616584778,115.68099856376648,1741871942933.4001,1
1,1,block_2,2,Provo_ID2,1,1081799,1261614,1,gaze_data,1741871943206,277.10105180740356,114.96859639883041,1741871943040.9001,1
1,1,block_2,2,Provo_ID2,1,1081799,1261614,1,gaze_data,1741871943230,276.78229808807373,129.57333624362946,1741871943133.7002,1
1,1,block_2,2,Provo_ID2,1,1081799,1261614,1,gaze_data,1741871943271,282.06920623779297,132.64296054840088,1741871943167.3,1
1,1,block_2,2,Provo_ID2,1,1081799,1261614,1,gaze_data,1741871943306,287.24974393844604,136.29276156425476,1741871943200,1
1,1,block_2,2,Provo_ID2,1,1081799,1261614,1,gaze_data,1741871943356,294.59632635116577,143.0068075656891,1741871943233.5,1
1,1,block_2,2,Provo_ID2,1,1081799,1261614,1,gaze_data,1741871943391,303.88519763946533,151.6771674156189,1741871943266.3,1
1,1,block_2,2,Provo_ID2,1,1081799,1261614,1,gaze_data,1741871943453,314.0297591686249,141.8497920036316,1741871943300.6,1
1,1,block_2,2,Provo_ID2,1,1081799,1261614,1,gaze_data,1741871943523,289.49427604675293,139.2151027917862,1741871943334.4001,1
1,1,block_2,2,Provo_ID2,1,1081799,1261614,1,gaze_data,1741871943593,157.18402862548828,126.78093314170837,1741871943434.7002,1
1,1,block_2,2,Provo_ID2,1,1081799,1261614,1,gaze_data,1741871943623,123.85797500610352,119.85324919223785,1741871943500.3,1
1,1,block_2,2,Provo_ID2,1,1081799,1261614,1,gaze_data,1741871943676,133.48846435546875,132.01256692409515,1741871943533.1,1
1,1,block_2,2,Provo_ID2,1,1081799,1261614,1,gaze_data,1741871943705,136.12961769104004,123.10974150896072,1741871943599.7002,1
1,1,block_2,2,Provo_ID2,1,1081799,1261614,1,gaze_data,1741871943762,124.08580780029297,121.66295051574707,1741871943633.1,1
1,1,block_2,2,Provo_ID2,1,1081799,1261614,1,gaze_data,1741871943797,123.8006591796875,109.3480795621872,1741871943666.6,1
1,1,block_2,2,Provo_ID2,1,1081799,1261614,1,gaze_data,1741871943856,128.0726432800293,114.76788520812988,1741871943733.1,1
1,1,block_2,2,Provo_ID2,1,1081799,1261614,1,gaze_data,1741871943930,280.1876664161682,111.84211671352386,1741871943825.9001,1
1,1,block_2,2,Provo_ID2,1,1081799,1261614,1,gaze_data,1741871943993,331.13163709640503,100.63817203044891,1741871943866.8,1
1,1,block_2,2,Provo_ID2,1,1081799,1261614,1,gaze_data,1741871944023,346.98617458343506,107.33792781829834,1741871943900.3,1
1,1,block_2,2,Provo_ID2,1,1081799,1261614,1,gaze_data,1741871944068,361.91815733909607,103.85120511054993,1741871943933,1
1,1,block_2,2,Provo_ID2,1,1081799,1261614,1,gaze_data,1741871944107,397.5842244923115,99.37699735164642,1741871943999.5,1
1,1,block_2,2,Provo_ID2,1,1081799,1261614,1,gaze_data,1741871944156,432.55564272403717,96.27576768398285,1741871944033.3,1
1,1,block_2,2,Provo_ID2,1,1081799,1261614,1,gaze_data,1741871944190,448.0186700820923,105.71063160896301,1741871944066.7002,1
1,1,block_2,2,Provo_ID2,1,1081799,1261614,1,gaze_data,1741871944241,482.080340385437,103.61606478691101,1741871944100.1,1
1,1,block_2,2,Provo_ID2,1,1081799,1261614,1,gaze_data,1741871944285,496.9503164291382,102.1427571773529,1741871944166.6,1
1,1,block_2,2,Provo_ID2,1,1081799,1261614,1,gaze_data,1741871944388,505.01660108566284,106.96830451488495,1741871944267.4001,1
1,1,block_2,2,Provo_ID2,1,1081799,1261614,1,gaze_data,1741871944412,547.3190426826477,106.03170692920685,1741871944300.6,1
1,1,block_2,2,Provo_ID2,1,1081799,1261614,1,gaze_data,1741871944464,563.0911946296692,113.09752464294434,1741871944334,1
1,1,block_2,2,Provo_ID2,1,1081799,1261614,1,gaze_data,1741871944493,557.5481414794922,109.49092209339142,1741871944399.3,1
1,1,block_2,2,Provo_ID2,1,1081799,1261614,1,gaze_data,1741871944539,529.5734286308289,113.0482017993927,1741871944433,1
1,1,block_2,2,Provo_ID2,1,1081799,1261614,1,gaze_data,1741871944572,257.59867429733276,148.06432127952576,1741871944466.2002,1
1,1,block_2,2,Provo_ID2,1,1081799,1261614,1,gaze_data,1741871944645,196.34599685668945,149.15057122707367,1741871944499.7002,1
1,1,block_2,2,Provo_ID2,1,1081799,1261614,1,gaze_data,1741871944716,168.4373378753662,145.63625156879425,1741871944571.8,1
1,1,block_2,2,Provo_ID2,1,1081799,1261614,1,gaze_data,1741871944742,157.82032012939453,169.3710520863533,1741871944633.5,1
1,1,block_2,2,Provo_ID2,1,1081799,1261614,1,gaze_data,1741871944800,178.49178314208984,177.70835980772972,1741871944666.7002,1
1,1,block_2,2,Provo_ID2,1,1081799,1261614,1,gaze_data,1741871944828,136.65590286254883,171.01910561323166,1741871944732.8,1
1,1,block_2,2,Provo_ID2,1,1081799,1261614,1,gaze_data,1741871944876,148.5208511352539,161.98448687791824,1741871944766.2002,1
1,1,block_2,2,Provo_ID2,1,1081799,1261614,1,gaze_data,1741871944905,133.98852348327637,174.50026273727417,1741871944799.2002,1
1,1,block_2,2,Provo_ID2,1,1081799,1261614,1,gaze_data,1741871944950,141.6325569152832,185.5405367910862,1741871944833,1
1,1,block_2,2,Provo_ID2,1,1081799,1261614,1,gaze_data,1741871944991,142.42572784423828,184.3132548034191,1741871944865.9001,1
1,1,block_2,2,Provo_ID2,1,1081799,1261614,1,gaze_data,1741871945045,207.6289176940918,179.6295441687107,1741871944899.3,1
1,1,block_2,2,Provo_ID2,1,1081799,1261614,1,gaze_data,1741871945076,335.30558943748474,171.08091562986374,1741871944966.6,1
1,1,block_2,2,Provo_ID2,1,1081799,1261614,1,gaze_data,1741871945126,334.66089963912964,173.4710469841957,1741871944999.1,1
1,1,block_2,2,Provo_ID2,1,1081799,1261614,1,gaze_data,1741871945154,345.61082124710083,181.2666080892086,1741871945032.8,1
1,1,block_2,2,Provo_ID2,1,1081799,1261614,1,gaze_data,1741871945218,348.46327900886536,173.85066896677017,1741871945065.8,1
1,1,block_2,2,Provo_ID2,1,1081799,1261614,1,gaze_data,1741871945290,392.07849875092506,175.07870346307755,1741871945100.5,1
1,1,block_2,2,Provo_ID2,1,1081799,1261614,1,gaze_data,1741871945366,458.5574984550476,197.97412902116776,1741871945200.1,1
1,1,block_2,2,Provo_ID2,1,1081799,1261614,1,gaze_data,1741871945401,645.4898834228516,226.88392773270607,1741871945300,1
1,1,block_2,2,Provo_ID2,1,1081799,1261614,1,gaze_data,1741871945449,577.7895450592041,187.787713855505,1741871945332.1,1
1,1,block_2,2,Provo_ID2,1,1081799,1261614,1,gaze_data,1741871945476,587.1334314346313,192.37375110387802,1741871945365.9001,1
1,1,block_2,2,Provo_ID2,1,1081799,1261614,1,gaze_data,1741871945528,588.9919519424438,188.11240643262863,1741871945399.4001,1
1,1,block_2,2,Provo_ID2,1,1081799,1261614,1,gaze_data,1741871945562,151.8688678741455,248.70807528495789,1741871945432.7002,1
1,1,block_2,2,Provo_ID2,1,1081799,1261614,1,gaze_data,1741871945587,151.8688678741455,248.70807528495789,1741871945466,1
1,1,block_2,2,Provo_ID2,1,1081799,1261614,1,gaze_data,1741871945693,125.50296783447266,255.30606731772423,1741871945552.6,1
1,1,block_2,2,Provo_ID2,1,1081799,1261614,1,gaze_data,1741871945714,112.80703544616699,269.1965088248253,1741871945599.6,1
1,1,block_2,2,Provo_ID2,1,1081799,1261614,1,gaze_data,1741871945757,179.1886806488037,220.50202675163746,1741871945632.6,1
1,1,block_2,2,Provo_ID2,1,1081799,1261614,1,gaze_data,1741871945789,173.1539249420166,223.91413003206253,1741871945665.5,1
1,1,block_2,2,Provo_ID2,1,1081799,1261614,1,gaze_data,1741871945837,165.95091819763184,254.89929541945457,1741871945699,1
1,1,block_2,2,Provo_ID2,1,1081799,1261614,1,gaze_data,1741871945879,115.17267227172852,275.8517920970917,1741871945765.9001,1
1,1,block_2,2,Provo_ID2,1,1081799,1261614,1,gaze_data,1741871945901,106.18185997009277,296.7208534479141,1741871945799.1,1
1,1,block_2,2,Provo_ID2,1,1081799,1261614,1,gaze_data,1741871945946,367.39509403705597,230.1118964329362,1741871945832.7002,1
1,1,block_2,2,Provo_ID2,1,1081799,1261614,1,gaze_data,1741871945976,638.1904125213623,125.83865821361542,1741871945865.9001,1
1,1,block_2,2,Provo_ID2,1,1081799,1261614,1,gaze_data,1741871946037,581.0585498809814,128.59047800302505,1741871945899.9001,1
1,1,block_2,2,Provo_ID2,1,1081799,1261614,1,gaze_data,1741871946112,339.8719549179077,220.70714123547077,1741871946006.8,1
1,1,block_2,2,Provo_ID2,1,1081799,1261614,1,gaze_data,1741871946171,87.59479522705078,376.74463391304016,1741871946043.1,0
1,1,block_2,2,Provo_ID2,1,1081799,1261614,1,gaze_data,1741871946204,102.63628959655762,268.9146012067795,1741871946099.4001,0
1,1,block_2,2,Provo_ID2,1,1081799,1261614,1,gaze_data,1741871946224,103.85537147521973,231.99089281260967,1741871946131.9001,0
1,1,block_2,2,Provo_ID2,1,1081799,1261614,1,gaze_data,1741871946276,136.70554161071777,263.2147580385208,1741871946165.6,0
1,1,block_2,2,Provo_ID2,1,1081799,1261614,1,gaze_data,1741871946308,190.2463436126709,261.1292436718941,1741871946199.5,0
1,1,block_2,2,Provo_ID2,1,1081799,1261614,1,gaze_data,1741871946368,223.02314043045044,309.0954780578613,1741871946233.4001,0.3084049973360397
1,1,block_2,2,Provo_ID2,1,1081799,1261614,1,gaze_data,1741871946419,234.9413275718689,332.94397443532944,1741871946299.5,0.3084049973360397
1,1,block_2,2,Provo_ID2,1,1081799,1261614,1,gaze_data,1741871946445,239.59643840789795,333.48698019981384,1741871946332.4001,0.3084049973360397
1,1,block_2,2,Provo_ID2,1,1081799,1261614,1,gaze_data,1741871946489,212.69491910934448,337.64704167842865,1741871946366.6,0.6854077100533554
1,1,block_2,2,Provo_ID2,1,1081799,1261614,1,gaze_data,1741871946523,223.28952550888062,372.83020317554474,1741871946399,0.6854077100533554
1,1,block_2,2,Provo_ID2,1,1081799,1261614,1,gaze_data,1741871946569,176.7932891845703,368.5873955488205,1741871946432.4001,0.7595300137224981
1,1,block_2,2,Provo_ID2,1,1081799,1261614,1,gaze_data,1741871946614,187.22596168518066,373.7395763397217,1741871946498.8,0.7595300137224981
1,1,block_2,2,Provo_ID2,1,1081799,1261614,1,gaze_data,1741871946636,184.5024585723877,362.06374168395996,1741871946532.1,0.7595300137224981
1,1,block_2,2,Provo_ID2,1,1081799,1261614,1,gaze_data,1741871946686,182.61547088623047,363.9882564544678,1741871946566.1,0.5535479241586717
1,1,block_2,2,Provo_ID2,1,1081799,1261614,1,gaze_data,1741871946723,240.92705249786377,346.7627376317978,1741871946598.7002,0.5535479241586717
1,1,block_2,2,Provo_ID2,1,1081799,1261614,1,gaze_data,1741871946780,360.0623369216919,347.09728360176086,1741871946632.8,0.5188154943907521
1,1,block_2,2,Provo_ID2,1,1081799,1261614,1,gaze_data,1741871946838,413.39452862739563,345.06519734859467,1741871946699.1,0.5188154943907521
1,1,block_2,2,Provo_ID2,1,1081799,1261614,1,gaze_data,1741871946862,406.58471658825874,348.59271198511124,1741871946766.5,0.5188154943907521
1,1,block_2,2,Provo_ID2,1,1081799,1261614,1,gaze_data,1741871946930,396.98522984981537,359.1319978237152,1741871946800.1,0.4369118177915177
1,1,block_2,2,Provo_ID2,1,1081799,1261614,1,gaze_data,1741871946974,394.4760624319315,354.0101706981659,1741871946865.7002,0.4369118177915177
1,1,block_2,2,Provo_ID2,1,1081799,1261614,1,gaze_data,1741871947022,421.2398752570152,342.1245500445366,1741871946899.3,0.6238451864929294
1,1,block_2,2,Provo_ID2,1,1081799,1261614,1,gaze_data,1741871947068,434.97501015663147,353.43722105026245,1741871946932.2002,0.6238451864929294
1,1,block_2,2,Provo_ID2,1,1081799,1261614,1,gaze_data,1741871947096,429.41145300865173,348.4532967209816,1741871946966.1,0.6238451864929294
1,1,block_2,2,Provo_ID2,1,1081799,1261614,1,gaze_data,1741871947178,420.42022943496704,326.7065569758415,1741871947043.2002,0.5927717835407149
1,1,block_2,2,Provo_ID2,1,1081799,1261614,1,gaze_data,1741871947216,237.06260919570923,266.5348969399929,1741871947099.2002,0.5927717835407149
1,1,block_2,2,Provo_ID2,1,1081799,1261614,1,gaze_data,1741871947259,229.0827751159668,255.27651458978653,1741871947131.8,0.6414252193102697
1,1,block_2,2,Provo_ID2,1,1081799,1261614,1,gaze_data,1741871947303,215.144145488739,246.30096033215523,1741871947165.3,0.6414252193102697
1,1,block_2,2,Provo_ID2,1,1081799,1261614,1,gaze_data,1741871947325,208.5076093673706,250.84578469395638,1741871947232,0.6414252193102697
1,1,block_2,2,Provo_ID2,1,1081799,1261614,1,gaze_data,1741871947388,212.634539604187,285.83573773503304,1741871947265.9001,0.8270185673713517
1,1,block_2,2,Provo_ID2,1,1081799,1261614,1,gaze_data,1741871947434,210.30523777008057,275.291933119297,1741871947300.2002,0.8270185673713517
1,1,block_2,2,Provo_ID2,1,1081799,1261614,1,gaze_data,1741871947492,223.97472858428955,281.110467761755,1741871947333.1,0.914751655887232
1,1,block_2,2,Provo_ID2,1,1081799,1261614,1,gaze_data,1741871947523,227.05905437469482,269.7910279035568,1741871947398.9001,0.914751655887232
1,1,block_2,2,Provo_ID2,1,1081799,1261614,1,gaze_data,1741871947548,227.05905437469482,269.7910279035568,1741871947431.8,0.914751655887232
1,1,block_2,2,Provo_ID2,1,1081799,1261614,1,gaze_data,1741871947601,232.34829902648926,277.08658054471016,1741871947464.8,0.9558313550031943
1,1,block_2,2,Provo_ID2,1,1081799,1261614,1,gaze_data,1741871947679,234.28819179534912,275.7769025862217,1741871947545.6,0.9558313550031943
1,1,block_2,2,Provo_ID2,1,1081799,1261614,1,gaze_data,1741871947716,258.4069490432739,290.3052181005478,1741871947598.9001,0.9558313550031943
1,1,block_2,2,Provo_ID2,1,1081799,1261614,1,gaze_data,1741871947766,292.4285888671875,369.32965219020844,1741871947633.8,1
1,1,block_2,2,Provo_ID2,1,1081799,1261614,1,gaze_data,1741871947800,360.1995378732681,200.9979583323002,1741871947698.4001,1
1,1,block_2,2,Provo_ID2,1,1081799,1261614,1,gaze_data,1741871947825,299.84798431396484,224.74330887198448,1741871947731.5,1
1,1,block_2,2,Provo_ID2,1,1081799,1261614,1,gaze_data,1741871947873,167.50106811523438,289.4984543323517,1741871947765.2002,0.7245774260754401
1,1,block_2,2,Provo_ID2,1,1081799,1261614,1,gaze_data,1741871947906,70.28379440307617,358.45226645469666,1741871947798.2002,0.7245774260754401
1,1,block_2,2,Provo_ID2,1,1081799,1261614,1,gaze_data,1741871947954,101.8503189086914,394.5457696914673,1741871947832,0
1,1,block_2,2,Provo_ID2,1,1081799,1261614,1,gaze_data,1741871947990,133.46176147460938,307.94858038425446,1741871947865.7002,0
1,1,block_2,2,Provo_ID2,1,1081799,1261614,1,gaze_data,1741871948011,151.73821449279785,224.79934375733137,1741871947899.3,0
1,1,block_2,2,Provo_ID2,1,1081799,1261614,1,gaze_data,1741871948062,105.32922744750977,229.96265944093466,1741871947931.1,0
1,1,block_2,2,Provo_ID2,1,1081799,1261614,1,gaze_data,1741871948100,100.41165351867676,250.02041310071945,1741871947998.6,0
1,1,block_2,2,Provo_ID2,1,1081799,1261614,1,gaze_data,1741871948160,96.42167091369629,262.1441915631294,1741871948031.4001,0.2751250035462123
1,1,block_2,2,Provo_ID2,1,1081799,1261614,1,gaze_data,1741871948229,223.95150661468506,194.39720958471298,1741871948127.8,0.2751250035462123
1,1,block_2,2,Provo_ID2,1,1081799,1261614,1,gaze_data,1741871948289,250.02460479736328,196.13043814897537,1741871948132.5,0.7063062451218547
1,1,block_2,2,Provo_ID2,1,1081799,1261614,1,gaze_data,1741871948323,261.07115745544434,195.74019536376,1741871948198.7002,0.7063062451218547
1,1,block_2,2,Provo_ID2,1,1081799,1261614,1,gaze_data,1741871948370,271.58790826797485,203.07527333498,1741871948232,1
1,1,block_2,2,Provo_ID2,1,1081799,1261614,1,gaze_data,1741871948406,313.33749890327454,194.1782183945179,1741871948298,1
1,1,block_2,2,Provo_ID2,1,1081799,1261614,1,gaze_data,1741871948460,345.15342712402344,198.1527864933014,1741871948330.9001,0.9915746573679223
1,1,block_2,2,Provo_ID2,1,1081799,1261614,1,gaze_data,1741871948493,378.0005946755409,203.08640450239182,1741871948398.1,0.9915746573679223
1,1,block_2,2,Provo_ID2,1,1081799,1261614,1,gaze_data,1741871948515,368.75266432762146,216.84962920844555,1741871948431.8,0.9915746573679223
1,1,block_2,2,Provo_ID2,1,1081799,1261614,1,gaze_data,1741871948671,439.6179527044296,346.11716717481613,1741871948537.2002,1
1,1,block_2,2,Provo_ID2,1,1081799,1261614,1,gaze_data,1741871948715,415.5709758400917,349.5749667286873,1741871948598.1,1
1,1,block_2,2,Provo_ID2,1,1081799,1261614,1,gaze_data,1741871948740,393.38974952697754,341.7401671409607,1741871948631.3,1
1,1,block_2,2,Provo_ID2,1,1081799,1261614,1,gaze_data,1741871948787,380.0666391849518,348.63702803850174,1741871948664.5,0.8835567990970139
1,1,block_2,2,Provo_ID2,1,1081799,1261614,1,gaze_data,1741871948830,377.2160992026329,338.5667487978935,1741871948698.2002,0.8835567990970139
1,1,block_2,2,Provo_ID2,1,1081799,1261614,1,gaze_data,1741871948887,403.1670194119215,349.4390085339546,1741871948765.4001,0.8708928065054944
1,1,block_2,2,Provo_ID2,1,1081799,1261614,1,gaze_data,1741871948932,407.058946788311,333.6840629577637,1741871948798.3,0.8708928065054944
1,1,block_2,2,Provo_ID2,1,1081799,1261614,1,gaze_data,1741871948960,429.73102927207947,332.7728718519211,1741871948864.6,0.8708928065054944
1,1,block_2,2,Provo_ID2,1,1081799,1261614,1,gaze_data,1741871949035,434.1209262609482,334.76311564445496,1741871948898.5,0.9377875654915061
1,1,block_2,2,Provo_ID2,1,1081799,1261614,1,gaze_data,1741871949103,439.876526594162,346.3751807808876,1741871948966,0.9377875654915061
1,1,block_2,2,Provo_ID2,1,1081799,1261614,1,gaze_data,1741871949166,447.6340889930725,355.3510367870331,1741871949033.3,0.9377875654915061
1,1,block_2,2,Provo_ID2,1,1081799,1261614,1,gaze_data,1741871949231,458.31496119499207,356.30661845207214,1741871949098.5,0.8654049422293716
1,1,block_2,2,Provo_ID2,1,1081799,1261614,1,gaze_data,1741871949271,457.85465836524963,350.9443461894989,1741871949165.1,0.8654049422293716
1,1,block_2,2,Provo_ID2,1,1081799,1261614,1,gaze_data,1741871949319,407.07361698150635,346.21012061834335,1741871949197.7002,1
1,1,block_2,2,Provo_ID2,1,1081799,1261614,1,gaze_data,1741871949361,407.7479921281338,335.4179248213768,1741871949231.4001,1
1,1,block_2,2,Provo_ID2,1,1081799,1261614,1,gaze_data,1741871949383,417.90851354599,337.7556636929512,1741871949298.2002,1
1,1,block_2,2,Provo_ID2,1,1081799,1261614,1,gaze_data,1741871949440,264.68214988708496,195.84544599056244,1741871949331.1,0.9983258759411644
1,1,block_2,2,Provo_ID2,1,1081799,1261614,1,gaze_data,1741871949574,210.30644178390503,119.80073004961014,1741871949465.1,0.934111664336994
1,1,block_2,2,Provo_ID2,1,1081799,1261614,1,gaze_data,1741871949613,213.92165422439575,117.15896278619766,1741871949499.1,0.934111664336994
1,1,block_2,2,Provo_ID2,1,1081799,1261614,1,gaze_x,"",
1,1,block_2,2,Provo_ID2,1,1081799,1261614,1,gaze_y,"",
1,1,block_2,2,Provo_ID2,1,1081799,1261614,1,el_x,"",
1,1,block_2,2,Provo_ID2,1,1081799,1261614,1,applied_drift,1741871860840,
1,1,block_2,2,Provo_ID2,1,1081799,1261614,1,applied_drift,1741871888362,0.38596391677856445,-39.96341824531555
1,1,block_2,2,Provo_ID2,1,1081799,1261614,1,applied_drift,1741871888410,0.38596391677856445,-39.96341824531555
1,1,block_2,2,Provo_ID2,1,1081799,1261614,1,applied_drift,1741871888443,0.38596391677856445,-39.96341824531555
1,1,block_2,2,Provo_ID2,1,1081799,1261614,1,applied_drift,1741871888501,0.38596391677856445,-39.96341824531555
1,1,block_2,2,Provo_ID2,1,1081799,1261614,1,applied_drift,1741871888606,0.38596391677856445,-39.96341824531555
1,1,block_2,2,Provo_ID2,1,1081799,1261614,1,applied_drift,1741871888650,0.38596391677856445,-39.96341824531555
1,1,block_2,2,Provo_ID2,1,1081799,1261614,1,applied_drift,1741871888696,0.38596391677856445,-39.96341824531555
1,1,block_2,2,Provo_ID2,1,1081799,1261614,1,applied_drift,1741871888737,0.38596391677856445,-39.96341824531555
1,1,block_2,2,Provo_ID2,1,1081799,1261614,1,applied_drift,1741871888787,0.38596391677856445,-39.96341824531555
1,1,block_2,2,Provo_ID2,1,1081799,1261614,1,applied_drift,1741871888828,0.38596391677856445,-39.96341824531555
1,1,block_2,2,Provo_ID2,1,1081799,1261614,1,applied_drift,1741871888912,0.38596391677856445,-39.96341824531555
1,1,block_2,2,Provo_ID2,1,1081799,1261614,1,applied_drift,1741871888977,0.38596391677856445,-39.96341824531555
1,1,block_2,2,Provo_ID2,1,1081799,1261614,1,applied_drift,1741871889039,0.38596391677856445,-39.96341824531555
1,1,block_2,2,Provo_ID2,1,1081799,1261614,1,applied_drift,1741871889077,0.38596391677856445,-39.96341824531555
1,1,block_2,2,Provo_ID2,1,1081799,1261614,1,applied_drift,1741871889121,0.38596391677856445,-39.96341824531555
1,1,block_2,2,Provo_ID2,1,1081799,1261614,1,applied_drift,1741871889159,0.38596391677856445,-39.96341824531555
1,1,block_2,2,Provo_ID2,1,1081799,1261614,1,applied_drift,1741871889203,0.38596391677856445,-39.96341824531555
1,1,block_2,2,Provo_ID2,1,1081799,1261614,1,applied_drift,1741871889244,0.38596391677856445,-39.96341824531555
1,1,block_2,2,Provo_ID2,1,1081799,1261614,1,applied_drift,1741871889264,0.38596391677856445,-39.96341824531555
1,1,block_2,2,Provo_ID2,1,1081799,1261614,1,applied_drift,1741871889305,0.38596391677856445,-39.96341824531555
1,1,block_2,2,Provo_ID2,1,1081799,1261614,1,applied_drift,1741871889335,0.38596391677856445,-39.96341824531555
1,1,block_2,2,Provo_ID2,1,1081799,1261614,1,applied_drift,1741871889403,0.38596391677856445,-39.96341824531555
1,1,block_2,2,Provo_ID2,1,1081799,1261614,1,applied_drift,1741871889466,0.38596391677856445,-39.96341824531555
1,1,block_2,2,Provo_ID2,1,1081799,1261614,1,applied_drift,1741871889528,0.38596391677856445,-39.96341824531555
1,1,block_2,2,Provo_ID2,1,1081799,1261614,1,applied_drift,1741871889564,0.38596391677856445,-39.96341824531555
1,1,block_2,2,Provo_ID2,1,1081799,1261614,1,applied_drift,1741871889609,0.38596391677856445,-39.96341824531555
1,1,block_2,2,Provo_ID2,1,1081799,1261614,1,applied_drift,1741871889647,0.38596391677856445,-39.96341824531555
1,1,block_2,2,Provo_ID2,1,1081799,1261614,1,applied_drift,1741871889698,0.38596391677856445,-39.96341824531555
1,1,block_2,2,Provo_ID2,1,1081799,1261614,1,applied_drift,1741871889729,0.38596391677856445,-39.96341824531555
1,1,block_2,2,Provo_ID2,1,1081799,1261614,1,applied_drift,1741871889781,0.38596391677856445,-39.96341824531555
1,1,block_2,2,Provo_ID2,1,1081799,1261614,1,applied_drift,1741871889832,0.38596391677856445,-39.96341824531555
1,1,block_2,2,Provo_ID2,1,1081799,1261614,1,applied_drift,1741871889859,0.38596391677856445,-39.96341824531555
1,1,block_2,2,Provo_ID2,1,1081799,1261614,1,applied_drift,1741871889943,0.38596391677856445,-39.96341824531555
1,1,block_2,2,Provo_ID2,1,1081799,1261614,1,applied_drift,1741871889974,0.38596391677856445,-39.96341824531555
1,1,block_2,2,Provo_ID2,1,1081799,1261614,1,applied_drift,1741871890024,0.38596391677856445,-39.96341824531555
1,1,block_2,2,Provo_ID2,1,1081799,1261614,1,applied_drift,1741871890055,0.38596391677856445,-39.96341824531555
1,1,block_2,2,Provo_ID2,1,1081799,1261614,1,applied_drift,1741871890109,0.38596391677856445,-39.96341824531555
1,1,block_2,2,Provo_ID2,1,1081799,1261614,1,applied_drift,1741871890142,0.38596391677856445,-39.96341824531555
1,1,block_2,2,Provo_ID2,1,1081799,1261614,1,applied_drift,1741871890191,0.38596391677856445,-39.96341824531555
1,1,block_2,2,Provo_ID2,1,1081799,1261614,1,applied_drift,1741871890225,0.38596391677856445,-39.96341824531555
1,1,block_2,2,Provo_ID2,1,1081799,1261614,1,applied_drift,1741871890287,0.38596391677856445,-39.96341824531555
1,1,block_2,2,Provo_ID2,1,1081799,1261614,1,applied_drift,1741871890346,0.38596391677856445,-39.96341824531555
1,1,block_2,2,Provo_ID2,1,1081799,1261614,1,applied_drift,1741871890376,0.38596391677856445,-39.96341824531555
1,1,block_2,2,Provo_ID2,1,1081799,1261614,1,applied_drift,1741871890424,0.38596391677856445,-39.96341824531555
1,1,block_2,2,Provo_ID2,1,1081799,1261614,1,applied_drift,1741871890460,0.38596391677856445,-39.96341824531555
1,1,block_2,2,Provo_ID2,1,1081799,1261614,1,applied_drift,1741871890500,0.38596391677856445,-39.96341824531555
1,1,block_2,2,Provo_ID2,1,1081799,1261614,1,applied_drift,1741871890533,0.38596391677856445,-39.96341824531555
1,1,block_2,2,Provo_ID2,1,1081799,1261614,1,applied_drift,1741871890559,0.38596391677856445,-39.96341824531555
1,1,block_2,2,Provo_ID2,1,1081799,1261614,1,applied_drift,1741871890621,0.38596391677856445,-39.96341824531555
1,1,block_2,2,Provo_ID2,1,1081799,1261614,1,applied_drift,1741871890656,0.38596391677856445,-39.96341824531555
1,1,block_2,2,Provo_ID2,1,1081799,1261614,1,applied_drift,1741871890706,0.38596391677856445,-39.96341824531555
1,1,block_2,2,Provo_ID2,1,1081799,1261614,1,applied_drift,1741871890746,0.38596391677856445,-39.96341824531555
1,1,block_2,2,Provo_ID2,1,1081799,1261614,1,applied_drift,1741871890790,0.38596391677856445,-39.96341824531555
1,1,block_2,2,Provo_ID2,1,1081799,1261614,1,applied_drift,1741871890831,0.38596391677856445,-39.96341824531555
1,1,block_2,2,Provo_ID2,1,1081799,1261614,1,applied_drift,1741871890853,0.38596391677856445,-39.96341824531555
1,1,block_2,2,Provo_ID2,1,1081799,1261614,1,applied_drift,1741871890895,0.38596391677856445,-39.96341824531555
1,1,block_2,2,Provo_ID2,1,1081799,1261614,1,applied_drift,1741871890929,0.38596391677856445,-39.96341824531555
1,1,block_2,2,Provo_ID2,1,1081799,1261614,1,applied_drift,1741871890987,0.38596391677856445,-39.96341824531555
1,1,block_2,2,Provo_ID2,1,1081799,1261614,1,applied_drift,1741871891055,0.38596391677856445,-39.96341824531555
1,1,block_2,2,Provo_ID2,1,1081799,1261614,1,applied_drift,1741871891088,0.38596391677856445,-39.96341824531555
1,1,block_2,2,Provo_ID2,1,1081799,1261614,1,applied_drift,1741871891154,0.38596391677856445,-39.96341824531555
1,1,block_2,2,Provo_ID2,1,1081799,1261614,1,applied_drift,1741871891184,0.38596391677856445,-39.96341824531555
1,1,block_2,2,Provo_ID2,1,1081799,1261614,1,applied_drift,1741871891239,0.38596391677856445,-39.96341824531555
1,1,block_2,2,Provo_ID2,1,1081799,1261614,1,applied_drift,1741871891279,0.38596391677856445,-39.96341824531555
1,1,block_2,2,Provo_ID2,1,1081799,1261614,1,applied_drift,1741871891340,0.38596391677856445,-39.96341824531555
1,1,block_2,2,Provo_ID2,1,1081799,1261614,1,applied_drift,1741871891379,0.38596391677856445,-39.96341824531555
1,1,block_2,2,Provo_ID2,1,1081799,1261614,1,applied_drift,1741871891447,0.38596391677856445,-39.96341824531555
1,1,block_2,2,Provo_ID2,1,1081799,1261614,1,applied_drift,1741871891537,0.38596391677856445,-39.96341824531555
1,1,block_2,2,Provo_ID2,1,1081799,1261614,1,applied_drift,1741871891582,0.38596391677856445,-39.96341824531555
1,1,block_2,2,Provo_ID2,1,1081799,1261614,1,applied_drift,1741871891637,0.38596391677856445,-39.96341824531555
1,1,block_2,2,Provo_ID2,1,1081799,1261614,1,applied_drift,1741871891670,0.38596391677856445,-39.96341824531555
1,1,block_2,2,Provo_ID2,1,1081799,1261614,1,applied_drift,1741871891718,0.38596391677856445,-39.96341824531555
1,1,block_2,2,Provo_ID2,1,1081799,1261614,1,applied_drift,1741871891751,0.38596391677856445,-39.96341824531555
1,1,block_2,2,Provo_ID2,1,1081799,1261614,1,applied_drift,1741871891800,0.38596391677856445,-39.96341824531555
1,1,block_2,2,Provo_ID2,1,1081799,1261614,1,applied_drift,1741871891836,0.38596391677856445,-39.96341824531555
1,1,block_2,2,Provo_ID2,1,1081799,1261614,1,applied_drift,1741871891893,0.38596391677856445,-39.96341824531555
1,1,block_2,2,Provo_ID2,1,1081799,1261614,1,applied_drift,1741871891977,0.38596391677856445,-39.96341824531555
1,1,block_2,2,Provo_ID2,1,1081799,1261614,1,applied_drift,1741871892001,0.38596391677856445,-39.96341824531555
1,1,block_2,2,Provo_ID2,1,1081799,1261614,1,applied_drift,1741871892043,0.38596391677856445,-39.96341824531555
1,1,block_2,2,Provo_ID2,1,1081799,1261614,1,applied_drift,1741871892076,0.38596391677856445,-39.96341824531555
1,1,block_2,2,Provo_ID2,1,1081799,1261614,1,applied_drift,1741871892123,0.38596391677856445,-39.96341824531555
1,1,block_2,2,Provo_ID2,1,1081799,1261614,1,applied_drift,1741871892156,0.38596391677856445,-39.96341824531555
1,1,block_2,2,Provo_ID2,1,1081799,1261614,1,applied_drift,1741871892211,0.38596391677856445,-39.96341824531555
1,1,block_2,2,Provo_ID2,1,1081799,1261614,1,applied_drift,1741871892290,0.38596391677856445,-39.96341824531555
1,1,block_2,2,Provo_ID2,1,1081799,1261614,1,applied_drift,1741871892346,0.38596391677856445,-39.96341824531555
1,1,block_2,2,Provo_ID2,1,1081799,1261614,1,applied_drift,1741871892388,0.38596391677856445,-39.96341824531555
1,1,block_2,2,Provo_ID2,1,1081799,1261614,1,applied_drift,1741871892434,0.38596391677856445,-39.96341824531555
1,1,block_2,2,Provo_ID2,1,1081799,1261614,1,applied_drift,1741871892465,0.38596391677856445,-39.96341824531555
1,1,block_2,2,Provo_ID2,1,1081799,1261614,1,applied_drift,1741871892518,0.38596391677856445,-39.96341824531555
1,1,block_2,2,Provo_ID2,1,1081799,1261614,1,applied_drift,1741871892547,0.38596391677856445,-39.96341824531555
1,1,block_2,2,Provo_ID2,1,1081799,1261614,1,applied_drift,1741871892605,0.38596391677856445,-39.96341824531555
1,1,block_2,2,Provo_ID2,1,1081799,1261614,1,applied_drift,1741871892647,0.38596391677856445,-39.96341824531555
1,1,block_2,2,Provo_ID2,1,1081799,1261614,1,applied_drift,1741871892705,0.38596391677856445,-39.96341824531555
1,1,block_2,2,Provo_ID2,1,1081799,1261614,1,applied_drift,1741871892734,0.38596391677856445,-39.96341824531555
1,1,block_2,2,Provo_ID2,1,1081799,1261614,1,applied_drift,1741871892779,0.38596391677856445,-39.96341824531555
1,1,block_2,2,Provo_ID2,1,1081799,1261614,1,applied_drift,1741871892811,0.38596391677856445,-39.96341824531555
1,1,block_2,2,Provo_ID2,1,1081799,1261614,1,applied_drift,1741871892855,0.38596391677856445,-39.96341824531555
1,1,block_2,2,Provo_ID2,1,1081799,1261614,1,applied_drift,1741871892896,0.38596391677856445,-39.96341824531555
1,1,block_2,2,Provo_ID2,1,1081799,1261614,1,applied_drift,1741871892917,0.38596391677856445,-39.96341824531555
1,1,block_2,2,Provo_ID2,1,1081799,1261614,1,applied_drift,1741871892968,0.38596391677856445,-39.96341824531555
1,1,block_2,2,Provo_ID2,1,1081799,1261614,1,applied_drift,1741871893002,0.38596391677856445,-39.96341824531555
1,1,block_2,2,Provo_ID2,1,1081799,1261614,1,applied_drift,1741871893053,0.38596391677856445,-39.96341824531555
1,1,block_2,2,Provo_ID2,1,1081799,1261614,1,applied_drift,1741871893097,0.38596391677856445,-39.96341824531555
1,1,block_2,2,Provo_ID2,1,1081799,1261614,1,applied_drift,1741871893147,0.38596391677856445,-39.96341824531555
1,1,block_2,2,Provo_ID2,1,1081799,1261614,1,applied_drift,1741871893192,0.38596391677856445,-39.96341824531555
1,1,block_2,2,Provo_ID2,1,1081799,1261614,1,applied_drift,1741871893257,0.38596391677856445,-39.96341824531555
1,1,block_2,2,Provo_ID2,1,1081799,1261614,1,applied_drift,1741871893322,0.38596391677856445,-39.96341824531555
1,1,block_2,2,Provo_ID2,1,1081799,1261614,1,applied_drift,1741871893383,0.38596391677856445,-39.96341824531555
1,1,block_2,2,Provo_ID2,1,1081799,1261614,1,applied_drift,1741871893421,0.38596391677856445,-39.96341824531555
1,1,block_2,2,Provo_ID2,1,1081799,1261614,1,applied_drift,1741871893463,0.38596391677856445,-39.96341824531555
1,1,block_2,2,Provo_ID2,1,1081799,1261614,1,applied_drift,1741871893494,0.38596391677856445,-39.96341824531555
1,1,block_2,2,Provo_ID2,1,1081799,1261614,1,applied_drift,1741871893544,0.38596391677856445,-39.96341824531555
1,1,block_2,2,Provo_ID2,1,1081799,1261614,1,applied_drift,1741871893584,0.38596391677856445,-39.96341824531555
1,1,block_2,2,Provo_ID2,1,1081799,1261614,1,applied_drift,1741871893645,0.38596391677856445,-39.96341824531555
1,1,block_2,2,Provo_ID2,1,1081799,1261614,1,applied_drift,1741871893723,0.38596391677856445,-39.96341824531555
1,1,block_2,2,Provo_ID2,1,1081799,1261614,1,applied_drift,1741871893779,0.38596391677856445,-39.96341824531555
1,1,block_2,2,Provo_ID2,1,1081799,1261614,1,applied_drift,1741871893814,0.38596391677856445,-39.96341824531555
1,1,block_2,2,Provo_ID2,1,1081799,1261614,1,applied_drift,1741871893857,0.38596391677856445,-39.96341824531555
1,1,block_2,2,Provo_ID2,1,1081799,1261614,1,applied_drift,1741871893896,0.38596391677856445,-39.96341824531555
1,1,block_2,2,Provo_ID2,1,1081799,1261614,1,applied_drift,1741871893945,0.38596391677856445,-39.96341824531555
1,1,block_2,2,Provo_ID2,1,1081799,1261614,1,applied_drift,1741871893985,0.38596391677856445,-39.96341824531555
1,1,block_2,2,Provo_ID2,1,1081799,1261614,1,applied_drift,1741871894067,0.38596391677856445,-39.96341824531555
1,1,block_2,2,Provo_ID2,1,1081799,1261614,1,applied_drift,1741871894113,0.38596391677856445,-39.96341824531555
1,1,block_2,2,Provo_ID2,1,1081799,1261614,1,applied_drift,1741871894167,0.38596391677856445,-39.96341824531555
1,1,block_2,2,Provo_ID2,1,1081799,1261614,1,applied_drift,1741871894199,0.38596391677856445,-39.96341824531555
1,1,block_2,2,Provo_ID2,1,1081799,1261614,1,applied_drift,1741871894244,0.38596391677856445,-39.96341824531555
1,1,block_2,2,Provo_ID2,1,1081799,1261614,1,applied_drift,1741871894273,0.38596391677856445,-39.96341824531555
1,1,block_2,2,Provo_ID2,1,1081799,1261614,1,applied_drift,1741871894326,0.38596391677856445,-39.96341824531555
1,1,block_2,2,Provo_ID2,1,1081799,1261614,1,applied_drift,1741871894390,0.38596391677856445,-39.96341824531555
1,1,block_2,2,Provo_ID2,1,1081799,1261614,1,applied_drift,1741871894426,0.38596391677856445,-39.96341824531555
1,1,block_2,2,Provo_ID2,1,1081799,1261614,1,applied_drift,1741871894483,0.38596391677856445,-39.96341824531555
1,1,block_2,2,Provo_ID2,1,1081799,1261614,1,applied_drift,1741871894518,0.38596391677856445,-39.96341824531555
1,1,block_2,2,Provo_ID2,1,1081799,1261614,1,applied_drift,1741871894564,0.38596391677856445,-39.96341824531555
1,1,block_2,2,Provo_ID2,1,1081799,1261614,1,applied_drift,1741871894598,0.38596391677856445,-39.96341824531555
1,1,block_2,2,Provo_ID2,1,1081799,1261614,1,applied_drift,1741871894646,0.38596391677856445,-39.96341824531555
1,1,block_2,2,Provo_ID2,1,1081799,1261614,1,applied_drift,1741871894693,0.38596391677856445,-39.96341824531555
1,1,block_2,2,Provo_ID2,1,1081799,1261614,1,applied_drift,1741871894745,0.38596391677856445,-39.96341824531555
1,1,block_2,2,Provo_ID2,1,1081799,1261614,1,applied_drift,1741871894787,0.38596391677856445,-39.96341824531555
1,1,block_2,2,Provo_ID2,1,1081799,1261614,1,applied_drift,1741871894834,0.38596391677856445,-39.96341824531555
1,1,block_2,2,Provo_ID2,1,1081799,1261614,1,applied_drift,1741871894873,0.38596391677856445,-39.96341824531555
1,1,block_2,2,Provo_ID2,1,1081799,1261614,1,applied_drift,1741871894894,0.38596391677856445,-39.96341824531555
1,1,block_2,2,Provo_ID2,1,1081799,1261614,1,applied_drift,1741871894936,0.38596391677856445,-39.96341824531555
1,1,block_2,2,Provo_ID2,1,1081799,1261614,1,applied_drift,1741871894969,0.38596391677856445,-39.96341824531555
1,1,block_2,2,Provo_ID2,1,1081799,1261614,1,applied_drift,1741871895023,0.38596391677856445,-39.96341824531555
1,1,block_2,2,Provo_ID2,1,1081799,1261614,1,applied_drift,1741871895060,0.38596391677856445,-39.96341824531555
1,1,block_2,2,Provo_ID2,1,1081799,1261614,1,applied_drift,1741871895108,0.38596391677856445,-39.96341824531555
1,1,block_2,2,Provo_ID2,1,1081799,1261614,1,applied_drift,1741871895153,0.38596391677856445,-39.96341824531555
1,1,block_2,2,Provo_ID2,1,1081799,1261614,1,applied_drift,1741871895208,0.38596391677856445,-39.96341824531555
1,1,block_2,2,Provo_ID2,1,1081799,1261614,1,applied_drift,1741871895268,0.38596391677856445,-39.96341824531555
1,1,block_2,2,Provo_ID2,1,1081799,1261614,1,applied_drift,1741871895298,0.38596391677856445,-39.96341824531555
1,1,block_2,2,Provo_ID2,1,1081799,1261614,1,applied_drift,1741871895357,0.38596391677856445,-39.96341824531555
1,1,block_2,2,Provo_ID2,1,1081799,1261614,1,applied_drift,1741871895390,0.38596391677856445,-39.96341824531555
1,1,block_2,2,Provo_ID2,1,1081799,1261614,1,applied_drift,1741871895410,0.38596391677856445,-39.96341824531555
1,1,block_2,2,Provo_ID2,1,1081799,1261614,1,applied_drift,1741871895452,0.38596391677856445,-39.96341824531555
1,1,block_2,2,Provo_ID2,1,1081799,1261614,1,applied_drift,1741871895487,0.38596391677856445,-39.96341824531555
1,1,block_2,2,Provo_ID2,1,1081799,1261614,1,applied_drift,1741871895539,0.38596391677856445,-39.96341824531555
1,1,block_2,2,Provo_ID2,1,1081799,1261614,1,applied_drift,1741871895572,0.38596391677856445,-39.96341824531555
1,1,block_2,2,Provo_ID2,1,1081799,1261614,1,applied_drift,1741871895601,0.38596391677856445,-39.96341824531555
1,1,block_2,2,Provo_ID2,1,1081799,1261614,1,applied_drift,1741871895709,0.38596391677856445,-39.96341824531555
1,1,block_2,2,Provo_ID2,1,1081799,1261614,1,applied_drift,1741871895760,0.38596391677856445,-39.96341824531555
1,1,block_2,2,Provo_ID2,1,1081799,1261614,1,applied_drift,1741871895798,0.38596391677856445,-39.96341824531555
1,1,block_2,2,Provo_ID2,1,1081799,1261614,1,applied_drift,1741871895843,0.38596391677856445,-39.96341824531555
1,1,block_2,2,Provo_ID2,1,1081799,1261614,1,applied_drift,1741871895881,0.38596391677856445,-39.96341824531555
1,1,block_2,2,Provo_ID2,1,1081799,1261614,1,applied_drift,1741871895939,0.38596391677856445,-39.96341824531555
1,1,block_2,2,Provo_ID2,1,1081799,1261614,1,applied_drift,1741871895975,0.38596391677856445,-39.96341824531555
1,1,block_2,2,Provo_ID2,1,1081799,1261614,1,applied_drift,1741871896003,0.38596391677856445,-39.96341824531555
1,1,block_2,2,Provo_ID2,1,1081799,1261614,1,applied_drift,1741871896062,0.38596391677856445,-39.96341824531555
1,1,block_2,2,Provo_ID2,1,1081799,1261614,1,applied_drift,1741871896122,0.38596391677856445,-39.96341824531555
1,1,block_2,2,Provo_ID2,1,1081799,1261614,1,applied_drift,1741871896172,0.38596391677856445,-39.96341824531555
1,1,block_2,2,Provo_ID2,1,1081799,1261614,1,applied_drift,1741871896207,0.38596391677856445,-39.96341824531555
1,1,block_2,2,Provo_ID2,1,1081799,1261614,1,applied_drift,1741871896233,0.38596391677856445,-39.96341824531555
1,1,block_2,2,Provo_ID2,1,1081799,1261614,1,applied_drift,1741871896277,0.38596391677856445,-39.96341824531555
1,1,block_2,2,Provo_ID2,1,1081799,1261614,1,applied_drift,1741871896311,0.38596391677856445,-39.96341824531555
1,1,block_2,2,Provo_ID2,1,1081799,1261614,1,applied_drift,1741871896360,0.38596391677856445,-39.96341824531555
1,1,block_2,2,Provo_ID2,1,1081799,1261614,1,applied_drift,1741871896402,0.38596391677856445,-39.96341824531555
1,1,block_2,2,Provo_ID2,1,1081799,1261614,1,applied_drift,1741871896424,0.38596391677856445,-39.96341824531555
1,1,block_2,2,Provo_ID2,1,1081799,1261614,1,applied_drift,1741871896472,0.38596391677856445,-39.96341824531555
1,1,block_2,2,Provo_ID2,1,1081799,1261614,1,applied_drift,1741871896508,0.38596391677856445,-39.96341824531555
1,1,block_2,2,Provo_ID2,1,1081799,1261614,1,applied_drift,1741871896554,0.38596391677856445,-39.96341824531555
1,1,block_2,2,Provo_ID2,1,1081799,1261614,1,applied_drift,1741871896592,0.38596391677856445,-39.96341824531555
1,1,block_2,2,Provo_ID2,1,1081799,1261614,1,applied_drift,1741871896639,0.38596391677856445,-39.96341824531555
1,1,block_2,2,Provo_ID2,1,1081799,1261614,1,applied_drift,1741871896685,0.38596391677856445,-39.96341824531555
1,1,block_2,2,Provo_ID2,1,1081799,1261614,1,applied_drift,1741871896707,0.38596391677856445,-39.96341824531555
1,1,block_2,2,Provo_ID2,1,1081799,1261614,1,applied_drift,1741871896755,0.38596391677856445,-39.96341824531555
1,1,block_2,2,Provo_ID2,1,1081799,1261614,1,applied_drift,1741871896886,0.38596391677856445,-39.96341824531555
1,1,block_2,2,Provo_ID2,1,1081799,1261614,1,applied_drift,1741871896929,0.38596391677856445,-39.96341824531555
1,1,block_2,2,Provo_ID2,1,1081799,1261614,1,applied_drift,1741871896973,0.38596391677856445,-39.96341824531555
1,1,block_2,2,Provo_ID2,1,1081799,1261614,1,applied_drift,1741871897012,0.38596391677856445,-39.96341824531555
1,1,block_2,2,Provo_ID2,1,1081799,1261614,1,applied_drift,1741871897064,0.38596391677856445,-39.96341824531555
1,1,block_2,2,Provo_ID2,1,1081799,1261614,1,applied_drift,1741871897097,0.38596391677856445,-39.96341824531555
1,1,block_2,2,Provo_ID2,1,1081799,1261614,1,applied_drift,1741871897149,0.38596391677856445,-39.96341824531555
1,1,block_2,2,Provo_ID2,1,1081799,1261614,1,applied_drift,1741871897193,0.38596391677856445,-39.96341824531555
1,1,block_2,2,Provo_ID2,1,1081799,1261614,1,applied_drift,1741871897299,0.38596391677856445,-39.96341824531555
1,1,block_2,2,Provo_ID2,1,1081799,1261614,1,applied_drift,1741871897324,0.38596391677856445,-39.96341824531555
1,1,block_2,2,Provo_ID2,1,1081799,1261614,1,applied_drift,1741871897376,0.38596391677856445,-39.96341824531555
1,1,block_2,2,Provo_ID2,1,1081799,1261614,1,applied_drift,1741871897410,0.38596391677856445,-39.96341824531555
1,1,block_2,2,Provo_ID2,1,1081799,1261614,1,applied_drift,1741871897456,0.38596391677856445,-39.96341824531555
1,1,block_2,2,Provo_ID2,1,1081799,1261614,1,applied_drift,1741871897491,0.38596391677856445,-39.96341824531555
1,1,block_2,2,Provo_ID2,1,1081799,1261614,1,applied_drift,1741871897539,0.38596391677856445,-39.96341824531555
1,1,block_2,2,Provo_ID2,1,1081799,1261614,1,applied_drift,1741871897583,0.38596391677856445,-39.96341824531555
1,1,block_2,2,Provo_ID2,1,1081799,1261614,1,applied_drift,1741871897627,0.38596391677856445,-39.96341824531555
1,1,block_2,2,Provo_ID2,1,1081799,1261614,1,applied_drift,1741871897666,0.38596391677856445,-39.96341824531555
1,1,block_2,2,Provo_ID2,1,1081799,1261614,1,applied_drift,1741871897688,0.38596391677856445,-39.96341824531555
1,1,block_2,2,Provo_ID2,1,1081799,1261614,1,applied_drift,1741871897728,0.38596391677856445,-39.96341824531555
1,1,block_2,2,Provo_ID2,1,1081799,1261614,1,applied_drift,1741871897759,0.38596391677856445,-39.96341824531555
1,1,block_2,2,Provo_ID2,1,1081799,1261614,1,applied_drift,1741871897811,0.38596391677856445,-39.96341824531555
1,1,block_2,2,Provo_ID2,1,1081799,1261614,1,applied_drift,1741871897848,0.38596391677856445,-39.96341824531555
1,1,block_2,2,Provo_ID2,1,1081799,1261614,1,applied_drift,1741871897938,0.38596391677856445,-39.96341824531555
1,1,block_2,2,Provo_ID2,1,1081799,1261614,1,applied_drift,1741871897985,0.38596391677856445,-39.96341824531555
1,1,block_2,2,Provo_ID2,1,1081799,1261614,1,applied_drift,1741871898033,0.38596391677856445,-39.96341824531555
1,1,block_2,2,Provo_ID2,1,1081799,1261614,1,applied_drift,1741871898071,0.38596391677856445,-39.96341824531555
1,1,block_2,2,Provo_ID2,1,1081799,1261614,1,applied_drift,1741871898091,0.38596391677856445,-39.96341824531555
1,1,block_2,2,Provo_ID2,1,1081799,1261614,1,applied_drift,1741871898129,0.38596391677856445,-39.96341824531555
1,1,block_2,2,Provo_ID2,1,1081799,1261614,1,applied_drift,1741871898163,0.38596391677856445,-39.96341824531555
1,1,block_2,2,Provo_ID2,1,1081799,1261614,1,applied_drift,1741871898216,0.38596391677856445,-39.96341824531555
1,1,block_2,2,Provo_ID2,1,1081799,1261614,1,applied_drift,1741871898252,0.38596391677856445,-39.96341824531555
1,1,block_2,2,Provo_ID2,1,1081799,1261614,1,applied_drift,1741871898386,0.38596391677856445,-39.96341824531555
1,1,block_2,2,Provo_ID2,1,1081799,1261614,1,applied_drift,1741871898434,0.38596391677856445,-39.96341824531555
1,1,block_2,2,Provo_ID2,1,1081799,1261614,1,applied_drift,1741871898471,0.38596391677856445,-39.96341824531555
1,1,block_2,2,Provo_ID2,1,1081799,1261614,1,applied_drift,1741871898524,0.38596391677856445,-39.96341824531555
1,1,block_2,2,Provo_ID2,1,1081799,1261614,1,applied_drift,1741871898556,0.38596391677856445,-39.96341824531555
1,1,block_2,2,Provo_ID2,1,1081799,1261614,1,applied_drift,1741871898611,0.38596391677856445,-39.96341824531555
1,1,block_2,2,Provo_ID2,1,1081799,1261614,1,applied_drift,1741871898653,0.38596391677856445,-39.96341824531555
1,1,block_2,2,Provo_ID2,1,1081799,1261614,1,applied_drift,1741871898701,0.38596391677856445,-39.96341824531555
1,1,block_2,2,Provo_ID2,1,1081799,1261614,1,applied_drift,1741871898745,0.38596391677856445,-39.96341824531555
1,1,block_2,2,Provo_ID2,1,1081799,1261614,1,applied_drift,1741871898795,0.38596391677856445,-39.96341824531555
1,1,block_2,2,Provo_ID2,1,1081799,1261614,1,applied_drift,1741871898830,0.38596391677856445,-39.96341824531555
1,1,block_2,2,Provo_ID2,1,1081799,1261614,1,applied_drift,1741871898881,0.38596391677856445,-39.96341824531555
1,1,block_2,2,Provo_ID2,1,1081799,1261614,1,applied_drift,1741871898914,0.38596391677856445,-39.96341824531555
1,1,block_2,2,Provo_ID2,1,1081799,1261614,1,applied_drift,1741871898970,0.38596391677856445,-39.96341824531555
1,1,block_2,2,Provo_ID2,1,1081799,1261614,1,applied_drift,1741871899008,0.38596391677856445,-39.96341824531555
1,1,block_2,2,Provo_ID2,1,1081799,1261614,1,applied_drift,1741871899052,0.38596391677856445,-39.96341824531555
1,1,block_2,2,Provo_ID2,1,1081799,1261614,1,applied_drift,1741871899085,0.38596391677856445,-39.96341824531555
1,1,block_2,2,Provo_ID2,1,1081799,1261614,1,applied_drift,1741871899138,0.38596391677856445,-39.96341824531555
1,1,block_2,2,Provo_ID2,1,1081799,1261614,1,applied_drift,1741871899174,0.38596391677856445,-39.96341824531555
1,1,block_2,2,Provo_ID2,1,1081799,1261614,1,applied_drift,1741871899198,0.38596391677856445,-39.96341824531555
1,1,block_2,2,Provo_ID2,1,1081799,1261614,1,applied_drift,1741871899290,0.38596391677856445,-39.96341824531555
1,1,block_2,2,Provo_ID2,1,1081799,1261614,1,applied_drift,1741871899314,0.38596391677856445,-39.96341824531555
1,1,block_2,2,Provo_ID2,1,1081799,1261614,1,applied_drift,1741871899365,0.38596391677856445,-39.96341824531555
1,1,block_2,2,Provo_ID2,1,1081799,1261614,1,applied_drift,1741871899399,0.38596391677856445,-39.96341824531555
1,1,block_2,2,Provo_ID2,1,1081799,1261614,1,applied_drift,1741871899444,0.38596391677856445,-39.96341824531555
1,1,block_2,2,Provo_ID2,1,1081799,1261614,1,applied_drift,1741871899473,0.38596391677856445,-39.96341824531555
1,1,block_2,2,Provo_ID2,1,1081799,1261614,1,applied_drift,1741871899531,0.38596391677856445,-39.96341824531555
1,1,block_2,2,Provo_ID2,1,1081799,1261614,1,applied_drift,1741871899597,0.38596391677856445,-39.96341824531555
1,1,block_2,2,Provo_ID2,1,1081799,1261614,1,applied_drift,1741871899639,0.38596391677856445,-39.96341824531555
1,1,block_2,2,Provo_ID2,1,1081799,1261614,1,applied_drift,1741871899695,0.38596391677856445,-39.96341824531555
1,1,block_2,2,Provo_ID2,1,1081799,1261614,1,applied_drift,1741871899729,0.38596391677856445,-39.96341824531555
1,1,block_2,2,Provo_ID2,1,1081799,1261614,1,applied_drift,1741871899777,0.38596391677856445,-39.96341824531555
1,1,block_2,2,Provo_ID2,1,1081799,1261614,1,applied_drift,1741871899817,0.38596391677856445,-39.96341824531555
1,1,block_2,2,Provo_ID2,1,1081799,1261614,1,applied_drift,1741871899862,0.38596391677856445,-39.96341824531555
1,1,block_2,2,Provo_ID2,1,1081799,1261614,1,applied_drift,1741871899899,0.38596391677856445,-39.96341824531555
1,1,block_2,2,Provo_ID2,1,1081799,1261614,1,applied_drift,1741871899922,0.38596391677856445,-39.96341824531555
1,1,block_2,2,Provo_ID2,1,1081799,1261614,1,applied_drift,1741871899974,0.38596391677856445,-39.96341824531555
1,1,block_2,2,Provo_ID2,1,1081799,1261614,1,applied_drift,1741871900014,0.38596391677856445,-39.96341824531555
1,1,block_2,2,Provo_ID2,1,1081799,1261614,1,applied_drift,1741871900070,0.38596391677856445,-39.96341824531555
1,1,block_2,2,Provo_ID2,1,1081799,1261614,1,applied_drift,1741871900117,0.38596391677856445,-39.96341824531555
1,1,block_2,2,Provo_ID2,1,1081799,1261614,1,applied_drift,1741871900140,0.38596391677856445,-39.96341824531555
1,1,block_2,2,Provo_ID2,1,1081799,1261614,1,applied_drift,1741871900185,0.38596391677856445,-39.96341824531555
1,1,block_2,2,Provo_ID2,1,1081799,1261614,1,applied_drift,1741871900218,0.38596391677856445,-39.96341824531555
1,1,block_2,2,Provo_ID2,1,1081799,1261614,1,applied_drift,1741871900269,0.38596391677856445,-39.96341824531555
1,1,block_2,2,Provo_ID2,1,1081799,1261614,1,applied_drift,1741871900309,0.38596391677856445,-39.96341824531555
1,1,block_2,2,Provo_ID2,1,1081799,1261614,1,applied_drift,1741871900370,0.38596391677856445,-39.96341824531555
1,1,block_2,2,Provo_ID2,1,1081799,1261614,1,applied_drift,1741871900420,0.38596391677856445,-39.96341824531555
1,1,block_2,2,Provo_ID2,1,1081799,1261614,1,applied_drift,1741871900454,0.38596391677856445,-39.96341824531555
1,1,block_2,2,Provo_ID2,1,1081799,1261614,1,applied_drift,1741871900513,0.38596391677856445,-39.96341824531555
1,1,block_2,2,Provo_ID2,1,1081799,1261614,1,applied_drift,1741871900546,0.38596391677856445,-39.96341824531555
1,1,block_2,2,Provo_ID2,1,1081799,1261614,1,applied_drift,1741871900590,0.38596391677856445,-39.96341824531555
1,1,block_2,2,Provo_ID2,1,1081799,1261614,1,applied_drift,1741871900628,0.38596391677856445,-39.96341824531555
1,1,block_2,2,Provo_ID2,1,1081799,1261614,1,applied_drift,1741871900683,0.38596391677856445,-39.96341824531555
1,1,block_2,2,Provo_ID2,1,1081799,1261614,1,applied_drift,1741871900729,0.38596391677856445,-39.96341824531555
1,1,block_2,2,Provo_ID2,1,1081799,1261614,1,applied_drift,1741871900796,0.38596391677856445,-39.96341824531555
1,1,block_2,2,Provo_ID2,1,1081799,1261614,1,applied_drift,1741871900851,0.38596391677856445,-39.96341824531555
1,1,block_2,2,Provo_ID2,1,1081799,1261614,1,applied_drift,1741871900906,0.38596391677856445,-39.96341824531555
1,1,block_2,2,Provo_ID2,1,1081799,1261614,1,applied_drift,1741871900942,0.38596391677856445,-39.96341824531555
1,1,block_2,2,Provo_ID2,1,1081799,1261614,1,applied_drift,1741871900985,0.38596391677856445,-39.96341824531555
1,1,block_2,2,Provo_ID2,1,1081799,1261614,1,applied_drift,1741871901013,0.38596391677856445,-39.96341824531555
1,1,block_2,2,Provo_ID2,1,1081799,1261614,1,applied_drift,1741871901058,0.38596391677856445,-39.96341824531555
1,1,block_2,2,Provo_ID2,1,1081799,1261614,1,applied_drift,1741871901104,0.38596391677856445,-39.96341824531555
1,1,block_2,2,Provo_ID2,1,1081799,1261614,1,applied_drift,1741871901125,0.38596391677856445,-39.96341824531555
1,1,block_2,2,Provo_ID2,1,1081799,1261614,1,applied_drift,1741871901172,0.38596391677856445,-39.96341824531555
1,1,block_2,2,Provo_ID2,1,1081799,1261614,1,applied_drift,1741871901207,0.38596391677856445,-39.96341824531555
1,1,block_2,2,Provo_ID2,1,1081799,1261614,1,applied_drift,1741871901232,0.38596391677856445,-39.96341824531555
1,1,block_2,2,Provo_ID2,1,1081799,1261614,1,applied_drift,1741871901330,0.38596391677856445,-39.96341824531555
1,1,block_2,2,Provo_ID2,1,1081799,1261614,1,applied_drift,1741871901357,0.38596391677856445,-39.96341824531555
1,1,block_2,2,Provo_ID2,1,1081799,1261614,1,applied_drift,1741871901401,0.38596391677856445,-39.96341824531555
1,1,block_2,2,Provo_ID2,1,1081799,1261614,1,applied_drift,1741871901431,0.38596391677856445,-39.96341824531555
1,1,block_2,2,Provo_ID2,1,1081799,1261614,1,applied_drift,1741871901480,0.38596391677856445,-39.96341824531555
1,1,block_2,2,Provo_ID2,1,1081799,1261614,1,applied_drift,1741871901517,0.38596391677856445,-39.96341824531555
1,1,block_2,2,Provo_ID2,1,1081799,1261614,1,applied_drift,1741871901569,0.38596391677856445,-39.96341824531555
1,1,block_2,2,Provo_ID2,1,1081799,1261614,1,applied_drift,1741871901616,0.38596391677856445,-39.96341824531555
1,1,block_2,2,Provo_ID2,1,1081799,1261614,1,applied_drift,1741871901721,0.38596391677856445,-39.96341824531555
1,1,block_2,2,Provo_ID2,1,1081799,1261614,1,applied_drift,1741871901774,0.38596391677856445,-39.96341824531555
1,1,block_2,2,Provo_ID2,1,1081799,1261614,1,applied_drift,1741871901824,0.38596391677856445,-39.96341824531555
1,1,block_2,2,Provo_ID2,1,1081799,1261614,1,applied_drift,1741871901856,0.38596391677856445,-39.96341824531555
1,1,block_2,2,Provo_ID2,1,1081799,1261614,1,applied_drift,1741871901899,0.38596391677856445,-39.96341824531555
1,1,block_2,2,Provo_ID2,1,1081799,1261614,1,applied_drift,1741871901936,0.38596391677856445,-39.96341824531555
1,1,block_2,2,Provo_ID2,1,1081799,1261614,1,applied_drift,1741871901957,0.38596391677856445,-39.96341824531555
1,1,block_2,2,Provo_ID2,1,1081799,1261614,1,applied_drift,1741871902005,0.38596391677856445,-39.96341824531555
1,1,block_2,2,Provo_ID2,1,1081799,1261614,1,applied_drift,1741871902034,0.38596391677856445,-39.96341824531555
1,1,block_2,2,Provo_ID2,1,1081799,1261614,1,applied_drift,1741871902085,0.38596391677856445,-39.96341824531555
1,1,block_2,2,Provo_ID2,1,1081799,1261614,1,applied_drift,1741871902129,0.38596391677856445,-39.96341824531555
1,1,block_2,2,Provo_ID2,1,1081799,1261614,1,applied_drift,1741871902179,0.38596391677856445,-39.96341824531555
1,1,block_2,2,Provo_ID2,1,1081799,1261614,1,applied_drift,1741871902214,0.38596391677856445,-39.96341824531555
1,1,block_2,2,Provo_ID2,1,1081799,1261614,1,applied_drift,1741871902235,0.38596391677856445,-39.96341824531555
1,1,block_2,2,Provo_ID2,1,1081799,1261614,1,applied_drift,1741871902281,0.38596391677856445,-39.96341824531555
1,1,block_2,2,Provo_ID2,1,1081799,1261614,1,applied_drift,1741871902315,0.38596391677856445,-39.96341824531555
1,1,block_2,2,Provo_ID2,1,1081799,1261614,1,applied_drift,1741871902369,0.38596391677856445,-39.96341824531555
1,1,block_2,2,Provo_ID2,1,1081799,1261614,1,applied_drift,1741871902475,0.38596391677856445,-39.96341824531555
1,1,block_2,2,Provo_ID2,1,1081799,1261614,1,applied_drift,1741871902510,0.38596391677856445,-39.96341824531555
1,1,block_2,2,Provo_ID2,1,1081799,1261614,1,applied_drift,1741871902539,0.38596391677856445,-39.96341824531555
1,1,block_2,2,Provo_ID2,1,1081799,1261614,1,applied_drift,1741871902588,0.38596391677856445,-39.96341824531555
1,1,block_2,2,Provo_ID2,1,1081799,1261614,1,applied_drift,1741871902624,0.38596391677856445,-39.96341824531555
1,1,block_2,2,Provo_ID2,1,1081799,1261614,1,applied_drift,1741871902707,0.38596391677856445,-39.96341824531555
1,1,block_2,2,Provo_ID2,1,1081799,1261614,1,applied_drift,1741871902761,0.38596391677856445,-39.96341824531555
1,1,block_2,2,Provo_ID2,1,1081799,1261614,1,applied_drift,1741871902815,0.38596391677856445,-39.96341824531555
1,1,block_2,2,Provo_ID2,1,1081799,1261614,1,applied_drift,1741871902853,0.38596391677856445,-39.96341824531555
1,1,block_2,2,Provo_ID2,1,1081799,1261614,1,applied_drift,1741871902903,0.38596391677856445,-39.96341824531555
1,1,block_2,2,Provo_ID2,1,1081799,1261614,1,applied_drift,1741871902931,0.38596391677856445,-39.96341824531555
1,1,block_2,2,Provo_ID2,1,1081799,1261614,1,applied_drift,1741871902984,0.38596391677856445,-39.96341824531555
1,1,block_2,2,Provo_ID2,1,1081799,1261614,1,applied_drift,1741871903052,0.38596391677856445,-39.96341824531555
1,1,block_2,2,Provo_ID2,1,1081799,1261614,1,applied_drift,1741871903085,0.38596391677856445,-39.96341824531555
1,1,block_2,2,Provo_ID2,1,1081799,1261614,1,applied_drift,1741871903140,0.38596391677856445,-39.96341824531555
1,1,block_2,2,Provo_ID2,1,1081799,1261614,1,applied_drift,1741871903170,0.38596391677856445,-39.96341824531555
1,1,block_2,2,Provo_ID2,1,1081799,1261614,1,applied_drift,1741871903220,0.38596391677856445,-39.96341824531555
1,1,block_2,2,Provo_ID2,1,1081799,1261614,1,applied_drift,1741871903248,0.38596391677856445,-39.96341824531555
1,1,block_2,2,Provo_ID2,1,1081799,1261614,1,applied_drift,1741871903296,0.38596391677856445,-39.96341824531555
1,1,block_2,2,Provo_ID2,1,1081799,1261614,1,applied_drift,1741871903372,0.38596391677856445,-39.96341824531555
1,1,block_2,2,Provo_ID2,1,1081799,1261614,1,applied_drift,1741871903446,0.38596391677856445,-39.96341824531555
1,1,block_2,2,Provo_ID2,1,1081799,1261614,1,applied_drift,1741871903488,0.38596391677856445,-39.96341824531555
1,1,block_2,2,Provo_ID2,1,1081799,1261614,1,applied_drift,1741871903512,0.38596391677856445,-39.96341824531555
1,1,block_2,2,Provo_ID2,1,1081799,1261614,1,applied_drift,1741871903575,0.38596391677856445,-39.96341824531555
1,1,block_2,2,Provo_ID2,1,1081799,1261614,1,applied_drift,1741871903649,0.38596391677856445,-39.96341824531555
1,1,block_2,2,Provo_ID2,1,1081799,1261614,1,applied_drift,1741871903715,0.38596391677856445,-39.96341824531555
1,1,block_2,2,Provo_ID2,1,1081799,1261614,1,applied_drift,1741871903748,0.38596391677856445,-39.96341824531555
1,1,block_2,2,Provo_ID2,1,1081799,1261614,1,applied_drift,1741871903792,0.38596391677856445,-39.96341824531555
1,1,block_2,2,Provo_ID2,1,1081799,1261614,1,applied_drift,1741871903825,0.38596391677856445,-39.96341824531555
1,1,block_2,2,Provo_ID2,1,1081799,1261614,1,applied_drift,1741871903879,0.38596391677856445,-39.96341824531555
1,1,block_2,2,Provo_ID2,1,1081799,1261614,1,applied_drift,1741871903938,0.38596391677856445,-39.96341824531555
1,1,block_2,2,Provo_ID2,1,1081799,1261614,1,applied_drift,1741871904040,0.38596391677856445,-39.96341824531555
1,1,block_2,2,Provo_ID2,1,1081799,1261614,1,applied_drift,1741871904089,0.38596391677856445,-39.96341824531555
1,1,block_2,2,Provo_ID2,1,1081799,1261614,1,applied_drift,1741871904154,0.38596391677856445,-39.96341824531555
1,1,block_2,2,Provo_ID2,1,1081799,1261614,1,applied_drift,1741871904193,0.38596391677856445,-39.96341824531555
1,1,block_2,2,Provo_ID2,1,1081799,1261614,1,applied_drift,1741871904277,0.38596391677856445,-39.96341824531555
1,1,block_2,2,Provo_ID2,1,1081799,1261614,1,applied_drift,1741871904320,0.38596391677856445,-39.96341824531555
1,1,block_2,2,Provo_ID2,1,1081799,1261614,1,applied_drift,1741871904345,0.38596391677856445,-39.96341824531555
1,1,block_2,2,Provo_ID2,1,1081799,1261614,1,applied_drift,1741871904397,0.38596391677856445,-39.96341824531555
1,1,block_2,2,Provo_ID2,1,1081799,1261614,1,applied_drift,1741871904432,0.38596391677856445,-39.96341824531555
1,1,block_2,2,Provo_ID2,1,1081799,1261614,1,applied_drift,1741871904482,0.38596391677856445,-39.96341824531555
1,1,block_2,2,Provo_ID2,1,1081799,1261614,1,applied_drift,1741871904526,0.38596391677856445,-39.96341824531555
1,1,block_2,2,Provo_ID2,1,1081799,1261614,1,applied_drift,1741871904601,0.38596391677856445,-39.96341824531555
1,1,block_2,2,Provo_ID2,1,1081799,1261614,1,applied_drift,1741871904674,0.38596391677856445,-39.96341824531555
1,1,block_2,2,Provo_ID2,1,1081799,1261614,1,applied_drift,1741871904731,0.38596391677856445,-39.96341824531555
1,1,block_2,2,Provo_ID2,1,1081799,1261614,1,applied_drift,1741871904769,0.38596391677856445,-39.96341824531555
1,1,block_2,2,Provo_ID2,1,1081799,1261614,1,applied_drift,1741871904816,0.38596391677856445,-39.96341824531555
1,1,block_2,2,Provo_ID2,1,1081799,1261614,1,applied_drift,1741871904847,0.38596391677856445,-39.96341824531555
1,1,block_2,2,Provo_ID2,1,1081799,1261614,1,applied_drift,1741871904902,0.38596391677856445,-39.96341824531555
1,1,block_2,2,Provo_ID2,1,1081799,1261614,1,applied_drift,1741871904936,0.38596391677856445,-39.96341824531555
1,1,block_2,2,Provo_ID2,1,1081799,1261614,1,applied_drift,1741871904990,0.38596391677856445,-39.96341824531555
1,1,block_2,2,Provo_ID2,1,1081799,1261614,1,applied_drift,1741871905029,0.38596391677856445,-39.96341824531555
1,1,block_2,2,Provo_ID2,1,1081799,1261614,1,applied_drift,1741871905118,0.38596391677856445,-39.96341824531555
1,1,block_2,2,Provo_ID2,1,1081799,1261614,1,applied_drift,1741871905163,0.38596391677856445,-39.96341824531555
1,1,block_2,2,Provo_ID2,1,1081799,1261614,1,applied_drift,1741871905211,0.38596391677856445,-39.96341824531555
1,1,block_2,2,Provo_ID2,1,1081799,1261614,1,applied_drift,1741871905251,0.38596391677856445,-39.96341824531555
1,1,block_2,2,Provo_ID2,1,1081799,1261614,1,applied_drift,1741871905301,0.38596391677856445,-39.96341824531555
1,1,block_2,2,Provo_ID2,1,1081799,1261614,1,applied_drift,1741871905333,0.38596391677856445,-39.96341824531555
1,1,block_2,2,Provo_ID2,1,1081799,1261614,1,applied_drift,1741871905403,0.38596391677856445,-39.96341824531555
1,1,block_2,2,Provo_ID2,1,1081799,1261614,1,applied_drift,1741871905461,0.38596391677856445,-39.96341824531555
1,1,block_2,2,Provo_ID2,1,1081799,1261614,1,applied_drift,1741871905542,0.38596391677856445,-39.96341824531555
1,1,block_2,2,Provo_ID2,1,1081799,1261614,1,applied_drift,1741871905576,0.38596391677856445,-39.96341824531555
1,1,block_2,2,Provo_ID2,1,1081799,1261614,1,applied_drift,1741871905628,0.38596391677856445,-39.96341824531555
1,1,block_2,2,Provo_ID2,1,1081799,1261614,1,applied_drift,1741871905658,0.38596391677856445,-39.96341824531555
1,1,block_2,2,Provo_ID2,1,1081799,1261614,1,applied_drift,1741871905716,0.38596391677856445,-39.96341824531555
1,1,block_2,2,Provo_ID2,1,1081799,1261614,1,applied_drift,1741871905763,0.38596391677856445,-39.96341824531555
1,1,block_2,2,Provo_ID2,1,1081799,1261614,1,applied_drift,1741871905814,0.38596391677856445,-39.96341824531555
1,1,block_2,2,Provo_ID2,1,1081799,1261614,1,applied_drift,1741871905848,0.38596391677856445,-39.96341824531555
1,1,block_2,2,Provo_ID2,1,1081799,1261614,1,applied_drift,1741871905894,0.38596391677856445,-39.96341824531555
1,1,block_2,2,Provo_ID2,1,1081799,1261614,1,applied_drift,1741871905935,0.38596391677856445,-39.96341824531555
1,1,block_2,2,Provo_ID2,1,1081799,1261614,1,applied_drift,1741871905978,0.38596391677856445,-39.96341824531555
1,1,block_2,2,Provo_ID2,1,1081799,1261614,1,applied_drift,1741871906013,0.38596391677856445,-39.96341824531555
1,1,block_2,2,Provo_ID2,1,1081799,1261614,1,applied_drift,1741871906064,0.38596391677856445,-39.96341824531555
1,1,block_2,2,Provo_ID2,1,1081799,1261614,1,applied_drift,1741871906105,0.38596391677856445,-39.96341824531555
1,1,block_2,2,Provo_ID2,1,1081799,1261614,1,applied_drift,1741871906125,0.38596391677856445,-39.96341824531555
1,1,block_2,2,Provo_ID2,1,1081799,1261614,1,applied_drift,1741871906165,0.38596391677856445,-39.96341824531555
1,1,block_2,2,Provo_ID2,1,1081799,1261614,1,applied_drift,1741871906195,0.38596391677856445,-39.96341824531555
1,1,block_2,2,Provo_ID2,1,1081799,1261614,1,applied_drift,1741871906247,0.38596391677856445,-39.96341824531555
1,1,block_2,2,Provo_ID2,1,1081799,1261614,1,applied_drift,1741871906285,0.38596391677856445,-39.96341824531555
1,1,block_2,2,Provo_ID2,1,1081799,1261614,1,applied_drift,1741871906395,0.38596391677856445,-39.96341824531555
1,1,block_2,2,Provo_ID2,1,1081799,1261614,1,applied_drift,1741871906437,0.38596391677856445,-39.96341824531555
1,1,block_2,2,Provo_ID2,1,1081799,1261614,1,applied_drift,1741871906486,0.38596391677856445,-39.96341824531555
1,1,block_2,2,Provo_ID2,1,1081799,1261614,1,applied_drift,1741871906514,0.38596391677856445,-39.96341824531555
1,1,block_2,2,Provo_ID2,1,1081799,1261614,1,applied_drift,1741871906563,0.38596391677856445,-39.96341824531555
1,1,block_2,2,Provo_ID2,1,1081799,1261614,1,applied_drift,1741871906597,0.38596391677856445,-39.96341824531555
1,1,block_2,2,Provo_ID2,1,1081799,1261614,1,applied_drift,1741871906660,0.38596391677856445,-39.96341824531555
1,1,block_2,2,Provo_ID2,1,1081799,1261614,1,applied_drift,1741871906732,0.38596391677856445,-39.96341824531555
1,1,block_2,2,Provo_ID2,1,1081799,1261614,1,applied_drift,1741871906795,0.38596391677856445,-39.96341824531555
1,1,block_2,2,Provo_ID2,1,1081799,1261614,1,applied_drift,1741871906833,0.38596391677856445,-39.96341824531555
1,1,block_2,2,Provo_ID2,1,1081799,1261614,1,applied_drift,1741871906881,0.38596391677856445,-39.96341824531555
1,1,block_2,2,Provo_ID2,1,1081799,1261614,1,applied_drift,1741871906917,0.38596391677856445,-39.96341824531555
1,1,block_2,2,Provo_ID2,1,1081799,1261614,1,applied_drift,1741871906967,0.38596391677856445,-39.96341824531555
1,1,block_2,2,Provo_ID2,1,1081799,1261614,1,applied_drift,1741871906997,0.38596391677856445,-39.96341824531555
1,1,block_2,2,Provo_ID2,1,1081799,1261614,1,applied_drift,1741871907015,0.38596391677856445,-39.96341824531555
1,1,block_2,2,Provo_ID2,1,1081799,1261614,1,applied_drift,1741871907054,0.38596391677856445,-39.96341824531555
1,1,block_2,2,Provo_ID2,1,1081799,1261614,1,applied_drift,1741871907087,0.38596391677856445,-39.96341824531555
1,1,block_2,2,Provo_ID2,1,1081799,1261614,1,applied_drift,1741871907140,0.38596391677856445,-39.96341824531555
1,1,block_2,2,Provo_ID2,1,1081799,1261614,1,applied_drift,1741871907172,0.38596391677856445,-39.96341824531555
1,1,block_2,2,Provo_ID2,1,1081799,1261614,1,applied_drift,1741871907207,0.38596391677856445,-39.96341824531555
1,1,block_2,2,Provo_ID2,1,1081799,1261614,1,applied_drift,1741871907284,0.38596391677856445,-39.96341824531555
1,1,block_2,2,Provo_ID2,1,1081799,1261614,1,applied_drift,1741871907321,0.38596391677856445,-39.96341824531555
1,1,block_2,2,Provo_ID2,1,1081799,1261614,1,applied_drift,1741871907364,0.38596391677856445,-39.96341824531555
1,1,block_2,2,Provo_ID2,1,1081799,1261614,1,applied_drift,1741871907401,0.38596391677856445,-39.96341824531555
1,1,block_2,2,Provo_ID2,1,1081799,1261614,1,applied_drift,1741871907428,0.38596391677856445,-39.96341824531555
1,1,block_2,2,Provo_ID2,1,1081799,1261614,1,applied_drift,1741871907479,0.38596391677856445,-39.96341824531555
1,1,block_2,2,Provo_ID2,1,1081799,1261614,1,applied_drift,1741871907519,0.38596391677856445,-39.96341824531555
1,1,block_2,2,Provo_ID2,1,1081799,1261614,1,applied_drift,1741871907569,0.38596391677856445,-39.96341824531555
1,1,block_2,2,Provo_ID2,1,1081799,1261614,1,applied_drift,1741871907611,0.38596391677856445,-39.96341824531555
1,1,block_2,2,Provo_ID2,1,1081799,1261614,1,applied_drift,1741871907689,0.38596391677856445,-39.96341824531555
1,1,block_2,2,Provo_ID2,1,1081799,1261614,1,applied_drift,1741871907744,0.38596391677856445,-39.96341824531555
1,1,block_2,2,Provo_ID2,1,1081799,1261614,1,applied_drift,1741871907770,0.38596391677856445,-39.96341824531555
1,1,block_2,2,Provo_ID2,1,1081799,1261614,1,applied_drift,1741871907811,0.38596391677856445,-39.96341824531555
1,1,block_2,2,Provo_ID2,1,1081799,1261614,1,applied_drift,1741871907840,0.38596391677856445,-39.96341824531555
1,1,block_2,2,Provo_ID2,1,1081799,1261614,1,applied_drift,1741871907889,0.38596391677856445,-39.96341824531555
1,1,block_2,2,Provo_ID2,1,1081799,1261614,1,applied_drift,1741871907924,0.38596391677856445,-39.96341824531555
1,1,block_2,2,Provo_ID2,1,1081799,1261614,1,applied_drift,1741871907975,0.38596391677856445,-39.96341824531555
1,1,block_2,2,Provo_ID2,1,1081799,1261614,1,applied_drift,1741871908010,0.38596391677856445,-39.96341824531555
1,1,block_2,2,Provo_ID2,1,1081799,1261614,1,applied_drift,1741871908056,0.38596391677856445,-39.96341824531555
1,1,block_2,2,Provo_ID2,1,1081799,1261614,1,applied_drift,1741871908101,0.38596391677856445,-39.96341824531555
1,1,block_2,2,Provo_ID2,1,1081799,1261614,1,applied_drift,1741871908123,0.38596391677856445,-39.96341824531555
1,1,block_2,2,Provo_ID2,1,1081799,1261614,1,applied_drift,1741871908207,0.38596391677856445,-39.96341824531555
1,1,block_2,2,Provo_ID2,1,1081799,1261614,1,applied_drift,1741871908260,0.38596391677856445,-39.96341824531555
1,1,block_2,2,Provo_ID2,1,1081799,1261614,1,applied_drift,1741871908324,0.38596391677856445,-39.96341824531555
1,1,block_2,2,Provo_ID2,1,1081799,1261614,1,applied_drift,1741871908365,0.38596391677856445,-39.96341824531555
1,1,block_2,2,Provo_ID2,1,1081799,1261614,1,applied_drift,1741871908395,0.38596391677856445,-39.96341824531555
1,1,block_2,2,Provo_ID2,1,1081799,1261614,1,applied_drift,1741871908439,0.38596391677856445,-39.96341824531555
1,1,block_2,2,Provo_ID2,1,1081799,1261614,1,applied_drift,1741871908480,0.38596391677856445,-39.96341824531555
1,1,block_2,2,Provo_ID2,1,1081799,1261614,1,applied_drift,1741871908529,0.38596391677856445,-39.96341824531555
1,1,block_2,2,Provo_ID2,1,1081799,1261614,1,applied_drift,1741871908572,0.38596391677856445,-39.96341824531555
1,1,block_2,2,Provo_ID2,1,1081799,1261614,1,applied_drift,1741871908620,0.38596391677856445,-39.96341824531555
1,1,block_2,2,Provo_ID2,1,1081799,1261614,1,applied_drift,1741871908655,0.38596391677856445,-39.96341824531555
1,1,block_2,2,Provo_ID2,1,1081799,1261614,1,applied_drift,1741871908687,0.38596391677856445,-39.96341824531555
1,1,block_2,2,Provo_ID2,1,1081799,1261614,1,applied_drift,1741871908739,0.38596391677856445,-39.96341824531555
1,1,block_2,2,Provo_ID2,1,1081799,1261614,1,applied_drift,1741871908778,0.38596391677856445,-39.96341824531555
1,1,block_2,2,Provo_ID2,1,1081799,1261614,1,applied_drift,1741871908822,0.38596391677856445,-39.96341824531555
1,1,block_2,2,Provo_ID2,1,1081799,1261614,1,applied_drift,1741871908859,0.38596391677856445,-39.96341824531555
1,1,block_2,2,Provo_ID2,1,1081799,1261614,1,applied_drift,1741871908880,0.38596391677856445,-39.96341824531555
1,1,block_2,2,Provo_ID2,1,1081799,1261614,1,applied_drift,1741871908930,0.38596391677856445,-39.96341824531555
1,1,block_2,2,Provo_ID2,1,1081799,1261614,1,applied_drift,1741871908963,0.38596391677856445,-39.96341824531555
1,1,block_2,2,Provo_ID2,1,1081799,1261614,1,applied_drift,1741871909015,0.38596391677856445,-39.96341824531555
1,1,block_2,2,Provo_ID2,1,1081799,1261614,1,applied_drift,1741871909072,0.38596391677856445,-39.96341824531555
1,1,block_2,2,Provo_ID2,1,1081799,1261614,1,applied_drift,1741871909165,0.38596391677856445,-39.96341824531555
1,1,block_2,2,Provo_ID2,1,1081799,1261614,1,applied_drift,1741871909205,0.38596391677856445,-39.96341824531555
1,1,block_2,2,Provo_ID2,1,1081799,1261614,1,applied_drift,1741871909255,0.38596391677856445,-39.96341824531555
1,1,block_2,2,Provo_ID2,1,1081799,1261614,1,applied_drift,1741871909289,0.38596391677856445,-39.96341824531555
1,1,block_2,2,Provo_ID2,1,1081799,1261614,1,applied_drift,1741871909339,0.38596391677856445,-39.96341824531555
1,1,block_2,2,Provo_ID2,1,1081799,1261614,1,applied_drift,1741871909375,0.38596391677856445,-39.96341824531555
1,1,block_2,2,Provo_ID2,1,1081799,1261614,1,applied_drift,1741871909421,0.38596391677856445,-39.96341824531555
1,1,block_2,2,Provo_ID2,1,1081799,1261614,1,applied_drift,1741871909465,0.38596391677856445,-39.96341824531555
1,1,block_2,2,Provo_ID2,1,1081799,1261614,1,applied_drift,1741871909494,0.38596391677856445,-39.96341824531555
1,1,block_2,2,Provo_ID2,1,1081799,1261614,1,applied_drift,1741871909592,0.38596391677856445,-39.96341824531555
1,1,block_2,2,Provo_ID2,1,1081799,1261614,1,applied_drift,1741871909617,0.38596391677856445,-39.96341824531555
1,1,block_2,2,Provo_ID2,1,1081799,1261614,1,applied_drift,1741871909673,0.38596391677856445,-39.96341824531555
1,1,block_2,2,Provo_ID2,1,1081799,1261614,1,applied_drift,1741871909706,0.38596391677856445,-39.96341824531555
1,1,block_2,2,Provo_ID2,1,1081799,1261614,1,applied_drift,1741871909750,0.38596391677856445,-39.96341824531555
1,1,block_2,2,Provo_ID2,1,1081799,1261614,1,applied_drift,1741871909781,0.38596391677856445,-39.96341824531555
1,1,block_2,2,Provo_ID2,1,1081799,1261614,1,applied_drift,1741871909826,0.38596391677856445,-39.96341824531555
1,1,block_2,2,Provo_ID2,1,1081799,1261614,1,applied_drift,1741871909872,0.38596391677856445,-39.96341824531555
1,1,block_2,2,Provo_ID2,1,1081799,1261614,1,applied_drift,1741871909893,0.38596391677856445,-39.96341824531555
1,1,block_2,2,Provo_ID2,1,1081799,1261614,1,applied_drift,1741871909941,0.38596391677856445,-39.96341824531555
1,1,block_2,2,Provo_ID2,1,1081799,1261614,1,applied_drift,1741871909977,0.38596391677856445,-39.96341824531555
1,1,block_2,2,Provo_ID2,1,1081799,1261614,1,applied_drift,1741871910028,0.38596391677856445,-39.96341824531555
1,1,block_2,2,Provo_ID2,1,1081799,1261614,1,applied_drift,1741871910106,0.38596391677856445,-39.96341824531555
1,1,block_2,2,Provo_ID2,1,1081799,1261614,1,applied_drift,1741871910174,0.38596391677856445,-39.96341824531555
1,1,block_2,2,Provo_ID2,1,1081799,1261614,1,applied_drift,1741871910208,0.38596391677856445,-39.96341824531555
1,1,block_2,2,Provo_ID2,1,1081799,1261614,1,applied_drift,1741871910254,0.38596391677856445,-39.96341824531555
1,1,block_2,2,Provo_ID2,1,1081799,1261614,1,applied_drift,1741871910284,0.38596391677856445,-39.96341824531555
1,1,block_2,2,Provo_ID2,1,1081799,1261614,1,applied_drift,1741871910329,0.38596391677856445,-39.96341824531555
1,1,block_2,2,Provo_ID2,1,1081799,1261614,1,applied_drift,1741871910399,0.38596391677856445,-39.96341824531555
1,1,block_2,2,Provo_ID2,1,1081799,1261614,1,applied_drift,1741871910441,0.38596391677856445,-39.96341824531555
1,1,block_2,2,Provo_ID2,1,1081799,1261614,1,applied_drift,1741871910543,0.38596391677856445,-39.96341824531555
1,1,block_2,2,Provo_ID2,1,1081799,1261614,1,applied_drift,1741871910587,0.38596391677856445,-39.96341824531555
1,1,block_2,2,Provo_ID2,1,1081799,1261614,1,applied_drift,1741871910639,0.38596391677856445,-39.96341824531555
1,1,block_2,2,Provo_ID2,1,1081799,1261614,1,applied_drift,1741871910683,0.38596391677856445,-39.96341824531555
1,1,block_2,2,Provo_ID2,1,1081799,1261614,1,applied_drift,1741871910736,0.38596391677856445,-39.96341824531555
1,1,block_2,2,Provo_ID2,1,1081799,1261614,1,applied_drift,1741871910784,0.38596391677856445,-39.96341824531555
1,1,block_2,2,Provo_ID2,1,1081799,1261614,1,applied_drift,1741871910814,0.38596391677856445,-39.96341824531555
1,1,block_2,2,Provo_ID2,1,1081799,1261614,1,applied_drift,1741871910880,0.38596391677856445,-39.96341824531555
1,1,block_2,2,Provo_ID2,1,1081799,1261614,1,applied_drift,1741871910947,0.38596391677856445,-39.96341824531555
1,1,block_2,2,Provo_ID2,1,1081799,1261614,1,applied_drift,1741871910997,0.38596391677856445,-39.96341824531555
1,1,block_2,2,Provo_ID2,1,1081799,1261614,1,applied_drift,1741871911031,0.38596391677856445,-39.96341824531555
1,1,block_2,2,Provo_ID2,1,1081799,1261614,1,applied_drift,1741871911081,0.38596391677856445,-39.96341824531555
1,1,block_2,2,Provo_ID2,1,1081799,1261614,1,applied_drift,1741871911109,0.38596391677856445,-39.96341824531555
1,1,block_2,2,Provo_ID2,1,1081799,1261614,1,applied_drift,1741871911161,0.38596391677856445,-39.96341824531555
1,1,block_2,2,Provo_ID2,1,1081799,1261614,1,applied_drift,1741871911211,0.38596391677856445,-39.96341824531555
1,1,block_2,2,Provo_ID2,1,1081799,1261614,1,applied_drift,1741871911238,0.38596391677856445,-39.96341824531555
1,1,block_2,2,Provo_ID2,1,1081799,1261614,1,applied_drift,1741871911291,0.38596391677856445,-39.96341824531555
1,1,block_2,2,Provo_ID2,1,1081799,1261614,1,applied_drift,1741871911328,0.38596391677856445,-39.96341824531555
1,1,block_2,2,Provo_ID2,1,1081799,1261614,1,applied_drift,1741871911383,0.38596391677856445,-39.96341824531555
1,1,block_2,2,Provo_ID2,1,1081799,1261614,1,applied_drift,1741871911436,0.38596391677856445,-39.96341824531555
1,1,block_2,2,Provo_ID2,1,1081799,1261614,1,applied_drift,1741871911500,0.38596391677856445,-39.96341824531555
1,1,block_2,2,Provo_ID2,1,1081799,1261614,1,applied_drift,1741871911542,0.38596391677856445,-39.96341824531555
1,1,block_2,2,Provo_ID2,1,1081799,1261614,1,applied_drift,1741871911569,0.38596391677856445,-39.96341824531555
1,1,block_2,2,Provo_ID2,1,1081799,1261614,1,applied_drift,1741871911617,0.38596391677856445,-39.96341824531555
1,1,block_2,2,Provo_ID2,1,1081799,1261614,1,applied_drift,1741871911648,0.38596391677856445,-39.96341824531555
1,1,block_2,2,Provo_ID2,1,1081799,1261614,1,applied_drift,1741871911693,0.38596391677856445,-39.96341824531555
1,1,block_2,2,Provo_ID2,1,1081799,1261614,1,applied_drift,1741871911732,0.38596391677856445,-39.96341824531555
1,1,block_2,2,Provo_ID2,1,1081799,1261614,1,applied_drift,1741871911783,0.38596391677856445,-39.96341824531555
1,1,block_2,2,Provo_ID2,1,1081799,1261614,1,applied_drift,1741871911833,0.38596391677856445,-39.96341824531555
1,1,block_2,2,Provo_ID2,1,1081799,1261614,1,applied_drift,1741871911888,0.38596391677856445,-39.96341824531555
1,1,block_2,2,Provo_ID2,1,1081799,1261614,1,applied_drift,1741871911923,0.38596391677856445,-39.96341824531555
1,1,block_2,2,Provo_ID2,1,1081799,1261614,1,applied_drift,1741871911984,0.38596391677856445,-39.96341824531555
1,1,block_2,2,Provo_ID2,1,1081799,1261614,1,applied_drift,1741871912030,0.38596391677856445,-39.96341824531555
1,1,block_2,2,Provo_ID2,1,1081799,1261614,1,applied_drift,1741871912099,0.38596391677856445,-39.96341824531555
1,1,block_2,2,Provo_ID2,1,1081799,1261614,1,applied_drift,1741871912145,0.38596391677856445,-39.96341824531555
1,1,block_2,2,Provo_ID2,1,1081799,1261614,1,applied_drift,1741871912208,0.38596391677856445,-39.96341824531555
1,1,block_2,2,Provo_ID2,1,1081799,1261614,1,applied_drift,1741871912255,0.38596391677856445,-39.96341824531555
1,1,block_2,2,Provo_ID2,1,1081799,1261614,1,applied_drift,1741871912306,0.38596391677856445,-39.96341824531555
1,1,block_2,2,Provo_ID2,1,1081799,1261614,1,applied_drift,1741871912348,0.38596391677856445,-39.96341824531555
1,1,block_2,2,Provo_ID2,1,1081799,1261614,1,applied_drift,1741871912404,0.38596391677856445,-39.96341824531555
1,1,block_2,2,Provo_ID2,1,1081799,1261614,1,applied_drift,1741871912435,0.38596391677856445,-39.96341824531555
1,1,block_2,2,Provo_ID2,1,1081799,1261614,1,applied_drift,1741871912455,0.38596391677856445,-39.96341824531555
1,1,block_2,2,Provo_ID2,1,1081799,1261614,1,applied_drift,1741871912501,0.38596391677856445,-39.96341824531555
1,1,block_2,2,Provo_ID2,1,1081799,1261614,1,applied_drift,1741871912533,0.38596391677856445,-39.96341824531555
1,1,block_2,2,Provo_ID2,1,1081799,1261614,1,applied_drift,1741871912582,0.38596391677856445,-39.96341824531555
1,1,block_2,2,Provo_ID2,1,1081799,1261614,1,applied_drift,1741871912618,0.38596391677856445,-39.96341824531555
1,1,block_2,2,Provo_ID2,1,1081799,1261614,1,applied_drift,1741871912673,0.38596391677856445,-39.96341824531555
1,1,block_2,2,Provo_ID2,1,1081799,1261614,1,applied_drift,1741871912754,0.38596391677856445,-39.96341824531555
1,1,block_2,2,Provo_ID2,1,1081799,1261614,1,applied_drift,1741871912819,0.38596391677856445,-39.96341824531555
1,1,block_2,2,Provo_ID2,1,1081799,1261614,1,applied_drift,1741871912854,0.38596391677856445,-39.96341824531555
1,1,block_2,2,Provo_ID2,1,1081799,1261614,1,applied_drift,1741871912904,0.38596391677856445,-39.96341824531555
1,1,block_2,2,Provo_ID2,1,1081799,1261614,1,applied_drift,1741871912933,0.38596391677856445,-39.96341824531555
1,1,block_2,2,Provo_ID2,1,1081799,1261614,1,applied_drift,1741871912992,0.38596391677856445,-39.96341824531555
1,1,block_2,2,Provo_ID2,1,1081799,1261614,1,applied_drift,1741871913052,0.38596391677856445,-39.96341824531555
1,1,block_2,2,Provo_ID2,1,1081799,1261614,1,applied_drift,1741871913122,0.38596391677856445,-39.96341824531555
1,1,block_2,2,Provo_ID2,1,1081799,1261614,1,applied_drift,1741871913161,0.38596391677856445,-39.96341824531555
1,1,block_2,2,Provo_ID2,1,1081799,1261614,1,applied_drift,1741871913182,0.38596391677856445,-39.96341824531555
1,1,block_2,2,Provo_ID2,1,1081799,1261614,1,applied_drift,1741871913218,0.38596391677856445,-39.96341824531555
1,1,block_2,2,Provo_ID2,1,1081799,1261614,1,applied_drift,1741871913251,0.38596391677856445,-39.96341824531555
1,1,block_2,2,Provo_ID2,1,1081799,1261614,1,applied_drift,1741871913307,0.38596391677856445,-39.96341824531555
1,1,block_2,2,Provo_ID2,1,1081799,1261614,1,applied_drift,1741871913352,0.38596391677856445,-39.96341824531555
1,1,block_2,2,Provo_ID2,1,1081799,1261614,1,applied_drift,1741871913373,0.38596391677856445,-39.96341824531555
1,1,block_2,2,Provo_ID2,1,1081799,1261614,1,applied_drift,1741871913423,0.38596391677856445,-39.96341824531555
1,1,block_2,2,Provo_ID2,1,1081799,1261614,1,applied_drift,1741871913451,0.38596391677856445,-39.96341824531555
1,1,block_2,2,Provo_ID2,1,1081799,1261614,1,applied_drift,1741871913502,0.38596391677856445,-39.96341824531555
1,1,block_2,2,Provo_ID2,1,1081799,1261614,1,applied_drift,1741871913556,0.38596391677856445,-39.96341824531555
1,1,block_2,2,Provo_ID2,1,1081799,1261614,1,applied_drift,1741871913605,0.38596391677856445,-39.96341824531555
1,1,block_2,2,Provo_ID2,1,1081799,1261614,1,applied_drift,1741871913656,0.38596391677856445,-39.96341824531555
1,1,block_2,2,Provo_ID2,1,1081799,1261614,1,applied_drift,1741871913691,0.38596391677856445,-39.96341824531555
1,1,block_2,2,Provo_ID2,1,1081799,1261614,1,applied_drift,1741871913736,0.38596391677856445,-39.96341824531555
1,1,block_2,2,Provo_ID2,1,1081799,1261614,1,applied_drift,1741871913778,0.38596391677856445,-39.96341824531555
1,1,block_2,2,Provo_ID2,1,1081799,1261614,1,applied_drift,1741871913798,0.38596391677856445,-39.96341824531555
1,1,block_2,2,Provo_ID2,1,1081799,1261614,1,applied_drift,1741871913848,0.38596391677856445,-39.96341824531555
1,1,block_2,2,Provo_ID2,1,1081799,1261614,1,applied_drift,1741871913882,0.38596391677856445,-39.96341824531555
1,1,block_2,2,Provo_ID2,1,1081799,1261614,1,applied_drift,1741871913932,0.38596391677856445,-39.96341824531555
1,1,block_2,2,Provo_ID2,1,1081799,1261614,1,applied_drift,1741871913973,0.38596391677856445,-39.96341824531555
1,1,block_2,2,Provo_ID2,1,1081799,1261614,1,applied_drift,1741871914022,0.38596391677856445,-39.96341824531555
1,1,block_2,2,Provo_ID2,1,1081799,1261614,1,applied_drift,1741871914057,0.38596391677856445,-39.96341824531555
1,1,block_2,2,Provo_ID2,1,1081799,1261614,1,applied_drift,1741871914119,0.38596391677856445,-39.96341824531555
1,1,block_2,2,Provo_ID2,1,1081799,1261614,1,applied_drift,1741871914158,0.38596391677856445,-39.96341824531555
1,1,block_2,2,Provo_ID2,1,1081799,1261614,1,applied_drift,1741871914206,0.38596391677856445,-39.96341824531555
1,1,block_2,2,Provo_ID2,1,1081799,1261614,1,applied_drift,1741871914262,0.38596391677856445,-39.96341824531555
1,1,block_2,2,Provo_ID2,1,1081799,1261614,1,applied_drift,1741871914304,0.38596391677856445,-39.96341824531555
1,1,block_2,2,Provo_ID2,1,1081799,1261614,1,applied_drift,1741871914352,0.38596391677856445,-39.96341824531555
1,1,block_2,2,Provo_ID2,1,1081799,1261614,1,applied_drift,1741871914393,0.38596391677856445,-39.96341824531555
1,1,block_2,2,Provo_ID2,1,1081799,1261614,1,applied_drift,1741871914443,0.38596391677856445,-39.96341824531555
1,1,block_2,2,Provo_ID2,1,1081799,1261614,1,applied_drift,1741871914484,0.38596391677856445,-39.96341824531555
1,1,block_2,2,Provo_ID2,1,1081799,1261614,1,applied_drift,1741871914534,0.38596391677856445,-39.96341824531555
1,1,block_2,2,Provo_ID2,1,1081799,1261614,1,applied_drift,1741871914627,0.38596391677856445,-39.96341824531555
1,1,block_2,2,Provo_ID2,1,1081799,1261614,1,applied_drift,1741871914689,0.38596391677856445,-39.96341824531555
1,1,block_2,2,Provo_ID2,1,1081799,1261614,1,applied_drift,1741871914724,0.38596391677856445,-39.96341824531555
1,1,block_2,2,Provo_ID2,1,1081799,1261614,1,applied_drift,1741871914769,0.38596391677856445,-39.96341824531555
1,1,block_2,2,Provo_ID2,1,1081799,1261614,1,applied_drift,1741871914811,0.38596391677856445,-39.96341824531555
1,1,block_2,2,Provo_ID2,1,1081799,1261614,1,applied_drift,1741871914865,0.38596391677856445,-39.96341824531555
1,1,block_2,2,Provo_ID2,1,1081799,1261614,1,applied_drift,1741871914898,0.38596391677856445,-39.96341824531555
1,1,block_2,2,Provo_ID2,1,1081799,1261614,1,applied_drift,1741871914963,0.38596391677856445,-39.96341824531555
1,1,block_2,2,Provo_ID2,1,1081799,1261614,1,applied_drift,1741871915027,0.38596391677856445,-39.96341824531555
1,1,block_2,2,Provo_ID2,1,1081799,1261614,1,applied_drift,1741871915087,0.38596391677856445,-39.96341824531555
1,1,block_2,2,Provo_ID2,1,1081799,1261614,1,applied_drift,1741871915128,0.38596391677856445,-39.96341824531555
1,1,block_2,2,Provo_ID2,1,1081799,1261614,1,applied_drift,1741871915167,0.38596391677856445,-39.96341824531555
1,1,block_2,2,Provo_ID2,1,1081799,1261614,1,applied_drift,1741871915202,0.38596391677856445,-39.96341824531555
1,1,block_2,2,Provo_ID2,1,1081799,1261614,1,applied_drift,1741871915222,0.38596391677856445,-39.96341824531555
1,1,block_2,2,Provo_ID2,1,1081799,1261614,1,applied_drift,1741871915270,0.38596391677856445,-39.96341824531555
1,1,block_2,2,Provo_ID2,1,1081799,1261614,1,applied_drift,1741871915322,0.38596391677856445,-39.96341824531555
1,1,block_2,2,Provo_ID2,1,1081799,1261614,1,applied_drift,1741871915411,0.38596391677856445,-39.96341824531555
1,1,block_2,2,Provo_ID2,1,1081799,1261614,1,applied_drift,1741871915452,0.38596391677856445,-39.96341824531555
1,1,block_2,2,Provo_ID2,1,1081799,1261614,1,applied_drift,1741871915502,0.38596391677856445,-39.96341824531555
1,1,block_2,2,Provo_ID2,1,1081799,1261614,1,applied_drift,1741871915530,0.38596391677856445,-39.96341824531555
1,1,block_2,2,Provo_ID2,1,1081799,1261614,1,applied_drift,1741871915581,0.38596391677856445,-39.96341824531555
1,1,block_2,2,Provo_ID2,1,1081799,1261614,1,applied_drift,1741871915620,0.38596391677856445,-39.96341824531555
1,1,block_2,2,Provo_ID2,1,1081799,1261614,1,applied_drift,1741871915666,0.38596391677856445,-39.96341824531555
1,1,block_2,2,Provo_ID2,1,1081799,1261614,1,applied_drift,1741871915708,0.38596391677856445,-39.96341824531555
1,1,block_2,2,Provo_ID2,1,1081799,1261614,1,applied_drift,1741871915736,0.38596391677856445,-39.96341824531555
1,1,block_2,2,Provo_ID2,1,1081799,1261614,1,applied_drift,1741871915786,0.38596391677856445,-39.96341824531555
1,1,block_2,2,Provo_ID2,1,1081799,1261614,1,applied_drift,1741871915817,0.38596391677856445,-39.96341824531555
1,1,block_2,2,Provo_ID2,1,1081799,1261614,1,applied_drift,1741871915861,0.38596391677856445,-39.96341824531555
1,1,block_2,2,Provo_ID2,1,1081799,1261614,1,applied_drift,1741871915905,0.38596391677856445,-39.96341824531555
1,1,block_2,2,Provo_ID2,1,1081799,1261614,1,applied_drift,1741871915931,0.38596391677856445,-39.96341824531555
1,1,block_2,2,Provo_ID2,1,1081799,1261614,1,applied_drift,1741871915990,0.38596391677856445,-39.96341824531555
1,1,block_2,2,Provo_ID2,1,1081799,1261614,1,applied_drift,1741871916075,0.38596391677856445,-39.96341824531555
1,1,block_2,2,Provo_ID2,1,1081799,1261614,1,applied_drift,1741871916108,0.38596391677856445,-39.96341824531555
1,1,block_2,2,Provo_ID2,1,1081799,1261614,1,applied_drift,1741871916149,0.38596391677856445,-39.96341824531555
1,1,block_2,2,Provo_ID2,1,1081799,1261614,1,applied_drift,1741871916196,0.38596391677856445,-39.96341824531555
1,1,block_2,2,Provo_ID2,1,1081799,1261614,1,applied_drift,1741871916225,0.38596391677856445,-39.96341824531555
1,1,block_2,2,Provo_ID2,1,1081799,1261614,1,applied_drift,1741871916276,0.38596391677856445,-39.96341824531555
1,1,block_2,2,Provo_ID2,1,1081799,1261614,1,applied_drift,1741871916311,0.38596391677856445,-39.96341824531555
1,1,block_2,2,Provo_ID2,1,1081799,1261614,1,applied_drift,1741871916363,0.38596391677856445,-39.96341824531555
1,1,block_2,2,Provo_ID2,1,1081799,1261614,1,applied_drift,1741871916402,0.38596391677856445,-39.96341824531555
1,1,block_2,2,Provo_ID2,1,1081799,1261614,1,applied_drift,1741871916453,0.38596391677856445,-39.96341824531555
1,1,block_2,2,Provo_ID2,1,1081799,1261614,1,applied_drift,1741871916493,0.38596391677856445,-39.96341824531555
1,1,block_2,2,Provo_ID2,1,1081799,1261614,1,applied_drift,1741871916543,0.38596391677856445,-39.96341824531555
1,1,block_2,2,Provo_ID2,1,1081799,1261614,1,applied_drift,1741871916583,0.38596391677856445,-39.96341824531555
1,1,block_2,2,Provo_ID2,1,1081799,1261614,1,applied_drift,1741871916638,0.38596391677856445,-39.96341824531555
1,1,block_2,2,Provo_ID2,1,1081799,1261614,1,applied_drift,1741871916679,0.38596391677856445,-39.96341824531555
1,1,block_2,2,Provo_ID2,1,1081799,1261614,1,applied_drift,1741871916726,0.38596391677856445,-39.96341824531555
1,1,block_2,2,Provo_ID2,1,1081799,1261614,1,applied_drift,1741871916760,0.38596391677856445,-39.96341824531555
1,1,block_2,2,Provo_ID2,1,1081799,1261614,1,applied_drift,1741871916783,0.38596391677856445,-39.96341824531555
1,1,block_2,2,Provo_ID2,1,1081799,1261614,1,applied_drift,1741871916855,0.38596391677856445,-39.96341824531555
1,1,block_2,2,Provo_ID2,1,1081799,1261614,1,applied_drift,1741871916918,0.38596391677856445,-39.96341824531555
1,1,block_2,2,Provo_ID2,1,1081799,1261614,1,applied_drift,1741871916976,0.38596391677856445,-39.96341824531555
1,1,block_2,2,Provo_ID2,1,1081799,1261614,1,applied_drift,1741871917013,0.38596391677856445,-39.96341824531555
1,1,block_2,2,Provo_ID2,1,1081799,1261614,1,applied_drift,1741871917061,0.38596391677856445,-39.96341824531555
1,1,block_2,2,Provo_ID2,1,1081799,1261614,1,applied_drift,1741871917089,0.38596391677856445,-39.96341824531555
1,1,block_2,2,Provo_ID2,1,1081799,1261614,1,applied_drift,1741871917135,0.38596391677856445,-39.96341824531555
1,1,block_2,2,Provo_ID2,1,1081799,1261614,1,applied_drift,1741871917183,0.38596391677856445,-39.96341824531555
1,1,block_2,2,Provo_ID2,1,1081799,1261614,1,applied_drift,1741871917221,0.38596391677856445,-39.96341824531555
1,1,block_2,2,Provo_ID2,1,1081799,1261614,1,applied_drift,1741871917299,0.38596391677856445,-39.96341824531555
1,1,block_2,2,Provo_ID2,1,1081799,1261614,1,applied_drift,1741871917338,0.38596391677856445,-39.96341824531555
1,1,block_2,2,Provo_ID2,1,1081799,1261614,1,applied_drift,1741871917388,0.38596391677856445,-39.96341824531555
1,1,block_2,2,Provo_ID2,1,1081799,1261614,1,applied_drift,1741871917427,0.38596391677856445,-39.96341824531555
1,1,block_2,2,Provo_ID2,1,1081799,1261614,1,applied_drift,1741871917473,0.38596391677856445,-39.96341824531555
1,1,block_2,2,Provo_ID2,1,1081799,1261614,1,applied_drift,1741871917514,0.38596391677856445,-39.96341824531555
1,1,block_2,2,Provo_ID2,1,1081799,1261614,1,applied_drift,1741871917536,0.38596391677856445,-39.96341824531555
1,1,block_2,2,Provo_ID2,1,1081799,1261614,1,applied_drift,1741871917579,0.38596391677856445,-39.96341824531555
1,1,block_2,2,Provo_ID2,1,1081799,1261614,1,applied_drift,1741871917614,0.38596391677856445,-39.96341824531555
1,1,block_2,2,Provo_ID2,1,1081799,1261614,1,applied_drift,1741871917667,0.38596391677856445,-39.96341824531555
1,1,block_2,2,Provo_ID2,1,1081799,1261614,1,applied_drift,1741871917699,0.38596391677856445,-39.96341824531555
1,1,block_2,2,Provo_ID2,1,1081799,1261614,1,applied_drift,1741871917766,0.38596391677856445,-39.96341824531555
1,1,block_2,2,Provo_ID2,1,1081799,1261614,1,applied_drift,1741871917839,0.38596391677856445,-39.96341824531555
1,1,block_2,2,Provo_ID2,1,1081799,1261614,1,applied_drift,1741871917906,0.38596391677856445,-39.96341824531555
1,1,block_2,2,Provo_ID2,1,1081799,1261614,1,applied_drift,1741871917944,0.38596391677856445,-39.96341824531555
1,1,block_2,2,Provo_ID2,1,1081799,1261614,1,applied_drift,1741871917987,0.38596391677856445,-39.96341824531555
1,1,block_2,2,Provo_ID2,1,1081799,1261614,1,applied_drift,1741871918026,0.38596391677856445,-39.96341824531555
1,1,block_2,2,Provo_ID2,1,1081799,1261614,1,applied_drift,1741871918071,0.38596391677856445,-39.96341824531555
1,1,block_2,2,Provo_ID2,1,1081799,1261614,1,applied_drift,1741871918116,0.38596391677856445,-39.96341824531555
1,1,block_2,2,Provo_ID2,1,1081799,1261614,1,applied_drift,1741871918165,0.38596391677856445,-39.96341824531555
1,1,block_2,2,Provo_ID2,1,1081799,1261614,1,applied_drift,1741871918208,0.38596391677856445,-39.96341824531555
1,1,block_2,2,Provo_ID2,1,1081799,1261614,1,applied_drift,1741871918256,0.38596391677856445,-39.96341824531555
1,1,block_2,2,Provo_ID2,1,1081799,1261614,1,applied_drift,1741871918300,0.38596391677856445,-39.96341824531555
1,1,block_2,2,Provo_ID2,1,1081799,1261614,1,applied_drift,1741871918321,0.38596391677856445,-39.96341824531555
1,1,block_2,2,Provo_ID2,1,1081799,1261614,1,applied_drift,1741871918367,0.38596391677856445,-39.96341824531555
1,1,block_2,2,Provo_ID2,1,1081799,1261614,1,applied_drift,1741871918402,0.38596391677856445,-39.96341824531555
1,1,block_2,2,Provo_ID2,1,1081799,1261614,1,applied_drift,1741871918449,0.38596391677856445,-39.96341824531555
1,1,block_2,2,Provo_ID2,1,1081799,1261614,1,applied_drift,1741871918494,0.38596391677856445,-39.96341824531555
1,1,block_2,2,Provo_ID2,1,1081799,1261614,1,applied_drift,1741871918548,0.38596391677856445,-39.96341824531555
1,1,block_2,2,Provo_ID2,1,1081799,1261614,1,applied_drift,1741871918582,0.38596391677856445,-39.96341824531555
1,1,block_2,2,Provo_ID2,1,1081799,1261614,1,applied_drift,1741871918629,0.38596391677856445,-39.96341824531555
1,1,block_2,2,Provo_ID2,1,1081799,1261614,1,applied_drift,1741871918664,0.38596391677856445,-39.96341824531555
1,1,block_2,2,Provo_ID2,1,1081799,1261614,1,applied_drift,1741871918686,0.38596391677856445,-39.96341824531555
1,1,block_2,2,Provo_ID2,1,1081799,1261614,1,applied_drift,1741871918738,0.38596391677856445,-39.96341824531555
1,1,block_2,2,Provo_ID2,1,1081799,1261614,1,applied_drift,1741871918773,0.38596391677856445,-39.96341824531555
1,1,block_2,2,Provo_ID2,1,1081799,1261614,1,applied_drift,1741871918850,0.38596391677856445,-39.96341824531555
1,1,block_2,2,Provo_ID2,1,1081799,1261614,1,applied_drift,1741871918915,0.38596391677856445,-39.96341824531555
1,1,block_2,2,Provo_ID2,1,1081799,1261614,1,applied_drift,1741871918964,0.38596391677856445,-39.96341824531555
1,1,block_2,2,Provo_ID2,1,1081799,1261614,1,applied_drift,1741871918999,0.38596391677856445,-39.96341824531555
1,1,block_2,2,Provo_ID2,1,1081799,1261614,1,applied_drift,1741871919030,0.38596391677856445,-39.96341824531555
1,1,block_2,2,Provo_ID2,1,1081799,1261614,1,applied_drift,1741871919079,0.38596391677856445,-39.96341824531555
1,1,block_2,2,Provo_ID2,1,1081799,1261614,1,applied_drift,1741871919120,0.38596391677856445,-39.96341824531555
1,1,block_2,2,Provo_ID2,1,1081799,1261614,1,applied_drift,1741871919170,0.38596391677856445,-39.96341824531555
1,1,block_2,2,Provo_ID2,1,1081799,1261614,1,applied_drift,1741871919213,0.38596391677856445,-39.96341824531555
1,1,block_2,2,Provo_ID2,1,1081799,1261614,1,applied_drift,1741871919242,0.38596391677856445,-39.96341824531555
1,1,block_2,2,Provo_ID2,1,1081799,1261614,1,applied_drift,1741871919320,0.38596391677856445,-39.96341824531555
1,1,block_2,2,Provo_ID2,1,1081799,1261614,1,applied_drift,1741871919360,0.38596391677856445,-39.96341824531555
1,1,block_2,2,Provo_ID2,1,1081799,1261614,1,applied_drift,1741871919414,0.38596391677856445,-39.96341824531555
1,1,block_2,2,Provo_ID2,1,1081799,1261614,1,applied_drift,1741871919442,0.38596391677856445,-39.96341824531555
1,1,block_2,2,Provo_ID2,1,1081799,1261614,1,applied_drift,1741871919486,0.38596391677856445,-39.96341824531555
1,1,block_2,2,Provo_ID2,1,1081799,1261614,1,applied_drift,1741871919525,0.38596391677856445,-39.96341824531555
1,1,block_2,2,Provo_ID2,1,1081799,1261614,1,applied_drift,1741871919571,0.38596391677856445,-39.96341824531555
1,1,block_2,2,Provo_ID2,1,1081799,1261614,1,applied_drift,1741871919602,0.38596391677856445,-39.96341824531555
1,1,block_2,2,Provo_ID2,1,1081799,1261614,1,applied_drift,1741871919634,0.38596391677856445,-39.96341824531555
1,1,block_2,2,Provo_ID2,1,1081799,1261614,1,applied_drift,1741871919688,0.38596391677856445,-39.96341824531555
1,1,block_2,2,Provo_ID2,1,1081799,1261614,1,applied_drift,1741871919721,0.38596391677856445,-39.96341824531555
1,1,block_2,2,Provo_ID2,1,1081799,1261614,1,applied_drift,1741871919763,0.38596391677856445,-39.96341824531555
1,1,block_2,2,Provo_ID2,1,1081799,1261614,1,applied_drift,1741871919800,0.38596391677856445,-39.96341824531555
1,1,block_2,2,Provo_ID2,1,1081799,1261614,1,applied_drift,1741871919821,0.38596391677856445,-39.96341824531555
1,1,block_2,2,Provo_ID2,1,1081799,1261614,1,applied_drift,1741871919868,0.38596391677856445,-39.96341824531555
1,1,block_2,2,Provo_ID2,1,1081799,1261614,1,applied_drift,1741871919903,0.38596391677856445,-39.96341824531555
1,1,block_2,2,Provo_ID2,1,1081799,1261614,1,applied_drift,1741871919931,0.38596391677856445,-39.96341824531555
1,1,block_2,2,Provo_ID2,1,1081799,1261614,1,applied_drift,1741871919980,0.38596391677856445,-39.96341824531555
1,1,block_2,2,Provo_ID2,1,1081799,1261614,1,applied_drift,1741871920023,0.38596391677856445,-39.96341824531555
1,1,block_2,2,Provo_ID2,1,1081799,1261614,1,applied_drift,1741871920088,0.38596391677856445,-39.96341824531555
1,1,block_2,2,Provo_ID2,1,1081799,1261614,1,applied_drift,1741871920129,0.38596391677856445,-39.96341824531555
1,1,block_2,2,Provo_ID2,1,1081799,1261614,1,applied_drift,1741871920174,0.38596391677856445,-39.96341824531555
1,1,block_2,2,Provo_ID2,1,1081799,1261614,1,applied_drift,1741871920209,0.38596391677856445,-39.96341824531555
1,1,block_2,2,Provo_ID2,1,1081799,1261614,1,applied_drift,1741871920254,0.38596391677856445,-39.96341824531555
1,1,block_2,2,Provo_ID2,1,1081799,1261614,1,applied_drift,1741871920288,0.38596391677856445,-39.96341824531555
1,1,block_2,2,Provo_ID2,1,1081799,1261614,1,applied_drift,1741871920340,0.38596391677856445,-39.96341824531555
1,1,block_2,2,Provo_ID2,1,1081799,1261614,1,applied_drift,1741871920384,0.38596391677856445,-39.96341824531555
1,1,block_2,2,Provo_ID2,1,1081799,1261614,1,applied_drift,1741871920440,0.38596391677856445,-39.96341824531555
1,1,block_2,2,Provo_ID2,1,1081799,1261614,1,applied_drift,1741871920516,0.38596391677856445,-39.96341824531555
1,1,block_2,2,Provo_ID2,1,1081799,1261614,1,applied_drift,1741871926846,0.38596391677856445,-39.96341824531555
1,1,block_2,2,Provo_ID2,1,1081799,1261614,1,applied_drift,1741871926920,0.38596391677856445,-39.96341824531555
1,1,block_2,2,Provo_ID2,1,1081799,1261614,1,applied_drift,1741871926966,0.38596391677856445,-39.96341824531555
1,1,block_2,2,Provo_ID2,1,1081799,1261614,1,applied_drift,1741871927021,0.38596391677856445,-39.96341824531555
1,1,block_2,2,Provo_ID2,1,1081799,1261614,1,applied_drift,1741871927070,0.38596391677856445,-39.96341824531555
1,1,block_2,2,Provo_ID2,1,1081799,1261614,1,applied_drift,1741871927102,0.38596391677856445,-39.96341824531555
1,1,block_2,2,Provo_ID2,1,1081799,1261614,1,applied_drift,1741871927174,0.38596391677856445,-39.96341824531555
1,1,block_2,2,Provo_ID2,1,1081799,1261614,1,applied_drift,1741871927215,0.38596391677856445,-39.96341824531555
1,1,block_2,2,Provo_ID2,1,1081799,1261614,1,applied_drift,1741871927277,0.38596391677856445,-39.96341824531555
1,1,block_2,2,Provo_ID2,1,1081799,1261614,1,applied_drift,1741871927399,0.38596391677856445,-39.96341824531555
1,1,block_2,2,Provo_ID2,1,1081799,1261614,1,applied_drift,1741871927443,0.38596391677856445,-39.96341824531555
1,1,block_2,2,Provo_ID2,1,1081799,1261614,1,applied_drift,1741871927500,0.38596391677856445,-39.96341824531555
1,1,block_2,2,Provo_ID2,1,1081799,1261614,1,applied_drift,1741871927535,0.38596391677856445,-39.96341824531555
1,1,block_2,2,Provo_ID2,1,1081799,1261614,1,applied_drift,1741871927576,0.38596391677856445,-39.96341824531555
1,1,block_2,2,Provo_ID2,1,1081799,1261614,1,applied_drift,1741871927616,0.38596391677856445,-39.96341824531555
1,1,block_2,2,Provo_ID2,1,1081799,1261614,1,applied_drift,1741871927663,0.38596391677856445,-39.96341824531555
1,1,block_2,2,Provo_ID2,1,1081799,1261614,1,applied_drift,1741871927705,0.38596391677856445,-39.96341824531555
1,1,block_2,2,Provo_ID2,1,1081799,1261614,1,applied_drift,1741871927727,0.38596391677856445,-39.96341824531555
1,1,block_2,2,Provo_ID2,1,1081799,1261614,1,applied_drift,1741871927777,0.38596391677856445,-39.96341824531555
1,1,block_2,2,Provo_ID2,1,1081799,1261614,1,applied_drift,1741871927811,0.38596391677856445,-39.96341824531555
1,1,block_2,2,Provo_ID2,1,1081799,1261614,1,applied_drift,1741871927858,0.38596391677856445,-39.96341824531555
1,1,block_2,2,Provo_ID2,1,1081799,1261614,1,applied_drift,1741871927898,0.38596391677856445,-39.96341824531555
1,1,block_2,2,Provo_ID2,1,1081799,1261614,1,applied_drift,1741871927918,0.38596391677856445,-39.96341824531555
1,1,block_2,2,Provo_ID2,1,1081799,1261614,1,applied_drift,1741871927960,0.38596391677856445,-39.96341824531555
1,1,block_2,2,Provo_ID2,1,1081799,1261614,1,applied_drift,1741871928044,0.38596391677856445,-39.96341824531555
1,1,block_2,2,Provo_ID2,1,1081799,1261614,1,applied_drift,1741871928111,0.38596391677856445,-39.96341824531555
1,1,block_2,2,Provo_ID2,1,1081799,1261614,1,applied_drift,1741871928144,0.38596391677856445,-39.96341824531555
1,1,block_2,2,Provo_ID2,1,1081799,1261614,1,applied_drift,1741871928187,0.38596391677856445,-39.96341824531555
1,1,block_2,2,Provo_ID2,1,1081799,1261614,1,applied_drift,1741871928212,0.38596391677856445,-39.96341824531555
1,1,block_2,2,Provo_ID2,1,1081799,1261614,1,applied_drift,1741871928272,0.38596391677856445,-39.96341824531555
1,1,block_2,2,Provo_ID2,1,1081799,1261614,1,applied_drift,1741871928353,0.38596391677856445,-39.96341824531555
1,1,block_2,2,Provo_ID2,1,1081799,1261614,1,applied_drift,1741871928415,0.38596391677856445,-39.96341824531555
1,1,block_2,2,Provo_ID2,1,1081799,1261614,1,applied_drift,1741871928450,0.38596391677856445,-39.96341824531555
1,1,block_2,2,Provo_ID2,1,1081799,1261614,1,applied_drift,1741871928500,0.38596391677856445,-39.96341824531555
1,1,block_2,2,Provo_ID2,1,1081799,1261614,1,applied_drift,1741871928530,0.38596391677856445,-39.96341824531555
1,1,block_2,2,Provo_ID2,1,1081799,1261614,1,applied_drift,1741871928579,0.38596391677856445,-39.96341824531555
1,1,block_2,2,Provo_ID2,1,1081799,1261614,1,applied_drift,1741871928613,0.38596391677856445,-39.96341824531555
1,1,block_2,2,Provo_ID2,1,1081799,1261614,1,applied_drift,1741871928669,0.38596391677856445,-39.96341824531555
1,1,block_2,2,Provo_ID2,1,1081799,1261614,1,applied_drift,1741871928706,0.38596391677856445,-39.96341824531555
1,1,block_2,2,Provo_ID2,1,1081799,1261614,1,applied_drift,1741871928768,0.38596391677856445,-39.96341824531555
1,1,block_2,2,Provo_ID2,1,1081799,1261614,1,applied_drift,1741871928855,0.38596391677856445,-39.96341824531555
1,1,block_2,2,Provo_ID2,1,1081799,1261614,1,applied_drift,1741871928892,0.38596391677856445,-39.96341824531555
1,1,block_2,2,Provo_ID2,1,1081799,1261614,1,applied_drift,1741871928922,0.38596391677856445,-39.96341824531555
1,1,block_2,2,Provo_ID2,1,1081799,1261614,1,applied_drift,1741871928964,0.38596391677856445,-39.96341824531555
1,1,block_2,2,Provo_ID2,1,1081799,1261614,1,applied_drift,1741871929003,0.38596391677856445,-39.96341824531555
1,1,block_2,2,Provo_ID2,1,1081799,1261614,1,applied_drift,1741871929026,0.38596391677856445,-39.96341824531555
1,1,block_2,2,Provo_ID2,1,1081799,1261614,1,applied_drift,1741871929065,0.38596391677856445,-39.96341824531555
1,1,block_2,2,Provo_ID2,1,1081799,1261614,1,applied_drift,1741871929099,0.38596391677856445,-39.96341824531555
1,1,block_2,2,Provo_ID2,1,1081799,1261614,1,applied_drift,1741871929173,0.38596391677856445,-39.96341824531555
1,1,block_2,2,Provo_ID2,1,1081799,1261614,1,applied_drift,1741871929226,0.38596391677856445,-39.96341824531555
1,1,block_2,2,Provo_ID2,1,1081799,1261614,1,applied_drift,1741871929254,0.38596391677856445,-39.96341824531555
1,1,block_2,2,Provo_ID2,1,1081799,1261614,1,applied_drift,1741871929299,0.38596391677856445,-39.96341824531555
1,1,block_2,2,Provo_ID2,1,1081799,1261614,1,applied_drift,1741871929328,0.38596391677856445,-39.96341824531555
1,1,block_2,2,Provo_ID2,1,1081799,1261614,1,applied_drift,1741871929378,0.38596391677856445,-39.96341824531555
1,1,block_2,2,Provo_ID2,1,1081799,1261614,1,applied_drift,1741871929412,0.38596391677856445,-39.96341824531555
1,1,block_2,2,Provo_ID2,1,1081799,1261614,1,applied_drift,1741871929482,0.38596391677856445,-39.96341824531555
1,1,block_2,2,Provo_ID2,1,1081799,1261614,1,applied_drift,1741871929550,0.38596391677856445,-39.96341824531555
1,1,block_2,2,Provo_ID2,1,1081799,1261614,1,applied_drift,1741871929607,0.38596391677856445,-39.96341824531555
1,1,block_2,2,Provo_ID2,1,1081799,1261614,1,applied_drift,1741871929646,0.38596391677856445,-39.96341824531555
1,1,block_2,2,Provo_ID2,1,1081799,1261614,1,applied_drift,1741871929693,0.38596391677856445,-39.96341824531555
1,1,block_2,2,Provo_ID2,1,1081799,1261614,1,applied_drift,1741871929726,0.38596391677856445,-39.96341824531555
1,1,block_2,2,Provo_ID2,1,1081799,1261614,1,applied_drift,1741871929775,0.38596391677856445,-39.96341824531555
1,1,block_2,2,Provo_ID2,1,1081799,1261614,1,applied_drift,1741871929809,0.38596391677856445,-39.96341824531555
1,1,block_2,2,Provo_ID2,1,1081799,1261614,1,applied_drift,1741871929858,0.38596391677856445,-39.96341824531555
1,1,block_2,2,Provo_ID2,1,1081799,1261614,1,applied_drift,1741871929892,0.38596391677856445,-39.96341824531555
1,1,block_2,2,Provo_ID2,1,1081799,1261614,1,applied_drift,1741871929942,0.38596391677856445,-39.96341824531555
1,1,block_2,2,Provo_ID2,1,1081799,1261614,1,applied_drift,1741871929982,0.38596391677856445,-39.96341824531555
1,1,block_2,2,Provo_ID2,1,1081799,1261614,1,applied_drift,1741871930005,0.38596391677856445,-39.96341824531555
1,1,block_2,2,Provo_ID2,1,1081799,1261614,1,applied_drift,1741871930057,0.38596391677856445,-39.96341824531555
1,1,block_2,2,Provo_ID2,1,1081799,1261614,1,applied_drift,1741871930091,0.38596391677856445,-39.96341824531555
1,1,block_2,2,Provo_ID2,1,1081799,1261614,1,applied_drift,1741871930138,0.38596391677856445,-39.96341824531555
1,1,block_2,2,Provo_ID2,1,1081799,1261614,1,applied_drift,1741871930177,0.38596391677856445,-39.96341824531555
1,1,block_2,2,Provo_ID2,1,1081799,1261614,1,applied_drift,1741871930198,0.38596391677856445,-39.96341824531555
1,1,block_2,2,Provo_ID2,1,1081799,1261614,1,applied_drift,1741871930247,0.38596391677856445,-39.96341824531555
1,1,block_2,2,Provo_ID2,1,1081799,1261614,1,applied_drift,1741871930278,0.38596391677856445,-39.96341824531555
1,1,block_2,2,Provo_ID2,1,1081799,1261614,1,applied_drift,1741871930335,0.38596391677856445,-39.96341824531555
1,1,block_2,2,Provo_ID2,1,1081799,1261614,1,applied_drift,1741871930402,0.38596391677856445,-39.96341824531555
1,1,block_2,2,Provo_ID2,1,1081799,1261614,1,applied_drift,1741871930430,0.38596391677856445,-39.96341824531555
1,1,block_2,2,Provo_ID2,1,1081799,1261614,1,applied_drift,1741871930503,0.38596391677856445,-39.96341824531555
1,1,block_2,2,Provo_ID2,1,1081799,1261614,1,applied_drift,1741871930544,0.38596391677856445,-39.96341824531555
1,1,block_2,2,Provo_ID2,1,1081799,1261614,1,applied_drift,1741871930597,0.38596391677856445,-39.96341824531555
1,1,block_2,2,Provo_ID2,1,1081799,1261614,1,applied_drift,1741871930628,0.38596391677856445,-39.96341824531555
1,1,block_2,2,Provo_ID2,1,1081799,1261614,1,applied_drift,1741871930672,0.38596391677856445,-39.96341824531555
1,1,block_2,2,Provo_ID2,1,1081799,1261614,1,applied_drift,1741871930717,0.38596391677856445,-39.96341824531555
1,1,block_2,2,Provo_ID2,1,1081799,1261614,1,applied_drift,1741871930744,0.38596391677856445,-39.96341824531555
1,1,block_2,2,Provo_ID2,1,1081799,1261614,1,applied_drift,1741871930790,0.38596391677856445,-39.96341824531555
1,1,block_2,2,Provo_ID2,1,1081799,1261614,1,applied_drift,1741871930831,0.38596391677856445,-39.96341824531555
1,1,block_2,2,Provo_ID2,1,1081799,1261614,1,applied_drift,1741871930928,0.38596391677856445,-39.96341824531555
1,1,block_2,2,Provo_ID2,1,1081799,1261614,1,applied_drift,1741871930970,0.38596391677856445,-39.96341824531555
1,1,block_2,2,Provo_ID2,1,1081799,1261614,1,applied_drift,1741871931016,0.38596391677856445,-39.96341824531555
1,1,block_2,2,Provo_ID2,1,1081799,1261614,1,applied_drift,1741871931055,0.38596391677856445,-39.96341824531555
1,1,block_2,2,Provo_ID2,1,1081799,1261614,1,applied_drift,1741871931076,0.38596391677856445,-39.96341824531555
1,1,block_2,2,Provo_ID2,1,1081799,1261614,1,applied_drift,1741871931117,0.38596391677856445,-39.96341824531555
1,1,block_2,2,Provo_ID2,1,1081799,1261614,1,applied_drift,1741871931161,0.38596391677856445,-39.96341824531555
1,1,block_2,2,Provo_ID2,1,1081799,1261614,1,applied_drift,1741871931236,0.38596391677856445,-39.96341824531555
1,1,block_2,2,Provo_ID2,1,1081799,1261614,1,applied_drift,1741871931297,0.38596391677856445,-39.96341824531555
1,1,block_2,2,Provo_ID2,1,1081799,1261614,1,applied_drift,1741871931343,0.38596391677856445,-39.96341824531555
1,1,block_2,2,Provo_ID2,1,1081799,1261614,1,applied_drift,1741871931392,0.38596391677856445,-39.96341824531555
1,1,block_2,2,Provo_ID2,1,1081799,1261614,1,applied_drift,1741871931437,0.38596391677856445,-39.96341824531555
1,1,block_2,2,Provo_ID2,1,1081799,1261614,1,applied_drift,1741871931485,0.38596391677856445,-39.96341824531555
1,1,block_2,2,Provo_ID2,1,1081799,1261614,1,applied_drift,1741871931522,0.38596391677856445,-39.96341824531555
1,1,block_2,2,Provo_ID2,1,1081799,1261614,1,applied_drift,1741871931573,0.38596391677856445,-39.96341824531555
1,1,block_2,2,Provo_ID2,1,1081799,1261614,1,applied_drift,1741871931617,0.38596391677856445,-39.96341824531555
1,1,block_2,2,Provo_ID2,1,1081799,1261614,1,applied_drift,1741871931649,0.38596391677856445,-39.96341824531555
1,1,block_2,2,Provo_ID2,1,1081799,1261614,1,applied_drift,1741871931699,0.38596391677856445,-39.96341824531555
1,1,block_2,2,Provo_ID2,1,1081799,1261614,1,applied_drift,1741871931745,0.38596391677856445,-39.96341824531555
1,1,block_2,2,Provo_ID2,1,1081799,1261614,1,applied_drift,1741871931770,0.38596391677856445,-39.96341824531555
1,1,block_2,2,Provo_ID2,1,1081799,1261614,1,applied_drift,1741871931808,0.38596391677856445,-39.96341824531555
1,1,block_2,2,Provo_ID2,1,1081799,1261614,1,applied_drift,1741871931837,0.38596391677856445,-39.96341824531555
1,1,block_2,2,Provo_ID2,1,1081799,1261614,1,applied_drift,1741871931891,0.38596391677856445,-39.96341824531555
1,1,block_2,2,Provo_ID2,1,1081799,1261614,1,applied_drift,1741871931928,0.38596391677856445,-39.96341824531555
1,1,block_2,2,Provo_ID2,1,1081799,1261614,1,applied_drift,1741871931987,0.38596391677856445,-39.96341824531555
1,1,block_2,2,Provo_ID2,1,1081799,1261614,1,applied_drift,1741871932034,0.38596391677856445,-39.96341824531555
1,1,block_2,2,Provo_ID2,1,1081799,1261614,1,applied_drift,1741871932060,0.38596391677856445,-39.96341824531555
1,1,block_2,2,Provo_ID2,1,1081799,1261614,1,applied_drift,1741871932105,0.38596391677856445,-39.96341824531555
1,1,block_2,2,Provo_ID2,1,1081799,1261614,1,applied_drift,1741871932155,0.38596391677856445,-39.96341824531555
1,1,block_2,2,Provo_ID2,1,1081799,1261614,1,applied_drift,1741871932232,0.38596391677856445,-39.96341824531555
1,1,block_2,2,Provo_ID2,1,1081799,1261614,1,applied_drift,1741871932268,0.38596391677856445,-39.96341824531555
1,1,block_2,2,Provo_ID2,1,1081799,1261614,1,applied_drift,1741871932313,0.38596391677856445,-39.96341824531555
1,1,block_2,2,Provo_ID2,1,1081799,1261614,1,applied_drift,1741871932351,0.38596391677856445,-39.96341824531555
1,1,block_2,2,Provo_ID2,1,1081799,1261614,1,applied_drift,1741871932397,0.38596391677856445,-39.96341824531555
1,1,block_2,2,Provo_ID2,1,1081799,1261614,1,applied_drift,1741871932436,0.38596391677856445,-39.96341824531555
1,1,block_2,2,Provo_ID2,1,1081799,1261614,1,applied_drift,1741871932463,0.38596391677856445,-39.96341824531555
1,1,block_2,2,Provo_ID2,1,1081799,1261614,1,applied_drift,1741871932511,0.38596391677856445,-39.96341824531555
1,1,block_2,2,Provo_ID2,1,1081799,1261614,1,applied_drift,1741871932545,0.38596391677856445,-39.96341824531555
1,1,block_2,2,Provo_ID2,1,1081799,1261614,1,applied_drift,1741871932663,0.38596391677856445,-39.96341824531555
1,1,block_2,2,Provo_ID2,1,1081799,1261614,1,applied_drift,1741871932690,0.38596391677856445,-39.96341824531555
1,1,block_2,2,Provo_ID2,1,1081799,1261614,1,applied_drift,1741871932738,0.38596391677856445,-39.96341824531555
1,1,block_2,2,Provo_ID2,1,1081799,1261614,1,applied_drift,1741871932768,0.38596391677856445,-39.96341824531555
1,1,block_2,2,Provo_ID2,1,1081799,1261614,1,applied_drift,1741871932817,0.38596391677856445,-39.96341824531555
1,1,block_2,2,Provo_ID2,1,1081799,1261614,1,applied_drift,1741871932849,0.38596391677856445,-39.96341824531555
1,1,block_2,2,Provo_ID2,1,1081799,1261614,1,applied_drift,1741871932898,0.38596391677856445,-39.96341824531555
1,1,block_2,2,Provo_ID2,1,1081799,1261614,1,applied_drift,1741871932936,0.38596391677856445,-39.96341824531555
1,1,block_2,2,Provo_ID2,1,1081799,1261614,1,applied_drift,1741871932980,0.38596391677856445,-39.96341824531555
1,1,block_2,2,Provo_ID2,1,1081799,1261614,1,applied_drift,1741871933021,0.38596391677856445,-39.96341824531555
1,1,block_2,2,Provo_ID2,1,1081799,1261614,1,applied_drift,1741871933042,0.38596391677856445,-39.96341824531555
1,1,block_2,2,Provo_ID2,1,1081799,1261614,1,applied_drift,1741871933088,0.38596391677856445,-39.96341824531555
1,1,block_2,2,Provo_ID2,1,1081799,1261614,1,applied_drift,1741871933125,0.38596391677856445,-39.96341824531555
1,1,block_2,2,Provo_ID2,1,1081799,1261614,1,applied_drift,1741871933177,0.38596391677856445,-39.96341824531555
1,1,block_2,2,Provo_ID2,1,1081799,1261614,1,applied_drift,1741871933215,0.38596391677856445,-39.96341824531555
1,1,block_2,2,Provo_ID2,1,1081799,1261614,1,applied_drift,1741871933265,0.38596391677856445,-39.96341824531555
1,1,block_2,2,Provo_ID2,1,1081799,1261614,1,applied_drift,1741871933304,0.38596391677856445,-39.96341824531555
1,1,block_2,2,Provo_ID2,1,1081799,1261614,1,applied_drift,1741871933369,0.38596391677856445,-39.96341824531555
1,1,block_2,2,Provo_ID2,1,1081799,1261614,1,applied_drift,1741871933444,0.38596391677856445,-39.96341824531555
1,1,block_2,2,Provo_ID2,1,1081799,1261614,1,applied_drift,1741871933495,0.38596391677856445,-39.96341824531555
1,1,block_2,2,Provo_ID2,1,1081799,1261614,1,applied_drift,1741871933529,0.38596391677856445,-39.96341824531555
1,1,block_2,2,Provo_ID2,1,1081799,1261614,1,applied_drift,1741871933579,0.38596391677856445,-39.96341824531555
1,1,block_2,2,Provo_ID2,1,1081799,1261614,1,applied_drift,1741871933612,0.38596391677856445,-39.96341824531555
1,1,block_2,2,Provo_ID2,1,1081799,1261614,1,applied_drift,1741871933672,0.38596391677856445,-39.96341824531555
1,1,block_2,2,Provo_ID2,1,1081799,1261614,1,applied_drift,1741871933753,0.38596391677856445,-39.96341824531555
1,1,block_2,2,Provo_ID2,1,1081799,1261614,1,applied_drift,1741871933817,0.38596391677856445,-39.96341824531555
1,1,block_2,2,Provo_ID2,1,1081799,1261614,1,applied_drift,1741871933851,0.38596391677856445,-39.96341824531555
1,1,block_2,2,Provo_ID2,1,1081799,1261614,1,applied_drift,1741871933902,0.38596391677856445,-39.96341824531555
1,1,block_2,2,Provo_ID2,1,1081799,1261614,1,applied_drift,1741871933933,0.38596391677856445,-39.96341824531555
1,1,block_2,2,Provo_ID2,1,1081799,1261614,1,applied_drift,1741871933978,0.38596391677856445,-39.96341824531555
1,1,block_2,2,Provo_ID2,1,1081799,1261614,1,applied_drift,1741871934013,0.38596391677856445,-39.96341824531555
1,1,block_2,2,Provo_ID2,1,1081799,1261614,1,applied_drift,1741871934082,0.38596391677856445,-39.96341824531555
1,1,block_2,2,Provo_ID2,1,1081799,1261614,1,applied_drift,1741871934168,0.38596391677856445,-39.96341824531555
1,1,block_2,2,Provo_ID2,1,1081799,1261614,1,applied_drift,1741871934220,0.38596391677856445,-39.96341824531555
1,1,block_2,2,Provo_ID2,1,1081799,1261614,1,applied_drift,1741871934260,0.38596391677856445,-39.96341824531555
1,1,block_2,2,Provo_ID2,1,1081799,1261614,1,applied_drift,1741871934306,0.38596391677856445,-39.96341824531555
1,1,block_2,2,Provo_ID2,1,1081799,1261614,1,applied_drift,1741871934340,0.38596391677856445,-39.96341824531555
1,1,block_2,2,Provo_ID2,1,1081799,1261614,1,applied_drift,1741871934389,0.38596391677856445,-39.96341824531555
1,1,block_2,2,Provo_ID2,1,1081799,1261614,1,applied_drift,1741871934437,0.38596391677856445,-39.96341824531555
1,1,block_2,2,Provo_ID2,1,1081799,1261614,1,applied_drift,1741871934523,0.38596391677856445,-39.96341824531555
1,1,block_2,2,Provo_ID2,1,1081799,1261614,1,applied_drift,1741871934562,0.38596391677856445,-39.96341824531555
1,1,block_2,2,Provo_ID2,1,1081799,1261614,1,applied_drift,1741871934587,0.38596391677856445,-39.96341824531555
1,1,block_2,2,Provo_ID2,1,1081799,1261614,1,applied_drift,1741871934625,0.38596391677856445,-39.96341824531555
1,1,block_2,2,Provo_ID2,1,1081799,1261614,1,applied_drift,1741871934653,0.38596391677856445,-39.96341824531555
1,1,block_2,2,Provo_ID2,1,1081799,1261614,1,applied_drift,1741871934706,0.38596391677856445,-39.96341824531555
1,1,block_2,2,Provo_ID2,1,1081799,1261614,1,applied_drift,1741871934741,0.38596391677856445,-39.96341824531555
1,1,block_2,2,Provo_ID2,1,1081799,1261614,1,applied_drift,1741871934819,0.38596391677856445,-39.96341824531555
1,1,block_2,2,Provo_ID2,1,1081799,1261614,1,applied_drift,1741871934920,0.38596391677856445,-39.96341824531555
1,1,block_2,2,Provo_ID2,1,1081799,1261614,1,applied_drift,1741871934967,0.38596391677856445,-39.96341824531555
1,1,block_2,2,Provo_ID2,1,1081799,1261614,1,applied_drift,1741871935011,0.38596391677856445,-39.96341824531555
1,1,block_2,2,Provo_ID2,1,1081799,1261614,1,applied_drift,1741871935051,0.38596391677856445,-39.96341824531555
1,1,block_2,2,Provo_ID2,1,1081799,1261614,1,applied_drift,1741871935101,0.38596391677856445,-39.96341824531555
1,1,block_2,2,Provo_ID2,1,1081799,1261614,1,applied_drift,1741871935142,0.38596391677856445,-39.96341824531555
1,1,block_2,2,Provo_ID2,1,1081799,1261614,1,applied_drift,1741871935164,0.38596391677856445,-39.96341824531555
1,1,block_2,2,Provo_ID2,1,1081799,1261614,1,applied_drift,1741871935212,0.38596391677856445,-39.96341824531555
1,1,block_2,2,Provo_ID2,1,1081799,1261614,1,applied_drift,1741871935242,0.38596391677856445,-39.96341824531555
1,1,block_2,2,Provo_ID2,1,1081799,1261614,1,applied_drift,1741871935263,0.38596391677856445,-39.96341824531555
1,1,block_2,2,Provo_ID2,1,1081799,1261614,1,applied_drift,1741871935306,0.38596391677856445,-39.96341824531555
1,1,block_2,2,Provo_ID2,1,1081799,1261614,1,applied_drift,1741871935340,0.38596391677856445,-39.96341824531555
1,1,block_2,2,Provo_ID2,1,1081799,1261614,1,applied_drift,1741871935388,0.38596391677856445,-39.96341824531555
1,1,block_2,2,Provo_ID2,1,1081799,1261614,1,applied_drift,1741871935421,0.38596391677856445,-39.96341824531555
1,1,block_2,2,Provo_ID2,1,1081799,1261614,1,applied_drift,1741871935471,0.38596391677856445,-39.96341824531555
1,1,block_2,2,Provo_ID2,1,1081799,1261614,1,applied_drift,1741871935505,0.38596391677856445,-39.96341824531555
1,1,block_2,2,Provo_ID2,1,1081799,1261614,1,applied_drift,1741871935569,0.38596391677856445,-39.96341824531555
1,1,block_2,2,Provo_ID2,1,1081799,1261614,1,applied_drift,1741871935616,0.38596391677856445,-39.96341824531555
1,1,block_2,2,Provo_ID2,1,1081799,1261614,1,applied_drift,1741871935676,0.38596391677856445,-39.96341824531555
1,1,block_2,2,Provo_ID2,1,1081799,1261614,1,applied_drift,1741871935709,0.38596391677856445,-39.96341824531555
1,1,block_2,2,Provo_ID2,1,1081799,1261614,1,applied_drift,1741871935731,0.38596391677856445,-39.96341824531555
1,1,block_2,2,Provo_ID2,1,1081799,1261614,1,applied_drift,1741871935773,0.38596391677856445,-39.96341824531555
1,1,block_2,2,Provo_ID2,1,1081799,1261614,1,applied_drift,1741871935916,0.38596391677856445,-39.96341824531555
1,1,block_2,2,Provo_ID2,1,1081799,1261614,1,applied_drift,1741871935949,0.38596391677856445,-39.96341824531555
1,1,block_2,2,Provo_ID2,1,1081799,1261614,1,applied_drift,1741871935994,0.38596391677856445,-39.96341824531555
1,1,block_2,2,Provo_ID2,1,1081799,1261614,1,applied_drift,1741871936032,0.38596391677856445,-39.96341824531555
1,1,block_2,2,Provo_ID2,1,1081799,1261614,1,applied_drift,1741871936053,0.38596391677856445,-39.96341824531555
1,1,block_2,2,Provo_ID2,1,1081799,1261614,1,applied_drift,1741871936100,0.38596391677856445,-39.96341824531555
1,1,block_2,2,Provo_ID2,1,1081799,1261614,1,applied_drift,1741871936131,0.38596391677856445,-39.96341824531555
1,1,block_2,2,Provo_ID2,1,1081799,1261614,1,applied_drift,1741871936192,0.38596391677856445,-39.96341824531555
1,1,block_2,2,Provo_ID2,1,1081799,1261614,1,applied_drift,1741871936275,0.38596391677856445,-39.96341824531555
1,1,block_2,2,Provo_ID2,1,1081799,1261614,1,applied_drift,1741871936336,0.38596391677856445,-39.96341824531555
1,1,block_2,2,Provo_ID2,1,1081799,1261614,1,applied_drift,1741871936369,0.38596391677856445,-39.96341824531555
1,1,block_2,2,Provo_ID2,1,1081799,1261614,1,applied_drift,1741871936409,0.38596391677856445,-39.96341824531555
1,1,block_2,2,Provo_ID2,1,1081799,1261614,1,applied_drift,1741871936448,0.38596391677856445,-39.96341824531555
1,1,block_2,2,Provo_ID2,1,1081799,1261614,1,applied_drift,1741871936469,0.38596391677856445,-39.96341824531555
1,1,block_2,2,Provo_ID2,1,1081799,1261614,1,applied_drift,1741871936509,0.38596391677856445,-39.96341824531555
1,1,block_2,2,Provo_ID2,1,1081799,1261614,1,applied_drift,1741871936542,0.38596391677856445,-39.96341824531555
1,1,block_2,2,Provo_ID2,1,1081799,1261614,1,applied_drift,1741871936590,0.38596391677856445,-39.96341824531555
1,1,block_2,2,Provo_ID2,1,1081799,1261614,1,applied_drift,1741871936630,0.38596391677856445,-39.96341824531555
1,1,block_2,2,Provo_ID2,1,1081799,1261614,1,applied_drift,1741871936652,0.38596391677856445,-39.96341824531555
1,1,block_2,2,Provo_ID2,1,1081799,1261614,1,applied_drift,1741871936708,0.38596391677856445,-39.96341824531555
1,1,block_2,2,Provo_ID2,1,1081799,1261614,1,applied_drift,1741871936749,0.38596391677856445,-39.96341824531555
1,1,block_2,2,Provo_ID2,1,1081799,1261614,1,applied_drift,1741871936804,0.38596391677856445,-39.96341824531555
1,1,block_2,2,Provo_ID2,1,1081799,1261614,1,applied_drift,1741871936845,0.38596391677856445,-39.96341824531555
1,1,block_2,2,Provo_ID2,1,1081799,1261614,1,applied_drift,1741871936896,0.38596391677856445,-39.96341824531555
1,1,block_2,2,Provo_ID2,1,1081799,1261614,1,applied_drift,1741871936950,0.38596391677856445,-39.96341824531555
1,1,block_2,2,Provo_ID2,1,1081799,1261614,1,applied_drift,1741871936981,0.38596391677856445,-39.96341824531555
1,1,block_2,2,Provo_ID2,1,1081799,1261614,1,applied_drift,1741871937046,0.38596391677856445,-39.96341824531555
1,1,block_2,2,Provo_ID2,1,1081799,1261614,1,applied_drift,1741871937088,0.38596391677856445,-39.96341824531555
1,1,block_2,2,Provo_ID2,1,1081799,1261614,1,applied_drift,1741871937137,0.38596391677856445,-39.96341824531555
1,1,block_2,2,Provo_ID2,1,1081799,1261614,1,applied_drift,1741871937183,0.38596391677856445,-39.96341824531555
1,1,block_2,2,Provo_ID2,1,1081799,1261614,1,applied_drift,1741871937227,0.38596391677856445,-39.96341824531555
1,1,block_2,2,Provo_ID2,1,1081799,1261614,1,applied_drift,1741871937266,0.38596391677856445,-39.96341824531555
1,1,block_2,2,Provo_ID2,1,1081799,1261614,1,applied_drift,1741871937286,0.38596391677856445,-39.96341824531555
1,1,block_2,2,Provo_ID2,1,1081799,1261614,1,applied_drift,1741871937343,0.38596391677856445,-39.96341824531555
1,1,block_2,2,Provo_ID2,1,1081799,1261614,1,applied_drift,1741871937396,0.38596391677856445,-39.96341824531555
1,1,block_2,2,Provo_ID2,1,1081799,1261614,1,applied_drift,1741871937493,0.38596391677856445,-39.96341824531555
1,1,block_2,2,Provo_ID2,1,1081799,1261614,1,applied_drift,1741871937529,0.38596391677856445,-39.96341824531555
1,1,block_2,2,Provo_ID2,1,1081799,1261614,1,applied_drift,1741871937573,0.38596391677856445,-39.96341824531555
1,1,block_2,2,Provo_ID2,1,1081799,1261614,1,applied_drift,1741871937621,0.38596391677856445,-39.96341824531555
1,1,block_2,2,Provo_ID2,1,1081799,1261614,1,applied_drift,1741871937675,0.38596391677856445,-39.96341824531555
1,1,block_2,2,Provo_ID2,1,1081799,1261614,1,applied_drift,1741871937725,0.38596391677856445,-39.96341824531555
1,1,block_2,2,Provo_ID2,1,1081799,1261614,1,applied_drift,1741871937753,0.38596391677856445,-39.96341824531555
1,1,block_2,2,Provo_ID2,1,1081799,1261614,1,applied_drift,1741871937804,0.38596391677856445,-39.96341824531555
1,1,block_2,2,Provo_ID2,1,1081799,1261614,1,applied_drift,1741871937848,0.38596391677856445,-39.96341824531555
1,1,block_2,2,Provo_ID2,1,1081799,1261614,1,applied_drift,1741871937898,0.38596391677856445,-39.96341824531555
1,1,block_2,2,Provo_ID2,1,1081799,1261614,1,applied_drift,1741871937958,0.38596391677856445,-39.96341824531555
1,1,block_2,2,Provo_ID2,1,1081799,1261614,1,applied_drift,1741871937985,0.38596391677856445,-39.96341824531555
1,1,block_2,2,Provo_ID2,1,1081799,1261614,1,applied_drift,1741871938056,0.38596391677856445,-39.96341824531555
1,1,block_2,2,Provo_ID2,1,1081799,1261614,1,applied_drift,1741871938099,0.38596391677856445,-39.96341824531555
1,1,block_2,2,Provo_ID2,1,1081799,1261614,1,applied_drift,1741871938160,0.38596391677856445,-39.96341824531555
1,1,block_2,2,Provo_ID2,1,1081799,1261614,1,applied_drift,1741871938214,0.38596391677856445,-39.96341824531555
1,1,block_2,2,Provo_ID2,1,1081799,1261614,1,applied_drift,1741871938249,0.38596391677856445,-39.96341824531555
1,1,block_2,2,Provo_ID2,1,1081799,1261614,1,applied_drift,1741871938310,0.38596391677856445,-39.96341824531555
1,1,block_2,2,Provo_ID2,1,1081799,1261614,1,applied_drift,1741871938433,0.38596391677856445,-39.96341824531555
1,1,block_2,2,Provo_ID2,1,1081799,1261614,1,applied_drift,1741871938474,0.38596391677856445,-39.96341824531555
1,1,block_2,2,Provo_ID2,1,1081799,1261614,1,applied_drift,1741871938520,0.38596391677856445,-39.96341824531555
1,1,block_2,2,Provo_ID2,1,1081799,1261614,1,applied_drift,1741871938559,0.38596391677856445,-39.96341824531555
1,1,block_2,2,Provo_ID2,1,1081799,1261614,1,applied_drift,1741871938611,0.38596391677856445,-39.96341824531555
1,1,block_2,2,Provo_ID2,1,1081799,1261614,1,applied_drift,1741871938651,0.38596391677856445,-39.96341824531555
1,1,block_2,2,Provo_ID2,1,1081799,1261614,1,applied_drift,1741871938703,0.38596391677856445,-39.96341824531555
1,1,block_2,2,Provo_ID2,1,1081799,1261614,1,applied_drift,1741871938748,0.38596391677856445,-39.96341824531555
1,1,block_2,2,Provo_ID2,1,1081799,1261614,1,applied_drift,1741871938795,0.38596391677856445,-39.96341824531555
1,1,block_2,2,Provo_ID2,1,1081799,1261614,1,applied_drift,1741871938834,0.38596391677856445,-39.96341824531555
1,1,block_2,2,Provo_ID2,1,1081799,1261614,1,applied_drift,1741871938855,0.38596391677856445,-39.96341824531555
1,1,block_2,2,Provo_ID2,1,1081799,1261614,1,applied_drift,1741871938904,0.38596391677856445,-39.96341824531555
1,1,block_2,2,Provo_ID2,1,1081799,1261614,1,applied_drift,1741871939027,0.38596391677856445,-39.96341824531555
1,1,block_2,2,Provo_ID2,1,1081799,1261614,1,applied_drift,1741871939068,0.38596391677856445,-39.96341824531555
1,1,block_2,2,Provo_ID2,1,1081799,1261614,1,applied_drift,1741871939115,0.38596391677856445,-39.96341824531555
1,1,block_2,2,Provo_ID2,1,1081799,1261614,1,applied_drift,1741871939144,0.38596391677856445,-39.96341824531555
1,1,block_2,2,Provo_ID2,1,1081799,1261614,1,applied_drift,1741871939185,0.38596391677856445,-39.96341824531555
1,1,block_2,2,Provo_ID2,1,1081799,1261614,1,applied_drift,1741871939223,0.38596391677856445,-39.96341824531555
1,1,block_2,2,Provo_ID2,1,1081799,1261614,1,applied_drift,1741871939249,0.38596391677856445,-39.96341824531555
1,1,block_2,2,Provo_ID2,1,1081799,1261614,1,applied_drift,1741871939296,0.38596391677856445,-39.96341824531555
1,1,block_2,2,Provo_ID2,1,1081799,1261614,1,applied_drift,1741871939425,0.38596391677856445,-39.96341824531555
1,1,block_2,2,Provo_ID2,1,1081799,1261614,1,applied_drift,1741871939465,0.38596391677856445,-39.96341824531555
1,1,block_2,2,Provo_ID2,1,1081799,1261614,1,applied_drift,1741871939516,0.38596391677856445,-39.96341824531555
1,1,block_2,2,Provo_ID2,1,1081799,1261614,1,applied_drift,1741871939546,0.38596391677856445,-39.96341824531555
1,1,block_2,2,Provo_ID2,1,1081799,1261614,1,applied_drift,1741871939596,0.38596391677856445,-39.96341824531555
1,1,block_2,2,Provo_ID2,1,1081799,1261614,1,applied_drift,1741871939636,0.38596391677856445,-39.96341824531555
1,1,block_2,2,Provo_ID2,1,1081799,1261614,1,applied_drift,1741871939686,0.38596391677856445,-39.96341824531555
1,1,block_2,2,Provo_ID2,1,1081799,1261614,1,applied_drift,1741871939722,0.38596391677856445,-39.96341824531555
1,1,block_2,2,Provo_ID2,1,1081799,1261614,1,applied_drift,1741871939786,0.38596391677856445,-39.96341824531555
1,1,block_2,2,Provo_ID2,1,1081799,1261614,1,applied_drift,1741871939840,0.38596391677856445,-39.96341824531555
1,1,block_2,2,Provo_ID2,1,1081799,1261614,1,applied_drift,1741871939869,0.38596391677856445,-39.96341824531555
1,1,block_2,2,Provo_ID2,1,1081799,1261614,1,applied_drift,1741871939924,0.38596391677856445,-39.96341824531555
1,1,block_2,2,Provo_ID2,1,1081799,1261614,1,applied_drift,1741871939958,0.38596391677856445,-39.96341824531555
1,1,block_2,2,Provo_ID2,1,1081799,1261614,1,applied_drift,1741871940005,0.38596391677856445,-39.96341824531555
1,1,block_2,2,Provo_ID2,1,1081799,1261614,1,applied_drift,1741871940036,0.38596391677856445,-39.96341824531555
1,1,block_2,2,Provo_ID2,1,1081799,1261614,1,applied_drift,1741871940079,0.38596391677856445,-39.96341824531555
1,1,block_2,2,Provo_ID2,1,1081799,1261614,1,applied_drift,1741871940124,0.38596391677856445,-39.96341824531555
1,1,block_2,2,Provo_ID2,1,1081799,1261614,1,applied_drift,1741871940188,0.38596391677856445,-39.96341824531555
1,1,block_2,2,Provo_ID2,1,1081799,1261614,1,applied_drift,1741871940253,0.38596391677856445,-39.96341824531555
1,1,block_2,2,Provo_ID2,1,1081799,1261614,1,applied_drift,1741871940317,0.38596391677856445,-39.96341824531555
1,1,block_2,2,Provo_ID2,1,1081799,1261614,1,applied_drift,1741871940349,0.38596391677856445,-39.96341824531555
1,1,block_2,2,Provo_ID2,1,1081799,1261614,1,applied_drift,1741871940398,0.38596391677856445,-39.96341824531555
1,1,block_2,2,Provo_ID2,1,1081799,1261614,1,applied_drift,1741871940431,0.38596391677856445,-39.96341824531555
1,1,block_2,2,Provo_ID2,1,1081799,1261614,1,applied_drift,1741871940479,0.38596391677856445,-39.96341824531555
1,1,block_2,2,Provo_ID2,1,1081799,1261614,1,applied_drift,1741871940514,0.38596391677856445,-39.96341824531555
1,1,block_2,2,Provo_ID2,1,1081799,1261614,1,applied_drift,1741871940557,0.38596391677856445,-39.96341824531555
1,1,block_2,2,Provo_ID2,1,1081799,1261614,1,applied_drift,1741871940600,0.38596391677856445,-39.96341824531555
1,1,block_2,2,Provo_ID2,1,1081799,1261614,1,applied_drift,1741871940690,0.38596391677856445,-39.96341824531555
1,1,block_2,2,Provo_ID2,1,1081799,1261614,1,applied_drift,1741871940737,0.38596391677856445,-39.96341824531555
1,1,block_2,2,Provo_ID2,1,1081799,1261614,1,applied_drift,1741871940774,0.38596391677856445,-39.96341824531555
1,1,block_2,2,Provo_ID2,1,1081799,1261614,1,applied_drift,1741871940821,0.38596391677856445,-39.96341824531555
1,1,block_2,2,Provo_ID2,1,1081799,1261614,1,applied_drift,1741871940857,0.38596391677856445,-39.96341824531555
1,1,block_2,2,Provo_ID2,1,1081799,1261614,1,applied_drift,1741871940900,0.38596391677856445,-39.96341824531555
1,1,block_2,2,Provo_ID2,1,1081799,1261614,1,applied_drift,1741871940938,0.38596391677856445,-39.96341824531555
1,1,block_2,2,Provo_ID2,1,1081799,1261614,1,applied_drift,1741871940987,0.38596391677856445,-39.96341824531555
1,1,block_2,2,Provo_ID2,1,1081799,1261614,1,applied_drift,1741871941027,0.38596391677856445,-39.96341824531555
1,1,block_2,2,Provo_ID2,1,1081799,1261614,1,applied_drift,1741871941073,0.38596391677856445,-39.96341824531555
1,1,block_2,2,Provo_ID2,1,1081799,1261614,1,applied_drift,1741871941124,0.38596391677856445,-39.96341824531555
1,1,block_2,2,Provo_ID2,1,1081799,1261614,1,applied_drift,1741871941257,0.38596391677856445,-39.96341824531555
1,1,block_2,2,Provo_ID2,1,1081799,1261614,1,applied_drift,1741871941288,0.38596391677856445,-39.96341824531555
1,1,block_2,2,Provo_ID2,1,1081799,1261614,1,applied_drift,1741871941341,0.38596391677856445,-39.96341824531555
1,1,block_2,2,Provo_ID2,1,1081799,1261614,1,applied_drift,1741871941369,0.38596391677856445,-39.96341824531555
1,1,block_2,2,Provo_ID2,1,1081799,1261614,1,applied_drift,1741871941416,0.38596391677856445,-39.96341824531555
1,1,block_2,2,Provo_ID2,1,1081799,1261614,1,applied_drift,1741871941470,0.38596391677856445,-39.96341824531555
1,1,block_2,2,Provo_ID2,1,1081799,1261614,1,applied_drift,1741871941490,0.38596391677856445,-39.96341824531555
1,1,block_2,2,Provo_ID2,1,1081799,1261614,1,applied_drift,1741871941543,0.38596391677856445,-39.96341824531555
1,1,block_2,2,Provo_ID2,1,1081799,1261614,1,applied_drift,1741871941578,0.38596391677856445,-39.96341824531555
1,1,block_2,2,Provo_ID2,1,1081799,1261614,1,applied_drift,1741871941627,0.38596391677856445,-39.96341824531555
1,1,block_2,2,Provo_ID2,1,1081799,1261614,1,applied_drift,1741871941670,0.38596391677856445,-39.96341824531555
1,1,block_2,2,Provo_ID2,1,1081799,1261614,1,applied_drift,1741871941718,0.38596391677856445,-39.96341824531555
1,1,block_2,2,Provo_ID2,1,1081799,1261614,1,applied_drift,1741871941764,0.38596391677856445,-39.96341824531555
1,1,block_2,2,Provo_ID2,1,1081799,1261614,1,applied_drift,1741871941786,0.38596391677856445,-39.96341824531555
1,1,block_2,2,Provo_ID2,1,1081799,1261614,1,applied_drift,1741871941831,0.38596391677856445,-39.96341824531555
1,1,block_2,2,Provo_ID2,1,1081799,1261614,1,applied_drift,1741871941863,0.38596391677856445,-39.96341824531555
1,1,block_2,2,Provo_ID2,1,1081799,1261614,1,applied_drift,1741871941983,0.38596391677856445,-39.96341824531555
1,1,block_2,2,Provo_ID2,1,1081799,1261614,1,applied_drift,1741871942037,0.38596391677856445,-39.96341824531555
1,1,block_2,2,Provo_ID2,1,1081799,1261614,1,applied_drift,1741871942077,0.38596391677856445,-39.96341824531555
1,1,block_2,2,Provo_ID2,1,1081799,1261614,1,applied_drift,1741871942120,0.38596391677856445,-39.96341824531555
1,1,block_2,2,Provo_ID2,1,1081799,1261614,1,applied_drift,1741871942159,0.38596391677856445,-39.96341824531555
1,1,block_2,2,Provo_ID2,1,1081799,1261614,1,applied_drift,1741871942211,0.38596391677856445,-39.96341824531555
1,1,block_2,2,Provo_ID2,1,1081799,1261614,1,applied_drift,1741871942284,0.38596391677856445,-39.96341824531555
1,1,block_2,2,Provo_ID2,1,1081799,1261614,1,applied_drift,1741871942348,0.38596391677856445,-39.96341824531555
1,1,block_2,2,Provo_ID2,1,1081799,1261614,1,applied_drift,1741871942385,0.38596391677856445,-39.96341824531555
1,1,block_2,2,Provo_ID2,1,1081799,1261614,1,applied_drift,1741871942405,0.38596391677856445,-39.96341824531555
1,1,block_2,2,Provo_ID2,1,1081799,1261614,1,applied_drift,1741871942451,0.38596391677856445,-39.96341824531555
1,1,block_2,2,Provo_ID2,1,1081799,1261614,1,applied_drift,1741871942485,0.38596391677856445,-39.96341824531555
1,1,block_2,2,Provo_ID2,1,1081799,1261614,1,applied_drift,1741871942540,0.38596391677856445,-39.96341824531555
1,1,block_2,2,Provo_ID2,1,1081799,1261614,1,applied_drift,1741871942579,0.38596391677856445,-39.96341824531555
1,1,block_2,2,Provo_ID2,1,1081799,1261614,1,applied_drift,1741871942626,0.38596391677856445,-39.96341824531555
1,1,block_2,2,Provo_ID2,1,1081799,1261614,1,applied_drift,1741871942667,0.38596391677856445,-39.96341824531555
1,1,block_2,2,Provo_ID2,1,1081799,1261614,1,applied_drift,1741871942689,0.38596391677856445,-39.96341824531555
1,1,block_2,2,Provo_ID2,1,1081799,1261614,1,applied_drift,1741871942741,0.38596391677856445,-39.96341824531555
1,1,block_2,2,Provo_ID2,1,1081799,1261614,1,applied_drift,1741871942775,0.38596391677856445,-39.96341824531555
1,1,block_2,2,Provo_ID2,1,1081799,1261614,1,applied_drift,1741871942796,0.38596391677856445,-39.96341824531555
1,1,block_2,2,Provo_ID2,1,1081799,1261614,1,applied_drift,1741871942843,0.38596391677856445,-39.96341824531555
1,1,block_2,2,Provo_ID2,1,1081799,1261614,1,applied_drift,1741871942873,0.38596391677856445,-39.96341824531555
1,1,block_2,2,Provo_ID2,1,1081799,1261614,1,applied_drift,1741871942928,0.38596391677856445,-39.96341824531555
1,1,block_2,2,Provo_ID2,1,1081799,1261614,1,applied_drift,1741871942969,0.38596391677856445,-39.96341824531555
1,1,block_2,2,Provo_ID2,1,1081799,1261614,1,applied_drift,1741871943017,0.38596391677856445,-39.96341824531555
1,1,block_2,2,Provo_ID2,1,1081799,1261614,1,applied_drift,1741871943063,0.38596391677856445,-39.96341824531555
1,1,block_2,2,Provo_ID2,1,1081799,1261614,1,applied_drift,1741871943206,0.38596391677856445,-39.96341824531555
1,1,block_2,2,Provo_ID2,1,1081799,1261614,1,applied_drift,1741871943230,0.38596391677856445,-39.96341824531555
1,1,block_2,2,Provo_ID2,1,1081799,1261614,1,applied_drift,1741871943271,0.38596391677856445,-39.96341824531555
1,1,block_2,2,Provo_ID2,1,1081799,1261614,1,applied_drift,1741871943306,0.38596391677856445,-39.96341824531555
1,1,block_2,2,Provo_ID2,1,1081799,1261614,1,applied_drift,1741871943356,0.38596391677856445,-39.96341824531555
1,1,block_2,2,Provo_ID2,1,1081799,1261614,1,applied_drift,1741871943391,0.38596391677856445,-39.96341824531555
1,1,block_2,2,Provo_ID2,1,1081799,1261614,1,applied_drift,1741871943453,0.38596391677856445,-39.96341824531555
1,1,block_2,2,Provo_ID2,1,1081799,1261614,1,applied_drift,1741871943523,0.38596391677856445,-39.96341824531555
1,1,block_2,2,Provo_ID2,1,1081799,1261614,1,applied_drift,1741871943593,0.38596391677856445,-39.96341824531555
1,1,block_2,2,Provo_ID2,1,1081799,1261614,1,applied_drift,1741871943623,0.38596391677856445,-39.96341824531555
1,1,block_2,2,Provo_ID2,1,1081799,1261614,1,applied_drift,1741871943676,0.38596391677856445,-39.96341824531555
1,1,block_2,2,Provo_ID2,1,1081799,1261614,1,applied_drift,1741871943705,0.38596391677856445,-39.96341824531555
1,1,block_2,2,Provo_ID2,1,1081799,1261614,1,applied_drift,1741871943762,0.38596391677856445,-39.96341824531555
1,1,block_2,2,Provo_ID2,1,1081799,1261614,1,applied_drift,1741871943797,0.38596391677856445,-39.96341824531555
1,1,block_2,2,Provo_ID2,1,1081799,1261614,1,applied_drift,1741871943857,0.38596391677856445,-39.96341824531555
1,1,block_2,2,Provo_ID2,1,1081799,1261614,1,applied_drift,1741871943930,0.38596391677856445,-39.96341824531555
1,1,block_2,2,Provo_ID2,1,1081799,1261614,1,applied_drift,1741871943993,0.38596391677856445,-39.96341824531555
1,1,block_2,2,Provo_ID2,1,1081799,1261614,1,applied_drift,1741871944023,0.38596391677856445,-39.96341824531555
1,1,block_2,2,Provo_ID2,1,1081799,1261614,1,applied_drift,1741871944068,0.38596391677856445,-39.96341824531555
1,1,block_2,2,Provo_ID2,1,1081799,1261614,1,applied_drift,1741871944107,0.38596391677856445,-39.96341824531555
1,1,block_2,2,Provo_ID2,1,1081799,1261614,1,applied_drift,1741871944156,0.38596391677856445,-39.96341824531555
1,1,block_2,2,Provo_ID2,1,1081799,1261614,1,applied_drift,1741871944190,0.38596391677856445,-39.96341824531555
1,1,block_2,2,Provo_ID2,1,1081799,1261614,1,applied_drift,1741871944241,0.38596391677856445,-39.96341824531555
1,1,block_2,2,Provo_ID2,1,1081799,1261614,1,applied_drift,1741871944285,0.38596391677856445,-39.96341824531555
1,1,block_2,2,Provo_ID2,1,1081799,1261614,1,applied_drift,1741871944388,0.38596391677856445,-39.96341824531555
1,1,block_2,2,Provo_ID2,1,1081799,1261614,1,applied_drift,1741871944412,0.38596391677856445,-39.96341824531555
1,1,block_2,2,Provo_ID2,1,1081799,1261614,1,applied_drift,1741871944464,0.38596391677856445,-39.96341824531555
1,1,block_2,2,Provo_ID2,1,1081799,1261614,1,applied_drift,1741871944493,0.38596391677856445,-39.96341824531555
1,1,block_2,2,Provo_ID2,1,1081799,1261614,1,applied_drift,1741871944539,0.38596391677856445,-39.96341824531555
1,1,block_2,2,Provo_ID2,1,1081799,1261614,1,applied_drift,1741871944572,0.38596391677856445,-39.96341824531555
1,1,block_2,2,Provo_ID2,1,1081799,1261614,1,applied_drift,1741871944645,0.38596391677856445,-39.96341824531555
1,1,block_2,2,Provo_ID2,1,1081799,1261614,1,applied_drift,1741871944716,0.38596391677856445,-39.96341824531555
1,1,block_2,2,Provo_ID2,1,1081799,1261614,1,applied_drift,1741871944742,0.38596391677856445,-39.96341824531555
1,1,block_2,2,Provo_ID2,1,1081799,1261614,1,applied_drift,1741871944800,0.38596391677856445,-39.96341824531555
1,1,block_2,2,Provo_ID2,1,1081799,1261614,1,applied_drift,1741871944828,0.38596391677856445,-39.96341824531555
1,1,block_2,2,Provo_ID2,1,1081799,1261614,1,applied_drift,1741871944876,0.38596391677856445,-39.96341824531555
1,1,block_2,2,Provo_ID2,1,1081799,1261614,1,applied_drift,1741871944905,0.38596391677856445,-39.96341824531555
1,1,block_2,2,Provo_ID2,1,1081799,1261614,1,applied_drift,1741871944950,0.38596391677856445,-39.96341824531555
1,1,block_2,2,Provo_ID2,1,1081799,1261614,1,applied_drift,1741871944991,0.38596391677856445,-39.96341824531555
1,1,block_2,2,Provo_ID2,1,1081799,1261614,1,applied_drift,1741871945045,0.38596391677856445,-39.96341824531555
1,1,block_2,2,Provo_ID2,1,1081799,1261614,1,applied_drift,1741871945076,0.38596391677856445,-39.96341824531555
1,1,block_2,2,Provo_ID2,1,1081799,1261614,1,applied_drift,1741871945126,0.38596391677856445,-39.96341824531555
1,1,block_2,2,Provo_ID2,1,1081799,1261614,1,applied_drift,1741871945154,0.38596391677856445,-39.96341824531555
1,1,block_2,2,Provo_ID2,1,1081799,1261614,1,applied_drift,1741871945218,0.38596391677856445,-39.96341824531555
1,1,block_2,2,Provo_ID2,1,1081799,1261614,1,applied_drift,1741871945290,0.38596391677856445,-39.96341824531555
1,1,block_2,2,Provo_ID2,1,1081799,1261614,1,applied_drift,1741871945366,0.38596391677856445,-39.96341824531555
1,1,block_2,2,Provo_ID2,1,1081799,1261614,1,applied_drift,1741871945401,0.38596391677856445,-39.96341824531555
1,1,block_2,2,Provo_ID2,1,1081799,1261614,1,applied_drift,1741871945449,0.38596391677856445,-39.96341824531555
1,1,block_2,2,Provo_ID2,1,1081799,1261614,1,applied_drift,1741871945476,0.38596391677856445,-39.96341824531555
1,1,block_2,2,Provo_ID2,1,1081799,1261614,1,applied_drift,1741871945528,0.38596391677856445,-39.96341824531555
1,1,block_2,2,Provo_ID2,1,1081799,1261614,1,applied_drift,1741871945562,0.38596391677856445,-39.96341824531555
1,1,block_2,2,Provo_ID2,1,1081799,1261614,1,applied_drift,1741871945587,0.38596391677856445,-39.96341824531555
1,1,block_2,2,Provo_ID2,1,1081799,1261614,1,applied_drift,1741871945693,0.38596391677856445,-39.96341824531555
1,1,block_2,2,Provo_ID2,1,1081799,1261614,1,applied_drift,1741871945714,0.38596391677856445,-39.96341824531555
1,1,block_2,2,Provo_ID2,1,1081799,1261614,1,applied_drift,1741871945757,0.38596391677856445,-39.96341824531555
1,1,block_2,2,Provo_ID2,1,1081799,1261614,1,applied_drift,1741871945789,0.38596391677856445,-39.96341824531555
1,1,block_2,2,Provo_ID2,1,1081799,1261614,1,applied_drift,1741871945837,0.38596391677856445,-39.96341824531555
1,1,block_2,2,Provo_ID2,1,1081799,1261614,1,applied_drift,1741871945879,0.38596391677856445,-39.96341824531555
1,1,block_2,2,Provo_ID2,1,1081799,1261614,1,applied_drift,1741871945901,0.38596391677856445,-39.96341824531555
1,1,block_2,2,Provo_ID2,1,1081799,1261614,1,applied_drift,1741871945947,0.38596391677856445,-39.96341824531555
1,1,block_2,2,Provo_ID2,1,1081799,1261614,1,applied_drift,1741871945976,0.38596391677856445,-39.96341824531555
1,1,block_2,2,Provo_ID2,1,1081799,1261614,1,applied_drift,1741871946037,0.38596391677856445,-39.96341824531555
1,1,block_2,2,Provo_ID2,1,1081799,1261614,1,applied_drift,1741871946112,0.38596391677856445,-39.96341824531555
1,1,block_2,2,Provo_ID2,1,1081799,1261614,1,applied_drift,1741871946171,0.38596391677856445,-39.96341824531555
1,1,block_2,2,Provo_ID2,1,1081799,1261614,1,applied_drift,1741871946204,0.38596391677856445,-39.96341824531555
1,1,block_2,2,Provo_ID2,1,1081799,1261614,1,applied_drift,1741871946224,0.38596391677856445,-39.96341824531555
1,1,block_2,2,Provo_ID2,1,1081799,1261614,1,applied_drift,1741871946276,0.38596391677856445,-39.96341824531555
1,1,block_2,2,Provo_ID2,1,1081799,1261614,1,applied_drift,1741871946308,0.38596391677856445,-39.96341824531555
1,1,block_2,2,Provo_ID2,1,1081799,1261614,1,applied_drift,1741871946368,0.38596391677856445,-39.96341824531555
1,1,block_2,2,Provo_ID2,1,1081799,1261614,1,applied_drift,1741871946419,0.38596391677856445,-39.96341824531555
1,1,block_2,2,Provo_ID2,1,1081799,1261614,1,applied_drift,1741871946445,0.38596391677856445,-39.96341824531555
1,1,block_2,2,Provo_ID2,1,1081799,1261614,1,applied_drift,1741871946489,0.38596391677856445,-39.96341824531555
1,1,block_2,2,Provo_ID2,1,1081799,1261614,1,applied_drift,1741871946523,0.38596391677856445,-39.96341824531555
1,1,block_2,2,Provo_ID2,1,1081799,1261614,1,applied_drift,1741871946569,0.38596391677856445,-39.96341824531555
1,1,block_2,2,Provo_ID2,1,1081799,1261614,1,applied_drift,1741871946614,0.38596391677856445,-39.96341824531555
1,1,block_2,2,Provo_ID2,1,1081799,1261614,1,applied_drift,1741871946636,0.38596391677856445,-39.96341824531555
1,1,block_2,2,Provo_ID2,1,1081799,1261614,1,applied_drift,1741871946686,0.38596391677856445,-39.96341824531555
1,1,block_2,2,Provo_ID2,1,1081799,1261614,1,applied_drift,1741871946723,0.38596391677856445,-39.96341824531555
1,1,block_2,2,Provo_ID2,1,1081799,1261614,1,applied_drift,1741871946780,0.38596391677856445,-39.96341824531555
1,1,block_2,2,Provo_ID2,1,1081799,1261614,1,applied_drift,1741871946838,0.38596391677856445,-39.96341824531555
1,1,block_2,2,Provo_ID2,1,1081799,1261614,1,applied_drift,1741871946862,0.38596391677856445,-39.96341824531555
1,1,block_2,2,Provo_ID2,1,1081799,1261614,1,applied_drift,1741871946930,0.38596391677856445,-39.96341824531555
1,1,block_2,2,Provo_ID2,1,1081799,1261614,1,applied_drift,1741871946974,0.38596391677856445,-39.96341824531555
1,1,block_2,2,Provo_ID2,1,1081799,1261614,1,applied_drift,1741871947022,0.38596391677856445,-39.96341824531555
1,1,block_2,2,Provo_ID2,1,1081799,1261614,1,applied_drift,1741871947068,0.38596391677856445,-39.96341824531555
1,1,block_2,2,Provo_ID2,1,1081799,1261614,1,applied_drift,1741871947096,0.38596391677856445,-39.96341824531555
1,1,block_2,2,Provo_ID2,1,1081799,1261614,1,applied_drift,1741871947178,0.38596391677856445,-39.96341824531555
1,1,block_2,2,Provo_ID2,1,1081799,1261614,1,applied_drift,1741871947216,0.38596391677856445,-39.96341824531555
1,1,block_2,2,Provo_ID2,1,1081799,1261614,1,applied_drift,1741871947259,0.38596391677856445,-39.96341824531555
1,1,block_2,2,Provo_ID2,1,1081799,1261614,1,applied_drift,1741871947303,0.38596391677856445,-39.96341824531555
1,1,block_2,2,Provo_ID2,1,1081799,1261614,1,applied_drift,1741871947325,0.38596391677856445,-39.96341824531555
1,1,block_2,2,Provo_ID2,1,1081799,1261614,1,applied_drift,1741871947388,0.38596391677856445,-39.96341824531555
1,1,block_2,2,Provo_ID2,1,1081799,1261614,1,applied_drift,1741871947434,0.38596391677856445,-39.96341824531555
1,1,block_2,2,Provo_ID2,1,1081799,1261614,1,applied_drift,1741871947492,0.38596391677856445,-39.96341824531555
1,1,block_2,2,Provo_ID2,1,1081799,1261614,1,applied_drift,1741871947523,0.38596391677856445,-39.96341824531555
1,1,block_2,2,Provo_ID2,1,1081799,1261614,1,applied_drift,1741871947548,0.38596391677856445,-39.96341824531555
1,1,block_2,2,Provo_ID2,1,1081799,1261614,1,applied_drift,1741871947601,0.38596391677856445,-39.96341824531555
1,1,block_2,2,Provo_ID2,1,1081799,1261614,1,applied_drift,1741871947679,0.38596391677856445,-39.96341824531555
1,1,block_2,2,Provo_ID2,1,1081799,1261614,1,applied_drift,1741871947716,0.38596391677856445,-39.96341824531555
1,1,block_2,2,Provo_ID2,1,1081799,1261614,1,applied_drift,1741871947766,0.38596391677856445,-39.96341824531555
1,1,block_2,2,Provo_ID2,1,1081799,1261614,1,applied_drift,1741871947800,0.38596391677856445,-39.96341824531555
1,1,block_2,2,Provo_ID2,1,1081799,1261614,1,applied_drift,1741871947825,0.38596391677856445,-39.96341824531555
1,1,block_2,2,Provo_ID2,1,1081799,1261614,1,applied_drift,1741871947873,0.38596391677856445,-39.96341824531555
1,1,block_2,2,Provo_ID2,1,1081799,1261614,1,applied_drift,1741871947906,0.38596391677856445,-39.96341824531555
1,1,block_2,2,Provo_ID2,1,1081799,1261614,1,applied_drift,1741871947954,0.38596391677856445,-39.96341824531555
1,1,block_2,2,Provo_ID2,1,1081799,1261614,1,applied_drift,1741871947990,0.38596391677856445,-39.96341824531555
1,1,block_2,2,Provo_ID2,1,1081799,1261614,1,applied_drift,1741871948011,0.38596391677856445,-39.96341824531555
1,1,block_2,2,Provo_ID2,1,1081799,1261614,1,applied_drift,1741871948062,0.38596391677856445,-39.96341824531555
1,1,block_2,2,Provo_ID2,1,1081799,1261614,1,applied_drift,1741871948100,0.38596391677856445,-39.96341824531555
1,1,block_2,2,Provo_ID2,1,1081799,1261614,1,applied_drift,1741871948160,0.38596391677856445,-39.96341824531555
1,1,block_2,2,Provo_ID2,1,1081799,1261614,1,applied_drift,1741871948229,0.38596391677856445,-39.96341824531555
1,1,block_2,2,Provo_ID2,1,1081799,1261614,1,applied_drift,1741871948289,0.38596391677856445,-39.96341824531555
1,1,block_2,2,Provo_ID2,1,1081799,1261614,1,applied_drift,1741871948323,0.38596391677856445,-39.96341824531555
1,1,block_2,2,Provo_ID2,1,1081799,1261614,1,applied_drift,1741871948370,0.38596391677856445,-39.96341824531555
1,1,block_2,2,Provo_ID2,1,1081799,1261614,1,applied_drift,1741871948406,0.38596391677856445,-39.96341824531555
1,1,block_2,2,Provo_ID2,1,1081799,1261614,1,applied_drift,1741871948460,0.38596391677856445,-39.96341824531555
1,1,block_2,2,Provo_ID2,1,1081799,1261614,1,applied_drift,1741871948493,0.38596391677856445,-39.96341824531555
1,1,block_2,2,Provo_ID2,1,1081799,1261614,1,applied_drift,1741871948515,0.38596391677856445,-39.96341824531555
1,1,block_2,2,Provo_ID2,1,1081799,1261614,1,applied_drift,1741871948671,0.38596391677856445,-39.96341824531555
1,1,block_2,2,Provo_ID2,1,1081799,1261614,1,applied_drift,1741871948715,0.38596391677856445,-39.96341824531555
1,1,block_2,2,Provo_ID2,1,1081799,1261614,1,applied_drift,1741871948740,0.38596391677856445,-39.96341824531555
1,1,block_2,2,Provo_ID2,1,1081799,1261614,1,applied_drift,1741871948787,0.38596391677856445,-39.96341824531555
1,1,block_2,2,Provo_ID2,1,1081799,1261614,1,applied_drift,1741871948830,0.38596391677856445,-39.96341824531555
1,1,block_2,2,Provo_ID2,1,1081799,1261614,1,applied_drift,1741871948887,0.38596391677856445,-39.96341824531555
1,1,block_2,2,Provo_ID2,1,1081799,1261614,1,applied_drift,1741871948932,0.38596391677856445,-39.96341824531555
1,1,block_2,2,Provo_ID2,1,1081799,1261614,1,applied_drift,1741871948960,0.38596391677856445,-39.96341824531555
1,1,block_2,2,Provo_ID2,1,1081799,1261614,1,applied_drift,1741871949035,0.38596391677856445,-39.96341824531555
1,1,block_2,2,Provo_ID2,1,1081799,1261614,1,applied_drift,1741871949103,0.38596391677856445,-39.96341824531555
1,1,block_2,2,Provo_ID2,1,1081799,1261614,1,applied_drift,1741871949166,0.38596391677856445,-39.96341824531555
1,1,block_2,2,Provo_ID2,1,1081799,1261614,1,applied_drift,1741871949231,0.38596391677856445,-39.96341824531555
1,1,block_2,2,Provo_ID2,1,1081799,1261614,1,applied_drift,1741871949271,0.38596391677856445,-39.96341824531555
1,1,block_2,2,Provo_ID2,1,1081799,1261614,1,applied_drift,1741871949320,0.38596391677856445,-39.96341824531555
1,1,block_2,2,Provo_ID2,1,1081799,1261614,1,applied_drift,1741871949361,0.38596391677856445,-39.96341824531555
1,1,block_2,2,Provo_ID2,1,1081799,1261614,1,applied_drift,1741871949383,0.38596391677856445,-39.96341824531555
1,1,block_2,2,Provo_ID2,1,1081799,1261614,1,applied_drift,1741871949440,0.38596391677856445,-39.96341824531555
1,1,block_2,2,Provo_ID2,1,1081799,1261614,1,applied_drift,1741871949574,0.38596391677856445,-39.96341824531555
1,1,block_2,2,Provo_ID2,1,1081799,1261614,1,applied_drift,1741871949613,0.38596391677856445,-39.96341824531555
1,1,block_2,2,Provo_ID2,1,1081799,1261614,1,error_trial,1741871888362,33.95051744249132
1,1,block_2,2,Provo_ID2,1,1081799,1261614,1,error_trial_x,1741871888362,21.468963623046875
1,1,block_2,2,Provo_ID2,1,1081799,1261614,1,error_trial_y,1741871888362,18.264340294731987
1,1,block_2,2,Provo_ID2,1,1081799,1261614,1,error_calibration,1741871888362,25.465291341145832
1,1,block_2,2,Provo_ID2,1,1081799,1261614,1,error_calibration_x,1741871888362,18.51829104953342
1,1,block_2,2,Provo_ID2,1,1081799,1261614,1,error_calibration_y,1741871888362,15.158179601033527
1,1,block_2,2,Provo_ID12,2,1081799,1261614,1,gaze_data,1741871954342,
1,1,block_2,2,Provo_ID12,2,1081799,1261614,1,gaze_data,1741871979468,765.4663801193237,447.0532149076462,1741871979290.2002,0.9711615330411241
1,1,block_2,2,Provo_ID12,2,1081799,1261614,1,gaze_data,1741871979503,763.2806777954102,444.46682035923004,1741871979385.7002,0.9711615330411241
1,1,block_2,2,Provo_ID12,2,1081799,1261614,1,gaze_data,1741871979548,759.7407579421997,443.445360660553,1741871979418.4001,0.9040331982582765
1,1,block_2,2,Provo_ID12,2,1081799,1261614,1,gaze_data,1741871979582,763.841700553894,442.33997762203217,1741871979452.1,0.9040331982582765
1,1,block_2,2,Provo_ID12,2,1081799,1261614,1,gaze_data,1741871979650,756.4561605453491,448.7424850463867,1741871979486.5,0.9977673010304371
1,1,block_2,2,Provo_ID12,2,1081799,1261614,1,gaze_data,1741871979701,756.4561605453491,448.7424850463867,1741871979518.2002,0.9977673010304371
1,1,block_2,2,Provo_ID12,2,1081799,1261614,1,gaze_data,1741871979777,572.7524280548096,313.2623717188835,1741871979619.9001,0.9627427162213977
1,1,block_2,2,Provo_ID12,2,1081799,1261614,1,gaze_data,1741871979811,321.8466639518738,153.31896245479584,1741871979685.2002,0.9627427162213977
1,1,block_2,2,Provo_ID12,2,1081799,1261614,1,gaze_data,1741871979855,253.94234657287598,137.62172162532806,1741871979718.2002,1
1,1,block_2,2,Provo_ID12,2,1081799,1261614,1,gaze_data,1741871979886,146.63279056549072,95.49353122711182,1741871979752,1
1,1,block_2,2,Provo_ID12,2,1081799,1261614,1,gaze_data,1741871979950,108.00080299377441,129.8762023448944,1741871979784.5,1
1,1,block_2,2,Provo_ID12,2,1081799,1261614,1,gaze_data,1741871980004,121.63505554199219,118.14229041337967,1741871979851.3,1
1,1,block_2,2,Provo_ID12,2,1081799,1261614,1,gaze_data,1741871980069,109.89844799041748,97.30762839317322,1741871979920.4001,1
1,1,block_2,2,Provo_ID12,2,1081799,1261614,1,gaze_data,1741871980109,88.58146667480469,109.20535624027252,1741871979985.3,1
1,1,block_2,2,Provo_ID12,2,1081799,1261614,1,gaze_data,1741871980155,91.28942489624023,105.74880838394165,1741871980018.4001,1
1,1,block_2,2,Provo_ID12,2,1081799,1261614,1,gaze_data,1741871980194,96.35589122772217,83.88849198818207,1741871980052.5,1
1,1,block_2,2,Provo_ID12,2,1081799,1261614,1,gaze_data,1741871980238,100.09267330169678,85.48132181167603,1741871980117.6,1
1,1,block_2,2,Provo_ID12,2,1081799,1261614,1,gaze_data,1741871980290,80.41572570800781,82.03261196613312,1741871980151.4001,1
1,1,block_2,2,Provo_ID12,2,1081799,1261614,1,gaze_data,1741871980327,75.83849430084229,89.20352756977081,1741871980185.2002,1
1,1,block_2,2,Provo_ID12,2,1081799,1261614,1,gaze_data,1741871980411,126.75960063934326,89.07330632209778,1741871980285.9001,1
1,1,block_2,2,Provo_ID12,2,1081799,1261614,1,gaze_data,1741871980455,133.68704319000244,93.27322840690613,1741871980320,1
1,1,block_2,2,Provo_ID12,2,1081799,1261614,1,gaze_data,1741871980505,271.87721729278564,108.48990678787231,1741871980351.9001,1
1,1,block_2,2,Provo_ID12,2,1081799,1261614,1,gaze_data,1741871980536,288.6342525482178,106.1667263507843,1741871980418.2002,1
1,1,block_2,2,Provo_ID12,2,1081799,1261614,1,gaze_data,1741871980583,298.905086517334,110.03274321556091,1741871980451.3,1
1,1,block_2,2,Provo_ID12,2,1081799,1261614,1,gaze_data,1741871980617,295.38750648498535,104.9038827419281,1741871980485.5,1
1,1,block_2,2,Provo_ID12,2,1081799,1261614,1,gaze_data,1741871980639,289.44082260131836,102.17132270336151,1741871980518,1
1,1,block_2,2,Provo_ID12,2,1081799,1261614,1,gaze_data,1741871980687,287.7291202545166,104.37037646770477,1741871980551.3,1
1,1,block_2,2,Provo_ID12,2,1081799,1261614,1,gaze_data,1741871980733,303.9929687976837,92.85155534744263,1741871980585.4001,1
1,1,block_2,2,Provo_ID12,2,1081799,1261614,1,gaze_data,1741871980803,297.36218452453613,95.71742117404938,1741871980618.4001,1
1,1,block_2,2,Provo_ID12,2,1081799,1261614,1,gaze_data,1741871980855,468.4593081474304,93.57368052005768,1741871980725.1,1
1,1,block_2,2,Provo_ID12,2,1081799,1261614,1,gaze_data,1741871980907,488.51465582847595,101.58531963825226,1741871980755.9001,1
1,1,block_2,2,Provo_ID12,2,1081799,1261614,1,gaze_data,1741871980950,498.4748840332031,107.39659368991852,1741871980818.4001,1
1,1,block_2,2,Provo_ID12,2,1081799,1261614,1,gaze_data,1741871980996,519.9721574783325,107.17459619045258,1741871980851.2002,1
1,1,block_2,2,Provo_ID12,2,1081799,1261614,1,gaze_data,1741871981039,494.26706433296204,89.56052958965302,1741871980917.4001,1
1,1,block_2,2,Provo_ID12,2,1081799,1261614,1,gaze_data,1741871981061,421.25926464796066,85.03787815570831,1741871980951.4001,1
1,1,block_2,2,Provo_ID12,2,1081799,1261614,1,gaze_data,1741871981112,400.6666570901871,81.47325217723846,1741871980984.6,1
1,1,block_2,2,Provo_ID12,2,1081799,1261614,1,gaze_data,1741871981142,386.450657248497,95.29881775379181,1741871981018.1,1
1,1,block_2,2,Provo_ID12,2,1081799,1261614,1,gaze_data,1741871981163,386.450657248497,95.29881775379181,1741871981050.9001,1
1,1,block_2,2,Provo_ID12,2,1081799,1261614,1,gaze_data,1741871981209,380.34766018390656,107.1665346622467,1741871981085.3,1
1,1,block_2,2,Provo_ID12,2,1081799,1261614,1,gaze_data,1741871981243,332.19717144966125,103.74487042427063,1741871981117.9001,1
1,1,block_2,2,Provo_ID12,2,1081799,1261614,1,gaze_data,1741871981293,308.33861231803894,99.94741380214691,1741871981151.2002,1
1,1,block_2,2,Provo_ID12,2,1081799,1261614,1,gaze_data,1741871981331,290.3482913970947,103.617063164711,1741871981217.9001,1
1,1,block_2,2,Provo_ID12,2,1081799,1261614,1,gaze_data,1741871981383,221.3791847229004,160.41517108678818,1741871981250.9001,1
1,1,block_2,2,Provo_ID12,2,1081799,1261614,1,gaze_data,1741871981420,183.74733924865723,191.38593450188637,1741871981284.5,1
1,1,block_2,2,Provo_ID12,2,1081799,1261614,1,gaze_data,1741871981472,186.72277927398682,196.55913338065147,1741871981317.8,1
1,1,block_2,2,Provo_ID12,2,1081799,1261614,1,gaze_data,1741871981512,183.41772556304932,196.81415185332298,1741871981384.2002,1
1,1,block_2,2,Provo_ID12,2,1081799,1261614,1,gaze_data,1741871981560,176.23789310455322,188.21288123726845,1741871981417.9001,1
1,1,block_2,2,Provo_ID12,2,1081799,1261614,1,gaze_data,1741871981605,178.48284244537354,202.15770453214645,1741871981484.6,1
1,1,block_2,2,Provo_ID12,2,1081799,1261614,1,gaze_data,1741871981656,191.00985527038574,206.71533271670341,1741871981517.6,1
1,1,block_2,2,Provo_ID12,2,1081799,1261614,1,gaze_data,1741871981695,260.1604223251343,200.91211646795273,1741871981552.1,1
1,1,block_2,2,Provo_ID12,2,1081799,1261614,1,gaze_data,1741871981751,255.2151918411255,181.6524513065815,1741871981617.4001,1
1,1,block_2,2,Provo_ID12,2,1081799,1261614,1,gaze_data,1741871981827,376.54656171798706,187.31325715780258,1741871981722.3,1
1,1,block_2,2,Provo_ID12,2,1081799,1261614,1,gaze_data,1741871981889,404.4357031583786,184.91678163409233,1741871981754,1
1,1,block_2,2,Provo_ID12,2,1081799,1261614,1,gaze_data,1741871981927,407.59026408195496,175.9432166814804,1741871981784.5,1
1,1,block_2,2,Provo_ID12,2,1081799,1261614,1,gaze_data,1741871981974,429.9365371465683,179.2248286306858,1741871981850.6,1
1,1,block_2,2,Provo_ID12,2,1081799,1261614,1,gaze_data,1741871982003,427.7525335550308,181.0687132179737,1741871981883.9001,1
1,1,block_2,2,Provo_ID12,2,1081799,1261614,1,gaze_data,1741871982058,422.9340970516205,193.9646102488041,1741871981917.2002,1
1,1,block_2,2,Provo_ID12,2,1081799,1261614,1,gaze_data,1741871982095,412.5427395105362,189.66613560914993,1741871981984.9001,1
1,1,block_2,2,Provo_ID12,2,1081799,1261614,1,gaze_data,1741871982143,422.7997601032257,191.18108451366425,1741871982017.7002,1
1,1,block_2,2,Provo_ID12,2,1081799,1261614,1,gaze_data,1741871982182,481.633722782135,195.52500396966934,1741871982051.1,1
1,1,block_2,2,Provo_ID12,2,1081799,1261614,1,gaze_data,1741871982229,583.0490112304688,212.14583553373814,1741871982084.7002,1
1,1,block_2,2,Provo_ID12,2,1081799,1261614,1,gaze_data,1741871982259,583.0490112304688,212.14583553373814,1741871982116.7002,1
1,1,block_2,2,Provo_ID12,2,1081799,1261614,1,gaze_data,1741871982376,610.072135925293,197.65981882810593,1741871982236.4001,1
1,1,block_2,2,Provo_ID12,2,1081799,1261614,1,gaze_data,1741871982424,604.4189691543579,202.86309197545052,1741871982285.1,1
1,1,block_2,2,Provo_ID12,2,1081799,1261614,1,gaze_data,1741871982470,257.52060413360596,251.23794600367546,1741871982350.7002,1
1,1,block_2,2,Provo_ID12,2,1081799,1261614,1,gaze_data,1741871982507,214.7069215774536,261.13443672657013,1741871982384.1,1
1,1,block_2,2,Provo_ID12,2,1081799,1261614,1,gaze_data,1741871982555,229.46081161499023,269.46393996477127,1741871982417.4001,1
1,1,block_2,2,Provo_ID12,2,1081799,1261614,1,gaze_data,1741871982595,227.36811637878418,268.50951686501503,1741871982450.8,1
1,1,block_2,2,Provo_ID12,2,1081799,1261614,1,gaze_data,1741871982616,216.65847301483154,273.2504516839981,1741871982516.9001,1
1,1,block_2,2,Provo_ID12,2,1081799,1261614,1,gaze_data,1741871982665,200.2908229827881,262.68720105290413,1741871982550.9001,1
1,1,block_2,2,Provo_ID12,2,1081799,1261614,1,gaze_data,1741871982796,193.02492141723633,275.2118170261383,1741871982631.4001,1
1,1,block_2,2,Provo_ID12,2,1081799,1261614,1,gaze_data,1741871982835,377.75973975658417,257.61493146419525,1741871982717.5,1
1,1,block_2,2,Provo_ID12,2,1081799,1261614,1,gaze_data,1741871982880,423.3847677707672,245.27663961052895,1741871982750.6,1
1,1,block_2,2,Provo_ID12,2,1081799,1261614,1,gaze_data,1741871982919,434.2533528804779,273.026941716671,1741871982784.1,1
1,1,block_2,2,Provo_ID12,2,1081799,1261614,1,gaze_data,1741871982970,438.9413893222809,263.92235830426216,1741871982816.9001,1
1,1,block_2,2,Provo_ID12,2,1081799,1261614,1,gaze_data,1741871983003,431.2306046485901,262.34511509537697,1741871982883.8,1
1,1,block_2,2,Provo_ID12,2,1081799,1261614,1,gaze_data,1741871983049,453.47031354904175,271.1881496012211,1741871982916.8,1
1,1,block_2,2,Provo_ID12,2,1081799,1261614,1,gaze_data,1741871983095,527.1519660949707,260.1133160293102,1741871982951.4001,1
1,1,block_2,2,Provo_ID12,2,1081799,1261614,1,gaze_data,1741871983116,570.1721668243408,277.02387273311615,1741871983017.6,1
1,1,block_2,2,Provo_ID12,2,1081799,1261614,1,gaze_data,1741871983165,565.6405210494995,330.3125560283661,1741871983050.5,1
1,1,block_2,2,Provo_ID12,2,1081799,1261614,1,gaze_data,1741871983194,464.1066789627075,268.041929602623,1741871983084.3,1
1,1,block_2,2,Provo_ID12,2,1081799,1261614,1,gaze_data,1741871983243,398.98767322301865,137.40783035755157,1741871983117.2002,0.95438679205659
1,1,block_2,2,Provo_ID12,2,1081799,1261614,1,gaze_data,1741871983288,350.7040858268738,250.8801206946373,1741871983150.4001,0.95438679205659
1,1,block_2,2,Provo_ID12,2,1081799,1261614,1,gaze_data,1741871983336,563.2877349853516,356.9253444671631,1741871983217,0
1,1,block_2,2,Provo_ID12,2,1081799,1261614,1,gaze_data,1741871983381,635.7907056808472,381.099408864975,1741871983250.1,0
1,1,block_2,2,Provo_ID12,2,1081799,1261614,1,gaze_data,1741871983443,368.6585009098053,394.25808787345886,1741871983284.2002,0
1,1,block_2,2,Provo_ID12,2,1081799,1261614,1,gaze_data,1741871983524,368.6585009098053,394.25808787345886,1741871983316.6,0
1,1,block_2,2,Provo_ID12,2,1081799,1261614,1,gaze_data,1741871983591,244.48955059051514,369.84821259975433,1741871983450.8,0.13774079436810419
1,1,block_2,2,Provo_ID12,2,1081799,1261614,1,gaze_data,1741871983630,256.5727233886719,361.85159385204315,1741871983517.1,0.13774079436810419
1,1,block_2,2,Provo_ID12,2,1081799,1261614,1,gaze_data,1741871983675,268.88108253479004,365.0308758020401,1741871983550.1,0.57984464950985
1,1,block_2,2,Provo_ID12,2,1081799,1261614,1,gaze_data,1741871983714,254.99498844146729,378.5973399877548,1741871983583.1,0.57984464950985
1,1,block_2,2,Provo_ID12,2,1081799,1261614,1,gaze_data,1741871983778,233.14886093139648,386.4092290401459,1741871983617,0.566093073327941
1,1,block_2,2,Provo_ID12,2,1081799,1261614,1,gaze_data,1741871983839,233.14886093139648,386.4092290401459,1741871983649.7002,0.566093073327941
1,1,block_2,2,Provo_ID12,2,1081799,1261614,1,gaze_data,1741871983909,348.9718973636627,366.8510526418686,1741871983751,0.5992326327513502
1,1,block_2,2,Provo_ID12,2,1081799,1261614,1,gaze_data,1741871983949,407.76427537202835,344.0514415502548,1741871983817,0.5992326327513502
1,1,block_2,2,Provo_ID12,2,1081799,1261614,1,gaze_data,1741871983999,443.0751830339432,341.78124219179153,1741871983850.1,0.46136099532081876
1,1,block_2,2,Provo_ID12,2,1081799,1261614,1,gaze_data,1741871984032,438.8675332069397,339.68639224767685,1741871983916.2002,0.46136099532081876
1,1,block_2,2,Provo_ID12,2,1081799,1261614,1,gaze_data,1741871984085,434.3504339456558,342.53590404987335,1741871983950,0.6527692270400315
1,1,block_2,2,Provo_ID12,2,1081799,1261614,1,gaze_data,1741871984119,535.6189489364624,355.1484853029251,1741871983983.3,0.6527692270400315
1,1,block_2,2,Provo_ID12,2,1081799,1261614,1,gaze_data,1741871984172,552.7155160903931,357.8461021184921,1741871984016.9001,0.7201114421390487
1,1,block_2,2,Provo_ID12,2,1081799,1261614,1,gaze_data,1741871984246,573.1768846511841,348.1430172920227,1741871984082.7002,0.7201114421390487
1,1,block_2,2,Provo_ID12,2,1081799,1261614,1,gaze_data,1741871984317,567.5841569900513,241.07035286724567,1741871984153.3,0.745161339298835
1,1,block_2,2,Provo_ID12,2,1081799,1261614,1,gaze_data,1741871984348,649.2899894714355,127.57124602794647,1741871984217.1,0.745161339298835
1,1,block_2,2,Provo_ID12,2,1081799,1261614,1,gaze_data,1741871984380,631.2996864318848,96.2666928768158,1741871984249.5,0.745161339298835
1,1,block_2,2,Provo_ID12,2,1081799,1261614,1,gaze_data,1741871984429,427.69455909729004,324.95364397764206,1741871984283.4001,0.931582965164881
1,1,block_2,2,Provo_ID12,2,1081799,1261614,1,gaze_data,1741871984468,397.25374579429626,324.49741512537,1741871984349.8,0.931582965164881
1,1,block_2,2,Provo_ID12,2,1081799,1261614,1,gaze_data,1741871984513,309.17442440986633,365.1256173849106,1741871984382.7002,0.6836353961884862
1,1,block_2,2,Provo_ID12,2,1081799,1261614,1,gaze_data,1741871984554,317.6210939884186,380.0050973892212,1741871984417.4001,0.6836353961884862
1,1,block_2,2,Provo_ID12,2,1081799,1261614,1,gaze_data,1741871984609,287.5225305557251,363.82581889629364,1741871984482.8,0.5312314685443482
1,1,block_2,2,Provo_ID12,2,1081799,1261614,1,gaze_data,1741871984712,361.4408493041992,406.44120275974274,1741871984586.2002,0.5996632983464556
1,1,block_2,2,Provo_ID12,2,1081799,1261614,1,gaze_data,1741871984748,459.91132259368896,456.04678094387054,1741871984619.6,0.5996632983464556
1,1,block_2,2,Provo_ID12,2,1081799,1261614,1,gaze_data,1741871984785,512.5778436660767,470.67727744579315,1741871984649.7002,0.5996632983464556
1,1,block_2,2,Provo_ID12,2,1081799,1261614,1,gaze_data,1741871984831,352.0775020122528,384.6023887395859,1741871984683.3,0.4877608397838009
1,1,block_2,2,Provo_ID12,2,1081799,1261614,1,gaze_data,1741871984873,406.61856830120087,399.72517490386963,1741871984749.9001,0.4877608397838009
1,1,block_2,2,Provo_ID12,2,1081799,1261614,1,gaze_data,1741871984893,646.3585376739502,397.83183336257935,1741871984782.7002,0.4877608397838009
1,1,block_2,2,Provo_ID12,2,1081799,1261614,1,gaze_data,1741871984939,519.1812753677368,359.0208649635315,1741871984816.4001,0.5978668098747844
1,1,block_2,2,Provo_ID12,2,1081799,1261614,1,gaze_data,1741871984976,524.4358777999878,367.5493061542511,1741871984849.8,0.5978668098747844
1,1,block_2,2,Provo_ID12,2,1081799,1261614,1,gaze_data,1741871985024,514.6016120910645,346.34983390569687,1741871984883.1,0.7219147137875711
1,1,block_2,2,Provo_ID12,2,1081799,1261614,1,gaze_data,1741871985065,520.598578453064,337.15540021657944,1741871984949.8,0.7219147137875711
1,1,block_2,2,Provo_ID12,2,1081799,1261614,1,gaze_data,1741871985133,409.5798693597317,223.12475964426994,1741871984982.7002,0.7500867473439604
1,1,block_2,2,Provo_ID12,2,1081799,1261614,1,gaze_data,1741871985213,237.93630599975586,94.08137798309326,1741871985017.4001,0.7500867473439604
1,1,block_2,2,Provo_ID12,2,1081799,1261614,1,gaze_data,1741871985263,272.466516494751,68.59435737133026,1741871985133.9001,0.7500867473439604
1,1,block_2,2,Provo_ID12,2,1081799,1261614,1,gaze_data,1741871985289,288.35527896881104,69.05490756034851,1741871985183.1,0.7500867473439604
1,1,block_2,2,Provo_ID12,2,1081799,1261614,1,gaze_data,1741871985330,254.55224514007568,107.74639844894409,1741871985216.3,0.5081013513492636
1,1,block_2,2,Provo_ID12,2,1081799,1261614,1,gaze_data,1741871985361,252.2883653640747,108.63023102283478,1741871985249,0.5081013513492636
1,1,block_2,2,Provo_ID12,2,1081799,1261614,1,gaze_data,1741871985414,221.55349254608154,127.93887257575989,1741871985282.7002,1
1,1,block_2,2,Provo_ID12,2,1081799,1261614,1,gaze_data,1741871985448,133.4073781967163,100.2216100692749,1741871985316.1,1
1,1,block_2,2,Provo_ID12,2,1081799,1261614,1,gaze_data,1741871985505,139.97373580932617,97.27199971675873,1741871985350,1
1,1,block_2,2,Provo_ID12,2,1081799,1261614,1,gaze_data,1741871985542,139.97373580932617,97.27199971675873,1741871985382.5,1
1,1,block_2,2,Provo_ID12,2,1081799,1261614,1,gaze_data,1741871985589,129.61299419403076,105.3715854883194,1741871985485.6,1
1,1,block_2,2,Provo_ID12,2,1081799,1261614,1,gaze_data,1741871985640,105.1950454711914,93.54253709316254,1741871985516.3,0.9829505636741769
1,1,block_2,2,Provo_ID12,2,1081799,1261614,1,gaze_data,1741871985683,94.73705291748047,95.0229823589325,1741871985550,0.9829505636741769
1,1,block_2,2,Provo_ID12,2,1081799,1261614,1,gaze_data,1741871985704,187.1349573135376,105.22428750991821,1741871985582.7002,0.9829505636741769
1,1,block_2,2,Provo_ID12,2,1081799,1261614,1,gaze_data,1741871985748,276.9707202911377,93.50862205028534,1741871985615.8,1
1,1,block_2,2,Provo_ID12,2,1081799,1261614,1,gaze_data,1741871985784,274.0467309951782,114.95125889778137,1741871985649.4001,1
1,1,block_2,2,Provo_ID12,2,1081799,1261614,1,gaze_data,1741871985844,276.0298728942871,120.23753523826599,1741871985682.9001,1
1,1,block_2,2,Provo_ID12,2,1081799,1261614,1,gaze_data,1741871985899,332.006710767746,121.44977450370789,1741871985749.8,1
1,1,block_2,2,Provo_ID12,2,1081799,1261614,1,gaze_data,1741871985952,428.60130965709686,116.82791858911514,1741871985816.6,1
1,1,block_2,2,Provo_ID12,2,1081799,1261614,1,gaze_data,1741871985996,480.0788342952728,120.06656676530838,1741871985849.6,1
1,1,block_2,2,Provo_ID12,2,1081799,1261614,1,gaze_data,1741871986029,480.0788342952728,120.06656676530838,1741871985882.9001,1
1,1,block_2,2,Provo_ID12,2,1081799,1261614,1,gaze_data,1741871986110,481.72950744628906,117.15987175703049,1741871985989.6,1
1,1,block_2,2,Provo_ID12,2,1081799,1261614,1,gaze_data,1741871986145,479.8775613307953,104.57629561424255,1741871986018.3,1
1,1,block_2,2,Provo_ID12,2,1081799,1261614,1,gaze_data,1741871986197,487.9116892814636,96.56164646148682,1741871986049.1,1
1,1,block_2,2,Provo_ID12,2,1081799,1261614,1,gaze_data,1741871986232,492.9338812828064,87.78301477432251,1741871986115.4001,1
1,1,block_2,2,Provo_ID12,2,1081799,1261614,1,gaze_data,1741871986252,484.1147184371948,87.45015263557434,1741871986149.4001,1
1,1,block_2,2,Provo_ID12,2,1081799,1261614,1,gaze_data,1741871986291,459.313702583313,87.59765923023224,1741871986182.1,1
1,1,block_2,2,Provo_ID12,2,1081799,1261614,1,gaze_data,1741871986323,411.5064263343811,64.45491909980774,1741871986216,1
1,1,block_2,2,Provo_ID12,2,1081799,1261614,1,gaze_data,1741871986385,403.52828204631805,76.27852857112885,1741871986248.6,1
1,1,block_2,2,Provo_ID12,2,1081799,1261614,1,gaze_data,1741871986479,399.37390089035034,70.55557370185852,1741871986355,1
1,1,block_2,2,Provo_ID12,2,1081799,1261614,1,gaze_data,1741871986520,323.02708625793457,77.2561639547348,1741871986390.1,1
1,1,block_2,2,Provo_ID12,2,1081799,1261614,1,gaze_data,1741871986558,306.4446985721588,85.05675792694092,1741871986448.6,1
1,1,block_2,2,Provo_ID12,2,1081799,1261614,1,gaze_data,1741871986613,294.1687345504761,91.4487898349762,1741871986482.4001,1
1,1,block_2,2,Provo_ID12,2,1081799,1261614,1,gaze_data,1741871986641,286.9779109954834,97.37899005413055,1741871986515.4001,1
1,1,block_2,2,Provo_ID12,2,1081799,1261614,1,gaze_data,1741871986691,301.45482420921326,97.01705574989319,1741871986549.2002,1
1,1,block_2,2,Provo_ID12,2,1081799,1261614,1,gaze_data,1741871986735,310.8550250530243,90.68573117256165,1741871986615.4001,1
1,1,block_2,2,Provo_ID12,2,1081799,1261614,1,gaze_data,1741871986786,309.6425712108612,89.84882235527039,1741871986648.7002,1
1,1,block_2,2,Provo_ID12,2,1081799,1261614,1,gaze_data,1741871986825,341.14301800727844,89.86640572547913,1741871986715.2002,1
1,1,block_2,2,Provo_ID12,2,1081799,1261614,1,gaze_data,1741871986846,332.48993158340454,91.25076830387115,1741871986749.2002,1
1,1,block_2,2,Provo_ID12,2,1081799,1261614,1,gaze_data,1741871986888,314.0038192272186,78.83279621601105,1741871986782.3,1
1,1,block_2,2,Provo_ID12,2,1081799,1261614,1,gaze_data,1741871986924,297.7308750152588,81.97060823440552,1741871986816.1,1
1,1,block_2,2,Provo_ID12,2,1081799,1261614,1,gaze_data,1741871986978,300.0468909740448,79.48303818702698,1741871986848.8,1
1,1,block_2,2,Provo_ID12,2,1081799,1261614,1,gaze_data,1741871987024,254.1811466217041,251.38965658843517,1741871986882.1,1
1,1,block_2,2,Provo_ID12,2,1081799,1261614,1,gaze_data,1741871987045,534.9179744720459,119.17905360460281,1741871986948.8,1
1,1,block_2,2,Provo_ID12,2,1081799,1261614,1,gaze_data,1741871987090,538.4372234344482,93.1090921163559,1741871986981.7002,1
1,1,block_2,2,Provo_ID12,2,1081799,1261614,1,gaze_data,1741871987120,542.5890922546387,107.9135149717331,1741871987015.5,1
1,1,block_2,2,Provo_ID12,2,1081799,1261614,1,gaze_data,1741871987169,390.08883833885193,289.7521838545799,1741871987048.4001,0
1,1,block_2,2,Provo_ID12,2,1081799,1261614,1,gaze_data,1741871987213,222.90806770324707,355.23391366004944,1741871987082.2002,0
1,1,block_2,2,Provo_ID12,2,1081799,1261614,1,gaze_data,1741871987264,196.56469821929932,136.56376898288727,1741871987115.5,0
1,1,block_2,2,Provo_ID12,2,1081799,1261614,1,gaze_data,1741871987305,233.2228660583496,116.77625626325607,1741871987181.9001,0
1,1,block_2,2,Provo_ID12,2,1081799,1261614,1,gaze_data,1741871987326,403.66438031196594,124.91120249032974,1741871987216,0
1,1,block_2,2,Provo_ID12,2,1081799,1261614,1,gaze_data,1741871987377,414.75925892591476,138.45757246017456,1741871987249,0.23307178431188988
1,1,block_2,2,Provo_ID12,2,1081799,1261614,1,gaze_data,1741871987496,443.1937634944916,136.94652765989304,1741871987360.8,1
1,1,block_2,2,Provo_ID12,2,1081799,1261614,1,gaze_data,1741871987539,502.24711894989014,127.19893306493759,1741871987416.2002,1
1,1,block_2,2,Provo_ID12,2,1081799,1261614,1,gaze_data,1741871987588,501.03012323379517,119.72225308418274,1741871987448.6,1
1,1,block_2,2,Provo_ID12,2,1081799,1261614,1,gaze_data,1741871987616,501.95274353027344,103.03369760513306,1741871987514.9001,1
1,1,block_2,2,Provo_ID12,2,1081799,1261614,1,gaze_data,1741871987665,493.35294365882874,115.74389636516571,1741871987547.9001,1
1,1,block_2,2,Provo_ID12,2,1081799,1261614,1,gaze_data,1741871987700,478.63600850105286,109.58384573459625,1741871987581.4001,1
1,1,block_2,2,Provo_ID12,2,1081799,1261614,1,gaze_data,1741871987766,462.25677132606506,94.37575042247772,1741871987615.3,1
1,1,block_2,2,Provo_ID12,2,1081799,1261614,1,gaze_data,1741871987857,450.2599835395813,103.40627133846283,1741871987727.9001,1
1,1,block_2,2,Provo_ID12,2,1081799,1261614,1,gaze_data,1741871987895,466.85194969177246,100.93130767345428,1741871987782,1
1,1,block_2,2,Provo_ID12,2,1081799,1261614,1,gaze_data,1741871987924,511.00218296051025,112.24532723426819,1741871987815.2002,1
1,1,block_2,2,Provo_ID12,2,1081799,1261614,1,gaze_data,1741871987966,512.5141382217407,108.79912078380585,1741871987848.2002,1
1,1,block_2,2,Provo_ID12,2,1081799,1261614,1,gaze_data,1741871988003,527.5007486343384,109.85884666442871,1741871987882.1,1
1,1,block_2,2,Provo_ID12,2,1081799,1261614,1,gaze_data,1741871988026,532.8463554382324,116.0285085439682,1741871987914.9001,1
1,1,block_2,2,Provo_ID12,2,1081799,1261614,1,gaze_data,1741871988077,506.75048828125,91.54463410377502,1741871987949.1,1
1,1,block_2,2,Provo_ID12,2,1081799,1261614,1,gaze_data,1741871988111,449.7987449169159,116.51135087013245,1741871987981.3,1
1,1,block_2,2,Provo_ID12,2,1081799,1261614,1,gaze_data,1741871988158,218.15156936645508,160.9576776623726,1741871988015.2002,1
1,1,block_2,2,Provo_ID12,2,1081799,1261614,1,gaze_data,1741871988192,184.61246490478516,174.49757307767868,1741871988081.5,1
1,1,block_2,2,Provo_ID12,2,1081799,1261614,1,gaze_data,1741871988215,165.91172218322754,167.31870770454407,1741871988114.4001,1
1,1,block_2,2,Provo_ID12,2,1081799,1261614,1,gaze_data,1741871988260,186.8457317352295,155.18345534801483,1741871988148.2002,1
1,1,block_2,2,Provo_ID12,2,1081799,1261614,1,gaze_data,1741871988289,176.100492477417,160.78193336725235,1741871988181.4001,1
1,1,block_2,2,Provo_ID12,2,1081799,1261614,1,gaze_data,1741871988357,164.2118215560913,181.7546583712101,1741871988215.1,1
1,1,block_2,2,Provo_ID12,2,1081799,1261614,1,gaze_data,1741871988434,131.0192108154297,174.07322525978088,1741871988328.4001,1
1,1,block_2,2,Provo_ID12,2,1081799,1261614,1,gaze_data,1741871988495,110.86673736572266,192.79941394925117,1741871988362,1
1,1,block_2,2,Provo_ID12,2,1081799,1261614,1,gaze_data,1741871988528,79.40154075622559,212.4322060495615,1741871988415.5,1
1,1,block_2,2,Provo_ID12,2,1081799,1261614,1,gaze_data,1741871988575,86.33441925048828,209.70581322908401,1741871988448.5,1
1,1,block_2,2,Provo_ID12,2,1081799,1261614,1,gaze_data,1741871988611,228.86123657226562,178.5520374774933,1741871988481.3,1
1,1,block_2,2,Provo_ID12,2,1081799,1261614,1,gaze_data,1741871988663,311.6773784160614,180.52049577236176,1741871988514.7002,1
1,1,block_2,2,Provo_ID12,2,1081799,1261614,1,gaze_data,1741871988707,316.6122496128082,165.24061411619186,1741871988581.3,1
1,1,block_2,2,Provo_ID12,2,1081799,1261614,1,gaze_data,1741871988766,322.53395915031433,167.56693869829178,1741871988614.9001,1
1,1,block_2,2,Provo_ID12,2,1081799,1261614,1,gaze_data,1741871988830,397.85679429769516,169.451741874218,1741871988649.6,1
1,1,block_2,2,Provo_ID12,2,1081799,1261614,1,gaze_data,1741871988863,431.623113155365,184.73055437207222,1741871988749.6,1
1,1,block_2,2,Provo_ID12,2,1081799,1261614,1,gaze_data,1741871988915,436.46627962589264,179.0133886039257,1741871988781.9001,1
1,1,block_2,2,Provo_ID12,2,1081799,1261614,1,gaze_data,1741871988950,477.90268063545227,174.3962824344635,1741871988815,1
1,1,block_2,2,Provo_ID12,2,1081799,1261614,1,gaze_data,1741871988998,521.1174726486206,185.57745814323425,1741871988847.5,1
1,1,block_2,2,Provo_ID12,2,1081799,1261614,1,gaze_data,1741871989032,541.9761896133423,202.04105079174042,1741871988914.1,1
1,1,block_2,2,Provo_ID12,2,1081799,1261614,1,gaze_data,1741871989121,554.2171955108643,207.75089263916016,1741871988948.1,1
1,1,block_2,2,Provo_ID12,2,1081799,1261614,1,gaze_data,1741871989179,492.7209675312042,190.76766297221184,1741871989049,1
1,1,block_2,2,Provo_ID12,2,1081799,1261614,1,gaze_data,1741871989232,461.3671362400055,181.0547098517418,1741871989082.3,1
1,1,block_2,2,Provo_ID12,2,1081799,1261614,1,gaze_data,1741871989272,465.5152440071106,189.34463933110237,1741871989147.7002,1
1,1,block_2,2,Provo_ID12,2,1081799,1261614,1,gaze_data,1741871989294,467.2351002693176,181.33278042078018,1741871989180.9001,1
1,1,block_2,2,Provo_ID12,2,1081799,1261614,1,gaze_data,1741871989337,459.87783670425415,194.40632909536362,1741871989214.7002,1
1,1,block_2,2,Provo_ID12,2,1081799,1261614,1,gaze_data,1741871989367,442.9110437631607,198.09211641550064,1741871989247.4001,1
1,1,block_2,2,Provo_ID12,2,1081799,1261614,1,gaze_data,1741871989424,417.8461030125618,192.47126430273056,1741871989281.1,1
1,1,block_2,2,Provo_ID12,2,1081799,1261614,1,gaze_data,1741871989471,418.3965042233467,174.95872676372528,1741871989348.4001,1
1,1,block_2,2,Provo_ID12,2,1081799,1261614,1,gaze_data,1741871989493,417.07311272621155,175.4373073577881,1741871989381.4001,1
1,1,block_2,2,Provo_ID12,2,1081799,1261614,1,gaze_data,1741871989533,420.56709825992584,181.679318100214,1741871989415.3,1
1,1,block_2,2,Provo_ID12,2,1081799,1261614,1,gaze_data,1741871989562,435.5834662914276,229.1656820103526,1741871989447.3,1
1,1,block_2,2,Provo_ID12,2,1081799,1261614,1,gaze_data,1741871989623,396.5131849050522,276.8384352326393,1741871989481.1,1
1,1,block_2,2,Provo_ID12,2,1081799,1261614,1,gaze_data,1741871989750,377.72054374217987,267.9626926779747,1741871989594.3,0
1,1,block_2,2,Provo_ID12,2,1081799,1261614,1,gaze_data,1741871989794,465.2251899242401,222.78226390480995,1741871989649.1,0
1,1,block_2,2,Provo_ID12,2,1081799,1261614,1,gaze_data,1741871989838,567.4173593521118,311.2923711538315,1741871989713.7002,0
1,1,block_2,2,Provo_ID12,2,1081799,1261614,1,gaze_data,1741871989873,486.34235858917236,236.8195666000247,1741871989747.4001,0
1,1,block_2,2,Provo_ID12,2,1081799,1261614,1,gaze_data,1741871989922,489.08839225769043,162.53886222839355,1741871989780.6,0.196893384326569
1,1,block_2,2,Provo_ID12,2,1081799,1261614,1,gaze_data,1741871989974,458.1210255622864,277.68285796046257,1741871989847.4001,0.196893384326569
1,1,block_2,2,Provo_ID12,2,1081799,1261614,1,gaze_data,1741871990038,460.60376167297363,339.1611114144325,1741871989881.4001,0
1,1,block_2,2,Provo_ID12,2,1081799,1261614,1,gaze_data,1741871990098,484.1131329536438,237.80637364834547,1741871989915.6,0
1,1,block_2,2,Provo_ID12,2,1081799,1261614,1,gaze_data,1741871990130,604.1207551956177,142.45176911354065,1741871990015.6,0
1,1,block_2,2,Provo_ID12,2,1081799,1261614,1,gaze_data,1741871990188,517.7281618118286,241.94079861044884,1741871990051.9001,0
1,1,block_2,2,Provo_ID12,2,1081799,1261614,1,gaze_data,1741871990222,530.856728553772,237.83787470310926,1741871990113.9001,0
1,1,block_2,2,Provo_ID12,2,1081799,1261614,1,gaze_data,1741871990269,500.67148208618164,243.61273497343063,1741871990147.6,0.6405734582401555
1,1,block_2,2,Provo_ID12,2,1081799,1261614,1,gaze_data,1741871990313,507.982861995697,229.69800643622875,1741871990180.6,0.6405734582401555
1,1,block_2,2,Provo_ID12,2,1081799,1261614,1,gaze_data,1741871990367,518.8241958618164,225.40204357355833,1741871990214.5,1
1,1,block_2,2,Provo_ID12,2,1081799,1261614,1,gaze_data,1741871990428,518.8241958618164,225.40204357355833,1741871990246.8,1
1,1,block_2,2,Provo_ID12,2,1081799,1261614,1,gaze_data,1741871990456,540.2414321899414,227.62777600437403,1741871990350.8,1
1,1,block_2,2,Provo_ID12,2,1081799,1261614,1,gaze_data,1741871990514,558.7547063827515,227.11722403764725,1741871990381.3,1
1,1,block_2,2,Provo_ID12,2,1081799,1261614,1,gaze_data,1741871990552,557.1360349655151,210.74368469417095,1741871990414.4001,1
1,1,block_2,2,Provo_ID12,2,1081799,1261614,1,gaze_data,1741871990598,561.6253137588501,191.1397747695446,1741871990480.4001,1
1,1,block_2,2,Provo_ID12,2,1081799,1261614,1,gaze_data,1741871990631,569.109034538269,202.83676534891129,1741871990513.5,1
1,1,block_2,2,Provo_ID12,2,1081799,1261614,1,gaze_data,1741871990674,550.9499549865723,213.78170363605022,1741871990547.2002,1
1,1,block_2,2,Provo_ID12,2,1081799,1261614,1,gaze_data,1741871990708,516.2346124649048,222.3606150597334,1741871990580.7002,1
1,1,block_2,2,Provo_ID12,2,1081799,1261614,1,gaze_data,1741871990742,242.0903205871582,245.2245470136404,1741871990614.3,1
1,1,block_2,2,Provo_ID12,2,1081799,1261614,1,gaze_data,1741871990803,210.29155254364014,262.07200288772583,1741871990647.3,1
1,1,block_2,2,Provo_ID12,2,1081799,1261614,1,gaze_data,1741871990873,210.29155254364014,262.07200288772583,1741871990681,1
1,1,block_2,2,Provo_ID12,2,1081799,1261614,1,gaze_data,1741871990900,190.75076580047607,270.80438882112503,1741871990780.9001,1
1,1,block_2,2,Provo_ID12,2,1081799,1261614,1,gaze_data,1741871990953,247.13304042816162,262.8227196633816,1741871990814.6,0.9406921735105456
1,1,block_2,2,Provo_ID12,2,1081799,1261614,1,gaze_data,1741871990986,252.10025310516357,270.8817407488823,1741871990880.2002,0.9406921735105456
1,1,block_2,2,Provo_ID12,2,1081799,1261614,1,gaze_data,1741871991038,248.26831817626953,268.2746708393097,1741871990913.2002,0.9205949052694646
1,1,block_2,2,Provo_ID12,2,1081799,1261614,1,gaze_data,1741871991075,262.502646446228,262.80497610569,1741871990947,0.9205949052694646
1,1,block_2,2,Provo_ID12,2,1081799,1261614,1,gaze_data,1741871991127,259.69817638397217,249.5471727102995,1741871990979.9001,1
1,1,block_2,2,Provo_ID12,2,1081799,1261614,1,gaze_data,1741871991162,245.10204792022705,251.33328922092915,1741871991046.7002,1
1,1,block_2,2,Provo_ID12,2,1081799,1261614,1,gaze_data,1741871991184,318.228417634964,253.80731597542763,1741871991080.6,1
1,1,block_2,2,Provo_ID12,2,1081799,1261614,1,gaze_data,1741871991284,393.5058295726776,266.7685732245445,1741871991143,1
1,1,block_2,2,Provo_ID12,2,1081799,1261614,1,gaze_data,1741871991330,482.8466594219208,283.8014982640743,1741871991214.2002,1
1,1,block_2,2,Provo_ID12,2,1081799,1261614,1,gaze_data,1741871991379,463.7243449687958,256.1079490929842,1741871991247.6,0.8730580071757061
1,1,block_2,2,Provo_ID12,2,1081799,1261614,1,gaze_data,1741871991419,478.4607172012329,262.2730568051338,1741871991281.6,0.8730580071757061
1,1,block_2,2,Provo_ID12,2,1081799,1261614,1,gaze_data,1741871991465,512.7623558044434,268.43281686306,1741871991346.9001,1
1,1,block_2,2,Provo_ID12,2,1081799,1261614,1,gaze_data,1741871991505,570.5949783325195,287.17871233820915,1741871991379.7002,1
1,1,block_2,2,Provo_ID12,2,1081799,1261614,1,gaze_data,1741871991556,578.0919313430786,285.72230637073517,1741871991413.1,1
1,1,block_2,2,Provo_ID12,2,1081799,1261614,1,gaze_data,1741871991593,588.1176471710205,285.7723221182823,1741871991480.3,1
1,1,block_2,2,Provo_ID12,2,1081799,1261614,1,gaze_data,1741871991702,607.2730302810669,287.70477920770645,1741871991587.1,1
1,1,block_2,2,Provo_ID12,2,1081799,1261614,1,gaze_data,1741871991730,176.3878583908081,414.06524777412415,1741871991622.2002,1
1,1,block_2,2,Provo_ID12,2,1081799,1261614,1,gaze_data,1741871991781,155.3431510925293,394.9131578207016,1741871991647.5,1
1,1,block_2,2,Provo_ID12,2,1081799,1261614,1,gaze_data,1741871991809,151.13141536712646,403.2674193382263,1741871991680.3,1
1,1,block_2,2,Provo_ID12,2,1081799,1261614,1,gaze_data,1741871991853,167.37596988677979,359.38162207603455,1741871991713.1,0.9231743166836529
1,1,block_2,2,Provo_ID12,2,1081799,1261614,1,gaze_data,1741871991887,170.4610824584961,373.8485485315323,1741871991779.5,0.9231743166836529
1,1,block_2,2,Provo_ID12,2,1081799,1261614,1,gaze_data,1741871991937,162.29422092437744,376.58234536647797,1741871991813.4001,0.9457293866183436
1,1,block_2,2,Provo_ID12,2,1081799,1261614,1,gaze_data,1741871991972,158.94653797149658,380.95249831676483,1741871991846.6,0.9457293866183436
1,1,block_2,2,Provo_ID12,2,1081799,1261614,1,gaze_data,1741871991998,160.87779998779297,371.4318335056305,1741871991881.2002,0.9457293866183436
1,1,block_2,2,Provo_ID12,2,1081799,1261614,1,gaze_data,1741871992050,157.03163146972656,377.1983742713928,1741871991913.5,0.7726238616224986
1,1,block_2,2,Provo_ID12,2,1081799,1261614,1,gaze_data,1741871992088,143.26906204223633,395.75489461421967,1741871991979.9001,0.7726238616224986
1,1,block_2,2,Provo_ID12,2,1081799,1261614,1,gaze_data,1741871992150,146.14017009735107,381.42523765563965,1741871992013.6,0.930089667349538
1,1,block_2,2,Provo_ID12,2,1081799,1261614,1,gaze_data,1741871992275,163.9923095703125,362.1395140886307,1741871992123.8,1
1,1,block_2,2,Provo_ID12,2,1081799,1261614,1,gaze_data,1741871992312,336.9124174118042,336.4153861999512,1741871992179.8,1
1,1,block_2,2,Provo_ID12,2,1081799,1261614,1,gaze_data,1741871992356,354.56329584121704,346.6544732451439,1741871992213.3,0.6189050317749697
1,1,block_2,2,Provo_ID12,2,1081799,1261614,1,gaze_data,1741871992396,355.6636393070221,351.48898363113403,1741871992280,0.6189050317749697
1,1,block_2,2,Provo_ID12,2,1081799,1261614,1,gaze_data,1741871992416,397.33667373657227,346.49495631456375,1741871992313,0.6189050317749697
1,1,block_2,2,Provo_ID12,2,1081799,1261614,1,gaze_data,1741871992461,423.50770235061646,359.31765139102936,1741871992346.9001,0.6860828343682153
1,1,block_2,2,Provo_ID12,2,1081799,1261614,1,gaze_data,1741871992500,401.63681358098984,350.9470582008362,1741871992379.7002,0.6860828343682153
1,1,block_2,2,Provo_ID12,2,1081799,1261614,1,gaze_data,1741871992551,406.25898987054825,341.74635112285614,1741871992413.2002,0.7432006747368868
1,1,block_2,2,Provo_ID12,2,1081799,1261614,1,gaze_data,1741871992603,429.4002056121826,337.02944070100784,1741871992479.8,0.7432006747368868
1,1,block_2,2,Provo_ID12,2,1081799,1261614,1,gaze_data,1741871992692,519.4228053092957,347.28376418352127,1741871992570.1,0.7767667188778047
1,1,block_2,2,Provo_ID12,2,1081799,1261614,1,gaze_data,1741871992734,534.0323209762573,347.41531163454056,1741871992614.5,0.7767667188778047
1,1,block_2,2,Provo_ID12,2,1081799,1261614,1,gaze_data,1741871992803,547.6604223251343,364.4866853952408,1741871992646.7002,0.806301422953355
1,1,block_2,2,Provo_ID12,2,1081799,1261614,1,gaze_data,1741871992843,336.902117729187,164.30675089359283,1741871992714.3,0.806301422953355
1,1,block_2,2,Provo_ID12,2,1081799,1261614,1,gaze_data,1741871992868,308.9976131916046,146.8353033065796,1741871992746.8,0.806301422953355
1,1,block_2,2,Provo_ID12,2,1081799,1261614,1,gaze_data,1741871992906,308.71694684028625,148.62841218709946,1741871992779.8,0.9338375429173569
1,1,block_2,2,Provo_ID12,2,1081799,1261614,1,gaze_data,1741871992939,318.03696751594543,140.86340963840485,1741871992813,0.9338375429173569
1,1,block_2,2,Provo_ID12,2,1081799,1261614,1,gaze_data,1741871993014,284.5909595489502,166.98523461818695,1741871992845.9001,1
1,1,block_2,2,Provo_ID12,2,1081799,1261614,1,gaze_data,1741871993066,280.38625717163086,170.09874284267426,1741871992879.7002,1
1,1,block_2,2,Provo_ID12,2,1081799,1261614,1,gaze_data,1741871993109,203.86931896209717,105.84229826927185,1741871992984.1,1
1,1,block_2,2,Provo_ID12,2,1081799,1261614,1,gaze_data,1741871993145,216.5128231048584,103.5834014415741,1741871993018.6,1
1,1,block_2,2,Provo_ID12,2,1081799,1261614,1,gaze_data,1741871993180,218.44072341918945,98.60373139381409,1741871993046.4001,1
1,1,block_2,2,Provo_ID12,2,1081799,1261614,1,gaze_data,1741871993221,184.02400016784668,108.09936225414276,1741871993079.8,1
1,1,block_2,2,Provo_ID12,2,1081799,1261614,1,gaze_data,1741871993255,188.97857666015625,97.73015081882477,1741871993145.9001,1
1,1,block_2,2,Provo_ID12,2,1081799,1261614,1,gaze_data,1741871993278,178.58152389526367,112.27758824825287,1741871993179,1
1,1,block_2,2,Provo_ID12,2,1081799,1261614,1,gaze_data,1741871993318,183.42902660369873,94.61239576339722,1741871993212.5,1
1,1,block_2,2,Provo_ID12,2,1081799,1261614,1,gaze_data,1741871993353,172.83296585083008,103.57387959957123,1741871993246,1
1,1,block_2,2,Provo_ID12,2,1081799,1261614,1,gaze_data,1741871993404,170.05791664123535,111.84117794036865,1741871993279.7002,1
1,1,block_2,2,Provo_ID12,2,1081799,1261614,1,gaze_data,1741871993445,165.74487686157227,113.97569477558136,1741871993312.7002,1
1,1,block_2,2,Provo_ID12,2,1081799,1261614,1,gaze_data,1741871993497,346.3928163051605,103.47152352333069,1741871993346.2002,1
1,1,block_2,2,Provo_ID12,2,1081799,1261614,1,gaze_data,1741871993527,355.2208185195923,98.22737276554108,1741871993412.6,1
1,1,block_2,2,Provo_ID12,2,1081799,1261614,1,gaze_data,1741871993588,360.1867198944092,102.43969261646271,1741871993445.6,1
1,1,block_2,2,Provo_ID12,2,1081799,1261614,1,gaze_data,1741871993670,376.1314660310745,91.55564606189728,1741871993547.6,1
1,1,block_2,2,Provo_ID12,2,1081799,1261614,1,gaze_data,1741871993730,388.55416774749756,88.58872056007385,1741871993580,1
1,1,block_2,2,Provo_ID12,2,1081799,1261614,1,gaze_data,1741871993763,469.25145983695984,100.36624073982239,1741871993645.7002,1
1,1,block_2,2,Provo_ID12,2,1081799,1261614,1,gaze_data,1741871993811,538.6669635772705,119.04451102018356,1741871993679.2002,1
1,1,block_2,2,Provo_ID12,2,1081799,1261614,1,gaze_data,1741871993846,563.5192155838013,105.05906343460083,1741871993712.6,1
1,1,block_2,2,Provo_ID12,2,1081799,1261614,1,gaze_data,1741871993904,567.4659013748169,95.39266526699066,1741871993746.3,1
1,1,block_2,2,Provo_ID12,2,1081799,1261614,1,gaze_data,1741871993967,567.4659013748169,95.39266526699066,1741871993779,1
1,1,block_2,2,Provo_ID12,2,1081799,1261614,1,gaze_data,1741871993997,563.03551197052,113.26431334018707,1741871993884.3,1
1,1,block_2,2,Provo_ID12,2,1081799,1261614,1,gaze_data,1741871994052,604.8416137695312,132.26301074028015,1741871993913.2002,1
1,1,block_2,2,Provo_ID12,2,1081799,1261614,1,gaze_data,1741871994086,633.080267906189,120.45223116874695,1741871993979,1
1,1,block_2,2,Provo_ID12,2,1081799,1261614,1,gaze_data,1741871994130,607.9108953475952,113.06134462356567,1741871994012.3,1
1,1,block_2,2,Provo_ID12,2,1081799,1261614,1,gaze_data,1741871994168,596.7713594436646,129.0490835905075,1741871994045.5,1
1,1,block_2,2,Provo_ID12,2,1081799,1261614,1,gaze_data,1741871994240,394.1135883331299,148.63370954990387,1741871994078.9001,1
1,1,block_2,2,Provo_ID12,2,1081799,1261614,1,gaze_data,1741871994303,185.82704067230225,157.8344240784645,1741871994112.3,1
1,1,block_2,2,Provo_ID12,2,1081799,1261614,1,gaze_data,1741871994367,204.31959629058838,150.3365620970726,1741871994213,1
1,1,block_2,2,Provo_ID12,2,1081799,1261614,1,gaze_data,1741871994401,166.5654420852661,137.2893065214157,1741871994279.3,1
1,1,block_2,2,Provo_ID12,2,1081799,1261614,1,gaze_data,1741871994444,180.33406734466553,160.64839661121368,1741871994312.1,1
1,1,block_2,2,Provo_ID12,2,1081799,1261614,1,gaze_data,1741871994483,147.55072593688965,186.8578925728798,1741871994345.6,1
1,1,block_2,2,Provo_ID12,2,1081799,1261614,1,gaze_data,1741871994505,126.14986896514893,197.77195379137993,1741871994412.4001,1
1,1,block_2,2,Provo_ID12,2,1081799,1261614,1,gaze_data,1741871994552,167.3121452331543,174.9327316880226,1741871994445.9001,1
1,1,block_2,2,Provo_ID12,2,1081799,1261614,1,gaze_data,1741871994591,324.03228878974915,179.97868210077286,1741871994479.2002,1
1,1,block_2,2,Provo_ID12,2,1081799,1261614,1,gaze_data,1741871994642,391.51945412158966,188.40390294790268,1741871994512.2002,1
1,1,block_2,2,Provo_ID12,2,1081799,1261614,1,gaze_data,1741871994683,398.05821031332016,181.46284893155098,1741871994546.1,1
1,1,block_2,2,Provo_ID12,2,1081799,1261614,1,gaze_data,1741871994733,416.94955229759216,184.30106937885284,1741871994612.2002,0.9721711798275661
1,1,block_2,2,Provo_ID12,2,1081799,1261614,1,gaze_data,1741871994773,421.5864822268486,180.57763054966927,1741871994645.3,0.9721711798275661
1,1,block_2,2,Provo_ID12,2,1081799,1261614,1,gaze_data,1741871994822,419.81281340122223,175.9279429912567,1741871994679.5,1
1,1,block_2,2,Provo_ID12,2,1081799,1261614,1,gaze_data,1741871994874,406.89515322446823,181.31176233291626,1741871994745.8,1
1,1,block_2,2,Provo_ID12,2,1081799,1261614,1,gaze_data,1741871994976,388.179150223732,191.47314727306366,1741871994839.6,1
1,1,block_2,2,Provo_ID12,2,1081799,1261614,1,gaze_data,1741871995018,212.64965534210205,260.13801097869873,1741871994879.9001,1
1,1,block_2,2,Provo_ID12,2,1081799,1261614,1,gaze_data,1741871995063,219.95477676391602,248.14946427941322,1741871994945.5,1
1,1,block_2,2,Provo_ID12,2,1081799,1261614,1,gaze_data,1741871995098,215.28608798980713,247.33556658029556,1741871994978.3,1
1,1,block_2,2,Provo_ID12,2,1081799,1261614,1,gaze_data,1741871995148,236.79344654083252,265.9500263631344,1741871995012.1,1
1,1,block_2,2,Provo_ID12,2,1081799,1261614,1,gaze_data,1741871995183,175.8364200592041,266.7766645550728,1741871995078.6,1
1,1,block_2,2,Provo_ID12,2,1081799,1261614,1,gaze_data,1741871995235,167.24560260772705,281.4195029437542,1741871995111.8,1
1,1,block_2,2,Provo_ID12,2,1081799,1261614,1,gaze_data,1741871995312,166.31171703338623,284.5858506858349,1741871995206.6,1
1,1,block_2,2,Provo_ID12,2,1081799,1261614,1,gaze_data,1741871995375,185.36720275878906,257.0294611155987,1741871995246.8,1
1,1,block_2,2,Provo_ID12,2,1081799,1261614,1,gaze_data,1741871995417,250.80101490020752,256.67860209941864,1741871995279.2002,1
1,1,block_2,2,Provo_ID12,2,1081799,1261614,1,gaze_data,1741871995461,259.3586206436157,247.2475714981556,1741871995345.4001,1
1,1,block_2,2,Provo_ID12,2,1081799,1261614,1,gaze_data,1741871995499,276.74758434295654,250.1425113528967,1741871995378.1,1
1,1,block_2,2,Provo_ID12,2,1081799,1261614,1,gaze_data,1741871995549,266.90571308135986,269.05272006988525,1741871995411.9001,1
1,1,block_2,2,Provo_ID12,2,1081799,1261614,1,gaze_data,1741871995598,412.90977001190186,257.05784410238266,1741871995478.7002,1
1,1,block_2,2,Provo_ID12,2,1081799,1261614,1,gaze_data,1741871995651,413.83809745311737,264.934866130352,1741871995511.7002,1
1,1,block_2,2,Provo_ID12,2,1081799,1261614,1,gaze_data,1741871995694,419.5979371666908,276.8761835992336,1741871995578.5,1
1,1,block_2,2,Provo_ID12,2,1081799,1261614,1,gaze_data,1741871995750,426.1954665184021,265.0843918323517,1741871995612,0.8813298448148239
1,1,block_2,2,Provo_ID12,2,1081799,1261614,1,gaze_data,1741871995783,541.2541627883911,271.26117646694183,1741871995678.6,0.8813298448148239
1,1,block_2,2,Provo_ID12,2,1081799,1261614,1,gaze_data,1741871995853,523.6743450164795,270.15285789966583,1741871995711.3,1
1,1,block_2,2,Provo_ID12,2,1081799,1261614,1,gaze_data,1741871995911,523.6279249191284,266.83248430490494,1741871995796.4001,1
1,1,block_2,2,Provo_ID12,2,1081799,1261614,1,gaze_data,1741871995971,536.4856719970703,268.70157420635223,1741871995814.6,0.9602507071923378
1,1,block_2,2,Provo_ID12,2,1081799,1261614,1,gaze_data,1741871996011,548.1846809387207,260.35204753279686,1741871995879.2002,0.9602507071923378
1,1,block_2,2,Provo_ID12,2,1081799,1261614,1,gaze_data,1741871996032,513.6797904968262,286.0702447593212,1741871995911.9001,0.9602507071923378
1,1,block_2,2,Provo_ID12,2,1081799,1261614,1,gaze_data,1741871996073,310.1594626903534,313.7455642223358,1741871995944.8,0.9939369153422368
1,1,block_2,2,Provo_ID12,2,1081799,1261614,1,gaze_data,1741871996104,310.1594626903534,313.7455642223358,1741871995977.7002,0.9939369153422368
1,1,block_2,2,Provo_ID12,2,1081799,1261614,1,gaze_data,1741871996166,282.7976703643799,359.8359137773514,1741871996011.5,0.9966609987334101
1,1,block_2,2,Provo_ID12,2,1081799,1261614,1,gaze_data,1741871996230,260.32471656799316,352.93830037117004,1741871996045.1,0.9966609987334101
1,1,block_2,2,Provo_ID12,2,1081799,1261614,1,gaze_data,1741871996301,266.46177768707275,325.98494589328766,1741871996146.6,0.8397256137531448
1,1,block_2,2,Provo_ID12,2,1081799,1261614,1,gaze_data,1741871996339,204.4504165649414,357.81936943531036,1741871996211.8,0.8397256137531448
1,1,block_2,2,Provo_ID12,2,1081799,1261614,1,gaze_data,1741871996381,223.9866018295288,355.40587306022644,1741871996244.5,0.8360348063820402
1,1,block_2,2,Provo_ID12,2,1081799,1261614,1,gaze_data,1741871996422,213.8821840286255,360.0213885307312,1741871996310.9001,0.8360348063820402
1,1,block_2,2,Provo_ID12,2,1081799,1261614,1,gaze_data,1741871996522,222.79696464538574,356.6346675157547,1741871996344.5,0.7980723836710956
1,1,block_2,2,Provo_ID12,2,1081799,1261614,1,gaze_data,1741871996579,346.59457206726074,344.53122913837433,1741871996445.4001,0.7980723836710956
1,1,block_2,2,Provo_ID12,2,1081799,1261614,1,gaze_data,1741871996631,351.1651873588562,340.8435642719269,1741871996478.8,0.9118289655617304
1,1,block_2,2,Provo_ID12,2,1081799,1261614,1,gaze_data,1741871996669,349.9121963977814,336.4138215780258,1741871996544.7002,0.9118289655617304
1,1,block_2,2,Provo_ID12,2,1081799,1261614,1,gaze_data,1741871996722,348.7509250640869,323.2956513762474,1741871996577.7002,0.8208825210215341
1,1,block_2,2,Provo_ID12,2,1081799,1261614,1,gaze_data,1741871996753,387.28150725364685,321.5896397829056,1741871996644.1,0.8208825210215341
1,1,block_2,2,Provo_ID12,2,1081799,1261614,1,gaze_data,1741871996800,402.781181037426,325.8155792951584,1741871996678.3,0.8399103387059847
1,1,block_2,2,Provo_ID12,2,1081799,1261614,1,gaze_data,1741871996843,417.3754006624222,332.4792891740799,1741871996711.4001,0.8399103387059847
1,1,block_2,2,Provo_ID12,2,1081799,1261614,1,gaze_data,1741871996888,360.3374660015106,313.33442628383636,1741871996746.3,0.8446917516636823
1,1,block_2,2,Provo_ID12,2,1081799,1261614,1,gaze_data,1741871996938,359.2479169368744,316.68490022420883,1741871996811.5,0.8446917516636823
1,1,block_2,2,Provo_ID12,2,1081799,1261614,1,gaze_data,1741871997042,348.08024168014526,328.2868027687073,1741871996897.8,0.8541918102563373
1,1,block_2,2,Provo_ID12,2,1081799,1261614,1,gaze_data,1741871997082,147.42183685302734,355.2013099193573,1741871996945.1,0.8541918102563373
1,1,block_2,2,Provo_ID12,2,1081799,1261614,1,gaze_data,1741871997130,135.8720064163208,364.6045684814453,1741871997011.2002,0.7880340531513312
1,1,block_2,2,Provo_ID12,2,1081799,1261614,1,gaze_data,1741871997166,131.51025772094727,356.8221688270569,1741871997044.4001,0.7880340531513312
1,1,block_2,2,Provo_ID12,2,1081799,1261614,1,gaze_data,1741871997214,135.86971759796143,384.1495871543884,1741871997077.7002,0.5844433080686939
1,1,block_2,2,Provo_ID12,2,1081799,1261614,1,gaze_data,1741871997250,122.87561893463135,377.8695821762085,1741871997144.5,0.5844433080686939
1,1,block_2,2,Provo_ID12,2,1081799,1261614,1,gaze_data,1741871997310,124.15485382080078,375.0730961561203,1741871997177.4001,0.7478977916007595
1,1,block_2,2,Provo_ID12,2,1081799,1261614,1,gaze_data,1741871997430,121.93868160247803,383.1364870071411,1741871997278.8,0.7437047344014502
1,1,block_2,2,Provo_ID12,2,1081799,1261614,1,gaze_data,1741871997467,156.69777393341064,390.16241431236267,1741871997344.7002,0.7437047344014502
1,1,block_2,2,Provo_ID12,2,1081799,1261614,1,gaze_data,1741871997510,192.27263927459717,374.4166851043701,1741871997377.3,0.7130440907751662
1,1,block_2,2,Provo_ID12,2,1081799,1261614,1,gaze_data,1741871997549,205.01654148101807,383.7197631597519,1741871997411.6,0.7130440907751662
1,1,block_2,2,Provo_ID12,2,1081799,1261614,1,gaze_data,1741871997597,201.383638381958,382.55344927310944,1741871997477.5,0.6554282640292126
1,1,block_2,2,Provo_ID12,2,1081799,1261614,1,gaze_data,1741871997638,181.39681816101074,402.1435737609863,1741871997510.7002,0.6554282640292126
1,1,block_2,2,Provo_ID12,2,1081799,1261614,1,gaze_data,1741871997664,186.7544651031494,358.7249428033829,1741871997545.2002,0.6554282640292126
1,1,block_2,2,Provo_ID12,2,1081799,1261614,1,gaze_data,1741871997712,209.78410243988037,338.475538790226,1741871997577.6,0.6928941770215882
1,1,block_2,2,Provo_ID12,2,1081799,1261614,1,gaze_data,1741871997747,208.50768089294434,298.8504230976105,1741871997644.3,0.6928941770215882
1,1,block_2,2,Provo_ID12,2,1081799,1261614,1,gaze_data,1741871997800,216.84629917144775,293.2108476758003,1741871997677.6,0.22259034030058267
1,1,block_2,2,Provo_ID12,2,1081799,1261614,1,gaze_data,1741871997834,188.6143684387207,289.03039395809174,1741871997710.6,0.22259034030058267
1,1,block_2,2,Provo_ID12,2,1081799,1261614,1,gaze_data,1741871997882,178.00769805908203,282.82245472073555,1741871997744.4001,0.012628260746350458
1,1,block_2,2,Provo_ID12,2,1081799,1261614,1,gaze_data,1741871997934,154.42769527435303,276.45519599318504,1741871997811,0.012628260746350458
1,1,block_2,2,Provo_ID12,2,1081799,1261614,1,gaze_data,1741871997988,126.7094612121582,296.9585195183754,1741871997844,0
1,1,block_2,2,Provo_ID12,2,1081799,1261614,1,gaze_data,1741871998040,126.67346000671387,295.1305866241455,1741871997910.8,0
1,1,block_2,2,Provo_ID12,2,1081799,1261614,1,gaze_data,1741871998085,128.41415405273438,302.5008499622345,1741871997944.8,0
1,1,block_2,2,Provo_ID12,2,1081799,1261614,1,gaze_data,1741871998120,147.5081443786621,291.0450905561447,1741871998011.3,0
1,1,block_2,2,Provo_ID12,2,1081799,1261614,1,gaze_data,1741871998169,135.80694198608398,296.56916707754135,1741871998044.9001,0
1,1,block_2,2,Provo_ID12,2,1081799,1261614,1,gaze_data,1741871998231,140.89515209197998,276.9603379070759,1741871998078.4001,0
1,1,block_2,2,Provo_ID12,2,1081799,1261614,1,gaze_data,1741871998278,130.91189861297607,277.75027081370354,1741871998145,0
1,1,block_2,2,Provo_ID12,2,1081799,1261614,1,gaze_data,1741871998388,138.75703811645508,304.7947868704796,1741871998263.7002,0
1,1,block_2,2,Provo_ID12,2,1081799,1261614,1,gaze_data,1741871998419,187.11707592010498,275.5584292113781,1741871998310.6,0
1,1,block_2,2,Provo_ID12,2,1081799,1261614,1,gaze_data,1741871998463,187.60275840759277,265.2076430618763,1741871998344.2002,0
1,1,block_2,2,Provo_ID12,2,1081799,1261614,1,gaze_data,1741871998499,187.25526332855225,268.4473343193531,1741871998377,0
1,1,block_2,2,Provo_ID12,2,1081799,1261614,1,gaze_data,1741871998541,203.83455753326416,272.540582716465,1741871998410.8,0
1,1,block_2,2,Provo_ID12,2,1081799,1261614,1,gaze_data,1741871998574,211.0834836959839,264.63781148195267,1741871998444.9001,0
1,1,block_2,2,Provo_ID12,2,1081799,1261614,1,gaze_data,1741871998605,218.98186206817627,266.5050983428955,1741871998477.4001,0
1,1,block_2,2,Provo_ID12,2,1081799,1261614,1,gaze_data,1741871998671,213.59477043151855,269.4226637482643,1741871998510.2002,0
1,1,block_2,2,Provo_ID12,2,1081799,1261614,1,gaze_data,1741871998739,236.09704971313477,259.22944992780685,1741871998545.2002,0
1,1,block_2,2,Provo_ID12,2,1081799,1261614,1,gaze_data,1741871998803,235.97018718719482,270.35944387316704,1741871998644.3,0
1,1,block_2,2,Provo_ID12,2,1081799,1261614,1,gaze_data,1741871998849,243.72270107269287,275.44642463326454,1741871998710.5,0
1,1,block_2,2,Provo_ID12,2,1081799,1261614,1,gaze_data,1741871998895,252.25141048431396,293.18294525146484,1741871998776.8,0
1,1,block_2,2,Provo_ID12,2,1081799,1261614,1,gaze_data,1741871998932,264.5516633987427,301.9627094268799,1741871998810.3,0
1,1,block_2,2,Provo_ID12,2,1081799,1261614,1,gaze_data,1741871998954,257.01966285705566,288.9321655035019,1741871998843.7002,0
1,1,block_2,2,Provo_ID12,2,1081799,1261614,1,gaze_data,1741871998995,266.1079406738281,277.4974688887596,1741871998877.1,0
1,1,block_2,2,Provo_ID12,2,1081799,1261614,1,gaze_data,1741871999025,288.8282775878906,272.23354056477547,1741871998910,0
1,1,block_2,2,Provo_ID12,2,1081799,1261614,1,gaze_data,1741871999089,300.66630244255066,274.22959208488464,1741871998943.6,0
1,1,block_2,2,Provo_ID12,2,1081799,1261614,1,gaze_data,1741871999173,320.3109085559845,265.5924618244171,1741871998983.7002,0
1,1,block_2,2,Provo_ID12,2,1081799,1261614,1,gaze_data,1741871999244,419.44500207901,286.0842704772949,1741871999078.7002,0.02040716703392767
1,1,block_2,2,Provo_ID12,2,1081799,1261614,1,gaze_data,1741871999280,471.6535806655884,306.92552626132965,1741871999144.2002,0.02040716703392767
1,1,block_2,2,Provo_ID12,2,1081799,1261614,1,gaze_data,1741871999336,473.1161594390869,311.9092717766762,1741871999210.4001,0
1,1,block_2,2,Provo_ID12,2,1081799,1261614,1,gaze_data,1741871999369,472.21177220344543,310.4846015572548,1741871999243.6,0
1,1,block_2,2,Provo_ID12,2,1081799,1261614,1,gaze_data,1741871999430,479.5336723327637,322.9747176170349,1741871999277.3,0.20257525870164528
1,1,block_2,2,Provo_ID12,2,1081799,1261614,1,gaze_data,1741871999517,488.18097710609436,331.6453158855438,1741871999310.5,0.20257525870164528
1,1,block_2,2,Provo_ID12,2,1081799,1261614,1,gaze_data,1741871999579,285.6781482696533,100.32269954681396,1741871999443.7002,0.41328764331228457
1,1,block_2,2,Provo_ID12,2,1081799,1261614,1,gaze_data,1741871999613,281.4460039138794,90.98289012908936,1741871999510.3,0.41328764331228457
1,1,block_2,2,Provo_ID12,2,1081799,1261614,1,gaze_data,1741871999654,196.9569444656372,104.412442445755,1741871999544.1,1
1,1,block_2,2,Provo_ID12,2,1081799,1261614,1,gaze_data,1741871999689,162.64114379882812,104.76676225662231,1741871999576.3,1
1,1,block_2,2,Provo_ID12,2,1081799,1261614,1,gaze_data,1741871999718,141.24879837036133,104.65203821659088,1741871999610,1
1,1,block_2,2,Provo_ID12,2,1081799,1261614,1,gaze_data,1741871999773,158.65728855133057,102.86959111690521,1741871999643.2002,1
1,1,block_2,2,Provo_ID12,2,1081799,1261614,1,gaze_data,1741871999818,163.0507230758667,101.15163624286652,1741871999679.2002,1
1,1,block_2,2,Provo_ID12,2,1081799,1261614,1,gaze_data,1741871999865,160.60876846313477,106.89680874347687,1741871999743.3,1
1,1,block_2,2,Provo_ID12,2,1081799,1261614,1,gaze_data,1741871999910,161.02073192596436,112.84465193748474,1741871999777.3,1
1,1,block_2,2,Provo_ID12,2,1081799,1261614,1,gaze_data,1741871999945,166.77205562591553,109.47941839694977,1741871999810.5,1
1,1,block_2,2,Provo_ID12,2,1081799,1261614,1,gaze_data,1741872000032,341.7084574699402,101.940056681633,1741871999910.8,1
1,1,block_2,2,Provo_ID12,2,1081799,1261614,1,gaze_data,1741872000074,380.766561627388,107.47890770435333,1741871999945.2002,1
1,1,block_2,2,Provo_ID12,2,1081799,1261614,1,gaze_data,1741872000126,391.6654974222183,97.73436784744263,1741871999976.9001,1
1,1,block_2,2,Provo_ID12,2,1081799,1261614,1,gaze_data,1741872000155,402.3144692182541,94.94270980358124,1741872000043.3,1
1,1,block_2,2,Provo_ID12,2,1081799,1261614,1,gaze_data,1741872000201,399.00990426540375,106.56589865684509,1741872000076.5,1
1,1,block_2,2,Provo_ID12,2,1081799,1261614,1,gaze_data,1741872000241,392.901611328125,105.65779209136963,1741872000110,1
1,1,block_2,2,Provo_ID12,2,1081799,1261614,1,gaze_data,1741872000290,398.7436830997467,97.72444367408752,1741872000143.9001,1
1,1,block_2,2,Provo_ID12,2,1081799,1261614,1,gaze_data,1741872000326,408.94161611795425,86.23131215572357,1741872000209.9001,1
1,1,block_2,2,Provo_ID12,2,1081799,1261614,1,gaze_data,1741872000353,414.04044181108475,92.7913099527359,1741872000243.4001,1
1,1,block_2,2,Provo_ID12,2,1081799,1261614,1,gaze_data,1741872000412,431.58496618270874,101.0727047920227,1741872000276.8,1
1,1,block_2,2,Provo_ID12,2,1081799,1261614,1,gaze_data,1741872000519,428.8944959640503,90.56631326675415,1741872000384.2002,1
1,1,block_2,2,Provo_ID12,2,1081799,1261614,1,gaze_data,1741872000554,197.56321907043457,140.50223529338837,1741872000443.4001,1
1,1,block_2,2,Provo_ID12,2,1081799,1261614,1,gaze_data,1741872000590,196.98688983917236,155.32555282115936,1741872000476.7002,1
1,1,block_2,2,Provo_ID12,2,1081799,1261614,1,gaze_data,1741872000612,190.45844078063965,150.56916177272797,1741872000509.6,1
1,1,block_2,2,Provo_ID12,2,1081799,1261614,1,gaze_data,1741872000658,195.42641639709473,145.28580605983734,1741872000543.3,1
1,1,block_2,2,Provo_ID12,2,1081799,1261614,1,gaze_data,1741872000692,199.76403713226318,150.3997728228569,1741872000576.9001,1
1,1,block_2,2,Provo_ID12,2,1081799,1261614,1,gaze_data,1741872000745,205.75201511383057,158.99690091609955,1741872000610.2002,1
1,1,block_2,2,Provo_ID12,2,1081799,1261614,1,gaze_data,1741872000782,215.34581184387207,181.72492310404778,1741872000676.6,1
1,1,block_2,2,Provo_ID12,2,1081799,1261614,1,gaze_data,1741872000836,210.22796630859375,181.32710680365562,1741872000709.4001,1
1,1,block_2,2,Provo_ID12,2,1081799,1261614,1,gaze_data,1741872000865,218.74253749847412,187.99677342176437,1741872000743.2002,1
1,1,block_2,2,Provo_ID12,2,1081799,1261614,1,gaze_data,1741872000915,228.90851497650146,173.00148904323578,1741872000776.4001,1
1,1,block_2,2,Provo_ID12,2,1081799,1261614,1,gaze_data,1741872000955,231.4265251159668,180.63668757677078,1741872000842.9001,1
1,1,block_2,2,Provo_ID12,2,1081799,1261614,1,gaze_data,1741872000976,260.3161573410034,182.1322277188301,1741872000876.2002,1
1,1,block_2,2,Provo_ID12,2,1081799,1261614,1,gaze_data,1741872001023,347.2106873989105,184.68879014253616,1741872000910.1,1
1,1,block_2,2,Provo_ID12,2,1081799,1261614,1,gaze_data,1741872001060,346.8671143054962,185.87756380438805,1741872000943.5,1
1,1,block_2,2,Provo_ID12,2,1081799,1261614,1,gaze_data,1741872001113,359.8647952079773,183.99665355682373,1741872000976.2002,1
1,1,block_2,2,Provo_ID12,2,1081799,1261614,1,gaze_data,1741872001224,374.2032527923584,185.2794460952282,1741872001083.9001,1
1,1,block_2,2,Provo_ID12,2,1081799,1261614,1,gaze_data,1741872001262,190.3886318206787,261.7226153612137,1741872001143.9001,1
1,1,block_2,2,Provo_ID12,2,1081799,1261614,1,gaze_data,1741872001298,208.7203025817871,275.5916401743889,1741872001177,1
1,1,block_2,2,Provo_ID12,2,1081799,1261614,1,gaze_data,1741872001342,185.5844497680664,284.8444491624832,1741872001209.6,1
1,1,block_2,2,Provo_ID12,2,1081799,1261614,1,gaze_data,1741872001382,188.5711908340454,282.71102756261826,1741872001242.9001,1
1,1,block_2,2,Provo_ID12,2,1081799,1261614,1,gaze_data,1741872001460,190.05234241485596,277.56906896829605,1741872001309.6,1
1,1,block_2,2,Provo_ID12,2,1081799,1261614,1,gaze_data,1741872001522,189.70181941986084,279.30323258042336,1741872001377.1,1
1,1,block_2,2,Provo_ID12,2,1081799,1261614,1,gaze_data,1741872001610,193.32168102264404,272.7853789925575,1741872001443.5,1
1,1,block_2,2,Provo_ID12,2,1081799,1261614,1,gaze_data,1741872001679,232.28952884674072,374.81453120708466,1741872001545.7002,1
1,1,block_2,2,Provo_ID12,2,1081799,1261614,1,gaze_data,1741872001731,281.01634979248047,347.0175698399544,1741872001610,1
1,1,block_2,2,Provo_ID12,2,1081799,1261614,1,gaze_data,1741872001770,259.5015048980713,345.7248345017433,1741872001642.2002,1
1,1,block_2,2,Provo_ID12,2,1081799,1261614,1,gaze_data,1741872001815,316.01441502571106,377.4226516485214,1741872001675.8,0.1838251318783794
1,1,block_2,2,Provo_ID12,2,1081799,1261614,1,gaze_data,1741872001857,394.9303209781647,173.3880028128624,1741872001742.4001,0.1838251318783794
1,1,block_2,2,Provo_ID12,2,1081799,1261614,1,gaze_data,1741872001883,350.1320958137512,257.8887030482292,1741872001775.4001,0.1838251318783794
1,1,block_2,2,Provo_ID12,2,1081799,1261614,1,gaze_data,1741872001933,277.2186040878296,330.88066279888153,1741872001809.8,0.23376620004480467
1,1,block_2,2,Provo_ID12,2,1081799,1261614,1,gaze_data,1741872002043,386.80573999881744,304.97337728738785,1741872001911.4001,0
1,1,block_2,2,Provo_ID12,2,1081799,1261614,1,gaze_data,1741872002087,381.5711349248886,272.2584143280983,1741872001976.1,0
1,1,block_2,2,Provo_ID12,2,1081799,1261614,1,gaze_data,1741872002113,393.14875304698944,236.23282127082348,1741872002009.3,0
1,1,block_2,2,Provo_ID12,2,1081799,1261614,1,gaze_data,1741872002156,362.995970249176,264.68897461891174,1741872002042.6,0
1,1,block_2,2,Provo_ID12,2,1081799,1261614,1,gaze_data,1741872002180,356.8424105644226,254.20238487422466,1741872002076.1,0
1,1,block_2,2,Provo_ID12,2,1081799,1261614,1,gaze_data,1741872002234,367.93317198753357,230.94827439635992,1741872002108.8,0.7447420849795293
1,1,block_2,2,Provo_ID12,2,1081799,1261614,1,gaze_data,1741872002274,365.5519187450409,229.75040916353464,1741872002142.7002,0.7447420849795293
1,1,block_2,2,Provo_ID12,2,1081799,1261614,1,gaze_data,1741872002323,371.74130976200104,226.37843377888203,1741872002175.9001,1
1,1,block_2,2,Provo_ID12,2,1081799,1261614,1,gaze_data,1741872002357,328.6878705024719,255.56027740240097,1741872002241.9001,1
1,1,block_2,2,Provo_ID12,2,1081799,1261614,1,gaze_data,1741872002401,334.3561589717865,271.1261570453644,1741872002275.7002,1
1,1,block_2,2,Provo_ID12,2,1081799,1261614,1,gaze_data,1741872002441,328.4073054790497,262.85839304327965,1741872002309.2002,1
1,1,block_2,2,Provo_ID12,2,1081799,1261614,1,gaze_data,1741872002461,369.8250949382782,269.2281439900398,1741872002342.5,1
1,1,block_2,2,Provo_ID12,2,1081799,1261614,1,gaze_data,1741872002508,363.77750635147095,269.51657831668854,1741872002375.5,1
1,1,block_2,2,Provo_ID12,2,1081799,1261614,1,gaze_data,1741872002545,374.90642964839935,278.46211418509483,1741872002409,1
1,1,block_2,2,Provo_ID12,2,1081799,1261614,1,gaze_data,1741872002591,384.0746909379959,277.55671963095665,1741872002442,1
1,1,block_2,2,Provo_ID12,2,1081799,1261614,1,gaze_data,1741872002675,393.48138868808746,280.4439462721348,1741872002544.8,1
1,1,block_2,2,Provo_ID12,2,1081799,1261614,1,gaze_data,1741872002707,460.3159189224243,286.44940480589867,1741872002577.1,1
1,1,block_2,2,Provo_ID12,2,1081799,1261614,1,gaze_data,1741872002755,483.81264209747314,281.71795830130577,1741872002609.4001,0.945222369281578
1,1,block_2,2,Provo_ID12,2,1081799,1261614,1,gaze_data,1741872002790,478.8651764392853,290.9402534365654,1741872002675.3,0.945222369281578
1,1,block_2,2,Provo_ID12,2,1081799,1261614,1,gaze_data,1741872002840,275.8213520050049,340.3722181916237,1741872002708.7002,1
1,1,block_2,2,Provo_ID12,2,1081799,1261614,1,gaze_data,1741872002886,183.52758884429932,373.97292852401733,1741872002743.2002,1
1,1,block_2,2,Provo_ID12,2,1081799,1261614,1,gaze_data,1741872002908,174.8324155807495,386.2793952226639,1741872002809.3,1
1,1,block_2,2,Provo_ID12,2,1081799,1261614,1,gaze_data,1741872002951,186.769437789917,383.3586633205414,1741872002843,0.6130317019956144
1,1,block_2,2,Provo_ID12,2,1081799,1261614,1,gaze_data,1741872002985,162.0272159576416,401.5808165073395,1741872002875.5,0.6130317019956144
1,1,block_2,2,Provo_ID12,2,1081799,1261614,1,gaze_data,1741872003036,175.08180141448975,374.1384357213974,1741872002908.1,0.8478496083642908
1,1,block_2,2,Provo_ID12,2,1081799,1261614,1,gaze_data,1741872003069,162.59126663208008,391.7105108499527,1741872002942,0.8478496083642908
1,1,block_2,2,Provo_ID12,2,1081799,1261614,1,gaze_data,1741872003119,172.39787578582764,376.85320377349854,1741872002975.4001,0.9456069633217976
1,1,block_2,2,Provo_ID12,2,1081799,1261614,1,gaze_data,1741872003157,156.09188079833984,367.3321068286896,1741872003041.6,0.9456069633217976
1,1,block_2,2,Provo_ID12,2,1081799,1261614,1,gaze_data,1741872003214,131.01627826690674,388.0944162607193,1741872003075.6,0.6603751164195225
1,1,block_2,2,Provo_ID12,2,1081799,1261614,1,gaze_data,1741872003290,121.76291942596436,373.7598568201065,1741872003179.9001,0.6603751164195225
1,1,block_2,2,Provo_ID12,2,1081799,1261614,1,gaze_data,1741872003346,135.31081676483154,371.99117839336395,1741872003210.5,0.68600865964724
1,1,block_2,2,Provo_ID12,2,1081799,1261614,1,gaze_data,1741872003389,346.01056575775146,349.43649023771286,1741872003275.5,0.68600865964724
1,1,block_2,2,Provo_ID12,2,1081799,1261614,1,gaze_data,1741872003435,366.73221588134766,347.7777525782585,1741872003308.2002,0.8226933585785076
1,1,block_2,2,Provo_ID12,2,1081799,1261614,1,gaze_data,1741872003478,385.0465416908264,363.8431787490845,1741872003342.9001,0.8226933585785076
1,1,block_2,2,Provo_ID12,2,1081799,1261614,1,gaze_data,1741872003525,381.6680580377579,355.5502951145172,1741872003408.5,0.6613442440796558
1,1,block_2,2,Provo_ID12,2,1081799,1261614,1,gaze_data,1741872003569,388.06084990501404,352.07048654556274,1741872003441.4001,0.6613442440796558
1,1,block_2,2,Provo_ID12,2,1081799,1261614,1,gaze_data,1741872003626,380.3340882062912,341.1128431558609,1741872003475.3,0.8848921374114203
1,1,block_2,2,Provo_ID12,2,1081799,1261614,1,gaze_data,1741872003706,382.6406866312027,338.8053238391876,1741872003508.2002,0.8848921374114203
1,1,block_2,2,Provo_ID12,2,1081799,1261614,1,gaze_data,1741872003769,405.1951676607132,337.5193312764168,1741872003613.7002,0.953725867290308
1,1,block_2,2,Provo_ID12,2,1081799,1261614,1,gaze_data,1741872003807,472.257137298584,299.3725970387459,1741872003675.7002,0.953725867290308
1,1,block_2,2,Provo_ID12,2,1081799,1261614,1,gaze_data,1741872003853,495.64125537872314,285.685720294714,1741872003708.6,0.8023781313481981
1,1,block_2,2,Provo_ID12,2,1081799,1261614,1,gaze_data,1741872003894,498.8530158996582,289.29416686296463,1741872003774.9001,0.8023781313481981
1,1,block_2,2,Provo_ID12,2,1081799,1261614,1,gaze_data,1741872003918,497.967928647995,287.4176450073719,1741872003808.4001,0.8023781313481981
1,1,block_2,2,Provo_ID12,2,1081799,1261614,1,gaze_data,1741872003960,475.1917541027069,301.4860734343529,1741872003841.6,0.844243673399176
1,1,block_2,2,Provo_ID12,2,1081799,1261614,1,gaze_data,1741872004000,443.780380487442,339.3030896782875,1741872003874.7002,0.844243673399176
1,1,block_2,2,Provo_ID12,2,1081799,1261614,1,gaze_data,1741872004099,458.0903232097626,347.619204223156,1741872003938.5,0.930505136706905
1,1,block_2,2,Provo_ID12,2,1081799,1261614,1,gaze_data,1741872004159,430.1759272813797,345.98097801208496,1741872004030.2002,0.930505136706905
1,1,block_2,2,Provo_ID12,2,1081799,1261614,1,gaze_data,1741872004212,441.1792755126953,366.7063772678375,1741872004075.5,0.9407250564375751
1,1,block_2,2,Provo_ID12,2,1081799,1261614,1,gaze_data,1741872004254,372.53840267658234,182.02023059129715,1741872004141.5,0.9407250564375751
1,1,block_2,2,Provo_ID12,2,1081799,1261614,1,gaze_data,1741872004302,348.23246002197266,166.19355827569962,1741872004174.5,0.9075321202022644
1,1,block_2,2,Provo_ID12,2,1081799,1261614,1,gaze_data,1741872004340,330.4770350456238,161.97691708803177,1741872004208.5,0.9075321202022644
1,1,block_2,2,Provo_ID12,2,1081799,1261614,1,gaze_data,1741872004387,290.0667190551758,161.94668263196945,1741872004241.5,1
1,1,block_2,2,Provo_ID12,2,1081799,1261614,1,gaze_data,1741872004430,283.2559108734131,147.50828444957733,1741872004308,1
1,1,block_2,2,Provo_ID12,2,1081799,1261614,1,gaze_data,1741872004460,208.79857540130615,113.96919786930084,1741872004342,1
1,1,block_2,2,Provo_ID12,2,1081799,1261614,1,gaze_data,1741872004515,190.53471088409424,99.4218647480011,1741872004375.4001,1
1,1,block_2,2,Provo_ID12,2,1081799,1261614,1,gaze_data,1741872004634,189.98336791992188,103.7863701581955,1741872004486.8,1
1,1,block_2,2,Provo_ID12,2,1081799,1261614,1,gaze_data,1741872004675,168.3044195175171,108.2281231880188,1741872004541.9001,1
1,1,block_2,2,Provo_ID12,2,1081799,1261614,1,gaze_data,1741872004723,163.79446983337402,113.77123594284058,1741872004607.6,1
1,1,block_2,2,Provo_ID12,2,1081799,1261614,1,gaze_data,1741872004754,164.40763473510742,106.93249702453613,1741872004640.8,1
1,1,block_2,2,Provo_ID12,2,1081799,1261614,1,gaze_data,1741872004802,168.44916343688965,102.85033881664276,1741872004675.3,1
1,1,block_2,2,Provo_ID12,2,1081799,1261614,1,gaze_data,1741872004842,312.8471314907074,94.73501741886139,1741872004707.9001,1
1,1,block_2,2,Provo_ID12,2,1081799,1261614,1,gaze_data,1741872004894,323.34134578704834,94.48487162590027,1741872004774.2002,1
1,1,block_2,2,Provo_ID12,2,1081799,1261614,1,gaze_data,1741872004934,331.74291253089905,91.85198545455933,1741872004808.2002,1
1,1,block_2,2,Provo_ID12,2,1081799,1261614,1,gaze_data,1741872004985,351.8475651741028,93.32699179649353,1741872004841.2002,1
1,1,block_2,2,Provo_ID12,2,1081799,1261614,1,gaze_data,1741872005014,362.0731234550476,107.65039026737213,1741872004907.6,1
1,1,block_2,2,Provo_ID12,2,1081799,1261614,1,gaze_data,1741872005056,377.5907278060913,108.87051224708557,1741872004941.1,1
1,1,block_2,2,Provo_ID12,2,1081799,1261614,1,gaze_data,1741872005101,362.6547574996948,112.53709197044373,1741872004974,1
1,1,block_2,2,Provo_ID12,2,1081799,1261614,1,gaze_data,1741872005156,217.11041927337646,116.59175753593445,1741872005008,1
1,1,block_2,2,Provo_ID12,2,1081799,1261614,1,gaze_data,1741872005217,169.06139850616455,140.74695706367493,1741872005042.2002,1
1,1,block_2,2,Provo_ID12,2,1081799,1261614,1,gaze_data,1741872005256,136.12136840820312,152.99440771341324,1741872005145.4001,1
1,1,block_2,2,Provo_ID12,2,1081799,1261614,1,gaze_data,1741872005310,165.14708995819092,156.63033574819565,1741872005175.1,1
1,1,block_2,2,Provo_ID12,2,1081799,1261614,1,gaze_data,1741872005342,161.64569854736328,134.59785878658295,1741872005240.8,1
1,1,block_2,2,Provo_ID12,2,1081799,1261614,1,gaze_data,1741872005390,238.728928565979,155.0735741853714,1741872005274,1
1,1,block_2,2,Provo_ID12,2,1081799,1261614,1,gaze_data,1741872005419,357.56096839904785,168.5494989156723,1741872005307.2002,1
1,1,block_2,2,Provo_ID12,2,1081799,1261614,1,gaze_data,1741872005440,372.0201313495636,165.1870220899582,1741872005340.8,1
1,1,block_2,2,Provo_ID12,2,1081799,1261614,1,gaze_data,1741872005484,378.40940058231354,161.301089823246,1741872005374.4001,1
1,1,block_2,2,Provo_ID12,2,1081799,1261614,1,gaze_data,1741872005516,384.2706888914108,153.158201277256,1741872005408.5,1
1,1,block_2,2,Provo_ID12,2,1081799,1261614,1,gaze_data,1741872005580,400.5201354622841,159.16078388690948,1741872005440.8,1
1,1,block_2,2,Provo_ID12,2,1081799,1261614,1,gaze_data,1741872005693,380.04899621009827,156.87305331230164,1741872005546.1,1
1,1,block_2,2,Provo_ID12,2,1081799,1261614,1,gaze_data,1741872005736,504.8447608947754,160.60265004634857,1741872005607.8,1
1,1,block_2,2,Provo_ID12,2,1081799,1261614,1,gaze_data,1741872005782,521.6291666030884,166.071555018425,1741872005640.4001,1
1,1,block_2,2,Provo_ID12,2,1081799,1261614,1,gaze_data,1741872005816,542.9566144943237,164.22609090805054,1741872005706.9001,1
1,1,block_2,2,Provo_ID12,2,1081799,1261614,1,gaze_data,1741872005865,641.3012266159058,178.47723737359047,1741872005740.9001,1
1,1,block_2,2,Provo_ID12,2,1081799,1261614,1,gaze_data,1741872005911,671.9817399978638,198.18832203745842,1741872005774.3,1
1,1,block_2,2,Provo_ID12,2,1081799,1261614,1,gaze_data,1741872005971,671.8098640441895,188.42313662171364,1741872005841.1,1
1,1,block_2,2,Provo_ID12,2,1081799,1261614,1,gaze_data,1741872006025,671.0218667984009,196.46639972925186,1741872005874.5,1
1,1,block_2,2,Provo_ID12,2,1081799,1261614,1,gaze_data,1741872006051,684.2459440231323,206.61538317799568,1741872005909.4001,1
1,1,block_2,2,Provo_ID12,2,1081799,1261614,1,gaze_data,1741872006134,552.5251150131226,193.68135407567024,1741872006009,1
1,1,block_2,2,Provo_ID12,2,1081799,1261614,1,gaze_data,1741872006192,301.542729139328,222.11261317133904,1741872006041.1,1
1,1,block_2,2,Provo_ID12,2,1081799,1261614,1,gaze_data,1741872006252,225.42705535888672,240.54736029356718,1741872006107.8,1
1,1,block_2,2,Provo_ID12,2,1081799,1261614,1,gaze_data,1741872006278,190.66927433013916,209.6885483711958,1741872006174,1
1,1,block_2,2,Provo_ID12,2,1081799,1261614,1,gaze_data,1741872006328,203.9306402206421,216.57492630183697,1741872006207.4001,1
1,1,block_2,2,Provo_ID12,2,1081799,1261614,1,gaze_data,1741872006362,161.91887855529785,247.46881648898125,1741872006240.6,1
1,1,block_2,2,Provo_ID12,2,1081799,1261614,1,gaze_data,1741872006419,177.47533321380615,239.0343513339758,1741872006274.2002,1
1,1,block_2,2,Provo_ID12,2,1081799,1261614,1,gaze_data,1741872006481,164.58327770233154,240.39007481187582,1741872006308.3,1
1,1,block_2,2,Provo_ID12,2,1081799,1261614,1,gaze_data,1741872006510,159.19430255889893,228.81451565772295,1741872006394.6,1
1,1,block_2,2,Provo_ID12,2,1081799,1261614,1,gaze_data,1741872006565,164.28320407867432,218.55353601276875,1741872006441.9001,1
1,1,block_2,2,Provo_ID12,2,1081799,1261614,1,gaze_data,1741872006603,171.5148687362671,226.9087502732873,1741872006474.2002,1
1,1,block_2,2,Provo_ID12,2,1081799,1261614,1,gaze_data,1741872006647,171.89645767211914,244.99906450510025,1741872006507.1,1
1,1,block_2,2,Provo_ID12,2,1081799,1261614,1,gaze_data,1741872006685,203.05869579315186,258.6652584373951,1741872006573.6,1
1,1,block_2,2,Provo_ID12,2,1081799,1261614,1,gaze_data,1741872006729,389.9947255849838,262.9403308033943,1741872006607.1,1
1,1,block_2,2,Provo_ID12,2,1081799,1261614,1,gaze_data,1741872006773,456.75110816955566,265.09897261857986,1741872006640.3,1
1,1,block_2,2,Provo_ID12,2,1081799,1261614,1,gaze_data,1741872006823,483.6748778820038,248.68567697703838,1741872006706.6,0.9213306890750239
1,1,block_2,2,Provo_ID12,2,1081799,1261614,1,gaze_data,1741872006858,490.64719676971436,254.63661402463913,1741872006740.6,0.9213306890750239
1,1,block_2,2,Provo_ID12,2,1081799,1261614,1,gaze_data,1741872006880,497.42430448532104,262.9461199045181,1741872006773.6,0.9213306890750239
1,1,block_2,2,Provo_ID12,2,1081799,1261614,1,gaze_data,1741872006927,504.13928031921387,237.0560685172677,1741872006807.7002,1
1,1,block_2,2,Provo_ID12,2,1081799,1261614,1,gaze_data,1741872006962,499.39286708831787,242.75536499917507,1741872006840.2002,1
1,1,block_2,2,Provo_ID12,2,1081799,1261614,1,gaze_data,1741872007016,500.74119567871094,243.5151118785143,1741872006874.2002,1
1,1,block_2,2,Provo_ID12,2,1081799,1261614,1,gaze_data,1741872007049,512.0594024658203,192.3183411359787,1741872006940.6,1
1,1,block_2,2,Provo_ID12,2,1081799,1261614,1,gaze_data,1741872007095,479.32966351509094,145.5106720328331,1741872006973.7002,1
1,1,block_2,2,Provo_ID12,2,1081799,1261614,1,gaze_data,1741872007128,453.3422887325287,182.3945514857769,1741872007007.3,1
1,1,block_2,2,Provo_ID12,2,1081799,1261614,1,gaze_data,1741872007149,396.7488929629326,286.03114038705826,1741872007040.2002,1
1,1,block_2,2,Provo_ID12,2,1081799,1261614,1,gaze_data,1741872007192,400.65305680036545,315.4166176915169,1741872007073.9001,0
1,1,block_2,2,Provo_ID12,2,1081799,1261614,1,gaze_data,1741872007225,338.64314556121826,294.34185326099396,1741872007107.1,0
1,1,block_2,2,Provo_ID12,2,1081799,1261614,1,gaze_data,1741872007277,301.8576681613922,325.5915328860283,1741872007140.6,0
1,1,block_2,2,Provo_ID12,2,1081799,1261614,1,gaze_data,1741872007322,218.86718273162842,190.88391438126564,1741872007207.2002,0
1,1,block_2,2,Provo_ID12,2,1081799,1261614,1,gaze_data,1741872007366,218.30997467041016,139.930060505867,1741872007240.2002,0.15281479086740082
1,1,block_2,2,Provo_ID12,2,1081799,1261614,1,gaze_data,1741872007408,211.1224889755249,142.32590645551682,1741872007274.1,0.15281479086740082
1,1,block_2,2,Provo_ID12,2,1081799,1261614,1,gaze_data,1741872007460,162.42451667785645,159.56967920064926,1741872007340.2002,0.9374478667620592
1,1,block_2,2,Provo_ID12,2,1081799,1261614,1,gaze_data,1741872007508,164.71915245056152,152.97714471817017,1741872007373.3,0.9374478667620592
1,1,block_2,2,Provo_ID12,2,1081799,1261614,1,gaze_data,1741872007561,151.77240371704102,155.11216819286346,1741872007442,0.9601202727735685
1,1,block_2,2,Provo_ID12,2,1081799,1261614,1,gaze_data,1741872007606,162.76023387908936,166.18642807006836,1741872007473.8,0.9601202727735685
1,1,block_2,2,Provo_ID12,2,1081799,1261614,1,gaze_data,1741872007653,175.64589977264404,123.15173298120499,1741872007540.4001,1
1,1,block_2,2,Provo_ID12,2,1081799,1261614,1,gaze_data,1741872007691,177.01351642608643,113.74982297420502,1741872007573.2002,1
1,1,block_2,2,Provo_ID12,2,1081799,1261614,1,gaze_data,1741872007712,168.92600059509277,115.71428030729294,1741872007607.1,1
1,1,block_2,2,Provo_ID12,2,1081799,1261614,1,gaze_data,1741872007764,132.77502059936523,108.29267501831055,1741872007640.1,1
1,1,block_2,2,Provo_ID12,2,1081799,1261614,1,gaze_data,1741872007804,187.18698024749756,110.56577265262604,1741872007673.8,1
1,1,block_2,2,Provo_ID12,2,1081799,1261614,1,gaze_data,1741872007858,277.4047613143921,91.46535992622375,1741872007707.1,1
1,1,block_2,2,Provo_ID12,2,1081799,1261614,1,gaze_data,1741872007932,298.8798141479492,92.63034760951996,1741872007774.2002,1
1,1,block_2,2,Provo_ID12,2,1081799,1261614,1,gaze_data,1741872007961,316.856986284256,85.00356078147888,1741872007840.9001,1
1,1,block_2,2,Provo_ID12,2,1081799,1261614,1,gaze_data,1741872008020,343.7709152698517,77.71371901035309,1741872007874.7002,1
1,1,block_2,2,Provo_ID12,2,1081799,1261614,1,gaze_data,1741872008055,202.099609375,336.12984269857407,1741872007940.4001,1
1,1,block_2,2,Provo_ID12,2,1081799,1261614,1,gaze_data,1741872008100,185.49797534942627,366.5285915136337,1741872007974,1
1,1,block_2,2,Provo_ID12,2,1081799,1261614,1,gaze_data,1741872008138,180.21225929260254,368.74691247940063,1741872008007.3,1
1,1,block_2,2,Provo_ID12,2,1081799,1261614,1,gaze_data,1741872008167,149.85759258270264,373.6128568649292,1741872008039.4001,1
1,1,block_2,2,Provo_ID12,2,1081799,1261614,1,gaze_data,1741872008242,186.4565372467041,356.25014305114746,1741872008073.2002,0.8542044734126875
1,1,block_2,2,Provo_ID12,2,1081799,1261614,1,gaze_data,1741872008402,147.1806526184082,384.4235748052597,1741872008244.8,0.7347920129260204
1,1,block_2,2,Provo_ID12,2,1081799,1261614,1,gaze_data,1741872008443,174.4154691696167,390.37706553936005,1741872008308.6,0.7347920129260204
1,1,block_2,2,Provo_ID12,2,1081799,1261614,1,gaze_data,1741872008504,211.33501529693604,371.1903154850006,1741872008373.2002,0.6619297725550146
1,1,block_2,2,Provo_ID12,2,1081799,1261614,1,gaze_data,1741872008553,224.35691356658936,393.1918352842331,1741872008439.8,0.6619297725550146
1,1,block_2,2,Provo_ID12,2,1081799,1261614,1,gaze_data,1741872008574,222.95703887939453,394.5428341627121,1741872008473.6,0.6619297725550146
1,1,block_2,2,Provo_ID12,2,1081799,1261614,1,gaze_x,"",
1,1,block_2,2,Provo_ID12,2,1081799,1261614,1,gaze_y,"",
1,1,block_2,2,Provo_ID12,2,1081799,1261614,1,el_x,"",
1,1,block_2,2,Provo_ID12,2,1081799,1261614,1,applied_drift,1741871954342,
1,1,block_2,2,Provo_ID12,2,1081799,1261614,1,applied_drift,1741871979468,-20.619672536849976,-39.96341824531555
1,1,block_2,2,Provo_ID12,2,1081799,1261614,1,applied_drift,1741871979503,-20.619672536849976,-39.96341824531555
1,1,block_2,2,Provo_ID12,2,1081799,1261614,1,applied_drift,1741871979548,-20.619672536849976,-39.96341824531555
1,1,block_2,2,Provo_ID12,2,1081799,1261614,1,applied_drift,1741871979582,-20.619672536849976,-39.96341824531555
1,1,block_2,2,Provo_ID12,2,1081799,1261614,1,applied_drift,1741871979650,-20.619672536849976,-39.96341824531555
1,1,block_2,2,Provo_ID12,2,1081799,1261614,1,applied_drift,1741871979701,-20.619672536849976,-39.96341824531555
1,1,block_2,2,Provo_ID12,2,1081799,1261614,1,applied_drift,1741871979777,-20.619672536849976,-39.96341824531555
1,1,block_2,2,Provo_ID12,2,1081799,1261614,1,applied_drift,1741871979811,-20.619672536849976,-39.96341824531555
1,1,block_2,2,Provo_ID12,2,1081799,1261614,1,applied_drift,1741871979855,-20.619672536849976,-39.96341824531555
1,1,block_2,2,Provo_ID12,2,1081799,1261614,1,applied_drift,1741871979886,-20.619672536849976,-39.96341824531555
1,1,block_2,2,Provo_ID12,2,1081799,1261614,1,applied_drift,1741871979950,-20.619672536849976,-39.96341824531555
1,1,block_2,2,Provo_ID12,2,1081799,1261614,1,applied_drift,1741871980004,-20.619672536849976,-39.96341824531555
1,1,block_2,2,Provo_ID12,2,1081799,1261614,1,applied_drift,1741871980069,-20.619672536849976,-39.96341824531555
1,1,block_2,2,Provo_ID12,2,1081799,1261614,1,applied_drift,1741871980109,-20.619672536849976,-39.96341824531555
1,1,block_2,2,Provo_ID12,2,1081799,1261614,1,applied_drift,1741871980155,-20.619672536849976,-39.96341824531555
1,1,block_2,2,Provo_ID12,2,1081799,1261614,1,applied_drift,1741871980194,-20.619672536849976,-39.96341824531555
1,1,block_2,2,Provo_ID12,2,1081799,1261614,1,applied_drift,1741871980238,-20.619672536849976,-39.96341824531555
1,1,block_2,2,Provo_ID12,2,1081799,1261614,1,applied_drift,1741871980290,-20.619672536849976,-39.96341824531555
1,1,block_2,2,Provo_ID12,2,1081799,1261614,1,applied_drift,1741871980327,-20.619672536849976,-39.96341824531555
1,1,block_2,2,Provo_ID12,2,1081799,1261614,1,applied_drift,1741871980411,-20.619672536849976,-39.96341824531555
1,1,block_2,2,Provo_ID12,2,1081799,1261614,1,applied_drift,1741871980455,-20.619672536849976,-39.96341824531555
1,1,block_2,2,Provo_ID12,2,1081799,1261614,1,applied_drift,1741871980505,-20.619672536849976,-39.96341824531555
1,1,block_2,2,Provo_ID12,2,1081799,1261614,1,applied_drift,1741871980536,-20.619672536849976,-39.96341824531555
1,1,block_2,2,Provo_ID12,2,1081799,1261614,1,applied_drift,1741871980583,-20.619672536849976,-39.96341824531555
1,1,block_2,2,Provo_ID12,2,1081799,1261614,1,applied_drift,1741871980617,-20.619672536849976,-39.96341824531555
1,1,block_2,2,Provo_ID12,2,1081799,1261614,1,applied_drift,1741871980639,-20.619672536849976,-39.96341824531555
1,1,block_2,2,Provo_ID12,2,1081799,1261614,1,applied_drift,1741871980687,-20.619672536849976,-39.96341824531555
1,1,block_2,2,Provo_ID12,2,1081799,1261614,1,applied_drift,1741871980733,-20.619672536849976,-39.96341824531555
1,1,block_2,2,Provo_ID12,2,1081799,1261614,1,applied_drift,1741871980803,-20.619672536849976,-39.96341824531555
1,1,block_2,2,Provo_ID12,2,1081799,1261614,1,applied_drift,1741871980855,-20.619672536849976,-39.96341824531555
1,1,block_2,2,Provo_ID12,2,1081799,1261614,1,applied_drift,1741871980907,-20.619672536849976,-39.96341824531555
1,1,block_2,2,Provo_ID12,2,1081799,1261614,1,applied_drift,1741871980950,-20.619672536849976,-39.96341824531555
1,1,block_2,2,Provo_ID12,2,1081799,1261614,1,applied_drift,1741871980996,-20.619672536849976,-39.96341824531555
1,1,block_2,2,Provo_ID12,2,1081799,1261614,1,applied_drift,1741871981039,-20.619672536849976,-39.96341824531555
1,1,block_2,2,Provo_ID12,2,1081799,1261614,1,applied_drift,1741871981061,-20.619672536849976,-39.96341824531555
1,1,block_2,2,Provo_ID12,2,1081799,1261614,1,applied_drift,1741871981112,-20.619672536849976,-39.96341824531555
1,1,block_2,2,Provo_ID12,2,1081799,1261614,1,applied_drift,1741871981142,-20.619672536849976,-39.96341824531555
1,1,block_2,2,Provo_ID12,2,1081799,1261614,1,applied_drift,1741871981164,-20.619672536849976,-39.96341824531555
1,1,block_2,2,Provo_ID12,2,1081799,1261614,1,applied_drift,1741871981209,-20.619672536849976,-39.96341824531555
1,1,block_2,2,Provo_ID12,2,1081799,1261614,1,applied_drift,1741871981243,-20.619672536849976,-39.96341824531555
1,1,block_2,2,Provo_ID12,2,1081799,1261614,1,applied_drift,1741871981293,-20.619672536849976,-39.96341824531555
1,1,block_2,2,Provo_ID12,2,1081799,1261614,1,applied_drift,1741871981331,-20.619672536849976,-39.96341824531555
1,1,block_2,2,Provo_ID12,2,1081799,1261614,1,applied_drift,1741871981383,-20.619672536849976,-39.96341824531555
1,1,block_2,2,Provo_ID12,2,1081799,1261614,1,applied_drift,1741871981420,-20.619672536849976,-39.96341824531555
1,1,block_2,2,Provo_ID12,2,1081799,1261614,1,applied_drift,1741871981472,-20.619672536849976,-39.96341824531555
1,1,block_2,2,Provo_ID12,2,1081799,1261614,1,applied_drift,1741871981512,-20.619672536849976,-39.96341824531555
1,1,block_2,2,Provo_ID12,2,1081799,1261614,1,applied_drift,1741871981560,-20.619672536849976,-39.96341824531555
1,1,block_2,2,Provo_ID12,2,1081799,1261614,1,applied_drift,1741871981605,-20.619672536849976,-39.96341824531555
1,1,block_2,2,Provo_ID12,2,1081799,1261614,1,applied_drift,1741871981656,-20.619672536849976,-39.96341824531555
1,1,block_2,2,Provo_ID12,2,1081799,1261614,1,applied_drift,1741871981695,-20.619672536849976,-39.96341824531555
1,1,block_2,2,Provo_ID12,2,1081799,1261614,1,applied_drift,1741871981751,-20.619672536849976,-39.96341824531555
1,1,block_2,2,Provo_ID12,2,1081799,1261614,1,applied_drift,1741871981827,-20.619672536849976,-39.96341824531555
1,1,block_2,2,Provo_ID12,2,1081799,1261614,1,applied_drift,1741871981889,-20.619672536849976,-39.96341824531555
1,1,block_2,2,Provo_ID12,2,1081799,1261614,1,applied_drift,1741871981927,-20.619672536849976,-39.96341824531555
1,1,block_2,2,Provo_ID12,2,1081799,1261614,1,applied_drift,1741871981974,-20.619672536849976,-39.96341824531555
1,1,block_2,2,Provo_ID12,2,1081799,1261614,1,applied_drift,1741871982003,-20.619672536849976,-39.96341824531555
1,1,block_2,2,Provo_ID12,2,1081799,1261614,1,applied_drift,1741871982058,-20.619672536849976,-39.96341824531555
1,1,block_2,2,Provo_ID12,2,1081799,1261614,1,applied_drift,1741871982095,-20.619672536849976,-39.96341824531555
1,1,block_2,2,Provo_ID12,2,1081799,1261614,1,applied_drift,1741871982143,-20.619672536849976,-39.96341824531555
1,1,block_2,2,Provo_ID12,2,1081799,1261614,1,applied_drift,1741871982182,-20.619672536849976,-39.96341824531555
1,1,block_2,2,Provo_ID12,2,1081799,1261614,1,applied_drift,1741871982229,-20.619672536849976,-39.96341824531555
1,1,block_2,2,Provo_ID12,2,1081799,1261614,1,applied_drift,1741871982259,-20.619672536849976,-39.96341824531555
1,1,block_2,2,Provo_ID12,2,1081799,1261614,1,applied_drift,1741871982376,-20.619672536849976,-39.96341824531555
1,1,block_2,2,Provo_ID12,2,1081799,1261614,1,applied_drift,1741871982424,-20.619672536849976,-39.96341824531555
1,1,block_2,2,Provo_ID12,2,1081799,1261614,1,applied_drift,1741871982470,-20.619672536849976,-39.96341824531555
1,1,block_2,2,Provo_ID12,2,1081799,1261614,1,applied_drift,1741871982507,-20.619672536849976,-39.96341824531555
1,1,block_2,2,Provo_ID12,2,1081799,1261614,1,applied_drift,1741871982555,-20.619672536849976,-39.96341824531555
1,1,block_2,2,Provo_ID12,2,1081799,1261614,1,applied_drift,1741871982595,-20.619672536849976,-39.96341824531555
1,1,block_2,2,Provo_ID12,2,1081799,1261614,1,applied_drift,1741871982616,-20.619672536849976,-39.96341824531555
1,1,block_2,2,Provo_ID12,2,1081799,1261614,1,applied_drift,1741871982665,-20.619672536849976,-39.96341824531555
1,1,block_2,2,Provo_ID12,2,1081799,1261614,1,applied_drift,1741871982796,-20.619672536849976,-39.96341824531555
1,1,block_2,2,Provo_ID12,2,1081799,1261614,1,applied_drift,1741871982835,-20.619672536849976,-39.96341824531555
1,1,block_2,2,Provo_ID12,2,1081799,1261614,1,applied_drift,1741871982880,-20.619672536849976,-39.96341824531555
1,1,block_2,2,Provo_ID12,2,1081799,1261614,1,applied_drift,1741871982919,-20.619672536849976,-39.96341824531555
1,1,block_2,2,Provo_ID12,2,1081799,1261614,1,applied_drift,1741871982970,-20.619672536849976,-39.96341824531555
1,1,block_2,2,Provo_ID12,2,1081799,1261614,1,applied_drift,1741871983003,-20.619672536849976,-39.96341824531555
1,1,block_2,2,Provo_ID12,2,1081799,1261614,1,applied_drift,1741871983049,-20.619672536849976,-39.96341824531555
1,1,block_2,2,Provo_ID12,2,1081799,1261614,1,applied_drift,1741871983095,-20.619672536849976,-39.96341824531555
1,1,block_2,2,Provo_ID12,2,1081799,1261614,1,applied_drift,1741871983116,-20.619672536849976,-39.96341824531555
1,1,block_2,2,Provo_ID12,2,1081799,1261614,1,applied_drift,1741871983165,-20.619672536849976,-39.96341824531555
1,1,block_2,2,Provo_ID12,2,1081799,1261614,1,applied_drift,1741871983194,-20.619672536849976,-39.96341824531555
1,1,block_2,2,Provo_ID12,2,1081799,1261614,1,applied_drift,1741871983243,-20.619672536849976,-39.96341824531555
1,1,block_2,2,Provo_ID12,2,1081799,1261614,1,applied_drift,1741871983288,-20.619672536849976,-39.96341824531555
1,1,block_2,2,Provo_ID12,2,1081799,1261614,1,applied_drift,1741871983336,-20.619672536849976,-39.96341824531555
1,1,block_2,2,Provo_ID12,2,1081799,1261614,1,applied_drift,1741871983381,-20.619672536849976,-39.96341824531555
1,1,block_2,2,Provo_ID12,2,1081799,1261614,1,applied_drift,1741871983443,-20.619672536849976,-39.96341824531555
1,1,block_2,2,Provo_ID12,2,1081799,1261614,1,applied_drift,1741871983524,-20.619672536849976,-39.96341824531555
1,1,block_2,2,Provo_ID12,2,1081799,1261614,1,applied_drift,1741871983591,-20.619672536849976,-39.96341824531555
1,1,block_2,2,Provo_ID12,2,1081799,1261614,1,applied_drift,1741871983630,-20.619672536849976,-39.96341824531555
1,1,block_2,2,Provo_ID12,2,1081799,1261614,1,applied_drift,1741871983675,-20.619672536849976,-39.96341824531555
1,1,block_2,2,Provo_ID12,2,1081799,1261614,1,applied_drift,1741871983714,-20.619672536849976,-39.96341824531555
1,1,block_2,2,Provo_ID12,2,1081799,1261614,1,applied_drift,1741871983778,-20.619672536849976,-39.96341824531555
1,1,block_2,2,Provo_ID12,2,1081799,1261614,1,applied_drift,1741871983839,-20.619672536849976,-39.96341824531555
1,1,block_2,2,Provo_ID12,2,1081799,1261614,1,applied_drift,1741871983909,-20.619672536849976,-39.96341824531555
1,1,block_2,2,Provo_ID12,2,1081799,1261614,1,applied_drift,1741871983949,-20.619672536849976,-39.96341824531555
1,1,block_2,2,Provo_ID12,2,1081799,1261614,1,applied_drift,1741871983999,-20.619672536849976,-39.96341824531555
1,1,block_2,2,Provo_ID12,2,1081799,1261614,1,applied_drift,1741871984032,-20.619672536849976,-39.96341824531555
1,1,block_2,2,Provo_ID12,2,1081799,1261614,1,applied_drift,1741871984085,-20.619672536849976,-39.96341824531555
1,1,block_2,2,Provo_ID12,2,1081799,1261614,1,applied_drift,1741871984119,-20.619672536849976,-39.96341824531555
1,1,block_2,2,Provo_ID12,2,1081799,1261614,1,applied_drift,1741871984172,-20.619672536849976,-39.96341824531555
1,1,block_2,2,Provo_ID12,2,1081799,1261614,1,applied_drift,1741871984246,-20.619672536849976,-39.96341824531555
1,1,block_2,2,Provo_ID12,2,1081799,1261614,1,applied_drift,1741871984317,-20.619672536849976,-39.96341824531555
1,1,block_2,2,Provo_ID12,2,1081799,1261614,1,applied_drift,1741871984348,-20.619672536849976,-39.96341824531555
1,1,block_2,2,Provo_ID12,2,1081799,1261614,1,applied_drift,1741871984380,-20.619672536849976,-39.96341824531555
1,1,block_2,2,Provo_ID12,2,1081799,1261614,1,applied_drift,1741871984429,-20.619672536849976,-39.96341824531555
1,1,block_2,2,Provo_ID12,2,1081799,1261614,1,applied_drift,1741871984468,-20.619672536849976,-39.96341824531555
1,1,block_2,2,Provo_ID12,2,1081799,1261614,1,applied_drift,1741871984513,-20.619672536849976,-39.96341824531555
1,1,block_2,2,Provo_ID12,2,1081799,1261614,1,applied_drift,1741871984554,-20.619672536849976,-39.96341824531555
1,1,block_2,2,Provo_ID12,2,1081799,1261614,1,applied_drift,1741871984609,-20.619672536849976,-39.96341824531555
1,1,block_2,2,Provo_ID12,2,1081799,1261614,1,applied_drift,1741871984712,-20.619672536849976,-39.96341824531555
1,1,block_2,2,Provo_ID12,2,1081799,1261614,1,applied_drift,1741871984748,-20.619672536849976,-39.96341824531555
1,1,block_2,2,Provo_ID12,2,1081799,1261614,1,applied_drift,1741871984785,-20.619672536849976,-39.96341824531555
1,1,block_2,2,Provo_ID12,2,1081799,1261614,1,applied_drift,1741871984831,-20.619672536849976,-39.96341824531555
1,1,block_2,2,Provo_ID12,2,1081799,1261614,1,applied_drift,1741871984873,-20.619672536849976,-39.96341824531555
1,1,block_2,2,Provo_ID12,2,1081799,1261614,1,applied_drift,1741871984893,-20.619672536849976,-39.96341824531555
1,1,block_2,2,Provo_ID12,2,1081799,1261614,1,applied_drift,1741871984939,-20.619672536849976,-39.96341824531555
1,1,block_2,2,Provo_ID12,2,1081799,1261614,1,applied_drift,1741871984976,-20.619672536849976,-39.96341824531555
1,1,block_2,2,Provo_ID12,2,1081799,1261614,1,applied_drift,1741871985024,-20.619672536849976,-39.96341824531555
1,1,block_2,2,Provo_ID12,2,1081799,1261614,1,applied_drift,1741871985065,-20.619672536849976,-39.96341824531555
1,1,block_2,2,Provo_ID12,2,1081799,1261614,1,applied_drift,1741871985133,-20.619672536849976,-39.96341824531555
1,1,block_2,2,Provo_ID12,2,1081799,1261614,1,applied_drift,1741871985213,-20.619672536849976,-39.96341824531555
1,1,block_2,2,Provo_ID12,2,1081799,1261614,1,applied_drift,1741871985263,-20.619672536849976,-39.96341824531555
1,1,block_2,2,Provo_ID12,2,1081799,1261614,1,applied_drift,1741871985289,-20.619672536849976,-39.96341824531555
1,1,block_2,2,Provo_ID12,2,1081799,1261614,1,applied_drift,1741871985330,-20.619672536849976,-39.96341824531555
1,1,block_2,2,Provo_ID12,2,1081799,1261614,1,applied_drift,1741871985361,-20.619672536849976,-39.96341824531555
1,1,block_2,2,Provo_ID12,2,1081799,1261614,1,applied_drift,1741871985414,-20.619672536849976,-39.96341824531555
1,1,block_2,2,Provo_ID12,2,1081799,1261614,1,applied_drift,1741871985448,-20.619672536849976,-39.96341824531555
1,1,block_2,2,Provo_ID12,2,1081799,1261614,1,applied_drift,1741871985505,-20.619672536849976,-39.96341824531555
1,1,block_2,2,Provo_ID12,2,1081799,1261614,1,applied_drift,1741871985543,-20.619672536849976,-39.96341824531555
1,1,block_2,2,Provo_ID12,2,1081799,1261614,1,applied_drift,1741871985589,-20.619672536849976,-39.96341824531555
1,1,block_2,2,Provo_ID12,2,1081799,1261614,1,applied_drift,1741871985640,-20.619672536849976,-39.96341824531555
1,1,block_2,2,Provo_ID12,2,1081799,1261614,1,applied_drift,1741871985683,-20.619672536849976,-39.96341824531555
1,1,block_2,2,Provo_ID12,2,1081799,1261614,1,applied_drift,1741871985704,-20.619672536849976,-39.96341824531555
1,1,block_2,2,Provo_ID12,2,1081799,1261614,1,applied_drift,1741871985748,-20.619672536849976,-39.96341824531555
1,1,block_2,2,Provo_ID12,2,1081799,1261614,1,applied_drift,1741871985784,-20.619672536849976,-39.96341824531555
1,1,block_2,2,Provo_ID12,2,1081799,1261614,1,applied_drift,1741871985844,-20.619672536849976,-39.96341824531555
1,1,block_2,2,Provo_ID12,2,1081799,1261614,1,applied_drift,1741871985899,-20.619672536849976,-39.96341824531555
1,1,block_2,2,Provo_ID12,2,1081799,1261614,1,applied_drift,1741871985952,-20.619672536849976,-39.96341824531555
1,1,block_2,2,Provo_ID12,2,1081799,1261614,1,applied_drift,1741871985996,-20.619672536849976,-39.96341824531555
1,1,block_2,2,Provo_ID12,2,1081799,1261614,1,applied_drift,1741871986029,-20.619672536849976,-39.96341824531555
1,1,block_2,2,Provo_ID12,2,1081799,1261614,1,applied_drift,1741871986110,-20.619672536849976,-39.96341824531555
1,1,block_2,2,Provo_ID12,2,1081799,1261614,1,applied_drift,1741871986145,-20.619672536849976,-39.96341824531555
1,1,block_2,2,Provo_ID12,2,1081799,1261614,1,applied_drift,1741871986197,-20.619672536849976,-39.96341824531555
1,1,block_2,2,Provo_ID12,2,1081799,1261614,1,applied_drift,1741871986232,-20.619672536849976,-39.96341824531555
1,1,block_2,2,Provo_ID12,2,1081799,1261614,1,applied_drift,1741871986252,-20.619672536849976,-39.96341824531555
1,1,block_2,2,Provo_ID12,2,1081799,1261614,1,applied_drift,1741871986291,-20.619672536849976,-39.96341824531555
1,1,block_2,2,Provo_ID12,2,1081799,1261614,1,applied_drift,1741871986323,-20.619672536849976,-39.96341824531555
1,1,block_2,2,Provo_ID12,2,1081799,1261614,1,applied_drift,1741871986385,-20.619672536849976,-39.96341824531555
1,1,block_2,2,Provo_ID12,2,1081799,1261614,1,applied_drift,1741871986479,-20.619672536849976,-39.96341824531555
1,1,block_2,2,Provo_ID12,2,1081799,1261614,1,applied_drift,1741871986520,-20.619672536849976,-39.96341824531555
1,1,block_2,2,Provo_ID12,2,1081799,1261614,1,applied_drift,1741871986558,-20.619672536849976,-39.96341824531555
1,1,block_2,2,Provo_ID12,2,1081799,1261614,1,applied_drift,1741871986613,-20.619672536849976,-39.96341824531555
1,1,block_2,2,Provo_ID12,2,1081799,1261614,1,applied_drift,1741871986641,-20.619672536849976,-39.96341824531555
1,1,block_2,2,Provo_ID12,2,1081799,1261614,1,applied_drift,1741871986691,-20.619672536849976,-39.96341824531555
1,1,block_2,2,Provo_ID12,2,1081799,1261614,1,applied_drift,1741871986735,-20.619672536849976,-39.96341824531555
1,1,block_2,2,Provo_ID12,2,1081799,1261614,1,applied_drift,1741871986786,-20.619672536849976,-39.96341824531555
1,1,block_2,2,Provo_ID12,2,1081799,1261614,1,applied_drift,1741871986825,-20.619672536849976,-39.96341824531555
1,1,block_2,2,Provo_ID12,2,1081799,1261614,1,applied_drift,1741871986846,-20.619672536849976,-39.96341824531555
1,1,block_2,2,Provo_ID12,2,1081799,1261614,1,applied_drift,1741871986889,-20.619672536849976,-39.96341824531555
1,1,block_2,2,Provo_ID12,2,1081799,1261614,1,applied_drift,1741871986924,-20.619672536849976,-39.96341824531555
1,1,block_2,2,Provo_ID12,2,1081799,1261614,1,applied_drift,1741871986978,-20.619672536849976,-39.96341824531555
1,1,block_2,2,Provo_ID12,2,1081799,1261614,1,applied_drift,1741871987024,-20.619672536849976,-39.96341824531555
1,1,block_2,2,Provo_ID12,2,1081799,1261614,1,applied_drift,1741871987045,-20.619672536849976,-39.96341824531555
1,1,block_2,2,Provo_ID12,2,1081799,1261614,1,applied_drift,1741871987090,-20.619672536849976,-39.96341824531555
1,1,block_2,2,Provo_ID12,2,1081799,1261614,1,applied_drift,1741871987120,-20.619672536849976,-39.96341824531555
1,1,block_2,2,Provo_ID12,2,1081799,1261614,1,applied_drift,1741871987169,-20.619672536849976,-39.96341824531555
1,1,block_2,2,Provo_ID12,2,1081799,1261614,1,applied_drift,1741871987213,-20.619672536849976,-39.96341824531555
1,1,block_2,2,Provo_ID12,2,1081799,1261614,1,applied_drift,1741871987264,-20.619672536849976,-39.96341824531555
1,1,block_2,2,Provo_ID12,2,1081799,1261614,1,applied_drift,1741871987305,-20.619672536849976,-39.96341824531555
1,1,block_2,2,Provo_ID12,2,1081799,1261614,1,applied_drift,1741871987326,-20.619672536849976,-39.96341824531555
1,1,block_2,2,Provo_ID12,2,1081799,1261614,1,applied_drift,1741871987377,-20.619672536849976,-39.96341824531555
1,1,block_2,2,Provo_ID12,2,1081799,1261614,1,applied_drift,1741871987496,-20.619672536849976,-39.96341824531555
1,1,block_2,2,Provo_ID12,2,1081799,1261614,1,applied_drift,1741871987539,-20.619672536849976,-39.96341824531555
1,1,block_2,2,Provo_ID12,2,1081799,1261614,1,applied_drift,1741871987588,-20.619672536849976,-39.96341824531555
1,1,block_2,2,Provo_ID12,2,1081799,1261614,1,applied_drift,1741871987616,-20.619672536849976,-39.96341824531555
1,1,block_2,2,Provo_ID12,2,1081799,1261614,1,applied_drift,1741871987665,-20.619672536849976,-39.96341824531555
1,1,block_2,2,Provo_ID12,2,1081799,1261614,1,applied_drift,1741871987700,-20.619672536849976,-39.96341824531555
1,1,block_2,2,Provo_ID12,2,1081799,1261614,1,applied_drift,1741871987766,-20.619672536849976,-39.96341824531555
1,1,block_2,2,Provo_ID12,2,1081799,1261614,1,applied_drift,1741871987857,-20.619672536849976,-39.96341824531555
1,1,block_2,2,Provo_ID12,2,1081799,1261614,1,applied_drift,1741871987895,-20.619672536849976,-39.96341824531555
1,1,block_2,2,Provo_ID12,2,1081799,1261614,1,applied_drift,1741871987924,-20.619672536849976,-39.96341824531555
1,1,block_2,2,Provo_ID12,2,1081799,1261614,1,applied_drift,1741871987966,-20.619672536849976,-39.96341824531555
1,1,block_2,2,Provo_ID12,2,1081799,1261614,1,applied_drift,1741871988003,-20.619672536849976,-39.96341824531555
1,1,block_2,2,Provo_ID12,2,1081799,1261614,1,applied_drift,1741871988026,-20.619672536849976,-39.96341824531555
1,1,block_2,2,Provo_ID12,2,1081799,1261614,1,applied_drift,1741871988077,-20.619672536849976,-39.96341824531555
1,1,block_2,2,Provo_ID12,2,1081799,1261614,1,applied_drift,1741871988111,-20.619672536849976,-39.96341824531555
1,1,block_2,2,Provo_ID12,2,1081799,1261614,1,applied_drift,1741871988158,-20.619672536849976,-39.96341824531555
1,1,block_2,2,Provo_ID12,2,1081799,1261614,1,applied_drift,1741871988192,-20.619672536849976,-39.96341824531555
1,1,block_2,2,Provo_ID12,2,1081799,1261614,1,applied_drift,1741871988215,-20.619672536849976,-39.96341824531555
1,1,block_2,2,Provo_ID12,2,1081799,1261614,1,applied_drift,1741871988261,-20.619672536849976,-39.96341824531555
1,1,block_2,2,Provo_ID12,2,1081799,1261614,1,applied_drift,1741871988290,-20.619672536849976,-39.96341824531555
1,1,block_2,2,Provo_ID12,2,1081799,1261614,1,applied_drift,1741871988357,-20.619672536849976,-39.96341824531555
1,1,block_2,2,Provo_ID12,2,1081799,1261614,1,applied_drift,1741871988434,-20.619672536849976,-39.96341824531555
1,1,block_2,2,Provo_ID12,2,1081799,1261614,1,applied_drift,1741871988495,-20.619672536849976,-39.96341824531555
1,1,block_2,2,Provo_ID12,2,1081799,1261614,1,applied_drift,1741871988528,-20.619672536849976,-39.96341824531555
1,1,block_2,2,Provo_ID12,2,1081799,1261614,1,applied_drift,1741871988575,-20.619672536849976,-39.96341824531555
1,1,block_2,2,Provo_ID12,2,1081799,1261614,1,applied_drift,1741871988611,-20.619672536849976,-39.96341824531555
1,1,block_2,2,Provo_ID12,2,1081799,1261614,1,applied_drift,1741871988663,-20.619672536849976,-39.96341824531555
1,1,block_2,2,Provo_ID12,2,1081799,1261614,1,applied_drift,1741871988707,-20.619672536849976,-39.96341824531555
1,1,block_2,2,Provo_ID12,2,1081799,1261614,1,applied_drift,1741871988766,-20.619672536849976,-39.96341824531555
1,1,block_2,2,Provo_ID12,2,1081799,1261614,1,applied_drift,1741871988830,-20.619672536849976,-39.96341824531555
1,1,block_2,2,Provo_ID12,2,1081799,1261614,1,applied_drift,1741871988863,-20.619672536849976,-39.96341824531555
1,1,block_2,2,Provo_ID12,2,1081799,1261614,1,applied_drift,1741871988915,-20.619672536849976,-39.96341824531555
1,1,block_2,2,Provo_ID12,2,1081799,1261614,1,applied_drift,1741871988951,-20.619672536849976,-39.96341824531555
1,1,block_2,2,Provo_ID12,2,1081799,1261614,1,applied_drift,1741871988998,-20.619672536849976,-39.96341824531555
1,1,block_2,2,Provo_ID12,2,1081799,1261614,1,applied_drift,1741871989032,-20.619672536849976,-39.96341824531555
1,1,block_2,2,Provo_ID12,2,1081799,1261614,1,applied_drift,1741871989121,-20.619672536849976,-39.96341824531555
1,1,block_2,2,Provo_ID12,2,1081799,1261614,1,applied_drift,1741871989179,-20.619672536849976,-39.96341824531555
1,1,block_2,2,Provo_ID12,2,1081799,1261614,1,applied_drift,1741871989232,-20.619672536849976,-39.96341824531555
1,1,block_2,2,Provo_ID12,2,1081799,1261614,1,applied_drift,1741871989272,-20.619672536849976,-39.96341824531555
1,1,block_2,2,Provo_ID12,2,1081799,1261614,1,applied_drift,1741871989294,-20.619672536849976,-39.96341824531555
1,1,block_2,2,Provo_ID12,2,1081799,1261614,1,applied_drift,1741871989337,-20.619672536849976,-39.96341824531555
1,1,block_2,2,Provo_ID12,2,1081799,1261614,1,applied_drift,1741871989367,-20.619672536849976,-39.96341824531555
1,1,block_2,2,Provo_ID12,2,1081799,1261614,1,applied_drift,1741871989424,-20.619672536849976,-39.96341824531555
1,1,block_2,2,Provo_ID12,2,1081799,1261614,1,applied_drift,1741871989471,-20.619672536849976,-39.96341824531555
1,1,block_2,2,Provo_ID12,2,1081799,1261614,1,applied_drift,1741871989493,-20.619672536849976,-39.96341824531555
1,1,block_2,2,Provo_ID12,2,1081799,1261614,1,applied_drift,1741871989533,-20.619672536849976,-39.96341824531555
1,1,block_2,2,Provo_ID12,2,1081799,1261614,1,applied_drift,1741871989562,-20.619672536849976,-39.96341824531555
1,1,block_2,2,Provo_ID12,2,1081799,1261614,1,applied_drift,1741871989623,-20.619672536849976,-39.96341824531555
1,1,block_2,2,Provo_ID12,2,1081799,1261614,1,applied_drift,1741871989750,-20.619672536849976,-39.96341824531555
1,1,block_2,2,Provo_ID12,2,1081799,1261614,1,applied_drift,1741871989794,-20.619672536849976,-39.96341824531555
1,1,block_2,2,Provo_ID12,2,1081799,1261614,1,applied_drift,1741871989838,-20.619672536849976,-39.96341824531555
1,1,block_2,2,Provo_ID12,2,1081799,1261614,1,applied_drift,1741871989873,-20.619672536849976,-39.96341824531555
1,1,block_2,2,Provo_ID12,2,1081799,1261614,1,applied_drift,1741871989922,-20.619672536849976,-39.96341824531555
1,1,block_2,2,Provo_ID12,2,1081799,1261614,1,applied_drift,1741871989974,-20.619672536849976,-39.96341824531555
1,1,block_2,2,Provo_ID12,2,1081799,1261614,1,applied_drift,1741871990038,-20.619672536849976,-39.96341824531555
1,1,block_2,2,Provo_ID12,2,1081799,1261614,1,applied_drift,1741871990098,-20.619672536849976,-39.96341824531555
1,1,block_2,2,Provo_ID12,2,1081799,1261614,1,applied_drift,1741871990130,-20.619672536849976,-39.96341824531555
1,1,block_2,2,Provo_ID12,2,1081799,1261614,1,applied_drift,1741871990188,-20.619672536849976,-39.96341824531555
1,1,block_2,2,Provo_ID12,2,1081799,1261614,1,applied_drift,1741871990222,-20.619672536849976,-39.96341824531555
1,1,block_2,2,Provo_ID12,2,1081799,1261614,1,applied_drift,1741871990269,-20.619672536849976,-39.96341824531555
1,1,block_2,2,Provo_ID12,2,1081799,1261614,1,applied_drift,1741871990313,-20.619672536849976,-39.96341824531555
1,1,block_2,2,Provo_ID12,2,1081799,1261614,1,applied_drift,1741871990367,-20.619672536849976,-39.96341824531555
1,1,block_2,2,Provo_ID12,2,1081799,1261614,1,applied_drift,1741871990428,-20.619672536849976,-39.96341824531555
1,1,block_2,2,Provo_ID12,2,1081799,1261614,1,applied_drift,1741871990456,-20.619672536849976,-39.96341824531555
1,1,block_2,2,Provo_ID12,2,1081799,1261614,1,applied_drift,1741871990514,-20.619672536849976,-39.96341824531555
1,1,block_2,2,Provo_ID12,2,1081799,1261614,1,applied_drift,1741871990552,-20.619672536849976,-39.96341824531555
1,1,block_2,2,Provo_ID12,2,1081799,1261614,1,applied_drift,1741871990598,-20.619672536849976,-39.96341824531555
1,1,block_2,2,Provo_ID12,2,1081799,1261614,1,applied_drift,1741871990631,-20.619672536849976,-39.96341824531555
1,1,block_2,2,Provo_ID12,2,1081799,1261614,1,applied_drift,1741871990674,-20.619672536849976,-39.96341824531555
1,1,block_2,2,Provo_ID12,2,1081799,1261614,1,applied_drift,1741871990708,-20.619672536849976,-39.96341824531555
1,1,block_2,2,Provo_ID12,2,1081799,1261614,1,applied_drift,1741871990742,-20.619672536849976,-39.96341824531555
1,1,block_2,2,Provo_ID12,2,1081799,1261614,1,applied_drift,1741871990803,-20.619672536849976,-39.96341824531555
1,1,block_2,2,Provo_ID12,2,1081799,1261614,1,applied_drift,1741871990873,-20.619672536849976,-39.96341824531555
1,1,block_2,2,Provo_ID12,2,1081799,1261614,1,applied_drift,1741871990900,-20.619672536849976,-39.96341824531555
1,1,block_2,2,Provo_ID12,2,1081799,1261614,1,applied_drift,1741871990953,-20.619672536849976,-39.96341824531555
1,1,block_2,2,Provo_ID12,2,1081799,1261614,1,applied_drift,1741871990986,-20.619672536849976,-39.96341824531555
1,1,block_2,2,Provo_ID12,2,1081799,1261614,1,applied_drift,1741871991038,-20.619672536849976,-39.96341824531555
1,1,block_2,2,Provo_ID12,2,1081799,1261614,1,applied_drift,1741871991075,-20.619672536849976,-39.96341824531555
1,1,block_2,2,Provo_ID12,2,1081799,1261614,1,applied_drift,1741871991127,-20.619672536849976,-39.96341824531555
1,1,block_2,2,Provo_ID12,2,1081799,1261614,1,applied_drift,1741871991162,-20.619672536849976,-39.96341824531555
1,1,block_2,2,Provo_ID12,2,1081799,1261614,1,applied_drift,1741871991184,-20.619672536849976,-39.96341824531555
1,1,block_2,2,Provo_ID12,2,1081799,1261614,1,applied_drift,1741871991284,-20.619672536849976,-39.96341824531555
1,1,block_2,2,Provo_ID12,2,1081799,1261614,1,applied_drift,1741871991331,-20.619672536849976,-39.96341824531555
1,1,block_2,2,Provo_ID12,2,1081799,1261614,1,applied_drift,1741871991379,-20.619672536849976,-39.96341824531555
1,1,block_2,2,Provo_ID12,2,1081799,1261614,1,applied_drift,1741871991419,-20.619672536849976,-39.96341824531555
1,1,block_2,2,Provo_ID12,2,1081799,1261614,1,applied_drift,1741871991465,-20.619672536849976,-39.96341824531555
1,1,block_2,2,Provo_ID12,2,1081799,1261614,1,applied_drift,1741871991505,-20.619672536849976,-39.96341824531555
1,1,block_2,2,Provo_ID12,2,1081799,1261614,1,applied_drift,1741871991556,-20.619672536849976,-39.96341824531555
1,1,block_2,2,Provo_ID12,2,1081799,1261614,1,applied_drift,1741871991593,-20.619672536849976,-39.96341824531555
1,1,block_2,2,Provo_ID12,2,1081799,1261614,1,applied_drift,1741871991702,-20.619672536849976,-39.96341824531555
1,1,block_2,2,Provo_ID12,2,1081799,1261614,1,applied_drift,1741871991730,-20.619672536849976,-39.96341824531555
1,1,block_2,2,Provo_ID12,2,1081799,1261614,1,applied_drift,1741871991782,-20.619672536849976,-39.96341824531555
1,1,block_2,2,Provo_ID12,2,1081799,1261614,1,applied_drift,1741871991809,-20.619672536849976,-39.96341824531555
1,1,block_2,2,Provo_ID12,2,1081799,1261614,1,applied_drift,1741871991853,-20.619672536849976,-39.96341824531555
1,1,block_2,2,Provo_ID12,2,1081799,1261614,1,applied_drift,1741871991887,-20.619672536849976,-39.96341824531555
1,1,block_2,2,Provo_ID12,2,1081799,1261614,1,applied_drift,1741871991937,-20.619672536849976,-39.96341824531555
1,1,block_2,2,Provo_ID12,2,1081799,1261614,1,applied_drift,1741871991972,-20.619672536849976,-39.96341824531555
1,1,block_2,2,Provo_ID12,2,1081799,1261614,1,applied_drift,1741871991998,-20.619672536849976,-39.96341824531555
1,1,block_2,2,Provo_ID12,2,1081799,1261614,1,applied_drift,1741871992050,-20.619672536849976,-39.96341824531555
1,1,block_2,2,Provo_ID12,2,1081799,1261614,1,applied_drift,1741871992088,-20.619672536849976,-39.96341824531555
1,1,block_2,2,Provo_ID12,2,1081799,1261614,1,applied_drift,1741871992150,-20.619672536849976,-39.96341824531555
1,1,block_2,2,Provo_ID12,2,1081799,1261614,1,applied_drift,1741871992275,-20.619672536849976,-39.96341824531555
1,1,block_2,2,Provo_ID12,2,1081799,1261614,1,applied_drift,1741871992312,-20.619672536849976,-39.96341824531555
1,1,block_2,2,Provo_ID12,2,1081799,1261614,1,applied_drift,1741871992356,-20.619672536849976,-39.96341824531555
1,1,block_2,2,Provo_ID12,2,1081799,1261614,1,applied_drift,1741871992396,-20.619672536849976,-39.96341824531555
1,1,block_2,2,Provo_ID12,2,1081799,1261614,1,applied_drift,1741871992416,-20.619672536849976,-39.96341824531555
1,1,block_2,2,Provo_ID12,2,1081799,1261614,1,applied_drift,1741871992461,-20.619672536849976,-39.96341824531555
1,1,block_2,2,Provo_ID12,2,1081799,1261614,1,applied_drift,1741871992500,-20.619672536849976,-39.96341824531555
1,1,block_2,2,Provo_ID12,2,1081799,1261614,1,applied_drift,1741871992551,-20.619672536849976,-39.96341824531555
1,1,block_2,2,Provo_ID12,2,1081799,1261614,1,applied_drift,1741871992603,-20.619672536849976,-39.96341824531555
1,1,block_2,2,Provo_ID12,2,1081799,1261614,1,applied_drift,1741871992692,-20.619672536849976,-39.96341824531555
1,1,block_2,2,Provo_ID12,2,1081799,1261614,1,applied_drift,1741871992734,-20.619672536849976,-39.96341824531555
1,1,block_2,2,Provo_ID12,2,1081799,1261614,1,applied_drift,1741871992803,-20.619672536849976,-39.96341824531555
1,1,block_2,2,Provo_ID12,2,1081799,1261614,1,applied_drift,1741871992843,-20.619672536849976,-39.96341824531555
1,1,block_2,2,Provo_ID12,2,1081799,1261614,1,applied_drift,1741871992868,-20.619672536849976,-39.96341824531555
1,1,block_2,2,Provo_ID12,2,1081799,1261614,1,applied_drift,1741871992906,-20.619672536849976,-39.96341824531555
1,1,block_2,2,Provo_ID12,2,1081799,1261614,1,applied_drift,1741871992939,-20.619672536849976,-39.96341824531555
1,1,block_2,2,Provo_ID12,2,1081799,1261614,1,applied_drift,1741871993014,-20.619672536849976,-39.96341824531555
1,1,block_2,2,Provo_ID12,2,1081799,1261614,1,applied_drift,1741871993066,-20.619672536849976,-39.96341824531555
1,1,block_2,2,Provo_ID12,2,1081799,1261614,1,applied_drift,1741871993109,-20.619672536849976,-39.96341824531555
1,1,block_2,2,Provo_ID12,2,1081799,1261614,1,applied_drift,1741871993145,-20.619672536849976,-39.96341824531555
1,1,block_2,2,Provo_ID12,2,1081799,1261614,1,applied_drift,1741871993180,-20.619672536849976,-39.96341824531555
1,1,block_2,2,Provo_ID12,2,1081799,1261614,1,applied_drift,1741871993221,-20.619672536849976,-39.96341824531555
1,1,block_2,2,Provo_ID12,2,1081799,1261614,1,applied_drift,1741871993255,-20.619672536849976,-39.96341824531555
1,1,block_2,2,Provo_ID12,2,1081799,1261614,1,applied_drift,1741871993278,-20.619672536849976,-39.96341824531555
1,1,block_2,2,Provo_ID12,2,1081799,1261614,1,applied_drift,1741871993318,-20.619672536849976,-39.96341824531555
1,1,block_2,2,Provo_ID12,2,1081799,1261614,1,applied_drift,1741871993353,-20.619672536849976,-39.96341824531555
1,1,block_2,2,Provo_ID12,2,1081799,1261614,1,applied_drift,1741871993404,-20.619672536849976,-39.96341824531555
1,1,block_2,2,Provo_ID12,2,1081799,1261614,1,applied_drift,1741871993445,-20.619672536849976,-39.96341824531555
1,1,block_2,2,Provo_ID12,2,1081799,1261614,1,applied_drift,1741871993497,-20.619672536849976,-39.96341824531555
1,1,block_2,2,Provo_ID12,2,1081799,1261614,1,applied_drift,1741871993527,-20.619672536849976,-39.96341824531555
1,1,block_2,2,Provo_ID12,2,1081799,1261614,1,applied_drift,1741871993588,-20.619672536849976,-39.96341824531555
1,1,block_2,2,Provo_ID12,2,1081799,1261614,1,applied_drift,1741871993670,-20.619672536849976,-39.96341824531555
1,1,block_2,2,Provo_ID12,2,1081799,1261614,1,applied_drift,1741871993730,-20.619672536849976,-39.96341824531555
1,1,block_2,2,Provo_ID12,2,1081799,1261614,1,applied_drift,1741871993764,-20.619672536849976,-39.96341824531555
1,1,block_2,2,Provo_ID12,2,1081799,1261614,1,applied_drift,1741871993811,-20.619672536849976,-39.96341824531555
1,1,block_2,2,Provo_ID12,2,1081799,1261614,1,applied_drift,1741871993846,-20.619672536849976,-39.96341824531555
1,1,block_2,2,Provo_ID12,2,1081799,1261614,1,applied_drift,1741871993904,-20.619672536849976,-39.96341824531555
1,1,block_2,2,Provo_ID12,2,1081799,1261614,1,applied_drift,1741871993967,-20.619672536849976,-39.96341824531555
1,1,block_2,2,Provo_ID12,2,1081799,1261614,1,applied_drift,1741871993997,-20.619672536849976,-39.96341824531555
1,1,block_2,2,Provo_ID12,2,1081799,1261614,1,applied_drift,1741871994052,-20.619672536849976,-39.96341824531555
1,1,block_2,2,Provo_ID12,2,1081799,1261614,1,applied_drift,1741871994086,-20.619672536849976,-39.96341824531555
1,1,block_2,2,Provo_ID12,2,1081799,1261614,1,applied_drift,1741871994130,-20.619672536849976,-39.96341824531555
1,1,block_2,2,Provo_ID12,2,1081799,1261614,1,applied_drift,1741871994168,-20.619672536849976,-39.96341824531555
1,1,block_2,2,Provo_ID12,2,1081799,1261614,1,applied_drift,1741871994240,-20.619672536849976,-39.96341824531555
1,1,block_2,2,Provo_ID12,2,1081799,1261614,1,applied_drift,1741871994303,-20.619672536849976,-39.96341824531555
1,1,block_2,2,Provo_ID12,2,1081799,1261614,1,applied_drift,1741871994367,-20.619672536849976,-39.96341824531555
1,1,block_2,2,Provo_ID12,2,1081799,1261614,1,applied_drift,1741871994401,-20.619672536849976,-39.96341824531555
1,1,block_2,2,Provo_ID12,2,1081799,1261614,1,applied_drift,1741871994444,-20.619672536849976,-39.96341824531555
1,1,block_2,2,Provo_ID12,2,1081799,1261614,1,applied_drift,1741871994483,-20.619672536849976,-39.96341824531555
1,1,block_2,2,Provo_ID12,2,1081799,1261614,1,applied_drift,1741871994505,-20.619672536849976,-39.96341824531555
1,1,block_2,2,Provo_ID12,2,1081799,1261614,1,applied_drift,1741871994552,-20.619672536849976,-39.96341824531555
1,1,block_2,2,Provo_ID12,2,1081799,1261614,1,applied_drift,1741871994591,-20.619672536849976,-39.96341824531555
1,1,block_2,2,Provo_ID12,2,1081799,1261614,1,applied_drift,1741871994642,-20.619672536849976,-39.96341824531555
1,1,block_2,2,Provo_ID12,2,1081799,1261614,1,applied_drift,1741871994683,-20.619672536849976,-39.96341824531555
1,1,block_2,2,Provo_ID12,2,1081799,1261614,1,applied_drift,1741871994733,-20.619672536849976,-39.96341824531555
1,1,block_2,2,Provo_ID12,2,1081799,1261614,1,applied_drift,1741871994773,-20.619672536849976,-39.96341824531555
1,1,block_2,2,Provo_ID12,2,1081799,1261614,1,applied_drift,1741871994822,-20.619672536849976,-39.96341824531555
1,1,block_2,2,Provo_ID12,2,1081799,1261614,1,applied_drift,1741871994874,-20.619672536849976,-39.96341824531555
1,1,block_2,2,Provo_ID12,2,1081799,1261614,1,applied_drift,1741871994976,-20.619672536849976,-39.96341824531555
1,1,block_2,2,Provo_ID12,2,1081799,1261614,1,applied_drift,1741871995018,-20.619672536849976,-39.96341824531555
1,1,block_2,2,Provo_ID12,2,1081799,1261614,1,applied_drift,1741871995063,-20.619672536849976,-39.96341824531555
1,1,block_2,2,Provo_ID12,2,1081799,1261614,1,applied_drift,1741871995098,-20.619672536849976,-39.96341824531555
1,1,block_2,2,Provo_ID12,2,1081799,1261614,1,applied_drift,1741871995148,-20.619672536849976,-39.96341824531555
1,1,block_2,2,Provo_ID12,2,1081799,1261614,1,applied_drift,1741871995183,-20.619672536849976,-39.96341824531555
1,1,block_2,2,Provo_ID12,2,1081799,1261614,1,applied_drift,1741871995235,-20.619672536849976,-39.96341824531555
1,1,block_2,2,Provo_ID12,2,1081799,1261614,1,applied_drift,1741871995312,-20.619672536849976,-39.96341824531555
1,1,block_2,2,Provo_ID12,2,1081799,1261614,1,applied_drift,1741871995375,-20.619672536849976,-39.96341824531555
1,1,block_2,2,Provo_ID12,2,1081799,1261614,1,applied_drift,1741871995418,-20.619672536849976,-39.96341824531555
1,1,block_2,2,Provo_ID12,2,1081799,1261614,1,applied_drift,1741871995461,-20.619672536849976,-39.96341824531555
1,1,block_2,2,Provo_ID12,2,1081799,1261614,1,applied_drift,1741871995499,-20.619672536849976,-39.96341824531555
1,1,block_2,2,Provo_ID12,2,1081799,1261614,1,applied_drift,1741871995549,-20.619672536849976,-39.96341824531555
1,1,block_2,2,Provo_ID12,2,1081799,1261614,1,applied_drift,1741871995598,-20.619672536849976,-39.96341824531555
1,1,block_2,2,Provo_ID12,2,1081799,1261614,1,applied_drift,1741871995651,-20.619672536849976,-39.96341824531555
1,1,block_2,2,Provo_ID12,2,1081799,1261614,1,applied_drift,1741871995694,-20.619672536849976,-39.96341824531555
1,1,block_2,2,Provo_ID12,2,1081799,1261614,1,applied_drift,1741871995750,-20.619672536849976,-39.96341824531555
1,1,block_2,2,Provo_ID12,2,1081799,1261614,1,applied_drift,1741871995783,-20.619672536849976,-39.96341824531555
1,1,block_2,2,Provo_ID12,2,1081799,1261614,1,applied_drift,1741871995854,-20.619672536849976,-39.96341824531555
1,1,block_2,2,Provo_ID12,2,1081799,1261614,1,applied_drift,1741871995911,-20.619672536849976,-39.96341824531555
1,1,block_2,2,Provo_ID12,2,1081799,1261614,1,applied_drift,1741871995971,-20.619672536849976,-39.96341824531555
1,1,block_2,2,Provo_ID12,2,1081799,1261614,1,applied_drift,1741871996011,-20.619672536849976,-39.96341824531555
1,1,block_2,2,Provo_ID12,2,1081799,1261614,1,applied_drift,1741871996032,-20.619672536849976,-39.96341824531555
1,1,block_2,2,Provo_ID12,2,1081799,1261614,1,applied_drift,1741871996073,-20.619672536849976,-39.96341824531555
1,1,block_2,2,Provo_ID12,2,1081799,1261614,1,applied_drift,1741871996104,-20.619672536849976,-39.96341824531555
1,1,block_2,2,Provo_ID12,2,1081799,1261614,1,applied_drift,1741871996166,-20.619672536849976,-39.96341824531555
1,1,block_2,2,Provo_ID12,2,1081799,1261614,1,applied_drift,1741871996230,-20.619672536849976,-39.96341824531555
1,1,block_2,2,Provo_ID12,2,1081799,1261614,1,applied_drift,1741871996301,-20.619672536849976,-39.96341824531555
1,1,block_2,2,Provo_ID12,2,1081799,1261614,1,applied_drift,1741871996339,-20.619672536849976,-39.96341824531555
1,1,block_2,2,Provo_ID12,2,1081799,1261614,1,applied_drift,1741871996381,-20.619672536849976,-39.96341824531555
1,1,block_2,2,Provo_ID12,2,1081799,1261614,1,applied_drift,1741871996422,-20.619672536849976,-39.96341824531555
1,1,block_2,2,Provo_ID12,2,1081799,1261614,1,applied_drift,1741871996522,-20.619672536849976,-39.96341824531555
1,1,block_2,2,Provo_ID12,2,1081799,1261614,1,applied_drift,1741871996579,-20.619672536849976,-39.96341824531555
1,1,block_2,2,Provo_ID12,2,1081799,1261614,1,applied_drift,1741871996631,-20.619672536849976,-39.96341824531555
1,1,block_2,2,Provo_ID12,2,1081799,1261614,1,applied_drift,1741871996669,-20.619672536849976,-39.96341824531555
1,1,block_2,2,Provo_ID12,2,1081799,1261614,1,applied_drift,1741871996722,-20.619672536849976,-39.96341824531555
1,1,block_2,2,Provo_ID12,2,1081799,1261614,1,applied_drift,1741871996753,-20.619672536849976,-39.96341824531555
1,1,block_2,2,Provo_ID12,2,1081799,1261614,1,applied_drift,1741871996800,-20.619672536849976,-39.96341824531555
1,1,block_2,2,Provo_ID12,2,1081799,1261614,1,applied_drift,1741871996843,-20.619672536849976,-39.96341824531555
1,1,block_2,2,Provo_ID12,2,1081799,1261614,1,applied_drift,1741871996888,-20.619672536849976,-39.96341824531555
1,1,block_2,2,Provo_ID12,2,1081799,1261614,1,applied_drift,1741871996938,-20.619672536849976,-39.96341824531555
1,1,block_2,2,Provo_ID12,2,1081799,1261614,1,applied_drift,1741871997042,-20.619672536849976,-39.96341824531555
1,1,block_2,2,Provo_ID12,2,1081799,1261614,1,applied_drift,1741871997082,-20.619672536849976,-39.96341824531555
1,1,block_2,2,Provo_ID12,2,1081799,1261614,1,applied_drift,1741871997130,-20.619672536849976,-39.96341824531555
1,1,block_2,2,Provo_ID12,2,1081799,1261614,1,applied_drift,1741871997166,-20.619672536849976,-39.96341824531555
1,1,block_2,2,Provo_ID12,2,1081799,1261614,1,applied_drift,1741871997214,-20.619672536849976,-39.96341824531555
1,1,block_2,2,Provo_ID12,2,1081799,1261614,1,applied_drift,1741871997250,-20.619672536849976,-39.96341824531555
1,1,block_2,2,Provo_ID12,2,1081799,1261614,1,applied_drift,1741871997310,-20.619672536849976,-39.96341824531555
1,1,block_2,2,Provo_ID12,2,1081799,1261614,1,applied_drift,1741871997430,-20.619672536849976,-39.96341824531555
1,1,block_2,2,Provo_ID12,2,1081799,1261614,1,applied_drift,1741871997467,-20.619672536849976,-39.96341824531555
1,1,block_2,2,Provo_ID12,2,1081799,1261614,1,applied_drift,1741871997510,-20.619672536849976,-39.96341824531555
1,1,block_2,2,Provo_ID12,2,1081799,1261614,1,applied_drift,1741871997549,-20.619672536849976,-39.96341824531555
1,1,block_2,2,Provo_ID12,2,1081799,1261614,1,applied_drift,1741871997597,-20.619672536849976,-39.96341824531555
1,1,block_2,2,Provo_ID12,2,1081799,1261614,1,applied_drift,1741871997638,-20.619672536849976,-39.96341824531555
1,1,block_2,2,Provo_ID12,2,1081799,1261614,1,applied_drift,1741871997664,-20.619672536849976,-39.96341824531555
1,1,block_2,2,Provo_ID12,2,1081799,1261614,1,applied_drift,1741871997712,-20.619672536849976,-39.96341824531555
1,1,block_2,2,Provo_ID12,2,1081799,1261614,1,applied_drift,1741871997747,-20.619672536849976,-39.96341824531555
1,1,block_2,2,Provo_ID12,2,1081799,1261614,1,applied_drift,1741871997800,-20.619672536849976,-39.96341824531555
1,1,block_2,2,Provo_ID12,2,1081799,1261614,1,applied_drift,1741871997834,-20.619672536849976,-39.96341824531555
1,1,block_2,2,Provo_ID12,2,1081799,1261614,1,applied_drift,1741871997882,-20.619672536849976,-39.96341824531555
1,1,block_2,2,Provo_ID12,2,1081799,1261614,1,applied_drift,1741871997934,-20.619672536849976,-39.96341824531555
1,1,block_2,2,Provo_ID12,2,1081799,1261614,1,applied_drift,1741871997988,-20.619672536849976,-39.96341824531555
1,1,block_2,2,Provo_ID12,2,1081799,1261614,1,applied_drift,1741871998040,-20.619672536849976,-39.96341824531555
1,1,block_2,2,Provo_ID12,2,1081799,1261614,1,applied_drift,1741871998085,-20.619672536849976,-39.96341824531555
1,1,block_2,2,Provo_ID12,2,1081799,1261614,1,applied_drift,1741871998120,-20.619672536849976,-39.96341824531555
1,1,block_2,2,Provo_ID12,2,1081799,1261614,1,applied_drift,1741871998169,-20.619672536849976,-39.96341824531555
1,1,block_2,2,Provo_ID12,2,1081799,1261614,1,applied_drift,1741871998231,-20.619672536849976,-39.96341824531555
1,1,block_2,2,Provo_ID12,2,1081799,1261614,1,applied_drift,1741871998278,-20.619672536849976,-39.96341824531555
1,1,block_2,2,Provo_ID12,2,1081799,1261614,1,applied_drift,1741871998388,-20.619672536849976,-39.96341824531555
1,1,block_2,2,Provo_ID12,2,1081799,1261614,1,applied_drift,1741871998419,-20.619672536849976,-39.96341824531555
1,1,block_2,2,Provo_ID12,2,1081799,1261614,1,applied_drift,1741871998463,-20.619672536849976,-39.96341824531555
1,1,block_2,2,Provo_ID12,2,1081799,1261614,1,applied_drift,1741871998499,-20.619672536849976,-39.96341824531555
1,1,block_2,2,Provo_ID12,2,1081799,1261614,1,applied_drift,1741871998541,-20.619672536849976,-39.96341824531555
1,1,block_2,2,Provo_ID12,2,1081799,1261614,1,applied_drift,1741871998574,-20.619672536849976,-39.96341824531555
1,1,block_2,2,Provo_ID12,2,1081799,1261614,1,applied_drift,1741871998605,-20.619672536849976,-39.96341824531555
1,1,block_2,2,Provo_ID12,2,1081799,1261614,1,applied_drift,1741871998671,-20.619672536849976,-39.96341824531555
1,1,block_2,2,Provo_ID12,2,1081799,1261614,1,applied_drift,1741871998739,-20.619672536849976,-39.96341824531555
1,1,block_2,2,Provo_ID12,2,1081799,1261614,1,applied_drift,1741871998803,-20.619672536849976,-39.96341824531555
1,1,block_2,2,Provo_ID12,2,1081799,1261614,1,applied_drift,1741871998849,-20.619672536849976,-39.96341824531555
1,1,block_2,2,Provo_ID12,2,1081799,1261614,1,applied_drift,1741871998895,-20.619672536849976,-39.96341824531555
1,1,block_2,2,Provo_ID12,2,1081799,1261614,1,applied_drift,1741871998932,-20.619672536849976,-39.96341824531555
1,1,block_2,2,Provo_ID12,2,1081799,1261614,1,applied_drift,1741871998954,-20.619672536849976,-39.96341824531555
1,1,block_2,2,Provo_ID12,2,1081799,1261614,1,applied_drift,1741871998995,-20.619672536849976,-39.96341824531555
1,1,block_2,2,Provo_ID12,2,1081799,1261614,1,applied_drift,1741871999025,-20.619672536849976,-39.96341824531555
1,1,block_2,2,Provo_ID12,2,1081799,1261614,1,applied_drift,1741871999089,-20.619672536849976,-39.96341824531555
1,1,block_2,2,Provo_ID12,2,1081799,1261614,1,applied_drift,1741871999173,-20.619672536849976,-39.96341824531555
1,1,block_2,2,Provo_ID12,2,1081799,1261614,1,applied_drift,1741871999244,-20.619672536849976,-39.96341824531555
1,1,block_2,2,Provo_ID12,2,1081799,1261614,1,applied_drift,1741871999280,-20.619672536849976,-39.96341824531555
1,1,block_2,2,Provo_ID12,2,1081799,1261614,1,applied_drift,1741871999336,-20.619672536849976,-39.96341824531555
1,1,block_2,2,Provo_ID12,2,1081799,1261614,1,applied_drift,1741871999369,-20.619672536849976,-39.96341824531555
1,1,block_2,2,Provo_ID12,2,1081799,1261614,1,applied_drift,1741871999430,-20.619672536849976,-39.96341824531555
1,1,block_2,2,Provo_ID12,2,1081799,1261614,1,applied_drift,1741871999517,-20.619672536849976,-39.96341824531555
1,1,block_2,2,Provo_ID12,2,1081799,1261614,1,applied_drift,1741871999579,-20.619672536849976,-39.96341824531555
1,1,block_2,2,Provo_ID12,2,1081799,1261614,1,applied_drift,1741871999613,-20.619672536849976,-39.96341824531555
1,1,block_2,2,Provo_ID12,2,1081799,1261614,1,applied_drift,1741871999654,-20.619672536849976,-39.96341824531555
1,1,block_2,2,Provo_ID12,2,1081799,1261614,1,applied_drift,1741871999689,-20.619672536849976,-39.96341824531555
1,1,block_2,2,Provo_ID12,2,1081799,1261614,1,applied_drift,1741871999718,-20.619672536849976,-39.96341824531555
1,1,block_2,2,Provo_ID12,2,1081799,1261614,1,applied_drift,1741871999773,-20.619672536849976,-39.96341824531555
1,1,block_2,2,Provo_ID12,2,1081799,1261614,1,applied_drift,1741871999818,-20.619672536849976,-39.96341824531555
1,1,block_2,2,Provo_ID12,2,1081799,1261614,1,applied_drift,1741871999865,-20.619672536849976,-39.96341824531555
1,1,block_2,2,Provo_ID12,2,1081799,1261614,1,applied_drift,1741871999910,-20.619672536849976,-39.96341824531555
1,1,block_2,2,Provo_ID12,2,1081799,1261614,1,applied_drift,1741871999945,-20.619672536849976,-39.96341824531555
1,1,block_2,2,Provo_ID12,2,1081799,1261614,1,applied_drift,1741872000032,-20.619672536849976,-39.96341824531555
1,1,block_2,2,Provo_ID12,2,1081799,1261614,1,applied_drift,1741872000074,-20.619672536849976,-39.96341824531555
1,1,block_2,2,Provo_ID12,2,1081799,1261614,1,applied_drift,1741872000126,-20.619672536849976,-39.96341824531555
1,1,block_2,2,Provo_ID12,2,1081799,1261614,1,applied_drift,1741872000155,-20.619672536849976,-39.96341824531555
1,1,block_2,2,Provo_ID12,2,1081799,1261614,1,applied_drift,1741872000201,-20.619672536849976,-39.96341824531555
1,1,block_2,2,Provo_ID12,2,1081799,1261614,1,applied_drift,1741872000241,-20.619672536849976,-39.96341824531555
1,1,block_2,2,Provo_ID12,2,1081799,1261614,1,applied_drift,1741872000290,-20.619672536849976,-39.96341824531555
1,1,block_2,2,Provo_ID12,2,1081799,1261614,1,applied_drift,1741872000326,-20.619672536849976,-39.96341824531555
1,1,block_2,2,Provo_ID12,2,1081799,1261614,1,applied_drift,1741872000353,-20.619672536849976,-39.96341824531555
1,1,block_2,2,Provo_ID12,2,1081799,1261614,1,applied_drift,1741872000412,-20.619672536849976,-39.96341824531555
1,1,block_2,2,Provo_ID12,2,1081799,1261614,1,applied_drift,1741872000519,-20.619672536849976,-39.96341824531555
1,1,block_2,2,Provo_ID12,2,1081799,1261614,1,applied_drift,1741872000554,-20.619672536849976,-39.96341824531555
1,1,block_2,2,Provo_ID12,2,1081799,1261614,1,applied_drift,1741872000590,-20.619672536849976,-39.96341824531555
1,1,block_2,2,Provo_ID12,2,1081799,1261614,1,applied_drift,1741872000612,-20.619672536849976,-39.96341824531555
1,1,block_2,2,Provo_ID12,2,1081799,1261614,1,applied_drift,1741872000658,-20.619672536849976,-39.96341824531555
1,1,block_2,2,Provo_ID12,2,1081799,1261614,1,applied_drift,1741872000692,-20.619672536849976,-39.96341824531555
1,1,block_2,2,Provo_ID12,2,1081799,1261614,1,applied_drift,1741872000745,-20.619672536849976,-39.96341824531555
1,1,block_2,2,Provo_ID12,2,1081799,1261614,1,applied_drift,1741872000782,-20.619672536849976,-39.96341824531555
1,1,block_2,2,Provo_ID12,2,1081799,1261614,1,applied_drift,1741872000836,-20.619672536849976,-39.96341824531555
1,1,block_2,2,Provo_ID12,2,1081799,1261614,1,applied_drift,1741872000865,-20.619672536849976,-39.96341824531555
1,1,block_2,2,Provo_ID12,2,1081799,1261614,1,applied_drift,1741872000915,-20.619672536849976,-39.96341824531555
1,1,block_2,2,Provo_ID12,2,1081799,1261614,1,applied_drift,1741872000955,-20.619672536849976,-39.96341824531555
1,1,block_2,2,Provo_ID12,2,1081799,1261614,1,applied_drift,1741872000976,-20.619672536849976,-39.96341824531555
1,1,block_2,2,Provo_ID12,2,1081799,1261614,1,applied_drift,1741872001023,-20.619672536849976,-39.96341824531555
1,1,block_2,2,Provo_ID12,2,1081799,1261614,1,applied_drift,1741872001060,-20.619672536849976,-39.96341824531555
1,1,block_2,2,Provo_ID12,2,1081799,1261614,1,applied_drift,1741872001113,-20.619672536849976,-39.96341824531555
1,1,block_2,2,Provo_ID12,2,1081799,1261614,1,applied_drift,1741872001224,-20.619672536849976,-39.96341824531555
1,1,block_2,2,Provo_ID12,2,1081799,1261614,1,applied_drift,1741872001262,-20.619672536849976,-39.96341824531555
1,1,block_2,2,Provo_ID12,2,1081799,1261614,1,applied_drift,1741872001298,-20.619672536849976,-39.96341824531555
1,1,block_2,2,Provo_ID12,2,1081799,1261614,1,applied_drift,1741872001342,-20.619672536849976,-39.96341824531555
1,1,block_2,2,Provo_ID12,2,1081799,1261614,1,applied_drift,1741872001382,-20.619672536849976,-39.96341824531555
1,1,block_2,2,Provo_ID12,2,1081799,1261614,1,applied_drift,1741872001460,-20.619672536849976,-39.96341824531555
1,1,block_2,2,Provo_ID12,2,1081799,1261614,1,applied_drift,1741872001523,-20.619672536849976,-39.96341824531555
1,1,block_2,2,Provo_ID12,2,1081799,1261614,1,applied_drift,1741872001610,-20.619672536849976,-39.96341824531555
1,1,block_2,2,Provo_ID12,2,1081799,1261614,1,applied_drift,1741872001679,-20.619672536849976,-39.96341824531555
1,1,block_2,2,Provo_ID12,2,1081799,1261614,1,applied_drift,1741872001731,-20.619672536849976,-39.96341824531555
1,1,block_2,2,Provo_ID12,2,1081799,1261614,1,applied_drift,1741872001770,-20.619672536849976,-39.96341824531555
1,1,block_2,2,Provo_ID12,2,1081799,1261614,1,applied_drift,1741872001815,-20.619672536849976,-39.96341824531555
1,1,block_2,2,Provo_ID12,2,1081799,1261614,1,applied_drift,1741872001857,-20.619672536849976,-39.96341824531555
1,1,block_2,2,Provo_ID12,2,1081799,1261614,1,applied_drift,1741872001883,-20.619672536849976,-39.96341824531555
1,1,block_2,2,Provo_ID12,2,1081799,1261614,1,applied_drift,1741872001933,-20.619672536849976,-39.96341824531555
1,1,block_2,2,Provo_ID12,2,1081799,1261614,1,applied_drift,1741872002043,-20.619672536849976,-39.96341824531555
1,1,block_2,2,Provo_ID12,2,1081799,1261614,1,applied_drift,1741872002087,-20.619672536849976,-39.96341824531555
1,1,block_2,2,Provo_ID12,2,1081799,1261614,1,applied_drift,1741872002113,-20.619672536849976,-39.96341824531555
1,1,block_2,2,Provo_ID12,2,1081799,1261614,1,applied_drift,1741872002156,-20.619672536849976,-39.96341824531555
1,1,block_2,2,Provo_ID12,2,1081799,1261614,1,applied_drift,1741872002180,-20.619672536849976,-39.96341824531555
1,1,block_2,2,Provo_ID12,2,1081799,1261614,1,applied_drift,1741872002234,-20.619672536849976,-39.96341824531555
1,1,block_2,2,Provo_ID12,2,1081799,1261614,1,applied_drift,1741872002274,-20.619672536849976,-39.96341824531555
1,1,block_2,2,Provo_ID12,2,1081799,1261614,1,applied_drift,1741872002323,-20.619672536849976,-39.96341824531555
1,1,block_2,2,Provo_ID12,2,1081799,1261614,1,applied_drift,1741872002357,-20.619672536849976,-39.96341824531555
1,1,block_2,2,Provo_ID12,2,1081799,1261614,1,applied_drift,1741872002401,-20.619672536849976,-39.96341824531555
1,1,block_2,2,Provo_ID12,2,1081799,1261614,1,applied_drift,1741872002441,-20.619672536849976,-39.96341824531555
1,1,block_2,2,Provo_ID12,2,1081799,1261614,1,applied_drift,1741872002461,-20.619672536849976,-39.96341824531555
1,1,block_2,2,Provo_ID12,2,1081799,1261614,1,applied_drift,1741872002508,-20.619672536849976,-39.96341824531555
1,1,block_2,2,Provo_ID12,2,1081799,1261614,1,applied_drift,1741872002545,-20.619672536849976,-39.96341824531555
1,1,block_2,2,Provo_ID12,2,1081799,1261614,1,applied_drift,1741872002591,-20.619672536849976,-39.96341824531555
1,1,block_2,2,Provo_ID12,2,1081799,1261614,1,applied_drift,1741872002675,-20.619672536849976,-39.96341824531555
1,1,block_2,2,Provo_ID12,2,1081799,1261614,1,applied_drift,1741872002707,-20.619672536849976,-39.96341824531555
1,1,block_2,2,Provo_ID12,2,1081799,1261614,1,applied_drift,1741872002755,-20.619672536849976,-39.96341824531555
1,1,block_2,2,Provo_ID12,2,1081799,1261614,1,applied_drift,1741872002790,-20.619672536849976,-39.96341824531555
1,1,block_2,2,Provo_ID12,2,1081799,1261614,1,applied_drift,1741872002840,-20.619672536849976,-39.96341824531555
1,1,block_2,2,Provo_ID12,2,1081799,1261614,1,applied_drift,1741872002886,-20.619672536849976,-39.96341824531555
1,1,block_2,2,Provo_ID12,2,1081799,1261614,1,applied_drift,1741872002908,-20.619672536849976,-39.96341824531555
1,1,block_2,2,Provo_ID12,2,1081799,1261614,1,applied_drift,1741872002951,-20.619672536849976,-39.96341824531555
1,1,block_2,2,Provo_ID12,2,1081799,1261614,1,applied_drift,1741872002985,-20.619672536849976,-39.96341824531555
1,1,block_2,2,Provo_ID12,2,1081799,1261614,1,applied_drift,1741872003036,-20.619672536849976,-39.96341824531555
1,1,block_2,2,Provo_ID12,2,1081799,1261614,1,applied_drift,1741872003069,-20.619672536849976,-39.96341824531555
1,1,block_2,2,Provo_ID12,2,1081799,1261614,1,applied_drift,1741872003119,-20.619672536849976,-39.96341824531555
1,1,block_2,2,Provo_ID12,2,1081799,1261614,1,applied_drift,1741872003157,-20.619672536849976,-39.96341824531555
1,1,block_2,2,Provo_ID12,2,1081799,1261614,1,applied_drift,1741872003214,-20.619672536849976,-39.96341824531555
1,1,block_2,2,Provo_ID12,2,1081799,1261614,1,applied_drift,1741872003290,-20.619672536849976,-39.96341824531555
1,1,block_2,2,Provo_ID12,2,1081799,1261614,1,applied_drift,1741872003346,-20.619672536849976,-39.96341824531555
1,1,block_2,2,Provo_ID12,2,1081799,1261614,1,applied_drift,1741872003389,-20.619672536849976,-39.96341824531555
1,1,block_2,2,Provo_ID12,2,1081799,1261614,1,applied_drift,1741872003435,-20.619672536849976,-39.96341824531555
1,1,block_2,2,Provo_ID12,2,1081799,1261614,1,applied_drift,1741872003478,-20.619672536849976,-39.96341824531555
1,1,block_2,2,Provo_ID12,2,1081799,1261614,1,applied_drift,1741872003525,-20.619672536849976,-39.96341824531555
1,1,block_2,2,Provo_ID12,2,1081799,1261614,1,applied_drift,1741872003569,-20.619672536849976,-39.96341824531555
1,1,block_2,2,Provo_ID12,2,1081799,1261614,1,applied_drift,1741872003626,-20.619672536849976,-39.96341824531555
1,1,block_2,2,Provo_ID12,2,1081799,1261614,1,applied_drift,1741872003706,-20.619672536849976,-39.96341824531555
1,1,block_2,2,Provo_ID12,2,1081799,1261614,1,applied_drift,1741872003769,-20.619672536849976,-39.96341824531555
1,1,block_2,2,Provo_ID12,2,1081799,1261614,1,applied_drift,1741872003807,-20.619672536849976,-39.96341824531555
1,1,block_2,2,Provo_ID12,2,1081799,1261614,1,applied_drift,1741872003853,-20.619672536849976,-39.96341824531555
1,1,block_2,2,Provo_ID12,2,1081799,1261614,1,applied_drift,1741872003894,-20.619672536849976,-39.96341824531555
1,1,block_2,2,Provo_ID12,2,1081799,1261614,1,applied_drift,1741872003918,-20.619672536849976,-39.96341824531555
1,1,block_2,2,Provo_ID12,2,1081799,1261614,1,applied_drift,1741872003960,-20.619672536849976,-39.96341824531555
1,1,block_2,2,Provo_ID12,2,1081799,1261614,1,applied_drift,1741872004001,-20.619672536849976,-39.96341824531555
1,1,block_2,2,Provo_ID12,2,1081799,1261614,1,applied_drift,1741872004099,-20.619672536849976,-39.96341824531555
1,1,block_2,2,Provo_ID12,2,1081799,1261614,1,applied_drift,1741872004159,-20.619672536849976,-39.96341824531555
1,1,block_2,2,Provo_ID12,2,1081799,1261614,1,applied_drift,1741872004212,-20.619672536849976,-39.96341824531555
1,1,block_2,2,Provo_ID12,2,1081799,1261614,1,applied_drift,1741872004254,-20.619672536849976,-39.96341824531555
1,1,block_2,2,Provo_ID12,2,1081799,1261614,1,applied_drift,1741872004302,-20.619672536849976,-39.96341824531555
1,1,block_2,2,Provo_ID12,2,1081799,1261614,1,applied_drift,1741872004340,-20.619672536849976,-39.96341824531555
1,1,block_2,2,Provo_ID12,2,1081799,1261614,1,applied_drift,1741872004387,-20.619672536849976,-39.96341824531555
1,1,block_2,2,Provo_ID12,2,1081799,1261614,1,applied_drift,1741872004430,-20.619672536849976,-39.96341824531555
1,1,block_2,2,Provo_ID12,2,1081799,1261614,1,applied_drift,1741872004460,-20.619672536849976,-39.96341824531555
1,1,block_2,2,Provo_ID12,2,1081799,1261614,1,applied_drift,1741872004515,-20.619672536849976,-39.96341824531555
1,1,block_2,2,Provo_ID12,2,1081799,1261614,1,applied_drift,1741872004634,-20.619672536849976,-39.96341824531555
1,1,block_2,2,Provo_ID12,2,1081799,1261614,1,applied_drift,1741872004675,-20.619672536849976,-39.96341824531555
1,1,block_2,2,Provo_ID12,2,1081799,1261614,1,applied_drift,1741872004723,-20.619672536849976,-39.96341824531555
1,1,block_2,2,Provo_ID12,2,1081799,1261614,1,applied_drift,1741872004754,-20.619672536849976,-39.96341824531555
1,1,block_2,2,Provo_ID12,2,1081799,1261614,1,applied_drift,1741872004803,-20.619672536849976,-39.96341824531555
1,1,block_2,2,Provo_ID12,2,1081799,1261614,1,applied_drift,1741872004842,-20.619672536849976,-39.96341824531555
1,1,block_2,2,Provo_ID12,2,1081799,1261614,1,applied_drift,1741872004894,-20.619672536849976,-39.96341824531555
1,1,block_2,2,Provo_ID12,2,1081799,1261614,1,applied_drift,1741872004934,-20.619672536849976,-39.96341824531555
1,1,block_2,2,Provo_ID12,2,1081799,1261614,1,applied_drift,1741872004985,-20.619672536849976,-39.96341824531555
1,1,block_2,2,Provo_ID12,2,1081799,1261614,1,applied_drift,1741872005014,-20.619672536849976,-39.96341824531555
1,1,block_2,2,Provo_ID12,2,1081799,1261614,1,applied_drift,1741872005056,-20.619672536849976,-39.96341824531555
1,1,block_2,2,Provo_ID12,2,1081799,1261614,1,applied_drift,1741872005101,-20.619672536849976,-39.96341824531555
1,1,block_2,2,Provo_ID12,2,1081799,1261614,1,applied_drift,1741872005156,-20.619672536849976,-39.96341824531555
1,1,block_2,2,Provo_ID12,2,1081799,1261614,1,applied_drift,1741872005217,-20.619672536849976,-39.96341824531555
1,1,block_2,2,Provo_ID12,2,1081799,1261614,1,applied_drift,1741872005256,-20.619672536849976,-39.96341824531555
1,1,block_2,2,Provo_ID12,2,1081799,1261614,1,applied_drift,1741872005310,-20.619672536849976,-39.96341824531555
1,1,block_2,2,Provo_ID12,2,1081799,1261614,1,applied_drift,1741872005342,-20.619672536849976,-39.96341824531555
1,1,block_2,2,Provo_ID12,2,1081799,1261614,1,applied_drift,1741872005390,-20.619672536849976,-39.96341824531555
1,1,block_2,2,Provo_ID12,2,1081799,1261614,1,applied_drift,1741872005419,-20.619672536849976,-39.96341824531555
1,1,block_2,2,Provo_ID12,2,1081799,1261614,1,applied_drift,1741872005440,-20.619672536849976,-39.96341824531555
1,1,block_2,2,Provo_ID12,2,1081799,1261614,1,applied_drift,1741872005484,-20.619672536849976,-39.96341824531555
1,1,block_2,2,Provo_ID12,2,1081799,1261614,1,applied_drift,1741872005516,-20.619672536849976,-39.96341824531555
1,1,block_2,2,Provo_ID12,2,1081799,1261614,1,applied_drift,1741872005580,-20.619672536849976,-39.96341824531555
1,1,block_2,2,Provo_ID12,2,1081799,1261614,1,applied_drift,1741872005693,-20.619672536849976,-39.96341824531555
1,1,block_2,2,Provo_ID12,2,1081799,1261614,1,applied_drift,1741872005736,-20.619672536849976,-39.96341824531555
1,1,block_2,2,Provo_ID12,2,1081799,1261614,1,applied_drift,1741872005782,-20.619672536849976,-39.96341824531555
1,1,block_2,2,Provo_ID12,2,1081799,1261614,1,applied_drift,1741872005816,-20.619672536849976,-39.96341824531555
1,1,block_2,2,Provo_ID12,2,1081799,1261614,1,applied_drift,1741872005865,-20.619672536849976,-39.96341824531555
1,1,block_2,2,Provo_ID12,2,1081799,1261614,1,applied_drift,1741872005911,-20.619672536849976,-39.96341824531555
1,1,block_2,2,Provo_ID12,2,1081799,1261614,1,applied_drift,1741872005971,-20.619672536849976,-39.96341824531555
1,1,block_2,2,Provo_ID12,2,1081799,1261614,1,applied_drift,1741872006025,-20.619672536849976,-39.96341824531555
1,1,block_2,2,Provo_ID12,2,1081799,1261614,1,applied_drift,1741872006051,-20.619672536849976,-39.96341824531555
1,1,block_2,2,Provo_ID12,2,1081799,1261614,1,applied_drift,1741872006134,-20.619672536849976,-39.96341824531555
1,1,block_2,2,Provo_ID12,2,1081799,1261614,1,applied_drift,1741872006192,-20.619672536849976,-39.96341824531555
1,1,block_2,2,Provo_ID12,2,1081799,1261614,1,applied_drift,1741872006252,-20.619672536849976,-39.96341824531555
1,1,block_2,2,Provo_ID12,2,1081799,1261614,1,applied_drift,1741872006278,-20.619672536849976,-39.96341824531555
1,1,block_2,2,Provo_ID12,2,1081799,1261614,1,applied_drift,1741872006328,-20.619672536849976,-39.96341824531555
1,1,block_2,2,Provo_ID12,2,1081799,1261614,1,applied_drift,1741872006362,-20.619672536849976,-39.96341824531555
1,1,block_2,2,Provo_ID12,2,1081799,1261614,1,applied_drift,1741872006419,-20.619672536849976,-39.96341824531555
1,1,block_2,2,Provo_ID12,2,1081799,1261614,1,applied_drift,1741872006481,-20.619672536849976,-39.96341824531555
1,1,block_2,2,Provo_ID12,2,1081799,1261614,1,applied_drift,1741872006510,-20.619672536849976,-39.96341824531555
1,1,block_2,2,Provo_ID12,2,1081799,1261614,1,applied_drift,1741872006565,-20.619672536849976,-39.96341824531555
1,1,block_2,2,Provo_ID12,2,1081799,1261614,1,applied_drift,1741872006603,-20.619672536849976,-39.96341824531555
1,1,block_2,2,Provo_ID12,2,1081799,1261614,1,applied_drift,1741872006647,-20.619672536849976,-39.96341824531555
1,1,block_2,2,Provo_ID12,2,1081799,1261614,1,applied_drift,1741872006685,-20.619672536849976,-39.96341824531555
1,1,block_2,2,Provo_ID12,2,1081799,1261614,1,applied_drift,1741872006729,-20.619672536849976,-39.96341824531555
1,1,block_2,2,Provo_ID12,2,1081799,1261614,1,applied_drift,1741872006773,-20.619672536849976,-39.96341824531555
1,1,block_2,2,Provo_ID12,2,1081799,1261614,1,applied_drift,1741872006823,-20.619672536849976,-39.96341824531555
1,1,block_2,2,Provo_ID12,2,1081799,1261614,1,applied_drift,1741872006858,-20.619672536849976,-39.96341824531555
1,1,block_2,2,Provo_ID12,2,1081799,1261614,1,applied_drift,1741872006880,-20.619672536849976,-39.96341824531555
1,1,block_2,2,Provo_ID12,2,1081799,1261614,1,applied_drift,1741872006927,-20.619672536849976,-39.96341824531555
1,1,block_2,2,Provo_ID12,2,1081799,1261614,1,applied_drift,1741872006962,-20.619672536849976,-39.96341824531555
1,1,block_2,2,Provo_ID12,2,1081799,1261614,1,applied_drift,1741872007016,-20.619672536849976,-39.96341824531555
1,1,block_2,2,Provo_ID12,2,1081799,1261614,1,applied_drift,1741872007049,-20.619672536849976,-39.96341824531555
1,1,block_2,2,Provo_ID12,2,1081799,1261614,1,applied_drift,1741872007095,-20.619672536849976,-39.96341824531555
1,1,block_2,2,Provo_ID12,2,1081799,1261614,1,applied_drift,1741872007128,-20.619672536849976,-39.96341824531555
1,1,block_2,2,Provo_ID12,2,1081799,1261614,1,applied_drift,1741872007149,-20.619672536849976,-39.96341824531555
1,1,block_2,2,Provo_ID12,2,1081799,1261614,1,applied_drift,1741872007192,-20.619672536849976,-39.96341824531555
1,1,block_2,2,Provo_ID12,2,1081799,1261614,1,applied_drift,1741872007225,-20.619672536849976,-39.96341824531555
1,1,block_2,2,Provo_ID12,2,1081799,1261614,1,applied_drift,1741872007277,-20.619672536849976,-39.96341824531555
1,1,block_2,2,Provo_ID12,2,1081799,1261614,1,applied_drift,1741872007322,-20.619672536849976,-39.96341824531555
1,1,block_2,2,Provo_ID12,2,1081799,1261614,1,applied_drift,1741872007366,-20.619672536849976,-39.96341824531555
1,1,block_2,2,Provo_ID12,2,1081799,1261614,1,applied_drift,1741872007408,-20.619672536849976,-39.96341824531555
1,1,block_2,2,Provo_ID12,2,1081799,1261614,1,applied_drift,1741872007460,-20.619672536849976,-39.96341824531555
1,1,block_2,2,Provo_ID12,2,1081799,1261614,1,applied_drift,1741872007508,-20.619672536849976,-39.96341824531555
1,1,block_2,2,Provo_ID12,2,1081799,1261614,1,applied_drift,1741872007561,-20.619672536849976,-39.96341824531555
1,1,block_2,2,Provo_ID12,2,1081799,1261614,1,applied_drift,1741872007606,-20.619672536849976,-39.96341824531555
1,1,block_2,2,Provo_ID12,2,1081799,1261614,1,applied_drift,1741872007653,-20.619672536849976,-39.96341824531555
1,1,block_2,2,Provo_ID12,2,1081799,1261614,1,applied_drift,1741872007691,-20.619672536849976,-39.96341824531555
1,1,block_2,2,Provo_ID12,2,1081799,1261614,1,applied_drift,1741872007712,-20.619672536849976,-39.96341824531555
1,1,block_2,2,Provo_ID12,2,1081799,1261614,1,applied_drift,1741872007764,-20.619672536849976,-39.96341824531555
1,1,block_2,2,Provo_ID12,2,1081799,1261614,1,applied_drift,1741872007804,-20.619672536849976,-39.96341824531555
1,1,block_2,2,Provo_ID12,2,1081799,1261614,1,applied_drift,1741872007858,-20.619672536849976,-39.96341824531555
1,1,block_2,2,Provo_ID12,2,1081799,1261614,1,applied_drift,1741872007932,-20.619672536849976,-39.96341824531555
1,1,block_2,2,Provo_ID12,2,1081799,1261614,1,applied_drift,1741872007961,-20.619672536849976,-39.96341824531555
1,1,block_2,2,Provo_ID12,2,1081799,1261614,1,applied_drift,1741872008020,-20.619672536849976,-39.96341824531555
1,1,block_2,2,Provo_ID12,2,1081799,1261614,1,applied_drift,1741872008055,-20.619672536849976,-39.96341824531555
1,1,block_2,2,Provo_ID12,2,1081799,1261614,1,applied_drift,1741872008100,-20.619672536849976,-39.96341824531555
1,1,block_2,2,Provo_ID12,2,1081799,1261614,1,applied_drift,1741872008138,-20.619672536849976,-39.96341824531555
1,1,block_2,2,Provo_ID12,2,1081799,1261614,1,applied_drift,1741872008167,-20.619672536849976,-39.96341824531555
1,1,block_2,2,Provo_ID12,2,1081799,1261614,1,applied_drift,1741872008242,-20.619672536849976,-39.96341824531555
1,1,block_2,2,Provo_ID12,2,1081799,1261614,1,applied_drift,1741872008402,-20.619672536849976,-39.96341824531555
1,1,block_2,2,Provo_ID12,2,1081799,1261614,1,applied_drift,1741872008443,-20.619672536849976,-39.96341824531555
1,1,block_2,2,Provo_ID12,2,1081799,1261614,1,applied_drift,1741872008504,-20.619672536849976,-39.96341824531555
1,1,block_2,2,Provo_ID12,2,1081799,1261614,1,applied_drift,1741872008553,-20.619672536849976,-39.96341824531555
1,1,block_2,2,Provo_ID12,2,1081799,1261614,1,applied_drift,1741872008574,-20.619672536849976,-39.96341824531555
1,1,block_2,2,Provo_ID12,2,1081799,1261614,1,error_trial,1741871954342,""
1,1,block_2,2,Provo_ID12,2,1081799,1261614,1,error_trial,1741871979468,37.037061055501304
1,1,block_2,2,Provo_ID12,2,1081799,1261614,1,error_trial_x,1741871954342,""
1,1,block_2,2,Provo_ID12,2,1081799,1261614,1,error_trial_x,1741871979468,32.333738538953995
1,1,block_2,2,Provo_ID12,2,1081799,1261614,1,error_trial_y,1741871954342,""
1,1,block_2,2,Provo_ID12,2,1081799,1261614,1,error_trial_y,1741871979468,15.84443728129069
1,1,block_2,2,Provo_ID12,2,1081799,1261614,1,error_calibration,1741871954342,""
1,1,block_2,2,Provo_ID12,2,1081799,1261614,1,error_calibration,1741871979468,25.465291341145832
1,1,block_2,2,Provo_ID12,2,1081799,1261614,1,error_calibration_x,1741871954342,""
1,1,block_2,2,Provo_ID12,2,1081799,1261614,1,error_calibration_x,1741871979468,18.51829104953342
1,1,block_2,2,Provo_ID12,2,1081799,1261614,1,error_calibration_y,1741871954342,""
1,1,block_2,2,Provo_ID12,2,1081799,1261614,1,error_calibration_y,1741871979468,15.158179601033527
1,1,block_2,2,Provo_ID12,2,1081799,1261614,1,gaze_conf,"",
1,1,block_2,2,Provo_ID3,3,1081799,1261614,1,gaze_data,1741872012966,
1,1,block_2,2,Provo_ID3,3,1081799,1261614,1,gaze_data,1741872037835,657.4084758758545,382.4460417032242,1741872037666.2002,0.9517629093387097
1,1,block_2,2,Provo_ID3,3,1081799,1261614,1,gaze_data,1741872037875,536.3440155982971,299.2426738142967,1741872037760.8,0.9517629093387097
1,1,block_2,2,Provo_ID3,3,1081799,1261614,1,gaze_data,1741872037896,521.9562888145447,304.3434754014015,1741872037794.3,0.9517629093387097
1,1,block_2,2,Provo_ID3,3,1081799,1261614,1,gaze_data,1741872037937,532.6996803283691,316.6458070278168,1741872037827.8,0.981779664151496
1,1,block_2,2,Provo_ID3,3,1081799,1261614,1,gaze_data,1741872037967,526.4965176582336,326.6782224178314,1741872037860.9001,0.981779664151496
1,1,block_2,2,Provo_ID3,3,1081799,1261614,1,gaze_data,1741872038020,501.0624647140503,327.6805490255356,1741872037893.8,1
1,1,block_2,2,Provo_ID3,3,1081799,1261614,1,gaze_data,1741872038052,492.6005423069,332.8105568885803,1741872037927.7002,1
1,1,block_2,2,Provo_ID3,3,1081799,1261614,1,gaze_data,1741872038113,489.63703513145447,320.7123786211014,1741872037960.5,1
1,1,block_2,2,Provo_ID3,3,1081799,1261614,1,gaze_data,1741872038197,291.61473512649536,199.74554181098938,1741872037994.9001,1
1,1,block_2,2,Provo_ID3,3,1081799,1261614,1,gaze_data,1741872038269,163.5608434677124,128.17241847515106,1741872038101.7002,1
1,1,block_2,2,Provo_ID3,3,1081799,1261614,1,gaze_data,1741872038304,135.43119430541992,79.69870269298553,1741872038194.4001,1
1,1,block_2,2,Provo_ID3,3,1081799,1261614,1,gaze_data,1741872038367,122.78988361358643,96.83913588523865,1741872038227.1,1
1,1,block_2,2,Provo_ID3,3,1081799,1261614,1,gaze_data,1741872038408,127.04873085021973,102.09459662437439,1741872038260.5,1
1,1,block_2,2,Provo_ID3,3,1081799,1261614,1,gaze_data,1741872038464,104.57921028137207,101.89119577407837,1741872038329.2002,1
1,1,block_2,2,Provo_ID3,3,1081799,1261614,1,gaze_data,1741872038509,79.43470478057861,109.69162583351135,1741872038361.2002,1
1,1,block_2,2,Provo_ID3,3,1081799,1261614,1,gaze_data,1741872038536,75.71461200714111,108.96747410297394,1741872038427.4001,1
1,1,block_2,2,Provo_ID3,3,1081799,1261614,1,gaze_data,1741872038590,87.12151050567627,110.16055047512054,1741872038461.5,1
1,1,block_2,2,Provo_ID3,3,1081799,1261614,1,gaze_data,1741872038658,85.99028587341309,101.30125880241394,1741872038552.5,1
1,1,block_2,2,Provo_ID3,3,1081799,1261614,1,gaze_data,1741872038721,140.77868461608887,113.48865032196045,1741872038561.2002,1
1,1,block_2,2,Provo_ID3,3,1081799,1261614,1,gaze_data,1741872038759,147.72346019744873,121.99695259332657,1741872038627.5,1
1,1,block_2,2,Provo_ID3,3,1081799,1261614,1,gaze_data,1741872038809,147.26934432983398,114.0119343996048,1741872038660.6,1
1,1,block_2,2,Provo_ID3,3,1081799,1261614,1,gaze_data,1741872038842,145.22008895874023,112.44354248046875,1741872038727.1,1
1,1,block_2,2,Provo_ID3,3,1081799,1261614,1,gaze_data,1741872038893,156.8272352218628,118.10584962368011,1741872038760.2002,1
1,1,block_2,2,Provo_ID3,3,1081799,1261614,1,gaze_data,1741872038937,217.87184476852417,102.36514210700989,1741872038794.3,1
1,1,block_2,2,Provo_ID3,3,1081799,1261614,1,gaze_data,1741872038986,282.964563369751,103.54395806789398,1741872038860.4001,1
1,1,block_2,2,Provo_ID3,3,1081799,1261614,1,gaze_data,1741872039028,298.1670022010803,103.44553589820862,1741872038893.6,1
1,1,block_2,2,Provo_ID3,3,1081799,1261614,1,gaze_data,1741872039082,293.19523572921753,111.57993078231812,1741872038927.7002,1
1,1,block_2,2,Provo_ID3,3,1081799,1261614,1,gaze_data,1741872039118,365.35356640815735,218.81232634186745,1741872038994.3,1
1,1,block_2,2,Provo_ID3,3,1081799,1261614,1,gaze_data,1741872039193,365.89845418930054,215.44959992170334,1741872039027,1
1,1,block_2,2,Provo_ID3,3,1081799,1261614,1,gaze_data,1741872039245,393.10255125164986,215.31445942819118,1741872039108.8,1
1,1,block_2,2,Provo_ID3,3,1081799,1261614,1,gaze_data,1741872039270,400.05431544268504,248.43514934182167,1741872039160.4001,1
1,1,block_2,2,Provo_ID3,3,1081799,1261614,1,gaze_data,1741872039315,342.21397638320923,196.03381529450417,1741872039193.8,0
1,1,block_2,2,Provo_ID3,3,1081799,1261614,1,gaze_data,1741872039344,351.68483555316925,172.66271859407425,1741872039226.4001,0
1,1,block_2,2,Provo_ID3,3,1081799,1261614,1,gaze_data,1741872039393,342.0308589935303,224.17358718812466,1741872039260.4001,0.34378812797057784
1,1,block_2,2,Provo_ID3,3,1081799,1261614,1,gaze_data,1741872039432,218.26080083847046,273.51870611310005,1741872039294,0.34378812797057784
1,1,block_2,2,Provo_ID3,3,1081799,1261614,1,gaze_data,1741872039492,202.0756483078003,249.72287602722645,1741872039326.9001,0.8341844494641781
1,1,block_2,2,Provo_ID3,3,1081799,1261614,1,gaze_data,1741872039553,202.0756483078003,249.72287602722645,1741872039360.2002,0.8341844494641781
1,1,block_2,2,Provo_ID3,3,1081799,1261614,1,gaze_data,1741872039585,190.2360439300537,256.9262966513634,1741872039468.1,0.8341844494641781
1,1,block_2,2,Provo_ID3,3,1081799,1261614,1,gaze_data,1741872039646,202.07254886627197,223.77801351249218,1741872039495.3,1
1,1,block_2,2,Provo_ID3,3,1081799,1261614,1,gaze_data,1741872039677,216.96149110794067,216.46488681435585,1741872039560,1
1,1,block_2,2,Provo_ID3,3,1081799,1261614,1,gaze_data,1741872039721,311.0628366470337,209.3435175716877,1741872039593.4001,1
1,1,block_2,2,Provo_ID3,3,1081799,1261614,1,gaze_data,1741872039759,323.61559867858887,226.1182138696313,1741872039627,1
1,1,block_2,2,Provo_ID3,3,1081799,1261614,1,gaze_data,1741872039785,321.19247913360596,209.7940355539322,1741872039660.8,1
1,1,block_2,2,Provo_ID3,3,1081799,1261614,1,gaze_data,1741872039821,304.7284781932831,217.8574450314045,1741872039693.1,1
1,1,block_2,2,Provo_ID3,3,1081799,1261614,1,gaze_data,1741872039859,382.8898310661316,226.31528545171022,1741872039726.8,1
1,1,block_2,2,Provo_ID3,3,1081799,1261614,1,gaze_data,1741872039908,423.5337823629379,222.82788753509521,1741872039759.8,1
1,1,block_2,2,Provo_ID3,3,1081799,1261614,1,gaze_data,1741872039945,433.1602931022644,234.56681184470654,1741872039827,1
1,1,block_2,2,Provo_ID3,3,1081799,1261614,1,gaze_data,1741872039975,427.43993401527405,229.839270375669,1741872039860.9001,1
1,1,block_2,2,Provo_ID3,3,1081799,1261614,1,gaze_data,1741872040023,452.4635851383209,232.69721111282706,1741872039894,1
1,1,block_2,2,Provo_ID3,3,1081799,1261614,1,gaze_data,1741872040069,450.8738338947296,229.7799041494727,1741872039926.9001,1
1,1,block_2,2,Provo_ID3,3,1081799,1261614,1,gaze_data,1741872040119,472.90586829185486,217.84168519079685,1741872039993.5,1
1,1,block_2,2,Provo_ID3,3,1081799,1261614,1,gaze_data,1741872040159,466.73116087913513,211.51840537786484,1741872040026.6,1
1,1,block_2,2,Provo_ID3,3,1081799,1261614,1,gaze_data,1741872040180,510.74554920196533,204.94821518659592,1741872040060.5,1
1,1,block_2,2,Provo_ID3,3,1081799,1261614,1,gaze_data,1741872040228,559.5488429069519,202.22868621349335,1741872040093,1
1,1,block_2,2,Provo_ID3,3,1081799,1261614,1,gaze_data,1741872040261,569.1669344902039,198.27541559934616,1741872040126.7002,1
1,1,block_2,2,Provo_ID3,3,1081799,1261614,1,gaze_data,1741872040311,562.180757522583,202.27275267243385,1741872040159.6,1
1,1,block_2,2,Provo_ID3,3,1081799,1261614,1,gaze_data,1741872040344,563.9488935470581,198.6127182841301,1741872040226.5,1
1,1,block_2,2,Provo_ID3,3,1081799,1261614,1,gaze_data,1741872040398,560.0831151008606,195.6955850124359,1741872040259.7002,1
1,1,block_2,2,Provo_ID3,3,1081799,1261614,1,gaze_data,1741872040483,623.8272190093994,209.83986966311932,1741872040365,1
1,1,block_2,2,Provo_ID3,3,1081799,1261614,1,gaze_data,1741872040544,625.1245260238647,215.0117628276348,1741872040394.9001,1
1,1,block_2,2,Provo_ID3,3,1081799,1261614,1,gaze_data,1741872040582,636.0884666442871,223.209273442626,1741872040460.1,1
1,1,block_2,2,Provo_ID3,3,1081799,1261614,1,gaze_data,1741872040635,622.4425315856934,223.77496249973774,1741872040492.8,1
1,1,block_2,2,Provo_ID3,3,1081799,1261614,1,gaze_data,1741872040670,189.9156093597412,280.8374747633934,1741872040559.7002,1
1,1,block_2,2,Provo_ID3,3,1081799,1261614,1,gaze_data,1741872040719,162.09158897399902,284.335820376873,1741872040593.4001,1
1,1,block_2,2,Provo_ID3,3,1081799,1261614,1,gaze_data,1741872040759,143.52388381958008,278.08590829372406,1741872040626.2002,1
1,1,block_2,2,Provo_ID3,3,1081799,1261614,1,gaze_data,1741872040836,188.19093704223633,286.007484793663,1741872040660,1
1,1,block_2,2,Provo_ID3,3,1081799,1261614,1,gaze_data,1741872040904,164.76469039916992,293.76979768276215,1741872040760,1
1,1,block_2,2,Provo_ID3,3,1081799,1261614,1,gaze_data,1741872040966,160.3107213973999,302.3015320301056,1741872040827.6,1
1,1,block_2,2,Provo_ID3,3,1081799,1261614,1,gaze_data,1741872041010,149.85318183898926,301.3925537467003,1741872040860.9001,1
1,1,block_2,2,Provo_ID3,3,1081799,1261614,1,gaze_data,1741872041053,170.7594871520996,285.8641766011715,1741872040926.2002,1
1,1,block_2,2,Provo_ID3,3,1081799,1261614,1,gaze_data,1741872041087,161.17100715637207,282.23737180233,1741872040960.1,1
1,1,block_2,2,Provo_ID3,3,1081799,1261614,1,gaze_data,1741872041145,168.62242221832275,268.7100902199745,1741872040992.7002,1
1,1,block_2,2,Provo_ID3,3,1081799,1261614,1,gaze_data,1741872041215,381.00055009126663,248.259487003088,1741872041082.4001,1
1,1,block_2,2,Provo_ID3,3,1081799,1261614,1,gaze_data,1741872041275,385.3310227394104,265.39187729358673,1741872041127.4001,1
1,1,block_2,2,Provo_ID3,3,1081799,1261614,1,gaze_data,1741872041315,393.7006175518036,289.91129845380783,1741872041193.2002,1
1,1,block_2,2,Provo_ID3,3,1081799,1261614,1,gaze_data,1741872041340,399.4789546355605,291.39570742845535,1741872041226.2002,1
1,1,block_2,2,Provo_ID3,3,1081799,1261614,1,gaze_data,1741872041378,407.1104861795902,267.47258603572845,1741872041259.4001,1
1,1,block_2,2,Provo_ID3,3,1081799,1261614,1,gaze_data,1741872041406,429.113045334816,259.3204140663147,1741872041292.5,1
1,1,block_2,2,Provo_ID3,3,1081799,1261614,1,gaze_data,1741872041464,472.03542590141296,260.25854647159576,1741872041326.1,1
1,1,block_2,2,Provo_ID3,3,1081799,1261614,1,gaze_data,1741872041496,506.6264867782593,268.5841605067253,1741872041359.9001,1
1,1,block_2,2,Provo_ID3,3,1081799,1261614,1,gaze_data,1741872041546,514.2629146575928,268.13378781080246,1741872041393.1,1
1,1,block_2,2,Provo_ID3,3,1081799,1261614,1,gaze_data,1741872041581,524.1684794425964,271.3443212211132,1741872041459.6,1
1,1,block_2,2,Provo_ID3,3,1081799,1261614,1,gaze_data,1741872041627,524.8854637145996,280.0265610218048,1741872041492.7002,1
1,1,block_2,2,Provo_ID3,3,1081799,1261614,1,gaze_data,1741872041678,599.5800495147705,286.9201734662056,1741872041526.2002,1
1,1,block_2,2,Provo_ID3,3,1081799,1261614,1,gaze_data,1741872041710,599.5800495147705,286.9201734662056,1741872041558.8,1
1,1,block_2,2,Provo_ID3,3,1081799,1261614,1,gaze_data,1741872041787,611.4685535430908,275.20519345998764,1741872041664.2002,1
1,1,block_2,2,Provo_ID3,3,1081799,1261614,1,gaze_data,1741872041827,589.3295645713806,281.0673587024212,1741872041694.7002,1
1,1,block_2,2,Provo_ID3,3,1081799,1261614,1,gaze_data,1741872041873,595.2092289924622,279.0982149541378,1741872041726.9001,1
1,1,block_2,2,Provo_ID3,3,1081799,1261614,1,gaze_data,1741872041912,438.02793323993683,298.8671347498894,1741872041792.6,1
1,1,block_2,2,Provo_ID3,3,1081799,1261614,1,gaze_data,1741872041957,179.11176681518555,330.57519644498825,1741872041825.4001,1
1,1,block_2,2,Provo_ID3,3,1081799,1261614,1,gaze_data,1741872041997,129.82721328735352,344.73651498556137,1741872041861,1
1,1,block_2,2,Provo_ID3,3,1081799,1261614,1,gaze_data,1741872042060,158.4183692932129,354.1390061378479,1741872041892.1,1
1,1,block_2,2,Provo_ID3,3,1081799,1261614,1,gaze_data,1741872042139,158.4183692932129,354.1390061378479,1741872041926.3,1
1,1,block_2,2,Provo_ID3,3,1081799,1261614,1,gaze_data,1741872042195,141.34492874145508,353.9052516222,1741872042061,1
1,1,block_2,2,Provo_ID3,3,1081799,1261614,1,gaze_data,1741872042235,136.41397953033447,378.54037284851074,1741872042093.7002,1
1,1,block_2,2,Provo_ID3,3,1081799,1261614,1,gaze_data,1741872042277,145.9589719772339,382.24262595176697,1741872042158.8,1
1,1,block_2,2,Provo_ID3,3,1081799,1261614,1,gaze_data,1741872042315,149.94702339172363,386.9395762681961,1741872042192.2002,1
1,1,block_2,2,Provo_ID3,3,1081799,1261614,1,gaze_data,1741872042361,127.82588005065918,392.2348231077194,1741872042225.4001,1
1,1,block_2,2,Provo_ID3,3,1081799,1261614,1,gaze_data,1741872042414,114.28728103637695,396.2658107280731,1741872042259.9001,1
1,1,block_2,2,Provo_ID3,3,1081799,1261614,1,gaze_data,1741872042437,108.39886665344238,392.125940322876,1741872042326,1
1,1,block_2,2,Provo_ID3,3,1081799,1261614,1,gaze_data,1741872042487,136.08872890472412,377.92198956012726,1741872042359.9001,0.8994360646154829
1,1,block_2,2,Provo_ID3,3,1081799,1261614,1,gaze_data,1741872042516,155.7270050048828,381.4944088459015,1741872042392.6,0.8994360646154829
1,1,block_2,2,Provo_ID3,3,1081799,1261614,1,gaze_data,1741872042567,181.89268112182617,382.0470482110977,1741872042425.5,1
1,1,block_2,2,Provo_ID3,3,1081799,1261614,1,gaze_data,1741872042610,301.43131017684937,368.5606777667999,1741872042491.7002,1
1,1,block_2,2,Provo_ID3,3,1081799,1261614,1,gaze_data,1741872042638,317.2247111797333,360.2580487728119,1741872042525.9001,1
1,1,block_2,2,Provo_ID3,3,1081799,1261614,1,gaze_data,1741872042687,316.95131063461304,369.6060985326767,1741872042559.8,1
1,1,block_2,2,Provo_ID3,3,1081799,1261614,1,gaze_data,1741872042724,310.1127088069916,369.62248980998993,1741872042592.7002,1
1,1,block_2,2,Provo_ID3,3,1081799,1261614,1,gaze_data,1741872042775,297.6819634437561,369.0076231956482,1741872042625.6,1
1,1,block_2,2,Provo_ID3,3,1081799,1261614,1,gaze_data,1741872042813,295.7879424095154,358.60685110092163,1741872042692,1
1,1,block_2,2,Provo_ID3,3,1081799,1261614,1,gaze_data,1741872042860,310.64611077308655,372.8272080421448,1741872042725.3,0.8206226950052917
1,1,block_2,2,Provo_ID3,3,1081799,1261614,1,gaze_data,1741872042896,388.20630460977554,360.54462790489197,1741872042759.2002,0.8206226950052917
1,1,block_2,2,Provo_ID3,3,1081799,1261614,1,gaze_data,1741872042922,410.7319489121437,358.3498954772949,1741872042792.4001,0.8206226950052917
1,1,block_2,2,Provo_ID3,3,1081799,1261614,1,gaze_data,1741872042971,433.29343497753143,348.4411373734474,1741872042825.2002,0.9895281193425429
1,1,block_2,2,Provo_ID3,3,1081799,1261614,1,gaze_data,1741872043012,438.3269429206848,286.94430217146873,1741872042891.8,0.9895281193425429
1,1,block_2,2,Provo_ID3,3,1081799,1261614,1,gaze_data,1741872043116,659.9101305007935,23.110470175743103,1741872042994.2002,0.9381927643355787
1,1,block_2,2,Provo_ID3,3,1081799,1261614,1,gaze_data,1741872043161,654.2385578155518,1.5590697526931763,1741872043026.8,0.9381927643355787
1,1,block_2,2,Provo_ID3,3,1081799,1261614,1,gaze_data,1741872043206,653.805136680603,13.759052753448486,1741872043059.4001,0.7784488068368596
1,1,block_2,2,Provo_ID3,3,1081799,1261614,1,gaze_data,1741872043247,577.8324484825134,23.615947365760803,1741872043125.7002,0.7784488068368596
1,1,block_2,2,Provo_ID3,3,1081799,1261614,1,gaze_data,1741872043295,653.2980680465698,71.18864953517914,1741872043158.1,0.8791759435067458
1,1,block_2,2,Provo_ID3,3,1081799,1261614,1,gaze_data,1741872043334,650.6781339645386,48.67442548274994,1741872043192.6,0.8791759435067458
1,1,block_2,2,Provo_ID3,3,1081799,1261614,1,gaze_data,1741872043355,529.4003367424011,30.067792534828186,1741872043258.6,0.8791759435067458
1,1,block_2,2,Provo_ID3,3,1081799,1261614,1,gaze_data,1741872043405,532.3003053665161,89.83225226402283,1741872043291.7002,0.540113020187876
1,1,block_2,2,Provo_ID3,3,1081799,1261614,1,gaze_data,1741872043545,605.8832883834839,47.5005567073822,1741872043376,0
1,1,block_2,2,Provo_ID3,3,1081799,1261614,1,gaze_data,1741872043579,383.77475887537,18.748244643211365,1741872043459.1,0
1,1,block_2,2,Provo_ID3,3,1081799,1261614,1,gaze_data,1741872043600,358.57894122600555,27.265241742134094,1741872043491.9001,0
1,1,block_2,2,Provo_ID3,3,1081799,1261614,1,gaze_data,1741872043642,476.1675179004669,157.47587233781815,1741872043525.4001,0
1,1,block_2,2,Provo_ID3,3,1081799,1261614,1,gaze_data,1741872043669,499.85179901123047,158.89268219470978,1741872043558.4001,0
1,1,block_2,2,Provo_ID3,3,1081799,1261614,1,gaze_data,1741872046304,433.94184708595276,176.45243406295776,1741872046124.2002,1
1,1,block_2,2,Provo_ID3,3,1081799,1261614,1,gaze_data,1741872046333,441.0507917404175,165.74667990207672,1741872046224.1,1
1,1,block_2,2,Provo_ID3,3,1081799,1261614,1,gaze_data,1741872046392,394.7509739547968,197.10067510604858,1741872046257.4001,1
1,1,block_2,2,Provo_ID3,3,1081799,1261614,1,gaze_data,1741872046466,346.96059226989746,130.82701563835144,1741872046358,1
1,1,block_2,2,Provo_ID3,3,1081799,1261614,1,gaze_data,1741872046517,382.8710004687309,191.740682721138,1741872046390.9001,1
1,1,block_2,2,Provo_ID3,3,1081799,1261614,1,gaze_data,1741872046561,328.81250977516174,202.38996148109436,1741872046423.9001,1
1,1,block_2,2,Provo_ID3,3,1081799,1261614,1,gaze_data,1741872046583,288.48509788513184,246.0280306637287,1741872046457.7002,1
1,1,block_2,2,Provo_ID3,3,1081799,1261614,1,gaze_data,1741872046633,378.0293360352516,190.1232622563839,1741872046490.1,1
1,1,block_2,2,Provo_ID3,3,1081799,1261614,1,gaze_data,1741872046666,415.62591195106506,232.58440978825092,1741872046557.1,1
1,1,block_2,2,Provo_ID3,3,1081799,1261614,1,gaze_data,1741872046722,506.23066425323486,262.09273785352707,1741872046590.5,1
1,1,block_2,2,Provo_ID3,3,1081799,1261614,1,gaze_data,1741872046799,476.6699552536011,282.0174567401409,1741872046692.2002,1
1,1,block_2,2,Provo_ID3,3,1081799,1261614,1,gaze_data,1741872046858,561.7406606674194,320.1709896326065,1741872046724.8,1
1,1,block_2,2,Provo_ID3,3,1081799,1261614,1,gaze_data,1741872046901,669.9833393096924,392.09934175014496,1741872046757.5,1
1,1,block_2,2,Provo_ID3,3,1081799,1261614,1,gaze_data,1741872046949,615.6168222427368,345.6033155322075,1741872046823.4001,1
1,1,block_2,2,Provo_ID3,3,1081799,1261614,1,gaze_data,1741872046984,648.7128257751465,359.7323954105377,1741872046857.4001,1
1,1,block_2,2,Provo_ID3,3,1081799,1261614,1,gaze_data,1741872047039,606.6274642944336,365.4077112674713,1741872046890.3,1
1,1,block_2,2,Provo_ID3,3,1081799,1261614,1,gaze_data,1741872047120,634.8517179489136,401.4173209667206,1741872046924.5,1
1,1,block_2,2,Provo_ID3,3,1081799,1261614,1,gaze_data,1741872047153,364.59443867206573,78.63177955150604,1741872047028,1
1,1,block_2,2,Provo_ID3,3,1081799,1261614,1,gaze_data,1741872047214,370.86969017982483,180.48495650291443,1741872047058.1,1
1,1,block_2,2,Provo_ID3,3,1081799,1261614,1,gaze_data,1741872047250,310.6555938720703,285.2538250386715,1741872047123.9001,1
1,1,block_2,2,Provo_ID3,3,1081799,1261614,1,gaze_data,1741872047301,360.70326566696167,370.8565890789032,1741872047157,0
1,1,block_2,2,Provo_ID3,3,1081799,1261614,1,gaze_data,1741872047346,383.33021104335785,457.7645868062973,1741872047223.5,0
1,1,block_2,2,Provo_ID3,3,1081799,1261614,1,gaze_data,1741872047369,352.72876024246216,487.7377510070801,1741872047257.8,0
1,1,block_2,2,Provo_ID3,3,1081799,1261614,1,gaze_data,1741872047428,223.34587574005127,441.7012244462967,1741872047292.7002,0
1,1,block_2,2,Provo_ID3,3,1081799,1261614,1,gaze_data,1741872047469,244.20303106307983,469.3055957555771,1741872047323.8,0
1,1,block_2,2,Provo_ID3,3,1081799,1261614,1,gaze_data,1741872047549,325.77764987945557,436.09846234321594,1741872047357.2002,0.010851260611311496
1,1,block_2,2,Provo_ID3,3,1081799,1261614,1,gaze_data,1741872047609,134.9015235900879,440.82546830177307,1741872047465.4001,0.010851260611311496
1,1,block_2,2,Provo_ID3,3,1081799,1261614,1,gaze_data,1741872047662,125.98602771759033,428.99385690689087,1741872047523.9001,0.2563409881471052
1,1,block_2,2,Provo_ID3,3,1081799,1261614,1,gaze_data,1741872047704,100.47240257263184,441.9174253940582,1741872047590.2002,0.2563409881471052
1,1,block_2,2,Provo_ID3,3,1081799,1261614,1,gaze_data,1741872047750,148.46248626708984,441.33489429950714,1741872047623.3,0.25454791736194254
1,1,block_2,2,Provo_ID3,3,1081799,1261614,1,gaze_data,1741872047790,151.6845703125,431.7432552576065,1741872047657.4001,0.25454791736194254
1,1,block_2,2,Provo_ID3,3,1081799,1261614,1,gaze_data,1741872047812,171.38404846191406,426.2449949979782,1741872047690,0.25454791736194254
1,1,block_2,2,Provo_ID3,3,1081799,1261614,1,gaze_data,1741872047866,325.06389021873474,399.03802275657654,1741872047723.6,0.5365852884654887
1,1,block_2,2,Provo_ID3,3,1081799,1261614,1,gaze_data,1741872047908,452.6512086391449,387.28577494621277,1741872047790.6,0.5365852884654887
1,1,block_2,2,Provo_ID3,3,1081799,1261614,1,gaze_data,1741872048030,526.4371275901794,384.0221971273422,1741872047890.8,0.5479983157936903
1,1,block_2,2,Provo_ID3,3,1081799,1261614,1,gaze_data,1741872048075,565.2968049049377,351.353919506073,1741872047956.9001,0.7293168349816376
1,1,block_2,2,Provo_ID3,3,1081799,1261614,1,gaze_data,1741872048106,578.6962509155273,358.4918737411499,1741872047990.1,0.7293168349816376
1,1,block_2,2,Provo_ID3,3,1081799,1261614,1,gaze_data,1741872048137,591.4457201957703,351.78825855255127,1741872048023.7002,0.7293168349816376
1,1,block_2,2,Provo_ID3,3,1081799,1261614,1,gaze_data,1741872048190,573.1075167655945,334.4277873635292,1741872048057.6,0.9215571012193915
1,1,block_2,2,Provo_ID3,3,1081799,1261614,1,gaze_data,1741872048226,576.0032534599304,346.85056507587433,1741872048089.8,0.9215571012193915
1,1,block_2,2,Provo_ID3,3,1081799,1261614,1,gaze_data,1741872048290,556.1317801475525,338.68345469236374,1741872048123.7002,1
1,1,block_2,2,Provo_ID3,3,1081799,1261614,1,gaze_data,1741872048357,556.1317801475525,338.68345469236374,1741872048156.2002,1
1,1,block_2,2,Provo_ID3,3,1081799,1261614,1,gaze_data,1741872048394,536.022138595581,385.4253500699997,1741872048257.8,1
1,1,block_2,2,Provo_ID3,3,1081799,1261614,1,gaze_data,1741872048469,548.9139676094055,373.9359438419342,1741872048290.5,1
1,1,block_2,2,Provo_ID3,3,1081799,1261614,1,gaze_data,1741872048510,446.30676805973053,398.89334738254547,1741872048390.2002,1
1,1,block_2,2,Provo_ID3,3,1081799,1261614,1,gaze_data,1741872048561,427.2197514772415,401.2380450963974,1741872048423.2002,0.878911642508243
1,1,block_2,2,Provo_ID3,3,1081799,1261614,1,gaze_data,1741872048608,432.3524534702301,398.41652512550354,1741872048457.6,0.878911642508243
1,1,block_2,2,Provo_ID3,3,1081799,1261614,1,gaze_data,1741872048663,443.0515557527542,392.51495003700256,1741872048523.3,0.810330270627124
1,1,block_2,2,Provo_ID3,3,1081799,1261614,1,gaze_data,1741872048717,426.3810247182846,409.2377185821533,1741872048589.7002,0.810330270627124
1,1,block_2,2,Provo_ID3,3,1081799,1261614,1,gaze_data,1741872048768,351.529660820961,370.051047205925,1741872048625.7002,1
1,1,block_2,2,Provo_ID3,3,1081799,1261614,1,gaze_data,1741872048811,272.904634475708,346.726356446743,1741872048689.4001,1
1,1,block_2,2,Provo_ID3,3,1081799,1261614,1,gaze_data,1741872048837,252.45933532714844,346.14276736974716,1741872048723.1,1
1,1,block_2,2,Provo_ID3,3,1081799,1261614,1,gaze_data,1741872048883,168.3112621307373,307.9954817891121,1741872048756.2002,0.9236978352044294
1,1,block_2,2,Provo_ID3,3,1081799,1261614,1,gaze_data,1741872048917,148.51045608520508,178.41777428984642,1741872048789.9001,0.9236978352044294
1,1,block_2,2,Provo_ID3,3,1081799,1261614,1,gaze_data,1741872048982,180.8868646621704,182.1830816566944,1741872048823,0.8568370198898915
1,1,block_2,2,Provo_ID3,3,1081799,1261614,1,gaze_data,1741872049051,177.60002613067627,186.8619792163372,1741872048856.3,0.8568370198898915
1,1,block_2,2,Provo_ID3,3,1081799,1261614,1,gaze_data,1741872049128,115.374755859375,145.1783537864685,1741872048970.8,1
1,1,block_2,2,Provo_ID3,3,1081799,1261614,1,gaze_data,1741872049178,116.42482280731201,164.56255912780762,1741872049057.3,1
1,1,block_2,2,Provo_ID3,3,1081799,1261614,1,gaze_data,1741872049223,129.74138259887695,182.3775790631771,1741872049089.4001,1
1,1,block_2,2,Provo_ID3,3,1081799,1261614,1,gaze_data,1741872049264,144.40264701843262,206.11586272716522,1741872049123.9001,1
1,1,block_2,2,Provo_ID3,3,1081799,1261614,1,gaze_data,1741872049290,142.96448230743408,203.7703938782215,1741872049189.6,1
1,1,block_2,2,Provo_ID3,3,1081799,1261614,1,gaze_data,1741872049330,117.65146255493164,169.09975409507751,1741872049222.6,1
1,1,block_2,2,Provo_ID3,3,1081799,1261614,1,gaze_data,1741872049370,119.65303421020508,163.40265274047852,1741872049256.5,1
1,1,block_2,2,Provo_ID3,3,1081799,1261614,1,gaze_data,1741872049497,217.07745790481567,127.90414541959763,1741872049357.1,1
1,1,block_2,2,Provo_ID3,3,1081799,1261614,1,gaze_data,1741872049522,229.7115683555603,122.00806885957718,1741872049423,1
1,1,block_2,2,Provo_ID3,3,1081799,1261614,1,gaze_data,1741872049572,227.73665189743042,119.83703672885895,1741872049456.2002,1
1,1,block_2,2,Provo_ID3,3,1081799,1261614,1,gaze_data,1741872049601,222.29187488555908,123.08451384305954,1741872049489.5,1
1,1,block_2,2,Provo_ID3,3,1081799,1261614,1,gaze_data,1741872049644,366.30718410015106,142.9159700870514,1741872049522.4001,1
1,1,block_2,2,Provo_ID3,3,1081799,1261614,1,gaze_data,1741872049675,430.73979914188385,157.44046717882156,1741872049555.8,1
1,1,block_2,2,Provo_ID3,3,1081799,1261614,1,gaze_data,1741872049733,441.67731404304504,154.76702004671097,1741872049589.6,1
1,1,block_2,2,Provo_ID3,3,1081799,1261614,1,gaze_data,1741872049773,448.2258766889572,143.67363452911377,1741872049656.5,1
1,1,block_2,2,Provo_ID3,3,1081799,1261614,1,gaze_data,1741872049821,445.25212049484253,139.31143879890442,1741872049689.5,1
1,1,block_2,2,Provo_ID3,3,1081799,1261614,1,gaze_data,1741872049863,473.93133640289307,145.4568713903427,1741872049723.2002,1
1,1,block_2,2,Provo_ID3,3,1081799,1261614,1,gaze_data,1741872049930,516.0865783691406,152.7762696146965,1741872049789.2002,1
1,1,block_2,2,Provo_ID3,3,1081799,1261614,1,gaze_data,1741872049989,529.1818618774414,143.79712790250778,1741872049890.1,1
1,1,block_2,2,Provo_ID3,3,1081799,1261614,1,gaze_data,1741872050056,511.63909435272217,158.54680389165878,1741872049923.3,1
1,1,block_2,2,Provo_ID3,3,1081799,1261614,1,gaze_data,1741872050095,216.59421920776367,178.30392569303513,1741872049955.9001,1
1,1,block_2,2,Provo_ID3,3,1081799,1261614,1,gaze_data,1741872050138,201.2431263923645,179.22162860631943,1741872050022,1
1,1,block_2,2,Provo_ID3,3,1081799,1261614,1,gaze_data,1741872050178,190.99981784820557,188.60870823264122,1741872050055.5,1
1,1,block_2,2,Provo_ID3,3,1081799,1261614,1,gaze_data,1741872050252,233.56705904006958,208.9459676295519,1741872050088.9001,1
1,1,block_2,2,Provo_ID3,3,1081799,1261614,1,gaze_data,1741872050322,232.1528196334839,204.10665720701218,1741872050123.3,1
1,1,block_2,2,Provo_ID3,3,1081799,1261614,1,gaze_data,1741872050386,176.2007474899292,185.448257625103,1741872050226.2002,1
1,1,block_2,2,Provo_ID3,3,1081799,1261614,1,gaze_data,1741872050431,147.29840755462646,184.96635407209396,1741872050289,1
1,1,block_2,2,Provo_ID3,3,1081799,1261614,1,gaze_data,1741872050477,173.90401363372803,173.85334372520447,1741872050355.2002,1
1,1,block_2,2,Provo_ID3,3,1081799,1261614,1,gaze_data,1741872050522,288.5464549064636,192.8630754351616,1741872050389.3,1
1,1,block_2,2,Provo_ID3,3,1081799,1261614,1,gaze_data,1741872050575,334.2067778110504,207.05888271331787,1741872050422,1
1,1,block_2,2,Provo_ID3,3,1081799,1261614,1,gaze_data,1741872050629,334.2067778110504,207.05888271331787,1741872050455.8,1
1,1,block_2,2,Provo_ID3,3,1081799,1261614,1,gaze_data,1741872050674,343.93892884254456,221.01484835147858,1741872050567.9001,1
1,1,block_2,2,Provo_ID3,3,1081799,1261614,1,gaze_data,1741872050735,341.03705286979675,211.42870783805847,1741872050598.6,1
1,1,block_2,2,Provo_ID3,3,1081799,1261614,1,gaze_data,1741872050769,379.88833636045456,211.4829145371914,1741872050655.7002,1
1,1,block_2,2,Provo_ID3,3,1081799,1261614,1,gaze_data,1741872050816,461.19083166122437,224.701377004385,1741872050688.7002,1
1,1,block_2,2,Provo_ID3,3,1081799,1261614,1,gaze_data,1741872050852,453.6081850528717,206.43169656395912,1741872050722,1
1,1,block_2,2,Provo_ID3,3,1081799,1261614,1,gaze_data,1741872050903,456.28220438957214,211.61582544445992,1741872050755.1,1
1,1,block_2,2,Provo_ID3,3,1081799,1261614,1,gaze_data,1741872050944,409.67656448483467,207.69350081682205,1741872050821.7002,1
1,1,block_2,2,Provo_ID3,3,1081799,1261614,1,gaze_data,1741872051005,368.12915205955505,194.96250376105309,1741872050855.8,1
1,1,block_2,2,Provo_ID3,3,1081799,1261614,1,gaze_data,1741872051070,341.57381653785706,192.141754925251,1741872050889.3,1
1,1,block_2,2,Provo_ID3,3,1081799,1261614,1,gaze_data,1741872051104,306.1199963092804,212.3276874423027,1741872050989.7002,1
1,1,block_2,2,Provo_ID3,3,1081799,1261614,1,gaze_data,1741872051159,309.1704547405243,220.38996256887913,1741872051022.4001,1
1,1,block_2,2,Provo_ID3,3,1081799,1261614,1,gaze_data,1741872051204,280.33063411712646,212.21847496926785,1741872051057.1,1
1,1,block_2,2,Provo_ID3,3,1081799,1261614,1,gaze_data,1741872051250,262.44258880615234,201.17291659116745,1741872051122.1,1
1,1,block_2,2,Provo_ID3,3,1081799,1261614,1,gaze_data,1741872051290,264.78607654571533,207.55722224712372,1741872051155.2002,1
1,1,block_2,2,Provo_ID3,3,1081799,1261614,1,gaze_data,1741872051316,264.0457034111023,215.63604325056076,1741872051189,1
1,1,block_2,2,Provo_ID3,3,1081799,1261614,1,gaze_data,1741872051398,339.14966583251953,289.1092583537102,1741872051221.7002,1
1,1,block_2,2,Provo_ID3,3,1081799,1261614,1,gaze_data,1741872051476,476.7536222934723,103.16378474235535,1741872051323.5,1
1,1,block_2,2,Provo_ID3,3,1081799,1261614,1,gaze_data,1741872051536,320.683354139328,272.97471687197685,1741872051391.3,1
1,1,block_2,2,Provo_ID3,3,1081799,1261614,1,gaze_data,1741872051585,380.3594872355461,292.4220621585846,1741872051455.7002,1
1,1,block_2,2,Provo_ID3,3,1081799,1261614,1,gaze_data,1741872051611,364.39149379730225,320.1271504163742,1741872051489.3,1
1,1,block_2,2,Provo_ID3,3,1081799,1261614,1,gaze_data,1741872051704,394.36115249991417,289.2550140619278,1741872051524.4001,0
1,1,block_2,2,Provo_ID3,3,1081799,1261614,1,gaze_data,1741872051749,565.8632159233093,264.10939022898674,1741872051621.6,0
1,1,block_2,2,Provo_ID3,3,1081799,1261614,1,gaze_data,1741872051804,566.014301776886,287.44613975286484,1741872051655.6,0.6882147444764986
1,1,block_2,2,Provo_ID3,3,1081799,1261614,1,gaze_data,1741872051844,581.7693591117859,277.56886035203934,1741872051721.9001,0.6882147444764986
1,1,block_2,2,Provo_ID3,3,1081799,1261614,1,gaze_data,1741872051871,578.8237810134888,278.0208982527256,1741872051755.1,0.6882147444764986
1,1,block_2,2,Provo_ID3,3,1081799,1261614,1,gaze_data,1741872051908,543.6048030853271,274.766156822443,1741872051788.7002,1
1,1,block_2,2,Provo_ID3,3,1081799,1261614,1,gaze_data,1741872051948,310.947722196579,288.94532322883606,1741872051821.7002,1
1,1,block_2,2,Provo_ID3,3,1081799,1261614,1,gaze_data,1741872052002,216.36470556259155,311.7558419704437,1741872051855.5,1
1,1,block_2,2,Provo_ID3,3,1081799,1261614,1,gaze_data,1741872052059,169.9551820755005,324.8811796307564,1741872051922.3,1
1,1,block_2,2,Provo_ID3,3,1081799,1261614,1,gaze_data,1741872052159,229.3481945991516,331.7023500800133,1741872051982.7002,0.8071249201596896
1,1,block_2,2,Provo_ID3,3,1081799,1261614,1,gaze_data,1741872052202,188.70115280151367,337.54557967185974,1741872052055.8,0.8071249201596896
1,1,block_2,2,Provo_ID3,3,1081799,1261614,1,gaze_data,1741872052260,149.72190856933594,342.7439019083977,1741872052122.2002,0.7453003200444277
1,1,block_2,2,Provo_ID3,3,1081799,1261614,1,gaze_data,1741872052305,120.54977416992188,325.37268698215485,1741872052188.4001,0.7453003200444277
1,1,block_2,2,Provo_ID3,3,1081799,1261614,1,gaze_data,1741872052331,107.75086879730225,322.0996618270874,1741872052221.7002,0.7453003200444277
1,1,block_2,2,Provo_ID3,3,1081799,1261614,1,gaze_data,1741872052389,114.30225372314453,329.51286286115646,1741872052255.1,0.9099636216843772
1,1,block_2,2,Provo_ID3,3,1081799,1261614,1,gaze_data,1741872052435,122.83468246459961,313.8306424021721,1741872052288.8,0.9099636216843772
1,1,block_2,2,Provo_ID3,3,1081799,1261614,1,gaze_data,1741872052461,95.4232931137085,327.04362124204636,1741872052355.1,0.9099636216843772
1,1,block_2,2,Provo_ID3,3,1081799,1261614,1,gaze_data,1741872052537,115.02082347869873,320.27550637722015,1741872052388.2002,0.8226078927277339
1,1,block_2,2,Provo_ID3,3,1081799,1261614,1,gaze_data,1741872052601,203.0115246772766,246.23191393911839,1741872052460.3,0.8226078927277339
1,1,block_2,2,Provo_ID3,3,1081799,1261614,1,gaze_data,1741872052667,242.5822138786316,208.52226987481117,1741872052522.5,0.9764399807527795
1,1,block_2,2,Provo_ID3,3,1081799,1261614,1,gaze_data,1741872052716,236.29966974258423,215.06926268339157,1741872052588.3,0.9764399807527795
1,1,block_2,2,Provo_ID3,3,1081799,1261614,1,gaze_data,1741872052766,251.67309045791626,252.29794941842556,1741872052621.3,1
1,1,block_2,2,Provo_ID3,3,1081799,1261614,1,gaze_data,1741872052811,266.2990093231201,260.76095402240753,1741872052687.7002,1
1,1,block_2,2,Provo_ID3,3,1081799,1261614,1,gaze_data,1741872052841,281.22355937957764,259.99172255396843,1741872052721.5,1
1,1,block_2,2,Provo_ID3,3,1081799,1261614,1,gaze_data,1741872052894,298.83843660354614,247.9165032505989,1741872052755.3,1
1,1,block_2,2,Provo_ID3,3,1081799,1261614,1,gaze_data,1741872052923,303.4018397331238,253.39530259370804,1741872052821,1
1,1,block_2,2,Provo_ID3,3,1081799,1261614,1,gaze_data,1741872052979,299.4994282722473,229.785287193954,1741872052854.5,1
1,1,block_2,2,Provo_ID3,3,1081799,1261614,1,gaze_data,1741872053022,284.6055269241333,226.06551870703697,1741872052887.7002,1
1,1,block_2,2,Provo_ID3,3,1081799,1261614,1,gaze_data,1741872053067,294.406795501709,226.27908308058977,1741872052922,1
1,1,block_2,2,Provo_ID3,3,1081799,1261614,1,gaze_data,1741872053108,300.2818763256073,232.66070606186986,1741872052987.7002,1
1,1,block_2,2,Provo_ID3,3,1081799,1261614,1,gaze_data,1741872053129,221.80286645889282,282.62430652976036,1741872053021.5,1
1,1,block_2,2,Provo_ID3,3,1081799,1261614,1,gaze_data,1741872053176,153.41885089874268,339.6012097597122,1741872053055.3,1
1,1,block_2,2,Provo_ID3,3,1081799,1261614,1,gaze_data,1741872053210,150.4788637161255,335.442690551281,1741872053087.5,1
1,1,block_2,2,Provo_ID3,3,1081799,1261614,1,gaze_data,1741872053263,166.60020351409912,311.6069421172142,1741872053121.4001,1
1,1,block_2,2,Provo_ID3,3,1081799,1261614,1,gaze_data,1741872053309,158.1639528274536,299.40638542175293,1741872053188.1,1
1,1,block_2,2,Provo_ID3,3,1081799,1261614,1,gaze_data,1741872053370,166.46592617034912,341.21424555778503,1741872053220.9001,0.9750986251510327
1,1,block_2,2,Provo_ID3,3,1081799,1261614,1,gaze_data,1741872053433,205.96144199371338,343.7678724527359,1741872053255.2002,0.9750986251510327
1,1,block_2,2,Provo_ID3,3,1081799,1261614,1,gaze_data,1741872053496,284.4567537307739,327.20757126808167,1741872053355.8,1
1,1,block_2,2,Provo_ID3,3,1081799,1261614,1,gaze_data,1741872053536,283.37076902389526,328.79447788000107,1741872053421.2002,1
1,1,block_2,2,Provo_ID3,3,1081799,1261614,1,gaze_data,1741872053558,279.5339584350586,325.50084441900253,1741872053454.4001,1
1,1,block_2,2,Provo_ID3,3,1081799,1261614,1,gaze_data,1741872053603,239.21127319335938,353.3316910266876,1741872053487.2002,1
1,1,block_2,2,Provo_ID3,3,1081799,1261614,1,gaze_data,1741872053632,174.56326484680176,397.8891283273697,1741872053521.2002,1
1,1,block_2,2,Provo_ID3,3,1081799,1261614,1,gaze_data,1741872053676,188.4913682937622,401.8122762441635,1741872053555,1
1,1,block_2,2,Provo_ID3,3,1081799,1261614,1,gaze_data,1741872053726,171.00701332092285,407.18569457530975,1741872053589.2002,1
1,1,block_2,2,Provo_ID3,3,1081799,1261614,1,gaze_data,1741872053759,165.17326831817627,405.33257126808167,1741872053621.6,1
1,1,block_2,2,Provo_ID3,3,1081799,1261614,1,gaze_data,1741872053845,181.06470108032227,413.4825527667999,1741872053724.4001,1
1,1,block_2,2,Provo_ID3,3,1081799,1261614,1,gaze_data,1741872053890,190.79020023345947,428.25036346912384,1741872053755.7002,1
1,1,block_2,2,Provo_ID3,3,1081799,1261614,1,gaze_data,1741872053943,171.79818153381348,437.4800384044647,1741872053788,0.8718069905172197
1,1,block_2,2,Provo_ID3,3,1081799,1261614,1,gaze_data,1741872053983,177.90942192077637,425.72805881500244,1741872053854.4001,0.8718069905172197
1,1,block_2,2,Provo_ID3,3,1081799,1261614,1,gaze_data,1741872054032,432.766330242157,403.95397543907166,1741872053887.5,0.6919289068452366
1,1,block_2,2,Provo_ID3,3,1081799,1261614,1,gaze_data,1741872054066,476.2756943702698,396.9070076942444,1741872053953.8,0.6919289068452366
1,1,block_2,2,Provo_ID3,3,1081799,1261614,1,gaze_data,1741872054113,477.237069606781,388.55518996715546,1741872053987.7002,0.6299182893832305
1,1,block_2,2,Provo_ID3,3,1081799,1261614,1,gaze_data,1741872054150,473.82439970970154,383.64914655685425,1741872054021.3,0.6299182893832305
1,1,block_2,2,Provo_ID3,3,1081799,1261614,1,gaze_data,1741872054175,495.3359603881836,388.2494032382965,1741872054055.3,0.6299182893832305
1,1,block_2,2,Provo_ID3,3,1081799,1261614,1,gaze_data,1741872054235,492.1262860298157,386.0381007194519,1741872054087.2002,0.43306657570899837
1,1,block_2,2,Provo_ID3,3,1081799,1261614,1,gaze_data,1741872054358,549.2292881011963,392.13590919971466,1741872054200.1,0.5819263225986321
1,1,block_2,2,Provo_ID3,3,1081799,1261614,1,gaze_data,1741872054412,614.1263723373413,408.7358772754669,1741872054287.1,0.5819263225986321
1,1,block_2,2,Provo_ID3,3,1081799,1261614,1,gaze_data,1741872054461,510.6261134147644,313.22450041770935,1741872054320.7002,0.7268334492993116
1,1,block_2,2,Provo_ID3,3,1081799,1261614,1,gaze_data,1741872054498,371.50877714157104,201.06270760297775,1741872054387.1,0.7268334492993116
1,1,block_2,2,Provo_ID3,3,1081799,1261614,1,gaze_data,1741872054552,351.9409954547882,189.83098715543747,1741872054420,0.7433389112651763
1,1,block_2,2,Provo_ID3,3,1081799,1261614,1,gaze_data,1741872054592,343.4081554412842,197.24851697683334,1741872054454,0.7433389112651763
1,1,block_2,2,Provo_ID3,3,1081799,1261614,1,gaze_data,1741872054651,265.3629422187805,168.16820800304413,1741872054521.1,1
1,1,block_2,2,Provo_ID3,3,1081799,1261614,1,gaze_data,1741872054698,207.43476152420044,115.35692065954208,1741872054554.2002,1
1,1,block_2,2,Provo_ID3,3,1081799,1261614,1,gaze_data,1741872054744,209.44457054138184,119.83832567930222,1741872054620.3,1
1,1,block_2,2,Provo_ID3,3,1081799,1261614,1,gaze_data,1741872054783,214.09438848495483,122.15279638767242,1741872054654,1
1,1,block_2,2,Provo_ID3,3,1081799,1261614,1,gaze_data,1741872054807,140.3383493423462,132.53639489412308,1741872054687.3,1
1,1,block_2,2,Provo_ID3,3,1081799,1261614,1,gaze_data,1741872054844,142.45727062225342,134.44736450910568,1741872054720.2002,1
1,1,block_2,2,Provo_ID3,3,1081799,1261614,1,gaze_data,1741872054874,137.8770351409912,132.18001872301102,1741872054753.7002,1
1,1,block_2,2,Provo_ID3,3,1081799,1261614,1,gaze_data,1741872054929,139.28189277648926,127.6038646697998,1741872054788.8,1
1,1,block_2,2,Provo_ID3,3,1081799,1261614,1,gaze_data,1741872054965,143.2403802871704,137.95044124126434,1741872054854.2002,1
1,1,block_2,2,Provo_ID3,3,1081799,1261614,1,gaze_data,1741872055019,125.19946098327637,132.30474144220352,1741872054887.4001,1
1,1,block_2,2,Provo_ID3,3,1081799,1261614,1,gaze_data,1741872055052,132.7916145324707,130.5378958582878,1741872054920.9001,1
1,1,block_2,2,Provo_ID3,3,1081799,1261614,1,gaze_data,1741872055100,286.03941202163696,141.19184613227844,1741872054954,1
1,1,block_2,2,Provo_ID3,3,1081799,1261614,1,gaze_data,1741872055144,373.5850602388382,129.52194958925247,1741872055019.9001,1
1,1,block_2,2,Provo_ID3,3,1081799,1261614,1,gaze_data,1741872055204,414.0374645590782,141.12986475229263,1741872055053.9001,1
1,1,block_2,2,Provo_ID3,3,1081799,1261614,1,gaze_data,1741872055284,414.5357087254524,143.45978051424026,1741872055088.2002,1
1,1,block_2,2,Provo_ID3,3,1081799,1261614,1,gaze_data,1741872055349,528.6101818084717,158.13944339752197,1741872055188,1
1,1,block_2,2,Provo_ID3,3,1081799,1261614,1,gaze_data,1741872055390,578.983211517334,178.40929925441742,1741872055254.2002,1
1,1,block_2,2,Provo_ID3,3,1081799,1261614,1,gaze_data,1741872055433,573.8655924797058,168.03378462791443,1741872055320.1,1
1,1,block_2,2,Provo_ID3,3,1081799,1261614,1,gaze_data,1741872055470,593.3605551719666,168.8454806804657,1741872055353.3,1
1,1,block_2,2,Provo_ID3,3,1081799,1261614,1,gaze_data,1741872055491,559.8106861114502,164.1404688358307,1741872055386.9001,1
1,1,block_2,2,Provo_ID3,3,1081799,1261614,1,gaze_data,1741872055539,310.65314412117004,194.11516413092613,1741872055420.1,1
1,1,block_2,2,Provo_ID3,3,1081799,1261614,1,gaze_data,1741872055613,199.01964664459229,205.8143451809883,1741872055493.5,1
1,1,block_2,2,Provo_ID3,3,1081799,1261614,1,gaze_data,1741872055690,184.91837978363037,197.77097031474113,1741872055521.7002,1
1,1,block_2,2,Provo_ID3,3,1081799,1261614,1,gaze_data,1741872055723,162.18993663787842,229.7590835019946,1741872055587.4001,1
1,1,block_2,2,Provo_ID3,3,1081799,1261614,1,gaze_data,1741872055777,191.75114631652832,207.22459480166435,1741872055620.1,1
1,1,block_2,2,Provo_ID3,3,1081799,1261614,1,gaze_data,1741872055821,141.88058376312256,209.3271840363741,1741872055686.7002,1
1,1,block_2,2,Provo_ID3,3,1081799,1261614,1,gaze_data,1741872055868,110.39354801177979,210.9465193003416,1741872055720.8,1
1,1,block_2,2,Provo_ID3,3,1081799,1261614,1,gaze_data,1741872055911,99.69482421875,200.2044565975666,1741872055786.9001,1
1,1,block_2,2,Provo_ID3,3,1081799,1261614,1,gaze_data,1741872055963,106.0779333114624,198.77054765820503,1741872055820,1
1,1,block_2,2,Provo_ID3,3,1081799,1261614,1,gaze_data,1741872056001,116.43412113189697,178.84245365858078,1741872055886.5,1
1,1,block_2,2,Provo_ID3,3,1081799,1261614,1,gaze_data,1741872056051,220.5877661705017,214.42055366933346,1741872055919.9001,1
1,1,block_2,2,Provo_ID3,3,1081799,1261614,1,gaze_data,1741872056087,244.64057683944702,226.78758334368467,1741872055953.2002,1
1,1,block_2,2,Provo_ID3,3,1081799,1261614,1,gaze_data,1741872056148,265.4187083244324,221.02515436708927,1741872055986.7002,1
1,1,block_2,2,Provo_ID3,3,1081799,1261614,1,gaze_data,1741872056223,265.4187083244324,221.02515436708927,1741872056019.2002,1
1,1,block_2,2,Provo_ID3,3,1081799,1261614,1,gaze_data,1741872056284,414.0652120113373,129.02952581644058,1741872056121.6,1
1,1,block_2,2,Provo_ID3,3,1081799,1261614,1,gaze_data,1741872056321,267.2995686531067,274.5559014379978,1741872056187.3,1
1,1,block_2,2,Provo_ID3,3,1081799,1261614,1,gaze_data,1741872056369,328.2319724559784,323.0223938822746,1741872056219.8,0
1,1,block_2,2,Provo_ID3,3,1081799,1261614,1,gaze_data,1741872056399,290.2159571647644,253.45463901758194,1741872056286.2002,0
1,1,block_2,2,Provo_ID3,3,1081799,1261614,1,gaze_data,1741872056482,292.1124219894409,244.18212696909904,1741872056320,0
1,1,block_2,2,Provo_ID3,3,1081799,1261614,1,gaze_data,1741872056540,355.3851783275604,203.71484607458115,1741872056391.7002,0
1,1,block_2,2,Provo_ID3,3,1081799,1261614,1,gaze_data,1741872056595,556.9589257240295,179.7887034714222,1741872056454.7002,0.16927501920395646
1,1,block_2,2,Provo_ID3,3,1081799,1261614,1,gaze_data,1741872056633,591.9686198234558,172.22309708595276,1741872056519.8,0.16927501920395646
1,1,block_2,2,Provo_ID3,3,1081799,1261614,1,gaze_data,1741872056680,578.9802312850952,196.52503952383995,1741872056552.7002,1
1,1,block_2,2,Provo_ID3,3,1081799,1261614,1,gaze_data,1741872056709,589.9004459381104,212.40294389426708,1741872056586.1,1
1,1,block_2,2,Provo_ID3,3,1081799,1261614,1,gaze_data,1741872056761,403.3195823431015,208.4972359240055,1741872056619.1,1
1,1,block_2,2,Provo_ID3,3,1081799,1261614,1,gaze_data,1741872056794,222.73030281066895,235.76540909707546,1741872056686.3,1
1,1,block_2,2,Provo_ID3,3,1081799,1261614,1,gaze_data,1741872056850,238.65381479263306,270.14647275209427,1741872056720.3,0.9106590517169346
1,1,block_2,2,Provo_ID3,3,1081799,1261614,1,gaze_data,1741872056890,228.54148149490356,309.050677716732,1741872056753.1,0.9106590517169346
1,1,block_2,2,Provo_ID3,3,1081799,1261614,1,gaze_data,1741872056946,213.2053017616272,272.7031022310257,1741872056819.2002,1
1,1,block_2,2,Provo_ID3,3,1081799,1261614,1,gaze_data,1741872057024,232.0438265800476,284.00904536247253,1741872056902.1,1
1,1,block_2,2,Provo_ID3,3,1081799,1261614,1,gaze_data,1741872057080,296.6639995574951,281.28617107868195,1741872056953.1,1
1,1,block_2,2,Provo_ID3,3,1081799,1261614,1,gaze_data,1741872057118,302.36284136772156,284.4024881720543,1741872056986.6,1
1,1,block_2,2,Provo_ID3,3,1081799,1261614,1,gaze_data,1741872057164,288.8855814933777,231.67398609220982,1741872057019.3,1
1,1,block_2,2,Provo_ID3,3,1081799,1261614,1,gaze_data,1741872057202,382.762835919857,261.08689457178116,1741872057085.8,1
1,1,block_2,2,Provo_ID3,3,1081799,1261614,1,gaze_data,1741872057227,467.2219395637512,258.99834781885147,1741872057119.2002,1
1,1,block_2,2,Provo_ID3,3,1081799,1261614,1,gaze_data,1741872057275,439.4751101732254,229.6836044639349,1741872057152.9001,1
1,1,block_2,2,Provo_ID3,3,1081799,1261614,1,gaze_data,1741872057322,448.5008865594864,236.76336873322725,1741872057186.6,1
1,1,block_2,2,Provo_ID3,3,1081799,1261614,1,gaze_data,1741872057384,467.54772663116455,231.6333906725049,1741872057219.9001,1
1,1,block_2,2,Provo_ID3,3,1081799,1261614,1,gaze_data,1741872057448,467.54772663116455,231.6333906725049,1741872057253.1,1
1,1,block_2,2,Provo_ID3,3,1081799,1261614,1,gaze_data,1741872057508,494.3330109119415,217.59700812399387,1741872057356.8,1
1,1,block_2,2,Provo_ID3,3,1081799,1261614,1,gaze_data,1741872057557,674.1367340087891,282.4735775589943,1741872057419.5,1
1,1,block_2,2,Provo_ID3,3,1081799,1261614,1,gaze_data,1741872057599,664.840030670166,241.02615788578987,1741872057485.6,0.9796147646887081
1,1,block_2,2,Provo_ID3,3,1081799,1261614,1,gaze_data,1741872057637,640.6759023666382,245.8688247948885,1741872057519.3,0.9796147646887081
1,1,block_2,2,Provo_ID3,3,1081799,1261614,1,gaze_data,1741872057658,396.47713117301464,244.8882296681404,1741872057552.4001,0.9796147646887081
1,1,block_2,2,Provo_ID3,3,1081799,1261614,1,gaze_data,1741872057715,114.66672420501709,287.0805658400059,1741872057586.2002,1
1,1,block_2,2,Provo_ID3,3,1081799,1261614,1,gaze_data,1741872057833,97.32377529144287,286.1015856266022,1741872057697.8,0.7995511242786177
1,1,block_2,2,Provo_ID3,3,1081799,1261614,1,gaze_data,1741872057874,132.74505138397217,331.6740155220032,1741872057753.3,0.7995511242786177
1,1,block_2,2,Provo_ID3,3,1081799,1261614,1,gaze_data,1741872057922,154.5581579208374,353.98164987564087,1741872057786.2002,0.7953490470076616
1,1,block_2,2,Provo_ID3,3,1081799,1261614,1,gaze_data,1741872057962,161.78293228149414,353.55538725852966,1741872057819.2002,0.7953490470076616
1,1,block_2,2,Provo_ID3,3,1081799,1261614,1,gaze_data,1741872057989,179.89931106567383,353.6347657442093,1741872057885.5,0.7953490470076616
1,1,block_2,2,Provo_ID3,3,1081799,1261614,1,gaze_data,1741872058042,188.31593990325928,319.6439877152443,1741872057920,0.9296715057329661
1,1,block_2,2,Provo_ID3,3,1081799,1261614,1,gaze_data,1741872058082,268.38661432266235,314.4535109400749,1741872057953.2002,0.9296715057329661
1,1,block_2,2,Provo_ID3,3,1081799,1261614,1,gaze_data,1741872058139,248.0752944946289,298.0757862329483,1741872057986.5,1
1,1,block_2,2,Provo_ID3,3,1081799,1261614,1,gaze_data,1741872058178,253.66560220718384,297.5124031305313,1741872058053.3,1
1,1,block_2,2,Provo_ID3,3,1081799,1261614,1,gaze_data,1741872058228,268.2980179786682,323.8291874527931,1741872058091.6,1
1,1,block_2,2,Provo_ID3,3,1081799,1261614,1,gaze_data,1741872058280,368.2794690132141,215.8661562949419,1741872058153.2002,0.8254167816366887
1,1,block_2,2,Provo_ID3,3,1081799,1261614,1,gaze_data,1741872058357,317.51614809036255,286.37552484869957,1741872058186.1,0.8254167816366887
1,1,block_2,2,Provo_ID3,3,1081799,1261614,1,gaze_data,1741872058484,342.7498161792755,348.0837032198906,1741872058219.9001,0
1,1,block_2,2,Provo_ID3,3,1081799,1261614,1,gaze_data,1741872058530,396.828069165349,321.494160592556,1741872058386,0
1,1,block_2,2,Provo_ID3,3,1081799,1261614,1,gaze_data,1741872058589,345.553457736969,330.20943999290466,1741872058452.8,0
1,1,block_2,2,Provo_ID3,3,1081799,1261614,1,gaze_data,1741872058643,451.2673318386078,321.7259556055069,1741872058518.9001,0
1,1,block_2,2,Provo_ID3,3,1081799,1261614,1,gaze_data,1741872058710,482.8263223171234,323.0813726782799,1741872058552,0.5479308650166791
1,1,block_2,2,Provo_ID3,3,1081799,1261614,1,gaze_data,1741872058764,514.0882015228271,324.83668476343155,1741872058619.2002,0.5479308650166791
1,1,block_2,2,Provo_ID3,3,1081799,1261614,1,gaze_data,1741872058789,527.780282497406,320.08852660655975,1741872058685.8,0.5479308650166791
1,1,block_2,2,Provo_ID3,3,1081799,1261614,1,gaze_data,1741872058856,522.6754546165466,324.8072028160095,1741872058719.6,0.5862209697422442
1,1,block_2,2,Provo_ID3,3,1081799,1261614,1,gaze_data,1741872058898,511.92429065704346,338.2347583770752,1741872058786.7002,0.5862209697422442
1,1,block_2,2,Provo_ID3,3,1081799,1261614,1,gaze_data,1741872059030,505.3381681442261,340.91947078704834,1741872058868,0.6314650254413434
1,1,block_2,2,Provo_ID3,3,1081799,1261614,1,gaze_data,1741872059074,198.67892265319824,414.2707645893097,1741872058952.4001,0.6314650254413434
1,1,block_2,2,Provo_ID3,3,1081799,1261614,1,gaze_data,1741872059122,194.523286819458,423.84128868579865,1741872058985.7002,0.6886432965277269
1,1,block_2,2,Provo_ID3,3,1081799,1261614,1,gaze_data,1741872059159,155.55779933929443,425.12785494327545,1741872059052.2002,0.6886432965277269
1,1,block_2,2,Provo_ID3,3,1081799,1261614,1,gaze_data,1741872059200,125.28586387634277,437.3044431209564,1741872059085.4001,0.6886432965277269
1,1,block_2,2,Provo_ID3,3,1081799,1261614,1,gaze_data,1741872059279,172.75848388671875,420.7986205816269,1741872059120.2002,0.3484477834647179
1,1,block_2,2,Provo_ID3,3,1081799,1261614,1,gaze_data,1741872059338,153.32956314086914,414.39681351184845,1741872059185.7002,0.3484477834647179
1,1,block_2,2,Provo_ID3,3,1081799,1261614,1,gaze_data,1741872059393,123.58920574188232,422.2312033176422,1741872059252.9001,0.40215877524820376
1,1,block_2,2,Provo_ID3,3,1081799,1261614,1,gaze_data,1741872059437,103.15401554107666,421.6938376426697,1741872059319,0.40215877524820376
1,1,block_2,2,Provo_ID3,3,1081799,1261614,1,gaze_data,1741872059465,105.37717342376709,416.7399615049362,1741872059351.7002,0.40215877524820376
1,1,block_2,2,Provo_ID3,3,1081799,1261614,1,gaze_data,1741872059524,118.88148784637451,423.0784833431244,1741872059386.1,0.5546558014064908
1,1,block_2,2,Provo_ID3,3,1081799,1261614,1,gaze_data,1741872059572,339.95516300201416,390.4919683933258,1741872059453.2002,0.5546558014064908
1,1,block_2,2,Provo_ID3,3,1081799,1261614,1,gaze_data,1741872059627,363.99239003658295,396.80487513542175,1741872059485.1,0.2803338443238187
1,1,block_2,2,Provo_ID3,3,1081799,1261614,1,gaze_data,1741872059682,391.327353566885,393.6241775751114,1741872059551.9001,0.2803338443238187
1,1,block_2,2,Provo_ID3,3,1081799,1261614,1,gaze_data,1741872059707,389.77940902113914,385.4640632867813,1741872059585.7002,0.2803338443238187
1,1,block_2,2,Provo_ID3,3,1081799,1261614,1,gaze_data,1741872059764,377.0320490002632,383.3004295825958,1741872059618.5,0.31086134141929483
1,1,block_2,2,Provo_ID3,3,1081799,1261614,1,gaze_data,1741872059811,361.3155096769333,377.28456258773804,1741872059685.9001,0.31086134141929483
1,1,block_2,2,Provo_ID3,3,1081799,1261614,1,gaze_data,1741872059869,245.34035921096802,385.0048989057541,1741872059719.3,0.4862219437296816
1,1,block_2,2,Provo_ID3,3,1081799,1261614,1,gaze_data,1741872059922,157.57617950439453,406.61632120609283,1741872059785.2002,0.4862219437296816
1,1,block_2,2,Provo_ID3,3,1081799,1261614,1,gaze_data,1741872060048,141.9351577758789,413.49560618400574,1741872059919,0.3355142559777591
1,1,block_2,2,Provo_ID3,3,1081799,1261614,1,gaze_data,1741872060104,103.54282855987549,405.6957572698593,1741872059954.6,0.3355142559777591
1,1,block_2,2,Provo_ID3,3,1081799,1261614,1,gaze_data,1741872060166,119.02992725372314,416.346675157547,1741872060018.2002,0.19551894195450203
1,1,block_2,2,Provo_ID3,3,1081799,1261614,1,gaze_data,1741872060216,81.46336078643799,420.75469195842743,1741872060084.9001,0.19551894195450203
1,1,block_2,2,Provo_ID3,3,1081799,1261614,1,gaze_data,1741872060280,95.66183090209961,421.4505463838577,1741872060118.6,0.2408697602805799
1,1,block_2,2,Provo_ID3,3,1081799,1261614,1,gaze_data,1741872060330,103.40611934661865,408.35892260074615,1741872060185.1,0.2408697602805799
1,1,block_2,2,Provo_ID3,3,1081799,1261614,1,gaze_data,1741872060360,157.5218677520752,415.0350898504257,1741872060252,0.2408697602805799
1,1,block_2,2,Provo_ID3,3,1081799,1261614,1,gaze_data,1741872060417,168.05191040039062,423.260560631752,1741872060285.2002,0.5247690132403312
1,1,block_2,2,Provo_ID3,3,1081799,1261614,1,gaze_data,1741872060460,159.70666408538818,406.22272193431854,1741872060318.8,0.5247690132403312
1,1,block_2,2,Provo_ID3,3,1081799,1261614,1,gaze_data,1741872060517,157.55128860473633,408.15185606479645,1741872060385,0.5258903083935313
1,1,block_2,2,Provo_ID3,3,1081799,1261614,1,gaze_data,1741872060716,243.13499927520752,351.9427537918091,1741872060553.1,0.5310145775251985
1,1,block_2,2,Provo_ID3,3,1081799,1261614,1,gaze_data,1741872060773,266.03327989578247,369.5363014936447,1741872060618.7002,0.3500134254911957
1,1,block_2,2,Provo_ID3,3,1081799,1261614,1,gaze_data,1741872060835,279.1127562522888,373.4673172235489,1741872060685,0.3500134254911957
1,1,block_2,2,Provo_ID3,3,1081799,1261614,1,gaze_data,1741872060865,370.5831468105316,402.7730733156204,1741872060752.7002,0.3500134254911957
1,1,block_2,2,Provo_ID3,3,1081799,1261614,1,gaze_data,1741872060935,355.1577687263489,402.9797375202179,1741872060785.9001,0
1,1,block_2,2,Provo_ID3,3,1081799,1261614,1,gaze_data,1741872060966,389.6139867603779,396.81146144866943,1741872060852.5,0
1,1,block_2,2,Provo_ID3,3,1081799,1261614,1,gaze_data,1741872061023,411.96872517466545,400.44034123420715,1741872060884.6,0.13326091786275798
1,1,block_2,2,Provo_ID3,3,1081799,1261614,1,gaze_data,1741872061097,420.90092450380325,393.8210517168045,1741872060953.1,0.13326091786275798
1,1,block_2,2,Provo_ID3,3,1081799,1261614,1,gaze_data,1741872061153,421.3063508272171,394.0410375595093,1741872061018.8,0.13326091786275798
1,1,block_2,2,Provo_ID3,3,1081799,1261614,1,gaze_data,1741872061216,404.25231494009495,381.8056344985962,1741872061053.2002,0.25352731631774583
1,1,block_2,2,Provo_ID3,3,1081799,1261614,1,gaze_data,1741872061271,417.74875074625015,382.7632576227188,1741872061118.5,0.25352731631774583
1,1,block_2,2,Provo_ID3,3,1081799,1261614,1,gaze_data,1741872061300,411.7502450942993,390.91908037662506,1741872061193.8,0.25352731631774583
1,1,block_2,2,Provo_ID3,3,1081799,1261614,1,gaze_data,1741872061357,386.0347330570221,332.08727687597275,1741872061218.6,0.3916377350999983
1,1,block_2,2,Provo_ID3,3,1081799,1261614,1,gaze_data,1741872061408,273.3480215072632,125.20865947008133,1741872061251.6,0.3916377350999983
1,1,block_2,2,Provo_ID3,3,1081799,1261614,1,gaze_data,1741872061437,264.8771643638611,106.90044462680817,1741872061318.3,0.3916377350999983
1,1,block_2,2,Provo_ID3,3,1081799,1261614,1,gaze_data,1741872061499,234.61557626724243,123.3742967247963,1741872061351.9001,0.529361233902343
1,1,block_2,2,Provo_ID3,3,1081799,1261614,1,gaze_data,1741872061553,177.06267833709717,121.52528613805771,1741872061419.1,0.529361233902343
1,1,block_2,2,Provo_ID3,3,1081799,1261614,1,gaze_data,1741872061611,144.31064128875732,113.80535960197449,1741872061484.4001,1
1,1,block_2,2,Provo_ID3,3,1081799,1261614,1,gaze_data,1741872061671,145.0847864151001,117.03152060508728,1741872061518.4001,1
1,1,block_2,2,Provo_ID3,3,1081799,1261614,1,gaze_data,1741872061703,145.35930156707764,119.15010064840317,1741872061590.1,1
1,1,block_2,2,Provo_ID3,3,1081799,1261614,1,gaze_data,1741872061796,148.49636554718018,130.37026524543762,1741872061622.8,1
1,1,block_2,2,Provo_ID3,3,1081799,1261614,1,gaze_data,1741872061854,154.24978733062744,118.08604598045349,1741872061653.2002,1
1,1,block_2,2,Provo_ID3,3,1081799,1261614,1,gaze_data,1741872061943,145.39377689361572,116.8556272983551,1741872061784.2002,1
1,1,block_2,2,Provo_ID3,3,1081799,1261614,1,gaze_data,1741872062004,340.4336452484131,129.90176528692245,1741872061851.1,1
1,1,block_2,2,Provo_ID3,3,1081799,1261614,1,gaze_data,1741872062033,375.3673866391182,134.57538038492203,1741872061922.5,1
1,1,block_2,2,Provo_ID3,3,1081799,1261614,1,gaze_data,1741872062108,408.95880088210106,145.5133691430092,1741872061951,1
1,1,block_2,2,Provo_ID3,3,1081799,1261614,1,gaze_data,1741872062170,411.6385690867901,156.28284066915512,1741872062017.8,1
1,1,block_2,2,Provo_ID3,3,1081799,1261614,1,gaze_data,1741872062235,528.1888604164124,135.5638861656189,1741872062085.3,1
1,1,block_2,2,Provo_ID3,3,1081799,1261614,1,gaze_data,1741872062289,571.3767409324646,143.2261899113655,1741872062151,1
1,1,block_2,2,Provo_ID3,3,1081799,1261614,1,gaze_data,1741872062385,580.7905077934265,138.32244873046875,1741872062217.8,1
1,1,block_2,2,Provo_ID3,3,1081799,1261614,1,gaze_data,1741872062479,476.2209117412567,117.86785572767258,1741872062295.6,1
1,1,block_2,2,Provo_ID3,3,1081799,1261614,1,gaze_data,1741872062550,95.9881067276001,327.2157371044159,1741872062385.1,1
1,1,block_2,2,Provo_ID3,3,1081799,1261614,1,gaze_data,1741872062596,96.28362655639648,281.47769942879677,1741872062450.7002,1
1,1,block_2,2,Provo_ID3,3,1081799,1261614,1,gaze_data,1741872062661,153.9175033569336,245.62325738370419,1741872062518.2002,0
1,1,block_2,2,Provo_ID3,3,1081799,1261614,1,gaze_data,1741872062714,163.96551132202148,227.42961291223764,1741872062584.4001,0
1,1,block_2,2,Provo_ID3,3,1081799,1261614,1,gaze_data,1741872062793,158.0505609512329,190.98131209611893,1741872062616.9001,0.7506514117502308
1,1,block_2,2,Provo_ID3,3,1081799,1261614,1,gaze_data,1741872062839,156.33299350738525,184.61597934365273,1741872062717.8,0.7506514117502308
1,1,block_2,2,Provo_ID3,3,1081799,1261614,1,gaze_data,1741872062905,167.89085865020752,186.3988995552063,1741872062750.3,1
1,1,block_2,2,Provo_ID3,3,1081799,1261614,1,gaze_data,1741872062953,238.00135850906372,189.21310305595398,1741872062817.9001,1
1,1,block_2,2,Provo_ID3,3,1081799,1261614,1,gaze_data,1741872062980,297.23479747772217,200.43411701917648,1741872062883.7002,1
1,1,block_2,2,Provo_ID3,3,1081799,1261614,1,gaze_data,1741872063046,301.4598548412323,228.2623214647174,1741872062924.2002,1
1,1,block_2,2,Provo_ID3,3,1081799,1261614,1,gaze_data,1741872063131,317.2550857067108,218.94772201776505,1741872063020.4001,1
1,1,block_2,2,Provo_ID3,3,1081799,1261614,1,gaze_data,1741872063221,315.80371856689453,214.92559872567654,1741872063051.2002,1
1,1,block_2,2,Provo_ID3,3,1081799,1261614,1,gaze_data,1741872063272,201.46998167037964,231.3551589846611,1741872063150.4001,1
1,1,block_2,2,Provo_ID3,3,1081799,1261614,1,gaze_data,1741872063334,175.6169557571411,215.2286734431982,1741872063184.1,1
1,1,block_2,2,Provo_ID3,3,1081799,1261614,1,gaze_data,1741872063389,164.85497951507568,212.13550716638565,1741872063250.2002,1
1,1,block_2,2,Provo_ID3,3,1081799,1261614,1,gaze_data,1741872063446,177.22275257110596,214.79449830949306,1741872063317.7002,1
1,1,block_2,2,Provo_ID3,3,1081799,1261614,1,gaze_data,1741872063497,151.93464756011963,290.64849615097046,1741872063350.5,1
1,1,block_2,2,Provo_ID3,3,1081799,1261614,1,gaze_data,1741872063530,145.9284543991089,295.89029252529144,1741872063419.3,1
1,1,block_2,2,Provo_ID3,3,1081799,1261614,1,gaze_data,1741872063588,153.40726375579834,315.9135863184929,1741872063450.7002,1
1,1,block_2,2,Provo_ID3,3,1081799,1261614,1,gaze_data,1741872063650,160.53359508514404,314.6570384502411,1741872063517.1,1
1,1,block_2,2,Provo_ID3,3,1081799,1261614,1,gaze_data,1741872063681,169.46983337402344,314.0698507428169,1741872063551.4001,1
1,1,block_2,2,Provo_ID3,3,1081799,1261614,1,gaze_data,1741872063742,147.0435619354248,284.1963306069374,1741872063584,1
1,1,block_2,2,Provo_ID3,3,1081799,1261614,1,gaze_data,1741872063783,167.89116859436035,277.5152236223221,1741872063650.4001,1
1,1,block_2,2,Provo_ID3,3,1081799,1261614,1,gaze_data,1741872063845,269.20920610427856,265.78639298677444,1741872063684,1
1,1,block_2,2,Provo_ID3,3,1081799,1261614,1,gaze_data,1741872063914,279.30155992507935,272.05705121159554,1741872063750,1
1,1,block_2,2,Provo_ID3,3,1081799,1261614,1,gaze_data,1741872064005,275.73708295822144,278.57616022229195,1741872063818.2002,1
1,1,block_2,2,Provo_ID3,3,1081799,1261614,1,gaze_data,1741872064078,275.73708295822144,278.57616022229195,1741872063850.5,1
1,1,block_2,2,Provo_ID3,3,1081799,1261614,1,gaze_data,1741872064212,443.8299834728241,272.8977784514427,1741872063983.7002,0.9659440443957052
1,1,block_2,2,Provo_ID3,3,1081799,1261614,1,gaze_data,1741872064287,474.1782307624817,297.82622158527374,1741872064122.1,0.9659440443957052
1,1,block_2,2,Provo_ID3,3,1081799,1261614,1,gaze_data,1741872064357,460.00179052352905,102.91602313518524,1741872064219,1
1,1,block_2,2,Provo_ID3,3,1081799,1261614,1,gaze_data,1741872064407,304.57139015197754,225.83892047405243,1741872064283.1,1
1,1,block_2,2,Provo_ID3,3,1081799,1261614,1,gaze_data,1741872064459,245.59109210968018,401.3266772031784,1741872064316.9001,0
1,1,block_2,2,Provo_ID3,3,1081799,1261614,1,gaze_data,1741872064517,179.88908290863037,444.5061147212982,1741872064383.3,0
1,1,block_2,2,Provo_ID3,3,1081799,1261614,1,gaze_data,1741872064670,96.0625410079956,468.05297434329987,1741872064529.4001,0
1,1,block_2,2,Provo_ID3,3,1081799,1261614,1,gaze_data,1741872064705,115.27924537658691,460.00268161296844,1741872064583.7002,0
1,1,block_2,2,Provo_ID3,3,1081799,1261614,1,gaze_data,1741872064765,229.97875213623047,390.60041904449463,1741872064616.7002,0
1,1,block_2,2,Provo_ID3,3,1081799,1261614,1,gaze_data,1741872064804,271.85319662094116,395.8569973707199,1741872064683,0
1,1,block_2,2,Provo_ID3,3,1081799,1261614,1,gaze_data,1741872064855,254.3807029724121,406.7565858364105,1741872064716.1,0.21085733624025066
1,1,block_2,2,Provo_ID3,3,1081799,1261614,1,gaze_data,1741872064905,270.6671118736267,398.75199496746063,1741872064783.2002,0.21085733624025066
1,1,block_2,2,Provo_ID3,3,1081799,1261614,1,gaze_data,1741872064964,285.49898862838745,390.23776948451996,1741872064816.6,0.21085733624025066
1,1,block_2,2,Provo_ID3,3,1081799,1261614,1,gaze_data,1741872065047,276.60712003707886,389.43678736686707,1741872064885.4001,0.2275709866498614
1,1,block_2,2,Provo_ID3,3,1081799,1261614,1,gaze_data,1741872065107,153.26719284057617,360.2866142988205,1741872064950.2002,0.2275709866498614
1,1,block_2,2,Provo_ID3,3,1081799,1261614,1,gaze_data,1741872065170,170.092511177063,329.8934906721115,1741872064983.7002,0.4217012679092245
1,1,block_2,2,Provo_ID3,3,1081799,1261614,1,gaze_data,1741872065210,165.25185108184814,336.1079007387161,1741872065082.8,0.4217012679092245
1,1,block_2,2,Provo_ID3,3,1081799,1261614,1,gaze_data,1741872065257,130.92889785766602,379.99940514564514,1741872065116.6,0.4297132280261957
1,1,block_2,2,Provo_ID3,3,1081799,1261614,1,gaze_data,1741872065295,128.2193660736084,401.26115679740906,1741872065182.9001,0.4297132280261957
1,1,block_2,2,Provo_ID3,3,1081799,1261614,1,gaze_data,1741872065341,118.09136867523193,422.32987880706787,1741872065215.6,0.6691345153785734
1,1,block_2,2,Provo_ID3,3,1081799,1261614,1,gaze_data,1741872065400,110.32476425170898,419.2645460367203,1741872065249.2002,0.6691345153785734
1,1,block_2,2,Provo_ID3,3,1081799,1261614,1,gaze_data,1741872065476,102.51789093017578,406.0443252325058,1741872065319.3,0.3944342420400143
1,1,block_2,2,Provo_ID3,3,1081799,1261614,1,gaze_data,1741872065533,156.19754791259766,406.39714002609253,1741872065383.9001,0.3944342420400143
1,1,block_2,2,Provo_ID3,3,1081799,1261614,1,gaze_data,1741872065569,289.18999433517456,373.98206293582916,1741872065417.8,0.3944342420400143
1,1,block_2,2,Provo_ID3,3,1081799,1261614,1,gaze_data,1741872065648,287.8780484199524,368.99704337120056,1741872065449.9001,0.5924110136380244
1,1,block_2,2,Provo_ID3,3,1081799,1261614,1,gaze_data,1741872065696,209.47957038879395,165.21732360124588,1741872065549.8,0.5924110136380244
1,1,block_2,2,Provo_ID3,3,1081799,1261614,1,gaze_data,1741872065744,200.24250745773315,150.75734108686447,1741872065616.3,0.5677061361843972
1,1,block_2,2,Provo_ID3,3,1081799,1261614,1,gaze_data,1741872065781,190.63198566436768,139.84860330820084,1741872065649.3,0.5677061361843972
1,1,block_2,2,Provo_ID3,3,1081799,1261614,1,gaze_data,1741872065805,185.58971881866455,141.23643785715103,1741872065682.3,0.5677061361843972
1,1,block_2,2,Provo_ID3,3,1081799,1261614,1,gaze_data,1741872065855,162.1178388595581,158.67844820022583,1741872065716,1
1,1,block_2,2,Provo_ID3,3,1081799,1261614,1,gaze_data,1741872065892,130.3415298461914,122.71562814712524,1741872065783.2002,1
1,1,block_2,2,Provo_ID3,3,1081799,1261614,1,gaze_data,1741872065943,126.01969242095947,128.60131114721298,1741872065815.7002,0.9876804265056767
1,1,block_2,2,Provo_ID3,3,1081799,1261614,1,gaze_data,1741872065980,127.30386257171631,128.85201573371887,1741872065849.9001,0.9876804265056767
1,1,block_2,2,Provo_ID3,3,1081799,1261614,1,gaze_data,1741872066008,136.45713329315186,117.40758121013641,1741872065882.9001,0.9876804265056767
1,1,block_2,2,Provo_ID3,3,1081799,1261614,1,gaze_data,1741872066053,139.64011669158936,107.63770937919617,1741872065916,1
1,1,block_2,2,Provo_ID3,3,1081799,1261614,1,gaze_data,1741872066086,229.6229362487793,120.4051285982132,1741872065982.5,1
1,1,block_2,2,Provo_ID3,3,1081799,1261614,1,gaze_data,1741872066131,259.4386577606201,130.253104865551,1741872066015.1,1
1,1,block_2,2,Provo_ID3,3,1081799,1261614,1,gaze_data,1741872066170,275.88528394699097,133.08795392513275,1741872066049.3,1
1,1,block_2,2,Provo_ID3,3,1081799,1261614,1,gaze_data,1741872066248,290.5309796333313,119.33614164590836,1741872066082.3,1
1,1,block_2,2,Provo_ID3,3,1081799,1261614,1,gaze_data,1741872066311,435.17012894153595,134.776009619236,1741872066166,1
1,1,block_2,2,Provo_ID3,3,1081799,1261614,1,gaze_data,1741872066365,436.0590100288391,134.02619808912277,1741872066216.7002,1
1,1,block_2,2,Provo_ID3,3,1081799,1261614,1,gaze_data,1741872066405,456.0682237148285,139.993979036808,1741872066282.1,1
1,1,block_2,2,Provo_ID3,3,1081799,1261614,1,gaze_data,1741872066453,499.03170466423035,143.20484399795532,1741872066315.8,1
1,1,block_2,2,Provo_ID3,3,1081799,1261614,1,gaze_data,1741872066493,273.1696844100952,153.51975560188293,1741872066382.1,1
1,1,block_2,2,Provo_ID3,3,1081799,1261614,1,gaze_data,1741872066541,179.29015159606934,166.6476935148239,1741872066415.6,1
1,1,block_2,2,Provo_ID3,3,1081799,1261614,1,gaze_data,1741872066579,154.695725440979,175.07707178592682,1741872066448.9001,1
1,1,block_2,2,Provo_ID3,3,1081799,1261614,1,gaze_data,1741872066633,171.92249298095703,167.59434193372726,1741872066482.5,1
1,1,block_2,2,Provo_ID3,3,1081799,1261614,1,gaze_data,1741872066673,168.86627674102783,168.08293610811234,1741872066548.8,1
1,1,block_2,2,Provo_ID3,3,1081799,1261614,1,gaze_data,1741872066695,164.15691375732422,176.45585387945175,1741872066582.9001,1
1,1,block_2,2,Provo_ID3,3,1081799,1261614,1,gaze_data,1741872066741,154.95154857635498,209.18045975267887,1741872066616,1
1,1,block_2,2,Provo_ID3,3,1081799,1261614,1,gaze_data,1741872066775,148.834228515625,214.14779350161552,1741872066648.9001,1
1,1,block_2,2,Provo_ID3,3,1081799,1261614,1,gaze_data,1741872066828,147.3191738128662,215.6529225409031,1741872066682.2002,1
1,1,block_2,2,Provo_ID3,3,1081799,1261614,1,gaze_data,1741872066857,148.60491752624512,220.01244351267815,1741872066748.6,1
1,1,block_2,2,Provo_ID3,3,1081799,1261614,1,gaze_data,1741872066920,248.04939031600952,226.32638774812222,1741872066782.5,1
1,1,block_2,2,Provo_ID3,3,1081799,1261614,1,gaze_data,1741872067001,292.4327850341797,222.86207638680935,1741872066890.5,1
1,1,block_2,2,Provo_ID3,3,1081799,1261614,1,gaze_data,1741872067058,316.1434769630432,206.3227653503418,1741872066916.8,1
1,1,block_2,2,Provo_ID3,3,1081799,1261614,1,gaze_data,1741872067092,345.0163245201111,211.9860764592886,1741872066982.3,1
1,1,block_2,2,Provo_ID3,3,1081799,1261614,1,gaze_data,1741872067136,350.2777874469757,197.53071889281273,1741872067015,1
1,1,block_2,2,Provo_ID3,3,1081799,1261614,1,gaze_data,1741872067166,411.34475246071815,203.1690314412117,1741872067049.2002,1
1,1,block_2,2,Provo_ID3,3,1081799,1261614,1,gaze_data,1741872067221,471.4454770088196,206.6671647131443,1741872067081.8,1
1,1,block_2,2,Provo_ID3,3,1081799,1261614,1,gaze_data,1741872067301,471.8358337879181,195.55966779589653,1741872067130.9001,1
1,1,block_2,2,Provo_ID3,3,1081799,1261614,1,gaze_data,1741872067328,489.28324580192566,212.5285942107439,1741872067215.9001,1
1,1,block_2,2,Provo_ID3,3,1081799,1261614,1,gaze_data,1741872067378,481.1964213848114,213.93876187503338,1741872067249.2002,1
1,1,block_2,2,Provo_ID3,3,1081799,1261614,1,gaze_data,1741872067409,221.66430950164795,273.8029755651951,1741872067282,1
1,1,block_2,2,Provo_ID3,3,1081799,1261614,1,gaze_data,1741872067453,228.9320945739746,257.58001804351807,1741872067315.3,1
1,1,block_2,2,Provo_ID3,3,1081799,1261614,1,gaze_data,1741872067491,155.38833141326904,280.7011291384697,1741872067382,1
1,1,block_2,2,Provo_ID3,3,1081799,1261614,1,gaze_data,1741872067551,190.02959728240967,261.49332374334335,1741872067414.5,1
1,1,block_2,2,Provo_ID3,3,1081799,1261614,1,gaze_data,1741872067624,176.73985958099365,291.78257137537,1741872067516,1
1,1,block_2,2,Provo_ID3,3,1081799,1261614,1,gaze_data,1741872067687,164.88728523254395,313.84047716856,1741872067549.3,1
1,1,block_2,2,Provo_ID3,3,1081799,1261614,1,gaze_data,1741872067722,142.1562671661377,330.8030426502228,1741872067615.2002,1
1,1,block_2,2,Provo_ID3,3,1081799,1261614,1,gaze_data,1741872067764,138.04724216461182,321.2168946862221,1741872067648.2002,1
1,1,block_2,2,Provo_ID3,3,1081799,1261614,1,gaze_data,1741872067806,143.39978694915771,320.9801897406578,1741872067681.5,1
1,1,block_2,2,Provo_ID3,3,1081799,1261614,1,gaze_data,1741872067856,300.39204955101013,305.8112099766731,1741872067715.5,1
1,1,block_2,2,Provo_ID3,3,1081799,1261614,1,gaze_data,1741872067900,410.5294518172741,302.85074412822723,1741872067781.9001,1
1,1,block_2,2,Provo_ID3,3,1081799,1261614,1,gaze_data,1741872067950,441.8274253606796,285.5442114174366,1741872067815.3,0.8516664700641501
1,1,block_2,2,Provo_ID3,3,1081799,1261614,1,gaze_data,1741872067988,454.6747148036957,285.24060025811195,1741872067881.4001,0.8516664700641501
1,1,block_2,2,Provo_ID3,3,1081799,1261614,1,gaze_data,1741872068010,482.6095223426819,277.69500985741615,1741872067915,0.8516664700641501
1,1,block_2,2,Provo_ID3,3,1081799,1261614,1,gaze_data,1741872068057,509.3140125274658,277.25391685962677,1741872067948,1
1,1,block_2,2,Provo_ID3,3,1081799,1261614,1,gaze_data,1741872068090,529.3165445327759,276.03733763098717,1741872067982,1
1,1,block_2,2,Provo_ID3,3,1081799,1261614,1,gaze_data,1741872068150,546.6093897819519,283.824609965086,1741872068014.8,1
1,1,block_2,2,Provo_ID3,3,1081799,1261614,1,gaze_data,1741872068262,540.7755374908447,292.3733800649643,1741872068120.7002,1
1,1,block_2,2,Provo_ID3,3,1081799,1261614,1,gaze_data,1741872068304,566.7914152145386,304.5300751924515,1741872068182.2002,1
1,1,block_2,2,Provo_ID3,3,1081799,1261614,1,gaze_data,1741872068347,572.8233695030212,308.57391506433487,1741872068214.5,1
1,1,block_2,2,Provo_ID3,3,1081799,1261614,1,gaze_data,1741872068378,525.2418398857117,290.0940388441086,1741872068248.7002,1
1,1,block_2,2,Provo_ID3,3,1081799,1261614,1,gaze_data,1741872068401,474.25185441970825,287.374971807003,1741872068281.1,1
1,1,block_2,2,Provo_ID3,3,1081799,1261614,1,gaze_data,1741872068448,467.7852749824524,282.5037971138954,1741872068314.8,1
1,1,block_2,2,Provo_ID3,3,1081799,1261614,1,gaze_data,1741872068485,446.826308965683,290.8452734351158,1741872068348.5,1
1,1,block_2,2,Provo_ID3,3,1081799,1261614,1,gaze_data,1741872068548,458.5463583469391,289.1539469361305,1741872068414.5,1
1,1,block_2,2,Provo_ID3,3,1081799,1261614,1,gaze_data,1741872068630,405.5339477956295,298.9649087190628,1741872068517.2002,1
1,1,block_2,2,Provo_ID3,3,1081799,1261614,1,gaze_data,1741872068692,395.0876612216234,300.6496787071228,1741872068548.7002,1
1,1,block_2,2,Provo_ID3,3,1081799,1261614,1,gaze_data,1741872068743,390.0395505130291,271.38656973838806,1741872068614.8,1
1,1,block_2,2,Provo_ID3,3,1081799,1261614,1,gaze_data,1741872068769,325.6474554538727,222.25729040801525,1741872068649,1
1,1,block_2,2,Provo_ID3,3,1081799,1261614,1,gaze_data,1741872068817,320.4116761684418,208.6043231189251,1741872068681,1
1,1,block_2,2,Provo_ID3,3,1081799,1261614,1,gaze_data,1741872068851,321.7869699001312,221.40699103474617,1741872068748,1
1,1,block_2,2,Provo_ID3,3,1081799,1261614,1,gaze_data,1741872068900,323.7206220626831,232.34420586377382,1741872068781.3,1
1,1,block_2,2,Provo_ID3,3,1081799,1261614,1,gaze_data,1741872068952,316.2082254886627,236.88659854233265,1741872068814.6,1
1,1,block_2,2,Provo_ID3,3,1081799,1261614,1,gaze_data,1741872068995,321.19930386543274,238.0273373797536,1741872068858.8,1
1,1,block_2,2,Provo_ID3,3,1081799,1261614,1,gaze_data,1741872069067,316.9275760650635,224.66855440288782,1741872068928.2002,1
1,1,block_2,2,Provo_ID3,3,1081799,1261614,1,gaze_data,1741872069107,212.07300424575806,119.6341797709465,1741872068983,1
1,1,block_2,2,Provo_ID3,3,1081799,1261614,1,gaze_data,1741872069150,183.58123302459717,96.4466392993927,1741872069014.4001,1
1,1,block_2,2,Provo_ID3,3,1081799,1261614,1,gaze_data,1741872069189,180.13358116149902,103.84262204170227,1741872069081,1
1,1,block_2,2,Provo_ID3,3,1081799,1261614,1,gaze_data,1741872069241,150.07591247558594,110.72178781032562,1741872069114,1
1,1,block_2,2,Provo_ID3,3,1081799,1261614,1,gaze_data,1741872069276,152.48589515686035,101.33556127548218,1741872069147.2002,1
1,1,block_2,2,Provo_ID3,3,1081799,1261614,1,gaze_data,1741872069328,138.9132022857666,100.49327313899994,1741872069181.4001,1
1,1,block_2,2,Provo_ID3,3,1081799,1261614,1,gaze_data,1741872069362,136.2665891647339,107.3842853307724,1741872069247.8,1
1,1,block_2,2,Provo_ID3,3,1081799,1261614,1,gaze_data,1741872069430,143.0414915084839,99.40338730812073,1741872069281,1
1,1,block_2,2,Provo_ID3,3,1081799,1261614,1,gaze_data,1741872069502,179.32369709014893,100.19136071205139,1741872069390.4001,1
1,1,block_2,2,Provo_ID3,3,1081799,1261614,1,gaze_data,1741872069558,210.8925223350525,96.48119509220123,1741872069415.2002,1
1,1,block_2,2,Provo_ID3,3,1081799,1261614,1,gaze_data,1741872069591,210.7538104057312,94.90799009799957,1741872069481.2002,1
1,1,block_2,2,Provo_ID3,3,1081799,1261614,1,gaze_data,1741872069640,307.5485825538635,92.52365529537201,1741872069514.6,1
1,1,block_2,2,Provo_ID3,3,1081799,1261614,1,gaze_data,1741872069670,345.54426074028015,87.74608969688416,1741872069547.6,1
1,1,block_2,2,Provo_ID3,3,1081799,1261614,1,gaze_data,1741872069721,357.12921917438507,96.07089161872864,1741872069581.1,1
1,1,block_2,2,Provo_ID3,3,1081799,1261614,1,gaze_data,1741872069755,351.5877991914749,96.81609869003296,1741872069647.9001,1
1,1,block_2,2,Provo_ID3,3,1081799,1261614,1,gaze_data,1741872069800,360.5970501899719,100.8903443813324,1741872069680.8,1
1,1,block_2,2,Provo_ID3,3,1081799,1261614,1,gaze_data,1741872069841,369.1033184528351,105.1213949918747,1741872069714.5,1
1,1,block_2,2,Provo_ID3,3,1081799,1261614,1,gaze_data,1741872069862,378.26329320669174,90.7553493976593,1741872069748.7002,1
1,1,block_2,2,Provo_ID3,3,1081799,1261614,1,gaze_data,1741872069911,406.7891903221607,145.63948512077332,1741872069781.6,1
1,1,block_2,2,Provo_ID3,3,1081799,1261614,1,gaze_data,1741872069943,429.56039011478424,139.42275792360306,1741872069814.3,1
1,1,block_2,2,Provo_ID3,3,1081799,1261614,1,gaze_data,1741872069991,465.8364474773407,196.8335121870041,1741872069847.3,1
1,1,block_2,2,Provo_ID3,3,1081799,1261614,1,gaze_data,1741872070029,513.8970971107483,258.8759869337082,1741872069914.1,1
1,1,block_2,2,Provo_ID3,3,1081799,1261614,1,gaze_data,1741872070050,578.6585688591003,213.9102801680565,1741872069947.3,1
1,1,block_2,2,Provo_ID3,3,1081799,1261614,1,gaze_data,1741872070100,639.3120288848877,118.85499805212021,1741872069980.9001,0
1,1,block_2,2,Provo_ID3,3,1081799,1261614,1,gaze_data,1741872070224,527.2053360939026,135.2889746427536,1741872070092.8,0.6535457337819146
1,1,block_2,2,Provo_ID3,3,1081799,1261614,1,gaze_data,1741872070272,194.36333179473877,119.8691338300705,1741872070147.8,0.6535457337819146
1,1,block_2,2,Provo_ID3,3,1081799,1261614,1,gaze_data,1741872070332,172.31557369232178,101.96893513202667,1741872070181.3,1
1,1,block_2,2,Provo_ID3,3,1081799,1261614,1,gaze_data,1741872070378,189.00420665740967,109.62010025978088,1741872070247.5,1
1,1,block_2,2,Provo_ID3,3,1081799,1261614,1,gaze_data,1741872070428,228.91812324523926,167.98484921455383,1741872070280.5,1
1,1,block_2,2,Provo_ID3,3,1081799,1261614,1,gaze_data,1741872070476,240.77742099761963,171.81625068187714,1741872070347.4001,1
1,1,block_2,2,Provo_ID3,3,1081799,1261614,1,gaze_data,1741872070523,231.00842237472534,172.0190852880478,1741872070381.1,1
1,1,block_2,2,Provo_ID3,3,1081799,1261614,1,gaze_data,1741872070566,302.6002109050751,174.31064546108246,1741872070447.4001,1
1,1,block_2,2,Provo_ID3,3,1081799,1261614,1,gaze_data,1741872070686,336.71350479125977,147.87149280309677,1741872070535.9001,1
1,1,block_2,2,Provo_ID3,3,1081799,1261614,1,gaze_data,1741872070726,372.3427563905716,153.41468006372452,1741872070614.2002,1
1,1,block_2,2,Provo_ID3,3,1081799,1261614,1,gaze_data,1741872070771,388.20016607642174,143.4197559952736,1741872070647.7002,1
1,1,block_2,2,Provo_ID3,3,1081799,1261614,1,gaze_data,1741872070806,404.94709610939026,145.85375636816025,1741872070680.3,1
1,1,block_2,2,Provo_ID3,3,1081799,1261614,1,gaze_data,1741872070826,470.55410742759705,131.7099094390869,1741872070714.6,1
1,1,block_2,2,Provo_ID3,3,1081799,1261614,1,gaze_data,1741872070874,488.52108120918274,146.8755140900612,1741872070747.8,1
1,1,block_2,2,Provo_ID3,3,1081799,1261614,1,gaze_data,1741872070905,500.62111616134644,151.51720345020294,1741872070780.7002,1
1,1,block_2,2,Provo_ID3,3,1081799,1261614,1,gaze_data,1741872070963,500.351083278656,152.73061245679855,1741872070813.3,1
1,1,block_2,2,Provo_ID3,3,1081799,1261614,1,gaze_data,1741872071029,572.1949696540833,165.71554392576218,1741872070849.5,1
1,1,block_2,2,Provo_ID3,3,1081799,1261614,1,gaze_data,1741872071077,617.3157691955566,179.0957510471344,1741872070948.3,1
1,1,block_2,2,Provo_ID3,3,1081799,1261614,1,gaze_data,1741872071123,431.29443526268005,201.19453817605972,1741872070981.1,1
1,1,block_2,2,Provo_ID3,3,1081799,1261614,1,gaze_data,1741872071157,407.77530893683434,201.93230584263802,1741872071047,1
1,1,block_2,2,Provo_ID3,3,1081799,1261614,1,gaze_data,1741872071178,386.6481274366379,194.87007930874825,1741872071079.8,1
1,1,block_2,2,Provo_ID3,3,1081799,1261614,1,gaze_data,1741872071225,402.7855971828103,187.63178065419197,1741872071113.9001,1
1,1,block_2,2,Provo_ID3,3,1081799,1261614,1,gaze_data,1741872071259,405.6366231292486,191.55956283211708,1741872071147.1,1
1,1,block_2,2,Provo_ID3,3,1081799,1261614,1,gaze_data,1741872071308,395.763660594821,198.13620150089264,1741872071180.7002,1
1,1,block_2,2,Provo_ID3,3,1081799,1261614,1,gaze_data,1741872071346,423.81085753440857,197.6092293858528,1741872071213.2002,1
1,1,block_2,2,Provo_ID3,3,1081799,1261614,1,gaze_data,1741872071397,428.6095529794693,211.45734414458275,1741872071247.4001,1
1,1,block_2,2,Provo_ID3,3,1081799,1261614,1,gaze_data,1741872071437,417.39772260189056,215.43075554072857,1741872071313.3,1
1,1,block_2,2,Provo_ID3,3,1081799,1261614,1,gaze_data,1741872071457,420.6270828843117,214.63123932480812,1741872071346.6,1
1,1,block_2,2,Provo_ID3,3,1081799,1261614,1,gaze_data,1741872071505,500.8830785751343,217.99486726522446,1741872071380.8,1
1,1,block_2,2,Provo_ID3,3,1081799,1261614,1,gaze_data,1741872071540,534.9501848220825,206.38656094670296,1741872071413.1,1
1,1,block_2,2,Provo_ID3,3,1081799,1261614,1,gaze_data,1741872071589,542.7204012870789,217.3048559576273,1741872071447.2002,0.9935416324878581
1,1,block_2,2,Provo_ID3,3,1081799,1261614,1,gaze_data,1741872071628,531.9879174232483,222.74219654500484,1741872071513.9001,0.9935416324878581
1,1,block_2,2,Provo_ID3,3,1081799,1261614,1,gaze_data,1741872071650,263.9872193336487,234.9560171365738,1741872071546.5,0.9935416324878581
1,1,block_2,2,Provo_ID3,3,1081799,1261614,1,gaze_data,1741872071694,194.755220413208,262.08620741963387,1741872071581.1,1
1,1,block_2,2,Provo_ID3,3,1081799,1261614,1,gaze_data,1741872071725,179.97894287109375,274.79611560702324,1741872071613.7002,1
1,1,block_2,2,Provo_ID3,3,1081799,1261614,1,gaze_data,1741872071773,197.03924655914307,270.69098353385925,1741872071647.1,0.9906041689026934
1,1,block_2,2,Provo_ID3,3,1081799,1261614,1,gaze_data,1741872071812,194.12269592285156,268.87546330690384,1741872071680,0.9906041689026934
1,1,block_2,2,Provo_ID3,3,1081799,1261614,1,gaze_data,1741872071878,192.75436401367188,286.67956069111824,1741872071713.9001,1
1,1,block_2,2,Provo_ID3,3,1081799,1261614,1,gaze_data,1741872071966,192.75436401367188,286.67956069111824,1741872071746.3,1
1,1,block_2,2,Provo_ID3,3,1081799,1261614,1,gaze_data,1741872072045,96.27194404602051,311.9443714618683,1741872071881.2002,1
1,1,block_2,2,Provo_ID3,3,1081799,1261614,1,gaze_data,1741872072078,104.05733585357666,301.9468694925308,1741872071946.9001,1
1,1,block_2,2,Provo_ID3,3,1081799,1261614,1,gaze_data,1741872072123,113.11326026916504,299.5607167482376,1741872071980,1
1,1,block_2,2,Provo_ID3,3,1081799,1261614,1,gaze_data,1741872072156,232.89775848388672,275.6349913775921,1741872072046.3,1
1,1,block_2,2,Provo_ID3,3,1081799,1261614,1,gaze_data,1741872072216,275.8846163749695,278.190179169178,1741872072079.6,1
1,1,block_2,2,Provo_ID3,3,1081799,1261614,1,gaze_data,1741872072304,278.5478353500366,274.06561225652695,1741872072152.3,1
1,1,block_2,2,Provo_ID3,3,1081799,1261614,1,gaze_data,1741872072368,287.3351216316223,277.3390360176563,1741872072213.9001,0.9359632699583296
1,1,block_2,2,Provo_ID3,3,1081799,1261614,1,gaze_data,1741872072410,294.05726194381714,277.07841098308563,1741872072280.7002,0.9359632699583296
1,1,block_2,2,Provo_ID3,3,1081799,1261614,1,gaze_data,1741872072464,319.7027266025543,281.81655183434486,1741872072313.5,1
1,1,block_2,2,Provo_ID3,3,1081799,1261614,1,gaze_data,1741872072497,330.34529089927673,290.70832431316376,1741872072380.1,1
1,1,block_2,2,Provo_ID3,3,1081799,1261614,1,gaze_data,1741872072546,334.54447984695435,299.86728578805923,1741872072413.1,0.9244440565285519
1,1,block_2,2,Provo_ID3,3,1081799,1261614,1,gaze_data,1741872072587,400.84142880514264,122.55456149578094,1741872072479.7002,0.9244440565285519
1,1,block_2,2,Provo_ID3,3,1081799,1261614,1,gaze_data,1741872072636,488.8099730014801,111.81510090827942,1741872072513.5,0.9884253942360237
1,1,block_2,2,Provo_ID3,3,1081799,1261614,1,gaze_data,1741872072676,436.5095555782318,137.58659958839417,1741872072546.6,0.9884253942360237
1,1,block_2,2,Provo_ID3,3,1081799,1261614,1,gaze_data,1741872072728,311.23990416526794,322.65826910734177,1741872072580.5,0
1,1,block_2,2,Provo_ID3,3,1081799,1261614,1,gaze_data,1741872072774,228.6179542541504,351.59554183483124,1741872072646.4001,0
1,1,block_2,2,Provo_ID3,3,1081799,1261614,1,gaze_data,1741872072815,235.2680206298828,371.1779326200485,1741872072680.6,0
1,1,block_2,2,Provo_ID3,3,1081799,1261614,1,gaze_data,1741872072845,230.00919818878174,338.6995553970337,1741872072746.3,0
1,1,block_2,2,Provo_ID3,3,1081799,1261614,1,gaze_data,1741872072875,242.52740144729614,319.12482380867004,1741872072779.3,0
1,1,block_2,2,Provo_ID3,3,1081799,1261614,1,gaze_data,1741872072921,251.82740688323975,334.823077917099,1741872072813.8,0.002776059212205263
1,1,block_2,2,Provo_ID3,3,1081799,1261614,1,gaze_data,1741872072955,244.9580192565918,328.4901589155197,1741872072846.5,0.002776059212205263
1,1,block_2,2,Provo_ID3,3,1081799,1261614,1,gaze_data,1741872073080,372.92185723781586,386.90074384212494,1741872072946.7002,0.5522156682495103
1,1,block_2,2,Provo_ID3,3,1081799,1261614,1,gaze_data,1741872073130,399.89436662290245,373.3598053455353,1741872073012.8,0.44182060164492915
1,1,block_2,2,Provo_ID3,3,1081799,1261614,1,gaze_data,1741872073170,390.40641337633133,372.26391434669495,1741872073046.2002,0.44182060164492915
1,1,block_2,2,Provo_ID3,3,1081799,1261614,1,gaze_data,1741872073194,385.11213064193726,381.8131595849991,1741872073079.4001,0.44182060164492915
1,1,block_2,2,Provo_ID3,3,1081799,1261614,1,gaze_data,1741872073240,393.32546293735504,387.3617261648178,1741872073114.3,0.48661969266922483
1,1,block_2,2,Provo_ID3,3,1081799,1261614,1,gaze_data,1741872073302,423.8356590270996,391.5780693292618,1741872073147,0.48661969266922483
1,1,block_2,2,Provo_ID3,3,1081799,1261614,1,gaze_data,1741872073393,457.8514873981476,370.2448219060898,1741872073214.2002,0.5828890537171377
1,1,block_2,2,Provo_ID3,3,1081799,1261614,1,gaze_data,1741872073497,502.00822353363037,398.56301844120026,1741872073317.8,0.5828890537171377
1,1,block_2,2,Provo_ID3,3,1081799,1261614,1,gaze_data,1741872073588,521.1033344268799,404.0686249732971,1741872073413.7002,0.5302579515531339
1,1,block_2,2,Provo_ID3,3,1081799,1261614,1,gaze_data,1741872073632,506.01367950439453,378.64348888397217,1741872073513.5,0.5302579515531339
1,1,block_2,2,Provo_ID3,3,1081799,1261614,1,gaze_x,"",
1,1,block_2,2,Provo_ID3,3,1081799,1261614,1,gaze_y,"",
1,1,block_2,2,Provo_ID3,3,1081799,1261614,1,el_x,"",
1,1,block_2,2,Provo_ID3,3,1081799,1261614,1,applied_drift,1741872012966,
1,1,block_2,2,Provo_ID3,3,1081799,1261614,1,applied_drift,1741872037835,0,-39.96341824531555
1,1,block_2,2,Provo_ID3,3,1081799,1261614,1,applied_drift,1741872037875,0,-39.96341824531555
1,1,block_2,2,Provo_ID3,3,1081799,1261614,1,applied_drift,1741872037896,0,-39.96341824531555
1,1,block_2,2,Provo_ID3,3,1081799,1261614,1,applied_drift,1741872037937,0,-39.96341824531555
1,1,block_2,2,Provo_ID3,3,1081799,1261614,1,applied_drift,1741872037967,0,-39.96341824531555
1,1,block_2,2,Provo_ID3,3,1081799,1261614,1,applied_drift,1741872038020,0,-39.96341824531555
1,1,block_2,2,Provo_ID3,3,1081799,1261614,1,applied_drift,1741872038052,0,-39.96341824531555
1,1,block_2,2,Provo_ID3,3,1081799,1261614,1,applied_drift,1741872038113,0,-39.96341824531555
1,1,block_2,2,Provo_ID3,3,1081799,1261614,1,applied_drift,1741872038197,0,-39.96341824531555
1,1,block_2,2,Provo_ID3,3,1081799,1261614,1,applied_drift,1741872038269,0,-39.96341824531555
1,1,block_2,2,Provo_ID3,3,1081799,1261614,1,applied_drift,1741872038304,0,-39.96341824531555
1,1,block_2,2,Provo_ID3,3,1081799,1261614,1,applied_drift,1741872038367,0,-39.96341824531555
1,1,block_2,2,Provo_ID3,3,1081799,1261614,1,applied_drift,1741872038408,0,-39.96341824531555
1,1,block_2,2,Provo_ID3,3,1081799,1261614,1,applied_drift,1741872038464,0,-39.96341824531555
1,1,block_2,2,Provo_ID3,3,1081799,1261614,1,applied_drift,1741872038509,0,-39.96341824531555
1,1,block_2,2,Provo_ID3,3,1081799,1261614,1,applied_drift,1741872038536,0,-39.96341824531555
1,1,block_2,2,Provo_ID3,3,1081799,1261614,1,applied_drift,1741872038590,0,-39.96341824531555
1,1,block_2,2,Provo_ID3,3,1081799,1261614,1,applied_drift,1741872038658,0,-39.96341824531555
1,1,block_2,2,Provo_ID3,3,1081799,1261614,1,applied_drift,1741872038721,0,-39.96341824531555
1,1,block_2,2,Provo_ID3,3,1081799,1261614,1,applied_drift,1741872038759,0,-39.96341824531555
1,1,block_2,2,Provo_ID3,3,1081799,1261614,1,applied_drift,1741872038809,0,-39.96341824531555
1,1,block_2,2,Provo_ID3,3,1081799,1261614,1,applied_drift,1741872038842,0,-39.96341824531555
1,1,block_2,2,Provo_ID3,3,1081799,1261614,1,applied_drift,1741872038893,0,-39.96341824531555
1,1,block_2,2,Provo_ID3,3,1081799,1261614,1,applied_drift,1741872038937,0,-39.96341824531555
1,1,block_2,2,Provo_ID3,3,1081799,1261614,1,applied_drift,1741872038986,0,-39.96341824531555
1,1,block_2,2,Provo_ID3,3,1081799,1261614,1,applied_drift,1741872039028,0,-39.96341824531555
1,1,block_2,2,Provo_ID3,3,1081799,1261614,1,applied_drift,1741872039082,0,-39.96341824531555
1,1,block_2,2,Provo_ID3,3,1081799,1261614,1,applied_drift,1741872039118,0,-39.96341824531555
1,1,block_2,2,Provo_ID3,3,1081799,1261614,1,applied_drift,1741872039193,0,-39.96341824531555
1,1,block_2,2,Provo_ID3,3,1081799,1261614,1,applied_drift,1741872039245,0,-39.96341824531555
1,1,block_2,2,Provo_ID3,3,1081799,1261614,1,applied_drift,1741872039270,0,-39.96341824531555
1,1,block_2,2,Provo_ID3,3,1081799,1261614,1,applied_drift,1741872039316,0,-39.96341824531555
1,1,block_2,2,Provo_ID3,3,1081799,1261614,1,applied_drift,1741872039344,0,-39.96341824531555
1,1,block_2,2,Provo_ID3,3,1081799,1261614,1,applied_drift,1741872039393,0,-39.96341824531555
1,1,block_2,2,Provo_ID3,3,1081799,1261614,1,applied_drift,1741872039432,0,-39.96341824531555
1,1,block_2,2,Provo_ID3,3,1081799,1261614,1,applied_drift,1741872039492,0,-39.96341824531555
1,1,block_2,2,Provo_ID3,3,1081799,1261614,1,applied_drift,1741872039553,0,-39.96341824531555
1,1,block_2,2,Provo_ID3,3,1081799,1261614,1,applied_drift,1741872039585,0,-39.96341824531555
1,1,block_2,2,Provo_ID3,3,1081799,1261614,1,applied_drift,1741872039646,0,-39.96341824531555
1,1,block_2,2,Provo_ID3,3,1081799,1261614,1,applied_drift,1741872039677,0,-39.96341824531555
1,1,block_2,2,Provo_ID3,3,1081799,1261614,1,applied_drift,1741872039721,0,-39.96341824531555
1,1,block_2,2,Provo_ID3,3,1081799,1261614,1,applied_drift,1741872039759,0,-39.96341824531555
1,1,block_2,2,Provo_ID3,3,1081799,1261614,1,applied_drift,1741872039785,0,-39.96341824531555
1,1,block_2,2,Provo_ID3,3,1081799,1261614,1,applied_drift,1741872039821,0,-39.96341824531555
1,1,block_2,2,Provo_ID3,3,1081799,1261614,1,applied_drift,1741872039859,0,-39.96341824531555
1,1,block_2,2,Provo_ID3,3,1081799,1261614,1,applied_drift,1741872039908,0,-39.96341824531555
1,1,block_2,2,Provo_ID3,3,1081799,1261614,1,applied_drift,1741872039945,0,-39.96341824531555
1,1,block_2,2,Provo_ID3,3,1081799,1261614,1,applied_drift,1741872039975,0,-39.96341824531555
1,1,block_2,2,Provo_ID3,3,1081799,1261614,1,applied_drift,1741872040023,0,-39.96341824531555
1,1,block_2,2,Provo_ID3,3,1081799,1261614,1,applied_drift,1741872040069,0,-39.96341824531555
1,1,block_2,2,Provo_ID3,3,1081799,1261614,1,applied_drift,1741872040119,0,-39.96341824531555
1,1,block_2,2,Provo_ID3,3,1081799,1261614,1,applied_drift,1741872040159,0,-39.96341824531555
1,1,block_2,2,Provo_ID3,3,1081799,1261614,1,applied_drift,1741872040180,0,-39.96341824531555
1,1,block_2,2,Provo_ID3,3,1081799,1261614,1,applied_drift,1741872040228,0,-39.96341824531555
1,1,block_2,2,Provo_ID3,3,1081799,1261614,1,applied_drift,1741872040261,0,-39.96341824531555
1,1,block_2,2,Provo_ID3,3,1081799,1261614,1,applied_drift,1741872040311,0,-39.96341824531555
1,1,block_2,2,Provo_ID3,3,1081799,1261614,1,applied_drift,1741872040344,0,-39.96341824531555
1,1,block_2,2,Provo_ID3,3,1081799,1261614,1,applied_drift,1741872040398,0,-39.96341824531555
1,1,block_2,2,Provo_ID3,3,1081799,1261614,1,applied_drift,1741872040483,0,-39.96341824531555
1,1,block_2,2,Provo_ID3,3,1081799,1261614,1,applied_drift,1741872040544,0,-39.96341824531555
1,1,block_2,2,Provo_ID3,3,1081799,1261614,1,applied_drift,1741872040582,0,-39.96341824531555
1,1,block_2,2,Provo_ID3,3,1081799,1261614,1,applied_drift,1741872040635,0,-39.96341824531555
1,1,block_2,2,Provo_ID3,3,1081799,1261614,1,applied_drift,1741872040670,0,-39.96341824531555
1,1,block_2,2,Provo_ID3,3,1081799,1261614,1,applied_drift,1741872040719,0,-39.96341824531555
1,1,block_2,2,Provo_ID3,3,1081799,1261614,1,applied_drift,1741872040759,0,-39.96341824531555
1,1,block_2,2,Provo_ID3,3,1081799,1261614,1,applied_drift,1741872040836,0,-39.96341824531555
1,1,block_2,2,Provo_ID3,3,1081799,1261614,1,applied_drift,1741872040904,0,-39.96341824531555
1,1,block_2,2,Provo_ID3,3,1081799,1261614,1,applied_drift,1741872040966,0,-39.96341824531555
1,1,block_2,2,Provo_ID3,3,1081799,1261614,1,applied_drift,1741872041010,0,-39.96341824531555
1,1,block_2,2,Provo_ID3,3,1081799,1261614,1,applied_drift,1741872041053,0,-39.96341824531555
1,1,block_2,2,Provo_ID3,3,1081799,1261614,1,applied_drift,1741872041087,0,-39.96341824531555
1,1,block_2,2,Provo_ID3,3,1081799,1261614,1,applied_drift,1741872041145,0,-39.96341824531555
1,1,block_2,2,Provo_ID3,3,1081799,1261614,1,applied_drift,1741872041215,0,-39.96341824531555
1,1,block_2,2,Provo_ID3,3,1081799,1261614,1,applied_drift,1741872041275,0,-39.96341824531555
1,1,block_2,2,Provo_ID3,3,1081799,1261614,1,applied_drift,1741872041315,0,-39.96341824531555
1,1,block_2,2,Provo_ID3,3,1081799,1261614,1,applied_drift,1741872041340,0,-39.96341824531555
1,1,block_2,2,Provo_ID3,3,1081799,1261614,1,applied_drift,1741872041378,0,-39.96341824531555
1,1,block_2,2,Provo_ID3,3,1081799,1261614,1,applied_drift,1741872041406,0,-39.96341824531555
1,1,block_2,2,Provo_ID3,3,1081799,1261614,1,applied_drift,1741872041464,0,-39.96341824531555
1,1,block_2,2,Provo_ID3,3,1081799,1261614,1,applied_drift,1741872041496,0,-39.96341824531555
1,1,block_2,2,Provo_ID3,3,1081799,1261614,1,applied_drift,1741872041546,0,-39.96341824531555
1,1,block_2,2,Provo_ID3,3,1081799,1261614,1,applied_drift,1741872041581,0,-39.96341824531555
1,1,block_2,2,Provo_ID3,3,1081799,1261614,1,applied_drift,1741872041627,0,-39.96341824531555
1,1,block_2,2,Provo_ID3,3,1081799,1261614,1,applied_drift,1741872041678,0,-39.96341824531555
1,1,block_2,2,Provo_ID3,3,1081799,1261614,1,applied_drift,1741872041711,0,-39.96341824531555
1,1,block_2,2,Provo_ID3,3,1081799,1261614,1,applied_drift,1741872041787,0,-39.96341824531555
1,1,block_2,2,Provo_ID3,3,1081799,1261614,1,applied_drift,1741872041827,0,-39.96341824531555
1,1,block_2,2,Provo_ID3,3,1081799,1261614,1,applied_drift,1741872041873,0,-39.96341824531555
1,1,block_2,2,Provo_ID3,3,1081799,1261614,1,applied_drift,1741872041912,0,-39.96341824531555
1,1,block_2,2,Provo_ID3,3,1081799,1261614,1,applied_drift,1741872041957,0,-39.96341824531555
1,1,block_2,2,Provo_ID3,3,1081799,1261614,1,applied_drift,1741872041997,0,-39.96341824531555
1,1,block_2,2,Provo_ID3,3,1081799,1261614,1,applied_drift,1741872042060,0,-39.96341824531555
1,1,block_2,2,Provo_ID3,3,1081799,1261614,1,applied_drift,1741872042139,0,-39.96341824531555
1,1,block_2,2,Provo_ID3,3,1081799,1261614,1,applied_drift,1741872042195,0,-39.96341824531555
1,1,block_2,2,Provo_ID3,3,1081799,1261614,1,applied_drift,1741872042235,0,-39.96341824531555
1,1,block_2,2,Provo_ID3,3,1081799,1261614,1,applied_drift,1741872042277,0,-39.96341824531555
1,1,block_2,2,Provo_ID3,3,1081799,1261614,1,applied_drift,1741872042315,0,-39.96341824531555
1,1,block_2,2,Provo_ID3,3,1081799,1261614,1,applied_drift,1741872042361,0,-39.96341824531555
1,1,block_2,2,Provo_ID3,3,1081799,1261614,1,applied_drift,1741872042414,0,-39.96341824531555
1,1,block_2,2,Provo_ID3,3,1081799,1261614,1,applied_drift,1741872042437,0,-39.96341824531555
1,1,block_2,2,Provo_ID3,3,1081799,1261614,1,applied_drift,1741872042487,0,-39.96341824531555
1,1,block_2,2,Provo_ID3,3,1081799,1261614,1,applied_drift,1741872042516,0,-39.96341824531555
1,1,block_2,2,Provo_ID3,3,1081799,1261614,1,applied_drift,1741872042567,0,-39.96341824531555
1,1,block_2,2,Provo_ID3,3,1081799,1261614,1,applied_drift,1741872042610,0,-39.96341824531555
1,1,block_2,2,Provo_ID3,3,1081799,1261614,1,applied_drift,1741872042638,0,-39.96341824531555
1,1,block_2,2,Provo_ID3,3,1081799,1261614,1,applied_drift,1741872042687,0,-39.96341824531555
1,1,block_2,2,Provo_ID3,3,1081799,1261614,1,applied_drift,1741872042724,0,-39.96341824531555
1,1,block_2,2,Provo_ID3,3,1081799,1261614,1,applied_drift,1741872042775,0,-39.96341824531555
1,1,block_2,2,Provo_ID3,3,1081799,1261614,1,applied_drift,1741872042813,0,-39.96341824531555
1,1,block_2,2,Provo_ID3,3,1081799,1261614,1,applied_drift,1741872042860,0,-39.96341824531555
1,1,block_2,2,Provo_ID3,3,1081799,1261614,1,applied_drift,1741872042896,0,-39.96341824531555
1,1,block_2,2,Provo_ID3,3,1081799,1261614,1,applied_drift,1741872042922,0,-39.96341824531555
1,1,block_2,2,Provo_ID3,3,1081799,1261614,1,applied_drift,1741872042971,0,-39.96341824531555
1,1,block_2,2,Provo_ID3,3,1081799,1261614,1,applied_drift,1741872043012,0,-39.96341824531555
1,1,block_2,2,Provo_ID3,3,1081799,1261614,1,applied_drift,1741872043116,0,-39.96341824531555
1,1,block_2,2,Provo_ID3,3,1081799,1261614,1,applied_drift,1741872043161,0,-39.96341824531555
1,1,block_2,2,Provo_ID3,3,1081799,1261614,1,applied_drift,1741872043206,0,-39.96341824531555
1,1,block_2,2,Provo_ID3,3,1081799,1261614,1,applied_drift,1741872043247,0,-39.96341824531555
1,1,block_2,2,Provo_ID3,3,1081799,1261614,1,applied_drift,1741872043295,0,-39.96341824531555
1,1,block_2,2,Provo_ID3,3,1081799,1261614,1,applied_drift,1741872043334,0,-39.96341824531555
1,1,block_2,2,Provo_ID3,3,1081799,1261614,1,applied_drift,1741872043355,0,-39.96341824531555
1,1,block_2,2,Provo_ID3,3,1081799,1261614,1,applied_drift,1741872043405,0,-39.96341824531555
1,1,block_2,2,Provo_ID3,3,1081799,1261614,1,applied_drift,1741872043545,0,-39.96341824531555
1,1,block_2,2,Provo_ID3,3,1081799,1261614,1,applied_drift,1741872043579,0,-39.96341824531555
1,1,block_2,2,Provo_ID3,3,1081799,1261614,1,applied_drift,1741872043600,0,-39.96341824531555
1,1,block_2,2,Provo_ID3,3,1081799,1261614,1,applied_drift,1741872043642,0,-39.96341824531555
1,1,block_2,2,Provo_ID3,3,1081799,1261614,1,applied_drift,1741872043669,0,-39.96341824531555
1,1,block_2,2,Provo_ID3,3,1081799,1261614,1,applied_drift,1741872046304,0,-39.96341824531555
1,1,block_2,2,Provo_ID3,3,1081799,1261614,1,applied_drift,1741872046333,0,-39.96341824531555
1,1,block_2,2,Provo_ID3,3,1081799,1261614,1,applied_drift,1741872046392,0,-39.96341824531555
1,1,block_2,2,Provo_ID3,3,1081799,1261614,1,applied_drift,1741872046466,0,-39.96341824531555
1,1,block_2,2,Provo_ID3,3,1081799,1261614,1,applied_drift,1741872046517,0,-39.96341824531555
1,1,block_2,2,Provo_ID3,3,1081799,1261614,1,applied_drift,1741872046561,0,-39.96341824531555
1,1,block_2,2,Provo_ID3,3,1081799,1261614,1,applied_drift,1741872046583,0,-39.96341824531555
1,1,block_2,2,Provo_ID3,3,1081799,1261614,1,applied_drift,1741872046633,0,-39.96341824531555
1,1,block_2,2,Provo_ID3,3,1081799,1261614,1,applied_drift,1741872046667,0,-39.96341824531555
1,1,block_2,2,Provo_ID3,3,1081799,1261614,1,applied_drift,1741872046722,0,-39.96341824531555
1,1,block_2,2,Provo_ID3,3,1081799,1261614,1,applied_drift,1741872046799,0,-39.96341824531555
1,1,block_2,2,Provo_ID3,3,1081799,1261614,1,applied_drift,1741872046858,0,-39.96341824531555
1,1,block_2,2,Provo_ID3,3,1081799,1261614,1,applied_drift,1741872046901,0,-39.96341824531555
1,1,block_2,2,Provo_ID3,3,1081799,1261614,1,applied_drift,1741872046949,0,-39.96341824531555
1,1,block_2,2,Provo_ID3,3,1081799,1261614,1,applied_drift,1741872046984,0,-39.96341824531555
1,1,block_2,2,Provo_ID3,3,1081799,1261614,1,applied_drift,1741872047039,0,-39.96341824531555
1,1,block_2,2,Provo_ID3,3,1081799,1261614,1,applied_drift,1741872047120,0,-39.96341824531555
1,1,block_2,2,Provo_ID3,3,1081799,1261614,1,applied_drift,1741872047153,0,-39.96341824531555
1,1,block_2,2,Provo_ID3,3,1081799,1261614,1,applied_drift,1741872047214,0,-39.96341824531555
1,1,block_2,2,Provo_ID3,3,1081799,1261614,1,applied_drift,1741872047250,0,-39.96341824531555
1,1,block_2,2,Provo_ID3,3,1081799,1261614,1,applied_drift,1741872047301,0,-39.96341824531555
1,1,block_2,2,Provo_ID3,3,1081799,1261614,1,applied_drift,1741872047346,0,-39.96341824531555
1,1,block_2,2,Provo_ID3,3,1081799,1261614,1,applied_drift,1741872047369,0,-39.96341824531555
1,1,block_2,2,Provo_ID3,3,1081799,1261614,1,applied_drift,1741872047428,0,-39.96341824531555
1,1,block_2,2,Provo_ID3,3,1081799,1261614,1,applied_drift,1741872047469,0,-39.96341824531555
1,1,block_2,2,Provo_ID3,3,1081799,1261614,1,applied_drift,1741872047549,0,-39.96341824531555
1,1,block_2,2,Provo_ID3,3,1081799,1261614,1,applied_drift,1741872047609,0,-39.96341824531555
1,1,block_2,2,Provo_ID3,3,1081799,1261614,1,applied_drift,1741872047662,0,-39.96341824531555
1,1,block_2,2,Provo_ID3,3,1081799,1261614,1,applied_drift,1741872047704,0,-39.96341824531555
1,1,block_2,2,Provo_ID3,3,1081799,1261614,1,applied_drift,1741872047750,0,-39.96341824531555
1,1,block_2,2,Provo_ID3,3,1081799,1261614,1,applied_drift,1741872047790,0,-39.96341824531555
1,1,block_2,2,Provo_ID3,3,1081799,1261614,1,applied_drift,1741872047812,0,-39.96341824531555
1,1,block_2,2,Provo_ID3,3,1081799,1261614,1,applied_drift,1741872047866,0,-39.96341824531555
1,1,block_2,2,Provo_ID3,3,1081799,1261614,1,applied_drift,1741872047908,0,-39.96341824531555
1,1,block_2,2,Provo_ID3,3,1081799,1261614,1,applied_drift,1741872048030,0,-39.96341824531555
1,1,block_2,2,Provo_ID3,3,1081799,1261614,1,applied_drift,1741872048075,0,-39.96341824531555
1,1,block_2,2,Provo_ID3,3,1081799,1261614,1,applied_drift,1741872048106,0,-39.96341824531555
1,1,block_2,2,Provo_ID3,3,1081799,1261614,1,applied_drift,1741872048137,0,-39.96341824531555
1,1,block_2,2,Provo_ID3,3,1081799,1261614,1,applied_drift,1741872048190,0,-39.96341824531555
1,1,block_2,2,Provo_ID3,3,1081799,1261614,1,applied_drift,1741872048226,0,-39.96341824531555
1,1,block_2,2,Provo_ID3,3,1081799,1261614,1,applied_drift,1741872048290,0,-39.96341824531555
1,1,block_2,2,Provo_ID3,3,1081799,1261614,1,applied_drift,1741872048357,0,-39.96341824531555
1,1,block_2,2,Provo_ID3,3,1081799,1261614,1,applied_drift,1741872048394,0,-39.96341824531555
1,1,block_2,2,Provo_ID3,3,1081799,1261614,1,applied_drift,1741872048469,0,-39.96341824531555
1,1,block_2,2,Provo_ID3,3,1081799,1261614,1,applied_drift,1741872048510,0,-39.96341824531555
1,1,block_2,2,Provo_ID3,3,1081799,1261614,1,applied_drift,1741872048561,0,-39.96341824531555
1,1,block_2,2,Provo_ID3,3,1081799,1261614,1,applied_drift,1741872048608,0,-39.96341824531555
1,1,block_2,2,Provo_ID3,3,1081799,1261614,1,applied_drift,1741872048663,0,-39.96341824531555
1,1,block_2,2,Provo_ID3,3,1081799,1261614,1,applied_drift,1741872048717,0,-39.96341824531555
1,1,block_2,2,Provo_ID3,3,1081799,1261614,1,applied_drift,1741872048768,0,-39.96341824531555
1,1,block_2,2,Provo_ID3,3,1081799,1261614,1,applied_drift,1741872048811,0,-39.96341824531555
1,1,block_2,2,Provo_ID3,3,1081799,1261614,1,applied_drift,1741872048837,0,-39.96341824531555
1,1,block_2,2,Provo_ID3,3,1081799,1261614,1,applied_drift,1741872048883,0,-39.96341824531555
1,1,block_2,2,Provo_ID3,3,1081799,1261614,1,applied_drift,1741872048917,0,-39.96341824531555
1,1,block_2,2,Provo_ID3,3,1081799,1261614,1,applied_drift,1741872048982,0,-39.96341824531555
1,1,block_2,2,Provo_ID3,3,1081799,1261614,1,applied_drift,1741872049051,0,-39.96341824531555
1,1,block_2,2,Provo_ID3,3,1081799,1261614,1,applied_drift,1741872049129,0,-39.96341824531555
1,1,block_2,2,Provo_ID3,3,1081799,1261614,1,applied_drift,1741872049178,0,-39.96341824531555
1,1,block_2,2,Provo_ID3,3,1081799,1261614,1,applied_drift,1741872049223,0,-39.96341824531555
1,1,block_2,2,Provo_ID3,3,1081799,1261614,1,applied_drift,1741872049264,0,-39.96341824531555
1,1,block_2,2,Provo_ID3,3,1081799,1261614,1,applied_drift,1741872049290,0,-39.96341824531555
1,1,block_2,2,Provo_ID3,3,1081799,1261614,1,applied_drift,1741872049330,0,-39.96341824531555
1,1,block_2,2,Provo_ID3,3,1081799,1261614,1,applied_drift,1741872049370,0,-39.96341824531555
1,1,block_2,2,Provo_ID3,3,1081799,1261614,1,applied_drift,1741872049497,0,-39.96341824531555
1,1,block_2,2,Provo_ID3,3,1081799,1261614,1,applied_drift,1741872049522,0,-39.96341824531555
1,1,block_2,2,Provo_ID3,3,1081799,1261614,1,applied_drift,1741872049572,0,-39.96341824531555
1,1,block_2,2,Provo_ID3,3,1081799,1261614,1,applied_drift,1741872049601,0,-39.96341824531555
1,1,block_2,2,Provo_ID3,3,1081799,1261614,1,applied_drift,1741872049644,0,-39.96341824531555
1,1,block_2,2,Provo_ID3,3,1081799,1261614,1,applied_drift,1741872049675,0,-39.96341824531555
1,1,block_2,2,Provo_ID3,3,1081799,1261614,1,applied_drift,1741872049733,0,-39.96341824531555
1,1,block_2,2,Provo_ID3,3,1081799,1261614,1,applied_drift,1741872049773,0,-39.96341824531555
1,1,block_2,2,Provo_ID3,3,1081799,1261614,1,applied_drift,1741872049821,0,-39.96341824531555
1,1,block_2,2,Provo_ID3,3,1081799,1261614,1,applied_drift,1741872049863,0,-39.96341824531555
1,1,block_2,2,Provo_ID3,3,1081799,1261614,1,applied_drift,1741872049930,0,-39.96341824531555
1,1,block_2,2,Provo_ID3,3,1081799,1261614,1,applied_drift,1741872049989,0,-39.96341824531555
1,1,block_2,2,Provo_ID3,3,1081799,1261614,1,applied_drift,1741872050056,0,-39.96341824531555
1,1,block_2,2,Provo_ID3,3,1081799,1261614,1,applied_drift,1741872050095,0,-39.96341824531555
1,1,block_2,2,Provo_ID3,3,1081799,1261614,1,applied_drift,1741872050138,0,-39.96341824531555
1,1,block_2,2,Provo_ID3,3,1081799,1261614,1,applied_drift,1741872050178,0,-39.96341824531555
1,1,block_2,2,Provo_ID3,3,1081799,1261614,1,applied_drift,1741872050252,0,-39.96341824531555
1,1,block_2,2,Provo_ID3,3,1081799,1261614,1,applied_drift,1741872050322,0,-39.96341824531555
1,1,block_2,2,Provo_ID3,3,1081799,1261614,1,applied_drift,1741872050386,0,-39.96341824531555
1,1,block_2,2,Provo_ID3,3,1081799,1261614,1,applied_drift,1741872050431,0,-39.96341824531555
1,1,block_2,2,Provo_ID3,3,1081799,1261614,1,applied_drift,1741872050477,0,-39.96341824531555
1,1,block_2,2,Provo_ID3,3,1081799,1261614,1,applied_drift,1741872050522,0,-39.96341824531555
1,1,block_2,2,Provo_ID3,3,1081799,1261614,1,applied_drift,1741872050575,0,-39.96341824531555
1,1,block_2,2,Provo_ID3,3,1081799,1261614,1,applied_drift,1741872050629,0,-39.96341824531555
1,1,block_2,2,Provo_ID3,3,1081799,1261614,1,applied_drift,1741872050674,0,-39.96341824531555
1,1,block_2,2,Provo_ID3,3,1081799,1261614,1,applied_drift,1741872050735,0,-39.96341824531555
1,1,block_2,2,Provo_ID3,3,1081799,1261614,1,applied_drift,1741872050769,0,-39.96341824531555
1,1,block_2,2,Provo_ID3,3,1081799,1261614,1,applied_drift,1741872050816,0,-39.96341824531555
1,1,block_2,2,Provo_ID3,3,1081799,1261614,1,applied_drift,1741872050852,0,-39.96341824531555
1,1,block_2,2,Provo_ID3,3,1081799,1261614,1,applied_drift,1741872050903,0,-39.96341824531555
1,1,block_2,2,Provo_ID3,3,1081799,1261614,1,applied_drift,1741872050944,0,-39.96341824531555
1,1,block_2,2,Provo_ID3,3,1081799,1261614,1,applied_drift,1741872051005,0,-39.96341824531555
1,1,block_2,2,Provo_ID3,3,1081799,1261614,1,applied_drift,1741872051070,0,-39.96341824531555
1,1,block_2,2,Provo_ID3,3,1081799,1261614,1,applied_drift,1741872051104,0,-39.96341824531555
1,1,block_2,2,Provo_ID3,3,1081799,1261614,1,applied_drift,1741872051159,0,-39.96341824531555
1,1,block_2,2,Provo_ID3,3,1081799,1261614,1,applied_drift,1741872051204,0,-39.96341824531555
1,1,block_2,2,Provo_ID3,3,1081799,1261614,1,applied_drift,1741872051250,0,-39.96341824531555
1,1,block_2,2,Provo_ID3,3,1081799,1261614,1,applied_drift,1741872051290,0,-39.96341824531555
1,1,block_2,2,Provo_ID3,3,1081799,1261614,1,applied_drift,1741872051316,0,-39.96341824531555
1,1,block_2,2,Provo_ID3,3,1081799,1261614,1,applied_drift,1741872051398,0,-39.96341824531555
1,1,block_2,2,Provo_ID3,3,1081799,1261614,1,applied_drift,1741872051476,0,-39.96341824531555
1,1,block_2,2,Provo_ID3,3,1081799,1261614,1,applied_drift,1741872051536,0,-39.96341824531555
1,1,block_2,2,Provo_ID3,3,1081799,1261614,1,applied_drift,1741872051585,0,-39.96341824531555
1,1,block_2,2,Provo_ID3,3,1081799,1261614,1,applied_drift,1741872051611,0,-39.96341824531555
1,1,block_2,2,Provo_ID3,3,1081799,1261614,1,applied_drift,1741872051704,0,-39.96341824531555
1,1,block_2,2,Provo_ID3,3,1081799,1261614,1,applied_drift,1741872051749,0,-39.96341824531555
1,1,block_2,2,Provo_ID3,3,1081799,1261614,1,applied_drift,1741872051804,0,-39.96341824531555
1,1,block_2,2,Provo_ID3,3,1081799,1261614,1,applied_drift,1741872051844,0,-39.96341824531555
1,1,block_2,2,Provo_ID3,3,1081799,1261614,1,applied_drift,1741872051871,0,-39.96341824531555
1,1,block_2,2,Provo_ID3,3,1081799,1261614,1,applied_drift,1741872051908,0,-39.96341824531555
1,1,block_2,2,Provo_ID3,3,1081799,1261614,1,applied_drift,1741872051948,0,-39.96341824531555
1,1,block_2,2,Provo_ID3,3,1081799,1261614,1,applied_drift,1741872052002,0,-39.96341824531555
1,1,block_2,2,Provo_ID3,3,1081799,1261614,1,applied_drift,1741872052059,0,-39.96341824531555
1,1,block_2,2,Provo_ID3,3,1081799,1261614,1,applied_drift,1741872052159,0,-39.96341824531555
1,1,block_2,2,Provo_ID3,3,1081799,1261614,1,applied_drift,1741872052202,0,-39.96341824531555
1,1,block_2,2,Provo_ID3,3,1081799,1261614,1,applied_drift,1741872052260,0,-39.96341824531555
1,1,block_2,2,Provo_ID3,3,1081799,1261614,1,applied_drift,1741872052305,0,-39.96341824531555
1,1,block_2,2,Provo_ID3,3,1081799,1261614,1,applied_drift,1741872052331,0,-39.96341824531555
1,1,block_2,2,Provo_ID3,3,1081799,1261614,1,applied_drift,1741872052389,0,-39.96341824531555
1,1,block_2,2,Provo_ID3,3,1081799,1261614,1,applied_drift,1741872052435,0,-39.96341824531555
1,1,block_2,2,Provo_ID3,3,1081799,1261614,1,applied_drift,1741872052462,0,-39.96341824531555
1,1,block_2,2,Provo_ID3,3,1081799,1261614,1,applied_drift,1741872052537,0,-39.96341824531555
1,1,block_2,2,Provo_ID3,3,1081799,1261614,1,applied_drift,1741872052601,0,-39.96341824531555
1,1,block_2,2,Provo_ID3,3,1081799,1261614,1,applied_drift,1741872052667,0,-39.96341824531555
1,1,block_2,2,Provo_ID3,3,1081799,1261614,1,applied_drift,1741872052716,0,-39.96341824531555
1,1,block_2,2,Provo_ID3,3,1081799,1261614,1,applied_drift,1741872052766,0,-39.96341824531555
1,1,block_2,2,Provo_ID3,3,1081799,1261614,1,applied_drift,1741872052811,0,-39.96341824531555
1,1,block_2,2,Provo_ID3,3,1081799,1261614,1,applied_drift,1741872052841,0,-39.96341824531555
1,1,block_2,2,Provo_ID3,3,1081799,1261614,1,applied_drift,1741872052894,0,-39.96341824531555
1,1,block_2,2,Provo_ID3,3,1081799,1261614,1,applied_drift,1741872052923,0,-39.96341824531555
1,1,block_2,2,Provo_ID3,3,1081799,1261614,1,applied_drift,1741872052979,0,-39.96341824531555
1,1,block_2,2,Provo_ID3,3,1081799,1261614,1,applied_drift,1741872053022,0,-39.96341824531555
1,1,block_2,2,Provo_ID3,3,1081799,1261614,1,applied_drift,1741872053067,0,-39.96341824531555
1,1,block_2,2,Provo_ID3,3,1081799,1261614,1,applied_drift,1741872053108,0,-39.96341824531555
1,1,block_2,2,Provo_ID3,3,1081799,1261614,1,applied_drift,1741872053129,0,-39.96341824531555
1,1,block_2,2,Provo_ID3,3,1081799,1261614,1,applied_drift,1741872053176,0,-39.96341824531555
1,1,block_2,2,Provo_ID3,3,1081799,1261614,1,applied_drift,1741872053210,0,-39.96341824531555
1,1,block_2,2,Provo_ID3,3,1081799,1261614,1,applied_drift,1741872053263,0,-39.96341824531555
1,1,block_2,2,Provo_ID3,3,1081799,1261614,1,applied_drift,1741872053309,0,-39.96341824531555
1,1,block_2,2,Provo_ID3,3,1081799,1261614,1,applied_drift,1741872053370,0,-39.96341824531555
1,1,block_2,2,Provo_ID3,3,1081799,1261614,1,applied_drift,1741872053433,0,-39.96341824531555
1,1,block_2,2,Provo_ID3,3,1081799,1261614,1,applied_drift,1741872053496,0,-39.96341824531555
1,1,block_2,2,Provo_ID3,3,1081799,1261614,1,applied_drift,1741872053536,0,-39.96341824531555
1,1,block_2,2,Provo_ID3,3,1081799,1261614,1,applied_drift,1741872053558,0,-39.96341824531555
1,1,block_2,2,Provo_ID3,3,1081799,1261614,1,applied_drift,1741872053603,0,-39.96341824531555
1,1,block_2,2,Provo_ID3,3,1081799,1261614,1,applied_drift,1741872053632,0,-39.96341824531555
1,1,block_2,2,Provo_ID3,3,1081799,1261614,1,applied_drift,1741872053677,0,-39.96341824531555
1,1,block_2,2,Provo_ID3,3,1081799,1261614,1,applied_drift,1741872053726,0,-39.96341824531555
1,1,block_2,2,Provo_ID3,3,1081799,1261614,1,applied_drift,1741872053759,0,-39.96341824531555
1,1,block_2,2,Provo_ID3,3,1081799,1261614,1,applied_drift,1741872053845,0,-39.96341824531555
1,1,block_2,2,Provo_ID3,3,1081799,1261614,1,applied_drift,1741872053890,0,-39.96341824531555
1,1,block_2,2,Provo_ID3,3,1081799,1261614,1,applied_drift,1741872053943,0,-39.96341824531555
1,1,block_2,2,Provo_ID3,3,1081799,1261614,1,applied_drift,1741872053983,0,-39.96341824531555
1,1,block_2,2,Provo_ID3,3,1081799,1261614,1,applied_drift,1741872054032,0,-39.96341824531555
1,1,block_2,2,Provo_ID3,3,1081799,1261614,1,applied_drift,1741872054066,0,-39.96341824531555
1,1,block_2,2,Provo_ID3,3,1081799,1261614,1,applied_drift,1741872054113,0,-39.96341824531555
1,1,block_2,2,Provo_ID3,3,1081799,1261614,1,applied_drift,1741872054150,0,-39.96341824531555
1,1,block_2,2,Provo_ID3,3,1081799,1261614,1,applied_drift,1741872054175,0,-39.96341824531555
1,1,block_2,2,Provo_ID3,3,1081799,1261614,1,applied_drift,1741872054235,0,-39.96341824531555
1,1,block_2,2,Provo_ID3,3,1081799,1261614,1,applied_drift,1741872054358,0,-39.96341824531555
1,1,block_2,2,Provo_ID3,3,1081799,1261614,1,applied_drift,1741872054412,0,-39.96341824531555
1,1,block_2,2,Provo_ID3,3,1081799,1261614,1,applied_drift,1741872054461,0,-39.96341824531555
1,1,block_2,2,Provo_ID3,3,1081799,1261614,1,applied_drift,1741872054498,0,-39.96341824531555
1,1,block_2,2,Provo_ID3,3,1081799,1261614,1,applied_drift,1741872054552,0,-39.96341824531555
1,1,block_2,2,Provo_ID3,3,1081799,1261614,1,applied_drift,1741872054592,0,-39.96341824531555
1,1,block_2,2,Provo_ID3,3,1081799,1261614,1,applied_drift,1741872054651,0,-39.96341824531555
1,1,block_2,2,Provo_ID3,3,1081799,1261614,1,applied_drift,1741872054698,0,-39.96341824531555
1,1,block_2,2,Provo_ID3,3,1081799,1261614,1,applied_drift,1741872054744,0,-39.96341824531555
1,1,block_2,2,Provo_ID3,3,1081799,1261614,1,applied_drift,1741872054783,0,-39.96341824531555
1,1,block_2,2,Provo_ID3,3,1081799,1261614,1,applied_drift,1741872054807,0,-39.96341824531555
1,1,block_2,2,Provo_ID3,3,1081799,1261614,1,applied_drift,1741872054844,0,-39.96341824531555
1,1,block_2,2,Provo_ID3,3,1081799,1261614,1,applied_drift,1741872054874,0,-39.96341824531555
1,1,block_2,2,Provo_ID3,3,1081799,1261614,1,applied_drift,1741872054929,0,-39.96341824531555
1,1,block_2,2,Provo_ID3,3,1081799,1261614,1,applied_drift,1741872054965,0,-39.96341824531555
1,1,block_2,2,Provo_ID3,3,1081799,1261614,1,applied_drift,1741872055019,0,-39.96341824531555
1,1,block_2,2,Provo_ID3,3,1081799,1261614,1,applied_drift,1741872055052,0,-39.96341824531555
1,1,block_2,2,Provo_ID3,3,1081799,1261614,1,applied_drift,1741872055100,0,-39.96341824531555
1,1,block_2,2,Provo_ID3,3,1081799,1261614,1,applied_drift,1741872055144,0,-39.96341824531555
1,1,block_2,2,Provo_ID3,3,1081799,1261614,1,applied_drift,1741872055204,0,-39.96341824531555
1,1,block_2,2,Provo_ID3,3,1081799,1261614,1,applied_drift,1741872055284,0,-39.96341824531555
1,1,block_2,2,Provo_ID3,3,1081799,1261614,1,applied_drift,1741872055349,0,-39.96341824531555
1,1,block_2,2,Provo_ID3,3,1081799,1261614,1,applied_drift,1741872055390,0,-39.96341824531555
1,1,block_2,2,Provo_ID3,3,1081799,1261614,1,applied_drift,1741872055433,0,-39.96341824531555
1,1,block_2,2,Provo_ID3,3,1081799,1261614,1,applied_drift,1741872055470,0,-39.96341824531555
1,1,block_2,2,Provo_ID3,3,1081799,1261614,1,applied_drift,1741872055491,0,-39.96341824531555
1,1,block_2,2,Provo_ID3,3,1081799,1261614,1,applied_drift,1741872055539,0,-39.96341824531555
1,1,block_2,2,Provo_ID3,3,1081799,1261614,1,applied_drift,1741872055613,0,-39.96341824531555
1,1,block_2,2,Provo_ID3,3,1081799,1261614,1,applied_drift,1741872055690,0,-39.96341824531555
1,1,block_2,2,Provo_ID3,3,1081799,1261614,1,applied_drift,1741872055723,0,-39.96341824531555
1,1,block_2,2,Provo_ID3,3,1081799,1261614,1,applied_drift,1741872055777,0,-39.96341824531555
1,1,block_2,2,Provo_ID3,3,1081799,1261614,1,applied_drift,1741872055821,0,-39.96341824531555
1,1,block_2,2,Provo_ID3,3,1081799,1261614,1,applied_drift,1741872055868,0,-39.96341824531555
1,1,block_2,2,Provo_ID3,3,1081799,1261614,1,applied_drift,1741872055911,0,-39.96341824531555
1,1,block_2,2,Provo_ID3,3,1081799,1261614,1,applied_drift,1741872055963,0,-39.96341824531555
1,1,block_2,2,Provo_ID3,3,1081799,1261614,1,applied_drift,1741872056001,0,-39.96341824531555
1,1,block_2,2,Provo_ID3,3,1081799,1261614,1,applied_drift,1741872056051,0,-39.96341824531555
1,1,block_2,2,Provo_ID3,3,1081799,1261614,1,applied_drift,1741872056087,0,-39.96341824531555
1,1,block_2,2,Provo_ID3,3,1081799,1261614,1,applied_drift,1741872056148,0,-39.96341824531555
1,1,block_2,2,Provo_ID3,3,1081799,1261614,1,applied_drift,1741872056223,0,-39.96341824531555
1,1,block_2,2,Provo_ID3,3,1081799,1261614,1,applied_drift,1741872056284,0,-39.96341824531555
1,1,block_2,2,Provo_ID3,3,1081799,1261614,1,applied_drift,1741872056321,0,-39.96341824531555
1,1,block_2,2,Provo_ID3,3,1081799,1261614,1,applied_drift,1741872056369,0,-39.96341824531555
1,1,block_2,2,Provo_ID3,3,1081799,1261614,1,applied_drift,1741872056399,0,-39.96341824531555
1,1,block_2,2,Provo_ID3,3,1081799,1261614,1,applied_drift,1741872056482,0,-39.96341824531555
1,1,block_2,2,Provo_ID3,3,1081799,1261614,1,applied_drift,1741872056540,0,-39.96341824531555
1,1,block_2,2,Provo_ID3,3,1081799,1261614,1,applied_drift,1741872056595,0,-39.96341824531555
1,1,block_2,2,Provo_ID3,3,1081799,1261614,1,applied_drift,1741872056633,0,-39.96341824531555
1,1,block_2,2,Provo_ID3,3,1081799,1261614,1,applied_drift,1741872056680,0,-39.96341824531555
1,1,block_2,2,Provo_ID3,3,1081799,1261614,1,applied_drift,1741872056709,0,-39.96341824531555
1,1,block_2,2,Provo_ID3,3,1081799,1261614,1,applied_drift,1741872056761,0,-39.96341824531555
1,1,block_2,2,Provo_ID3,3,1081799,1261614,1,applied_drift,1741872056794,0,-39.96341824531555
1,1,block_2,2,Provo_ID3,3,1081799,1261614,1,applied_drift,1741872056850,0,-39.96341824531555
1,1,block_2,2,Provo_ID3,3,1081799,1261614,1,applied_drift,1741872056890,0,-39.96341824531555
1,1,block_2,2,Provo_ID3,3,1081799,1261614,1,applied_drift,1741872056946,0,-39.96341824531555
1,1,block_2,2,Provo_ID3,3,1081799,1261614,1,applied_drift,1741872057024,0,-39.96341824531555
1,1,block_2,2,Provo_ID3,3,1081799,1261614,1,applied_drift,1741872057080,0,-39.96341824531555
1,1,block_2,2,Provo_ID3,3,1081799,1261614,1,applied_drift,1741872057118,0,-39.96341824531555
1,1,block_2,2,Provo_ID3,3,1081799,1261614,1,applied_drift,1741872057164,0,-39.96341824531555
1,1,block_2,2,Provo_ID3,3,1081799,1261614,1,applied_drift,1741872057203,0,-39.96341824531555
1,1,block_2,2,Provo_ID3,3,1081799,1261614,1,applied_drift,1741872057227,0,-39.96341824531555
1,1,block_2,2,Provo_ID3,3,1081799,1261614,1,applied_drift,1741872057276,0,-39.96341824531555
1,1,block_2,2,Provo_ID3,3,1081799,1261614,1,applied_drift,1741872057322,0,-39.96341824531555
1,1,block_2,2,Provo_ID3,3,1081799,1261614,1,applied_drift,1741872057384,0,-39.96341824531555
1,1,block_2,2,Provo_ID3,3,1081799,1261614,1,applied_drift,1741872057448,0,-39.96341824531555
1,1,block_2,2,Provo_ID3,3,1081799,1261614,1,applied_drift,1741872057508,0,-39.96341824531555
1,1,block_2,2,Provo_ID3,3,1081799,1261614,1,applied_drift,1741872057557,0,-39.96341824531555
1,1,block_2,2,Provo_ID3,3,1081799,1261614,1,applied_drift,1741872057599,0,-39.96341824531555
1,1,block_2,2,Provo_ID3,3,1081799,1261614,1,applied_drift,1741872057638,0,-39.96341824531555
1,1,block_2,2,Provo_ID3,3,1081799,1261614,1,applied_drift,1741872057658,0,-39.96341824531555
1,1,block_2,2,Provo_ID3,3,1081799,1261614,1,applied_drift,1741872057715,0,-39.96341824531555
1,1,block_2,2,Provo_ID3,3,1081799,1261614,1,applied_drift,1741872057833,0,-39.96341824531555
1,1,block_2,2,Provo_ID3,3,1081799,1261614,1,applied_drift,1741872057874,0,-39.96341824531555
1,1,block_2,2,Provo_ID3,3,1081799,1261614,1,applied_drift,1741872057922,0,-39.96341824531555
1,1,block_2,2,Provo_ID3,3,1081799,1261614,1,applied_drift,1741872057962,0,-39.96341824531555
1,1,block_2,2,Provo_ID3,3,1081799,1261614,1,applied_drift,1741872057989,0,-39.96341824531555
1,1,block_2,2,Provo_ID3,3,1081799,1261614,1,applied_drift,1741872058042,0,-39.96341824531555
1,1,block_2,2,Provo_ID3,3,1081799,1261614,1,applied_drift,1741872058082,0,-39.96341824531555
1,1,block_2,2,Provo_ID3,3,1081799,1261614,1,applied_drift,1741872058139,0,-39.96341824531555
1,1,block_2,2,Provo_ID3,3,1081799,1261614,1,applied_drift,1741872058178,0,-39.96341824531555
1,1,block_2,2,Provo_ID3,3,1081799,1261614,1,applied_drift,1741872058228,0,-39.96341824531555
1,1,block_2,2,Provo_ID3,3,1081799,1261614,1,applied_drift,1741872058280,0,-39.96341824531555
1,1,block_2,2,Provo_ID3,3,1081799,1261614,1,applied_drift,1741872058357,0,-39.96341824531555
1,1,block_2,2,Provo_ID3,3,1081799,1261614,1,applied_drift,1741872058484,0,-39.96341824531555
1,1,block_2,2,Provo_ID3,3,1081799,1261614,1,applied_drift,1741872058530,0,-39.96341824531555
1,1,block_2,2,Provo_ID3,3,1081799,1261614,1,applied_drift,1741872058589,0,-39.96341824531555
1,1,block_2,2,Provo_ID3,3,1081799,1261614,1,applied_drift,1741872058643,0,-39.96341824531555
1,1,block_2,2,Provo_ID3,3,1081799,1261614,1,applied_drift,1741872058710,0,-39.96341824531555
1,1,block_2,2,Provo_ID3,3,1081799,1261614,1,applied_drift,1741872058764,0,-39.96341824531555
1,1,block_2,2,Provo_ID3,3,1081799,1261614,1,applied_drift,1741872058789,0,-39.96341824531555
1,1,block_2,2,Provo_ID3,3,1081799,1261614,1,applied_drift,1741872058856,0,-39.96341824531555
1,1,block_2,2,Provo_ID3,3,1081799,1261614,1,applied_drift,1741872058898,0,-39.96341824531555
1,1,block_2,2,Provo_ID3,3,1081799,1261614,1,applied_drift,1741872059030,0,-39.96341824531555
1,1,block_2,2,Provo_ID3,3,1081799,1261614,1,applied_drift,1741872059074,0,-39.96341824531555
1,1,block_2,2,Provo_ID3,3,1081799,1261614,1,applied_drift,1741872059122,0,-39.96341824531555
1,1,block_2,2,Provo_ID3,3,1081799,1261614,1,applied_drift,1741872059159,0,-39.96341824531555
1,1,block_2,2,Provo_ID3,3,1081799,1261614,1,applied_drift,1741872059200,0,-39.96341824531555
1,1,block_2,2,Provo_ID3,3,1081799,1261614,1,applied_drift,1741872059279,0,-39.96341824531555
1,1,block_2,2,Provo_ID3,3,1081799,1261614,1,applied_drift,1741872059338,0,-39.96341824531555
1,1,block_2,2,Provo_ID3,3,1081799,1261614,1,applied_drift,1741872059393,0,-39.96341824531555
1,1,block_2,2,Provo_ID3,3,1081799,1261614,1,applied_drift,1741872059437,0,-39.96341824531555
1,1,block_2,2,Provo_ID3,3,1081799,1261614,1,applied_drift,1741872059465,0,-39.96341824531555
1,1,block_2,2,Provo_ID3,3,1081799,1261614,1,applied_drift,1741872059524,0,-39.96341824531555
1,1,block_2,2,Provo_ID3,3,1081799,1261614,1,applied_drift,1741872059572,0,-39.96341824531555
1,1,block_2,2,Provo_ID3,3,1081799,1261614,1,applied_drift,1741872059627,0,-39.96341824531555
1,1,block_2,2,Provo_ID3,3,1081799,1261614,1,applied_drift,1741872059682,0,-39.96341824531555
1,1,block_2,2,Provo_ID3,3,1081799,1261614,1,applied_drift,1741872059707,0,-39.96341824531555
1,1,block_2,2,Provo_ID3,3,1081799,1261614,1,applied_drift,1741872059764,0,-39.96341824531555
1,1,block_2,2,Provo_ID3,3,1081799,1261614,1,applied_drift,1741872059811,0,-39.96341824531555
1,1,block_2,2,Provo_ID3,3,1081799,1261614,1,applied_drift,1741872059869,0,-39.96341824531555
1,1,block_2,2,Provo_ID3,3,1081799,1261614,1,applied_drift,1741872059922,0,-39.96341824531555
1,1,block_2,2,Provo_ID3,3,1081799,1261614,1,applied_drift,1741872060048,0,-39.96341824531555
1,1,block_2,2,Provo_ID3,3,1081799,1261614,1,applied_drift,1741872060104,0,-39.96341824531555
1,1,block_2,2,Provo_ID3,3,1081799,1261614,1,applied_drift,1741872060167,0,-39.96341824531555
1,1,block_2,2,Provo_ID3,3,1081799,1261614,1,applied_drift,1741872060216,0,-39.96341824531555
1,1,block_2,2,Provo_ID3,3,1081799,1261614,1,applied_drift,1741872060280,0,-39.96341824531555
1,1,block_2,2,Provo_ID3,3,1081799,1261614,1,applied_drift,1741872060330,0,-39.96341824531555
1,1,block_2,2,Provo_ID3,3,1081799,1261614,1,applied_drift,1741872060360,0,-39.96341824531555
1,1,block_2,2,Provo_ID3,3,1081799,1261614,1,applied_drift,1741872060417,0,-39.96341824531555
1,1,block_2,2,Provo_ID3,3,1081799,1261614,1,applied_drift,1741872060460,0,-39.96341824531555
1,1,block_2,2,Provo_ID3,3,1081799,1261614,1,applied_drift,1741872060517,0,-39.96341824531555
1,1,block_2,2,Provo_ID3,3,1081799,1261614,1,applied_drift,1741872060716,0,-39.96341824531555
1,1,block_2,2,Provo_ID3,3,1081799,1261614,1,applied_drift,1741872060773,0,-39.96341824531555
1,1,block_2,2,Provo_ID3,3,1081799,1261614,1,applied_drift,1741872060836,0,-39.96341824531555
1,1,block_2,2,Provo_ID3,3,1081799,1261614,1,applied_drift,1741872060865,0,-39.96341824531555
1,1,block_2,2,Provo_ID3,3,1081799,1261614,1,applied_drift,1741872060935,0,-39.96341824531555
1,1,block_2,2,Provo_ID3,3,1081799,1261614,1,applied_drift,1741872060966,0,-39.96341824531555
1,1,block_2,2,Provo_ID3,3,1081799,1261614,1,applied_drift,1741872061023,0,-39.96341824531555
1,1,block_2,2,Provo_ID3,3,1081799,1261614,1,applied_drift,1741872061097,0,-39.96341824531555
1,1,block_2,2,Provo_ID3,3,1081799,1261614,1,applied_drift,1741872061153,0,-39.96341824531555
1,1,block_2,2,Provo_ID3,3,1081799,1261614,1,applied_drift,1741872061216,0,-39.96341824531555
1,1,block_2,2,Provo_ID3,3,1081799,1261614,1,applied_drift,1741872061271,0,-39.96341824531555
1,1,block_2,2,Provo_ID3,3,1081799,1261614,1,applied_drift,1741872061300,0,-39.96341824531555
1,1,block_2,2,Provo_ID3,3,1081799,1261614,1,applied_drift,1741872061357,0,-39.96341824531555
1,1,block_2,2,Provo_ID3,3,1081799,1261614,1,applied_drift,1741872061408,0,-39.96341824531555
1,1,block_2,2,Provo_ID3,3,1081799,1261614,1,applied_drift,1741872061437,0,-39.96341824531555
1,1,block_2,2,Provo_ID3,3,1081799,1261614,1,applied_drift,1741872061499,0,-39.96341824531555
1,1,block_2,2,Provo_ID3,3,1081799,1261614,1,applied_drift,1741872061553,0,-39.96341824531555
1,1,block_2,2,Provo_ID3,3,1081799,1261614,1,applied_drift,1741872061611,0,-39.96341824531555
1,1,block_2,2,Provo_ID3,3,1081799,1261614,1,applied_drift,1741872061671,0,-39.96341824531555
1,1,block_2,2,Provo_ID3,3,1081799,1261614,1,applied_drift,1741872061703,0,-39.96341824531555
1,1,block_2,2,Provo_ID3,3,1081799,1261614,1,applied_drift,1741872061796,0,-39.96341824531555
1,1,block_2,2,Provo_ID3,3,1081799,1261614,1,applied_drift,1741872061854,0,-39.96341824531555
1,1,block_2,2,Provo_ID3,3,1081799,1261614,1,applied_drift,1741872061943,0,-39.96341824531555
1,1,block_2,2,Provo_ID3,3,1081799,1261614,1,applied_drift,1741872062004,0,-39.96341824531555
1,1,block_2,2,Provo_ID3,3,1081799,1261614,1,applied_drift,1741872062033,0,-39.96341824531555
1,1,block_2,2,Provo_ID3,3,1081799,1261614,1,applied_drift,1741872062108,0,-39.96341824531555
1,1,block_2,2,Provo_ID3,3,1081799,1261614,1,applied_drift,1741872062170,0,-39.96341824531555
1,1,block_2,2,Provo_ID3,3,1081799,1261614,1,applied_drift,1741872062235,0,-39.96341824531555
1,1,block_2,2,Provo_ID3,3,1081799,1261614,1,applied_drift,1741872062289,0,-39.96341824531555
1,1,block_2,2,Provo_ID3,3,1081799,1261614,1,applied_drift,1741872062385,0,-39.96341824531555
1,1,block_2,2,Provo_ID3,3,1081799,1261614,1,applied_drift,1741872062479,0,-39.96341824531555
1,1,block_2,2,Provo_ID3,3,1081799,1261614,1,applied_drift,1741872062550,0,-39.96341824531555
1,1,block_2,2,Provo_ID3,3,1081799,1261614,1,applied_drift,1741872062596,0,-39.96341824531555
1,1,block_2,2,Provo_ID3,3,1081799,1261614,1,applied_drift,1741872062661,0,-39.96341824531555
1,1,block_2,2,Provo_ID3,3,1081799,1261614,1,applied_drift,1741872062714,0,-39.96341824531555
1,1,block_2,2,Provo_ID3,3,1081799,1261614,1,applied_drift,1741872062793,0,-39.96341824531555
1,1,block_2,2,Provo_ID3,3,1081799,1261614,1,applied_drift,1741872062839,0,-39.96341824531555
1,1,block_2,2,Provo_ID3,3,1081799,1261614,1,applied_drift,1741872062905,0,-39.96341824531555
1,1,block_2,2,Provo_ID3,3,1081799,1261614,1,applied_drift,1741872062953,0,-39.96341824531555
1,1,block_2,2,Provo_ID3,3,1081799,1261614,1,applied_drift,1741872062980,0,-39.96341824531555
1,1,block_2,2,Provo_ID3,3,1081799,1261614,1,applied_drift,1741872063046,0,-39.96341824531555
1,1,block_2,2,Provo_ID3,3,1081799,1261614,1,applied_drift,1741872063131,0,-39.96341824531555
1,1,block_2,2,Provo_ID3,3,1081799,1261614,1,applied_drift,1741872063221,0,-39.96341824531555
1,1,block_2,2,Provo_ID3,3,1081799,1261614,1,applied_drift,1741872063272,0,-39.96341824531555
1,1,block_2,2,Provo_ID3,3,1081799,1261614,1,applied_drift,1741872063334,0,-39.96341824531555
1,1,block_2,2,Provo_ID3,3,1081799,1261614,1,applied_drift,1741872063389,0,-39.96341824531555
1,1,block_2,2,Provo_ID3,3,1081799,1261614,1,applied_drift,1741872063446,0,-39.96341824531555
1,1,block_2,2,Provo_ID3,3,1081799,1261614,1,applied_drift,1741872063497,0,-39.96341824531555
1,1,block_2,2,Provo_ID3,3,1081799,1261614,1,applied_drift,1741872063530,0,-39.96341824531555
1,1,block_2,2,Provo_ID3,3,1081799,1261614,1,applied_drift,1741872063588,0,-39.96341824531555
1,1,block_2,2,Provo_ID3,3,1081799,1261614,1,applied_drift,1741872063650,0,-39.96341824531555
1,1,block_2,2,Provo_ID3,3,1081799,1261614,1,applied_drift,1741872063681,0,-39.96341824531555
1,1,block_2,2,Provo_ID3,3,1081799,1261614,1,applied_drift,1741872063742,0,-39.96341824531555
1,1,block_2,2,Provo_ID3,3,1081799,1261614,1,applied_drift,1741872063783,0,-39.96341824531555
1,1,block_2,2,Provo_ID3,3,1081799,1261614,1,applied_drift,1741872063845,0,-39.96341824531555
1,1,block_2,2,Provo_ID3,3,1081799,1261614,1,applied_drift,1741872063914,0,-39.96341824531555
1,1,block_2,2,Provo_ID3,3,1081799,1261614,1,applied_drift,1741872064005,0,-39.96341824531555
1,1,block_2,2,Provo_ID3,3,1081799,1261614,1,applied_drift,1741872064078,0,-39.96341824531555
1,1,block_2,2,Provo_ID3,3,1081799,1261614,1,applied_drift,1741872064212,0,-39.96341824531555
1,1,block_2,2,Provo_ID3,3,1081799,1261614,1,applied_drift,1741872064287,0,-39.96341824531555
1,1,block_2,2,Provo_ID3,3,1081799,1261614,1,applied_drift,1741872064357,0,-39.96341824531555
1,1,block_2,2,Provo_ID3,3,1081799,1261614,1,applied_drift,1741872064407,0,-39.96341824531555
1,1,block_2,2,Provo_ID3,3,1081799,1261614,1,applied_drift,1741872064459,0,-39.96341824531555
1,1,block_2,2,Provo_ID3,3,1081799,1261614,1,applied_drift,1741872064517,0,-39.96341824531555
1,1,block_2,2,Provo_ID3,3,1081799,1261614,1,applied_drift,1741872064670,0,-39.96341824531555
1,1,block_2,2,Provo_ID3,3,1081799,1261614,1,applied_drift,1741872064705,0,-39.96341824531555
1,1,block_2,2,Provo_ID3,3,1081799,1261614,1,applied_drift,1741872064765,0,-39.96341824531555
1,1,block_2,2,Provo_ID3,3,1081799,1261614,1,applied_drift,1741872064804,0,-39.96341824531555
1,1,block_2,2,Provo_ID3,3,1081799,1261614,1,applied_drift,1741872064855,0,-39.96341824531555
1,1,block_2,2,Provo_ID3,3,1081799,1261614,1,applied_drift,1741872064905,0,-39.96341824531555
1,1,block_2,2,Provo_ID3,3,1081799,1261614,1,applied_drift,1741872064964,0,-39.96341824531555
1,1,block_2,2,Provo_ID3,3,1081799,1261614,1,applied_drift,1741872065047,0,-39.96341824531555
1,1,block_2,2,Provo_ID3,3,1081799,1261614,1,applied_drift,1741872065107,0,-39.96341824531555
1,1,block_2,2,Provo_ID3,3,1081799,1261614,1,applied_drift,1741872065170,0,-39.96341824531555
1,1,block_2,2,Provo_ID3,3,1081799,1261614,1,applied_drift,1741872065210,0,-39.96341824531555
1,1,block_2,2,Provo_ID3,3,1081799,1261614,1,applied_drift,1741872065257,0,-39.96341824531555
1,1,block_2,2,Provo_ID3,3,1081799,1261614,1,applied_drift,1741872065295,0,-39.96341824531555
1,1,block_2,2,Provo_ID3,3,1081799,1261614,1,applied_drift,1741872065341,0,-39.96341824531555
1,1,block_2,2,Provo_ID3,3,1081799,1261614,1,applied_drift,1741872065400,0,-39.96341824531555
1,1,block_2,2,Provo_ID3,3,1081799,1261614,1,applied_drift,1741872065476,0,-39.96341824531555
1,1,block_2,2,Provo_ID3,3,1081799,1261614,1,applied_drift,1741872065533,0,-39.96341824531555
1,1,block_2,2,Provo_ID3,3,1081799,1261614,1,applied_drift,1741872065569,0,-39.96341824531555
1,1,block_2,2,Provo_ID3,3,1081799,1261614,1,applied_drift,1741872065648,0,-39.96341824531555
1,1,block_2,2,Provo_ID3,3,1081799,1261614,1,applied_drift,1741872065696,0,-39.96341824531555
1,1,block_2,2,Provo_ID3,3,1081799,1261614,1,applied_drift,1741872065744,0,-39.96341824531555
1,1,block_2,2,Provo_ID3,3,1081799,1261614,1,applied_drift,1741872065781,0,-39.96341824531555
1,1,block_2,2,Provo_ID3,3,1081799,1261614,1,applied_drift,1741872065805,0,-39.96341824531555
1,1,block_2,2,Provo_ID3,3,1081799,1261614,1,applied_drift,1741872065855,0,-39.96341824531555
1,1,block_2,2,Provo_ID3,3,1081799,1261614,1,applied_drift,1741872065892,0,-39.96341824531555
1,1,block_2,2,Provo_ID3,3,1081799,1261614,1,applied_drift,1741872065943,0,-39.96341824531555
1,1,block_2,2,Provo_ID3,3,1081799,1261614,1,applied_drift,1741872065980,0,-39.96341824531555
1,1,block_2,2,Provo_ID3,3,1081799,1261614,1,applied_drift,1741872066008,0,-39.96341824531555
1,1,block_2,2,Provo_ID3,3,1081799,1261614,1,applied_drift,1741872066053,0,-39.96341824531555
1,1,block_2,2,Provo_ID3,3,1081799,1261614,1,applied_drift,1741872066086,0,-39.96341824531555
1,1,block_2,2,Provo_ID3,3,1081799,1261614,1,applied_drift,1741872066131,0,-39.96341824531555
1,1,block_2,2,Provo_ID3,3,1081799,1261614,1,applied_drift,1741872066170,0,-39.96341824531555
1,1,block_2,2,Provo_ID3,3,1081799,1261614,1,applied_drift,1741872066248,0,-39.96341824531555
1,1,block_2,2,Provo_ID3,3,1081799,1261614,1,applied_drift,1741872066311,0,-39.96341824531555
1,1,block_2,2,Provo_ID3,3,1081799,1261614,1,applied_drift,1741872066365,0,-39.96341824531555
1,1,block_2,2,Provo_ID3,3,1081799,1261614,1,applied_drift,1741872066405,0,-39.96341824531555
1,1,block_2,2,Provo_ID3,3,1081799,1261614,1,applied_drift,1741872066453,0,-39.96341824531555
1,1,block_2,2,Provo_ID3,3,1081799,1261614,1,applied_drift,1741872066493,0,-39.96341824531555
1,1,block_2,2,Provo_ID3,3,1081799,1261614,1,applied_drift,1741872066541,0,-39.96341824531555
1,1,block_2,2,Provo_ID3,3,1081799,1261614,1,applied_drift,1741872066579,0,-39.96341824531555
1,1,block_2,2,Provo_ID3,3,1081799,1261614,1,applied_drift,1741872066633,0,-39.96341824531555
1,1,block_2,2,Provo_ID3,3,1081799,1261614,1,applied_drift,1741872066673,0,-39.96341824531555
1,1,block_2,2,Provo_ID3,3,1081799,1261614,1,applied_drift,1741872066695,0,-39.96341824531555
1,1,block_2,2,Provo_ID3,3,1081799,1261614,1,applied_drift,1741872066741,0,-39.96341824531555
1,1,block_2,2,Provo_ID3,3,1081799,1261614,1,applied_drift,1741872066775,0,-39.96341824531555
1,1,block_2,2,Provo_ID3,3,1081799,1261614,1,applied_drift,1741872066828,0,-39.96341824531555
1,1,block_2,2,Provo_ID3,3,1081799,1261614,1,applied_drift,1741872066857,0,-39.96341824531555
1,1,block_2,2,Provo_ID3,3,1081799,1261614,1,applied_drift,1741872066920,0,-39.96341824531555
1,1,block_2,2,Provo_ID3,3,1081799,1261614,1,applied_drift,1741872067001,0,-39.96341824531555
1,1,block_2,2,Provo_ID3,3,1081799,1261614,1,applied_drift,1741872067058,0,-39.96341824531555
1,1,block_2,2,Provo_ID3,3,1081799,1261614,1,applied_drift,1741872067092,0,-39.96341824531555
1,1,block_2,2,Provo_ID3,3,1081799,1261614,1,applied_drift,1741872067136,0,-39.96341824531555
1,1,block_2,2,Provo_ID3,3,1081799,1261614,1,applied_drift,1741872067166,0,-39.96341824531555
1,1,block_2,2,Provo_ID3,3,1081799,1261614,1,applied_drift,1741872067221,0,-39.96341824531555
1,1,block_2,2,Provo_ID3,3,1081799,1261614,1,applied_drift,1741872067301,0,-39.96341824531555
1,1,block_2,2,Provo_ID3,3,1081799,1261614,1,applied_drift,1741872067328,0,-39.96341824531555
1,1,block_2,2,Provo_ID3,3,1081799,1261614,1,applied_drift,1741872067378,0,-39.96341824531555
1,1,block_2,2,Provo_ID3,3,1081799,1261614,1,applied_drift,1741872067409,0,-39.96341824531555
1,1,block_2,2,Provo_ID3,3,1081799,1261614,1,applied_drift,1741872067453,0,-39.96341824531555
1,1,block_2,2,Provo_ID3,3,1081799,1261614,1,applied_drift,1741872067491,0,-39.96341824531555
1,1,block_2,2,Provo_ID3,3,1081799,1261614,1,applied_drift,1741872067551,0,-39.96341824531555
1,1,block_2,2,Provo_ID3,3,1081799,1261614,1,applied_drift,1741872067624,0,-39.96341824531555
1,1,block_2,2,Provo_ID3,3,1081799,1261614,1,applied_drift,1741872067687,0,-39.96341824531555
1,1,block_2,2,Provo_ID3,3,1081799,1261614,1,applied_drift,1741872067722,0,-39.96341824531555
1,1,block_2,2,Provo_ID3,3,1081799,1261614,1,applied_drift,1741872067764,0,-39.96341824531555
1,1,block_2,2,Provo_ID3,3,1081799,1261614,1,applied_drift,1741872067806,0,-39.96341824531555
1,1,block_2,2,Provo_ID3,3,1081799,1261614,1,applied_drift,1741872067856,0,-39.96341824531555
1,1,block_2,2,Provo_ID3,3,1081799,1261614,1,applied_drift,1741872067900,0,-39.96341824531555
1,1,block_2,2,Provo_ID3,3,1081799,1261614,1,applied_drift,1741872067951,0,-39.96341824531555
1,1,block_2,2,Provo_ID3,3,1081799,1261614,1,applied_drift,1741872067988,0,-39.96341824531555
1,1,block_2,2,Provo_ID3,3,1081799,1261614,1,applied_drift,1741872068010,0,-39.96341824531555
1,1,block_2,2,Provo_ID3,3,1081799,1261614,1,applied_drift,1741872068058,0,-39.96341824531555
1,1,block_2,2,Provo_ID3,3,1081799,1261614,1,applied_drift,1741872068090,0,-39.96341824531555
1,1,block_2,2,Provo_ID3,3,1081799,1261614,1,applied_drift,1741872068150,0,-39.96341824531555
1,1,block_2,2,Provo_ID3,3,1081799,1261614,1,applied_drift,1741872068262,0,-39.96341824531555
1,1,block_2,2,Provo_ID3,3,1081799,1261614,1,applied_drift,1741872068304,0,-39.96341824531555
1,1,block_2,2,Provo_ID3,3,1081799,1261614,1,applied_drift,1741872068347,0,-39.96341824531555
1,1,block_2,2,Provo_ID3,3,1081799,1261614,1,applied_drift,1741872068378,0,-39.96341824531555
1,1,block_2,2,Provo_ID3,3,1081799,1261614,1,applied_drift,1741872068401,0,-39.96341824531555
1,1,block_2,2,Provo_ID3,3,1081799,1261614,1,applied_drift,1741872068448,0,-39.96341824531555
1,1,block_2,2,Provo_ID3,3,1081799,1261614,1,applied_drift,1741872068485,0,-39.96341824531555
1,1,block_2,2,Provo_ID3,3,1081799,1261614,1,applied_drift,1741872068548,0,-39.96341824531555
1,1,block_2,2,Provo_ID3,3,1081799,1261614,1,applied_drift,1741872068630,0,-39.96341824531555
1,1,block_2,2,Provo_ID3,3,1081799,1261614,1,applied_drift,1741872068692,0,-39.96341824531555
1,1,block_2,2,Provo_ID3,3,1081799,1261614,1,applied_drift,1741872068743,0,-39.96341824531555
1,1,block_2,2,Provo_ID3,3,1081799,1261614,1,applied_drift,1741872068769,0,-39.96341824531555
1,1,block_2,2,Provo_ID3,3,1081799,1261614,1,applied_drift,1741872068817,0,-39.96341824531555
1,1,block_2,2,Provo_ID3,3,1081799,1261614,1,applied_drift,1741872068851,0,-39.96341824531555
1,1,block_2,2,Provo_ID3,3,1081799,1261614,1,applied_drift,1741872068900,0,-39.96341824531555
1,1,block_2,2,Provo_ID3,3,1081799,1261614,1,applied_drift,1741872068952,0,-39.96341824531555
1,1,block_2,2,Provo_ID3,3,1081799,1261614,1,applied_drift,1741872068995,0,-39.96341824531555
1,1,block_2,2,Provo_ID3,3,1081799,1261614,1,applied_drift,1741872069067,0,-39.96341824531555
1,1,block_2,2,Provo_ID3,3,1081799,1261614,1,applied_drift,1741872069107,0,-39.96341824531555
1,1,block_2,2,Provo_ID3,3,1081799,1261614,1,applied_drift,1741872069150,0,-39.96341824531555
1,1,block_2,2,Provo_ID3,3,1081799,1261614,1,applied_drift,1741872069189,0,-39.96341824531555
1,1,block_2,2,Provo_ID3,3,1081799,1261614,1,applied_drift,1741872069241,0,-39.96341824531555
1,1,block_2,2,Provo_ID3,3,1081799,1261614,1,applied_drift,1741872069276,0,-39.96341824531555
1,1,block_2,2,Provo_ID3,3,1081799,1261614,1,applied_drift,1741872069328,0,-39.96341824531555
1,1,block_2,2,Provo_ID3,3,1081799,1261614,1,applied_drift,1741872069362,0,-39.96341824531555
1,1,block_2,2,Provo_ID3,3,1081799,1261614,1,applied_drift,1741872069430,0,-39.96341824531555
1,1,block_2,2,Provo_ID3,3,1081799,1261614,1,applied_drift,1741872069502,0,-39.96341824531555
1,1,block_2,2,Provo_ID3,3,1081799,1261614,1,applied_drift,1741872069558,0,-39.96341824531555
1,1,block_2,2,Provo_ID3,3,1081799,1261614,1,applied_drift,1741872069591,0,-39.96341824531555
1,1,block_2,2,Provo_ID3,3,1081799,1261614,1,applied_drift,1741872069640,0,-39.96341824531555
1,1,block_2,2,Provo_ID3,3,1081799,1261614,1,applied_drift,1741872069670,0,-39.96341824531555
1,1,block_2,2,Provo_ID3,3,1081799,1261614,1,applied_drift,1741872069721,0,-39.96341824531555
1,1,block_2,2,Provo_ID3,3,1081799,1261614,1,applied_drift,1741872069755,0,-39.96341824531555
1,1,block_2,2,Provo_ID3,3,1081799,1261614,1,applied_drift,1741872069801,0,-39.96341824531555
1,1,block_2,2,Provo_ID3,3,1081799,1261614,1,applied_drift,1741872069841,0,-39.96341824531555
1,1,block_2,2,Provo_ID3,3,1081799,1261614,1,applied_drift,1741872069862,0,-39.96341824531555
1,1,block_2,2,Provo_ID3,3,1081799,1261614,1,applied_drift,1741872069911,0,-39.96341824531555
1,1,block_2,2,Provo_ID3,3,1081799,1261614,1,applied_drift,1741872069943,0,-39.96341824531555
1,1,block_2,2,Provo_ID3,3,1081799,1261614,1,applied_drift,1741872069991,0,-39.96341824531555
1,1,block_2,2,Provo_ID3,3,1081799,1261614,1,applied_drift,1741872070029,0,-39.96341824531555
1,1,block_2,2,Provo_ID3,3,1081799,1261614,1,applied_drift,1741872070050,0,-39.96341824531555
1,1,block_2,2,Provo_ID3,3,1081799,1261614,1,applied_drift,1741872070100,0,-39.96341824531555
1,1,block_2,2,Provo_ID3,3,1081799,1261614,1,applied_drift,1741872070224,0,-39.96341824531555
1,1,block_2,2,Provo_ID3,3,1081799,1261614,1,applied_drift,1741872070272,0,-39.96341824531555
1,1,block_2,2,Provo_ID3,3,1081799,1261614,1,applied_drift,1741872070332,0,-39.96341824531555
1,1,block_2,2,Provo_ID3,3,1081799,1261614,1,applied_drift,1741872070378,0,-39.96341824531555
1,1,block_2,2,Provo_ID3,3,1081799,1261614,1,applied_drift,1741872070428,0,-39.96341824531555
1,1,block_2,2,Provo_ID3,3,1081799,1261614,1,applied_drift,1741872070477,0,-39.96341824531555
1,1,block_2,2,Provo_ID3,3,1081799,1261614,1,applied_drift,1741872070523,0,-39.96341824531555
1,1,block_2,2,Provo_ID3,3,1081799,1261614,1,applied_drift,1741872070566,0,-39.96341824531555
1,1,block_2,2,Provo_ID3,3,1081799,1261614,1,applied_drift,1741872070686,0,-39.96341824531555
1,1,block_2,2,Provo_ID3,3,1081799,1261614,1,applied_drift,1741872070726,0,-39.96341824531555
1,1,block_2,2,Provo_ID3,3,1081799,1261614,1,applied_drift,1741872070771,0,-39.96341824531555
1,1,block_2,2,Provo_ID3,3,1081799,1261614,1,applied_drift,1741872070806,0,-39.96341824531555
1,1,block_2,2,Provo_ID3,3,1081799,1261614,1,applied_drift,1741872070826,0,-39.96341824531555
1,1,block_2,2,Provo_ID3,3,1081799,1261614,1,applied_drift,1741872070874,0,-39.96341824531555
1,1,block_2,2,Provo_ID3,3,1081799,1261614,1,applied_drift,1741872070905,0,-39.96341824531555
1,1,block_2,2,Provo_ID3,3,1081799,1261614,1,applied_drift,1741872070963,0,-39.96341824531555
1,1,block_2,2,Provo_ID3,3,1081799,1261614,1,applied_drift,1741872071029,0,-39.96341824531555
1,1,block_2,2,Provo_ID3,3,1081799,1261614,1,applied_drift,1741872071077,0,-39.96341824531555
1,1,block_2,2,Provo_ID3,3,1081799,1261614,1,applied_drift,1741872071123,0,-39.96341824531555
1,1,block_2,2,Provo_ID3,3,1081799,1261614,1,applied_drift,1741872071157,0,-39.96341824531555
1,1,block_2,2,Provo_ID3,3,1081799,1261614,1,applied_drift,1741872071178,0,-39.96341824531555
1,1,block_2,2,Provo_ID3,3,1081799,1261614,1,applied_drift,1741872071225,0,-39.96341824531555
1,1,block_2,2,Provo_ID3,3,1081799,1261614,1,applied_drift,1741872071259,0,-39.96341824531555
1,1,block_2,2,Provo_ID3,3,1081799,1261614,1,applied_drift,1741872071308,0,-39.96341824531555
1,1,block_2,2,Provo_ID3,3,1081799,1261614,1,applied_drift,1741872071346,0,-39.96341824531555
1,1,block_2,2,Provo_ID3,3,1081799,1261614,1,applied_drift,1741872071397,0,-39.96341824531555
1,1,block_2,2,Provo_ID3,3,1081799,1261614,1,applied_drift,1741872071437,0,-39.96341824531555
1,1,block_2,2,Provo_ID3,3,1081799,1261614,1,applied_drift,1741872071457,0,-39.96341824531555
1,1,block_2,2,Provo_ID3,3,1081799,1261614,1,applied_drift,1741872071505,0,-39.96341824531555
1,1,block_2,2,Provo_ID3,3,1081799,1261614,1,applied_drift,1741872071540,0,-39.96341824531555
1,1,block_2,2,Provo_ID3,3,1081799,1261614,1,applied_drift,1741872071589,0,-39.96341824531555
1,1,block_2,2,Provo_ID3,3,1081799,1261614,1,applied_drift,1741872071628,0,-39.96341824531555
1,1,block_2,2,Provo_ID3,3,1081799,1261614,1,applied_drift,1741872071650,0,-39.96341824531555
1,1,block_2,2,Provo_ID3,3,1081799,1261614,1,applied_drift,1741872071694,0,-39.96341824531555
1,1,block_2,2,Provo_ID3,3,1081799,1261614,1,applied_drift,1741872071725,0,-39.96341824531555
1,1,block_2,2,Provo_ID3,3,1081799,1261614,1,applied_drift,1741872071773,0,-39.96341824531555
1,1,block_2,2,Provo_ID3,3,1081799,1261614,1,applied_drift,1741872071812,0,-39.96341824531555
1,1,block_2,2,Provo_ID3,3,1081799,1261614,1,applied_drift,1741872071878,0,-39.96341824531555
1,1,block_2,2,Provo_ID3,3,1081799,1261614,1,applied_drift,1741872071966,0,-39.96341824531555
1,1,block_2,2,Provo_ID3,3,1081799,1261614,1,applied_drift,1741872072045,0,-39.96341824531555
1,1,block_2,2,Provo_ID3,3,1081799,1261614,1,applied_drift,1741872072078,0,-39.96341824531555
1,1,block_2,2,Provo_ID3,3,1081799,1261614,1,applied_drift,1741872072123,0,-39.96341824531555
1,1,block_2,2,Provo_ID3,3,1081799,1261614,1,applied_drift,1741872072156,0,-39.96341824531555
1,1,block_2,2,Provo_ID3,3,1081799,1261614,1,applied_drift,1741872072216,0,-39.96341824531555
1,1,block_2,2,Provo_ID3,3,1081799,1261614,1,applied_drift,1741872072304,0,-39.96341824531555
1,1,block_2,2,Provo_ID3,3,1081799,1261614,1,applied_drift,1741872072368,0,-39.96341824531555
1,1,block_2,2,Provo_ID3,3,1081799,1261614,1,applied_drift,1741872072410,0,-39.96341824531555
1,1,block_2,2,Provo_ID3,3,1081799,1261614,1,applied_drift,1741872072464,0,-39.96341824531555
1,1,block_2,2,Provo_ID3,3,1081799,1261614,1,applied_drift,1741872072497,0,-39.96341824531555
1,1,block_2,2,Provo_ID3,3,1081799,1261614,1,applied_drift,1741872072546,0,-39.96341824531555
1,1,block_2,2,Provo_ID3,3,1081799,1261614,1,applied_drift,1741872072587,0,-39.96341824531555
1,1,block_2,2,Provo_ID3,3,1081799,1261614,1,applied_drift,1741872072636,0,-39.96341824531555
1,1,block_2,2,Provo_ID3,3,1081799,1261614,1,applied_drift,1741872072676,0,-39.96341824531555
1,1,block_2,2,Provo_ID3,3,1081799,1261614,1,applied_drift,1741872072728,0,-39.96341824531555
1,1,block_2,2,Provo_ID3,3,1081799,1261614,1,applied_drift,1741872072774,0,-39.96341824531555
1,1,block_2,2,Provo_ID3,3,1081799,1261614,1,applied_drift,1741872072815,0,-39.96341824531555
1,1,block_2,2,Provo_ID3,3,1081799,1261614,1,applied_drift,1741872072845,0,-39.96341824531555
1,1,block_2,2,Provo_ID3,3,1081799,1261614,1,applied_drift,1741872072875,0,-39.96341824531555
1,1,block_2,2,Provo_ID3,3,1081799,1261614,1,applied_drift,1741872072921,0,-39.96341824531555
1,1,block_2,2,Provo_ID3,3,1081799,1261614,1,applied_drift,1741872072955,0,-39.96341824531555
1,1,block_2,2,Provo_ID3,3,1081799,1261614,1,applied_drift,1741872073080,0,-39.96341824531555
1,1,block_2,2,Provo_ID3,3,1081799,1261614,1,applied_drift,1741872073130,0,-39.96341824531555
1,1,block_2,2,Provo_ID3,3,1081799,1261614,1,applied_drift,1741872073170,0,-39.96341824531555
1,1,block_2,2,Provo_ID3,3,1081799,1261614,1,applied_drift,1741872073194,0,-39.96341824531555
1,1,block_2,2,Provo_ID3,3,1081799,1261614,1,applied_drift,1741872073240,0,-39.96341824531555
1,1,block_2,2,Provo_ID3,3,1081799,1261614,1,applied_drift,1741872073302,0,-39.96341824531555
1,1,block_2,2,Provo_ID3,3,1081799,1261614,1,applied_drift,1741872073393,0,-39.96341824531555
1,1,block_2,2,Provo_ID3,3,1081799,1261614,1,applied_drift,1741872073497,0,-39.96341824531555
1,1,block_2,2,Provo_ID3,3,1081799,1261614,1,applied_drift,1741872073588,0,-39.96341824531555
1,1,block_2,2,Provo_ID3,3,1081799,1261614,1,applied_drift,1741872073632,0,-39.96341824531555
1,1,block_2,2,Provo_ID3,3,1081799,1261614,1,error_trial,1741872012966,""
1,1,block_2,2,Provo_ID3,3,1081799,1261614,1,error_trial,1741872037835,37.58766174316406
1,1,block_2,2,Provo_ID3,3,1081799,1261614,1,error_trial_x,1741872012966,""
1,1,block_2,2,Provo_ID3,3,1081799,1261614,1,error_trial_x,1741872037835,22.750464545355904
1,1,block_2,2,Provo_ID3,3,1081799,1261614,1,error_trial_y,1741872012966,""
1,1,block_2,2,Provo_ID3,3,1081799,1261614,1,error_trial_y,1741872037835,24.612102508544922
1,1,block_2,2,Provo_ID3,3,1081799,1261614,1,error_calibration,1741872012966,""
1,1,block_2,2,Provo_ID3,3,1081799,1261614,1,error_calibration,1741872037835,25.465291341145832
1,1,block_2,2,Provo_ID3,3,1081799,1261614,1,error_calibration_x,1741872012966,""
1,1,block_2,2,Provo_ID3,3,1081799,1261614,1,error_calibration_x,1741872037835,18.51829104953342
1,1,block_2,2,Provo_ID3,3,1081799,1261614,1,error_calibration_y,1741872012966,""
1,1,block_2,2,Provo_ID3,3,1081799,1261614,1,error_calibration_y,1741872037835,15.158179601033527
1,1,block_2,2,Provo_ID3,3,1081799,1261614,1,gaze_conf,"",
1,1,block_2,2,Provo_ID7,5,1081799,1261614,1,gaze_data,1741872147317,
1,1,block_2,2,Provo_ID7,5,1081799,1261614,1,gaze_data,1741872171353,757.2274684906006,413.87361884117126,1741872171177.3,0.9034077304703159
1,1,block_2,2,Provo_ID7,5,1081799,1261614,1,gaze_data,1741872171395,505.3598999977112,270.67017033696175,1741872171272.5,0.9034077304703159
1,1,block_2,2,Provo_ID7,5,1081799,1261614,1,gaze_data,1741872171443,505.96392154693604,278.713783621788,1741872171305.3,0.8923233682816085
1,1,block_2,2,Provo_ID7,5,1081799,1261614,1,gaze_data,1741872171486,494.5663332939148,262.541750818491,1741872171339.8,0.8923233682816085
1,1,block_2,2,Provo_ID7,5,1081799,1261614,1,gaze_data,1741872171532,477.99164056777954,236.8462685495615,1741872171405.4001,1
1,1,block_2,2,Provo_ID7,5,1081799,1261614,1,gaze_data,1741872171583,482.76222944259644,249.63700994849205,1741872171438.5,1
1,1,block_2,2,Provo_ID7,5,1081799,1261614,1,gaze_data,1741872171635,237.35889196395874,88.91931772232056,1741872171505.4001,1
1,1,block_2,2,Provo_ID7,5,1081799,1261614,1,gaze_data,1741872171676,194.0101146697998,81.47985339164734,1741872171539,1
1,1,block_2,2,Provo_ID7,5,1081799,1261614,1,gaze_data,1741872171705,208.96424055099487,69.98053789138794,1741872171572.2002,1
1,1,block_2,2,Provo_ID7,5,1081799,1261614,1,gaze_data,1741872171781,198.33874702453613,96.84332311153412,1741872171605.5,1
1,1,block_2,2,Provo_ID7,5,1081799,1261614,1,gaze_data,1741872171839,111.82923316955566,81.87264800071716,1741872171708.1,1
1,1,block_2,2,Provo_ID7,5,1081799,1261614,1,gaze_data,1741872171894,116.07387065887451,75.72830319404602,1741872171738.9001,1
1,1,block_2,2,Provo_ID7,5,1081799,1261614,1,gaze_data,1741872171945,110.81888675689697,78.62523794174194,1741872171805.3,1
1,1,block_2,2,Provo_ID7,5,1081799,1261614,1,gaze_data,1741872171970,102.1719217300415,70.95659375190735,1741872171840.1,1
1,1,block_2,2,Provo_ID7,5,1081799,1261614,1,gaze_data,1741872172042,92.25747585296631,77.1316647529602,1741872171872,1
1,1,block_2,2,Provo_ID7,5,1081799,1261614,1,gaze_data,1741872172088,91.09561443328857,74.74828362464905,1741872171939.9001,1
1,1,block_2,2,Provo_ID7,5,1081799,1261614,1,gaze_data,1741872172141,71.86377048492432,58.44867825508118,1741872172005.7002,1
1,1,block_2,2,Provo_ID7,5,1081799,1261614,1,gaze_data,1741872172182,68.72105598449707,39.087867736816406,1741872172038.6,1
1,1,block_2,2,Provo_ID7,5,1081799,1261614,1,gaze_data,1741872172203,69.6619987487793,39.39638137817383,1741872172104.7002,1
1,1,block_2,2,Provo_ID7,5,1081799,1261614,1,gaze_data,1741872172251,97.14295864105225,55.60610294342041,1741872172139.2002,1
1,1,block_2,2,Provo_ID7,5,1081799,1261614,1,gaze_data,1741872172290,117.02837944030762,43.830788135528564,1741872172172.3,1
1,1,block_2,2,Provo_ID7,5,1081799,1261614,1,gaze_data,1741872172338,119.42024230957031,47.39800691604614,1741872172205.5,1
1,1,block_2,2,Provo_ID7,5,1081799,1261614,1,gaze_data,1741872172382,122.4153995513916,41.507577896118164,1741872172239.2002,1
1,1,block_2,2,Provo_ID7,5,1081799,1261614,1,gaze_data,1741872172426,167.4668550491333,60.660457611083984,1741872172304.7002,1
1,1,block_2,2,Provo_ID7,5,1081799,1261614,1,gaze_data,1741872172462,192.2820806503296,55.52545785903931,1741872172338.7002,1
1,1,block_2,2,Provo_ID7,5,1081799,1261614,1,gaze_data,1741872172490,195.54338455200195,60.99063754081726,1741872172372.3,1
1,1,block_2,2,Provo_ID7,5,1081799,1261614,1,gaze_data,1741872172544,207.60589838027954,65.47475457191467,1741872172405.9001,1
1,1,block_2,2,Provo_ID7,5,1081799,1261614,1,gaze_data,1741872172582,238.14831972122192,67.44942665100098,1741872172439.1,1
1,1,block_2,2,Provo_ID7,5,1081799,1261614,1,gaze_data,1741872172632,179.52876091003418,62.2114896774292,1741872172504.8,1
1,1,block_2,2,Provo_ID7,5,1081799,1261614,1,gaze_data,1741872172673,171.986722946167,53.321754932403564,1741872172538.1,1
1,1,block_2,2,Provo_ID7,5,1081799,1261614,1,gaze_data,1741872172723,156.34076595306396,83.08125138282776,1741872172572.1,1
1,1,block_2,2,Provo_ID7,5,1081799,1261614,1,gaze_data,1741872172773,144.05019283294678,90.30061066150665,1741872172637.8,1
1,1,block_2,2,Provo_ID7,5,1081799,1261614,1,gaze_data,1741872172830,126.68840885162354,90.4523491859436,1741872172672.4001,1
1,1,block_2,2,Provo_ID7,5,1081799,1261614,1,gaze_data,1741872172870,132.30209350585938,96.01949751377106,1741872172738.3,1
1,1,block_2,2,Provo_ID7,5,1081799,1261614,1,gaze_data,1741872172945,127.15926170349121,78.43724489212036,1741872172771.6,1
1,1,block_2,2,Provo_ID7,5,1081799,1261614,1,gaze_data,1741872173011,127.15926170349121,78.43724489212036,1741872172804.5,1
1,1,block_2,2,Provo_ID7,5,1081799,1261614,1,gaze_data,1741872173068,138.54351043701172,71.89024090766907,1741872172928.1,1
1,1,block_2,2,Provo_ID7,5,1081799,1261614,1,gaze_data,1741872173109,399.26934391260147,110.99099218845367,1741872172971.7002,1
1,1,block_2,2,Provo_ID7,5,1081799,1261614,1,gaze_data,1741872173134,306.66550397872925,217.2012584283948,1741872173005.2002,1
1,1,block_2,2,Provo_ID7,5,1081799,1261614,1,gaze_data,1741872173171,310.5385899543762,222.67471943050623,1741872173037.5,1
1,1,block_2,2,Provo_ID7,5,1081799,1261614,1,gaze_data,1741872173204,328.6983013153076,202.47480496764183,1741872173072.1,1
1,1,block_2,2,Provo_ID7,5,1081799,1261614,1,gaze_data,1741872173258,351.0692685842514,162.45262175798416,1741872173104.5,0
1,1,block_2,2,Provo_ID7,5,1081799,1261614,1,gaze_data,1741872173295,365.1302069425583,144.3597510457039,1741872173171,0
1,1,block_2,2,Provo_ID7,5,1081799,1261614,1,gaze_data,1741872173355,394.0943494439125,142.50022023916245,1741872173204.4001,0.4229606331746005
1,1,block_2,2,Provo_ID7,5,1081799,1261614,1,gaze_data,1741872173420,393.7172055244446,119.1914513707161,1741872173237.9001,0.4229606331746005
1,1,block_2,2,Provo_ID7,5,1081799,1261614,1,gaze_data,1741872173490,405.84749802947044,80.99705576896667,1741872173339.5,1
1,1,block_2,2,Provo_ID7,5,1081799,1261614,1,gaze_data,1741872173534,369.3660467863083,152.08028852939606,1741872173405.1,1
1,1,block_2,2,Provo_ID7,5,1081799,1261614,1,gaze_data,1741872173587,72.6644515991211,297.17807322740555,1741872173437.6,1
1,1,block_2,2,Provo_ID7,5,1081799,1261614,1,gaze_data,1741872173621,57.60178565979004,305.2300497889519,1741872173504.1,1
1,1,block_2,2,Provo_ID7,5,1081799,1261614,1,gaze_data,1741872173671,85.67225933074951,261.7577485740185,1741872173538.4001,1
1,1,block_2,2,Provo_ID7,5,1081799,1261614,1,gaze_data,1741872173713,76.00560188293457,257.20026940107346,1741872173571.8,1
1,1,block_2,2,Provo_ID7,5,1081799,1261614,1,gaze_data,1741872173739,53.812193870544434,243.9147237688303,1741872173604.8,1
1,1,block_2,2,Provo_ID7,5,1081799,1261614,1,gaze_data,1741872173777,90.96477031707764,185.88340878486633,1741872173637.4001,1
1,1,block_2,2,Provo_ID7,5,1081799,1261614,1,gaze_data,1741872173812,99.08673763275146,195.27650848031044,1741872173671,1
1,1,block_2,2,Provo_ID7,5,1081799,1261614,1,gaze_data,1741872173879,104.86376285552979,211.2544583156705,1741872173737.8,1
1,1,block_2,2,Provo_ID7,5,1081799,1261614,1,gaze_data,1741872173966,150.47662258148193,221.44718784838915,1741872173801.8,1
1,1,block_2,2,Provo_ID7,5,1081799,1261614,1,gaze_data,1741872174018,341.84563159942627,227.26995907723904,1741872173872.2002,1
1,1,block_2,2,Provo_ID7,5,1081799,1261614,1,gaze_data,1741872174061,368.682461977005,250.86441114544868,1741872173937.4001,1
1,1,block_2,2,Provo_ID7,5,1081799,1261614,1,gaze_data,1741872174104,313.5206699371338,196.02533094584942,1741872173970.6,1
1,1,block_2,2,Provo_ID7,5,1081799,1261614,1,gaze_data,1741872174142,480.7393431663513,205.11938482522964,1741872174004.4001,1
1,1,block_2,2,Provo_ID7,5,1081799,1261614,1,gaze_data,1741872174168,485.07615327835083,209.92174968123436,1741872174037.4001,1
1,1,block_2,2,Provo_ID7,5,1081799,1261614,1,gaze_data,1741872174209,467.7586793899536,182.97820389270782,1741872174070.8,1
1,1,block_2,2,Provo_ID7,5,1081799,1261614,1,gaze_data,1741872174245,486.64265871047974,184.76020023226738,1741872174104.2002,1
1,1,block_2,2,Provo_ID7,5,1081799,1261614,1,gaze_data,1741872174308,489.91894721984863,184.16230976581573,1741872174170.9001,1
1,1,block_2,2,Provo_ID7,5,1081799,1261614,1,gaze_data,1741872174368,439.76882696151733,186.18830889463425,1741872174229.4001,1
1,1,block_2,2,Provo_ID7,5,1081799,1261614,1,gaze_data,1741872174423,80.90231418609619,338.5223060846329,1741872174272.8,1
1,1,block_2,2,Provo_ID7,5,1081799,1261614,1,gaze_data,1741872174475,102.0714521408081,330.6106314063072,1741872174338.4001,1
1,1,block_2,2,Provo_ID7,5,1081799,1261614,1,gaze_data,1741872174508,95.37262916564941,366.94178581237793,1741872174371.3,1
1,1,block_2,2,Provo_ID7,5,1081799,1261614,1,gaze_data,1741872174553,171.01218700408936,300.28648525476456,1741872174404.1,0.898409077352047
1,1,block_2,2,Provo_ID7,5,1081799,1261614,1,gaze_data,1741872174580,180.18512725830078,295.8466172218323,1741872174470.4001,0.898409077352047
1,1,block_2,2,Provo_ID7,5,1081799,1261614,1,gaze_data,1741872174635,167.65203475952148,287.1703863143921,1741872174504.6,1
1,1,block_2,2,Provo_ID7,5,1081799,1261614,1,gaze_data,1741872174680,173.17817211151123,291.52282178401947,1741872174537.5,1
1,1,block_2,2,Provo_ID7,5,1081799,1261614,1,gaze_data,1741872174731,151.98955535888672,304.3488547205925,1741872174604.2002,1
1,1,block_2,2,Provo_ID7,5,1081799,1261614,1,gaze_data,1741872174776,166.85221195220947,296.2117701768875,1741872174637.3,1
1,1,block_2,2,Provo_ID7,5,1081799,1261614,1,gaze_data,1741872174799,289.06949758529663,299.39931482076645,1741872174670.9001,1
1,1,block_2,2,Provo_ID7,5,1081799,1261614,1,gaze_data,1741872174850,283.8254690170288,281.4546510577202,1741872174703.6,1
1,1,block_2,2,Provo_ID7,5,1081799,1261614,1,gaze_data,1741872174892,318.68791580200195,279.68492209911346,1741872174770.5,1
1,1,block_2,2,Provo_ID7,5,1081799,1261614,1,gaze_data,1741872174987,306.88992738723755,268.5021370649338,1741872174864.8,0.9705178055253079
1,1,block_2,2,Provo_ID7,5,1081799,1261614,1,gaze_data,1741872175031,216.42282009124756,297.5029706954956,1741872174904.5,0.9705178055253079
1,1,block_2,2,Provo_ID7,5,1081799,1261614,1,gaze_data,1741872175080,184.54861640930176,347.70139902830124,1741872174938,0.9832949409368745
1,1,block_2,2,Provo_ID7,5,1081799,1261614,1,gaze_data,1741872175121,229.35733795166016,335.92235893011093,1741872175003.8,0.9832949409368745
1,1,block_2,2,Provo_ID7,5,1081799,1261614,1,gaze_data,1741872175165,206.72959089279175,326.28335654735565,1741872175036.6,0.7874335168216577
1,1,block_2,2,Provo_ID7,5,1081799,1261614,1,gaze_data,1741872175203,249.71110820770264,332.4983552098274,1741872175071.3,0.7874335168216577
1,1,block_2,2,Provo_ID7,5,1081799,1261614,1,gaze_data,1741872175229,261.02250814437866,343.89540404081345,1741872175103.5,0.7874335168216577
1,1,block_2,2,Provo_ID7,5,1081799,1261614,1,gaze_data,1741872175265,319.60723400115967,333.6793467402458,1741872175137.3,0.9284786874992723
1,1,block_2,2,Provo_ID7,5,1081799,1261614,1,gaze_data,1741872175303,319.60723400115967,333.6793467402458,1741872175170.3,0.9284786874992723
1,1,block_2,2,Provo_ID7,5,1081799,1261614,1,gaze_data,1741872175358,328.02672386169434,313.1250277161598,1741872175204,0.7295473988123756
1,1,block_2,2,Provo_ID7,5,1081799,1261614,1,gaze_data,1741872175433,328.02672386169434,313.1250277161598,1741872175236.6,0.7295473988123756
1,1,block_2,2,Provo_ID7,5,1081799,1261614,1,gaze_data,1741872175461,392.28670597076416,326.89084708690643,1741872175338.6,0.7295473988123756
1,1,block_2,2,Provo_ID7,5,1081799,1261614,1,gaze_data,1741872175513,404.4354312121868,344.25337463617325,1741872175370.6,0.805716142062916
1,1,block_2,2,Provo_ID7,5,1081799,1261614,1,gaze_data,1741872175541,288.2498025894165,307.7136039733887,1741872175436.7002,0.805716142062916
1,1,block_2,2,Provo_ID7,5,1081799,1261614,1,gaze_data,1741872175587,220.84625959396362,379.7849774360657,1741872175469.9001,0
1,1,block_2,2,Provo_ID7,5,1081799,1261614,1,gaze_data,1741872175621,183.73923301696777,397.05560207366943,1741872175503.2002,0
1,1,block_2,2,Provo_ID7,5,1081799,1261614,1,gaze_data,1741872175673,171.83284759521484,378.28994393348694,1741872175536.8,0
1,1,block_2,2,Provo_ID7,5,1081799,1261614,1,gaze_data,1741872175719,234.4788670539856,380.7178497314453,1741872175569.9001,0
1,1,block_2,2,Provo_ID7,5,1081799,1261614,1,gaze_data,1741872175742,238.88219594955444,392.11562871932983,1741872175636.9001,0
1,1,block_2,2,Provo_ID7,5,1081799,1261614,1,gaze_data,1741872175797,206.57418966293335,394.1243350505829,1741872175670.4001,0
1,1,block_2,2,Provo_ID7,5,1081799,1261614,1,gaze_data,1741872175831,182.59425163269043,378.5814702510834,1741872175703.4001,0
1,1,block_2,2,Provo_ID7,5,1081799,1261614,1,gaze_data,1741872175879,75.71485042572021,420.309579372406,1741872175737.2002,0.035195909568930143
1,1,block_2,2,Provo_ID7,5,1081799,1261614,1,gaze_data,1741872175918,131.00347518920898,412.1393620967865,1741872175803.6,0.035195909568930143
1,1,block_2,2,Provo_ID7,5,1081799,1261614,1,gaze_data,1741872175964,227.89196968078613,380.89433908462524,1741872175836.5,0.1442246815573433
1,1,block_2,2,Provo_ID7,5,1081799,1261614,1,gaze_data,1741872176003,253.77212762832642,387.7315282821655,1741872175870.2002,0.1442246815573433
1,1,block_2,2,Provo_ID7,5,1081799,1261614,1,gaze_data,1741872176055,275.0132441520691,401.60194635391235,1741872175903.5,0.2108340773879818
1,1,block_2,2,Provo_ID7,5,1081799,1261614,1,gaze_data,1741872176092,310.80538034439087,393.26823353767395,1741872175970,0.2108340773879818
1,1,block_2,2,Provo_ID7,5,1081799,1261614,1,gaze_data,1741872176117,388.5708272457123,381.67396783828735,1741872176004.2002,0.2108340773879818
1,1,block_2,2,Provo_ID7,5,1081799,1261614,1,gaze_data,1741872176192,429.2007625102997,381.7171812057495,1741872176037.1,0.30581972982052413
1,1,block_2,2,Provo_ID7,5,1081799,1261614,1,gaze_data,1741872176257,421.9096377491951,369.29765939712524,1741872176097.4001,0.30581972982052413
1,1,block_2,2,Provo_ID7,5,1081799,1261614,1,gaze_data,1741872176319,440.688019990921,360.16658544540405,1741872176170.7002,0.40338326944870107
1,1,block_2,2,Provo_ID7,5,1081799,1261614,1,gaze_data,1741872176367,558.4030747413635,379.6059846878052,1741872176236.9001,0.40338326944870107
1,1,block_2,2,Provo_ID7,5,1081799,1261614,1,gaze_data,1741872176393,583.2383990287781,370.06298303604126,1741872176270.7002,0.40338326944870107
1,1,block_2,2,Provo_ID7,5,1081799,1261614,1,gaze_data,1741872176430,573.0038642883301,369.1154479980469,1741872176303.2002,0.5374604885053643
1,1,block_2,2,Provo_ID7,5,1081799,1261614,1,gaze_data,1741872176459,595.0923323631287,382.60061144828796,1741872176337,0.5374604885053643
1,1,block_2,2,Provo_ID7,5,1081799,1261614,1,gaze_data,1741872176527,484.1267228126526,353.6289095878601,1741872176369.6,0.5826089645749662
1,1,block_2,2,Provo_ID7,5,1081799,1261614,1,gaze_data,1741872176588,339.78508710861206,251.06598660349846,1741872176452.9001,0.5826089645749662
1,1,block_2,2,Provo_ID7,5,1081799,1261614,1,gaze_data,1741872176658,289.00078535079956,260.4211591184139,1741872176503.8,0.4903052597615924
1,1,block_2,2,Provo_ID7,5,1081799,1261614,1,gaze_data,1741872176704,299.76011514663696,273.6050732433796,1741872176570.1,0.4903052597615924
1,1,block_2,2,Provo_ID7,5,1081799,1261614,1,gaze_data,1741872176744,329.5446276664734,166.55381619930267,1741872176603.8,0.7935441650216801
1,1,block_2,2,Provo_ID7,5,1081799,1261614,1,gaze_data,1741872176780,348.3940601348877,157.31265991926193,1741872176669.8,0.7935441650216801
1,1,block_2,2,Provo_ID7,5,1081799,1261614,1,gaze_data,1741872176815,344.4201350212097,161.27429753541946,1741872176703.7002,0.7935441650216801
1,1,block_2,2,Provo_ID7,5,1081799,1261614,1,gaze_data,1741872176869,305.97604513168335,174.54001158475876,1741872176736.8,1
1,1,block_2,2,Provo_ID7,5,1081799,1261614,1,gaze_data,1741872176907,425.40711760520935,195.7920327782631,1741872176769.5,1
1,1,block_2,2,Provo_ID7,5,1081799,1261614,1,gaze_data,1741872176952,433.7587058544159,194.99844536185265,1741872176803.4001,1
1,1,block_2,2,Provo_ID7,5,1081799,1261614,1,gaze_data,1741872176991,438.2376194000244,195.57155333459377,1741872176869.3,1
1,1,block_2,2,Provo_ID7,5,1081799,1261614,1,gaze_data,1741872177053,465.2793526649475,180.4632306098938,1741872176902.8,1
1,1,block_2,2,Provo_ID7,5,1081799,1261614,1,gaze_data,1741872177111,461.2296521663666,190.64137935638428,1741872176937.1,1
1,1,block_2,2,Provo_ID7,5,1081799,1261614,1,gaze_data,1741872177146,147.68271446228027,280.0362318754196,1741872177038.8,1
1,1,block_2,2,Provo_ID7,5,1081799,1261614,1,gaze_data,1741872177199,139.3653392791748,291.30443781614304,1741872177071.2002,1
1,1,block_2,2,Provo_ID7,5,1081799,1261614,1,gaze_data,1741872177237,133.46149921417236,297.9590132832527,1741872177103.2002,1
1,1,block_2,2,Provo_ID7,5,1081799,1261614,1,gaze_data,1741872177278,127.0848274230957,286.67834997177124,1741872177136.5,0.8607519457004273
1,1,block_2,2,Provo_ID7,5,1081799,1261614,1,gaze_data,1741872177317,133.70389938354492,268.69574412703514,1741872177203.2002,0.8607519457004273
1,1,block_2,2,Provo_ID7,5,1081799,1261614,1,gaze_data,1741872177365,113.61486911773682,280.2407279610634,1741872177235.8,0.8912655402319696
1,1,block_2,2,Provo_ID7,5,1081799,1261614,1,gaze_data,1741872177408,97.33126163482666,228.6853328347206,1741872177269.7002,0.8912655402319696
1,1,block_2,2,Provo_ID7,5,1081799,1261614,1,gaze_data,1741872177461,110.15145778656006,184.59677547216415,1741872177302.7002,1
1,1,block_2,2,Provo_ID7,5,1081799,1261614,1,gaze_data,1741872177505,129.56557273864746,149.65343326330185,1741872177369.6,1
1,1,block_2,2,Provo_ID7,5,1081799,1261614,1,gaze_data,1741872177558,97.90701866149902,172.79153540730476,1741872177403.6,1
1,1,block_2,2,Provo_ID7,5,1081799,1261614,1,gaze_data,1741872177587,132.84757137298584,136.2272709608078,1741872177470,1
1,1,block_2,2,Provo_ID7,5,1081799,1261614,1,gaze_data,1741872177624,176.67627334594727,100.42963773012161,1741872177502.9001,1
1,1,block_2,2,Provo_ID7,5,1081799,1261614,1,gaze_data,1741872177671,168.20275783538818,113.99213820695877,1741872177536.1,1
1,1,block_2,2,Provo_ID7,5,1081799,1261614,1,gaze_data,1741872177706,183.76436233520508,106.65950030088425,1741872177569.7002,1
1,1,block_2,2,Provo_ID7,5,1081799,1261614,1,gaze_data,1741872177770,168.69328022003174,99.4303435087204,1741872177602.3,1
1,1,block_2,2,Provo_ID7,5,1081799,1261614,1,gaze_data,1741872177856,168.69328022003174,99.4303435087204,1741872177635.7002,1
1,1,block_2,2,Provo_ID7,5,1081799,1261614,1,gaze_data,1741872177918,376.1242926120758,111.69516891241074,1741872177769.7002,1
1,1,block_2,2,Provo_ID7,5,1081799,1261614,1,gaze_data,1741872177961,372.88273572921753,99.83558058738708,1741872177836,1
1,1,block_2,2,Provo_ID7,5,1081799,1261614,1,gaze_data,1741872178018,401.1821612715721,88.29439282417297,1741872177869.4001,1
1,1,block_2,2,Provo_ID7,5,1081799,1261614,1,gaze_data,1741872178062,407.7608145773411,95.57122588157654,1741872177936.3,1
1,1,block_2,2,Provo_ID7,5,1081799,1261614,1,gaze_data,1741872178093,398.0095073580742,86.24616861343384,1741872177973.8,1
1,1,block_2,2,Provo_ID7,5,1081799,1261614,1,gaze_data,1741872178118,242.08109378814697,76.1042594909668,1741872178003.5,1
1,1,block_2,2,Provo_ID7,5,1081799,1261614,1,gaze_data,1741872178202,194.29028034210205,80.6174635887146,1741872178036.9001,1
1,1,block_2,2,Provo_ID7,5,1081799,1261614,1,gaze_data,1741872178258,184.70935821533203,77.47465968132019,1741872178076.6,1
1,1,block_2,2,Provo_ID7,5,1081799,1261614,1,gaze_data,1741872178302,176.70786380767822,72.87914156913757,1741872178175.6,1
1,1,block_2,2,Provo_ID7,5,1081799,1261614,1,gaze_data,1741872178391,156.08751773834229,94.63126063346863,1741872178218.8,1
1,1,block_2,2,Provo_ID7,5,1081799,1261614,1,gaze_data,1741872178431,147.3522424697876,95.11556327342987,1741872178303,1
1,1,block_2,2,Provo_ID7,5,1081799,1261614,1,gaze_data,1741872178480,156.44009113311768,88.33376169204712,1741872178335.7002,1
1,1,block_2,2,Provo_ID7,5,1081799,1261614,1,gaze_data,1741872178517,208.46503973007202,90.91184139251709,1741872178402.1,1
1,1,block_2,2,Provo_ID7,5,1081799,1261614,1,gaze_data,1741872178541,345.090913772583,94.72422897815704,1741872178435.3,1
1,1,block_2,2,Provo_ID7,5,1081799,1261614,1,gaze_data,1741872178594,363.6816471815109,100.25058537721634,1741872178470.3,1
1,1,block_2,2,Provo_ID7,5,1081799,1261614,1,gaze_data,1741872178633,376.0294586420059,87.59537935256958,1741872178502.4001,1
1,1,block_2,2,Provo_ID7,5,1081799,1261614,1,gaze_data,1741872178687,372.0883905887604,88.36937546730042,1741872178536.1,1
1,1,block_2,2,Provo_ID7,5,1081799,1261614,1,gaze_data,1741872178740,372.0883905887604,88.36937546730042,1741872178570.3,1
1,1,block_2,2,Provo_ID7,5,1081799,1261614,1,gaze_data,1741872178796,374.89734292030334,84.49042439460754,1741872178686.3,1
1,1,block_2,2,Provo_ID7,5,1081799,1261614,1,gaze_data,1741872178846,367.28070080280304,203.6010216921568,1741872178710.7002,1
1,1,block_2,2,Provo_ID7,5,1081799,1261614,1,gaze_data,1741872178886,483.8810324668884,90.89853465557098,1741872178768.8,1
1,1,block_2,2,Provo_ID7,5,1081799,1261614,1,gaze_data,1741872178935,311.88201904296875,224.65108092874289,1741872178802,1
1,1,block_2,2,Provo_ID7,5,1081799,1261614,1,gaze_data,1741872178968,47.03218936920166,369.63305473327637,1741872178835.7002,1
1,1,block_2,2,Provo_ID7,5,1081799,1261614,1,gaze_data,1741872179016,18.94545555114746,294.3747028708458,1741872178868.9001,0
1,1,block_2,2,Provo_ID7,5,1081799,1261614,1,gaze_data,1741872179053,27.286314964294434,234.59950871765614,1741872178935.5,0
1,1,block_2,2,Provo_ID7,5,1081799,1261614,1,gaze_data,1741872179103,51.696181297302246,270.09804397821426,1741872178968.5,0.10130773201579911
1,1,block_2,2,Provo_ID7,5,1081799,1261614,1,gaze_data,1741872179147,76.95143222808838,255.79578280448914,1741872179002.4001,0.10130773201579911
1,1,block_2,2,Provo_ID7,5,1081799,1261614,1,gaze_data,1741872179202,186.23216152191162,262.19477355480194,1741872179068.5,0.48153309752853823
1,1,block_2,2,Provo_ID7,5,1081799,1261614,1,gaze_data,1741872179243,274.081826210022,238.0340103060007,1741872179102.3,0.48153309752853823
1,1,block_2,2,Provo_ID7,5,1081799,1261614,1,gaze_data,1741872179297,317.48836040496826,196.57466411590576,1741872179168.5,0.8383876706357274
1,1,block_2,2,Provo_ID7,5,1081799,1261614,1,gaze_data,1741872179340,373.94694685935974,212.05031909048557,1741872179202.4001,0.8383876706357274
1,1,block_2,2,Provo_ID7,5,1081799,1261614,1,gaze_data,1741872179387,424.5139867067337,218.46864968538284,1741872179235.4001,1
1,1,block_2,2,Provo_ID7,5,1081799,1261614,1,gaze_data,1741872179424,430.33878803253174,212.62673325836658,1741872179301.7002,1
1,1,block_2,2,Provo_ID7,5,1081799,1261614,1,gaze_data,1741872179445,421.5656042098999,245.05819231271744,1741872179335.8,1
1,1,block_2,2,Provo_ID7,5,1081799,1261614,1,gaze_data,1741872179498,413.45598697662354,315.35801887512207,1741872179368.9001,1
1,1,block_2,2,Provo_ID7,5,1081799,1261614,1,gaze_data,1741872179527,534.7144961357117,77.33709216117859,1741872179402,1
1,1,block_2,2,Provo_ID7,5,1081799,1261614,1,gaze_data,1741872179574,444.01427805423737,93.61856281757355,1741872179435.2002,0.8829355507275234
1,1,block_2,2,Provo_ID7,5,1081799,1261614,1,gaze_data,1741872179607,396.0720628499985,108.6422935128212,1741872179469.8,0.8829355507275234
1,1,block_2,2,Provo_ID7,5,1081799,1261614,1,gaze_data,1741872179632,304.96073961257935,218.39337972924113,1741872179501.6,0.8829355507275234
1,1,block_2,2,Provo_ID7,5,1081799,1261614,1,gaze_data,1741872179690,347.3469853401184,443.7016010284424,1741872179535.2002,0
1,1,block_2,2,Provo_ID7,5,1081799,1261614,1,gaze_data,1741872179741,347.3469853401184,443.7016010284424,1741872179568.1,0
1,1,block_2,2,Provo_ID7,5,1081799,1261614,1,gaze_data,1741872179779,325.43840408325195,464.8819923400879,1741872179615.7002,0
1,1,block_2,2,Provo_ID7,5,1081799,1261614,1,gaze_data,1741872179843,188.47506046295166,505.1455557346344,1741872179702.5,0
1,1,block_2,2,Provo_ID7,5,1081799,1261614,1,gaze_data,1741872179882,226.48266553878784,473.9422857761383,1741872179768.4001,0
1,1,block_2,2,Provo_ID7,5,1081799,1261614,1,gaze_data,1741872179925,150.8246898651123,534.5943033695221,1741872179802.1,0
1,1,block_2,2,Provo_ID7,5,1081799,1261614,1,gaze_data,1741872179965,154.3271780014038,529.2204678058624,1741872179835.3,0
1,1,block_2,2,Provo_ID7,5,1081799,1261614,1,gaze_data,1741872180009,137.93189525604248,529.8971891403198,1741872179868.8,0
1,1,block_2,2,Provo_ID7,5,1081799,1261614,1,gaze_data,1741872180058,130.8969020843506,528.8284778594971,1741872179935.5,0
1,1,block_2,2,Provo_ID7,5,1081799,1261614,1,gaze_data,1741872180081,121.3287353515625,528.8399815559387,1741872179968.7002,0
1,1,block_2,2,Provo_ID7,5,1081799,1261614,1,gaze_data,1741872180130,95.84472179412842,548.1881260871887,1741872180002.7002,0
1,1,block_2,2,Provo_ID7,5,1081799,1261614,1,gaze_data,1741872180164,126.03721618652344,536.9105696678162,1741872180035.3,0
1,1,block_2,2,Provo_ID7,5,1081799,1261614,1,gaze_data,1741872180186,126.03721618652344,536.9105696678162,1741872180068.5,0
1,1,block_2,2,Provo_ID7,5,1081799,1261614,1,gaze_data,1741872180287,262.88609504699707,415.51018357276917,1741872180152.5,0
1,1,block_2,2,Provo_ID7,5,1081799,1261614,1,gaze_data,1741872180314,402.95035019516945,89.62843418121338,1741872180202.6,0
1,1,block_2,2,Provo_ID7,5,1081799,1261614,1,gaze_data,1741872180361,247.94411659240723,265.85635766386986,1741872180235.4001,0
1,1,block_2,2,Provo_ID7,5,1081799,1261614,1,gaze_data,1741872180395,133.10043811798096,422.73149490356445,1741872180268.5,0
1,1,block_2,2,Provo_ID7,5,1081799,1261614,1,gaze_data,1741872180444,91.14413261413574,427.43147015571594,1741872180301.2002,0
1,1,block_2,2,Provo_ID7,5,1081799,1261614,1,gaze_data,1741872180469,60.682010650634766,462.1389865875244,1741872180368,0
1,1,block_2,2,Provo_ID7,5,1081799,1261614,1,gaze_data,1741872180519,122.61922359466553,359.5815658569336,1741872180401.2002,0.0019461050635175333
1,1,block_2,2,Provo_ID7,5,1081799,1261614,1,gaze_data,1741872180555,143.8979148864746,364.171302318573,1741872180434.7002,0.0019461050635175333
1,1,block_2,2,Provo_ID7,5,1081799,1261614,1,gaze_data,1741872180616,231.34665489196777,334.327532351017,1741872180468.4001,0.7916346735376978
1,1,block_2,2,Provo_ID7,5,1081799,1261614,1,gaze_data,1741872180655,416.8891802430153,355.02127408981323,1741872180534.9001,0.7916346735376978
1,1,block_2,2,Provo_ID7,5,1081799,1261614,1,gaze_data,1741872180677,558.8709354400635,459.23659801483154,1741872180568.1,0.7916346735376978
1,1,block_2,2,Provo_ID7,5,1081799,1261614,1,gaze_data,1741872180720,644.5216655731201,465.5218183994293,1741872180602,1
1,1,block_2,2,Provo_ID7,5,1081799,1261614,1,gaze_data,1741872180749,774.0535497665405,476.38387084007263,1741872180634.7002,1
1,1,block_2,2,Provo_ID7,5,1081799,1261614,1,gaze_data,1741872180798,444.5581167936325,335.60624569654465,1741872180668,1
1,1,block_2,2,Provo_ID7,5,1081799,1261614,1,gaze_data,1741872180842,550.9114980697632,380.546098947525,1741872180701.5,1
1,1,block_2,2,Provo_ID7,5,1081799,1261614,1,gaze_data,1741872180893,299.45088624954224,344.53095346689224,1741872180768.1,1
1,1,block_2,2,Provo_ID7,5,1081799,1261614,1,gaze_data,1741872180939,246.72787189483643,378.1555950641632,1741872180802.5,1
1,1,block_2,2,Provo_ID7,5,1081799,1261614,1,gaze_data,1741872180968,225.31479597091675,380.43606877326965,1741872180834.6,1
1,1,block_2,2,Provo_ID7,5,1081799,1261614,1,gaze_data,1741872181060,147.5994348526001,347.48096615076065,1741872180922.2002,1
1,1,block_2,2,Provo_ID7,5,1081799,1261614,1,gaze_data,1741872181099,187.11390495300293,300.7666677236557,1741872180968.9001,1
1,1,block_2,2,Provo_ID7,5,1081799,1261614,1,gaze_data,1741872181142,199.35414791107178,215.46345241367817,1741872181002.2002,0.9906095585060739
1,1,block_2,2,Provo_ID7,5,1081799,1261614,1,gaze_data,1741872181172,209.97949838638306,213.55580016970634,1741872181067.6,0.9906095585060739
1,1,block_2,2,Provo_ID7,5,1081799,1261614,1,gaze_data,1741872181216,171.0644006729126,299.37530159950256,1741872181100.5,0.9428763063043664
1,1,block_2,2,Provo_ID7,5,1081799,1261614,1,gaze_data,1741872181251,183.1066370010376,293.6151310801506,1741872181134.7002,0.9428763063043664
1,1,block_2,2,Provo_ID7,5,1081799,1261614,1,gaze_data,1741872181301,299.76584911346436,259.70684215426445,1741872181167.6,0.8774023116994951
1,1,block_2,2,Provo_ID7,5,1081799,1261614,1,gaze_data,1741872181339,355.5786520242691,250.94546973705292,1741872181201.9001,0.8774023116994951
1,1,block_2,2,Provo_ID7,5,1081799,1261614,1,gaze_data,1741872181403,355.0498515367508,243.76048743724823,1741872181234.2002,0.8768789548713776
1,1,block_2,2,Provo_ID7,5,1081799,1261614,1,gaze_data,1741872181480,355.0498515367508,243.76048743724823,1741872181267.5,0.8768789548713776
1,1,block_2,2,Provo_ID7,5,1081799,1261614,1,gaze_data,1741872181510,308.9391231536865,258.0722779035568,1741872181402.7002,0.8768789548713776
1,1,block_2,2,Provo_ID7,5,1081799,1261614,1,gaze_data,1741872181560,342.4247622489929,359.0633034706116,1741872181434.7002,1
1,1,block_2,2,Provo_ID7,5,1081799,1261614,1,gaze_data,1741872181593,538.220202922821,163.3065663278103,1741872181468.3,1
1,1,block_2,2,Provo_ID7,5,1081799,1261614,1,gaze_data,1741872181638,467.5537109375,99.55913424491882,1741872181500.7002,0.7050752610270319
1,1,block_2,2,Provo_ID7,5,1081799,1261614,1,gaze_data,1741872181674,406.1993196606636,205.5830754339695,1741872181535.1,0.7050752610270319
1,1,block_2,2,Provo_ID7,5,1081799,1261614,1,gaze_data,1741872181724,340.58854579925537,291.82727485895157,1741872181601,0
1,1,block_2,2,Provo_ID7,5,1081799,1261614,1,gaze_data,1741872181764,337.7717137336731,294.9716731905937,1741872181634.3,0
1,1,block_2,2,Provo_ID7,5,1081799,1261614,1,gaze_data,1741872181820,309.2276334762573,279.3422996997833,1741872181668.1,0
1,1,block_2,2,Provo_ID7,5,1081799,1261614,1,gaze_data,1741872181862,320.7904815673828,241.27092063426971,1741872181734.3,0
1,1,block_2,2,Provo_ID7,5,1081799,1261614,1,gaze_data,1741872181915,325.11589527130127,264.926465600729,1741872181768,0
1,1,block_2,2,Provo_ID7,5,1081799,1261614,1,gaze_data,1741872181953,307.0863962173462,261.15503013134,1741872181834.1,0
1,1,block_2,2,Provo_ID7,5,1081799,1261614,1,gaze_data,1741872181985,278.62281799316406,297.84268736839294,1741872181868.2002,0
1,1,block_2,2,Provo_ID7,5,1081799,1261614,1,gaze_data,1741872182039,143.72024536132812,358.2297921180725,1741872181902.2002,0.7581304254270513
1,1,block_2,2,Provo_ID7,5,1081799,1261614,1,gaze_data,1741872182080,132.98592567443848,361.5014910697937,1741872181935.2002,0.7581304254270513
1,1,block_2,2,Provo_ID7,5,1081799,1261614,1,gaze_data,1741872182101,143.1819200515747,342.72478371858597,1741872182000.7002,0.7581304254270513
1,1,block_2,2,Provo_ID7,5,1081799,1261614,1,gaze_data,1741872182144,109.1092586517334,347.68952280282974,1741872182034.5,0.8757144551044274
1,1,block_2,2,Provo_ID7,5,1081799,1261614,1,gaze_data,1741872182178,131.36842250823975,328.40145230293274,1741872182067.6,0.8757144551044274
1,1,block_2,2,Provo_ID7,5,1081799,1261614,1,gaze_data,1741872182225,137.86416053771973,299.3480399250984,1741872182100.5,0.8708716023129606
1,1,block_2,2,Provo_ID7,5,1081799,1261614,1,gaze_data,1741872182272,154.1586399078369,287.578484416008,1741872182134.3,0.8708716023129606
1,1,block_2,2,Provo_ID7,5,1081799,1261614,1,gaze_data,1741872182328,259.5442533493042,238.60159367322922,1741872182168.3,1
1,1,block_2,2,Provo_ID7,5,1081799,1261614,1,gaze_data,1741872182363,268.82879734039307,247.98523485660553,1741872182234.2002,1
1,1,block_2,2,Provo_ID7,5,1081799,1261614,1,gaze_data,1741872182411,246.50710821151733,262.9938408732414,1741872182267.7002,1
1,1,block_2,2,Provo_ID7,5,1081799,1261614,1,gaze_data,1741872182461,244.54796314239502,269.4808304309845,1741872182334.1,1
1,1,block_2,2,Provo_ID7,5,1081799,1261614,1,gaze_data,1741872182565,235.50251722335815,257.7054336667061,1741872182439.8,1
1,1,block_2,2,Provo_ID7,5,1081799,1261614,1,gaze_data,1741872182599,270.3120827674866,162.00920045375824,1741872182477.1,1
1,1,block_2,2,Provo_ID7,5,1081799,1261614,1,gaze_data,1741872182655,341.3089156150818,204.9429103732109,1741872182501.2002,1
1,1,block_2,2,Provo_ID7,5,1081799,1261614,1,gaze_data,1741872182683,449.9766081571579,292.93367117643356,1741872182566.9001,1
1,1,block_2,2,Provo_ID7,5,1081799,1261614,1,gaze_data,1741872182739,452.030611038208,309.796667098999,1741872182600.6,1
1,1,block_2,2,Provo_ID7,5,1081799,1261614,1,gaze_data,1741872182812,473.4029531478882,330.9426888823509,1741872182633.8,1
1,1,block_2,2,Provo_ID7,5,1081799,1261614,1,gaze_data,1741872182839,572.2367286682129,359.52595472335815,1741872182735,1
1,1,block_2,2,Provo_ID7,5,1081799,1261614,1,gaze_data,1741872182898,594.4953322410583,369.17311549186707,1741872182767.6,1
1,1,block_2,2,Provo_ID7,5,1081799,1261614,1,gaze_data,1741872182957,609.91370677948,369.3290114402771,1741872182854.9001,1
1,1,block_2,2,Provo_ID7,5,1081799,1261614,1,gaze_data,1741872183028,621.7351675033569,357.1578621864319,1741872182867.9001,1
1,1,block_2,2,Provo_ID7,5,1081799,1261614,1,gaze_data,1741872183079,496.4987516403198,190.1859700679779,1741872182934.7002,1
1,1,block_2,2,Provo_ID7,5,1081799,1261614,1,gaze_data,1741872183123,385.3992313146591,74.78505969047546,1741872183000.4001,1
1,1,block_2,2,Provo_ID7,5,1081799,1261614,1,gaze_data,1741872183161,383.30278992652893,71.74552083015442,1741872183033.8,1
1,1,block_2,2,Provo_ID7,5,1081799,1261614,1,gaze_data,1741872183213,270.724356174469,100.74177980422974,1741872183067.3,1
1,1,block_2,2,Provo_ID7,5,1081799,1261614,1,gaze_data,1741872183241,182.05506801605225,85.58756709098816,1741872183133.9001,1
1,1,block_2,2,Provo_ID7,5,1081799,1261614,1,gaze_data,1741872183294,166.68322086334229,66.26755595207214,1741872183166.6,1
1,1,block_2,2,Provo_ID7,5,1081799,1261614,1,gaze_data,1741872183338,167.13354587554932,66.02100133895874,1741872183201.4001,1
1,1,block_2,2,Provo_ID7,5,1081799,1261614,1,gaze_data,1741872183364,203.5786747932434,52.33520865440369,1741872183234,1
1,1,block_2,2,Provo_ID7,5,1081799,1261614,1,gaze_data,1741872183417,186.65390014648438,49.478715658187866,1741872183267.5,1
1,1,block_2,2,Provo_ID7,5,1081799,1261614,1,gaze_data,1741872183499,193.93630027770996,34.78125333786011,1741872183300.2002,1
1,1,block_2,2,Provo_ID7,5,1081799,1261614,1,gaze_data,1741872183565,193.80288124084473,59.77851748466492,1741872183402.2002,1
1,1,block_2,2,Provo_ID7,5,1081799,1261614,1,gaze_data,1741872183612,176.6599416732788,79.03192043304443,1741872183467.6,1
1,1,block_2,2,Provo_ID7,5,1081799,1261614,1,gaze_data,1741872183659,71.06311321258545,110.63461601734161,1741872183533.5,1
1,1,block_2,2,Provo_ID7,5,1081799,1261614,1,gaze_data,1741872183699,14.92152214050293,208.06232877075672,1741872183567.1,1
1,1,block_2,2,Provo_ID7,5,1081799,1261614,1,gaze_data,1741872183725,0.008869171142578125,365.6833529472351,1741872183601,1
1,1,block_2,2,Provo_ID7,5,1081799,1261614,1,gaze_data,1741872183766,-30.07187843322754,267.71194338798523,1741872183633.1,1
1,1,block_2,2,Provo_ID7,5,1081799,1261614,1,gaze_data,1741872183801,-50.79226493835449,251.38360857963562,1741872183666.8,1
1,1,block_2,2,Provo_ID7,5,1081799,1261614,1,gaze_data,1741872183860,-52.454233169555664,231.58633932471275,1741872183700.2002,1
1,1,block_2,2,Provo_ID7,5,1081799,1261614,1,gaze_data,1741872183920,-52.454233169555664,231.58633932471275,1741872183733.5,1
1,1,block_2,2,Provo_ID7,5,1081799,1261614,1,gaze_data,1741872183956,-37.11042404174805,200.850909948349,1741872183838.9001,1
1,1,block_2,2,Provo_ID7,5,1081799,1261614,1,gaze_data,1741872184011,2.0276546478271484,229.89794369786978,1741872183868.3,1
1,1,block_2,2,Provo_ID7,5,1081799,1261614,1,gaze_data,1741872184045,-20.08519172668457,262.8824360668659,1741872183933.6,1
1,1,block_2,2,Provo_ID7,5,1081799,1261614,1,gaze_data,1741872184089,225.08169412612915,39.48572874069214,1741872183966.4001,1
1,1,block_2,2,Provo_ID7,5,1081799,1261614,1,gaze_data,1741872184129,266.7770981788635,33.35917592048645,1741872183999.9001,1
1,1,block_2,2,Provo_ID7,5,1081799,1261614,1,gaze_data,1741872184178,314.70168828964233,77.22852230072021,1741872184033.2002,1
1,1,block_2,2,Provo_ID7,5,1081799,1261614,1,gaze_data,1741872184218,371.37159407138824,66.53136610984802,1741872184099.8,1
1,1,block_2,2,Provo_ID7,5,1081799,1261614,1,gaze_data,1741872184239,482.4392795562744,75.05918145179749,1741872184133.4001,1
1,1,block_2,2,Provo_ID7,5,1081799,1261614,1,gaze_data,1741872184286,621.9095468521118,164.95243310928345,1741872184166.4001,1
1,1,block_2,2,Provo_ID7,5,1081799,1261614,1,gaze_data,1741872184315,761.2304449081421,160.69574505090714,1741872184200.2002,1
1,1,block_2,2,Provo_ID7,5,1081799,1261614,1,gaze_data,1741872184362,594.726574420929,101.98429822921753,1741872184233.4001,1
1,1,block_2,2,Provo_ID7,5,1081799,1261614,1,gaze_data,1741872184395,776.825737953186,31.549549102783203,1741872184267.3,1
1,1,block_2,2,Provo_ID7,5,1081799,1261614,1,gaze_data,1741872184429,776.825737953186,31.549549102783203,1741872184299.9001,1
1,1,block_2,2,Provo_ID7,5,1081799,1261614,1,gaze_data,1741872184493,792.485785484314,156.58011138439178,1741872184333.6,1
1,1,block_2,2,Provo_ID7,5,1081799,1261614,1,gaze_data,1741872184558,808.5325241088867,179.3653391301632,1741872184366.9001,1
1,1,block_2,2,Provo_ID7,5,1081799,1261614,1,gaze_data,1741872184592,803.2910823822021,234.3425251543522,1741872184481,1
1,1,block_2,2,Provo_ID7,5,1081799,1261614,1,gaze_data,1741872184648,715.6734704971313,302.8650641441345,1741872184500.9001,1
1,1,block_2,2,Provo_ID7,5,1081799,1261614,1,gaze_data,1741872184685,666.6938781738281,333.7259575724602,1741872184566.6,1
1,1,block_2,2,Provo_ID7,5,1081799,1261614,1,gaze_data,1741872184738,198.5013484954834,222.56805039942265,1741872184600,1
1,1,block_2,2,Provo_ID7,5,1081799,1261614,1,gaze_data,1741872184772,-13.132143020629883,357.50550627708435,1741872184633.9001,1
1,1,block_2,2,Provo_ID7,5,1081799,1261614,1,gaze_data,1741872184836,66.46068096160889,207.59087093174458,1741872184666.4001,1
1,1,block_2,2,Provo_ID7,5,1081799,1261614,1,gaze_data,1741872184894,66.46068096160889,207.59087093174458,1741872184699.5,1
1,1,block_2,2,Provo_ID7,5,1081799,1261614,1,gaze_data,1741872184932,62.66646385192871,221.04593636468053,1741872184818.5,1
1,1,block_2,2,Provo_ID7,5,1081799,1261614,1,gaze_data,1741872184998,130.74281215667725,83.54750871658325,1741872184845.4001,1
1,1,block_2,2,Provo_ID7,5,1081799,1261614,1,gaze_data,1741872185037,139.6554708480835,105.3141638636589,1741872184899.9001,1
1,1,block_2,2,Provo_ID7,5,1081799,1261614,1,gaze_data,1741872185082,194.29879188537598,127.4692252278328,1741872184933.2002,1
1,1,block_2,2,Provo_ID7,5,1081799,1261614,1,gaze_data,1741872185124,194.5817470550537,150.78861117362976,1741872184999.8,1
1,1,block_2,2,Provo_ID7,5,1081799,1261614,1,gaze_data,1741872185169,189.13958072662354,131.84735774993896,1741872185032.7002,1
1,1,block_2,2,Provo_ID7,5,1081799,1261614,1,gaze_data,1741872185214,243.74579191207886,138.15776854753494,1741872185067,1
1,1,block_2,2,Provo_ID7,5,1081799,1261614,1,gaze_data,1741872185256,391.0201206803322,149.3863895535469,1741872185132.6,1
1,1,block_2,2,Provo_ID7,5,1081799,1261614,1,gaze_data,1741872185300,422.92693704366684,156.35910481214523,1741872185166.5,1
1,1,block_2,2,Provo_ID7,5,1081799,1261614,1,gaze_data,1741872185321,454.3013334274292,177.6369534432888,1741872185200.5,1
1,1,block_2,2,Provo_ID7,5,1081799,1261614,1,gaze_data,1741872185381,416.75159335136414,156.59206211566925,1741872185232.4001,1
1,1,block_2,2,Provo_ID7,5,1081799,1261614,1,gaze_data,1741872185421,384.6669673919678,157.47786164283752,1741872185300.1,1
1,1,block_2,2,Provo_ID7,5,1081799,1261614,1,gaze_data,1741872185471,431.2152087688446,146.32533341646194,1741872185333.4001,1
1,1,block_2,2,Provo_ID7,5,1081799,1261614,1,gaze_data,1741872185508,478.1357169151306,169.86993178725243,1741872185367.1,1
1,1,block_2,2,Provo_ID7,5,1081799,1261614,1,gaze_data,1741872185535,478.1357169151306,169.86993178725243,1741872185399.7002,1
1,1,block_2,2,Provo_ID7,5,1081799,1261614,1,gaze_data,1741872185618,517.0842528343201,169.65330243110657,1741872185488.1,1
1,1,block_2,2,Provo_ID7,5,1081799,1261614,1,gaze_data,1741872185658,489.3321633338928,173.04875925183296,1741872185533.7002,1
1,1,block_2,2,Provo_ID7,5,1081799,1261614,1,gaze_data,1741872185706,203.26331853866577,175.46790689229965,1741872185566.4001,1
1,1,block_2,2,Provo_ID7,5,1081799,1261614,1,gaze_data,1741872185746,151.3040542602539,211.07545904815197,1741872185632.4001,1
1,1,block_2,2,Provo_ID7,5,1081799,1261614,1,gaze_data,1741872185793,218.28690767288208,195.66007554531097,1741872185665.8,1
1,1,block_2,2,Provo_ID7,5,1081799,1261614,1,gaze_data,1741872185832,197.79398441314697,213.83834015578032,1741872185700.3,1
1,1,block_2,2,Provo_ID7,5,1081799,1261614,1,gaze_data,1741872185853,132.07497596740723,235.5175655335188,1741872185733.8,1
1,1,block_2,2,Provo_ID7,5,1081799,1261614,1,gaze_data,1741872185912,129.6813726425171,220.80488819628954,1741872185765.5,1
1,1,block_2,2,Provo_ID7,5,1081799,1261614,1,gaze_data,1741872185990,132.27229118347168,220.59006048366427,1741872185799.5,1
1,1,block_2,2,Provo_ID7,5,1081799,1261614,1,gaze_data,1741872186053,125.46255588531494,239.54446464776993,1741872185900.4001,1
1,1,block_2,2,Provo_ID7,5,1081799,1261614,1,gaze_data,1741872186090,227.4795413017273,237.39083893597126,1741872185966.2002,1
1,1,block_2,2,Provo_ID7,5,1081799,1261614,1,gaze_data,1741872186133,251.84439420700073,228.76987364143133,1741872185999.5,1
1,1,block_2,2,Provo_ID7,5,1081799,1261614,1,gaze_data,1741872186168,248.0782389640808,230.75938634574413,1741872186032.2002,1
1,1,block_2,2,Provo_ID7,5,1081799,1261614,1,gaze_data,1741872186232,253.6965847015381,219.84484177082777,1741872186066.2002,1
1,1,block_2,2,Provo_ID7,5,1081799,1261614,1,gaze_data,1741872186269,462.55022287368774,166.66644662618637,1741872186133,1
1,1,block_2,2,Provo_ID7,5,1081799,1261614,1,gaze_data,1741872186321,434.09924507141113,131.2981903553009,1741872186166,1
1,1,block_2,2,Provo_ID7,5,1081799,1261614,1,gaze_data,1741872186350,382.86157846450806,207.31366276741028,1741872186232.5,1
1,1,block_2,2,Provo_ID7,5,1081799,1261614,1,gaze_data,1741872186405,442.9268687963486,281.36269599199295,1741872186266,0
1,1,block_2,2,Provo_ID7,5,1081799,1261614,1,gaze_data,1741872186439,415.9938931465149,275.0030964612961,1741872186332.8,0
1,1,block_2,2,Provo_ID7,5,1081799,1261614,1,gaze_data,1741872186502,433.78011882305145,278.83969098329544,1741872186365.6,0
1,1,block_2,2,Provo_ID7,5,1081799,1261614,1,gaze_data,1741872186580,428.51067185401917,251.65088698267937,1741872186469.6,0
1,1,block_2,2,Provo_ID7,5,1081799,1261614,1,gaze_data,1741872186639,398.74631613492966,271.2060905992985,1741872186500.2002,0.7554149146540103
1,1,block_2,2,Provo_ID7,5,1081799,1261614,1,gaze_data,1741872186673,430.66427409648895,275.7994368672371,1741872186565.3,0.7554149146540103
1,1,block_2,2,Provo_ID7,5,1081799,1261614,1,gaze_data,1741872186717,427.9991865158081,295.4697296023369,1741872186599.1,1
1,1,block_2,2,Provo_ID7,5,1081799,1261614,1,gaze_data,1741872186763,424.29880797863007,293.4652030467987,1741872186631.8,1
1,1,block_2,2,Provo_ID7,5,1081799,1261614,1,gaze_data,1741872186811,527.1081328392029,346.8777075409889,1741872186665.8,1
1,1,block_2,2,Provo_ID7,5,1081799,1261614,1,gaze_data,1741872186855,553.1584024429321,365.29738306999207,1741872186732.5,1
1,1,block_2,2,Provo_ID7,5,1081799,1261614,1,gaze_data,1741872186883,552.4404168128967,366.9166922569275,1741872186765.9001,1
1,1,block_2,2,Provo_ID7,5,1081799,1261614,1,gaze_data,1741872186960,561.6903305053711,369.5135772228241,1741872186800.3,1
1,1,block_2,2,Provo_ID7,5,1081799,1261614,1,gaze_data,1741872187016,635.7407093048096,311.57406270504,1741872186876.2002,1
1,1,block_2,2,Provo_ID7,5,1081799,1261614,1,gaze_data,1741872187080,630.3720712661743,300.7125988602638,1741872186932.9001,1
1,1,block_2,2,Provo_ID7,5,1081799,1261614,1,gaze_data,1741872187116,641.9525146484375,292.2893524169922,1741872186998.8,1
1,1,block_2,2,Provo_ID7,5,1081799,1261614,1,gaze_data,1741872187164,618.0966854095459,298.9471912384033,1741872187032,1
1,1,block_2,2,Provo_ID7,5,1081799,1261614,1,gaze_data,1741872187195,563.6732220649719,282.71148949861526,1741872187065.9001,1
1,1,block_2,2,Provo_ID7,5,1081799,1261614,1,gaze_data,1741872187260,558.1291198730469,274.5283678174019,1741872187098.6,1
1,1,block_2,2,Provo_ID7,5,1081799,1261614,1,gaze_data,1741872187332,558.1291198730469,274.5283678174019,1741872187132.2002,1
1,1,block_2,2,Provo_ID7,5,1081799,1261614,1,gaze_data,1741872187401,395.8489701151848,268.93234848976135,1741872187233.8,1
1,1,block_2,2,Provo_ID7,5,1081799,1261614,1,gaze_data,1741872187441,386.9636744260788,306.6444158554077,1741872187298.9001,1
1,1,block_2,2,Provo_ID7,5,1081799,1261614,1,gaze_data,1741872187462,377.8263717889786,298.55930656194687,1741872187365.2002,1
1,1,block_2,2,Provo_ID7,5,1081799,1261614,1,gaze_data,1741872187505,508.3808898925781,121.06184512376785,1741872187398.6,1
1,1,block_2,2,Provo_ID7,5,1081799,1261614,1,gaze_data,1741872187546,492.70137548446655,129.81656044721603,1741872187432,1
1,1,block_2,2,Provo_ID7,5,1081799,1261614,1,gaze_data,1741872187604,226.07533931732178,341.54289811849594,1741872187465.7002,0
1,1,block_2,2,Provo_ID7,5,1081799,1261614,1,gaze_data,1741872187661,206.5515160560608,318.7391519546509,1741872187532.4001,0
1,1,block_2,2,Provo_ID7,5,1081799,1261614,1,gaze_data,1741872187685,206.48425817489624,271.5564392507076,1741872187566.3,0
1,1,block_2,2,Provo_ID7,5,1081799,1261614,1,gaze_data,1741872187751,250.04981756210327,252.5186225771904,1741872187599.7002,0
1,1,block_2,2,Provo_ID7,5,1081799,1261614,1,gaze_data,1741872187796,258.88569355010986,257.79295936226845,1741872187668.2002,0
1,1,block_2,2,Provo_ID7,5,1081799,1261614,1,gaze_data,1741872187846,324.53519105911255,273.39564114809036,1741872187698.8,0.5482014234869966
1,1,block_2,2,Provo_ID7,5,1081799,1261614,1,gaze_data,1741872187890,363.15581500530243,268.63489151000977,1741872187765,0.5482014234869966
1,1,block_2,2,Provo_ID7,5,1081799,1261614,1,gaze_data,1741872187941,344.8774456977844,289.7174268960953,1741872187798.5,0.9800941476787695
1,1,block_2,2,Provo_ID7,5,1081799,1261614,1,gaze_data,1741872187987,343.5973525047302,276.82380229234695,1741872187865.3,0.9800941476787695
1,1,block_2,2,Provo_ID7,5,1081799,1261614,1,gaze_data,1741872188008,403.6274701356888,257.6610840857029,1741872187898.3,0.9800941476787695
1,1,block_2,2,Provo_ID7,5,1081799,1261614,1,gaze_data,1741872188062,454.3238639831543,222.36879486590624,1741872187931.9001,1
1,1,block_2,2,Provo_ID7,5,1081799,1261614,1,gaze_data,1741872188110,465.5770182609558,220.37436105310917,1741872187973.2002,1
1,1,block_2,2,Provo_ID7,5,1081799,1261614,1,gaze_data,1741872188192,457.7647924423218,211.7951199412346,1741872188048.4001,1
1,1,block_2,2,Provo_ID7,5,1081799,1261614,1,gaze_data,1741872188231,550.3545761108398,258.57594460248947,1741872188098.8,1
1,1,block_2,2,Provo_ID7,5,1081799,1261614,1,gaze_data,1741872188277,555.7773590087891,261.42039000988007,1741872188132.1,1
1,1,block_2,2,Provo_ID7,5,1081799,1261614,1,gaze_data,1741872188318,568.3899402618408,260.43370589613914,1741872188198,1
1,1,block_2,2,Provo_ID7,5,1081799,1261614,1,gaze_data,1741872188339,574.6652841567993,270.4442389309406,1741872188231.5,1
1,1,block_2,2,Provo_ID7,5,1081799,1261614,1,gaze_data,1741872188392,578.8401961326599,282.210773229599,1741872188265.3,1
1,1,block_2,2,Provo_ID7,5,1081799,1261614,1,gaze_data,1741872188428,610.6027126312256,297.298064827919,1741872188297.9001,1
1,1,block_2,2,Provo_ID7,5,1081799,1261614,1,gaze_data,1741872188487,628.3252477645874,290.79768657684326,1741872188332.1,1
1,1,block_2,2,Provo_ID7,5,1081799,1261614,1,gaze_data,1741872188559,628.3252477645874,290.79768657684326,1741872188365.8,1
1,1,block_2,2,Provo_ID7,5,1081799,1261614,1,gaze_data,1741872188596,110.1975679397583,368.5307562351227,1741872188466.6,1
1,1,block_2,2,Provo_ID7,5,1081799,1261614,1,gaze_data,1741872188669,76.10604763031006,380.3321182727814,1741872188498.6,1
1,1,block_2,2,Provo_ID7,5,1081799,1261614,1,gaze_data,1741872188705,86.53810024261475,380.34403920173645,1741872188565.3,1
1,1,block_2,2,Provo_ID7,5,1081799,1261614,1,gaze_data,1741872188755,147.84750938415527,356.5000653266907,1741872188631.4001,1
1,1,block_2,2,Provo_ID7,5,1081799,1261614,1,gaze_data,1741872188799,125.3671646118164,363.53222131729126,1741872188665.5,1
1,1,block_2,2,Provo_ID7,5,1081799,1261614,1,gaze_data,1741872188850,120.75967788696289,354.4301450252533,1741872188698.3,0.7831125444399687
1,1,block_2,2,Provo_ID7,5,1081799,1261614,1,gaze_data,1741872188896,107.20767974853516,352.43934988975525,1741872188764.3,0.7831125444399687
1,1,block_2,2,Provo_ID7,5,1081799,1261614,1,gaze_data,1741872188933,307.6545834541321,328.5623475909233,1741872188799.3,0.7831125444399687
1,1,block_2,2,Provo_ID7,5,1081799,1261614,1,gaze_data,1741872188987,305.38556575775146,329.8954799771309,1741872188831.9001,0.98359656221443
1,1,block_2,2,Provo_ID7,5,1081799,1261614,1,gaze_data,1741872189031,316.402006149292,337.9273474216461,1741872188897.9001,0.98359656221443
1,1,block_2,2,Provo_ID7,5,1081799,1261614,1,gaze_data,1741872189081,317.49584674835205,341.7110726237297,1741872188932,0.9548238409572609
1,1,block_2,2,Provo_ID7,5,1081799,1261614,1,gaze_data,1741872189121,323.3137249946594,339.193856716156,1741872188997.9001,0.9548238409572609
1,1,block_2,2,Provo_ID7,5,1081799,1261614,1,gaze_data,1741872189148,318.9079999923706,334.4799116253853,1741872189031.3,0.9548238409572609
1,1,block_2,2,Provo_ID7,5,1081799,1261614,1,gaze_data,1741872189189,325.27278661727905,321.8117341399193,1741872189064.9001,1
1,1,block_2,2,Provo_ID7,5,1081799,1261614,1,gaze_data,1741872189217,324.88369941711426,337.00862377882004,1741872189097.8,1
1,1,block_2,2,Provo_ID7,5,1081799,1261614,1,gaze_data,1741872189266,338.23673725128174,341.2220314145088,1741872189131.4001,1
1,1,block_2,2,Provo_ID7,5,1081799,1261614,1,gaze_data,1741872189300,362.6984506845474,336.3008111715317,1741872189164.7002,1
1,1,block_2,2,Provo_ID7,5,1081799,1261614,1,gaze_data,1741872189353,363.8329714536667,344.51302736997604,1741872189197.8,1
1,1,block_2,2,Provo_ID7,5,1081799,1261614,1,gaze_data,1741872189397,355.9472471475601,343.3440461754799,1741872189264.7002,1
1,1,block_2,2,Provo_ID7,5,1081799,1261614,1,gaze_data,1741872189420,457.5808346271515,335.1190447807312,1741872189298.8,1
1,1,block_2,2,Provo_ID7,5,1081799,1261614,1,gaze_data,1741872189471,452.3477077484131,331.0599535703659,1741872189331.2002,1
1,1,block_2,2,Provo_ID7,5,1081799,1261614,1,gaze_data,1741872189520,477.12565660476685,337.2005954384804,1741872189365.3,1
1,1,block_2,2,Provo_ID7,5,1081799,1261614,1,gaze_data,1741872189607,496.89890146255493,353.82527709007263,1741872189467.2002,1
1,1,block_2,2,Provo_ID7,5,1081799,1261614,1,gaze_data,1741872189651,501.00417137145996,343.72122436761856,1741872189531.8,1
1,1,block_2,2,Provo_ID7,5,1081799,1261614,1,gaze_data,1741872189698,499.82231855392456,344.88506466150284,1741872189566.4001,1
1,1,block_2,2,Provo_ID7,5,1081799,1261614,1,gaze_data,1741872189752,444.63834166526794,178.56009528040886,1741872189598.7002,1
1,1,block_2,2,Provo_ID7,5,1081799,1261614,1,gaze_data,1741872189780,437.77476847171783,156.71750009059906,1741872189664.6,1
1,1,block_2,2,Provo_ID7,5,1081799,1261614,1,gaze_data,1741872189837,436.246994137764,135.70353239774704,1741872189698.1,1
1,1,block_2,2,Provo_ID7,5,1081799,1261614,1,gaze_data,1741872189873,424.35922771692276,138.6103317141533,1741872189765.2002,1
1,1,block_2,2,Provo_ID7,5,1081799,1261614,1,gaze_data,1741872189927,392.7687928080559,139.45080190896988,1741872189798.2002,1
1,1,block_2,2,Provo_ID7,5,1081799,1261614,1,gaze_data,1741872189975,342.21835136413574,101.86428427696228,1741872189831.5,1
1,1,block_2,2,Provo_ID7,5,1081799,1261614,1,gaze_data,1741872190003,342.21835136413574,101.86428427696228,1741872189864.8,1
1,1,block_2,2,Provo_ID7,5,1081799,1261614,1,gaze_data,1741872190125,232.09041357040405,66.67125821113586,1741872189983.2002,1
1,1,block_2,2,Provo_ID7,5,1081799,1261614,1,gaze_data,1741872190176,208.1891894340515,57.130640745162964,1741872190031.1,1
1,1,block_2,2,Provo_ID7,5,1081799,1261614,1,gaze_data,1741872190213,169.40066814422607,62.21035718917847,1741872190097.5,1
1,1,block_2,2,Provo_ID7,5,1081799,1261614,1,gaze_data,1741872190235,159.2618465423584,55.7841420173645,1741872190130.9001,1
1,1,block_2,2,Provo_ID7,5,1081799,1261614,1,gaze_data,1741872190280,162.82083988189697,62.1257483959198,1741872190164,1
1,1,block_2,2,Provo_ID7,5,1081799,1261614,1,gaze_data,1741872190321,145.68450450897217,69.75263953208923,1741872190197.7002,1
1,1,block_2,2,Provo_ID7,5,1081799,1261614,1,gaze_data,1741872190383,148.94700050354004,74.65434670448303,1741872190231.1,1
1,1,block_2,2,Provo_ID7,5,1081799,1261614,1,gaze_data,1741872190435,138.80164623260498,87.88756132125854,1741872190297.7002,1
1,1,block_2,2,Provo_ID7,5,1081799,1261614,1,gaze_data,1741872190456,166.4468765258789,86.8711531162262,1741872190364.4001,1
1,1,block_2,2,Provo_ID7,5,1081799,1261614,1,gaze_data,1741872190504,181.00368976593018,72.51996397972107,1741872190398.3,1
1,1,block_2,2,Provo_ID7,5,1081799,1261614,1,gaze_data,1741872190540,178.93524169921875,76.9037663936615,1741872190430.3,1
1,1,block_2,2,Provo_ID7,5,1081799,1261614,1,gaze_data,1741872190561,188.2375955581665,77.31748223304749,1741872190464.7002,1
1,1,block_2,2,Provo_ID7,5,1081799,1261614,1,gaze_data,1741872190621,193.9021110534668,75.03474354743958,1741872190497.8,1
1,1,block_2,2,Provo_ID7,5,1081799,1261614,1,gaze_data,1741872190662,199.0084171295166,68.96490454673767,1741872190531.6,1
1,1,block_2,2,Provo_ID7,5,1081799,1261614,1,gaze_data,1741872190717,207.31953382492065,72.03361988067627,1741872190565.1,1
1,1,block_2,2,Provo_ID7,5,1081799,1261614,1,gaze_data,1741872190763,198.39365482330322,61.20646595954895,1741872190630.9001,1
1,1,block_2,2,Provo_ID7,5,1081799,1261614,1,gaze_data,1741872190786,160.76674461364746,72.87184000015259,1741872190664.8,1
1,1,block_2,2,Provo_ID7,5,1081799,1261614,1,gaze_data,1741872190830,164.0810489654541,79.30535674095154,1741872190697.2002,1
1,1,block_2,2,Provo_ID7,5,1081799,1261614,1,gaze_data,1741872190865,156.12494945526123,68.20303797721863,1741872190731,1
1,1,block_2,2,Provo_ID7,5,1081799,1261614,1,gaze_data,1741872190921,155.32691478729248,67.50402450561523,1741872190763.8,1
1,1,block_2,2,Provo_ID7,5,1081799,1261614,1,gaze_data,1741872190966,161.17236614227295,75.60310363769531,1741872190830.3,1
1,1,block_2,2,Provo_ID7,5,1081799,1261614,1,gaze_data,1741872191044,274.739933013916,93.61862242221832,1741872190864.4001,1
1,1,block_2,2,Provo_ID7,5,1081799,1261614,1,gaze_data,1741872191097,387.72177398204803,72.84841537475586,1741872190952.2002,1
1,1,block_2,2,Provo_ID7,5,1081799,1261614,1,gaze_data,1741872191152,403.48164439201355,72.8156328201294,1741872190997.9001,1
1,1,block_2,2,Provo_ID7,5,1081799,1261614,1,gaze_data,1741872191197,408.02914798259735,71.49619460105896,1741872191064.2002,1
1,1,block_2,2,Provo_ID7,5,1081799,1261614,1,gaze_data,1741872191249,564.9255394935608,84.27912592887878,1741872191097.3,1
1,1,block_2,2,Provo_ID7,5,1081799,1261614,1,gaze_data,1741872191299,566.0234570503235,95.99868059158325,1741872191164.1,1
1,1,block_2,2,Provo_ID7,5,1081799,1261614,1,gaze_data,1741872191323,572.9515433311462,83.57900977134705,1741872191197.6,1
1,1,block_2,2,Provo_ID7,5,1081799,1261614,1,gaze_data,1741872191395,573.3591675758362,81.55072331428528,1741872191230.6,1
1,1,block_2,2,Provo_ID7,5,1081799,1261614,1,gaze_data,1741872191435,304.386830329895,92.5512969493866,1741872191297.1,1
1,1,block_2,2,Provo_ID7,5,1081799,1261614,1,gaze_data,1741872191489,185.57956218719482,112.0081901550293,1741872191363.8,1
1,1,block_2,2,Provo_ID7,5,1081799,1261614,1,gaze_data,1741872191534,155.52821159362793,124.42172914743423,1741872191397.2002,1
1,1,block_2,2,Provo_ID7,5,1081799,1261614,1,gaze_data,1741872191572,138.90738487243652,144.55801844596863,1741872191430.5,1
1,1,block_2,2,Provo_ID7,5,1081799,1261614,1,gaze_data,1741872191674,192.23268032073975,124.52712506055832,1741872191497.5,1
1,1,block_2,2,Provo_ID7,5,1081799,1261614,1,gaze_data,1741872191715,191.23804569244385,137.5523641705513,1741872191597.8,1
1,1,block_2,2,Provo_ID7,5,1081799,1261614,1,gaze_data,1741872191760,187.8329038619995,121.45993709564209,1741872191630.1,1
1,1,block_2,2,Provo_ID7,5,1081799,1261614,1,gaze_data,1741872191796,126.69928073883057,141.5644571185112,1741872191664.4001,1
1,1,block_2,2,Provo_ID7,5,1081799,1261614,1,gaze_data,1741872191817,115.25323390960693,147.58622497320175,1741872191696.6,1
1,1,block_2,2,Provo_ID7,5,1081799,1261614,1,gaze_data,1741872191860,112.50817775726318,147.78725653886795,1741872191730.1,1
1,1,block_2,2,Provo_ID7,5,1081799,1261614,1,gaze_data,1741872191894,111.41834259033203,136.27008944749832,1741872191763.5,1
1,1,block_2,2,Provo_ID7,5,1081799,1261614,1,gaze_data,1741872191945,131.96513652801514,140.23601859807968,1741872191796.9001,1
1,1,block_2,2,Provo_ID7,5,1081799,1261614,1,gaze_data,1741872191986,161.86387538909912,148.04032295942307,1741872191863.8,1
1,1,block_2,2,Provo_ID7,5,1081799,1261614,1,gaze_data,1741872192010,385.70430874824524,176.47941634058952,1741872191897.5,1
1,1,block_2,2,Provo_ID7,5,1081799,1261614,1,gaze_data,1741872192052,415.8403843641281,170.68974897265434,1741872191930.3,1
1,1,block_2,2,Provo_ID7,5,1081799,1261614,1,gaze_data,1741872192085,428.0107319355011,158.99591743946075,1741872191963.4001,1
1,1,block_2,2,Provo_ID7,5,1081799,1261614,1,gaze_data,1741872192150,434.70632433891296,155.90855330228806,1741872191997,1
1,1,block_2,2,Provo_ID7,5,1081799,1261614,1,gaze_data,1741872192225,452.89045572280884,160.0043088197708,1741872192030.2002,1
1,1,block_2,2,Provo_ID7,5,1081799,1261614,1,gaze_data,1741872192254,519.9602365493774,152.39860713481903,1741872192131.3,1
1,1,block_2,2,Provo_ID7,5,1081799,1261614,1,gaze_data,1741872192305,541.8635845184326,165.40687754750252,1741872192163.6,1
1,1,block_2,2,Provo_ID7,5,1081799,1261614,1,gaze_data,1741872192340,549.9406218528748,197.72735834121704,1741872192230.2002,1
1,1,block_2,2,Provo_ID7,5,1081799,1261614,1,gaze_data,1741872192395,553.9659738540649,263.03449124097824,1741872192263.2002,1
1,1,block_2,2,Provo_ID7,5,1081799,1261614,1,gaze_data,1741872192435,542.6432132720947,58.23177695274353,1741872192297.5,1
1,1,block_2,2,Provo_ID7,5,1081799,1261614,1,gaze_data,1741872192486,439.8907333612442,185.4477882385254,1741872192363.3,0.04096363807098232
1,1,block_2,2,Provo_ID7,5,1081799,1261614,1,gaze_data,1741872192526,251.91631317138672,289.02480602264404,1741872192396.5,0.04096363807098232
1,1,block_2,2,Provo_ID7,5,1081799,1261614,1,gaze_data,1741872192573,189.07852172851562,361.8112564086914,1741872192429.8,0
1,1,block_2,2,Provo_ID7,5,1081799,1261614,1,gaze_data,1741872192620,194.90795135498047,329.80229556560516,1741872192496,0
1,1,block_2,2,Provo_ID7,5,1081799,1261614,1,gaze_data,1741872192643,200.7008194923401,253.94708141684532,1741872192530.5,0
1,1,block_2,2,Provo_ID7,5,1081799,1261614,1,gaze_data,1741872192688,232.65618085861206,287.45994567871094,1741872192563.4001,0
1,1,block_2,2,Provo_ID7,5,1081799,1261614,1,gaze_data,1741872192724,218.59453916549683,293.2838633656502,1741872192596.6,0
1,1,block_2,2,Provo_ID7,5,1081799,1261614,1,gaze_data,1741872192787,202.93956995010376,295.40195912122726,1741872192630.1,0.4559815565387133
1,1,block_2,2,Provo_ID7,5,1081799,1261614,1,gaze_data,1741872192860,202.93956995010376,295.40195912122726,1741872192663.1,0.4559815565387133
1,1,block_2,2,Provo_ID7,5,1081799,1261614,1,gaze_data,1741872192889,324.8128414154053,289.95070457458496,1741872192763.7002,0.4559815565387133
1,1,block_2,2,Provo_ID7,5,1081799,1261614,1,gaze_data,1741872192937,322.0949649810791,285.7554689049721,1741872192797.3,0.6535682872730714
1,1,block_2,2,Provo_ID7,5,1081799,1261614,1,gaze_data,1741872192975,404.3242372572422,266.5057875216007,1741872192863.6,0.6535682872730714
1,1,block_2,2,Provo_ID7,5,1081799,1261614,1,gaze_data,1741872193022,396.1218684911728,280.8302327990532,1741872192896.3,0.8560405161271674
1,1,block_2,2,Provo_ID7,5,1081799,1261614,1,gaze_data,1741872193056,406.46071806550026,272.3915636539459,1741872192929.6,0.8560405161271674
1,1,block_2,2,Provo_ID7,5,1081799,1261614,1,gaze_data,1741872193105,419.9997454881668,263.1474867463112,1741872192962.9001,1
1,1,block_2,2,Provo_ID7,5,1081799,1261614,1,gaze_data,1741872193198,435.5824291706085,263.47305104136467,1741872193086,1
1,1,block_2,2,Provo_ID7,5,1081799,1261614,1,gaze_data,1741872193259,515.6082391738892,275.4593588411808,1741872193109.1,1
1,1,block_2,2,Provo_ID7,5,1081799,1261614,1,gaze_data,1741872193295,364.0622764825821,318.58320385217667,1741872193163.1,1
1,1,block_2,2,Provo_ID7,5,1081799,1261614,1,gaze_data,1741872193337,143.30248832702637,389.79864716529846,1741872193196.3,1
1,1,block_2,2,Provo_ID7,5,1081799,1261614,1,gaze_data,1741872193371,122.3975419998169,391.0372018814087,1741872193262.7002,1
1,1,block_2,2,Provo_ID7,5,1081799,1261614,1,gaze_data,1741872193422,157.72881507873535,358.7169408798218,1741872193295.8,1
1,1,block_2,2,Provo_ID7,5,1081799,1261614,1,gaze_data,1741872193461,148.35267066955566,363.5335326194763,1741872193329.5,1
1,1,block_2,2,Provo_ID7,5,1081799,1261614,1,gaze_data,1741872193510,165.48917293548584,361.47255301475525,1741872193363,0.7709199293441138
1,1,block_2,2,Provo_ID7,5,1081799,1261614,1,gaze_data,1741872193554,138.15453052520752,360.95184683799744,1741872193429.1,0.7709199293441138
1,1,block_2,2,Provo_ID7,5,1081799,1261614,1,gaze_data,1741872193600,128.75959873199463,376.8818736076355,1741872193463,0.8941827564151198
1,1,block_2,2,Provo_ID7,5,1081799,1261614,1,gaze_data,1741872193639,110.60526371002197,366.8572962284088,1741872193529.5,0.8941827564151198
1,1,block_2,2,Provo_ID7,5,1081799,1261614,1,gaze_data,1741872193660,143.56489181518555,376.06549859046936,1741872193562.3,0.8941827564151198
1,1,block_2,2,Provo_ID7,5,1081799,1261614,1,gaze_data,1741872193708,294.2608952522278,353.6517083644867,1741872193596.6,0.607711023018332
1,1,block_2,2,Provo_ID7,5,1081799,1261614,1,gaze_data,1741872193744,313.2063627243042,352.9105842113495,1741872193629.6,0.607711023018332
1,1,block_2,2,Provo_ID7,5,1081799,1261614,1,gaze_data,1741872193811,318.5205936431885,352.37616896629333,1741872193663.1,0.7497268218441199
1,1,block_2,2,Provo_ID7,5,1081799,1261614,1,gaze_data,1741872193901,328.0145525932312,351.1361241340637,1741872193773.6,0.7497268218441199
1,1,block_2,2,Provo_ID7,5,1081799,1261614,1,gaze_data,1741872193966,407.96447917819023,344.7905018925667,1741872193829.3,0.8472974042730277
1,1,block_2,2,Provo_ID7,5,1081799,1261614,1,gaze_data,1741872194003,407.27791860699654,364.61222767829895,1741872193863.6,0.8472974042730277
1,1,block_2,2,Provo_ID7,5,1081799,1261614,1,gaze_data,1741872194048,408.91974195837975,359.9044740200043,1741872193929.3,1
1,1,block_2,2,Provo_ID7,5,1081799,1261614,1,gaze_data,1741872194088,411.00602075457573,347.37025052309036,1741872193962.5,1
1,1,block_2,2,Provo_ID7,5,1081799,1261614,1,gaze_data,1741872194151,407.1674555540085,352.36600637435913,1741872193995.9001,0.9905819986701885
1,1,block_2,2,Provo_ID7,5,1081799,1261614,1,gaze_data,1741872194216,403.5097114741802,343.48003417253494,1741872194029.3,0.9905819986701885
1,1,block_2,2,Provo_ID7,5,1081799,1261614,1,gaze_data,1741872194278,275.9289026260376,94.028240442276,1741872194132.5,1
1,1,block_2,2,Provo_ID7,5,1081799,1261614,1,gaze_data,1741872194317,268.55026483535767,81.59801959991455,1741872194196.4001,1
1,1,block_2,2,Provo_ID7,5,1081799,1261614,1,gaze_data,1741872194343,236.110258102417,56.32123947143555,1741872194229.1,1
1,1,block_2,2,Provo_ID7,5,1081799,1261614,1,gaze_data,1741872194379,183.71970653533936,81.72733187675476,1741872194262.8,1
1,1,block_2,2,Provo_ID7,5,1081799,1261614,1,gaze_data,1741872194413,190.57774543762207,82.12838172912598,1741872194295.3,1
1,1,block_2,2,Provo_ID7,5,1081799,1261614,1,gaze_data,1741872194468,179.80542182922363,65.1147723197937,1741872194328.9001,1
1,1,block_2,2,Provo_ID7,5,1081799,1261614,1,gaze_data,1741872194601,168.32146644592285,72.5579023361206,1741872194442.5,1
1,1,block_2,2,Provo_ID7,5,1081799,1261614,1,gaze_data,1741872194645,232.74691104888916,76.51681303977966,1741872194529.7002,1
1,1,block_2,2,Provo_ID7,5,1081799,1261614,1,gaze_data,1741872194693,247.10345268249512,83.20913314819336,1741872194562.5,1
1,1,block_2,2,Provo_ID7,5,1081799,1261614,1,gaze_data,1741872194732,267.9640054702759,72.33358025550842,1741872194596.1,1
1,1,block_2,2,Provo_ID7,5,1081799,1261614,1,gaze_data,1741872194784,278.63460779190063,76.87667608261108,1741872194662.6,1
1,1,block_2,2,Provo_ID7,5,1081799,1261614,1,gaze_data,1741872194831,283.67979526519775,74.99239444732666,1741872194695.2002,1
1,1,block_2,2,Provo_ID7,5,1081799,1261614,1,gaze_data,1741872194893,300.8916974067688,74.10500049591064,1741872194762.7002,1
1,1,block_2,2,Provo_ID7,5,1081799,1261614,1,gaze_data,1741872194943,279.78291511535645,79.44706678390503,1741872194796.9001,1
1,1,block_2,2,Provo_ID7,5,1081799,1261614,1,gaze_data,1741872194964,290.8648133277893,83.22558403015137,1741872194862.7002,1
1,1,block_2,2,Provo_ID7,5,1081799,1261614,1,gaze_data,1741872195006,285.01269817352295,81.05588555335999,1741872194895.5,1
1,1,block_2,2,Provo_ID7,5,1081799,1261614,1,gaze_data,1741872195040,284.1114282608032,78.4347414970398,1741872194930,1
1,1,block_2,2,Provo_ID7,5,1081799,1261614,1,gaze_data,1741872195089,270.3717350959778,83.72334241867065,1741872194962.2002,1
1,1,block_2,2,Provo_ID7,5,1081799,1261614,1,gaze_data,1741872195141,284.6033811569214,82.35532641410828,1741872194995.5,1
1,1,block_2,2,Provo_ID7,5,1081799,1261614,1,gaze_data,1741872195171,378.80541384220123,83.64737629890442,1741872195028.9001,1
1,1,block_2,2,Provo_ID7,5,1081799,1261614,1,gaze_data,1741872195258,399.09533113241196,87.77687549591064,1741872195131.6,1
1,1,block_2,2,Provo_ID7,5,1081799,1261614,1,gaze_data,1741872195298,423.0907008051872,90.34003913402557,1741872195163,1
1,1,block_2,2,Provo_ID7,5,1081799,1261614,1,gaze_data,1741872195346,418.17461252212524,83.72271656990051,1741872195228.4001,1
1,1,block_2,2,Provo_ID7,5,1081799,1261614,1,gaze_data,1741872195380,412.75601238012314,96.34642899036407,1741872195262,1
1,1,block_2,2,Provo_ID7,5,1081799,1261614,1,gaze_data,1741872195422,450.0303864479065,215.29781017452478,1741872195295.1,1
1,1,block_2,2,Provo_ID7,5,1081799,1261614,1,gaze_data,1741872195457,449.7656613588333,175.7986530661583,1741872195329.1,1
1,1,block_2,2,Provo_ID7,5,1081799,1261614,1,gaze_data,1741872195486,423.11382591724396,184.57425236701965,1741872195362,1
1,1,block_2,2,Provo_ID7,5,1081799,1261614,1,gaze_data,1741872195551,452.2911310195923,167.35289096832275,1741872195395.7002,0.6398782720047528
1,1,block_2,2,Provo_ID7,5,1081799,1261614,1,gaze_data,1741872195629,674.8796939849854,100.97617506980896,1741872195429.3,0.6398782720047528
1,1,block_2,2,Provo_ID7,5,1081799,1261614,1,gaze_data,1741872195686,724.958348274231,-37.99974322319031,1741872195529.1,0
1,1,block_2,2,Provo_ID7,5,1081799,1261614,1,gaze_data,1741872195726,735.1993799209595,-6.858044862747192,1741872195595.3,0
1,1,block_2,2,Provo_ID7,5,1081799,1261614,1,gaze_data,1741872195749,679.2057991027832,-15.902245044708252,1741872195628.3,0
1,1,block_2,2,Provo_ID7,5,1081799,1261614,1,gaze_data,1741872195792,611.2194061279297,1.986151933670044,1741872195662.7002,1
1,1,block_2,2,Provo_ID7,5,1081799,1261614,1,gaze_data,1741872195823,611.6381645202637,-34.971678256988525,1741872195695,1
1,1,block_2,2,Provo_ID7,5,1081799,1261614,1,gaze_data,1741872195872,390.72235226631165,155.59024214744568,1741872195728.5,1
1,1,block_2,2,Provo_ID7,5,1081799,1261614,1,gaze_data,1741872195915,458.85815620422363,98.49963188171387,1741872195795.3,1
1,1,block_2,2,Provo_ID7,5,1081799,1261614,1,gaze_data,1741872195962,298.66180419921875,161.42708659172058,1741872195828.6,0.9589294257957248
1,1,block_2,2,Provo_ID7,5,1081799,1261614,1,gaze_data,1741872195990,338.459837436676,253.0287005007267,1741872195863.7002,0.9589294257957248
1,1,block_2,2,Provo_ID7,5,1081799,1261614,1,gaze_data,1741872196028,338.459837436676,253.0287005007267,1741872195894.9001,0.9589294257957248
1,1,block_2,2,Provo_ID7,5,1081799,1261614,1,gaze_data,1741872196081,322.12910652160645,286.70960515737534,1741872195928.4001,0.8279291457712254
1,1,block_2,2,Provo_ID7,5,1081799,1261614,1,gaze_data,1741872196126,284.46370363235474,336.31953448057175,1741872195995.3,0.8279291457712254
1,1,block_2,2,Provo_ID7,5,1081799,1261614,1,gaze_data,1741872196171,99.20289516448975,220.58732705190778,1741872196028.6,1
1,1,block_2,2,Provo_ID7,5,1081799,1261614,1,gaze_data,1741872196209,82.7338695526123,234.44910012185574,1741872196094.9001,1
1,1,block_2,2,Provo_ID7,5,1081799,1261614,1,gaze_data,1741872196259,60.790395736694336,175.4569098353386,1741872196128.4001,1
1,1,block_2,2,Provo_ID7,5,1081799,1261614,1,gaze_data,1741872196304,36.24908924102783,237.41002790629864,1741872196161.9001,1
1,1,block_2,2,Provo_ID7,5,1081799,1261614,1,gaze_data,1741872196363,335.5497360229492,219.79409586638212,1741872196228.3,1
1,1,block_2,2,Provo_ID7,5,1081799,1261614,1,gaze_data,1741872196448,478.2037138938904,230.68294525146484,1741872196339.9001,1
1,1,block_2,2,Provo_ID7,5,1081799,1261614,1,gaze_data,1741872196507,583.4909081459045,194.3428948521614,1741872196372.3,0.9288417599744627
1,1,block_2,2,Provo_ID7,5,1081799,1261614,1,gaze_data,1741872196540,576.0667204856873,179.55358177423477,1741872196428.2002,0.9288417599744627
1,1,block_2,2,Provo_ID7,5,1081799,1261614,1,gaze_data,1741872196583,581.202757358551,146.2832823395729,1741872196461.6,1
1,1,block_2,2,Provo_ID7,5,1081799,1261614,1,gaze_data,1741872196626,579.7744989395142,143.54286193847656,1741872196494.1,1
1,1,block_2,2,Provo_ID7,5,1081799,1261614,1,gaze_data,1741872196680,690.1104927062988,191.5978103876114,1741872196530,1
1,1,block_2,2,Provo_ID7,5,1081799,1261614,1,gaze_data,1741872196726,688.6537075042725,184.82884615659714,1741872196595.2002,1
1,1,block_2,2,Provo_ID7,5,1081799,1261614,1,gaze_data,1741872196793,682.4950933456421,191.6207656264305,1741872196630.1,1
1,1,block_2,2,Provo_ID7,5,1081799,1261614,1,gaze_data,1741872196858,682.4950933456421,191.6207656264305,1741872196661.2002,1
1,1,block_2,2,Provo_ID7,5,1081799,1261614,1,gaze_data,1741872196890,87.39542961120605,335.7937917113304,1741872196762.4001,1
1,1,block_2,2,Provo_ID7,5,1081799,1261614,1,gaze_data,1741872196940,75.30033588409424,335.6959134340286,1741872196795.4001,1
1,1,block_2,2,Provo_ID7,5,1081799,1261614,1,gaze_data,1741872196981,71.06854915618896,359.2977285385132,1741872196861.3,1
1,1,block_2,2,Provo_ID7,5,1081799,1261614,1,gaze_data,1741872197005,71.16904258728027,366.77072048187256,1741872196894.4001,1
1,1,block_2,2,Provo_ID7,5,1081799,1261614,1,gaze_data,1741872197038,146.60279750823975,280.10413646698,1741872196927.9001,1
1,1,block_2,2,Provo_ID7,5,1081799,1261614,1,gaze_data,1741872197073,117.13807582855225,294.8332265019417,1741872196961.4001,1
1,1,block_2,2,Provo_ID7,5,1081799,1261614,1,gaze_data,1741872197131,126.46114826202393,278.93410474061966,1741872196994.8,1
1,1,block_2,2,Provo_ID7,5,1081799,1261614,1,gaze_data,1741872197258,153.25782299041748,274.9725826084614,1741872197109.3,0.9990066138115967
1,1,block_2,2,Provo_ID7,5,1081799,1261614,1,gaze_data,1741872197300,283.9834690093994,267.6180399954319,1741872197161.4001,0.9990066138115967
1,1,block_2,2,Provo_ID7,5,1081799,1261614,1,gaze_data,1741872197343,298.79177808761597,269.58657279610634,1741872197227.3,0.9936963373935885
1,1,block_2,2,Provo_ID7,5,1081799,1261614,1,gaze_data,1741872197381,298.6401319503784,258.62058848142624,1741872197261.1,0.9936963373935885
1,1,block_2,2,Provo_ID7,5,1081799,1261614,1,gaze_data,1741872197427,317.63216257095337,256.35858848690987,1741872197294,1
1,1,block_2,2,Provo_ID7,5,1081799,1261614,1,gaze_data,1741872197474,335.9253406524658,245.64353972673416,1741872197328.2002,1
1,1,block_2,2,Provo_ID7,5,1081799,1261614,1,gaze_data,1741872197525,479.5177102088928,242.54784025251865,1741872197394.2002,1
1,1,block_2,2,Provo_ID7,5,1081799,1261614,1,gaze_data,1741872197568,503.36339473724365,238.87085393071175,1741872197428.2002,1
1,1,block_2,2,Provo_ID7,5,1081799,1261614,1,gaze_data,1741872197621,510.50801277160645,232.65354558825493,1741872197494.3,1
1,1,block_2,2,Provo_ID7,5,1081799,1261614,1,gaze_data,1741872197666,518.2435154914856,239.35371860861778,1741872197528.5,1
1,1,block_2,2,Provo_ID7,5,1081799,1261614,1,gaze_data,1741872197723,523.0609774589539,238.06857727468014,1741872197594.7002,1
1,1,block_2,2,Provo_ID7,5,1081799,1261614,1,gaze_data,1741872197794,246.35976552963257,340.1472255587578,1741872197696.9001,1
1,1,block_2,2,Provo_ID7,5,1081799,1261614,1,gaze_data,1741872197860,223.65678548812866,350.2291798591614,1741872197729.3,1
1,1,block_2,2,Provo_ID7,5,1081799,1261614,1,gaze_data,1741872197900,209.72453355789185,369.83001828193665,1741872197761.4001,1
1,1,block_2,2,Provo_ID7,5,1081799,1261614,1,gaze_data,1741872197944,201.59672498703003,355.1238238811493,1741872197827.4001,0.908013469313472
1,1,block_2,2,Provo_ID7,5,1081799,1261614,1,gaze_data,1741872197984,203.0152678489685,371.12284302711487,1741872197861,0.908013469313472
1,1,block_2,2,Provo_ID7,5,1081799,1261614,1,gaze_data,1741872198007,159.90171432495117,383.75405073165894,1741872197894.3,0.908013469313472
1,1,block_2,2,Provo_ID7,5,1081799,1261614,1,gaze_data,1741872198063,168.93916130065918,365.18338918685913,1741872197928.4001,0.6844303006686183
1,1,block_2,2,Provo_ID7,5,1081799,1261614,1,gaze_data,1741872198108,103.58631610870361,390.34730792045593,1741872197961.2002,0.6844303006686183
1,1,block_2,2,Provo_ID7,5,1081799,1261614,1,gaze_data,1741872198188,140.02115726470947,365.5673921108246,1741872197994.7002,0.7223236333465167
1,1,block_2,2,Provo_ID7,5,1081799,1261614,1,gaze_data,1741872198243,131.58776760101318,373.00435304641724,1741872198104.4001,0.7223236333465167
1,1,block_2,2,Provo_ID7,5,1081799,1261614,1,gaze_data,1741872198287,179.71675395965576,363.86991143226624,1741872198160.7002,0.8799456959095133
1,1,block_2,2,Provo_ID7,5,1081799,1261614,1,gaze_data,1741872198319,201.84050798416138,345.6134632229805,1741872198194.3,0.8799456959095133
1,1,block_2,2,Provo_ID7,5,1081799,1261614,1,gaze_data,1741872198343,227.12931632995605,280.3149878978729,1741872198227.4001,0.8799456959095133
1,1,block_2,2,Provo_ID7,5,1081799,1261614,1,gaze_data,1741872198395,216.27334356307983,238.21074925363064,1741872198260.9001,0.6772962631422159
1,1,block_2,2,Provo_ID7,5,1081799,1261614,1,gaze_data,1741872198429,214.62260484695435,228.93061432987452,1741872198294.7002,0.6772962631422159
1,1,block_2,2,Provo_ID7,5,1081799,1261614,1,gaze_data,1741872198488,176.56543254852295,190.60342237353325,1741872198327.9001,0.9549795517003852
1,1,block_2,2,Provo_ID7,5,1081799,1261614,1,gaze_data,1741872198524,176.56543254852295,190.60342237353325,1741872198360.5,0.9549795517003852
1,1,block_2,2,Provo_ID7,5,1081799,1261614,1,gaze_data,1741872198584,193.79067420959473,162.30716407299042,1741872198469.7002,0.9549795517003852
1,1,block_2,2,Provo_ID7,5,1081799,1261614,1,gaze_data,1741872198645,239.81146812438965,89.92985486984253,1741872198497.2002,1
1,1,block_2,2,Provo_ID7,5,1081799,1261614,1,gaze_data,1741872198679,235.45812368392944,107.20624625682831,1741872198561.2002,1
1,1,block_2,2,Provo_ID7,5,1081799,1261614,1,gaze_data,1741872198723,196.79584503173828,122.89868891239166,1741872198593.9001,1
1,1,block_2,2,Provo_ID7,5,1081799,1261614,1,gaze_data,1741872198760,212.0768666267395,139.56224769353867,1741872198627.9001,1
1,1,block_2,2,Provo_ID7,5,1081799,1261614,1,gaze_data,1741872198782,239.69969749450684,305.5080309510231,1741872198661.8,1
1,1,block_2,2,Provo_ID7,5,1081799,1261614,1,gaze_data,1741872198840,335.32445430755615,323.5248163342476,1741872198693.4001,1
1,1,block_2,2,Provo_ID7,5,1081799,1261614,1,gaze_data,1741872198883,332.51821994781494,325.50050914287567,1741872198760.9001,1
1,1,block_2,2,Provo_ID7,5,1081799,1261614,1,gaze_data,1741872198932,351.62988007068634,341.21544510126114,1741872198794.2002,1
1,1,block_2,2,Provo_ID7,5,1081799,1261614,1,gaze_data,1741872198967,314.2721652984619,349.52105432748795,1741872198860.3,1
1,1,block_2,2,Provo_ID7,5,1081799,1261614,1,gaze_data,1741872199015,292.1146631240845,348.8461509346962,1741872198893.1,0.7689768855854281
1,1,block_2,2,Provo_ID7,5,1081799,1261614,1,gaze_data,1741872199040,243.4794783592224,373.90268445014954,1741872198926.8,0.7689768855854281
1,1,block_2,2,Provo_ID7,5,1081799,1261614,1,gaze_data,1741872199092,169.88205909729004,391.7088568210602,1741872198960.4001,0.6953228257699342
1,1,block_2,2,Provo_ID7,5,1081799,1261614,1,gaze_data,1741872199132,114.72797393798828,384.31984782218933,1741872198994.6,0.6953228257699342
1,1,block_2,2,Provo_ID7,5,1081799,1261614,1,gaze_data,1741872199185,164.95060920715332,361.90119981765747,1741872199060.6,0.568820790328268
1,1,block_2,2,Provo_ID7,5,1081799,1261614,1,gaze_data,1741872199217,153.5778522491455,373.50354194641113,1741872199093.7002,0.568820790328268
1,1,block_2,2,Provo_ID7,5,1081799,1261614,1,gaze_data,1741872199267,197.15654850006104,365.597939491272,1741872199127.3,0.6821931251181826
1,1,block_2,2,Provo_ID7,5,1081799,1261614,1,gaze_data,1741872199311,338.57442140579224,353.9239823818207,1741872199194,0.6821931251181826
1,1,block_2,2,Provo_ID7,5,1081799,1261614,1,gaze_data,1741872199362,498.88216257095337,369.9127793312073,1741872199227.5,0.7013336951673327
1,1,block_2,2,Provo_ID7,5,1081799,1261614,1,gaze_data,1741872199407,574.7129678726196,380.8586061000824,1741872199260.8,0.7013336951673327
1,1,block_2,2,Provo_ID7,5,1081799,1261614,1,gaze_data,1741872199434,619.679856300354,382.44906663894653,1741872199327.6,0.7013336951673327
1,1,block_2,2,Provo_ID7,5,1081799,1261614,1,gaze_data,1741872199475,509.3776226043701,358.33025574684143,1741872199360.3,0.6109246472990207
1,1,block_2,2,Provo_ID7,5,1081799,1261614,1,gaze_data,1741872199510,484.0726137161255,299.8601332306862,1741872199394.3,0.6109246472990207
1,1,block_2,2,Provo_ID7,5,1081799,1261614,1,gaze_data,1741872199560,440.12367725372314,90.50101637840271,1741872199426.8,0.7274362548549291
1,1,block_2,2,Provo_ID7,5,1081799,1261614,1,gaze_data,1741872199604,402.49423161149025,297.13202863931656,1741872199462.7002,0.7274362548549291
1,1,block_2,2,Provo_ID7,5,1081799,1261614,1,gaze_data,1741872199629,484.65219736099243,320.0913354754448,1741872199527.1,0.7274362548549291
1,1,block_2,2,Provo_ID7,5,1081799,1261614,1,gaze_data,1741872199786,546.7647910118103,389.01082277297974,1741872199635.8,0
1,1,block_2,2,Provo_ID7,5,1081799,1261614,1,gaze_data,1741872199819,567.9887294769287,379.7086834907532,1741872199693.5,0
1,1,block_2,2,Provo_ID7,5,1081799,1261614,1,gaze_data,1741872199864,582.1806073188782,375.64558386802673,1741872199726.8,0
1,1,block_2,2,Provo_ID7,5,1081799,1261614,1,gaze_data,1741872199903,575.9754538536072,357.423460483551,1741872199793.2002,0
1,1,block_2,2,Provo_ID7,5,1081799,1261614,1,gaze_data,1741872199923,583.4180593490601,357.7013969421387,1741872199826.5,0
1,1,block_2,2,Provo_ID7,5,1081799,1261614,1,gaze_data,1741872199965,566.3505792617798,370.35167813301086,1741872199860.1,0.7182498945949681
1,1,block_2,2,Provo_ID7,5,1081799,1261614,1,gaze_data,1741872199996,552.4985313415527,369.79655027389526,1741872199893.5,0.7182498945949681
1,1,block_2,2,Provo_ID7,5,1081799,1261614,1,gaze_data,1741872200061,529.2460441589355,373.5650837421417,1741872199926.7002,0.756819655205557
1,1,block_2,2,Provo_ID7,5,1081799,1261614,1,gaze_data,1741872200134,134.57837104797363,455.4593324661255,1741872200027.5,0.756819655205557
1,1,block_2,2,Provo_ID7,5,1081799,1261614,1,gaze_data,1741872200196,122.41373062133789,469.35049295425415,1741872200061,0.5708449960798951
1,1,block_2,2,Provo_ID7,5,1081799,1261614,1,gaze_data,1741872200235,86.03103160858154,463.21669816970825,1741872200126.9001,0.5708449960798951
1,1,block_2,2,Provo_ID7,5,1081799,1261614,1,gaze_data,1741872200274,137.71426677703857,482.64167308807373,1741872200159.3,0.31070169776567086
1,1,block_2,2,Provo_ID7,5,1081799,1261614,1,gaze_data,1741872200308,99.26257133483887,458.51362347602844,1741872200193.5,0.31070169776567086
1,1,block_2,2,Provo_ID7,5,1081799,1261614,1,gaze_data,1741872200329,49.71127510070801,355.82757592201233,1741872200226.1,0.31070169776567086
1,1,block_2,2,Provo_ID7,5,1081799,1261614,1,gaze_data,1741872200392,55.861616134643555,414.2818808555603,1741872200260.1,0.5924021881407738
1,1,block_2,2,Provo_ID7,5,1081799,1261614,1,gaze_data,1741872200516,104.60367202758789,398.3742952346802,1741872200363.6,0.578210427706063
1,1,block_2,2,Provo_ID7,5,1081799,1261614,1,gaze_data,1741872200559,76.44472122192383,486.8035078048706,1741872200426.8,0.578210427706063
1,1,block_2,2,Provo_ID7,5,1081799,1261614,1,gaze_data,1741872200603,62.50052452087402,435.80735325813293,1741872200460,0.6709392189268248
1,1,block_2,2,Provo_ID7,5,1081799,1261614,1,gaze_data,1741872200643,26.27251148223877,316.86065196990967,1741872200526.3,0.6709392189268248
1,1,block_2,2,Provo_ID7,5,1081799,1261614,1,gaze_data,1741872200694,174.00453090667725,147.82626032829285,1741872200559.7002,0.6396964537038696
1,1,block_2,2,Provo_ID7,5,1081799,1261614,1,gaze_data,1741872200746,149.54168796539307,116.19488000869751,1741872200626.4001,0.6396964537038696
1,1,block_2,2,Provo_ID7,5,1081799,1261614,1,gaze_data,1741872200767,147.3463773727417,137.4932736158371,1741872200660.3,0.6396964537038696
1,1,block_2,2,Provo_ID7,5,1081799,1261614,1,gaze_data,1741872200831,164.16070461273193,125.41694045066833,1741872200693.5,1
1,1,block_2,2,Provo_ID7,5,1081799,1261614,1,gaze_data,1741872200897,116.07470512390137,149.87157136201859,1741872200771.5,1
1,1,block_2,2,Provo_ID7,5,1081799,1261614,1,gaze_data,1741872200951,140.32795429229736,76.95043683052063,1741872200828,1
1,1,block_2,2,Provo_ID7,5,1081799,1261614,1,gaze_data,1741872200990,95.41175365447998,107.75282829999924,1741872200860.2002,1
1,1,block_2,2,Provo_ID7,5,1081799,1261614,1,gaze_data,1741872201042,69.29562091827393,121.13322913646698,1741872200893.3,1
1,1,block_2,2,Provo_ID7,5,1081799,1261614,1,gaze_data,1741872201077,54.056596755981445,120.35544812679291,1741872200959.4001,1
1,1,block_2,2,Provo_ID7,5,1081799,1261614,1,gaze_data,1741872201121,86.24262809753418,94.68418955802917,1741872200993.4001,1
1,1,block_2,2,Provo_ID7,5,1081799,1261614,1,gaze_data,1741872201159,75.61991214752197,106.3595175743103,1741872201026.9001,1
1,1,block_2,2,Provo_ID7,5,1081799,1261614,1,gaze_data,1741872201179,42.346811294555664,107.33932852745056,1741872201059.6,1
1,1,block_2,2,Provo_ID7,5,1081799,1261614,1,gaze_data,1741872201225,84.43903923034668,59.011733531951904,1741872201092.8,1
1,1,block_2,2,Provo_ID7,5,1081799,1261614,1,gaze_data,1741872201260,74.49145317077637,62.96626329421997,1741872201126.2002,1
1,1,block_2,2,Provo_ID7,5,1081799,1261614,1,gaze_data,1741872201280,68.0788516998291,78.83418202400208,1741872201159.6,1
1,1,block_2,2,Provo_ID7,5,1081799,1261614,1,gaze_data,1741872201339,225.3894567489624,74.59271550178528,1741872201192.7002,1
1,1,block_2,2,Provo_ID7,5,1081799,1261614,1,gaze_data,1741872201378,225.3894567489624,74.59271550178528,1741872201226.6,1
1,1,block_2,2,Provo_ID7,5,1081799,1261614,1,gaze_data,1741872201458,285.3797674179077,54.44488525390625,1741872201329.3,1
1,1,block_2,2,Provo_ID7,5,1081799,1261614,1,gaze_data,1741872201497,269.131076335907,65.4289186000824,1741872201361.9001,1
1,1,block_2,2,Provo_ID7,5,1081799,1261614,1,gaze_data,1741872201546,285.1216197013855,90.80218374729156,1741872201426.9001,1
1,1,block_2,2,Provo_ID7,5,1081799,1261614,1,gaze_data,1741872201580,339.9026036262512,124.40115809440613,1741872201459.4001,1
1,1,block_2,2,Provo_ID7,5,1081799,1261614,1,gaze_data,1741872201601,285.8594059944153,262.5429131090641,1741872201492.8,1
1,1,block_2,2,Provo_ID7,5,1081799,1261614,1,gaze_data,1741872201643,263.7871742248535,279.5707792043686,1741872201526.5,1
1,1,block_2,2,Provo_ID7,5,1081799,1261614,1,gaze_data,1741872201682,456.37446641921997,104.99731302261353,1741872201559.1,1
1,1,block_2,2,Provo_ID7,5,1081799,1261614,1,gaze_data,1741872201731,566.7913436889648,25.862431526184082,1741872201593,1
1,1,block_2,2,Provo_ID7,5,1081799,1261614,1,gaze_data,1741872201781,551.5233397483826,50.9412944316864,1741872201659.7002,1
1,1,block_2,2,Provo_ID7,5,1081799,1261614,1,gaze_data,1741872204978,423.9754945039749,153.60867828130722,1741872204858.2002,1
1,1,block_2,2,Provo_ID7,5,1081799,1261614,1,gaze_data,1741872205007,440.79640209674835,128.0918851494789,1741872204894.2002,1
1,1,block_2,2,Provo_ID7,5,1081799,1261614,1,gaze_data,1741872205060,432.70248770713806,98.39252233505249,1741872204924.6,1
1,1,block_2,2,Provo_ID7,5,1081799,1261614,1,gaze_data,1741872205157,470.25245428085327,62.094247341156006,1741872205030.8,1
1,1,block_2,2,Provo_ID7,5,1081799,1261614,1,gaze_data,1741872205218,509.8324656486511,10.985797643661499,1741872205059.5,1
1,1,block_2,2,Provo_ID7,5,1081799,1261614,1,gaze_data,1741872205247,535.2447867393494,3.1862616539001465,1741872205125.1,1
1,1,block_2,2,Provo_ID7,5,1081799,1261614,1,gaze_data,1741872205295,407.98184648156166,101.97587162256241,1741872205157.7002,1
1,1,block_2,2,Provo_ID7,5,1081799,1261614,1,gaze_data,1741872205324,322.7925777435303,73.39469194412231,1741872205224.2002,1
1,1,block_2,2,Provo_ID7,5,1081799,1261614,1,gaze_data,1741872205378,314.8379445075989,69.35158967971802,1741872205258,1
1,1,block_2,2,Provo_ID7,5,1081799,1261614,1,gaze_data,1741872205424,315.1706337928772,73.15222024917603,1741872205291.4001,1
1,1,block_2,2,Provo_ID7,5,1081799,1261614,1,gaze_data,1741872205524,303.13565731048584,116.03485643863678,1741872205376.4001,1
1,1,block_2,2,Provo_ID7,5,1081799,1261614,1,gaze_data,1741872205582,193.69440078735352,149.85862225294113,1741872205426,1
1,1,block_2,2,Provo_ID7,5,1081799,1261614,1,gaze_data,1741872205636,204.39382791519165,190.8515602350235,1741872205491.5,1
1,1,block_2,2,Provo_ID7,5,1081799,1261614,1,gaze_data,1741872205671,491.9503688812256,8.887684345245361,1741872205557.7002,1
1,1,block_2,2,Provo_ID7,5,1081799,1261614,1,gaze_data,1741872205726,489.07790184020996,32.60189890861511,1741872205590.9001,0.964385246248523
1,1,block_2,2,Provo_ID7,5,1081799,1261614,1,gaze_data,1741872205769,315.80861806869507,170.6665962934494,1741872205658.1,0.964385246248523
1,1,block_2,2,Provo_ID7,5,1081799,1261614,1,gaze_data,1741872205820,382.6305776834488,229.93173021823168,1741872205691,0
1,1,block_2,2,Provo_ID7,5,1081799,1261614,1,gaze_data,1741872205867,429.01743054389954,152.35343426465988,1741872205724.4001,0
1,1,block_2,2,Provo_ID7,5,1081799,1261614,1,gaze_data,1741872205900,429.01743054389954,152.35343426465988,1741872205758,0
1,1,block_2,2,Provo_ID7,5,1081799,1261614,1,gaze_data,1741872206013,380.89453279972076,164.54551964998245,1741872205866.2002,0
1,1,block_2,2,Provo_ID7,5,1081799,1261614,1,gaze_data,1741872206034,363.1686896085739,156.25177919864655,1741872205924.9001,0
1,1,block_2,2,Provo_ID7,5,1081799,1261614,1,gaze_data,1741872206079,389.5990937948227,127.81333029270172,1741872205957.6,0.144984726455718
1,1,block_2,2,Provo_ID7,5,1081799,1261614,1,gaze_data,1741872206113,392.08871722221375,111.57162338495255,1741872205991,0.144984726455718
1,1,block_2,2,Provo_ID7,5,1081799,1261614,1,gaze_data,1741872206166,406.70642107725143,122.03244715929031,1741872206023.9001,0.7504395448396403
1,1,block_2,2,Provo_ID7,5,1081799,1261614,1,gaze_data,1741872206206,435.94805002212524,124.83133226633072,1741872206090.9001,0.7504395448396403
1,1,block_2,2,Provo_ID7,5,1081799,1261614,1,gaze_data,1741872206255,455.3120732307434,123.01766723394394,1741872206124.5,0.72295509914286
1,1,block_2,2,Provo_ID7,5,1081799,1261614,1,gaze_data,1741872206291,455.48936128616333,120.7715556025505,1741872206157.2002,0.72295509914286
1,1,block_2,2,Provo_ID7,5,1081799,1261614,1,gaze_data,1741872206344,459.19894576072693,135.57181358337402,1741872206224,0.8070136930619884
1,1,block_2,2,Provo_ID7,5,1081799,1261614,1,gaze_data,1741872206379,470.6808805465698,135.02263128757477,1741872206257.5,0.8070136930619884
1,1,block_2,2,Provo_ID7,5,1081799,1261614,1,gaze_data,1741872206454,449.95212852954865,133.80316495895386,1741872206290.5,0.8370141716930196
1,1,block_2,2,Provo_ID7,5,1081799,1261614,1,gaze_data,1741872206495,425.8962333202362,237.56534829735756,1741872206357.9001,0.8370141716930196
1,1,block_2,2,Provo_ID7,5,1081799,1261614,1,gaze_data,1741872206546,402.21023708581924,231.51374831795692,1741872206424,0.8595881137734086
1,1,block_2,2,Provo_ID7,5,1081799,1261614,1,gaze_data,1741872206593,423.1493815779686,242.48969219624996,1741872206457.9001,0.8595881137734086
1,1,block_2,2,Provo_ID7,5,1081799,1261614,1,gaze_data,1741872206651,369.9655622243881,204.51224073767662,1741872206523.9001,0.6406786203533371
1,1,block_2,2,Provo_ID7,5,1081799,1261614,1,gaze_data,1741872206687,367.1031594276428,219.42967306822538,1741872206557.5,0.6406786203533371
1,1,block_2,2,Provo_ID7,5,1081799,1261614,1,gaze_data,1741872206735,333.32539796829224,203.2868716865778,1741872206591.4001,0.6307494726800886
1,1,block_2,2,Provo_ID7,5,1081799,1261614,1,gaze_data,1741872206776,280.7607889175415,183.81827920675278,1741872206657.7002,0.6307494726800886
1,1,block_2,2,Provo_ID7,5,1081799,1261614,1,gaze_data,1741872206799,272.4707245826721,196.89834341406822,1741872206690.6,0.6307494726800886
1,1,block_2,2,Provo_ID7,5,1081799,1261614,1,gaze_data,1741872206861,238.90881538391113,140.34411907196045,1741872206724.7002,0.6202118468217113
1,1,block_2,2,Provo_ID7,5,1081799,1261614,1,gaze_data,1741872206900,193.9509630203247,104.02088463306427,1741872206791,0.6202118468217113
1,1,block_2,2,Provo_ID7,5,1081799,1261614,1,gaze_data,1741872206965,175.65577030181885,107.62499123811722,1741872206824,0.8723552419532594
1,1,block_2,2,Provo_ID7,5,1081799,1261614,1,gaze_data,1741872207038,148.84703159332275,89.98676240444183,1741872206868.3,0.8723552419532594
1,1,block_2,2,Provo_ID7,5,1081799,1261614,1,gaze_data,1741872207100,150.61850547790527,88.3732795715332,1741872206958.9001,1
1,1,block_2,2,Provo_ID7,5,1081799,1261614,1,gaze_data,1741872207146,131.68857097625732,89.88884687423706,1741872207023.9001,1
1,1,block_2,2,Provo_ID7,5,1081799,1261614,1,gaze_data,1741872207172,126.81987285614014,94.88076567649841,1741872207057.1,1
1,1,block_2,2,Provo_ID7,5,1081799,1261614,1,gaze_data,1741872207213,147.65198230743408,93.04524064064026,1741872207090.3,1
1,1,block_2,2,Provo_ID7,5,1081799,1261614,1,gaze_data,1741872207246,203.41647863388062,98.25361371040344,1741872207123.9001,1
1,1,block_2,2,Provo_ID7,5,1081799,1261614,1,gaze_data,1741872207302,348.49064350128174,120.95168083906174,1741872207156.8,1
1,1,block_2,2,Provo_ID7,5,1081799,1261614,1,gaze_data,1741872207338,362.3103231191635,127.79489010572433,1741872207223.7002,1
1,1,block_2,2,Provo_ID7,5,1081799,1261614,1,gaze_data,1741872207389,392.6299512386322,79.80773448944092,1741872207257.2002,0.7900332299065078
1,1,block_2,2,Provo_ID7,5,1081799,1261614,1,gaze_data,1741872207448,388.95053267478943,75.53488612174988,1741872207302.5,0.7900332299065078
1,1,block_2,2,Provo_ID7,5,1081799,1261614,1,gaze_data,1741872207498,416.3366675376892,102.40378826856613,1741872207391.3,0.7900332299065078
1,1,block_2,2,Provo_ID7,5,1081799,1261614,1,gaze_data,1741872207554,420.50371170043945,93.2866096496582,1741872207424.1,0.930828415830236
1,1,block_2,2,Provo_ID7,5,1081799,1261614,1,gaze_data,1741872207588,241.9084072113037,115.20230621099472,1741872207457.4001,0.930828415830236
1,1,block_2,2,Provo_ID7,5,1081799,1261614,1,gaze_data,1741872207629,227.87392139434814,121.43702656030655,1741872207490.2002,0.9475551717820316
1,1,block_2,2,Provo_ID7,5,1081799,1261614,1,gaze_data,1741872207668,220.4384446144104,114.31041210889816,1741872207556.5,0.9475551717820316
1,1,block_2,2,Provo_ID7,5,1081799,1261614,1,gaze_data,1741872207689,220.18392086029053,117.43017882108688,1741872207590.2002,0.9475551717820316
1,1,block_2,2,Provo_ID7,5,1081799,1261614,1,gaze_data,1741872207741,223.54241609573364,130.5105447769165,1741872207623.9001,0.9233646325801065
1,1,block_2,2,Provo_ID7,5,1081799,1261614,1,gaze_data,1741872207781,204.6833872795105,142.69679635763168,1741872207657.6,0.9233646325801065
1,1,block_2,2,Provo_ID7,5,1081799,1261614,1,gaze_data,1741872207833,205.23923635482788,136.16175055503845,1741872207690.4001,0.8563721981320684
1,1,block_2,2,Provo_ID7,5,1081799,1261614,1,gaze_data,1741872207874,198.37830066680908,145.5443561077118,1741872207756.7002,0.8563721981320684
1,1,block_2,2,Provo_ID7,5,1081799,1261614,1,gaze_data,1741872207920,213.4623408317566,144.96783018112183,1741872207790.1,0.9973091142225923
1,1,block_2,2,Provo_ID7,5,1081799,1261614,1,gaze_data,1741872208019,210.98593473434448,154.974764585495,1741872207899.4001,0.9973091142225923
1,1,block_2,2,Provo_ID7,5,1081799,1261614,1,gaze_data,1741872208069,421.94550037384033,176.08798518776894,1741872207925.1,0.9361038186892288
1,1,block_2,2,Provo_ID7,5,1081799,1261614,1,gaze_data,1741872208099,422.44387567043304,178.22128012776375,1741872207990.4001,0.9361038186892288
1,1,block_2,2,Provo_ID7,5,1081799,1261614,1,gaze_data,1741872208129,376.2941777706146,183.70888978242874,1741872208023.5,0.9361038186892288
1,1,block_2,2,Provo_ID7,5,1081799,1261614,1,gaze_data,1741872208178,229.99485731124878,232.33501464128494,1741872208056.6,0.6908526727847717
1,1,block_2,2,Provo_ID7,5,1081799,1261614,1,gaze_data,1741872208211,204.47818040847778,245.92187106609344,1741872208090,0.6908526727847717
1,1,block_2,2,Provo_ID7,5,1081799,1261614,1,gaze_data,1741872208256,202.6368260383606,264.5435318350792,1741872208123.4001,0.5458273660346684
1,1,block_2,2,Provo_ID7,5,1081799,1261614,1,gaze_data,1741872208296,180.0246238708496,280.92329800128937,1741872208190.1,0.5458273660346684
1,1,block_2,2,Provo_ID7,5,1081799,1261614,1,gaze_data,1741872208317,185.21034717559814,297.3932832479477,1741872208223.4001,0.5458273660346684
1,1,block_2,2,Provo_ID7,5,1081799,1261614,1,gaze_data,1741872208367,183.71145725250244,289.5693317055702,1741872208256.6,0.4722805994329127
1,1,block_2,2,Provo_ID7,5,1081799,1261614,1,gaze_data,1741872208403,161.95008754730225,275.7761687040329,1741872208290.1,0.4722805994329127
1,1,block_2,2,Provo_ID7,5,1081799,1261614,1,gaze_data,1741872208458,177.89552211761475,244.68777924776077,1741872208323.5,0.6284718001945329
1,1,block_2,2,Provo_ID7,5,1081799,1261614,1,gaze_data,1741872208545,294.67283487319946,207.17127844691277,1741872208409.4001,0.6284718001945329
1,1,block_2,2,Provo_ID7,5,1081799,1261614,1,gaze_data,1741872208612,439.53494131565094,246.6892696917057,1741872208457.5,0.782470663736027
1,1,block_2,2,Provo_ID7,5,1081799,1261614,1,gaze_data,1741872208641,433.6489588022232,216.75210669636726,1741872208523.5,0.782470663736027
1,1,block_2,2,Provo_ID7,5,1081799,1261614,1,gaze_data,1741872208685,447.98083305358887,236.1465770751238,1741872208556.3,0.5176717271420536
1,1,block_2,2,Provo_ID7,5,1081799,1261614,1,gaze_data,1741872208728,452.37696170806885,266.3051247596741,1741872208590.9001,0.5176717271420536
1,1,block_2,2,Provo_ID7,5,1081799,1261614,1,gaze_data,1741872208784,474.67124462127686,256.267412006855,1741872208656.3,0.7713832365720803
1,1,block_2,2,Provo_ID7,5,1081799,1261614,1,gaze_data,1741872208909,430.0443708896637,246.37871086597443,1741872208769.2002,0.7713832365720803
1,1,block_2,2,Provo_ID7,5,1081799,1261614,1,gaze_data,1741872208990,446.57823741436005,255.4044596850872,1741872208825.9001,0.6693382339043314
1,1,block_2,2,Provo_ID7,5,1081799,1261614,1,gaze_data,1741872209042,491.9579744338989,262.5542715191841,1741872208923.3,0.6693382339043314
1,1,block_2,2,Provo_ID7,5,1081799,1261614,1,gaze_data,1741872209104,523.7268209457397,269.1165901720524,1741872208956.3,0.5077767675008177
1,1,block_2,2,Provo_ID7,5,1081799,1261614,1,gaze_data,1741872209147,543.7578082084656,288.9766976237297,1741872209023.8,0.5077767675008177
1,1,block_2,2,Provo_ID7,5,1081799,1261614,1,gaze_data,1741872209204,500.5908727645874,281.6903129220009,1741872209057.1,0.7646081575297057
1,1,block_2,2,Provo_ID7,5,1081799,1261614,1,gaze_data,1741872209244,477.8036117553711,312.94814348220825,1741872209123.4001,0.7646081575297057
1,1,block_2,2,Provo_ID7,5,1081799,1261614,1,gaze_data,1741872209280,474.1924047470093,310.6205224990845,1741872209156.8,0.7646081575297057
1,1,block_2,2,Provo_ID7,5,1081799,1261614,1,gaze_data,1741872209330,373.08480739593506,288.41126561164856,1741872209191,0.3503133977054059
1,1,block_2,2,Provo_ID7,5,1081799,1261614,1,gaze_data,1741872209371,242.27584600448608,346.36130779981613,1741872209256.6,0.3503133977054059
1,1,block_2,2,Provo_ID7,5,1081799,1261614,1,gaze_data,1741872209417,232.52735137939453,350.66685676574707,1741872209289.2002,0.28731391019901414
1,1,block_2,2,Provo_ID7,5,1081799,1261614,1,gaze_data,1741872209450,211.95529699325562,364.337420463562,1741872209323.3,0.28731391019901414
1,1,block_2,2,Provo_ID7,5,1081799,1261614,1,gaze_data,1741872209481,188.2385015487671,368.86746287345886,1741872209356.2002,0.28731391019901414
1,1,block_2,2,Provo_ID7,5,1081799,1261614,1,gaze_data,1741872209508,180.45408725738525,359.16123390197754,1741872209390.8,0.28731391019901414
1,1,block_2,2,Provo_ID7,5,1081799,1261614,1,gaze_data,1741872209605,194.42009925842285,357.10785388946533,1741872209424.2002,0.13512894785780855
1,1,block_2,2,Provo_ID7,5,1081799,1261614,1,gaze_data,1741872209700,179.31785583496094,364.0298008918762,1741872209462.3,0.13512894785780855
1,1,block_2,2,Provo_ID7,5,1081799,1261614,1,gaze_x,"",
1,1,block_2,2,Provo_ID7,5,1081799,1261614,1,gaze_y,"",
1,1,block_2,2,Provo_ID7,5,1081799,1261614,1,el_x,"",
1,1,block_2,2,Provo_ID7,5,1081799,1261614,1,applied_drift,1741872147317,
1,1,block_2,2,Provo_ID7,5,1081799,1261614,1,applied_drift,1741872171353,-14.322815090417862,-14.410094916820526
1,1,block_2,2,Provo_ID7,5,1081799,1261614,1,applied_drift,1741872171395,-14.322815090417862,-14.410094916820526
1,1,block_2,2,Provo_ID7,5,1081799,1261614,1,applied_drift,1741872171443,-14.322815090417862,-14.410094916820526
1,1,block_2,2,Provo_ID7,5,1081799,1261614,1,applied_drift,1741872171486,-14.322815090417862,-14.410094916820526
1,1,block_2,2,Provo_ID7,5,1081799,1261614,1,applied_drift,1741872171532,-14.322815090417862,-14.410094916820526
1,1,block_2,2,Provo_ID7,5,1081799,1261614,1,applied_drift,1741872171583,-14.322815090417862,-14.410094916820526
1,1,block_2,2,Provo_ID7,5,1081799,1261614,1,applied_drift,1741872171635,-14.322815090417862,-14.410094916820526
1,1,block_2,2,Provo_ID7,5,1081799,1261614,1,applied_drift,1741872171676,-14.322815090417862,-14.410094916820526
1,1,block_2,2,Provo_ID7,5,1081799,1261614,1,applied_drift,1741872171705,-14.322815090417862,-14.410094916820526
1,1,block_2,2,Provo_ID7,5,1081799,1261614,1,applied_drift,1741872171781,-14.322815090417862,-14.410094916820526
1,1,block_2,2,Provo_ID7,5,1081799,1261614,1,applied_drift,1741872171839,-14.322815090417862,-14.410094916820526
1,1,block_2,2,Provo_ID7,5,1081799,1261614,1,applied_drift,1741872171894,-14.322815090417862,-14.410094916820526
1,1,block_2,2,Provo_ID7,5,1081799,1261614,1,applied_drift,1741872171945,-14.322815090417862,-14.410094916820526
1,1,block_2,2,Provo_ID7,5,1081799,1261614,1,applied_drift,1741872171970,-14.322815090417862,-14.410094916820526
1,1,block_2,2,Provo_ID7,5,1081799,1261614,1,applied_drift,1741872172042,-14.322815090417862,-14.410094916820526
1,1,block_2,2,Provo_ID7,5,1081799,1261614,1,applied_drift,1741872172088,-14.322815090417862,-14.410094916820526
1,1,block_2,2,Provo_ID7,5,1081799,1261614,1,applied_drift,1741872172141,-14.322815090417862,-14.410094916820526
1,1,block_2,2,Provo_ID7,5,1081799,1261614,1,applied_drift,1741872172182,-14.322815090417862,-14.410094916820526
1,1,block_2,2,Provo_ID7,5,1081799,1261614,1,applied_drift,1741872172203,-14.322815090417862,-14.410094916820526
1,1,block_2,2,Provo_ID7,5,1081799,1261614,1,applied_drift,1741872172251,-14.322815090417862,-14.410094916820526
1,1,block_2,2,Provo_ID7,5,1081799,1261614,1,applied_drift,1741872172290,-14.322815090417862,-14.410094916820526
1,1,block_2,2,Provo_ID7,5,1081799,1261614,1,applied_drift,1741872172338,-14.322815090417862,-14.410094916820526
1,1,block_2,2,Provo_ID7,5,1081799,1261614,1,applied_drift,1741872172382,-14.322815090417862,-14.410094916820526
1,1,block_2,2,Provo_ID7,5,1081799,1261614,1,applied_drift,1741872172426,-14.322815090417862,-14.410094916820526
1,1,block_2,2,Provo_ID7,5,1081799,1261614,1,applied_drift,1741872172462,-14.322815090417862,-14.410094916820526
1,1,block_2,2,Provo_ID7,5,1081799,1261614,1,applied_drift,1741872172490,-14.322815090417862,-14.410094916820526
1,1,block_2,2,Provo_ID7,5,1081799,1261614,1,applied_drift,1741872172544,-14.322815090417862,-14.410094916820526
1,1,block_2,2,Provo_ID7,5,1081799,1261614,1,applied_drift,1741872172582,-14.322815090417862,-14.410094916820526
1,1,block_2,2,Provo_ID7,5,1081799,1261614,1,applied_drift,1741872172632,-14.322815090417862,-14.410094916820526
1,1,block_2,2,Provo_ID7,5,1081799,1261614,1,applied_drift,1741872172673,-14.322815090417862,-14.410094916820526
1,1,block_2,2,Provo_ID7,5,1081799,1261614,1,applied_drift,1741872172723,-14.322815090417862,-14.410094916820526
1,1,block_2,2,Provo_ID7,5,1081799,1261614,1,applied_drift,1741872172773,-14.322815090417862,-14.410094916820526
1,1,block_2,2,Provo_ID7,5,1081799,1261614,1,applied_drift,1741872172830,-14.322815090417862,-14.410094916820526
1,1,block_2,2,Provo_ID7,5,1081799,1261614,1,applied_drift,1741872172870,-14.322815090417862,-14.410094916820526
1,1,block_2,2,Provo_ID7,5,1081799,1261614,1,applied_drift,1741872172945,-14.322815090417862,-14.410094916820526
1,1,block_2,2,Provo_ID7,5,1081799,1261614,1,applied_drift,1741872173011,-14.322815090417862,-14.410094916820526
1,1,block_2,2,Provo_ID7,5,1081799,1261614,1,applied_drift,1741872173068,-14.322815090417862,-14.410094916820526
1,1,block_2,2,Provo_ID7,5,1081799,1261614,1,applied_drift,1741872173109,-14.322815090417862,-14.410094916820526
1,1,block_2,2,Provo_ID7,5,1081799,1261614,1,applied_drift,1741872173134,-14.322815090417862,-14.410094916820526
1,1,block_2,2,Provo_ID7,5,1081799,1261614,1,applied_drift,1741872173171,-14.322815090417862,-14.410094916820526
1,1,block_2,2,Provo_ID7,5,1081799,1261614,1,applied_drift,1741872173204,-14.322815090417862,-14.410094916820526
1,1,block_2,2,Provo_ID7,5,1081799,1261614,1,applied_drift,1741872173258,-14.322815090417862,-14.410094916820526
1,1,block_2,2,Provo_ID7,5,1081799,1261614,1,applied_drift,1741872173295,-14.322815090417862,-14.410094916820526
1,1,block_2,2,Provo_ID7,5,1081799,1261614,1,applied_drift,1741872173355,-14.322815090417862,-14.410094916820526
1,1,block_2,2,Provo_ID7,5,1081799,1261614,1,applied_drift,1741872173420,-14.322815090417862,-14.410094916820526
1,1,block_2,2,Provo_ID7,5,1081799,1261614,1,applied_drift,1741872173490,-14.322815090417862,-14.410094916820526
1,1,block_2,2,Provo_ID7,5,1081799,1261614,1,applied_drift,1741872173534,-14.322815090417862,-14.410094916820526
1,1,block_2,2,Provo_ID7,5,1081799,1261614,1,applied_drift,1741872173587,-14.322815090417862,-14.410094916820526
1,1,block_2,2,Provo_ID7,5,1081799,1261614,1,applied_drift,1741872173621,-14.322815090417862,-14.410094916820526
1,1,block_2,2,Provo_ID7,5,1081799,1261614,1,applied_drift,1741872173671,-14.322815090417862,-14.410094916820526
1,1,block_2,2,Provo_ID7,5,1081799,1261614,1,applied_drift,1741872173713,-14.322815090417862,-14.410094916820526
1,1,block_2,2,Provo_ID7,5,1081799,1261614,1,applied_drift,1741872173739,-14.322815090417862,-14.410094916820526
1,1,block_2,2,Provo_ID7,5,1081799,1261614,1,applied_drift,1741872173777,-14.322815090417862,-14.410094916820526
1,1,block_2,2,Provo_ID7,5,1081799,1261614,1,applied_drift,1741872173812,-14.322815090417862,-14.410094916820526
1,1,block_2,2,Provo_ID7,5,1081799,1261614,1,applied_drift,1741872173879,-14.322815090417862,-14.410094916820526
1,1,block_2,2,Provo_ID7,5,1081799,1261614,1,applied_drift,1741872173966,-14.322815090417862,-14.410094916820526
1,1,block_2,2,Provo_ID7,5,1081799,1261614,1,applied_drift,1741872174018,-14.322815090417862,-14.410094916820526
1,1,block_2,2,Provo_ID7,5,1081799,1261614,1,applied_drift,1741872174061,-14.322815090417862,-14.410094916820526
1,1,block_2,2,Provo_ID7,5,1081799,1261614,1,applied_drift,1741872174104,-14.322815090417862,-14.410094916820526
1,1,block_2,2,Provo_ID7,5,1081799,1261614,1,applied_drift,1741872174142,-14.322815090417862,-14.410094916820526
1,1,block_2,2,Provo_ID7,5,1081799,1261614,1,applied_drift,1741872174168,-14.322815090417862,-14.410094916820526
1,1,block_2,2,Provo_ID7,5,1081799,1261614,1,applied_drift,1741872174209,-14.322815090417862,-14.410094916820526
1,1,block_2,2,Provo_ID7,5,1081799,1261614,1,applied_drift,1741872174245,-14.322815090417862,-14.410094916820526
1,1,block_2,2,Provo_ID7,5,1081799,1261614,1,applied_drift,1741872174308,-14.322815090417862,-14.410094916820526
1,1,block_2,2,Provo_ID7,5,1081799,1261614,1,applied_drift,1741872174368,-14.322815090417862,-14.410094916820526
1,1,block_2,2,Provo_ID7,5,1081799,1261614,1,applied_drift,1741872174423,-14.322815090417862,-14.410094916820526
1,1,block_2,2,Provo_ID7,5,1081799,1261614,1,applied_drift,1741872174475,-14.322815090417862,-14.410094916820526
1,1,block_2,2,Provo_ID7,5,1081799,1261614,1,applied_drift,1741872174508,-14.322815090417862,-14.410094916820526
1,1,block_2,2,Provo_ID7,5,1081799,1261614,1,applied_drift,1741872174553,-14.322815090417862,-14.410094916820526
1,1,block_2,2,Provo_ID7,5,1081799,1261614,1,applied_drift,1741872174580,-14.322815090417862,-14.410094916820526
1,1,block_2,2,Provo_ID7,5,1081799,1261614,1,applied_drift,1741872174635,-14.322815090417862,-14.410094916820526
1,1,block_2,2,Provo_ID7,5,1081799,1261614,1,applied_drift,1741872174680,-14.322815090417862,-14.410094916820526
1,1,block_2,2,Provo_ID7,5,1081799,1261614,1,applied_drift,1741872174731,-14.322815090417862,-14.410094916820526
1,1,block_2,2,Provo_ID7,5,1081799,1261614,1,applied_drift,1741872174776,-14.322815090417862,-14.410094916820526
1,1,block_2,2,Provo_ID7,5,1081799,1261614,1,applied_drift,1741872174799,-14.322815090417862,-14.410094916820526
1,1,block_2,2,Provo_ID7,5,1081799,1261614,1,applied_drift,1741872174850,-14.322815090417862,-14.410094916820526
1,1,block_2,2,Provo_ID7,5,1081799,1261614,1,applied_drift,1741872174892,-14.322815090417862,-14.410094916820526
1,1,block_2,2,Provo_ID7,5,1081799,1261614,1,applied_drift,1741872174987,-14.322815090417862,-14.410094916820526
1,1,block_2,2,Provo_ID7,5,1081799,1261614,1,applied_drift,1741872175031,-14.322815090417862,-14.410094916820526
1,1,block_2,2,Provo_ID7,5,1081799,1261614,1,applied_drift,1741872175080,-14.322815090417862,-14.410094916820526
1,1,block_2,2,Provo_ID7,5,1081799,1261614,1,applied_drift,1741872175121,-14.322815090417862,-14.410094916820526
1,1,block_2,2,Provo_ID7,5,1081799,1261614,1,applied_drift,1741872175165,-14.322815090417862,-14.410094916820526
1,1,block_2,2,Provo_ID7,5,1081799,1261614,1,applied_drift,1741872175203,-14.322815090417862,-14.410094916820526
1,1,block_2,2,Provo_ID7,5,1081799,1261614,1,applied_drift,1741872175229,-14.322815090417862,-14.410094916820526
1,1,block_2,2,Provo_ID7,5,1081799,1261614,1,applied_drift,1741872175265,-14.322815090417862,-14.410094916820526
1,1,block_2,2,Provo_ID7,5,1081799,1261614,1,applied_drift,1741872175303,-14.322815090417862,-14.410094916820526
1,1,block_2,2,Provo_ID7,5,1081799,1261614,1,applied_drift,1741872175358,-14.322815090417862,-14.410094916820526
1,1,block_2,2,Provo_ID7,5,1081799,1261614,1,applied_drift,1741872175433,-14.322815090417862,-14.410094916820526
1,1,block_2,2,Provo_ID7,5,1081799,1261614,1,applied_drift,1741872175461,-14.322815090417862,-14.410094916820526
1,1,block_2,2,Provo_ID7,5,1081799,1261614,1,applied_drift,1741872175513,-14.322815090417862,-14.410094916820526
1,1,block_2,2,Provo_ID7,5,1081799,1261614,1,applied_drift,1741872175541,-14.322815090417862,-14.410094916820526
1,1,block_2,2,Provo_ID7,5,1081799,1261614,1,applied_drift,1741872175587,-14.322815090417862,-14.410094916820526
1,1,block_2,2,Provo_ID7,5,1081799,1261614,1,applied_drift,1741872175621,-14.322815090417862,-14.410094916820526
1,1,block_2,2,Provo_ID7,5,1081799,1261614,1,applied_drift,1741872175673,-14.322815090417862,-14.410094916820526
1,1,block_2,2,Provo_ID7,5,1081799,1261614,1,applied_drift,1741872175719,-14.322815090417862,-14.410094916820526
1,1,block_2,2,Provo_ID7,5,1081799,1261614,1,applied_drift,1741872175742,-14.322815090417862,-14.410094916820526
1,1,block_2,2,Provo_ID7,5,1081799,1261614,1,applied_drift,1741872175797,-14.322815090417862,-14.410094916820526
1,1,block_2,2,Provo_ID7,5,1081799,1261614,1,applied_drift,1741872175831,-14.322815090417862,-14.410094916820526
1,1,block_2,2,Provo_ID7,5,1081799,1261614,1,applied_drift,1741872175879,-14.322815090417862,-14.410094916820526
1,1,block_2,2,Provo_ID7,5,1081799,1261614,1,applied_drift,1741872175918,-14.322815090417862,-14.410094916820526
1,1,block_2,2,Provo_ID7,5,1081799,1261614,1,applied_drift,1741872175964,-14.322815090417862,-14.410094916820526
1,1,block_2,2,Provo_ID7,5,1081799,1261614,1,applied_drift,1741872176003,-14.322815090417862,-14.410094916820526
1,1,block_2,2,Provo_ID7,5,1081799,1261614,1,applied_drift,1741872176055,-14.322815090417862,-14.410094916820526
1,1,block_2,2,Provo_ID7,5,1081799,1261614,1,applied_drift,1741872176092,-14.322815090417862,-14.410094916820526
1,1,block_2,2,Provo_ID7,5,1081799,1261614,1,applied_drift,1741872176117,-14.322815090417862,-14.410094916820526
1,1,block_2,2,Provo_ID7,5,1081799,1261614,1,applied_drift,1741872176192,-14.322815090417862,-14.410094916820526
1,1,block_2,2,Provo_ID7,5,1081799,1261614,1,applied_drift,1741872176257,-14.322815090417862,-14.410094916820526
1,1,block_2,2,Provo_ID7,5,1081799,1261614,1,applied_drift,1741872176319,-14.322815090417862,-14.410094916820526
1,1,block_2,2,Provo_ID7,5,1081799,1261614,1,applied_drift,1741872176367,-14.322815090417862,-14.410094916820526
1,1,block_2,2,Provo_ID7,5,1081799,1261614,1,applied_drift,1741872176393,-14.322815090417862,-14.410094916820526
1,1,block_2,2,Provo_ID7,5,1081799,1261614,1,applied_drift,1741872176430,-14.322815090417862,-14.410094916820526
1,1,block_2,2,Provo_ID7,5,1081799,1261614,1,applied_drift,1741872176459,-14.322815090417862,-14.410094916820526
1,1,block_2,2,Provo_ID7,5,1081799,1261614,1,applied_drift,1741872176527,-14.322815090417862,-14.410094916820526
1,1,block_2,2,Provo_ID7,5,1081799,1261614,1,applied_drift,1741872176588,-14.322815090417862,-14.410094916820526
1,1,block_2,2,Provo_ID7,5,1081799,1261614,1,applied_drift,1741872176658,-14.322815090417862,-14.410094916820526
1,1,block_2,2,Provo_ID7,5,1081799,1261614,1,applied_drift,1741872176704,-14.322815090417862,-14.410094916820526
1,1,block_2,2,Provo_ID7,5,1081799,1261614,1,applied_drift,1741872176744,-14.322815090417862,-14.410094916820526
1,1,block_2,2,Provo_ID7,5,1081799,1261614,1,applied_drift,1741872176780,-14.322815090417862,-14.410094916820526
1,1,block_2,2,Provo_ID7,5,1081799,1261614,1,applied_drift,1741872176815,-14.322815090417862,-14.410094916820526
1,1,block_2,2,Provo_ID7,5,1081799,1261614,1,applied_drift,1741872176869,-14.322815090417862,-14.410094916820526
1,1,block_2,2,Provo_ID7,5,1081799,1261614,1,applied_drift,1741872176907,-14.322815090417862,-14.410094916820526
1,1,block_2,2,Provo_ID7,5,1081799,1261614,1,applied_drift,1741872176952,-14.322815090417862,-14.410094916820526
1,1,block_2,2,Provo_ID7,5,1081799,1261614,1,applied_drift,1741872176991,-14.322815090417862,-14.410094916820526
1,1,block_2,2,Provo_ID7,5,1081799,1261614,1,applied_drift,1741872177053,-14.322815090417862,-14.410094916820526
1,1,block_2,2,Provo_ID7,5,1081799,1261614,1,applied_drift,1741872177111,-14.322815090417862,-14.410094916820526
1,1,block_2,2,Provo_ID7,5,1081799,1261614,1,applied_drift,1741872177146,-14.322815090417862,-14.410094916820526
1,1,block_2,2,Provo_ID7,5,1081799,1261614,1,applied_drift,1741872177199,-14.322815090417862,-14.410094916820526
1,1,block_2,2,Provo_ID7,5,1081799,1261614,1,applied_drift,1741872177237,-14.322815090417862,-14.410094916820526
1,1,block_2,2,Provo_ID7,5,1081799,1261614,1,applied_drift,1741872177278,-14.322815090417862,-14.410094916820526
1,1,block_2,2,Provo_ID7,5,1081799,1261614,1,applied_drift,1741872177317,-14.322815090417862,-14.410094916820526
1,1,block_2,2,Provo_ID7,5,1081799,1261614,1,applied_drift,1741872177365,-14.322815090417862,-14.410094916820526
1,1,block_2,2,Provo_ID7,5,1081799,1261614,1,applied_drift,1741872177408,-14.322815090417862,-14.410094916820526
1,1,block_2,2,Provo_ID7,5,1081799,1261614,1,applied_drift,1741872177461,-14.322815090417862,-14.410094916820526
1,1,block_2,2,Provo_ID7,5,1081799,1261614,1,applied_drift,1741872177505,-14.322815090417862,-14.410094916820526
1,1,block_2,2,Provo_ID7,5,1081799,1261614,1,applied_drift,1741872177558,-14.322815090417862,-14.410094916820526
1,1,block_2,2,Provo_ID7,5,1081799,1261614,1,applied_drift,1741872177587,-14.322815090417862,-14.410094916820526
1,1,block_2,2,Provo_ID7,5,1081799,1261614,1,applied_drift,1741872177624,-14.322815090417862,-14.410094916820526
1,1,block_2,2,Provo_ID7,5,1081799,1261614,1,applied_drift,1741872177671,-14.322815090417862,-14.410094916820526
1,1,block_2,2,Provo_ID7,5,1081799,1261614,1,applied_drift,1741872177706,-14.322815090417862,-14.410094916820526
1,1,block_2,2,Provo_ID7,5,1081799,1261614,1,applied_drift,1741872177770,-14.322815090417862,-14.410094916820526
1,1,block_2,2,Provo_ID7,5,1081799,1261614,1,applied_drift,1741872177856,-14.322815090417862,-14.410094916820526
1,1,block_2,2,Provo_ID7,5,1081799,1261614,1,applied_drift,1741872177918,-14.322815090417862,-14.410094916820526
1,1,block_2,2,Provo_ID7,5,1081799,1261614,1,applied_drift,1741872177961,-14.322815090417862,-14.410094916820526
1,1,block_2,2,Provo_ID7,5,1081799,1261614,1,applied_drift,1741872178018,-14.322815090417862,-14.410094916820526
1,1,block_2,2,Provo_ID7,5,1081799,1261614,1,applied_drift,1741872178062,-14.322815090417862,-14.410094916820526
1,1,block_2,2,Provo_ID7,5,1081799,1261614,1,applied_drift,1741872178093,-14.322815090417862,-14.410094916820526
1,1,block_2,2,Provo_ID7,5,1081799,1261614,1,applied_drift,1741872178118,-14.322815090417862,-14.410094916820526
1,1,block_2,2,Provo_ID7,5,1081799,1261614,1,applied_drift,1741872178202,-14.322815090417862,-14.410094916820526
1,1,block_2,2,Provo_ID7,5,1081799,1261614,1,applied_drift,1741872178258,-14.322815090417862,-14.410094916820526
1,1,block_2,2,Provo_ID7,5,1081799,1261614,1,applied_drift,1741872178302,-14.322815090417862,-14.410094916820526
1,1,block_2,2,Provo_ID7,5,1081799,1261614,1,applied_drift,1741872178391,-14.322815090417862,-14.410094916820526
1,1,block_2,2,Provo_ID7,5,1081799,1261614,1,applied_drift,1741872178431,-14.322815090417862,-14.410094916820526
1,1,block_2,2,Provo_ID7,5,1081799,1261614,1,applied_drift,1741872178480,-14.322815090417862,-14.410094916820526
1,1,block_2,2,Provo_ID7,5,1081799,1261614,1,applied_drift,1741872178517,-14.322815090417862,-14.410094916820526
1,1,block_2,2,Provo_ID7,5,1081799,1261614,1,applied_drift,1741872178541,-14.322815090417862,-14.410094916820526
1,1,block_2,2,Provo_ID7,5,1081799,1261614,1,applied_drift,1741872178594,-14.322815090417862,-14.410094916820526
1,1,block_2,2,Provo_ID7,5,1081799,1261614,1,applied_drift,1741872178633,-14.322815090417862,-14.410094916820526
1,1,block_2,2,Provo_ID7,5,1081799,1261614,1,applied_drift,1741872178687,-14.322815090417862,-14.410094916820526
1,1,block_2,2,Provo_ID7,5,1081799,1261614,1,applied_drift,1741872178740,-14.322815090417862,-14.410094916820526
1,1,block_2,2,Provo_ID7,5,1081799,1261614,1,applied_drift,1741872178797,-14.322815090417862,-14.410094916820526
1,1,block_2,2,Provo_ID7,5,1081799,1261614,1,applied_drift,1741872178846,-14.322815090417862,-14.410094916820526
1,1,block_2,2,Provo_ID7,5,1081799,1261614,1,applied_drift,1741872178887,-14.322815090417862,-14.410094916820526
1,1,block_2,2,Provo_ID7,5,1081799,1261614,1,applied_drift,1741872178935,-14.322815090417862,-14.410094916820526
1,1,block_2,2,Provo_ID7,5,1081799,1261614,1,applied_drift,1741872178968,-14.322815090417862,-14.410094916820526
1,1,block_2,2,Provo_ID7,5,1081799,1261614,1,applied_drift,1741872179016,-14.322815090417862,-14.410094916820526
1,1,block_2,2,Provo_ID7,5,1081799,1261614,1,applied_drift,1741872179053,-14.322815090417862,-14.410094916820526
1,1,block_2,2,Provo_ID7,5,1081799,1261614,1,applied_drift,1741872179103,-14.322815090417862,-14.410094916820526
1,1,block_2,2,Provo_ID7,5,1081799,1261614,1,applied_drift,1741872179147,-14.322815090417862,-14.410094916820526
1,1,block_2,2,Provo_ID7,5,1081799,1261614,1,applied_drift,1741872179202,-14.322815090417862,-14.410094916820526
1,1,block_2,2,Provo_ID7,5,1081799,1261614,1,applied_drift,1741872179243,-14.322815090417862,-14.410094916820526
1,1,block_2,2,Provo_ID7,5,1081799,1261614,1,applied_drift,1741872179297,-14.322815090417862,-14.410094916820526
1,1,block_2,2,Provo_ID7,5,1081799,1261614,1,applied_drift,1741872179340,-14.322815090417862,-14.410094916820526
1,1,block_2,2,Provo_ID7,5,1081799,1261614,1,applied_drift,1741872179387,-14.322815090417862,-14.410094916820526
1,1,block_2,2,Provo_ID7,5,1081799,1261614,1,applied_drift,1741872179424,-14.322815090417862,-14.410094916820526
1,1,block_2,2,Provo_ID7,5,1081799,1261614,1,applied_drift,1741872179445,-14.322815090417862,-14.410094916820526
1,1,block_2,2,Provo_ID7,5,1081799,1261614,1,applied_drift,1741872179498,-14.322815090417862,-14.410094916820526
1,1,block_2,2,Provo_ID7,5,1081799,1261614,1,applied_drift,1741872179527,-14.322815090417862,-14.410094916820526
1,1,block_2,2,Provo_ID7,5,1081799,1261614,1,applied_drift,1741872179575,-14.322815090417862,-14.410094916820526
1,1,block_2,2,Provo_ID7,5,1081799,1261614,1,applied_drift,1741872179607,-14.322815090417862,-14.410094916820526
1,1,block_2,2,Provo_ID7,5,1081799,1261614,1,applied_drift,1741872179632,-14.322815090417862,-14.410094916820526
1,1,block_2,2,Provo_ID7,5,1081799,1261614,1,applied_drift,1741872179690,-14.322815090417862,-14.410094916820526
1,1,block_2,2,Provo_ID7,5,1081799,1261614,1,applied_drift,1741872179741,-14.322815090417862,-14.410094916820526
1,1,block_2,2,Provo_ID7,5,1081799,1261614,1,applied_drift,1741872179779,-14.322815090417862,-14.410094916820526
1,1,block_2,2,Provo_ID7,5,1081799,1261614,1,applied_drift,1741872179843,-14.322815090417862,-14.410094916820526
1,1,block_2,2,Provo_ID7,5,1081799,1261614,1,applied_drift,1741872179882,-14.322815090417862,-14.410094916820526
1,1,block_2,2,Provo_ID7,5,1081799,1261614,1,applied_drift,1741872179925,-14.322815090417862,-14.410094916820526
1,1,block_2,2,Provo_ID7,5,1081799,1261614,1,applied_drift,1741872179965,-14.322815090417862,-14.410094916820526
1,1,block_2,2,Provo_ID7,5,1081799,1261614,1,applied_drift,1741872180009,-14.322815090417862,-14.410094916820526
1,1,block_2,2,Provo_ID7,5,1081799,1261614,1,applied_drift,1741872180058,-14.322815090417862,-14.410094916820526
1,1,block_2,2,Provo_ID7,5,1081799,1261614,1,applied_drift,1741872180081,-14.322815090417862,-14.410094916820526
1,1,block_2,2,Provo_ID7,5,1081799,1261614,1,applied_drift,1741872180130,-14.322815090417862,-14.410094916820526
1,1,block_2,2,Provo_ID7,5,1081799,1261614,1,applied_drift,1741872180164,-14.322815090417862,-14.410094916820526
1,1,block_2,2,Provo_ID7,5,1081799,1261614,1,applied_drift,1741872180186,-14.322815090417862,-14.410094916820526
1,1,block_2,2,Provo_ID7,5,1081799,1261614,1,applied_drift,1741872180287,-14.322815090417862,-14.410094916820526
1,1,block_2,2,Provo_ID7,5,1081799,1261614,1,applied_drift,1741872180314,-14.322815090417862,-14.410094916820526
1,1,block_2,2,Provo_ID7,5,1081799,1261614,1,applied_drift,1741872180361,-14.322815090417862,-14.410094916820526
1,1,block_2,2,Provo_ID7,5,1081799,1261614,1,applied_drift,1741872180395,-14.322815090417862,-14.410094916820526
1,1,block_2,2,Provo_ID7,5,1081799,1261614,1,applied_drift,1741872180444,-14.322815090417862,-14.410094916820526
1,1,block_2,2,Provo_ID7,5,1081799,1261614,1,applied_drift,1741872180469,-14.322815090417862,-14.410094916820526
1,1,block_2,2,Provo_ID7,5,1081799,1261614,1,applied_drift,1741872180519,-14.322815090417862,-14.410094916820526
1,1,block_2,2,Provo_ID7,5,1081799,1261614,1,applied_drift,1741872180555,-14.322815090417862,-14.410094916820526
1,1,block_2,2,Provo_ID7,5,1081799,1261614,1,applied_drift,1741872180616,-14.322815090417862,-14.410094916820526
1,1,block_2,2,Provo_ID7,5,1081799,1261614,1,applied_drift,1741872180655,-14.322815090417862,-14.410094916820526
1,1,block_2,2,Provo_ID7,5,1081799,1261614,1,applied_drift,1741872180677,-14.322815090417862,-14.410094916820526
1,1,block_2,2,Provo_ID7,5,1081799,1261614,1,applied_drift,1741872180720,-14.322815090417862,-14.410094916820526
1,1,block_2,2,Provo_ID7,5,1081799,1261614,1,applied_drift,1741872180749,-14.322815090417862,-14.410094916820526
1,1,block_2,2,Provo_ID7,5,1081799,1261614,1,applied_drift,1741872180798,-14.322815090417862,-14.410094916820526
1,1,block_2,2,Provo_ID7,5,1081799,1261614,1,applied_drift,1741872180842,-14.322815090417862,-14.410094916820526
1,1,block_2,2,Provo_ID7,5,1081799,1261614,1,applied_drift,1741872180893,-14.322815090417862,-14.410094916820526
1,1,block_2,2,Provo_ID7,5,1081799,1261614,1,applied_drift,1741872180939,-14.322815090417862,-14.410094916820526
1,1,block_2,2,Provo_ID7,5,1081799,1261614,1,applied_drift,1741872180968,-14.322815090417862,-14.410094916820526
1,1,block_2,2,Provo_ID7,5,1081799,1261614,1,applied_drift,1741872181060,-14.322815090417862,-14.410094916820526
1,1,block_2,2,Provo_ID7,5,1081799,1261614,1,applied_drift,1741872181099,-14.322815090417862,-14.410094916820526
1,1,block_2,2,Provo_ID7,5,1081799,1261614,1,applied_drift,1741872181143,-14.322815090417862,-14.410094916820526
1,1,block_2,2,Provo_ID7,5,1081799,1261614,1,applied_drift,1741872181172,-14.322815090417862,-14.410094916820526
1,1,block_2,2,Provo_ID7,5,1081799,1261614,1,applied_drift,1741872181216,-14.322815090417862,-14.410094916820526
1,1,block_2,2,Provo_ID7,5,1081799,1261614,1,applied_drift,1741872181251,-14.322815090417862,-14.410094916820526
1,1,block_2,2,Provo_ID7,5,1081799,1261614,1,applied_drift,1741872181301,-14.322815090417862,-14.410094916820526
1,1,block_2,2,Provo_ID7,5,1081799,1261614,1,applied_drift,1741872181339,-14.322815090417862,-14.410094916820526
1,1,block_2,2,Provo_ID7,5,1081799,1261614,1,applied_drift,1741872181403,-14.322815090417862,-14.410094916820526
1,1,block_2,2,Provo_ID7,5,1081799,1261614,1,applied_drift,1741872181480,-14.322815090417862,-14.410094916820526
1,1,block_2,2,Provo_ID7,5,1081799,1261614,1,applied_drift,1741872181510,-14.322815090417862,-14.410094916820526
1,1,block_2,2,Provo_ID7,5,1081799,1261614,1,applied_drift,1741872181560,-14.322815090417862,-14.410094916820526
1,1,block_2,2,Provo_ID7,5,1081799,1261614,1,applied_drift,1741872181594,-14.322815090417862,-14.410094916820526
1,1,block_2,2,Provo_ID7,5,1081799,1261614,1,applied_drift,1741872181638,-14.322815090417862,-14.410094916820526
1,1,block_2,2,Provo_ID7,5,1081799,1261614,1,applied_drift,1741872181674,-14.322815090417862,-14.410094916820526
1,1,block_2,2,Provo_ID7,5,1081799,1261614,1,applied_drift,1741872181724,-14.322815090417862,-14.410094916820526
1,1,block_2,2,Provo_ID7,5,1081799,1261614,1,applied_drift,1741872181764,-14.322815090417862,-14.410094916820526
1,1,block_2,2,Provo_ID7,5,1081799,1261614,1,applied_drift,1741872181820,-14.322815090417862,-14.410094916820526
1,1,block_2,2,Provo_ID7,5,1081799,1261614,1,applied_drift,1741872181862,-14.322815090417862,-14.410094916820526
1,1,block_2,2,Provo_ID7,5,1081799,1261614,1,applied_drift,1741872181915,-14.322815090417862,-14.410094916820526
1,1,block_2,2,Provo_ID7,5,1081799,1261614,1,applied_drift,1741872181953,-14.322815090417862,-14.410094916820526
1,1,block_2,2,Provo_ID7,5,1081799,1261614,1,applied_drift,1741872181985,-14.322815090417862,-14.410094916820526
1,1,block_2,2,Provo_ID7,5,1081799,1261614,1,applied_drift,1741872182039,-14.322815090417862,-14.410094916820526
1,1,block_2,2,Provo_ID7,5,1081799,1261614,1,applied_drift,1741872182080,-14.322815090417862,-14.410094916820526
1,1,block_2,2,Provo_ID7,5,1081799,1261614,1,applied_drift,1741872182101,-14.322815090417862,-14.410094916820526
1,1,block_2,2,Provo_ID7,5,1081799,1261614,1,applied_drift,1741872182144,-14.322815090417862,-14.410094916820526
1,1,block_2,2,Provo_ID7,5,1081799,1261614,1,applied_drift,1741872182178,-14.322815090417862,-14.410094916820526
1,1,block_2,2,Provo_ID7,5,1081799,1261614,1,applied_drift,1741872182225,-14.322815090417862,-14.410094916820526
1,1,block_2,2,Provo_ID7,5,1081799,1261614,1,applied_drift,1741872182272,-14.322815090417862,-14.410094916820526
1,1,block_2,2,Provo_ID7,5,1081799,1261614,1,applied_drift,1741872182328,-14.322815090417862,-14.410094916820526
1,1,block_2,2,Provo_ID7,5,1081799,1261614,1,applied_drift,1741872182363,-14.322815090417862,-14.410094916820526
1,1,block_2,2,Provo_ID7,5,1081799,1261614,1,applied_drift,1741872182411,-14.322815090417862,-14.410094916820526
1,1,block_2,2,Provo_ID7,5,1081799,1261614,1,applied_drift,1741872182461,-14.322815090417862,-14.410094916820526
1,1,block_2,2,Provo_ID7,5,1081799,1261614,1,applied_drift,1741872182565,-14.322815090417862,-14.410094916820526
1,1,block_2,2,Provo_ID7,5,1081799,1261614,1,applied_drift,1741872182599,-14.322815090417862,-14.410094916820526
1,1,block_2,2,Provo_ID7,5,1081799,1261614,1,applied_drift,1741872182655,-14.322815090417862,-14.410094916820526
1,1,block_2,2,Provo_ID7,5,1081799,1261614,1,applied_drift,1741872182683,-14.322815090417862,-14.410094916820526
1,1,block_2,2,Provo_ID7,5,1081799,1261614,1,applied_drift,1741872182739,-14.322815090417862,-14.410094916820526
1,1,block_2,2,Provo_ID7,5,1081799,1261614,1,applied_drift,1741872182812,-14.322815090417862,-14.410094916820526
1,1,block_2,2,Provo_ID7,5,1081799,1261614,1,applied_drift,1741872182839,-14.322815090417862,-14.410094916820526
1,1,block_2,2,Provo_ID7,5,1081799,1261614,1,applied_drift,1741872182898,-14.322815090417862,-14.410094916820526
1,1,block_2,2,Provo_ID7,5,1081799,1261614,1,applied_drift,1741872182957,-14.322815090417862,-14.410094916820526
1,1,block_2,2,Provo_ID7,5,1081799,1261614,1,applied_drift,1741872183028,-14.322815090417862,-14.410094916820526
1,1,block_2,2,Provo_ID7,5,1081799,1261614,1,applied_drift,1741872183079,-14.322815090417862,-14.410094916820526
1,1,block_2,2,Provo_ID7,5,1081799,1261614,1,applied_drift,1741872183123,-14.322815090417862,-14.410094916820526
1,1,block_2,2,Provo_ID7,5,1081799,1261614,1,applied_drift,1741872183161,-14.322815090417862,-14.410094916820526
1,1,block_2,2,Provo_ID7,5,1081799,1261614,1,applied_drift,1741872183213,-14.322815090417862,-14.410094916820526
1,1,block_2,2,Provo_ID7,5,1081799,1261614,1,applied_drift,1741872183241,-14.322815090417862,-14.410094916820526
1,1,block_2,2,Provo_ID7,5,1081799,1261614,1,applied_drift,1741872183294,-14.322815090417862,-14.410094916820526
1,1,block_2,2,Provo_ID7,5,1081799,1261614,1,applied_drift,1741872183338,-14.322815090417862,-14.410094916820526
1,1,block_2,2,Provo_ID7,5,1081799,1261614,1,applied_drift,1741872183364,-14.322815090417862,-14.410094916820526
1,1,block_2,2,Provo_ID7,5,1081799,1261614,1,applied_drift,1741872183418,-14.322815090417862,-14.410094916820526
1,1,block_2,2,Provo_ID7,5,1081799,1261614,1,applied_drift,1741872183499,-14.322815090417862,-14.410094916820526
1,1,block_2,2,Provo_ID7,5,1081799,1261614,1,applied_drift,1741872183565,-14.322815090417862,-14.410094916820526
1,1,block_2,2,Provo_ID7,5,1081799,1261614,1,applied_drift,1741872183612,-14.322815090417862,-14.410094916820526
1,1,block_2,2,Provo_ID7,5,1081799,1261614,1,applied_drift,1741872183659,-14.322815090417862,-14.410094916820526
1,1,block_2,2,Provo_ID7,5,1081799,1261614,1,applied_drift,1741872183699,-14.322815090417862,-14.410094916820526
1,1,block_2,2,Provo_ID7,5,1081799,1261614,1,applied_drift,1741872183725,-14.322815090417862,-14.410094916820526
1,1,block_2,2,Provo_ID7,5,1081799,1261614,1,applied_drift,1741872183766,-14.322815090417862,-14.410094916820526
1,1,block_2,2,Provo_ID7,5,1081799,1261614,1,applied_drift,1741872183801,-14.322815090417862,-14.410094916820526
1,1,block_2,2,Provo_ID7,5,1081799,1261614,1,applied_drift,1741872183860,-14.322815090417862,-14.410094916820526
1,1,block_2,2,Provo_ID7,5,1081799,1261614,1,applied_drift,1741872183920,-14.322815090417862,-14.410094916820526
1,1,block_2,2,Provo_ID7,5,1081799,1261614,1,applied_drift,1741872183956,-14.322815090417862,-14.410094916820526
1,1,block_2,2,Provo_ID7,5,1081799,1261614,1,applied_drift,1741872184011,-14.322815090417862,-14.410094916820526
1,1,block_2,2,Provo_ID7,5,1081799,1261614,1,applied_drift,1741872184045,-14.322815090417862,-14.410094916820526
1,1,block_2,2,Provo_ID7,5,1081799,1261614,1,applied_drift,1741872184089,-14.322815090417862,-14.410094916820526
1,1,block_2,2,Provo_ID7,5,1081799,1261614,1,applied_drift,1741872184129,-14.322815090417862,-14.410094916820526
1,1,block_2,2,Provo_ID7,5,1081799,1261614,1,applied_drift,1741872184178,-14.322815090417862,-14.410094916820526
1,1,block_2,2,Provo_ID7,5,1081799,1261614,1,applied_drift,1741872184218,-14.322815090417862,-14.410094916820526
1,1,block_2,2,Provo_ID7,5,1081799,1261614,1,applied_drift,1741872184239,-14.322815090417862,-14.410094916820526
1,1,block_2,2,Provo_ID7,5,1081799,1261614,1,applied_drift,1741872184286,-14.322815090417862,-14.410094916820526
1,1,block_2,2,Provo_ID7,5,1081799,1261614,1,applied_drift,1741872184315,-14.322815090417862,-14.410094916820526
1,1,block_2,2,Provo_ID7,5,1081799,1261614,1,applied_drift,1741872184362,-14.322815090417862,-14.410094916820526
1,1,block_2,2,Provo_ID7,5,1081799,1261614,1,applied_drift,1741872184395,-14.322815090417862,-14.410094916820526
1,1,block_2,2,Provo_ID7,5,1081799,1261614,1,applied_drift,1741872184429,-14.322815090417862,-14.410094916820526
1,1,block_2,2,Provo_ID7,5,1081799,1261614,1,applied_drift,1741872184493,-14.322815090417862,-14.410094916820526
1,1,block_2,2,Provo_ID7,5,1081799,1261614,1,applied_drift,1741872184558,-14.322815090417862,-14.410094916820526
1,1,block_2,2,Provo_ID7,5,1081799,1261614,1,applied_drift,1741872184592,-14.322815090417862,-14.410094916820526
1,1,block_2,2,Provo_ID7,5,1081799,1261614,1,applied_drift,1741872184648,-14.322815090417862,-14.410094916820526
1,1,block_2,2,Provo_ID7,5,1081799,1261614,1,applied_drift,1741872184685,-14.322815090417862,-14.410094916820526
1,1,block_2,2,Provo_ID7,5,1081799,1261614,1,applied_drift,1741872184738,-14.322815090417862,-14.410094916820526
1,1,block_2,2,Provo_ID7,5,1081799,1261614,1,applied_drift,1741872184772,-14.322815090417862,-14.410094916820526
1,1,block_2,2,Provo_ID7,5,1081799,1261614,1,applied_drift,1741872184836,-14.322815090417862,-14.410094916820526
1,1,block_2,2,Provo_ID7,5,1081799,1261614,1,applied_drift,1741872184894,-14.322815090417862,-14.410094916820526
1,1,block_2,2,Provo_ID7,5,1081799,1261614,1,applied_drift,1741872184932,-14.322815090417862,-14.410094916820526
1,1,block_2,2,Provo_ID7,5,1081799,1261614,1,applied_drift,1741872184998,-14.322815090417862,-14.410094916820526
1,1,block_2,2,Provo_ID7,5,1081799,1261614,1,applied_drift,1741872185037,-14.322815090417862,-14.410094916820526
1,1,block_2,2,Provo_ID7,5,1081799,1261614,1,applied_drift,1741872185082,-14.322815090417862,-14.410094916820526
1,1,block_2,2,Provo_ID7,5,1081799,1261614,1,applied_drift,1741872185124,-14.322815090417862,-14.410094916820526
1,1,block_2,2,Provo_ID7,5,1081799,1261614,1,applied_drift,1741872185169,-14.322815090417862,-14.410094916820526
1,1,block_2,2,Provo_ID7,5,1081799,1261614,1,applied_drift,1741872185214,-14.322815090417862,-14.410094916820526
1,1,block_2,2,Provo_ID7,5,1081799,1261614,1,applied_drift,1741872185256,-14.322815090417862,-14.410094916820526
1,1,block_2,2,Provo_ID7,5,1081799,1261614,1,applied_drift,1741872185300,-14.322815090417862,-14.410094916820526
1,1,block_2,2,Provo_ID7,5,1081799,1261614,1,applied_drift,1741872185321,-14.322815090417862,-14.410094916820526
1,1,block_2,2,Provo_ID7,5,1081799,1261614,1,applied_drift,1741872185381,-14.322815090417862,-14.410094916820526
1,1,block_2,2,Provo_ID7,5,1081799,1261614,1,applied_drift,1741872185421,-14.322815090417862,-14.410094916820526
1,1,block_2,2,Provo_ID7,5,1081799,1261614,1,applied_drift,1741872185471,-14.322815090417862,-14.410094916820526
1,1,block_2,2,Provo_ID7,5,1081799,1261614,1,applied_drift,1741872185508,-14.322815090417862,-14.410094916820526
1,1,block_2,2,Provo_ID7,5,1081799,1261614,1,applied_drift,1741872185535,-14.322815090417862,-14.410094916820526
1,1,block_2,2,Provo_ID7,5,1081799,1261614,1,applied_drift,1741872185618,-14.322815090417862,-14.410094916820526
1,1,block_2,2,Provo_ID7,5,1081799,1261614,1,applied_drift,1741872185658,-14.322815090417862,-14.410094916820526
1,1,block_2,2,Provo_ID7,5,1081799,1261614,1,applied_drift,1741872185706,-14.322815090417862,-14.410094916820526
1,1,block_2,2,Provo_ID7,5,1081799,1261614,1,applied_drift,1741872185746,-14.322815090417862,-14.410094916820526
1,1,block_2,2,Provo_ID7,5,1081799,1261614,1,applied_drift,1741872185793,-14.322815090417862,-14.410094916820526
1,1,block_2,2,Provo_ID7,5,1081799,1261614,1,applied_drift,1741872185832,-14.322815090417862,-14.410094916820526
1,1,block_2,2,Provo_ID7,5,1081799,1261614,1,applied_drift,1741872185853,-14.322815090417862,-14.410094916820526
1,1,block_2,2,Provo_ID7,5,1081799,1261614,1,applied_drift,1741872185912,-14.322815090417862,-14.410094916820526
1,1,block_2,2,Provo_ID7,5,1081799,1261614,1,applied_drift,1741872185990,-14.322815090417862,-14.410094916820526
1,1,block_2,2,Provo_ID7,5,1081799,1261614,1,applied_drift,1741872186053,-14.322815090417862,-14.410094916820526
1,1,block_2,2,Provo_ID7,5,1081799,1261614,1,applied_drift,1741872186090,-14.322815090417862,-14.410094916820526
1,1,block_2,2,Provo_ID7,5,1081799,1261614,1,applied_drift,1741872186133,-14.322815090417862,-14.410094916820526
1,1,block_2,2,Provo_ID7,5,1081799,1261614,1,applied_drift,1741872186168,-14.322815090417862,-14.410094916820526
1,1,block_2,2,Provo_ID7,5,1081799,1261614,1,applied_drift,1741872186232,-14.322815090417862,-14.410094916820526
1,1,block_2,2,Provo_ID7,5,1081799,1261614,1,applied_drift,1741872186269,-14.322815090417862,-14.410094916820526
1,1,block_2,2,Provo_ID7,5,1081799,1261614,1,applied_drift,1741872186321,-14.322815090417862,-14.410094916820526
1,1,block_2,2,Provo_ID7,5,1081799,1261614,1,applied_drift,1741872186350,-14.322815090417862,-14.410094916820526
1,1,block_2,2,Provo_ID7,5,1081799,1261614,1,applied_drift,1741872186405,-14.322815090417862,-14.410094916820526
1,1,block_2,2,Provo_ID7,5,1081799,1261614,1,applied_drift,1741872186439,-14.322815090417862,-14.410094916820526
1,1,block_2,2,Provo_ID7,5,1081799,1261614,1,applied_drift,1741872186502,-14.322815090417862,-14.410094916820526
1,1,block_2,2,Provo_ID7,5,1081799,1261614,1,applied_drift,1741872186580,-14.322815090417862,-14.410094916820526
1,1,block_2,2,Provo_ID7,5,1081799,1261614,1,applied_drift,1741872186639,-14.322815090417862,-14.410094916820526
1,1,block_2,2,Provo_ID7,5,1081799,1261614,1,applied_drift,1741872186673,-14.322815090417862,-14.410094916820526
1,1,block_2,2,Provo_ID7,5,1081799,1261614,1,applied_drift,1741872186717,-14.322815090417862,-14.410094916820526
1,1,block_2,2,Provo_ID7,5,1081799,1261614,1,applied_drift,1741872186763,-14.322815090417862,-14.410094916820526
1,1,block_2,2,Provo_ID7,5,1081799,1261614,1,applied_drift,1741872186811,-14.322815090417862,-14.410094916820526
1,1,block_2,2,Provo_ID7,5,1081799,1261614,1,applied_drift,1741872186855,-14.322815090417862,-14.410094916820526
1,1,block_2,2,Provo_ID7,5,1081799,1261614,1,applied_drift,1741872186883,-14.322815090417862,-14.410094916820526
1,1,block_2,2,Provo_ID7,5,1081799,1261614,1,applied_drift,1741872186960,-14.322815090417862,-14.410094916820526
1,1,block_2,2,Provo_ID7,5,1081799,1261614,1,applied_drift,1741872187016,-14.322815090417862,-14.410094916820526
1,1,block_2,2,Provo_ID7,5,1081799,1261614,1,applied_drift,1741872187080,-14.322815090417862,-14.410094916820526
1,1,block_2,2,Provo_ID7,5,1081799,1261614,1,applied_drift,1741872187116,-14.322815090417862,-14.410094916820526
1,1,block_2,2,Provo_ID7,5,1081799,1261614,1,applied_drift,1741872187164,-14.322815090417862,-14.410094916820526
1,1,block_2,2,Provo_ID7,5,1081799,1261614,1,applied_drift,1741872187195,-14.322815090417862,-14.410094916820526
1,1,block_2,2,Provo_ID7,5,1081799,1261614,1,applied_drift,1741872187260,-14.322815090417862,-14.410094916820526
1,1,block_2,2,Provo_ID7,5,1081799,1261614,1,applied_drift,1741872187332,-14.322815090417862,-14.410094916820526
1,1,block_2,2,Provo_ID7,5,1081799,1261614,1,applied_drift,1741872187401,-14.322815090417862,-14.410094916820526
1,1,block_2,2,Provo_ID7,5,1081799,1261614,1,applied_drift,1741872187441,-14.322815090417862,-14.410094916820526
1,1,block_2,2,Provo_ID7,5,1081799,1261614,1,applied_drift,1741872187462,-14.322815090417862,-14.410094916820526
1,1,block_2,2,Provo_ID7,5,1081799,1261614,1,applied_drift,1741872187505,-14.322815090417862,-14.410094916820526
1,1,block_2,2,Provo_ID7,5,1081799,1261614,1,applied_drift,1741872187546,-14.322815090417862,-14.410094916820526
1,1,block_2,2,Provo_ID7,5,1081799,1261614,1,applied_drift,1741872187604,-14.322815090417862,-14.410094916820526
1,1,block_2,2,Provo_ID7,5,1081799,1261614,1,applied_drift,1741872187661,-14.322815090417862,-14.410094916820526
1,1,block_2,2,Provo_ID7,5,1081799,1261614,1,applied_drift,1741872187685,-14.322815090417862,-14.410094916820526
1,1,block_2,2,Provo_ID7,5,1081799,1261614,1,applied_drift,1741872187751,-14.322815090417862,-14.410094916820526
1,1,block_2,2,Provo_ID7,5,1081799,1261614,1,applied_drift,1741872187796,-14.322815090417862,-14.410094916820526
1,1,block_2,2,Provo_ID7,5,1081799,1261614,1,applied_drift,1741872187846,-14.322815090417862,-14.410094916820526
1,1,block_2,2,Provo_ID7,5,1081799,1261614,1,applied_drift,1741872187890,-14.322815090417862,-14.410094916820526
1,1,block_2,2,Provo_ID7,5,1081799,1261614,1,applied_drift,1741872187941,-14.322815090417862,-14.410094916820526
1,1,block_2,2,Provo_ID7,5,1081799,1261614,1,applied_drift,1741872187987,-14.322815090417862,-14.410094916820526
1,1,block_2,2,Provo_ID7,5,1081799,1261614,1,applied_drift,1741872188008,-14.322815090417862,-14.410094916820526
1,1,block_2,2,Provo_ID7,5,1081799,1261614,1,applied_drift,1741872188062,-14.322815090417862,-14.410094916820526
1,1,block_2,2,Provo_ID7,5,1081799,1261614,1,applied_drift,1741872188110,-14.322815090417862,-14.410094916820526
1,1,block_2,2,Provo_ID7,5,1081799,1261614,1,applied_drift,1741872188193,-14.322815090417862,-14.410094916820526
1,1,block_2,2,Provo_ID7,5,1081799,1261614,1,applied_drift,1741872188231,-14.322815090417862,-14.410094916820526
1,1,block_2,2,Provo_ID7,5,1081799,1261614,1,applied_drift,1741872188278,-14.322815090417862,-14.410094916820526
1,1,block_2,2,Provo_ID7,5,1081799,1261614,1,applied_drift,1741872188318,-14.322815090417862,-14.410094916820526
1,1,block_2,2,Provo_ID7,5,1081799,1261614,1,applied_drift,1741872188339,-14.322815090417862,-14.410094916820526
1,1,block_2,2,Provo_ID7,5,1081799,1261614,1,applied_drift,1741872188392,-14.322815090417862,-14.410094916820526
1,1,block_2,2,Provo_ID7,5,1081799,1261614,1,applied_drift,1741872188428,-14.322815090417862,-14.410094916820526
1,1,block_2,2,Provo_ID7,5,1081799,1261614,1,applied_drift,1741872188487,-14.322815090417862,-14.410094916820526
1,1,block_2,2,Provo_ID7,5,1081799,1261614,1,applied_drift,1741872188559,-14.322815090417862,-14.410094916820526
1,1,block_2,2,Provo_ID7,5,1081799,1261614,1,applied_drift,1741872188596,-14.322815090417862,-14.410094916820526
1,1,block_2,2,Provo_ID7,5,1081799,1261614,1,applied_drift,1741872188669,-14.322815090417862,-14.410094916820526
1,1,block_2,2,Provo_ID7,5,1081799,1261614,1,applied_drift,1741872188705,-14.322815090417862,-14.410094916820526
1,1,block_2,2,Provo_ID7,5,1081799,1261614,1,applied_drift,1741872188755,-14.322815090417862,-14.410094916820526
1,1,block_2,2,Provo_ID7,5,1081799,1261614,1,applied_drift,1741872188799,-14.322815090417862,-14.410094916820526
1,1,block_2,2,Provo_ID7,5,1081799,1261614,1,applied_drift,1741872188850,-14.322815090417862,-14.410094916820526
1,1,block_2,2,Provo_ID7,5,1081799,1261614,1,applied_drift,1741872188896,-14.322815090417862,-14.410094916820526
1,1,block_2,2,Provo_ID7,5,1081799,1261614,1,applied_drift,1741872188933,-14.322815090417862,-14.410094916820526
1,1,block_2,2,Provo_ID7,5,1081799,1261614,1,applied_drift,1741872188987,-14.322815090417862,-14.410094916820526
1,1,block_2,2,Provo_ID7,5,1081799,1261614,1,applied_drift,1741872189031,-14.322815090417862,-14.410094916820526
1,1,block_2,2,Provo_ID7,5,1081799,1261614,1,applied_drift,1741872189081,-14.322815090417862,-14.410094916820526
1,1,block_2,2,Provo_ID7,5,1081799,1261614,1,applied_drift,1741872189121,-14.322815090417862,-14.410094916820526
1,1,block_2,2,Provo_ID7,5,1081799,1261614,1,applied_drift,1741872189148,-14.322815090417862,-14.410094916820526
1,1,block_2,2,Provo_ID7,5,1081799,1261614,1,applied_drift,1741872189189,-14.322815090417862,-14.410094916820526
1,1,block_2,2,Provo_ID7,5,1081799,1261614,1,applied_drift,1741872189217,-14.322815090417862,-14.410094916820526
1,1,block_2,2,Provo_ID7,5,1081799,1261614,1,applied_drift,1741872189266,-14.322815090417862,-14.410094916820526
1,1,block_2,2,Provo_ID7,5,1081799,1261614,1,applied_drift,1741872189300,-14.322815090417862,-14.410094916820526
1,1,block_2,2,Provo_ID7,5,1081799,1261614,1,applied_drift,1741872189353,-14.322815090417862,-14.410094916820526
1,1,block_2,2,Provo_ID7,5,1081799,1261614,1,applied_drift,1741872189397,-14.322815090417862,-14.410094916820526
1,1,block_2,2,Provo_ID7,5,1081799,1261614,1,applied_drift,1741872189420,-14.322815090417862,-14.410094916820526
1,1,block_2,2,Provo_ID7,5,1081799,1261614,1,applied_drift,1741872189471,-14.322815090417862,-14.410094916820526
1,1,block_2,2,Provo_ID7,5,1081799,1261614,1,applied_drift,1741872189520,-14.322815090417862,-14.410094916820526
1,1,block_2,2,Provo_ID7,5,1081799,1261614,1,applied_drift,1741872189607,-14.322815090417862,-14.410094916820526
1,1,block_2,2,Provo_ID7,5,1081799,1261614,1,applied_drift,1741872189651,-14.322815090417862,-14.410094916820526
1,1,block_2,2,Provo_ID7,5,1081799,1261614,1,applied_drift,1741872189698,-14.322815090417862,-14.410094916820526
1,1,block_2,2,Provo_ID7,5,1081799,1261614,1,applied_drift,1741872189752,-14.322815090417862,-14.410094916820526
1,1,block_2,2,Provo_ID7,5,1081799,1261614,1,applied_drift,1741872189780,-14.322815090417862,-14.410094916820526
1,1,block_2,2,Provo_ID7,5,1081799,1261614,1,applied_drift,1741872189837,-14.322815090417862,-14.410094916820526
1,1,block_2,2,Provo_ID7,5,1081799,1261614,1,applied_drift,1741872189873,-14.322815090417862,-14.410094916820526
1,1,block_2,2,Provo_ID7,5,1081799,1261614,1,applied_drift,1741872189927,-14.322815090417862,-14.410094916820526
1,1,block_2,2,Provo_ID7,5,1081799,1261614,1,applied_drift,1741872189975,-14.322815090417862,-14.410094916820526
1,1,block_2,2,Provo_ID7,5,1081799,1261614,1,applied_drift,1741872190003,-14.322815090417862,-14.410094916820526
1,1,block_2,2,Provo_ID7,5,1081799,1261614,1,applied_drift,1741872190125,-14.322815090417862,-14.410094916820526
1,1,block_2,2,Provo_ID7,5,1081799,1261614,1,applied_drift,1741872190176,-14.322815090417862,-14.410094916820526
1,1,block_2,2,Provo_ID7,5,1081799,1261614,1,applied_drift,1741872190214,-14.322815090417862,-14.410094916820526
1,1,block_2,2,Provo_ID7,5,1081799,1261614,1,applied_drift,1741872190235,-14.322815090417862,-14.410094916820526
1,1,block_2,2,Provo_ID7,5,1081799,1261614,1,applied_drift,1741872190280,-14.322815090417862,-14.410094916820526
1,1,block_2,2,Provo_ID7,5,1081799,1261614,1,applied_drift,1741872190321,-14.322815090417862,-14.410094916820526
1,1,block_2,2,Provo_ID7,5,1081799,1261614,1,applied_drift,1741872190383,-14.322815090417862,-14.410094916820526
1,1,block_2,2,Provo_ID7,5,1081799,1261614,1,applied_drift,1741872190435,-14.322815090417862,-14.410094916820526
1,1,block_2,2,Provo_ID7,5,1081799,1261614,1,applied_drift,1741872190456,-14.322815090417862,-14.410094916820526
1,1,block_2,2,Provo_ID7,5,1081799,1261614,1,applied_drift,1741872190504,-14.322815090417862,-14.410094916820526
1,1,block_2,2,Provo_ID7,5,1081799,1261614,1,applied_drift,1741872190540,-14.322815090417862,-14.410094916820526
1,1,block_2,2,Provo_ID7,5,1081799,1261614,1,applied_drift,1741872190561,-14.322815090417862,-14.410094916820526
1,1,block_2,2,Provo_ID7,5,1081799,1261614,1,applied_drift,1741872190621,-14.322815090417862,-14.410094916820526
1,1,block_2,2,Provo_ID7,5,1081799,1261614,1,applied_drift,1741872190663,-14.322815090417862,-14.410094916820526
1,1,block_2,2,Provo_ID7,5,1081799,1261614,1,applied_drift,1741872190717,-14.322815090417862,-14.410094916820526
1,1,block_2,2,Provo_ID7,5,1081799,1261614,1,applied_drift,1741872190763,-14.322815090417862,-14.410094916820526
1,1,block_2,2,Provo_ID7,5,1081799,1261614,1,applied_drift,1741872190786,-14.322815090417862,-14.410094916820526
1,1,block_2,2,Provo_ID7,5,1081799,1261614,1,applied_drift,1741872190830,-14.322815090417862,-14.410094916820526
1,1,block_2,2,Provo_ID7,5,1081799,1261614,1,applied_drift,1741872190865,-14.322815090417862,-14.410094916820526
1,1,block_2,2,Provo_ID7,5,1081799,1261614,1,applied_drift,1741872190921,-14.322815090417862,-14.410094916820526
1,1,block_2,2,Provo_ID7,5,1081799,1261614,1,applied_drift,1741872190966,-14.322815090417862,-14.410094916820526
1,1,block_2,2,Provo_ID7,5,1081799,1261614,1,applied_drift,1741872191044,-14.322815090417862,-14.410094916820526
1,1,block_2,2,Provo_ID7,5,1081799,1261614,1,applied_drift,1741872191097,-14.322815090417862,-14.410094916820526
1,1,block_2,2,Provo_ID7,5,1081799,1261614,1,applied_drift,1741872191152,-14.322815090417862,-14.410094916820526
1,1,block_2,2,Provo_ID7,5,1081799,1261614,1,applied_drift,1741872191197,-14.322815090417862,-14.410094916820526
1,1,block_2,2,Provo_ID7,5,1081799,1261614,1,applied_drift,1741872191249,-14.322815090417862,-14.410094916820526
1,1,block_2,2,Provo_ID7,5,1081799,1261614,1,applied_drift,1741872191299,-14.322815090417862,-14.410094916820526
1,1,block_2,2,Provo_ID7,5,1081799,1261614,1,applied_drift,1741872191323,-14.322815090417862,-14.410094916820526
1,1,block_2,2,Provo_ID7,5,1081799,1261614,1,applied_drift,1741872191395,-14.322815090417862,-14.410094916820526
1,1,block_2,2,Provo_ID7,5,1081799,1261614,1,applied_drift,1741872191435,-14.322815090417862,-14.410094916820526
1,1,block_2,2,Provo_ID7,5,1081799,1261614,1,applied_drift,1741872191489,-14.322815090417862,-14.410094916820526
1,1,block_2,2,Provo_ID7,5,1081799,1261614,1,applied_drift,1741872191534,-14.322815090417862,-14.410094916820526
1,1,block_2,2,Provo_ID7,5,1081799,1261614,1,applied_drift,1741872191572,-14.322815090417862,-14.410094916820526
1,1,block_2,2,Provo_ID7,5,1081799,1261614,1,applied_drift,1741872191674,-14.322815090417862,-14.410094916820526
1,1,block_2,2,Provo_ID7,5,1081799,1261614,1,applied_drift,1741872191715,-14.322815090417862,-14.410094916820526
1,1,block_2,2,Provo_ID7,5,1081799,1261614,1,applied_drift,1741872191760,-14.322815090417862,-14.410094916820526
1,1,block_2,2,Provo_ID7,5,1081799,1261614,1,applied_drift,1741872191796,-14.322815090417862,-14.410094916820526
1,1,block_2,2,Provo_ID7,5,1081799,1261614,1,applied_drift,1741872191817,-14.322815090417862,-14.410094916820526
1,1,block_2,2,Provo_ID7,5,1081799,1261614,1,applied_drift,1741872191860,-14.322815090417862,-14.410094916820526
1,1,block_2,2,Provo_ID7,5,1081799,1261614,1,applied_drift,1741872191894,-14.322815090417862,-14.410094916820526
1,1,block_2,2,Provo_ID7,5,1081799,1261614,1,applied_drift,1741872191946,-14.322815090417862,-14.410094916820526
1,1,block_2,2,Provo_ID7,5,1081799,1261614,1,applied_drift,1741872191986,-14.322815090417862,-14.410094916820526
1,1,block_2,2,Provo_ID7,5,1081799,1261614,1,applied_drift,1741872192010,-14.322815090417862,-14.410094916820526
1,1,block_2,2,Provo_ID7,5,1081799,1261614,1,applied_drift,1741872192052,-14.322815090417862,-14.410094916820526
1,1,block_2,2,Provo_ID7,5,1081799,1261614,1,applied_drift,1741872192085,-14.322815090417862,-14.410094916820526
1,1,block_2,2,Provo_ID7,5,1081799,1261614,1,applied_drift,1741872192150,-14.322815090417862,-14.410094916820526
1,1,block_2,2,Provo_ID7,5,1081799,1261614,1,applied_drift,1741872192225,-14.322815090417862,-14.410094916820526
1,1,block_2,2,Provo_ID7,5,1081799,1261614,1,applied_drift,1741872192255,-14.322815090417862,-14.410094916820526
1,1,block_2,2,Provo_ID7,5,1081799,1261614,1,applied_drift,1741872192305,-14.322815090417862,-14.410094916820526
1,1,block_2,2,Provo_ID7,5,1081799,1261614,1,applied_drift,1741872192340,-14.322815090417862,-14.410094916820526
1,1,block_2,2,Provo_ID7,5,1081799,1261614,1,applied_drift,1741872192395,-14.322815090417862,-14.410094916820526
1,1,block_2,2,Provo_ID7,5,1081799,1261614,1,applied_drift,1741872192435,-14.322815090417862,-14.410094916820526
1,1,block_2,2,Provo_ID7,5,1081799,1261614,1,applied_drift,1741872192486,-14.322815090417862,-14.410094916820526
1,1,block_2,2,Provo_ID7,5,1081799,1261614,1,applied_drift,1741872192526,-14.322815090417862,-14.410094916820526
1,1,block_2,2,Provo_ID7,5,1081799,1261614,1,applied_drift,1741872192573,-14.322815090417862,-14.410094916820526
1,1,block_2,2,Provo_ID7,5,1081799,1261614,1,applied_drift,1741872192620,-14.322815090417862,-14.410094916820526
1,1,block_2,2,Provo_ID7,5,1081799,1261614,1,applied_drift,1741872192643,-14.322815090417862,-14.410094916820526
1,1,block_2,2,Provo_ID7,5,1081799,1261614,1,applied_drift,1741872192688,-14.322815090417862,-14.410094916820526
1,1,block_2,2,Provo_ID7,5,1081799,1261614,1,applied_drift,1741872192725,-14.322815090417862,-14.410094916820526
1,1,block_2,2,Provo_ID7,5,1081799,1261614,1,applied_drift,1741872192787,-14.322815090417862,-14.410094916820526
1,1,block_2,2,Provo_ID7,5,1081799,1261614,1,applied_drift,1741872192860,-14.322815090417862,-14.410094916820526
1,1,block_2,2,Provo_ID7,5,1081799,1261614,1,applied_drift,1741872192889,-14.322815090417862,-14.410094916820526
1,1,block_2,2,Provo_ID7,5,1081799,1261614,1,applied_drift,1741872192937,-14.322815090417862,-14.410094916820526
1,1,block_2,2,Provo_ID7,5,1081799,1261614,1,applied_drift,1741872192975,-14.322815090417862,-14.410094916820526
1,1,block_2,2,Provo_ID7,5,1081799,1261614,1,applied_drift,1741872193022,-14.322815090417862,-14.410094916820526
1,1,block_2,2,Provo_ID7,5,1081799,1261614,1,applied_drift,1741872193056,-14.322815090417862,-14.410094916820526
1,1,block_2,2,Provo_ID7,5,1081799,1261614,1,applied_drift,1741872193105,-14.322815090417862,-14.410094916820526
1,1,block_2,2,Provo_ID7,5,1081799,1261614,1,applied_drift,1741872193198,-14.322815090417862,-14.410094916820526
1,1,block_2,2,Provo_ID7,5,1081799,1261614,1,applied_drift,1741872193259,-14.322815090417862,-14.410094916820526
1,1,block_2,2,Provo_ID7,5,1081799,1261614,1,applied_drift,1741872193295,-14.322815090417862,-14.410094916820526
1,1,block_2,2,Provo_ID7,5,1081799,1261614,1,applied_drift,1741872193337,-14.322815090417862,-14.410094916820526
1,1,block_2,2,Provo_ID7,5,1081799,1261614,1,applied_drift,1741872193371,-14.322815090417862,-14.410094916820526
1,1,block_2,2,Provo_ID7,5,1081799,1261614,1,applied_drift,1741872193422,-14.322815090417862,-14.410094916820526
1,1,block_2,2,Provo_ID7,5,1081799,1261614,1,applied_drift,1741872193461,-14.322815090417862,-14.410094916820526
1,1,block_2,2,Provo_ID7,5,1081799,1261614,1,applied_drift,1741872193510,-14.322815090417862,-14.410094916820526
1,1,block_2,2,Provo_ID7,5,1081799,1261614,1,applied_drift,1741872193554,-14.322815090417862,-14.410094916820526
1,1,block_2,2,Provo_ID7,5,1081799,1261614,1,applied_drift,1741872193600,-14.322815090417862,-14.410094916820526
1,1,block_2,2,Provo_ID7,5,1081799,1261614,1,applied_drift,1741872193639,-14.322815090417862,-14.410094916820526
1,1,block_2,2,Provo_ID7,5,1081799,1261614,1,applied_drift,1741872193660,-14.322815090417862,-14.410094916820526
1,1,block_2,2,Provo_ID7,5,1081799,1261614,1,applied_drift,1741872193708,-14.322815090417862,-14.410094916820526
1,1,block_2,2,Provo_ID7,5,1081799,1261614,1,applied_drift,1741872193744,-14.322815090417862,-14.410094916820526
1,1,block_2,2,Provo_ID7,5,1081799,1261614,1,applied_drift,1741872193811,-14.322815090417862,-14.410094916820526
1,1,block_2,2,Provo_ID7,5,1081799,1261614,1,applied_drift,1741872193901,-14.322815090417862,-14.410094916820526
1,1,block_2,2,Provo_ID7,5,1081799,1261614,1,applied_drift,1741872193966,-14.322815090417862,-14.410094916820526
1,1,block_2,2,Provo_ID7,5,1081799,1261614,1,applied_drift,1741872194004,-14.322815090417862,-14.410094916820526
1,1,block_2,2,Provo_ID7,5,1081799,1261614,1,applied_drift,1741872194048,-14.322815090417862,-14.410094916820526
1,1,block_2,2,Provo_ID7,5,1081799,1261614,1,applied_drift,1741872194088,-14.322815090417862,-14.410094916820526
1,1,block_2,2,Provo_ID7,5,1081799,1261614,1,applied_drift,1741872194151,-14.322815090417862,-14.410094916820526
1,1,block_2,2,Provo_ID7,5,1081799,1261614,1,applied_drift,1741872194216,-14.322815090417862,-14.410094916820526
1,1,block_2,2,Provo_ID7,5,1081799,1261614,1,applied_drift,1741872194278,-14.322815090417862,-14.410094916820526
1,1,block_2,2,Provo_ID7,5,1081799,1261614,1,applied_drift,1741872194317,-14.322815090417862,-14.410094916820526
1,1,block_2,2,Provo_ID7,5,1081799,1261614,1,applied_drift,1741872194343,-14.322815090417862,-14.410094916820526
1,1,block_2,2,Provo_ID7,5,1081799,1261614,1,applied_drift,1741872194379,-14.322815090417862,-14.410094916820526
1,1,block_2,2,Provo_ID7,5,1081799,1261614,1,applied_drift,1741872194413,-14.322815090417862,-14.410094916820526
1,1,block_2,2,Provo_ID7,5,1081799,1261614,1,applied_drift,1741872194468,-14.322815090417862,-14.410094916820526
1,1,block_2,2,Provo_ID7,5,1081799,1261614,1,applied_drift,1741872194601,-14.322815090417862,-14.410094916820526
1,1,block_2,2,Provo_ID7,5,1081799,1261614,1,applied_drift,1741872194645,-14.322815090417862,-14.410094916820526
1,1,block_2,2,Provo_ID7,5,1081799,1261614,1,applied_drift,1741872194693,-14.322815090417862,-14.410094916820526
1,1,block_2,2,Provo_ID7,5,1081799,1261614,1,applied_drift,1741872194732,-14.322815090417862,-14.410094916820526
1,1,block_2,2,Provo_ID7,5,1081799,1261614,1,applied_drift,1741872194784,-14.322815090417862,-14.410094916820526
1,1,block_2,2,Provo_ID7,5,1081799,1261614,1,applied_drift,1741872194831,-14.322815090417862,-14.410094916820526
1,1,block_2,2,Provo_ID7,5,1081799,1261614,1,applied_drift,1741872194893,-14.322815090417862,-14.410094916820526
1,1,block_2,2,Provo_ID7,5,1081799,1261614,1,applied_drift,1741872194943,-14.322815090417862,-14.410094916820526
1,1,block_2,2,Provo_ID7,5,1081799,1261614,1,applied_drift,1741872194964,-14.322815090417862,-14.410094916820526
1,1,block_2,2,Provo_ID7,5,1081799,1261614,1,applied_drift,1741872195006,-14.322815090417862,-14.410094916820526
1,1,block_2,2,Provo_ID7,5,1081799,1261614,1,applied_drift,1741872195040,-14.322815090417862,-14.410094916820526
1,1,block_2,2,Provo_ID7,5,1081799,1261614,1,applied_drift,1741872195089,-14.322815090417862,-14.410094916820526
1,1,block_2,2,Provo_ID7,5,1081799,1261614,1,applied_drift,1741872195141,-14.322815090417862,-14.410094916820526
1,1,block_2,2,Provo_ID7,5,1081799,1261614,1,applied_drift,1741872195171,-14.322815090417862,-14.410094916820526
1,1,block_2,2,Provo_ID7,5,1081799,1261614,1,applied_drift,1741872195258,-14.322815090417862,-14.410094916820526
1,1,block_2,2,Provo_ID7,5,1081799,1261614,1,applied_drift,1741872195298,-14.322815090417862,-14.410094916820526
1,1,block_2,2,Provo_ID7,5,1081799,1261614,1,applied_drift,1741872195346,-14.322815090417862,-14.410094916820526
1,1,block_2,2,Provo_ID7,5,1081799,1261614,1,applied_drift,1741872195380,-14.322815090417862,-14.410094916820526
1,1,block_2,2,Provo_ID7,5,1081799,1261614,1,applied_drift,1741872195422,-14.322815090417862,-14.410094916820526
1,1,block_2,2,Provo_ID7,5,1081799,1261614,1,applied_drift,1741872195457,-14.322815090417862,-14.410094916820526
1,1,block_2,2,Provo_ID7,5,1081799,1261614,1,applied_drift,1741872195486,-14.322815090417862,-14.410094916820526
1,1,block_2,2,Provo_ID7,5,1081799,1261614,1,applied_drift,1741872195551,-14.322815090417862,-14.410094916820526
1,1,block_2,2,Provo_ID7,5,1081799,1261614,1,applied_drift,1741872195629,-14.322815090417862,-14.410094916820526
1,1,block_2,2,Provo_ID7,5,1081799,1261614,1,applied_drift,1741872195686,-14.322815090417862,-14.410094916820526
1,1,block_2,2,Provo_ID7,5,1081799,1261614,1,applied_drift,1741872195726,-14.322815090417862,-14.410094916820526
1,1,block_2,2,Provo_ID7,5,1081799,1261614,1,applied_drift,1741872195749,-14.322815090417862,-14.410094916820526
1,1,block_2,2,Provo_ID7,5,1081799,1261614,1,applied_drift,1741872195792,-14.322815090417862,-14.410094916820526
1,1,block_2,2,Provo_ID7,5,1081799,1261614,1,applied_drift,1741872195823,-14.322815090417862,-14.410094916820526
1,1,block_2,2,Provo_ID7,5,1081799,1261614,1,applied_drift,1741872195872,-14.322815090417862,-14.410094916820526
1,1,block_2,2,Provo_ID7,5,1081799,1261614,1,applied_drift,1741872195916,-14.322815090417862,-14.410094916820526
1,1,block_2,2,Provo_ID7,5,1081799,1261614,1,applied_drift,1741872195962,-14.322815090417862,-14.410094916820526
1,1,block_2,2,Provo_ID7,5,1081799,1261614,1,applied_drift,1741872195990,-14.322815090417862,-14.410094916820526
1,1,block_2,2,Provo_ID7,5,1081799,1261614,1,applied_drift,1741872196028,-14.322815090417862,-14.410094916820526
1,1,block_2,2,Provo_ID7,5,1081799,1261614,1,applied_drift,1741872196081,-14.322815090417862,-14.410094916820526
1,1,block_2,2,Provo_ID7,5,1081799,1261614,1,applied_drift,1741872196126,-14.322815090417862,-14.410094916820526
1,1,block_2,2,Provo_ID7,5,1081799,1261614,1,applied_drift,1741872196171,-14.322815090417862,-14.410094916820526
1,1,block_2,2,Provo_ID7,5,1081799,1261614,1,applied_drift,1741872196209,-14.322815090417862,-14.410094916820526
1,1,block_2,2,Provo_ID7,5,1081799,1261614,1,applied_drift,1741872196259,-14.322815090417862,-14.410094916820526
1,1,block_2,2,Provo_ID7,5,1081799,1261614,1,applied_drift,1741872196304,-14.322815090417862,-14.410094916820526
1,1,block_2,2,Provo_ID7,5,1081799,1261614,1,applied_drift,1741872196363,-14.322815090417862,-14.410094916820526
1,1,block_2,2,Provo_ID7,5,1081799,1261614,1,applied_drift,1741872196448,-14.322815090417862,-14.410094916820526
1,1,block_2,2,Provo_ID7,5,1081799,1261614,1,applied_drift,1741872196507,-14.322815090417862,-14.410094916820526
1,1,block_2,2,Provo_ID7,5,1081799,1261614,1,applied_drift,1741872196540,-14.322815090417862,-14.410094916820526
1,1,block_2,2,Provo_ID7,5,1081799,1261614,1,applied_drift,1741872196583,-14.322815090417862,-14.410094916820526
1,1,block_2,2,Provo_ID7,5,1081799,1261614,1,applied_drift,1741872196626,-14.322815090417862,-14.410094916820526
1,1,block_2,2,Provo_ID7,5,1081799,1261614,1,applied_drift,1741872196680,-14.322815090417862,-14.410094916820526
1,1,block_2,2,Provo_ID7,5,1081799,1261614,1,applied_drift,1741872196726,-14.322815090417862,-14.410094916820526
1,1,block_2,2,Provo_ID7,5,1081799,1261614,1,applied_drift,1741872196793,-14.322815090417862,-14.410094916820526
1,1,block_2,2,Provo_ID7,5,1081799,1261614,1,applied_drift,1741872196858,-14.322815090417862,-14.410094916820526
1,1,block_2,2,Provo_ID7,5,1081799,1261614,1,applied_drift,1741872196890,-14.322815090417862,-14.410094916820526
1,1,block_2,2,Provo_ID7,5,1081799,1261614,1,applied_drift,1741872196940,-14.322815090417862,-14.410094916820526
1,1,block_2,2,Provo_ID7,5,1081799,1261614,1,applied_drift,1741872196981,-14.322815090417862,-14.410094916820526
1,1,block_2,2,Provo_ID7,5,1081799,1261614,1,applied_drift,1741872197005,-14.322815090417862,-14.410094916820526
1,1,block_2,2,Provo_ID7,5,1081799,1261614,1,applied_drift,1741872197038,-14.322815090417862,-14.410094916820526
1,1,block_2,2,Provo_ID7,5,1081799,1261614,1,applied_drift,1741872197073,-14.322815090417862,-14.410094916820526
1,1,block_2,2,Provo_ID7,5,1081799,1261614,1,applied_drift,1741872197131,-14.322815090417862,-14.410094916820526
1,1,block_2,2,Provo_ID7,5,1081799,1261614,1,applied_drift,1741872197258,-14.322815090417862,-14.410094916820526
1,1,block_2,2,Provo_ID7,5,1081799,1261614,1,applied_drift,1741872197300,-14.322815090417862,-14.410094916820526
1,1,block_2,2,Provo_ID7,5,1081799,1261614,1,applied_drift,1741872197343,-14.322815090417862,-14.410094916820526
1,1,block_2,2,Provo_ID7,5,1081799,1261614,1,applied_drift,1741872197381,-14.322815090417862,-14.410094916820526
1,1,block_2,2,Provo_ID7,5,1081799,1261614,1,applied_drift,1741872197427,-14.322815090417862,-14.410094916820526
1,1,block_2,2,Provo_ID7,5,1081799,1261614,1,applied_drift,1741872197474,-14.322815090417862,-14.410094916820526
1,1,block_2,2,Provo_ID7,5,1081799,1261614,1,applied_drift,1741872197525,-14.322815090417862,-14.410094916820526
1,1,block_2,2,Provo_ID7,5,1081799,1261614,1,applied_drift,1741872197568,-14.322815090417862,-14.410094916820526
1,1,block_2,2,Provo_ID7,5,1081799,1261614,1,applied_drift,1741872197621,-14.322815090417862,-14.410094916820526
1,1,block_2,2,Provo_ID7,5,1081799,1261614,1,applied_drift,1741872197666,-14.322815090417862,-14.410094916820526
1,1,block_2,2,Provo_ID7,5,1081799,1261614,1,applied_drift,1741872197723,-14.322815090417862,-14.410094916820526
1,1,block_2,2,Provo_ID7,5,1081799,1261614,1,applied_drift,1741872197794,-14.322815090417862,-14.410094916820526
1,1,block_2,2,Provo_ID7,5,1081799,1261614,1,applied_drift,1741872197860,-14.322815090417862,-14.410094916820526
1,1,block_2,2,Provo_ID7,5,1081799,1261614,1,applied_drift,1741872197900,-14.322815090417862,-14.410094916820526
1,1,block_2,2,Provo_ID7,5,1081799,1261614,1,applied_drift,1741872197944,-14.322815090417862,-14.410094916820526
1,1,block_2,2,Provo_ID7,5,1081799,1261614,1,applied_drift,1741872197984,-14.322815090417862,-14.410094916820526
1,1,block_2,2,Provo_ID7,5,1081799,1261614,1,applied_drift,1741872198007,-14.322815090417862,-14.410094916820526
1,1,block_2,2,Provo_ID7,5,1081799,1261614,1,applied_drift,1741872198063,-14.322815090417862,-14.410094916820526
1,1,block_2,2,Provo_ID7,5,1081799,1261614,1,applied_drift,1741872198114,-14.322815090417862,-14.410094916820526
1,1,block_2,2,Provo_ID7,5,1081799,1261614,1,applied_drift,1741872198188,-14.322815090417862,-14.410094916820526
1,1,block_2,2,Provo_ID7,5,1081799,1261614,1,applied_drift,1741872198243,-14.322815090417862,-14.410094916820526
1,1,block_2,2,Provo_ID7,5,1081799,1261614,1,applied_drift,1741872198287,-14.322815090417862,-14.410094916820526
1,1,block_2,2,Provo_ID7,5,1081799,1261614,1,applied_drift,1741872198319,-14.322815090417862,-14.410094916820526
1,1,block_2,2,Provo_ID7,5,1081799,1261614,1,applied_drift,1741872198343,-14.322815090417862,-14.410094916820526
1,1,block_2,2,Provo_ID7,5,1081799,1261614,1,applied_drift,1741872198395,-14.322815090417862,-14.410094916820526
1,1,block_2,2,Provo_ID7,5,1081799,1261614,1,applied_drift,1741872198429,-14.322815090417862,-14.410094916820526
1,1,block_2,2,Provo_ID7,5,1081799,1261614,1,applied_drift,1741872198488,-14.322815090417862,-14.410094916820526
1,1,block_2,2,Provo_ID7,5,1081799,1261614,1,applied_drift,1741872198524,-14.322815090417862,-14.410094916820526
1,1,block_2,2,Provo_ID7,5,1081799,1261614,1,applied_drift,1741872198584,-14.322815090417862,-14.410094916820526
1,1,block_2,2,Provo_ID7,5,1081799,1261614,1,applied_drift,1741872198645,-14.322815090417862,-14.410094916820526
1,1,block_2,2,Provo_ID7,5,1081799,1261614,1,applied_drift,1741872198679,-14.322815090417862,-14.410094916820526
1,1,block_2,2,Provo_ID7,5,1081799,1261614,1,applied_drift,1741872198723,-14.322815090417862,-14.410094916820526
1,1,block_2,2,Provo_ID7,5,1081799,1261614,1,applied_drift,1741872198760,-14.322815090417862,-14.410094916820526
1,1,block_2,2,Provo_ID7,5,1081799,1261614,1,applied_drift,1741872198782,-14.322815090417862,-14.410094916820526
1,1,block_2,2,Provo_ID7,5,1081799,1261614,1,applied_drift,1741872198840,-14.322815090417862,-14.410094916820526
1,1,block_2,2,Provo_ID7,5,1081799,1261614,1,applied_drift,1741872198883,-14.322815090417862,-14.410094916820526
1,1,block_2,2,Provo_ID7,5,1081799,1261614,1,applied_drift,1741872198933,-14.322815090417862,-14.410094916820526
1,1,block_2,2,Provo_ID7,5,1081799,1261614,1,applied_drift,1741872198967,-14.322815090417862,-14.410094916820526
1,1,block_2,2,Provo_ID7,5,1081799,1261614,1,applied_drift,1741872199015,-14.322815090417862,-14.410094916820526
1,1,block_2,2,Provo_ID7,5,1081799,1261614,1,applied_drift,1741872199040,-14.322815090417862,-14.410094916820526
1,1,block_2,2,Provo_ID7,5,1081799,1261614,1,applied_drift,1741872199092,-14.322815090417862,-14.410094916820526
1,1,block_2,2,Provo_ID7,5,1081799,1261614,1,applied_drift,1741872199133,-14.322815090417862,-14.410094916820526
1,1,block_2,2,Provo_ID7,5,1081799,1261614,1,applied_drift,1741872199185,-14.322815090417862,-14.410094916820526
1,1,block_2,2,Provo_ID7,5,1081799,1261614,1,applied_drift,1741872199217,-14.322815090417862,-14.410094916820526
1,1,block_2,2,Provo_ID7,5,1081799,1261614,1,applied_drift,1741872199267,-14.322815090417862,-14.410094916820526
1,1,block_2,2,Provo_ID7,5,1081799,1261614,1,applied_drift,1741872199311,-14.322815090417862,-14.410094916820526
1,1,block_2,2,Provo_ID7,5,1081799,1261614,1,applied_drift,1741872199362,-14.322815090417862,-14.410094916820526
1,1,block_2,2,Provo_ID7,5,1081799,1261614,1,applied_drift,1741872199407,-14.322815090417862,-14.410094916820526
1,1,block_2,2,Provo_ID7,5,1081799,1261614,1,applied_drift,1741872199434,-14.322815090417862,-14.410094916820526
1,1,block_2,2,Provo_ID7,5,1081799,1261614,1,applied_drift,1741872199475,-14.322815090417862,-14.410094916820526
1,1,block_2,2,Provo_ID7,5,1081799,1261614,1,applied_drift,1741872199510,-14.322815090417862,-14.410094916820526
1,1,block_2,2,Provo_ID7,5,1081799,1261614,1,applied_drift,1741872199560,-14.322815090417862,-14.410094916820526
1,1,block_2,2,Provo_ID7,5,1081799,1261614,1,applied_drift,1741872199604,-14.322815090417862,-14.410094916820526
1,1,block_2,2,Provo_ID7,5,1081799,1261614,1,applied_drift,1741872199629,-14.322815090417862,-14.410094916820526
1,1,block_2,2,Provo_ID7,5,1081799,1261614,1,applied_drift,1741872199786,-14.322815090417862,-14.410094916820526
1,1,block_2,2,Provo_ID7,5,1081799,1261614,1,applied_drift,1741872199819,-14.322815090417862,-14.410094916820526
1,1,block_2,2,Provo_ID7,5,1081799,1261614,1,applied_drift,1741872199864,-14.322815090417862,-14.410094916820526
1,1,block_2,2,Provo_ID7,5,1081799,1261614,1,applied_drift,1741872199903,-14.322815090417862,-14.410094916820526
1,1,block_2,2,Provo_ID7,5,1081799,1261614,1,applied_drift,1741872199923,-14.322815090417862,-14.410094916820526
1,1,block_2,2,Provo_ID7,5,1081799,1261614,1,applied_drift,1741872199965,-14.322815090417862,-14.410094916820526
1,1,block_2,2,Provo_ID7,5,1081799,1261614,1,applied_drift,1741872199996,-14.322815090417862,-14.410094916820526
1,1,block_2,2,Provo_ID7,5,1081799,1261614,1,applied_drift,1741872200061,-14.322815090417862,-14.410094916820526
1,1,block_2,2,Provo_ID7,5,1081799,1261614,1,applied_drift,1741872200134,-14.322815090417862,-14.410094916820526
1,1,block_2,2,Provo_ID7,5,1081799,1261614,1,applied_drift,1741872200196,-14.322815090417862,-14.410094916820526
1,1,block_2,2,Provo_ID7,5,1081799,1261614,1,applied_drift,1741872200235,-14.322815090417862,-14.410094916820526
1,1,block_2,2,Provo_ID7,5,1081799,1261614,1,applied_drift,1741872200274,-14.322815090417862,-14.410094916820526
1,1,block_2,2,Provo_ID7,5,1081799,1261614,1,applied_drift,1741872200308,-14.322815090417862,-14.410094916820526
1,1,block_2,2,Provo_ID7,5,1081799,1261614,1,applied_drift,1741872200329,-14.322815090417862,-14.410094916820526
1,1,block_2,2,Provo_ID7,5,1081799,1261614,1,applied_drift,1741872200392,-14.322815090417862,-14.410094916820526
1,1,block_2,2,Provo_ID7,5,1081799,1261614,1,applied_drift,1741872200516,-14.322815090417862,-14.410094916820526
1,1,block_2,2,Provo_ID7,5,1081799,1261614,1,applied_drift,1741872200559,-14.322815090417862,-14.410094916820526
1,1,block_2,2,Provo_ID7,5,1081799,1261614,1,applied_drift,1741872200603,-14.322815090417862,-14.410094916820526
1,1,block_2,2,Provo_ID7,5,1081799,1261614,1,applied_drift,1741872200643,-14.322815090417862,-14.410094916820526
1,1,block_2,2,Provo_ID7,5,1081799,1261614,1,applied_drift,1741872200694,-14.322815090417862,-14.410094916820526
1,1,block_2,2,Provo_ID7,5,1081799,1261614,1,applied_drift,1741872200746,-14.322815090417862,-14.410094916820526
1,1,block_2,2,Provo_ID7,5,1081799,1261614,1,applied_drift,1741872200768,-14.322815090417862,-14.410094916820526
1,1,block_2,2,Provo_ID7,5,1081799,1261614,1,applied_drift,1741872200831,-14.322815090417862,-14.410094916820526
1,1,block_2,2,Provo_ID7,5,1081799,1261614,1,applied_drift,1741872200897,-14.322815090417862,-14.410094916820526
1,1,block_2,2,Provo_ID7,5,1081799,1261614,1,applied_drift,1741872200951,-14.322815090417862,-14.410094916820526
1,1,block_2,2,Provo_ID7,5,1081799,1261614,1,applied_drift,1741872200990,-14.322815090417862,-14.410094916820526
1,1,block_2,2,Provo_ID7,5,1081799,1261614,1,applied_drift,1741872201042,-14.322815090417862,-14.410094916820526
1,1,block_2,2,Provo_ID7,5,1081799,1261614,1,applied_drift,1741872201077,-14.322815090417862,-14.410094916820526
1,1,block_2,2,Provo_ID7,5,1081799,1261614,1,applied_drift,1741872201121,-14.322815090417862,-14.410094916820526
1,1,block_2,2,Provo_ID7,5,1081799,1261614,1,applied_drift,1741872201159,-14.322815090417862,-14.410094916820526
1,1,block_2,2,Provo_ID7,5,1081799,1261614,1,applied_drift,1741872201179,-14.322815090417862,-14.410094916820526
1,1,block_2,2,Provo_ID7,5,1081799,1261614,1,applied_drift,1741872201225,-14.322815090417862,-14.410094916820526
1,1,block_2,2,Provo_ID7,5,1081799,1261614,1,applied_drift,1741872201260,-14.322815090417862,-14.410094916820526
1,1,block_2,2,Provo_ID7,5,1081799,1261614,1,applied_drift,1741872201280,-14.322815090417862,-14.410094916820526
1,1,block_2,2,Provo_ID7,5,1081799,1261614,1,applied_drift,1741872201339,-14.322815090417862,-14.410094916820526
1,1,block_2,2,Provo_ID7,5,1081799,1261614,1,applied_drift,1741872201378,-14.322815090417862,-14.410094916820526
1,1,block_2,2,Provo_ID7,5,1081799,1261614,1,applied_drift,1741872201458,-14.322815090417862,-14.410094916820526
1,1,block_2,2,Provo_ID7,5,1081799,1261614,1,applied_drift,1741872201497,-14.322815090417862,-14.410094916820526
1,1,block_2,2,Provo_ID7,5,1081799,1261614,1,applied_drift,1741872201546,-14.322815090417862,-14.410094916820526
1,1,block_2,2,Provo_ID7,5,1081799,1261614,1,applied_drift,1741872201580,-14.322815090417862,-14.410094916820526
1,1,block_2,2,Provo_ID7,5,1081799,1261614,1,applied_drift,1741872201601,-14.322815090417862,-14.410094916820526
1,1,block_2,2,Provo_ID7,5,1081799,1261614,1,applied_drift,1741872201643,-14.322815090417862,-14.410094916820526
1,1,block_2,2,Provo_ID7,5,1081799,1261614,1,applied_drift,1741872201682,-14.322815090417862,-14.410094916820526
1,1,block_2,2,Provo_ID7,5,1081799,1261614,1,applied_drift,1741872201731,-14.322815090417862,-14.410094916820526
1,1,block_2,2,Provo_ID7,5,1081799,1261614,1,applied_drift,1741872201781,-14.322815090417862,-14.410094916820526
1,1,block_2,2,Provo_ID7,5,1081799,1261614,1,applied_drift,1741872204978,-14.322815090417862,-14.410094916820526
1,1,block_2,2,Provo_ID7,5,1081799,1261614,1,applied_drift,1741872205007,-14.322815090417862,-14.410094916820526
1,1,block_2,2,Provo_ID7,5,1081799,1261614,1,applied_drift,1741872205060,-14.322815090417862,-14.410094916820526
1,1,block_2,2,Provo_ID7,5,1081799,1261614,1,applied_drift,1741872205157,-14.322815090417862,-14.410094916820526
1,1,block_2,2,Provo_ID7,5,1081799,1261614,1,applied_drift,1741872205218,-14.322815090417862,-14.410094916820526
1,1,block_2,2,Provo_ID7,5,1081799,1261614,1,applied_drift,1741872205247,-14.322815090417862,-14.410094916820526
1,1,block_2,2,Provo_ID7,5,1081799,1261614,1,applied_drift,1741872205295,-14.322815090417862,-14.410094916820526
1,1,block_2,2,Provo_ID7,5,1081799,1261614,1,applied_drift,1741872205324,-14.322815090417862,-14.410094916820526
1,1,block_2,2,Provo_ID7,5,1081799,1261614,1,applied_drift,1741872205378,-14.322815090417862,-14.410094916820526
1,1,block_2,2,Provo_ID7,5,1081799,1261614,1,applied_drift,1741872205424,-14.322815090417862,-14.410094916820526
1,1,block_2,2,Provo_ID7,5,1081799,1261614,1,applied_drift,1741872205524,-14.322815090417862,-14.410094916820526
1,1,block_2,2,Provo_ID7,5,1081799,1261614,1,applied_drift,1741872205582,-14.322815090417862,-14.410094916820526
1,1,block_2,2,Provo_ID7,5,1081799,1261614,1,applied_drift,1741872205636,-14.322815090417862,-14.410094916820526
1,1,block_2,2,Provo_ID7,5,1081799,1261614,1,applied_drift,1741872205671,-14.322815090417862,-14.410094916820526
1,1,block_2,2,Provo_ID7,5,1081799,1261614,1,applied_drift,1741872205726,-14.322815090417862,-14.410094916820526
1,1,block_2,2,Provo_ID7,5,1081799,1261614,1,applied_drift,1741872205769,-14.322815090417862,-14.410094916820526
1,1,block_2,2,Provo_ID7,5,1081799,1261614,1,applied_drift,1741872205820,-14.322815090417862,-14.410094916820526
1,1,block_2,2,Provo_ID7,5,1081799,1261614,1,applied_drift,1741872205867,-14.322815090417862,-14.410094916820526
1,1,block_2,2,Provo_ID7,5,1081799,1261614,1,applied_drift,1741872205900,-14.322815090417862,-14.410094916820526
1,1,block_2,2,Provo_ID7,5,1081799,1261614,1,applied_drift,1741872206013,-14.322815090417862,-14.410094916820526
1,1,block_2,2,Provo_ID7,5,1081799,1261614,1,applied_drift,1741872206034,-14.322815090417862,-14.410094916820526
1,1,block_2,2,Provo_ID7,5,1081799,1261614,1,applied_drift,1741872206079,-14.322815090417862,-14.410094916820526
1,1,block_2,2,Provo_ID7,5,1081799,1261614,1,applied_drift,1741872206113,-14.322815090417862,-14.410094916820526
1,1,block_2,2,Provo_ID7,5,1081799,1261614,1,applied_drift,1741872206166,-14.322815090417862,-14.410094916820526
1,1,block_2,2,Provo_ID7,5,1081799,1261614,1,applied_drift,1741872206206,-14.322815090417862,-14.410094916820526
1,1,block_2,2,Provo_ID7,5,1081799,1261614,1,applied_drift,1741872206255,-14.322815090417862,-14.410094916820526
1,1,block_2,2,Provo_ID7,5,1081799,1261614,1,applied_drift,1741872206291,-14.322815090417862,-14.410094916820526
1,1,block_2,2,Provo_ID7,5,1081799,1261614,1,applied_drift,1741872206344,-14.322815090417862,-14.410094916820526
1,1,block_2,2,Provo_ID7,5,1081799,1261614,1,applied_drift,1741872206379,-14.322815090417862,-14.410094916820526
1,1,block_2,2,Provo_ID7,5,1081799,1261614,1,applied_drift,1741872206454,-14.322815090417862,-14.410094916820526
1,1,block_2,2,Provo_ID7,5,1081799,1261614,1,applied_drift,1741872206495,-14.322815090417862,-14.410094916820526
1,1,block_2,2,Provo_ID7,5,1081799,1261614,1,applied_drift,1741872206546,-14.322815090417862,-14.410094916820526
1,1,block_2,2,Provo_ID7,5,1081799,1261614,1,applied_drift,1741872206593,-14.322815090417862,-14.410094916820526
1,1,block_2,2,Provo_ID7,5,1081799,1261614,1,applied_drift,1741872206651,-14.322815090417862,-14.410094916820526
1,1,block_2,2,Provo_ID7,5,1081799,1261614,1,applied_drift,1741872206687,-14.322815090417862,-14.410094916820526
1,1,block_2,2,Provo_ID7,5,1081799,1261614,1,applied_drift,1741872206735,-14.322815090417862,-14.410094916820526
1,1,block_2,2,Provo_ID7,5,1081799,1261614,1,applied_drift,1741872206776,-14.322815090417862,-14.410094916820526
1,1,block_2,2,Provo_ID7,5,1081799,1261614,1,applied_drift,1741872206799,-14.322815090417862,-14.410094916820526
1,1,block_2,2,Provo_ID7,5,1081799,1261614,1,applied_drift,1741872206861,-14.322815090417862,-14.410094916820526
1,1,block_2,2,Provo_ID7,5,1081799,1261614,1,applied_drift,1741872206900,-14.322815090417862,-14.410094916820526
1,1,block_2,2,Provo_ID7,5,1081799,1261614,1,applied_drift,1741872206965,-14.322815090417862,-14.410094916820526
1,1,block_2,2,Provo_ID7,5,1081799,1261614,1,applied_drift,1741872207038,-14.322815090417862,-14.410094916820526
1,1,block_2,2,Provo_ID7,5,1081799,1261614,1,applied_drift,1741872207100,-14.322815090417862,-14.410094916820526
1,1,block_2,2,Provo_ID7,5,1081799,1261614,1,applied_drift,1741872207146,-14.322815090417862,-14.410094916820526
1,1,block_2,2,Provo_ID7,5,1081799,1261614,1,applied_drift,1741872207172,-14.322815090417862,-14.410094916820526
1,1,block_2,2,Provo_ID7,5,1081799,1261614,1,applied_drift,1741872207213,-14.322815090417862,-14.410094916820526
1,1,block_2,2,Provo_ID7,5,1081799,1261614,1,applied_drift,1741872207246,-14.322815090417862,-14.410094916820526
1,1,block_2,2,Provo_ID7,5,1081799,1261614,1,applied_drift,1741872207302,-14.322815090417862,-14.410094916820526
1,1,block_2,2,Provo_ID7,5,1081799,1261614,1,applied_drift,1741872207338,-14.322815090417862,-14.410094916820526
1,1,block_2,2,Provo_ID7,5,1081799,1261614,1,applied_drift,1741872207389,-14.322815090417862,-14.410094916820526
1,1,block_2,2,Provo_ID7,5,1081799,1261614,1,applied_drift,1741872207448,-14.322815090417862,-14.410094916820526
1,1,block_2,2,Provo_ID7,5,1081799,1261614,1,applied_drift,1741872207498,-14.322815090417862,-14.410094916820526
1,1,block_2,2,Provo_ID7,5,1081799,1261614,1,applied_drift,1741872207554,-14.322815090417862,-14.410094916820526
1,1,block_2,2,Provo_ID7,5,1081799,1261614,1,applied_drift,1741872207588,-14.322815090417862,-14.410094916820526
1,1,block_2,2,Provo_ID7,5,1081799,1261614,1,applied_drift,1741872207629,-14.322815090417862,-14.410094916820526
1,1,block_2,2,Provo_ID7,5,1081799,1261614,1,applied_drift,1741872207668,-14.322815090417862,-14.410094916820526
1,1,block_2,2,Provo_ID7,5,1081799,1261614,1,applied_drift,1741872207689,-14.322815090417862,-14.410094916820526
1,1,block_2,2,Provo_ID7,5,1081799,1261614,1,applied_drift,1741872207741,-14.322815090417862,-14.410094916820526
1,1,block_2,2,Provo_ID7,5,1081799,1261614,1,applied_drift,1741872207781,-14.322815090417862,-14.410094916820526
1,1,block_2,2,Provo_ID7,5,1081799,1261614,1,applied_drift,1741872207833,-14.322815090417862,-14.410094916820526
1,1,block_2,2,Provo_ID7,5,1081799,1261614,1,applied_drift,1741872207874,-14.322815090417862,-14.410094916820526
1,1,block_2,2,Provo_ID7,5,1081799,1261614,1,applied_drift,1741872207920,-14.322815090417862,-14.410094916820526
1,1,block_2,2,Provo_ID7,5,1081799,1261614,1,applied_drift,1741872208019,-14.322815090417862,-14.410094916820526
1,1,block_2,2,Provo_ID7,5,1081799,1261614,1,applied_drift,1741872208069,-14.322815090417862,-14.410094916820526
1,1,block_2,2,Provo_ID7,5,1081799,1261614,1,applied_drift,1741872208099,-14.322815090417862,-14.410094916820526
1,1,block_2,2,Provo_ID7,5,1081799,1261614,1,applied_drift,1741872208130,-14.322815090417862,-14.410094916820526
1,1,block_2,2,Provo_ID7,5,1081799,1261614,1,applied_drift,1741872208178,-14.322815090417862,-14.410094916820526
1,1,block_2,2,Provo_ID7,5,1081799,1261614,1,applied_drift,1741872208211,-14.322815090417862,-14.410094916820526
1,1,block_2,2,Provo_ID7,5,1081799,1261614,1,applied_drift,1741872208256,-14.322815090417862,-14.410094916820526
1,1,block_2,2,Provo_ID7,5,1081799,1261614,1,applied_drift,1741872208296,-14.322815090417862,-14.410094916820526
1,1,block_2,2,Provo_ID7,5,1081799,1261614,1,applied_drift,1741872208317,-14.322815090417862,-14.410094916820526
1,1,block_2,2,Provo_ID7,5,1081799,1261614,1,applied_drift,1741872208367,-14.322815090417862,-14.410094916820526
1,1,block_2,2,Provo_ID7,5,1081799,1261614,1,applied_drift,1741872208403,-14.322815090417862,-14.410094916820526
1,1,block_2,2,Provo_ID7,5,1081799,1261614,1,applied_drift,1741872208458,-14.322815090417862,-14.410094916820526
1,1,block_2,2,Provo_ID7,5,1081799,1261614,1,applied_drift,1741872208545,-14.322815090417862,-14.410094916820526
1,1,block_2,2,Provo_ID7,5,1081799,1261614,1,applied_drift,1741872208612,-14.322815090417862,-14.410094916820526
1,1,block_2,2,Provo_ID7,5,1081799,1261614,1,applied_drift,1741872208641,-14.322815090417862,-14.410094916820526
1,1,block_2,2,Provo_ID7,5,1081799,1261614,1,applied_drift,1741872208685,-14.322815090417862,-14.410094916820526
1,1,block_2,2,Provo_ID7,5,1081799,1261614,1,applied_drift,1741872208728,-14.322815090417862,-14.410094916820526
1,1,block_2,2,Provo_ID7,5,1081799,1261614,1,applied_drift,1741872208784,-14.322815090417862,-14.410094916820526
1,1,block_2,2,Provo_ID7,5,1081799,1261614,1,applied_drift,1741872208909,-14.322815090417862,-14.410094916820526
1,1,block_2,2,Provo_ID7,5,1081799,1261614,1,applied_drift,1741872208990,-14.322815090417862,-14.410094916820526
1,1,block_2,2,Provo_ID7,5,1081799,1261614,1,applied_drift,1741872209042,-14.322815090417862,-14.410094916820526
1,1,block_2,2,Provo_ID7,5,1081799,1261614,1,applied_drift,1741872209104,-14.322815090417862,-14.410094916820526
1,1,block_2,2,Provo_ID7,5,1081799,1261614,1,applied_drift,1741872209148,-14.322815090417862,-14.410094916820526
1,1,block_2,2,Provo_ID7,5,1081799,1261614,1,applied_drift,1741872209204,-14.322815090417862,-14.410094916820526
1,1,block_2,2,Provo_ID7,5,1081799,1261614,1,applied_drift,1741872209244,-14.322815090417862,-14.410094916820526
1,1,block_2,2,Provo_ID7,5,1081799,1261614,1,applied_drift,1741872209280,-14.322815090417862,-14.410094916820526
1,1,block_2,2,Provo_ID7,5,1081799,1261614,1,applied_drift,1741872209330,-14.322815090417862,-14.410094916820526
1,1,block_2,2,Provo_ID7,5,1081799,1261614,1,applied_drift,1741872209371,-14.322815090417862,-14.410094916820526
1,1,block_2,2,Provo_ID7,5,1081799,1261614,1,applied_drift,1741872209417,-14.322815090417862,-14.410094916820526
1,1,block_2,2,Provo_ID7,5,1081799,1261614,1,applied_drift,1741872209450,-14.322815090417862,-14.410094916820526
1,1,block_2,2,Provo_ID7,5,1081799,1261614,1,applied_drift,1741872209481,-14.322815090417862,-14.410094916820526
1,1,block_2,2,Provo_ID7,5,1081799,1261614,1,applied_drift,1741872209508,-14.322815090417862,-14.410094916820526
1,1,block_2,2,Provo_ID7,5,1081799,1261614,1,applied_drift,1741872209605,-14.322815090417862,-14.410094916820526
1,1,block_2,2,Provo_ID7,5,1081799,1261614,1,applied_drift,1741872209700,-14.322815090417862,-14.410094916820526
1,1,block_2,2,Provo_ID7,5,1081799,1261614,1,error_trial,1741872147317,""
1,1,block_2,2,Provo_ID7,5,1081799,1261614,1,error_trial,1741872171353,27.349917093912758
1,1,block_2,2,Provo_ID7,5,1081799,1261614,1,error_trial_x,1741872147317,""
1,1,block_2,2,Provo_ID7,5,1081799,1261614,1,error_trial_x,1741872171353,20.01580132378472
1,1,block_2,2,Provo_ID7,5,1081799,1261614,1,error_trial_y,1741872147317,""
1,1,block_2,2,Provo_ID7,5,1081799,1261614,1,error_trial_y,1741872171353,16.13232930501302
1,1,block_2,2,Provo_ID7,5,1081799,1261614,1,error_calibration,1741872147317,""
1,1,block_2,2,Provo_ID7,5,1081799,1261614,1,error_calibration,1741872171353,25.465291341145832
1,1,block_2,2,Provo_ID7,5,1081799,1261614,1,error_calibration_x,1741872147317,""
1,1,block_2,2,Provo_ID7,5,1081799,1261614,1,error_calibration_x,1741872171353,18.51829104953342
1,1,block_2,2,Provo_ID7,5,1081799,1261614,1,error_calibration_y,1741872147317,""
1,1,block_2,2,Provo_ID7,5,1081799,1261614,1,error_calibration_y,1741872171353,15.158179601033527
1,1,block_2,2,Provo_ID7,5,1081799,1261614,1,gaze_conf,"",
1,1,block_2,2,Provo_ID11,4,1081799,1261614,1,gaze_data,1741872078149,
1,1,block_2,2,Provo_ID11,4,1081799,1261614,1,gaze_data,1741872102231,773.2386350631714,427.2210657596588,1741872102101.4001,0.8500963308085474
1,1,block_2,2,Provo_ID11,4,1081799,1261614,1,gaze_data,1741872102265,760.1886987686157,406.7616969347,1741872102134.9001,0.8500963308085474
1,1,block_2,2,Provo_ID11,4,1081799,1261614,1,gaze_data,1741872102333,744.3100452423096,421.0141807794571,1741872102168.1,0.8514371022735827
1,1,block_2,2,Provo_ID11,4,1081799,1261614,1,gaze_data,1741872102401,744.3100452423096,421.0141807794571,1741872102200.6,0.8514371022735827
1,1,block_2,2,Provo_ID11,4,1081799,1261614,1,gaze_data,1741872102430,706.5112352371216,403.64009737968445,1741872102308.2002,0.8514371022735827
1,1,block_2,2,Provo_ID11,4,1081799,1261614,1,gaze_data,1741872102488,474.5545744895935,278.97234484553337,1741872102335,0.9041557667224946
1,1,block_2,2,Provo_ID11,4,1081799,1261614,1,gaze_data,1741872102523,312.19855546951294,146.74018919467926,1741872102400.6,0.9041557667224946
1,1,block_2,2,Provo_ID11,4,1081799,1261614,1,gaze_data,1741872102573,296.45005464553833,119.49693262577057,1741872102434,0.8064053100282533
1,1,block_2,2,Provo_ID11,4,1081799,1261614,1,gaze_data,1741872102614,277.9219627380371,103.84948402643204,1741872102467.5,0.8064053100282533
1,1,block_2,2,Provo_ID11,4,1081799,1261614,1,gaze_data,1741872102669,190.03167152404785,125.74381232261658,1741872102533.7002,1
1,1,block_2,2,Provo_ID11,4,1081799,1261614,1,gaze_data,1741872102719,139.59481716156006,100.04659593105316,1741872102567.8,1
1,1,block_2,2,Provo_ID11,4,1081799,1261614,1,gaze_data,1741872102782,118.90206336975098,102.11013108491898,1741872102634.4001,1
1,1,block_2,2,Provo_ID11,4,1081799,1261614,1,gaze_data,1741872102839,119.62103843688965,93.78180503845215,1741872102700.9001,1
1,1,block_2,2,Provo_ID11,4,1081799,1261614,1,gaze_data,1741872102867,107.98344612121582,77.2893488407135,1741872102735.2002,1
1,1,block_2,2,Provo_ID11,4,1081799,1261614,1,gaze_data,1741872102948,94.5493221282959,73.77215325832367,1741872102767.5,1
1,1,block_2,2,Provo_ID11,4,1081799,1261614,1,gaze_data,1741872103011,78.81391048431396,85.05854606628418,1741872102875.6,1
1,1,block_2,2,Provo_ID11,4,1081799,1261614,1,gaze_data,1741872103072,84.93211269378662,96.55106663703918,1741872102934.4001,1
1,1,block_2,2,Provo_ID11,4,1081799,1261614,1,gaze_data,1741872103116,76.86314582824707,97.07339704036713,1741872102968.3,1
1,1,block_2,2,Provo_ID11,4,1081799,1261614,1,gaze_data,1741872103162,72.69737720489502,97.64275550842285,1741872103034,1
1,1,block_2,2,Provo_ID11,4,1081799,1261614,1,gaze_data,1741872103204,153.23312282562256,108.7951198220253,1741872103068,1
1,1,block_2,2,Provo_ID11,4,1081799,1261614,1,gaze_data,1741872103229,158.18145275115967,103.94787639379501,1741872103100.6,1
1,1,block_2,2,Provo_ID11,4,1081799,1261614,1,gaze_data,1741872103309,151.15618705749512,108.95702093839645,1741872103133.4001,1
1,1,block_2,2,Provo_ID11,4,1081799,1261614,1,gaze_data,1741872103368,192.15292930603027,120.74165642261505,1741872103234.7002,1
1,1,block_2,2,Provo_ID11,4,1081799,1261614,1,gaze_data,1741872103438,262.7610921859741,96.01948261260986,1741872103267.5,1
1,1,block_2,2,Provo_ID11,4,1081799,1261614,1,gaze_data,1741872103473,254.85167503356934,94.3280965089798,1741872103333.7002,1
1,1,block_2,2,Provo_ID11,4,1081799,1261614,1,gaze_data,1741872103522,265.173602104187,90.02666771411896,1741872103367.7002,1
1,1,block_2,2,Provo_ID11,4,1081799,1261614,1,gaze_data,1741872103573,270.28430700302124,79.12253439426422,1741872103433.6,1
1,1,block_2,2,Provo_ID11,4,1081799,1261614,1,gaze_data,1741872103595,407.26081281900406,84.1829389333725,1741872103472.1,1
1,1,block_2,2,Provo_ID11,4,1081799,1261614,1,gaze_data,1741872103644,404.20191437005997,95.86273729801178,1741872103500.7002,1
1,1,block_2,2,Provo_ID11,4,1081799,1261614,1,gaze_data,1741872103682,408.61181020736694,85.67292094230652,1741872103567.5,1
1,1,block_2,2,Provo_ID11,4,1081799,1261614,1,gaze_data,1741872103733,388.05899918079376,102.11047381162643,1741872103600.5,1
1,1,block_2,2,Provo_ID11,4,1081799,1261614,1,gaze_data,1741872103771,292.74226427078247,102.26038694381714,1741872103634.2002,1
1,1,block_2,2,Provo_ID11,4,1081799,1261614,1,gaze_data,1741872103819,231.23096227645874,91.47917330265045,1741872103666.4001,1
1,1,block_2,2,Provo_ID11,4,1081799,1261614,1,gaze_data,1741872103862,223.87818098068237,90.59738218784332,1741872103733.3,1
1,1,block_2,2,Provo_ID11,4,1081799,1261614,1,gaze_data,1741872103891,203.0528426170349,99.43161010742188,1741872103767.5,1
1,1,block_2,2,Provo_ID11,4,1081799,1261614,1,gaze_data,1741872103956,221.6952919960022,103.98299843072891,1741872103800.2002,1
1,1,block_2,2,Provo_ID11,4,1081799,1261614,1,gaze_data,1741872104001,196.97928428649902,104.27793711423874,1741872103834.3,1
1,1,block_2,2,Provo_ID11,4,1081799,1261614,1,gaze_data,1741872104080,198.7596035003662,99.11639094352722,1741872103924.9001,1
1,1,block_2,2,Provo_ID11,4,1081799,1261614,1,gaze_data,1741872104118,173.32637310028076,82.04943537712097,1741872104000.2002,1
1,1,block_2,2,Provo_ID11,4,1081799,1261614,1,gaze_data,1741872104162,163.88561725616455,89.21805620193481,1741872104033.7002,1
1,1,block_2,2,Provo_ID11,4,1081799,1261614,1,gaze_data,1741872104203,381.2322586774826,87.21827566623688,1741872104066.6,1
1,1,block_2,2,Provo_ID11,4,1081799,1261614,1,gaze_data,1741872104223,403.8723550736904,100.54942816495895,1741872104100,1
1,1,block_2,2,Provo_ID11,4,1081799,1261614,1,gaze_data,1741872104285,389.2280489206314,98.73848259449005,1741872104132.9001,1
1,1,block_2,2,Provo_ID11,4,1081799,1261614,1,gaze_data,1741872104339,389.2280489206314,98.73848259449005,1741872104167.4001,1
1,1,block_2,2,Provo_ID11,4,1081799,1261614,1,gaze_data,1741872104411,418.10329407453537,115.65838605165482,1741872104267.3,1
1,1,block_2,2,Provo_ID11,4,1081799,1261614,1,gaze_data,1741872104452,402.64009460806847,155.50804734230042,1741872104333.2002,1
1,1,block_2,2,Provo_ID11,4,1081799,1261614,1,gaze_data,1741872104501,538.3479595184326,184.77944508194923,1741872104366.7002,1
1,1,block_2,2,Provo_ID11,4,1081799,1261614,1,gaze_data,1741872104542,642.0202016830444,139.1351282596588,1741872104399.6,1
1,1,block_2,2,Provo_ID11,4,1081799,1261614,1,gaze_data,1741872104599,402.4097643792629,291.97437912225723,1741872104466.1,0
1,1,block_2,2,Provo_ID11,4,1081799,1261614,1,gaze_data,1741872104647,306.9496512413025,333.9184805750847,1741872104500.9001,0
1,1,block_2,2,Provo_ID11,4,1081799,1261614,1,gaze_data,1741872104673,293.50292682647705,302.73076742887497,1741872104566.6,0
1,1,block_2,2,Provo_ID11,4,1081799,1261614,1,gaze_data,1741872104721,436.75418496131897,167.11245328187943,1741872104599.9001,0
1,1,block_2,2,Provo_ID11,4,1081799,1261614,1,gaze_data,1741872104755,464.4380211830139,123.30459654331207,1741872104633.4001,0
1,1,block_2,2,Provo_ID11,4,1081799,1261614,1,gaze_data,1741872104804,479.6799659729004,146.5732216835022,1741872104666.8,0.6170992567120562
1,1,block_2,2,Provo_ID11,4,1081799,1261614,1,gaze_data,1741872104846,489.53579664230347,136.9112193584442,1741872104700.2002,0.6170992567120562
1,1,block_2,2,Provo_ID11,4,1081799,1261614,1,gaze_data,1741872104890,567.3820972442627,149.58491772413254,1741872104766.8,1
1,1,block_2,2,Provo_ID11,4,1081799,1261614,1,gaze_data,1741872104925,599.5864629745483,153.31937223672867,1741872104799.6,1
1,1,block_2,2,Provo_ID11,4,1081799,1261614,1,gaze_data,1741872104956,636.190676689148,148.64654690027237,1741872104833.9001,1
1,1,block_2,2,Provo_ID11,4,1081799,1261614,1,gaze_data,1741872105007,646.5019226074219,152.81995981931686,1741872104866.6,1
1,1,block_2,2,Provo_ID11,4,1081799,1261614,1,gaze_data,1741872105048,739.2506122589111,159.37844514846802,1741872104901.2002,1
1,1,block_2,2,Provo_ID11,4,1081799,1261614,1,gaze_data,1741872105103,584.5881819725037,140.26193916797638,1741872104967.2002,1
1,1,block_2,2,Provo_ID11,4,1081799,1261614,1,gaze_data,1741872105144,246.03458642959595,205.36293126642704,1741872105001.1,1
1,1,block_2,2,Provo_ID11,4,1081799,1261614,1,gaze_data,1741872105195,192.798113822937,155.91242760419846,1741872105065.8,1
1,1,block_2,2,Provo_ID11,4,1081799,1261614,1,gaze_data,1741872105314,202.78886556625366,186.16173267364502,1741872105177.4001,1
1,1,block_2,2,Provo_ID11,4,1081799,1261614,1,gaze_data,1741872105357,172.74720668792725,130.60927242040634,1741872105234,1
1,1,block_2,2,Provo_ID11,4,1081799,1261614,1,gaze_data,1741872105388,161.76245212554932,144.078528881073,1741872105266.4001,1
1,1,block_2,2,Provo_ID11,4,1081799,1261614,1,gaze_data,1741872105432,175.02479553222656,136.0611230134964,1741872105300.1,1
1,1,block_2,2,Provo_ID11,4,1081799,1261614,1,gaze_data,1741872105460,210.9594464302063,140.55200517177582,1741872105333.5,1
1,1,block_2,2,Provo_ID11,4,1081799,1261614,1,gaze_data,1741872105492,210.9594464302063,140.55200517177582,1741872105366,1
1,1,block_2,2,Provo_ID11,4,1081799,1261614,1,gaze_data,1741872105546,285.53903102874756,157.96830356121063,1741872105399.3,1
1,1,block_2,2,Provo_ID11,4,1081799,1261614,1,gaze_data,1741872105589,312.0908260345459,164.85533714294434,1741872105466,1
1,1,block_2,2,Provo_ID11,4,1081799,1261614,1,gaze_data,1741872105653,323.696231842041,169.33769583702087,1741872105499.5,1
1,1,block_2,2,Provo_ID11,4,1081799,1261614,1,gaze_data,1741872105731,389.2240434885025,190.01995623111725,1741872105533.3,1
1,1,block_2,2,Provo_ID11,4,1081799,1261614,1,gaze_data,1741872105760,487.15364933013916,238.98546807467937,1741872105633.4001,1
1,1,block_2,2,Provo_ID11,4,1081799,1261614,1,gaze_data,1741872105815,479.11388874053955,231.92187063395977,1741872105666.6,1
1,1,block_2,2,Provo_ID11,4,1081799,1261614,1,gaze_data,1741872105850,539.1841650009155,268.4565618634224,1741872105733,1
1,1,block_2,2,Provo_ID11,4,1081799,1261614,1,gaze_data,1741872105898,428.3390998840332,202.55209542810917,1741872105765.8,1
1,1,block_2,2,Provo_ID11,4,1081799,1261614,1,gaze_data,1741872105946,294.18063163757324,226.11863878555596,1741872105799.5,1
1,1,block_2,2,Provo_ID11,4,1081799,1261614,1,gaze_data,1741872106013,264.9783492088318,200.7383931428194,1741872105865.9001,1
1,1,block_2,2,Provo_ID11,4,1081799,1261614,1,gaze_data,1741872106098,260.06290912628174,206.65815882384777,1741872105972,1
1,1,block_2,2,Provo_ID11,4,1081799,1261614,1,gaze_data,1741872106170,173.34997653961182,266.29789397120476,1741872105999.7002,1
1,1,block_2,2,Provo_ID11,4,1081799,1261614,1,gaze_data,1741872106207,147.7315902709961,284.4744682312012,1741872106065.9001,1
1,1,block_2,2,Provo_ID11,4,1081799,1261614,1,gaze_data,1741872106256,145.0430393218994,268.151643127203,1741872106099.3,1
1,1,block_2,2,Provo_ID11,4,1081799,1261614,1,gaze_data,1741872106286,133.78701210021973,255.7024009525776,1741872106165.7002,1
1,1,block_2,2,Provo_ID11,4,1081799,1261614,1,gaze_data,1741872106332,157.8040599822998,249.58493039011955,1741872106198.8,1
1,1,block_2,2,Provo_ID11,4,1081799,1261614,1,gaze_data,1741872106367,157.65507221221924,259.18299183249474,1741872106233.3,1
1,1,block_2,2,Provo_ID11,4,1081799,1261614,1,gaze_data,1741872106392,137.5448226928711,249.72160197794437,1741872106265.5,1
1,1,block_2,2,Provo_ID11,4,1081799,1261614,1,gaze_data,1741872106441,135.88275909423828,264.1137786209583,1741872106299.1,1
1,1,block_2,2,Provo_ID11,4,1081799,1261614,1,gaze_data,1741872106479,120.83413600921631,257.16154500842094,1741872106366.3,1
1,1,block_2,2,Provo_ID11,4,1081799,1261614,1,gaze_data,1741872106545,112.90760040283203,255.73854558169842,1741872106399.4001,1
1,1,block_2,2,Provo_ID11,4,1081799,1261614,1,gaze_data,1741872106622,115.59484004974365,275.22796243429184,1741872106500.2002,1
1,1,block_2,2,Provo_ID11,4,1081799,1261614,1,gaze_data,1741872106681,214.26740884780884,275.7831647992134,1741872106533.1,1
1,1,block_2,2,Provo_ID11,4,1081799,1261614,1,gaze_data,1741872106716,266.02351665496826,263.7933775782585,1741872106599.4001,1
1,1,block_2,2,Provo_ID11,4,1081799,1261614,1,gaze_data,1741872106762,264.05365467071533,261.95160150527954,1741872106632.6,1
1,1,block_2,2,Provo_ID11,4,1081799,1261614,1,gaze_data,1741872106800,274.2166996002197,255.71020357310772,1741872106665.8,1
1,1,block_2,2,Provo_ID11,4,1081799,1261614,1,gaze_data,1741872106868,274.81077909469604,266.44832864403725,1741872106699.1,1
1,1,block_2,2,Provo_ID11,4,1081799,1261614,1,gaze_data,1741872106923,274.81077909469604,266.44832864403725,1741872106731.8,1
1,1,block_2,2,Provo_ID11,4,1081799,1261614,1,gaze_data,1741872106994,299.76229667663574,266.12032800912857,1741872106836.5,0.9928802607711571
1,1,block_2,2,Provo_ID11,4,1081799,1261614,1,gaze_data,1741872107036,226.9906520843506,280.90563639998436,1741872106899.8,0.9928802607711571
1,1,block_2,2,Provo_ID11,4,1081799,1261614,1,gaze_data,1741872107057,234.07026529312134,266.5572449564934,1741872106932.1,0.9928802607711571
1,1,block_2,2,Provo_ID11,4,1081799,1261614,1,gaze_data,1741872107101,210.30832529067993,255.01239709556103,1741872106965.4001,0.9232307998330018
1,1,block_2,2,Provo_ID11,4,1081799,1261614,1,gaze_data,1741872107137,156.78582191467285,275.4741370677948,1741872106999.4001,0.9232307998330018
1,1,block_2,2,Provo_ID11,4,1081799,1261614,1,gaze_data,1741872107216,128.16901206970215,245.1657023280859,1741872107032.1,1
1,1,block_2,2,Provo_ID11,4,1081799,1261614,1,gaze_data,1741872107282,117.167067527771,248.84934201836586,1741872107132.7002,1
1,1,block_2,2,Provo_ID11,4,1081799,1261614,1,gaze_data,1741872107310,600.5675554275513,105.74658811092377,1741872107199.1,1
1,1,block_2,2,Provo_ID11,4,1081799,1261614,1,gaze_data,1741872107365,496.83611392974854,79.05923426151276,1741872107232,1
1,1,block_2,2,Provo_ID11,4,1081799,1261614,1,gaze_data,1741872107404,301.2208580970764,212.23912052810192,1741872107265.1,1
1,1,block_2,2,Provo_ID11,4,1081799,1261614,1,gaze_data,1741872107476,223.94739389419556,322.0311909914017,1741872107298.8,0
1,1,block_2,2,Provo_ID11,4,1081799,1261614,1,gaze_data,1741872107520,240.29215574264526,277.697591483593,1741872107398.6,0
1,1,block_2,2,Provo_ID11,4,1081799,1261614,1,gaze_data,1741872107566,216.52438640594482,344.1188618540764,1741872107432.4001,0
1,1,block_2,2,Provo_ID11,4,1081799,1261614,1,gaze_data,1741872107606,216.21962785720825,318.7843918800354,1741872107465.6,0
1,1,block_2,2,Provo_ID11,4,1081799,1261614,1,gaze_data,1741872107627,217.11864471435547,314.1028046607971,1741872107531.5,0
1,1,block_2,2,Provo_ID11,4,1081799,1261614,1,gaze_data,1741872107672,184.90772247314453,312.0375782251358,1741872107565.7002,0.08953128416531458
1,1,block_2,2,Provo_ID11,4,1081799,1261614,1,gaze_data,1741872107708,175.40369033813477,294.7929412126541,1741872107598.3,0.08953128416531458
1,1,block_2,2,Provo_ID11,4,1081799,1261614,1,gaze_data,1741872107796,176.23136043548584,302.1914944052696,1741872107632.2002,0.2744972694578417
1,1,block_2,2,Provo_ID11,4,1081799,1261614,1,gaze_data,1741872107847,222.3165988922119,289.7437572479248,1741872107723.8,0.2744972694578417
1,1,block_2,2,Provo_ID11,4,1081799,1261614,1,gaze_data,1741872107906,225.993549823761,291.1284327507019,1741872107765.9001,0.5343066249338558
1,1,block_2,2,Provo_ID11,4,1081799,1261614,1,gaze_data,1741872107940,249.49666261672974,278.7835322320461,1741872107831.7002,0.5343066249338558
1,1,block_2,2,Provo_ID11,4,1081799,1261614,1,gaze_data,1741872107965,248.7475872039795,279.07412350177765,1741872107864.9001,0.5343066249338558
1,1,block_2,2,Provo_ID11,4,1081799,1261614,1,gaze_data,1741872108005,271.4879631996155,282.27633461356163,1741872107898,0.7935182641068729
1,1,block_2,2,Provo_ID11,4,1081799,1261614,1,gaze_data,1741872108037,269.95028257369995,289.2027333378792,1741872107931.2002,0.7935182641068729
1,1,block_2,2,Provo_ID11,4,1081799,1261614,1,gaze_data,1741872108091,277.10862159729004,299.529767036438,1741872107964.8,0.7558471001035805
1,1,block_2,2,Provo_ID11,4,1081799,1261614,1,gaze_data,1741872108133,292.87092685699463,314.4547253847122,1741872107998.3,0.7558471001035805
1,1,block_2,2,Provo_ID11,4,1081799,1261614,1,gaze_data,1741872108225,273.0373501777649,303.40633392333984,1741872108032.8,0.8491970090338645
1,1,block_2,2,Provo_ID11,4,1081799,1261614,1,gaze_data,1741872108277,285.53948402404785,281.092768907547,1741872108132.2002,0.8491970090338645
1,1,block_2,2,Provo_ID11,4,1081799,1261614,1,gaze_data,1741872108334,272.29743003845215,267.7168868482113,1741872108198.6,0.8519590925213842
1,1,block_2,2,Provo_ID11,4,1081799,1261614,1,gaze_data,1741872108369,285.7413411140442,277.6267886161804,1741872108233.4001,0.8519590925213842
1,1,block_2,2,Provo_ID11,4,1081799,1261614,1,gaze_data,1741872108416,303.0539035797119,271.1362674832344,1741872108265,1
1,1,block_2,2,Provo_ID11,4,1081799,1261614,1,gaze_data,1741872108463,304.0033221244812,270.30807211995125,1741872108331,1
1,1,block_2,2,Provo_ID11,4,1081799,1261614,1,gaze_data,1741872108492,315.4385447502136,261.5665331482887,1741872108365.8,1
1,1,block_2,2,Provo_ID11,4,1081799,1261614,1,gaze_data,1741872108540,320.10072469711304,265.29691219329834,1741872108398.1,0.9514038452130942
1,1,block_2,2,Provo_ID11,4,1081799,1261614,1,gaze_data,1741872108578,339.01575803756714,281.294746696949,1741872108464.6,0.9514038452130942
1,1,block_2,2,Provo_ID11,4,1081799,1261614,1,gaze_data,1741872108624,348.43034744262695,302.950581908226,1741872108498.3,0.9857192188717536
1,1,block_2,2,Provo_ID11,4,1081799,1261614,1,gaze_data,1741872108660,362.1835798025131,297.50478118658066,1741872108531.9001,0.9857192188717536
1,1,block_2,2,Provo_ID11,4,1081799,1261614,1,gaze_data,1741872108690,368.0643677711487,312.85461634397507,1741872108565.5,0.9857192188717536
1,1,block_2,2,Provo_ID11,4,1081799,1261614,1,gaze_data,1741872108740,364.51936066150665,300.40982216596603,1741872108597.9001,0.926645934960718
1,1,block_2,2,Provo_ID11,4,1081799,1261614,1,gaze_data,1741872108783,176.5436887741089,374.9354988336563,1741872108665.3,0.926645934960718
1,1,block_2,2,Provo_ID11,4,1081799,1261614,1,gaze_data,1741872108805,144.57688331604004,387.0984971523285,1741872108698,0.926645934960718
1,1,block_2,2,Provo_ID11,4,1081799,1261614,1,gaze_data,1741872108853,120.92874050140381,384.80611741542816,1741872108731.5,0.7846327192598889
1,1,block_2,2,Provo_ID11,4,1081799,1261614,1,gaze_data,1741872108890,116.66197776794434,392.39070415496826,1741872108765.1,0.7846327192598889
1,1,block_2,2,Provo_ID11,4,1081799,1261614,1,gaze_data,1741872108943,151.77819728851318,377.69237756729126,1741872108798,0.488320734106998
1,1,block_2,2,Provo_ID11,4,1081799,1261614,1,gaze_data,1741872108986,162.65337467193604,378.528168797493,1741872108864.5,0.488320734106998
1,1,block_2,2,Provo_ID11,4,1081799,1261614,1,gaze_data,1741872109107,270.7403540611267,396.0040867328644,1741872108966.4001,0.6506072327623685
1,1,block_2,2,Provo_ID11,4,1081799,1261614,1,gaze_data,1741872109146,292.6037073135376,382.95569121837616,1741872109031.5,0.6506072327623685
1,1,block_2,2,Provo_ID11,4,1081799,1261614,1,gaze_data,1741872109194,293.53973865509033,389.2101854085922,1741872109065.1,0.3612024191096098
1,1,block_2,2,Provo_ID11,4,1081799,1261614,1,gaze_data,1741872109233,311.40031814575195,397.03448712825775,1741872109098.5,0.3612024191096098
1,1,block_2,2,Provo_ID11,4,1081799,1261614,1,gaze_data,1741872109254,380.5733174085617,382.6874405145645,1741872109130.9001,0.3612024191096098
1,1,block_2,2,Provo_ID11,4,1081799,1261614,1,gaze_data,1741872109300,385.26369631290436,359.9352151155472,1741872109164.5,0.5391752684965704
1,1,block_2,2,Provo_ID11,4,1081799,1261614,1,gaze_data,1741872109332,401.88697278499603,361.76005601882935,1741872109198.4001,0.5391752684965704
1,1,block_2,2,Provo_ID11,4,1081799,1261614,1,gaze_data,1741872109386,381.14173114299774,368.07810366153717,1741872109231.1,0.4646796715856383
1,1,block_2,2,Provo_ID11,4,1081799,1261614,1,gaze_data,1741872109450,411.4202566444874,351.38385593891144,1741872109298.2002,0.4646796715856383
1,1,block_2,2,Provo_ID11,4,1081799,1261614,1,gaze_data,1741872109482,466.8789744377136,360.24992763996124,1741872109371.9001,0.4646796715856383
1,1,block_2,2,Provo_ID11,4,1081799,1261614,1,gaze_data,1741872109556,477.325439453125,359.29737091064453,1741872109398.9001,0.6106960140227604
1,1,block_2,2,Provo_ID11,4,1081799,1261614,1,gaze_data,1741872109596,473.5393166542053,369.5413678884506,1741872109465.2002,0.6106960140227604
1,1,block_2,2,Provo_ID11,4,1081799,1261614,1,gaze_data,1741872109644,329.4755220413208,366.6563242673874,1741872109498.1,0.5864713809127186
1,1,block_2,2,Provo_ID11,4,1081799,1261614,1,gaze_data,1741872109681,264.4947409629822,379.9595594406128,1741872109564.4001,0.5864713809127186
1,1,block_2,2,Provo_ID11,4,1081799,1261614,1,gaze_data,1741872109731,276.8806457519531,368.2424336671829,1741872109597.1,0.4547450284060687
1,1,block_2,2,Provo_ID11,4,1081799,1261614,1,gaze_data,1741872109777,186.7725372314453,353.8274824619293,1741872109631.7002,0.4547450284060687
1,1,block_2,2,Provo_ID11,4,1081799,1261614,1,gaze_data,1741872109832,145.10719776153564,343.58469992876053,1741872109698,0.5200752089723831
1,1,block_2,2,Provo_ID11,4,1081799,1261614,1,gaze_data,1741872109873,141.64199829101562,343.5050383210182,1741872109731.3,0.5200752089723831
1,1,block_2,2,Provo_ID11,4,1081799,1261614,1,gaze_data,1741872109894,135.01379489898682,355.6294798851013,1741872109797.7002,0.5200752089723831
1,1,block_2,2,Provo_ID11,4,1081799,1261614,1,gaze_data,1741872109945,128.85868549346924,376.36975049972534,1741872109831,0.49744516078066436
1,1,block_2,2,Provo_ID11,4,1081799,1261614,1,gaze_data,1741872109980,111.74986362457275,389.74252939224243,1741872109864.7002,0.49744516078066436
1,1,block_2,2,Provo_ID11,4,1081799,1261614,1,gaze_data,1741872110113,123.04830551147461,392.9089516401291,1741872109969,0.3725572314450982
1,1,block_2,2,Provo_ID11,4,1081799,1261614,1,gaze_data,1741872110141,126.19452476501465,411.1877143383026,1741872110031.7002,0.3725572314450982
1,1,block_2,2,Provo_ID11,4,1081799,1261614,1,gaze_data,1741872110187,131.08367919921875,411.310350894928,1741872110064.3,0.46123354989794313
1,1,block_2,2,Provo_ID11,4,1081799,1261614,1,gaze_data,1741872110217,135.2778673171997,410.6619864702225,1741872110097.7002,0.46123354989794313
1,1,block_2,2,Provo_ID11,4,1081799,1261614,1,gaze_data,1741872110266,132.7920436859131,396.3317632675171,1741872110130.9001,0.38477249385763235
1,1,block_2,2,Provo_ID11,4,1081799,1261614,1,gaze_data,1741872110300,117.53096580505371,393.1676656007767,1741872110164,0.38477249385763235
1,1,block_2,2,Provo_ID11,4,1081799,1261614,1,gaze_data,1741872110356,114.68863487243652,384.1828614473343,1741872110197,0.4026002131121843
1,1,block_2,2,Provo_ID11,4,1081799,1261614,1,gaze_data,1741872110394,104.36055660247803,382.88835287094116,1741872110264.1,0.4026002131121843
1,1,block_2,2,Provo_ID11,4,1081799,1261614,1,gaze_data,1741872110445,106.30583763122559,412.807559967041,1741872110297.5,0.4289211558808381
1,1,block_2,2,Provo_ID11,4,1081799,1261614,1,gaze_data,1741872110490,393.0228680372238,169.73152607679367,1741872110364.4001,0.4289211558808381
1,1,block_2,2,Provo_ID11,4,1081799,1261614,1,gaze_data,1741872110514,415.49487859010696,123.68266135454178,1741872110397.1,0.4289211558808381
1,1,block_2,2,Provo_ID11,4,1081799,1261614,1,gaze_data,1741872110570,317.3297047615051,235.0372564047575,1741872110431.3,0.5055129334848457
1,1,block_2,2,Provo_ID11,4,1081799,1261614,1,gaze_data,1741872110609,169.61030960083008,370.9154486656189,1741872110464.6,0.5055129334848457
1,1,block_2,2,Provo_ID11,4,1081799,1261614,1,gaze_data,1741872110664,174.74558353424072,411.4015609025955,1741872110531,0
1,1,block_2,2,Provo_ID11,4,1081799,1261614,1,gaze_data,1741872110705,180.16552925109863,450.2739667892456,1741872110565.3,0
1,1,block_2,2,Provo_ID11,4,1081799,1261614,1,gaze_data,1741872110729,180.67924976348877,424.6050029993057,1741872110630.7002,0
1,1,block_2,2,Provo_ID11,4,1081799,1261614,1,gaze_data,1741872110774,177.41873264312744,384.67683494091034,1741872110664.2002,0
1,1,block_2,2,Provo_ID11,4,1081799,1261614,1,gaze_data,1741872110806,163.24865818023682,360.48508286476135,1741872110697.3,0
1,1,block_2,2,Provo_ID11,4,1081799,1261614,1,gaze_data,1741872110868,211.90844774246216,359.3717873096466,1741872110730.3,0.159050721509767
1,1,block_2,2,Provo_ID11,4,1081799,1261614,1,gaze_data,1741872110920,215.64605236053467,344.63851749897003,1741872110764.3,0.159050721509767
1,1,block_2,2,Provo_ID11,4,1081799,1261614,1,gaze_data,1741872110980,196.96426391601562,385.67756712436676,1741872110831.2002,0.36137640297432266
1,1,block_2,2,Provo_ID11,4,1081799,1261614,1,gaze_data,1741872111012,187.09814548492432,369.8492109775543,1741872110897,0.36137640297432266
1,1,block_2,2,Provo_ID11,4,1081799,1261614,1,gaze_data,1741872111064,185.01474857330322,399.4105666875839,1741872110930.1,0.416395198728296
1,1,block_2,2,Provo_ID11,4,1081799,1261614,1,gaze_data,1741872111105,192.55573749542236,391.6555404663086,1741872110964.9001,0.416395198728296
1,1,block_2,2,Provo_ID11,4,1081799,1261614,1,gaze_data,1741872111205,195.57011127471924,391.792556643486,1741872110996.7002,0.40924166113630583
1,1,block_2,2,Provo_ID11,4,1081799,1261614,1,gaze_data,1741872111261,295.7888960838318,385.8862578868866,1741872111132.3,0.40924166113630583
1,1,block_2,2,Provo_ID11,4,1081799,1261614,1,gaze_data,1741872111310,290.2992010116577,386.1405462026596,1741872111164.9001,0.37294656975671175
1,1,block_2,2,Provo_ID11,4,1081799,1261614,1,gaze_data,1741872111349,282.8781008720398,388.41017186641693,1741872111230.5,0.37294656975671175
1,1,block_2,2,Provo_ID11,4,1081799,1261614,1,gaze_data,1741872111390,272.45285511016846,392.9075360298157,1741872111263.4001,0.5230296731208293
1,1,block_2,2,Provo_ID11,4,1081799,1261614,1,gaze_data,1741872111425,258.5307478904724,393.58789324760437,1741872111297.5,0.5230296731208293
1,1,block_2,2,Provo_ID11,4,1081799,1261614,1,gaze_data,1741872111450,274.72829818725586,377.18234062194824,1741872111330.5,0.5230296731208293
1,1,block_2,2,Provo_ID11,4,1081799,1261614,1,gaze_data,1741872111504,311.9144797325134,367.8425461053848,1741872111363.7002,0.3507767245018355
1,1,block_2,2,Provo_ID11,4,1081799,1261614,1,gaze_data,1741872111549,337.77981996536255,366.365110874176,1741872111396.9001,0.3507767245018355
1,1,block_2,2,Provo_ID11,4,1081799,1261614,1,gaze_data,1741872111653,324.7816801071167,375.39968490600586,1741872111430.3,0.5409638407006849
1,1,block_2,2,Provo_ID11,4,1081799,1261614,1,gaze_data,1741872111694,428.2190263271332,357.41420686244965,1741872111564.4001,0.5409638407006849
1,1,block_2,2,Provo_ID11,4,1081799,1261614,1,gaze_data,1741872111754,485.9621524810791,357.10856914520264,1741872111597.5,0.3864408719028699
1,1,block_2,2,Provo_ID11,4,1081799,1261614,1,gaze_data,1741872111816,484.86562967300415,357.1193426847458,1741872111663.9001,0.3864408719028699
1,1,block_2,2,Provo_ID11,4,1081799,1261614,1,gaze_data,1741872111843,472.8639245033264,358.6495578289032,1741872111730.1,0.3864408719028699
1,1,block_2,2,Provo_ID11,4,1081799,1261614,1,gaze_data,1741872111889,431.7736804485321,376.2729078531265,1741872111764.6,0.49133589978129005
1,1,block_2,2,Provo_ID11,4,1081799,1261614,1,gaze_data,1741872111923,439.41045105457306,368.59280467033386,1741872111796.6,0.49133589978129005
1,1,block_2,2,Provo_ID11,4,1081799,1261614,1,gaze_data,1741872111970,472.67024517059326,362.06566393375397,1741872111830.5,0.5855407887848432
1,1,block_2,2,Provo_ID11,4,1081799,1261614,1,gaze_data,1741872112014,449.57737624645233,359.7014158964157,1741872111864.2002,0.5855407887848432
1,1,block_2,2,Provo_ID11,4,1081799,1261614,1,gaze_data,1741872112035,459.26963686943054,338.3827194571495,1741872111929.7002,0.5855407887848432
1,1,block_2,2,Provo_ID11,4,1081799,1261614,1,gaze_data,1741872112081,348.76060485839844,178.2386027276516,1741872111963.9001,0.7467194829600524
1,1,block_2,2,Provo_ID11,4,1081799,1261614,1,gaze_data,1741872112116,323.96910190582275,65.90763330459595,1741872111996.8,0.7467194829600524
1,1,block_2,2,Provo_ID11,4,1081799,1261614,1,gaze_data,1741872112169,331.40296936035156,67.07713603973389,1741872112030.4001,0.7825074443846636
1,1,block_2,2,Provo_ID11,4,1081799,1261614,1,gaze_data,1741872112204,347.3195195198059,61.46614849567413,1741872112064.5,0.7825074443846636
1,1,block_2,2,Provo_ID11,4,1081799,1261614,1,gaze_data,1741872112255,222.7105975151062,99.83301758766174,1741872112129.8,1
1,1,block_2,2,Provo_ID11,4,1081799,1261614,1,gaze_data,1741872112301,180.430006980896,89.52999711036682,1741872112163.9001,1
1,1,block_2,2,Provo_ID11,4,1081799,1261614,1,gaze_data,1741872112350,150.77502727508545,100.59331953525543,1741872112197.1,1
1,1,block_2,2,Provo_ID11,4,1081799,1261614,1,gaze_data,1741872112390,149.2321014404297,104.75523620843887,1741872112263.1,1
1,1,block_2,2,Provo_ID11,4,1081799,1261614,1,gaze_data,1741872112411,143.3786153793335,101.75084918737411,1741872112296.8,1
1,1,block_2,2,Provo_ID11,4,1081799,1261614,1,gaze_data,1741872112459,137.12620735168457,99.59349632263184,1741872112329.5,1
1,1,block_2,2,Provo_ID11,4,1081799,1261614,1,gaze_data,1741872112513,137.3692274093628,92.98912286758423,1741872112363.5,1
1,1,block_2,2,Provo_ID11,4,1081799,1261614,1,gaze_data,1741872112607,148.59693050384521,85.64741015434265,1741872112466.9001,1
1,1,block_2,2,Provo_ID11,4,1081799,1261614,1,gaze_data,1741872112654,313.52059841156006,105.60223311185837,1741872112530.6,1
1,1,block_2,2,Provo_ID11,4,1081799,1261614,1,gaze_data,1741872112702,350.5235940217972,93.82787942886353,1741872112563.8,1
1,1,block_2,2,Provo_ID11,4,1081799,1261614,1,gaze_data,1741872112750,399.4182959198952,98.1539249420166,1741872112596.5,1
1,1,block_2,2,Provo_ID11,4,1081799,1261614,1,gaze_data,1741872112803,404.6235367655754,101.83860957622528,1741872112663.1,1
1,1,block_2,2,Provo_ID11,4,1081799,1261614,1,gaze_data,1741872112849,396.1303487420082,114.40194994211197,1741872112729.5,1
1,1,block_2,2,Provo_ID11,4,1081799,1261614,1,gaze_data,1741872112872,418.4045419096947,119.46987211704254,1741872112763.2002,1
1,1,block_2,2,Provo_ID11,4,1081799,1261614,1,gaze_data,1741872112922,411.9000807404518,127.59475260972977,1741872112797,1
1,1,block_2,2,Provo_ID11,4,1081799,1261614,1,gaze_data,1741872112955,411.665304005146,131.5209925174713,1741872112829.9001,1
1,1,block_2,2,Provo_ID11,4,1081799,1261614,1,gaze_data,1741872112978,294.3177103996277,135.94057261943817,1741872112863.2002,1
1,1,block_2,2,Provo_ID11,4,1081799,1261614,1,gaze_data,1741872113069,188.6686086654663,154.61420118808746,1741872112949.3,1
1,1,block_2,2,Provo_ID11,4,1081799,1261614,1,gaze_data,1741872113110,133.6254358291626,169.79243457317352,1741872112986.2002,1
1,1,block_2,2,Provo_ID11,4,1081799,1261614,1,gaze_data,1741872113159,152.73737907409668,157.515449821949,1741872113030,1
1,1,block_2,2,Provo_ID11,4,1081799,1261614,1,gaze_data,1741872113198,146.02408409118652,172.78193160891533,1741872113063.4001,1
1,1,block_2,2,Provo_ID11,4,1081799,1261614,1,gaze_data,1741872113242,181.4948320388794,164.50296193361282,1741872113095.8,1
1,1,block_2,2,Provo_ID11,4,1081799,1261614,1,gaze_data,1741872113286,181.8748950958252,161.04885786771774,1741872113163.2002,1
1,1,block_2,2,Provo_ID11,4,1081799,1261614,1,gaze_data,1741872113307,184.9010467529297,159.48291718959808,1741872113195.9001,1
1,1,block_2,2,Provo_ID11,4,1081799,1261614,1,gaze_data,1741872113357,251.37115716934204,179.3551355600357,1741872113230,1
1,1,block_2,2,Provo_ID11,4,1081799,1261614,1,gaze_data,1741872113392,264.1139626502991,169.58284601569176,1741872113263,1
1,1,block_2,2,Provo_ID11,4,1081799,1261614,1,gaze_data,1741872113441,272.3721385002136,155.7551607489586,1741872113296.2002,1
1,1,block_2,2,Provo_ID11,4,1081799,1261614,1,gaze_data,1741872113481,257.0714473724365,150.68421363830566,1741872113363.4001,1
1,1,block_2,2,Provo_ID11,4,1081799,1261614,1,gaze_data,1741872113502,187.5431776046753,191.41121432185173,1741872113395.7002,1
1,1,block_2,2,Provo_ID11,4,1081799,1261614,1,gaze_data,1741872113551,120.69869041442871,251.77862346172333,1741872113429.9001,1
1,1,block_2,2,Provo_ID11,4,1081799,1261614,1,gaze_data,1741872113584,126.11427307128906,251.37112885713577,1741872113462.8,1
1,1,block_2,2,Provo_ID11,4,1081799,1261614,1,gaze_data,1741872113607,122.99389839172363,252.5455117225647,1741872113496.6,1
1,1,block_2,2,Provo_ID11,4,1081799,1261614,1,gaze_data,1741872113661,133.34572315216064,253.28909642994404,1741872113529.9001,1
1,1,block_2,2,Provo_ID11,4,1081799,1261614,1,gaze_data,1741872113729,125.05738735198975,263.3772850036621,1741872113567.2002,1
1,1,block_2,2,Provo_ID11,4,1081799,1261614,1,gaze_data,1741872113803,231.5293550491333,244.83562298119068,1741872113663.7002,1
1,1,block_2,2,Provo_ID11,4,1081799,1261614,1,gaze_data,1741872113841,275.7189989089966,259.845482558012,1741872113729.7002,1
1,1,block_2,2,Provo_ID11,4,1081799,1261614,1,gaze_data,1741872113893,270.82332372665405,257.86248818039894,1741872113763,1
1,1,block_2,2,Provo_ID11,4,1081799,1261614,1,gaze_data,1741872113922,282.08134174346924,272.9537807404995,1741872113795.9001,1
1,1,block_2,2,Provo_ID11,4,1081799,1261614,1,gaze_data,1741872113973,280.48895597457886,267.8825430572033,1741872113829,1
1,1,block_2,2,Provo_ID11,4,1081799,1261614,1,gaze_data,1741872114024,287.05499172210693,275.72373524308205,1741872113896.1,1
1,1,block_2,2,Provo_ID11,4,1081799,1261614,1,gaze_data,1741872114077,322.7535605430603,274.9003641307354,1741872113929.2002,1
1,1,block_2,2,Provo_ID11,4,1081799,1261614,1,gaze_data,1741872114118,329.86634969711304,273.4558828175068,1741872113995.8,1
1,1,block_2,2,Provo_ID11,4,1081799,1261614,1,gaze_data,1741872114140,327.06087827682495,269.25203427672386,1741872114029.6,1
1,1,block_2,2,Provo_ID11,4,1081799,1261614,1,gaze_data,1741872114187,330.9351921081543,253.98065373301506,1741872114062.4001,1
1,1,block_2,2,Provo_ID11,4,1081799,1261614,1,gaze_data,1741872114221,389.4845739006996,213.9759635552764,1741872114095.9001,1
1,1,block_2,2,Provo_ID11,4,1081799,1261614,1,gaze_data,1741872114278,416.86756163835526,207.23781026899815,1741872114129.2002,1
1,1,block_2,2,Provo_ID11,4,1081799,1261614,1,gaze_data,1741872114360,419.3487524986267,197.9163497686386,1741872114163.8,1
1,1,block_2,2,Provo_ID11,4,1081799,1261614,1,gaze_data,1741872114420,144.8643922805786,257.26910904049873,1741872114262.9001,1
1,1,block_2,2,Provo_ID11,4,1081799,1261614,1,gaze_data,1741872114463,140.6581163406372,247.54588156938553,1741872114328.9001,1
1,1,block_2,2,Provo_ID11,4,1081799,1261614,1,gaze_data,1741872114512,143.84253025054932,268.498482555151,1741872114363.1,0.9729105316537314
1,1,block_2,2,Provo_ID11,4,1081799,1261614,1,gaze_data,1741872114542,149.0391492843628,262.04242408275604,1741872114429,0.9729105316537314
1,1,block_2,2,Provo_ID11,4,1081799,1261614,1,gaze_data,1741872114593,163.914155960083,258.8132977485657,1741872114462.2002,1
1,1,block_2,2,Provo_ID11,4,1081799,1261614,1,gaze_data,1741872114644,166.6536808013916,277.0925372838974,1741872114495.7002,1
1,1,block_2,2,Provo_ID11,4,1081799,1261614,1,gaze_data,1741872114698,166.6536808013916,277.0925372838974,1741872114529,1
1,1,block_2,2,Provo_ID11,4,1081799,1261614,1,gaze_data,1741872114775,252.7510643005371,269.2958027124405,1741872114630.5,1
1,1,block_2,2,Provo_ID11,4,1081799,1261614,1,gaze_data,1741872114817,235.58275699615479,294.08780336380005,1741872114696.5,1
1,1,block_2,2,Provo_ID11,4,1081799,1261614,1,gaze_data,1741872114866,238.27552795410156,291.1951079964638,1741872114728.9001,1
1,1,block_2,2,Provo_ID11,4,1081799,1261614,1,gaze_data,1741872114904,233.26187133789062,271.19012400507927,1741872114762.7002,1
1,1,block_2,2,Provo_ID11,4,1081799,1261614,1,gaze_data,1741872114960,254.8569679260254,258.64766389131546,1741872114834.5,1
1,1,block_2,2,Provo_ID11,4,1081799,1261614,1,gaze_data,1741872115010,310.8822822570801,265.30968248844147,1741872114863.1,1
1,1,block_2,2,Provo_ID11,4,1081799,1261614,1,gaze_data,1741872115035,322.2670555114746,278.55577543377876,1741872114928.4001,1
1,1,block_2,2,Provo_ID11,4,1081799,1261614,1,gaze_data,1741872115082,330.4285407066345,304.704649746418,1741872114962.7002,1
1,1,block_2,2,Provo_ID11,4,1081799,1261614,1,gaze_data,1741872115116,388.7309521436691,175.9345442056656,1741872114995.3,1
1,1,block_2,2,Provo_ID11,4,1081799,1261614,1,gaze_data,1741872115160,348.6824870109558,201.01240873336792,1741872115028.7002,1
1,1,block_2,2,Provo_ID11,4,1081799,1261614,1,gaze_data,1741872115215,158.49263668060303,289.40582126379013,1741872115062.2002,1
1,1,block_2,2,Provo_ID11,4,1081799,1261614,1,gaze_data,1741872115239,158.49263668060303,289.40582126379013,1741872115095.6,1
1,1,block_2,2,Provo_ID11,4,1081799,1261614,1,gaze_data,1741872115322,196.0646629333496,172.0359943807125,1741872115200.2002,0
1,1,block_2,2,Provo_ID11,4,1081799,1261614,1,gaze_data,1741872115364,191.08469486236572,150.0188171863556,1741872115229.9001,0
1,1,block_2,2,Provo_ID11,4,1081799,1261614,1,gaze_data,1741872115409,155.52210807800293,196.10872901976109,1741872115262.5,0
1,1,block_2,2,Provo_ID11,4,1081799,1261614,1,gaze_data,1741872115449,142.20519065856934,198.83299097418785,1741872115328.1,0
1,1,block_2,2,Provo_ID11,4,1081799,1261614,1,gaze_data,1741872115475,134.66002941131592,206.71133734285831,1741872115362.5,0
1,1,block_2,2,Provo_ID11,4,1081799,1261614,1,gaze_data,1741872115517,126.94571018218994,205.6940108537674,1741872115395.4001,0.7622264026593422
1,1,block_2,2,Provo_ID11,4,1081799,1261614,1,gaze_data,1741872115553,121.32151126861572,202.39571705460548,1741872115428.8,0.7622264026593422
1,1,block_2,2,Provo_ID11,4,1081799,1261614,1,gaze_data,1741872115605,182.5514793395996,202.77306661009789,1741872115462.2002,0.8672945064387751
1,1,block_2,2,Provo_ID11,4,1081799,1261614,1,gaze_data,1741872115642,204.02768850326538,194.24572251737118,1741872115528.7002,0.8672945064387751
1,1,block_2,2,Provo_ID11,4,1081799,1261614,1,gaze_data,1741872115675,216.31793975830078,195.05242481827736,1741872115563.1,0.8672945064387751
1,1,block_2,2,Provo_ID11,4,1081799,1261614,1,gaze_data,1741872115733,223.0334997177124,200.36052390933037,1741872115597.2002,1
1,1,block_2,2,Provo_ID11,4,1081799,1261614,1,gaze_data,1741872115776,463.38802576065063,266.51709750294685,1741872115629.9001,1
1,1,block_2,2,Provo_ID11,4,1081799,1261614,1,gaze_data,1741872115798,573.1341600418091,314.28874135017395,1741872115695.7002,1
1,1,block_2,2,Provo_ID11,4,1081799,1261614,1,gaze_data,1741872115849,591.9584393501282,315.32753109931946,1741872115729,1
1,1,block_2,2,Provo_ID11,4,1081799,1261614,1,gaze_data,1741872115883,605.2324295043945,323.259799182415,1741872115762,1
1,1,block_2,2,Provo_ID11,4,1081799,1261614,1,gaze_data,1741872115942,577.9718279838562,310.9238803386688,1741872115795.6,1
1,1,block_2,2,Provo_ID11,4,1081799,1261614,1,gaze_data,1741872115992,598.9277601242065,305.1951289176941,1741872115862,1
1,1,block_2,2,Provo_ID11,4,1081799,1261614,1,gaze_data,1741872116016,611.2908124923706,299.30312782526016,1741872115895.9001,1
1,1,block_2,2,Provo_ID11,4,1081799,1261614,1,gaze_data,1741872116068,610.9970808029175,283.08278918266296,1741872115928.2002,1
1,1,block_2,2,Provo_ID11,4,1081799,1261614,1,gaze_data,1741872116107,594.33833360672,281.7619949579239,1741872115994.7002,1
1,1,block_2,2,Provo_ID11,4,1081799,1261614,1,gaze_data,1741872116156,528.0633807182312,254.87513691186905,1741872116028.2002,1
1,1,block_2,2,Provo_ID11,4,1081799,1261614,1,gaze_data,1741872116200,226.06981992721558,159.31252986192703,1741872116061.7002,1
1,1,block_2,2,Provo_ID11,4,1081799,1261614,1,gaze_data,1741872116248,118.31393241882324,148.3837127685547,1741872116096.1,0.893507093661539
1,1,block_2,2,Provo_ID11,4,1081799,1261614,1,gaze_data,1741872116298,117.41490364074707,168.61108914017677,1741872116161.7002,0.893507093661539
1,1,block_2,2,Provo_ID11,4,1081799,1261614,1,gaze_data,1741872116410,140.63682556152344,196.95450775325298,1741872116194.9001,0.8085411802485081
1,1,block_2,2,Provo_ID11,4,1081799,1261614,1,gaze_data,1741872116456,189.05670642852783,259.53677520155907,1741872116329,0.8085411802485081
1,1,block_2,2,Provo_ID11,4,1081799,1261614,1,gaze_data,1741872116513,269.13673877716064,310.09939163923264,1741872116362.3,1
1,1,block_2,2,Provo_ID11,4,1081799,1261614,1,gaze_data,1741872116552,305.80281019210815,225.18499183352105,1741872116428.2002,1
1,1,block_2,2,Provo_ID11,4,1081799,1261614,1,gaze_data,1741872116599,361.7141753435135,217.2125064767897,1741872116461.3,1
1,1,block_2,2,Provo_ID11,4,1081799,1261614,1,gaze_data,1741872116639,318.5381770133972,228.43345780856907,1741872116496.1,1
1,1,block_2,2,Provo_ID11,4,1081799,1261614,1,gaze_data,1741872116690,261.68261766433716,252.2825863212347,1741872116561.8,0
1,1,block_2,2,Provo_ID11,4,1081799,1261614,1,gaze_data,1741872116742,297.1550941467285,216.16518534719944,1741872116595.4001,0
1,1,block_2,2,Provo_ID11,4,1081799,1261614,1,gaze_data,1741872116775,292.93580055236816,210.45994609594345,1741872116628.6,0
1,1,block_2,2,Provo_ID11,4,1081799,1261614,1,gaze_data,1741872116863,278.53169441223145,307.6246216893196,1741872116732.6,0.02679267103642769
1,1,block_2,2,Provo_ID11,4,1081799,1261614,1,gaze_data,1741872116903,329.7146677970886,15.892064571380615,1741872116761.7002,0.02679267103642769
1,1,block_2,2,Provo_ID11,4,1081799,1261614,1,gaze_data,1741872116952,318.097186088562,64.44651484489441,1741872116828,0.33556731758973607
1,1,block_2,2,Provo_ID11,4,1081799,1261614,1,gaze_data,1741872116986,195.31142711639404,226.90969731193036,1741872116860.7002,0.33556731758973607
1,1,block_2,2,Provo_ID11,4,1081799,1261614,1,gaze_data,1741872117035,183.95118713378906,360.7157379388809,1741872116894.9001,0
1,1,block_2,2,Provo_ID11,4,1081799,1261614,1,gaze_data,1741872117077,11.382532119750977,369.5786654949188,1741872116961.8,0
1,1,block_2,2,Provo_ID11,4,1081799,1261614,1,gaze_data,1741872117099,27.40914821624756,363.56279850006104,1741872116994.2002,0
1,1,block_2,2,Provo_ID11,4,1081799,1261614,1,gaze_data,1741872117152,67.02239513397217,348.1435015797615,1741872117028.6,0
1,1,block_2,2,Provo_ID11,4,1081799,1261614,1,gaze_data,1741872117192,45.32506465911865,362.45176792144775,1741872117061.4001,0
1,1,block_2,2,Provo_ID11,4,1081799,1261614,1,gaze_data,1741872117246,167.52912998199463,228.90826491639018,1741872117094.8,0.29788755827088775
1,1,block_2,2,Provo_ID11,4,1081799,1261614,1,gaze_data,1741872117273,159.87448692321777,210.5099804699421,1741872117161.3,0.29788755827088775
1,1,block_2,2,Provo_ID11,4,1081799,1261614,1,gaze_data,1741872117323,165.6498908996582,202.64824517071247,1741872117193.9001,0.9667246946923407
1,1,block_2,2,Provo_ID11,4,1081799,1261614,1,gaze_data,1741872117357,159.01226997375488,155.91289699077606,1741872117227.7002,0.9667246946923407
1,1,block_2,2,Provo_ID11,4,1081799,1261614,1,gaze_data,1741872117412,153.39021682739258,176.8042765557766,1741872117261,1
1,1,block_2,2,Provo_ID11,4,1081799,1261614,1,gaze_data,1741872117456,152.4505853652954,153.56798321008682,1741872117327.6,1
1,1,block_2,2,Provo_ID11,4,1081799,1261614,1,gaze_data,1741872117499,149.81069564819336,157.53978341817856,1741872117361.8,1
1,1,block_2,2,Provo_ID11,4,1081799,1261614,1,gaze_data,1741872117538,141.51062965393066,215.810533054173,1741872117394.4001,1
1,1,block_2,2,Provo_ID11,4,1081799,1261614,1,gaze_data,1741872117596,168.02618503570557,191.4485976099968,1741872117460.9001,1
1,1,block_2,2,Provo_ID11,4,1081799,1261614,1,gaze_data,1741872117679,146.8242645263672,240.91559126973152,1741872117572.5,1
1,1,block_2,2,Provo_ID11,4,1081799,1261614,1,gaze_data,1741872117741,239.09130096435547,223.7696607131511,1741872117605.4001,1
1,1,block_2,2,Provo_ID11,4,1081799,1261614,1,gaze_data,1741872117780,608.2921266555786,319.99751776456833,1741872117661.6,1
1,1,block_2,2,Provo_ID11,4,1081799,1261614,1,gaze_data,1741872117828,622.753119468689,317.83287078142166,1741872117694.3,1
1,1,block_2,2,Provo_ID11,4,1081799,1261614,1,gaze_data,1741872117877,640.3946399688721,327.11099684238434,1741872117727.8,1
1,1,block_2,2,Provo_ID11,4,1081799,1261614,1,gaze_data,1741872117906,623.3856678009033,318.9468666911125,1741872117794.6,1
1,1,block_2,2,Provo_ID11,4,1081799,1261614,1,gaze_data,1741872117976,594.2603349685669,304.2519897222519,1741872117828.3,0.9935026675809988
1,1,block_2,2,Provo_ID11,4,1081799,1261614,1,gaze_data,1741872118024,559.7974896430969,298.5344663262367,1741872117895.5,0.9935026675809988
1,1,block_2,2,Provo_ID11,4,1081799,1261614,1,gaze_data,1741872118085,599.409008026123,305.7032957673073,1741872117927.6,1
1,1,block_2,2,Provo_ID11,4,1081799,1261614,1,gaze_data,1741872118149,144.93815898895264,403.2461702823639,1741872117994.2002,1
1,1,block_2,2,Provo_ID11,4,1081799,1261614,1,gaze_data,1741872118180,97.45097160339355,416.71908497810364,1741872118062.9001,1
1,1,block_2,2,Provo_ID11,4,1081799,1261614,1,gaze_data,1741872118247,80.95409870147705,410.63519418239594,1741872118096.1,0.9765993403799356
1,1,block_2,2,Provo_ID11,4,1081799,1261614,1,gaze_data,1741872118308,78.39009761810303,402.0477890968323,1741872118129.3,0.9765993403799356
1,1,block_2,2,Provo_ID11,4,1081799,1261614,1,gaze_data,1741872118382,126.90143585205078,369.43832635879517,1741872118231.6,0.9915499950582394
1,1,block_2,2,Provo_ID11,4,1081799,1261614,1,gaze_data,1741872118434,122.01390266418457,387.27589547634125,1741872118294.6,0.9915499950582394
1,1,block_2,2,Provo_ID11,4,1081799,1261614,1,gaze_data,1741872118459,118.07839870452881,400.87071657180786,1741872118360.9001,0.9915499950582394
1,1,block_2,2,Provo_ID11,4,1081799,1261614,1,gaze_data,1741872118515,111.62683963775635,399.6671199798584,1741872118394.5,0.9411113261970687
1,1,block_2,2,Provo_ID11,4,1081799,1261614,1,gaze_data,1741872118553,76.59487724304199,379.61529791355133,1741872118427.5,0.9411113261970687
1,1,block_2,2,Provo_ID11,4,1081799,1261614,1,gaze_data,1741872118599,174.3433952331543,365.88958501815796,1741872118460.7002,1
1,1,block_2,2,Provo_ID11,4,1081799,1261614,1,gaze_data,1741872118644,291.93716049194336,344.0353333950043,1741872118495.2002,1
1,1,block_2,2,Provo_ID11,4,1081799,1261614,1,gaze_data,1741872118702,307.3984146118164,355.8230310678482,1741872118560.8,0.8428783568699463
1,1,block_2,2,Provo_ID11,4,1081799,1261614,1,gaze_data,1741872118788,285.7630252838135,366.5439695119858,1741872118678.9001,0.8428783568699463
1,1,block_2,2,Provo_ID11,4,1081799,1261614,1,gaze_data,1741872118847,337.5093936920166,352.1509528160095,1741872118710.9001,0.790239214953226
1,1,block_2,2,Provo_ID11,4,1081799,1261614,1,gaze_data,1741872118885,473.5054612159729,334.5797196030617,1741872118761.1,0.790239214953226
1,1,block_2,2,Provo_ID11,4,1081799,1261614,1,gaze_data,1741872118933,556.5978646278381,292.46476143598557,1741872118793.6,0.8748778478541936
1,1,block_2,2,Provo_ID11,4,1081799,1261614,1,gaze_data,1741872118967,683.9550971984863,156.07733130455017,1741872118860.1,0.8748778478541936
1,1,block_2,2,Provo_ID11,4,1081799,1261614,1,gaze_data,1741872119019,609.0748071670532,285.67952141165733,1741872118893.8,0.9573044999825546
1,1,block_2,2,Provo_ID11,4,1081799,1261614,1,gaze_data,1741872119055,710.3868007659912,277.6682771742344,1741872118926.9001,0.9573044999825546
1,1,block_2,2,Provo_ID11,4,1081799,1261614,1,gaze_data,1741872119109,537.413763999939,346.21107429265976,1741872118960.5,0.8794963844966173
1,1,block_2,2,Provo_ID11,4,1081799,1261614,1,gaze_data,1741872119150,548.0057120323181,357.27589428424835,1741872118994.2002,0.8794963844966173
1,1,block_2,2,Provo_ID11,4,1081799,1261614,1,gaze_data,1741872119214,690.949296951294,385.90695559978485,1741872119095.9001,0.8794963844966173
1,1,block_2,2,Provo_ID11,4,1081799,1261614,1,gaze_data,1741872119284,649.8061180114746,362.49073445796967,1741872119128.1,0.9253995564587303
1,1,block_2,2,Provo_ID11,4,1081799,1261614,1,gaze_data,1741872119335,522.7399468421936,321.677802503109,1741872119194.9001,0.9253995564587303
1,1,block_2,2,Provo_ID11,4,1081799,1261614,1,gaze_data,1741872119382,341.91837310791016,35.82765758037567,1741872119259.9001,1
1,1,block_2,2,Provo_ID11,4,1081799,1261614,1,gaze_data,1741872119420,396.6142952442169,21.88422381877899,1741872119294.5,1
1,1,block_2,2,Provo_ID11,4,1081799,1261614,1,gaze_data,1741872119447,463.9962434768677,17.32582449913025,1741872119327.2002,1
1,1,block_2,2,Provo_ID11,4,1081799,1261614,1,gaze_data,1741872119497,347.4776268005371,54.911619424819946,1741872119360.8,1
1,1,block_2,2,Provo_ID11,4,1081799,1261614,1,gaze_data,1741872119584,153.8466453552246,88.99964988231659,1741872119474.4001,1
1,1,block_2,2,Provo_ID11,4,1081799,1261614,1,gaze_data,1741872119640,2.249908447265625,192.4684964120388,1741872119500.9001,1
1,1,block_2,2,Provo_ID11,4,1081799,1261614,1,gaze_data,1741872119674,-9.627008438110352,183.97118374705315,1741872119560.7002,1
1,1,block_2,2,Provo_ID11,4,1081799,1261614,1,gaze_data,1741872119720,150.06749629974365,113.1898894906044,1741872119593.4001,1
1,1,block_2,2,Provo_ID11,4,1081799,1261614,1,gaze_data,1741872119754,162.00404167175293,114.80669528245926,1741872119626.8,1
1,1,block_2,2,Provo_ID11,4,1081799,1261614,1,gaze_data,1741872119798,155.15031814575195,120.54762095212936,1741872119659.9001,1
1,1,block_2,2,Provo_ID11,4,1081799,1261614,1,gaze_data,1741872119842,132.92346000671387,117.91368424892426,1741872119726.4001,1
1,1,block_2,2,Provo_ID11,4,1081799,1261614,1,gaze_data,1741872119871,124.67117309570312,101.99554860591888,1741872119760.3,1
1,1,block_2,2,Provo_ID11,4,1081799,1261614,1,gaze_data,1741872119932,83.47334861755371,140.44440388679504,1741872119793.7002,1
1,1,block_2,2,Provo_ID11,4,1081799,1261614,1,gaze_data,1741872119998,79.75006103515625,148.54189604520798,1741872119871.4001,1
1,1,block_2,2,Provo_ID11,4,1081799,1261614,1,gaze_data,1741872120063,282.65132904052734,140.42108356952667,1741872119927.3,1
1,1,block_2,2,Provo_ID11,4,1081799,1261614,1,gaze_data,1741872120102,268.6916470527649,190.25221690535545,1741872119961.2002,1
1,1,block_2,2,Provo_ID11,4,1081799,1261614,1,gaze_data,1741872120149,269.002902507782,125.2157524228096,1741872120026.6,1
1,1,block_2,2,Provo_ID11,4,1081799,1261614,1,gaze_data,1741872120189,272.07363843917847,114.9049386382103,1741872120059.9001,1
1,1,block_2,2,Provo_ID11,4,1081799,1261614,1,gaze_data,1741872120210,252.262282371521,188.28865736722946,1741872120093.8,1
1,1,block_2,2,Provo_ID11,4,1081799,1261614,1,gaze_data,1741872120252,238.50873708724976,149.31344091892242,1741872120126.4001,1
1,1,block_2,2,Provo_ID11,4,1081799,1261614,1,gaze_data,1741872120283,350.309482216835,252.37835608422756,1741872120160.3,1
1,1,block_2,2,Provo_ID11,4,1081799,1261614,1,gaze_data,1741872120341,443.61080527305603,138.69900107383728,1741872120193.3,1
1,1,block_2,2,Provo_ID11,4,1081799,1261614,1,gaze_data,1741872120418,441.60020649433136,129.6531319618225,1741872120308.7002,1
1,1,block_2,2,Provo_ID11,4,1081799,1261614,1,gaze_data,1741872120483,454.2011797428131,123.06785434484482,1741872120344.9001,0
1,1,block_2,2,Provo_ID11,4,1081799,1261614,1,gaze_data,1741872120517,498.5057234764099,54.892247915267944,1741872120393.3,0
1,1,block_2,2,Provo_ID11,4,1081799,1261614,1,gaze_data,1741872120556,497.8420615196228,38.72837722301483,1741872120426.4001,0
1,1,block_2,2,Provo_ID11,4,1081799,1261614,1,gaze_data,1741872120586,535.8332514762878,34.191763401031494,1741872120460.2002,0
1,1,block_2,2,Provo_ID11,4,1081799,1261614,1,gaze_data,1741872120619,535.8332514762878,34.191763401031494,1741872120493,0
1,1,block_2,2,Provo_ID11,4,1081799,1261614,1,gaze_data,1741872120675,418.610480427742,120.71571350097656,1741872120526.3,1
1,1,block_2,2,Provo_ID11,4,1081799,1261614,1,gaze_data,1741872120721,459.44361090660095,123.33267778158188,1741872120592.9001,1
1,1,block_2,2,Provo_ID11,4,1081799,1261614,1,gaze_data,1741872120769,458.2932233810425,128.83677184581757,1741872120626.9001,1
1,1,block_2,2,Provo_ID11,4,1081799,1261614,1,gaze_data,1741872120812,487.9133343696594,116.9181302189827,1741872120693.2002,1
1,1,block_2,2,Provo_ID11,4,1081799,1261614,1,gaze_data,1741872120857,472.951877117157,106.82058185338974,1741872120726.1,1
1,1,block_2,2,Provo_ID11,4,1081799,1261614,1,gaze_data,1741872120899,179.93943691253662,116.66262000799179,1741872120760.4001,1
1,1,block_2,2,Provo_ID11,4,1081799,1261614,1,gaze_data,1741872120921,167.31560230255127,107.07660615444183,1741872120826.4001,1
1,1,block_2,2,Provo_ID11,4,1081799,1261614,1,gaze_data,1741872120970,135.96599102020264,131.28017485141754,1741872120859.5,1
1,1,block_2,2,Provo_ID11,4,1081799,1261614,1,gaze_data,1741872121009,140.82653522491455,132.1984589099884,1741872120893.5,1
1,1,block_2,2,Provo_ID11,4,1081799,1261614,1,gaze_data,1741872121064,192.75081157684326,145.11867463588715,1741872120926.7002,1
1,1,block_2,2,Provo_ID11,4,1081799,1261614,1,gaze_data,1741872121108,140.74554443359375,166.88130274415016,1741872120992.7002,1
1,1,block_2,2,Provo_ID11,4,1081799,1261614,1,gaze_data,1741872121129,129.20830249786377,176.17172971367836,1741872121026.7002,1
1,1,block_2,2,Provo_ID11,4,1081799,1261614,1,gaze_data,1741872121177,123.95017147064209,167.60505214333534,1741872121060.3,1
1,1,block_2,2,Provo_ID11,4,1081799,1261614,1,gaze_data,1741872121217,114.15786743164062,168.12641769647598,1741872121094.2002,1
1,1,block_2,2,Provo_ID11,4,1081799,1261614,1,gaze_data,1741872121300,104.09266948699951,166.7058303952217,1741872121146.5,1
1,1,block_2,2,Provo_ID11,4,1081799,1261614,1,gaze_data,1741872121362,112.62192726135254,188.40607479214668,1741872121234.9001,1
1,1,block_2,2,Provo_ID11,4,1081799,1261614,1,gaze_data,1741872121419,113.98036479949951,175.1659907400608,1741872121293.2002,1
1,1,block_2,2,Provo_ID11,4,1081799,1261614,1,gaze_data,1741872121460,100.86057186126709,175.49187913537025,1741872121325.9001,1
1,1,block_2,2,Provo_ID11,4,1081799,1261614,1,gaze_data,1741872121507,166.59080982208252,183.31885188817978,1741872121359.6,1
1,1,block_2,2,Provo_ID11,4,1081799,1261614,1,gaze_data,1741872121551,156.19025230407715,195.59309855103493,1741872121426.4001,1
1,1,block_2,2,Provo_ID11,4,1081799,1261614,1,gaze_data,1741872121599,177.75044441223145,176.72235369682312,1741872121459.1,1
1,1,block_2,2,Provo_ID11,4,1081799,1261614,1,gaze_data,1741872121640,342.98315048217773,209.22187194228172,1741872121525.9001,1
1,1,block_2,2,Provo_ID11,4,1081799,1261614,1,gaze_data,1741872121661,370.57205736637115,197.35191985964775,1741872121559.5,1
1,1,block_2,2,Provo_ID11,4,1081799,1261614,1,gaze_data,1741872121784,371.8700557947159,189.95002135634422,1741872121668,1
1,1,block_2,2,Provo_ID11,4,1081799,1261614,1,gaze_data,1741872121851,349.396288394928,181.58249780535698,1741872121694.2002,1
1,1,block_2,2,Provo_ID11,4,1081799,1261614,1,gaze_data,1741872121888,378.16103994846344,176.05423405766487,1741872121760.6,1
1,1,block_2,2,Provo_ID11,4,1081799,1261614,1,gaze_data,1741872121940,480.2292227745056,179.73961532115936,1741872121792.6,1
1,1,block_2,2,Provo_ID11,4,1081799,1261614,1,gaze_data,1741872122001,489.4953727722168,186.73177659511566,1741872121859.2002,1
1,1,block_2,2,Provo_ID11,4,1081799,1261614,1,gaze_data,1741872122079,486.9308590888977,186.53968945145607,1741872121926.6,1
1,1,block_2,2,Provo_ID11,4,1081799,1261614,1,gaze_data,1741872122124,629.6564817428589,221.84803071431816,1741872121993.9001,1
1,1,block_2,2,Provo_ID11,4,1081799,1261614,1,gaze_data,1741872122160,642.4209117889404,212.86482401192188,1741872122030.8,1
1,1,block_2,2,Provo_ID11,4,1081799,1261614,1,gaze_data,1741872122210,636.5530967712402,220.5846108496189,1741872122059.6,1
1,1,block_2,2,Provo_ID11,4,1081799,1261614,1,gaze_data,1741872122245,632.7996969223022,231.25755824148655,1741872122125.5,1
1,1,block_2,2,Provo_ID11,4,1081799,1261614,1,gaze_data,1741872122298,635.7134580612183,227.7985170017928,1741872122159.5,1
1,1,block_2,2,Provo_ID11,4,1081799,1261614,1,gaze_data,1741872122337,166.27984046936035,334.12565141916275,1741872122226.2002,1
1,1,block_2,2,Provo_ID11,4,1081799,1261614,1,gaze_data,1741872122395,127.67987251281738,321.69429808855057,1741872122259.7002,1
1,1,block_2,2,Provo_ID11,4,1081799,1261614,1,gaze_data,1741872122444,90.49215316772461,348.9539757370949,1741872122292.7002,1
1,1,block_2,2,Provo_ID11,4,1081799,1261614,1,gaze_data,1741872122500,173.547101020813,260.1819097995758,1741872122359.1,1
1,1,block_2,2,Provo_ID11,4,1081799,1261614,1,gaze_data,1741872122567,175.29561519622803,270.3242212533951,1741872122413.3,1
1,1,block_2,2,Provo_ID11,4,1081799,1261614,1,gaze_data,1741872122630,315.1561141014099,273.08078706264496,1741872122498.2002,1
1,1,block_2,2,Provo_ID11,4,1081799,1261614,1,gaze_data,1741872122668,339.99119997024536,254.10540625452995,1741872122559.5,1
1,1,block_2,2,Provo_ID11,4,1081799,1261614,1,gaze_data,1741872122695,362.7466768026352,267.45270416140556,1741872122591.9001,1
1,1,block_2,2,Provo_ID11,4,1081799,1261614,1,gaze_data,1741872122740,362.8092437982559,266.1253832280636,1741872122625.8,0.9918480643807017
1,1,block_2,2,Provo_ID11,4,1081799,1261614,1,gaze_data,1741872122779,373.089736700058,266.9194847345352,1741872122659.9001,0.9918480643807017
1,1,block_2,2,Provo_ID11,4,1081799,1261614,1,gaze_data,1741872122837,449.1300493478775,262.1343716979027,1741872122692.5,0.9769836077649829
1,1,block_2,2,Provo_ID11,4,1081799,1261614,1,gaze_data,1741872122901,470.94945907592773,259.04826670885086,1741872122726.7002,0.9769836077649829
1,1,block_2,2,Provo_ID11,4,1081799,1261614,1,gaze_data,1741872122931,479.3801188468933,273.68077114224434,1741872122820.4001,0.9769836077649829
1,1,block_2,2,Provo_ID11,4,1081799,1261614,1,gaze_data,1741872122991,439.7485703229904,285.41060015559196,1741872122859.8,1
1,1,block_2,2,Provo_ID11,4,1081799,1261614,1,gaze_data,1741872123032,354.3537527322769,332.27615654468536,1741872122892.8,1
1,1,block_2,2,Provo_ID11,4,1081799,1261614,1,gaze_data,1741872123080,350.4942923784256,335.2731376886368,1741872122958.9001,1
1,1,block_2,2,Provo_ID11,4,1081799,1261614,1,gaze_data,1741872123111,354.5314162969589,329.62070256471634,1741872122991.7002,1
1,1,block_2,2,Provo_ID11,4,1081799,1261614,1,gaze_data,1741872123162,371.3298976421356,339.5219877362251,1741872123025.7002,0.8920874421109297
1,1,block_2,2,Provo_ID11,4,1081799,1261614,1,gaze_data,1741872123209,403.5238675773144,336.165814101696,1741872123092.2002,0.8920874421109297
1,1,block_2,2,Provo_ID11,4,1081799,1261614,1,gaze_data,1741872123270,463.64697217941284,351.85443460941315,1741872123125.5,0.9662777536163376
1,1,block_2,2,Provo_ID11,4,1081799,1261614,1,gaze_data,1741872123347,502.908718585968,367.7249163389206,1741872123236.3,0.9662777536163376
1,1,block_2,2,Provo_ID11,4,1081799,1261614,1,gaze_data,1741872123374,512.838089466095,363.55235278606415,1741872123265.1,0.9662777536163376
1,1,block_2,2,Provo_ID11,4,1081799,1261614,1,gaze_data,1741872123427,510.40797233581543,371.0515260696411,1741872123292.9001,0.9575638693915844
1,1,block_2,2,Provo_ID11,4,1081799,1261614,1,gaze_data,1741872123462,348.9940404891968,337.29220777750015,1741872123325,0.9575638693915844
1,1,block_2,2,Provo_ID11,4,1081799,1261614,1,gaze_data,1741872123511,170.38075923919678,347.2483664751053,1741872123391.2002,1
1,1,block_2,2,Provo_ID11,4,1081799,1261614,1,gaze_data,1741872123546,136.05499267578125,363.26726377010345,1741872123425.2002,1
1,1,block_2,2,Provo_ID11,4,1081799,1261614,1,gaze_data,1741872123596,161.9997501373291,380.9664011001587,1741872123458.6,0.7373214478422342
1,1,block_2,2,Provo_ID11,4,1081799,1261614,1,gaze_data,1741872123632,151.39858722686768,389.04829919338226,1741872123525.1,0.7373214478422342
1,1,block_2,2,Provo_ID11,4,1081799,1261614,1,gaze_data,1741872123694,130.02541065216064,382.4002802371979,1741872123558.7002,0.6727464927078777
1,1,block_2,2,Provo_ID11,4,1081799,1261614,1,gaze_data,1741872123774,119.99385356903076,382.3183536529541,1741872123641.1,0.6727464927078777
1,1,block_2,2,Provo_ID11,4,1081799,1261614,1,gaze_data,1741872123836,107.27968215942383,394.0548360347748,1741872123693.1,0.6828327053441392
1,1,block_2,2,Provo_ID11,4,1081799,1261614,1,gaze_data,1741872123874,133.8367223739624,368.9901292324066,1741872123758.5,0.6828327053441392
1,1,block_2,2,Provo_ID11,4,1081799,1261614,1,gaze_data,1741872123919,329.3662905693054,294.71412152051926,1741872123791.5,0.7353106942471154
1,1,block_2,2,Provo_ID11,4,1081799,1261614,1,gaze_data,1741872123958,366.196072101593,292.0338273048401,1741872123825.4001,0.7353106942471154
1,1,block_2,2,Provo_ID11,4,1081799,1261614,1,gaze_data,1741872124009,372.8392392396927,284.96471643447876,1741872123858.3,0.7130346640956612
1,1,block_2,2,Provo_ID11,4,1081799,1261614,1,gaze_data,1741872124051,380.3307831287384,295.97028195858,1741872123924.9001,0.7130346640956612
1,1,block_2,2,Provo_ID11,4,1081799,1261614,1,gaze_data,1741872124080,374.257230758667,296.83749973773956,1741872123959.6,0.7130346640956612
1,1,block_2,2,Provo_ID11,4,1081799,1261614,1,gaze_data,1741872124148,354.3741911649704,295.05367428064346,1741872123992.9001,0.9505396895840463
1,1,block_2,2,Provo_ID11,4,1081799,1261614,1,gaze_data,1741872124230,340.0987505912781,296.6622993350029,1741872124111.7002,0.9505396895840463
1,1,block_2,2,Provo_ID11,4,1081799,1261614,1,gaze_data,1741872124290,304.36551570892334,269.75419595837593,1741872124158.6,1
1,1,block_2,2,Provo_ID11,4,1081799,1261614,1,gaze_data,1741872124324,326.88552141189575,281.3235580921173,1741872124191.3,1
1,1,block_2,2,Provo_ID11,4,1081799,1261614,1,gaze_data,1741872124366,290.8714532852173,279.30130288004875,1741872124225.1,0.898339940606077
1,1,block_2,2,Provo_ID11,4,1081799,1261614,1,gaze_data,1741872124404,143.26739311218262,266.9784113764763,1741872124291.9001,0.898339940606077
1,1,block_2,2,Provo_ID11,4,1081799,1261614,1,gaze_data,1741872124428,116.16764068603516,268.23751479387283,1741872124324.6,0.898339940606077
1,1,block_2,2,Provo_ID11,4,1081799,1261614,1,gaze_data,1741872124479,109.52649116516113,269.1625155508518,1741872124358.5,0.9825987651848456
1,1,block_2,2,Provo_ID11,4,1081799,1261614,1,gaze_data,1741872124520,108.5994005203247,258.8132977485657,1741872124391.3,0.9825987651848456
1,1,block_2,2,Provo_ID11,4,1081799,1261614,1,gaze_data,1741872124544,99.90136623382568,290.62189757823944,1741872124425.5,0.9825987651848456
1,1,block_2,2,Provo_ID11,4,1081799,1261614,1,gaze_data,1741872124587,105.51636219024658,316.01080894470215,1741872124457.9001,0.8119999633118913
1,1,block_2,2,Provo_ID11,4,1081799,1261614,1,gaze_data,1741872124622,198.71222972869873,325.80134868621826,1741872124491.6,0.8119999633118913
1,1,block_2,2,Provo_ID11,4,1081799,1261614,1,gaze_data,1741872124680,359.730926156044,305.11678606271744,1741872124524.8,0.9072364859219557
1,1,block_2,2,Provo_ID11,4,1081799,1261614,1,gaze_data,1741872124714,374.8100817203522,291.33876264095306,1741872124591.6,0.9072364859219557
1,1,block_2,2,Provo_ID11,4,1081799,1261614,1,gaze_data,1741872124760,356.785848736763,279.85133081674576,1741872124625.4001,0.9278021986855034
1,1,block_2,2,Provo_ID11,4,1081799,1261614,1,gaze_data,1741872124796,358.2388073205948,275.9425662457943,1741872124658.7002,0.9278021986855034
1,1,block_2,2,Provo_ID11,4,1081799,1261614,1,gaze_data,1741872124825,375.0734955072403,279.73433434963226,1741872124724.6,0.9278021986855034
1,1,block_2,2,Provo_ID11,4,1081799,1261614,1,gaze_data,1741872124887,420.7401841878891,278.63600328564644,1741872124758.3,0.976135949663977
1,1,block_2,2,Provo_ID11,4,1081799,1261614,1,gaze_data,1741872124921,467.11342334747314,282.8095279633999,1741872124791.5,0.976135949663977
1,1,block_2,2,Provo_ID11,4,1081799,1261614,1,gaze_data,1741872124982,473.0030298233032,265.4406376183033,1741872124825.1,1
1,1,block_2,2,Provo_ID11,4,1081799,1261614,1,gaze_data,1741872125035,473.0030298233032,265.4406376183033,1741872124857.8,1
1,1,block_2,2,Provo_ID11,4,1081799,1261614,1,gaze_data,1741872125068,448.7634748220444,278.61564829945564,1741872124959.1,1
1,1,block_2,2,Provo_ID11,4,1081799,1261614,1,gaze_data,1741872125130,428.6773443222046,294.0500810742378,1741872124991.8,0.9315918000318462
1,1,block_2,2,Provo_ID11,4,1081799,1261614,1,gaze_data,1741872125164,415.6066820025444,282.7862747013569,1741872125057.6,0.9315918000318462
1,1,block_2,2,Provo_ID11,4,1081799,1261614,1,gaze_data,1741872125217,458.64288806915283,339.6264523267746,1741872125091.2002,1
1,1,block_2,2,Provo_ID11,4,1081799,1261614,1,gaze_data,1741872125246,472.5485682487488,226.09623291064054,1741872125124.5,1
1,1,block_2,2,Provo_ID11,4,1081799,1261614,1,gaze_data,1741872125289,489.36564922332764,116.76888018846512,1741872125158,0.7546677864385343
1,1,block_2,2,Provo_ID11,4,1081799,1261614,1,gaze_data,1741872125324,434.45001244544983,234.2964917421341,1741872125191.9001,0.7546677864385343
1,1,block_2,2,Provo_ID11,4,1081799,1261614,1,gaze_data,1741872125353,226.97532176971436,388.78892958164215,1741872125224.7002,0.7546677864385343
1,1,block_2,2,Provo_ID11,4,1081799,1261614,1,gaze_data,1741872125405,228.94874811172485,418.53561103343964,1741872125257.6,0
1,1,block_2,2,Provo_ID11,4,1081799,1261614,1,gaze_data,1741872125445,91.97714328765869,431.0997635126114,1741872125324.4001,0
1,1,block_2,2,Provo_ID11,4,1081799,1261614,1,gaze_data,1741872125503,94.05748844146729,437.1877670288086,1741872125358.2002,0
1,1,block_2,2,Provo_ID11,4,1081799,1261614,1,gaze_data,1741872125566,88.74890804290771,445.8631783723831,1741872125391.5,0
1,1,block_2,2,Provo_ID11,4,1081799,1261614,1,gaze_data,1741872125602,206.19386434555054,430.53945004940033,1741872125498.6,0
1,1,block_2,2,Provo_ID11,4,1081799,1261614,1,gaze_data,1741872125665,228.27110290527344,389.49250280857086,1741872125524.9001,0
1,1,block_2,2,Provo_ID11,4,1081799,1261614,1,gaze_data,1741872125694,399.59311187267303,351.13706290721893,1741872125591,0
1,1,block_2,2,Provo_ID11,4,1081799,1261614,1,gaze_data,1741872125741,435.809201002121,333.9935675263405,1741872125624.3,0.3964304653687656
1,1,block_2,2,Provo_ID11,4,1081799,1261614,1,gaze_data,1741872125775,453.41224670410156,345.29776722192764,1741872125657.6,0.3964304653687656
1,1,block_2,2,Provo_ID11,4,1081799,1261614,1,gaze_data,1741872125836,412.64575123786926,381.26657009124756,1741872125690.9001,0.3119078474260859
1,1,block_2,2,Provo_ID11,4,1081799,1261614,1,gaze_data,1741872125910,432.8316479921341,380.6806117296219,1741872125739.3,0.3119078474260859
1,1,block_2,2,Provo_ID11,4,1081799,1261614,1,gaze_data,1741872125976,459.0592622756958,396.6456711292267,1741872125809.9001,0.5012956795443407
1,1,block_2,2,Provo_ID11,4,1081799,1261614,1,gaze_data,1741872126022,521.7089653015137,391.7941212654114,1741872125891.5,0.5012956795443407
1,1,block_2,2,Provo_ID11,4,1081799,1261614,1,gaze_data,1741872126047,559.5375895500183,391.31200909614563,1741872125924,0.5012956795443407
1,1,block_2,2,Provo_ID11,4,1081799,1261614,1,gaze_data,1741872126096,564.2274975776672,394.3028062582016,1741872125958.5,0.5432877945528559
1,1,block_2,2,Provo_ID11,4,1081799,1261614,1,gaze_data,1741872126126,332.63511657714844,163.7943632900715,1741872126024.8,0.5432877945528559
1,1,block_2,2,Provo_ID11,4,1081799,1261614,1,gaze_data,1741872126189,220.534348487854,98.46798181533813,1741872126057.7002,0.5900374222432462
1,1,block_2,2,Provo_ID11,4,1081799,1261614,1,gaze_data,1741872126223,229.85609769821167,60.34042537212372,1741872126091.2002,0.5900374222432462
1,1,block_2,2,Provo_ID11,4,1081799,1261614,1,gaze_data,1741872126273,176.34403705596924,105.23844361305237,1741872126124.2002,1
1,1,block_2,2,Provo_ID11,4,1081799,1261614,1,gaze_data,1741872126336,170.75421810150146,101.35878473520279,1741872126190.5,1
1,1,block_2,2,Provo_ID11,4,1081799,1261614,1,gaze_data,1741872126428,179.1459560394287,112.70897686481476,1741872126291.8,1
1,1,block_2,2,Provo_ID11,4,1081799,1261614,1,gaze_data,1741872126467,218.49865913391113,105.1930770277977,1741872126357.9001,1
1,1,block_2,2,Provo_ID11,4,1081799,1261614,1,gaze_data,1741872126517,216.63572788238525,101.05917453765869,1741872126390.6,1
1,1,block_2,2,Provo_ID11,4,1081799,1261614,1,gaze_data,1741872126546,220.82659006118774,94.22629177570343,1741872126423.9001,1
1,1,block_2,2,Provo_ID11,4,1081799,1261614,1,gaze_data,1741872126595,211.45204305648804,99.85860288143158,1741872126457.1,1
1,1,block_2,2,Provo_ID11,4,1081799,1261614,1,gaze_data,1741872126642,228.09460163116455,106.78490102291107,1741872126523.8,1
1,1,block_2,2,Provo_ID11,4,1081799,1261614,1,gaze_data,1741872126667,284.2800736427307,117.4315944314003,1741872126557.5,1
1,1,block_2,2,Provo_ID11,4,1081799,1261614,1,gaze_data,1741872126714,399.61984157562256,114.66143131256104,1741872126590.9001,1
1,1,block_2,2,Provo_ID11,4,1081799,1261614,1,gaze_data,1741872126755,405.80980256199837,107.42026418447495,1741872126624.3,1
1,1,block_2,2,Provo_ID11,4,1081799,1261614,1,gaze_data,1741872126782,413.7628063559532,109.7600668668747,1741872126657.6,1
1,1,block_2,2,Provo_ID11,4,1081799,1261614,1,gaze_data,1741872126868,410.5153061449528,116.71653240919113,1741872126743.6,1
1,1,block_2,2,Provo_ID11,4,1081799,1261614,1,gaze_data,1741872126909,383.5078090429306,115.99251478910446,1741872126790.9001,1
1,1,block_2,2,Provo_ID11,4,1081799,1261614,1,gaze_data,1741872126956,404.55788001418114,109.15829092264175,1741872126824,1
1,1,block_2,2,Provo_ID11,4,1081799,1261614,1,gaze_data,1741872126995,467.5045847892761,101.95915997028351,1741872126857.7002,1
1,1,block_2,2,Provo_ID11,4,1081799,1261614,1,gaze_data,1741872127044,471.15373611450195,112.13439553976059,1741872126923.5,1
1,1,block_2,2,Provo_ID11,4,1081799,1261614,1,gaze_data,1741872127089,461.5216135978699,106.58366829156876,1741872126957.3,1
1,1,block_2,2,Provo_ID11,4,1081799,1261614,1,gaze_data,1741872127145,378.98484468460083,84.11363363265991,1741872126990.2002,1
1,1,block_2,2,Provo_ID11,4,1081799,1261614,1,gaze_data,1741872127202,338.8636589050293,85.05274951457977,1741872127057.6,1
1,1,block_2,2,Provo_ID11,4,1081799,1261614,1,gaze_data,1741872127265,324.1498351097107,84.65162515640259,1741872127127.2002,1
1,1,block_2,2,Provo_ID11,4,1081799,1261614,1,gaze_data,1741872127319,331.1396360397339,98.80890548229218,1741872127190.7002,1
1,1,block_2,2,Provo_ID11,4,1081799,1261614,1,gaze_data,1741872127358,326.06420516967773,95.34624814987183,1741872127224.1,1
1,1,block_2,2,Provo_ID11,4,1081799,1261614,1,gaze_data,1741872127405,250.6817102432251,85.87876558303833,1741872127257,1
1,1,block_2,2,Provo_ID11,4,1081799,1261614,1,gaze_data,1741872127443,230.05601167678833,84.68489944934845,1741872127323.4001,1
1,1,block_2,2,Provo_ID11,4,1081799,1261614,1,gaze_data,1741872127487,227.9623508453369,85.49672961235046,1741872127357.4001,1
1,1,block_2,2,Provo_ID11,4,1081799,1261614,1,gaze_data,1741872127523,232.65783786773682,79.91466522216797,1741872127390.9001,1
1,1,block_2,2,Provo_ID11,4,1081799,1261614,1,gaze_data,1741872127549,230.03239631652832,78.52437198162079,1741872127423.6,1
1,1,block_2,2,Provo_ID11,4,1081799,1261614,1,gaze_data,1741872127601,226.7620086669922,83.54493081569672,1741872127456.7002,1
1,1,block_2,2,Provo_ID11,4,1081799,1261614,1,gaze_data,1741872127636,160.66269874572754,81.86329007148743,1741872127523.1,1
1,1,block_2,2,Provo_ID11,4,1081799,1261614,1,gaze_data,1741872127690,145.89076042175293,79.48019206523895,1741872127557.4001,1
1,1,block_2,2,Provo_ID11,4,1081799,1261614,1,gaze_data,1741872127729,166.12844467163086,77.02358663082123,1741872127590,1
1,1,block_2,2,Provo_ID11,4,1081799,1261614,1,gaze_data,1741872127777,346.50630950927734,92.3279732465744,1741872127656.5,1
1,1,block_2,2,Provo_ID11,4,1081799,1261614,1,gaze_data,1741872127819,400.9164959192276,98.28110635280609,1741872127690.3,1
1,1,block_2,2,Provo_ID11,4,1081799,1261614,1,gaze_data,1741872127849,442.72127747535706,100.1879557967186,1741872127724.9001,1
1,1,block_2,2,Provo_ID11,4,1081799,1261614,1,gaze_data,1741872127900,469.86169815063477,99.22400712966919,1741872127757.1,1
1,1,block_2,2,Provo_ID11,4,1081799,1261614,1,gaze_data,1741872127944,474.399197101593,110.56249439716339,1741872127823.4001,1
1,1,block_2,2,Provo_ID11,4,1081799,1261614,1,gaze_data,1741872127995,466.745388507843,118.70755106210709,1741872127857.1,1
1,1,block_2,2,Provo_ID11,4,1081799,1261614,1,gaze_data,1741872128035,533.4234237670898,97.21938371658325,1741872127923,1
1,1,block_2,2,Provo_ID11,4,1081799,1261614,1,gaze_data,1741872128099,553.5886406898499,95.48090994358063,1741872127956.9001,1
1,1,block_2,2,Provo_ID11,4,1081799,1261614,1,gaze_data,1741872128179,575.8641242980957,93.31477284431458,1741872128057.7002,1
1,1,block_2,2,Provo_ID11,4,1081799,1261614,1,gaze_data,1741872128252,572.4838614463806,104.71407175064087,1741872128092.3,1
1,1,block_2,2,Provo_ID11,4,1081799,1261614,1,gaze_data,1741872128288,561.7091059684753,117.86147803068161,1741872128157,1
1,1,block_2,2,Provo_ID11,4,1081799,1261614,1,gaze_data,1741872128340,561.1921548843384,102.79833376407623,1741872128189.5,1
1,1,block_2,2,Provo_ID11,4,1081799,1261614,1,gaze_data,1741872128375,573.8409519195557,98.75771999359131,1741872128256,1
1,1,block_2,2,Provo_ID11,4,1081799,1261614,1,gaze_data,1741872128471,450.26471614837646,91.80960655212402,1741872128289.7002,1
1,1,block_2,2,Provo_ID11,4,1081799,1261614,1,gaze_data,1741872128551,125.6122350692749,189.63361009955406,1741872128391.3,1
1,1,block_2,2,Provo_ID11,4,1081799,1261614,1,gaze_data,1741872128610,132.3948860168457,221.59565091133118,1741872128457.9001,1
1,1,block_2,2,Provo_ID11,4,1081799,1261614,1,gaze_data,1741872128650,74.30510520935059,194.50851567089558,1741872128523.3,1
1,1,block_2,2,Provo_ID11,4,1081799,1261614,1,gaze_data,1741872128676,54.537343978881836,200.3664955496788,1741872128556.9001,1
1,1,block_2,2,Provo_ID11,4,1081799,1261614,1,gaze_data,1741872128718,100.99217891693115,182.60007947683334,1741872128589.6,1
1,1,block_2,2,Provo_ID11,4,1081799,1261614,1,gaze_data,1741872128752,114.45868015289307,174.77160543203354,1741872128623.2002,1
1,1,block_2,2,Provo_ID11,4,1081799,1261614,1,gaze_data,1741872128808,283.22283029556274,177.61496677994728,1741872128656.1,1
1,1,block_2,2,Provo_ID11,4,1081799,1261614,1,gaze_data,1741872128853,306.2812805175781,186.4221677184105,1741872128722.9001,1
1,1,block_2,2,Provo_ID11,4,1081799,1261614,1,gaze_data,1741872128903,307.517409324646,196.78917564451694,1741872128757,1
1,1,block_2,2,Provo_ID11,4,1081799,1261614,1,gaze_data,1741872128946,295.82815170288086,193.7275066971779,1741872128823.3,1
1,1,block_2,2,Provo_ID11,4,1081799,1261614,1,gaze_data,1741872128990,363.4294480085373,178.5720758140087,1741872128856.1,1
1,1,block_2,2,Provo_ID11,4,1081799,1261614,1,gaze_data,1741872129032,407.23880380392075,178.61985638737679,1741872128890.2002,1
1,1,block_2,2,Provo_ID11,4,1081799,1261614,1,gaze_data,1741872129061,431.8551152944565,195.8452969789505,1741872128956.6,1
1,1,block_2,2,Provo_ID11,4,1081799,1261614,1,gaze_data,1741872129139,427.34850347042084,174.87308979034424,1741872129006.9001,1
1,1,block_2,2,Provo_ID11,4,1081799,1261614,1,gaze_data,1741872129195,451.06866359710693,188.53976801037788,1741872129057.3,1
1,1,block_2,2,Provo_ID11,4,1081799,1261614,1,gaze_data,1741872129250,543.349039554596,182.85827189683914,1741872129123.2002,1
1,1,block_2,2,Provo_ID11,4,1081799,1261614,1,gaze_data,1741872129289,566.3652896881104,197.4158365279436,1741872129156.7002,1
1,1,block_2,2,Provo_ID11,4,1081799,1261614,1,gaze_data,1741872129330,550.4417419433594,194.9878841638565,1741872129189.9001,1
1,1,block_2,2,Provo_ID11,4,1081799,1261614,1,gaze_data,1741872129366,355.7204931974411,219.27411518990993,1741872129256.1,1
1,1,block_2,2,Provo_ID11,4,1081799,1261614,1,gaze_data,1741872129394,206.05405569076538,260.202756524086,1741872129289.5,1
1,1,block_2,2,Provo_ID11,4,1081799,1261614,1,gaze_data,1741872129469,202.14840173721313,241.11621864140034,1741872129322.7002,1
1,1,block_2,2,Provo_ID11,4,1081799,1261614,1,gaze_data,1741872129541,188.3613109588623,261.8618555366993,1741872129390.1,1
1,1,block_2,2,Provo_ID11,4,1081799,1261614,1,gaze_data,1741872129598,248.64122867584229,267.4932949244976,1741872129456.5,1
1,1,block_2,2,Provo_ID11,4,1081799,1261614,1,gaze_data,1741872129628,234.47023630142212,277.90253460407257,1741872129522.8,1
1,1,block_2,2,Provo_ID11,4,1081799,1261614,1,gaze_data,1741872129673,203.97340059280396,277.4227134883404,1741872129555.9001,1
1,1,block_2,2,Provo_ID11,4,1081799,1261614,1,gaze_data,1741872129705,166.4496660232544,276.8688000738621,1741872129589.1,1
1,1,block_2,2,Provo_ID11,4,1081799,1261614,1,gaze_data,1741872129761,136.9354248046875,275.4615902900696,1741872129622.2002,1
1,1,block_2,2,Provo_ID11,4,1081799,1261614,1,gaze_data,1741872129810,119.38285827636719,276.7359636723995,1741872129689.6,1
1,1,block_2,2,Provo_ID11,4,1081799,1261614,1,gaze_data,1741872129865,169.91782188415527,275.4327639937401,1741872129722.4001,0.9891845687208654
1,1,block_2,2,Provo_ID11,4,1081799,1261614,1,gaze_data,1741872129911,260.6988549232483,265.6948812305927,1741872129789.5,0.9891845687208654
1,1,block_2,2,Provo_ID11,4,1081799,1261614,1,gaze_data,1741872129933,278.1707763671875,280.42149022221565,1741872129822.9001,0.9891845687208654
1,1,block_2,2,Provo_ID11,4,1081799,1261614,1,gaze_data,1741872130017,270.9270119667053,284.4262294471264,1741872129856.4001,1
1,1,block_2,2,Provo_ID11,4,1081799,1261614,1,gaze_data,1741872130063,458.16311836242676,106.20289891958237,1741872129930.3,1
1,1,block_2,2,Provo_ID11,4,1081799,1261614,1,gaze_data,1741872130109,480.5513262748718,164.76647034287453,1741872129988.9001,1
1,1,block_2,2,Provo_ID11,4,1081799,1261614,1,gaze_data,1741872130150,358.3672732114792,282.36979469656944,1741872130023.4001,1
1,1,block_2,2,Provo_ID11,4,1081799,1261614,1,gaze_data,1741872130173,268.9087390899658,332.2593629360199,1741872130056,1
1,1,block_2,2,Provo_ID11,4,1081799,1261614,1,gaze_data,1741872130224,375.0276803970337,379.61641550064087,1741872130089.8,0
1,1,block_2,2,Provo_ID11,4,1081799,1261614,1,gaze_data,1741872130258,359.09882485866547,275.5886562168598,1741872130122.6,0
1,1,block_2,2,Provo_ID11,4,1081799,1261614,1,gaze_data,1741872130328,313.2645010948181,319.4007635116577,1741872130188.8,0
1,1,block_2,2,Provo_ID11,4,1081799,1261614,1,gaze_data,1741872130390,383.1932067871094,299.83748346567154,1741872130257.9001,0
1,1,block_2,2,Provo_ID11,4,1081799,1261614,1,gaze_data,1741872130450,456.01823329925537,292.8485706448555,1741872130289.9001,0.4245451190148863
1,1,block_2,2,Provo_ID11,4,1081799,1261614,1,gaze_data,1741872130485,495.23680210113525,295.3167915344238,1741872130356,0.4245451190148863
1,1,block_2,2,Provo_ID11,4,1081799,1261614,1,gaze_data,1741872130528,474.70284700393677,291.31074845790863,1741872130389,0.6611826617356188
1,1,block_2,2,Provo_ID11,4,1081799,1261614,1,gaze_data,1741872130567,480.1151990890503,291.3854628801346,1741872130455.2002,0.6611826617356188
1,1,block_2,2,Provo_ID11,4,1081799,1261614,1,gaze_data,1741872130613,534.947669506073,293.266324698925,1741872130489,1
1,1,block_2,2,Provo_ID11,4,1081799,1261614,1,gaze_data,1741872130658,591.7649984359741,300.6317526102066,1741872130522.2002,1
1,1,block_2,2,Provo_ID11,4,1081799,1261614,1,gaze_data,1741872130708,586.8600130081177,307.52735435962677,1741872130588.7002,0.8662271024963721
1,1,block_2,2,Provo_ID11,4,1081799,1261614,1,gaze_data,1741872130750,576.6702651977539,307.1477174758911,1741872130622.5,0.8662271024963721
1,1,block_2,2,Provo_ID11,4,1081799,1261614,1,gaze_data,1741872130770,560.097074508667,301.311431825161,1741872130656.1,0.8662271024963721
1,1,block_2,2,Provo_ID11,4,1081799,1261614,1,gaze_data,1741872130825,470.3495264053345,368.0417448282242,1741872130689.2002,0.8664745607129283
1,1,block_2,2,Provo_ID11,4,1081799,1261614,1,gaze_data,1741872130888,430.8656841516495,378.6785215139389,1741872130722.5,0.8664745607129283
1,1,block_2,2,Provo_ID11,4,1081799,1261614,1,gaze_data,1741872130971,408.28687101602554,385.1908206939697,1741872130795.5,0.7463255333810952
1,1,block_2,2,Provo_ID11,4,1081799,1261614,1,gaze_data,1741872131006,256.8892478942871,412.85417079925537,1741872130889.4001,0.7463255333810952
1,1,block_2,2,Provo_ID11,4,1081799,1261614,1,gaze_data,1741872131032,264.9969220161438,410.81973016262054,1741872130922.2002,0.7463255333810952
1,1,block_2,2,Provo_ID11,4,1081799,1261614,1,gaze_data,1741872131072,288.6167645454407,391.67890548706055,1741872130955.7002,0.6852405418384531
1,1,block_2,2,Provo_ID11,4,1081799,1261614,1,gaze_data,1741872131104,274.26596879959106,386.55821084976196,1741872130988.9001,0.6852405418384531
1,1,block_2,2,Provo_ID11,4,1081799,1261614,1,gaze_data,1741872131162,168.34540367126465,397.1745729446411,1741872131022.2002,0.5600300551545974
1,1,block_2,2,Provo_ID11,4,1081799,1261614,1,gaze_data,1741872131221,138.21234703063965,385.64034402370453,1741872131070.2002,0.5600300551545974
1,1,block_2,2,Provo_ID11,4,1081799,1261614,1,gaze_data,1741872131298,116.26708507537842,412.15451657772064,1741872131156.4001,0.26821048013509413
1,1,block_2,2,Provo_ID11,4,1081799,1261614,1,gaze_data,1741872131337,106.74948692321777,415.93529880046844,1741872131222.6,0.26821048013509413
1,1,block_2,2,Provo_ID11,4,1081799,1261614,1,gaze_data,1741872131357,115.05248546600342,414.59708511829376,1741872131255.2002,0.26821048013509413
1,1,block_2,2,Provo_ID11,4,1081799,1261614,1,gaze_data,1741872131399,127.76129245758057,420.78009843826294,1741872131288.8,0.21028199666883263
1,1,block_2,2,Provo_ID11,4,1081799,1261614,1,gaze_data,1741872131438,131.08067512512207,419.30768489837646,1741872131322.5,0.21028199666883263
1,1,block_2,2,Provo_ID11,4,1081799,1261614,1,gaze_data,1741872131488,211.09157800674438,391.2708967924118,1741872131355.8,0.3320689050457846
1,1,block_2,2,Provo_ID11,4,1081799,1261614,1,gaze_data,1741872131534,316.7308807373047,383.45993161201477,1741872131388.7002,0.3320689050457846
1,1,block_2,2,Provo_ID11,4,1081799,1261614,1,gaze_data,1741872131554,333.16168785095215,383.3207696676254,1741872131454.9001,0.3320689050457846
1,1,block_2,2,Provo_ID11,4,1081799,1261614,1,gaze_data,1741872131603,337.4594449996948,374.15838837623596,1741872131489.6,0.3286588893324806
1,1,block_2,2,Provo_ID11,4,1081799,1261614,1,gaze_data,1741872131633,333.96191596984863,372.5861519575119,1741872131522.4001,0.3286588893324806
1,1,block_2,2,Provo_ID11,4,1081799,1261614,1,gaze_data,1741872131760,421.28966152668,382.09732472896576,1741872131627.1,0.5655427475328478
1,1,block_2,2,Provo_ID11,4,1081799,1261614,1,gaze_data,1741872131811,436.99764013290405,386.69001162052155,1741872131688.7002,0.5118193538191739
1,1,block_2,2,Provo_ID11,4,1081799,1261614,1,gaze_data,1741872131854,455.24497628211975,374.6276557445526,1741872131721.4001,0.5118193538191739
1,1,block_2,2,Provo_ID11,4,1081799,1261614,1,gaze_data,1741872131898,463.4900629520416,381.61977231502533,1741872131755.2002,0.5826206561525547
1,1,block_2,2,Provo_ID11,4,1081799,1261614,1,gaze_data,1741872131939,463.3258581161499,385.111665725708,1741872131821.9001,0.5826206561525547
1,1,block_2,2,Provo_ID11,4,1081799,1261614,1,gaze_data,1741872131988,461.59557700157166,388.56654465198517,1741872131854.6,0.647877544434758
1,1,block_2,2,Provo_ID11,4,1081799,1261614,1,gaze_data,1741872132036,406.04387894272804,402.02533304691315,1741872131888.9001,0.647877544434758
1,1,block_2,2,Provo_ID11,4,1081799,1261614,1,gaze_data,1741872132063,406.04387894272804,402.02533304691315,1741872131921.7002,0.647877544434758
1,1,block_2,2,Provo_ID11,4,1081799,1261614,1,gaze_data,1741872132133,258.08587074279785,390.2477830648422,1741872132023.4001,0.6285145412293216
1,1,block_2,2,Provo_ID11,4,1081799,1261614,1,gaze_data,1741872132170,198.7143039703369,392.1404242515564,1741872132055.4001,0.6285145412293216
1,1,block_2,2,Provo_ID11,4,1081799,1261614,1,gaze_data,1741872132201,157.42523670196533,396.4542359113693,1741872132088.8,0.6285145412293216
1,1,block_2,2,Provo_ID11,4,1081799,1261614,1,gaze_data,1741872132244,135.72523593902588,390.7067537307739,1741872132121.4001,0.614102669636976
1,1,block_2,2,Provo_ID11,4,1081799,1261614,1,gaze_data,1741872132287,133.36999416351318,385.9750837087631,1741872132155,0.614102669636976
1,1,block_2,2,Provo_ID11,4,1081799,1261614,1,gaze_data,1741872132337,116.81411266326904,420.4350471496582,1741872132188.2002,0.3458891237635819
1,1,block_2,2,Provo_ID11,4,1081799,1261614,1,gaze_data,1741872132371,131.9723606109619,424.294313788414,1741872132254.7002,0.3458891237635819
1,1,block_2,2,Provo_ID11,4,1081799,1261614,1,gaze_data,1741872132443,117.39745140075684,411.1012130975723,1741872132290,0.29939931370474815
1,1,block_2,2,Provo_ID11,4,1081799,1261614,1,gaze_data,1741872132478,128.91948223114014,404.5935034751892,1741872132355.8,0.29939931370474815
1,1,block_2,2,Provo_ID11,4,1081799,1261614,1,gaze_data,1741872132528,187.8077507019043,266.3433648645878,1741872132388.3,0.35671365590844495
1,1,block_2,2,Provo_ID11,4,1081799,1261614,1,gaze_data,1741872132572,292.10299253463745,109.89706814289093,1741872132454.8,0.35671365590844495
1,1,block_2,2,Provo_ID11,4,1081799,1261614,1,gaze_data,1741872132619,294.04897689819336,114.8300901055336,1741872132488.4001,0.3892697505220043
1,1,block_2,2,Provo_ID11,4,1081799,1261614,1,gaze_data,1741872132662,308.90588760375977,129.46405112743378,1741872132521.7002,0.3892697505220043
1,1,block_2,2,Provo_ID11,4,1081799,1261614,1,gaze_data,1741872132696,308.90588760375977,129.46405112743378,1741872132555.1,0.3892697505220043
1,1,block_2,2,Provo_ID11,4,1081799,1261614,1,gaze_data,1741872132795,181.93600177764893,104.6558529138565,1741872132660.7002,1
1,1,block_2,2,Provo_ID11,4,1081799,1261614,1,gaze_data,1741872132835,162.0337963104248,108.91827046871185,1741872132721.4001,1
1,1,block_2,2,Provo_ID11,4,1081799,1261614,1,gaze_data,1741872132878,168.84307861328125,104.91870194673538,1741872132755,1
1,1,block_2,2,Provo_ID11,4,1081799,1261614,1,gaze_data,1741872132917,171.32115364074707,104.79501485824585,1741872132787.7002,1
1,1,block_2,2,Provo_ID11,4,1081799,1261614,1,gaze_data,1741872132967,153.07693481445312,102.69068032503128,1741872132821.8,1
1,1,block_2,2,Provo_ID11,4,1081799,1261614,1,gaze_data,1741872132996,132.87029266357422,88.28178644180298,1741872132887.8,1
1,1,block_2,2,Provo_ID11,4,1081799,1261614,1,gaze_data,1741872133046,140.16807079315186,100.80730020999908,1741872132921,1
1,1,block_2,2,Provo_ID11,4,1081799,1261614,1,gaze_data,1741872133091,138.34078311920166,106.57965987920761,1741872132955,1
1,1,block_2,2,Provo_ID11,4,1081799,1261614,1,gaze_data,1741872133140,175.48606395721436,115.80233126878738,1741872133021.7002,1
1,1,block_2,2,Provo_ID11,4,1081799,1261614,1,gaze_data,1741872133174,201.32306814193726,117.46866852045059,1741872133055,1
1,1,block_2,2,Provo_ID11,4,1081799,1261614,1,gaze_data,1741872133206,199.7173547744751,111.06201857328415,1741872133088.4001,1
1,1,block_2,2,Provo_ID11,4,1081799,1261614,1,gaze_data,1741872133282,194.22647953033447,84.76196825504303,1741872133120.8,1
1,1,block_2,2,Provo_ID11,4,1081799,1261614,1,gaze_data,1741872133339,183.48259925842285,76.93188488483429,1741872133190.7002,1
1,1,block_2,2,Provo_ID11,4,1081799,1261614,1,gaze_data,1741872133398,211.4826798439026,87.8053367137909,1741872133255.9001,1
1,1,block_2,2,Provo_ID11,4,1081799,1261614,1,gaze_data,1741872133439,401.2528732419014,109.1826394200325,1741872133321.2002,1
1,1,block_2,2,Provo_ID11,4,1081799,1261614,1,gaze_data,1741872133464,424.99764263629913,100.66234916448593,1741872133354.2002,1
1,1,block_2,2,Provo_ID11,4,1081799,1261614,1,gaze_data,1741872133502,406.313768774271,101.32917612791061,1741872133387.5,1
1,1,block_2,2,Provo_ID11,4,1081799,1261614,1,gaze_data,1741872133536,403.8009487092495,99.62320923805237,1741872133421.6,1
1,1,block_2,2,Provo_ID11,4,1081799,1261614,1,gaze_data,1741872133587,389.6922767162323,99.08106029033661,1741872133454.4001,1
1,1,block_2,2,Provo_ID11,4,1081799,1261614,1,gaze_data,1741872133629,224.02887344360352,130.83381056785583,1741872133488.8,1
1,1,block_2,2,Provo_ID11,4,1081799,1261614,1,gaze_data,1741872133651,186.11559867858887,129.80820089578629,1741872133554.7002,1
1,1,block_2,2,Provo_ID11,4,1081799,1261614,1,gaze_data,1741872133701,187.06183433532715,141.28839820623398,1741872133587.5,1
1,1,block_2,2,Provo_ID11,4,1081799,1261614,1,gaze_data,1741872133731,185.43343544006348,149.25032705068588,1741872133621.3,1
1,1,block_2,2,Provo_ID11,4,1081799,1261614,1,gaze_data,1741872133773,222.74916172027588,170.4820528626442,1741872133654,1
1,1,block_2,2,Provo_ID11,4,1081799,1261614,1,gaze_data,1741872133818,211.38650178909302,175.53521543741226,1741872133687.8,1
1,1,block_2,2,Provo_ID11,4,1081799,1261614,1,gaze_data,1741872133870,122.25067615509033,195.44110111892223,1741872133721.1,1
1,1,block_2,2,Provo_ID11,4,1081799,1261614,1,gaze_data,1741872133908,130.0145387649536,180.71307465434074,1741872133787.9001,1
1,1,block_2,2,Provo_ID11,4,1081799,1261614,1,gaze_data,1741872133929,123.84476661682129,183.6542658507824,1741872133821.1,1
1,1,block_2,2,Provo_ID11,4,1081799,1261614,1,gaze_data,1741872133986,145.08402347564697,182.93244242668152,1741872133854.8,1
1,1,block_2,2,Provo_ID11,4,1081799,1261614,1,gaze_data,1741872134118,123.67186546325684,192.01911836862564,1741872133994.4001,1
1,1,block_2,2,Provo_ID11,4,1081799,1261614,1,gaze_data,1741872134165,189.31071758270264,145.6736832857132,1741872134022.3,1
1,1,block_2,2,Provo_ID11,4,1081799,1261614,1,gaze_data,1741872134215,258.02656412124634,190.20012244582176,1741872134087.8,1
1,1,block_2,2,Provo_ID11,4,1081799,1261614,1,gaze_data,1741872134254,243.5805082321167,175.1122161746025,1741872134120.6,1
1,1,block_2,2,Provo_ID11,4,1081799,1261614,1,gaze_data,1741872134302,258.4972858428955,162.60082125663757,1741872134154.9001,1
1,1,block_2,2,Provo_ID11,4,1081799,1261614,1,gaze_data,1741872134336,250.55406093597412,193.87380070984364,1741872134220.9001,1
1,1,block_2,2,Provo_ID11,4,1081799,1261614,1,gaze_data,1741872134391,303.5315752029419,278.7612661719322,1741872134254.5,1
1,1,block_2,2,Provo_ID11,4,1081799,1261614,1,gaze_data,1741872134472,324.3725895881653,198.16786088049412,1741872134363.2002,1
1,1,block_2,2,Provo_ID11,4,1081799,1261614,1,gaze_data,1741872134533,174.1170883178711,360.844349861145,1741872134392.3,0.8897226898779498
1,1,block_2,2,Provo_ID11,4,1081799,1261614,1,gaze_data,1741872134575,61.04156970977783,392.7781790494919,1741872134454.7002,0.8897226898779498
1,1,block_2,2,Provo_ID11,4,1081799,1261614,1,gaze_data,1741872134625,107.51714706420898,340.646131336689,1741872134487.3,0
1,1,block_2,2,Provo_ID11,4,1081799,1261614,1,gaze_data,1741872134666,164.36738967895508,337.6486212015152,1741872134554.3,0
1,1,block_2,2,Provo_ID11,4,1081799,1261614,1,gaze_data,1741872134717,140.56470394134521,362.65548169612885,1741872134587,0.18669471478390262
1,1,block_2,2,Provo_ID11,4,1081799,1261614,1,gaze_data,1741872134757,77.78162956237793,336.75351589918137,1741872134620.8,0.18669471478390262
1,1,block_2,2,Provo_ID11,4,1081799,1261614,1,gaze_data,1741872134785,74.1055965423584,342.923840880394,1741872134687.6,0.18669471478390262
1,1,block_2,2,Provo_ID11,4,1081799,1261614,1,gaze_data,1741872134902,126.68840885162354,367.6370441913605,1741872134723.9001,0.6022110825795788
1,1,block_2,2,Provo_ID11,4,1081799,1261614,1,gaze_data,1741872134967,393.41139644384384,109.41596925258636,1741872134830.7002,0.6022110825795788
1,1,block_2,2,Provo_ID11,4,1081799,1261614,1,gaze_data,1741872134998,331.2137246131897,302.10177451372147,1741872134887.8,0.6022110825795788
1,1,block_2,2,Provo_ID11,4,1081799,1261614,1,gaze_data,1741872135060,391.6933938860893,289.8723691701889,1741872134924.7002,0.49606748957407415
1,1,block_2,2,Provo_ID11,4,1081799,1261614,1,gaze_data,1741872135101,511.9208574295044,329.0734127163887,1741872134987.3,0.49606748957407415
1,1,block_2,2,Provo_ID11,4,1081799,1261614,1,gaze_data,1741872135175,228.0208706855774,280.7381995022297,1741872135021.7002,0.15525550022093967
1,1,block_2,2,Provo_ID11,4,1081799,1261614,1,gaze_data,1741872135237,174.3058681488037,285.81072986125946,1741872135094.4001,0.15525550022093967
1,1,block_2,2,Provo_ID11,4,1081799,1261614,1,gaze_data,1741872135296,177.54321098327637,271.33907973766327,1741872135120.9001,0.7274634182192815
1,1,block_2,2,Provo_ID11,4,1081799,1261614,1,gaze_data,1741872135335,126.49993896484375,366.64407551288605,1741872135220.3,0.7274634182192815
1,1,block_2,2,Provo_ID11,4,1081799,1261614,1,gaze_data,1741872135386,87.53654956817627,343.71929466724396,1741872135253.6,1
1,1,block_2,2,Provo_ID11,4,1081799,1261614,1,gaze_data,1741872135436,59.46686267852783,454.6725958585739,1741872135287.2002,1
1,1,block_2,2,Provo_ID11,4,1081799,1261614,1,gaze_data,1741872135463,54.28593158721924,457.59638249874115,1741872135354.6,1
1,1,block_2,2,Provo_ID11,4,1081799,1261614,1,gaze_data,1741872135512,59.609436988830566,348.13491851091385,1741872135387.3,1
1,1,block_2,2,Provo_ID11,4,1081799,1261614,1,gaze_data,1741872135552,57.84151554107666,328.9858087897301,1741872135420.6,1
1,1,block_2,2,Provo_ID11,4,1081799,1261614,1,gaze_data,1741872135636,64.88204002380371,322.31362760066986,1741872135453.7002,0.798104119569112
1,1,block_2,2,Provo_ID11,4,1081799,1261614,1,gaze_data,1741872135681,128.72607707977295,319.9520990252495,1741872135554.7002,0.798104119569112
1,1,block_2,2,Provo_ID11,4,1081799,1261614,1,gaze_data,1741872135740,182.30035305023193,295.5857425928116,1741872135586.8,0.9498496698016861
1,1,block_2,2,Provo_ID11,4,1081799,1261614,1,gaze_data,1741872135778,190.84219932556152,298.2058882713318,1741872135653.5,0.9498496698016861
1,1,block_2,2,Provo_ID11,4,1081799,1261614,1,gaze_data,1741872135828,218.8632845878601,284.1956861317158,1741872135686.8,0.9784826213701825
1,1,block_2,2,Provo_ID11,4,1081799,1261614,1,gaze_data,1741872135865,196.87187671661377,270.6688925623894,1741872135753.3,0.9784826213701825
1,1,block_2,2,Provo_ID11,4,1081799,1261614,1,gaze_data,1741872135927,147.26216793060303,304.7550082206726,1741872135786.5,1
1,1,block_2,2,Provo_ID11,4,1081799,1261614,1,gaze_data,1741872136013,105.21728992462158,344.39840763807297,1741872135892.5,1
1,1,block_2,2,Provo_ID11,4,1081799,1261614,1,gaze_data,1741872136077,119.1713809967041,335.04479229450226,1741872135921.8,0.8344211504366124
1,1,block_2,2,Provo_ID11,4,1081799,1261614,1,gaze_data,1741872136119,138.2413148880005,353.9466470479965,1741872135986.7002,0.8344211504366124
1,1,block_2,2,Provo_ID11,4,1081799,1261614,1,gaze_data,1741872136168,296.240496635437,351.2497901916504,1741872136020.4001,0.5884196494255316
1,1,block_2,2,Provo_ID11,4,1081799,1261614,1,gaze_data,1741872136206,286.5730285644531,354.9802362918854,1741872136086.5,0.5884196494255316
1,1,block_2,2,Provo_ID11,4,1081799,1261614,1,gaze_data,1741872136266,272.31178283691406,360.9385550022125,1741872136119.9001,0.820105838820901
1,1,block_2,2,Provo_ID11,4,1081799,1261614,1,gaze_data,1741872136315,317.9875612258911,350.99265575408936,1741872136187.3,0.820105838820901
1,1,block_2,2,Provo_ID11,4,1081799,1261614,1,gaze_data,1741872136352,387.73602545261383,363.03887367248535,1741872136221.4001,0.820105838820901
1,1,block_2,2,Provo_ID11,4,1081799,1261614,1,gaze_data,1741872136406,386.86304092407227,354.9680322408676,1741872136253.8,0.6766023774931558
1,1,block_2,2,Provo_ID11,4,1081799,1261614,1,gaze_data,1741872136452,396.4020624756813,354.66297566890717,1741872136319.7002,0.6766023774931558
1,1,block_2,2,Provo_ID11,4,1081799,1261614,1,gaze_data,1741872136498,361.13021671772003,375.6132632493973,1741872136353.9001,0.6365973596064208
1,1,block_2,2,Provo_ID11,4,1081799,1261614,1,gaze_data,1741872136537,338.84016275405884,363.55941593647003,1741872136420.1,0.6365973596064208
1,1,block_2,2,Provo_ID11,4,1081799,1261614,1,gaze_data,1741872136558,192.89226531982422,368.72654259204865,1741872136452.9001,0.6365973596064208
1,1,block_2,2,Provo_ID11,4,1081799,1261614,1,gaze_data,1741872136601,154.59163188934326,383.1409424543381,1741872136486.9001,0.6476851564060292
1,1,block_2,2,Provo_ID11,4,1081799,1261614,1,gaze_data,1741872136634,161.52713298797607,370.02057433128357,1741872136519.7002,0.6476851564060292
1,1,block_2,2,Provo_ID11,4,1081799,1261614,1,gaze_data,1741872136685,154.52580451965332,371.63664996623993,1741872136553.5,0.5115482964177438
1,1,block_2,2,Provo_ID11,4,1081799,1261614,1,gaze_data,1741872136725,135.08083820343018,371.94564044475555,1741872136586.4001,0.5115482964177438
1,1,block_2,2,Provo_ID11,4,1081799,1261614,1,gaze_data,1741872136746,110.07661819458008,384.36097502708435,1741872136653,0.5115482964177438
1,1,block_2,2,Provo_ID11,4,1081799,1261614,1,gaze_data,1741872136791,93.174147605896,378.45263481140137,1741872136687.3,0.5561002195132599
1,1,block_2,2,Provo_ID11,4,1081799,1261614,1,gaze_data,1741872136828,86.37259006500244,377.31218934059143,1741872136719.9001,0.5561002195132599
1,1,block_2,2,Provo_ID11,4,1081799,1261614,1,gaze_data,1741872136899,95.32206058502197,372.77007699012756,1741872136753.5,0.5090511101810464
1,1,block_2,2,Provo_ID11,4,1081799,1261614,1,gaze_data,1741872136956,104.88810539245605,373.3156383037567,1741872136859.1,0.5090511101810464
1,1,block_2,2,Provo_ID11,4,1081799,1261614,1,gaze_data,1741872137018,97.50633239746094,376.21062099933624,1741872136890.6,0.5152408614813454
1,1,block_2,2,Provo_ID11,4,1081799,1261614,1,gaze_data,1741872137062,148.0062961578369,397.5712865591049,1741872136920,0.5152408614813454
1,1,block_2,2,Provo_ID11,4,1081799,1261614,1,gaze_data,1741872137104,195.00012397766113,396.882227063179,1741872136986.2002,0.6121075831163684
1,1,block_2,2,Provo_ID11,4,1081799,1261614,1,gaze_data,1741872137143,197.3252296447754,386.1839085817337,1741872137019.5,0.6121075831163684
1,1,block_2,2,Provo_ID11,4,1081799,1261614,1,gaze_data,1741872137170,217.34455823898315,383.2699418067932,1741872137060.3,0.6121075831163684
1,1,block_2,2,Provo_ID11,4,1081799,1261614,1,gaze_data,1741872137227,192.8464412689209,394.34236884117126,1741872137086.9001,0.8580913581013621
1,1,block_2,2,Provo_ID11,4,1081799,1261614,1,gaze_data,1741872137266,203.36424112319946,396.56045138835907,1741872137153.3,0.8580913581013621
1,1,block_2,2,Provo_ID11,4,1081799,1261614,1,gaze_data,1741872137326,285.11000871658325,395.17921805381775,1741872137186.3,0.6193929435494873
1,1,block_2,2,Provo_ID11,4,1081799,1261614,1,gaze_data,1741872137412,305.58847188949585,390.6055152416229,1741872137286.7002,0.6193929435494873
1,1,block_2,2,Provo_ID11,4,1081799,1261614,1,gaze_data,1741872137457,307.45909214019775,383.41104090213776,1741872137320.4001,0.4585710342876409
1,1,block_2,2,Provo_ID11,4,1081799,1261614,1,gaze_data,1741872137494,407.1205385029316,370.1262980699539,1741872137385.8,0.4585710342876409
1,1,block_2,2,Provo_ID11,4,1081799,1261614,1,gaze_data,1741872137538,427.87238359451294,376.49402618408203,1741872137419.5,0.4585710342876409
1,1,block_2,2,Provo_ID11,4,1081799,1261614,1,gaze_data,1741872137588,434.474116563797,381.7254662513733,1741872137456.3,0.6373529025810829
1,1,block_2,2,Provo_ID11,4,1081799,1261614,1,gaze_data,1741872137628,452.17440128326416,383.0325961112976,1741872137519.1,0.6373529025810829
1,1,block_2,2,Provo_ID11,4,1081799,1261614,1,gaze_data,1741872137649,451.58342719078064,390.7786816358566,1741872137552.8,0.6373529025810829
1,1,block_2,2,Provo_ID11,4,1081799,1261614,1,gaze_data,1741872137696,438.0700647830963,408.0367296934128,1741872137586,0.5969122424619286
1,1,block_2,2,Provo_ID11,4,1081799,1261614,1,gaze_data,1741872137830,426.31131410598755,391.9856607913971,1741872137667.9001,0.6714638502695337
1,1,block_2,2,Provo_ID11,4,1081799,1261614,1,gaze_data,1741872137872,234.7424864768982,80.94357550144196,1741872137754,0.6714638502695337
1,1,block_2,2,Provo_ID11,4,1081799,1261614,1,gaze_data,1741872137916,231.4863681793213,58.394601941108704,1741872137785.8,0.8708198993183932
1,1,block_2,2,Provo_ID11,4,1081799,1261614,1,gaze_data,1741872137954,114.54319953918457,83.74946415424347,1741872137819.5,0.8708198993183932
1,1,block_2,2,Provo_ID11,4,1081799,1261614,1,gaze_data,1741872137997,99.00569915771484,54.90032434463501,1741872137885.4001,1
1,1,block_2,2,Provo_ID11,4,1081799,1261614,1,gaze_data,1741872138037,36.77401542663574,92.01063811779022,1741872137918.9001,1
1,1,block_2,2,Provo_ID11,4,1081799,1261614,1,gaze_data,1741872138058,-2.8291702270507812,152.50877141952515,1741872137952.8,1
1,1,block_2,2,Provo_ID11,4,1081799,1261614,1,gaze_data,1741872138112,81.77025318145752,75.43564438819885,1741872137986,1
1,1,block_2,2,Provo_ID11,4,1081799,1261614,1,gaze_data,1741872138163,110.7011079788208,82.29692876338959,1741872138019.5,1
1,1,block_2,2,Provo_ID11,4,1081799,1261614,1,gaze_data,1741872138254,198.40598106384277,63.50938081741333,1741872138112.5,1
1,1,block_2,2,Provo_ID11,4,1081799,1261614,1,gaze_data,1741872138298,489.2066478729248,53.09571921825409,1741872138185.7002,1
1,1,block_2,2,Provo_ID11,4,1081799,1261614,1,gaze_data,1741872138347,686.3005638122559,28.535908460617065,1741872138219.1,1
1,1,block_2,2,Provo_ID11,4,1081799,1261614,1,gaze_data,1741872138388,729.3543338775635,-30.283057689666748,1741872138252.3,1
1,1,block_2,2,Provo_ID11,4,1081799,1261614,1,gaze_data,1741872138442,724.9653577804565,172.49044999480247,1741872138318.6,1
1,1,block_2,2,Provo_ID11,4,1081799,1261614,1,gaze_data,1741872138476,774.4882583618164,185.01138910651207,1741872138352.6,1
1,1,block_2,2,Provo_ID11,4,1081799,1261614,1,gaze_data,1741872138537,544.5785999298096,107.86194205284119,1741872138385.8,1
1,1,block_2,2,Provo_ID11,4,1081799,1261614,1,gaze_data,1741872138610,669.365930557251,172.47183844447136,1741872138420,1
1,1,block_2,2,Provo_ID11,4,1081799,1261614,1,gaze_data,1741872138676,555.0194025039673,76.52041912078857,1741872138519.9001,1
1,1,block_2,2,Provo_ID11,4,1081799,1261614,1,gaze_data,1741872138718,534.1405391693115,88.35580050945282,1741872138585.8,1
1,1,block_2,2,Provo_ID11,4,1081799,1261614,1,gaze_data,1741872138761,-4.943513870239258,227.7388078160584,1741872138619.5,1
1,1,block_2,2,Provo_ID11,4,1081799,1261614,1,gaze_data,1741872138790,-23.66805076599121,248.75962398946285,1741872138685.5,1
1,1,block_2,2,Provo_ID11,4,1081799,1261614,1,gaze_data,1741872138830,-37.41469383239746,219.62493509054184,1741872138718.9001,1
1,1,block_2,2,Provo_ID11,4,1081799,1261614,1,gaze_data,1741872138882,45.19524574279785,227.11804476566613,1741872138752.5,1
1,1,block_2,2,Provo_ID11,4,1081799,1261614,1,gaze_data,1741872138921,-16.27941131591797,289.63585793972015,1741872138785.2002,1
1,1,block_2,2,Provo_ID11,4,1081799,1261614,1,gaze_data,1741872138968,66.81005954742432,217.56137246266007,1741872138851.7002,1
1,1,block_2,2,Provo_ID11,4,1081799,1261614,1,gaze_data,1741872139012,51.998043060302734,241.66706427931786,1741872138885.6,1
1,1,block_2,2,Provo_ID11,4,1081799,1261614,1,gaze_data,1741872139062,93.45345497131348,186.7689587175846,1741872138918.7002,1
1,1,block_2,2,Provo_ID11,4,1081799,1261614,1,gaze_data,1741872139105,59.624624252319336,195.10098211467266,1741872138985.6,1
1,1,block_2,2,Provo_ID11,4,1081799,1261614,1,gaze_data,1741872139132,45.94252109527588,183.4828019142151,1741872139019.5,1
1,1,block_2,2,Provo_ID11,4,1081799,1261614,1,gaze_data,1741872139182,70.90716361999512,187.1736854314804,1741872139052.3,1
1,1,block_2,2,Provo_ID11,4,1081799,1261614,1,gaze_data,1741872139219,69.56028938293457,242.44614727795124,1741872139085.7002,1
1,1,block_2,2,Provo_ID11,4,1081799,1261614,1,gaze_data,1741872139265,124.36642646789551,206.45399056375027,1741872139151.9001,1
1,1,block_2,2,Provo_ID11,4,1081799,1261614,1,gaze_data,1741872139307,241.92466735839844,205.68521916866302,1741872139185,1
1,1,block_2,2,Provo_ID11,4,1081799,1261614,1,gaze_data,1741872139331,231.4156174659729,184.4939649105072,1741872139219.5,1
1,1,block_2,2,Provo_ID11,4,1081799,1261614,1,gaze_data,1741872139390,234.07527208328247,155.78843504190445,1741872139252.3,1
1,1,block_2,2,Provo_ID11,4,1081799,1261614,1,gaze_data,1741872139423,248.80908727645874,161.18499487638474,1741872139318.7002,1
1,1,block_2,2,Provo_ID11,4,1081799,1261614,1,gaze_data,1741872139501,240.0426983833313,143.8620150089264,1741872139351.9001,1
1,1,block_2,2,Provo_ID11,4,1081799,1261614,1,gaze_data,1741872139562,190.23194313049316,98.40670824050903,1741872139433.7002,1
1,1,block_2,2,Provo_ID11,4,1081799,1261614,1,gaze_data,1741872139624,208.88103246688843,97.99728393554688,1741872139485.8,1
1,1,block_2,2,Provo_ID11,4,1081799,1261614,1,gaze_data,1741872139661,216.9512152671814,91.61288142204285,1741872139552.3,1
1,1,block_2,2,Provo_ID11,4,1081799,1261614,1,gaze_data,1741872139713,228.27167510986328,100.4763975739479,1741872139584.9001,1
1,1,block_2,2,Provo_ID11,4,1081799,1261614,1,gaze_data,1741872139752,311.54640913009644,131.27913177013397,1741872139619.3,1
1,1,block_2,2,Provo_ID11,4,1081799,1261614,1,gaze_data,1741872139808,452.84563302993774,141.34874045848846,1741872139651.6,1
1,1,block_2,2,Provo_ID11,4,1081799,1261614,1,gaze_data,1741872139890,452.84563302993774,141.34874045848846,1741872139685.2002,1
1,1,block_2,2,Provo_ID11,4,1081799,1261614,1,gaze_data,1741872139951,505.2443027496338,165.26333466172218,1741872139819.3,1
1,1,block_2,2,Provo_ID11,4,1081799,1261614,1,gaze_data,1741872139991,555.6266784667969,179.79612424969673,1741872139885.2002,1
1,1,block_2,2,Provo_ID11,4,1081799,1261614,1,gaze_data,1741872140035,559.1968297958374,175.23238286376,1741872139917.8,1
1,1,block_2,2,Provo_ID11,4,1081799,1261614,1,gaze_data,1741872140067,560.6613636016846,177.24130898714066,1741872139951.6,1
1,1,block_2,2,Provo_ID11,4,1081799,1261614,1,gaze_data,1741872140117,527.174711227417,192.2352485358715,1741872139984.8,1
1,1,block_2,2,Provo_ID11,4,1081799,1261614,1,gaze_data,1741872140157,206.52707815170288,249.6126540005207,1741872140019.4001,1
1,1,block_2,2,Provo_ID11,4,1081799,1261614,1,gaze_data,1741872140203,213.01599740982056,246.53392508625984,1741872140084.9001,1
1,1,block_2,2,Provo_ID11,4,1081799,1261614,1,gaze_data,1741872140239,203.94068956375122,234.08711925148964,1741872140118.7002,1
1,1,block_2,2,Provo_ID11,4,1081799,1261614,1,gaze_data,1741872140276,190.99667072296143,245.88230848312378,1741872140152.8,1
1,1,block_2,2,Provo_ID11,4,1081799,1261614,1,gaze_data,1741872140330,229.47838306427002,245.75553499162197,1741872140185.1,1
1,1,block_2,2,Provo_ID11,4,1081799,1261614,1,gaze_data,1741872140373,187.009859085083,240.96472971141338,1741872140251.9001,1
1,1,block_2,2,Provo_ID11,4,1081799,1261614,1,gaze_data,1741872140398,175.89359283447266,246.29696123301983,1741872140285,1
1,1,block_2,2,Provo_ID11,4,1081799,1261614,1,gaze_data,1741872140437,177.8700351715088,246.8657273799181,1741872140318.3,1
1,1,block_2,2,Provo_ID11,4,1081799,1261614,1,gaze_data,1741872140466,177.90706157684326,250.24909004569054,1741872140351.9001,1
1,1,block_2,2,Provo_ID11,4,1081799,1261614,1,gaze_data,1741872140522,204.28489446640015,259.1359153389931,1741872140384.5,1
1,1,block_2,2,Provo_ID11,4,1081799,1261614,1,gaze_data,1741872140556,348.92992973327637,253.76572124660015,1741872140451.4001,1
1,1,block_2,2,Provo_ID11,4,1081799,1261614,1,gaze_data,1741872140605,356.85345232486725,250.14357306063175,1741872140485,1
1,1,block_2,2,Provo_ID11,4,1081799,1261614,1,gaze_data,1741872140648,374.522989988327,243.94161850214005,1741872140517.9001,1
1,1,block_2,2,Provo_ID11,4,1081799,1261614,1,gaze_data,1741872140705,475.0012516975403,245.52891813218594,1741872140551.7002,1
1,1,block_2,2,Provo_ID11,4,1081799,1261614,1,gaze_data,1741872140795,475.0012516975403,245.52891813218594,1741872140584.4001,1
1,1,block_2,2,Provo_ID11,4,1081799,1261614,1,gaze_data,1741872140854,525.6924390792847,256.84232488274574,1741872140718.6,1
1,1,block_2,2,Provo_ID11,4,1081799,1261614,1,gaze_data,1741872140888,647.5287199020386,258.02762284874916,1741872140784.4001,1
1,1,block_2,2,Provo_ID11,4,1081799,1261614,1,gaze_data,1741872140935,669.0327405929565,252.85172313451767,1741872140817.8,1
1,1,block_2,2,Provo_ID11,4,1081799,1261614,1,gaze_data,1741872140968,675.3607273101807,262.16010227799416,1741872140851,1
1,1,block_2,2,Provo_ID11,4,1081799,1261614,1,gaze_data,1741872141040,694.4248676300049,269.4100759923458,1741872140884.5,1
1,1,block_2,2,Provo_ID11,4,1081799,1261614,1,gaze_data,1741872141100,690.408444404602,262.04092279076576,1741872140951.6,1
1,1,block_2,2,Provo_ID11,4,1081799,1261614,1,gaze_data,1741872141141,679.445481300354,248.25408346951008,1741872140986.2002,1
1,1,block_2,2,Provo_ID11,4,1081799,1261614,1,gaze_data,1741872141211,684.5463275909424,260.5413816869259,1741872141052.5,1
1,1,block_2,2,Provo_ID11,4,1081799,1261614,1,gaze_data,1741872141255,480.3876280784607,319.3233370780945,1741872141118.3,1
1,1,block_2,2,Provo_ID11,4,1081799,1261614,1,gaze_data,1741872141308,454.08806800842285,310.5318307876587,1741872141184.2002,1
1,1,block_2,2,Provo_ID11,4,1081799,1261614,1,gaze_data,1741872141368,439.8881435394287,311.70327067375183,1741872141219.3,1
1,1,block_2,2,Provo_ID11,4,1081799,1261614,1,gaze_data,1741872141459,483.6451292037964,328.87517511844635,1741872141285.2002,1
1,1,block_2,2,Provo_ID11,4,1081799,1261614,1,gaze_data,1741872141514,454.54784631729126,354.0774196386337,1741872141385.3,1
1,1,block_2,2,Provo_ID11,4,1081799,1261614,1,gaze_data,1741872141592,484.62756872177124,334.14745926856995,1741872141418.4001,1
1,1,block_2,2,Provo_ID11,4,1081799,1261614,1,gaze_data,1741872141646,462.95621395111084,304.86604422330856,1741872141518.1,1
1,1,block_2,2,Provo_ID11,4,1081799,1261614,1,gaze_data,1741872141672,355.84419071674347,174.19289648532867,1741872141552.3,1
1,1,block_2,2,Provo_ID11,4,1081799,1261614,1,gaze_data,1741872141755,339.52499628067017,148.42722415924072,1741872141584.6,1
1,1,block_2,2,Provo_ID11,4,1081799,1261614,1,gaze_data,1741872141843,320.57042121887207,142.90899634361267,1741872141620.7002,1
1,1,block_2,2,Provo_ID11,4,1081799,1261614,1,gaze_data,1741872141930,257.0135235786438,155.44909089803696,1741872141752.2002,1
1,1,block_2,2,Provo_ID11,4,1081799,1261614,1,gaze_data,1741872141981,221.9768524169922,92.54083633422852,1741872141851.8,1
1,1,block_2,2,Provo_ID11,4,1081799,1261614,1,gaze_data,1741872142038,239.70669507980347,88.62259089946747,1741872141884.6,1
1,1,block_2,2,Provo_ID11,4,1081799,1261614,1,gaze_data,1741872142083,244.5620059967041,82.69890248775482,1741872141951.2002,1
1,1,block_2,2,Provo_ID11,4,1081799,1261614,1,gaze_data,1741872142110,252.0918607711792,92.17867851257324,1741872142018.2002,1
1,1,block_2,2,Provo_ID11,4,1081799,1261614,1,gaze_data,1741872142170,259.47386026382446,90.96342921257019,1741872142051.3,1
1,1,block_2,2,Provo_ID11,4,1081799,1261614,1,gaze_data,1741872142211,263.00575733184814,93.38962137699127,1741872142084.8,1
1,1,block_2,2,Provo_ID11,4,1081799,1261614,1,gaze_data,1741872142266,256.21442794799805,82.81687498092651,1741872142117.5,1
1,1,block_2,2,Provo_ID11,4,1081799,1261614,1,gaze_data,1741872142315,254.11579608917236,284.95191261172295,1741872142184.1,1
1,1,block_2,2,Provo_ID11,4,1081799,1261614,1,gaze_data,1741872142400,205.2550196647644,356.16487860679626,1741872142217.8,1
1,1,block_2,2,Provo_ID11,4,1081799,1261614,1,gaze_data,1741872142460,200.3163456916809,364.19292390346527,1741872142317.9001,1
1,1,block_2,2,Provo_ID11,4,1081799,1261614,1,gaze_data,1741872142488,134.15298461914062,396.6584712266922,1741872142384.8,1
1,1,block_2,2,Provo_ID11,4,1081799,1261614,1,gaze_data,1741872142545,171.193528175354,380.9911072254181,1741872142417.8,0.6956027301854246
1,1,block_2,2,Provo_ID11,4,1081799,1261614,1,gaze_data,1741872142575,148.36149215698242,371.3038772344589,1741872142450.8,0.6956027301854246
1,1,block_2,2,Provo_ID11,4,1081799,1261614,1,gaze_data,1741872142630,154.05738353729248,368.57827603816986,1741872142484.2002,0.6995162320367622
1,1,block_2,2,Provo_ID11,4,1081799,1261614,1,gaze_data,1741872142666,350.71806609630585,359.8283588886261,1741872142551.1,0.6995162320367622
1,1,block_2,2,Provo_ID11,4,1081799,1261614,1,gaze_data,1741872142708,419.8362395167351,350.92871487140656,1741872142585,0.6995162320367622
1,1,block_2,2,Provo_ID11,4,1081799,1261614,1,gaze_data,1741872142768,432.1789711713791,353.1968802213669,1741872142618.4001,0.6609513240954697
1,1,block_2,2,Provo_ID11,4,1081799,1261614,1,gaze_data,1741872142838,442.4406498670578,348.08627367019653,1741872142686.7002,0.6609513240954697
1,1,block_2,2,Provo_ID11,4,1081799,1261614,1,gaze_x,"",
1,1,block_2,2,Provo_ID11,4,1081799,1261614,1,gaze_y,"",
1,1,block_2,2,Provo_ID11,4,1081799,1261614,1,el_x,"",
1,1,block_2,2,Provo_ID11,4,1081799,1261614,1,applied_drift,1741872078149,
1,1,block_2,2,Provo_ID11,4,1081799,1261614,1,applied_drift,1741872102231,-14.322815090417862,-25
1,1,block_2,2,Provo_ID11,4,1081799,1261614,1,applied_drift,1741872102265,-14.322815090417862,-25
1,1,block_2,2,Provo_ID11,4,1081799,1261614,1,applied_drift,1741872102333,-14.322815090417862,-25
1,1,block_2,2,Provo_ID11,4,1081799,1261614,1,applied_drift,1741872102401,-14.322815090417862,-25
1,1,block_2,2,Provo_ID11,4,1081799,1261614,1,applied_drift,1741872102430,-14.322815090417862,-25
1,1,block_2,2,Provo_ID11,4,1081799,1261614,1,applied_drift,1741872102488,-14.322815090417862,-25
1,1,block_2,2,Provo_ID11,4,1081799,1261614,1,applied_drift,1741872102523,-14.322815090417862,-25
1,1,block_2,2,Provo_ID11,4,1081799,1261614,1,applied_drift,1741872102573,-14.322815090417862,-25
1,1,block_2,2,Provo_ID11,4,1081799,1261614,1,applied_drift,1741872102614,-14.322815090417862,-25
1,1,block_2,2,Provo_ID11,4,1081799,1261614,1,applied_drift,1741872102669,-14.322815090417862,-25
1,1,block_2,2,Provo_ID11,4,1081799,1261614,1,applied_drift,1741872102719,-14.322815090417862,-25
1,1,block_2,2,Provo_ID11,4,1081799,1261614,1,applied_drift,1741872102782,-14.322815090417862,-25
1,1,block_2,2,Provo_ID11,4,1081799,1261614,1,applied_drift,1741872102839,-14.322815090417862,-25
1,1,block_2,2,Provo_ID11,4,1081799,1261614,1,applied_drift,1741872102867,-14.322815090417862,-25
1,1,block_2,2,Provo_ID11,4,1081799,1261614,1,applied_drift,1741872102948,-14.322815090417862,-25
1,1,block_2,2,Provo_ID11,4,1081799,1261614,1,applied_drift,1741872103011,-14.322815090417862,-25
1,1,block_2,2,Provo_ID11,4,1081799,1261614,1,applied_drift,1741872103072,-14.322815090417862,-25
1,1,block_2,2,Provo_ID11,4,1081799,1261614,1,applied_drift,1741872103116,-14.322815090417862,-25
1,1,block_2,2,Provo_ID11,4,1081799,1261614,1,applied_drift,1741872103162,-14.322815090417862,-25
1,1,block_2,2,Provo_ID11,4,1081799,1261614,1,applied_drift,1741872103204,-14.322815090417862,-25
1,1,block_2,2,Provo_ID11,4,1081799,1261614,1,applied_drift,1741872103229,-14.322815090417862,-25
1,1,block_2,2,Provo_ID11,4,1081799,1261614,1,applied_drift,1741872103309,-14.322815090417862,-25
1,1,block_2,2,Provo_ID11,4,1081799,1261614,1,applied_drift,1741872103368,-14.322815090417862,-25
1,1,block_2,2,Provo_ID11,4,1081799,1261614,1,applied_drift,1741872103438,-14.322815090417862,-25
1,1,block_2,2,Provo_ID11,4,1081799,1261614,1,applied_drift,1741872103473,-14.322815090417862,-25
1,1,block_2,2,Provo_ID11,4,1081799,1261614,1,applied_drift,1741872103522,-14.322815090417862,-25
1,1,block_2,2,Provo_ID11,4,1081799,1261614,1,applied_drift,1741872103573,-14.322815090417862,-25
1,1,block_2,2,Provo_ID11,4,1081799,1261614,1,applied_drift,1741872103595,-14.322815090417862,-25
1,1,block_2,2,Provo_ID11,4,1081799,1261614,1,applied_drift,1741872103644,-14.322815090417862,-25
1,1,block_2,2,Provo_ID11,4,1081799,1261614,1,applied_drift,1741872103682,-14.322815090417862,-25
1,1,block_2,2,Provo_ID11,4,1081799,1261614,1,applied_drift,1741872103733,-14.322815090417862,-25
1,1,block_2,2,Provo_ID11,4,1081799,1261614,1,applied_drift,1741872103772,-14.322815090417862,-25
1,1,block_2,2,Provo_ID11,4,1081799,1261614,1,applied_drift,1741872103819,-14.322815090417862,-25
1,1,block_2,2,Provo_ID11,4,1081799,1261614,1,applied_drift,1741872103862,-14.322815090417862,-25
1,1,block_2,2,Provo_ID11,4,1081799,1261614,1,applied_drift,1741872103891,-14.322815090417862,-25
1,1,block_2,2,Provo_ID11,4,1081799,1261614,1,applied_drift,1741872103956,-14.322815090417862,-25
1,1,block_2,2,Provo_ID11,4,1081799,1261614,1,applied_drift,1741872104001,-14.322815090417862,-25
1,1,block_2,2,Provo_ID11,4,1081799,1261614,1,applied_drift,1741872104080,-14.322815090417862,-25
1,1,block_2,2,Provo_ID11,4,1081799,1261614,1,applied_drift,1741872104118,-14.322815090417862,-25
1,1,block_2,2,Provo_ID11,4,1081799,1261614,1,applied_drift,1741872104162,-14.322815090417862,-25
1,1,block_2,2,Provo_ID11,4,1081799,1261614,1,applied_drift,1741872104203,-14.322815090417862,-25
1,1,block_2,2,Provo_ID11,4,1081799,1261614,1,applied_drift,1741872104223,-14.322815090417862,-25
1,1,block_2,2,Provo_ID11,4,1081799,1261614,1,applied_drift,1741872104285,-14.322815090417862,-25
1,1,block_2,2,Provo_ID11,4,1081799,1261614,1,applied_drift,1741872104339,-14.322815090417862,-25
1,1,block_2,2,Provo_ID11,4,1081799,1261614,1,applied_drift,1741872104411,-14.322815090417862,-25
1,1,block_2,2,Provo_ID11,4,1081799,1261614,1,applied_drift,1741872104452,-14.322815090417862,-25
1,1,block_2,2,Provo_ID11,4,1081799,1261614,1,applied_drift,1741872104501,-14.322815090417862,-25
1,1,block_2,2,Provo_ID11,4,1081799,1261614,1,applied_drift,1741872104542,-14.322815090417862,-25
1,1,block_2,2,Provo_ID11,4,1081799,1261614,1,applied_drift,1741872104599,-14.322815090417862,-25
1,1,block_2,2,Provo_ID11,4,1081799,1261614,1,applied_drift,1741872104647,-14.322815090417862,-25
1,1,block_2,2,Provo_ID11,4,1081799,1261614,1,applied_drift,1741872104673,-14.322815090417862,-25
1,1,block_2,2,Provo_ID11,4,1081799,1261614,1,applied_drift,1741872104721,-14.322815090417862,-25
1,1,block_2,2,Provo_ID11,4,1081799,1261614,1,applied_drift,1741872104755,-14.322815090417862,-25
1,1,block_2,2,Provo_ID11,4,1081799,1261614,1,applied_drift,1741872104804,-14.322815090417862,-25
1,1,block_2,2,Provo_ID11,4,1081799,1261614,1,applied_drift,1741872104846,-14.322815090417862,-25
1,1,block_2,2,Provo_ID11,4,1081799,1261614,1,applied_drift,1741872104890,-14.322815090417862,-25
1,1,block_2,2,Provo_ID11,4,1081799,1261614,1,applied_drift,1741872104925,-14.322815090417862,-25
1,1,block_2,2,Provo_ID11,4,1081799,1261614,1,applied_drift,1741872104956,-14.322815090417862,-25
1,1,block_2,2,Provo_ID11,4,1081799,1261614,1,applied_drift,1741872105007,-14.322815090417862,-25
1,1,block_2,2,Provo_ID11,4,1081799,1261614,1,applied_drift,1741872105048,-14.322815090417862,-25
1,1,block_2,2,Provo_ID11,4,1081799,1261614,1,applied_drift,1741872105103,-14.322815090417862,-25
1,1,block_2,2,Provo_ID11,4,1081799,1261614,1,applied_drift,1741872105144,-14.322815090417862,-25
1,1,block_2,2,Provo_ID11,4,1081799,1261614,1,applied_drift,1741872105195,-14.322815090417862,-25
1,1,block_2,2,Provo_ID11,4,1081799,1261614,1,applied_drift,1741872105314,-14.322815090417862,-25
1,1,block_2,2,Provo_ID11,4,1081799,1261614,1,applied_drift,1741872105357,-14.322815090417862,-25
1,1,block_2,2,Provo_ID11,4,1081799,1261614,1,applied_drift,1741872105388,-14.322815090417862,-25
1,1,block_2,2,Provo_ID11,4,1081799,1261614,1,applied_drift,1741872105432,-14.322815090417862,-25
1,1,block_2,2,Provo_ID11,4,1081799,1261614,1,applied_drift,1741872105460,-14.322815090417862,-25
1,1,block_2,2,Provo_ID11,4,1081799,1261614,1,applied_drift,1741872105492,-14.322815090417862,-25
1,1,block_2,2,Provo_ID11,4,1081799,1261614,1,applied_drift,1741872105546,-14.322815090417862,-25
1,1,block_2,2,Provo_ID11,4,1081799,1261614,1,applied_drift,1741872105589,-14.322815090417862,-25
1,1,block_2,2,Provo_ID11,4,1081799,1261614,1,applied_drift,1741872105653,-14.322815090417862,-25
1,1,block_2,2,Provo_ID11,4,1081799,1261614,1,applied_drift,1741872105731,-14.322815090417862,-25
1,1,block_2,2,Provo_ID11,4,1081799,1261614,1,applied_drift,1741872105760,-14.322815090417862,-25
1,1,block_2,2,Provo_ID11,4,1081799,1261614,1,applied_drift,1741872105815,-14.322815090417862,-25
1,1,block_2,2,Provo_ID11,4,1081799,1261614,1,applied_drift,1741872105850,-14.322815090417862,-25
1,1,block_2,2,Provo_ID11,4,1081799,1261614,1,applied_drift,1741872105898,-14.322815090417862,-25
1,1,block_2,2,Provo_ID11,4,1081799,1261614,1,applied_drift,1741872105946,-14.322815090417862,-25
1,1,block_2,2,Provo_ID11,4,1081799,1261614,1,applied_drift,1741872106013,-14.322815090417862,-25
1,1,block_2,2,Provo_ID11,4,1081799,1261614,1,applied_drift,1741872106098,-14.322815090417862,-25
1,1,block_2,2,Provo_ID11,4,1081799,1261614,1,applied_drift,1741872106170,-14.322815090417862,-25
1,1,block_2,2,Provo_ID11,4,1081799,1261614,1,applied_drift,1741872106207,-14.322815090417862,-25
1,1,block_2,2,Provo_ID11,4,1081799,1261614,1,applied_drift,1741872106257,-14.322815090417862,-25
1,1,block_2,2,Provo_ID11,4,1081799,1261614,1,applied_drift,1741872106286,-14.322815090417862,-25
1,1,block_2,2,Provo_ID11,4,1081799,1261614,1,applied_drift,1741872106332,-14.322815090417862,-25
1,1,block_2,2,Provo_ID11,4,1081799,1261614,1,applied_drift,1741872106367,-14.322815090417862,-25
1,1,block_2,2,Provo_ID11,4,1081799,1261614,1,applied_drift,1741872106392,-14.322815090417862,-25
1,1,block_2,2,Provo_ID11,4,1081799,1261614,1,applied_drift,1741872106441,-14.322815090417862,-25
1,1,block_2,2,Provo_ID11,4,1081799,1261614,1,applied_drift,1741872106479,-14.322815090417862,-25
1,1,block_2,2,Provo_ID11,4,1081799,1261614,1,applied_drift,1741872106545,-14.322815090417862,-25
1,1,block_2,2,Provo_ID11,4,1081799,1261614,1,applied_drift,1741872106622,-14.322815090417862,-25
1,1,block_2,2,Provo_ID11,4,1081799,1261614,1,applied_drift,1741872106681,-14.322815090417862,-25
1,1,block_2,2,Provo_ID11,4,1081799,1261614,1,applied_drift,1741872106716,-14.322815090417862,-25
1,1,block_2,2,Provo_ID11,4,1081799,1261614,1,applied_drift,1741872106762,-14.322815090417862,-25
1,1,block_2,2,Provo_ID11,4,1081799,1261614,1,applied_drift,1741872106800,-14.322815090417862,-25
1,1,block_2,2,Provo_ID11,4,1081799,1261614,1,applied_drift,1741872106868,-14.322815090417862,-25
1,1,block_2,2,Provo_ID11,4,1081799,1261614,1,applied_drift,1741872106923,-14.322815090417862,-25
1,1,block_2,2,Provo_ID11,4,1081799,1261614,1,applied_drift,1741872106994,-14.322815090417862,-25
1,1,block_2,2,Provo_ID11,4,1081799,1261614,1,applied_drift,1741872107036,-14.322815090417862,-25
1,1,block_2,2,Provo_ID11,4,1081799,1261614,1,applied_drift,1741872107057,-14.322815090417862,-25
1,1,block_2,2,Provo_ID11,4,1081799,1261614,1,applied_drift,1741872107101,-14.322815090417862,-25
1,1,block_2,2,Provo_ID11,4,1081799,1261614,1,applied_drift,1741872107137,-14.322815090417862,-25
1,1,block_2,2,Provo_ID11,4,1081799,1261614,1,applied_drift,1741872107216,-14.322815090417862,-25
1,1,block_2,2,Provo_ID11,4,1081799,1261614,1,applied_drift,1741872107282,-14.322815090417862,-25
1,1,block_2,2,Provo_ID11,4,1081799,1261614,1,applied_drift,1741872107310,-14.322815090417862,-25
1,1,block_2,2,Provo_ID11,4,1081799,1261614,1,applied_drift,1741872107365,-14.322815090417862,-25
1,1,block_2,2,Provo_ID11,4,1081799,1261614,1,applied_drift,1741872107404,-14.322815090417862,-25
1,1,block_2,2,Provo_ID11,4,1081799,1261614,1,applied_drift,1741872107476,-14.322815090417862,-25
1,1,block_2,2,Provo_ID11,4,1081799,1261614,1,applied_drift,1741872107520,-14.322815090417862,-25
1,1,block_2,2,Provo_ID11,4,1081799,1261614,1,applied_drift,1741872107566,-14.322815090417862,-25
1,1,block_2,2,Provo_ID11,4,1081799,1261614,1,applied_drift,1741872107606,-14.322815090417862,-25
1,1,block_2,2,Provo_ID11,4,1081799,1261614,1,applied_drift,1741872107627,-14.322815090417862,-25
1,1,block_2,2,Provo_ID11,4,1081799,1261614,1,applied_drift,1741872107672,-14.322815090417862,-25
1,1,block_2,2,Provo_ID11,4,1081799,1261614,1,applied_drift,1741872107708,-14.322815090417862,-25
1,1,block_2,2,Provo_ID11,4,1081799,1261614,1,applied_drift,1741872107796,-14.322815090417862,-25
1,1,block_2,2,Provo_ID11,4,1081799,1261614,1,applied_drift,1741872107847,-14.322815090417862,-25
1,1,block_2,2,Provo_ID11,4,1081799,1261614,1,applied_drift,1741872107906,-14.322815090417862,-25
1,1,block_2,2,Provo_ID11,4,1081799,1261614,1,applied_drift,1741872107940,-14.322815090417862,-25
1,1,block_2,2,Provo_ID11,4,1081799,1261614,1,applied_drift,1741872107965,-14.322815090417862,-25
1,1,block_2,2,Provo_ID11,4,1081799,1261614,1,applied_drift,1741872108005,-14.322815090417862,-25
1,1,block_2,2,Provo_ID11,4,1081799,1261614,1,applied_drift,1741872108037,-14.322815090417862,-25
1,1,block_2,2,Provo_ID11,4,1081799,1261614,1,applied_drift,1741872108091,-14.322815090417862,-25
1,1,block_2,2,Provo_ID11,4,1081799,1261614,1,applied_drift,1741872108133,-14.322815090417862,-25
1,1,block_2,2,Provo_ID11,4,1081799,1261614,1,applied_drift,1741872108225,-14.322815090417862,-25
1,1,block_2,2,Provo_ID11,4,1081799,1261614,1,applied_drift,1741872108277,-14.322815090417862,-25
1,1,block_2,2,Provo_ID11,4,1081799,1261614,1,applied_drift,1741872108334,-14.322815090417862,-25
1,1,block_2,2,Provo_ID11,4,1081799,1261614,1,applied_drift,1741872108369,-14.322815090417862,-25
1,1,block_2,2,Provo_ID11,4,1081799,1261614,1,applied_drift,1741872108416,-14.322815090417862,-25
1,1,block_2,2,Provo_ID11,4,1081799,1261614,1,applied_drift,1741872108463,-14.322815090417862,-25
1,1,block_2,2,Provo_ID11,4,1081799,1261614,1,applied_drift,1741872108492,-14.322815090417862,-25
1,1,block_2,2,Provo_ID11,4,1081799,1261614,1,applied_drift,1741872108540,-14.322815090417862,-25
1,1,block_2,2,Provo_ID11,4,1081799,1261614,1,applied_drift,1741872108578,-14.322815090417862,-25
1,1,block_2,2,Provo_ID11,4,1081799,1261614,1,applied_drift,1741872108624,-14.322815090417862,-25
1,1,block_2,2,Provo_ID11,4,1081799,1261614,1,applied_drift,1741872108660,-14.322815090417862,-25
1,1,block_2,2,Provo_ID11,4,1081799,1261614,1,applied_drift,1741872108690,-14.322815090417862,-25
1,1,block_2,2,Provo_ID11,4,1081799,1261614,1,applied_drift,1741872108740,-14.322815090417862,-25
1,1,block_2,2,Provo_ID11,4,1081799,1261614,1,applied_drift,1741872108783,-14.322815090417862,-25
1,1,block_2,2,Provo_ID11,4,1081799,1261614,1,applied_drift,1741872108805,-14.322815090417862,-25
1,1,block_2,2,Provo_ID11,4,1081799,1261614,1,applied_drift,1741872108853,-14.322815090417862,-25
1,1,block_2,2,Provo_ID11,4,1081799,1261614,1,applied_drift,1741872108890,-14.322815090417862,-25
1,1,block_2,2,Provo_ID11,4,1081799,1261614,1,applied_drift,1741872108943,-14.322815090417862,-25
1,1,block_2,2,Provo_ID11,4,1081799,1261614,1,applied_drift,1741872108986,-14.322815090417862,-25
1,1,block_2,2,Provo_ID11,4,1081799,1261614,1,applied_drift,1741872109107,-14.322815090417862,-25
1,1,block_2,2,Provo_ID11,4,1081799,1261614,1,applied_drift,1741872109146,-14.322815090417862,-25
1,1,block_2,2,Provo_ID11,4,1081799,1261614,1,applied_drift,1741872109194,-14.322815090417862,-25
1,1,block_2,2,Provo_ID11,4,1081799,1261614,1,applied_drift,1741872109233,-14.322815090417862,-25
1,1,block_2,2,Provo_ID11,4,1081799,1261614,1,applied_drift,1741872109254,-14.322815090417862,-25
1,1,block_2,2,Provo_ID11,4,1081799,1261614,1,applied_drift,1741872109300,-14.322815090417862,-25
1,1,block_2,2,Provo_ID11,4,1081799,1261614,1,applied_drift,1741872109332,-14.322815090417862,-25
1,1,block_2,2,Provo_ID11,4,1081799,1261614,1,applied_drift,1741872109386,-14.322815090417862,-25
1,1,block_2,2,Provo_ID11,4,1081799,1261614,1,applied_drift,1741872109450,-14.322815090417862,-25
1,1,block_2,2,Provo_ID11,4,1081799,1261614,1,applied_drift,1741872109482,-14.322815090417862,-25
1,1,block_2,2,Provo_ID11,4,1081799,1261614,1,applied_drift,1741872109556,-14.322815090417862,-25
1,1,block_2,2,Provo_ID11,4,1081799,1261614,1,applied_drift,1741872109596,-14.322815090417862,-25
1,1,block_2,2,Provo_ID11,4,1081799,1261614,1,applied_drift,1741872109644,-14.322815090417862,-25
1,1,block_2,2,Provo_ID11,4,1081799,1261614,1,applied_drift,1741872109681,-14.322815090417862,-25
1,1,block_2,2,Provo_ID11,4,1081799,1261614,1,applied_drift,1741872109731,-14.322815090417862,-25
1,1,block_2,2,Provo_ID11,4,1081799,1261614,1,applied_drift,1741872109777,-14.322815090417862,-25
1,1,block_2,2,Provo_ID11,4,1081799,1261614,1,applied_drift,1741872109832,-14.322815090417862,-25
1,1,block_2,2,Provo_ID11,4,1081799,1261614,1,applied_drift,1741872109873,-14.322815090417862,-25
1,1,block_2,2,Provo_ID11,4,1081799,1261614,1,applied_drift,1741872109894,-14.322815090417862,-25
1,1,block_2,2,Provo_ID11,4,1081799,1261614,1,applied_drift,1741872109945,-14.322815090417862,-25
1,1,block_2,2,Provo_ID11,4,1081799,1261614,1,applied_drift,1741872109980,-14.322815090417862,-25
1,1,block_2,2,Provo_ID11,4,1081799,1261614,1,applied_drift,1741872110113,-14.322815090417862,-25
1,1,block_2,2,Provo_ID11,4,1081799,1261614,1,applied_drift,1741872110141,-14.322815090417862,-25
1,1,block_2,2,Provo_ID11,4,1081799,1261614,1,applied_drift,1741872110187,-14.322815090417862,-25
1,1,block_2,2,Provo_ID11,4,1081799,1261614,1,applied_drift,1741872110217,-14.322815090417862,-25
1,1,block_2,2,Provo_ID11,4,1081799,1261614,1,applied_drift,1741872110266,-14.322815090417862,-25
1,1,block_2,2,Provo_ID11,4,1081799,1261614,1,applied_drift,1741872110300,-14.322815090417862,-25
1,1,block_2,2,Provo_ID11,4,1081799,1261614,1,applied_drift,1741872110357,-14.322815090417862,-25
1,1,block_2,2,Provo_ID11,4,1081799,1261614,1,applied_drift,1741872110394,-14.322815090417862,-25
1,1,block_2,2,Provo_ID11,4,1081799,1261614,1,applied_drift,1741872110445,-14.322815090417862,-25
1,1,block_2,2,Provo_ID11,4,1081799,1261614,1,applied_drift,1741872110490,-14.322815090417862,-25
1,1,block_2,2,Provo_ID11,4,1081799,1261614,1,applied_drift,1741872110514,-14.322815090417862,-25
1,1,block_2,2,Provo_ID11,4,1081799,1261614,1,applied_drift,1741872110570,-14.322815090417862,-25
1,1,block_2,2,Provo_ID11,4,1081799,1261614,1,applied_drift,1741872110609,-14.322815090417862,-25
1,1,block_2,2,Provo_ID11,4,1081799,1261614,1,applied_drift,1741872110664,-14.322815090417862,-25
1,1,block_2,2,Provo_ID11,4,1081799,1261614,1,applied_drift,1741872110705,-14.322815090417862,-25
1,1,block_2,2,Provo_ID11,4,1081799,1261614,1,applied_drift,1741872110729,-14.322815090417862,-25
1,1,block_2,2,Provo_ID11,4,1081799,1261614,1,applied_drift,1741872110774,-14.322815090417862,-25
1,1,block_2,2,Provo_ID11,4,1081799,1261614,1,applied_drift,1741872110806,-14.322815090417862,-25
1,1,block_2,2,Provo_ID11,4,1081799,1261614,1,applied_drift,1741872110868,-14.322815090417862,-25
1,1,block_2,2,Provo_ID11,4,1081799,1261614,1,applied_drift,1741872110920,-14.322815090417862,-25
1,1,block_2,2,Provo_ID11,4,1081799,1261614,1,applied_drift,1741872110980,-14.322815090417862,-25
1,1,block_2,2,Provo_ID11,4,1081799,1261614,1,applied_drift,1741872111012,-14.322815090417862,-25
1,1,block_2,2,Provo_ID11,4,1081799,1261614,1,applied_drift,1741872111064,-14.322815090417862,-25
1,1,block_2,2,Provo_ID11,4,1081799,1261614,1,applied_drift,1741872111105,-14.322815090417862,-25
1,1,block_2,2,Provo_ID11,4,1081799,1261614,1,applied_drift,1741872111205,-14.322815090417862,-25
1,1,block_2,2,Provo_ID11,4,1081799,1261614,1,applied_drift,1741872111261,-14.322815090417862,-25
1,1,block_2,2,Provo_ID11,4,1081799,1261614,1,applied_drift,1741872111310,-14.322815090417862,-25
1,1,block_2,2,Provo_ID11,4,1081799,1261614,1,applied_drift,1741872111349,-14.322815090417862,-25
1,1,block_2,2,Provo_ID11,4,1081799,1261614,1,applied_drift,1741872111390,-14.322815090417862,-25
1,1,block_2,2,Provo_ID11,4,1081799,1261614,1,applied_drift,1741872111425,-14.322815090417862,-25
1,1,block_2,2,Provo_ID11,4,1081799,1261614,1,applied_drift,1741872111450,-14.322815090417862,-25
1,1,block_2,2,Provo_ID11,4,1081799,1261614,1,applied_drift,1741872111504,-14.322815090417862,-25
1,1,block_2,2,Provo_ID11,4,1081799,1261614,1,applied_drift,1741872111549,-14.322815090417862,-25
1,1,block_2,2,Provo_ID11,4,1081799,1261614,1,applied_drift,1741872111653,-14.322815090417862,-25
1,1,block_2,2,Provo_ID11,4,1081799,1261614,1,applied_drift,1741872111694,-14.322815090417862,-25
1,1,block_2,2,Provo_ID11,4,1081799,1261614,1,applied_drift,1741872111754,-14.322815090417862,-25
1,1,block_2,2,Provo_ID11,4,1081799,1261614,1,applied_drift,1741872111816,-14.322815090417862,-25
1,1,block_2,2,Provo_ID11,4,1081799,1261614,1,applied_drift,1741872111843,-14.322815090417862,-25
1,1,block_2,2,Provo_ID11,4,1081799,1261614,1,applied_drift,1741872111889,-14.322815090417862,-25
1,1,block_2,2,Provo_ID11,4,1081799,1261614,1,applied_drift,1741872111923,-14.322815090417862,-25
1,1,block_2,2,Provo_ID11,4,1081799,1261614,1,applied_drift,1741872111970,-14.322815090417862,-25
1,1,block_2,2,Provo_ID11,4,1081799,1261614,1,applied_drift,1741872112014,-14.322815090417862,-25
1,1,block_2,2,Provo_ID11,4,1081799,1261614,1,applied_drift,1741872112035,-14.322815090417862,-25
1,1,block_2,2,Provo_ID11,4,1081799,1261614,1,applied_drift,1741872112082,-14.322815090417862,-25
1,1,block_2,2,Provo_ID11,4,1081799,1261614,1,applied_drift,1741872112116,-14.322815090417862,-25
1,1,block_2,2,Provo_ID11,4,1081799,1261614,1,applied_drift,1741872112169,-14.322815090417862,-25
1,1,block_2,2,Provo_ID11,4,1081799,1261614,1,applied_drift,1741872112204,-14.322815090417862,-25
1,1,block_2,2,Provo_ID11,4,1081799,1261614,1,applied_drift,1741872112255,-14.322815090417862,-25
1,1,block_2,2,Provo_ID11,4,1081799,1261614,1,applied_drift,1741872112301,-14.322815090417862,-25
1,1,block_2,2,Provo_ID11,4,1081799,1261614,1,applied_drift,1741872112350,-14.322815090417862,-25
1,1,block_2,2,Provo_ID11,4,1081799,1261614,1,applied_drift,1741872112390,-14.322815090417862,-25
1,1,block_2,2,Provo_ID11,4,1081799,1261614,1,applied_drift,1741872112411,-14.322815090417862,-25
1,1,block_2,2,Provo_ID11,4,1081799,1261614,1,applied_drift,1741872112459,-14.322815090417862,-25
1,1,block_2,2,Provo_ID11,4,1081799,1261614,1,applied_drift,1741872112513,-14.322815090417862,-25
1,1,block_2,2,Provo_ID11,4,1081799,1261614,1,applied_drift,1741872112607,-14.322815090417862,-25
1,1,block_2,2,Provo_ID11,4,1081799,1261614,1,applied_drift,1741872112654,-14.322815090417862,-25
1,1,block_2,2,Provo_ID11,4,1081799,1261614,1,applied_drift,1741872112702,-14.322815090417862,-25
1,1,block_2,2,Provo_ID11,4,1081799,1261614,1,applied_drift,1741872112750,-14.322815090417862,-25
1,1,block_2,2,Provo_ID11,4,1081799,1261614,1,applied_drift,1741872112803,-14.322815090417862,-25
1,1,block_2,2,Provo_ID11,4,1081799,1261614,1,applied_drift,1741872112849,-14.322815090417862,-25
1,1,block_2,2,Provo_ID11,4,1081799,1261614,1,applied_drift,1741872112872,-14.322815090417862,-25
1,1,block_2,2,Provo_ID11,4,1081799,1261614,1,applied_drift,1741872112922,-14.322815090417862,-25
1,1,block_2,2,Provo_ID11,4,1081799,1261614,1,applied_drift,1741872112955,-14.322815090417862,-25
1,1,block_2,2,Provo_ID11,4,1081799,1261614,1,applied_drift,1741872112978,-14.322815090417862,-25
1,1,block_2,2,Provo_ID11,4,1081799,1261614,1,applied_drift,1741872113069,-14.322815090417862,-25
1,1,block_2,2,Provo_ID11,4,1081799,1261614,1,applied_drift,1741872113110,-14.322815090417862,-25
1,1,block_2,2,Provo_ID11,4,1081799,1261614,1,applied_drift,1741872113159,-14.322815090417862,-25
1,1,block_2,2,Provo_ID11,4,1081799,1261614,1,applied_drift,1741872113198,-14.322815090417862,-25
1,1,block_2,2,Provo_ID11,4,1081799,1261614,1,applied_drift,1741872113242,-14.322815090417862,-25
1,1,block_2,2,Provo_ID11,4,1081799,1261614,1,applied_drift,1741872113286,-14.322815090417862,-25
1,1,block_2,2,Provo_ID11,4,1081799,1261614,1,applied_drift,1741872113307,-14.322815090417862,-25
1,1,block_2,2,Provo_ID11,4,1081799,1261614,1,applied_drift,1741872113357,-14.322815090417862,-25
1,1,block_2,2,Provo_ID11,4,1081799,1261614,1,applied_drift,1741872113392,-14.322815090417862,-25
1,1,block_2,2,Provo_ID11,4,1081799,1261614,1,applied_drift,1741872113441,-14.322815090417862,-25
1,1,block_2,2,Provo_ID11,4,1081799,1261614,1,applied_drift,1741872113481,-14.322815090417862,-25
1,1,block_2,2,Provo_ID11,4,1081799,1261614,1,applied_drift,1741872113502,-14.322815090417862,-25
1,1,block_2,2,Provo_ID11,4,1081799,1261614,1,applied_drift,1741872113551,-14.322815090417862,-25
1,1,block_2,2,Provo_ID11,4,1081799,1261614,1,applied_drift,1741872113584,-14.322815090417862,-25
1,1,block_2,2,Provo_ID11,4,1081799,1261614,1,applied_drift,1741872113607,-14.322815090417862,-25
1,1,block_2,2,Provo_ID11,4,1081799,1261614,1,applied_drift,1741872113661,-14.322815090417862,-25
1,1,block_2,2,Provo_ID11,4,1081799,1261614,1,applied_drift,1741872113729,-14.322815090417862,-25
1,1,block_2,2,Provo_ID11,4,1081799,1261614,1,applied_drift,1741872113803,-14.322815090417862,-25
1,1,block_2,2,Provo_ID11,4,1081799,1261614,1,applied_drift,1741872113841,-14.322815090417862,-25
1,1,block_2,2,Provo_ID11,4,1081799,1261614,1,applied_drift,1741872113893,-14.322815090417862,-25
1,1,block_2,2,Provo_ID11,4,1081799,1261614,1,applied_drift,1741872113922,-14.322815090417862,-25
1,1,block_2,2,Provo_ID11,4,1081799,1261614,1,applied_drift,1741872113973,-14.322815090417862,-25
1,1,block_2,2,Provo_ID11,4,1081799,1261614,1,applied_drift,1741872114024,-14.322815090417862,-25
1,1,block_2,2,Provo_ID11,4,1081799,1261614,1,applied_drift,1741872114077,-14.322815090417862,-25
1,1,block_2,2,Provo_ID11,4,1081799,1261614,1,applied_drift,1741872114118,-14.322815090417862,-25
1,1,block_2,2,Provo_ID11,4,1081799,1261614,1,applied_drift,1741872114140,-14.322815090417862,-25
1,1,block_2,2,Provo_ID11,4,1081799,1261614,1,applied_drift,1741872114187,-14.322815090417862,-25
1,1,block_2,2,Provo_ID11,4,1081799,1261614,1,applied_drift,1741872114221,-14.322815090417862,-25
1,1,block_2,2,Provo_ID11,4,1081799,1261614,1,applied_drift,1741872114278,-14.322815090417862,-25
1,1,block_2,2,Provo_ID11,4,1081799,1261614,1,applied_drift,1741872114360,-14.322815090417862,-25
1,1,block_2,2,Provo_ID11,4,1081799,1261614,1,applied_drift,1741872114420,-14.322815090417862,-25
1,1,block_2,2,Provo_ID11,4,1081799,1261614,1,applied_drift,1741872114463,-14.322815090417862,-25
1,1,block_2,2,Provo_ID11,4,1081799,1261614,1,applied_drift,1741872114512,-14.322815090417862,-25
1,1,block_2,2,Provo_ID11,4,1081799,1261614,1,applied_drift,1741872114542,-14.322815090417862,-25
1,1,block_2,2,Provo_ID11,4,1081799,1261614,1,applied_drift,1741872114593,-14.322815090417862,-25
1,1,block_2,2,Provo_ID11,4,1081799,1261614,1,applied_drift,1741872114644,-14.322815090417862,-25
1,1,block_2,2,Provo_ID11,4,1081799,1261614,1,applied_drift,1741872114698,-14.322815090417862,-25
1,1,block_2,2,Provo_ID11,4,1081799,1261614,1,applied_drift,1741872114776,-14.322815090417862,-25
1,1,block_2,2,Provo_ID11,4,1081799,1261614,1,applied_drift,1741872114817,-14.322815090417862,-25
1,1,block_2,2,Provo_ID11,4,1081799,1261614,1,applied_drift,1741872114866,-14.322815090417862,-25
1,1,block_2,2,Provo_ID11,4,1081799,1261614,1,applied_drift,1741872114904,-14.322815090417862,-25
1,1,block_2,2,Provo_ID11,4,1081799,1261614,1,applied_drift,1741872114960,-14.322815090417862,-25
1,1,block_2,2,Provo_ID11,4,1081799,1261614,1,applied_drift,1741872115010,-14.322815090417862,-25
1,1,block_2,2,Provo_ID11,4,1081799,1261614,1,applied_drift,1741872115035,-14.322815090417862,-25
1,1,block_2,2,Provo_ID11,4,1081799,1261614,1,applied_drift,1741872115082,-14.322815090417862,-25
1,1,block_2,2,Provo_ID11,4,1081799,1261614,1,applied_drift,1741872115116,-14.322815090417862,-25
1,1,block_2,2,Provo_ID11,4,1081799,1261614,1,applied_drift,1741872115160,-14.322815090417862,-25
1,1,block_2,2,Provo_ID11,4,1081799,1261614,1,applied_drift,1741872115215,-14.322815090417862,-25
1,1,block_2,2,Provo_ID11,4,1081799,1261614,1,applied_drift,1741872115239,-14.322815090417862,-25
1,1,block_2,2,Provo_ID11,4,1081799,1261614,1,applied_drift,1741872115322,-14.322815090417862,-25
1,1,block_2,2,Provo_ID11,4,1081799,1261614,1,applied_drift,1741872115364,-14.322815090417862,-25
1,1,block_2,2,Provo_ID11,4,1081799,1261614,1,applied_drift,1741872115410,-14.322815090417862,-25
1,1,block_2,2,Provo_ID11,4,1081799,1261614,1,applied_drift,1741872115449,-14.322815090417862,-25
1,1,block_2,2,Provo_ID11,4,1081799,1261614,1,applied_drift,1741872115475,-14.322815090417862,-25
1,1,block_2,2,Provo_ID11,4,1081799,1261614,1,applied_drift,1741872115517,-14.322815090417862,-25
1,1,block_2,2,Provo_ID11,4,1081799,1261614,1,applied_drift,1741872115553,-14.322815090417862,-25
1,1,block_2,2,Provo_ID11,4,1081799,1261614,1,applied_drift,1741872115605,-14.322815090417862,-25
1,1,block_2,2,Provo_ID11,4,1081799,1261614,1,applied_drift,1741872115642,-14.322815090417862,-25
1,1,block_2,2,Provo_ID11,4,1081799,1261614,1,applied_drift,1741872115675,-14.322815090417862,-25
1,1,block_2,2,Provo_ID11,4,1081799,1261614,1,applied_drift,1741872115733,-14.322815090417862,-25
1,1,block_2,2,Provo_ID11,4,1081799,1261614,1,applied_drift,1741872115777,-14.322815090417862,-25
1,1,block_2,2,Provo_ID11,4,1081799,1261614,1,applied_drift,1741872115798,-14.322815090417862,-25
1,1,block_2,2,Provo_ID11,4,1081799,1261614,1,applied_drift,1741872115849,-14.322815090417862,-25
1,1,block_2,2,Provo_ID11,4,1081799,1261614,1,applied_drift,1741872115883,-14.322815090417862,-25
1,1,block_2,2,Provo_ID11,4,1081799,1261614,1,applied_drift,1741872115942,-14.322815090417862,-25
1,1,block_2,2,Provo_ID11,4,1081799,1261614,1,applied_drift,1741872115992,-14.322815090417862,-25
1,1,block_2,2,Provo_ID11,4,1081799,1261614,1,applied_drift,1741872116016,-14.322815090417862,-25
1,1,block_2,2,Provo_ID11,4,1081799,1261614,1,applied_drift,1741872116068,-14.322815090417862,-25
1,1,block_2,2,Provo_ID11,4,1081799,1261614,1,applied_drift,1741872116107,-14.322815090417862,-25
1,1,block_2,2,Provo_ID11,4,1081799,1261614,1,applied_drift,1741872116156,-14.322815090417862,-25
1,1,block_2,2,Provo_ID11,4,1081799,1261614,1,applied_drift,1741872116200,-14.322815090417862,-25
1,1,block_2,2,Provo_ID11,4,1081799,1261614,1,applied_drift,1741872116249,-14.322815090417862,-25
1,1,block_2,2,Provo_ID11,4,1081799,1261614,1,applied_drift,1741872116298,-14.322815090417862,-25
1,1,block_2,2,Provo_ID11,4,1081799,1261614,1,applied_drift,1741872116410,-14.322815090417862,-25
1,1,block_2,2,Provo_ID11,4,1081799,1261614,1,applied_drift,1741872116456,-14.322815090417862,-25
1,1,block_2,2,Provo_ID11,4,1081799,1261614,1,applied_drift,1741872116513,-14.322815090417862,-25
1,1,block_2,2,Provo_ID11,4,1081799,1261614,1,applied_drift,1741872116552,-14.322815090417862,-25
1,1,block_2,2,Provo_ID11,4,1081799,1261614,1,applied_drift,1741872116599,-14.322815090417862,-25
1,1,block_2,2,Provo_ID11,4,1081799,1261614,1,applied_drift,1741872116639,-14.322815090417862,-25
1,1,block_2,2,Provo_ID11,4,1081799,1261614,1,applied_drift,1741872116690,-14.322815090417862,-25
1,1,block_2,2,Provo_ID11,4,1081799,1261614,1,applied_drift,1741872116742,-14.322815090417862,-25
1,1,block_2,2,Provo_ID11,4,1081799,1261614,1,applied_drift,1741872116775,-14.322815090417862,-25
1,1,block_2,2,Provo_ID11,4,1081799,1261614,1,applied_drift,1741872116863,-14.322815090417862,-25
1,1,block_2,2,Provo_ID11,4,1081799,1261614,1,applied_drift,1741872116903,-14.322815090417862,-25
1,1,block_2,2,Provo_ID11,4,1081799,1261614,1,applied_drift,1741872116952,-14.322815090417862,-25
1,1,block_2,2,Provo_ID11,4,1081799,1261614,1,applied_drift,1741872116986,-14.322815090417862,-25
1,1,block_2,2,Provo_ID11,4,1081799,1261614,1,applied_drift,1741872117035,-14.322815090417862,-25
1,1,block_2,2,Provo_ID11,4,1081799,1261614,1,applied_drift,1741872117077,-14.322815090417862,-25
1,1,block_2,2,Provo_ID11,4,1081799,1261614,1,applied_drift,1741872117099,-14.322815090417862,-25
1,1,block_2,2,Provo_ID11,4,1081799,1261614,1,applied_drift,1741872117152,-14.322815090417862,-25
1,1,block_2,2,Provo_ID11,4,1081799,1261614,1,applied_drift,1741872117192,-14.322815090417862,-25
1,1,block_2,2,Provo_ID11,4,1081799,1261614,1,applied_drift,1741872117246,-14.322815090417862,-25
1,1,block_2,2,Provo_ID11,4,1081799,1261614,1,applied_drift,1741872117273,-14.322815090417862,-25
1,1,block_2,2,Provo_ID11,4,1081799,1261614,1,applied_drift,1741872117323,-14.322815090417862,-25
1,1,block_2,2,Provo_ID11,4,1081799,1261614,1,applied_drift,1741872117357,-14.322815090417862,-25
1,1,block_2,2,Provo_ID11,4,1081799,1261614,1,applied_drift,1741872117412,-14.322815090417862,-25
1,1,block_2,2,Provo_ID11,4,1081799,1261614,1,applied_drift,1741872117456,-14.322815090417862,-25
1,1,block_2,2,Provo_ID11,4,1081799,1261614,1,applied_drift,1741872117499,-14.322815090417862,-25
1,1,block_2,2,Provo_ID11,4,1081799,1261614,1,applied_drift,1741872117539,-14.322815090417862,-25
1,1,block_2,2,Provo_ID11,4,1081799,1261614,1,applied_drift,1741872117596,-14.322815090417862,-25
1,1,block_2,2,Provo_ID11,4,1081799,1261614,1,applied_drift,1741872117679,-14.322815090417862,-25
1,1,block_2,2,Provo_ID11,4,1081799,1261614,1,applied_drift,1741872117742,-14.322815090417862,-25
1,1,block_2,2,Provo_ID11,4,1081799,1261614,1,applied_drift,1741872117780,-14.322815090417862,-25
1,1,block_2,2,Provo_ID11,4,1081799,1261614,1,applied_drift,1741872117828,-14.322815090417862,-25
1,1,block_2,2,Provo_ID11,4,1081799,1261614,1,applied_drift,1741872117877,-14.322815090417862,-25
1,1,block_2,2,Provo_ID11,4,1081799,1261614,1,applied_drift,1741872117906,-14.322815090417862,-25
1,1,block_2,2,Provo_ID11,4,1081799,1261614,1,applied_drift,1741872117976,-14.322815090417862,-25
1,1,block_2,2,Provo_ID11,4,1081799,1261614,1,applied_drift,1741872118024,-14.322815090417862,-25
1,1,block_2,2,Provo_ID11,4,1081799,1261614,1,applied_drift,1741872118085,-14.322815090417862,-25
1,1,block_2,2,Provo_ID11,4,1081799,1261614,1,applied_drift,1741872118149,-14.322815090417862,-25
1,1,block_2,2,Provo_ID11,4,1081799,1261614,1,applied_drift,1741872118180,-14.322815090417862,-25
1,1,block_2,2,Provo_ID11,4,1081799,1261614,1,applied_drift,1741872118247,-14.322815090417862,-25
1,1,block_2,2,Provo_ID11,4,1081799,1261614,1,applied_drift,1741872118308,-14.322815090417862,-25
1,1,block_2,2,Provo_ID11,4,1081799,1261614,1,applied_drift,1741872118382,-14.322815090417862,-25
1,1,block_2,2,Provo_ID11,4,1081799,1261614,1,applied_drift,1741872118434,-14.322815090417862,-25
1,1,block_2,2,Provo_ID11,4,1081799,1261614,1,applied_drift,1741872118459,-14.322815090417862,-25
1,1,block_2,2,Provo_ID11,4,1081799,1261614,1,applied_drift,1741872118515,-14.322815090417862,-25
1,1,block_2,2,Provo_ID11,4,1081799,1261614,1,applied_drift,1741872118553,-14.322815090417862,-25
1,1,block_2,2,Provo_ID11,4,1081799,1261614,1,applied_drift,1741872118599,-14.322815090417862,-25
1,1,block_2,2,Provo_ID11,4,1081799,1261614,1,applied_drift,1741872118644,-14.322815090417862,-25
1,1,block_2,2,Provo_ID11,4,1081799,1261614,1,applied_drift,1741872118702,-14.322815090417862,-25
1,1,block_2,2,Provo_ID11,4,1081799,1261614,1,applied_drift,1741872118788,-14.322815090417862,-25
1,1,block_2,2,Provo_ID11,4,1081799,1261614,1,applied_drift,1741872118847,-14.322815090417862,-25
1,1,block_2,2,Provo_ID11,4,1081799,1261614,1,applied_drift,1741872118885,-14.322815090417862,-25
1,1,block_2,2,Provo_ID11,4,1081799,1261614,1,applied_drift,1741872118933,-14.322815090417862,-25
1,1,block_2,2,Provo_ID11,4,1081799,1261614,1,applied_drift,1741872118967,-14.322815090417862,-25
1,1,block_2,2,Provo_ID11,4,1081799,1261614,1,applied_drift,1741872119019,-14.322815090417862,-25
1,1,block_2,2,Provo_ID11,4,1081799,1261614,1,applied_drift,1741872119055,-14.322815090417862,-25
1,1,block_2,2,Provo_ID11,4,1081799,1261614,1,applied_drift,1741872119109,-14.322815090417862,-25
1,1,block_2,2,Provo_ID11,4,1081799,1261614,1,applied_drift,1741872119150,-14.322815090417862,-25
1,1,block_2,2,Provo_ID11,4,1081799,1261614,1,applied_drift,1741872119214,-14.322815090417862,-25
1,1,block_2,2,Provo_ID11,4,1081799,1261614,1,applied_drift,1741872119284,-14.322815090417862,-25
1,1,block_2,2,Provo_ID11,4,1081799,1261614,1,applied_drift,1741872119335,-14.322815090417862,-25
1,1,block_2,2,Provo_ID11,4,1081799,1261614,1,applied_drift,1741872119382,-14.322815090417862,-25
1,1,block_2,2,Provo_ID11,4,1081799,1261614,1,applied_drift,1741872119420,-14.322815090417862,-25
1,1,block_2,2,Provo_ID11,4,1081799,1261614,1,applied_drift,1741872119448,-14.322815090417862,-25
1,1,block_2,2,Provo_ID11,4,1081799,1261614,1,applied_drift,1741872119497,-14.322815090417862,-25
1,1,block_2,2,Provo_ID11,4,1081799,1261614,1,applied_drift,1741872119584,-14.322815090417862,-25
1,1,block_2,2,Provo_ID11,4,1081799,1261614,1,applied_drift,1741872119640,-14.322815090417862,-25
1,1,block_2,2,Provo_ID11,4,1081799,1261614,1,applied_drift,1741872119674,-14.322815090417862,-25
1,1,block_2,2,Provo_ID11,4,1081799,1261614,1,applied_drift,1741872119720,-14.322815090417862,-25
1,1,block_2,2,Provo_ID11,4,1081799,1261614,1,applied_drift,1741872119755,-14.322815090417862,-25
1,1,block_2,2,Provo_ID11,4,1081799,1261614,1,applied_drift,1741872119798,-14.322815090417862,-25
1,1,block_2,2,Provo_ID11,4,1081799,1261614,1,applied_drift,1741872119842,-14.322815090417862,-25
1,1,block_2,2,Provo_ID11,4,1081799,1261614,1,applied_drift,1741872119871,-14.322815090417862,-25
1,1,block_2,2,Provo_ID11,4,1081799,1261614,1,applied_drift,1741872119932,-14.322815090417862,-25
1,1,block_2,2,Provo_ID11,4,1081799,1261614,1,applied_drift,1741872119998,-14.322815090417862,-25
1,1,block_2,2,Provo_ID11,4,1081799,1261614,1,applied_drift,1741872120063,-14.322815090417862,-25
1,1,block_2,2,Provo_ID11,4,1081799,1261614,1,applied_drift,1741872120103,-14.322815090417862,-25
1,1,block_2,2,Provo_ID11,4,1081799,1261614,1,applied_drift,1741872120149,-14.322815090417862,-25
1,1,block_2,2,Provo_ID11,4,1081799,1261614,1,applied_drift,1741872120189,-14.322815090417862,-25
1,1,block_2,2,Provo_ID11,4,1081799,1261614,1,applied_drift,1741872120210,-14.322815090417862,-25
1,1,block_2,2,Provo_ID11,4,1081799,1261614,1,applied_drift,1741872120252,-14.322815090417862,-25
1,1,block_2,2,Provo_ID11,4,1081799,1261614,1,applied_drift,1741872120283,-14.322815090417862,-25
1,1,block_2,2,Provo_ID11,4,1081799,1261614,1,applied_drift,1741872120341,-14.322815090417862,-25
1,1,block_2,2,Provo_ID11,4,1081799,1261614,1,applied_drift,1741872120418,-14.322815090417862,-25
1,1,block_2,2,Provo_ID11,4,1081799,1261614,1,applied_drift,1741872120483,-14.322815090417862,-25
1,1,block_2,2,Provo_ID11,4,1081799,1261614,1,applied_drift,1741872120517,-14.322815090417862,-25
1,1,block_2,2,Provo_ID11,4,1081799,1261614,1,applied_drift,1741872120556,-14.322815090417862,-25
1,1,block_2,2,Provo_ID11,4,1081799,1261614,1,applied_drift,1741872120586,-14.322815090417862,-25
1,1,block_2,2,Provo_ID11,4,1081799,1261614,1,applied_drift,1741872120619,-14.322815090417862,-25
1,1,block_2,2,Provo_ID11,4,1081799,1261614,1,applied_drift,1741872120675,-14.322815090417862,-25
1,1,block_2,2,Provo_ID11,4,1081799,1261614,1,applied_drift,1741872120721,-14.322815090417862,-25
1,1,block_2,2,Provo_ID11,4,1081799,1261614,1,applied_drift,1741872120769,-14.322815090417862,-25
1,1,block_2,2,Provo_ID11,4,1081799,1261614,1,applied_drift,1741872120812,-14.322815090417862,-25
1,1,block_2,2,Provo_ID11,4,1081799,1261614,1,applied_drift,1741872120857,-14.322815090417862,-25
1,1,block_2,2,Provo_ID11,4,1081799,1261614,1,applied_drift,1741872120899,-14.322815090417862,-25
1,1,block_2,2,Provo_ID11,4,1081799,1261614,1,applied_drift,1741872120921,-14.322815090417862,-25
1,1,block_2,2,Provo_ID11,4,1081799,1261614,1,applied_drift,1741872120970,-14.322815090417862,-25
1,1,block_2,2,Provo_ID11,4,1081799,1261614,1,applied_drift,1741872121009,-14.322815090417862,-25
1,1,block_2,2,Provo_ID11,4,1081799,1261614,1,applied_drift,1741872121064,-14.322815090417862,-25
1,1,block_2,2,Provo_ID11,4,1081799,1261614,1,applied_drift,1741872121108,-14.322815090417862,-25
1,1,block_2,2,Provo_ID11,4,1081799,1261614,1,applied_drift,1741872121129,-14.322815090417862,-25
1,1,block_2,2,Provo_ID11,4,1081799,1261614,1,applied_drift,1741872121177,-14.322815090417862,-25
1,1,block_2,2,Provo_ID11,4,1081799,1261614,1,applied_drift,1741872121217,-14.322815090417862,-25
1,1,block_2,2,Provo_ID11,4,1081799,1261614,1,applied_drift,1741872121301,-14.322815090417862,-25
1,1,block_2,2,Provo_ID11,4,1081799,1261614,1,applied_drift,1741872121362,-14.322815090417862,-25
1,1,block_2,2,Provo_ID11,4,1081799,1261614,1,applied_drift,1741872121419,-14.322815090417862,-25
1,1,block_2,2,Provo_ID11,4,1081799,1261614,1,applied_drift,1741872121460,-14.322815090417862,-25
1,1,block_2,2,Provo_ID11,4,1081799,1261614,1,applied_drift,1741872121507,-14.322815090417862,-25
1,1,block_2,2,Provo_ID11,4,1081799,1261614,1,applied_drift,1741872121551,-14.322815090417862,-25
1,1,block_2,2,Provo_ID11,4,1081799,1261614,1,applied_drift,1741872121599,-14.322815090417862,-25
1,1,block_2,2,Provo_ID11,4,1081799,1261614,1,applied_drift,1741872121640,-14.322815090417862,-25
1,1,block_2,2,Provo_ID11,4,1081799,1261614,1,applied_drift,1741872121661,-14.322815090417862,-25
1,1,block_2,2,Provo_ID11,4,1081799,1261614,1,applied_drift,1741872121784,-14.322815090417862,-25
1,1,block_2,2,Provo_ID11,4,1081799,1261614,1,applied_drift,1741872121851,-14.322815090417862,-25
1,1,block_2,2,Provo_ID11,4,1081799,1261614,1,applied_drift,1741872121888,-14.322815090417862,-25
1,1,block_2,2,Provo_ID11,4,1081799,1261614,1,applied_drift,1741872121940,-14.322815090417862,-25
1,1,block_2,2,Provo_ID11,4,1081799,1261614,1,applied_drift,1741872122001,-14.322815090417862,-25
1,1,block_2,2,Provo_ID11,4,1081799,1261614,1,applied_drift,1741872122079,-14.322815090417862,-25
1,1,block_2,2,Provo_ID11,4,1081799,1261614,1,applied_drift,1741872122124,-14.322815090417862,-25
1,1,block_2,2,Provo_ID11,4,1081799,1261614,1,applied_drift,1741872122160,-14.322815090417862,-25
1,1,block_2,2,Provo_ID11,4,1081799,1261614,1,applied_drift,1741872122210,-14.322815090417862,-25
1,1,block_2,2,Provo_ID11,4,1081799,1261614,1,applied_drift,1741872122245,-14.322815090417862,-25
1,1,block_2,2,Provo_ID11,4,1081799,1261614,1,applied_drift,1741872122298,-14.322815090417862,-25
1,1,block_2,2,Provo_ID11,4,1081799,1261614,1,applied_drift,1741872122337,-14.322815090417862,-25
1,1,block_2,2,Provo_ID11,4,1081799,1261614,1,applied_drift,1741872122395,-14.322815090417862,-25
1,1,block_2,2,Provo_ID11,4,1081799,1261614,1,applied_drift,1741872122444,-14.322815090417862,-25
1,1,block_2,2,Provo_ID11,4,1081799,1261614,1,applied_drift,1741872122500,-14.322815090417862,-25
1,1,block_2,2,Provo_ID11,4,1081799,1261614,1,applied_drift,1741872122567,-14.322815090417862,-25
1,1,block_2,2,Provo_ID11,4,1081799,1261614,1,applied_drift,1741872122630,-14.322815090417862,-25
1,1,block_2,2,Provo_ID11,4,1081799,1261614,1,applied_drift,1741872122668,-14.322815090417862,-25
1,1,block_2,2,Provo_ID11,4,1081799,1261614,1,applied_drift,1741872122695,-14.322815090417862,-25
1,1,block_2,2,Provo_ID11,4,1081799,1261614,1,applied_drift,1741872122740,-14.322815090417862,-25
1,1,block_2,2,Provo_ID11,4,1081799,1261614,1,applied_drift,1741872122779,-14.322815090417862,-25
1,1,block_2,2,Provo_ID11,4,1081799,1261614,1,applied_drift,1741872122837,-14.322815090417862,-25
1,1,block_2,2,Provo_ID11,4,1081799,1261614,1,applied_drift,1741872122902,-14.322815090417862,-25
1,1,block_2,2,Provo_ID11,4,1081799,1261614,1,applied_drift,1741872122931,-14.322815090417862,-25
1,1,block_2,2,Provo_ID11,4,1081799,1261614,1,applied_drift,1741872122991,-14.322815090417862,-25
1,1,block_2,2,Provo_ID11,4,1081799,1261614,1,applied_drift,1741872123032,-14.322815090417862,-25
1,1,block_2,2,Provo_ID11,4,1081799,1261614,1,applied_drift,1741872123080,-14.322815090417862,-25
1,1,block_2,2,Provo_ID11,4,1081799,1261614,1,applied_drift,1741872123111,-14.322815090417862,-25
1,1,block_2,2,Provo_ID11,4,1081799,1261614,1,applied_drift,1741872123162,-14.322815090417862,-25
1,1,block_2,2,Provo_ID11,4,1081799,1261614,1,applied_drift,1741872123209,-14.322815090417862,-25
1,1,block_2,2,Provo_ID11,4,1081799,1261614,1,applied_drift,1741872123270,-14.322815090417862,-25
1,1,block_2,2,Provo_ID11,4,1081799,1261614,1,applied_drift,1741872123347,-14.322815090417862,-25
1,1,block_2,2,Provo_ID11,4,1081799,1261614,1,applied_drift,1741872123374,-14.322815090417862,-25
1,1,block_2,2,Provo_ID11,4,1081799,1261614,1,applied_drift,1741872123427,-14.322815090417862,-25
1,1,block_2,2,Provo_ID11,4,1081799,1261614,1,applied_drift,1741872123462,-14.322815090417862,-25
1,1,block_2,2,Provo_ID11,4,1081799,1261614,1,applied_drift,1741872123511,-14.322815090417862,-25
1,1,block_2,2,Provo_ID11,4,1081799,1261614,1,applied_drift,1741872123546,-14.322815090417862,-25
1,1,block_2,2,Provo_ID11,4,1081799,1261614,1,applied_drift,1741872123596,-14.322815090417862,-25
1,1,block_2,2,Provo_ID11,4,1081799,1261614,1,applied_drift,1741872123632,-14.322815090417862,-25
1,1,block_2,2,Provo_ID11,4,1081799,1261614,1,applied_drift,1741872123694,-14.322815090417862,-25
1,1,block_2,2,Provo_ID11,4,1081799,1261614,1,applied_drift,1741872123774,-14.322815090417862,-25
1,1,block_2,2,Provo_ID11,4,1081799,1261614,1,applied_drift,1741872123836,-14.322815090417862,-25
1,1,block_2,2,Provo_ID11,4,1081799,1261614,1,applied_drift,1741872123874,-14.322815090417862,-25
1,1,block_2,2,Provo_ID11,4,1081799,1261614,1,applied_drift,1741872123919,-14.322815090417862,-25
1,1,block_2,2,Provo_ID11,4,1081799,1261614,1,applied_drift,1741872123958,-14.322815090417862,-25
1,1,block_2,2,Provo_ID11,4,1081799,1261614,1,applied_drift,1741872124009,-14.322815090417862,-25
1,1,block_2,2,Provo_ID11,4,1081799,1261614,1,applied_drift,1741872124051,-14.322815090417862,-25
1,1,block_2,2,Provo_ID11,4,1081799,1261614,1,applied_drift,1741872124080,-14.322815090417862,-25
1,1,block_2,2,Provo_ID11,4,1081799,1261614,1,applied_drift,1741872124148,-14.322815090417862,-25
1,1,block_2,2,Provo_ID11,4,1081799,1261614,1,applied_drift,1741872124230,-14.322815090417862,-25
1,1,block_2,2,Provo_ID11,4,1081799,1261614,1,applied_drift,1741872124290,-14.322815090417862,-25
1,1,block_2,2,Provo_ID11,4,1081799,1261614,1,applied_drift,1741872124324,-14.322815090417862,-25
1,1,block_2,2,Provo_ID11,4,1081799,1261614,1,applied_drift,1741872124366,-14.322815090417862,-25
1,1,block_2,2,Provo_ID11,4,1081799,1261614,1,applied_drift,1741872124404,-14.322815090417862,-25
1,1,block_2,2,Provo_ID11,4,1081799,1261614,1,applied_drift,1741872124429,-14.322815090417862,-25
1,1,block_2,2,Provo_ID11,4,1081799,1261614,1,applied_drift,1741872124479,-14.322815090417862,-25
1,1,block_2,2,Provo_ID11,4,1081799,1261614,1,applied_drift,1741872124520,-14.322815090417862,-25
1,1,block_2,2,Provo_ID11,4,1081799,1261614,1,applied_drift,1741872124544,-14.322815090417862,-25
1,1,block_2,2,Provo_ID11,4,1081799,1261614,1,applied_drift,1741872124587,-14.322815090417862,-25
1,1,block_2,2,Provo_ID11,4,1081799,1261614,1,applied_drift,1741872124622,-14.322815090417862,-25
1,1,block_2,2,Provo_ID11,4,1081799,1261614,1,applied_drift,1741872124680,-14.322815090417862,-25
1,1,block_2,2,Provo_ID11,4,1081799,1261614,1,applied_drift,1741872124714,-14.322815090417862,-25
1,1,block_2,2,Provo_ID11,4,1081799,1261614,1,applied_drift,1741872124760,-14.322815090417862,-25
1,1,block_2,2,Provo_ID11,4,1081799,1261614,1,applied_drift,1741872124796,-14.322815090417862,-25
1,1,block_2,2,Provo_ID11,4,1081799,1261614,1,applied_drift,1741872124825,-14.322815090417862,-25
1,1,block_2,2,Provo_ID11,4,1081799,1261614,1,applied_drift,1741872124887,-14.322815090417862,-25
1,1,block_2,2,Provo_ID11,4,1081799,1261614,1,applied_drift,1741872124921,-14.322815090417862,-25
1,1,block_2,2,Provo_ID11,4,1081799,1261614,1,applied_drift,1741872124982,-14.322815090417862,-25
1,1,block_2,2,Provo_ID11,4,1081799,1261614,1,applied_drift,1741872125035,-14.322815090417862,-25
1,1,block_2,2,Provo_ID11,4,1081799,1261614,1,applied_drift,1741872125069,-14.322815090417862,-25
1,1,block_2,2,Provo_ID11,4,1081799,1261614,1,applied_drift,1741872125130,-14.322815090417862,-25
1,1,block_2,2,Provo_ID11,4,1081799,1261614,1,applied_drift,1741872125164,-14.322815090417862,-25
1,1,block_2,2,Provo_ID11,4,1081799,1261614,1,applied_drift,1741872125217,-14.322815090417862,-25
1,1,block_2,2,Provo_ID11,4,1081799,1261614,1,applied_drift,1741872125246,-14.322815090417862,-25
1,1,block_2,2,Provo_ID11,4,1081799,1261614,1,applied_drift,1741872125289,-14.322815090417862,-25
1,1,block_2,2,Provo_ID11,4,1081799,1261614,1,applied_drift,1741872125324,-14.322815090417862,-25
1,1,block_2,2,Provo_ID11,4,1081799,1261614,1,applied_drift,1741872125353,-14.322815090417862,-25
1,1,block_2,2,Provo_ID11,4,1081799,1261614,1,applied_drift,1741872125405,-14.322815090417862,-25
1,1,block_2,2,Provo_ID11,4,1081799,1261614,1,applied_drift,1741872125445,-14.322815090417862,-25
1,1,block_2,2,Provo_ID11,4,1081799,1261614,1,applied_drift,1741872125503,-14.322815090417862,-25
1,1,block_2,2,Provo_ID11,4,1081799,1261614,1,applied_drift,1741872125566,-14.322815090417862,-25
1,1,block_2,2,Provo_ID11,4,1081799,1261614,1,applied_drift,1741872125602,-14.322815090417862,-25
1,1,block_2,2,Provo_ID11,4,1081799,1261614,1,applied_drift,1741872125665,-14.322815090417862,-25
1,1,block_2,2,Provo_ID11,4,1081799,1261614,1,applied_drift,1741872125694,-14.322815090417862,-25
1,1,block_2,2,Provo_ID11,4,1081799,1261614,1,applied_drift,1741872125741,-14.322815090417862,-25
1,1,block_2,2,Provo_ID11,4,1081799,1261614,1,applied_drift,1741872125775,-14.322815090417862,-25
1,1,block_2,2,Provo_ID11,4,1081799,1261614,1,applied_drift,1741872125836,-14.322815090417862,-25
1,1,block_2,2,Provo_ID11,4,1081799,1261614,1,applied_drift,1741872125910,-14.322815090417862,-25
1,1,block_2,2,Provo_ID11,4,1081799,1261614,1,applied_drift,1741872125976,-14.322815090417862,-25
1,1,block_2,2,Provo_ID11,4,1081799,1261614,1,applied_drift,1741872126022,-14.322815090417862,-25
1,1,block_2,2,Provo_ID11,4,1081799,1261614,1,applied_drift,1741872126047,-14.322815090417862,-25
1,1,block_2,2,Provo_ID11,4,1081799,1261614,1,applied_drift,1741872126096,-14.322815090417862,-25
1,1,block_2,2,Provo_ID11,4,1081799,1261614,1,applied_drift,1741872126126,-14.322815090417862,-25
1,1,block_2,2,Provo_ID11,4,1081799,1261614,1,applied_drift,1741872126189,-14.322815090417862,-25
1,1,block_2,2,Provo_ID11,4,1081799,1261614,1,applied_drift,1741872126223,-14.322815090417862,-25
1,1,block_2,2,Provo_ID11,4,1081799,1261614,1,applied_drift,1741872126273,-14.322815090417862,-25
1,1,block_2,2,Provo_ID11,4,1081799,1261614,1,applied_drift,1741872126336,-14.322815090417862,-25
1,1,block_2,2,Provo_ID11,4,1081799,1261614,1,applied_drift,1741872126428,-14.322815090417862,-25
1,1,block_2,2,Provo_ID11,4,1081799,1261614,1,applied_drift,1741872126467,-14.322815090417862,-25
1,1,block_2,2,Provo_ID11,4,1081799,1261614,1,applied_drift,1741872126517,-14.322815090417862,-25
1,1,block_2,2,Provo_ID11,4,1081799,1261614,1,applied_drift,1741872126546,-14.322815090417862,-25
1,1,block_2,2,Provo_ID11,4,1081799,1261614,1,applied_drift,1741872126595,-14.322815090417862,-25
1,1,block_2,2,Provo_ID11,4,1081799,1261614,1,applied_drift,1741872126642,-14.322815090417862,-25
1,1,block_2,2,Provo_ID11,4,1081799,1261614,1,applied_drift,1741872126667,-14.322815090417862,-25
1,1,block_2,2,Provo_ID11,4,1081799,1261614,1,applied_drift,1741872126714,-14.322815090417862,-25
1,1,block_2,2,Provo_ID11,4,1081799,1261614,1,applied_drift,1741872126755,-14.322815090417862,-25
1,1,block_2,2,Provo_ID11,4,1081799,1261614,1,applied_drift,1741872126782,-14.322815090417862,-25
1,1,block_2,2,Provo_ID11,4,1081799,1261614,1,applied_drift,1741872126868,-14.322815090417862,-25
1,1,block_2,2,Provo_ID11,4,1081799,1261614,1,applied_drift,1741872126909,-14.322815090417862,-25
1,1,block_2,2,Provo_ID11,4,1081799,1261614,1,applied_drift,1741872126956,-14.322815090417862,-25
1,1,block_2,2,Provo_ID11,4,1081799,1261614,1,applied_drift,1741872126995,-14.322815090417862,-25
1,1,block_2,2,Provo_ID11,4,1081799,1261614,1,applied_drift,1741872127044,-14.322815090417862,-25
1,1,block_2,2,Provo_ID11,4,1081799,1261614,1,applied_drift,1741872127089,-14.322815090417862,-25
1,1,block_2,2,Provo_ID11,4,1081799,1261614,1,applied_drift,1741872127145,-14.322815090417862,-25
1,1,block_2,2,Provo_ID11,4,1081799,1261614,1,applied_drift,1741872127202,-14.322815090417862,-25
1,1,block_2,2,Provo_ID11,4,1081799,1261614,1,applied_drift,1741872127265,-14.322815090417862,-25
1,1,block_2,2,Provo_ID11,4,1081799,1261614,1,applied_drift,1741872127319,-14.322815090417862,-25
1,1,block_2,2,Provo_ID11,4,1081799,1261614,1,applied_drift,1741872127358,-14.322815090417862,-25
1,1,block_2,2,Provo_ID11,4,1081799,1261614,1,applied_drift,1741872127405,-14.322815090417862,-25
1,1,block_2,2,Provo_ID11,4,1081799,1261614,1,applied_drift,1741872127443,-14.322815090417862,-25
1,1,block_2,2,Provo_ID11,4,1081799,1261614,1,applied_drift,1741872127487,-14.322815090417862,-25
1,1,block_2,2,Provo_ID11,4,1081799,1261614,1,applied_drift,1741872127523,-14.322815090417862,-25
1,1,block_2,2,Provo_ID11,4,1081799,1261614,1,applied_drift,1741872127549,-14.322815090417862,-25
1,1,block_2,2,Provo_ID11,4,1081799,1261614,1,applied_drift,1741872127601,-14.322815090417862,-25
1,1,block_2,2,Provo_ID11,4,1081799,1261614,1,applied_drift,1741872127636,-14.322815090417862,-25
1,1,block_2,2,Provo_ID11,4,1081799,1261614,1,applied_drift,1741872127690,-14.322815090417862,-25
1,1,block_2,2,Provo_ID11,4,1081799,1261614,1,applied_drift,1741872127729,-14.322815090417862,-25
1,1,block_2,2,Provo_ID11,4,1081799,1261614,1,applied_drift,1741872127777,-14.322815090417862,-25
1,1,block_2,2,Provo_ID11,4,1081799,1261614,1,applied_drift,1741872127819,-14.322815090417862,-25
1,1,block_2,2,Provo_ID11,4,1081799,1261614,1,applied_drift,1741872127849,-14.322815090417862,-25
1,1,block_2,2,Provo_ID11,4,1081799,1261614,1,applied_drift,1741872127900,-14.322815090417862,-25
1,1,block_2,2,Provo_ID11,4,1081799,1261614,1,applied_drift,1741872127944,-14.322815090417862,-25
1,1,block_2,2,Provo_ID11,4,1081799,1261614,1,applied_drift,1741872127995,-14.322815090417862,-25
1,1,block_2,2,Provo_ID11,4,1081799,1261614,1,applied_drift,1741872128035,-14.322815090417862,-25
1,1,block_2,2,Provo_ID11,4,1081799,1261614,1,applied_drift,1741872128099,-14.322815090417862,-25
1,1,block_2,2,Provo_ID11,4,1081799,1261614,1,applied_drift,1741872128179,-14.322815090417862,-25
1,1,block_2,2,Provo_ID11,4,1081799,1261614,1,applied_drift,1741872128252,-14.322815090417862,-25
1,1,block_2,2,Provo_ID11,4,1081799,1261614,1,applied_drift,1741872128288,-14.322815090417862,-25
1,1,block_2,2,Provo_ID11,4,1081799,1261614,1,applied_drift,1741872128340,-14.322815090417862,-25
1,1,block_2,2,Provo_ID11,4,1081799,1261614,1,applied_drift,1741872128375,-14.322815090417862,-25
1,1,block_2,2,Provo_ID11,4,1081799,1261614,1,applied_drift,1741872128471,-14.322815090417862,-25
1,1,block_2,2,Provo_ID11,4,1081799,1261614,1,applied_drift,1741872128551,-14.322815090417862,-25
1,1,block_2,2,Provo_ID11,4,1081799,1261614,1,applied_drift,1741872128610,-14.322815090417862,-25
1,1,block_2,2,Provo_ID11,4,1081799,1261614,1,applied_drift,1741872128650,-14.322815090417862,-25
1,1,block_2,2,Provo_ID11,4,1081799,1261614,1,applied_drift,1741872128676,-14.322815090417862,-25
1,1,block_2,2,Provo_ID11,4,1081799,1261614,1,applied_drift,1741872128718,-14.322815090417862,-25
1,1,block_2,2,Provo_ID11,4,1081799,1261614,1,applied_drift,1741872128752,-14.322815090417862,-25
1,1,block_2,2,Provo_ID11,4,1081799,1261614,1,applied_drift,1741872128808,-14.322815090417862,-25
1,1,block_2,2,Provo_ID11,4,1081799,1261614,1,applied_drift,1741872128853,-14.322815090417862,-25
1,1,block_2,2,Provo_ID11,4,1081799,1261614,1,applied_drift,1741872128903,-14.322815090417862,-25
1,1,block_2,2,Provo_ID11,4,1081799,1261614,1,applied_drift,1741872128946,-14.322815090417862,-25
1,1,block_2,2,Provo_ID11,4,1081799,1261614,1,applied_drift,1741872128990,-14.322815090417862,-25
1,1,block_2,2,Provo_ID11,4,1081799,1261614,1,applied_drift,1741872129032,-14.322815090417862,-25
1,1,block_2,2,Provo_ID11,4,1081799,1261614,1,applied_drift,1741872129061,-14.322815090417862,-25
1,1,block_2,2,Provo_ID11,4,1081799,1261614,1,applied_drift,1741872129139,-14.322815090417862,-25
1,1,block_2,2,Provo_ID11,4,1081799,1261614,1,applied_drift,1741872129195,-14.322815090417862,-25
1,1,block_2,2,Provo_ID11,4,1081799,1261614,1,applied_drift,1741872129250,-14.322815090417862,-25
1,1,block_2,2,Provo_ID11,4,1081799,1261614,1,applied_drift,1741872129289,-14.322815090417862,-25
1,1,block_2,2,Provo_ID11,4,1081799,1261614,1,applied_drift,1741872129330,-14.322815090417862,-25
1,1,block_2,2,Provo_ID11,4,1081799,1261614,1,applied_drift,1741872129366,-14.322815090417862,-25
1,1,block_2,2,Provo_ID11,4,1081799,1261614,1,applied_drift,1741872129394,-14.322815090417862,-25
1,1,block_2,2,Provo_ID11,4,1081799,1261614,1,applied_drift,1741872129469,-14.322815090417862,-25
1,1,block_2,2,Provo_ID11,4,1081799,1261614,1,applied_drift,1741872129541,-14.322815090417862,-25
1,1,block_2,2,Provo_ID11,4,1081799,1261614,1,applied_drift,1741872129598,-14.322815090417862,-25
1,1,block_2,2,Provo_ID11,4,1081799,1261614,1,applied_drift,1741872129628,-14.322815090417862,-25
1,1,block_2,2,Provo_ID11,4,1081799,1261614,1,applied_drift,1741872129673,-14.322815090417862,-25
1,1,block_2,2,Provo_ID11,4,1081799,1261614,1,applied_drift,1741872129705,-14.322815090417862,-25
1,1,block_2,2,Provo_ID11,4,1081799,1261614,1,applied_drift,1741872129761,-14.322815090417862,-25
1,1,block_2,2,Provo_ID11,4,1081799,1261614,1,applied_drift,1741872129810,-14.322815090417862,-25
1,1,block_2,2,Provo_ID11,4,1081799,1261614,1,applied_drift,1741872129865,-14.322815090417862,-25
1,1,block_2,2,Provo_ID11,4,1081799,1261614,1,applied_drift,1741872129911,-14.322815090417862,-25
1,1,block_2,2,Provo_ID11,4,1081799,1261614,1,applied_drift,1741872129933,-14.322815090417862,-25
1,1,block_2,2,Provo_ID11,4,1081799,1261614,1,applied_drift,1741872130017,-14.322815090417862,-25
1,1,block_2,2,Provo_ID11,4,1081799,1261614,1,applied_drift,1741872130063,-14.322815090417862,-25
1,1,block_2,2,Provo_ID11,4,1081799,1261614,1,applied_drift,1741872130109,-14.322815090417862,-25
1,1,block_2,2,Provo_ID11,4,1081799,1261614,1,applied_drift,1741872130150,-14.322815090417862,-25
1,1,block_2,2,Provo_ID11,4,1081799,1261614,1,applied_drift,1741872130173,-14.322815090417862,-25
1,1,block_2,2,Provo_ID11,4,1081799,1261614,1,applied_drift,1741872130224,-14.322815090417862,-25
1,1,block_2,2,Provo_ID11,4,1081799,1261614,1,applied_drift,1741872130258,-14.322815090417862,-25
1,1,block_2,2,Provo_ID11,4,1081799,1261614,1,applied_drift,1741872130328,-14.322815090417862,-25
1,1,block_2,2,Provo_ID11,4,1081799,1261614,1,applied_drift,1741872130390,-14.322815090417862,-25
1,1,block_2,2,Provo_ID11,4,1081799,1261614,1,applied_drift,1741872130450,-14.322815090417862,-25
1,1,block_2,2,Provo_ID11,4,1081799,1261614,1,applied_drift,1741872130485,-14.322815090417862,-25
1,1,block_2,2,Provo_ID11,4,1081799,1261614,1,applied_drift,1741872130528,-14.322815090417862,-25
1,1,block_2,2,Provo_ID11,4,1081799,1261614,1,applied_drift,1741872130567,-14.322815090417862,-25
1,1,block_2,2,Provo_ID11,4,1081799,1261614,1,applied_drift,1741872130613,-14.322815090417862,-25
1,1,block_2,2,Provo_ID11,4,1081799,1261614,1,applied_drift,1741872130658,-14.322815090417862,-25
1,1,block_2,2,Provo_ID11,4,1081799,1261614,1,applied_drift,1741872130708,-14.322815090417862,-25
1,1,block_2,2,Provo_ID11,4,1081799,1261614,1,applied_drift,1741872130750,-14.322815090417862,-25
1,1,block_2,2,Provo_ID11,4,1081799,1261614,1,applied_drift,1741872130770,-14.322815090417862,-25
1,1,block_2,2,Provo_ID11,4,1081799,1261614,1,applied_drift,1741872130825,-14.322815090417862,-25
1,1,block_2,2,Provo_ID11,4,1081799,1261614,1,applied_drift,1741872130888,-14.322815090417862,-25
1,1,block_2,2,Provo_ID11,4,1081799,1261614,1,applied_drift,1741872130971,-14.322815090417862,-25
1,1,block_2,2,Provo_ID11,4,1081799,1261614,1,applied_drift,1741872131006,-14.322815090417862,-25
1,1,block_2,2,Provo_ID11,4,1081799,1261614,1,applied_drift,1741872131032,-14.322815090417862,-25
1,1,block_2,2,Provo_ID11,4,1081799,1261614,1,applied_drift,1741872131072,-14.322815090417862,-25
1,1,block_2,2,Provo_ID11,4,1081799,1261614,1,applied_drift,1741872131104,-14.322815090417862,-25
1,1,block_2,2,Provo_ID11,4,1081799,1261614,1,applied_drift,1741872131162,-14.322815090417862,-25
1,1,block_2,2,Provo_ID11,4,1081799,1261614,1,applied_drift,1741872131221,-14.322815090417862,-25
1,1,block_2,2,Provo_ID11,4,1081799,1261614,1,applied_drift,1741872131298,-14.322815090417862,-25
1,1,block_2,2,Provo_ID11,4,1081799,1261614,1,applied_drift,1741872131337,-14.322815090417862,-25
1,1,block_2,2,Provo_ID11,4,1081799,1261614,1,applied_drift,1741872131357,-14.322815090417862,-25
1,1,block_2,2,Provo_ID11,4,1081799,1261614,1,applied_drift,1741872131399,-14.322815090417862,-25
1,1,block_2,2,Provo_ID11,4,1081799,1261614,1,applied_drift,1741872131438,-14.322815090417862,-25
1,1,block_2,2,Provo_ID11,4,1081799,1261614,1,applied_drift,1741872131488,-14.322815090417862,-25
1,1,block_2,2,Provo_ID11,4,1081799,1261614,1,applied_drift,1741872131534,-14.322815090417862,-25
1,1,block_2,2,Provo_ID11,4,1081799,1261614,1,applied_drift,1741872131554,-14.322815090417862,-25
1,1,block_2,2,Provo_ID11,4,1081799,1261614,1,applied_drift,1741872131603,-14.322815090417862,-25
1,1,block_2,2,Provo_ID11,4,1081799,1261614,1,applied_drift,1741872131633,-14.322815090417862,-25
1,1,block_2,2,Provo_ID11,4,1081799,1261614,1,applied_drift,1741872131760,-14.322815090417862,-25
1,1,block_2,2,Provo_ID11,4,1081799,1261614,1,applied_drift,1741872131811,-14.322815090417862,-25
1,1,block_2,2,Provo_ID11,4,1081799,1261614,1,applied_drift,1741872131854,-14.322815090417862,-25
1,1,block_2,2,Provo_ID11,4,1081799,1261614,1,applied_drift,1741872131898,-14.322815090417862,-25
1,1,block_2,2,Provo_ID11,4,1081799,1261614,1,applied_drift,1741872131939,-14.322815090417862,-25
1,1,block_2,2,Provo_ID11,4,1081799,1261614,1,applied_drift,1741872131988,-14.322815090417862,-25
1,1,block_2,2,Provo_ID11,4,1081799,1261614,1,applied_drift,1741872132036,-14.322815090417862,-25
1,1,block_2,2,Provo_ID11,4,1081799,1261614,1,applied_drift,1741872132063,-14.322815090417862,-25
1,1,block_2,2,Provo_ID11,4,1081799,1261614,1,applied_drift,1741872132133,-14.322815090417862,-25
1,1,block_2,2,Provo_ID11,4,1081799,1261614,1,applied_drift,1741872132170,-14.322815090417862,-25
1,1,block_2,2,Provo_ID11,4,1081799,1261614,1,applied_drift,1741872132201,-14.322815090417862,-25
1,1,block_2,2,Provo_ID11,4,1081799,1261614,1,applied_drift,1741872132244,-14.322815090417862,-25
1,1,block_2,2,Provo_ID11,4,1081799,1261614,1,applied_drift,1741872132287,-14.322815090417862,-25
1,1,block_2,2,Provo_ID11,4,1081799,1261614,1,applied_drift,1741872132337,-14.322815090417862,-25
1,1,block_2,2,Provo_ID11,4,1081799,1261614,1,applied_drift,1741872132371,-14.322815090417862,-25
1,1,block_2,2,Provo_ID11,4,1081799,1261614,1,applied_drift,1741872132443,-14.322815090417862,-25
1,1,block_2,2,Provo_ID11,4,1081799,1261614,1,applied_drift,1741872132478,-14.322815090417862,-25
1,1,block_2,2,Provo_ID11,4,1081799,1261614,1,applied_drift,1741872132528,-14.322815090417862,-25
1,1,block_2,2,Provo_ID11,4,1081799,1261614,1,applied_drift,1741872132572,-14.322815090417862,-25
1,1,block_2,2,Provo_ID11,4,1081799,1261614,1,applied_drift,1741872132619,-14.322815090417862,-25
1,1,block_2,2,Provo_ID11,4,1081799,1261614,1,applied_drift,1741872132662,-14.322815090417862,-25
1,1,block_2,2,Provo_ID11,4,1081799,1261614,1,applied_drift,1741872132696,-14.322815090417862,-25
1,1,block_2,2,Provo_ID11,4,1081799,1261614,1,applied_drift,1741872132796,-14.322815090417862,-25
1,1,block_2,2,Provo_ID11,4,1081799,1261614,1,applied_drift,1741872132835,-14.322815090417862,-25
1,1,block_2,2,Provo_ID11,4,1081799,1261614,1,applied_drift,1741872132878,-14.322815090417862,-25
1,1,block_2,2,Provo_ID11,4,1081799,1261614,1,applied_drift,1741872132917,-14.322815090417862,-25
1,1,block_2,2,Provo_ID11,4,1081799,1261614,1,applied_drift,1741872132967,-14.322815090417862,-25
1,1,block_2,2,Provo_ID11,4,1081799,1261614,1,applied_drift,1741872132996,-14.322815090417862,-25
1,1,block_2,2,Provo_ID11,4,1081799,1261614,1,applied_drift,1741872133046,-14.322815090417862,-25
1,1,block_2,2,Provo_ID11,4,1081799,1261614,1,applied_drift,1741872133091,-14.322815090417862,-25
1,1,block_2,2,Provo_ID11,4,1081799,1261614,1,applied_drift,1741872133140,-14.322815090417862,-25
1,1,block_2,2,Provo_ID11,4,1081799,1261614,1,applied_drift,1741872133174,-14.322815090417862,-25
1,1,block_2,2,Provo_ID11,4,1081799,1261614,1,applied_drift,1741872133206,-14.322815090417862,-25
1,1,block_2,2,Provo_ID11,4,1081799,1261614,1,applied_drift,1741872133282,-14.322815090417862,-25
1,1,block_2,2,Provo_ID11,4,1081799,1261614,1,applied_drift,1741872133339,-14.322815090417862,-25
1,1,block_2,2,Provo_ID11,4,1081799,1261614,1,applied_drift,1741872133398,-14.322815090417862,-25
1,1,block_2,2,Provo_ID11,4,1081799,1261614,1,applied_drift,1741872133439,-14.322815090417862,-25
1,1,block_2,2,Provo_ID11,4,1081799,1261614,1,applied_drift,1741872133464,-14.322815090417862,-25
1,1,block_2,2,Provo_ID11,4,1081799,1261614,1,applied_drift,1741872133502,-14.322815090417862,-25
1,1,block_2,2,Provo_ID11,4,1081799,1261614,1,applied_drift,1741872133536,-14.322815090417862,-25
1,1,block_2,2,Provo_ID11,4,1081799,1261614,1,applied_drift,1741872133587,-14.322815090417862,-25
1,1,block_2,2,Provo_ID11,4,1081799,1261614,1,applied_drift,1741872133629,-14.322815090417862,-25
1,1,block_2,2,Provo_ID11,4,1081799,1261614,1,applied_drift,1741872133651,-14.322815090417862,-25
1,1,block_2,2,Provo_ID11,4,1081799,1261614,1,applied_drift,1741872133702,-14.322815090417862,-25
1,1,block_2,2,Provo_ID11,4,1081799,1261614,1,applied_drift,1741872133731,-14.322815090417862,-25
1,1,block_2,2,Provo_ID11,4,1081799,1261614,1,applied_drift,1741872133773,-14.322815090417862,-25
1,1,block_2,2,Provo_ID11,4,1081799,1261614,1,applied_drift,1741872133818,-14.322815090417862,-25
1,1,block_2,2,Provo_ID11,4,1081799,1261614,1,applied_drift,1741872133870,-14.322815090417862,-25
1,1,block_2,2,Provo_ID11,4,1081799,1261614,1,applied_drift,1741872133908,-14.322815090417862,-25
1,1,block_2,2,Provo_ID11,4,1081799,1261614,1,applied_drift,1741872133929,-14.322815090417862,-25
1,1,block_2,2,Provo_ID11,4,1081799,1261614,1,applied_drift,1741872133986,-14.322815090417862,-25
1,1,block_2,2,Provo_ID11,4,1081799,1261614,1,applied_drift,1741872134118,-14.322815090417862,-25
1,1,block_2,2,Provo_ID11,4,1081799,1261614,1,applied_drift,1741872134165,-14.322815090417862,-25
1,1,block_2,2,Provo_ID11,4,1081799,1261614,1,applied_drift,1741872134215,-14.322815090417862,-25
1,1,block_2,2,Provo_ID11,4,1081799,1261614,1,applied_drift,1741872134254,-14.322815090417862,-25
1,1,block_2,2,Provo_ID11,4,1081799,1261614,1,applied_drift,1741872134302,-14.322815090417862,-25
1,1,block_2,2,Provo_ID11,4,1081799,1261614,1,applied_drift,1741872134336,-14.322815090417862,-25
1,1,block_2,2,Provo_ID11,4,1081799,1261614,1,applied_drift,1741872134391,-14.322815090417862,-25
1,1,block_2,2,Provo_ID11,4,1081799,1261614,1,applied_drift,1741872134472,-14.322815090417862,-25
1,1,block_2,2,Provo_ID11,4,1081799,1261614,1,applied_drift,1741872134533,-14.322815090417862,-25
1,1,block_2,2,Provo_ID11,4,1081799,1261614,1,applied_drift,1741872134575,-14.322815090417862,-25
1,1,block_2,2,Provo_ID11,4,1081799,1261614,1,applied_drift,1741872134625,-14.322815090417862,-25
1,1,block_2,2,Provo_ID11,4,1081799,1261614,1,applied_drift,1741872134666,-14.322815090417862,-25
1,1,block_2,2,Provo_ID11,4,1081799,1261614,1,applied_drift,1741872134717,-14.322815090417862,-25
1,1,block_2,2,Provo_ID11,4,1081799,1261614,1,applied_drift,1741872134757,-14.322815090417862,-25
1,1,block_2,2,Provo_ID11,4,1081799,1261614,1,applied_drift,1741872134785,-14.322815090417862,-25
1,1,block_2,2,Provo_ID11,4,1081799,1261614,1,applied_drift,1741872134902,-14.322815090417862,-25
1,1,block_2,2,Provo_ID11,4,1081799,1261614,1,applied_drift,1741872134967,-14.322815090417862,-25
1,1,block_2,2,Provo_ID11,4,1081799,1261614,1,applied_drift,1741872134998,-14.322815090417862,-25
1,1,block_2,2,Provo_ID11,4,1081799,1261614,1,applied_drift,1741872135060,-14.322815090417862,-25
1,1,block_2,2,Provo_ID11,4,1081799,1261614,1,applied_drift,1741872135101,-14.322815090417862,-25
1,1,block_2,2,Provo_ID11,4,1081799,1261614,1,applied_drift,1741872135175,-14.322815090417862,-25
1,1,block_2,2,Provo_ID11,4,1081799,1261614,1,applied_drift,1741872135237,-14.322815090417862,-25
1,1,block_2,2,Provo_ID11,4,1081799,1261614,1,applied_drift,1741872135296,-14.322815090417862,-25
1,1,block_2,2,Provo_ID11,4,1081799,1261614,1,applied_drift,1741872135335,-14.322815090417862,-25
1,1,block_2,2,Provo_ID11,4,1081799,1261614,1,applied_drift,1741872135386,-14.322815090417862,-25
1,1,block_2,2,Provo_ID11,4,1081799,1261614,1,applied_drift,1741872135436,-14.322815090417862,-25
1,1,block_2,2,Provo_ID11,4,1081799,1261614,1,applied_drift,1741872135463,-14.322815090417862,-25
1,1,block_2,2,Provo_ID11,4,1081799,1261614,1,applied_drift,1741872135512,-14.322815090417862,-25
1,1,block_2,2,Provo_ID11,4,1081799,1261614,1,applied_drift,1741872135552,-14.322815090417862,-25
1,1,block_2,2,Provo_ID11,4,1081799,1261614,1,applied_drift,1741872135636,-14.322815090417862,-25
1,1,block_2,2,Provo_ID11,4,1081799,1261614,1,applied_drift,1741872135681,-14.322815090417862,-25
1,1,block_2,2,Provo_ID11,4,1081799,1261614,1,applied_drift,1741872135740,-14.322815090417862,-25
1,1,block_2,2,Provo_ID11,4,1081799,1261614,1,applied_drift,1741872135778,-14.322815090417862,-25
1,1,block_2,2,Provo_ID11,4,1081799,1261614,1,applied_drift,1741872135828,-14.322815090417862,-25
1,1,block_2,2,Provo_ID11,4,1081799,1261614,1,applied_drift,1741872135865,-14.322815090417862,-25
1,1,block_2,2,Provo_ID11,4,1081799,1261614,1,applied_drift,1741872135927,-14.322815090417862,-25
1,1,block_2,2,Provo_ID11,4,1081799,1261614,1,applied_drift,1741872136013,-14.322815090417862,-25
1,1,block_2,2,Provo_ID11,4,1081799,1261614,1,applied_drift,1741872136077,-14.322815090417862,-25
1,1,block_2,2,Provo_ID11,4,1081799,1261614,1,applied_drift,1741872136119,-14.322815090417862,-25
1,1,block_2,2,Provo_ID11,4,1081799,1261614,1,applied_drift,1741872136168,-14.322815090417862,-25
1,1,block_2,2,Provo_ID11,4,1081799,1261614,1,applied_drift,1741872136206,-14.322815090417862,-25
1,1,block_2,2,Provo_ID11,4,1081799,1261614,1,applied_drift,1741872136266,-14.322815090417862,-25
1,1,block_2,2,Provo_ID11,4,1081799,1261614,1,applied_drift,1741872136315,-14.322815090417862,-25
1,1,block_2,2,Provo_ID11,4,1081799,1261614,1,applied_drift,1741872136352,-14.322815090417862,-25
1,1,block_2,2,Provo_ID11,4,1081799,1261614,1,applied_drift,1741872136406,-14.322815090417862,-25
1,1,block_2,2,Provo_ID11,4,1081799,1261614,1,applied_drift,1741872136452,-14.322815090417862,-25
1,1,block_2,2,Provo_ID11,4,1081799,1261614,1,applied_drift,1741872136498,-14.322815090417862,-25
1,1,block_2,2,Provo_ID11,4,1081799,1261614,1,applied_drift,1741872136537,-14.322815090417862,-25
1,1,block_2,2,Provo_ID11,4,1081799,1261614,1,applied_drift,1741872136558,-14.322815090417862,-25
1,1,block_2,2,Provo_ID11,4,1081799,1261614,1,applied_drift,1741872136601,-14.322815090417862,-25
1,1,block_2,2,Provo_ID11,4,1081799,1261614,1,applied_drift,1741872136634,-14.322815090417862,-25
1,1,block_2,2,Provo_ID11,4,1081799,1261614,1,applied_drift,1741872136685,-14.322815090417862,-25
1,1,block_2,2,Provo_ID11,4,1081799,1261614,1,applied_drift,1741872136725,-14.322815090417862,-25
1,1,block_2,2,Provo_ID11,4,1081799,1261614,1,applied_drift,1741872136746,-14.322815090417862,-25
1,1,block_2,2,Provo_ID11,4,1081799,1261614,1,applied_drift,1741872136791,-14.322815090417862,-25
1,1,block_2,2,Provo_ID11,4,1081799,1261614,1,applied_drift,1741872136828,-14.322815090417862,-25
1,1,block_2,2,Provo_ID11,4,1081799,1261614,1,applied_drift,1741872136899,-14.322815090417862,-25
1,1,block_2,2,Provo_ID11,4,1081799,1261614,1,applied_drift,1741872136956,-14.322815090417862,-25
1,1,block_2,2,Provo_ID11,4,1081799,1261614,1,applied_drift,1741872137018,-14.322815090417862,-25
1,1,block_2,2,Provo_ID11,4,1081799,1261614,1,applied_drift,1741872137062,-14.322815090417862,-25
1,1,block_2,2,Provo_ID11,4,1081799,1261614,1,applied_drift,1741872137104,-14.322815090417862,-25
1,1,block_2,2,Provo_ID11,4,1081799,1261614,1,applied_drift,1741872137143,-14.322815090417862,-25
1,1,block_2,2,Provo_ID11,4,1081799,1261614,1,applied_drift,1741872137170,-14.322815090417862,-25
1,1,block_2,2,Provo_ID11,4,1081799,1261614,1,applied_drift,1741872137227,-14.322815090417862,-25
1,1,block_2,2,Provo_ID11,4,1081799,1261614,1,applied_drift,1741872137266,-14.322815090417862,-25
1,1,block_2,2,Provo_ID11,4,1081799,1261614,1,applied_drift,1741872137326,-14.322815090417862,-25
1,1,block_2,2,Provo_ID11,4,1081799,1261614,1,applied_drift,1741872137412,-14.322815090417862,-25
1,1,block_2,2,Provo_ID11,4,1081799,1261614,1,applied_drift,1741872137457,-14.322815090417862,-25
1,1,block_2,2,Provo_ID11,4,1081799,1261614,1,applied_drift,1741872137494,-14.322815090417862,-25
1,1,block_2,2,Provo_ID11,4,1081799,1261614,1,applied_drift,1741872137538,-14.322815090417862,-25
1,1,block_2,2,Provo_ID11,4,1081799,1261614,1,applied_drift,1741872137588,-14.322815090417862,-25
1,1,block_2,2,Provo_ID11,4,1081799,1261614,1,applied_drift,1741872137628,-14.322815090417862,-25
1,1,block_2,2,Provo_ID11,4,1081799,1261614,1,applied_drift,1741872137649,-14.322815090417862,-25
1,1,block_2,2,Provo_ID11,4,1081799,1261614,1,applied_drift,1741872137696,-14.322815090417862,-25
1,1,block_2,2,Provo_ID11,4,1081799,1261614,1,applied_drift,1741872137831,-14.322815090417862,-25
1,1,block_2,2,Provo_ID11,4,1081799,1261614,1,applied_drift,1741872137873,-14.322815090417862,-25
1,1,block_2,2,Provo_ID11,4,1081799,1261614,1,applied_drift,1741872137916,-14.322815090417862,-25
1,1,block_2,2,Provo_ID11,4,1081799,1261614,1,applied_drift,1741872137954,-14.322815090417862,-25
1,1,block_2,2,Provo_ID11,4,1081799,1261614,1,applied_drift,1741872137997,-14.322815090417862,-25
1,1,block_2,2,Provo_ID11,4,1081799,1261614,1,applied_drift,1741872138037,-14.322815090417862,-25
1,1,block_2,2,Provo_ID11,4,1081799,1261614,1,applied_drift,1741872138058,-14.322815090417862,-25
1,1,block_2,2,Provo_ID11,4,1081799,1261614,1,applied_drift,1741872138112,-14.322815090417862,-25
1,1,block_2,2,Provo_ID11,4,1081799,1261614,1,applied_drift,1741872138163,-14.322815090417862,-25
1,1,block_2,2,Provo_ID11,4,1081799,1261614,1,applied_drift,1741872138254,-14.322815090417862,-25
1,1,block_2,2,Provo_ID11,4,1081799,1261614,1,applied_drift,1741872138298,-14.322815090417862,-25
1,1,block_2,2,Provo_ID11,4,1081799,1261614,1,applied_drift,1741872138347,-14.322815090417862,-25
1,1,block_2,2,Provo_ID11,4,1081799,1261614,1,applied_drift,1741872138388,-14.322815090417862,-25
1,1,block_2,2,Provo_ID11,4,1081799,1261614,1,applied_drift,1741872138442,-14.322815090417862,-25
1,1,block_2,2,Provo_ID11,4,1081799,1261614,1,applied_drift,1741872138476,-14.322815090417862,-25
1,1,block_2,2,Provo_ID11,4,1081799,1261614,1,applied_drift,1741872138537,-14.322815090417862,-25
1,1,block_2,2,Provo_ID11,4,1081799,1261614,1,applied_drift,1741872138610,-14.322815090417862,-25
1,1,block_2,2,Provo_ID11,4,1081799,1261614,1,applied_drift,1741872138676,-14.322815090417862,-25
1,1,block_2,2,Provo_ID11,4,1081799,1261614,1,applied_drift,1741872138718,-14.322815090417862,-25
1,1,block_2,2,Provo_ID11,4,1081799,1261614,1,applied_drift,1741872138761,-14.322815090417862,-25
1,1,block_2,2,Provo_ID11,4,1081799,1261614,1,applied_drift,1741872138790,-14.322815090417862,-25
1,1,block_2,2,Provo_ID11,4,1081799,1261614,1,applied_drift,1741872138830,-14.322815090417862,-25
1,1,block_2,2,Provo_ID11,4,1081799,1261614,1,applied_drift,1741872138882,-14.322815090417862,-25
1,1,block_2,2,Provo_ID11,4,1081799,1261614,1,applied_drift,1741872138921,-14.322815090417862,-25
1,1,block_2,2,Provo_ID11,4,1081799,1261614,1,applied_drift,1741872138968,-14.322815090417862,-25
1,1,block_2,2,Provo_ID11,4,1081799,1261614,1,applied_drift,1741872139012,-14.322815090417862,-25
1,1,block_2,2,Provo_ID11,4,1081799,1261614,1,applied_drift,1741872139062,-14.322815090417862,-25
1,1,block_2,2,Provo_ID11,4,1081799,1261614,1,applied_drift,1741872139105,-14.322815090417862,-25
1,1,block_2,2,Provo_ID11,4,1081799,1261614,1,applied_drift,1741872139132,-14.322815090417862,-25
1,1,block_2,2,Provo_ID11,4,1081799,1261614,1,applied_drift,1741872139182,-14.322815090417862,-25
1,1,block_2,2,Provo_ID11,4,1081799,1261614,1,applied_drift,1741872139219,-14.322815090417862,-25
1,1,block_2,2,Provo_ID11,4,1081799,1261614,1,applied_drift,1741872139265,-14.322815090417862,-25
1,1,block_2,2,Provo_ID11,4,1081799,1261614,1,applied_drift,1741872139307,-14.322815090417862,-25
1,1,block_2,2,Provo_ID11,4,1081799,1261614,1,applied_drift,1741872139331,-14.322815090417862,-25
1,1,block_2,2,Provo_ID11,4,1081799,1261614,1,applied_drift,1741872139390,-14.322815090417862,-25
1,1,block_2,2,Provo_ID11,4,1081799,1261614,1,applied_drift,1741872139423,-14.322815090417862,-25
1,1,block_2,2,Provo_ID11,4,1081799,1261614,1,applied_drift,1741872139501,-14.322815090417862,-25
1,1,block_2,2,Provo_ID11,4,1081799,1261614,1,applied_drift,1741872139562,-14.322815090417862,-25
1,1,block_2,2,Provo_ID11,4,1081799,1261614,1,applied_drift,1741872139624,-14.322815090417862,-25
1,1,block_2,2,Provo_ID11,4,1081799,1261614,1,applied_drift,1741872139661,-14.322815090417862,-25
1,1,block_2,2,Provo_ID11,4,1081799,1261614,1,applied_drift,1741872139713,-14.322815090417862,-25
1,1,block_2,2,Provo_ID11,4,1081799,1261614,1,applied_drift,1741872139752,-14.322815090417862,-25
1,1,block_2,2,Provo_ID11,4,1081799,1261614,1,applied_drift,1741872139808,-14.322815090417862,-25
1,1,block_2,2,Provo_ID11,4,1081799,1261614,1,applied_drift,1741872139890,-14.322815090417862,-25
1,1,block_2,2,Provo_ID11,4,1081799,1261614,1,applied_drift,1741872139951,-14.322815090417862,-25
1,1,block_2,2,Provo_ID11,4,1081799,1261614,1,applied_drift,1741872139991,-14.322815090417862,-25
1,1,block_2,2,Provo_ID11,4,1081799,1261614,1,applied_drift,1741872140035,-14.322815090417862,-25
1,1,block_2,2,Provo_ID11,4,1081799,1261614,1,applied_drift,1741872140067,-14.322815090417862,-25
1,1,block_2,2,Provo_ID11,4,1081799,1261614,1,applied_drift,1741872140117,-14.322815090417862,-25
1,1,block_2,2,Provo_ID11,4,1081799,1261614,1,applied_drift,1741872140157,-14.322815090417862,-25
1,1,block_2,2,Provo_ID11,4,1081799,1261614,1,applied_drift,1741872140203,-14.322815090417862,-25
1,1,block_2,2,Provo_ID11,4,1081799,1261614,1,applied_drift,1741872140239,-14.322815090417862,-25
1,1,block_2,2,Provo_ID11,4,1081799,1261614,1,applied_drift,1741872140276,-14.322815090417862,-25
1,1,block_2,2,Provo_ID11,4,1081799,1261614,1,applied_drift,1741872140330,-14.322815090417862,-25
1,1,block_2,2,Provo_ID11,4,1081799,1261614,1,applied_drift,1741872140373,-14.322815090417862,-25
1,1,block_2,2,Provo_ID11,4,1081799,1261614,1,applied_drift,1741872140398,-14.322815090417862,-25
1,1,block_2,2,Provo_ID11,4,1081799,1261614,1,applied_drift,1741872140437,-14.322815090417862,-25
1,1,block_2,2,Provo_ID11,4,1081799,1261614,1,applied_drift,1741872140466,-14.322815090417862,-25
1,1,block_2,2,Provo_ID11,4,1081799,1261614,1,applied_drift,1741872140522,-14.322815090417862,-25
1,1,block_2,2,Provo_ID11,4,1081799,1261614,1,applied_drift,1741872140556,-14.322815090417862,-25
1,1,block_2,2,Provo_ID11,4,1081799,1261614,1,applied_drift,1741872140605,-14.322815090417862,-25
1,1,block_2,2,Provo_ID11,4,1081799,1261614,1,applied_drift,1741872140648,-14.322815090417862,-25
1,1,block_2,2,Provo_ID11,4,1081799,1261614,1,applied_drift,1741872140705,-14.322815090417862,-25
1,1,block_2,2,Provo_ID11,4,1081799,1261614,1,applied_drift,1741872140795,-14.322815090417862,-25
1,1,block_2,2,Provo_ID11,4,1081799,1261614,1,applied_drift,1741872140854,-14.322815090417862,-25
1,1,block_2,2,Provo_ID11,4,1081799,1261614,1,applied_drift,1741872140888,-14.322815090417862,-25
1,1,block_2,2,Provo_ID11,4,1081799,1261614,1,applied_drift,1741872140935,-14.322815090417862,-25
1,1,block_2,2,Provo_ID11,4,1081799,1261614,1,applied_drift,1741872140968,-14.322815090417862,-25
1,1,block_2,2,Provo_ID11,4,1081799,1261614,1,applied_drift,1741872141040,-14.322815090417862,-25
1,1,block_2,2,Provo_ID11,4,1081799,1261614,1,applied_drift,1741872141100,-14.322815090417862,-25
1,1,block_2,2,Provo_ID11,4,1081799,1261614,1,applied_drift,1741872141141,-14.322815090417862,-25
1,1,block_2,2,Provo_ID11,4,1081799,1261614,1,applied_drift,1741872141212,-14.322815090417862,-25
1,1,block_2,2,Provo_ID11,4,1081799,1261614,1,applied_drift,1741872141255,-14.322815090417862,-25
1,1,block_2,2,Provo_ID11,4,1081799,1261614,1,applied_drift,1741872141308,-14.322815090417862,-25
1,1,block_2,2,Provo_ID11,4,1081799,1261614,1,applied_drift,1741872141368,-14.322815090417862,-25
1,1,block_2,2,Provo_ID11,4,1081799,1261614,1,applied_drift,1741872141459,-14.322815090417862,-25
1,1,block_2,2,Provo_ID11,4,1081799,1261614,1,applied_drift,1741872141514,-14.322815090417862,-25
1,1,block_2,2,Provo_ID11,4,1081799,1261614,1,applied_drift,1741872141592,-14.322815090417862,-25
1,1,block_2,2,Provo_ID11,4,1081799,1261614,1,applied_drift,1741872141646,-14.322815090417862,-25
1,1,block_2,2,Provo_ID11,4,1081799,1261614,1,applied_drift,1741872141672,-14.322815090417862,-25
1,1,block_2,2,Provo_ID11,4,1081799,1261614,1,applied_drift,1741872141755,-14.322815090417862,-25
1,1,block_2,2,Provo_ID11,4,1081799,1261614,1,applied_drift,1741872141843,-14.322815090417862,-25
1,1,block_2,2,Provo_ID11,4,1081799,1261614,1,applied_drift,1741872141930,-14.322815090417862,-25
1,1,block_2,2,Provo_ID11,4,1081799,1261614,1,applied_drift,1741872141981,-14.322815090417862,-25
1,1,block_2,2,Provo_ID11,4,1081799,1261614,1,applied_drift,1741872142038,-14.322815090417862,-25
1,1,block_2,2,Provo_ID11,4,1081799,1261614,1,applied_drift,1741872142083,-14.322815090417862,-25
1,1,block_2,2,Provo_ID11,4,1081799,1261614,1,applied_drift,1741872142110,-14.322815090417862,-25
1,1,block_2,2,Provo_ID11,4,1081799,1261614,1,applied_drift,1741872142170,-14.322815090417862,-25
1,1,block_2,2,Provo_ID11,4,1081799,1261614,1,applied_drift,1741872142211,-14.322815090417862,-25
1,1,block_2,2,Provo_ID11,4,1081799,1261614,1,applied_drift,1741872142266,-14.322815090417862,-25
1,1,block_2,2,Provo_ID11,4,1081799,1261614,1,applied_drift,1741872142315,-14.322815090417862,-25
1,1,block_2,2,Provo_ID11,4,1081799,1261614,1,applied_drift,1741872142400,-14.322815090417862,-25
1,1,block_2,2,Provo_ID11,4,1081799,1261614,1,applied_drift,1741872142460,-14.322815090417862,-25
1,1,block_2,2,Provo_ID11,4,1081799,1261614,1,applied_drift,1741872142489,-14.322815090417862,-25
1,1,block_2,2,Provo_ID11,4,1081799,1261614,1,applied_drift,1741872142545,-14.322815090417862,-25
1,1,block_2,2,Provo_ID11,4,1081799,1261614,1,applied_drift,1741872142575,-14.322815090417862,-25
1,1,block_2,2,Provo_ID11,4,1081799,1261614,1,applied_drift,1741872142630,-14.322815090417862,-25
1,1,block_2,2,Provo_ID11,4,1081799,1261614,1,applied_drift,1741872142666,-14.322815090417862,-25
1,1,block_2,2,Provo_ID11,4,1081799,1261614,1,applied_drift,1741872142708,-14.322815090417862,-25
1,1,block_2,2,Provo_ID11,4,1081799,1261614,1,applied_drift,1741872142768,-14.322815090417862,-25
1,1,block_2,2,Provo_ID11,4,1081799,1261614,1,applied_drift,1741872142838,-14.322815090417862,-25
1,1,block_2,2,Provo_ID11,4,1081799,1261614,1,error_trial,1741872078149,""
1,1,block_2,2,Provo_ID11,4,1081799,1261614,1,error_trial,1741872102231,28.69522942437066
1,1,block_2,2,Provo_ID11,4,1081799,1261614,1,error_trial_x,1741872078149,""
1,1,block_2,2,Provo_ID11,4,1081799,1261614,1,error_trial_x,1741872102231,22.56302727593316
1,1,block_2,2,Provo_ID11,4,1081799,1261614,1,error_trial_y,1741872078149,""
1,1,block_2,2,Provo_ID11,4,1081799,1261614,1,error_trial_y,1741872102231,14.746331108940971
1,1,block_2,2,Provo_ID11,4,1081799,1261614,1,error_calibration,1741872078149,""
1,1,block_2,2,Provo_ID11,4,1081799,1261614,1,error_calibration,1741872102231,25.465291341145832
1,1,block_2,2,Provo_ID11,4,1081799,1261614,1,error_calibration_x,1741872078149,""
1,1,block_2,2,Provo_ID11,4,1081799,1261614,1,error_calibration_x,1741872102231,18.51829104953342
1,1,block_2,2,Provo_ID11,4,1081799,1261614,1,error_calibration_y,1741872078149,""
1,1,block_2,2,Provo_ID11,4,1081799,1261614,1,error_calibration_y,1741872102231,15.158179601033527
1,1,block_2,2,Provo_ID11,4,1081799,1261614,1,gaze_conf,"",
